# Blender v2.93.3 OBJ File: 'molduras1.blend'
# www.blender.org
mtllib lampara reptil 9x6.mtl
o REPTIL.003_Plane.036
v 0.729736 1.697676 0.071182
v 0.729736 1.577292 0.071182
v 0.006645 0.730449 0.071182
v 0.006645 0.609728 0.071182
v 0.125790 0.730449 0.071182
v 0.125790 0.609728 0.071182
v 0.242882 0.730449 0.071182
v 0.242882 0.609728 0.071182
v 0.366136 0.730449 0.071182
v 0.366136 0.609728 0.071182
v 0.485282 0.730449 0.071182
v 0.485282 0.609728 0.071182
v 0.606482 0.730449 0.071182
v 0.606482 0.609728 0.071182
v 0.485282 0.821775 0.071182
v 0.606482 0.821775 0.071182
v 0.485282 0.971219 0.071182
v 0.606482 0.971219 0.071182
v 0.485282 1.089528 0.071182
v 0.606482 1.089528 0.071182
v 0.485282 1.218215 0.071182
v 0.606482 1.218215 0.071182
v 0.485282 1.336524 0.071182
v 0.606482 1.336524 0.071182
v 0.485282 1.456908 0.071182
v 0.606482 1.456908 0.071182
v 0.485282 1.577292 0.071182
v 0.606482 1.577292 0.071182
v 0.485282 1.697676 0.071182
v 0.606482 1.697676 0.071182
v 0.850525 1.697676 0.071182
v 0.850525 1.577292 0.071182
v 0.968849 1.697676 0.071182
v 0.968849 1.577292 0.071182
v 1.084708 1.697676 0.071182
v 1.084708 1.577292 0.071182
v 0.005617 0.864325 0.071182
v 0.000334 1.641753 0.071182
v 0.341485 1.257651 0.071182
v 1.028915 1.047881 0.071182
v 0.005617 1.509835 0.071182
v 0.241855 1.257651 0.071182
v 0.005617 0.982634 0.071182
v 1.028915 0.932512 0.071182
v 0.169985 1.424101 0.071182
v 0.123736 1.366446 0.071182
v 0.167607 1.078284 0.071182
v 0.123736 1.135709 0.071182
v 1.147033 0.806419 0.071182
v 1.087974 1.108851 0.071182
v 1.087974 0.878113 0.071182
v 0.089584 1.515255 0.071182
v 0.064677 1.438141 0.071182
v 0.248008 1.344479 0.071182
v 0.182795 1.312048 0.071182
v 0.250385 1.167967 0.071182
v 0.182795 1.196680 0.071182
v 0.089584 0.971304 0.071182
v 0.064677 1.059171 0.071182
v 1.041725 0.820458 0.071182
v 0.969855 0.986909 0.071182
v 0.030534 1.337903 0.071182
v 0.029544 1.194766 0.071182
v 0.004856 1.180895 0.071182
v 0.045368 1.266335 0.071182
v 1.147033 1.185389 0.071182
v 1.181461 0.906657 0.071182
v 1.182452 1.049794 0.071182
v 1.166342 0.978225 0.071182
v 0.003095 0.046626 0.117808
v 0.122241 0.174521 0.071182
v 0.122241 0.046626 0.117808
v 0.239332 0.174521 0.071182
v 0.239333 0.046626 0.117808
v 0.362586 0.174521 0.071182
v 0.362587 0.046626 0.117808
v 0.481732 0.174521 0.071182
v 0.481733 0.046626 0.117808
v 0.602965 0.174521 0.071182
v 0.602966 0.046626 0.117808
v 0.000335 2.204257 0.117807
v 0.000334 2.076363 0.071182
v 0.119480 2.204257 0.117807
v 0.119480 2.076363 0.071182
v 0.236572 2.204257 0.117807
v 0.236571 2.076363 0.071182
v 0.359826 2.204257 0.117807
v 0.359825 2.076363 0.071182
v 0.478971 2.204257 0.117807
v 0.478971 2.076363 0.071182
v 0.600560 2.204257 0.117807
v 0.600559 2.076363 0.071182
v 0.720094 2.204257 0.117807
v 0.720093 2.076363 0.071182
v 0.837185 2.204257 0.117807
v 0.837185 2.076363 0.071182
v 0.960440 2.204257 0.117807
v 0.960439 2.076363 0.071182
v 1.079585 2.204257 0.117807
v 1.079585 2.076363 0.071182
v 0.722145 0.174521 0.071182
v 0.722145 0.046626 0.117808
v 0.839236 0.174521 0.071182
v 0.839236 0.046626 0.117808
v 0.962490 0.174521 0.071182
v 0.962490 0.046626 0.117808
v 1.081636 0.174521 0.071182
v 1.081636 0.046626 0.117808
v 0.188055 0.522322 0.071182
v 0.291480 0.344791 0.071182
v 0.311732 0.407011 0.071182
v 0.245072 0.534334 0.071182
v 0.151010 0.473556 0.071182
v 0.224153 0.358004 0.071182
v 0.297187 0.471153 0.071182
v 0.175216 0.405570 0.071182
v 0.004155 0.494540 0.071182
v 0.004155 0.288582 0.071182
v 0.054409 0.330525 0.071182
v 0.060851 0.472835 0.071182
v 0.074591 0.395991 0.071182
v 0.917407 1.946352 0.071182
v 1.035596 1.778492 0.071182
v 1.048916 1.842109 0.071182
v 0.973143 1.963282 0.071182
v 0.884704 1.894543 0.071182
v 0.968938 1.785925 0.071182
v 1.030499 1.904881 0.071182
v 0.914579 1.828916 0.071182
v 1.151662 1.998339 0.071182
v 1.162060 1.840014 0.071182
v 1.134451 1.916857 0.071182
v 0.606482 0.896496 0.071182
v 0.485282 0.896496 0.071182
v 1.169262 1.014010 0.071182
v 1.168766 0.942441 0.071182
v 0.870225 0.986909 0.071182
v 0.961325 1.076593 0.071182
v 1.044103 1.166276 0.071182
v 1.122126 0.729305 0.071182
v 0.963702 0.900080 0.071182
v 1.122126 1.273255 0.071182
v 0.003095 0.174521 0.071182
v 0.275583 0.502184 0.071182
v 0.159334 0.438961 0.071182
v 0.197328 0.381787 0.071182
v 0.306815 0.439082 0.071182
v 0.070693 0.434413 0.071182
v 0.067472 0.363258 0.071182
v 0.938637 1.807148 0.071182
v 1.042829 1.873768 0.071182
v 1.005892 1.934437 0.071182
v 0.895571 1.861374 0.071182
v 1.135627 1.957598 0.071182
v 1.141321 1.878436 0.071182
v 0.042944 1.302119 0.071182
v 0.042449 1.230550 0.071182
v 0.005352 1.351274 0.071182
v 0.003095 0.046626 0.024555
v 0.122241 0.046626 0.024555
v 0.239333 0.046626 0.024555
v 0.362587 0.046626 0.024555
v 0.481733 0.046626 0.024555
v 0.602966 0.046626 0.024555
v 0.722145 0.046626 0.024555
v 0.839236 0.046626 0.024555
v 0.962490 0.046626 0.024555
v 1.081636 0.046626 0.024555
v 0.000335 2.204257 0.024555
v 0.119480 2.204257 0.024555
v 0.236572 2.204257 0.024555
v 0.359826 2.204257 0.024555
v 0.478971 2.204257 0.024555
v 0.600560 2.204257 0.024555
v 0.720094 2.204257 0.024555
v 0.837185 2.204257 0.024555
v 0.960440 2.204257 0.024555
v 1.079585 2.204257 0.024555
v 0.729736 1.680690 0.105466
v 0.591119 1.680690 0.105466
v 0.591119 1.594279 0.105466
v 0.729736 1.594279 0.105466
v 0.006645 0.623325 0.105466
v 0.006645 0.716852 0.105466
v 0.125790 0.623325 0.105466
v 0.125790 0.716852 0.105466
v 0.242882 0.623325 0.105466
v 0.242882 0.716852 0.105466
v 0.366136 0.623325 0.105466
v 0.366136 0.716852 0.105466
v 0.500644 0.623325 0.105466
v 0.500644 0.716852 0.105466
v 0.591119 0.623325 0.105466
v 0.591119 0.716852 0.105466
v 0.591119 0.821775 0.105466
v 0.500644 0.821775 0.105466
v 0.591119 0.971219 0.105466
v 0.500644 0.971219 0.105466
v 0.591119 0.896496 0.105466
v 0.500644 0.896496 0.105466
v 0.591119 1.089528 0.105466
v 0.500644 1.089528 0.105466
v 0.591119 1.218215 0.105466
v 0.500644 1.218215 0.105466
v 0.591119 1.336524 0.105466
v 0.500644 1.336524 0.105466
v 0.591119 1.456908 0.105466
v 0.500644 1.456908 0.105466
v 0.500644 1.594279 0.105466
v 0.500644 1.680690 0.105466
v 0.850525 1.594279 0.105466
v 0.850525 1.680690 0.105466
v 0.968849 1.594279 0.105466
v 0.968849 1.680690 0.105466
v 1.084708 1.594279 0.105466
v 1.084708 1.680690 0.105466
v 1.182543 0.916269 0.093871
v 0.242031 1.339719 0.105466
v 0.330733 1.257327 0.105466
v 0.091701 0.985608 0.105466
v 0.012023 0.884093 0.105466
v 0.180150 1.308945 0.105466
v 0.236192 1.257327 0.105466
v 0.068065 1.068985 0.105466
v 0.012023 0.961097 0.105466
v 1.171979 1.009229 0.093871
v 1.183401 1.040216 0.093871
v 0.007009 1.621808 0.105466
v 0.012023 1.531889 0.105466
v 1.087357 1.099609 0.105466
v 1.141689 1.170021 0.105466
v 0.091701 1.501771 0.105466
v 0.167994 1.415274 0.105466
v 0.068065 1.428596 0.105466
v 0.124108 1.360564 0.105466
v 0.978692 0.987427 0.105466
v 1.033024 1.043519 0.105466
v 0.244287 1.172225 0.105466
v 0.165738 1.087122 0.105466
v 0.180150 1.199470 0.105466
v 0.124108 1.141613 0.105466
v 1.087357 0.887339 0.105466
v 1.033024 0.937383 0.105466
v 1.141689 0.821383 0.105466
v 1.044809 0.834299 0.105466
v 0.039783 1.235116 0.093871
v 0.028531 1.203914 0.093871
v 0.007005 1.191820 0.093871
v 0.007113 1.228961 0.093871
v 0.040215 1.297520 0.093871
v 0.042329 1.266319 0.093871
v 0.007329 1.303240 0.093871
v 0.007221 1.266100 0.093871
v 1.171550 0.947256 0.093871
v 1.169451 0.978242 0.093871
v 0.122241 0.100410 0.093871
v 0.122241 0.167364 0.093871
v 0.003095 0.100410 0.093871
v 0.239332 0.100410 0.093871
v 0.239332 0.167364 0.093871
v 0.362586 0.100410 0.093871
v 0.362586 0.167364 0.093871
v 0.481732 0.100410 0.093871
v 0.481732 0.167364 0.093871
v 0.602965 0.167364 0.093871
v 0.602965 0.100410 0.093871
v 0.000334 2.088921 0.105466
v 0.000334 2.145072 0.105466
v 0.119480 2.088921 0.105466
v 0.119480 2.145072 0.105466
v 0.236571 2.088921 0.105466
v 0.236571 2.145072 0.105466
v 0.359825 2.088921 0.105466
v 0.359825 2.145072 0.105466
v 0.478971 2.088921 0.105466
v 0.478971 2.145072 0.105466
v 0.600559 2.145072 0.105466
v 0.600559 2.088921 0.105466
v 0.720093 2.088921 0.105466
v 0.720093 2.145072 0.105466
v 0.837185 2.088921 0.105466
v 0.837185 2.145072 0.105466
v 0.960439 2.088921 0.105466
v 0.960439 2.145072 0.105466
v 1.079585 2.088921 0.105466
v 1.079585 2.145072 0.105466
v 0.722145 0.100410 0.093871
v 0.722145 0.167364 0.093871
v 0.839236 0.100410 0.093871
v 0.839236 0.167364 0.093871
v 0.962490 0.100410 0.093871
v 0.962490 0.167364 0.093871
v 1.081636 0.100410 0.093871
v 1.081636 0.167364 0.093871
v 0.261834 0.394996 0.105466
v 0.282915 0.359293 0.105466
v 0.300017 0.411833 0.105466
v 0.269491 0.492202 0.105466
v 0.243726 0.519351 0.105466
v 0.195578 0.509207 0.105466
v 0.164296 0.468027 0.105466
v 0.203409 0.390533 0.105466
v 0.226061 0.370450 0.105466
v 0.218566 0.469259 0.105466
v 0.240753 0.430700 0.105466
v 0.295865 0.438916 0.105466
v 0.287734 0.465998 0.105466
v 0.171326 0.438814 0.105466
v 0.184737 0.410616 0.105466
v 0.006559 0.342241 0.105466
v 0.006559 0.296877 0.105466
v 0.052880 0.335537 0.105466
v 0.067890 0.431295 0.105466
v 0.071483 0.395880 0.105466
v 0.006559 0.486717 0.105466
v 0.058819 0.466710 0.105466
v 0.006559 0.437160 0.105466
v 0.006559 0.387605 0.105466
v 0.064921 0.365709 0.105466
v 1.003029 1.824172 0.105466
v 1.028126 1.788969 0.105466
v 1.039863 1.845030 0.105466
v 1.001950 1.926392 0.105466
v 1.023633 1.900345 0.105466
v 0.895155 1.891236 0.105466
v 0.923974 1.936891 0.105466
v 0.973091 1.951810 0.105466
v 0.942683 1.814221 0.105466
v 0.921482 1.833403 0.105466
v 0.950953 1.898134 0.105466
v 0.977932 1.859375 0.105466
v 0.969385 1.795519 0.105466
v 1.034499 1.872928 0.105466
v 0.904731 1.862006 0.105466
v 1.154980 1.986835 0.105466
v 1.146096 1.883822 0.105466
v 1.140194 1.916831 0.105466
v 1.163914 1.850812 0.105466
v 1.141203 1.951833 0.105466
v 0.970844 1.069932 0.105466
v 0.887036 0.987427 0.105466
v 1.118775 1.250854 0.105466
v 1.046997 1.152438 0.105466
v 0.973032 0.907548 0.105466
v 1.118775 0.750441 0.105466
v 0.003095 0.167364 0.093871
v 0.029395 1.328722 0.093871
v 0.007437 1.340381 0.093871
v 1.681071 1.697676 0.071181
v 1.681071 1.577292 0.071181
v 2.285017 0.730449 0.071181
v 2.285017 0.609728 0.071181
v 2.167925 0.730449 0.071181
v 2.167925 0.609728 0.071181
v 2.044671 0.730449 0.071181
v 2.044671 0.609728 0.071181
v 1.925525 0.730449 0.071181
v 1.925525 0.609728 0.071181
v 1.804326 0.730449 0.071181
v 1.804326 0.609728 0.071181
v 1.925525 0.821775 0.071181
v 1.804326 0.821775 0.071181
v 1.925525 0.971219 0.071181
v 1.804326 0.971219 0.071181
v 1.925525 1.089528 0.071181
v 1.804326 1.089528 0.071181
v 1.925525 1.218215 0.071181
v 1.804326 1.218215 0.071181
v 1.925525 1.336524 0.071181
v 1.804326 1.336524 0.071181
v 1.925525 1.456908 0.071181
v 1.804326 1.456908 0.071181
v 1.925525 1.577292 0.071181
v 1.804326 1.577292 0.071181
v 1.925525 1.697676 0.071181
v 1.804326 1.697676 0.071181
v 1.560282 1.697676 0.071181
v 1.560282 1.577292 0.071181
v 1.441958 1.697676 0.071181
v 1.441958 1.577292 0.071181
v 1.326099 1.697676 0.071181
v 1.326099 1.577292 0.071181
v 1.205404 1.697676 0.071182
v 1.205404 1.577292 0.071182
v 2.069322 1.257651 0.071181
v 1.381892 1.047881 0.071181
v 2.168952 1.257651 0.071181
v 1.381892 0.932512 0.071181
v 2.240822 1.424101 0.071181
v 2.287071 1.366446 0.071181
v 2.243200 1.078284 0.071181
v 2.287071 1.135709 0.071181
v 1.263774 0.806419 0.071182
v 1.322833 1.108851 0.071181
v 1.322833 0.878113 0.071181
v 2.321223 1.515255 0.071181
v 2.346130 1.438141 0.071181
v 2.162799 1.344479 0.071181
v 2.228011 1.312048 0.071181
v 2.160422 1.167967 0.071181
v 2.228011 1.196680 0.071181
v 2.321223 0.971304 0.071181
v 2.346130 1.059171 0.071181
v 1.369082 0.820458 0.071181
v 1.205404 1.261926 0.071182
v 1.440951 0.986909 0.071181
v 1.205404 0.734725 0.071182
v 2.380273 1.337903 0.071181
v 2.381263 1.194766 0.071181
v 2.365439 1.266335 0.071181
v 1.205404 1.380235 0.071182
v 1.263774 1.185389 0.071182
v 1.229346 0.906657 0.071182
v 1.228355 1.049794 0.071182
v 1.205404 0.893286 0.071182
v 1.244465 0.978225 0.071182
v 2.288567 0.174521 0.071181
v 2.288567 0.046626 0.117808
v 2.171475 0.174521 0.071181
v 2.171476 0.046626 0.117808
v 2.048221 0.174521 0.071181
v 2.048221 0.046626 0.117808
v 1.929075 0.174521 0.071181
v 1.929076 0.046626 0.117808
v 1.807842 0.174521 0.071181
v 1.807842 0.046626 0.117808
v 2.291328 2.204257 0.117807
v 2.291327 2.076363 0.071181
v 2.174236 2.204257 0.117807
v 2.174236 2.076363 0.071181
v 2.050982 2.204257 0.117807
v 2.050982 2.076363 0.071181
v 1.931836 2.204257 0.117807
v 1.931836 2.076363 0.071181
v 1.810248 2.204257 0.117807
v 1.810248 2.076363 0.071181
v 1.690714 2.204257 0.117807
v 1.690714 2.076363 0.071181
v 1.573622 2.204257 0.117807
v 1.573622 2.076363 0.071181
v 1.450369 2.204257 0.117807
v 1.450368 2.076363 0.071181
v 1.331223 2.204257 0.117807
v 1.331222 2.076363 0.071181
v 1.205404 2.204257 0.117807
v 1.205404 2.076363 0.071182
v 1.688663 0.174521 0.071181
v 1.688663 0.046626 0.117808
v 1.571571 0.174521 0.071181
v 1.571572 0.046626 0.117808
v 1.448317 0.174521 0.071181
v 1.448318 0.046626 0.117808
v 1.329171 0.174521 0.071181
v 1.329172 0.046626 0.117808
v 1.205404 0.174521 0.071182
v 1.205404 0.046626 0.117808
v 2.222752 0.522322 0.071181
v 2.119327 0.344791 0.071181
v 2.099075 0.407011 0.071181
v 2.165735 0.534334 0.071181
v 2.259797 0.473556 0.071181
v 2.186654 0.358004 0.071181
v 2.113621 0.471153 0.071181
v 2.235591 0.405570 0.071181
v 2.356399 0.330525 0.071181
v 2.349956 0.472835 0.071181
v 2.336216 0.395991 0.071181
v 1.493400 1.946352 0.071181
v 1.375211 1.778492 0.071181
v 1.361891 1.842109 0.071181
v 1.437664 1.963282 0.071181
v 1.526103 1.894543 0.071181
v 1.441868 1.785925 0.071181
v 1.380309 1.904881 0.071181
v 1.496228 1.828916 0.071181
v 1.205404 1.810300 0.071182
v 1.205404 2.016259 0.071182
v 1.259145 1.998339 0.071182
v 1.248746 1.840014 0.071182
v 1.276356 1.916857 0.071181
v 1.205404 1.063665 0.071182
v 1.804326 0.896496 0.071181
v 1.925525 0.896496 0.071181
v 1.241546 1.014010 0.071182
v 1.242041 0.942441 0.071182
v 1.205404 0.605000 0.071182
v 1.540582 0.986909 0.071181
v 1.449482 1.076593 0.071181
v 1.366704 1.166276 0.071181
v 1.288681 0.729305 0.071181
v 1.447105 0.900080 0.071181
v 1.288681 1.273255 0.071181
v 2.135224 0.502184 0.071181
v 2.251472 0.438961 0.071181
v 2.213480 0.381787 0.071181
v 2.103992 0.439082 0.071181
v 2.340114 0.434413 0.071181
v 2.343335 0.363258 0.071181
v 1.472170 1.807148 0.071181
v 1.367979 1.873768 0.071181
v 1.404915 1.934437 0.071181
v 1.515237 1.861374 0.071181
v 1.275180 1.957598 0.071181
v 1.269485 1.878436 0.071181
v 2.367863 1.302119 0.071181
v 2.368358 1.230550 0.071181
v 2.288567 0.046626 0.024555
v 2.171476 0.046626 0.024555
v 2.048221 0.046626 0.024555
v 1.929076 0.046626 0.024555
v 1.807842 0.046626 0.024555
v 1.688663 0.046626 0.024555
v 1.571572 0.046626 0.024555
v 1.448318 0.046626 0.024555
v 1.329172 0.046626 0.024555
v 1.205404 0.046626 0.024555
v 2.291328 2.204257 0.024555
v 2.174236 2.204257 0.024555
v 2.050982 2.204257 0.024555
v 1.931836 2.204257 0.024555
v 1.810248 2.204257 0.024555
v 1.690714 2.204257 0.024555
v 1.573622 2.204257 0.024555
v 1.450369 2.204257 0.024555
v 1.331223 2.204257 0.024555
v 1.205404 2.204257 0.024555
v 1.681071 1.680690 0.105466
v 1.819688 1.680690 0.105466
v 1.819688 1.594279 0.105466
v 1.681071 1.594279 0.105466
v 2.285017 0.623325 0.105466
v 2.285017 0.716852 0.105466
v 2.167925 0.623325 0.105466
v 2.167925 0.716852 0.105466
v 2.044671 0.623325 0.105466
v 2.044671 0.716852 0.105466
v 1.910163 0.623325 0.105466
v 1.910163 0.716852 0.105466
v 1.819688 0.623325 0.105466
v 1.819688 0.716852 0.105466
v 1.819688 0.821775 0.105466
v 1.910163 0.821775 0.105466
v 1.819688 0.971219 0.105466
v 1.910163 0.971219 0.105466
v 1.819688 0.896496 0.105466
v 1.910163 0.896496 0.105466
v 1.819688 1.089528 0.105466
v 1.910163 1.089528 0.105466
v 1.819688 1.218215 0.105466
v 1.910163 1.218215 0.105466
v 1.819688 1.336524 0.105466
v 1.910163 1.336524 0.105466
v 1.819688 1.456908 0.105466
v 1.910163 1.456908 0.105466
v 1.910163 1.594279 0.105466
v 1.910163 1.680690 0.105466
v 1.560282 1.594279 0.105466
v 1.560282 1.680690 0.105466
v 1.441958 1.594279 0.105466
v 1.441958 1.680690 0.105466
v 1.326099 1.594279 0.105466
v 1.326099 1.680690 0.105466
v 1.205404 1.594279 0.105466
v 1.205404 1.680690 0.105466
v 1.205404 0.904691 0.093871
v 1.228264 0.916269 0.093871
v 2.168776 1.339719 0.105466
v 2.080074 1.257327 0.105466
v 2.319107 0.985608 0.105466
v 2.230657 1.308945 0.105466
v 2.174615 1.257327 0.105466
v 2.342742 1.068985 0.105466
v 1.238828 1.009229 0.093871
v 1.227406 1.040216 0.093871
v 1.323450 1.099609 0.105466
v 1.269118 1.170021 0.105466
v 2.319107 1.501771 0.105466
v 2.242813 1.415274 0.105466
v 2.342742 1.428596 0.105466
v 2.286700 1.360564 0.105466
v 1.432115 0.987427 0.105466
v 1.377783 1.043519 0.105466
v 2.166520 1.172225 0.105466
v 2.245069 1.087122 0.105466
v 2.230657 1.199470 0.105466
v 2.286700 1.141613 0.105466
v 1.323450 0.887339 0.105466
v 1.377783 0.937383 0.105466
v 1.205404 0.729790 0.105466
v 1.269118 0.821383 0.105466
v 1.365998 0.834299 0.105466
v 1.205404 1.266069 0.105466
v 1.205404 1.349271 0.105466
v 2.371023 1.235116 0.093871
v 2.382276 1.203914 0.093871
v 2.370592 1.297520 0.093871
v 2.368478 1.266319 0.093871
v 1.239257 0.947256 0.093871
v 1.241356 0.978242 0.093871
v 1.205404 0.941575 0.093871
v 1.205404 0.978459 0.093871
v 2.288567 0.100410 0.093871
v 2.288567 0.167364 0.093871
v 2.171475 0.100410 0.093871
v 2.171475 0.167364 0.093871
v 2.048221 0.100410 0.093871
v 2.048221 0.167364 0.093871
v 1.929075 0.100410 0.093871
v 1.929075 0.167364 0.093871
v 1.807842 0.167364 0.093871
v 1.807842 0.100410 0.093871
v 2.291327 2.088921 0.105466
v 2.291327 2.145072 0.105466
v 2.174236 2.088921 0.105466
v 2.174236 2.145072 0.105466
v 2.050982 2.088921 0.105466
v 2.050982 2.145072 0.105466
v 1.931836 2.088921 0.105466
v 1.931836 2.145072 0.105466
v 1.810248 2.145072 0.105466
v 1.810248 2.088921 0.105466
v 1.690714 2.088921 0.105466
v 1.690714 2.145072 0.105466
v 1.573622 2.088921 0.105466
v 1.573622 2.145072 0.105466
v 1.450368 2.088921 0.105466
v 1.450368 2.145072 0.105466
v 1.331222 2.088921 0.105466
v 1.331222 2.145072 0.105466
v 1.205404 2.145072 0.105466
v 1.205404 2.088921 0.105466
v 1.688663 0.100410 0.093871
v 1.688663 0.167364 0.093871
v 1.571571 0.100410 0.093871
v 1.571571 0.167364 0.093871
v 1.448317 0.100410 0.093871
v 1.448317 0.167364 0.093871
v 1.329171 0.100410 0.093871
v 1.329171 0.167364 0.093871
v 1.205404 0.167364 0.093871
v 1.205404 0.100410 0.093871
v 2.148973 0.394996 0.105466
v 2.127892 0.359293 0.105466
v 2.110790 0.411833 0.105466
v 2.141316 0.492202 0.105466
v 2.167081 0.519351 0.105466
v 2.215229 0.509207 0.105466
v 2.246511 0.468027 0.105466
v 2.207398 0.390533 0.105466
v 2.184746 0.370450 0.105466
v 2.192242 0.469259 0.105466
v 2.170054 0.430700 0.105466
v 2.114942 0.438916 0.105466
v 2.123073 0.465998 0.105466
v 2.239481 0.438814 0.105466
v 2.226070 0.410616 0.105466
v 2.357927 0.335537 0.105466
v 2.342917 0.431295 0.105466
v 2.339324 0.395880 0.105466
v 2.351989 0.466710 0.105466
v 2.345886 0.365709 0.105466
v 1.407778 1.824172 0.105466
v 1.382681 1.788969 0.105466
v 1.370943 1.845030 0.105466
v 1.408858 1.926392 0.105466
v 1.387174 1.900345 0.105466
v 1.515651 1.891236 0.105466
v 1.486833 1.936891 0.105466
v 1.437716 1.951810 0.105466
v 1.468124 1.814221 0.105466
v 1.489325 1.833403 0.105466
v 1.459854 1.898134 0.105466
v 1.432875 1.859375 0.105466
v 1.441422 1.795519 0.105466
v 1.376308 1.872928 0.105466
v 1.506075 1.862006 0.105466
v 1.205404 1.959948 0.105466
v 1.205404 1.917665 0.105466
v 1.255827 1.986835 0.105466
v 1.205404 2.002230 0.105466
v 1.264711 1.883822 0.105466
v 1.270613 1.916831 0.105466
v 1.205404 1.825285 0.105466
v 1.246894 1.850812 0.105466
v 1.205404 1.871475 0.105466
v 1.269603 1.951833 0.105466
v 1.205404 1.052227 0.093871
v 1.205404 1.015343 0.093871
v 1.439963 1.069932 0.105466
v 1.523771 0.987427 0.105466
v 1.292032 1.250854 0.105466
v 1.363810 1.152438 0.105466
v 1.437776 0.907548 0.105466
v 1.292032 0.750441 0.105466
v 1.205404 0.636086 0.105466
v 2.381412 1.328722 0.093871
v 4.072949 1.697676 0.071181
v 4.072949 1.577292 0.071181
v 4.676895 0.730449 0.071181
v 4.676895 0.609728 0.071181
v 4.559803 0.730449 0.071181
v 4.559803 0.609728 0.071181
v 4.436550 0.730449 0.071181
v 4.436550 0.609728 0.071181
v 4.317404 0.730449 0.071181
v 4.317404 0.609728 0.071181
v 4.196204 0.730449 0.071181
v 4.196204 0.609728 0.071181
v 4.317404 0.821775 0.071181
v 4.196204 0.821775 0.071181
v 4.317404 0.971219 0.071181
v 4.196204 0.971219 0.071181
v 4.317404 1.089528 0.071181
v 4.196204 1.089528 0.071181
v 4.317404 1.218215 0.071181
v 4.196204 1.218215 0.071181
v 4.317404 1.336524 0.071181
v 4.196204 1.336524 0.071181
v 4.317404 1.456908 0.071181
v 4.196204 1.456908 0.071181
v 4.317404 1.577292 0.071181
v 4.196204 1.577292 0.071181
v 4.317404 1.697676 0.071181
v 4.196204 1.697676 0.071181
v 3.952161 1.697676 0.071181
v 3.952161 1.577292 0.071181
v 3.833836 1.697676 0.071181
v 3.833836 1.577292 0.071181
v 3.717977 1.697676 0.071181
v 3.717977 1.577292 0.071181
v 4.461200 1.257651 0.071181
v 3.773771 1.047881 0.071181
v 4.560831 1.257651 0.071181
v 3.773771 0.932512 0.071181
v 4.632700 1.424101 0.071181
v 4.678949 1.366446 0.071181
v 4.635078 1.078284 0.071181
v 4.678949 1.135709 0.071181
v 3.655652 0.806419 0.071181
v 3.714711 1.108851 0.071181
v 3.714711 0.878113 0.071181
v 4.713101 1.515255 0.071181
v 4.738008 1.438141 0.071181
v 4.554678 1.344479 0.071181
v 4.619890 1.312048 0.071181
v 4.552300 1.167967 0.071181
v 4.619890 1.196680 0.071181
v 4.713101 0.971304 0.071181
v 4.738008 1.059171 0.071181
v 3.760960 0.820458 0.071181
v 3.832830 0.986909 0.071181
v 4.772151 1.337903 0.071181
v 4.773142 1.194766 0.071181
v 4.757318 1.266335 0.071181
v 4.797581 1.266084 0.071181
v 3.655652 1.185389 0.071181
v 3.621224 0.906657 0.071181
v 3.620234 1.049794 0.071181
v 3.636343 0.978225 0.071181
v 4.680445 0.174521 0.071181
v 4.680445 0.046626 0.117808
v 4.563353 0.174521 0.071181
v 4.563353 0.046626 0.117808
v 4.440100 0.174521 0.071181
v 4.440100 0.046626 0.117808
v 4.320954 0.174521 0.071181
v 4.320954 0.046626 0.117808
v 4.199720 0.174521 0.071181
v 4.199720 0.046626 0.117808
v 4.683206 2.204257 0.117807
v 4.683206 2.076363 0.071181
v 4.566114 2.204257 0.117807
v 4.566114 2.076363 0.071181
v 4.442861 2.204257 0.117807
v 4.442860 2.076363 0.071181
v 4.323715 2.204257 0.117807
v 4.323715 2.076363 0.071181
v 4.202126 2.204257 0.117807
v 4.202126 2.076363 0.071181
v 4.082592 2.204257 0.117807
v 4.082592 2.076363 0.071181
v 3.965501 2.204257 0.117807
v 3.965501 2.076363 0.071181
v 3.842247 2.204257 0.117807
v 3.842247 2.076363 0.071181
v 3.723101 2.204257 0.117807
v 3.723101 2.076363 0.071181
v 4.080541 0.174521 0.071181
v 4.080541 0.046626 0.117808
v 3.963450 0.174521 0.071181
v 3.963450 0.046626 0.117808
v 3.840196 0.174521 0.071181
v 3.840196 0.046626 0.117808
v 3.721050 0.174521 0.071181
v 3.721050 0.046626 0.117808
v 4.614631 0.522322 0.071181
v 4.511205 0.344791 0.071181
v 4.490953 0.407011 0.071181
v 4.557613 0.534334 0.071181
v 4.651676 0.473556 0.071181
v 4.578533 0.358004 0.071181
v 4.505499 0.471153 0.071181
v 4.627470 0.405570 0.071181
v 4.748277 0.330525 0.071181
v 4.741834 0.472835 0.071181
v 4.798531 0.387013 0.071181
v 4.728094 0.395991 0.071181
v 3.885279 1.946352 0.071181
v 3.767089 1.778492 0.071181
v 3.753769 1.842109 0.071181
v 3.829542 1.963282 0.071181
v 3.917981 1.894543 0.071181
v 3.833747 1.785925 0.071181
v 3.772187 1.904881 0.071181
v 3.888107 1.828916 0.071181
v 3.651023 1.998339 0.071181
v 3.640625 1.840014 0.071181
v 3.668234 1.916857 0.071181
v 4.196204 0.896496 0.071181
v 4.317404 0.896496 0.071181
v 3.633424 1.014010 0.071181
v 3.633919 0.942441 0.071181
v 3.932461 0.986909 0.071181
v 3.841361 1.076593 0.071181
v 3.758583 1.166276 0.071181
v 3.680560 0.729305 0.071181
v 3.838983 0.900080 0.071181
v 3.680560 1.273255 0.071181
v 4.527102 0.502184 0.071181
v 4.643351 0.438961 0.071181
v 4.605358 0.381787 0.071181
v 4.495870 0.439082 0.071181
v 4.731993 0.434413 0.071181
v 4.735214 0.363258 0.071181
v 3.864048 1.807148 0.071181
v 3.759857 1.873768 0.071181
v 3.796794 1.934437 0.071181
v 3.907115 1.861374 0.071181
v 3.667058 1.957598 0.071181
v 3.661364 1.878436 0.071181
v 4.759741 1.302119 0.071181
v 4.760237 1.230550 0.071181
v 4.680445 0.046626 0.024555
v 4.563353 0.046626 0.024555
v 4.440100 0.046626 0.024555
v 4.320954 0.046626 0.024555
v 4.199720 0.046626 0.024555
v 4.080541 0.046626 0.024555
v 3.963450 0.046626 0.024555
v 3.840196 0.046626 0.024555
v 3.721050 0.046626 0.024555
v 4.683206 2.204257 0.024555
v 4.566114 2.204257 0.024555
v 4.442861 2.204257 0.024555
v 4.323715 2.204257 0.024555
v 4.202126 2.204257 0.024555
v 4.082592 2.204257 0.024555
v 3.965501 2.204257 0.024555
v 3.842247 2.204257 0.024555
v 3.723101 2.204257 0.024555
v 4.072949 1.680690 0.105466
v 4.211566 1.680690 0.105466
v 4.211566 1.594279 0.105466
v 4.072949 1.594279 0.105466
v 4.676895 0.623325 0.105466
v 4.676895 0.716852 0.105466
v 4.559803 0.623325 0.105466
v 4.559803 0.716852 0.105466
v 4.436550 0.623325 0.105466
v 4.436550 0.716852 0.105466
v 4.302042 0.623325 0.105466
v 4.302042 0.716852 0.105466
v 4.211566 0.623325 0.105466
v 4.211566 0.716852 0.105466
v 4.211566 0.821775 0.105466
v 4.302042 0.821775 0.105466
v 4.211566 0.971219 0.105466
v 4.302042 0.971219 0.105466
v 4.211566 0.896496 0.105466
v 4.302042 0.896496 0.105466
v 4.211566 1.089528 0.105466
v 4.302042 1.089528 0.105466
v 4.211566 1.218215 0.105466
v 4.302042 1.218215 0.105466
v 4.211566 1.336524 0.105466
v 4.302042 1.336524 0.105466
v 4.211566 1.456908 0.105466
v 4.302042 1.456908 0.105466
v 4.302042 1.594279 0.105466
v 4.302042 1.680690 0.105466
v 3.952161 1.594279 0.105466
v 3.952161 1.680690 0.105466
v 3.833836 1.594279 0.105466
v 3.833836 1.680690 0.105466
v 3.717977 1.594279 0.105466
v 3.717977 1.680690 0.105466
v 3.620142 0.916269 0.093871
v 4.560655 1.339719 0.105466
v 4.471952 1.257327 0.105466
v 4.710985 0.985608 0.105466
v 4.622536 1.308945 0.105466
v 4.566494 1.257327 0.105466
v 4.734621 1.068985 0.105466
v 3.630707 1.009229 0.093871
v 3.619285 1.040216 0.093871
v 3.715329 1.099609 0.105466
v 3.660997 1.170021 0.105466
v 4.710985 1.501771 0.105466
v 4.634692 1.415274 0.105466
v 4.734621 1.428596 0.105466
v 4.678578 1.360564 0.105466
v 3.823993 0.987427 0.105466
v 3.769661 1.043519 0.105466
v 4.558398 1.172225 0.105466
v 4.636948 1.087122 0.105466
v 4.622536 1.199470 0.105466
v 4.678578 1.141613 0.105466
v 3.715329 0.887339 0.105466
v 3.769661 0.937383 0.105466
v 3.660997 0.821383 0.105466
v 3.757876 0.834299 0.105466
v 4.762902 1.235116 0.093870
v 4.774154 1.203914 0.093870
v 4.762470 1.297520 0.093870
v 4.760357 1.266319 0.093870
v 3.631135 0.947256 0.093871
v 3.633234 0.978242 0.093871
v 4.680445 0.100410 0.093870
v 4.680445 0.167364 0.093870
v 4.563353 0.100410 0.093871
v 4.563353 0.167364 0.093871
v 4.440100 0.100410 0.093871
v 4.440100 0.167364 0.093871
v 4.320954 0.100410 0.093871
v 4.320954 0.167364 0.093871
v 4.199720 0.167364 0.093871
v 4.199720 0.100410 0.093871
v 4.683206 2.088921 0.105466
v 4.683206 2.145072 0.105466
v 4.566114 2.088921 0.105466
v 4.566114 2.145072 0.105466
v 4.442860 2.088921 0.105466
v 4.442860 2.145072 0.105466
v 4.323715 2.088921 0.105466
v 4.323715 2.145072 0.105466
v 4.202126 2.145072 0.105466
v 4.202126 2.088921 0.105466
v 4.082592 2.088921 0.105466
v 4.082592 2.145072 0.105466
v 3.965501 2.088921 0.105466
v 3.965501 2.145072 0.105466
v 3.842247 2.088921 0.105466
v 3.842247 2.145072 0.105466
v 3.723101 2.088921 0.105466
v 3.723101 2.145072 0.105466
v 4.080541 0.100410 0.093871
v 4.080541 0.167364 0.093871
v 3.963450 0.100410 0.093871
v 3.963450 0.167364 0.093871
v 3.840196 0.100410 0.093871
v 3.840196 0.167364 0.093871
v 3.721050 0.100410 0.093871
v 3.721050 0.167364 0.093871
v 4.540852 0.394996 0.105466
v 4.519770 0.359293 0.105466
v 4.502669 0.411833 0.105466
v 4.533195 0.492202 0.105466
v 4.558959 0.519351 0.105466
v 4.607107 0.509207 0.105466
v 4.638389 0.468027 0.105466
v 4.599277 0.390533 0.105466
v 4.576625 0.370450 0.105466
v 4.584120 0.469259 0.105466
v 4.561933 0.430700 0.105466
v 4.506820 0.438916 0.105466
v 4.514952 0.465998 0.105466
v 4.631360 0.438814 0.105466
v 4.617949 0.410616 0.105466
v 4.749805 0.335537 0.105466
v 4.734795 0.431295 0.105466
v 4.731203 0.395880 0.105466
v 4.743867 0.466710 0.105466
v 4.737764 0.365709 0.105466
v 3.799657 1.824172 0.105466
v 3.774560 1.788969 0.105466
v 3.762822 1.845030 0.105466
v 3.800736 1.926392 0.105466
v 3.779052 1.900345 0.105466
v 3.907530 1.891236 0.105466
v 3.878711 1.936891 0.105466
v 3.829595 1.951810 0.105466
v 3.860003 1.814221 0.105466
v 3.881204 1.833403 0.105466
v 3.851733 1.898134 0.105466
v 3.824754 1.859375 0.105466
v 3.833301 1.795519 0.105466
v 3.768187 1.872928 0.105466
v 3.897954 1.862006 0.105466
v 3.647706 1.986835 0.105466
v 3.656590 1.883822 0.105466
v 3.662492 1.916831 0.105466
v 3.638772 1.850812 0.105466
v 3.661482 1.951833 0.105466
v 3.831841 1.069932 0.105466
v 3.915650 0.987427 0.105466
v 3.683911 1.250854 0.105466
v 3.755689 1.152438 0.105466
v 3.829654 0.907548 0.105466
v 3.683911 0.750441 0.105466
v 4.773291 1.328722 0.093870
v 3.121615 1.697676 0.071181
v 3.121615 1.577292 0.071181
v 2.401343 0.730449 0.071181
v 2.401343 0.609728 0.071181
v 2.517669 0.730449 0.071181
v 2.517669 0.609728 0.071181
v 2.634760 0.730449 0.071181
v 2.634760 0.609728 0.071181
v 2.758014 0.730449 0.071181
v 2.758014 0.609728 0.071181
v 2.877160 0.730449 0.071181
v 2.877160 0.609728 0.071181
v 2.998360 0.730449 0.071181
v 2.998360 0.609728 0.071181
v 2.877160 0.821775 0.071181
v 2.998360 0.821775 0.071181
v 2.877160 0.971219 0.071181
v 2.998360 0.971219 0.071181
v 2.877160 1.089528 0.071181
v 2.998360 1.089528 0.071181
v 2.877160 1.218215 0.071181
v 2.998360 1.218215 0.071181
v 2.877160 1.336524 0.071181
v 2.998360 1.336524 0.071181
v 2.877160 1.456908 0.071181
v 2.998360 1.456908 0.071181
v 2.877160 1.577292 0.071181
v 2.998360 1.577292 0.071181
v 2.877160 1.697676 0.071181
v 2.998360 1.697676 0.071181
v 3.242404 1.697676 0.071181
v 3.242404 1.577292 0.071181
v 3.360728 1.697676 0.071181
v 3.360728 1.577292 0.071181
v 3.476587 1.697676 0.071181
v 3.476587 1.577292 0.071181
v 3.597282 1.697676 0.071181
v 3.597282 1.577292 0.071181
v 2.401343 0.864325 0.071181
v 2.401343 1.641753 0.071181
v 2.733364 1.257651 0.071181
v 3.420793 1.047881 0.071181
v 2.401343 1.509835 0.071181
v 2.633733 1.257651 0.071181
v 2.401343 0.982634 0.071181
v 3.420793 0.932512 0.071181
v 2.561863 1.424101 0.071181
v 2.515615 1.366446 0.071181
v 2.559486 1.078284 0.071181
v 2.515615 1.135709 0.071181
v 3.538912 0.806419 0.071181
v 3.479853 1.108851 0.071181
v 3.479853 0.878113 0.071181
v 2.481463 1.515255 0.071181
v 2.456555 1.438141 0.071181
v 2.639887 1.344479 0.071181
v 2.574674 1.312048 0.071181
v 2.642264 1.167967 0.071181
v 2.574674 1.196680 0.071181
v 2.481463 0.971304 0.071181
v 2.456555 1.059171 0.071181
v 3.433604 0.820458 0.071181
v 3.597282 1.261926 0.071181
v 3.361734 0.986909 0.071181
v 3.597282 0.734725 0.071181
v 2.422413 1.337903 0.071181
v 2.421422 1.194766 0.071181
v 2.401343 1.180895 0.071181
v 2.437246 1.266335 0.071181
v 3.597282 1.380235 0.071181
v 3.538912 1.185389 0.071181
v 3.573340 0.906657 0.071181
v 3.574331 1.049794 0.071181
v 3.597282 0.893286 0.071181
v 3.558221 0.978225 0.071181
v 2.401343 0.046626 0.117808
v 2.514119 0.174521 0.071181
v 2.514120 0.046626 0.117808
v 2.631211 0.174521 0.071181
v 2.631211 0.046626 0.117808
v 2.754465 0.174521 0.071181
v 2.754465 0.046626 0.117808
v 2.873610 0.174521 0.071181
v 2.873611 0.046626 0.117808
v 2.994844 0.174521 0.071181
v 2.994844 0.046626 0.117808
v 2.401343 2.204257 0.117807
v 2.401343 2.076363 0.071181
v 2.511359 2.204257 0.117807
v 2.511358 2.076363 0.071181
v 2.628450 2.204257 0.117807
v 2.628450 2.076363 0.071181
v 2.751704 2.204257 0.117807
v 2.751704 2.076363 0.071181
v 2.870850 2.204257 0.117807
v 2.870850 2.076363 0.071181
v 2.992438 2.204257 0.117807
v 2.992438 2.076363 0.071181
v 3.111972 2.204257 0.117807
v 3.111972 2.076363 0.071181
v 3.229063 2.204257 0.117807
v 3.229063 2.076363 0.071181
v 3.352318 2.204257 0.117807
v 3.352318 2.076363 0.071181
v 3.471463 2.204257 0.117807
v 3.471463 2.076363 0.071181
v 3.597282 2.204257 0.117807
v 3.597282 2.076363 0.071181
v 3.114023 0.174521 0.071181
v 3.114023 0.046626 0.117808
v 3.231114 0.174521 0.071181
v 3.231115 0.046626 0.117808
v 3.354368 0.174521 0.071181
v 3.354369 0.046626 0.117808
v 3.473514 0.174521 0.071181
v 3.473514 0.046626 0.117808
v 3.597282 0.174521 0.071181
v 3.597282 0.046626 0.117808
v 2.579934 0.522322 0.071181
v 2.683359 0.344791 0.071181
v 2.703610 0.407011 0.071181
v 2.636950 0.534334 0.071181
v 2.542888 0.473556 0.071181
v 2.616031 0.358004 0.071181
v 2.689065 0.471153 0.071181
v 2.567095 0.405570 0.071181
v 2.401343 0.494540 0.071181
v 2.401343 0.288582 0.071181
v 2.446287 0.330525 0.071181
v 2.452730 0.472835 0.071181
v 2.466470 0.395991 0.071181
v 3.309285 1.946352 0.071181
v 3.427475 1.778492 0.071181
v 3.440795 1.842109 0.071181
v 3.365022 1.963282 0.071181
v 3.276582 1.894543 0.071181
v 3.360817 1.785925 0.071181
v 3.422377 1.904881 0.071181
v 3.306457 1.828916 0.071181
v 3.597282 1.810300 0.071181
v 3.597282 2.016259 0.071181
v 3.543541 1.998339 0.071181
v 3.553940 1.840014 0.071181
v 3.526330 1.916857 0.071181
v 3.597282 1.063665 0.071181
v 2.998360 0.896496 0.071181
v 2.877160 0.896496 0.071181
v 3.561140 1.014010 0.071181
v 3.560645 0.942441 0.071181
v 3.597282 0.605000 0.071181
v 3.262104 0.986909 0.071181
v 3.353203 1.076593 0.071181
v 3.435982 1.166276 0.071181
v 3.514004 0.729305 0.071181
v 3.355581 0.900080 0.071181
v 3.514004 1.273255 0.071181
v 2.401343 0.174521 0.071181
v 2.667461 0.502184 0.071181
v 2.551213 0.438961 0.071181
v 2.589206 0.381787 0.071181
v 2.698694 0.439082 0.071181
v 2.462572 0.434413 0.071181
v 2.459350 0.363258 0.071181
v 3.330516 1.807148 0.071181
v 3.434707 1.873768 0.071181
v 3.397770 1.934437 0.071181
v 3.287449 1.861374 0.071181
v 3.527505 1.957598 0.071181
v 3.533200 1.878436 0.071181
v 2.434823 1.302119 0.071181
v 2.434327 1.230550 0.071181
v 2.401343 1.351274 0.071181
v 2.401343 0.046626 0.024555
v 2.514120 0.046626 0.024555
v 2.631211 0.046626 0.024555
v 2.754465 0.046626 0.024555
v 2.873611 0.046626 0.024555
v 2.994844 0.046626 0.024555
v 3.114023 0.046626 0.024555
v 3.231115 0.046626 0.024555
v 3.354369 0.046626 0.024555
v 3.473514 0.046626 0.024555
v 3.597282 0.046626 0.024555
v 2.401343 2.204257 0.024555
v 2.511359 2.204257 0.024555
v 2.628450 2.204257 0.024555
v 2.751704 2.204257 0.024555
v 2.870850 2.204257 0.024555
v 2.992438 2.204257 0.024555
v 3.111972 2.204257 0.024555
v 3.229063 2.204257 0.024555
v 3.352318 2.204257 0.024555
v 3.471463 2.204257 0.024555
v 3.597282 2.204257 0.024555
v 3.121615 1.680690 0.105466
v 2.982998 1.680690 0.105466
v 2.982998 1.594279 0.105466
v 3.121615 1.594279 0.105466
v 2.401343 0.623325 0.105466
v 2.401343 0.716852 0.105466
v 2.517669 0.623325 0.105466
v 2.517669 0.716852 0.105466
v 2.634760 0.623325 0.105466
v 2.634760 0.716852 0.105466
v 2.758014 0.623325 0.105466
v 2.758014 0.716852 0.105466
v 2.892522 0.623325 0.105466
v 2.892522 0.716852 0.105466
v 2.982998 0.623325 0.105466
v 2.982998 0.716852 0.105466
v 2.982998 0.821775 0.105466
v 2.892522 0.821775 0.105466
v 2.982998 0.971219 0.105466
v 2.892522 0.971219 0.105466
v 2.982998 0.896496 0.105466
v 2.892522 0.896496 0.105466
v 2.982998 1.089528 0.105466
v 2.892522 1.089528 0.105466
v 2.982998 1.218215 0.105466
v 2.892522 1.218215 0.105466
v 2.982998 1.336524 0.105466
v 2.892522 1.336524 0.105466
v 2.982998 1.456908 0.105466
v 2.892522 1.456908 0.105466
v 2.892522 1.594279 0.105466
v 2.892522 1.680690 0.105466
v 3.242404 1.594279 0.105466
v 3.242404 1.680690 0.105466
v 3.360728 1.594279 0.105466
v 3.360728 1.680690 0.105466
v 3.476587 1.594279 0.105466
v 3.476587 1.680690 0.105466
v 3.597282 1.594279 0.105466
v 3.597282 1.680690 0.105466
v 3.597282 0.904691 0.093871
v 3.574422 0.916269 0.093871
v 2.633909 1.339719 0.105466
v 2.722612 1.257327 0.105466
v 2.483579 0.985608 0.105466
v 2.401343 0.884093 0.105466
v 2.572028 1.308945 0.105466
v 2.628071 1.257327 0.105466
v 2.459944 1.068985 0.105466
v 2.401343 0.961097 0.105466
v 3.563858 1.009229 0.093871
v 3.575279 1.040216 0.093871
v 2.401343 1.621808 0.105466
v 2.401343 1.531889 0.105466
v 3.479235 1.099609 0.105466
v 3.533567 1.170021 0.105466
v 2.483579 1.501771 0.105466
v 2.559872 1.415274 0.105466
v 2.459944 1.428596 0.105466
v 2.515986 1.360564 0.105466
v 3.370570 0.987427 0.105466
v 3.424903 1.043519 0.105466
v 2.636166 1.172225 0.105466
v 2.557616 1.087122 0.105466
v 2.572028 1.199470 0.105466
v 2.515986 1.141613 0.105466
v 3.479235 0.887339 0.105466
v 3.424903 0.937383 0.105466
v 3.597282 0.729790 0.105466
v 3.533567 0.821383 0.105466
v 3.436688 0.834299 0.105466
v 3.597282 1.266069 0.105466
v 3.597282 1.349271 0.105466
v 2.431662 1.235116 0.093871
v 2.420410 1.203914 0.093871
v 2.401343 1.191820 0.093871
v 2.401343 1.228961 0.093871
v 2.432094 1.297520 0.093871
v 2.434207 1.266319 0.093871
v 2.401343 1.303240 0.093871
v 2.401343 1.266100 0.093871
v 3.563429 0.947256 0.093871
v 3.561330 0.978242 0.093871
v 3.597282 0.941575 0.093871
v 3.597282 0.978459 0.093871
v 2.514119 0.100410 0.093871
v 2.514119 0.167364 0.093871
v 2.401343 0.100410 0.093871
v 2.631211 0.100410 0.093871
v 2.631211 0.167364 0.093871
v 2.754465 0.100410 0.093871
v 2.754465 0.167364 0.093871
v 2.873610 0.100410 0.093871
v 2.873610 0.167364 0.093871
v 2.994844 0.167364 0.093871
v 2.994844 0.100410 0.093871
v 2.401343 2.088921 0.105466
v 2.401343 2.145072 0.105466
v 2.511358 2.088921 0.105466
v 2.511358 2.145072 0.105466
v 2.628450 2.088921 0.105466
v 2.628450 2.145072 0.105466
v 2.751704 2.088921 0.105466
v 2.751704 2.145072 0.105466
v 2.870850 2.088921 0.105466
v 2.870850 2.145072 0.105466
v 2.992438 2.145072 0.105466
v 2.992438 2.088921 0.105466
v 3.111972 2.088921 0.105466
v 3.111972 2.145072 0.105466
v 3.229063 2.088921 0.105466
v 3.229063 2.145072 0.105466
v 3.352318 2.088921 0.105466
v 3.352318 2.145072 0.105466
v 3.471463 2.088921 0.105466
v 3.471463 2.145072 0.105466
v 3.597282 2.145072 0.105466
v 3.597282 2.088921 0.105466
v 3.114023 0.100410 0.093871
v 3.114023 0.167364 0.093871
v 3.231114 0.100410 0.093871
v 3.231114 0.167364 0.093871
v 3.354368 0.100410 0.093871
v 3.354368 0.167364 0.093871
v 3.473514 0.100410 0.093871
v 3.473514 0.167364 0.093871
v 3.597282 0.167364 0.093871
v 3.597282 0.100410 0.093871
v 2.653713 0.394996 0.105466
v 2.674794 0.359293 0.105466
v 2.691895 0.411833 0.105466
v 2.661370 0.492202 0.105466
v 2.635605 0.519351 0.105466
v 2.587457 0.509207 0.105466
v 2.556174 0.468027 0.105466
v 2.595287 0.390533 0.105466
v 2.617939 0.370450 0.105466
v 2.610444 0.469259 0.105466
v 2.632631 0.430700 0.105466
v 2.687744 0.438916 0.105466
v 2.679613 0.465998 0.105466
v 2.563204 0.438814 0.105466
v 2.576615 0.410616 0.105466
v 2.401343 0.342241 0.105466
v 2.401343 0.296877 0.105466
v 2.444758 0.335537 0.105466
v 2.459769 0.431295 0.105466
v 2.463362 0.395880 0.105466
v 2.401343 0.486717 0.105466
v 2.450697 0.466710 0.105466
v 2.401343 0.437160 0.105466
v 2.401343 0.387605 0.105466
v 2.456799 0.365709 0.105466
v 3.394907 1.824172 0.105466
v 3.420004 1.788969 0.105466
v 3.431742 1.845030 0.105466
v 3.393828 1.926392 0.105466
v 3.415512 1.900345 0.105466
v 3.287034 1.891236 0.105466
v 3.315853 1.936891 0.105466
v 3.364969 1.951810 0.105466
v 3.334562 1.814221 0.105466
v 3.313360 1.833403 0.105466
v 3.342832 1.898134 0.105466
v 3.369810 1.859375 0.105466
v 3.361264 1.795519 0.105466
v 3.426378 1.872928 0.105466
v 3.296610 1.862006 0.105466
v 3.597282 1.959948 0.105466
v 3.597282 1.917665 0.105466
v 3.546858 1.986835 0.105466
v 3.597282 2.002230 0.105466
v 3.537974 1.883822 0.105466
v 3.532072 1.916831 0.105466
v 3.597282 1.825285 0.105466
v 3.555792 1.850812 0.105466
v 3.597282 1.871475 0.105466
v 3.533082 1.951833 0.105466
v 3.597282 1.052227 0.093871
v 3.597282 1.015343 0.093871
v 3.362723 1.069932 0.105466
v 3.278914 0.987427 0.105466
v 3.510653 1.250854 0.105466
v 3.438875 1.152438 0.105466
v 3.364910 0.907548 0.105466
v 3.510653 0.750441 0.105466
v 3.597282 0.636086 0.105466
v 2.401343 0.167364 0.093871
v 2.421274 1.328722 0.093871
v 2.401343 1.340381 0.093871
v 5.541901 1.697676 0.071181
v 5.541901 1.577292 0.071181
v 4.807425 0.730449 0.071181
v 4.807425 0.609728 0.071181
v 4.937955 0.730449 0.071181
v 4.937955 0.609728 0.071181
v 5.055047 0.730449 0.071181
v 5.055047 0.609728 0.071181
v 5.178301 0.730449 0.071181
v 5.178301 0.609728 0.071181
v 5.297447 0.730449 0.071181
v 5.297447 0.609728 0.071181
v 5.418646 0.730449 0.071181
v 5.418646 0.609728 0.071181
v 5.297447 0.821775 0.071181
v 5.418646 0.821775 0.071181
v 5.297447 0.971219 0.071181
v 5.418646 0.971219 0.071181
v 5.297447 1.089528 0.071181
v 5.418646 1.089528 0.071181
v 5.297447 1.218215 0.071181
v 5.418646 1.218215 0.071181
v 5.297447 1.336524 0.071181
v 5.418646 1.336524 0.071181
v 5.297447 1.456908 0.071181
v 5.418646 1.456908 0.071181
v 5.297447 1.577292 0.071181
v 5.418646 1.577292 0.071181
v 5.297447 1.697676 0.071181
v 5.418646 1.697676 0.071181
v 5.662690 1.697676 0.071181
v 5.662690 1.577292 0.071181
v 5.781014 1.697676 0.071181
v 5.781014 1.577292 0.071181
v 5.896873 1.697676 0.071181
v 5.896873 1.577292 0.071181
v 4.807425 0.864325 0.071181
v 4.807425 1.641753 0.071181
v 5.153650 1.257651 0.071181
v 5.841079 1.047881 0.071181
v 4.807425 1.509835 0.071181
v 5.054020 1.257651 0.071181
v 4.807425 0.982634 0.071181
v 5.841079 0.932512 0.071181
v 4.982150 1.424101 0.071181
v 4.935901 1.366446 0.071181
v 4.979772 1.078284 0.071181
v 4.935901 1.135709 0.071181
v 5.959198 0.806419 0.071181
v 5.900139 1.108851 0.071181
v 5.900139 0.878113 0.071181
v 4.901749 1.515255 0.071181
v 4.876842 1.438141 0.071181
v 5.060173 1.344479 0.071181
v 4.994960 1.312048 0.071181
v 5.062550 1.167967 0.071181
v 4.994960 1.196680 0.071181
v 4.901749 0.971304 0.071181
v 4.876842 1.059171 0.071181
v 5.853890 0.820458 0.071181
v 5.782021 0.986909 0.071181
v 4.842700 1.337903 0.071181
v 4.841709 1.194766 0.071181
v 4.807425 1.180895 0.071181
v 4.857533 1.266335 0.071181
v 4.817269 1.266084 0.071181
v 5.959198 1.185389 0.071181
v 5.993626 0.906657 0.071181
v 5.994617 1.049794 0.071181
v 5.978507 0.978225 0.071181
v 4.807425 0.046626 0.117808
v 4.934405 0.174521 0.071181
v 4.934405 0.046626 0.117808
v 5.051497 0.174521 0.071181
v 5.051497 0.046626 0.117808
v 5.174751 0.174521 0.071181
v 5.174751 0.046626 0.117808
v 5.293896 0.174521 0.071181
v 5.293896 0.046626 0.117808
v 5.415130 0.174521 0.071181
v 5.415130 0.046626 0.117808
v 4.807425 2.204257 0.117807
v 4.807425 2.076363 0.071181
v 4.931644 2.204257 0.117807
v 4.931644 2.076363 0.071181
v 5.048736 2.204257 0.117807
v 5.048736 2.076363 0.071181
v 5.171990 2.204257 0.117807
v 5.171990 2.076363 0.071181
v 5.291136 2.204257 0.117807
v 5.291136 2.076363 0.071181
v 5.412724 2.204257 0.117807
v 5.412724 2.076363 0.071181
v 5.532258 2.204257 0.117807
v 5.532258 2.076363 0.071181
v 5.649349 2.204257 0.117807
v 5.649349 2.076363 0.071181
v 5.772604 2.204257 0.117807
v 5.772604 2.076363 0.071181
v 5.891750 2.204257 0.117807
v 5.891750 2.076363 0.071181
v 5.534309 0.174521 0.071181
v 5.534309 0.046626 0.117808
v 5.651401 0.174521 0.071181
v 5.651401 0.046626 0.117808
v 5.774655 0.174521 0.071181
v 5.774655 0.046626 0.117808
v 5.893800 0.174521 0.071181
v 5.893800 0.046626 0.117808
v 5.000220 0.522322 0.071181
v 5.103645 0.344791 0.071181
v 5.123897 0.407011 0.071181
v 5.057237 0.534334 0.071181
v 4.963175 0.473556 0.071181
v 5.036317 0.358004 0.071181
v 5.109351 0.471153 0.071181
v 4.987381 0.405570 0.071181
v 4.807425 0.494540 0.071181
v 4.807425 0.288582 0.071181
v 4.866573 0.330525 0.071181
v 4.873016 0.472835 0.071181
v 4.816319 0.387013 0.071181
v 4.886756 0.395991 0.071181
v 5.729571 1.946352 0.071181
v 5.847761 1.778492 0.071181
v 5.861081 1.842109 0.071181
v 5.785308 1.963282 0.071181
v 5.696868 1.894543 0.071181
v 5.781103 1.785925 0.071181
v 5.842663 1.904881 0.071181
v 5.726743 1.828916 0.071181
v 5.963827 1.998339 0.071181
v 5.974226 1.840014 0.071181
v 5.946616 1.916857 0.071181
v 5.418646 0.896496 0.071181
v 5.297447 0.896496 0.071181
v 5.981426 1.014010 0.071181
v 5.980931 0.942441 0.071181
v 5.682390 0.986909 0.071181
v 5.773489 1.076593 0.071181
v 5.856267 1.166276 0.071181
v 5.934290 0.729305 0.071181
v 5.775867 0.900080 0.071181
v 5.934290 1.273255 0.071181
v 4.807425 0.174521 0.071181
v 5.087748 0.502184 0.071181
v 4.971499 0.438961 0.071181
v 5.009492 0.381787 0.071181
v 5.118980 0.439082 0.071181
v 4.882858 0.434413 0.071181
v 4.807425 0.440776 0.071181
v 4.807425 0.337798 0.071181
v 4.879636 0.363258 0.071181
v 5.750802 1.807148 0.071181
v 5.854993 1.873768 0.071181
v 5.818057 1.934437 0.071181
v 5.707736 1.861374 0.071181
v 5.947792 1.957598 0.071181
v 5.953486 1.878436 0.071181
v 4.855109 1.302119 0.071181
v 4.807425 1.308679 0.071181
v 4.854613 1.230550 0.071181
v 4.807425 1.223490 0.071181
v 4.807425 1.351274 0.071181
v 4.807425 0.046626 0.024555
v 4.934405 0.046626 0.024555
v 5.051497 0.046626 0.024555
v 5.174751 0.046626 0.024555
v 5.293896 0.046626 0.024555
v 5.415130 0.046626 0.024555
v 5.534309 0.046626 0.024555
v 5.651401 0.046626 0.024555
v 5.774655 0.046626 0.024555
v 5.893800 0.046626 0.024555
v 4.807425 2.204257 0.024555
v 4.931644 2.204257 0.024555
v 5.048736 2.204257 0.024555
v 5.171990 2.204257 0.024555
v 5.291136 2.204257 0.024555
v 5.412724 2.204257 0.024555
v 5.532258 2.204257 0.024555
v 5.649349 2.204257 0.024555
v 5.772604 2.204257 0.024555
v 5.891750 2.204257 0.024555
v 5.541901 1.680690 0.105466
v 5.403284 1.680690 0.105466
v 5.403284 1.594279 0.105466
v 5.541901 1.594279 0.105466
v 4.807425 0.623325 0.105466
v 4.807425 0.716852 0.105466
v 4.937955 0.623325 0.105466
v 4.937955 0.716852 0.105466
v 5.055047 0.623325 0.105466
v 5.055047 0.716852 0.105466
v 5.178301 0.623325 0.105466
v 5.178301 0.716852 0.105466
v 5.312809 0.623325 0.105466
v 5.312809 0.716852 0.105466
v 5.403284 0.623325 0.105466
v 5.403284 0.716852 0.105466
v 5.403284 0.821775 0.105466
v 5.312809 0.821775 0.105466
v 5.403284 0.971219 0.105466
v 5.312809 0.971219 0.105466
v 5.403284 0.896496 0.105466
v 5.312809 0.896496 0.105466
v 5.403284 1.089528 0.105466
v 5.312809 1.089528 0.105466
v 5.403284 1.218215 0.105466
v 5.312809 1.218215 0.105466
v 5.403284 1.336524 0.105466
v 5.312809 1.336524 0.105466
v 5.403284 1.456908 0.105466
v 5.312809 1.456908 0.105466
v 5.312809 1.594279 0.105466
v 5.312809 1.680690 0.105466
v 5.662690 1.594279 0.105466
v 5.662690 1.680690 0.105466
v 5.781014 1.594279 0.105466
v 5.781014 1.680690 0.105466
v 5.896873 1.594279 0.105466
v 5.896873 1.680690 0.105466
v 5.994708 0.916269 0.093870
v 5.054195 1.339719 0.105466
v 5.142898 1.257327 0.105466
v 4.903865 0.985608 0.105466
v 4.807425 0.884093 0.105466
v 4.992314 1.308945 0.105466
v 5.048357 1.257327 0.105466
v 4.880230 1.068985 0.105466
v 4.807425 0.961097 0.105466
v 5.984144 1.009229 0.093870
v 5.995566 1.040216 0.093870
v 4.807425 1.621808 0.105466
v 4.807425 1.531889 0.105466
v 5.899521 1.099609 0.105466
v 5.953854 1.170021 0.105466
v 4.903865 1.501771 0.105466
v 4.980158 1.415274 0.105466
v 4.880230 1.428596 0.105466
v 4.936273 1.360564 0.105466
v 5.790857 0.987427 0.105466
v 5.845189 1.043519 0.105466
v 5.056452 1.172225 0.105466
v 4.977902 1.087122 0.105466
v 4.992314 1.199470 0.105466
v 4.936273 1.141613 0.105466
v 5.899521 0.887339 0.105466
v 5.845189 0.937383 0.105466
v 5.953854 0.821383 0.105466
v 5.856974 0.834299 0.105466
v 4.851948 1.235116 0.093870
v 4.840696 1.203914 0.093870
v 4.807425 1.191820 0.093870
v 4.807425 1.228961 0.093870
v 4.852380 1.297520 0.093870
v 4.854494 1.266319 0.093870
v 4.807425 1.303240 0.093870
v 4.807425 1.266100 0.093870
v 5.983715 0.947256 0.093870
v 5.981616 0.978242 0.093870
v 4.934405 0.100410 0.093870
v 4.934405 0.167364 0.093870
v 4.807425 0.100410 0.093870
v 5.051497 0.100410 0.093870
v 5.051497 0.167364 0.093870
v 5.174751 0.100410 0.093870
v 5.174751 0.167364 0.093870
v 5.293896 0.100410 0.093870
v 5.293896 0.167364 0.093870
v 5.415130 0.167364 0.093870
v 5.415130 0.100410 0.093870
v 4.807425 2.088921 0.105466
v 4.807425 2.145072 0.105466
v 4.931644 2.088921 0.105466
v 4.931644 2.145072 0.105466
v 5.048736 2.088921 0.105466
v 5.048736 2.145072 0.105466
v 5.171990 2.088921 0.105466
v 5.171990 2.145072 0.105466
v 5.291136 2.088921 0.105466
v 5.291136 2.145072 0.105466
v 5.412724 2.145072 0.105466
v 5.412724 2.088921 0.105466
v 5.532258 2.088921 0.105466
v 5.532258 2.145072 0.105466
v 5.649349 2.088921 0.105466
v 5.649349 2.145072 0.105466
v 5.772604 2.088921 0.105466
v 5.772604 2.145072 0.105466
v 5.891750 2.088921 0.105466
v 5.891750 2.145072 0.105466
v 5.534309 0.100410 0.093870
v 5.534309 0.167364 0.093870
v 5.651401 0.100410 0.093870
v 5.651401 0.167364 0.093870
v 5.774655 0.100410 0.093870
v 5.774655 0.167364 0.093870
v 5.893800 0.100410 0.093870
v 5.893800 0.167364 0.093870
v 5.073999 0.394996 0.105466
v 5.095080 0.359293 0.105466
v 5.112181 0.411833 0.105466
v 5.081656 0.492202 0.105466
v 5.055891 0.519351 0.105466
v 5.007743 0.509207 0.105466
v 4.976461 0.468027 0.105466
v 5.015574 0.390533 0.105466
v 5.038226 0.370450 0.105466
v 5.030730 0.469259 0.105466
v 5.052917 0.430700 0.105466
v 5.108030 0.438916 0.105466
v 5.099899 0.465998 0.105466
v 4.983490 0.438814 0.105466
v 4.996902 0.410616 0.105466
v 4.807425 0.342241 0.105466
v 4.807425 0.296877 0.105466
v 4.865045 0.335537 0.105466
v 4.880055 0.431295 0.105466
v 4.883647 0.395880 0.105466
v 4.807425 0.486717 0.105466
v 4.870983 0.466710 0.105466
v 4.807425 0.437160 0.105466
v 4.807425 0.387605 0.105466
v 4.877086 0.365709 0.105466
v 5.815194 1.824172 0.105466
v 5.840290 1.788969 0.105466
v 5.852028 1.845030 0.105466
v 5.814115 1.926392 0.105466
v 5.835798 1.900345 0.105466
v 5.707320 1.891236 0.105466
v 5.736139 1.936891 0.105466
v 5.785255 1.951810 0.105466
v 5.754848 1.814221 0.105466
v 5.733647 1.833403 0.105466
v 5.763118 1.898134 0.105466
v 5.790097 1.859375 0.105466
v 5.781550 1.795519 0.105466
v 5.846663 1.872928 0.105466
v 5.716897 1.862006 0.105466
v 5.967144 1.986835 0.105466
v 5.958261 1.883822 0.105466
v 5.952358 1.916831 0.105466
v 5.976079 1.850812 0.105466
v 5.953368 1.951833 0.105466
v 5.783009 1.069932 0.105466
v 5.699201 0.987427 0.105466
v 5.930939 1.250854 0.105466
v 5.859161 1.152438 0.105466
v 5.785196 0.907548 0.105466
v 5.930939 0.750441 0.105466
v 4.807425 0.167364 0.093870
v 4.841560 1.328722 0.093870
v 4.807425 1.340381 0.093870
v 6.493236 1.697676 0.071181
v 6.493236 1.577292 0.071181
v 7.213508 0.730449 0.071181
v 7.213508 0.609728 0.071181
v 7.097182 0.730449 0.071181
v 7.097182 0.609728 0.071181
v 6.980090 0.730449 0.071181
v 6.980090 0.609728 0.071181
v 6.856836 0.730449 0.071181
v 6.856836 0.609728 0.071181
v 6.737690 0.730449 0.071181
v 6.737690 0.609728 0.071181
v 6.616490 0.730449 0.071181
v 6.616490 0.609728 0.071181
v 6.737690 0.821775 0.071181
v 6.616490 0.821775 0.071181
v 6.737690 0.971219 0.071181
v 6.616490 0.971219 0.071181
v 6.737690 1.089528 0.071181
v 6.616490 1.089528 0.071181
v 6.737690 1.218215 0.071181
v 6.616490 1.218215 0.071181
v 6.737690 1.336524 0.071181
v 6.616490 1.336524 0.071181
v 6.737690 1.456908 0.071181
v 6.616490 1.456908 0.071181
v 6.737690 1.577292 0.071181
v 6.616490 1.577292 0.071181
v 6.737690 1.697676 0.071181
v 6.616490 1.697676 0.071181
v 6.372447 1.697676 0.071181
v 6.372447 1.577292 0.071181
v 6.254122 1.697676 0.071181
v 6.254122 1.577292 0.071181
v 6.138263 1.697676 0.071181
v 6.138263 1.577292 0.071181
v 6.017568 1.697676 0.071181
v 6.017568 1.577292 0.071181
v 7.213508 0.864325 0.071181
v 7.213508 1.641753 0.071181
v 6.881486 1.257651 0.071181
v 6.194057 1.047881 0.071181
v 7.213508 1.509835 0.071181
v 6.981117 1.257651 0.071181
v 7.213508 0.982634 0.071181
v 6.194057 0.932512 0.071181
v 7.052987 1.424101 0.071181
v 7.099236 1.366446 0.071181
v 7.055364 1.078284 0.071181
v 7.099236 1.135709 0.071181
v 6.075939 0.806419 0.071181
v 6.134997 1.108851 0.071181
v 6.134997 0.878113 0.071181
v 7.133388 1.515255 0.071181
v 7.158295 1.438141 0.071181
v 6.974964 1.344479 0.071181
v 7.040176 1.312048 0.071181
v 6.972586 1.167967 0.071181
v 7.040176 1.196680 0.071181
v 7.133388 0.971304 0.071181
v 7.158295 1.059171 0.071181
v 6.181246 0.820458 0.071181
v 6.017568 1.261926 0.071181
v 6.253116 0.986909 0.071181
v 6.017568 0.734725 0.071181
v 7.192437 1.337903 0.071181
v 7.193428 1.194766 0.071181
v 7.213508 1.180895 0.071181
v 7.177604 1.266335 0.071181
v 6.017568 1.380235 0.071181
v 6.075939 1.185389 0.071181
v 6.041511 0.906657 0.071181
v 6.040520 1.049794 0.071181
v 6.017568 0.893286 0.071181
v 6.056630 0.978225 0.071181
v 7.213508 0.046626 0.117808
v 7.100731 0.174521 0.071181
v 7.100731 0.046626 0.117808
v 6.983640 0.174521 0.071181
v 6.983640 0.046626 0.117808
v 6.860386 0.174521 0.071181
v 6.860386 0.046626 0.117808
v 6.741240 0.174521 0.071181
v 6.741240 0.046626 0.117808
v 6.620006 0.174521 0.071181
v 6.620006 0.046626 0.117808
v 7.213508 2.204257 0.117807
v 7.213508 2.076363 0.071181
v 7.103492 2.204257 0.117807
v 7.103492 2.076363 0.071181
v 6.986401 2.204257 0.117807
v 6.986401 2.076363 0.071181
v 6.863146 2.204257 0.117807
v 6.863146 2.076363 0.071181
v 6.744001 2.204257 0.117807
v 6.744001 2.076363 0.071181
v 6.622412 2.204257 0.117807
v 6.622412 2.076363 0.071181
v 6.502878 2.204257 0.117807
v 6.502878 2.076363 0.071181
v 6.385787 2.204257 0.117807
v 6.385787 2.076363 0.071181
v 6.262533 2.204257 0.117807
v 6.262533 2.076363 0.071181
v 6.143387 2.204257 0.117807
v 6.143387 2.076363 0.071181
v 6.017568 2.204257 0.117807
v 6.017568 2.076363 0.071181
v 6.500827 0.174521 0.071181
v 6.500827 0.046626 0.117808
v 6.383736 0.174521 0.071181
v 6.383736 0.046626 0.117808
v 6.260482 0.174521 0.071181
v 6.260482 0.046626 0.117808
v 6.141336 0.174521 0.071181
v 6.141336 0.046626 0.117808
v 6.017568 0.174521 0.071181
v 6.017568 0.046626 0.117808
v 7.034917 0.522322 0.071181
v 6.931492 0.344791 0.071181
v 6.911241 0.407011 0.071181
v 6.977900 0.534334 0.071181
v 7.071962 0.473556 0.071181
v 6.998819 0.358004 0.071181
v 6.925786 0.471153 0.071181
v 7.047755 0.405570 0.071181
v 7.213508 0.494540 0.071181
v 7.213508 0.288582 0.071181
v 7.168564 0.330525 0.071181
v 7.162121 0.472835 0.071181
v 7.148380 0.395991 0.071181
v 6.305564 1.946352 0.071181
v 6.187376 1.778492 0.071181
v 6.174056 1.842109 0.071181
v 6.249828 1.963282 0.071181
v 6.338268 1.894543 0.071181
v 6.254033 1.785925 0.071181
v 6.192473 1.904881 0.071181
v 6.308393 1.828916 0.071181
v 6.017568 1.810300 0.071181
v 6.017568 2.016259 0.071181
v 6.071310 1.998339 0.071181
v 6.060911 1.840014 0.071181
v 6.088520 1.916857 0.071181
v 6.017568 1.063665 0.071181
v 6.616490 0.896496 0.071181
v 6.737690 0.896496 0.071181
v 6.053710 1.014010 0.071181
v 6.054205 0.942441 0.071181
v 6.017568 0.605000 0.071181
v 6.352746 0.986909 0.071181
v 6.261647 1.076593 0.071181
v 6.178869 1.166276 0.071181
v 6.100846 0.729305 0.071181
v 6.259269 0.900080 0.071181
v 6.100846 1.273255 0.071181
v 7.213508 0.174521 0.071181
v 6.947389 0.502184 0.071181
v 7.063637 0.438961 0.071181
v 7.025644 0.381787 0.071181
v 6.916156 0.439082 0.071181
v 7.152278 0.434413 0.071181
v 7.155500 0.363258 0.071181
v 6.284335 1.807148 0.071181
v 6.180143 1.873768 0.071181
v 6.217080 1.934437 0.071181
v 6.327401 1.861374 0.071181
v 6.087345 1.957598 0.071181
v 6.081650 1.878436 0.071181
v 7.180027 1.302119 0.071181
v 7.180523 1.230550 0.071181
v 7.213508 1.351274 0.071181
v 7.213508 0.046626 0.024555
v 7.100731 0.046626 0.024555
v 6.983640 0.046626 0.024555
v 6.860386 0.046626 0.024555
v 6.741240 0.046626 0.024555
v 6.620006 0.046626 0.024555
v 6.500827 0.046626 0.024555
v 6.383736 0.046626 0.024555
v 6.260482 0.046626 0.024555
v 6.141336 0.046626 0.024555
v 6.017568 0.046626 0.024555
v 7.213508 2.204257 0.024555
v 7.103492 2.204257 0.024555
v 6.986401 2.204257 0.024555
v 6.863146 2.204257 0.024555
v 6.744001 2.204257 0.024555
v 6.622412 2.204257 0.024555
v 6.502878 2.204257 0.024555
v 6.385787 2.204257 0.024555
v 6.262533 2.204257 0.024555
v 6.143387 2.204257 0.024555
v 6.017568 2.204257 0.024555
v 6.493236 1.680690 0.105466
v 6.631852 1.680690 0.105466
v 6.631852 1.594279 0.105466
v 6.493236 1.594279 0.105466
v 7.213508 0.623325 0.105466
v 7.213508 0.716852 0.105466
v 7.097182 0.623325 0.105466
v 7.097182 0.716852 0.105466
v 6.980090 0.623325 0.105466
v 6.980090 0.716852 0.105466
v 6.856836 0.623325 0.105466
v 6.856836 0.716852 0.105466
v 6.722328 0.623325 0.105466
v 6.722328 0.716852 0.105466
v 6.631852 0.623325 0.105466
v 6.631852 0.716852 0.105466
v 6.631852 0.821775 0.105466
v 6.722328 0.821775 0.105466
v 6.631852 0.971219 0.105466
v 6.722328 0.971219 0.105466
v 6.631852 0.896496 0.105466
v 6.722328 0.896496 0.105466
v 6.631852 1.089528 0.105466
v 6.722328 1.089528 0.105466
v 6.631852 1.218215 0.105466
v 6.722328 1.218215 0.105466
v 6.631852 1.336524 0.105466
v 6.722328 1.336524 0.105466
v 6.631852 1.456908 0.105466
v 6.722328 1.456908 0.105466
v 6.722328 1.594279 0.105466
v 6.722328 1.680690 0.105466
v 6.372447 1.594279 0.105466
v 6.372447 1.680690 0.105466
v 6.254122 1.594279 0.105466
v 6.254122 1.680690 0.105466
v 6.138263 1.594279 0.105466
v 6.138263 1.680690 0.105466
v 6.017568 1.594279 0.105466
v 6.017568 1.680690 0.105466
v 6.017568 0.904691 0.093870
v 6.040429 0.916269 0.093870
v 6.980941 1.339719 0.105466
v 6.892239 1.257327 0.105466
v 7.131271 0.985608 0.105466
v 7.213508 0.884093 0.105466
v 7.042822 1.308945 0.105466
v 6.986779 1.257327 0.105466
v 7.154907 1.068985 0.105466
v 7.213508 0.961097 0.105466
v 6.050992 1.009229 0.093870
v 6.039571 1.040216 0.093870
v 7.213508 1.621808 0.105466
v 7.213508 1.531889 0.105466
v 6.135615 1.099609 0.105466
v 6.081283 1.170021 0.105466
v 7.131271 1.501771 0.105466
v 7.054978 1.415274 0.105466
v 7.154907 1.428596 0.105466
v 7.098864 1.360564 0.105466
v 6.244280 0.987427 0.105466
v 6.189948 1.043519 0.105466
v 6.978685 1.172225 0.105466
v 7.057234 1.087122 0.105466
v 7.042822 1.199470 0.105466
v 7.098864 1.141613 0.105466
v 6.135615 0.887339 0.105466
v 6.189948 0.937383 0.105466
v 6.017568 0.729790 0.105466
v 6.081283 0.821383 0.105466
v 6.178163 0.834299 0.105466
v 6.017568 1.266069 0.105466
v 6.017568 1.349271 0.105466
v 7.183188 1.235116 0.093870
v 7.194440 1.203914 0.093870
v 7.213508 1.191820 0.093870
v 7.213508 1.228961 0.093870
v 7.182756 1.297520 0.093870
v 7.180643 1.266319 0.093870
v 7.213508 1.303240 0.093870
v 7.213508 1.266100 0.093870
v 6.051422 0.947256 0.093870
v 6.053521 0.978242 0.093870
v 6.017568 0.941575 0.093870
v 6.017568 0.978459 0.093870
v 7.100731 0.100410 0.093870
v 7.100731 0.167364 0.093870
v 7.213508 0.100410 0.093870
v 6.983640 0.100410 0.093870
v 6.983640 0.167364 0.093870
v 6.860386 0.100410 0.093870
v 6.860386 0.167364 0.093870
v 6.741240 0.100410 0.093870
v 6.741240 0.167364 0.093870
v 6.620006 0.167364 0.093870
v 6.620006 0.100410 0.093870
v 7.213508 2.088921 0.105466
v 7.213508 2.145072 0.105466
v 7.103492 2.088921 0.105466
v 7.103492 2.145072 0.105466
v 6.986401 2.088921 0.105466
v 6.986401 2.145072 0.105466
v 6.863146 2.088921 0.105466
v 6.863146 2.145072 0.105466
v 6.744001 2.088921 0.105466
v 6.744001 2.145072 0.105466
v 6.622412 2.145072 0.105466
v 6.622412 2.088921 0.105466
v 6.502878 2.088921 0.105466
v 6.502878 2.145072 0.105466
v 6.385787 2.088921 0.105466
v 6.385787 2.145072 0.105466
v 6.262533 2.088921 0.105466
v 6.262533 2.145072 0.105466
v 6.143387 2.088921 0.105466
v 6.143387 2.145072 0.105466
v 6.017568 2.145072 0.105466
v 6.017568 2.088921 0.105466
v 6.500827 0.100410 0.093870
v 6.500827 0.167364 0.093870
v 6.383736 0.100410 0.093870
v 6.383736 0.167364 0.093870
v 6.260482 0.100410 0.093870
v 6.260482 0.167364 0.093870
v 6.141336 0.100410 0.093870
v 6.141336 0.167364 0.093870
v 6.017568 0.167364 0.093870
v 6.017568 0.100410 0.093870
v 6.961138 0.394996 0.105466
v 6.940056 0.359293 0.105466
v 6.922956 0.411833 0.105466
v 6.953481 0.492202 0.105466
v 6.979246 0.519351 0.105466
v 7.027393 0.509207 0.105466
v 7.058676 0.468027 0.105466
v 7.019563 0.390533 0.105466
v 6.996911 0.370450 0.105466
v 7.004407 0.469259 0.105466
v 6.982219 0.430700 0.105466
v 6.927107 0.438916 0.105466
v 6.935238 0.465998 0.105466
v 7.051646 0.438814 0.105466
v 7.038235 0.410616 0.105466
v 7.213508 0.342241 0.105466
v 7.213508 0.296877 0.105466
v 7.170092 0.335537 0.105466
v 7.155081 0.431295 0.105466
v 7.151488 0.395880 0.105466
v 7.213508 0.486717 0.105466
v 7.164154 0.466710 0.105466
v 7.213508 0.437160 0.105466
v 7.213508 0.387605 0.105466
v 7.158051 0.365709 0.105466
v 6.219943 1.824172 0.105466
v 6.194846 1.788969 0.105466
v 6.183108 1.845030 0.105466
v 6.221023 1.926392 0.105466
v 6.199338 1.900345 0.105466
v 6.327816 1.891236 0.105466
v 6.298997 1.936891 0.105466
v 6.249881 1.951810 0.105466
v 6.280289 1.814221 0.105466
v 6.301490 1.833403 0.105466
v 6.272019 1.898134 0.105466
v 6.245040 1.859375 0.105466
v 6.253587 1.795519 0.105466
v 6.188473 1.872928 0.105466
v 6.318240 1.862006 0.105466
v 6.017568 1.959948 0.105466
v 6.017568 1.917665 0.105466
v 6.067992 1.986835 0.105466
v 6.017568 2.002230 0.105466
v 6.076876 1.883822 0.105466
v 6.082778 1.916831 0.105466
v 6.017568 1.825285 0.105466
v 6.059058 1.850812 0.105466
v 6.017568 1.871475 0.105466
v 6.081768 1.951833 0.105466
v 6.017568 1.052227 0.093870
v 6.017568 1.015343 0.093870
v 6.252128 1.069932 0.105466
v 6.335936 0.987427 0.105466
v 6.104198 1.250854 0.105466
v 6.175975 1.152438 0.105466
v 6.249940 0.907548 0.105466
v 6.104198 0.750441 0.105466
v 6.017568 0.636086 0.105466
v 7.213508 0.167364 0.093870
v 7.193577 1.328722 0.093870
v 7.213508 1.340381 0.093870
vt 0.334196 0.834112
vt 0.334082 0.825391
vt 0.336947 0.825357
vt 0.337120 0.834197
vt 0.368639 0.802105
vt 0.365624 0.803649
vt 0.364725 0.801548
vt 0.366557 0.800770
vt 0.375729 0.843562
vt 0.375405 0.834522
vt 0.378170 0.834429
vt 0.378496 0.843439
vt 0.384133 0.797671
vt 0.384374 0.807158
vt 0.381593 0.807229
vt 0.381358 0.797748
vt 0.345451 0.852951
vt 0.336054 0.854682
vt 0.336936 0.851749
vt 0.342747 0.850597
vt 0.357288 0.801757
vt 0.355405 0.798341
vt 0.357839 0.798296
vt 0.359207 0.800439
vt 0.305108 0.898757
vt 0.306518 0.896914
vt 0.308007 0.898199
vt 0.306826 0.899535
vt 0.318554 0.896413
vt 0.320192 0.898108
vt 0.318513 0.899086
vt 0.317209 0.897811
vt 0.219771 0.874622
vt 0.217900 0.883350
vt 0.216155 0.882975
vt 0.217998 0.874272
vt 0.374531 0.807397
vt 0.374333 0.797932
vt 0.377097 0.797861
vt 0.377315 0.807334
vt 0.362720 0.803917
vt 0.360004 0.803383
vt 0.360990 0.801368
vt 0.362811 0.801655
vt 0.290753 0.810516
vt 0.290634 0.813133
vt 0.286374 0.810181
vt 0.287578 0.808632
vt 0.346136 0.843477
vt 0.343284 0.844476
vt 0.369910 0.798039
vt 0.367538 0.798095
vt 0.306212 0.798455
vt 0.309328 0.798511
vt 0.303461 0.804150
vt 0.302819 0.802055
vt 0.283310 0.816228
vt 0.284911 0.814176
vt 0.290497 0.819064
vt 0.290358 0.822020
vt 0.384604 0.816148
vt 0.381823 0.816226
vt 0.326676 0.855643
vt 0.326438 0.852730
vt 0.309572 0.895834
vt 0.310259 0.897553
vt 0.311646 0.805986
vt 0.308773 0.805012
vt 0.315048 0.798585
vt 0.318741 0.798628
vt 0.374743 0.816435
vt 0.377536 0.816352
vt 0.325765 0.843020
vt 0.333842 0.842333
vt 0.336237 0.844547
vt 0.325977 0.845919
vt 0.284325 0.805226
vt 0.283159 0.807051
vt 0.279344 0.803455
vt 0.280179 0.801393
vt 0.312521 0.895506
vt 0.312591 0.897336
vt 0.384878 0.825419
vt 0.382107 0.825509
vt 0.317072 0.856267
vt 0.316963 0.853291
vt 0.360926 0.822579
vt 0.358233 0.822057
vt 0.358774 0.819797
vt 0.360381 0.820194
vt 0.271653 0.805021
vt 0.274533 0.804171
vt 0.279785 0.809670
vt 0.277707 0.811042
vt 0.375054 0.825764
vt 0.377834 0.825661
vt 0.316673 0.843446
vt 0.316749 0.846324
vt 0.357378 0.810133
vt 0.359706 0.810469
vt 0.359248 0.812701
vt 0.357695 0.812455
vt 0.297902 0.816851
vt 0.296505 0.814666
vt 0.302503 0.810191
vt 0.304469 0.811719
vt 0.352693 0.816775
vt 0.352782 0.811756
vt 0.354819 0.813205
vt 0.355055 0.816217
vt 0.295652 0.892805
vt 0.294924 0.890140
vt 0.300710 0.886285
vt 0.301976 0.888645
vt 0.315473 0.895588
vt 0.314927 0.897361
vt 0.385178 0.834187
vt 0.382415 0.834285
vt 0.307660 0.856504
vt 0.307660 0.853514
vt 0.294849 0.880702
vt 0.296780 0.882730
vt 0.288529 0.888127
vt 0.286112 0.886366
vt 0.264133 0.797068
vt 0.267819 0.797235
vt 0.307619 0.843561
vt 0.307621 0.846461
vt 0.355806 0.820766
vt 0.354166 0.819094
vt 0.356064 0.817710
vt 0.357160 0.818892
vt 0.366001 0.815848
vt 0.364736 0.820044
vt 0.362897 0.818745
vt 0.363504 0.816094
vt 0.306811 0.884694
vt 0.305531 0.882659
vt 0.311444 0.879293
vt 0.311421 0.882360
vt 0.385509 0.843138
vt 0.382751 0.843253
vt 0.297536 0.856220
vt 0.297597 0.853303
vt 0.311424 0.869336
vt 0.311380 0.872421
vt 0.304285 0.877498
vt 0.302683 0.874990
vt 0.297658 0.843473
vt 0.297641 0.846349
vt 0.361956 0.811313
vt 0.364075 0.813082
vt 0.362247 0.814496
vt 0.360767 0.813325
vt 0.385898 0.852210
vt 0.383135 0.852338
vt 0.315597 0.884603
vt 0.316907 0.882597
vt 0.321380 0.886038
vt 0.320142 0.888383
vt 0.376094 0.852644
vt 0.378870 0.852528
vt 0.288365 0.855902
vt 0.288466 0.853014
vt 0.326905 0.880246
vt 0.325023 0.882222
vt 0.318273 0.877562
vt 0.319879 0.875117
vt 0.288698 0.843277
vt 0.288636 0.846136
vt 0.233208 0.882033
vt 0.235967 0.881944
vt 0.235642 0.884610
vt 0.233580 0.884605
vt 0.386357 0.861132
vt 0.383575 0.861281
vt 0.260473 0.843073
vt 0.225198 0.839149
vt 0.226213 0.830433
vt 0.230383 0.882622
vt 0.231448 0.884922
vt 0.326196 0.892119
vt 0.326859 0.889524
vt 0.335036 0.893274
vt 0.332602 0.895468
vt 0.277122 0.797629
vt 0.280446 0.794135
vt 0.285881 0.797954
vt 0.288465 0.800642
vt 0.290438 0.800938
vt 0.292430 0.800735
vt 0.294462 0.808833
vt 0.294439 0.799781
vt 0.298282 0.805590
vt 0.295185 0.798225
vt 0.286527 0.799572
vt 0.270197 0.842865
vt 0.277275 0.842953
vt 0.283083 0.843126
vt 0.333889 0.807842
vt 0.333836 0.798596
vt 0.227220 0.821904
vt 0.228208 0.812831
vt 0.333959 0.816592
vt 0.229051 0.803988
vt 0.229776 0.794753
vt 0.376471 0.861618
vt 0.379280 0.861492
vt 0.224046 0.848046
vt 0.240758 0.863077
vt 0.235809 0.864198
vt 0.222798 0.856894
vt 0.282657 0.855673
vt 0.277018 0.855505
vt 0.277051 0.852593
vt 0.282761 0.852804
vt 0.344562 0.891645
vt 0.341869 0.893154
vt 0.332294 0.887314
vt 0.334547 0.885570
vt 0.255218 0.871091
vt 0.249340 0.869721
vt 0.247368 0.866746
vt 0.256744 0.861489
vt 0.245378 0.864756
vt 0.258311 0.852549
vt 0.243110 0.863673
vt 0.282979 0.845992
vt 0.243581 0.888851
vt 0.247535 0.874013
vt 0.253942 0.880235
vt 0.252795 0.889715
vt 0.226163 0.885228
vt 0.243437 0.876485
vt 0.242149 0.884465
vt 0.239105 0.882807
vt 0.240548 0.875629
vt 0.238136 0.874046
vt 0.236575 0.872098
vt 0.235267 0.869576
vt 0.377014 0.871074
vt 0.377611 0.880019
vt 0.378265 0.889106
vt 0.277003 0.892616
vt 0.268348 0.872797
vt 0.269440 0.863414
vt 0.270826 0.855329
vt 0.267300 0.881916
vt 0.266209 0.891338
vt 0.241426 0.889359
vt 0.240043 0.886102
vt 0.299249 0.807527
vt 0.295499 0.810501
vt 0.386929 0.870446
vt 0.384135 0.870626
vt 0.237957 0.885180
vt 0.346237 0.825381
vt 0.346291 0.816526
vt 0.346488 0.807813
vt 0.346458 0.798476
vt 0.346216 0.834283
vt 0.274002 0.797508
vt 0.221357 0.865920
vt 0.379826 0.870896
vt 0.217803 0.829451
vt 0.216755 0.838093
vt 0.209951 0.837227
vt 0.210997 0.828654
vt 0.215588 0.846894
vt 0.208788 0.845943
vt 0.288893 0.896645
vt 0.214326 0.855561
vt 0.207528 0.854494
vt 0.221209 0.794153
vt 0.220503 0.803250
vt 0.213630 0.802667
vt 0.214336 0.793665
vt 0.212862 0.864485
vt 0.206066 0.863298
vt 0.219704 0.811978
vt 0.212851 0.811313
vt 0.211299 0.872983
vt 0.204501 0.871682
vt 0.218771 0.820960
vt 0.211945 0.820222
vt 0.209569 0.881599
vt 0.202795 0.880250
vt 0.392535 0.842849
vt 0.392933 0.851867
vt 0.391227 0.797469
vt 0.391477 0.806975
vt 0.393426 0.860727
vt 0.391695 0.815957
vt 0.394035 0.869977
vt 0.387534 0.879327
vt 0.394663 0.878824
vt 0.391941 0.825202
vt 0.388185 0.888373
vt 0.395319 0.887853
vt 0.392216 0.833944
vt 0.343372 0.834268
vt 0.263254 0.890989
vt 0.255747 0.890074
vt 0.256891 0.880629
vt 0.264367 0.881570
vt 0.258123 0.871501
vt 0.265451 0.872453
vt 0.259574 0.861960
vt 0.266515 0.862958
vt 0.261442 0.851961
vt 0.268832 0.852804
vt 0.262466 0.845846
vt 0.269191 0.845670
vt 0.277217 0.845827
vt 0.343378 0.825362
vt 0.336860 0.816558
vt 0.343407 0.816516
vt 0.336833 0.807817
vt 0.343521 0.807787
vt 0.336786 0.798575
vt 0.343485 0.798514
vt 0.291918 0.799636
vt 0.290471 0.799734
vt 0.290530 0.798100
vt 0.292210 0.798148
vt 0.289035 0.799567
vt 0.287720 0.798980
vt 0.287243 0.797999
vt 0.288853 0.798050
vt 0.279936 0.894088
vt 0.286292 0.894460
vt 0.315684 0.899788
vt 0.312666 0.900061
vt 0.309649 0.899993
vt 0.211303 0.881949
vt 0.213044 0.873318
vt 0.214609 0.864787
vt 0.219583 0.865623
vt 0.216074 0.855833
vt 0.221026 0.856617
vt 0.217336 0.847136
vt 0.222278 0.847809
vt 0.218500 0.838314
vt 0.223437 0.838931
vt 0.385385 0.888578
vt 0.381073 0.888898
vt 0.380422 0.879823
vt 0.384734 0.879523
vt 0.219547 0.829655
vt 0.224463 0.830229
vt 0.220520 0.821151
vt 0.225460 0.821703
vt 0.221463 0.812151
vt 0.226434 0.812650
vt 0.222269 0.803400
vt 0.227265 0.803833
vt 0.222976 0.794278
vt 0.227988 0.794629
vt 0.242441 0.865993
vt 0.239650 0.867541
vt 0.237888 0.866034
vt 0.240906 0.865541
vt 0.241322 0.873200
vt 0.243504 0.870732
vt 0.245671 0.872465
vt 0.242982 0.873785
vt 0.238757 0.870811
vt 0.241476 0.869085
vt 0.239772 0.872134
vt 0.245317 0.868050
vt 0.243933 0.866761
vt 0.231095 0.888120
vt 0.227848 0.887056
vt 0.237853 0.889295
vt 0.234326 0.888822
vt 0.356644 0.814471
vt 0.360689 0.817251
vt 0.358555 0.815802
vt 0.365104 0.798149
vt 0.360295 0.798249
vt 0.362792 0.798198
vt 0.293274 0.799112
vt 0.293817 0.798191
vt 0.246533 0.869784
vt 0.237853 0.869249
vt 0.333800 0.763884
vt 0.336584 0.763745
vt 0.336546 0.772226
vt 0.333774 0.772229
vt 0.368450 0.794047
vt 0.366438 0.795470
vt 0.364579 0.794775
vt 0.365383 0.792645
vt 0.373242 0.752926
vt 0.375920 0.752876
vt 0.376151 0.761648
vt 0.373449 0.761719
vt 0.381080 0.788286
vt 0.383851 0.788202
vt 0.343721 0.745619
vt 0.341473 0.747996
vt 0.335843 0.747241
vt 0.334875 0.744570
vt 0.357161 0.794866
vt 0.359124 0.796105
vt 0.308950 0.710068
vt 0.310248 0.710090
vt 0.310702 0.710861
vt 0.309588 0.711447
vt 0.317099 0.711582
vt 0.316013 0.710971
vt 0.316480 0.710189
vt 0.317765 0.710208
vt 0.233043 0.716286
vt 0.231317 0.716225
vt 0.231660 0.708145
vt 0.233398 0.708199
vt 0.374053 0.788495
vt 0.376823 0.788413
vt 0.362484 0.792502
vt 0.362668 0.794749
vt 0.360865 0.795109
vt 0.359803 0.793143
vt 0.291463 0.785837
vt 0.288234 0.787499
vt 0.287152 0.785905
vt 0.291493 0.783282
vt 0.344921 0.754537
vt 0.341973 0.753696
vt 0.302961 0.794752
vt 0.303678 0.792698
vt 0.284563 0.779821
vt 0.291722 0.774678
vt 0.291692 0.777524
vt 0.285982 0.781917
vt 0.380809 0.779346
vt 0.383567 0.779262
vt 0.326109 0.746744
vt 0.326242 0.744078
vt 0.311970 0.711414
vt 0.311447 0.712439
vt 0.311841 0.791142
vt 0.308970 0.792025
vt 0.373797 0.779532
vt 0.376562 0.779462
vt 0.325702 0.755706
vt 0.325837 0.753006
vt 0.335439 0.753953
vt 0.333249 0.756109
vt 0.284815 0.790637
vt 0.279773 0.792032
vt 0.283792 0.788761
vt 0.313355 0.711571
vt 0.313334 0.712719
vt 0.380545 0.770160
vt 0.383281 0.770079
vt 0.317462 0.746391
vt 0.317547 0.743709
vt 0.359922 0.774211
vt 0.359497 0.776552
vt 0.357947 0.777005
vt 0.357331 0.774826
vt 0.272307 0.789864
vt 0.278740 0.784457
vt 0.280667 0.785956
vt 0.275075 0.790946
vt 0.373596 0.770320
vt 0.376334 0.770265
vt 0.317194 0.755395
vt 0.317273 0.752732
vt 0.356945 0.786552
vt 0.357171 0.784249
vt 0.358692 0.783947
vt 0.359232 0.786132
vt 0.298745 0.780036
vt 0.304941 0.785288
vt 0.302961 0.786714
vt 0.297288 0.782093
vt 0.352104 0.780179
vt 0.354439 0.780647
vt 0.354312 0.783615
vt 0.352353 0.785113
vt 0.301327 0.713101
vt 0.305610 0.716783
vt 0.304488 0.718500
vt 0.300387 0.715051
vt 0.315224 0.712517
vt 0.314739 0.711472
vt 0.380304 0.761525
vt 0.383011 0.761440
vt 0.309052 0.746108
vt 0.309112 0.743428
vt 0.299432 0.722441
vt 0.292987 0.716719
vt 0.295342 0.715620
vt 0.301162 0.720995
vt 0.308792 0.755160
vt 0.308866 0.752493
vt 0.355016 0.776172
vt 0.356405 0.777951
vt 0.355376 0.779147
vt 0.353472 0.777860
vt 0.365211 0.780558
vt 0.362739 0.780430
vt 0.362024 0.777856
vt 0.363764 0.776495
vt 0.309131 0.720077
vt 0.312622 0.721936
vt 0.312632 0.724381
vt 0.308056 0.721603
vt 0.380039 0.752778
vt 0.382716 0.752696
vt 0.299987 0.745966
vt 0.300063 0.743352
vt 0.312574 0.732514
vt 0.305457 0.727629
vt 0.306865 0.725646
vt 0.312551 0.729928
vt 0.299613 0.754889
vt 0.299725 0.752253
vt 0.361419 0.785209
vt 0.360164 0.783272
vt 0.361572 0.782058
vt 0.363435 0.783373
vt 0.379775 0.744017
vt 0.382419 0.743935
vt 0.315754 0.720181
vt 0.319006 0.717046
vt 0.320149 0.718742
vt 0.316850 0.721683
vt 0.373055 0.744187
vt 0.375704 0.744125
vt 0.291742 0.745721
vt 0.291833 0.743124
vt 0.325074 0.722940
vt 0.319525 0.727597
vt 0.318124 0.725640
vt 0.323355 0.721478
vt 0.291370 0.754588
vt 0.291482 0.751963
vt 0.246814 0.713316
vt 0.247635 0.711383
vt 0.249185 0.711719
vt 0.249025 0.713876
vt 0.379535 0.735523
vt 0.382150 0.735448
vt 0.231198 0.759260
vt 0.231544 0.750772
vt 0.265145 0.752237
vt 0.244571 0.712186
vt 0.246144 0.710671
vt 0.323213 0.713460
vt 0.326863 0.710336
vt 0.329908 0.710377
vt 0.324152 0.715430
vt 0.288627 0.795447
vt 0.290603 0.795271
vt 0.295013 0.787689
vt 0.292569 0.795583
vt 0.298618 0.791061
vt 0.294520 0.796637
vt 0.286633 0.796386
vt 0.274244 0.753507
vt 0.280800 0.754069
vt 0.286182 0.754361
vt 0.333769 0.789400
vt 0.230994 0.767674
vt 0.230714 0.776696
vt 0.333741 0.780786
vt 0.230330 0.785522
vt 0.372905 0.735683
vt 0.375514 0.735625
vt 0.231908 0.742148
vt 0.232345 0.733572
vt 0.245743 0.729193
vt 0.250083 0.731095
vt 0.286704 0.742918
vt 0.286577 0.745507
vt 0.281385 0.745220
vt 0.281600 0.742601
vt 0.338112 0.710478
vt 0.330977 0.717500
vt 0.328684 0.716291
vt 0.335086 0.710441
vt 0.264316 0.726015
vt 0.264326 0.734830
vt 0.256658 0.728763
vt 0.258878 0.726377
vt 0.264501 0.743072
vt 0.254560 0.730267
vt 0.252336 0.730911
vt 0.286289 0.751718
vt 0.255811 0.708862
vt 0.264544 0.709102
vt 0.264378 0.717647
vt 0.257923 0.722234
vt 0.242320 0.708471
vt 0.254544 0.719495
vt 0.251904 0.719837
vt 0.251664 0.713608
vt 0.254360 0.712543
vt 0.249556 0.720835
vt 0.247861 0.722265
vt 0.246244 0.724249
vt 0.372462 0.718603
vt 0.372637 0.726979
vt 0.372434 0.710697
vt 0.286871 0.709653
vt 0.275959 0.734804
vt 0.276346 0.726366
vt 0.276130 0.742127
vt 0.276696 0.717993
vt 0.276942 0.709420
vt 0.252685 0.711057
vt 0.253812 0.708806
vt 0.296110 0.786106
vt 0.299656 0.789194
vt 0.379290 0.726810
vt 0.381897 0.726747
vt 0.251007 0.711597
vt 0.345833 0.780623
vt 0.345556 0.772000
vt 0.346246 0.789195
vt 0.345295 0.763420
vt 0.232742 0.724780
vt 0.375264 0.726908
vt 0.222921 0.758962
vt 0.216155 0.758682
vt 0.216523 0.750134
vt 0.223272 0.750426
vt 0.216909 0.741450
vt 0.223648 0.741757
vt 0.297631 0.709864
vt 0.217303 0.732918
vt 0.224045 0.733216
vt 0.214917 0.784661
vt 0.221789 0.785060
vt 0.217692 0.724118
vt 0.224429 0.724404
vt 0.215387 0.776013
vt 0.222234 0.776343
vt 0.218029 0.715751
vt 0.224761 0.716002
vt 0.215799 0.767106
vt 0.222606 0.767392
vt 0.218319 0.707721
vt 0.225056 0.707938
vt 0.389164 0.743685
vt 0.389549 0.752438
vt 0.390930 0.787975
vt 0.388820 0.735227
vt 0.390612 0.779024
vt 0.388524 0.726579
vt 0.381744 0.718496
vt 0.388346 0.718417
vt 0.390267 0.769834
vt 0.381721 0.710747
vt 0.388303 0.710780
vt 0.389926 0.761183
vt 0.342555 0.763523
vt 0.274208 0.709352
vt 0.273987 0.717892
vt 0.267089 0.717686
vt 0.267277 0.709175
vt 0.273700 0.726251
vt 0.266972 0.726053
vt 0.273297 0.734821
vt 0.266924 0.734805
vt 0.274028 0.744177
vt 0.267087 0.743986
vt 0.273605 0.750803
vt 0.267585 0.749894
vt 0.280986 0.751418
vt 0.342784 0.772093
vt 0.343008 0.780702
vt 0.336583 0.780783
vt 0.343310 0.789292
vt 0.336684 0.789385
vt 0.292001 0.796648
vt 0.290566 0.796469
vt 0.289127 0.796549
vt 0.287782 0.797052
vt 0.289919 0.709714
vt 0.294624 0.709807
vt 0.314975 0.710166
vt 0.311753 0.710115
vt 0.313366 0.710141
vt 0.226482 0.716066
vt 0.226779 0.707992
vt 0.231013 0.724702
vt 0.226151 0.724477
vt 0.230619 0.733497
vt 0.225766 0.733293
vt 0.230193 0.742064
vt 0.225367 0.741835
vt 0.229829 0.750702
vt 0.224992 0.750498
vt 0.379118 0.710734
vt 0.379138 0.718525
vt 0.375103 0.718570
vt 0.375075 0.710712
vt 0.229482 0.759202
vt 0.224646 0.759029
vt 0.229249 0.767625
vt 0.224345 0.767459
vt 0.228946 0.776629
vt 0.223988 0.776423
vt 0.228546 0.785429
vt 0.223554 0.785160
vt 0.252089 0.728695
vt 0.250623 0.728858
vt 0.247964 0.727897
vt 0.249814 0.726840
vt 0.252218 0.722073
vt 0.253772 0.721803
vt 0.255995 0.723365
vt 0.253785 0.724597
vt 0.249565 0.723771
vt 0.250681 0.722772
vt 0.251708 0.725753
vt 0.255005 0.727281
vt 0.253558 0.728231
vt 0.244527 0.708537
vt 0.246623 0.708599
vt 0.248852 0.708664
vt 0.251311 0.708735
vt 0.356062 0.782304
vt 0.359924 0.779417
vt 0.357889 0.780925
vt 0.293324 0.797243
vt 0.256363 0.725903
vt 0.248495 0.725004
vt 0.335729 0.590387
vt 0.338439 0.590272
vt 0.338326 0.598515
vt 0.335637 0.598492
vt 0.368955 0.620381
vt 0.366945 0.621710
vt 0.365154 0.620977
vt 0.365998 0.618924
vt 0.374590 0.580105
vt 0.377236 0.580094
vt 0.377319 0.588756
vt 0.374655 0.588775
vt 0.384202 0.624476
vt 0.381471 0.624448
vt 0.381517 0.615132
vt 0.384249 0.615138
vt 0.345659 0.572557
vt 0.343218 0.574881
vt 0.337814 0.574087
vt 0.336883 0.571449
vt 0.357940 0.620857
vt 0.359811 0.622114
vt 0.358504 0.624201
vt 0.356150 0.624175
vt 0.310952 0.536575
vt 0.312197 0.536586
vt 0.312775 0.537994
vt 0.311627 0.538635
vt 0.319353 0.538731
vt 0.318227 0.538074
vt 0.318824 0.536644
vt 0.320068 0.536655
vt 0.235826 0.545080
vt 0.234092 0.545060
vt 0.234215 0.535868
vt 0.235959 0.535885
vt 0.374605 0.615122
vt 0.377326 0.615125
vt 0.377284 0.624404
vt 0.374575 0.624375
vt 0.363177 0.618703
vt 0.363293 0.620897
vt 0.361530 0.621195
vt 0.360551 0.619254
vt 0.294842 0.611715
vt 0.291777 0.613355
vt 0.290714 0.611847
vt 0.294834 0.609262
vt 0.346636 0.581407
vt 0.343939 0.580558
vt 0.370250 0.624329
vt 0.367934 0.624304
vt 0.309046 0.623618
vt 0.305929 0.620108
vt 0.306599 0.618144
vt 0.312014 0.623656
vt 0.288121 0.606049
vt 0.294932 0.600979
vt 0.294944 0.603723
vt 0.289522 0.608039
vt 0.381508 0.606315
vt 0.384232 0.606308
vt 0.328262 0.573575
vt 0.328391 0.570956
vt 0.314090 0.538537
vt 0.313567 0.539594
vt 0.314394 0.616615
vt 0.321001 0.623766
vt 0.317469 0.623723
vt 0.311651 0.617471
vt 0.374600 0.606314
vt 0.377321 0.606317
vt 0.327858 0.582375
vt 0.327996 0.579729
vt 0.337417 0.580720
vt 0.335256 0.582815
vt 0.802297 0.895680
vt 0.802296 0.891103
vt 0.803510 0.892926
vt 0.804388 0.894288
vt 0.288562 0.616418
vt 0.284461 0.619849
vt 0.283771 0.617855
vt 0.287547 0.614644
vt 0.315501 0.538686
vt 0.315488 0.539855
vt 0.381476 0.597246
vt 0.384180 0.597229
vt 0.319772 0.573244
vt 0.319846 0.570610
vt 0.361102 0.600767
vt 0.360641 0.603057
vt 0.359114 0.603471
vt 0.358551 0.601326
vt 0.276571 0.615962
vt 0.282615 0.610619
vt 0.284497 0.612017
vt 0.279251 0.616927
vt 0.374621 0.597245
vt 0.377320 0.597252
vt 0.319538 0.582070
vt 0.319608 0.579463
vt 0.357934 0.612769
vt 0.358207 0.610530
vt 0.359697 0.610270
vt 0.360172 0.612413
vt 0.301760 0.606053
vt 0.307756 0.611043
vt 0.305868 0.612424
vt 0.300383 0.608045
vt 0.353352 0.606462
vt 0.355618 0.606962
vt 0.355435 0.609850
vt 0.353501 0.611266
vt 0.303645 0.540422
vt 0.307856 0.544090
vt 0.306754 0.545789
vt 0.302616 0.542327
vt 0.317409 0.539652
vt 0.316912 0.538579
vt 0.381421 0.588714
vt 0.384100 0.588683
vt 0.311519 0.573011
vt 0.311559 0.570380
vt 0.301760 0.549754
vt 0.295277 0.544132
vt 0.297617 0.543061
vt 0.303469 0.548291
vt 0.268945 0.623103
vt 0.272483 0.623149
vt 0.311327 0.581877
vt 0.311381 0.579269
vt 0.356263 0.602604
vt 0.357589 0.604368
vt 0.356561 0.605517
vt 0.354727 0.604227
vt 0.366152 0.607109
vt 0.363733 0.606925
vt 0.363090 0.604387
vt 0.364827 0.603091
vt 0.311367 0.547302
vt 0.314858 0.549116
vt 0.314887 0.551542
vt 0.310317 0.548827
vt 0.381312 0.580059
vt 0.383965 0.580021
vt 0.302624 0.572952
vt 0.302672 0.570386
vt 0.314888 0.559596
vt 0.307801 0.554827
vt 0.309177 0.552848
vt 0.314847 0.557040
vt 0.302353 0.581690
vt 0.302435 0.579112
vt 0.362328 0.611565
vt 0.361149 0.609645
vt 0.362553 0.608491
vt 0.364344 0.609821
vt 0.381175 0.571375
vt 0.383800 0.571327
vt 0.317966 0.547346
vt 0.321186 0.544227
vt 0.322328 0.545895
vt 0.319063 0.548832
vt 0.374514 0.571464
vt 0.377137 0.571433
vt 0.294535 0.572814
vt 0.294588 0.570265
vt 0.327242 0.550049
vt 0.321745 0.554691
vt 0.320346 0.552756
vt 0.325522 0.548596
vt 0.294293 0.581496
vt 0.294367 0.578929
vt 0.249463 0.541517
vt 0.250262 0.539531
vt 0.251842 0.539844
vt 0.251719 0.542042
vt 0.381030 0.562935
vt 0.383634 0.562885
vt 0.797599 0.892662
vt 0.797599 0.898570
vt 0.795709 0.896197
vt 0.794651 0.894823
vt 0.235365 0.587802
vt 0.235395 0.579418
vt 0.268613 0.579731
vt 0.247155 0.540404
vt 0.248729 0.538851
vt 0.325231 0.540635
vt 0.329012 0.536732
vt 0.331920 0.536757
vt 0.326292 0.542532
vt 0.281373 0.623265
vt 0.289715 0.623373
vt 0.284371 0.626760
vt 0.292282 0.620936
vt 0.294162 0.620737
vt 0.298265 0.613439
vt 0.296039 0.621005
vt 0.301751 0.616624
vt 0.297909 0.621984
vt 0.298560 0.623486
vt 0.290399 0.621866
vt 0.277549 0.580750
vt 0.283966 0.581162
vt 0.289224 0.581352
vt 0.335448 0.615098
vt 0.335369 0.623937
vt 0.235527 0.596064
vt 0.235673 0.604925
vt 0.335523 0.606783
vt 0.235734 0.613586
vt 0.235680 0.622641
vt 0.374440 0.563043
vt 0.377032 0.563004
vt 0.235456 0.570863
vt 0.235609 0.562322
vt 0.248815 0.557521
vt 0.253187 0.559277
vt 0.289548 0.570141
vt 0.289467 0.572682
vt 0.284377 0.572491
vt 0.284543 0.569920
vt 0.791654 0.891103
vt 0.793553 0.893489
vt 0.340166 0.536827
vt 0.333097 0.544609
vt 0.330800 0.543472
vt 0.337213 0.536802
vt 0.267168 0.553925
vt 0.267373 0.562629
vt 0.259641 0.556806
vt 0.261789 0.554397
vt 0.267745 0.570745
vt 0.257598 0.558343
vt 0.255412 0.559036
vt 0.289286 0.578768
vt 0.258577 0.536097
vt 0.267111 0.536177
vt 0.267077 0.545656
vt 0.260757 0.550317
vt 0.244422 0.535964
vt 0.257377 0.547630
vt 0.254735 0.548013
vt 0.254394 0.541728
vt 0.257130 0.540607
vt 0.252399 0.549061
vt 0.250730 0.550539
vt 0.249168 0.552569
vt 0.374067 0.546034
vt 0.374219 0.554383
vt 0.374053 0.537105
vt 0.289106 0.536380
vt 0.278833 0.562355
vt 0.279046 0.554031
vt 0.279157 0.569558
vt 0.279242 0.545784
vt 0.279353 0.536291
vt 0.255394 0.539123
vt 0.256631 0.536079
vt 0.299298 0.611909
vt 0.302725 0.614829
vt 0.380851 0.554250
vt 0.383455 0.554204
vt 0.253690 0.539692
vt 0.347242 0.606785
vt 0.347085 0.598396
vt 0.347495 0.615106
vt 0.347501 0.624078
vt 0.346918 0.590029
vt 0.278395 0.623226
vt 0.235735 0.553554
vt 0.376836 0.554325
vt 0.227199 0.587847
vt 0.220496 0.587868
vt 0.220488 0.579376
vt 0.227195 0.579388
vt 0.220517 0.570724
vt 0.227237 0.570768
vt 0.299779 0.536476
vt 0.220578 0.562197
vt 0.227324 0.562248
vt 0.227267 0.622528
vt 0.220492 0.622439
vt 0.220565 0.613552
vt 0.227341 0.613578
vt 0.220640 0.553371
vt 0.227411 0.553430
vt 0.220576 0.605014
vt 0.227332 0.604994
vt 0.220691 0.544932
vt 0.227486 0.544990
vt 0.220540 0.596211
vt 0.227267 0.596171
vt 0.220768 0.535742
vt 0.227578 0.535806
vt 0.390513 0.571175
vt 0.390751 0.579883
vt 0.391250 0.615143
vt 0.391204 0.624548
vt 0.390287 0.562740
vt 0.391205 0.606268
vt 0.390083 0.554088
vt 0.383347 0.545951
vt 0.389965 0.545903
vt 0.391100 0.597153
vt 0.383351 0.537180
vt 0.389956 0.537233
vt 0.390956 0.588569
vt 0.344255 0.590097
vt 0.276653 0.536266
vt 0.276569 0.545730
vt 0.269757 0.545646
vt 0.269811 0.536202
vt 0.276436 0.553970
vt 0.269793 0.553909
vt 0.276211 0.562425
vt 0.269934 0.562546
vt 0.277134 0.571613
vt 0.270311 0.571582
vt 0.276863 0.578118
vt 0.270947 0.577375
vt 0.284097 0.578568
vt 0.344387 0.598452
vt 0.344497 0.606821
vt 0.338273 0.606813
vt 0.344654 0.615145
vt 0.338257 0.615126
vt 0.344638 0.624045
vt 0.338197 0.623971
vt 0.295513 0.622028
vt 0.295732 0.623450
vt 0.294136 0.623430
vt 0.294144 0.621878
vt 0.292776 0.621977
vt 0.292541 0.623409
vt 0.291010 0.623390
vt 0.291505 0.622479
vt 0.292083 0.536407
vt 0.296897 0.536450
vt 0.317151 0.536630
vt 0.313864 0.536601
vt 0.315508 0.536630
vt 0.229220 0.545008
vt 0.229317 0.535822
vt 0.234009 0.553526
vt 0.229137 0.553449
vt 0.233888 0.562304
vt 0.229044 0.562264
vt 0.233751 0.570838
vt 0.228949 0.570783
vt 0.233697 0.579410
vt 0.228902 0.579393
vt 0.380742 0.537159
vt 0.380739 0.545970
vt 0.376705 0.546006
vt 0.376695 0.537127
vt 0.233675 0.587813
vt 0.228904 0.587840
vt 0.233812 0.596095
vt 0.228982 0.596156
vt 0.233936 0.604944
vt 0.229060 0.604985
vt 0.233983 0.613587
vt 0.229078 0.613583
vt 0.233925 0.622617
vt 0.229005 0.622551
vt 0.255111 0.556845
vt 0.253660 0.557045
vt 0.250989 0.556164
vt 0.252803 0.555059
vt 0.255091 0.550248
vt 0.256638 0.549950
vt 0.258872 0.551468
vt 0.256702 0.552734
vt 0.252476 0.552004
vt 0.253569 0.550978
vt 0.254662 0.553931
vt 0.257971 0.555373
vt 0.256558 0.556350
vt 0.246774 0.535987
vt 0.249145 0.536009
vt 0.251467 0.536052
vt 0.253944 0.536054
vt 0.357168 0.608610
vt 0.361000 0.605871
vt 0.358980 0.607302
vt 0.365562 0.624279
vt 0.363312 0.624254
vt 0.360886 0.624228
vt 0.296779 0.622575
vt 0.297260 0.623470
vt 0.259288 0.553978
vt 0.251439 0.553262
vt 0.806519 0.897446
vt 0.805306 0.895624
vt 0.334938 0.657521
vt 0.335038 0.649402
vt 0.337731 0.649443
vt 0.337650 0.657701
vt 0.368870 0.628249
vt 0.365882 0.629642
vt 0.365082 0.627571
vt 0.366889 0.626877
vt 0.373662 0.668685
vt 0.373905 0.660002
vt 0.376572 0.660076
vt 0.376312 0.668748
vt 0.384055 0.633816
vt 0.381323 0.633764
vt 0.344484 0.675651
vt 0.335626 0.676540
vt 0.336630 0.673915
vt 0.342082 0.673252
vt 0.357867 0.627532
vt 0.359764 0.626317
vt 0.309634 0.708712
vt 0.310727 0.709335
vt 0.317141 0.708816
vt 0.316037 0.709393
vt 0.233542 0.700112
vt 0.231819 0.700066
vt 0.374409 0.633630
vt 0.377131 0.633684
vt 0.363056 0.629801
vt 0.360442 0.629193
vt 0.361463 0.627273
vt 0.363220 0.627611
vt 0.294541 0.635162
vt 0.294469 0.637615
vt 0.290415 0.634924
vt 0.291518 0.633442
vt 0.345664 0.666781
vt 0.342938 0.667571
vt 0.306462 0.629032
vt 0.305841 0.627051
vt 0.287671 0.640654
vt 0.289125 0.638700
vt 0.294436 0.643158
vt 0.294354 0.645904
vt 0.383855 0.642649
vt 0.381130 0.642585
vt 0.327102 0.676816
vt 0.327039 0.674187
vt 0.311523 0.707783
vt 0.312012 0.708824
vt 0.314218 0.630754
vt 0.311496 0.629831
vt 0.374217 0.642442
vt 0.376940 0.642496
vt 0.326856 0.665357
vt 0.334282 0.665099
vt 0.336398 0.667252
vt 0.326929 0.668012
vt 0.288382 0.630296
vt 0.287321 0.632044
vt 0.283629 0.628735
vt 0.313416 0.707565
vt 0.313400 0.708711
vt 0.383615 0.651734
vt 0.380909 0.651662
vt 0.318531 0.676944
vt 0.318524 0.674303
vt 0.360588 0.647704
vt 0.358045 0.647088
vt 0.358657 0.644952
vt 0.360176 0.645401
vt 0.276382 0.630441
vt 0.279087 0.629546
vt 0.284203 0.634592
vt 0.282285 0.635940
vt 0.374047 0.651519
vt 0.376749 0.651569
vt 0.318513 0.665455
vt 0.318518 0.668068
vt 0.357682 0.635622
vt 0.359912 0.636028
vt 0.359390 0.638161
vt 0.357905 0.637868
vt 0.301316 0.641002
vt 0.299988 0.638974
vt 0.305586 0.634733
vt 0.307440 0.636162
vt 0.352955 0.641830
vt 0.353213 0.637027
vt 0.355117 0.638487
vt 0.355235 0.641381
vt 0.301443 0.706767
vt 0.300576 0.704788
vt 0.304787 0.701500
vt 0.305844 0.703250
vt 0.315297 0.707825
vt 0.314779 0.708854
vt 0.383359 0.660288
vt 0.380678 0.660202
vt 0.310223 0.676964
vt 0.310250 0.674327
vt 0.299900 0.697396
vt 0.301566 0.698898
vt 0.295567 0.704031
vt 0.293262 0.702843
vt 0.310283 0.665441
vt 0.310271 0.668054
vt 0.355783 0.645757
vt 0.354282 0.644099
vt 0.356146 0.642848
vt 0.357149 0.644022
vt 0.365780 0.641466
vt 0.364368 0.645458
vt 0.362656 0.644123
vt 0.363355 0.641596
vt 0.309463 0.700090
vt 0.308445 0.698536
vt 0.313087 0.695924
vt 0.312999 0.698354
vt 0.383048 0.668956
vt 0.380393 0.668865
vt 0.301320 0.676731
vt 0.301338 0.674158
vt 0.313286 0.687857
vt 0.313182 0.690417
vt 0.307399 0.694478
vt 0.306070 0.692462
vt 0.301288 0.665399
vt 0.301305 0.667983
vt 0.362051 0.636923
vt 0.364029 0.638712
vt 0.362209 0.640004
vt 0.360829 0.638818
vt 0.382711 0.677655
vt 0.380085 0.677557
vt 0.316062 0.700199
vt 0.317198 0.698737
vt 0.320396 0.701762
vt 0.319207 0.703419
vt 0.373417 0.677341
vt 0.376044 0.677422
vt 0.293219 0.676644
vt 0.293231 0.674089
vt 0.325415 0.697721
vt 0.323665 0.699129
vt 0.318582 0.694842
vt 0.320030 0.692939
vt 0.293209 0.665387
vt 0.293217 0.667961
vt 0.247089 0.703905
vt 0.249326 0.703475
vt 0.249360 0.705634
vt 0.247795 0.705880
vt 0.382386 0.686097
vt 0.379783 0.686001
vt 0.267505 0.666506
vt 0.234211 0.665814
vt 0.234421 0.657437
vt 0.244787 0.704900
vt 0.246266 0.706503
vt 0.323302 0.707116
vt 0.324293 0.705176
vt 0.292218 0.625876
vt 0.294093 0.626123
vt 0.295977 0.625902
vt 0.298009 0.633525
vt 0.297871 0.624972
vt 0.301575 0.630429
vt 0.290360 0.624897
vt 0.276411 0.665717
vt 0.282850 0.665460
vt 0.288125 0.665402
vt 0.335241 0.632779
vt 0.234810 0.649189
vt 0.235196 0.640343
vt 0.335119 0.641100
vt 0.235490 0.631692
vt 0.373191 0.685779
vt 0.375784 0.685862
vt 0.234021 0.674355
vt 0.251378 0.686409
vt 0.246955 0.688037
vt 0.233918 0.682879
vt 0.288167 0.676639
vt 0.283132 0.676725
vt 0.283041 0.674145
vt 0.288150 0.674090
vt 0.328839 0.704439
vt 0.331157 0.703292
vt 0.265222 0.692256
vt 0.259839 0.691593
vt 0.257766 0.689098
vt 0.265706 0.683529
vt 0.255768 0.687487
vt 0.266330 0.675351
vt 0.253598 0.686722
vt 0.288122 0.667993
vt 0.258659 0.695657
vt 0.264836 0.700576
vt 0.255144 0.698192
vt 0.254570 0.705108
vt 0.251941 0.703892
vt 0.252535 0.697702
vt 0.250256 0.696574
vt 0.248652 0.695052
vt 0.247159 0.692984
vt 0.372825 0.694441
vt 0.372554 0.702796
vt 0.277184 0.692524
vt 0.277207 0.684149
vt 0.277745 0.676925
vt 0.277123 0.700860
vt 0.252815 0.706496
vt 0.302504 0.632249
vt 0.299002 0.635081
vt 0.382056 0.694767
vt 0.379456 0.694680
vt 0.251171 0.705860
vt 0.346499 0.649764
vt 0.346848 0.641369
vt 0.347292 0.633050
vt 0.346142 0.658142
vt 0.233767 0.691638
vt 0.375443 0.694541
vt 0.226267 0.657165
vt 0.226026 0.665609
vt 0.219334 0.665432
vt 0.219578 0.656960
vt 0.225820 0.674210
vt 0.219121 0.674063
vt 0.225658 0.682706
vt 0.218942 0.682561
vt 0.227104 0.631475
vt 0.220333 0.631322
vt 0.225475 0.691489
vt 0.218753 0.691339
vt 0.226866 0.640049
vt 0.220120 0.639850
vt 0.225272 0.699877
vt 0.218548 0.699695
vt 0.226563 0.648858
vt 0.219849 0.648636
vt 0.389836 0.669231
vt 0.389422 0.677939
vt 0.391058 0.633954
vt 0.389030 0.686365
vt 0.390833 0.642833
vt 0.388668 0.694993
vt 0.381823 0.703003
vt 0.388418 0.703145
vt 0.390540 0.651953
vt 0.390219 0.660542
vt 0.343475 0.658013
vt 0.267537 0.700681
vt 0.274420 0.700828
vt 0.267860 0.692361
vt 0.274552 0.692507
vt 0.268284 0.683702
vt 0.274577 0.684002
vt 0.269106 0.674568
vt 0.275784 0.674806
vt 0.269552 0.668929
vt 0.275653 0.668329
vt 0.282916 0.668062
vt 0.343799 0.649646
vt 0.337872 0.641135
vt 0.344102 0.641271
vt 0.338051 0.632817
vt 0.344450 0.632946
vt 0.295476 0.624867
vt 0.294104 0.624982
vt 0.292740 0.624847
vt 0.291481 0.624312
vt 0.226992 0.699922
vt 0.227193 0.691526
vt 0.232043 0.691608
vt 0.227372 0.682741
vt 0.232201 0.682846
vt 0.227528 0.674245
vt 0.232319 0.674329
vt 0.227729 0.665653
vt 0.232516 0.665773
vt 0.375191 0.702859
vt 0.379220 0.702948
vt 0.227969 0.657220
vt 0.232733 0.657379
vt 0.228275 0.648919
vt 0.233097 0.649112
vt 0.228591 0.640105
vt 0.233461 0.640277
vt 0.228839 0.631516
vt 0.233741 0.631644
vt 0.253227 0.688906
vt 0.250861 0.690617
vt 0.249084 0.689457
vt 0.251781 0.688659
vt 0.252976 0.695494
vt 0.254677 0.693074
vt 0.256805 0.694424
vt 0.254506 0.695852
vt 0.250434 0.693652
vt 0.252680 0.691806
vt 0.251487 0.694711
vt 0.256042 0.690477
vt 0.254659 0.689450
vt 0.356823 0.639766
vt 0.360598 0.642592
vt 0.358607 0.641115
vt 0.296756 0.624352
vt 0.257313 0.691923
vt 0.249442 0.692365
vt 0.336633 0.483236
vt 0.336676 0.475144
vt 0.339361 0.475166
vt 0.339337 0.483396
vt 0.370275 0.453822
vt 0.367301 0.455232
vt 0.366489 0.453170
vt 0.368288 0.452465
vt 0.375282 0.494134
vt 0.375484 0.485473
vt 0.378145 0.485533
vt 0.377926 0.494187
vt 0.385557 0.449956
vt 0.385468 0.459283
vt 0.382739 0.459248
vt 0.382830 0.449945
vt 0.346256 0.501209
vt 0.337469 0.502170
vt 0.338444 0.499549
vt 0.343856 0.498846
vt 0.359289 0.453180
vt 0.357554 0.449843
vt 0.359902 0.449852
vt 0.361174 0.451955
vt 0.311663 0.534528
vt 0.312800 0.535189
vt 0.319389 0.534567
vt 0.318252 0.535205
vt 0.235999 0.526688
vt 0.234264 0.526676
vt 0.375837 0.459157
vt 0.375944 0.449917
vt 0.378648 0.449928
vt 0.378554 0.459194
vt 0.364482 0.455409
vt 0.361870 0.454820
vt 0.362876 0.452897
vt 0.364631 0.453222
vt 0.296210 0.461246
vt 0.296156 0.463693
vt 0.292095 0.461039
vt 0.293183 0.459555
vt 0.347378 0.492384
vt 0.344670 0.493188
vt 0.371626 0.449900
vt 0.369314 0.449891
vt 0.310583 0.449632
vt 0.313542 0.449647
vt 0.308047 0.455047
vt 0.307414 0.453077
vt 0.289403 0.466773
vt 0.290837 0.464814
vt 0.296165 0.469219
vt 0.296104 0.471956
vt 0.385320 0.468103
vt 0.382599 0.468055
vt 0.328978 0.502518
vt 0.328893 0.499900
vt 0.313619 0.533603
vt 0.314123 0.534669
vt 0.315792 0.456707
vt 0.313072 0.455807
vt 0.318980 0.449674
vt 0.322503 0.449692
vt 0.375699 0.467952
vt 0.378416 0.467991
vt 0.328640 0.491104
vt 0.336035 0.490790
vt 0.338159 0.492918
vt 0.328733 0.493749
vt 0.806519 0.892869
vt 0.290034 0.456441
vt 0.288989 0.458192
vt 0.285284 0.454920
vt 0.286009 0.452945
vt 0.315544 0.533375
vt 0.315538 0.534544
vt 0.385131 0.477173
vt 0.382430 0.477115
vt 0.320436 0.502716
vt 0.320408 0.500084
vt 0.362134 0.473283
vt 0.359596 0.472684
vt 0.360192 0.470551
vt 0.361709 0.470989
vt 0.278070 0.456671
vt 0.280761 0.455760
vt 0.285899 0.460754
vt 0.283996 0.462113
vt 0.375581 0.477011
vt 0.378277 0.477045
vt 0.320328 0.491266
vt 0.320352 0.493870
vt 0.359159 0.461252
vt 0.361387 0.461642
vt 0.360879 0.463773
vt 0.359396 0.463490
vt 0.303007 0.467018
vt 0.301668 0.465006
vt 0.307217 0.460737
vt 0.309076 0.462148
vt 0.354486 0.467475
vt 0.354711 0.462683
vt 0.356619 0.464126
vt 0.356757 0.467012
vt 0.303715 0.532600
vt 0.302720 0.530677
vt 0.306918 0.527290
vt 0.307989 0.529008
vt 0.317461 0.533612
vt 0.316946 0.534676
vt 0.384919 0.485712
vt 0.382243 0.485639
vt 0.312154 0.502801
vt 0.312161 0.500172
vt 0.301997 0.523237
vt 0.303679 0.524730
vt 0.297735 0.529854
vt 0.295415 0.528741
vt 0.270607 0.449407
vt 0.274133 0.449429
vt 0.312126 0.491315
vt 0.312134 0.493920
vt 0.357332 0.471372
vt 0.355824 0.469728
vt 0.357675 0.468469
vt 0.358683 0.469633
vt 0.367276 0.467029
vt 0.365891 0.471021
vt 0.364176 0.469699
vt 0.364857 0.467175
vt 0.311556 0.525858
vt 0.310533 0.524316
vt 0.315149 0.521683
vt 0.315077 0.524107
vt 0.384649 0.494365
vt 0.381999 0.494285
vt 0.303277 0.502638
vt 0.303276 0.500074
vt 0.315291 0.513634
vt 0.315205 0.516187
vt 0.309464 0.520277
vt 0.308124 0.518275
vt 0.303161 0.491343
vt 0.303197 0.493918
vt 0.363526 0.462521
vt 0.365511 0.464293
vt 0.363703 0.465594
vt 0.362319 0.464420
vt 0.384348 0.503051
vt 0.381724 0.502963
vt 0.318153 0.525931
vt 0.319275 0.524464
vt 0.322488 0.527457
vt 0.321318 0.529104
vt 0.375069 0.502767
vt 0.377690 0.502840
vt 0.295201 0.502614
vt 0.295193 0.500066
vt 0.327472 0.523389
vt 0.325727 0.524812
vt 0.320626 0.520564
vt 0.322058 0.518655
vt 0.295109 0.491391
vt 0.295136 0.493956
vt 0.249566 0.530508
vt 0.251832 0.530026
vt 0.251914 0.532225
vt 0.250328 0.532509
vt 0.384047 0.511487
vt 0.381445 0.511396
vt 0.791841 0.897246
vt 0.794607 0.894857
vt 0.269430 0.492676
vt 0.236219 0.492350
vt 0.236351 0.483970
vt 0.247238 0.531577
vt 0.248783 0.533159
vt 0.325299 0.532765
vt 0.326393 0.530887
vt 0.282996 0.449482
vt 0.286049 0.446055
vt 0.291312 0.449530
vt 0.293825 0.452006
vt 0.295696 0.452239
vt 0.297572 0.452005
vt 0.299654 0.459589
vt 0.299453 0.451063
vt 0.303186 0.456476
vt 0.300129 0.449578
vt 0.291966 0.451044
vt 0.278374 0.491828
vt 0.284790 0.491535
vt 0.290044 0.491443
vt 0.336761 0.458571
vt 0.336825 0.449755
vt 0.236680 0.475719
vt 0.237006 0.466867
vt 0.336699 0.466868
vt 0.237246 0.458212
vt 0.237381 0.449160
vt 0.374861 0.511182
vt 0.377450 0.511263
vt 0.236117 0.500903
vt 0.253624 0.512823
vt 0.249220 0.514496
vt 0.236107 0.509445
vt 0.290163 0.502646
vt 0.285159 0.502776
vt 0.285040 0.500203
vt 0.290129 0.500106
vt 0.330915 0.530025
vt 0.333231 0.528927
vt 0.267499 0.518436
vt 0.262131 0.517864
vt 0.260029 0.515415
vt 0.267867 0.509740
vt 0.258016 0.513840
vt 0.268392 0.501637
vt 0.255843 0.513106
vt 0.290059 0.494025
vt 0.261023 0.521922
vt 0.267253 0.526700
vt 0.257594 0.524545
vt 0.257215 0.531562
vt 0.254500 0.530389
vt 0.254960 0.524112
vt 0.252644 0.523021
vt 0.251003 0.521512
vt 0.249480 0.519453
vt 0.374499 0.519834
vt 0.374212 0.528178
vt 0.279374 0.518551
vt 0.279314 0.510228
vt 0.279771 0.503037
vt 0.279418 0.526798
vt 0.255451 0.533013
vt 0.304126 0.458283
vt 0.300656 0.461133
vt 0.383729 0.520162
vt 0.381127 0.520075
vt 0.253758 0.532412
vt 0.348101 0.475427
vt 0.348393 0.467055
vt 0.348779 0.458757
vt 0.348924 0.449807
vt 0.347799 0.483778
vt 0.280027 0.449465
vt 0.236068 0.518214
vt 0.377114 0.519934
vt 0.228191 0.483764
vt 0.228022 0.492221
vt 0.221315 0.492103
vt 0.221490 0.483611
vt 0.227898 0.500841
vt 0.221177 0.500756
vt 0.227822 0.509362
vt 0.221075 0.509285
vt 0.228969 0.449095
vt 0.228856 0.458045
vt 0.222080 0.457931
vt 0.222191 0.449041
vt 0.227742 0.518181
vt 0.220971 0.518112
vt 0.228670 0.466627
vt 0.221915 0.466469
vt 0.227658 0.526621
vt 0.220863 0.526552
vt 0.228425 0.475445
vt 0.221700 0.475270
vt 0.391429 0.494609
vt 0.391055 0.503310
vt 0.392551 0.449984
vt 0.392462 0.459380
vt 0.390695 0.511738
vt 0.392287 0.468248
vt 0.390353 0.520384
vt 0.383488 0.528411
vt 0.390104 0.528565
vt 0.392045 0.477354
vt 0.391769 0.485931
vt 0.345141 0.483666
vt 0.269932 0.526760
vt 0.276745 0.526803
vt 0.270122 0.518501
vt 0.276764 0.518563
vt 0.270425 0.509872
vt 0.276696 0.510109
vt 0.270972 0.500849
vt 0.277789 0.500946
vt 0.271717 0.495074
vt 0.277640 0.494443
vt 0.284873 0.494129
vt 0.345410 0.475327
vt 0.339443 0.466884
vt 0.345655 0.466976
vt 0.339562 0.458589
vt 0.345944 0.458673
vt 0.339645 0.449767
vt 0.346069 0.449795
vt 0.297066 0.450977
vt 0.295699 0.451101
vt 0.295719 0.449554
vt 0.297310 0.449563
vt 0.294337 0.450977
vt 0.293079 0.450453
vt 0.292603 0.449537
vt 0.294129 0.449546
vt 0.229393 0.526636
vt 0.229469 0.518195
vt 0.234341 0.518209
vt 0.229542 0.509379
vt 0.234386 0.509431
vt 0.229610 0.500859
vt 0.234412 0.500895
vt 0.229728 0.492250
vt 0.234522 0.492325
vt 0.376849 0.528249
vt 0.380881 0.528350
vt 0.229895 0.483805
vt 0.234663 0.483926
vt 0.230139 0.475495
vt 0.234966 0.475654
vt 0.230397 0.466671
vt 0.235270 0.466812
vt 0.230592 0.458076
vt 0.235496 0.458174
vt 0.230708 0.449108
vt 0.235627 0.449147
vt 0.255501 0.515290
vt 0.253161 0.517032
vt 0.251368 0.515894
vt 0.254055 0.515063
vt 0.255357 0.521885
vt 0.257015 0.519430
vt 0.259160 0.520736
vt 0.256899 0.522212
vt 0.252776 0.520080
vt 0.254997 0.518195
vt 0.253849 0.521127
vt 0.258333 0.516816
vt 0.256938 0.515813
vt 0.251467 0.536010
vt 0.358329 0.465391
vt 0.362113 0.468185
vt 0.360117 0.466725
vt 0.366946 0.449881
vt 0.362279 0.449862
vt 0.364701 0.449872
vt 0.298338 0.450454
vt 0.298833 0.449571
vt 0.259623 0.518235
vt 0.251763 0.518802
vt 0.336923 0.416294
vt 0.339625 0.416157
vt 0.339578 0.424378
vt 0.336896 0.424377
vt 0.370306 0.445967
vt 0.368309 0.447308
vt 0.366516 0.446589
vt 0.367345 0.444533
vt 0.375638 0.405703
vt 0.378280 0.405672
vt 0.378430 0.414323
vt 0.375769 0.414362
vt 0.382814 0.440641
vt 0.385543 0.440628
vt 0.346676 0.398402
vt 0.344256 0.400753
vt 0.338847 0.400019
vt 0.337888 0.397396
vt 0.359317 0.446520
vt 0.361192 0.447760
vt 0.311978 0.363793
vt 0.313260 0.363793
vt 0.313720 0.364546
vt 0.312631 0.365143
vt 0.320045 0.365160
vt 0.318964 0.364573
vt 0.319413 0.363794
vt 0.320683 0.363795
vt 0.237136 0.371859
vt 0.235422 0.371855
vt 0.235503 0.363823
vt 0.237230 0.363822
vt 0.375912 0.440678
vt 0.378629 0.440662
vt 0.364527 0.444333
vt 0.364658 0.446521
vt 0.362901 0.446832
vt 0.361911 0.444902
vt 0.296337 0.437872
vt 0.293294 0.439530
vt 0.292223 0.438034
vt 0.296310 0.435428
vt 0.347729 0.407238
vt 0.345029 0.406414
vt 0.307449 0.446156
vt 0.308102 0.444193
vt 0.289597 0.432276
vt 0.296347 0.427173
vt 0.296378 0.429908
vt 0.291008 0.434249
vt 0.382744 0.431834
vt 0.385465 0.431807
vt 0.329325 0.399606
vt 0.329427 0.396997
vt 0.314981 0.365072
vt 0.314480 0.366091
vt 0.315861 0.442611
vt 0.313133 0.443484
vt 0.375844 0.431882
vt 0.378561 0.431865
vt 0.329006 0.408377
vt 0.329119 0.405739
vt 0.338521 0.406638
vt 0.336385 0.408747
vt 0.290112 0.442606
vt 0.285347 0.444073
vt 0.289087 0.440845
vt 0.316349 0.365205
vt 0.316347 0.366338
vt 0.382646 0.422773
vt 0.385347 0.422736
vt 0.320870 0.399356
vt 0.320920 0.396734
vt 0.362324 0.426444
vt 0.361881 0.428734
vt 0.360360 0.429160
vt 0.359782 0.427023
vt 0.278157 0.442237
vt 0.284143 0.436870
vt 0.286029 0.438249
vt 0.280835 0.443180
vt 0.375798 0.422823
vt 0.378494 0.422810
vt 0.320714 0.408146
vt 0.320761 0.405549
vt 0.359252 0.438448
vt 0.359508 0.436212
vt 0.360993 0.435941
vt 0.361483 0.438076
vt 0.303189 0.432178
vt 0.309203 0.437106
vt 0.307331 0.438497
vt 0.301831 0.434174
vt 0.354632 0.432189
vt 0.356898 0.432670
vt 0.356737 0.435554
vt 0.354817 0.436981
vt 0.304509 0.366919
vt 0.308795 0.370472
vt 0.307719 0.372183
vt 0.303616 0.368858
vt 0.318209 0.366110
vt 0.317714 0.365086
vt 0.382527 0.414249
vt 0.385202 0.414198
vt 0.312654 0.399194
vt 0.312672 0.396575
vt 0.302812 0.376153
vt 0.296354 0.370643
vt 0.298654 0.369513
vt 0.304488 0.374698
vt 0.312533 0.408021
vt 0.312566 0.405424
vt 0.357508 0.428316
vt 0.358845 0.430066
vt 0.357828 0.431221
vt 0.355988 0.429947
vt 0.367414 0.432738
vt 0.364997 0.432573
vt 0.364336 0.430044
vt 0.366061 0.428736
vt 0.312318 0.373658
vt 0.315785 0.375433
vt 0.315832 0.377839
vt 0.311285 0.375178
vt 0.382351 0.405606
vt 0.384999 0.405547
vt 0.303801 0.399203
vt 0.303830 0.396648
vt 0.315896 0.385830
vt 0.308829 0.381146
vt 0.310180 0.379174
vt 0.315835 0.383292
vt 0.303594 0.407904
vt 0.303657 0.405336
vt 0.363629 0.437215
vt 0.362438 0.435307
vt 0.363831 0.434144
vt 0.365628 0.435459
vt 0.382146 0.396937
vt 0.384765 0.396870
vt 0.318844 0.373659
vt 0.322004 0.370523
vt 0.323154 0.372180
vt 0.319945 0.375122
vt 0.375499 0.397075
vt 0.378117 0.397025
vt 0.295747 0.399120
vt 0.295784 0.396582
vt 0.328060 0.376253
vt 0.322657 0.380905
vt 0.321253 0.378999
vt 0.326349 0.374834
vt 0.295566 0.407768
vt 0.295621 0.405211
vt 0.250694 0.368478
vt 0.251448 0.366539
vt 0.252992 0.366826
vt 0.252899 0.368965
vt 0.381938 0.388520
vt 0.384532 0.388452
vt 0.236884 0.414376
vt 0.236880 0.406022
vt 0.269976 0.406185
vt 0.248438 0.367428
vt 0.249950 0.365879
vt 0.326106 0.366930
vt 0.329670 0.363798
vt 0.332680 0.363799
vt 0.327058 0.368862
vt 0.293853 0.447082
vt 0.295725 0.446869
vt 0.299761 0.439565
vt 0.297598 0.447124
vt 0.303259 0.442714
vt 0.299469 0.448085
vt 0.291983 0.448023
vt 0.278880 0.407140
vt 0.285274 0.407507
vt 0.290514 0.407660
vt 0.336837 0.440940
vt 0.237086 0.422614
vt 0.237277 0.431458
vt 0.336847 0.432646
vt 0.237385 0.440110
vt 0.375372 0.388671
vt 0.377954 0.388616
vt 0.236910 0.397506
vt 0.237034 0.389012
vt 0.250137 0.384214
vt 0.254487 0.385943
vt 0.290765 0.396489
vt 0.290698 0.399021
vt 0.285619 0.398865
vt 0.285762 0.396300
vt 0.340794 0.363803
vt 0.333820 0.370821
vt 0.331542 0.369654
vt 0.337800 0.363802
vt 0.268356 0.380499
vt 0.268625 0.389168
vt 0.260890 0.383437
vt 0.263007 0.381018
vt 0.269052 0.397246
vt 0.258869 0.384983
vt 0.256699 0.385688
vt 0.290558 0.405085
vt 0.259466 0.363806
vt 0.268110 0.363801
vt 0.268181 0.372246
vt 0.261941 0.376960
vt 0.246092 0.363815
vt 0.258525 0.374356
vt 0.255926 0.374773
vt 0.255502 0.368622
vt 0.258138 0.367488
vt 0.253636 0.375831
vt 0.252006 0.377298
vt 0.250469 0.379310
vt 0.374902 0.371733
vt 0.375096 0.380048
vt 0.374847 0.363873
vt 0.290175 0.363793
vt 0.280038 0.388815
vt 0.280208 0.380518
vt 0.280403 0.395982
vt 0.280342 0.372263
vt 0.280368 0.363796
vt 0.256438 0.366067
vt 0.257487 0.363807
vt 0.300778 0.438033
vt 0.304216 0.440918
vt 0.381699 0.379874
vt 0.384289 0.379811
vt 0.254792 0.366651
vt 0.348538 0.432558
vt 0.348315 0.424189
vt 0.348854 0.440857
vt 0.348082 0.415843
vt 0.237122 0.380290
vt 0.377702 0.379974
vt 0.228742 0.414453
vt 0.222056 0.414494
vt 0.222028 0.406023
vt 0.228712 0.406019
vt 0.222045 0.397401
vt 0.228732 0.397434
vt 0.300802 0.363792
vt 0.222102 0.388917
vt 0.228801 0.388960
vt 0.222223 0.440152
vt 0.228997 0.440145
vt 0.222165 0.380161
vt 0.228865 0.380205
vt 0.222197 0.431617
vt 0.228947 0.431568
vt 0.222208 0.371831
vt 0.228906 0.371852
vt 0.222126 0.422823
vt 0.228843 0.422758
vt 0.222227 0.363835
vt 0.228934 0.363829
vt 0.391460 0.396661
vt 0.391774 0.405353
vt 0.392538 0.440587
vt 0.391158 0.388253
vt 0.392433 0.431718
vt 0.390880 0.379646
vt 0.384129 0.371606
vt 0.390702 0.371519
vt 0.392262 0.422608
vt 0.384089 0.363893
vt 0.390646 0.363908
vt 0.392051 0.414030
vt 0.345425 0.415932
vt 0.277666 0.363797
vt 0.277668 0.372231
vt 0.270857 0.372210
vt 0.270814 0.363800
vt 0.277601 0.380473
vt 0.270972 0.380460
vt 0.277428 0.388901
vt 0.271176 0.389066
vt 0.278403 0.398043
vt 0.271611 0.398061
vt 0.278179 0.404524
vt 0.272284 0.403823
vt 0.285386 0.404921
vt 0.345625 0.424267
vt 0.345800 0.432614
vt 0.339590 0.432654
vt 0.346019 0.440917
vt 0.339638 0.440946
vt 0.297081 0.448146
vt 0.295716 0.448007
vt 0.294353 0.448116
vt 0.293090 0.448626
vt 0.293186 0.363792
vt 0.297833 0.363792
vt 0.317928 0.363794
vt 0.314746 0.363793
vt 0.316338 0.363793
vt 0.230618 0.371857
vt 0.230647 0.363827
vt 0.235406 0.380272
vt 0.230576 0.380217
vt 0.235323 0.388999
vt 0.230510 0.388972
vt 0.235214 0.397487
vt 0.230436 0.397445
vt 0.235189 0.406020
vt 0.230413 0.406019
vt 0.381497 0.363887
vt 0.381537 0.371639
vt 0.377525 0.371693
vt 0.377473 0.363879
vt 0.235199 0.414394
vt 0.230443 0.414440
vt 0.235375 0.422653
vt 0.230555 0.422735
vt 0.235543 0.431487
vt 0.230673 0.431551
vt 0.235635 0.440120
vt 0.230733 0.440142
vt 0.256385 0.383512
vt 0.254944 0.383720
vt 0.252288 0.382860
vt 0.254081 0.381755
vt 0.256305 0.376973
vt 0.257831 0.376658
vt 0.260073 0.378134
vt 0.257929 0.379416
vt 0.253737 0.378732
vt 0.254808 0.377710
vt 0.255916 0.380623
vt 0.259215 0.382026
vt 0.257819 0.383009
vt 0.248282 0.363813
vt 0.250362 0.363812
vt 0.252572 0.363810
vt 0.255010 0.363809
vt 0.358457 0.434303
vt 0.362262 0.431540
vt 0.360255 0.432984
vt 0.298347 0.448683
vt 0.260512 0.380626
vt 0.252719 0.379984
vn 0.0000 -0.5273 0.8497
vn -0.3016 0.3460 0.8884
vn -0.5767 0.1263 0.8071
vn -0.6636 0.1258 0.7374
vn -0.4892 0.4750 0.7315
vn 0.0000 -0.5727 0.8197
vn 0.0000 0.6308 0.7759
vn 0.0000 -0.1026 0.9947
vn -0.1773 0.1805 0.9674
vn -0.5436 0.0000 0.8393
vn -0.4421 0.4248 0.7899
vn -0.3873 -0.3765 0.8416
vn 0.0000 -0.3810 0.9246
vn 0.0000 -0.6686 0.7436
vn -0.5047 -0.4360 0.7450
vn 0.2101 -0.3740 0.9033
vn 0.3585 -0.3377 0.8703
vn 0.5455 -0.4051 0.7337
vn 0.3500 -0.6229 0.6996
vn 0.3501 0.3346 0.8749
vn 0.2028 0.3820 0.9016
vn 0.3301 0.6217 0.7103
vn 0.5448 0.4074 0.7329
vn 0.0000 0.5912 0.8065
vn 0.0000 0.5930 0.8052
vn -0.6186 -0.0454 0.7844
vn -0.5629 -0.2028 0.8012
vn -0.6403 -0.2161 0.7371
vn -0.6677 -0.0501 0.7427
vn 0.8755 0.0275 0.4823
vn 0.5044 0.0123 0.8634
vn 0.5210 0.5656 0.6393
vn 0.0000 0.5273 0.8497
vn 0.0000 0.4759 0.8795
vn 0.0000 0.6289 0.7774
vn 0.0000 -0.8484 0.5293
vn 0.0000 -0.3203 0.9473
vn 0.6009 -0.4493 0.6610
vn 0.5908 -0.4315 0.6817
vn -0.4084 -0.4200 0.8104
vn -0.4009 -0.4112 0.8186
vn -0.6707 -0.0066 0.7417
vn -0.2817 -0.0048 0.9595
vn 0.5991 -0.1388 0.7885
vn 0.6667 -0.1347 0.7330
vn -0.4347 0.3442 0.8322
vn -0.4668 0.3552 0.8099
vn 0.0000 0.6059 0.7955
vn 0.0000 0.1983 0.9801
vn 0.5436 0.0000 0.8393
vn 0.4421 -0.4248 0.7900
vn 0.1773 -0.1805 0.9674
vn 0.5489 0.5102 0.6620
vn 0.5607 0.5399 0.6277
vn 0.5885 0.4677 0.6595
vn 0.5780 0.4479 0.6821
vn 0.6400 -0.0043 0.7683
vn 0.6755 -0.0047 0.7374
vn -0.4582 0.0630 0.8866
vn -0.5371 -0.2381 0.8092
vn -0.5817 -0.2664 0.7685
vn -0.6762 0.0720 0.7332
vn -0.4625 -0.3556 0.8121
vn -0.4379 -0.3593 0.8241
vn -0.4198 -0.3932 0.8180
vn -0.4326 -0.3992 0.8084
vn 0.5567 -0.0099 0.8307
vn 0.5719 0.1651 0.8035
vn 0.6148 0.1809 0.7676
vn 0.6543 0.0015 0.7562
vn -0.4236 0.4108 0.8073
vn -0.4158 0.4020 0.8158
vn -0.4401 0.3681 0.8190
vn -0.4699 0.3790 0.7972
vn -0.1847 -0.5082 0.8412
vn 0.1966 -0.2721 0.9420
vn 0.4111 -0.5662 0.7144
vn -0.2432 -0.6178 0.7478
vn -0.5555 0.3794 0.7399
vn -0.5803 0.4117 0.7027
vn -0.5682 0.4965 0.6562
vn -0.5546 0.4752 0.6831
vn 0.6003 0.1310 0.7889
vn 0.6683 0.1258 0.7331
vn 0.5013 -0.4069 0.7635
vn 0.4746 -0.3945 0.7868
vn 0.5101 -0.3829 0.7702
vn 0.4994 -0.3810 0.7780
vn 0.0000 -0.1777 0.9841
vn 0.0000 -0.6225 0.7826
vn -0.4506 -0.3646 0.8149
vn -0.3768 -0.4739 0.7959
vn -0.3971 -0.4964 0.7719
vn -0.5065 -0.4138 0.7564
vn 0.0844 0.4259 0.9008
vn -0.2917 0.3850 0.8756
vn -0.4010 0.5222 0.7526
vn 0.1614 0.6671 0.7273
vn -0.5354 0.5186 0.6666
vn -0.4737 -0.0124 0.8806
vn -0.8567 -0.0261 0.5152
vn 0.3242 0.0053 0.9460
vn 0.7266 0.0086 0.6869
vn 0.4477 -0.4330 0.7823
vn 0.4555 -0.4416 0.7729
vn 0.4964 0.2954 0.8162
vn 0.4264 0.4182 0.8020
vn 0.4572 0.4408 0.7724
vn 0.5635 0.3337 0.7557
vn -0.5065 -0.5499 0.6641
vn -0.5482 -0.5246 0.6512
vn -0.5326 -0.4982 0.6842
vn 0.4652 0.4304 0.7735
vn 0.4536 0.4238 0.7840
vn 0.4329 0.4443 0.7843
vn 0.4405 0.4528 0.7751
vn 0.6245 -0.1927 0.7569
vn 0.6332 -0.0353 0.7732
vn 0.7071 -0.0406 0.7059
vn 0.6626 -0.2010 0.7215
vn 0.1906 -0.1866 0.9637
vn 0.4771 -0.3562 0.8034
vn 0.5845 -0.4110 0.6996
vn -0.5440 -0.3939 0.7408
vn -0.5688 -0.4283 0.7021
vn -0.3004 -0.1976 0.9331
vn -0.7183 -0.4725 0.5105
vn 0.0000 0.8435 0.5371
vn -0.5780 0.4479 0.6821
vn 0.0000 -0.3888 0.9213
vn -0.5969 -0.1331 0.7912
vn -0.6389 0.0043 0.7692
vn -0.5957 0.1408 0.7908
vn 0.5498 -0.5326 0.6434
vn -0.3565 0.3352 0.8721
vn 0.5703 -0.4860 0.6621
vn 0.0000 0.3778 0.9259
vn -0.3452 -0.3324 0.8777
vn 0.5122 -0.0492 0.8574
vn 0.1576 -0.2681 0.9504
vn 0.2905 0.2049 0.9347
vn 0.7459 0.5263 0.4081
vn 0.4828 0.3903 0.7839
vn 0.5145 0.3970 0.7600
vn 0.0000 -0.5618 0.8272
vn 0.1108 0.3860 0.9158
vn 0.4398 0.3620 0.8219
vn 0.4953 0.2401 0.8349
vn 0.5609 0.1249 0.8184
vn 0.1935 0.5055 0.8408
vn -0.2381 0.3790 0.8942
vn 0.0000 -0.5580 0.8298
vn 0.3083 -0.3694 0.8766
vn -0.4183 0.0952 0.9033
vn 0.3661 0.3433 0.8649
vn 0.6434 0.1167 0.7566
vn -0.5289 -0.1828 0.8287
vn -0.4580 -0.3089 0.8335
vn -0.4064 -0.4173 0.8128
vn -0.2169 -0.4566 0.8628
vn 0.2841 -0.2230 0.9325
vn 0.0000 0.5618 0.8272
vn -0.4391 0.4584 0.7727
vn 0.0000 0.5604 0.8282
vn 0.2653 0.6930 0.6703
vn 0.5643 0.4743 0.6757
vn 0.5809 -0.5103 0.6341
vn 0.6790 0.1182 0.7245
vn 0.0000 0.3290 0.9443
vn 0.0000 -0.5447 0.8386
vn 0.0000 -1.0000 0.0000
vn -0.7377 0.4604 0.4938
vn 0.0000 1.0000 0.0000
vn -0.1906 0.1866 0.9637
vn 0.4391 -0.4584 0.7727
vn -0.6655 0.1361 0.7339
vn -0.6743 0.0047 0.7384
vn 0.0000 0.0000 1.0000
vn -0.6671 -0.1272 0.7340
vn -0.5407 -0.4039 0.7378
vn 0.0000 -0.6281 0.7781
vn 0.6933 -0.5441 0.4724
vn -0.3101 0.1935 0.9308
vn 0.0000 0.2078 0.9781
vn 0.5936 0.1357 0.7932
vn 0.3344 -0.5699 0.7506
vn 0.6290 -0.0406 0.7763
vn -0.5746 -0.2083 0.7914
vn -0.3350 0.5239 0.7831
vn -0.6362 0.1180 0.7624
vn -0.4241 -0.4330 0.7953
vn -0.5178 -0.3540 0.7788
vn 0.4726 0.3810 0.7946
vn 0.5659 0.2722 0.7782
vn 0.5400 -0.6470 0.5384
vn -0.5426 0.3995 0.7389
vn 0.0000 0.6331 0.7740
vn 0.2140 0.6165 0.7577
vn -0.2936 -0.5658 0.7705
vn 0.3016 0.3460 0.8884
vn 0.4892 0.4750 0.7315
vn 0.6636 0.1258 0.7374
vn 0.5767 0.1263 0.8071
vn 0.1773 0.1805 0.9674
vn 0.4421 0.4248 0.7899
vn 0.3873 -0.3765 0.8416
vn 0.5047 -0.4360 0.7450
vn 0.0000 -0.3625 0.9319
vn 0.0000 -0.6489 0.7608
vn -0.5551 -0.3851 0.7373
vn -0.3823 -0.3322 0.8622
vn -0.3691 0.3304 0.8686
vn -0.5528 0.3909 0.7359
vn 0.0000 0.6436 0.7653
vn 0.0000 0.3755 0.9268
vn 0.6186 -0.0454 0.7844
vn 0.6677 -0.0501 0.7427
vn 0.6403 -0.2161 0.7371
vn 0.5629 -0.2028 0.8012
vn -0.8755 0.0275 0.4823
vn -0.5210 0.5656 0.6393
vn -0.5044 0.0123 0.8634
vn -0.5908 -0.4315 0.6817
vn -0.6009 -0.4493 0.6610
vn 0.4084 -0.4200 0.8104
vn 0.2817 -0.0048 0.9595
vn 0.6707 -0.0066 0.7417
vn 0.4009 -0.4112 0.8186
vn -0.6667 -0.1347 0.7330
vn -0.5991 -0.1388 0.7885
vn 0.4347 0.3442 0.8322
vn 0.4668 0.3552 0.8099
vn -0.1773 -0.1805 0.9674
vn -0.4421 -0.4248 0.7900
vn -0.5489 0.5102 0.6620
vn -0.5885 0.4677 0.6595
vn -0.5607 0.5399 0.6277
vn -0.6755 -0.0047 0.7374
vn -0.6401 -0.0043 0.7683
vn 0.4582 0.0630 0.8866
vn 0.6762 0.0720 0.7332
vn 0.5817 -0.2664 0.7685
vn 0.5371 -0.2380 0.8092
vn 0.4625 -0.3556 0.8121
vn 0.4326 -0.3992 0.8084
vn 0.4198 -0.3932 0.8180
vn 0.4379 -0.3593 0.8241
vn -0.5567 -0.0099 0.8307
vn -0.6543 0.0015 0.7562
vn -0.6148 0.1809 0.7676
vn -0.5719 0.1651 0.8035
vn 0.4236 0.4108 0.8073
vn 0.4699 0.3790 0.7972
vn 0.4401 0.3681 0.8190
vn 0.4158 0.4020 0.8158
vn 0.1847 -0.5082 0.8412
vn 0.2432 -0.6178 0.7478
vn -0.4111 -0.5662 0.7144
vn -0.1966 -0.2721 0.9420
vn 0.5692 0.3860 0.7259
vn 0.5546 0.4752 0.6831
vn 0.5682 0.4965 0.6561
vn 0.5904 0.4167 0.6912
vn -0.6003 0.1310 0.7889
vn -0.6684 0.1258 0.7331
vn -0.5013 -0.4069 0.7635
vn -0.4895 -0.3715 0.7888
vn -0.5037 -0.3768 0.7773
vn -0.4746 -0.3945 0.7868
vn 0.4506 -0.3646 0.8149
vn 0.5065 -0.4138 0.7564
vn 0.3970 -0.4964 0.7719
vn 0.3768 -0.4739 0.7959
vn -0.0844 0.4259 0.9008
vn -0.1614 0.6671 0.7273
vn 0.4010 0.5222 0.7526
vn 0.2917 0.3850 0.8756
vn 0.5354 0.5186 0.6666
vn 0.8567 -0.0261 0.5152
vn 0.4737 -0.0124 0.8806
vn -0.3242 0.0053 0.9460
vn -0.4555 -0.4416 0.7729
vn -0.4477 -0.4330 0.7823
vn -0.7266 0.0086 0.6869
vn -0.4964 0.2954 0.8162
vn -0.5635 0.3337 0.7557
vn -0.4572 0.4408 0.7724
vn -0.4264 0.4182 0.8020
vn 0.5065 -0.5499 0.6641
vn 0.5326 -0.4982 0.6842
vn 0.5482 -0.5246 0.6512
vn -0.4652 0.4304 0.7735
vn -0.4405 0.4528 0.7751
vn -0.4329 0.4443 0.7843
vn -0.4536 0.4238 0.7840
vn -0.6245 -0.1927 0.7569
vn -0.6626 -0.2010 0.7215
vn -0.7071 -0.0406 0.7059
vn -0.6332 -0.0353 0.7731
vn -0.1906 -0.1866 0.9637
vn -0.4893 -0.3480 0.7996
vn -0.5884 -0.3953 0.7053
vn 0.5573 -0.4006 0.7273
vn 0.0000 -0.7574 0.6529
vn 0.0000 -0.2057 0.9786
vn 0.5786 -0.4335 0.6908
vn 0.5969 -0.1331 0.7912
vn 0.6389 0.0043 0.7692
vn -0.5498 -0.5326 0.6434
vn 0.5957 0.1408 0.7908
vn -0.5703 -0.4860 0.6621
vn 0.3565 0.3352 0.8721
vn 0.3452 -0.3324 0.8777
vn -0.1576 -0.2681 0.9504
vn -0.5122 -0.0492 0.8574
vn 0.0000 0.2081 0.9781
vn -0.5143 0.3814 0.7681
vn -0.4786 0.3773 0.7928
vn 0.0000 0.7060 0.7081
vn -0.4398 0.3620 0.8219
vn -0.1108 0.3860 0.9158
vn -0.4953 0.2401 0.8349
vn -0.5608 0.1249 0.8184
vn 0.0000 0.5112 0.8594
vn 0.2381 0.3790 0.8942
vn 0.0000 -0.3751 0.9270
vn 0.4183 0.0952 0.9033
vn 0.5289 -0.1828 0.8287
vn -0.6434 0.1167 0.7566
vn -0.3740 0.3411 0.8624
vn 0.4580 -0.3089 0.8335
vn 0.4064 -0.4173 0.8128
vn 0.2169 -0.4566 0.8628
vn 0.0000 -0.2369 0.9715
vn 0.4391 0.4584 0.7727
vn -0.5684 0.4647 0.6789
vn 0.0000 0.7048 0.7094
vn -0.5809 -0.5103 0.6341
vn -0.6790 0.1182 0.7245
vn 0.0000 0.7634 0.6459
vn 0.1906 0.1866 0.9637
vn -0.4391 -0.4584 0.7727
vn 0.6655 0.1361 0.7339
vn 0.6743 0.0047 0.7384
vn 0.6671 -0.1272 0.7340
vn 0.5407 -0.4039 0.7378
vn 0.0000 -0.6925 0.7214
vn 0.0000 0.1986 0.9801
vn -0.5936 0.1357 0.7932
vn -0.6290 -0.0406 0.7763
vn -0.3344 -0.5699 0.7506
vn 0.5746 -0.2083 0.7914
vn 0.6362 0.1180 0.7624
vn 0.3350 0.5239 0.7831
vn 0.4241 -0.4330 0.7953
vn 0.5178 -0.3540 0.7788
vn -0.4726 0.3810 0.7946
vn -0.5659 0.2722 0.7782
vn 0.0000 -0.7495 0.6620
vn 0.5426 0.3995 0.7389
vn -0.2140 0.6165 0.7577
vn 0.2936 -0.5658 0.7705
vn 0.5047 -0.4361 0.7450
vn 0.0000 -0.4357 0.9001
vn 0.0000 -0.6165 0.7873
vn -0.5208 -0.4405 0.7312
vn -0.3096 -0.3389 0.8884
vn -0.3029 0.3349 0.8922
vn -0.5202 0.4422 0.7306
vn 0.0000 0.6128 0.7902
vn 0.0000 0.4424 0.8968
vn -0.5991 -0.1387 0.7885
vn -0.9742 -0.0000 0.2258
vn 0.0000 -0.4700 0.8827
vn 0.0000 -0.0607 0.9981
vn 0.5371 -0.2381 0.8092
vn 0.5517 0.4256 0.7172
vn 0.5627 0.4341 0.7035
vn -0.6683 0.1257 0.7331
vn -0.4582 -0.3836 0.8018
vn -0.4952 -0.3948 0.7739
vn 0.4506 -0.3646 0.8148
vn 0.3971 -0.4964 0.7719
vn -0.7267 0.0086 0.6869
vn -0.6332 -0.0353 0.7732
vn -0.9910 -0.0047 0.1339
vn 0.0000 -0.5670 0.8237
vn 0.0000 -0.0467 0.9989
vn 0.0000 -0.0026 1.0000
vn -0.4451 -0.3659 0.8173
vn -0.5683 -0.4378 0.6966
vn 0.5384 -0.4400 0.7186
vn 0.0000 -0.7546 0.6562
vn 0.0000 -0.2492 0.9684
vn 0.5498 -0.4504 0.7034
vn 0.0000 0.5419 0.8404
vn 0.0000 0.0423 0.9991
vn 0.0000 0.2362 0.9717
vn -0.4841 0.3949 0.7808
vn -0.4708 0.3945 0.7891
vn 0.0000 0.6970 0.7170
vn 0.0000 0.5388 0.8424
vn 0.0000 -0.4316 0.9020
vn -0.3483 0.3440 0.8719
vn 0.0000 -0.2658 0.9640
vn -0.5523 0.4891 0.6751
vn 0.0000 0.6925 0.7214
vn -0.5810 -0.5103 0.6341
vn 0.0000 0.7612 0.6484
vn 0.0000 -0.6826 0.7308
vn 0.0000 0.2415 0.9704
vn 0.0000 0.0607 0.9981
vn 0.0000 -0.7362 0.6767
vn 0.0000 0.4703 0.8825
vn 0.3823 -0.3322 0.8622
vn 0.5551 -0.3851 0.7373
vn 0.3691 0.3304 0.8686
vn 0.5528 0.3909 0.7359
vn 0.6401 -0.0043 0.7683
vn -0.4326 -0.3992 0.8083
vn -0.5692 0.3860 0.7259
vn -0.5904 0.4167 0.6912
vn -0.5682 0.4965 0.6561
vn 0.6684 0.1258 0.7331
vn 0.5037 -0.3768 0.7773
vn 0.4895 -0.3715 0.7888
vn 0.7267 0.0086 0.6869
vn 0.6332 -0.0353 0.7731
vn 0.4893 -0.3480 0.7996
vn 0.5884 -0.3953 0.7053
vn -0.5573 -0.4006 0.7273
vn -0.5786 -0.4335 0.6908
vn 0.4786 0.3773 0.7928
vn 0.5143 0.3814 0.7682
vn 0.5608 0.1249 0.8184
vn 0.3740 0.3411 0.8624
vn 0.5684 0.4647 0.6789
vn -0.6363 0.1180 0.7624
vn 0.3096 -0.3389 0.8884
vn 0.5208 -0.4405 0.7312
vn 0.3029 0.3349 0.8922
vn 0.5202 0.4422 0.7306
vn 0.9742 -0.0000 0.2258
vn -0.5517 0.4256 0.7172
vn -0.5627 0.4341 0.7035
vn 0.4952 -0.3948 0.7739
vn 0.4582 -0.3836 0.8018
vn 0.9910 -0.0047 0.1339
vn 0.4451 -0.3659 0.8173
vn 0.5683 -0.4378 0.6966
vn -0.5384 -0.4400 0.7186
vn -0.5498 -0.4504 0.7034
vn 0.4708 0.3945 0.7891
vn 0.4841 0.3949 0.7808
vn 0.3483 0.3440 0.8719
vn 0.5523 0.4891 0.6751
vn -0.2338 -0.3525 0.9061
vn -0.3953 -0.5961 0.6988
vn -0.3657 0.5990 0.7123
vn -0.2235 0.3660 0.9033
vn 0.4668 0.3552 0.8098
vn 0.4326 -0.3992 0.8083
vn 0.5682 0.4965 0.6562
vn 0.7587 -0.4934 0.4253
vn 0.3015 -0.1961 0.9330
vn -0.3013 0.1984 0.9326
vn -0.7313 0.4816 0.4830
vn -0.2071 0.5002 0.8408
vn -0.3237 -0.3549 0.8771
vn -0.2911 -0.2267 0.9294
vn -0.2801 0.6765 0.6810
vn 0.7776 0.4799 0.4061
vn -0.6645 -0.5175 0.5390
vn 0.3064 0.1891 0.9329
vn 0.6363 0.1180 0.7624
vn -0.5644 -0.6187 0.5465
usemtl None
s 1
f 2/1/1 32/2/1 211/3/1 182/4/1
f 130/5/2 154/6/3 339/7/4 335/8/5
f 92/9/6 94/10/6 279/11/6 278/12/6
f 445/13/7 99/14/7 286/15/8 630/16/8
f 29/17/9 27/18/10 209/19/10 210/20/11
f 131/21/12 476/22/13 683/23/14 338/24/15
f 64/25/16 63/26/17 247/27/18 248/28/19
f 62/29/20 158/30/21 348/31/22 347/32/23
f 71/33/24 143/34/25 346/35/24 257/36/24
f 100/37/6 446/38/6 631/39/6 285/40/6
f 132/41/26 155/42/27 336/43/28 337/44/29
f 61/45/30 236/46/31 243/47/32 44/48/32
f 30/49/33 29/17/9 210/20/11 180/50/33
f 477/51/34 130/5/2 335/8/5 680/52/35
f 405/53/36 592/54/37 231/55/38 66/56/39
f 141/57/40 344/58/41 341/59/42 137/60/43
f 99/14/7 97/61/7 284/62/8 286/15/8
f 27/18/10 25/63/10 208/64/10 209/19/10
f 63/26/17 157/65/44 246/66/45 247/27/18
f 142/67/46 342/68/47 593/69/48 411/70/49
f 98/71/6 100/37/6 285/40/6 283/72/6
f 26/73/50 28/74/51 181/75/52 207/76/50
f 51/77/53 242/78/54 244/79/55 49/80/56
f 157/65/44 65/81/57 251/82/58 246/66/45
f 97/61/7 95/83/7 282/84/8 284/62/8
f 25/63/10 23/85/10 206/86/10 208/64/10
f 126/87/59 153/88/60 334/89/61 325/90/62
f 140/91/63 345/92/64 245/93/65 60/94/66
f 96/95/6 98/71/6 283/72/6 281/96/6
f 24/97/50 26/73/50 207/76/50 205/98/50
f 124/99/67 151/100/68 333/101/69 322/102/70
f 138/103/71 340/104/72 343/105/73 139/106/74
f 127/107/75 123/108/76 321/109/77 332/110/78
f 59/111/79 224/112/80 241/113/81 48/114/82
f 156/115/83 62/29/20 347/32/23 250/116/84
f 95/83/7 93/117/7 280/118/8 282/84/8
f 23/85/10 21/119/10 204/120/10 206/86/10
f 47/121/85 239/122/86 220/123/87 58/124/88
f 486/125/89 695/126/90 345/92/64 140/91/63
f 94/10/6 96/95/6 281/96/6 279/11/6
f 22/127/50 24/97/50 205/98/50 203/128/50
f 129/129/91 150/130/92 328/131/93 329/132/94
f 125/133/95 122/134/96 326/135/97 327/136/98
f 57/137/99 240/138/99 223/139/100 42/140/101
f 60/94/66 245/93/65 344/58/41 141/57/40
f 93/117/7 91/141/7 277/142/8 280/118/8
f 21/119/10 19/143/10 202/144/10 204/120/10
f 122/134/96 126/87/59 325/90/62 326/135/97
f 39/145/102 219/146/103 238/147/104 56/148/105
f 20/149/50 22/127/50 203/128/50 201/150/50
f 128/151/106 152/152/107 323/153/108 324/154/109
f 91/141/7 89/155/7 276/156/8 277/142/8
f 123/108/76 124/99/67 322/102/70 321/109/77
f 55/157/110 222/158/110 235/159/111 46/160/112
f 139/106/74 343/105/73 342/68/47 142/67/46
f 90/161/6 92/9/6 278/12/6 275/162/6
f 19/143/10 17/163/10 198/164/10 202/144/10
f 45/165/113 233/166/114 218/167/115 54/168/116
f 18/169/50 20/149/50 201/150/50 197/170/50
f 149/171/117 121/172/118 314/173/119 319/174/120
f 89/155/7 87/175/7 274/176/8 276/156/8
f 486/125/89 14/177/121 79/178/24 101/179/24
f 119/180/122 149/171/117 319/174/120 312/181/123
f 53/182/124 234/183/125 229/184/126 41/185/127
f 407/186/128 393/187/129 415/188/130 49/80/56
f 136/189/131 69/190/132 61/45/30 44/48/32
f 61/45/30 69/190/132 135/191/133 40/192/134
f 40/192/134 135/191/133 68/193/135 50/194/136
f 50/194/136 68/193/135 481/195/137 66/56/39
f 67/196/138 136/189/131 44/48/32 51/77/53
f 415/188/130 67/196/138 51/77/53 49/80/56
f 140/91/63 13/197/50 14/177/121 486/125/89
f 60/94/66 16/198/50 13/197/50 140/91/63
f 141/57/40 133/199/50 16/198/50 60/94/66
f 137/60/43 18/169/50 133/199/50 141/57/40
f 138/103/71 20/149/50 18/169/50 137/60/43
f 139/106/74 22/127/50 20/149/50 138/103/71
f 142/67/46 24/97/50 22/127/50 139/106/74
f 36/200/1 411/70/49 384/201/1
f 26/73/50 24/97/50 142/67/46 411/70/49
f 486/125/89 101/179/24 103/202/24
f 28/74/51 26/73/50 411/70/49 2/1/1
f 2/1/1 411/70/49 32/2/1
f 486/125/89 103/202/24 105/203/24
f 32/2/1 411/70/49 34/204/1
f 34/204/1 411/70/49 36/200/1
f 486/125/89 105/203/24 107/205/24
f 486/125/89 107/205/24 455/206/24
f 88/207/6 90/161/6 275/162/6 273/208/6
f 77/209/24 111/210/139 110/211/140 75/212/24
f 134/213/10 15/214/10 196/215/10 200/216/10
f 38/217/141 228/218/142 232/219/143 52/220/144
f 8/221/145 112/222/146 144/223/147 10/224/145
f 10/224/145 144/223/147 115/225/148 12/226/145
f 12/226/145 115/225/148 147/227/149 14/177/121
f 137/60/43 341/59/42 340/104/72 138/103/71
f 133/199/50 18/169/50 197/170/50 199/228/50
f 117/229/150 109/230/151 6/231/145 4/232/152
f 109/230/151 112/222/146 8/221/145 6/231/145
f 119/180/122 118/233/153 143/34/25 71/33/24
f 113/234/154 120/235/155 148/236/156 145/237/157
f 145/237/157 148/236/156 121/172/118 116/238/158
f 116/238/158 121/172/118 149/171/117 146/239/159
f 146/239/159 149/171/117 119/180/122 114/240/160
f 120/235/155 113/234/154 109/230/151 117/229/150
f 38/217/141 86/241/6 84/242/6
f 39/145/102 56/148/105 19/143/10 21/119/10
f 38/217/141 84/242/6 82/243/6
f 38/217/141 88/207/6 86/241/6
f 56/148/105 47/121/85 17/163/10 19/143/10
f 58/124/88 37/244/161 15/214/10 134/213/10
f 37/244/161 7/245/162 9/246/162
f 15/214/10 37/244/161 9/246/162 11/247/163
f 37/244/161 5/248/162 7/245/162
f 54/168/116 23/85/10 25/63/10 45/165/113
f 38/217/141 29/17/9 90/161/6 88/207/6
f 37/244/161 3/249/164 5/248/162
f 45/165/113 25/63/10 27/18/10 52/220/144
f 47/121/85 58/124/88 134/213/10 17/163/10
f 39/145/102 21/119/10 23/85/10 54/168/116
f 52/220/144 27/18/10 29/17/9 38/217/141
f 120/235/155 117/229/150 315/250/165 316/251/166
f 50/194/136 230/252/167 237/253/134 40/192/134
f 87/175/7 85/254/7 272/255/8 274/176/8
f 148/236/156 120/235/155 316/251/166 313/256/168
f 121/172/118 148/236/156 313/256/168 314/173/119
f 150/130/92 31/257/33 33/258/33 127/107/75
f 130/5/2 477/51/34 446/38/6 100/37/6
f 152/152/107 154/6/3 130/5/2 125/133/95
f 128/151/106 132/41/26 154/6/3 152/152/107
f 151/100/68 155/42/27 132/41/26 128/151/106
f 124/99/67 131/21/12 155/42/27 151/100/68
f 123/108/76 476/22/13 131/21/12 124/99/67
f 35/259/33 383/260/33 476/22/13 123/108/76
f 33/258/33 35/259/33 123/108/76 127/107/75
f 125/133/95 130/5/2 100/37/6 98/71/6
f 122/134/96 125/133/95 98/71/6 96/95/6
f 1/261/33 31/257/33 150/130/92 129/129/91
f 30/49/33 1/261/33 129/129/91 153/88/60
f 94/10/6 126/87/59 122/134/96 96/95/6
f 30/49/33 153/88/60 126/87/59 94/10/6 92/9/6
f 29/17/9 30/49/33 92/9/6 90/161/6
f 49/80/56 244/79/55 589/262/169 407/186/128
f 114/240/160 119/180/122 71/33/24 73/263/24
f 110/211/140 114/240/160 73/263/24 75/212/24
f 14/177/121 147/227/149 111/210/139 77/209/24 79/178/24
f 86/241/6 88/207/6 273/208/6 271/264/6
f 102/265/170 80/266/170 164/267/171 165/268/171
f 65/81/57 42/140/101 55/157/110 156/115/83
f 80/266/170 78/269/170 163/270/171 164/267/171
f 64/25/16 43/271/172 59/111/79
f 156/115/83 55/157/110 46/160/112 62/29/20
f 63/26/17 64/25/16 59/111/79 48/114/82
f 57/137/99 157/65/44 63/26/17 48/114/82
f 157/65/44 57/137/99 42/140/101 65/81/57
f 41/185/127 158/30/21 53/182/124
f 78/269/170 76/272/170 162/273/171 163/270/171
f 53/182/124 158/30/21 62/29/20 46/160/112
f 456/274/170 108/275/170 168/276/171 516/277/171
f 76/272/170 74/278/170 161/279/171 162/273/171
f 108/275/170 106/280/170 167/281/171 168/276/171
f 74/278/170 72/282/170 160/283/171 161/279/171
f 106/280/170 104/284/170 166/285/171 167/281/171
f 104/284/170 102/265/170 165/268/171 166/285/171
f 72/282/170 70/286/170 159/287/171 160/283/171
f 89/155/7 91/141/7 174/288/173 173/289/173
f 99/14/7 445/13/7 526/290/173 178/291/173
f 87/175/7 89/155/7 173/289/173 172/292/173
f 97/61/7 99/14/7 178/291/173 177/293/173
f 85/254/7 87/175/7 172/292/173 171/294/173
f 83/295/7 85/254/7 171/294/173 170/296/173
f 95/83/7 97/61/7 177/293/173 176/297/173
f 81/298/7 83/295/7 170/296/173 169/299/173
f 93/117/7 95/83/7 176/297/173 175/300/173
f 91/141/7 93/117/7 175/300/173 174/288/173
f 180/50/33 181/75/52 182/4/1 179/301/33
f 184/302/162 183/303/145 185/304/145 186/305/162
f 186/305/162 185/304/145 187/306/145 188/307/162
f 188/307/162 187/306/145 189/308/145 190/309/162
f 190/309/162 189/308/145 191/310/145 192/311/174
f 192/311/174 191/310/145 193/312/175 194/313/50
f 192/311/174 194/313/50 195/314/50 196/215/10
f 200/216/10 199/228/50 197/170/50 198/164/10
f 198/164/10 197/170/50 201/150/50 202/144/10
f 202/144/10 201/150/50 203/128/50 204/120/10
f 204/120/10 203/128/50 205/98/50 206/86/10
f 206/86/10 205/98/50 207/76/50 208/64/10
f 208/64/10 207/76/50 181/75/52 209/19/10
f 209/19/10 181/75/52 180/50/33 210/20/11
f 179/301/33 182/4/1 211/3/1 212/315/33
f 212/315/33 211/3/1 213/316/1 214/317/33
f 214/317/33 213/316/1 215/318/1 216/319/33
f 216/319/33 215/318/1 563/320/1 564/321/33
f 226/322/176 255/323/177 601/324/178 688/325/178
f 232/219/143 228/218/142 229/184/126 234/183/125
f 238/147/104 219/146/103 223/139/100 240/138/99
f 254/326/179 217/327/180 565/328/181 600/329/178
f 218/167/115 233/166/114 235/159/111 222/158/110
f 220/123/87 239/122/86 241/113/81 224/112/80
f 593/69/48 342/68/47 231/55/38 592/54/37
f 343/105/73 340/104/72 237/253/134 230/252/167
f 341/59/42 344/58/41 243/47/32 236/46/31
f 245/93/65 345/92/64 244/79/55 242/78/54
f 233/166/114 232/219/143 234/183/125 235/159/111
f 219/146/103 218/167/115 222/158/110 223/139/100
f 239/122/86 238/147/104 240/138/99 241/113/81
f 221/330/182 220/123/87 224/112/80 225/331/183
f 342/68/47 343/105/73 230/252/167 231/55/38
f 344/58/41 245/93/65 242/78/54 243/47/32
f 340/104/72 341/59/42 236/46/31 237/253/134
f 250/116/84 347/32/23 348/31/22 252/332/178
f 246/66/45 251/82/58 253/333/178 249/334/178
f 345/92/64 695/126/90 589/262/169 244/79/55
f 346/35/24 258/335/184 256/336/184 257/36/24
f 257/36/24 256/336/184 259/337/184 260/338/24
f 260/338/24 259/337/184 261/339/184 262/340/24
f 262/340/24 261/339/184 263/341/184 264/342/24
f 264/342/24 263/341/184 266/343/184 265/344/24
f 268/345/8 267/346/6 269/347/6 270/348/8
f 270/348/8 269/347/6 271/264/6 272/255/8
f 272/255/8 271/264/6 273/208/6 274/176/8
f 274/176/8 273/208/6 275/162/6 276/156/8
f 276/156/8 275/162/6 278/12/6 277/142/8
f 277/142/8 278/12/6 279/11/6 280/118/8
f 280/118/8 279/11/6 281/96/6 282/84/8
f 282/84/8 281/96/6 283/72/6 284/62/8
f 284/62/8 283/72/6 285/40/6 286/15/8
f 286/15/8 285/40/6 631/39/6 630/16/8
f 265/344/24 266/343/184 287/349/184 288/350/24
f 288/350/24 287/349/184 289/351/184 290/352/24
f 290/352/24 289/351/184 291/353/184 292/354/24
f 292/354/24 291/353/184 293/355/184 294/356/24
f 294/356/24 293/355/184 641/357/184 640/358/24
f 306/359/185 295/360/178 296/361/186 297/362/187
f 308/363/188 304/364/178 300/365/189 301/366/190
f 302/367/191 295/360/178 305/368/178 309/369/192
f 298/370/193 304/364/178 305/368/178 307/371/194
f 319/174/120 310/372/178 311/373/195 312/181/123
f 313/256/168 317/374/178 318/375/178 314/173/119
f 333/101/69 320/376/178 321/109/77 322/102/70
f 334/89/61 330/377/178 326/135/97 325/90/62
f 328/131/93 320/376/178 331/378/178 329/132/94
f 323/153/108 330/377/178 331/378/178 324/154/109
f 339/7/4 677/379/178 680/52/35 335/8/5
f 336/43/28 685/380/178 678/381/178 337/44/29
f 196/215/10 195/314/50 199/228/50 200/216/10
f 227/382/196 226/322/176 688/325/178 687/383/197
f 255/323/177 254/326/179 600/329/178 601/324/178
f 299/384/198 300/365/189 304/364/178 298/370/193
f 309/369/192 305/368/178 304/364/178 308/363/188
f 303/385/199 296/361/186 295/360/178 302/367/191
f 307/371/194 305/368/178 295/360/178 306/359/185
f 316/251/166 315/250/165 317/374/178 313/256/168
f 314/173/119 318/375/178 310/372/178 319/174/120
f 332/110/78 321/109/77 320/376/178 328/131/93
f 324/154/109 331/378/178 320/376/178 333/101/69
f 327/136/98 326/135/97 330/377/178 323/153/108
f 329/132/94 331/378/178 330/377/178 334/89/61
f 337/44/29 678/381/178 677/379/178 339/7/4
f 338/24/15 683/23/14 685/380/178 336/43/28
f 251/82/58 250/116/84 252/332/178 253/333/178
f 247/27/18 246/66/45 249/334/178 248/28/19
f 65/81/57 156/115/83 250/116/84 251/82/58
f 31/257/33 1/261/33 179/301/33 212/315/33
f 101/179/24 79/178/24 265/344/24 288/350/24
f 32/2/1 34/204/1 213/316/1 211/3/1
f 102/265/170 104/284/170 289/351/184 287/349/184
f 69/190/132 136/189/131 254/326/179 255/323/177
f 481/195/137 68/193/135 227/382/196 687/383/197
f 33/258/33 31/257/33 212/315/33 214/317/33
f 103/202/24 101/179/24 288/350/24 290/352/24
f 34/204/1 36/200/1 215/318/1 213/316/1
f 104/284/170 106/280/170 291/353/184 289/351/184
f 35/259/33 33/258/33 214/317/33 216/319/33
f 105/203/24 103/202/24 290/352/24 292/354/24
f 1/261/33 30/49/33 180/50/33 179/301/33
f 70/286/170 72/282/170 256/336/184 258/335/184
f 150/130/92 127/107/75 332/110/78 328/131/93
f 28/74/51 2/1/1 182/4/1 181/75/52
f 151/100/68 128/151/106 324/154/109 333/101/69
f 36/200/1 384/201/1 563/320/1 215/318/1
f 106/280/170 108/275/170 293/355/184 291/353/184
f 72/282/170 74/278/170 259/337/184 256/336/184
f 383/260/33 35/259/33 216/319/33 564/321/33
f 107/205/24 105/203/24 292/354/24 294/356/24
f 73/263/24 71/33/24 257/36/24 260/338/24
f 67/196/138 415/188/130 565/328/181 217/327/180
f 16/198/50 133/199/50 199/228/50 195/314/50
f 152/152/107 125/133/95 327/136/98 323/153/108
f 54/168/116 218/167/115 219/146/103 39/145/102
f 108/275/170 456/274/170 641/357/184 293/355/184
f 4/232/152 6/231/145 185/304/145 183/303/145
f 74/278/170 76/272/170 261/339/184 259/337/184
f 17/163/10 134/213/10 200/216/10 198/164/10
f 58/124/88 220/123/87 221/330/182 37/244/161
f 455/206/24 107/205/24 294/356/24 640/358/24
f 5/248/162 3/249/164 184/302/162 186/305/162
f 75/212/24 73/263/24 260/338/24 262/340/24
f 153/88/60 129/129/91 329/132/94 334/89/61
f 42/140/101 223/139/100 222/158/110 55/157/110
f 80/266/170 102/265/170 287/349/184 266/343/184
f 135/191/133 69/190/132 255/323/177 226/322/176
f 43/271/172 225/331/183 224/112/80 59/111/79
f 115/225/148 144/223/147 298/370/193 307/371/194
f 6/231/145 8/221/145 187/306/145 185/304/145
f 76/272/170 78/269/170 263/341/184 261/339/184
f 68/193/135 135/191/133 226/322/176 227/382/196
f 110/211/140 111/210/139 297/362/187 296/361/186
f 7/245/162 5/248/162 186/305/162 188/307/162
f 77/209/24 75/212/24 262/340/24 264/342/24
f 144/223/147 112/222/146 299/384/198 298/370/193
f 113/234/154 145/237/157 308/363/188 301/366/190
f 136/189/131 67/196/138 217/327/180 254/326/179
f 154/6/3 132/41/26 337/44/29 339/7/4
f 109/230/151 113/234/154 301/366/190 300/365/189
f 8/221/145 10/224/145 189/308/145 187/306/145
f 78/269/170 80/266/170 266/343/184 263/341/184
f 112/222/146 109/230/151 300/365/189 299/384/198
f 9/246/162 7/245/162 188/307/162 190/309/162
f 79/178/24 77/209/24 264/342/24 265/344/24
f 155/42/27 131/21/12 338/24/15 336/43/28
f 66/56/39 231/55/38 230/252/167 50/194/136
f 146/239/159 114/240/160 303/385/199 302/367/191
f 52/220/144 232/219/143 233/166/114 45/165/113
f 116/238/158 146/239/159 302/367/191 309/369/192
f 10/224/145 12/226/145 191/310/145 189/308/145
f 46/160/112 235/159/111 234/183/125 53/182/124
f 114/240/160 110/211/140 296/361/186 303/385/199
f 111/210/139 147/227/149 306/359/185 297/362/187
f 11/247/163 9/246/162 190/309/162 192/311/174
f 82/243/6 84/242/6 269/347/6 267/346/6
f 147/227/149 115/225/148 307/371/194 306/359/185
f 14/177/121 13/197/50 194/313/50 193/312/175
f 83/295/7 81/298/7 268/345/8 270/348/8
f 40/192/134 237/253/134 236/46/31 61/45/30
f 145/237/157 116/238/158 309/369/192 308/363/188
f 12/226/145 14/177/121 193/312/175 191/310/145
f 56/148/105 238/147/104 239/122/86 47/121/85
f 84/242/6 86/241/6 271/264/6 269/347/6
f 48/114/82 241/113/81 240/138/99 57/137/99
f 85/254/7 83/295/7 270/348/8 272/255/8
f 13/197/50 16/198/50 195/314/50 194/313/50
f 44/48/32 243/47/32 242/78/54 51/77/53
f 118/233/153 119/180/122 312/181/123 311/373/195
f 15/214/10 11/247/163 192/311/174 196/215/10
f 350/386/1 530/387/1 557/388/1 378/389/1
f 478/390/200 679/391/201 686/392/202 503/393/203
f 436/394/6 621/395/6 622/396/6 438/397/6
f 445/13/7 630/16/8 629/398/8 443/399/7
f 375/400/204 556/401/205 555/402/50 373/403/50
f 479/404/206 684/405/207 683/23/14 476/22/13
f 1078/406/208 1280/407/209 595/408/210 409/409/211
f 408/410/212 696/411/213 1394/412/214 1182/413/215
f 417/414/24 603/415/24 1392/416/24 1167/417/24
f 444/418/6 628/419/6 631/39/6 446/38/6
f 480/420/216 682/421/217 681/422/218 504/423/219
f 406/424/220 388/425/221 588/426/221 581/427/222
f 376/428/33 528/429/33 556/401/205 375/400/204
f 477/51/34 680/52/35 679/391/201 478/390/200
f 405/53/36 412/430/223 576/431/224 592/54/37
f 491/432/225 487/433/226 690/434/227 693/435/228
f 443/399/7 629/398/8 627/436/8 441/437/7
f 373/403/50 555/402/50 554/438/50 371/439/50
f 409/409/211 595/408/210 594/440/229 506/441/230
f 492/442/231 411/70/49 593/69/48 691/443/232
f 442/444/6 626/445/6 628/419/6 444/418/6
f 372/446/10 553/447/10 529/448/233 374/449/234
f 395/450/235 393/187/129 590/451/236 587/452/237
f 506/441/230 594/440/229 597/453/238 410/454/239
f 441/437/7 627/436/8 625/455/8 439/456/7
f 371/439/50 554/438/50 552/457/50 369/458/50
f 472/459/240 667/460/241 676/461/242 502/462/243
f 490/463/244 404/464/245 591/465/246 694/466/247
f 440/467/6 624/468/6 626/445/6 442/444/6
f 370/469/10 551/470/10 553/447/10 372/446/10
f 470/471/248 664/472/249 675/473/250 500/474/251
f 488/475/252 489/476/253 692/477/254 689/478/255
f 473/479/256 674/480/257 663/481/258 469/482/259
f 403/483/260 392/484/261 586/485/262 572/486/263
f 505/487/264 596/488/265 696/411/213 408/410/212
f 439/456/7 625/455/8 623/489/8 437/490/7
f 369/458/50 552/457/50 550/491/50 367/492/50
f 391/493/266 402/494/267 569/495/268 584/496/269
f 486/125/89 490/463/244 694/466/247 695/126/90
f 438/397/6 622/396/6 624/468/6 440/467/6
f 368/497/10 549/498/10 551/470/10 370/469/10
f 475/499/270 671/500/271 670/501/272 499/502/273
f 471/503/274 669/504/275 668/505/276 468/506/277
f 401/507/278 387/508/279 571/509/280 585/510/278
f 404/464/245 491/432/225 693/435/228 591/465/246
f 437/490/7 623/489/8 620/511/8 435/512/7
f 367/492/50 550/491/50 548/513/50 365/514/50
f 468/506/277 668/505/276 667/460/241 472/459/240
f 385/515/281 400/516/282 583/517/283 568/518/284
f 366/519/10 547/520/10 549/498/10 368/497/10
f 474/521/285 666/522/286 665/523/287 501/524/288
f 435/512/7 620/511/8 619/525/8 433/526/7
f 469/482/259 663/481/258 664/472/249 470/471/248
f 399/527/289 390/528/290 580/529/291 570/530/289
f 489/476/253 492/442/231 691/443/232 692/477/254
f 434/531/6 618/532/6 621/395/6 436/394/6
f 365/514/50 548/513/50 544/533/50 363/534/50
f 389/535/292 398/536/293 567/537/294 578/538/295
f 364/539/10 543/540/10 547/520/10 366/519/10
f 498/541/296 661/542/297 659/543/298 467/544/299
f 433/526/7 619/525/8 617/545/8 431/546/7
f 486/125/89 447/547/24 425/548/24 360/549/300
f 465/550/301 657/551/302 661/542/297 498/541/296
f 397/552/303 1053/553/304 1258/554/305 579/555/306
f 485/556/307 388/425/221 406/424/220 416/557/308
f 406/424/220 386/558/309 484/559/310 416/557/308
f 386/558/309 394/560/311 414/561/312 484/559/310
f 394/560/311 412/430/223 481/195/137 414/561/312
f 413/562/313 395/450/235 388/425/221 485/556/307
f 415/188/130 393/187/129 395/450/235 413/562/313
f 490/463/244 486/125/89 360/549/300 359/563/10
f 404/464/245 490/463/244 359/563/10 362/564/10
f 491/432/225 404/464/245 362/564/10 482/565/10
f 487/433/226 491/432/225 482/565/10 364/539/10
f 488/475/252 487/433/226 364/539/10 366/519/10
f 489/476/253 488/475/252 366/519/10 368/497/10
f 492/442/231 489/476/253 368/497/10 370/469/10
f 382/566/1 384/201/1 411/70/49
f 372/446/10 411/70/49 492/442/231 370/469/10
f 486/125/89 449/567/24 447/547/24
f 374/449/234 350/386/1 411/70/49 372/446/10
f 350/386/1 378/389/1 411/70/49
f 486/125/89 451/568/24 449/567/24
f 378/389/1 380/569/1 411/70/49
f 380/569/1 382/566/1 411/70/49
f 486/125/89 453/570/24 451/568/24
f 486/125/89 455/206/24 453/570/24
f 432/571/6 616/572/6 618/532/6 434/531/6
f 423/573/24 421/574/24 458/575/314 459/576/315
f 483/577/50 546/578/50 542/579/50 361/580/50
f 1050/581/316 396/582/317 577/583/318 1257/584/319
f 354/585/145 356/586/145 493/587/320 460/588/321
f 356/586/145 358/589/145 463/590/322 493/587/320
f 358/589/145 360/549/300 496/591/323 463/590/322
f 487/433/226 488/475/252 689/478/255 690/434/227
f 482/565/10 545/592/10 543/540/10 364/539/10
f 1137/593/324 1014/594/145 352/595/145 457/596/325
f 457/596/325 352/595/145 354/585/145 460/588/321
f 465/550/301 417/414/24 1167/417/24 1138/597/326
f 461/598/327 494/599/328 497/600/329 466/601/330
f 494/599/328 464/602/331 467/544/299 497/600/329
f 464/602/331 495/603/332 498/541/296 467/544/299
f 495/603/332 462/604/333 465/550/301 498/541/296
f 466/601/330 1137/593/324 457/596/325 461/598/327
f 1050/581/316 428/605/6 430/606/6
f 385/515/281 367/492/50 365/514/50 400/516/282
f 1050/581/316 1098/607/6 428/605/6
f 1050/581/316 430/606/6 432/571/6
f 400/516/282 365/514/50 363/534/50 391/493/266
f 402/494/267 483/577/50 361/580/50 1049/608/334
f 1049/608/334 355/609/162 353/610/162
f 361/580/50 357/611/335 355/609/162 1049/608/334
f 1049/608/334 353/610/162 351/612/162
f 398/536/293 389/535/292 371/439/50 369/458/50
f 1050/581/316 432/571/6 434/531/6 375/400/204
f 1049/608/334 351/612/162 1013/613/162
f 389/535/292 396/582/317 373/403/50 371/439/50
f 391/493/266 363/534/50 483/577/50 402/494/267
f 385/515/281 398/536/293 369/458/50 367/492/50
f 396/582/317 1050/581/316 375/400/204 373/403/50
f 466/601/330 660/614/336 1353/615/337 1137/593/324
f 394/560/311 386/558/309 582/616/309 575/617/338
f 431/546/7 617/545/8 615/618/8 429/619/7
f 497/600/329 658/620/339 660/614/336 466/601/330
f 467/544/299 659/543/298 658/620/339 497/600/329
f 499/502/273 473/479/256 379/621/33 377/622/33
f 478/390/200 444/418/6 446/38/6 477/51/34
f 501/524/288 471/503/274 478/390/200 503/393/203
f 474/521/285 501/524/288 503/393/203 480/420/216
f 500/474/251 474/521/285 480/420/216 504/423/219
f 470/471/248 500/474/251 504/423/219 479/404/206
f 469/482/259 470/471/248 479/404/206 476/22/13
f 381/623/33 469/482/259 476/22/13 383/260/33
f 379/621/33 473/479/256 469/482/259 381/623/33
f 471/503/274 442/444/6 444/418/6 478/390/200
f 468/506/277 440/467/6 442/444/6 471/503/274
f 349/624/33 475/499/270 499/502/273 377/622/33
f 376/428/33 502/462/243 475/499/270 349/624/33
f 438/397/6 440/467/6 468/506/277 472/459/240
f 376/428/33 436/394/6 438/397/6 472/459/240 502/462/243
f 375/400/204 434/531/6 436/394/6 376/428/33
f 393/187/129 407/186/128 589/262/169 590/451/236
f 462/604/333 419/625/24 417/414/24 465/550/301
f 458/575/314 421/574/24 419/625/24 462/604/333
f 360/549/300 425/548/24 423/573/24 459/576/315 496/591/323
f 430/606/6 614/626/6 616/572/6 432/571/6
f 448/627/170 512/628/171 511/629/171 426/630/170
f 410/454/239 505/487/264 399/527/289 387/508/279
f 426/630/170 511/629/171 510/631/171 424/632/170
f 1078/406/208 403/483/260 1055/633/340
f 505/487/264 408/410/212 390/528/290 399/527/289
f 409/409/211 392/484/261 403/483/260 1078/406/208
f 401/507/278 392/484/261 409/409/211 506/441/230
f 506/441/230 410/454/239 387/508/279 401/507/278
f 1053/553/304 397/552/303 1182/413/215
f 424/632/170 510/631/171 509/634/171 422/635/170
f 397/552/303 390/528/290 408/410/212 1182/413/215
f 456/274/170 516/277/171 515/636/171 454/637/170
f 422/635/170 509/634/171 508/638/171 420/639/170
f 454/637/170 515/636/171 514/640/171 452/641/170
f 420/639/170 508/638/171 507/642/171 418/643/170
f 452/641/170 514/640/171 513/644/171 450/645/170
f 450/645/170 513/644/171 512/628/171 448/627/170
f 418/643/170 507/642/171 1183/646/171 1086/647/170
f 433/526/7 520/648/173 521/649/173 435/512/7
f 443/399/7 525/650/173 526/290/173 445/13/7
f 431/546/7 519/651/173 520/648/173 433/526/7
f 441/437/7 524/652/173 525/650/173 443/399/7
f 429/619/7 518/653/173 519/651/173 431/546/7
f 427/654/7 517/655/173 518/653/173 429/619/7
f 439/456/7 523/656/173 524/652/173 441/437/7
f 1097/657/7 1194/658/173 517/655/173 427/654/7
f 437/490/7 522/659/173 523/656/173 439/456/7
f 435/512/7 521/649/173 522/659/173 437/490/7
f 528/429/33 527/660/33 530/387/1 529/448/233
f 1210/661/162 532/662/162 531/663/145 1209/664/145
f 532/662/162 534/665/162 533/666/145 531/663/145
f 534/665/162 536/667/162 535/668/145 533/666/145
f 536/667/162 538/669/341 537/670/145 535/668/145
f 538/669/341 540/671/10 539/672/342 537/670/145
f 538/669/341 542/579/50 541/673/10 540/671/10
f 546/578/50 544/533/50 543/540/10 545/592/10
f 544/533/50 548/513/50 547/520/10 543/540/10
f 548/513/50 550/491/50 549/498/10 547/520/10
f 550/491/50 552/457/50 551/470/10 549/498/10
f 552/457/50 554/438/50 553/447/10 551/470/10
f 554/438/50 555/402/50 529/448/233 553/447/10
f 555/402/50 556/401/205 528/429/33 529/448/233
f 527/660/33 558/674/33 557/388/1 530/387/1
f 558/674/33 560/675/33 559/676/1 557/388/1
f 560/675/33 562/677/33 561/678/1 559/676/1
f 562/677/33 564/321/33 563/320/1 561/678/1
f 573/679/343 688/325/178 601/324/178 599/680/344
f 577/583/318 579/555/306 1258/554/305 1257/584/319
f 583/517/283 585/510/278 571/509/280 568/518/284
f 598/681/345 600/329/178 565/328/181 566/682/346
f 567/537/294 570/530/289 580/529/291 578/538/295
f 569/495/268 572/486/263 586/485/262 584/496/269
f 593/69/48 592/54/37 576/431/224 691/443/232
f 692/477/254 575/617/338 582/616/309 689/478/255
f 690/434/227 581/427/222 588/426/221 693/435/228
f 591/465/246 587/452/237 590/451/236 694/466/247
f 578/538/295 580/529/291 579/555/306 577/583/318
f 568/518/284 571/509/280 570/530/289 567/537/294
f 584/496/269 586/485/262 585/510/278 583/517/283
f 1250/683/347 1254/684/348 572/486/263 569/495/268
f 691/443/232 576/431/224 575/617/338 692/477/254
f 693/435/228 588/426/221 587/452/237 591/465/246
f 689/478/255 582/616/309 581/427/222 690/434/227
f 596/488/265 1284/685/178 1394/412/214 696/411/213
f 594/440/229 1281/686/178 1285/687/178 597/453/238
f 694/466/247 590/451/236 589/262/169 695/126/90
f 1392/416/24 603/415/24 602/688/184 1292/689/184
f 603/415/24 605/690/24 604/691/184 602/688/184
f 605/690/24 607/692/24 606/693/184 604/691/184
f 607/692/24 609/694/24 608/695/184 606/693/184
f 609/694/24 610/696/24 611/697/184 608/695/184
f 1302/698/8 613/699/8 612/700/6 1301/701/6
f 613/699/8 615/618/8 614/626/6 612/700/6
f 615/618/8 617/545/8 616/572/6 614/626/6
f 617/545/8 619/525/8 618/532/6 616/572/6
f 619/525/8 620/511/8 621/395/6 618/532/6
f 620/511/8 623/489/8 622/396/6 621/395/6
f 623/489/8 625/455/8 624/468/6 622/396/6
f 625/455/8 627/436/8 626/445/6 624/468/6
f 627/436/8 629/398/8 628/419/6 626/445/6
f 629/398/8 630/16/8 631/39/6 628/419/6
f 610/696/24 633/702/24 632/703/184 611/697/184
f 633/702/24 635/704/24 634/705/184 632/703/184
f 635/704/24 637/706/24 636/707/184 634/705/184
f 637/706/24 639/708/24 638/709/184 636/707/184
f 639/708/24 640/358/24 641/357/184 638/709/184
f 653/710/349 644/711/350 643/712/351 642/713/178
f 655/714/352 648/715/353 647/716/354 651/717/178
f 649/718/355 656/719/356 652/720/178 642/713/178
f 645/721/357 654/722/358 652/720/178 651/717/178
f 661/542/297 657/551/302 1349/723/359 1348/724/178
f 658/620/339 659/543/298 1356/725/178 1355/726/178
f 675/473/250 664/472/249 663/481/258 662/727/178
f 676/461/242 667/460/241 668/505/276 672/728/178
f 670/501/272 671/500/271 673/729/178 662/727/178
f 665/523/287 666/522/286 673/729/178 672/728/178
f 686/392/202 679/391/201 680/52/35 677/379/178
f 681/422/218 682/421/217 678/381/178 685/380/178
f 542/579/50 546/578/50 545/592/10 541/673/10
f 574/730/360 687/383/197 688/325/178 573/679/343
f 599/680/344 601/324/178 600/329/178 598/681/345
f 646/731/361 645/721/357 651/717/178 647/716/354
f 656/719/356 655/714/352 651/717/178 652/720/178
f 650/732/362 649/718/355 642/713/178 643/712/351
f 654/722/358 653/710/349 642/713/178 652/720/178
f 660/614/336 658/620/339 1355/726/178 1353/615/337
f 659/543/298 661/542/297 1348/724/178 1356/725/178
f 674/480/257 670/501/272 662/727/178 663/481/258
f 666/522/286 675/473/250 662/727/178 673/729/178
f 669/504/275 665/523/287 672/728/178 668/505/276
f 671/500/271 676/461/242 672/728/178 673/729/178
f 682/421/217 686/392/202 677/379/178 678/381/178
f 684/405/207 681/422/218 685/380/178 683/23/14
f 597/453/238 1285/687/178 1284/685/178 596/488/265
f 595/408/210 1280/407/209 1281/686/178 594/440/229
f 410/454/239 597/453/238 596/488/265 505/487/264
f 377/622/33 558/674/33 527/660/33 349/624/33
f 447/547/24 633/702/24 610/696/24 425/548/24
f 378/389/1 557/388/1 559/676/1 380/569/1
f 448/627/170 632/703/184 634/705/184 450/645/170
f 416/557/308 599/680/344 598/681/345 485/556/307
f 481/195/137 687/383/197 574/730/360 414/561/312
f 379/621/33 560/675/33 558/674/33 377/622/33
f 449/567/24 635/704/24 633/702/24 447/547/24
f 380/569/1 559/676/1 561/678/1 382/566/1
f 450/645/170 634/705/184 636/707/184 452/641/170
f 381/623/33 562/677/33 560/675/33 379/621/33
f 451/568/24 637/706/24 635/704/24 449/567/24
f 349/624/33 527/660/33 528/429/33 376/428/33
f 1086/647/170 1292/689/184 602/688/184 418/643/170
f 499/502/273 670/501/272 674/480/257 473/479/256
f 374/449/234 529/448/233 530/387/1 350/386/1
f 500/474/251 675/473/250 666/522/286 474/521/285
f 382/566/1 561/678/1 563/320/1 384/201/1
f 452/641/170 636/707/184 638/709/184 454/637/170
f 418/643/170 602/688/184 604/691/184 420/639/170
f 383/260/33 564/321/33 562/677/33 381/623/33
f 453/570/24 639/708/24 637/706/24 451/568/24
f 419/625/24 605/690/24 603/415/24 417/414/24
f 413/562/313 566/682/346 565/328/181 415/188/130
f 362/564/10 541/673/10 545/592/10 482/565/10
f 501/524/288 665/523/287 669/504/275 471/503/274
f 398/536/293 385/515/281 568/518/284 567/537/294
f 454/637/170 638/709/184 641/357/184 456/274/170
f 1014/594/145 1209/664/145 531/663/145 352/595/145
f 420/639/170 604/691/184 606/693/184 422/635/170
f 363/534/50 544/533/50 546/578/50 483/577/50
f 402/494/267 1049/608/334 1250/683/347 569/495/268
f 455/206/24 640/358/24 639/708/24 453/570/24
f 351/612/162 532/662/162 1210/661/162 1013/613/162
f 421/574/24 607/692/24 605/690/24 419/625/24
f 502/462/243 676/461/242 671/500/271 475/499/270
f 387/508/279 399/527/289 570/530/289 571/509/280
f 426/630/170 611/697/184 632/703/184 448/627/170
f 484/559/310 573/679/343 599/680/344 416/557/308
f 1055/633/340 403/483/260 572/486/263 1254/684/348
f 463/590/322 654/722/358 645/721/357 493/587/320
f 352/595/145 531/663/145 533/666/145 354/585/145
f 422/635/170 606/693/184 608/695/184 424/632/170
f 414/561/312 574/730/360 573/679/343 484/559/310
f 458/575/314 643/712/351 644/711/350 459/576/315
f 353/610/162 534/665/162 532/662/162 351/612/162
f 423/573/24 609/694/24 607/692/24 421/574/24
f 493/587/320 645/721/357 646/731/361 460/588/321
f 461/598/327 648/715/353 655/714/352 494/599/328
f 485/556/307 598/681/345 566/682/346 413/562/313
f 503/393/203 686/392/202 682/421/217 480/420/216
f 457/596/325 647/716/354 648/715/353 461/598/327
f 354/585/145 533/666/145 535/668/145 356/586/145
f 424/632/170 608/695/184 611/697/184 426/630/170
f 460/588/321 646/731/361 647/716/354 457/596/325
f 355/609/162 536/667/162 534/665/162 353/610/162
f 425/548/24 610/696/24 609/694/24 423/573/24
f 504/423/219 681/422/218 684/405/207 479/404/206
f 412/430/223 394/560/311 575/617/338 576/431/224
f 495/603/332 649/718/355 650/732/362 462/604/333
f 396/582/317 389/535/292 578/538/295 577/583/318
f 464/602/331 656/719/356 649/718/355 495/603/332
f 356/586/145 535/668/145 537/670/145 358/589/145
f 390/528/290 397/552/303 579/555/306 580/529/291
f 462/604/333 650/732/362 643/712/351 458/575/314
f 459/576/315 644/711/350 653/710/349 496/591/323
f 357/611/335 538/669/341 536/667/162 355/609/162
f 1098/607/6 1301/701/6 612/700/6 428/605/6
f 496/591/323 653/710/349 654/722/358 463/590/322
f 360/549/300 539/672/342 540/671/10 359/563/10
f 427/654/7 613/699/8 1302/698/8 1097/657/7
f 386/558/309 406/424/220 581/427/222 582/616/309
f 494/599/328 655/714/352 656/719/356 464/602/331
f 358/589/145 537/670/145 539/672/342 360/549/300
f 400/516/282 391/493/266 584/496/269 583/517/283
f 428/605/6 612/700/6 614/626/6 430/606/6
f 392/484/261 401/507/278 585/510/278 586/485/262
f 429/619/7 615/618/8 613/699/8 427/654/7
f 359/563/10 540/671/10 541/673/10 362/564/10
f 388/425/221 395/450/235 587/452/237 588/426/221
f 1138/597/326 1349/723/359 657/551/302 465/550/301
f 361/580/50 542/579/50 538/669/341 357/611/335
f 412/430/223 405/53/36 66/56/39 481/195/137
f 698/733/1 864/734/1 891/735/1 726/736/1
f 816/737/200 999/738/201 1003/739/202 839/740/203
f 779/741/6 947/742/6 948/743/6 781/744/6
f 1117/745/7 1321/746/8 955/747/8 786/748/7
f 723/749/204 890/750/205 889/751/50 721/752/50
f 817/753/206 1002/754/363 1379/755/14 1150/756/13
f 1458/757/364 1648/758/365 923/759/366 753/760/367
f 752/761/368 1010/762/369 1748/763/370 1558/764/371
f 760/765/24 929/766/24 1746/767/24 1539/768/24
f 787/769/6 954/770/6 1322/771/6 1118/772/6
f 818/773/216 1001/774/217 1000/775/218 840/776/219
f 751/777/220 734/778/221 919/779/221 912/780/222
f 724/781/33 862/782/33 890/750/205 723/749/204
f 1151/783/34 1376/784/35 999/738/201 816/737/200
f 1073/785/36 756/786/223 907/787/224 1276/788/37
f 827/789/225 823/790/226 1005/791/227 1008/792/228
f 786/748/7 955/747/8 953/793/8 784/794/7
f 721/752/50 889/751/50 888/795/50 719/796/50
f 753/760/367 923/759/366 922/797/229 842/798/372
f 828/799/231 1080/800/49 1277/801/48 1006/802/232
f 785/803/6 952/804/6 954/770/6 787/769/6
f 720/805/10 887/806/10 863/807/233 722/808/234
f 755/809/373 1557/810/374 1649/811/375 1653/812/178
f 741/813/235 739/814/129 920/815/236 918/816/237
f 842/798/372 922/797/229 925/817/238 754/818/239
f 784/794/7 953/793/8 951/819/8 782/820/7
f 719/796/50 888/795/50 886/821/50 717/822/50
f 812/823/240 989/824/241 998/825/242 838/826/376
f 826/827/244 750/828/245 921/829/246 1009/830/247
f 783/831/6 950/832/6 952/804/6 785/803/6
f 718/833/10 885/834/10 887/806/10 720/805/10
f 810/835/248 986/836/249 997/837/250 836/838/251
f 824/839/252 825/840/253 1007/841/254 1004/842/255
f 813/843/256 996/844/257 985/845/258 809/846/259
f 749/847/377 738/848/261 917/849/262 903/850/378
f 841/851/264 924/852/379 1010/762/369 752/761/368
f 782/820/7 951/819/8 949/853/8 780/854/7
f 717/822/50 886/821/50 884/855/50 715/856/50
f 737/857/266 748/858/380 900/859/381 915/860/269
f 1160/861/89 826/827/244 1009/830/247 1391/862/90
f 781/744/6 948/743/6 950/832/6 783/831/6
f 716/863/10 883/864/10 885/834/10 718/833/10
f 815/865/382 993/866/271 992/867/383 835/868/273
f 811/869/274 991/870/275 990/871/276 808/872/277
f 747/873/278 733/874/279 902/875/280 916/876/278
f 750/828/245 827/789/225 1008/792/228 921/829/246
f 780/854/7 949/853/8 946/877/8 778/878/7
f 715/856/50 884/855/50 882/879/50 713/880/50
f 808/872/277 990/871/276 989/824/241 812/823/240
f 731/881/281 746/882/282 914/883/283 899/884/384
f 714/885/10 881/886/10 883/864/10 716/863/10
f 814/887/285 988/888/286 987/889/287 837/890/288
f 778/878/7 946/877/8 945/891/8 776/892/7
f 809/846/259 985/845/258 986/836/249 810/835/248
f 745/893/289 736/894/290 911/895/291 901/896/289
f 825/840/253 828/799/231 1006/802/232 1007/841/254
f 777/897/6 944/898/6 947/742/6 779/741/6
f 713/880/50 882/879/50 878/899/50 711/900/50
f 735/901/292 744/902/293 898/903/294 909/904/295
f 712/905/10 877/906/10 881/886/10 714/885/10
f 834/907/296 983/908/297 981/909/298 807/910/385
f 776/892/7 945/891/8 943/911/8 774/912/7
f 806/913/386 1546/914/387 1710/915/388 1718/916/389
f 1160/861/89 788/917/24 768/918/24 708/919/300
f 804/920/390 979/921/391 983/908/297 834/907/296
f 743/922/392 1435/923/393 1629/924/394 910/925/395
f 1075/926/128 739/814/129 1084/927/130 1061/928/56
f 822/929/307 734/778/221 751/777/220 759/930/308
f 751/777/220 732/931/309 821/932/310 759/930/308
f 732/931/309 740/933/311 758/934/312 821/932/310
f 740/933/311 756/786/223 1155/935/137 758/934/312
f 757/936/313 741/813/235 734/778/221 822/929/307
f 1084/927/130 739/814/129 741/813/235 757/936/313
f 826/827/244 1160/861/89 708/919/300 707/937/10
f 750/828/245 826/827/244 707/937/10 710/938/10
f 827/789/225 750/828/245 710/938/10 819/939/10
f 823/790/226 827/789/225 819/939/10 712/905/10
f 824/839/252 823/790/226 712/905/10 714/885/10
f 825/840/253 824/839/252 714/885/10 716/863/10
f 828/799/231 825/840/253 716/863/10 718/833/10
f 730/940/1 1048/941/1 1080/800/49
f 720/805/10 1080/800/49 828/799/231 718/833/10
f 1160/861/89 790/942/24 788/917/24
f 722/808/234 698/733/1 1080/800/49 720/805/10
f 698/733/1 726/736/1 1080/800/49
f 1160/861/89 792/943/24 790/942/24
f 726/736/1 728/944/1 1080/800/49
f 728/944/1 730/940/1 1080/800/49
f 1160/861/89 794/945/24 792/943/24
f 1160/861/89 1127/946/24 794/945/24
f 775/947/6 942/948/6 944/898/6 777/897/6
f 766/949/24 764/950/24 797/951/314 798/952/315
f 820/953/50 880/954/50 876/955/50 709/956/50
f 1545/957/396 806/913/386 1718/916/389 1717/958/397
f 1432/959/398 742/960/399 908/961/400 1628/962/401
f 702/963/145 704/964/145 829/965/320 799/966/321
f 704/964/145 706/967/145 802/968/322 829/965/320
f 706/967/145 708/919/300 832/969/323 802/968/322
f 823/790/226 824/839/252 1004/842/255 1005/791/227
f 819/939/10 879/970/10 877/906/10 712/905/10
f 1512/971/402 1398/972/145 700/973/145 796/974/325
f 796/974/325 700/973/145 702/963/145 799/966/321
f 804/920/390 760/765/24 1539/768/24 1513/975/403
f 800/976/327 830/977/328 833/978/329 805/979/404
f 830/977/328 803/980/331 807/910/385 833/978/329
f 803/980/331 831/981/332 834/907/296 807/910/385
f 831/981/332 801/982/333 804/920/390 834/907/296
f 805/979/404 1512/971/402 796/974/325 800/976/327
f 1432/959/398 771/983/6 773/984/6
f 731/881/281 715/856/50 713/880/50 746/882/282
f 1432/959/398 1477/985/6 771/983/6
f 1432/959/398 773/984/6 775/947/6
f 746/882/282 713/880/50 711/900/50 737/857/266
f 748/858/380 820/953/50 709/956/50 1431/986/405
f 1431/986/405 703/987/162 701/988/162
f 709/956/50 705/989/335 703/987/162 1431/986/405
f 1431/986/405 701/988/162 699/990/162
f 744/902/293 735/901/292 719/796/50 717/822/50
f 1432/959/398 775/947/6 777/897/6 723/749/204
f 1431/986/405 699/990/162 1397/991/162
f 735/901/292 742/960/399 721/752/50 719/796/50
f 737/857/266 711/900/50 820/953/50 748/858/380
f 731/881/281 744/902/293 717/822/50 715/856/50
f 742/960/399 1432/959/398 723/749/204 721/752/50
f 805/979/404 982/992/406 1715/993/407 1512/971/402
f 740/933/311 732/931/309 913/994/309 906/995/408
f 774/912/7 943/911/8 941/996/8 772/997/7
f 833/978/329 980/998/339 982/992/406 805/979/404
f 807/910/385 981/909/298 980/998/339 833/978/329
f 835/868/273 813/843/256 727/999/33 725/1000/33
f 816/737/200 787/769/6 1118/772/6 1151/783/34
f 837/890/288 811/869/274 816/737/200 839/740/203
f 814/887/285 837/890/288 839/740/203 818/773/216
f 836/838/251 814/887/285 818/773/216 840/776/219
f 810/835/248 836/838/251 840/776/219 817/753/206
f 809/846/259 810/835/248 817/753/206 1150/756/13
f 729/1001/33 809/846/259 1150/756/13 1047/1002/33
f 727/999/33 813/843/256 809/846/259 729/1001/33
f 811/869/274 785/803/6 787/769/6 816/737/200
f 808/872/277 783/831/6 785/803/6 811/869/274
f 697/1003/33 815/865/382 835/868/273 725/1000/33
f 724/781/33 838/826/376 815/865/382 697/1003/33
f 781/744/6 783/831/6 808/872/277 812/823/240
f 724/781/33 779/741/6 781/744/6 812/823/240 838/826/376
f 723/749/204 777/897/6 779/741/6 724/781/33
f 739/814/129 1075/926/128 1273/1004/169 920/815/236
f 801/982/333 762/1005/24 760/765/24 804/920/390
f 797/951/314 764/950/24 762/1005/24 801/982/333
f 708/919/300 768/918/24 766/949/24 798/952/315 832/969/323
f 773/984/6 940/1006/6 942/948/6 775/947/6
f 789/1007/170 848/1008/171 847/1009/171 769/1010/170
f 754/818/239 841/851/264 745/893/289 733/874/279
f 769/1010/170 847/1009/171 846/1011/171 767/1012/170
f 1458/757/364 749/847/377 1437/1013/409
f 841/851/264 752/761/368 736/894/290 745/893/289
f 753/760/367 738/848/261 749/847/377 1458/757/364
f 747/873/278 738/848/261 753/760/367 842/798/372
f 842/798/372 754/818/239 733/874/279 747/873/278
f 1435/923/393 743/922/392 1558/764/371
f 767/1012/170 846/1011/171 845/1014/171 765/1015/170
f 743/922/392 736/894/290 752/761/368 1558/764/371
f 1128/1016/170 1193/1017/171 851/1018/171 795/1019/170
f 765/1015/170 845/1014/171 844/1020/171 763/1021/170
f 795/1019/170 851/1018/171 850/1022/171 793/1023/170
f 763/1021/170 844/1020/171 843/1024/171 761/1025/170
f 793/1023/170 850/1022/171 849/1026/171 791/1027/170
f 791/1027/170 849/1026/171 848/1008/171 789/1007/170
f 761/1025/170 843/1024/171 1559/1028/171 1465/1029/170
f 776/892/7 855/1030/173 856/1031/173 778/878/7
f 786/748/7 860/1032/173 1204/1033/173 1117/745/7
f 774/912/7 854/1034/173 855/1030/173 776/892/7
f 784/794/7 859/1035/173 860/1032/173 786/748/7
f 772/997/7 853/1036/173 854/1034/173 774/912/7
f 770/1037/7 852/1038/173 853/1036/173 772/997/7
f 782/820/7 858/1039/173 859/1035/173 784/794/7
f 1476/1040/7 1569/1041/173 852/1038/173 770/1037/7
f 780/854/7 857/1042/173 858/1039/173 782/820/7
f 778/878/7 856/1031/173 857/1042/173 780/854/7
f 862/782/33 861/1043/33 864/734/1 863/807/233
f 1584/1044/162 866/1045/162 865/1046/145 1583/1047/145
f 866/1045/162 868/1048/162 867/1049/145 865/1046/145
f 868/1048/162 870/1050/162 869/1051/145 867/1049/145
f 870/1050/162 872/1052/341 871/1053/145 869/1051/145
f 872/1052/341 874/1054/10 873/1055/342 871/1053/145
f 872/1052/341 876/955/50 875/1056/10 874/1054/10
f 880/954/50 878/899/50 877/906/10 879/970/10
f 878/899/50 882/879/50 881/886/10 877/906/10
f 882/879/50 884/855/50 883/864/10 881/886/10
f 884/855/50 886/821/50 885/834/10 883/864/10
f 886/821/50 888/795/50 887/806/10 885/834/10
f 888/795/50 889/751/50 863/807/233 887/806/10
f 889/751/50 890/750/205 862/782/33 863/807/233
f 861/1043/33 892/1057/33 891/735/1 864/734/1
f 892/1057/33 894/1058/33 893/1059/1 891/735/1
f 894/1058/33 896/1060/33 895/1061/1 893/1059/1
f 896/1060/33 1244/1062/33 1243/1063/1 895/1061/1
f 904/1064/343 1384/1065/178 1289/1066/178 927/1067/344
f 908/961/400 910/925/395 1629/924/394 1628/962/401
f 914/883/283 916/876/278 902/875/280 899/884/384
f 926/1068/345 1288/1069/178 1245/1070/181 897/1071/346
f 898/903/294 901/896/289 911/895/291 909/904/295
f 900/859/381 903/850/378 917/849/262 915/860/269
f 1277/801/48 1276/788/37 907/787/224 1006/802/232
f 1007/841/254 906/995/408 913/994/309 1004/842/255
f 1005/791/227 912/780/222 919/779/221 1008/792/228
f 921/829/246 918/816/237 920/815/236 1009/830/247
f 909/904/295 911/895/291 910/925/395 908/961/400
f 899/884/384 902/875/280 901/896/289 898/903/294
f 915/860/269 917/849/262 916/876/278 914/883/283
f 1621/1072/410 1625/1073/411 903/850/378 900/859/381
f 1006/802/232 907/787/224 906/995/408 1007/841/254
f 1008/792/228 919/779/221 918/816/237 921/829/246
f 1004/842/255 913/994/309 912/780/222 1005/791/227
f 924/852/379 1652/1074/412 1748/763/370 1010/762/369
f 922/797/229 1649/1075/375 1653/1076/178 925/817/238
f 1009/830/247 920/815/236 1273/1004/169 1391/862/90
f 1746/767/24 929/766/24 928/1077/184 1658/1078/184
f 929/766/24 931/1079/24 930/1080/184 928/1077/184
f 931/1079/24 933/1081/24 932/1082/184 930/1080/184
f 933/1081/24 935/1083/24 934/1084/184 932/1082/184
f 935/1083/24 936/1085/24 937/1086/184 934/1084/184
f 1668/1087/8 939/1088/8 938/1089/6 1667/1090/6
f 939/1088/8 941/996/8 940/1006/6 938/1089/6
f 941/996/8 943/911/8 942/948/6 940/1006/6
f 943/911/8 945/891/8 944/898/6 942/948/6
f 945/891/8 946/877/8 947/742/6 944/898/6
f 946/877/8 949/853/8 948/743/6 947/742/6
f 949/853/8 951/819/8 950/832/6 948/743/6
f 951/819/8 953/793/8 952/804/6 950/832/6
f 953/793/8 955/747/8 954/770/6 952/804/6
f 955/747/8 1321/746/8 1322/771/6 954/770/6
f 936/1085/24 957/1091/24 956/1092/184 937/1086/184
f 957/1091/24 959/1093/24 958/1094/184 956/1092/184
f 959/1093/24 961/1095/24 960/1096/184 958/1094/184
f 961/1095/24 963/1097/24 962/1098/184 960/1096/184
f 963/1097/24 1331/1099/24 1332/1100/184 962/1098/184
f 975/1101/349 966/1102/350 965/1103/351 964/1104/178
f 977/1105/352 970/1106/353 969/1107/354 973/1108/178
f 971/1109/355 978/1110/356 974/1111/178 964/1104/178
f 967/1112/357 976/1113/358 974/1111/178 973/1108/178
f 983/908/297 979/921/391 1711/1114/413 1710/1115/388
f 980/998/339 981/909/298 1718/1116/389 1717/1117/397
f 997/837/250 986/836/249 985/845/258 984/1118/178
f 998/825/242 989/824/241 990/871/276 994/1119/178
f 992/867/383 993/866/271 995/1120/178 984/1118/178
f 987/889/287 988/888/286 995/1120/178 994/1119/178
f 1003/739/202 999/738/201 1376/784/35 1373/1121/178
f 1000/775/218 1001/774/217 1374/1122/178 1381/1123/178
f 876/955/50 880/954/50 879/970/10 875/1056/10
f 905/1124/360 1383/1125/197 1384/1065/178 904/1064/343
f 927/1067/344 1289/1066/178 1288/1069/178 926/1068/345
f 968/1126/361 967/1112/357 973/1108/178 969/1107/354
f 978/1110/356 977/1105/352 973/1108/178 974/1111/178
f 972/1127/362 971/1109/355 964/1104/178 965/1103/351
f 976/1113/358 975/1101/349 964/1104/178 974/1111/178
f 982/992/406 980/998/339 1717/1117/397 1715/993/407
f 981/909/298 983/908/297 1710/1115/388 1718/1116/389
f 996/844/257 992/867/383 984/1118/178 985/845/258
f 988/888/286 997/837/250 984/1118/178 995/1120/178
f 991/870/275 987/889/287 994/1119/178 990/871/276
f 993/866/271 998/825/242 994/1119/178 995/1120/178
f 1001/774/217 1003/739/202 1373/1121/178 1374/1122/178
f 1002/754/363 1000/775/218 1381/1123/178 1379/755/14
f 925/817/238 1653/1076/178 1652/1074/412 924/852/379
f 923/759/366 1648/758/365 1649/1075/375 922/797/229
f 754/818/239 925/817/238 924/852/379 841/851/264
f 725/1000/33 892/1057/33 861/1043/33 697/1003/33
f 788/917/24 957/1091/24 936/1085/24 768/918/24
f 1555/1128/414 755/809/373 1653/812/178 1652/1129/412
f 726/736/1 891/735/1 893/1059/1 728/944/1
f 789/1007/170 956/1092/184 958/1094/184 791/1027/170
f 759/930/308 927/1067/344 926/1068/345 822/929/307
f 1155/935/137 1383/1125/197 905/1124/360 758/934/312
f 727/999/33 894/1058/33 892/1057/33 725/1000/33
f 790/942/24 959/1093/24 957/1091/24 788/917/24
f 728/944/1 893/1059/1 895/1061/1 730/940/1
f 791/1027/170 958/1094/184 960/1096/184 793/1023/170
f 729/1001/33 896/1060/33 894/1058/33 727/999/33
f 792/943/24 961/1095/24 959/1093/24 790/942/24
f 697/1003/33 861/1043/33 862/782/33 724/781/33
f 1465/1029/170 1658/1078/184 928/1077/184 761/1025/170
f 835/868/273 992/867/383 996/844/257 813/843/256
f 722/808/234 863/807/233 864/734/1 698/733/1
f 836/838/251 997/837/250 988/888/286 814/887/285
f 730/940/1 895/1061/1 1243/1063/1 1048/941/1
f 793/1023/170 960/1096/184 962/1098/184 795/1019/170
f 761/1025/170 928/1077/184 930/1080/184 763/1021/170
f 1047/1002/33 1244/1062/33 896/1060/33 729/1001/33
f 794/945/24 963/1097/24 961/1095/24 792/943/24
f 762/1005/24 931/1079/24 929/766/24 760/765/24
f 757/936/313 897/1071/346 1245/1070/181 1084/927/130
f 710/938/10 875/1056/10 879/970/10 819/939/10
f 837/890/288 987/889/287 991/870/275 811/869/274
f 744/902/293 731/881/281 899/884/384 898/903/294
f 795/1019/170 962/1098/184 1332/1100/184 1128/1016/170
f 1398/972/145 1583/1047/145 865/1046/145 700/973/145
f 763/1021/170 930/1080/184 932/1082/184 765/1015/170
f 711/900/50 878/899/50 880/954/50 820/953/50
f 748/858/380 1431/986/405 1621/1072/410 900/859/381
f 1127/946/24 1331/1099/24 963/1097/24 794/945/24
f 699/990/162 866/1045/162 1584/1044/162 1397/991/162
f 764/950/24 933/1081/24 931/1079/24 762/1005/24
f 838/826/376 998/825/242 993/866/271 815/865/382
f 733/874/279 745/893/289 901/896/289 902/875/280
f 769/1010/170 937/1086/184 956/1092/184 789/1007/170
f 821/932/310 904/1064/343 927/1067/344 759/930/308
f 1437/1013/409 749/847/377 903/850/378 1625/1073/411
f 802/968/322 976/1113/358 967/1112/357 829/965/320
f 700/973/145 865/1046/145 867/1049/145 702/963/145
f 765/1015/170 932/1082/184 934/1084/184 767/1012/170
f 758/934/312 905/1124/360 904/1064/343 821/932/310
f 797/951/314 965/1103/351 966/1102/350 798/952/315
f 701/988/162 868/1048/162 866/1045/162 699/990/162
f 766/949/24 935/1083/24 933/1081/24 764/950/24
f 829/965/320 967/1112/357 968/1126/361 799/966/321
f 800/976/327 970/1106/353 977/1105/352 830/977/328
f 822/929/307 926/1068/345 897/1071/346 757/936/313
f 839/740/203 1003/739/202 1001/774/217 818/773/216
f 796/974/325 969/1107/354 970/1106/353 800/976/327
f 702/963/145 867/1049/145 869/1051/145 704/964/145
f 767/1012/170 934/1084/184 937/1086/184 769/1010/170
f 799/966/321 968/1126/361 969/1107/354 796/974/325
f 703/987/162 870/1050/162 868/1048/162 701/988/162
f 768/918/24 936/1085/24 935/1083/24 766/949/24
f 840/776/219 1000/775/218 1002/754/363 817/753/206
f 756/786/223 740/933/311 906/995/408 907/787/224
f 831/981/332 971/1109/355 972/1127/362 801/982/333
f 742/960/399 735/901/292 909/904/295 908/961/400
f 803/980/331 978/1110/356 971/1109/355 831/981/332
f 704/964/145 869/1051/145 871/1053/145 706/967/145
f 736/894/290 743/922/392 910/925/395 911/895/291
f 801/982/333 972/1127/362 965/1103/351 797/951/314
f 798/952/315 966/1102/350 975/1101/349 832/969/323
f 705/989/335 872/1052/341 870/1050/162 703/987/162
f 1477/985/6 1667/1090/6 938/1089/6 771/983/6
f 832/969/323 975/1101/349 976/1113/358 802/968/322
f 708/919/300 873/1055/342 874/1054/10 707/937/10
f 770/1037/7 939/1088/8 1668/1087/8 1476/1040/7
f 732/931/309 751/777/220 912/780/222 913/994/309
f 830/977/328 977/1105/352 978/1110/356 803/980/331
f 706/967/145 871/1053/145 873/1055/342 708/919/300
f 746/882/282 737/857/266 915/860/269 914/883/283
f 771/983/6 938/1089/6 940/1006/6 773/984/6
f 738/848/261 747/873/278 916/876/278 917/849/262
f 772/997/7 941/996/8 939/1088/8 770/1037/7
f 707/937/10 874/1054/10 875/1056/10 710/938/10
f 734/778/221 741/813/235 918/816/237 919/779/221
f 1513/975/403 1711/1114/413 979/921/391 804/920/390
f 709/956/50 876/955/50 872/1052/341 705/989/335
f 1012/1130/1 1042/1131/1 1237/1132/1 1208/1133/1
f 1152/1134/2 1178/1135/3 1382/1136/4 1375/1137/5
f 1108/1138/6 1110/1139/6 1313/1140/6 1312/1141/6
f 1117/745/7 1115/1142/7 1320/1143/8 1321/746/8
f 1039/1144/9 1037/1145/10 1235/1146/10 1236/1147/11
f 1153/1148/12 1150/756/13 1379/755/14 1380/1149/15
f 1078/406/208 1077/1150/415 1279/1151/416 1280/407/209
f 1076/1152/417 1182/413/215 1394/412/214 1393/1153/418
f 1087/1154/24 1167/417/24 1392/416/24 1291/1155/24
f 1116/1156/6 1118/772/6 1322/771/6 1319/1157/6
f 1154/1158/26 1179/1159/27 1377/1160/28 1378/1161/29
f 1074/1162/30 1265/1163/31 1272/1164/32 1056/1165/32
f 1040/1166/33 1039/1144/9 1236/1147/11 1206/1167/33
f 1151/783/34 1152/1134/2 1375/1137/5 1376/784/35
f 1073/785/36 1276/788/37 1260/1168/38 1081/1169/39
f 1165/1170/40 1389/1171/41 1386/1172/42 1161/1173/43
f 1115/1142/7 1113/1174/7 1318/1175/8 1320/1143/8
f 1037/1145/10 1035/1176/10 1234/1177/10 1235/1146/10
f 1077/1150/415 1181/1178/44 1278/1179/45 1279/1151/416
f 1166/1180/46 1387/1181/47 1277/801/48 1080/800/49
f 1114/1182/6 1116/1156/6 1319/1157/6 1317/1183/6
f 1036/1184/50 1038/1185/51 1207/1186/52 1233/1187/50
f 1063/1188/53 1271/1189/54 1274/1190/55 1061/928/56
f 1181/1178/44 1079/1191/419 1283/1192/58 1278/1179/45
f 1113/1174/7 1111/1193/7 1316/1194/8 1318/1175/8
f 1035/1176/10 1033/1195/10 1232/1196/10 1234/1177/10
f 1146/1197/59 1177/1198/60 1372/1199/61 1363/1200/62
f 1164/1201/63 1390/1202/64 1275/1203/65 1072/1204/420
f 1112/1205/6 1114/1182/6 1317/1183/6 1315/1206/6
f 1034/1207/50 1036/1184/50 1233/1187/50 1231/1208/50
f 1144/1209/67 1175/1210/68 1371/1211/69 1360/1212/70
f 1162/1213/71 1385/1214/72 1388/1215/73 1163/1216/74
f 1147/1217/75 1143/1218/76 1359/1219/77 1370/1220/78
f 1071/1221/421 1253/1222/422 1270/1223/423 1060/1224/82
f 1180/1225/83 1076/1152/417 1393/1153/418 1282/1226/424
f 1111/1193/7 1109/1227/7 1314/1228/8 1316/1194/8
f 1033/1195/10 1031/1229/10 1230/1230/10 1232/1196/10
f 1059/1231/85 1268/1232/86 1249/1233/425 1070/1234/426
f 1160/861/89 1391/862/90 1390/1202/64 1164/1201/63
f 1110/1139/6 1112/1205/6 1315/1206/6 1313/1140/6
f 1032/1235/50 1034/1207/50 1231/1208/50 1229/1236/50
f 1149/1237/91 1174/1238/92 1366/1239/93 1367/1240/94
f 1145/1241/95 1142/1242/96 1364/1243/97 1365/1244/98
f 1069/1245/99 1269/1246/99 1252/1247/100 1054/1248/101
f 1072/1204/420 1275/1203/65 1389/1171/41 1165/1170/40
f 1109/1227/7 1107/1249/7 1311/1250/8 1314/1228/8
f 1031/1229/10 1029/1251/10 1228/1252/10 1230/1230/10
f 1142/1242/96 1146/1197/59 1363/1200/62 1364/1243/97
f 1051/1253/102 1248/1254/427 1267/1255/104 1068/1256/105
f 1030/1257/50 1032/1235/50 1229/1236/50 1227/1258/50
f 1148/1259/106 1176/1260/107 1361/1261/108 1362/1262/109
f 1107/1249/7 1105/1263/7 1310/1264/8 1311/1250/8
f 1143/1218/76 1144/1209/67 1360/1212/70 1359/1219/77
f 1067/1265/110 1251/1266/110 1264/1267/111 1058/1268/112
f 1163/1216/74 1388/1215/73 1387/1181/47 1166/1180/46
f 1106/1269/6 1108/1138/6 1312/1141/6 1309/1270/6
f 1029/1251/10 1027/1271/10 1224/1272/10 1228/1252/10
f 1057/1273/113 1262/1274/114 1247/1275/115 1066/1276/116
f 1028/1277/50 1030/1257/50 1227/1258/50 1223/1278/50
f 1173/1279/117 1141/1280/428 1352/1281/119 1357/1282/120
f 1105/1263/7 1103/1283/7 1308/1284/8 1310/1264/8
f 1160/861/89 1024/1285/121 1095/1286/24 1119/1287/24
f 1139/1288/429 1173/1279/117 1357/1282/120 1350/1289/430
f 1065/1290/431 1263/1291/432 1258/554/305 1053/553/304
f 1159/1292/131 1085/1293/132 1074/1162/30 1056/1165/32
f 1074/1162/30 1085/1293/132 1158/1294/133 1052/1295/134
f 1052/1295/134 1158/1294/133 1083/1296/135 1062/1297/136
f 1062/1297/136 1083/1296/135 1155/935/137 1081/1169/39
f 1082/1298/138 1159/1292/131 1056/1165/32 1063/1188/53
f 1084/927/130 1082/1298/138 1063/1188/53 1061/928/56
f 1164/1201/63 1023/1299/50 1024/1285/121 1160/861/89
f 1072/1204/420 1026/1300/50 1023/1299/50 1164/1201/63
f 1165/1170/40 1156/1301/50 1026/1300/50 1072/1204/420
f 1161/1173/43 1028/1277/50 1156/1301/50 1165/1170/40
f 1162/1213/71 1030/1257/50 1028/1277/50 1161/1173/43
f 1163/1216/74 1032/1235/50 1030/1257/50 1162/1213/71
f 1166/1180/46 1034/1207/50 1032/1235/50 1163/1216/74
f 1046/1302/1 1080/800/49 1048/941/1
f 1036/1184/50 1034/1207/50 1166/1180/46 1080/800/49
f 1160/861/89 1119/1287/24 1121/1303/24
f 1038/1185/51 1036/1184/50 1080/800/49 1012/1130/1
f 1012/1130/1 1080/800/49 1042/1131/1
f 1160/861/89 1121/1303/24 1123/1304/24
f 1042/1131/1 1080/800/49 1044/1305/1
f 1044/1305/1 1080/800/49 1046/1302/1
f 1160/861/89 1123/1304/24 1125/1306/24
f 1160/861/89 1125/1306/24 1127/946/24
f 1104/1307/6 1106/1269/6 1309/1270/6 1307/1308/6
f 1093/1309/24 1131/1310/139 1130/1311/140 1091/1312/24
f 1157/1313/10 1025/1314/10 1222/1315/10 1226/1316/10
f 1050/581/316 1257/584/319 1261/1317/433 1064/1318/434
f 1018/1319/145 1132/1320/146 1168/1321/147 1020/1322/145
f 1020/1322/145 1168/1321/147 1135/1323/148 1022/1324/145
f 1022/1324/145 1135/1323/148 1171/1325/435 1024/1285/121
f 1161/1173/43 1386/1172/42 1385/1214/72 1162/1213/71
f 1156/1301/50 1028/1277/50 1223/1278/50 1225/1326/50
f 1137/593/324 1129/1327/151 1016/1328/145 1014/594/145
f 1129/1327/151 1132/1320/146 1018/1319/145 1016/1328/145
f 1139/1288/429 1138/597/326 1167/417/24 1087/1154/24
f 1133/1329/154 1140/1330/436 1172/1331/156 1169/1332/157
f 1169/1332/157 1172/1331/156 1141/1280/428 1136/1333/158
f 1136/1333/158 1141/1280/428 1173/1279/117 1170/1334/159
f 1170/1334/159 1173/1279/117 1139/1288/429 1134/1335/160
f 1140/1330/436 1133/1329/154 1129/1327/151 1137/593/324
f 1050/581/316 1102/1336/6 1100/1337/6
f 1051/1253/102 1068/1256/105 1029/1251/10 1031/1229/10
f 1050/581/316 1100/1337/6 1098/607/6
f 1050/581/316 1104/1307/6 1102/1336/6
f 1068/1256/105 1059/1231/85 1027/1271/10 1029/1251/10
f 1070/1234/426 1049/608/334 1025/1314/10 1157/1313/10
f 1049/608/334 1017/1338/162 1019/1339/162
f 1025/1314/10 1049/608/334 1019/1339/162 1021/1340/163
f 1049/608/334 1015/1341/162 1017/1338/162
f 1066/1276/116 1033/1195/10 1035/1176/10 1057/1273/113
f 1050/581/316 1039/1144/9 1106/1269/6 1104/1307/6
f 1049/608/334 1013/613/162 1015/1341/162
f 1057/1273/113 1035/1176/10 1037/1145/10 1064/1318/434
f 1059/1231/85 1070/1234/426 1157/1313/10 1027/1271/10
f 1051/1253/102 1031/1229/10 1033/1195/10 1066/1276/116
f 1064/1318/434 1037/1145/10 1039/1144/9 1050/581/316
f 1140/1330/436 1137/593/324 1353/615/337 1354/1342/437
f 1062/1297/136 1259/1343/167 1266/1344/134 1052/1295/134
f 1103/1283/7 1101/1345/7 1306/1346/8 1308/1284/8
f 1172/1331/156 1140/1330/436 1354/1342/437 1351/1347/168
f 1141/1280/428 1172/1331/156 1351/1347/168 1352/1281/119
f 1174/1238/92 1041/1348/33 1043/1349/33 1147/1217/75
f 1152/1134/2 1151/783/34 1118/772/6 1116/1156/6
f 1176/1260/107 1178/1135/3 1152/1134/2 1145/1241/95
f 1148/1259/106 1154/1158/26 1178/1135/3 1176/1260/107
f 1175/1210/68 1179/1159/27 1154/1158/26 1148/1259/106
f 1144/1209/67 1153/1148/12 1179/1159/27 1175/1210/68
f 1143/1218/76 1150/756/13 1153/1148/12 1144/1209/67
f 1045/1350/33 1047/1002/33 1150/756/13 1143/1218/76
f 1043/1349/33 1045/1350/33 1143/1218/76 1147/1217/75
f 1145/1241/95 1152/1134/2 1116/1156/6 1114/1182/6
f 1142/1242/96 1145/1241/95 1114/1182/6 1112/1205/6
f 1011/1351/33 1041/1348/33 1174/1238/92 1149/1237/91
f 1040/1166/33 1011/1351/33 1149/1237/91 1177/1198/60
f 1110/1139/6 1146/1197/59 1142/1242/96 1112/1205/6
f 1040/1166/33 1177/1198/60 1146/1197/59 1110/1139/6 1108/1138/6
f 1039/1144/9 1040/1166/33 1108/1138/6 1106/1269/6
f 1061/928/56 1274/1190/55 1273/1004/169 1075/926/128
f 1134/1335/160 1139/1288/429 1087/1154/24 1089/1352/24
f 1130/1311/140 1134/1335/160 1089/1352/24 1091/1312/24
f 1024/1285/121 1171/1325/435 1131/1310/139 1093/1309/24 1095/1286/24
f 1102/1336/6 1104/1307/6 1307/1308/6 1305/1353/6
f 1120/1354/170 1096/1355/170 1188/1356/171 1189/1357/171
f 1079/1191/419 1054/1248/101 1067/1265/110 1180/1225/83
f 1096/1355/170 1094/1358/170 1187/1359/171 1188/1356/171
f 1078/406/208 1055/633/340 1071/1221/421
f 1180/1225/83 1067/1265/110 1058/1268/112 1076/1152/417
f 1077/1150/415 1078/406/208 1071/1221/421 1060/1224/82
f 1069/1245/99 1181/1178/44 1077/1150/415 1060/1224/82
f 1181/1178/44 1069/1245/99 1054/1248/101 1079/1191/419
f 1053/553/304 1182/413/215 1065/1290/431
f 1094/1358/170 1092/1360/170 1186/1361/171 1187/1359/171
f 1065/1290/431 1182/413/215 1076/1152/417 1058/1268/112
f 1128/1016/170 1126/1362/170 1192/1363/171 1193/1017/171
f 1092/1360/170 1090/1364/170 1185/1365/171 1186/1361/171
f 1126/1362/170 1124/1366/170 1191/1367/171 1192/1363/171
f 1090/1364/170 1088/1368/170 1184/1369/171 1185/1365/171
f 1124/1366/170 1122/1370/170 1190/1371/171 1191/1367/171
f 1122/1370/170 1120/1354/170 1189/1357/171 1190/1371/171
f 1088/1368/170 1086/647/170 1183/646/171 1184/1369/171
f 1105/1263/7 1107/1249/7 1199/1372/173 1198/1373/173
f 1115/1142/7 1117/745/7 1204/1033/173 1203/1374/173
f 1103/1283/7 1105/1263/7 1198/1373/173 1197/1375/173
f 1113/1174/7 1115/1142/7 1203/1374/173 1202/1376/173
f 1101/1345/7 1103/1283/7 1197/1375/173 1196/1377/173
f 1099/1378/7 1101/1345/7 1196/1377/173 1195/1379/173
f 1111/1193/7 1113/1174/7 1202/1376/173 1201/1380/173
f 1097/657/7 1099/1378/7 1195/1379/173 1194/658/173
f 1109/1227/7 1111/1193/7 1201/1380/173 1200/1381/173
f 1107/1249/7 1109/1227/7 1200/1381/173 1199/1372/173
f 1206/1167/33 1207/1186/52 1208/1133/1 1205/1382/33
f 1210/661/162 1209/664/145 1211/1383/145 1212/1384/162
f 1212/1384/162 1211/1383/145 1213/1385/145 1214/1386/162
f 1214/1386/162 1213/1385/145 1215/1387/145 1216/1388/162
f 1216/1388/162 1215/1387/145 1217/1389/145 1218/1390/174
f 1218/1390/174 1217/1389/145 1219/1391/175 1220/1392/50
f 1218/1390/174 1220/1392/50 1221/1393/50 1222/1315/10
f 1226/1316/10 1225/1326/50 1223/1278/50 1224/1272/10
f 1224/1272/10 1223/1278/50 1227/1258/50 1228/1252/10
f 1228/1252/10 1227/1258/50 1229/1236/50 1230/1230/10
f 1230/1230/10 1229/1236/50 1231/1208/50 1232/1196/10
f 1232/1196/10 1231/1208/50 1233/1187/50 1234/1177/10
f 1234/1177/10 1233/1187/50 1207/1186/52 1235/1146/10
f 1235/1146/10 1207/1186/52 1206/1167/33 1236/1147/11
f 1205/1382/33 1208/1133/1 1237/1132/1 1238/1394/33
f 1238/1394/33 1237/1132/1 1239/1395/1 1240/1396/33
f 1240/1396/33 1239/1395/1 1241/1397/1 1242/1398/33
f 1242/1398/33 1241/1397/1 1243/1063/1 1244/1062/33
f 1255/1399/176 1287/1400/177 1289/1066/178 1384/1065/178
f 1261/1317/433 1257/584/319 1258/554/305 1263/1291/432
f 1267/1255/104 1248/1254/427 1252/1247/100 1269/1246/99
f 1286/1401/179 1246/1402/180 1245/1070/181 1288/1069/178
f 1247/1275/115 1262/1274/114 1264/1267/111 1251/1266/110
f 1249/1233/425 1268/1232/86 1270/1223/423 1253/1222/422
f 1277/801/48 1387/1181/47 1260/1168/38 1276/788/37
f 1388/1215/73 1385/1214/72 1266/1344/134 1259/1343/167
f 1386/1172/42 1389/1171/41 1272/1164/32 1265/1163/31
f 1275/1203/65 1390/1202/64 1274/1190/55 1271/1189/54
f 1262/1274/114 1261/1317/433 1263/1291/432 1264/1267/111
f 1248/1254/427 1247/1275/115 1251/1266/110 1252/1247/100
f 1268/1232/86 1267/1255/104 1269/1246/99 1270/1223/423
f 1250/683/347 1249/1233/425 1253/1222/422 1254/684/348
f 1387/1181/47 1388/1215/73 1259/1343/167 1260/1168/38
f 1389/1171/41 1275/1203/65 1271/1189/54 1272/1164/32
f 1385/1214/72 1386/1172/42 1265/1163/31 1266/1344/134
f 1282/1226/424 1393/1153/418 1394/412/214 1284/685/178
f 1278/1179/45 1283/1192/58 1285/687/178 1281/686/178
f 1390/1202/64 1391/862/90 1273/1004/169 1274/1190/55
f 1392/416/24 1292/689/184 1290/1403/184 1291/1155/24
f 1291/1155/24 1290/1403/184 1293/1404/184 1294/1405/24
f 1294/1405/24 1293/1404/184 1295/1406/184 1296/1407/24
f 1296/1407/24 1295/1406/184 1297/1408/184 1298/1409/24
f 1298/1409/24 1297/1408/184 1300/1410/184 1299/1411/24
f 1302/698/8 1301/701/6 1303/1412/6 1304/1413/8
f 1304/1413/8 1303/1412/6 1305/1353/6 1306/1346/8
f 1306/1346/8 1305/1353/6 1307/1308/6 1308/1284/8
f 1308/1284/8 1307/1308/6 1309/1270/6 1310/1264/8
f 1310/1264/8 1309/1270/6 1312/1141/6 1311/1250/8
f 1311/1250/8 1312/1141/6 1313/1140/6 1314/1228/8
f 1314/1228/8 1313/1140/6 1315/1206/6 1316/1194/8
f 1316/1194/8 1315/1206/6 1317/1183/6 1318/1175/8
f 1318/1175/8 1317/1183/6 1319/1157/6 1320/1143/8
f 1320/1143/8 1319/1157/6 1322/771/6 1321/746/8
f 1299/1411/24 1300/1410/184 1323/1414/184 1324/1415/24
f 1324/1415/24 1323/1414/184 1325/1416/184 1326/1417/24
f 1326/1417/24 1325/1416/184 1327/1418/184 1328/1419/24
f 1328/1419/24 1327/1418/184 1329/1420/184 1330/1421/24
f 1330/1421/24 1329/1420/184 1332/1100/184 1331/1099/24
f 1344/1422/185 1333/1423/178 1334/1424/186 1335/1425/187
f 1346/1426/188 1342/1427/178 1338/1428/189 1339/1429/438
f 1340/1430/191 1333/1423/178 1343/1431/178 1347/1432/192
f 1336/1433/193 1342/1427/178 1343/1431/178 1345/1434/194
f 1357/1282/120 1348/724/178 1349/723/359 1350/1289/430
f 1351/1347/168 1355/726/178 1356/725/178 1352/1281/119
f 1371/1211/69 1358/1435/178 1359/1219/77 1360/1212/70
f 1372/1199/61 1368/1436/178 1364/1243/97 1363/1200/62
f 1366/1239/93 1358/1435/178 1369/1437/178 1367/1240/94
f 1361/1261/108 1368/1436/178 1369/1437/178 1362/1262/109
f 1382/1136/4 1373/1121/178 1376/784/35 1375/1137/5
f 1377/1160/28 1381/1123/178 1374/1122/178 1378/1161/29
f 1222/1315/10 1221/1393/50 1225/1326/50 1226/1316/10
f 1256/1438/196 1255/1399/176 1384/1065/178 1383/1125/197
f 1287/1400/177 1286/1401/179 1288/1069/178 1289/1066/178
f 1337/1439/198 1338/1428/189 1342/1427/178 1336/1433/193
f 1347/1432/192 1343/1431/178 1342/1427/178 1346/1426/188
f 1341/1440/199 1334/1424/186 1333/1423/178 1340/1430/191
f 1345/1434/194 1343/1431/178 1333/1423/178 1344/1422/185
f 1354/1342/437 1353/615/337 1355/726/178 1351/1347/168
f 1352/1281/119 1356/725/178 1348/724/178 1357/1282/120
f 1370/1220/78 1359/1219/77 1358/1435/178 1366/1239/93
f 1362/1262/109 1369/1437/178 1358/1435/178 1371/1211/69
f 1365/1244/98 1364/1243/97 1368/1436/178 1361/1261/108
f 1367/1240/94 1369/1437/178 1368/1436/178 1372/1199/61
f 1378/1161/29 1374/1122/178 1373/1121/178 1382/1136/4
f 1380/1149/15 1379/755/14 1381/1123/178 1377/1160/28
f 1283/1192/58 1282/1226/424 1284/685/178 1285/687/178
f 1279/1151/416 1278/1179/45 1281/686/178 1280/407/209
f 1079/1191/419 1180/1225/83 1282/1226/424 1283/1192/58
f 1041/1348/33 1011/1351/33 1205/1382/33 1238/1394/33
f 1119/1287/24 1095/1286/24 1299/1411/24 1324/1415/24
f 1042/1131/1 1044/1305/1 1239/1395/1 1237/1132/1
f 1120/1354/170 1122/1370/170 1325/1416/184 1323/1414/184
f 1085/1293/132 1159/1292/131 1286/1401/179 1287/1400/177
f 1155/935/137 1083/1296/135 1256/1438/196 1383/1125/197
f 1043/1349/33 1041/1348/33 1238/1394/33 1240/1396/33
f 1121/1303/24 1119/1287/24 1324/1415/24 1326/1417/24
f 1044/1305/1 1046/1302/1 1241/1397/1 1239/1395/1
f 1122/1370/170 1124/1366/170 1327/1418/184 1325/1416/184
f 1045/1350/33 1043/1349/33 1240/1396/33 1242/1398/33
f 1123/1304/24 1121/1303/24 1326/1417/24 1328/1419/24
f 1011/1351/33 1040/1166/33 1206/1167/33 1205/1382/33
f 1086/647/170 1088/1368/170 1290/1403/184 1292/689/184
f 1174/1238/92 1147/1217/75 1370/1220/78 1366/1239/93
f 1038/1185/51 1012/1130/1 1208/1133/1 1207/1186/52
f 1175/1210/68 1148/1259/106 1362/1262/109 1371/1211/69
f 1046/1302/1 1048/941/1 1243/1063/1 1241/1397/1
f 1124/1366/170 1126/1362/170 1329/1420/184 1327/1418/184
f 1088/1368/170 1090/1364/170 1293/1404/184 1290/1403/184
f 1047/1002/33 1045/1350/33 1242/1398/33 1244/1062/33
f 1125/1306/24 1123/1304/24 1328/1419/24 1330/1421/24
f 1089/1352/24 1087/1154/24 1291/1155/24 1294/1405/24
f 1082/1298/138 1084/927/130 1245/1070/181 1246/1402/180
f 1026/1300/50 1156/1301/50 1225/1326/50 1221/1393/50
f 1176/1260/107 1145/1241/95 1365/1244/98 1361/1261/108
f 1066/1276/116 1247/1275/115 1248/1254/427 1051/1253/102
f 1126/1362/170 1128/1016/170 1332/1100/184 1329/1420/184
f 1014/594/145 1016/1328/145 1211/1383/145 1209/664/145
f 1090/1364/170 1092/1360/170 1295/1406/184 1293/1404/184
f 1027/1271/10 1157/1313/10 1226/1316/10 1224/1272/10
f 1070/1234/426 1249/1233/425 1250/683/347 1049/608/334
f 1127/946/24 1125/1306/24 1330/1421/24 1331/1099/24
f 1015/1341/162 1013/613/162 1210/661/162 1212/1384/162
f 1091/1312/24 1089/1352/24 1294/1405/24 1296/1407/24
f 1177/1198/60 1149/1237/91 1367/1240/94 1372/1199/61
f 1054/1248/101 1252/1247/100 1251/1266/110 1067/1265/110
f 1096/1355/170 1120/1354/170 1323/1414/184 1300/1410/184
f 1158/1294/133 1085/1293/132 1287/1400/177 1255/1399/176
f 1055/633/340 1254/684/348 1253/1222/422 1071/1221/421
f 1135/1323/148 1168/1321/147 1336/1433/193 1345/1434/194
f 1016/1328/145 1018/1319/145 1213/1385/145 1211/1383/145
f 1092/1360/170 1094/1358/170 1297/1408/184 1295/1406/184
f 1083/1296/135 1158/1294/133 1255/1399/176 1256/1438/196
f 1130/1311/140 1131/1310/139 1335/1425/187 1334/1424/186
f 1017/1338/162 1015/1341/162 1212/1384/162 1214/1386/162
f 1093/1309/24 1091/1312/24 1296/1407/24 1298/1409/24
f 1168/1321/147 1132/1320/146 1337/1439/198 1336/1433/193
f 1133/1329/154 1169/1332/157 1346/1426/188 1339/1429/438
f 1159/1292/131 1082/1298/138 1246/1402/180 1286/1401/179
f 1178/1135/3 1154/1158/26 1378/1161/29 1382/1136/4
f 1129/1327/151 1133/1329/154 1339/1429/438 1338/1428/189
f 1018/1319/145 1020/1322/145 1215/1387/145 1213/1385/145
f 1094/1358/170 1096/1355/170 1300/1410/184 1297/1408/184
f 1132/1320/146 1129/1327/151 1338/1428/189 1337/1439/198
f 1019/1339/162 1017/1338/162 1214/1386/162 1216/1388/162
f 1095/1286/24 1093/1309/24 1298/1409/24 1299/1411/24
f 1179/1159/27 1153/1148/12 1380/1149/15 1377/1160/28
f 1081/1169/39 1260/1168/38 1259/1343/167 1062/1297/136
f 1170/1334/159 1134/1335/160 1341/1440/199 1340/1430/191
f 1064/1318/434 1261/1317/433 1262/1274/114 1057/1273/113
f 1136/1333/158 1170/1334/159 1340/1430/191 1347/1432/192
f 1020/1322/145 1022/1324/145 1217/1389/145 1215/1387/145
f 1058/1268/112 1264/1267/111 1263/1291/432 1065/1290/431
f 1134/1335/160 1130/1311/140 1334/1424/186 1341/1440/199
f 1131/1310/139 1171/1325/435 1344/1422/185 1335/1425/187
f 1021/1340/163 1019/1339/162 1216/1388/162 1218/1390/174
f 1098/607/6 1100/1337/6 1303/1412/6 1301/701/6
f 1171/1325/435 1135/1323/148 1345/1434/194 1344/1422/185
f 1024/1285/121 1023/1299/50 1220/1392/50 1219/1391/175
f 1099/1378/7 1097/657/7 1302/698/8 1304/1413/8
f 1052/1295/134 1266/1344/134 1265/1163/31 1074/1162/30
f 1169/1332/157 1136/1333/158 1347/1432/192 1346/1426/188
f 1022/1324/145 1024/1285/121 1219/1391/175 1217/1389/145
f 1068/1256/105 1267/1255/104 1268/1232/86 1059/1231/85
f 1100/1337/6 1102/1336/6 1305/1353/6 1303/1412/6
f 1060/1224/82 1270/1223/423 1269/1246/99 1069/1245/99
f 1101/1345/7 1099/1378/7 1304/1413/8 1306/1346/8
f 1023/1299/50 1026/1300/50 1221/1393/50 1220/1392/50
f 1056/1165/32 1272/1164/32 1271/1189/54 1063/1188/53
f 1138/597/326 1139/1288/429 1350/1289/430 1349/723/359
f 1025/1314/10 1021/1340/163 1218/1390/174 1222/1315/10
f 1081/1169/39 1155/935/137 756/786/223 1073/785/36
f 1396/1441/1 1426/1442/1 1611/1443/1 1582/1444/1
f 1526/1445/2 1552/1446/3 1739/1447/4 1735/1448/5
f 1487/1449/6 1489/1450/6 1679/1451/6 1678/1452/6
f 1855/1453/7 1494/1454/7 1686/1455/8 2059/1456/8
f 1423/1457/9 1421/1458/10 1609/1459/10 1610/1460/11
f 1527/1461/12 1888/1462/13 2117/1463/14 1738/1464/15
f 1458/757/364 1457/1465/439 1647/1466/440 1648/758/365
f 1456/1467/441 1558/764/371 1748/763/370 1747/1468/442
f 1466/1469/24 1539/768/24 1746/767/24 1657/1470/24
f 1495/1471/6 1856/1472/6 2060/1473/6 1685/1474/6
f 1528/1475/26 1553/1476/27 1736/1477/28 1737/1478/29
f 1455/1479/30 1636/1480/31 1643/1481/32 1438/1482/32
f 1424/1483/33 1423/1457/9 1610/1460/11 1580/1484/33
f 1889/1485/34 1526/1445/2 1735/1448/5 2114/1486/35
f 1811/1487/36 2014/1488/37 1631/1489/38 1461/1490/39
f 1537/1491/40 1744/1492/41 1741/1493/42 1533/1494/43
f 1494/1454/7 1492/1495/7 1684/1496/8 1686/1455/8
f 1421/1458/10 1419/1497/10 1608/1498/10 1609/1459/10
f 1457/1465/439 1556/1499/44 1646/1500/45 1647/1466/440
f 1538/1501/46 1742/1502/47 2015/1503/48 1818/1504/49
f 1493/1505/6 1495/1471/6 1685/1474/6 1683/1506/6
f 1420/1507/50 1422/1508/51 1581/1509/52 1607/1510/50
f 1460/1511/443 1653/812/178 1649/811/375 1557/810/374
f 1445/1512/53 1642/1513/54 1644/1514/55 1443/1515/56
f 1556/1499/44 1459/1516/419 1651/1517/58 1646/1500/45
f 1492/1495/7 1490/1518/7 1682/1519/8 1684/1496/8
f 1419/1497/10 1417/1520/10 1606/1521/10 1608/1498/10
f 1522/1522/59 1551/1523/60 1734/1524/61 1725/1525/62
f 1536/1526/63 1745/1527/64 1645/1528/65 1454/1529/66
f 1491/1530/6 1493/1505/6 1683/1506/6 1681/1531/6
f 1418/1532/50 1420/1507/50 1607/1510/50 1605/1533/50
f 1520/1534/67 1549/1535/68 1733/1536/69 1722/1537/70
f 1534/1538/71 1740/1539/72 1743/1540/73 1535/1541/74
f 1523/1542/75 1519/1543/76 1721/1544/77 1732/1545/78
f 1453/1546/444 1624/1547/445 1641/1548/81 1442/1549/82
f 1554/1550/83 1456/1467/441 1747/1468/442 1650/1551/84
f 1490/1518/7 1488/1552/7 1680/1553/8 1682/1519/8
f 1417/1520/10 1415/1554/10 1604/1555/10 1606/1521/10
f 1441/1556/85 1639/1557/86 1620/1558/446 1452/1559/447
f 1898/1560/89 2129/1561/90 1745/1527/64 1536/1526/63
f 1489/1450/6 1491/1530/6 1681/1531/6 1679/1451/6
f 1416/1562/50 1418/1532/50 1605/1533/50 1603/1563/50
f 1525/1564/91 1548/1565/92 1728/1566/93 1729/1567/94
f 1521/1568/95 1518/1569/96 1726/1570/97 1727/1571/98
f 1451/1572/99 1640/1573/99 1623/1574/100 1436/1575/101
f 1454/1529/66 1645/1528/65 1744/1492/41 1537/1491/40
f 1488/1552/7 1486/1576/7 1677/1577/8 1680/1553/8
f 1415/1554/10 1413/1578/10 1602/1579/10 1604/1555/10
f 1518/1569/96 1522/1522/59 1725/1525/62 1726/1570/97
f 1433/1580/102 1619/1581/103 1638/1582/104 1450/1583/105
f 1414/1584/50 1416/1562/50 1603/1563/50 1601/1585/50
f 1524/1586/106 1550/1587/107 1723/1588/108 1724/1589/109
f 1486/1576/7 1484/1590/7 1676/1591/8 1677/1577/8
f 1519/1543/76 1520/1534/67 1722/1537/70 1721/1544/77
f 1449/1592/110 1622/1593/110 1635/1594/111 1440/1595/112
f 1535/1541/74 1743/1540/73 1742/1502/47 1538/1501/46
f 1485/1596/6 1487/1449/6 1678/1452/6 1675/1597/6
f 1413/1578/10 1411/1598/10 1598/1599/10 1602/1579/10
f 1439/1600/113 1633/1601/114 1618/1602/115 1448/1603/116
f 1412/1604/50 1414/1584/50 1601/1585/50 1597/1605/50
f 1547/1606/117 1517/1607/118 1714/1608/119 1719/1609/120
f 1484/1590/7 1482/1610/7 1674/1611/8 1676/1591/8
f 1516/1612/448 1718/1613/389 1710/915/388 1546/914/387
f 1898/1560/89 1408/1614/121 1474/1615/24 1496/1616/24
f 1514/1617/449 1547/1606/117 1719/1609/120 1712/1618/450
f 1447/1619/451 1634/1620/452 1629/924/394 1435/923/393
f 1813/1621/128 1799/1622/129 1822/1623/130 1443/1515/56
f 1532/1624/131 1464/1625/132 1455/1479/30 1438/1482/32
f 1455/1479/30 1464/1625/132 1531/1626/133 1434/1627/134
f 1434/1627/134 1531/1626/133 1463/1628/135 1444/1629/136
f 1444/1629/136 1463/1628/135 1893/1630/137 1461/1490/39
f 1462/1631/138 1532/1624/131 1438/1482/32 1445/1512/53
f 1822/1623/130 1462/1631/138 1445/1512/53 1443/1515/56
f 1536/1526/63 1407/1632/50 1408/1614/121 1898/1560/89
f 1454/1529/66 1410/1633/50 1407/1632/50 1536/1526/63
f 1537/1491/40 1529/1634/50 1410/1633/50 1454/1529/66
f 1533/1494/43 1412/1604/50 1529/1634/50 1537/1491/40
f 1534/1538/71 1414/1584/50 1412/1604/50 1533/1494/43
f 1535/1541/74 1416/1562/50 1414/1584/50 1534/1538/71
f 1538/1501/46 1418/1532/50 1416/1562/50 1535/1541/74
f 1430/1635/1 1818/1504/49 1786/1636/1
f 1420/1507/50 1418/1532/50 1538/1501/46 1818/1504/49
f 1898/1560/89 1496/1616/24 1498/1637/24
f 1422/1508/51 1420/1507/50 1818/1504/49 1396/1441/1
f 1396/1441/1 1818/1504/49 1426/1442/1
f 1898/1560/89 1498/1637/24 1500/1638/24
f 1426/1442/1 1818/1504/49 1428/1639/1
f 1428/1639/1 1818/1504/49 1430/1635/1
f 1898/1560/89 1500/1638/24 1502/1640/24
f 1898/1560/89 1502/1640/24 1865/1641/24
f 1483/1642/6 1485/1596/6 1675/1597/6 1673/1643/6
f 1472/1644/24 1506/1645/139 1505/1646/140 1470/1647/24
f 1530/1648/10 1409/1649/10 1596/1650/10 1600/1651/10
f 1545/957/396 1717/958/397 1718/1613/389 1516/1612/448
f 1432/959/398 1628/962/401 1632/1652/453 1446/1653/454
f 1402/1654/145 1507/1655/146 1540/1656/147 1404/1657/145
f 1404/1657/145 1540/1656/147 1510/1658/148 1406/1659/145
f 1406/1659/145 1510/1658/148 1543/1660/435 1408/1614/121
f 1533/1494/43 1741/1493/42 1740/1539/72 1534/1538/71
f 1529/1634/50 1412/1604/50 1597/1605/50 1599/1661/50
f 1512/971/402 1504/1662/151 1400/1663/145 1398/972/145
f 1504/1662/151 1507/1655/146 1402/1654/145 1400/1663/145
f 1514/1617/449 1513/975/403 1539/768/24 1466/1469/24
f 1508/1664/154 1515/1665/455 1544/1666/156 1541/1667/157
f 1541/1667/157 1544/1666/156 1517/1607/118 1511/1668/158
f 1511/1668/158 1517/1607/118 1547/1606/117 1542/1669/159
f 1542/1669/159 1547/1606/117 1514/1617/449 1509/1670/160
f 1515/1665/455 1508/1664/154 1504/1662/151 1512/971/402
f 1432/959/398 1481/1671/6 1479/1672/6
f 1433/1580/102 1450/1583/105 1413/1578/10 1415/1554/10
f 1432/959/398 1479/1672/6 1477/985/6
f 1432/959/398 1483/1642/6 1481/1671/6
f 1450/1583/105 1441/1556/85 1411/1598/10 1413/1578/10
f 1452/1559/447 1431/986/405 1409/1649/10 1530/1648/10
f 1431/986/405 1401/1673/162 1403/1674/162
f 1409/1649/10 1431/986/405 1403/1674/162 1405/1675/163
f 1431/986/405 1399/1676/162 1401/1673/162
f 1448/1603/116 1417/1520/10 1419/1497/10 1439/1600/113
f 1432/959/398 1423/1457/9 1485/1596/6 1483/1642/6
f 1431/986/405 1397/991/162 1399/1676/162
f 1439/1600/113 1419/1497/10 1421/1458/10 1446/1653/454
f 1441/1556/85 1452/1559/447 1530/1648/10 1411/1598/10
f 1433/1580/102 1415/1554/10 1417/1520/10 1448/1603/116
f 1446/1653/454 1421/1458/10 1423/1457/9 1432/959/398
f 1515/1665/455 1512/971/402 1715/993/407 1716/1677/456
f 1444/1629/136 1630/1678/167 1637/1679/134 1434/1627/134
f 1482/1610/7 1480/1680/7 1672/1681/8 1674/1611/8
f 1544/1666/156 1515/1665/455 1716/1677/456 1713/1682/168
f 1517/1607/118 1544/1666/156 1713/1682/168 1714/1608/119
f 1548/1565/92 1425/1683/33 1427/1684/33 1523/1542/75
f 1526/1445/2 1889/1485/34 1856/1472/6 1495/1471/6
f 1550/1587/107 1552/1446/3 1526/1445/2 1521/1568/95
f 1524/1586/106 1528/1475/26 1552/1446/3 1550/1587/107
f 1549/1535/68 1553/1476/27 1528/1475/26 1524/1586/106
f 1520/1534/67 1527/1461/12 1553/1476/27 1549/1535/68
f 1519/1543/76 1888/1462/13 1527/1461/12 1520/1534/67
f 1429/1685/33 1785/1686/33 1888/1462/13 1519/1543/76
f 1427/1684/33 1429/1685/33 1519/1543/76 1523/1542/75
f 1521/1568/95 1526/1445/2 1495/1471/6 1493/1505/6
f 1518/1569/96 1521/1568/95 1493/1505/6 1491/1530/6
f 1395/1687/33 1425/1683/33 1548/1565/92 1525/1564/91
f 1424/1483/33 1395/1687/33 1525/1564/91 1551/1523/60
f 1489/1450/6 1522/1522/59 1518/1569/96 1491/1530/6
f 1424/1483/33 1551/1523/60 1522/1522/59 1489/1450/6 1487/1449/6
f 1423/1457/9 1424/1483/33 1487/1449/6 1485/1596/6
f 1443/1515/56 1644/1514/55 2011/1688/169 1813/1621/128
f 1509/1670/160 1514/1617/449 1466/1469/24 1468/1689/24
f 1505/1646/140 1509/1670/160 1468/1689/24 1470/1647/24
f 1408/1614/121 1543/1660/435 1506/1645/139 1472/1644/24 1474/1615/24
f 1481/1671/6 1483/1642/6 1673/1643/6 1671/1690/6
f 1497/1691/170 1475/1692/170 1564/1693/171 1565/1694/171
f 1459/1516/419 1436/1575/101 1449/1592/110 1554/1550/83
f 1475/1692/170 1473/1695/170 1563/1696/171 1564/1693/171
f 1458/757/364 1437/1013/409 1453/1546/444
f 1554/1550/83 1449/1592/110 1440/1595/112 1456/1467/441
f 1457/1465/439 1458/757/364 1453/1546/444 1442/1549/82
f 1451/1572/99 1556/1499/44 1457/1465/439 1442/1549/82
f 1556/1499/44 1451/1572/99 1436/1575/101 1459/1516/419
f 1435/923/393 1558/764/371 1447/1619/451
f 1473/1695/170 1471/1697/170 1562/1698/171 1563/1696/171
f 1447/1619/451 1558/764/371 1456/1467/441 1440/1595/112
f 1866/1699/170 1503/1700/170 1568/1701/171 1931/1702/171
f 1471/1697/170 1469/1703/170 1561/1704/171 1562/1698/171
f 1503/1700/170 1501/1705/170 1567/1706/171 1568/1701/171
f 1469/1703/170 1467/1707/170 1560/1708/171 1561/1704/171
f 1501/1705/170 1499/1709/170 1566/1710/171 1567/1706/171
f 1499/1709/170 1497/1691/170 1565/1694/171 1566/1710/171
f 1467/1707/170 1465/1029/170 1559/1028/171 1560/1708/171
f 1484/1590/7 1486/1576/7 1574/1711/173 1573/1712/173
f 1494/1454/7 1855/1453/7 1942/1713/173 1578/1714/173
f 1482/1610/7 1484/1590/7 1573/1712/173 1572/1715/173
f 1492/1495/7 1494/1454/7 1578/1714/173 1577/1716/173
f 1480/1680/7 1482/1610/7 1572/1715/173 1571/1717/173
f 1478/1718/7 1480/1680/7 1571/1717/173 1570/1719/173
f 1490/1518/7 1492/1495/7 1577/1716/173 1576/1720/173
f 1476/1040/7 1478/1718/7 1570/1719/173 1569/1041/173
f 1488/1552/7 1490/1518/7 1576/1720/173 1575/1721/173
f 1486/1576/7 1488/1552/7 1575/1721/173 1574/1711/173
f 1580/1484/33 1581/1509/52 1582/1444/1 1579/1722/33
f 1584/1044/162 1583/1047/145 1585/1723/145 1586/1724/162
f 1586/1724/162 1585/1723/145 1587/1725/145 1588/1726/162
f 1588/1726/162 1587/1725/145 1589/1727/145 1590/1728/162
f 1590/1728/162 1589/1727/145 1591/1729/145 1592/1730/174
f 1592/1730/174 1591/1729/145 1593/1731/175 1594/1732/50
f 1592/1730/174 1594/1732/50 1595/1733/50 1596/1650/10
f 1600/1651/10 1599/1661/50 1597/1605/50 1598/1599/10
f 1598/1599/10 1597/1605/50 1601/1585/50 1602/1579/10
f 1602/1579/10 1601/1585/50 1603/1563/50 1604/1555/10
f 1604/1555/10 1603/1563/50 1605/1533/50 1606/1521/10
f 1606/1521/10 1605/1533/50 1607/1510/50 1608/1498/10
f 1608/1498/10 1607/1510/50 1581/1509/52 1609/1459/10
f 1609/1459/10 1581/1509/52 1580/1484/33 1610/1460/11
f 1579/1722/33 1582/1444/1 1611/1443/1 1612/1734/33
f 1612/1734/33 1611/1443/1 1613/1735/1 1614/1736/33
f 1614/1736/33 1613/1735/1 1615/1737/1 1616/1738/33
f 1616/1738/33 1615/1737/1 1981/1739/1 1982/1740/33
f 1626/1741/176 1655/1742/177 2027/1743/178 2122/1744/178
f 1632/1652/453 1628/962/401 1629/924/394 1634/1620/452
f 1638/1582/104 1619/1581/103 1623/1574/100 1640/1573/99
f 1654/1745/179 1617/1746/180 1983/1747/181 2026/1748/178
f 1618/1602/115 1633/1601/114 1635/1594/111 1622/1593/110
f 1620/1558/446 1639/1557/86 1641/1548/81 1624/1547/445
f 2015/1503/48 1742/1502/47 1631/1489/38 2014/1488/37
f 1743/1540/73 1740/1539/72 1637/1679/134 1630/1678/167
f 1741/1493/42 1744/1492/41 1643/1481/32 1636/1480/31
f 1645/1528/65 1745/1527/64 1644/1514/55 1642/1513/54
f 1633/1601/114 1632/1652/453 1634/1620/452 1635/1594/111
f 1619/1581/103 1618/1602/115 1622/1593/110 1623/1574/100
f 1639/1557/86 1638/1582/104 1640/1573/99 1641/1548/81
f 1621/1072/410 1620/1558/446 1624/1547/445 1625/1073/411
f 1742/1502/47 1743/1540/73 1630/1678/167 1631/1489/38
f 1744/1492/41 1645/1528/65 1642/1513/54 1643/1481/32
f 1740/1539/72 1741/1493/42 1636/1480/31 1637/1679/134
f 1650/1551/84 1747/1468/442 1748/763/370 1652/1074/412
f 1646/1500/45 1651/1517/58 1653/1076/178 1649/1075/375
f 1745/1527/64 2129/1561/90 2011/1688/169 1644/1514/55
f 1746/767/24 1658/1078/184 1656/1749/184 1657/1470/24
f 1657/1470/24 1656/1749/184 1659/1750/184 1660/1751/24
f 1660/1751/24 1659/1750/184 1661/1752/184 1662/1753/24
f 1662/1753/24 1661/1752/184 1663/1754/184 1664/1755/24
f 1664/1755/24 1663/1754/184 1666/1756/184 1665/1757/24
f 1668/1087/8 1667/1090/6 1669/1758/6 1670/1759/8
f 1670/1759/8 1669/1758/6 1671/1690/6 1672/1681/8
f 1672/1681/8 1671/1690/6 1673/1643/6 1674/1611/8
f 1674/1611/8 1673/1643/6 1675/1597/6 1676/1591/8
f 1676/1591/8 1675/1597/6 1678/1452/6 1677/1577/8
f 1677/1577/8 1678/1452/6 1679/1451/6 1680/1553/8
f 1680/1553/8 1679/1451/6 1681/1531/6 1682/1519/8
f 1682/1519/8 1681/1531/6 1683/1506/6 1684/1496/8
f 1684/1496/8 1683/1506/6 1685/1474/6 1686/1455/8
f 1686/1455/8 1685/1474/6 2060/1473/6 2059/1456/8
f 1665/1757/24 1666/1756/184 1687/1760/184 1688/1761/24
f 1688/1761/24 1687/1760/184 1689/1762/184 1690/1763/24
f 1690/1763/24 1689/1762/184 1691/1764/184 1692/1765/24
f 1692/1765/24 1691/1764/184 1693/1766/184 1694/1767/24
f 1694/1767/24 1693/1766/184 2070/1768/184 2069/1769/24
f 1706/1770/185 1695/1771/178 1696/1772/186 1697/1773/187
f 1708/1774/188 1704/1775/178 1700/1776/189 1701/1777/438
f 1702/1778/191 1695/1771/178 1705/1779/178 1709/1780/192
f 1698/1781/193 1704/1775/178 1705/1779/178 1707/1782/194
f 1719/1609/120 1710/1115/388 1711/1114/413 1712/1618/450
f 1713/1682/168 1717/1117/397 1718/1783/389 1714/1608/119
f 1733/1536/69 1720/1784/178 1721/1544/77 1722/1537/70
f 1734/1524/61 1730/1785/178 1726/1570/97 1725/1525/62
f 1728/1566/93 1720/1784/178 1731/1786/178 1729/1567/94
f 1723/1588/108 1730/1785/178 1731/1786/178 1724/1589/109
f 1739/1447/4 2111/1787/178 2114/1486/35 1735/1448/5
f 1736/1477/28 2119/1788/178 2112/1789/178 1737/1478/29
f 1596/1650/10 1595/1733/50 1599/1661/50 1600/1651/10
f 1627/1790/196 1626/1741/176 2122/1744/178 2121/1791/197
f 1655/1742/177 1654/1745/179 2026/1748/178 2027/1743/178
f 1699/1792/198 1700/1776/189 1704/1775/178 1698/1781/193
f 1709/1780/192 1705/1779/178 1704/1775/178 1708/1774/188
f 1703/1793/199 1696/1772/186 1695/1771/178 1702/1778/191
f 1707/1782/194 1705/1779/178 1695/1771/178 1706/1770/185
f 1716/1677/456 1715/993/407 1717/1117/397 1713/1682/168
f 1714/1608/119 1718/1783/389 1710/1115/388 1719/1609/120
f 1732/1545/78 1721/1544/77 1720/1784/178 1728/1566/93
f 1724/1589/109 1731/1786/178 1720/1784/178 1733/1536/69
f 1727/1571/98 1726/1570/97 1730/1785/178 1723/1588/108
f 1729/1567/94 1731/1786/178 1730/1785/178 1734/1524/61
f 1737/1478/29 2112/1789/178 2111/1787/178 1739/1447/4
f 1738/1464/15 2117/1463/14 2119/1788/178 1736/1477/28
f 1651/1517/58 1650/1551/84 1652/1074/412 1653/1076/178
f 1647/1466/440 1646/1500/45 1649/1075/375 1648/758/365
f 1459/1516/419 1554/1550/83 1650/1551/84 1651/1517/58
f 1425/1683/33 1395/1687/33 1579/1722/33 1612/1734/33
f 1496/1616/24 1474/1615/24 1665/1757/24 1688/1761/24
f 1555/1128/414 1652/1129/412 1653/812/178 1460/1511/443
f 1426/1442/1 1428/1639/1 1613/1735/1 1611/1443/1
f 1497/1691/170 1499/1709/170 1689/1762/184 1687/1760/184
f 1464/1625/132 1532/1624/131 1654/1745/179 1655/1742/177
f 1893/1630/137 1463/1628/135 1627/1790/196 2121/1791/197
f 1427/1684/33 1425/1683/33 1612/1734/33 1614/1736/33
f 1498/1637/24 1496/1616/24 1688/1761/24 1690/1763/24
f 1428/1639/1 1430/1635/1 1615/1737/1 1613/1735/1
f 1499/1709/170 1501/1705/170 1691/1764/184 1689/1762/184
f 1429/1685/33 1427/1684/33 1614/1736/33 1616/1738/33
f 1500/1638/24 1498/1637/24 1690/1763/24 1692/1765/24
f 1395/1687/33 1424/1483/33 1580/1484/33 1579/1722/33
f 1465/1029/170 1467/1707/170 1656/1749/184 1658/1078/184
f 1548/1565/92 1523/1542/75 1732/1545/78 1728/1566/93
f 1422/1508/51 1396/1441/1 1582/1444/1 1581/1509/52
f 1549/1535/68 1524/1586/106 1724/1589/109 1733/1536/69
f 1430/1635/1 1786/1636/1 1981/1739/1 1615/1737/1
f 1501/1705/170 1503/1700/170 1693/1766/184 1691/1764/184
f 1467/1707/170 1469/1703/170 1659/1750/184 1656/1749/184
f 1785/1686/33 1429/1685/33 1616/1738/33 1982/1740/33
f 1502/1640/24 1500/1638/24 1692/1765/24 1694/1767/24
f 1468/1689/24 1466/1469/24 1657/1470/24 1660/1751/24
f 1462/1631/138 1822/1623/130 1983/1747/181 1617/1746/180
f 1410/1633/50 1529/1634/50 1599/1661/50 1595/1733/50
f 1550/1587/107 1521/1568/95 1727/1571/98 1723/1588/108
f 1448/1603/116 1618/1602/115 1619/1581/103 1433/1580/102
f 1503/1700/170 1866/1699/170 2070/1768/184 1693/1766/184
f 1398/972/145 1400/1663/145 1585/1723/145 1583/1047/145
f 1469/1703/170 1471/1697/170 1661/1752/184 1659/1750/184
f 1411/1598/10 1530/1648/10 1600/1651/10 1598/1599/10
f 1452/1559/447 1620/1558/446 1621/1072/410 1431/986/405
f 1865/1641/24 1502/1640/24 1694/1767/24 2069/1769/24
f 1399/1676/162 1397/991/162 1584/1044/162 1586/1724/162
f 1470/1647/24 1468/1689/24 1660/1751/24 1662/1753/24
f 1551/1523/60 1525/1564/91 1729/1567/94 1734/1524/61
f 1436/1575/101 1623/1574/100 1622/1593/110 1449/1592/110
f 1475/1692/170 1497/1691/170 1687/1760/184 1666/1756/184
f 1531/1626/133 1464/1625/132 1655/1742/177 1626/1741/176
f 1437/1013/409 1625/1073/411 1624/1547/445 1453/1546/444
f 1510/1658/148 1540/1656/147 1698/1781/193 1707/1782/194
f 1400/1663/145 1402/1654/145 1587/1725/145 1585/1723/145
f 1471/1697/170 1473/1695/170 1663/1754/184 1661/1752/184
f 1463/1628/135 1531/1626/133 1626/1741/176 1627/1790/196
f 1505/1646/140 1506/1645/139 1697/1773/187 1696/1772/186
f 1401/1673/162 1399/1676/162 1586/1724/162 1588/1726/162
f 1472/1644/24 1470/1647/24 1662/1753/24 1664/1755/24
f 1540/1656/147 1507/1655/146 1699/1792/198 1698/1781/193
f 1508/1664/154 1541/1667/157 1708/1774/188 1701/1777/438
f 1532/1624/131 1462/1631/138 1617/1746/180 1654/1745/179
f 1552/1446/3 1528/1475/26 1737/1478/29 1739/1447/4
f 1504/1662/151 1508/1664/154 1701/1777/438 1700/1776/189
f 1402/1654/145 1404/1657/145 1589/1727/145 1587/1725/145
f 1473/1695/170 1475/1692/170 1666/1756/184 1663/1754/184
f 1507/1655/146 1504/1662/151 1700/1776/189 1699/1792/198
f 1403/1674/162 1401/1673/162 1588/1726/162 1590/1728/162
f 1474/1615/24 1472/1644/24 1664/1755/24 1665/1757/24
f 1553/1476/27 1527/1461/12 1738/1464/15 1736/1477/28
f 1461/1490/39 1631/1489/38 1630/1678/167 1444/1629/136
f 1542/1669/159 1509/1670/160 1703/1793/199 1702/1778/191
f 1446/1653/454 1632/1652/453 1633/1601/114 1439/1600/113
f 1511/1668/158 1542/1669/159 1702/1778/191 1709/1780/192
f 1404/1657/145 1406/1659/145 1591/1729/145 1589/1727/145
f 1440/1595/112 1635/1594/111 1634/1620/452 1447/1619/451
f 1509/1670/160 1505/1646/140 1696/1772/186 1703/1793/199
f 1506/1645/139 1543/1660/435 1706/1770/185 1697/1773/187
f 1405/1675/163 1403/1674/162 1590/1728/162 1592/1730/174
f 1477/985/6 1479/1672/6 1669/1758/6 1667/1090/6
f 1543/1660/435 1510/1658/148 1707/1782/194 1706/1770/185
f 1408/1614/121 1407/1632/50 1594/1732/50 1593/1731/175
f 1478/1718/7 1476/1040/7 1668/1087/8 1670/1759/8
f 1434/1627/134 1637/1679/134 1636/1480/31 1455/1479/30
f 1541/1667/157 1511/1668/158 1709/1780/192 1708/1774/188
f 1406/1659/145 1408/1614/121 1593/1731/175 1591/1729/145
f 1450/1583/105 1638/1582/104 1639/1557/86 1441/1556/85
f 1479/1672/6 1481/1671/6 1671/1690/6 1669/1758/6
f 1442/1549/82 1641/1548/81 1640/1573/99 1451/1572/99
f 1480/1680/7 1478/1718/7 1670/1759/8 1672/1681/8
f 1407/1632/50 1410/1633/50 1595/1733/50 1594/1732/50
f 1438/1482/32 1643/1481/32 1642/1513/54 1445/1512/53
f 1513/975/403 1514/1617/449 1712/1618/450 1711/1114/413
f 1409/1649/10 1405/1675/163 1592/1730/174 1596/1650/10
f 1750/1794/1 1946/1795/1 1975/1796/1 1780/1797/1
f 1890/1798/200 2113/1799/201 2120/1800/202 1916/1801/203
f 1846/1802/6 2050/1803/6 2051/1804/6 1848/1805/6
f 1855/1453/7 2059/1456/8 2058/1806/8 1853/1807/7
f 1777/1808/204 1974/1809/205 1973/1810/50 1775/1811/50
f 1891/1812/206 2118/1813/363 2117/1463/14 1888/1462/13
f 1816/1814/457 2018/1815/458 2017/1816/210 1815/1817/211
f 1814/1818/212 2131/1819/213 2132/1820/459 1920/1821/460
f 1825/1822/24 2029/1823/24 2130/1824/24 1905/1825/24
f 1854/1826/6 2057/1827/6 2060/1473/6 1856/1472/6
f 1892/1828/216 2116/1829/217 2115/1830/218 1917/1831/219
f 1812/1832/220 1794/1833/221 2010/1834/221 2003/1835/222
f 1778/1836/33 1944/1837/33 1974/1809/205 1777/1808/204
f 1889/1485/34 2114/1486/35 2113/1799/201 1890/1798/200
f 1811/1487/36 1819/1838/223 1998/1839/224 2014/1488/37
f 1903/1840/225 1899/1841/226 2124/1842/227 2127/1843/228
f 1853/1807/7 2058/1806/8 2056/1844/8 1851/1845/7
f 1775/1811/50 1973/1810/50 1972/1846/50 1773/1847/50
f 1815/1817/211 2017/1816/210 2016/1848/229 1919/1849/230
f 1904/1850/231 1818/1504/49 2015/1503/48 2125/1851/461
f 1852/1852/6 2055/1853/6 2057/1827/6 1854/1826/6
f 1774/1854/10 1971/1855/10 1945/1856/233 1776/1857/234
f 1801/1858/235 1799/1622/129 2012/1859/236 2009/1860/237
f 1919/1849/230 2016/1848/229 2021/1861/238 1817/1862/239
f 1851/1845/7 2056/1844/8 2054/1863/8 1849/1864/7
f 1773/1847/50 1972/1846/50 1970/1865/50 1771/1866/50
f 1884/1867/240 2101/1868/241 2110/1869/242 1915/1870/243
f 1902/1871/244 1810/1872/462 2013/1873/246 2128/1874/247
f 1850/1875/6 2053/1876/6 2055/1853/6 1852/1852/6
f 1772/1877/10 1969/1878/10 1971/1855/10 1774/1854/10
f 1882/1879/248 2098/1880/249 2109/1881/250 1913/1882/251
f 1900/1883/252 1901/1884/253 2126/1885/254 2123/1886/255
f 1885/1887/256 2108/1888/257 2097/1889/258 1881/1890/259
f 1809/1891/260 1798/1892/261 2008/1893/463 1991/1894/263
f 1918/1895/264 2020/1896/379 2131/1819/213 1814/1818/212
f 1849/1864/7 2054/1863/8 2052/1897/8 1847/1898/7
f 1771/1866/50 1970/1865/50 1968/1899/50 1769/1900/50
f 1797/1901/266 1808/1902/267 1987/1903/268 2006/1904/269
f 1898/1560/89 1902/1871/244 2128/1874/247 2129/1561/90
f 1848/1805/6 2051/1804/6 2053/1876/6 1850/1875/6
f 1770/1905/10 1967/1906/10 1969/1878/10 1772/1877/10
f 1887/1907/382 2105/1908/271 2104/1909/383 1912/1910/273
f 1883/1911/274 2103/1912/275 2102/1913/276 1880/1914/277
f 1807/1915/278 1792/1916/279 1990/1917/280 2007/1918/278
f 1810/1872/462 1903/1840/225 2127/1843/228 2013/1873/246
f 1847/1898/7 2052/1897/8 2049/1919/8 1845/1920/7
f 1769/1900/50 1968/1899/50 1966/1921/50 1767/1922/50
f 1880/1914/277 2102/1913/276 2101/1868/241 1884/1867/240
f 1789/1923/281 1806/1924/282 2005/1925/283 1986/1926/284
f 1768/1927/10 1965/1928/10 1967/1906/10 1770/1905/10
f 1886/1929/285 2100/1930/286 2099/1931/287 1914/1932/288
f 1845/1920/7 2049/1919/8 2048/1933/8 1843/1934/7
f 1881/1890/259 2097/1889/258 2098/1880/249 1882/1879/248
f 1805/1935/289 1796/1936/290 2002/1937/291 1989/1938/289
f 1901/1884/253 1904/1850/231 2125/1851/461 2126/1885/254
f 1844/1939/6 2047/1940/6 2050/1803/6 1846/1802/6
f 1767/1922/50 1966/1921/50 1962/1941/50 1765/1942/50
f 1795/1943/292 1804/1944/293 1985/1945/294 2000/1946/295
f 1766/1947/10 1961/1948/10 1965/1928/10 1768/1927/10
f 1911/1949/296 2095/1950/297 2090/1951/298 1879/1952/385
f 1843/1934/7 2048/1933/8 2046/1953/8 1841/1954/7
f 1898/1560/89 1857/1955/24 1833/1956/24 1762/1957/300
f 1877/1958/301 2088/1959/302 2095/1950/297 1911/1949/296
f 1803/1960/303 1791/1961/464 1996/1962/465 2001/1963/306
f 1897/1964/307 1794/1833/221 1812/1832/220 1823/1965/308
f 1812/1832/220 1790/1966/309 1896/1967/310 1823/1965/308
f 1790/1966/309 1800/1968/311 1821/1969/312 1896/1967/310
f 1800/1968/311 1819/1838/223 1893/1630/137 1821/1969/312
f 1820/1970/313 1801/1858/235 1794/1833/221 1897/1964/307
f 1822/1623/130 1799/1622/129 1801/1858/235 1820/1970/313
f 1902/1871/244 1898/1560/89 1762/1957/300 1761/1971/10
f 1810/1872/462 1902/1871/244 1761/1971/10 1764/1972/10
f 1903/1840/225 1810/1872/462 1764/1972/10 1894/1973/10
f 1899/1841/226 1903/1840/225 1894/1973/10 1766/1947/10
f 1900/1883/252 1899/1841/226 1766/1947/10 1768/1927/10
f 1901/1884/253 1900/1883/252 1768/1927/10 1770/1905/10
f 1904/1850/231 1901/1884/253 1770/1905/10 1772/1877/10
f 1784/1974/1 1786/1636/1 1818/1504/49
f 1774/1854/10 1818/1504/49 1904/1850/231 1772/1877/10
f 1898/1560/89 1859/1975/24 1857/1955/24
f 1776/1857/234 1750/1794/1 1818/1504/49 1774/1854/10
f 1750/1794/1 1780/1797/1 1818/1504/49
f 1898/1560/89 1861/1976/24 1859/1975/24
f 1780/1797/1 1782/1977/1 1818/1504/49
f 1782/1977/1 1784/1974/1 1818/1504/49
f 1898/1560/89 1863/1978/24 1861/1976/24
f 1898/1560/89 1865/1641/24 1863/1978/24
f 1842/1979/6 2045/1980/6 2047/1940/6 1844/1939/6
f 1831/1981/24 1829/1982/24 1868/1983/314 1869/1984/315
f 1895/1985/50 1964/1986/50 1960/1987/50 1763/1988/50
f 1788/1989/466 1802/1990/317 1999/1991/318 1995/1992/467
f 1756/1993/145 1758/1994/145 1906/1995/320 1870/1996/321
f 1758/1994/145 1760/1997/145 1873/1998/322 1906/1995/320
f 1760/1997/145 1762/1957/300 1909/1999/323 1873/1998/322
f 1899/1841/226 1900/1883/252 2123/1886/255 2124/1842/227
f 1894/1973/10 1963/2000/10 1961/1948/10 1766/1947/10
f 1875/2001/468 1752/2002/145 1754/2003/145 1867/2004/325
f 1867/2004/325 1754/2003/145 1756/1993/145 1870/1996/321
f 1877/1958/301 1825/1822/24 1905/1825/24 1876/2005/469
f 1871/2006/327 1907/2007/328 1910/2008/329 1878/2009/330
f 1907/2007/328 1874/2010/331 1879/1952/385 1910/2008/329
f 1874/2010/331 1908/2011/332 1911/1949/296 1879/1952/385
f 1908/2011/332 1872/2012/333 1877/1958/301 1911/1949/296
f 1878/2009/330 1875/2001/468 1867/2004/325 1871/2006/327
f 1788/1989/466 1838/2013/6 1840/2014/6
f 1789/1923/281 1769/1900/50 1767/1922/50 1806/1924/282
f 1788/1989/466 1836/2015/6 1838/2013/6
f 1788/1989/466 1840/2014/6 1842/1979/6
f 1806/1924/282 1767/1922/50 1765/1942/50 1797/1901/266
f 1808/1902/267 1895/1985/50 1763/1988/50 1787/2016/470
f 1787/2016/470 1757/2017/162 1755/2018/162
f 1763/1988/50 1759/2019/335 1757/2017/162 1787/2016/470
f 1787/2016/470 1755/2018/162 1753/2020/162
f 1804/1944/293 1795/1943/292 1773/1847/50 1771/1866/50
f 1788/1989/466 1842/1979/6 1844/1939/6 1777/1808/204
f 1787/2016/470 1753/2020/162 1751/2021/162
f 1795/1943/292 1802/1990/317 1775/1811/50 1773/1847/50
f 1797/1901/266 1765/1942/50 1895/1985/50 1808/1902/267
f 1789/1923/281 1804/1944/293 1771/1866/50 1769/1900/50
f 1802/1990/317 1788/1989/466 1777/1808/204 1775/1811/50
f 1878/2009/330 2092/2022/336 2091/2023/471 1875/2001/468
f 1800/1968/311 1790/1966/309 2004/2024/309 1997/2025/338
f 1841/1954/7 2046/1953/8 2044/2026/8 1839/2027/7
f 1910/2008/329 2089/2028/339 2092/2022/336 1878/2009/330
f 1879/1952/385 2090/1951/298 2089/2028/339 1910/2008/329
f 1912/1910/273 1885/1887/256 1781/2029/33 1779/2030/33
f 1890/1798/200 1854/1826/6 1856/1472/6 1889/1485/34
f 1914/1932/288 1883/1911/274 1890/1798/200 1916/1801/203
f 1886/1929/285 1914/1932/288 1916/1801/203 1892/1828/216
f 1913/1882/251 1886/1929/285 1892/1828/216 1917/1831/219
f 1882/1879/248 1913/1882/251 1917/1831/219 1891/1812/206
f 1881/1890/259 1882/1879/248 1891/1812/206 1888/1462/13
f 1783/2031/33 1881/1890/259 1888/1462/13 1785/1686/33
f 1781/2029/33 1885/1887/256 1881/1890/259 1783/2031/33
f 1883/1911/274 1852/1852/6 1854/1826/6 1890/1798/200
f 1880/1914/277 1850/1875/6 1852/1852/6 1883/1911/274
f 1749/2032/33 1887/1907/382 1912/1910/273 1779/2030/33
f 1778/1836/33 1915/1870/243 1887/1907/382 1749/2032/33
f 1848/1805/6 1850/1875/6 1880/1914/277 1884/1867/240
f 1778/1836/33 1846/1802/6 1848/1805/6 1884/1867/240 1915/1870/243
f 1777/1808/204 1844/1939/6 1846/1802/6 1778/1836/33
f 1799/1622/129 1813/1621/128 2011/1688/169 2012/1859/236
f 1872/2012/333 1827/2033/24 1825/1822/24 1877/1958/301
f 1868/1983/314 1829/1982/24 1827/2033/24 1872/2012/333
f 1762/1957/300 1833/1956/24 1831/1981/24 1869/1984/315 1909/1999/323
f 1840/2014/6 2043/2034/6 2045/1980/6 1842/1979/6
f 1858/2035/170 1927/2036/171 1926/2037/171 1834/2038/170
f 1817/1862/239 1918/1895/264 1805/1935/289 1792/1916/279
f 1834/2038/170 1926/2037/171 1925/2039/171 1832/2040/170
f 1816/1814/457 1809/1891/260 1793/2041/472
f 1918/1895/264 1814/1818/212 1796/1936/290 1805/1935/289
f 1815/1817/211 1798/1892/261 1809/1891/260 1816/1814/457
f 1807/1915/278 1798/1892/261 1815/1817/211 1919/1849/230
f 1919/1849/230 1817/1862/239 1792/1916/279 1807/1915/278
f 1791/1961/464 1803/1960/303 1920/1821/460
f 1832/2040/170 1925/2039/171 1924/2042/171 1830/2043/170
f 1803/1960/303 1796/1936/290 1814/1818/212 1920/1821/460
f 1866/1699/170 1931/1702/171 1930/2044/171 1864/2045/170
f 1830/2043/170 1924/2042/171 1923/2046/171 1828/2047/170
f 1864/2045/170 1930/2044/171 1929/2048/171 1862/2049/170
f 1828/2047/170 1923/2046/171 1922/2050/171 1826/2051/170
f 1862/2049/170 1929/2048/171 1928/2052/171 1860/2053/170
f 1860/2053/170 1928/2052/171 1927/2036/171 1858/2035/170
f 1826/2051/170 1922/2050/171 1921/2054/171 1824/2055/170
f 1843/1934/7 1936/2056/173 1937/2057/173 1845/1920/7
f 1853/1807/7 1941/2058/173 1942/1713/173 1855/1453/7
f 1841/1954/7 1935/2059/173 1936/2056/173 1843/1934/7
f 1851/1845/7 1940/2060/173 1941/2058/173 1853/1807/7
f 1839/2027/7 1934/2061/173 1935/2059/173 1841/1954/7
f 1837/2062/7 1933/2063/173 1934/2061/173 1839/2027/7
f 1849/1864/7 1939/2064/173 1940/2060/173 1851/1845/7
f 1835/2065/7 1932/2066/173 1933/2063/173 1837/2062/7
f 1847/1898/7 1938/2067/173 1939/2064/173 1849/1864/7
f 1845/1920/7 1937/2057/173 1938/2067/173 1847/1898/7
f 1944/1837/33 1943/2068/33 1946/1795/1 1945/1856/233
f 1948/2069/162 1950/2070/162 1949/2071/145 1947/2072/145
f 1950/2070/162 1952/2073/162 1951/2074/145 1949/2071/145
f 1952/2073/162 1954/2075/162 1953/2076/145 1951/2074/145
f 1954/2075/162 1956/2077/341 1955/2078/145 1953/2076/145
f 1956/2077/341 1958/2079/10 1957/2080/342 1955/2078/145
f 1956/2077/341 1960/1987/50 1959/2081/10 1958/2079/10
f 1964/1986/50 1962/1941/50 1961/1948/10 1963/2000/10
f 1962/1941/50 1966/1921/50 1965/1928/10 1961/1948/10
f 1966/1921/50 1968/1899/50 1967/1906/10 1965/1928/10
f 1968/1899/50 1970/1865/50 1969/1878/10 1967/1906/10
f 1970/1865/50 1972/1846/50 1971/1855/10 1969/1878/10
f 1972/1846/50 1973/1810/50 1945/1856/233 1971/1855/10
f 1973/1810/50 1974/1809/205 1944/1837/33 1945/1856/233
f 1943/2068/33 1976/2082/33 1975/1796/1 1946/1795/1
f 1976/2082/33 1978/2083/33 1977/2084/1 1975/1796/1
f 1978/2083/33 1980/2085/33 1979/2086/1 1977/2084/1
f 1980/2085/33 1982/1740/33 1981/1739/1 1979/2086/1
f 1993/2087/343 2122/1744/178 2027/1743/178 2025/2088/344
f 1999/1991/318 2001/1963/306 1996/1962/465 1995/1992/467
f 2005/1925/283 2007/1918/278 1990/1917/280 1986/1926/284
f 2024/2089/345 2026/1748/178 1983/1747/181 1984/2090/346
f 1985/1945/294 1989/1938/289 2002/1937/291 2000/1946/295
f 1987/1903/268 1991/1894/263 2008/1893/463 2006/1904/269
f 2015/1503/48 2014/1488/37 1998/1839/224 2125/1851/461
f 2126/1885/254 1997/2025/338 2004/2024/309 2123/1886/255
f 2124/1842/227 2003/1835/222 2010/1834/221 2127/1843/228
f 2013/1873/246 2009/1860/237 2012/1859/236 2128/1874/247
f 2000/1946/295 2002/1937/291 2001/1963/306 1999/1991/318
f 1986/1926/284 1990/1917/280 1989/1938/289 1985/1945/294
f 2006/1904/269 2008/1893/463 2007/1918/278 2005/1925/283
f 1988/2091/473 1992/2092/474 1991/1894/263 1987/1903/268
f 2125/1851/461 1998/1839/224 1997/2025/338 2126/1885/254
f 2127/1843/228 2010/1834/221 2009/1860/237 2013/1873/246
f 2123/1886/255 2004/2024/309 2003/1835/222 2124/1842/227
f 2020/1896/379 2022/2093/178 2132/1820/459 2131/1819/213
f 2016/1848/229 2019/2094/178 2023/2095/178 2021/1861/238
f 2128/1874/247 2012/1859/236 2011/1688/169 2129/1561/90
f 2130/1824/24 2029/1823/24 2028/2096/184 2030/2097/184
f 2029/1823/24 2032/2098/24 2031/2099/184 2028/2096/184
f 2032/2098/24 2034/2100/24 2033/2101/184 2031/2099/184
f 2034/2100/24 2036/2102/24 2035/2103/184 2033/2101/184
f 2036/2102/24 2037/2104/24 2038/2105/184 2035/2103/184
f 2040/2106/8 2042/2107/8 2041/2108/6 2039/2109/6
f 2042/2107/8 2044/2026/8 2043/2034/6 2041/2108/6
f 2044/2026/8 2046/1953/8 2045/1980/6 2043/2034/6
f 2046/1953/8 2048/1933/8 2047/1940/6 2045/1980/6
f 2048/1933/8 2049/1919/8 2050/1803/6 2047/1940/6
f 2049/1919/8 2052/1897/8 2051/1804/6 2050/1803/6
f 2052/1897/8 2054/1863/8 2053/1876/6 2051/1804/6
f 2054/1863/8 2056/1844/8 2055/1853/6 2053/1876/6
f 2056/1844/8 2058/1806/8 2057/1827/6 2055/1853/6
f 2058/1806/8 2059/1456/8 2060/1473/6 2057/1827/6
f 2037/2104/24 2062/2110/24 2061/2111/184 2038/2105/184
f 2062/2110/24 2064/2112/24 2063/2113/184 2061/2111/184
f 2064/2112/24 2066/2114/24 2065/2115/184 2063/2113/184
f 2066/2114/24 2068/2116/24 2067/2117/184 2065/2115/184
f 2068/2116/24 2069/1769/24 2070/1768/184 2067/2117/184
f 2082/2118/349 2073/2119/350 2072/2120/351 2071/2121/178
f 2084/2122/352 2077/2123/475 2076/2124/354 2080/2125/178
f 2078/2126/355 2085/2127/356 2081/2128/178 2071/2121/178
f 2074/2129/357 2083/2130/358 2081/2128/178 2080/2125/178
f 2095/1950/297 2088/1959/302 2087/2131/476 2086/2132/178
f 2089/2028/339 2090/1951/298 2094/2133/178 2093/2134/178
f 2109/1881/250 2098/1880/249 2097/1889/258 2096/2135/178
f 2110/1869/242 2101/1868/241 2102/1913/276 2106/2136/178
f 2104/1909/383 2105/1908/271 2107/2137/178 2096/2135/178
f 2099/1931/287 2100/1930/286 2107/2137/178 2106/2136/178
f 2120/1800/202 2113/1799/201 2114/1486/35 2111/1787/178
f 2115/1830/218 2116/1829/217 2112/1789/178 2119/1788/178
f 1960/1987/50 1964/1986/50 1963/2000/10 1959/2081/10
f 1994/2138/360 2121/1791/197 2122/1744/178 1993/2087/343
f 2025/2088/344 2027/1743/178 2026/1748/178 2024/2089/345
f 2075/2139/361 2074/2129/357 2080/2125/178 2076/2124/354
f 2085/2127/356 2084/2122/352 2080/2125/178 2081/2128/178
f 2079/2140/362 2078/2126/355 2071/2121/178 2072/2120/351
f 2083/2130/358 2082/2118/349 2071/2121/178 2081/2128/178
f 2092/2022/336 2089/2028/339 2093/2134/178 2091/2023/471
f 2090/1951/298 2095/1950/297 2086/2132/178 2094/2133/178
f 2108/1888/257 2104/1909/383 2096/2135/178 2097/1889/258
f 2100/1930/286 2109/1881/250 2096/2135/178 2107/2137/178
f 2103/1912/275 2099/1931/287 2106/2136/178 2102/1913/276
f 2105/1908/271 2110/1869/242 2106/2136/178 2107/2137/178
f 2116/1829/217 2120/1800/202 2111/1787/178 2112/1789/178
f 2118/1813/363 2115/1830/218 2119/1788/178 2117/1463/14
f 2021/1861/238 2023/2095/178 2022/2093/178 2020/1896/379
f 2017/1816/210 2018/1815/458 2019/2094/178 2016/1848/229
f 1817/1862/239 2021/1861/238 2020/1896/379 1918/1895/264
f 1779/2030/33 1976/2082/33 1943/2068/33 1749/2032/33
f 1857/1955/24 2062/2110/24 2037/2104/24 1833/1956/24
f 1780/1797/1 1975/1796/1 1977/2084/1 1782/1977/1
f 1858/2035/170 2061/2111/184 2063/2113/184 1860/2053/170
f 1823/1965/308 2025/2088/344 2024/2089/345 1897/1964/307
f 1893/1630/137 2121/1791/197 1994/2138/360 1821/1969/312
f 1781/2029/33 1978/2083/33 1976/2082/33 1779/2030/33
f 1859/1975/24 2064/2112/24 2062/2110/24 1857/1955/24
f 1782/1977/1 1977/2084/1 1979/2086/1 1784/1974/1
f 1860/2053/170 2063/2113/184 2065/2115/184 1862/2049/170
f 1783/2031/33 1980/2085/33 1978/2083/33 1781/2029/33
f 1861/1976/24 2066/2114/24 2064/2112/24 1859/1975/24
f 1749/2032/33 1943/2068/33 1944/1837/33 1778/1836/33
f 1824/2055/170 2030/2097/184 2028/2096/184 1826/2051/170
f 1912/1910/273 2104/1909/383 2108/1888/257 1885/1887/256
f 1776/1857/234 1945/1856/233 1946/1795/1 1750/1794/1
f 1913/1882/251 2109/1881/250 2100/1930/286 1886/1929/285
f 1784/1974/1 1979/2086/1 1981/1739/1 1786/1636/1
f 1862/2049/170 2065/2115/184 2067/2117/184 1864/2045/170
f 1826/2051/170 2028/2096/184 2031/2099/184 1828/2047/170
f 1785/1686/33 1982/1740/33 1980/2085/33 1783/2031/33
f 1863/1978/24 2068/2116/24 2066/2114/24 1861/1976/24
f 1827/2033/24 2032/2098/24 2029/1823/24 1825/1822/24
f 1820/1970/313 1984/2090/346 1983/1747/181 1822/1623/130
f 1764/1972/10 1959/2081/10 1963/2000/10 1894/1973/10
f 1914/1932/288 2099/1931/287 2103/1912/275 1883/1911/274
f 1804/1944/293 1789/1923/281 1986/1926/284 1985/1945/294
f 1864/2045/170 2067/2117/184 2070/1768/184 1866/1699/170
f 1752/2002/145 1947/2072/145 1949/2071/145 1754/2003/145
f 1828/2047/170 2031/2099/184 2033/2101/184 1830/2043/170
f 1765/1942/50 1962/1941/50 1964/1986/50 1895/1985/50
f 1808/1902/267 1787/2016/470 1988/2091/473 1987/1903/268
f 1865/1641/24 2069/1769/24 2068/2116/24 1863/1978/24
f 1753/2020/162 1950/2070/162 1948/2069/162 1751/2021/162
f 1829/1982/24 2034/2100/24 2032/2098/24 1827/2033/24
f 1915/1870/243 2110/1869/242 2105/1908/271 1887/1907/382
f 1792/1916/279 1805/1935/289 1989/1938/289 1990/1917/280
f 1834/2038/170 2038/2105/184 2061/2111/184 1858/2035/170
f 1896/1967/310 1993/2087/343 2025/2088/344 1823/1965/308
f 1793/2041/472 1809/1891/260 1991/1894/263 1992/2092/474
f 1873/1998/322 2083/2130/358 2074/2129/357 1906/1995/320
f 1754/2003/145 1949/2071/145 1951/2074/145 1756/1993/145
f 1830/2043/170 2033/2101/184 2035/2103/184 1832/2040/170
f 1821/1969/312 1994/2138/360 1993/2087/343 1896/1967/310
f 1868/1983/314 2072/2120/351 2073/2119/350 1869/1984/315
f 1755/2018/162 1952/2073/162 1950/2070/162 1753/2020/162
f 1831/1981/24 2036/2102/24 2034/2100/24 1829/1982/24
f 1906/1995/320 2074/2129/357 2075/2139/361 1870/1996/321
f 1871/2006/327 2077/2123/475 2084/2122/352 1907/2007/328
f 1897/1964/307 2024/2089/345 1984/2090/346 1820/1970/313
f 1916/1801/203 2120/1800/202 2116/1829/217 1892/1828/216
f 1867/2004/325 2076/2124/354 2077/2123/475 1871/2006/327
f 1756/1993/145 1951/2074/145 1953/2076/145 1758/1994/145
f 1832/2040/170 2035/2103/184 2038/2105/184 1834/2038/170
f 1870/1996/321 2075/2139/361 2076/2124/354 1867/2004/325
f 1757/2017/162 1954/2075/162 1952/2073/162 1755/2018/162
f 1833/1956/24 2037/2104/24 2036/2102/24 1831/1981/24
f 1917/1831/219 2115/1830/218 2118/1813/363 1891/1812/206
f 1819/1838/223 1800/1968/311 1997/2025/338 1998/1839/224
f 1908/2011/332 2078/2126/355 2079/2140/362 1872/2012/333
f 1802/1990/317 1795/1943/292 2000/1946/295 1999/1991/318
f 1874/2010/331 2085/2127/356 2078/2126/355 1908/2011/332
f 1758/1994/145 1953/2076/145 1955/2078/145 1760/1997/145
f 1796/1936/290 1803/1960/303 2001/1963/306 2002/1937/291
f 1872/2012/333 2079/2140/362 2072/2120/351 1868/1983/314
f 1869/1984/315 2073/2119/350 2082/2118/349 1909/1999/323
f 1759/2019/335 1956/2077/341 1954/2075/162 1757/2017/162
f 1836/2015/6 2039/2109/6 2041/2108/6 1838/2013/6
f 1909/1999/323 2082/2118/349 2083/2130/358 1873/1998/322
f 1762/1957/300 1957/2080/342 1958/2079/10 1761/1971/10
f 1837/2062/7 2042/2107/8 2040/2106/8 1835/2065/7
f 1790/1966/309 1812/1832/220 2003/1835/222 2004/2024/309
f 1907/2007/328 2084/2122/352 2085/2127/356 1874/2010/331
f 1760/1997/145 1955/2078/145 1957/2080/342 1762/1957/300
f 1806/1924/282 1797/1901/266 2006/1904/269 2005/1925/283
f 1838/2013/6 2041/2108/6 2043/2034/6 1840/2014/6
f 1798/1892/261 1807/1915/278 2007/1918/278 2008/1893/463
f 1839/2027/7 2044/2026/8 2042/2107/8 1837/2062/7
f 1761/1971/10 1958/2079/10 1959/2081/10 1764/1972/10
f 1794/1833/221 1801/1858/235 2009/1860/237 2010/1834/221
f 1876/2005/469 2087/2131/476 2088/1959/302 1877/1958/301
f 1763/1988/50 1960/1987/50 1956/2077/341 1759/2019/335
f 1819/1838/223 1811/1487/36 1461/1490/39 1893/1630/137
