# Blender v2.93.3 OBJ File: 'molduras1.blend'
# www.blender.org
mtllib lampara corzo 6x6.mtl
o CORZO.003_Plane.035
v 4.384829 2.172161 0.024553
v 4.384829 0.010069 0.020092
v 4.261689 0.010069 0.122270
v 4.125904 0.142426 0.071181
v 4.125904 0.010069 0.122270
v 4.010790 0.142426 0.071181
v 4.260554 2.172161 0.117806
v 4.154413 2.172161 0.117806
v 4.384828 2.048063 0.071181
v 4.384828 0.142426 0.071181
v 4.384437 2.172161 0.117806
v 4.384829 0.010069 0.122270
v 4.261689 0.142426 0.071181
v 4.156184 2.048063 0.071181
v 4.261689 2.048063 0.071181
v 4.261689 0.010069 0.020092
v 4.125904 0.010069 0.020092
v 4.261689 2.172161 0.024553
v 4.156184 2.172161 0.024553
v 4.011658 2.172161 0.024553
v 5.113067 1.787912 0.071181
v 5.153661 1.846145 0.071181
v 5.130364 1.828297 0.071181
v 5.229676 1.810734 0.071181
v 5.211068 1.847579 0.071181
v 5.178428 1.862922 0.071181
v 5.186174 1.756581 0.071181
v 5.208848 1.769290 0.071181
v 5.168102 1.744693 0.071181
v 5.123629 1.808515 0.071181
v 5.219757 1.789477 0.071181
v 5.056190 1.929395 0.071181
v 5.063151 1.851211 0.071181
v 5.071499 1.876264 0.071181
v 5.049190 1.826158 0.071181
v 5.070704 1.902829 0.071181
v 4.772760 1.285817 0.071181
v 4.844232 1.406061 0.071181
v 4.915896 1.484254 0.071181
v 5.069039 1.624699 0.071181
v 5.170657 1.684367 0.071181
v 5.239204 1.725509 0.071181
v 5.488378 1.831920 0.071181
v 5.634712 1.862221 0.071181
v 5.752369 1.879166 0.071181
v 5.887054 1.896111 0.071181
v 4.851246 1.231990 0.071181
v 4.912062 1.337088 0.071181
v 4.974047 1.413052 0.071181
v 5.136610 1.556943 0.071181
v 5.241867 1.623360 0.071181
v 5.333090 1.664288 0.071181
v 5.429047 1.705430 0.071181
v 5.566994 1.748224 0.071181
v 5.672251 1.771488 0.071181
v 5.779848 1.784412 0.071181
v 5.887443 1.794752 0.071181
v 4.190004 1.413088 0.071181
v 4.341576 1.340133 0.071181
v 4.460693 1.225773 0.071181
v 4.011658 1.292116 0.071181
v 4.152152 1.281513 0.071181
v 4.274793 1.225970 0.071181
v 4.362263 1.134321 0.071181
v 5.954708 1.015486 0.071181
v 5.911784 1.038390 0.071181
v 5.963784 1.031015 0.093914
v 5.930006 1.049039 0.093914
v 5.916872 1.084396 0.093914
v 5.957037 1.084475 0.093914
v 5.895152 1.084354 0.071181
v 5.352713 1.777135 0.071181
v 5.121516 1.744637 0.071181
v 4.384828 2.116357 0.098436
v 4.384828 2.057243 0.098436
v 4.384828 0.072649 0.098436
v 4.125904 0.072649 0.098436
v 4.261689 0.072649 0.098436
v 4.125904 0.130935 0.098436
v 4.261689 2.116357 0.098436
v 4.156184 2.116357 0.098436
v 4.011658 2.116357 0.098436
v 4.384828 0.130935 0.098436
v 4.261689 0.130935 0.098436
v 4.261689 2.057243 0.098436
v 4.156184 2.057243 0.098436
v 5.151881 1.839639 0.098436
v 5.135413 1.824237 0.098436
v 5.221115 1.809081 0.098436
v 5.205058 1.840876 0.098436
v 5.173125 1.854116 0.098436
v 5.183575 1.762349 0.098436
v 5.199218 1.773316 0.098436
v 5.184109 1.817578 0.098436
v 5.163159 1.794280 0.098436
v 5.126118 1.807166 0.098436
v 5.120487 1.789387 0.098436
v 5.212556 1.790737 0.098436
v 5.048285 1.917802 0.098436
v 5.053730 1.856639 0.098436
v 5.057348 1.876238 0.098436
v 5.056729 1.897020 0.098436
v 5.143733 1.773162 0.098436
v 5.164268 1.752090 0.098436
v 5.042808 1.837040 0.098436
v 5.370919 1.767864 0.098436
v 5.419659 1.720374 0.098436
v 4.791472 1.280647 0.098436
v 4.862944 1.400891 0.098436
v 4.934609 1.479084 0.098436
v 5.087751 1.619529 0.098436
v 5.189369 1.679197 0.098436
v 5.274290 1.728094 0.098436
v 5.488089 1.815338 0.098436
v 5.626524 1.850299 0.098436
v 5.743002 1.867084 0.098436
v 5.884997 1.884893 0.098436
v 4.832534 1.244915 0.098436
v 4.893350 1.350013 0.098436
v 4.955335 1.425976 0.098436
v 5.117898 1.569868 0.098436
v 5.223155 1.636285 0.098436
v 5.333090 1.684967 0.098436
v 5.568618 1.766541 0.098436
v 5.673260 1.787363 0.098436
v 5.780481 1.800903 0.098436
v 5.887764 1.812599 0.098436
v 4.177194 1.388505 0.113596
v 4.315225 1.325272 0.113596
v 4.437656 1.212996 0.113596
v 4.152152 1.321969 0.113596
v 4.274793 1.266427 0.113596
v 4.378732 1.167302 0.113596
v 5.963121 1.138639 0.093914
v 5.929410 1.121162 0.093914
v 5.953923 1.154317 0.071181
v 5.911084 1.132108 0.071181
v 5.636100 1.083846 0.071181
v 5.606457 1.081924 0.113596
v 5.508631 1.087060 0.071181
v 5.537172 1.083266 0.113596
v 5.829228 1.286366 0.113596
v 5.706674 1.239748 0.113596
v 5.619359 1.156864 0.113596
v 5.124306 1.752042 0.098436
v 5.014671 1.941079 0.071181
v 5.014671 1.806783 0.071181
v 5.014671 1.901838 0.098436
v 5.014671 1.926942 0.098436
v 4.514598 0.010069 0.122270
v 4.514987 2.172161 0.117806
v 4.514598 2.048063 0.071181
v 4.514598 0.010069 0.020092
v 4.514598 2.172161 0.024553
v 4.644368 2.172161 0.024553
v 4.644368 0.010069 0.020092
v 4.767507 0.010069 0.122270
v 4.883939 0.142426 0.071181
v 4.883939 0.010069 0.122270
v 5.004827 0.142426 0.071181
v 5.004827 0.010069 0.122270
v 5.132076 0.142426 0.071181
v 5.132076 0.010069 0.122270
v 5.255083 0.010069 0.122270
v 5.380247 0.142426 0.071181
v 5.380247 0.010069 0.122270
v 4.769421 2.172161 0.117806
v 4.883687 2.172161 0.117806
v 5.005302 2.172161 0.117806
v 5.133318 2.172161 0.117806
v 5.257068 2.172161 0.117806
v 5.383353 2.172161 0.117806
v 5.507506 2.172161 0.117806
v 5.629121 2.172161 0.117806
v 5.757138 2.172161 0.117806
v 5.880887 2.172161 0.117806
v 5.503289 0.142426 0.071181
v 5.503289 0.010069 0.122270
v 5.624177 0.142426 0.071181
v 5.624177 0.010069 0.122270
v 5.751426 0.142426 0.071181
v 5.751426 0.010069 0.122270
v 5.874433 0.142426 0.071181
v 5.874433 0.010069 0.122270
v 4.644368 2.048063 0.071181
v 5.377762 2.048063 0.071181
v 5.252233 2.048063 0.071181
v 5.129225 2.048063 0.071181
v 4.644368 0.142426 0.071181
v 4.645539 2.172161 0.117806
v 5.001976 2.048063 0.071181
v 4.644368 0.010069 0.122270
v 5.872316 2.048063 0.071181
v 5.749308 2.048063 0.071181
v 4.767507 0.142426 0.071181
v 4.881089 2.048063 0.071181
v 4.767507 2.048063 0.071181
v 5.622058 2.048063 0.071181
v 5.501171 2.048063 0.071181
v 4.767507 0.010069 0.020092
v 4.883939 0.010069 0.020092
v 5.004827 0.010069 0.020092
v 5.132076 0.010069 0.020092
v 5.255083 0.010069 0.020092
v 5.380247 0.010069 0.020092
v 5.503289 0.010069 0.020092
v 5.624177 0.010069 0.020092
v 5.751426 0.010069 0.020092
v 5.874433 0.010069 0.020092
v 4.767507 2.172161 0.024553
v 4.881089 2.172161 0.024553
v 5.001976 2.172161 0.024553
v 5.129225 2.172161 0.024553
v 5.252233 2.172161 0.024553
v 5.377762 2.172161 0.024553
v 5.501171 2.172161 0.024553
v 5.622058 2.172161 0.024553
v 5.749308 2.172161 0.024553
v 5.872316 2.172161 0.024553
v 4.957994 0.966104 0.071181
v 4.933037 1.178810 0.071181
v 4.960020 1.249712 0.071181
v 4.932024 1.037006 0.071181
v 4.927066 1.107908 0.071181
v 4.921988 1.787912 0.071181
v 4.885389 1.846145 0.071181
v 4.904587 1.828297 0.071181
v 4.804677 1.810734 0.071181
v 4.823395 1.847579 0.071181
v 4.860623 1.862922 0.071181
v 4.846054 1.756581 0.071181
v 4.827926 1.769290 0.071181
v 4.870949 1.744693 0.071181
v 4.915422 1.808515 0.071181
v 4.812470 1.789477 0.071181
v 4.972651 1.929290 0.071181
v 4.965690 1.851106 0.071181
v 4.961065 1.876159 0.071181
v 4.979651 1.826053 0.071181
v 4.961856 1.902725 0.071181
v 5.818536 1.357423 0.113596
v 5.679664 1.305476 0.113596
v 5.562961 1.201663 0.113596
v 5.856641 1.257166 0.071181
v 5.734087 1.210548 0.071181
v 5.646774 1.127664 0.071181
v 5.827485 1.386781 0.071181
v 5.672251 1.332274 0.071181
v 5.543771 1.222103 0.071181
v 5.630531 1.007057 0.113596
v 5.734656 0.908137 0.113596
v 5.255083 0.142426 0.071181
v 4.514598 0.142426 0.071181
v 4.917535 1.744637 0.071181
v 5.129225 2.116357 0.098436
v 5.129225 2.057243 0.098436
v 4.514598 2.116357 0.098436
v 4.644368 2.116357 0.098436
v 4.644368 2.057243 0.098436
v 4.514598 2.057243 0.098436
v 4.644368 0.072649 0.098436
v 4.514598 0.072649 0.098436
v 5.872316 2.057243 0.098436
v 4.883939 0.072649 0.098436
v 4.767507 0.072649 0.098436
v 5.004827 0.072649 0.098436
v 4.883939 0.130935 0.098436
v 5.004827 0.130935 0.098436
v 5.132076 0.072649 0.098436
v 5.132076 0.130935 0.098436
v 5.255083 0.072649 0.098436
v 5.380247 0.072649 0.098436
v 4.767507 2.116357 0.098436
v 4.881089 2.116357 0.098436
v 5.001976 2.116357 0.098436
v 5.252233 2.116357 0.098436
v 5.377762 2.116357 0.098436
v 5.501171 2.116357 0.098436
v 5.749308 2.057243 0.098436
v 5.622058 2.116357 0.098436
v 5.622058 2.057243 0.098436
v 5.749308 2.116357 0.098436
v 5.872316 2.116357 0.098436
v 5.501171 2.057243 0.098436
v 5.380247 0.130935 0.098436
v 5.503289 0.130935 0.098436
v 5.377762 2.057243 0.098436
v 5.624177 0.072649 0.098436
v 5.503289 0.072649 0.098436
v 5.624177 0.130935 0.098436
v 5.751426 0.072649 0.098436
v 5.751426 0.130935 0.098436
v 5.874433 0.072649 0.098436
v 5.874433 0.130935 0.098436
v 5.252233 2.057243 0.098436
v 4.644368 0.130935 0.098436
v 4.767507 0.130935 0.098436
v 4.767507 2.057243 0.098436
v 5.001976 2.057243 0.098436
v 4.881089 2.057243 0.098436
v 4.970883 0.996371 0.098436
v 4.951245 1.163755 0.098436
v 4.972477 1.219550 0.098436
v 4.950447 1.052166 0.098436
v 4.946546 1.107961 0.098436
v 4.880347 1.839639 0.098436
v 4.896814 1.824237 0.098436
v 4.811112 1.809081 0.098436
v 4.827169 1.840876 0.098436
v 4.859103 1.854116 0.098436
v 4.848653 1.762349 0.098436
v 4.833009 1.773316 0.098436
v 4.848119 1.817578 0.098436
v 4.869069 1.794280 0.098436
v 4.906109 1.807166 0.098436
v 4.911741 1.789387 0.098436
v 4.819672 1.790737 0.098436
v 4.980557 1.917697 0.098436
v 4.975111 1.856534 0.098436
v 4.971493 1.876133 0.098436
v 4.972113 1.896915 0.098436
v 4.888495 1.773162 0.098436
v 4.867960 1.752090 0.098436
v 4.986033 1.836936 0.098436
v 5.255083 0.130935 0.098436
v 5.857400 0.852834 0.113596
v 5.571693 0.961248 0.113596
v 5.694334 0.849213 0.113596
v 5.832484 0.786249 0.113596
v 5.646938 1.040070 0.071181
v 5.734579 0.948593 0.071181
v 5.857325 0.893291 0.071181
v 5.548680 0.948426 0.071181
v 5.668010 0.834299 0.071181
v 5.819720 0.761642 0.071181
v 4.514598 0.130935 0.098436
v 4.907922 1.752042 0.098436
v 5.014006 0.939612 0.071181
v 5.014006 1.277195 0.071181
v 5.014006 1.041937 0.098436
v 5.014006 0.975524 0.098436
v 5.014006 1.108351 0.098436
v 5.014171 1.849204 0.098436
v 5.014006 1.241178 0.098436
v 5.014171 1.821779 0.098436
v 5.014671 1.876733 0.098436
v 4.750241 0.910702 0.071181
v 4.816003 0.797894 0.071181
v 5.093581 0.721061 0.098436
v 5.140056 0.516710 0.071181
v 5.221631 0.467088 0.071181
v 5.456528 0.368144 0.071181
v 5.595488 0.334817 0.071181
v 5.712292 0.316837 0.071181
v 5.854631 0.298631 0.071181
v 4.834930 0.952971 0.071181
v 4.884386 0.862678 0.071181
v 5.211795 0.578878 0.071181
v 5.302577 0.526375 0.071181
v 5.415254 0.478848 0.071181
v 5.535836 0.449346 0.071181
v 5.640892 0.425151 0.071181
v 5.748374 0.411275 0.071181
v 5.855879 0.399983 0.071181
v 5.321317 0.422333 0.071181
v 5.339556 0.426058 0.098436
v 5.397974 0.465852 0.098436
v 4.768930 0.914716 0.098436
v 4.834759 0.802898 0.098436
v 4.901352 0.725198 0.098436
v 5.065958 0.771014 0.098436
v 5.063915 0.581306 0.098436
v 5.158811 0.521714 0.098436
v 5.243314 0.472067 0.098436
v 5.456365 0.382933 0.098436
v 5.594499 0.346748 0.098436
v 5.710829 0.328933 0.098436
v 5.852667 0.309867 0.098436
v 4.811589 0.940931 0.098436
v 4.865565 0.849919 0.098436
v 5.088270 0.631672 0.098436
v 5.192975 0.566120 0.098436
v 5.302401 0.505697 0.098436
v 5.537275 0.427426 0.098436
v 5.641766 0.409268 0.098436
v 5.748869 0.394779 0.098436
v 5.856048 0.382134 0.098436
v 4.738425 1.174402 0.071181
v 4.823559 1.132420 0.071181
v 4.757665 1.171979 0.098436
v 4.803249 1.142520 0.098436
v 4.724019 1.034199 0.071181
v 4.815694 1.023001 0.071181
v 4.743403 1.034071 0.098436
v 4.794375 1.030628 0.098436
v 5.272810 1.277498 0.071181
v 5.199007 1.406061 0.071181
v 5.127342 1.484254 0.071181
v 4.974200 1.624699 0.071181
v 4.872581 1.684367 0.071181
v 4.790588 1.733264 0.071181
v 4.554860 1.830125 0.071181
v 4.415416 1.862221 0.071181
v 4.297759 1.879166 0.071181
v 4.154413 1.896111 0.071181
v 5.191991 1.231990 0.071181
v 5.131176 1.337088 0.071181
v 5.069191 1.413052 0.071181
v 4.906628 1.556943 0.071181
v 4.801371 1.621565 0.071181
v 4.710148 1.673263 0.071181
v 4.597072 1.719790 0.071181
v 4.476243 1.748224 0.071181
v 4.370986 1.768997 0.071181
v 4.263391 1.784412 0.071181
v 4.155795 1.794752 0.071181
v 4.011658 1.797337 0.071181
v 4.690526 1.777135 0.071181
v 4.672319 1.773249 0.098436
v 4.614241 1.732939 0.098436
v 5.254118 1.277581 0.098436
v 5.180295 1.400891 0.098436
v 5.108629 1.479084 0.098436
v 5.059103 1.523022 0.098436
v 4.955486 1.619529 0.098436
v 4.853868 1.679197 0.098436
v 4.768948 1.728094 0.098436
v 4.555149 1.815338 0.098436
v 4.416713 1.850299 0.098436
v 4.300237 1.867084 0.098436
v 4.158242 1.884893 0.098436
v 5.210703 1.244915 0.098436
v 5.149889 1.350013 0.098436
v 5.087903 1.425976 0.098436
v 5.084870 1.520908 0.071181
v 4.925341 1.569868 0.098436
v 4.820083 1.634490 0.098436
v 4.710148 1.693942 0.098436
v 4.474620 1.770131 0.098436
v 4.369978 1.787363 0.098436
v 4.262757 1.800903 0.098436
v 4.155474 1.812599 0.098436
v 5.242968 0.871933 0.071181
v 5.170692 0.777432 0.071181
v 5.112248 0.715726 0.071181
v 4.841917 0.502027 0.071181
v 4.773024 0.461492 0.071181
v 4.522957 0.357291 0.071181
v 4.383067 0.328224 0.071181
v 4.265269 0.312315 0.071181
v 4.121784 0.296632 0.071181
v 5.165061 0.927588 0.071181
v 5.103418 0.843416 0.071181
v 4.944038 0.566798 0.071181
v 4.771228 0.563661 0.071181
v 4.679661 0.523543 0.071181
v 4.583358 0.483251 0.071181
v 4.445054 0.441680 0.071181
v 4.339603 0.419349 0.071181
v 4.231901 0.407377 0.071181
v 4.124222 0.397991 0.071181
v 4.659082 0.410873 0.071181
v 4.640954 0.420306 0.098436
v 4.592619 0.468225 0.098436
v 5.224299 0.877269 0.098436
v 5.152024 0.782767 0.098436
v 5.047355 0.784103 0.071181
v 4.925370 0.572134 0.098436
v 4.823250 0.507362 0.098436
v 4.737917 0.459218 0.098436
v 4.523386 0.373870 0.098436
v 4.384659 0.340136 0.098436
v 4.268044 0.324383 0.098436
v 4.125904 0.307831 0.098436
v 5.183718 0.926785 0.098436
v 5.122020 0.830327 0.098436
v 4.877044 0.629144 0.071181
v 4.895646 0.616055 0.098436
v 4.789829 0.550572 0.098436
v 4.679486 0.502865 0.098436
v 4.443274 0.423379 0.098436
v 4.338460 0.403483 0.098436
v 4.231127 0.390893 0.098436
v 4.123750 0.380147 0.098436
v 4.011658 0.396402 0.071181
v 5.014006 1.174745 0.098436
v 5.081467 1.108721 0.098436
v 5.077565 1.164516 0.098436
v 5.293484 0.999126 0.071181
v 5.274817 1.004462 0.098436
v 5.304208 1.131897 0.071181
v 5.285541 1.137233 0.098436
v 5.208924 1.131896 0.071181
v 5.227637 1.144821 0.098436
v 5.207514 1.030259 0.071181
v 5.226226 1.028769 0.098436
v 5.055535 0.997132 0.098436
v 5.076767 1.052927 0.098436
v 5.057130 1.220311 0.098436
v 5.100945 1.108774 0.071181
v 5.095987 1.179677 0.071181
v 5.067993 0.966970 0.071181
v 5.094975 1.037872 0.071181
v 5.070020 1.250578 0.071181
v 5.022142 1.596962 0.071181
v 5.020978 1.577197 0.098436
v 5.019997 1.452031 0.071181
v 5.020978 1.480088 0.098436
v 4.944958 1.523021 0.071181
v 4.977081 1.523022 0.098436
v 5.107091 0.644430 0.071181
v 4.945755 0.789755 0.071181
v 5.045203 0.568382 0.071181
v 4.887003 0.719070 0.071181
v 5.045729 0.678352 0.098436
v 4.926934 0.776997 0.098436
v 5.069864 0.676238 0.071181
v 4.998155 0.752293 0.071181
v 4.996990 0.724185 0.098436
v 4.996008 0.607361 0.071181
v 4.996990 0.635418 0.098436
v 4.920970 0.678351 0.071181
v 4.953093 0.678352 0.098436
v 4.895874 0.392478 0.071181
v 4.859230 0.334419 0.071181
v 4.878394 0.352176 0.071181
v 4.779162 0.370210 0.071181
v 4.797602 0.333278 0.071181
v 4.834536 0.317759 0.071181
v 4.825157 0.424156 0.071181
v 4.806862 0.411533 0.071181
v 4.845337 0.435938 0.071181
v 4.891901 0.371907 0.071181
v 4.791222 0.391420 0.071181
v 4.955132 0.250727 0.071181
v 4.945500 0.328943 0.071181
v 4.940762 0.303912 0.071181
v 4.962647 0.353930 0.071181
v 4.941432 0.277343 0.071181
v 4.891644 0.435773 0.071181
v 4.856825 0.340937 0.098436
v 4.873362 0.356260 0.098436
v 4.787730 0.371823 0.098436
v 4.803642 0.339952 0.098436
v 4.835515 0.326560 0.098436
v 4.825483 0.418376 0.098436
v 4.809790 0.407483 0.098436
v 4.824698 0.363150 0.098436
v 4.845753 0.386348 0.098436
v 4.882735 0.373286 0.098436
v 4.888448 0.391039 0.098436
v 4.796373 0.390126 0.098436
v 4.960064 0.262282 0.098436
v 4.954897 0.323470 0.098436
v 4.951190 0.303889 0.098436
v 4.951715 0.283104 0.098436
v 4.865276 0.407374 0.098436
v 4.844837 0.428543 0.098436
v 4.965909 0.343017 0.098436
v 4.884798 0.428401 0.098436
v 4.993572 0.238845 0.071181
v 4.994184 0.373140 0.071181
v 4.993751 0.278086 0.098436
v 4.993636 0.252982 0.098436
v 5.093634 0.391557 0.071181
v 5.129966 0.333153 0.071181
v 5.110850 0.351090 0.071181
v 5.210839 0.368181 0.071181
v 5.191952 0.331426 0.071181
v 5.150434 0.316258 0.071181
v 5.163027 0.422540 0.071181
v 5.181097 0.409745 0.071181
v 5.140708 0.434535 0.071181
v 5.096211 0.370924 0.071181
v 5.196460 0.389485 0.071181
v 5.039174 0.250435 0.071181
v 5.042962 0.328585 0.071181
v 5.047472 0.303510 0.071181
v 5.029114 0.353704 0.071181
v 5.046560 0.276948 0.071181
v 5.094401 0.434810 0.071181
v 5.128356 0.339647 0.098436
v 5.111959 0.355126 0.098436
v 5.197729 0.369875 0.098436
v 5.181527 0.338156 0.098436
v 5.149534 0.325068 0.098436
v 5.160401 0.416785 0.098436
v 5.175996 0.405743 0.098436
v 5.160684 0.361554 0.098436
v 5.139841 0.384951 0.098436
v 5.102742 0.372241 0.098436
v 5.097191 0.390047 0.098436
v 5.189253 0.388259 0.098436
v 5.027792 0.262065 0.098436
v 5.033516 0.323201 0.098436
v 5.037045 0.303586 0.098436
v 5.036331 0.282807 0.098436
v 5.120512 0.406162 0.098436
v 5.141140 0.427136 0.098436
v 5.022684 0.342852 0.098436
v 5.101181 0.427373 0.098436
v 4.994490 0.330718 0.098436
v 4.994615 0.358142 0.098436
v 4.993865 0.303191 0.098436
v 4.465087 0.952086 0.071181
v 4.336400 0.842167 0.071181
v 4.181064 0.787965 0.071181
v 4.362263 1.046727 0.071181
v 4.274793 0.964014 0.071181
v 4.152152 0.917636 0.071181
v 4.445936 0.972564 0.113596
v 4.329039 0.868980 0.113596
v 4.190068 0.817305 0.113596
v 4.389622 1.017474 0.113596
v 4.302152 0.934761 0.113596
v 4.179510 0.888384 0.113596
v 4.471947 1.090911 0.113596
v 4.500482 1.087060 0.071181
v 4.402665 1.092388 0.113596
v 4.373018 1.090524 0.071181
v 4.097944 1.042801 0.071181
v 4.055063 1.020676 0.071181
v 4.012183 1.016452 0.071181
v 4.079638 1.053783 0.093914
v 4.011658 1.899701 0.071181
v 4.045894 1.036372 0.093914
v 4.012151 1.033048 0.093914
v 4.113966 1.090524 0.071181
v 4.052081 1.090524 0.093914
v 4.092247 1.090524 0.093914
v 4.011915 1.090524 0.093914
v 4.011691 1.148001 0.093914
v 4.079179 1.125907 0.093914
v 4.045435 1.143997 0.093914
v 4.097420 1.136521 0.071181
v 4.054539 1.159509 0.071181
v 6.007830 1.158625 0.071181
v 6.007830 1.010482 0.071181
v 6.007830 1.027078 0.093914
v 6.007830 1.084554 0.093914
v 6.007830 1.142029 0.093914
v 6.007830 1.299578 0.113596
v 6.007830 1.797337 0.071181
v 6.007830 1.373025 0.113596
v 6.007830 1.264110 0.071181
v 6.007830 1.398520 0.071181
v 6.007830 1.899701 0.071181
v 6.007830 1.819045 0.098436
v 6.007830 0.842505 0.113596
v 6.007830 0.770054 0.113596
v 6.007830 0.882963 0.071181
v 6.007830 0.741734 0.071181
v 6.007830 1.892072 0.098436
v 6.007830 2.172161 0.117806
v 6.007830 0.010069 0.122270
v 6.007830 2.048063 0.071181
v 6.007830 0.010069 0.020092
v 6.007830 2.172161 0.024553
v 6.007830 0.142426 0.071181
v 6.007830 2.116357 0.098436
v 6.007830 2.057243 0.098436
v 6.007830 0.072649 0.098436
v 6.007830 0.130935 0.098436
v 6.007830 0.396402 0.071181
v 6.007830 0.294042 0.071181
v 6.007830 0.374695 0.098436
v 6.007830 0.301671 0.098436
v 0.392139 2.172161 0.024553
v 0.392139 0.010068 0.020092
v 0.269000 0.010068 0.122270
v 0.133214 0.142426 0.071182
v 0.133214 0.010068 0.122270
v 0.018101 0.142426 0.071182
v 0.018101 0.010068 0.122270
v 0.267866 2.172161 0.117806
v 0.161723 2.172161 0.117806
v 0.016330 2.172161 0.117806
v 0.392138 2.048063 0.071182
v 0.392138 0.142426 0.071182
v 0.391746 2.172161 0.117806
v 0.018969 2.048063 0.071182
v 0.392139 0.010068 0.122270
v 0.269000 0.142426 0.071182
v 0.163494 2.048063 0.071182
v 0.269000 2.048063 0.071182
v 0.269000 0.010068 0.020092
v 0.133214 0.010068 0.020092
v 0.018101 0.010068 0.020092
v 0.269000 2.172161 0.024553
v 0.163495 2.172161 0.024553
v 0.018969 2.172161 0.024553
v 1.120377 1.787912 0.071182
v 1.160972 1.846145 0.071182
v 1.137675 1.828297 0.071182
v 1.236986 1.810734 0.071182
v 1.218379 1.847579 0.071182
v 1.185739 1.862922 0.071182
v 1.193484 1.756581 0.071182
v 1.216159 1.769290 0.071182
v 1.175413 1.744693 0.071182
v 1.130939 1.808515 0.071182
v 1.227067 1.789477 0.071182
v 1.063500 1.929395 0.071182
v 1.070462 1.851211 0.071182
v 1.078810 1.876264 0.071182
v 1.056500 1.826158 0.071182
v 1.078014 1.902829 0.071182
v 0.780070 1.285817 0.071182
v 0.851542 1.406061 0.071182
v 0.923207 1.484254 0.071182
v 1.076349 1.624699 0.071182
v 1.177969 1.684367 0.071182
v 1.246514 1.725509 0.071182
v 1.495689 1.831920 0.071182
v 1.642023 1.862221 0.071182
v 1.759680 1.879166 0.071182
v 1.894365 1.896111 0.071182
v 0.858557 1.231990 0.071182
v 0.919372 1.337088 0.071182
v 0.981357 1.413052 0.071182
v 1.143921 1.556943 0.071182
v 1.249178 1.623360 0.071182
v 1.340400 1.664288 0.071182
v 1.436357 1.705430 0.071182
v 1.574305 1.748224 0.071182
v 1.679563 1.771488 0.071182
v 1.787159 1.784412 0.071182
v 1.894755 1.794752 0.071182
v 0.197314 1.413088 0.071182
v 0.348887 1.340133 0.071182
v 0.468003 1.225773 0.071182
v 0.018969 1.292116 0.071182
v 0.159463 1.281513 0.071182
v 0.282104 1.225970 0.071182
v 0.369573 1.134321 0.071182
v 1.962019 1.015486 0.071182
v 1.919095 1.038390 0.071182
v 1.971094 1.031015 0.093914
v 1.937316 1.049039 0.093914
v 1.924182 1.084396 0.093914
v 1.964348 1.084475 0.093914
v 1.902462 1.084354 0.071182
v 1.360023 1.777135 0.071182
v 1.128826 1.744637 0.071182
v 0.392138 2.116357 0.098437
v 0.392138 2.057243 0.098437
v 0.392138 0.072649 0.098437
v 0.133214 0.072649 0.098437
v 0.269000 0.072649 0.098437
v 0.018101 0.072649 0.098437
v 0.133214 0.130935 0.098437
v 0.018101 0.130935 0.098437
v 0.269000 2.116357 0.098437
v 0.163494 2.116357 0.098437
v 0.018969 2.116357 0.098437
v 0.392138 0.130935 0.098437
v 0.269000 0.130935 0.098437
v 0.269000 2.057243 0.098437
v 0.018969 2.057243 0.098437
v 0.163494 2.057243 0.098437
v 1.159191 1.839639 0.098437
v 1.142724 1.824237 0.098437
v 1.228425 1.809081 0.098437
v 1.212368 1.840876 0.098437
v 1.180436 1.854116 0.098437
v 1.190885 1.762349 0.098437
v 1.206529 1.773316 0.098437
v 1.191420 1.817578 0.098437
v 1.170470 1.794280 0.098437
v 1.133429 1.807166 0.098437
v 1.127797 1.789387 0.098437
v 1.219867 1.790737 0.098437
v 1.055595 1.917802 0.098437
v 1.061041 1.856639 0.098437
v 1.064658 1.876238 0.098437
v 1.064040 1.897020 0.098437
v 1.151043 1.773162 0.098437
v 1.171579 1.752090 0.098437
v 1.050119 1.837040 0.098437
v 1.378230 1.767864 0.098437
v 1.426970 1.720374 0.098437
v 0.798783 1.280647 0.098437
v 0.870254 1.400891 0.098437
v 0.941920 1.479084 0.098437
v 1.095061 1.619529 0.098437
v 1.196680 1.679197 0.098437
v 1.281601 1.728094 0.098437
v 1.495400 1.815338 0.098437
v 1.633835 1.850299 0.098437
v 1.750313 1.867084 0.098437
v 1.892307 1.884893 0.098437
v 0.839845 1.244915 0.098437
v 0.900660 1.350013 0.098437
v 0.962645 1.425976 0.098437
v 1.125208 1.569868 0.098437
v 1.230465 1.636285 0.098437
v 1.340400 1.684967 0.098437
v 1.575929 1.766541 0.098437
v 1.680570 1.787363 0.098437
v 1.787793 1.800903 0.098437
v 1.895074 1.812599 0.098437
v 0.018969 1.405025 0.113596
v 0.184504 1.388505 0.113596
v 0.322536 1.325272 0.113596
v 0.444966 1.212996 0.113596
v 0.018969 1.332574 0.113596
v 0.159463 1.321969 0.113596
v 0.282104 1.266427 0.113596
v 0.386043 1.167302 0.113596
v 1.970431 1.138639 0.093914
v 1.936721 1.121162 0.093914
v 1.961234 1.154317 0.071182
v 1.918395 1.132108 0.071182
v 1.643410 1.083846 0.071182
v 1.613768 1.081924 0.113596
v 1.515941 1.087060 0.071182
v 1.544482 1.083266 0.113596
v 1.836539 1.286366 0.113596
v 1.713984 1.239748 0.113596
v 1.626670 1.156864 0.113596
v 1.131617 1.752042 0.098437
v 1.021981 1.941079 0.071182
v 1.021981 1.806783 0.071182
v 1.021981 1.901838 0.098437
v 1.021981 1.926942 0.098437
v 0.521909 0.010068 0.122270
v 0.522299 2.172161 0.117806
v 0.521908 2.048063 0.071182
v 0.521909 0.010068 0.020092
v 0.521909 2.172161 0.024553
v 0.651680 2.172161 0.024553
v 0.651680 0.010068 0.020092
v 0.774818 0.010068 0.122270
v 0.891250 0.142426 0.071182
v 0.891250 0.010068 0.122270
v 1.012138 0.142426 0.071182
v 1.012138 0.010068 0.122270
v 1.139386 0.142426 0.071182
v 1.139387 0.010068 0.122270
v 1.262395 0.010068 0.122270
v 1.387557 0.142426 0.071182
v 1.387558 0.010068 0.122270
v 0.776731 2.172161 0.117806
v 0.890998 2.172161 0.117806
v 1.012614 2.172161 0.117806
v 1.140630 2.172161 0.117806
v 1.264379 2.172161 0.117806
v 1.390664 2.172161 0.117806
v 1.514817 2.172161 0.117806
v 1.636433 2.172161 0.117806
v 1.764449 2.172161 0.117806
v 1.888198 2.172161 0.117806
v 1.510599 0.142426 0.071182
v 1.510600 0.010068 0.122270
v 1.631487 0.142426 0.071182
v 1.631487 0.010068 0.122270
v 1.758736 0.142426 0.071182
v 1.758737 0.010068 0.122270
v 1.881744 0.142426 0.071182
v 1.881744 0.010069 0.122270
v 0.651679 2.048063 0.071182
v 1.385073 2.048063 0.071182
v 1.259543 2.048063 0.071182
v 1.136536 2.048063 0.071182
v 0.651679 0.142426 0.071182
v 0.652851 2.172161 0.117806
v 1.009287 2.048063 0.071182
v 0.651680 0.010068 0.122270
v 1.879626 2.048063 0.071182
v 1.756618 2.048063 0.071182
v 0.774818 0.142426 0.071182
v 0.888400 2.048063 0.071182
v 0.774818 2.048063 0.071182
v 1.629369 2.048063 0.071182
v 1.508482 2.048063 0.071182
v 0.774818 0.010068 0.020092
v 0.891250 0.010068 0.020092
v 1.012138 0.010068 0.020092
v 1.139387 0.010068 0.020092
v 1.262395 0.010068 0.020092
v 1.387558 0.010068 0.020092
v 1.510600 0.010068 0.020092
v 1.631487 0.010068 0.020092
v 1.758737 0.010069 0.020092
v 1.881744 0.010069 0.020092
v 0.774818 2.172161 0.024553
v 0.888400 2.172161 0.024553
v 1.009287 2.172161 0.024553
v 1.136537 2.172161 0.024553
v 1.259544 2.172161 0.024553
v 1.385074 2.172161 0.024553
v 1.508482 2.172161 0.024553
v 1.629369 2.172161 0.024553
v 1.756619 2.172161 0.024553
v 1.879627 2.172161 0.024553
v 0.965304 0.966104 0.071182
v 0.940348 1.178810 0.071182
v 0.967330 1.249712 0.071182
v 0.939334 1.037006 0.071182
v 0.934377 1.107908 0.071182
v 0.929299 1.787912 0.071182
v 0.892699 1.846145 0.071182
v 0.911897 1.828297 0.071182
v 0.811987 1.810734 0.071182
v 0.830706 1.847579 0.071182
v 0.867933 1.862922 0.071182
v 0.853365 1.756581 0.071182
v 0.835236 1.769290 0.071182
v 0.878259 1.744693 0.071182
v 0.922732 1.808515 0.071182
v 0.819781 1.789477 0.071182
v 0.979962 1.929290 0.071182
v 0.973000 1.851106 0.071182
v 0.968375 1.876159 0.071182
v 0.986962 1.826053 0.071182
v 0.969166 1.902725 0.071182
v 1.825847 1.357423 0.113596
v 1.686974 1.305476 0.113596
v 1.570271 1.201663 0.113596
v 1.863952 1.257166 0.071182
v 1.741398 1.210548 0.071182
v 1.654085 1.127664 0.071182
v 1.834795 1.386781 0.071182
v 1.679563 1.332274 0.071182
v 1.551082 1.222103 0.071182
v 1.637842 1.007057 0.113596
v 1.741967 0.908137 0.113596
v 1.262394 0.142426 0.071182
v 0.521908 0.142426 0.071182
v 0.924846 1.744637 0.071182
v 1.136536 2.116357 0.098437
v 1.136536 2.057243 0.098437
v 0.521908 2.116357 0.098437
v 0.651679 2.116357 0.098437
v 0.651679 2.057243 0.098437
v 0.521908 2.057243 0.098437
v 0.651679 0.072649 0.098437
v 0.521908 0.072649 0.098437
v 1.879626 2.057243 0.098437
v 0.891250 0.072649 0.098437
v 0.774818 0.072649 0.098437
v 1.012138 0.072649 0.098437
v 0.891250 0.130935 0.098437
v 1.012138 0.130935 0.098437
v 1.139386 0.072649 0.098437
v 1.139386 0.130935 0.098437
v 1.262394 0.072649 0.098437
v 1.387557 0.072649 0.098437
v 0.774818 2.116357 0.098437
v 0.888400 2.116357 0.098437
v 1.009287 2.116357 0.098437
v 1.259543 2.116357 0.098437
v 1.385073 2.116357 0.098437
v 1.508482 2.116357 0.098437
v 1.756618 2.057243 0.098437
v 1.629369 2.116357 0.098437
v 1.629369 2.057243 0.098437
v 1.756618 2.116357 0.098437
v 1.879626 2.116357 0.098437
v 1.508482 2.057243 0.098437
v 1.387557 0.130935 0.098437
v 1.510599 0.130935 0.098437
v 1.385073 2.057243 0.098437
v 1.631487 0.072649 0.098437
v 1.510599 0.072649 0.098437
v 1.631487 0.130935 0.098437
v 1.758736 0.072649 0.098437
v 1.758736 0.130935 0.098437
v 1.881744 0.072649 0.098437
v 1.881744 0.130935 0.098437
v 1.259543 2.057243 0.098437
v 0.651679 0.130935 0.098437
v 0.774818 0.130935 0.098437
v 0.774818 2.057243 0.098437
v 1.009287 2.057243 0.098437
v 0.888400 2.057243 0.098437
v 0.978194 0.996371 0.098437
v 0.958556 1.163755 0.098437
v 0.979788 1.219550 0.098437
v 0.957758 1.052166 0.098437
v 0.953857 1.107961 0.098437
v 0.887658 1.839639 0.098437
v 0.904125 1.824237 0.098437
v 0.818423 1.809081 0.098437
v 0.834479 1.840876 0.098437
v 0.866413 1.854116 0.098437
v 0.855964 1.762349 0.098437
v 0.840319 1.773316 0.098437
v 0.855430 1.817578 0.098437
v 0.876379 1.794280 0.098437
v 0.913420 1.807166 0.098437
v 0.919051 1.789387 0.098437
v 0.826982 1.790737 0.098437
v 0.987867 1.917697 0.098437
v 0.982421 1.856534 0.098437
v 0.978803 1.876133 0.098437
v 0.979423 1.896915 0.098437
v 0.895806 1.773162 0.098437
v 0.875271 1.752090 0.098437
v 0.993344 1.836936 0.098437
v 1.262394 0.130935 0.098437
v 1.864711 0.852834 0.113596
v 1.579003 0.961248 0.113596
v 1.701645 0.849213 0.113596
v 1.839795 0.786249 0.113596
v 1.654249 1.040070 0.071182
v 1.741891 0.948593 0.071182
v 1.864635 0.893291 0.071182
v 1.555990 0.948426 0.071182
v 1.675322 0.834299 0.071182
v 1.827031 0.761642 0.071182
v 0.521908 0.130935 0.098437
v 0.915232 1.752042 0.098437
v 1.021317 0.939612 0.071182
v 1.021317 1.277195 0.071182
v 1.021317 1.041937 0.098437
v 1.021317 0.975524 0.098437
v 1.021317 1.108351 0.098437
v 1.021482 1.849204 0.098437
v 1.021317 1.241178 0.098437
v 1.021482 1.821779 0.098437
v 1.021981 1.876733 0.098437
v 0.757552 0.910702 0.071182
v 0.823314 0.797894 0.071182
v 1.100891 0.721061 0.098437
v 1.147368 0.516710 0.071182
v 1.228941 0.467088 0.071182
v 1.463838 0.368144 0.071182
v 1.602799 0.334817 0.071182
v 1.719603 0.316837 0.071182
v 1.861941 0.298631 0.071182
v 0.842240 0.952971 0.071182
v 0.891697 0.862678 0.071182
v 1.219106 0.578878 0.071182
v 1.309887 0.526375 0.071182
v 1.422565 0.478848 0.071182
v 1.543147 0.449346 0.071182
v 1.648202 0.425151 0.071182
v 1.755684 0.411275 0.071182
v 1.863190 0.399983 0.071182
v 1.328628 0.422333 0.071182
v 1.346867 0.426058 0.098437
v 1.405284 0.465852 0.098437
v 0.776242 0.914716 0.098437
v 0.842069 0.802898 0.098437
v 0.908663 0.725198 0.098437
v 1.073268 0.771014 0.098437
v 1.071226 0.581306 0.098437
v 1.166122 0.521714 0.098437
v 1.250625 0.472067 0.098437
v 1.463676 0.382933 0.098437
v 1.601809 0.346748 0.098437
v 1.718139 0.328933 0.098437
v 1.859977 0.309867 0.098437
v 0.818899 0.940931 0.098437
v 0.872875 0.849919 0.098437
v 1.095581 0.631672 0.098437
v 1.200286 0.566120 0.098437
v 1.309711 0.505697 0.098437
v 1.544585 0.427426 0.098437
v 1.649076 0.409268 0.098437
v 1.756179 0.394779 0.098437
v 1.863358 0.382134 0.098437
v 0.745736 1.174402 0.071182
v 0.830870 1.132420 0.071182
v 0.764975 1.171979 0.098437
v 0.810560 1.142520 0.098437
v 0.731329 1.034199 0.071182
v 0.823005 1.023001 0.071182
v 0.750715 1.034071 0.098437
v 0.801686 1.030628 0.098437
v 1.280120 1.277498 0.071182
v 1.206318 1.406061 0.071182
v 1.134652 1.484254 0.071182
v 0.981510 1.624699 0.071182
v 0.879891 1.684367 0.071182
v 0.797898 1.733264 0.071182
v 0.562171 1.830125 0.071182
v 0.422725 1.862221 0.071182
v 0.305069 1.879166 0.071182
v 0.161723 1.896111 0.071182
v 1.199302 1.231990 0.071182
v 1.138487 1.337088 0.071182
v 1.076502 1.413052 0.071182
v 0.913938 1.556943 0.071182
v 0.808682 1.621565 0.071182
v 0.717459 1.673263 0.071182
v 0.604382 1.719790 0.071182
v 0.483553 1.748224 0.071182
v 0.378297 1.768997 0.071182
v 0.270701 1.784412 0.071182
v 0.163105 1.794752 0.071182
v 0.018969 1.797337 0.071182
v 0.697836 1.777135 0.071182
v 0.679630 1.773249 0.098437
v 0.621552 1.732939 0.098437
v 1.261430 1.277581 0.098437
v 1.187605 1.400891 0.098437
v 1.115940 1.479084 0.098437
v 1.066413 1.523022 0.098437
v 0.962798 1.619529 0.098437
v 0.861178 1.679197 0.098437
v 0.776258 1.728094 0.098437
v 0.562459 1.815338 0.098437
v 0.424024 1.850299 0.098437
v 0.307547 1.867084 0.098437
v 0.165553 1.884893 0.098437
v 1.218014 1.244915 0.098437
v 1.157199 1.350013 0.098437
v 1.095214 1.425976 0.098437
v 1.092181 1.520908 0.071182
v 0.932651 1.569868 0.098437
v 0.827394 1.634490 0.098437
v 0.717459 1.693942 0.098437
v 0.481931 1.770131 0.098437
v 0.377289 1.787363 0.098437
v 0.270067 1.800903 0.098437
v 0.162786 1.812599 0.098437
v 0.018969 1.819045 0.098437
v 0.018969 1.892072 0.098437
v 1.250278 0.871933 0.071182
v 1.178003 0.777432 0.071182
v 1.119560 0.715726 0.071182
v 0.849227 0.502027 0.071182
v 0.780335 0.461492 0.071182
v 0.530268 0.357291 0.071182
v 0.390377 0.328224 0.071182
v 0.272580 0.312315 0.071182
v 0.129095 0.296632 0.071182
v 1.172371 0.927588 0.071182
v 1.110729 0.843416 0.071182
v 0.951348 0.566798 0.071182
v 0.778539 0.563661 0.071182
v 0.686972 0.523543 0.071182
v 0.590669 0.483251 0.071182
v 0.452363 0.441680 0.071182
v 0.346913 0.419349 0.071182
v 0.239212 0.407377 0.071182
v 0.131532 0.397991 0.071182
v 0.666392 0.410873 0.071182
v 0.648265 0.420306 0.098437
v 0.599930 0.468225 0.098437
v 1.231610 0.877269 0.098437
v 1.159335 0.782767 0.098437
v 1.054666 0.784103 0.071182
v 0.932681 0.572134 0.098437
v 0.830559 0.507362 0.098437
v 0.745228 0.459218 0.098437
v 0.530697 0.373870 0.098437
v 0.391970 0.340136 0.098437
v 0.275355 0.324383 0.098437
v 0.133214 0.307831 0.098437
v 1.191028 0.926785 0.098437
v 1.129331 0.830327 0.098437
v 0.884354 0.629144 0.071182
v 0.902957 0.616055 0.098437
v 0.797140 0.550572 0.098437
v 0.686796 0.502865 0.098437
v 0.450584 0.423379 0.098437
v 0.345770 0.403483 0.098437
v 0.238438 0.390893 0.098437
v 0.131061 0.380147 0.098437
v 0.018969 0.396402 0.071182
v 0.018101 0.294042 0.071182
v 1.021317 1.174745 0.098437
v 1.088778 1.108721 0.098437
v 1.084876 1.164516 0.098437
v 0.018786 0.374695 0.098437
v 0.018165 0.301671 0.098437
v 1.300795 0.999126 0.071182
v 1.282127 1.004462 0.098437
v 1.311520 1.131897 0.071182
v 1.292851 1.137233 0.098437
v 1.216235 1.131896 0.071182
v 1.234947 1.144821 0.098437
v 1.214825 1.030259 0.071182
v 1.233537 1.028769 0.098437
v 1.062846 0.997132 0.098437
v 1.084078 1.052927 0.098437
v 1.064440 1.220311 0.098437
v 1.108257 1.108774 0.071182
v 1.103299 1.179677 0.071182
v 1.075303 0.966970 0.071182
v 1.102285 1.037872 0.071182
v 1.077330 1.250578 0.071182
v 1.029453 1.596962 0.071182
v 1.028289 1.577197 0.098437
v 1.027308 1.452031 0.071182
v 1.028289 1.480088 0.098437
v 0.952269 1.523021 0.071182
v 0.984392 1.523022 0.098437
v 1.114401 0.644430 0.071182
v 0.953066 0.789755 0.071182
v 1.052514 0.568382 0.071182
v 0.894314 0.719070 0.071182
v 1.053040 0.678352 0.098437
v 0.934244 0.776997 0.098437
v 1.077176 0.676238 0.071182
v 1.005465 0.752293 0.071182
v 1.004300 0.724185 0.098437
v 1.003320 0.607361 0.071182
v 1.004300 0.635418 0.098437
v 0.928280 0.678351 0.071182
v 0.960404 0.678352 0.098437
v 0.903184 0.392478 0.071182
v 0.866541 0.334419 0.071182
v 0.885703 0.352176 0.071182
v 0.786473 0.370210 0.071182
v 0.804913 0.333278 0.071182
v 0.841846 0.317759 0.071182
v 0.832469 0.424156 0.071182
v 0.814173 0.411533 0.071182
v 0.852648 0.435938 0.071182
v 0.899211 0.371907 0.071182
v 0.798533 0.391420 0.071182
v 0.962443 0.250727 0.071182
v 0.952812 0.328943 0.071182
v 0.948072 0.303912 0.071182
v 0.969957 0.353930 0.071182
v 0.948742 0.277343 0.071182
v 0.898955 0.435773 0.071182
v 0.864136 0.340937 0.098437
v 0.880673 0.356260 0.098437
v 0.795041 0.371823 0.098437
v 0.810953 0.339952 0.098437
v 0.842826 0.326560 0.098437
v 0.832794 0.418376 0.098437
v 0.817099 0.407483 0.098437
v 0.832009 0.363150 0.098437
v 0.853064 0.386348 0.098437
v 0.890046 0.373286 0.098437
v 0.895758 0.391039 0.098437
v 0.803683 0.390126 0.098437
v 0.967375 0.262282 0.098437
v 0.962208 0.323470 0.098437
v 0.958501 0.303889 0.098437
v 0.959025 0.283104 0.098437
v 0.872586 0.407374 0.098437
v 0.852148 0.428543 0.098437
v 0.973219 0.343017 0.098437
v 0.892110 0.428401 0.098437
v 1.000883 0.238845 0.071182
v 1.001495 0.373140 0.071182
v 1.001062 0.278086 0.098437
v 1.000947 0.252982 0.098437
v 1.100945 0.391557 0.071182
v 1.137276 0.333153 0.071182
v 1.118161 0.351090 0.071182
v 1.218150 0.368181 0.071182
v 1.199262 0.331426 0.071182
v 1.157744 0.316258 0.071182
v 1.170338 0.422540 0.071182
v 1.188408 0.409745 0.071182
v 1.148018 0.434535 0.071182
v 1.103522 0.370924 0.071182
v 1.203770 0.389485 0.071182
v 1.046485 0.250435 0.071182
v 1.050273 0.328585 0.071182
v 1.054784 0.303510 0.071182
v 1.036425 0.353704 0.071182
v 1.053871 0.276948 0.071182
v 1.101712 0.434810 0.071182
v 1.135667 0.339647 0.098437
v 1.119269 0.355126 0.098437
v 1.205039 0.369875 0.098437
v 1.188838 0.338156 0.098437
v 1.156844 0.325068 0.098437
v 1.167712 0.416785 0.098437
v 1.183307 0.405743 0.098437
v 1.167995 0.361554 0.098437
v 1.147151 0.384951 0.098437
v 1.110053 0.372241 0.098437
v 1.104502 0.390047 0.098437
v 1.196564 0.388259 0.098437
v 1.035103 0.262065 0.098437
v 1.040827 0.323201 0.098437
v 1.044355 0.303586 0.098437
v 1.043641 0.282807 0.098437
v 1.127821 0.406162 0.098437
v 1.148451 0.427136 0.098437
v 1.029994 0.342852 0.098437
v 1.108492 0.427373 0.098437
v 1.001801 0.330718 0.098437
v 1.001926 0.358142 0.098437
v 1.001176 0.303191 0.098437
v 0.472398 0.952086 0.071182
v 0.343711 0.842167 0.071182
v 0.188375 0.787965 0.071182
v 0.018969 0.776558 0.071182
v 0.369573 1.046727 0.071182
v 0.282104 0.964014 0.071182
v 0.159463 0.917636 0.071182
v 0.453247 0.972564 0.113596
v 0.336350 0.868980 0.113596
v 0.197379 0.817305 0.113596
v 0.018969 0.802052 0.113596
v 0.396932 1.017474 0.113596
v 0.309462 0.934761 0.113596
v 0.186821 0.888384 0.113596
v 0.018969 0.875500 0.113596
v 0.479258 1.090911 0.113596
v 0.507793 1.087060 0.071182
v 0.409976 1.092388 0.113596
v 0.380330 1.090524 0.071182
v 0.105255 1.042801 0.071182
v 0.062375 1.020676 0.071182
v 0.019493 1.016452 0.071182
v 0.086950 1.053783 0.093914
v 0.018969 1.899701 0.071182
v 0.053205 1.036372 0.093914
v 0.019462 1.033048 0.093914
v 0.121277 1.090524 0.071182
v 0.018969 1.433346 0.071182
v 0.059391 1.090524 0.093914
v 0.099557 1.090524 0.093914
v 0.019224 1.090524 0.093914
v 0.018969 1.164597 0.071182
v 0.018969 0.910969 0.071182
v 0.019001 1.148001 0.093914
v 0.086490 1.125907 0.093914
v 0.052745 1.143997 0.093914
v 0.104731 1.136521 0.071182
v 0.061850 1.159509 0.071182
v 3.638144 2.172161 0.024553
v 3.638144 0.010069 0.020092
v 3.761283 0.010069 0.122270
v 3.897068 0.142426 0.071181
v 3.897069 0.010069 0.122270
v 4.011658 0.010069 0.122270
v 3.762418 2.172161 0.117806
v 3.868559 2.172161 0.117806
v 4.011658 2.172161 0.117806
v 3.638143 2.048063 0.071182
v 3.638143 0.142426 0.071182
v 3.638536 2.172161 0.117806
v 4.011658 2.048063 0.071181
v 3.638144 0.010069 0.122270
v 3.761283 0.142426 0.071182
v 3.866788 2.048063 0.071182
v 3.761283 2.048063 0.071182
v 3.761283 0.010069 0.020092
v 3.897069 0.010069 0.020092
v 4.011658 0.010069 0.020092
v 3.761283 2.172161 0.024553
v 3.866788 2.172161 0.024553
v 2.909904 1.787912 0.071182
v 2.869310 1.846145 0.071182
v 2.892606 1.828297 0.071182
v 2.793295 1.810734 0.071182
v 2.811902 1.847579 0.071182
v 2.844543 1.862922 0.071182
v 2.836797 1.756581 0.071182
v 2.814123 1.769290 0.071182
v 2.854868 1.744693 0.071182
v 2.899342 1.808515 0.071182
v 2.803214 1.789477 0.071182
v 2.966781 1.929395 0.071182
v 2.959819 1.851211 0.071182
v 2.951472 1.876264 0.071182
v 2.973781 1.826158 0.071182
v 2.952267 1.902829 0.071182
v 3.250211 1.285817 0.071182
v 3.178740 1.406061 0.071182
v 3.107075 1.484254 0.071182
v 2.953932 1.624699 0.071182
v 2.852313 1.684367 0.071182
v 2.783767 1.725509 0.071182
v 2.534593 1.831920 0.071182
v 2.388258 1.862221 0.071182
v 2.270601 1.879166 0.071182
v 2.135916 1.896111 0.071182
v 3.171725 1.231990 0.071182
v 3.110910 1.337088 0.071182
v 3.048925 1.413052 0.071182
v 2.886360 1.556943 0.071182
v 2.781104 1.623360 0.071182
v 2.689881 1.664288 0.071182
v 2.593924 1.705430 0.071182
v 2.455976 1.748224 0.071182
v 2.350719 1.771488 0.071182
v 2.243123 1.784412 0.071182
v 2.135527 1.794752 0.071182
v 3.832968 1.413088 0.071182
v 3.681395 1.340133 0.071182
v 3.562279 1.225773 0.071182
v 3.870819 1.281513 0.071181
v 3.748178 1.225970 0.071182
v 3.660709 1.134321 0.071182
v 2.015140 1.158625 0.071182
v 2.068263 1.015486 0.071182
v 2.111187 1.038390 0.071182
v 2.015140 1.010482 0.071182
v 2.059187 1.031015 0.093914
v 2.092965 1.049039 0.093914
v 2.015140 1.027078 0.093914
v 2.015140 1.084554 0.093914
v 2.106100 1.084396 0.093914
v 2.065933 1.084475 0.093914
v 2.127819 1.084354 0.071182
v 2.670259 1.777135 0.071182
v 2.901455 1.744637 0.071182
v 3.638143 2.116357 0.098436
v 3.638143 2.057243 0.098436
v 3.638143 0.072649 0.098436
v 3.897068 0.072649 0.098436
v 3.761283 0.072649 0.098436
v 4.011658 0.072649 0.098436
v 3.897068 0.130935 0.098436
v 4.011658 0.130935 0.098436
v 3.761283 2.116357 0.098436
v 3.866788 2.116357 0.098436
v 3.638143 0.130935 0.098436
v 3.761283 0.130935 0.098436
v 3.761283 2.057243 0.098436
v 4.011658 2.057243 0.098436
v 3.866788 2.057243 0.098436
v 2.871090 1.839639 0.098436
v 2.887557 1.824237 0.098436
v 2.801856 1.809081 0.098436
v 2.817913 1.840876 0.098436
v 2.849845 1.854116 0.098436
v 2.839396 1.762349 0.098436
v 2.823752 1.773316 0.098436
v 2.838862 1.817578 0.098436
v 2.859811 1.794280 0.098436
v 2.896852 1.807166 0.098436
v 2.902484 1.789387 0.098436
v 2.810415 1.790737 0.098436
v 2.974686 1.917802 0.098436
v 2.969240 1.856639 0.098436
v 2.965623 1.876238 0.098436
v 2.966242 1.897020 0.098436
v 2.879238 1.773162 0.098436
v 2.858703 1.752090 0.098436
v 2.980162 1.837040 0.098436
v 2.652051 1.767864 0.098436
v 2.603312 1.720374 0.098436
v 3.231498 1.280647 0.098436
v 3.160028 1.400891 0.098436
v 3.088362 1.479084 0.098436
v 2.935220 1.619529 0.098436
v 2.833602 1.679197 0.098436
v 2.748681 1.728094 0.098436
v 2.534882 1.815338 0.098436
v 2.396446 1.850299 0.098437
v 2.279969 1.867084 0.098437
v 2.137974 1.884893 0.098437
v 3.190437 1.244915 0.098436
v 3.129622 1.350013 0.098436
v 3.067637 1.425976 0.098436
v 2.905073 1.569868 0.098436
v 2.799816 1.636285 0.098436
v 2.689881 1.684967 0.098436
v 2.454352 1.766541 0.098437
v 2.349712 1.787363 0.098437
v 2.242489 1.800903 0.098437
v 2.135207 1.812599 0.098437
v 4.011658 1.405025 0.113596
v 3.845777 1.388505 0.113596
v 3.707746 1.325272 0.113596
v 3.585315 1.212996 0.113596
v 4.011658 1.332574 0.113596
v 3.870819 1.321969 0.113596
v 3.748178 1.266427 0.113596
v 3.644239 1.167302 0.113596
v 2.015140 1.142029 0.093914
v 2.059850 1.138639 0.093914
v 2.093560 1.121162 0.093914
v 2.069048 1.154317 0.071182
v 2.111887 1.132108 0.071182
v 2.386872 1.083846 0.071182
v 2.416514 1.081924 0.113596
v 2.514341 1.087060 0.071182
v 2.485799 1.083266 0.113596
v 2.015140 1.299578 0.113596
v 2.193742 1.286366 0.113596
v 2.316297 1.239748 0.113596
v 2.403612 1.156864 0.113596
v 2.898665 1.752042 0.098436
v 3.008301 1.941079 0.071182
v 3.008301 1.806783 0.071182
v 3.008301 1.901838 0.098436
v 3.008301 1.926942 0.098436
v 3.508374 0.010069 0.122270
v 3.507984 2.172161 0.117806
v 3.508373 2.048063 0.071182
v 3.508374 0.010069 0.020092
v 3.508374 2.172161 0.024553
v 3.378604 2.172161 0.024553
v 3.378604 0.010069 0.020092
v 3.255464 0.010069 0.122270
v 3.139032 0.142426 0.071182
v 3.139033 0.010069 0.122270
v 3.018144 0.142426 0.071182
v 3.018144 0.010069 0.122270
v 2.890896 0.142426 0.071182
v 2.890896 0.010069 0.122270
v 2.767888 0.010069 0.122270
v 2.642724 0.142426 0.071182
v 2.642725 0.010069 0.122270
v 3.253551 2.172161 0.117806
v 3.139285 2.172161 0.117806
v 3.017669 2.172161 0.117806
v 2.889652 2.172161 0.117806
v 2.765903 2.172161 0.117806
v 2.639619 2.172161 0.117806
v 2.515466 2.172161 0.117806
v 2.393850 2.172161 0.117806
v 2.265834 2.172161 0.117806
v 2.142084 2.172161 0.117806
v 2.519682 0.142426 0.071182
v 2.519682 0.010069 0.122270
v 2.398795 0.142426 0.071182
v 2.398796 0.010069 0.122270
v 2.271545 0.142426 0.071182
v 2.271545 0.010069 0.122270
v 2.148537 0.142426 0.071182
v 2.148538 0.010069 0.122270
v 3.378603 2.048063 0.071182
v 2.645208 2.048063 0.071182
v 2.770738 2.048063 0.071182
v 2.893745 2.048063 0.071182
v 3.378603 0.142426 0.071182
v 3.377432 2.172161 0.117806
v 3.020995 2.048063 0.071182
v 3.378604 0.010069 0.122270
v 2.150655 2.048063 0.071182
v 2.273663 2.048063 0.071182
v 3.255464 0.142426 0.071182
v 3.141882 2.048063 0.071182
v 3.255464 2.048063 0.071182
v 2.400912 2.048063 0.071182
v 2.521799 2.048063 0.071182
v 3.255464 0.010069 0.020092
v 3.139033 0.010069 0.020092
v 3.018144 0.010069 0.020092
v 2.890896 0.010069 0.020092
v 2.767888 0.010069 0.020092
v 2.642725 0.010069 0.020092
v 2.519682 0.010069 0.020092
v 2.398796 0.010069 0.020092
v 2.271545 0.010069 0.020092
v 2.148538 0.010069 0.020092
v 3.255464 2.172161 0.024553
v 3.141882 2.172161 0.024553
v 3.020995 2.172161 0.024553
v 2.893746 2.172161 0.024553
v 2.770739 2.172161 0.024553
v 2.645209 2.172161 0.024553
v 2.521800 2.172161 0.024553
v 2.400913 2.172161 0.024553
v 2.273664 2.172161 0.024553
v 2.150656 2.172161 0.024553
v 3.064978 0.966104 0.071182
v 3.089934 1.178810 0.071182
v 3.062951 1.249712 0.071182
v 3.090947 1.037006 0.071182
v 3.095905 1.107908 0.071182
v 3.100983 1.787912 0.071182
v 3.137582 1.846145 0.071182
v 3.118385 1.828297 0.071182
v 3.218294 1.810734 0.071182
v 3.199576 1.847579 0.071182
v 3.162349 1.862922 0.071182
v 3.176917 1.756581 0.071182
v 3.195046 1.769290 0.071182
v 3.152023 1.744693 0.071182
v 3.107549 1.808515 0.071182
v 3.210500 1.789477 0.071182
v 3.050321 1.929290 0.071182
v 3.057281 1.851106 0.071182
v 3.061906 1.876159 0.071182
v 3.043320 1.826053 0.071182
v 3.061115 1.902725 0.071182
v 2.015140 1.797337 0.071182
v 2.015140 1.373025 0.113596
v 2.204435 1.357423 0.113596
v 2.343307 1.305476 0.113596
v 2.460010 1.201663 0.113596
v 2.015140 1.264110 0.071182
v 2.166329 1.257166 0.071182
v 2.288883 1.210548 0.071182
v 2.376197 1.127664 0.071182
v 2.015140 1.398520 0.071182
v 2.195486 1.386781 0.071182
v 2.350719 1.332274 0.071182
v 2.479200 1.222103 0.071182
v 2.392440 1.007057 0.113596
v 2.288315 0.908137 0.113596
v 2.767887 0.142426 0.071182
v 2.015140 1.899701 0.071182
v 3.508373 0.142426 0.071182
v 3.105436 1.744637 0.071182
v 2.893745 2.116357 0.098436
v 2.893745 2.057243 0.098436
v 3.508373 2.116357 0.098436
v 3.378603 2.116357 0.098436
v 3.378603 2.057243 0.098436
v 3.508373 2.057243 0.098436
v 3.378603 0.072649 0.098436
v 3.508373 0.072649 0.098436
v 2.150655 2.057243 0.098437
v 3.139032 0.072649 0.098436
v 3.255464 0.072649 0.098436
v 3.018144 0.072649 0.098436
v 3.139032 0.130935 0.098436
v 3.018144 0.130935 0.098436
v 2.890896 0.072649 0.098436
v 2.890896 0.130935 0.098436
v 2.767887 0.072649 0.098436
v 2.642724 0.072649 0.098436
v 3.255464 2.116357 0.098436
v 3.141882 2.116357 0.098436
v 3.020995 2.116357 0.098436
v 2.770738 2.116357 0.098436
v 2.645208 2.116357 0.098436
v 2.521799 2.116357 0.098436
v 2.273663 2.057243 0.098437
v 2.400912 2.116357 0.098437
v 2.400912 2.057243 0.098437
v 2.273663 2.116357 0.098437
v 2.150655 2.116357 0.098437
v 2.521799 2.057243 0.098436
v 2.642724 0.130935 0.098436
v 2.519682 0.130935 0.098436
v 2.645208 2.057243 0.098436
v 2.398795 0.072649 0.098437
v 2.519682 0.072649 0.098436
v 2.398795 0.130935 0.098437
v 2.271545 0.072649 0.098437
v 2.271545 0.130935 0.098437
v 2.148537 0.072649 0.098437
v 2.148537 0.130935 0.098437
v 2.770738 2.057243 0.098436
v 3.378603 0.130935 0.098436
v 3.255464 0.130935 0.098436
v 3.255464 2.057243 0.098436
v 3.020995 2.057243 0.098436
v 3.141882 2.057243 0.098436
v 3.052089 0.996371 0.098436
v 3.071727 1.163755 0.098436
v 3.050494 1.219550 0.098436
v 3.072524 1.052166 0.098436
v 3.076425 1.107961 0.098436
v 3.142624 1.839639 0.098436
v 3.126157 1.824237 0.098436
v 3.211858 1.809081 0.098436
v 3.195802 1.840876 0.098436
v 3.163869 1.854116 0.098436
v 3.174318 1.762349 0.098436
v 3.189963 1.773316 0.098436
v 3.174852 1.817578 0.098436
v 3.153903 1.794280 0.098436
v 3.116862 1.807166 0.098436
v 3.111230 1.789387 0.098436
v 3.203299 1.790737 0.098436
v 3.042414 1.917697 0.098436
v 3.047860 1.856534 0.098436
v 3.051478 1.876133 0.098436
v 3.050859 1.896915 0.098436
v 3.134476 1.773162 0.098436
v 3.155012 1.752090 0.098436
v 3.036938 1.836936 0.098436
v 2.015140 1.819045 0.098437
v 2.767887 0.130935 0.098436
v 2.165570 0.852834 0.113596
v 2.015140 0.842505 0.113596
v 2.451278 0.961248 0.113596
v 2.328636 0.849213 0.113596
v 2.190486 0.786249 0.113596
v 2.015140 0.770054 0.113596
v 2.376033 1.040070 0.071182
v 2.288391 0.948593 0.071182
v 2.165645 0.893291 0.071182
v 2.015140 0.882963 0.071182
v 2.474291 0.948426 0.071182
v 2.354960 0.834299 0.071182
v 2.203251 0.761642 0.071182
v 2.015140 0.741734 0.071182
v 3.508373 0.130935 0.098436
v 2.015140 1.892072 0.098437
v 3.115049 1.752042 0.098436
v 2.015141 2.172161 0.117806
v 2.015141 0.010069 0.122270
v 2.015140 2.048063 0.071182
v 2.015141 0.010069 0.020092
v 2.015141 2.172161 0.024553
v 3.008965 0.939612 0.071182
v 3.008965 1.277195 0.071182
v 2.015140 0.142426 0.071182
v 3.008965 1.041937 0.098436
v 3.008965 0.975524 0.098436
v 3.008965 1.108351 0.098436
v 3.008801 1.849204 0.098436
v 2.015140 2.116357 0.098437
v 2.015140 2.057243 0.098437
v 2.015140 0.072649 0.098437
v 3.008965 1.241178 0.098436
v 2.015140 0.130935 0.098437
v 3.008801 1.821779 0.098436
v 3.008301 1.876733 0.098436
v 3.272730 0.910702 0.071182
v 3.206968 0.797894 0.071182
v 2.929391 0.721061 0.098436
v 2.882915 0.516710 0.071182
v 2.801340 0.467088 0.071182
v 2.566443 0.368144 0.071182
v 2.427482 0.334817 0.071182
v 2.310678 0.316837 0.071182
v 2.168340 0.298631 0.071182
v 3.188041 0.952971 0.071182
v 3.138585 0.862678 0.071182
v 2.811176 0.578878 0.071182
v 2.720394 0.526375 0.071182
v 2.607717 0.478848 0.071182
v 2.487134 0.449346 0.071182
v 2.382079 0.425151 0.071182
v 2.274597 0.411275 0.071182
v 2.167091 0.399983 0.071182
v 2.015140 0.396402 0.071182
v 2.015140 0.294042 0.071182
v 2.701654 0.422333 0.071182
v 2.683414 0.426058 0.098436
v 2.624997 0.465852 0.098436
v 3.254041 0.914716 0.098436
v 3.188213 0.802898 0.098436
v 3.121619 0.725198 0.098436
v 2.957013 0.771014 0.098436
v 2.959056 0.581306 0.098436
v 2.864159 0.521714 0.098436
v 2.779657 0.472067 0.098436
v 2.566606 0.382933 0.098436
v 2.428472 0.346748 0.098437
v 2.312142 0.328933 0.098437
v 2.170304 0.309867 0.098437
v 3.211383 0.940931 0.098436
v 3.157406 0.849919 0.098436
v 2.934701 0.631672 0.098436
v 2.829996 0.566120 0.098436
v 2.720570 0.505697 0.098436
v 2.485696 0.427426 0.098437
v 2.381205 0.409268 0.098437
v 2.274102 0.394779 0.098437
v 2.166923 0.382134 0.098437
v 2.015140 0.374695 0.098437
v 2.015140 0.301671 0.098437
v 3.284546 1.174402 0.071182
v 3.199412 1.132420 0.071182
v 3.265307 1.171979 0.098436
v 3.219723 1.142520 0.098436
v 3.298952 1.034199 0.071182
v 3.207278 1.023001 0.071182
v 3.279568 1.034071 0.098436
v 3.228596 1.030628 0.098436
v 2.750162 1.277498 0.071182
v 2.823963 1.406061 0.071182
v 2.895629 1.484254 0.071182
v 3.048772 1.624699 0.071182
v 3.150390 1.684367 0.071182
v 3.232384 1.733264 0.071182
v 3.468111 1.830125 0.071182
v 3.607556 1.862221 0.071182
v 3.725213 1.879166 0.071182
v 3.868558 1.896111 0.071182
v 2.830979 1.231990 0.071182
v 2.891794 1.337088 0.071182
v 2.953779 1.413052 0.071182
v 3.116343 1.556943 0.071182
v 3.221600 1.621565 0.071182
v 3.312823 1.673263 0.071182
v 3.425899 1.719790 0.071182
v 3.546727 1.748224 0.071182
v 3.651985 1.768997 0.071182
v 3.759580 1.784412 0.071182
v 3.867177 1.794752 0.071182
v 3.332446 1.777135 0.071182
v 3.350652 1.773249 0.098436
v 3.408730 1.732939 0.098436
v 2.768852 1.277581 0.098436
v 2.842676 1.400891 0.098436
v 2.914342 1.479084 0.098436
v 2.963868 1.523022 0.098436
v 3.067485 1.619529 0.098436
v 3.169103 1.679197 0.098436
v 3.254023 1.728094 0.098436
v 3.467823 1.815338 0.098436
v 3.606258 1.850299 0.098436
v 3.722735 1.867084 0.098436
v 3.864729 1.884893 0.098436
v 2.812267 1.244915 0.098436
v 2.873082 1.350013 0.098436
v 2.935067 1.425976 0.098436
v 2.938100 1.520908 0.071182
v 3.097631 1.569868 0.098436
v 3.202888 1.634490 0.098436
v 3.312823 1.693942 0.098436
v 3.548351 1.770131 0.098436
v 3.652993 1.787363 0.098436
v 3.760214 1.800903 0.098436
v 3.867497 1.812599 0.098436
v 4.011658 1.819045 0.098436
v 4.011658 1.892072 0.098436
v 2.780004 0.871933 0.071182
v 2.852279 0.777432 0.071182
v 2.910722 0.715726 0.071182
v 3.181055 0.502027 0.071182
v 3.249948 0.461492 0.071182
v 3.500014 0.357291 0.071182
v 3.639904 0.328224 0.071182
v 3.757702 0.312315 0.071182
v 3.901187 0.296632 0.071181
v 2.857910 0.927588 0.071182
v 2.919553 0.843416 0.071182
v 3.078933 0.566798 0.071182
v 3.251744 0.563661 0.071182
v 3.343311 0.523543 0.071182
v 3.439613 0.483251 0.071182
v 3.577918 0.441680 0.071182
v 3.683368 0.419349 0.071182
v 3.791070 0.407377 0.071182
v 3.898749 0.397991 0.071181
v 3.363889 0.410873 0.071182
v 3.382016 0.420306 0.098436
v 3.430352 0.468225 0.098436
v 2.798671 0.877269 0.098436
v 2.870946 0.782767 0.098436
v 2.975616 0.784103 0.071182
v 3.097601 0.572134 0.098436
v 3.199722 0.507362 0.098436
v 3.285054 0.459218 0.098436
v 3.499585 0.373870 0.098436
v 3.638312 0.340136 0.098436
v 3.754927 0.324383 0.098436
v 3.897068 0.307831 0.098436
v 2.839254 0.926785 0.098436
v 2.900950 0.830327 0.098436
v 3.145927 0.629144 0.071182
v 3.127325 0.616055 0.098436
v 3.233142 0.550572 0.098436
v 3.343485 0.502865 0.098436
v 3.579697 0.423379 0.098436
v 3.684511 0.403483 0.098436
v 3.791844 0.390893 0.098436
v 3.899221 0.380147 0.098436
v 4.011658 0.294042 0.071181
v 3.008965 1.174745 0.098436
v 2.941503 1.108721 0.098436
v 2.945405 1.164516 0.098436
v 4.011658 0.374695 0.098436
v 4.011658 0.301671 0.098436
v 2.729486 0.999126 0.071182
v 2.748154 1.004462 0.098436
v 2.718762 1.131897 0.071182
v 2.737430 1.137233 0.098436
v 2.814046 1.131896 0.071182
v 2.795334 1.144821 0.098436
v 2.815458 1.030259 0.071182
v 2.796745 1.028769 0.098436
v 2.967436 0.997132 0.098436
v 2.946203 1.052927 0.098436
v 2.965841 1.220311 0.098436
v 2.922025 1.108774 0.071182
v 2.926983 1.179677 0.071182
v 2.954978 0.966970 0.071182
v 2.927996 1.037872 0.071182
v 2.952951 1.250578 0.071182
v 3.000828 1.596962 0.071182
v 3.001992 1.577197 0.098436
v 3.002973 1.452031 0.071182
v 3.001992 1.480088 0.098436
v 3.078014 1.523021 0.071182
v 3.045890 1.523022 0.098436
v 2.915880 0.644430 0.071182
v 3.077216 0.789755 0.071182
v 2.977767 0.568382 0.071182
v 3.135968 0.719070 0.071182
v 2.977241 0.678352 0.098436
v 3.096038 0.776997 0.098436
v 2.953107 0.676238 0.071182
v 3.024817 0.752293 0.071182
v 3.025982 0.724185 0.098436
v 3.026963 0.607361 0.071182
v 3.025982 0.635418 0.098436
v 3.102002 0.678351 0.071182
v 3.069878 0.678352 0.098436
v 3.127097 0.392478 0.071182
v 3.163741 0.334419 0.071182
v 3.144578 0.352176 0.071182
v 3.243809 0.370210 0.071182
v 3.225370 0.333278 0.071182
v 3.188436 0.317759 0.071182
v 3.197813 0.424156 0.071182
v 3.216109 0.411533 0.071182
v 3.177634 0.435938 0.071182
v 3.131071 0.371907 0.071182
v 3.231749 0.391420 0.071182
v 3.067839 0.250727 0.071182
v 3.077471 0.328943 0.071182
v 3.082209 0.303912 0.071182
v 3.060325 0.353930 0.071182
v 3.081540 0.277343 0.071182
v 3.131327 0.435773 0.071182
v 3.166146 0.340937 0.098436
v 3.149609 0.356260 0.098436
v 3.235240 0.371823 0.098436
v 3.219329 0.339952 0.098436
v 3.187456 0.326560 0.098436
v 3.197488 0.418376 0.098436
v 3.213181 0.407483 0.098436
v 3.198273 0.363150 0.098436
v 3.177218 0.386348 0.098436
v 3.140236 0.373286 0.098436
v 3.134524 0.391039 0.098436
v 3.226599 0.390126 0.098436
v 3.062906 0.262282 0.098436
v 3.068074 0.323470 0.098436
v 3.071781 0.303889 0.098436
v 3.071257 0.283104 0.098436
v 3.157695 0.407374 0.098436
v 3.178134 0.428543 0.098436
v 3.057063 0.343017 0.098436
v 3.138173 0.428401 0.098436
v 3.029399 0.238845 0.071182
v 3.028788 0.373140 0.071182
v 3.029220 0.278086 0.098436
v 3.029335 0.252982 0.098436
v 2.929337 0.391557 0.071182
v 2.893005 0.333153 0.071182
v 2.912121 0.351090 0.071182
v 2.812132 0.368181 0.071182
v 2.831019 0.331426 0.071182
v 2.872537 0.316258 0.071182
v 2.859944 0.422540 0.071182
v 2.841873 0.409745 0.071182
v 2.882263 0.434535 0.071182
v 2.926760 0.370924 0.071182
v 2.826511 0.389485 0.071182
v 2.983796 0.250435 0.071182
v 2.980009 0.328585 0.071182
v 2.975498 0.303510 0.071182
v 2.993856 0.353704 0.071182
v 2.976410 0.276948 0.071182
v 2.928570 0.434810 0.071182
v 2.894615 0.339647 0.098436
v 2.911011 0.355126 0.098436
v 2.825242 0.369875 0.098436
v 2.841444 0.338156 0.098436
v 2.873437 0.325068 0.098436
v 2.862569 0.416785 0.098436
v 2.846975 0.405743 0.098436
v 2.862287 0.361554 0.098436
v 2.883131 0.384951 0.098436
v 2.920228 0.372241 0.098436
v 2.925779 0.390047 0.098436
v 2.833718 0.388259 0.098436
v 2.995179 0.262065 0.098436
v 2.989455 0.323201 0.098436
v 2.985926 0.303586 0.098436
v 2.986640 0.282807 0.098436
v 2.902460 0.406162 0.098436
v 2.881830 0.427136 0.098436
v 3.000288 0.342852 0.098436
v 2.921790 0.427373 0.098436
v 3.028481 0.330718 0.098436
v 3.028357 0.358142 0.098436
v 3.029107 0.303191 0.098436
v 3.557884 0.952086 0.071182
v 3.686571 0.842167 0.071182
v 3.841907 0.787965 0.071182
v 4.011658 0.776558 0.071181
v 3.660709 1.046727 0.071182
v 3.748178 0.964014 0.071182
v 3.870819 0.917636 0.071181
v 3.577036 0.972564 0.113596
v 3.693933 0.868980 0.113596
v 3.832902 0.817305 0.113596
v 4.011658 0.802052 0.113596
v 3.633350 1.017474 0.113596
v 3.720820 0.934761 0.113596
v 3.843461 0.888384 0.113596
v 4.011658 0.875500 0.113596
v 3.551024 1.090911 0.113596
v 3.522490 1.087060 0.071182
v 3.620306 1.092388 0.113596
v 3.649953 1.090524 0.071182
v 3.925027 1.042801 0.071181
v 3.967908 1.020676 0.071181
v 3.943332 1.053783 0.093914
v 3.977077 1.036372 0.093914
v 3.909006 1.090524 0.071181
v 4.011658 1.433346 0.071181
v 3.970890 1.090524 0.093914
v 3.930725 1.090524 0.093914
v 4.011658 1.164597 0.071181
v 4.011658 0.910969 0.071181
v 3.943792 1.125907 0.093914
v 3.977536 1.143997 0.093914
v 3.925551 1.136521 0.071181
v 3.968432 1.159509 0.071181
vt 0.447212 0.396243
vt 0.451816 0.397671
vt 0.447976 0.405875
vt 0.445517 0.396878
vt 0.449582 0.393950
vt 0.450285 0.392604
vt 0.454664 0.392560
vt 0.411223 0.334897
vt 0.418166 0.334764
vt 0.418313 0.344415
vt 0.411380 0.344501
vt 0.581177 0.333494
vt 0.588800 0.333451
vt 0.588858 0.343073
vt 0.581228 0.343119
vt 0.449933 0.389211
vt 0.459010 0.384786
vt 0.581010 0.305890
vt 0.588617 0.305833
vt 0.588678 0.314282
vt 0.581069 0.314333
vt 0.588744 0.324329
vt 0.581130 0.324374
vt 0.417939 0.317758
vt 0.410995 0.317968
vt 0.410886 0.307269
vt 0.417832 0.307208
vt 0.418036 0.325603
vt 0.411092 0.325780
vt 0.450132 0.369877
vt 0.454463 0.370192
vt 0.458940 0.377899
vt 0.449625 0.373238
vt 0.445052 0.380883
vt 0.460774 0.381382
vt 0.505735 0.450398
vt 0.504130 0.451223
vt 0.503076 0.449320
vt 0.504095 0.447688
vt 0.504391 0.453772
vt 0.501064 0.453772
vt 0.501067 0.450856
vt 0.443831 0.383524
vt 0.442267 0.382390
vt 0.443070 0.380879
vt 0.501070 0.448548
vt 0.448615 0.392122
vt 0.448332 0.390276
vt 0.501077 0.446662
vt 0.446690 0.388227
vt 0.446678 0.390050
vt 0.506156 0.453772
vt 0.497953 0.447659
vt 0.498989 0.449295
vt 0.497971 0.451189
vt 0.496362 0.450366
vt 0.497737 0.453772
vt 0.448682 0.445156
vt 0.448448 0.453770
vt 0.445938 0.453770
vt 0.446329 0.445109
vt 0.449445 0.437483
vt 0.447147 0.437391
vt 0.450477 0.429816
vt 0.448203 0.429679
vt 0.452191 0.422287
vt 0.449801 0.422115
vt 0.455355 0.412346
vt 0.453226 0.411280
vt 0.461233 0.398781
vt 0.458305 0.405377
vt 0.455829 0.404967
vt 0.459380 0.396956
vt 0.510823 0.315557
vt 0.511363 0.306416
vt 0.515120 0.306386
vt 0.514086 0.317700
vt 0.466025 0.391083
vt 0.464270 0.389047
vt 0.491099 0.323493
vt 0.497056 0.328678
vt 0.494320 0.331123
vt 0.487323 0.324412
vt 0.487252 0.315776
vt 0.483349 0.316178
vt 0.483009 0.373370
vt 0.477675 0.377869
vt 0.475955 0.375844
vt 0.481552 0.371312
vt 0.486291 0.306620
vt 0.482423 0.306652
vt 0.490410 0.369024
vt 0.489109 0.366869
vt 0.443892 0.415901
vt 0.449723 0.407675
vt 0.446245 0.416251
vt 0.489651 0.338491
vt 0.481047 0.330116
vt 0.483392 0.327250
vt 0.491321 0.335260
vt 0.438922 0.444981
vt 0.440118 0.435159
vt 0.442345 0.434670
vt 0.441090 0.444939
vt 0.475543 0.319407
vt 0.478849 0.317972
vt 0.441441 0.426593
vt 0.443666 0.426276
vt 0.473810 0.306724
vt 0.477504 0.306693
vt 0.456166 0.394520
vt 0.452738 0.400750
vt 0.460528 0.386805
vt 0.471032 0.372064
vt 0.476819 0.366891
vt 0.477843 0.369142
vt 0.472054 0.374312
vt 0.485730 0.361663
vt 0.486528 0.363963
vt 0.426610 0.317791
vt 0.426708 0.325568
vt 0.424571 0.325598
vt 0.424474 0.317815
vt 0.426500 0.307132
vt 0.424365 0.307151
vt 0.572384 0.324414
vt 0.572333 0.314388
vt 0.574532 0.314374
vt 0.574586 0.324405
vt 0.426844 0.334663
vt 0.424704 0.334695
vt 0.445153 0.388824
vt 0.442049 0.384660
vt 0.443835 0.389425
vt 0.440276 0.385208
vt 0.442584 0.391019
vt 0.438325 0.385119
vt 0.441630 0.393059
vt 0.436364 0.383999
vt 0.578868 0.314347
vt 0.578927 0.324386
vt 0.420177 0.325658
vt 0.420080 0.317865
vt 0.420306 0.334761
vt 0.424847 0.344290
vt 0.420452 0.344354
vt 0.574621 0.333523
vt 0.578970 0.333505
vt 0.579018 0.343131
vt 0.574662 0.343155
vt 0.419971 0.307190
vt 0.445790 0.390340
vt 0.447454 0.391180
vt 0.446634 0.394643
vt 0.445698 0.395011
vt 0.444090 0.394311
vt 0.445289 0.393219
vt 0.448110 0.393146
vt 0.447544 0.393977
vt 0.446437 0.392163
vt 0.444134 0.391639
vt 0.444912 0.390798
vt 0.439008 0.383225
vt 0.437874 0.382764
vt 0.437392 0.380966
vt 0.438754 0.380962
vt 0.441228 0.382982
vt 0.440165 0.383252
vt 0.440107 0.380951
vt 0.441590 0.380900
vt 0.443514 0.392729
vt 0.578810 0.305906
vt 0.574476 0.305939
vt 0.440633 0.453770
vt 0.495982 0.453771
vt 0.509544 0.424448
vt 0.501107 0.422254
vt 0.500773 0.418492
vt 0.511233 0.421232
vt 0.506520 0.428562
vt 0.501257 0.426959
vt 0.503770 0.430986
vt 0.501097 0.430427
vt 0.498403 0.430936
vt 0.495989 0.427922
vt 0.426987 0.344260
vt 0.442843 0.395451
vt 0.448628 0.395469
vt 0.572278 0.305891
vt 0.435290 0.380967
vt 0.572450 0.343166
vt 0.572414 0.333531
vt 0.438597 0.453770
vt 0.503816 0.374442
vt 0.502577 0.376516
vt 0.499010 0.376258
vt 0.499002 0.374017
vt 0.493021 0.424048
vt 0.490704 0.421192
vt 0.411551 0.354077
vt 0.418462 0.354050
vt 0.581286 0.352749
vt 0.588917 0.352699
vt 0.485725 0.431661
vt 0.490174 0.433666
vt 0.581679 0.416437
vt 0.581635 0.407323
vt 0.589251 0.407282
vt 0.589301 0.416401
vt 0.581576 0.398069
vt 0.589195 0.398023
vt 0.581520 0.388958
vt 0.589148 0.388913
vt 0.581783 0.453775
vt 0.581775 0.443915
vt 0.589387 0.443904
vt 0.589394 0.453776
vt 0.581464 0.379513
vt 0.589102 0.379465
vt 0.581755 0.434818
vt 0.589371 0.434796
vt 0.581404 0.370525
vt 0.589044 0.370475
vt 0.581720 0.425395
vt 0.589341 0.425365
vt 0.581341 0.361878
vt 0.588979 0.361828
vt 0.419053 0.398917
vt 0.419099 0.408145
vt 0.412238 0.407770
vt 0.412185 0.398614
vt 0.419155 0.444510
vt 0.419155 0.453769
vt 0.412307 0.453769
vt 0.412304 0.443886
vt 0.418972 0.389855
vt 0.412094 0.389627
vt 0.419152 0.435477
vt 0.412297 0.434910
vt 0.418861 0.380458
vt 0.411975 0.380304
vt 0.418741 0.371530
vt 0.411851 0.371443
vt 0.419146 0.426122
vt 0.412286 0.425615
vt 0.418614 0.363148
vt 0.411716 0.363121
vt 0.419132 0.417228
vt 0.412269 0.416783
vt 0.481833 0.440924
vt 0.486666 0.441793
vt 0.480458 0.453771
vt 0.485500 0.453771
vt 0.494189 0.374526
vt 0.495442 0.376584
vt 0.491940 0.377977
vt 0.489368 0.376649
vt 0.482479 0.430213
vt 0.510467 0.380517
vt 0.507419 0.380511
vt 0.506073 0.377835
vt 0.508641 0.376471
vt 0.478182 0.441094
vt 0.477084 0.453771
vt 0.442230 0.379417
vt 0.443746 0.378244
vt 0.493012 0.436169
vt 0.448272 0.371871
vt 0.448320 0.369936
vt 0.489901 0.443962
vt 0.446499 0.373979
vt 0.446443 0.372146
vt 0.521889 0.441816
vt 0.523159 0.453772
vt 0.518242 0.453772
vt 0.517378 0.443577
vt 0.517416 0.432507
vt 0.513465 0.435317
vt 0.572824 0.398135
vt 0.575027 0.398116
vt 0.575094 0.407349
vt 0.572895 0.407356
vt 0.427367 0.371205
vt 0.425238 0.371239
vt 0.425113 0.362907
vt 0.427239 0.362875
vt 0.427481 0.380105
vt 0.425353 0.380131
vt 0.572556 0.361924
vt 0.574769 0.361913
vt 0.574838 0.370565
vt 0.572627 0.370578
vt 0.427589 0.389477
vt 0.425461 0.389495
vt 0.424969 0.353874
vt 0.427097 0.353849
vt 0.445009 0.373585
vt 0.441955 0.377178
vt 0.440200 0.376829
vt 0.443625 0.372845
vt 0.442369 0.371523
vt 0.438295 0.376957
vt 0.436363 0.377886
vt 0.441384 0.369564
vt 0.421170 0.398550
vt 0.425536 0.398525
vt 0.425567 0.407701
vt 0.421214 0.407726
vt 0.579192 0.370540
vt 0.579130 0.361891
vt 0.421268 0.443884
vt 0.425612 0.443885
vt 0.425608 0.453769
vt 0.421267 0.453769
vt 0.420738 0.362975
vt 0.420864 0.371308
vt 0.420592 0.353931
vt 0.574728 0.352796
vt 0.579078 0.352763
vt 0.420984 0.380187
vt 0.421263 0.425604
vt 0.425615 0.425601
vt 0.425612 0.434906
vt 0.421266 0.434904
vt 0.498998 0.380532
vt 0.494772 0.380550
vt 0.503221 0.380518
vt 0.445501 0.371878
vt 0.447231 0.370942
vt 0.446293 0.367460
vt 0.444985 0.368911
vt 0.443826 0.367844
vt 0.445358 0.367131
vt 0.447799 0.368930
vt 0.446160 0.369970
vt 0.447209 0.368119
vt 0.443824 0.370492
vt 0.444607 0.371377
vt 0.438987 0.378705
vt 0.437872 0.379153
vt 0.441180 0.378851
vt 0.440116 0.378669
vt 0.490561 0.380569
vt 0.443144 0.369379
vt 0.579253 0.379528
vt 0.574897 0.379560
vt 0.579311 0.388973
vt 0.574957 0.389006
vt 0.579372 0.398084
vt 0.579432 0.407333
vt 0.579473 0.416447
vt 0.575126 0.416466
vt 0.421093 0.389533
vt 0.579514 0.425404
vt 0.575169 0.425424
vt 0.579551 0.434825
vt 0.575212 0.434842
vt 0.579574 0.443919
vt 0.575238 0.443927
vt 0.425607 0.416747
vt 0.421249 0.416758
vt 0.579582 0.453775
vt 0.575249 0.453775
vt 0.525209 0.440408
vt 0.526849 0.453773
vt 0.519781 0.429656
vt 0.514376 0.453772
vt 0.513474 0.443950
vt 0.509684 0.436210
vt 0.489246 0.453771
vt 0.572748 0.389024
vt 0.445111 0.365301
vt 0.442378 0.366788
vt 0.449346 0.368039
vt 0.448387 0.366791
vt 0.427720 0.453770
vt 0.427726 0.443885
vt 0.446856 0.365759
vt 0.572685 0.379577
vt 0.572520 0.352812
vt 0.573040 0.443932
vt 0.573052 0.453775
vt 0.487500 0.380574
vt 0.427726 0.434907
vt 0.427734 0.425601
vt 0.427730 0.416742
vt 0.572918 0.416476
vt 0.427686 0.407689
vt 0.572964 0.425435
vt 0.573011 0.434851
vt 0.427660 0.398515
vt 0.547359 0.409468
vt 0.545406 0.411102
vt 0.541943 0.402972
vt 0.544390 0.402506
vt 0.551696 0.403278
vt 0.550196 0.405165
vt 0.546900 0.398237
vt 0.548356 0.396118
vt 0.551557 0.442803
vt 0.553929 0.442736
vt 0.554403 0.453774
vt 0.551874 0.453774
vt 0.550705 0.435082
vt 0.553022 0.434964
vt 0.549575 0.427360
vt 0.551867 0.427205
vt 0.547773 0.419764
vt 0.550361 0.419600
vt 0.538154 0.396369
vt 0.539972 0.394457
vt 0.533262 0.388751
vt 0.534939 0.386610
vt 0.522912 0.373691
vt 0.526670 0.371758
vt 0.530801 0.375455
vt 0.526923 0.379292
vt 0.539230 0.373080
vt 0.534612 0.379142
vt 0.535891 0.370936
vt 0.516077 0.371335
vt 0.517496 0.369260
vt 0.521207 0.375721
vt 0.509705 0.367864
vt 0.510880 0.365381
vt 0.555840 0.413205
vt 0.553546 0.413617
vt 0.561401 0.442535
vt 0.559214 0.442507
vt 0.557843 0.432160
vt 0.560046 0.432061
vt 0.556384 0.423691
vt 0.558568 0.423462
vt 0.543292 0.391935
vt 0.544758 0.389887
vt 0.538761 0.384737
vt 0.540656 0.382681
vt 0.530932 0.383386
vt 0.523436 0.384732
vt 0.527083 0.386825
vt 0.527819 0.369747
vt 0.520886 0.367009
vt 0.521847 0.364731
vt 0.512780 0.362307
vt 0.513451 0.359933
vt 0.559762 0.453774
vt 0.523827 0.379385
vt 0.540714 0.375180
vt 0.537884 0.379083
vt 0.561818 0.453774
vt 0.494285 0.361462
vt 0.496408 0.364697
vt 0.493892 0.359057
vt 0.497291 0.367026
vt 0.504180 0.360461
vt 0.504406 0.364077
vt 0.504228 0.358051
vt 0.504859 0.366538
vt 0.451893 0.350636
vt 0.453849 0.349005
vt 0.457310 0.357158
vt 0.454864 0.357616
vt 0.447519 0.356804
vt 0.449030 0.354924
vt 0.452373 0.361881
vt 0.450929 0.364001
vt 0.447744 0.317345
vt 0.445375 0.317415
vt 0.444879 0.306972
vt 0.447406 0.306950
vt 0.448593 0.325054
vt 0.446279 0.325174
vt 0.449834 0.332777
vt 0.447441 0.332921
vt 0.451499 0.340363
vt 0.448920 0.340523
vt 0.461072 0.363770
vt 0.459246 0.365673
vt 0.465917 0.371427
vt 0.464215 0.373515
vt 0.483114 0.388932
vt 0.481697 0.390995
vt 0.476075 0.386557
vt 0.477757 0.384525
vt 0.490526 0.393136
vt 0.489283 0.395338
vt 0.443438 0.346886
vt 0.445727 0.346482
vt 0.437906 0.317493
vt 0.440097 0.317646
vt 0.441469 0.327976
vt 0.439265 0.328009
vt 0.442921 0.336429
vt 0.440739 0.336641
vt 0.455942 0.368173
vt 0.460443 0.375847
vt 0.468545 0.387687
vt 0.468329 0.384681
vt 0.472249 0.388121
vt 0.471184 0.390359
vt 0.478045 0.393208
vt 0.477061 0.395449
vt 0.486915 0.398453
vt 0.486512 0.400854
vt 0.439527 0.307019
vt 0.437474 0.307037
vt 0.550995 0.314238
vt 0.551101 0.306109
vt 0.553636 0.306089
vt 0.553369 0.314250
vt 0.550343 0.321993
vt 0.552663 0.322051
vt 0.549407 0.329743
vt 0.551705 0.329853
vt 0.547766 0.337363
vt 0.550180 0.337510
vt 0.544675 0.347425
vt 0.546835 0.348479
vt 0.538891 0.361162
vt 0.541778 0.354488
vt 0.544280 0.354876
vt 0.540776 0.362993
vt 0.534155 0.368895
vt 0.530744 0.372043
vt 0.517476 0.386820
vt 0.521658 0.382787
vt 0.519014 0.388885
vt 0.511496 0.391102
vt 0.512074 0.393379
vt 0.556207 0.343729
vt 0.552188 0.353884
vt 0.550408 0.352085
vt 0.553829 0.343397
vt 0.560854 0.314121
vt 0.559765 0.324690
vt 0.557555 0.324730
vt 0.558661 0.314340
vt 0.558530 0.333371
vt 0.556338 0.333237
vt 0.548408 0.362182
vt 0.545514 0.367439
vt 0.544013 0.365420
vt 0.547443 0.359091
vt 0.528203 0.389068
vt 0.523585 0.393302
vt 0.522498 0.391079
vt 0.516504 0.398523
vt 0.515611 0.396244
vt 0.558986 0.306048
vt 0.531037 0.386304
vt 0.561042 0.306032
vt 0.489351 0.384621
vt 0.491921 0.383246
vt 0.495428 0.384557
vt 0.494198 0.386639
vt 0.507165 0.402219
vt 0.506535 0.399905
vt 0.497336 0.403138
vt 0.497003 0.400704
vt 0.497447 0.394348
vt 0.496471 0.396643
vt 0.504432 0.394102
vt 0.504764 0.396423
vt 0.499007 0.387039
vt 0.498992 0.384803
vt 0.502550 0.384470
vt 0.503798 0.386513
vt 0.508591 0.384423
vt 0.506037 0.383090
vt 0.463657 0.381290
vt 0.471900 0.381207
vt 0.475063 0.381119
vt 0.468265 0.377383
vt 0.468336 0.374052
vt 0.555905 0.378836
vt 0.557109 0.376403
vt 0.558692 0.377361
vt 0.557893 0.378855
vt 0.550949 0.370912
vt 0.550370 0.367471
vt 0.552216 0.367654
vt 0.552327 0.369582
vt 0.554129 0.371580
vt 0.554141 0.369803
vt 0.555625 0.371269
vt 0.558870 0.375109
vt 0.557056 0.370345
vt 0.560641 0.374694
vt 0.558254 0.368959
vt 0.562593 0.374779
vt 0.559218 0.366913
vt 0.564620 0.375888
vt 0.555069 0.369520
vt 0.553333 0.368626
vt 0.554172 0.365131
vt 0.555096 0.364729
vt 0.556741 0.365407
vt 0.555541 0.366536
vt 0.552705 0.366624
vt 0.553299 0.365830
vt 0.554376 0.367630
vt 0.556723 0.368119
vt 0.555933 0.368985
vt 0.561887 0.376569
vt 0.562971 0.377000
vt 0.563585 0.378726
vt 0.562190 0.378770
vt 0.559712 0.376765
vt 0.560768 0.376555
vt 0.560837 0.378793
vt 0.559365 0.378839
vt 0.557340 0.367008
vt 0.555233 0.362802
vt 0.557979 0.364240
vt 0.551118 0.365909
vt 0.552005 0.364633
vt 0.553460 0.363579
vt 0.565586 0.378740
vt 0.558725 0.380315
vt 0.557216 0.381482
vt 0.551301 0.386780
vt 0.552679 0.388095
vt 0.552587 0.390004
vt 0.550755 0.390189
vt 0.554411 0.386192
vt 0.554441 0.387871
vt 0.555900 0.386396
vt 0.558986 0.382543
vt 0.560739 0.382901
vt 0.557355 0.387364
vt 0.558578 0.388665
vt 0.562634 0.382779
vt 0.564550 0.382058
vt 0.559612 0.390407
vt 0.555340 0.388124
vt 0.553680 0.389029
vt 0.554589 0.392556
vt 0.555946 0.391042
vt 0.557214 0.392070
vt 0.555579 0.392989
vt 0.553091 0.391023
vt 0.554741 0.389994
vt 0.553672 0.391852
vt 0.557037 0.389389
vt 0.556224 0.388569
vt 0.561965 0.381035
vt 0.563100 0.380588
vt 0.559769 0.380882
vt 0.560832 0.381067
vt 0.557712 0.390453
vt 0.555701 0.394999
vt 0.558498 0.393524
vt 0.551537 0.391888
vt 0.552478 0.393116
vt 0.553924 0.394127
vt 0.507781 0.323399
vt 0.510648 0.325881
vt 0.502427 0.328686
vt 0.504871 0.331688
vt 0.523574 0.306320
vt 0.522616 0.318315
vt 0.518947 0.318519
vt 0.520181 0.306347
vt 0.518397 0.329275
vt 0.515129 0.327852
vt 0.510225 0.338402
vt 0.507877 0.335551
vt 0.499785 0.337402
vt 0.500145 0.341167
vt 0.499601 0.332691
vt 0.499736 0.329217
vt 0.504274 0.309237
vt 0.502661 0.308443
vt 0.502847 0.306511
vt 0.504595 0.306502
vt 0.499618 0.312986
vt 0.499608 0.311106
vt 0.501672 0.310340
vt 0.502725 0.311960
vt 0.499588 0.308811
vt 0.499570 0.306523
vt 0.494536 0.306551
vt 0.496294 0.306538
vt 0.496544 0.308468
vt 0.494951 0.309294
vt 0.496599 0.311987
vt 0.497604 0.310353
vt 0.442751 0.101845
vt 0.447474 0.103122
vt 0.443872 0.111573
vt 0.441056 0.102552
vt 0.445069 0.099430
vt 0.445731 0.098035
vt 0.450182 0.097825
vt 0.402871 0.041962
vt 0.409826 0.041265
vt 0.410724 0.050963
vt 0.403768 0.051560
vt 0.580838 0.037180
vt 0.588505 0.037495
vt 0.588143 0.047146
vt 0.580467 0.046883
vt 0.445242 0.094600
vt 0.454320 0.089738
vt 0.582223 0.009318
vt 0.589856 0.009723
vt 0.589407 0.018265
vt 0.581763 0.017872
vt 0.588907 0.028346
vt 0.581251 0.027986
vt 0.408100 0.024191
vt 0.401161 0.025051
vt 0.400016 0.014358
vt 0.406940 0.013416
vt 0.408916 0.032064
vt 0.401969 0.032854
vt 0.444603 0.074888
vt 0.449049 0.075008
vt 0.453968 0.082711
vt 0.444243 0.078344
vt 0.439933 0.086341
vt 0.455989 0.086194
vt 0.503342 0.155298
vt 0.501734 0.156156
vt 0.500640 0.154251
vt 0.501645 0.152586
vt 0.502038 0.158724
vt 0.498680 0.158777
vt 0.498637 0.155834
vt 0.438805 0.089079
vt 0.437168 0.087996
vt 0.437917 0.086426
vt 0.498601 0.153503
vt 0.444017 0.097611
vt 0.443657 0.095747
vt 0.498578 0.151597
vt 0.441906 0.093733
vt 0.441968 0.095585
vt 0.503819 0.158697
vt 0.495437 0.152656
vt 0.496512 0.154292
vt 0.495516 0.156222
vt 0.493878 0.155419
vt 0.495324 0.158832
vt 0.445704 0.151185
vt 0.445676 0.159852
vt 0.443154 0.159911
vt 0.443337 0.151196
vt 0.446279 0.143441
vt 0.443963 0.143409
vt 0.447118 0.135688
vt 0.444821 0.135611
vt 0.448640 0.128040
vt 0.446221 0.127935
vt 0.451551 0.117889
vt 0.449361 0.116875
vt 0.457086 0.103924
vt 0.454325 0.110725
vt 0.451798 0.110389
vt 0.455139 0.102128
vt 0.507993 0.014089
vt 0.509511 0.003551
vt 0.513788 0.004077
vt 0.511554 0.016735
vt 0.461709 0.095912
vt 0.459848 0.093895
vt 0.485293 0.023310
vt 0.492175 0.028857
vt 0.489226 0.031663
vt 0.481151 0.024571
vt 0.480360 0.014884
vt 0.476023 0.015766
vt 0.478589 0.077138
vt 0.473218 0.081965
vt 0.471374 0.079933
vt 0.477009 0.075050
vt 0.478036 0.004505
vt 0.473656 0.005273
vt 0.486157 0.072389
vt 0.484739 0.070173
vt 0.440069 0.121839
vt 0.445699 0.113336
vt 0.442455 0.122120
vt 0.484371 0.039895
vt 0.474691 0.031209
vt 0.477033 0.027951
vt 0.486077 0.036324
vt 0.435889 0.151253
vt 0.436831 0.141351
vt 0.439059 0.140798
vt 0.438067 0.151156
vt 0.467837 0.020148
vt 0.471277 0.018227
vt 0.437921 0.132694
vt 0.440153 0.132309
vt 0.464314 0.006820
vt 0.468218 0.006056
vt 0.451782 0.099764
vt 0.448519 0.106215
vt 0.455945 0.091742
vt 0.466152 0.076220
vt 0.471931 0.070631
vt 0.473081 0.072929
vt 0.467295 0.078498
vt 0.481031 0.064818
vt 0.481945 0.067207
vt 0.416840 0.023398
vt 0.417665 0.031257
vt 0.415506 0.031478
vt 0.414685 0.023628
vt 0.415658 0.012661
vt 0.413511 0.012898
vt 0.572411 0.027552
vt 0.572952 0.017396
vt 0.575173 0.017519
vt 0.574642 0.027664
vt 0.418579 0.040457
vt 0.416416 0.040664
vt 0.440371 0.094403
vt 0.437046 0.090309
vt 0.439059 0.095067
vt 0.435272 0.090942
vt 0.437857 0.096733
vt 0.433291 0.090936
vt 0.436976 0.098837
vt 0.431258 0.089887
vt 0.579547 0.017755
vt 0.579028 0.027879
vt 0.411075 0.031930
vt 0.410262 0.024095
vt 0.411981 0.041088
vt 0.417302 0.050356
vt 0.412872 0.050744
vt 0.574211 0.036900
vt 0.578611 0.037087
vt 0.578239 0.046807
vt 0.573831 0.046657
vt 0.409106 0.013380
vt 0.441079 0.095914
vt 0.442801 0.096700
vt 0.442104 0.100245
vt 0.441170 0.100653
vt 0.439514 0.100006
vt 0.440686 0.098853
vt 0.443543 0.098670
vt 0.443001 0.099535
vt 0.441808 0.097738
vt 0.439453 0.097298
vt 0.440207 0.096414
vt 0.433899 0.088988
vt 0.432730 0.088571
vt 0.432160 0.086772
vt 0.433540 0.086706
vt 0.436139 0.088642
vt 0.435073 0.088964
vt 0.434912 0.086632
vt 0.436414 0.086514
vt 0.438869 0.098428
vt 0.580012 0.009198
vt 0.575658 0.008961
vt 0.437825 0.160038
vt 0.493553 0.158862
vt 0.506810 0.128969
vt 0.498207 0.126870
vt 0.497806 0.123051
vt 0.508479 0.125677
vt 0.503802 0.133188
vt 0.498438 0.131645
vt 0.501050 0.135688
vt 0.498332 0.135165
vt 0.495611 0.135726
vt 0.493110 0.132712
vt 0.419467 0.050168
vt 0.438297 0.101207
vt 0.444158 0.101007
vt 0.573448 0.008835
vt 0.430032 0.086871
vt 0.571590 0.046581
vt 0.571973 0.036804
vt 0.435780 0.160087
vt 0.500239 0.077769
vt 0.498981 0.079943
vt 0.495273 0.079734
vt 0.495224 0.077402
vt 0.490028 0.128833
vt 0.487621 0.125975
vt 0.404612 0.061130
vt 0.411543 0.060644
vt 0.580175 0.056587
vt 0.587841 0.056793
vt 0.482775 0.136697
vt 0.487321 0.138642
vt 0.579632 0.120532
vt 0.579610 0.111397
vt 0.587234 0.111390
vt 0.587259 0.120505
vt 0.579606 0.102118
vt 0.587235 0.102132
vt 0.579636 0.092978
vt 0.587278 0.093024
vt 0.579876 0.157920
vt 0.579803 0.148050
vt 0.587416 0.147996
vt 0.587488 0.157864
vt 0.579711 0.083497
vt 0.587364 0.083575
vt 0.579737 0.138942
vt 0.587356 0.138892
vt 0.579817 0.074469
vt 0.587478 0.074583
vt 0.579676 0.129506
vt 0.587301 0.129464
vt 0.579959 0.065775
vt 0.587623 0.065932
vt 0.414466 0.105650
vt 0.414868 0.114895
vt 0.407990 0.114774
vt 0.407580 0.105626
vt 0.416058 0.151303
vt 0.416297 0.160569
vt 0.409449 0.160740
vt 0.409190 0.150864
vt 0.414000 0.096568
vt 0.407104 0.096648
vt 0.415805 0.142263
vt 0.408933 0.141893
vt 0.413449 0.087148
vt 0.406546 0.087335
vt 0.412868 0.078194
vt 0.405960 0.078483
vt 0.415521 0.132899
vt 0.408644 0.132605
vt 0.412263 0.069783
vt 0.405347 0.070168
vt 0.415221 0.123993
vt 0.408340 0.123780
vt 0.479025 0.146151
vt 0.483927 0.146933
vt 0.477893 0.159147
vt 0.482979 0.159049
vt 0.490228 0.078028
vt 0.491573 0.080140
vt 0.487972 0.081663
vt 0.485273 0.080348
vt 0.479456 0.135296
vt 0.507208 0.083999
vt 0.504054 0.084022
vt 0.502627 0.081265
vt 0.505278 0.079819
vt 0.475340 0.146397
vt 0.474492 0.159214
vt 0.436997 0.084978
vt 0.438484 0.083716
vt 0.490241 0.141124
vt 0.442797 0.077013
vt 0.442754 0.075035
vt 0.487237 0.149065
vt 0.441089 0.079247
vt 0.440945 0.077380
vt 0.519540 0.146405
vt 0.520969 0.158458
vt 0.516010 0.158523
vt 0.515004 0.148242
vt 0.514903 0.137038
vt 0.510937 0.139937
vt 0.570812 0.102119
vt 0.573028 0.102116
vt 0.573045 0.111398
vt 0.570834 0.111397
vt 0.421533 0.077403
vt 0.419388 0.077551
vt 0.418795 0.069155
vt 0.420940 0.068998
vt 0.422101 0.086371
vt 0.419958 0.086501
vt 0.571099 0.065594
vt 0.573336 0.065639
vt 0.573206 0.074372
vt 0.570974 0.074340
vt 0.422642 0.095806
vt 0.420501 0.095918
vt 0.418093 0.060038
vt 0.420244 0.059873
vt 0.439552 0.078915
vt 0.436614 0.082716
vt 0.434815 0.082443
vt 0.438107 0.078228
vt 0.436764 0.076943
vt 0.432887 0.082665
vt 0.430972 0.083700
vt 0.435666 0.074998
vt 0.416574 0.105195
vt 0.420956 0.104994
vt 0.421342 0.114212
vt 0.416973 0.114397
vt 0.577593 0.074437
vt 0.577734 0.065730
vt 0.418156 0.150620
vt 0.422506 0.150505
vt 0.422757 0.160407
vt 0.418410 0.160516
vt 0.414389 0.069482
vt 0.414989 0.077856
vt 0.413679 0.060384
vt 0.573553 0.056420
vt 0.577949 0.056529
vt 0.415567 0.086771
vt 0.417625 0.132314
vt 0.421987 0.132177
vt 0.422259 0.141506
vt 0.417905 0.141629
vt 0.495335 0.084165
vt 0.490962 0.084266
vt 0.499708 0.084083
vt 0.439972 0.077152
vt 0.441691 0.076114
vt 0.440563 0.072606
vt 0.439300 0.074152
vt 0.438064 0.073122
vt 0.439591 0.072316
vt 0.442174 0.074033
vt 0.440551 0.075174
vt 0.441532 0.073233
vt 0.438195 0.075822
vt 0.439036 0.076685
vt 0.433671 0.084406
vt 0.432562 0.084912
vt 0.435904 0.084452
vt 0.434815 0.084316
vt 0.486606 0.084379
vt 0.437447 0.074722
vt 0.577489 0.083476
vt 0.573105 0.083440
vt 0.577419 0.092967
vt 0.573041 0.092951
vt 0.577394 0.102116
vt 0.577400 0.111399
vt 0.577421 0.120540
vt 0.573059 0.120556
vt 0.416114 0.096151
vt 0.577466 0.129519
vt 0.573109 0.129546
vt 0.577531 0.138958
vt 0.573181 0.138992
vt 0.577599 0.148066
vt 0.573255 0.148100
vt 0.421697 0.123294
vt 0.417326 0.123451
vt 0.577673 0.157936
vt 0.573333 0.157968
vt 0.522877 0.144943
vt 0.524689 0.158412
vt 0.517265 0.134120
vt 0.512111 0.158576
vt 0.511064 0.148671
vt 0.507121 0.140894
vt 0.486757 0.158981
vt 0.570816 0.092945
vt 0.439245 0.070458
vt 0.436532 0.072120
vt 0.424872 0.160355
vt 0.424624 0.150449
vt 0.441053 0.070839
vt 0.570875 0.083423
vt 0.571317 0.056366
vt 0.571050 0.148118
vt 0.571131 0.157985
vt 0.483442 0.084462
vt 0.424380 0.141448
vt 0.443713 0.073046
vt 0.424113 0.132112
vt 0.423828 0.123218
vt 0.442669 0.071818
vt 0.570842 0.120565
vt 0.423470 0.114123
vt 0.570896 0.129562
vt 0.570974 0.139011
vt 0.423092 0.104898
vt 0.545054 0.113495
vt 0.543079 0.115156
vt 0.539549 0.106909
vt 0.542036 0.106434
vt 0.549447 0.107222
vt 0.547926 0.109133
vt 0.544589 0.102100
vt 0.546074 0.099951
vt 0.549462 0.147127
vt 0.551849 0.147042
vt 0.552416 0.158136
vt 0.549874 0.158159
vt 0.548548 0.139358
vt 0.550882 0.139224
vt 0.547362 0.131578
vt 0.549674 0.131410
vt 0.545505 0.123916
vt 0.548119 0.123740
vt 0.535687 0.100188
vt 0.537542 0.098240
vt 0.530697 0.092401
vt 0.532415 0.090213
vt 0.520068 0.076883
vt 0.523966 0.074899
vt 0.528210 0.078740
vt 0.524198 0.082676
vt 0.536901 0.076372
vt 0.532107 0.082552
vt 0.533490 0.074130
vt 0.512971 0.074439
vt 0.514446 0.072274
vt 0.518301 0.078986
vt 0.506306 0.070845
vt 0.507518 0.068236
vt 0.553639 0.117266
vt 0.551322 0.117686
vt 0.559360 0.146786
vt 0.557161 0.146774
vt 0.555720 0.136373
vt 0.557936 0.136263
vt 0.554212 0.127848
vt 0.556414 0.127610
vt 0.540934 0.095678
vt 0.542436 0.093595
vt 0.536332 0.088309
vt 0.538281 0.086215
vt 0.528314 0.086898
vt 0.520610 0.088282
vt 0.524362 0.090431
vt 0.525171 0.072825
vt 0.517987 0.069928
vt 0.519003 0.067551
vt 0.509496 0.065001
vt 0.510192 0.062501
vt 0.557799 0.158090
vt 0.521006 0.082769
vt 0.538402 0.078542
vt 0.535466 0.082515
vt 0.559863 0.158073
vt 0.490030 0.064358
vt 0.492333 0.067715
vt 0.489560 0.061830
vt 0.493305 0.070138
vt 0.500433 0.063124
vt 0.500716 0.066930
vt 0.500452 0.060581
vt 0.501222 0.069506
vt 0.445412 0.055019
vt 0.447343 0.053211
vt 0.451354 0.061475
vt 0.448854 0.062072
vt 0.441257 0.061633
vt 0.442703 0.059614
vt 0.446507 0.066587
vt 0.445134 0.068834
vt 0.438385 0.020835
vt 0.435949 0.021153
vt 0.434281 0.010476
vt 0.436878 0.010141
vt 0.440021 0.028728
vt 0.437639 0.029067
vt 0.441983 0.036635
vt 0.439516 0.036982
vt 0.444304 0.044382
vt 0.441642 0.044736
vt 0.455540 0.068115
vt 0.453749 0.070155
vt 0.460857 0.075773
vt 0.459196 0.077991
vt 0.479144 0.093194
vt 0.477744 0.095348
vt 0.471850 0.090955
vt 0.473515 0.088818
vt 0.486854 0.097332
vt 0.485626 0.099618
vt 0.436438 0.051691
vt 0.438765 0.051120
vt 0.428299 0.021994
vt 0.430546 0.021927
vt 0.432936 0.032393
vt 0.430678 0.032623
vt 0.435138 0.040967
vt 0.432912 0.041356
vt 0.450472 0.072871
vt 0.455421 0.080544
vt 0.464169 0.092358
vt 0.463845 0.089287
vt 0.467976 0.092680
vt 0.466958 0.095007
vt 0.474065 0.097709
vt 0.473122 0.100026
vt 0.483267 0.102862
vt 0.482908 0.105329
vt 0.428794 0.011086
vt 0.426702 0.011390
vt 0.551145 0.015804
vt 0.551909 0.007401
vt 0.554523 0.007600
vt 0.553596 0.015991
vt 0.549950 0.023796
vt 0.552350 0.024000
vt 0.548549 0.031799
vt 0.550928 0.032028
vt 0.546495 0.039647
vt 0.548996 0.039898
vt 0.542928 0.050009
vt 0.545143 0.051160
vt 0.536706 0.064109
vt 0.539793 0.057273
vt 0.542369 0.057718
vt 0.538620 0.066022
vt 0.531726 0.072009
vt 0.528176 0.075223
vt 0.514487 0.090460
vt 0.518775 0.086285
vt 0.516080 0.092572
vt 0.508373 0.094904
vt 0.508989 0.097236
vt 0.554980 0.046551
vt 0.550529 0.056873
vt 0.548744 0.054977
vt 0.552544 0.046125
vt 0.561286 0.016392
vt 0.559512 0.027137
vt 0.557240 0.027052
vt 0.559035 0.016459
vt 0.557798 0.035989
vt 0.555548 0.035750
vt 0.546476 0.065315
vt 0.543422 0.070661
vt 0.541910 0.068565
vt 0.545544 0.062122
vt 0.525513 0.092732
vt 0.520787 0.097080
vt 0.519665 0.094806
vt 0.513573 0.102459
vt 0.512640 0.100136
vt 0.560026 0.007888
vt 0.528419 0.089894
vt 0.562134 0.008088
vt 0.485454 0.088591
vt 0.488073 0.087114
vt 0.491721 0.088393
vt 0.490495 0.090565
vt 0.504071 0.106349
vt 0.503393 0.103990
vt 0.494031 0.107448
vt 0.493646 0.104963
vt 0.493985 0.098439
vt 0.493025 0.100812
vt 0.501155 0.098072
vt 0.501529 0.100449
vt 0.495459 0.090888
vt 0.495405 0.088581
vt 0.499073 0.088179
vt 0.500390 0.090268
vt 0.505307 0.088049
vt 0.502655 0.086706
vt 0.458937 0.085986
vt 0.467387 0.085596
vt 0.470635 0.085398
vt 0.463512 0.081801
vt 0.463455 0.078376
vt 0.553882 0.082438
vt 0.555140 0.079978
vt 0.556736 0.080974
vt 0.555905 0.082483
vt 0.548936 0.074295
vt 0.548395 0.070767
vt 0.550281 0.070984
vt 0.550365 0.072956
vt 0.552174 0.075024
vt 0.552213 0.073210
vt 0.553703 0.074729
vt 0.556949 0.078688
vt 0.555177 0.073810
vt 0.558755 0.078293
vt 0.556420 0.072417
vt 0.560737 0.078410
vt 0.557437 0.070352
vt 0.562775 0.079567
vt 0.553164 0.072936
vt 0.551407 0.071996
vt 0.552325 0.068439
vt 0.553277 0.068045
vt 0.554944 0.068770
vt 0.553698 0.069900
vt 0.550799 0.069939
vt 0.551420 0.069138
vt 0.552489 0.070996
vt 0.554875 0.071535
vt 0.554054 0.072405
vt 0.559993 0.080216
vt 0.561086 0.080669
vt 0.561684 0.082428
vt 0.560269 0.082453
vt 0.557782 0.080383
vt 0.558857 0.080185
vt 0.558895 0.082458
vt 0.557400 0.082485
vt 0.555524 0.070414
vt 0.553454 0.066076
vt 0.556231 0.067604
vt 0.551625 0.066839
vt 0.563711 0.082470
vt 0.549188 0.069181
vt 0.550118 0.067891
vt 0.556732 0.083977
vt 0.555186 0.085144
vt 0.549119 0.090472
vt 0.550512 0.091821
vt 0.550405 0.093761
vt 0.548541 0.093937
vt 0.552288 0.089901
vt 0.553798 0.090122
vt 0.556971 0.086242
vt 0.558746 0.086625
vt 0.555267 0.091118
vt 0.556495 0.092449
vt 0.560669 0.086522
vt 0.562617 0.085814
vt 0.557526 0.094221
vt 0.553216 0.091872
vt 0.551523 0.092778
vt 0.552304 0.091607
vt 0.552422 0.096365
vt 0.553808 0.094837
vt 0.555086 0.095888
vt 0.553424 0.096809
vt 0.550911 0.094800
vt 0.552592 0.093765
vt 0.551495 0.095645
vt 0.554927 0.093169
vt 0.554109 0.092331
vt 0.560012 0.084747
vt 0.561167 0.084308
vt 0.557786 0.084565
vt 0.558862 0.084766
vt 0.555602 0.094253
vt 0.553537 0.098848
vt 0.556377 0.097367
vt 0.549327 0.095668
vt 0.550276 0.096921
vt 0.551739 0.097956
vt 0.504257 0.022881
vt 0.507396 0.025725
vt 0.498228 0.028773
vt 0.500943 0.032103
vt 0.523162 0.005202
vt 0.520900 0.018046
vt 0.516908 0.017991
vt 0.519470 0.004667
vt 0.515754 0.029669
vt 0.512261 0.028021
vt 0.506788 0.039454
vt 0.504241 0.036350
vt 0.495402 0.038444
vt 0.495853 0.042536
vt 0.495114 0.033273
vt 0.495204 0.029404
vt 0.500561 0.006106
vt 0.498612 0.004992
vt 0.499050 0.002491
vt 0.501254 0.002790
vt 0.494795 0.010562
vt 0.494750 0.008275
vt 0.497291 0.007340
vt 0.498528 0.009336
vt 0.494683 0.005390
vt 0.494612 0.002349
vt 0.487986 0.003073
vt 0.490176 0.002659
vt 0.490781 0.005138
vt 0.488896 0.006348
vt 0.491138 0.009470
vt 0.492259 0.007426
vt 0.445627 0.217583
vt 0.443916 0.216979
vt 0.446209 0.207920
vt 0.450211 0.216067
vt 0.448043 0.219835
vt 0.453159 0.221134
vt 0.448772 0.221171
vt 0.410737 0.279614
vt 0.410724 0.270009
vt 0.417658 0.269971
vt 0.417681 0.279625
vt 0.580767 0.278256
vt 0.580677 0.268629
vt 0.588308 0.268564
vt 0.588391 0.278188
vt 0.457654 0.228841
vt 0.448482 0.224575
vt 0.580942 0.297422
vt 0.588551 0.297359
vt 0.580854 0.287379
vt 0.588469 0.287311
vt 0.417754 0.296633
vt 0.410808 0.296544
vt 0.417713 0.288787
vt 0.410767 0.288733
vt 0.449034 0.243929
vt 0.448466 0.240574
vt 0.457708 0.235739
vt 0.453364 0.243536
vt 0.443749 0.233004
vt 0.459483 0.232219
vt 0.503445 0.162106
vt 0.501834 0.164864
vt 0.500781 0.163235
vt 0.501814 0.161300
vt 0.498731 0.161718
vt 0.441765 0.233044
vt 0.440933 0.231546
vt 0.442478 0.230382
vt 0.498771 0.164045
vt 0.446859 0.223538
vt 0.447109 0.221684
vt 0.498808 0.165946
vt 0.445253 0.225621
vt 0.445208 0.223795
vt 0.495645 0.164993
vt 0.493995 0.162290
vt 0.495604 0.161434
vt 0.496661 0.163326
vt 0.446108 0.168501
vt 0.443746 0.168601
vt 0.447042 0.176190
vt 0.444738 0.176331
vt 0.448240 0.183864
vt 0.445961 0.184048
vt 0.450112 0.191383
vt 0.447718 0.191604
vt 0.453481 0.201292
vt 0.451366 0.202402
vt 0.459625 0.214779
vt 0.457803 0.216643
vt 0.454095 0.208681
vt 0.456569 0.208224
vt 0.510677 0.297261
vt 0.513907 0.295066
vt 0.464568 0.222405
vt 0.462847 0.224477
vt 0.490821 0.289643
vt 0.487029 0.288785
vt 0.493919 0.281957
vt 0.496696 0.284358
vt 0.487101 0.297425
vt 0.483191 0.297087
vt 0.481896 0.239855
vt 0.480471 0.241941
vt 0.474787 0.237498
vt 0.476475 0.235440
vt 0.489381 0.244082
vt 0.488115 0.246263
vt 0.441919 0.197953
vt 0.444270 0.197554
vt 0.447924 0.206083
vt 0.489126 0.274662
vt 0.490850 0.277866
vt 0.483049 0.286012
vt 0.480655 0.283183
vt 0.436315 0.168898
vt 0.438492 0.168890
vt 0.439979 0.179166
vt 0.437734 0.178723
vt 0.478660 0.295368
vt 0.475330 0.293988
vt 0.441481 0.187556
vt 0.439244 0.187284
vt 0.451077 0.212964
vt 0.454627 0.219142
vt 0.459138 0.226791
vt 0.469922 0.241369
vt 0.470906 0.239099
vt 0.476794 0.244178
vt 0.475807 0.246450
vt 0.485579 0.249216
vt 0.484819 0.251533
vt 0.426423 0.296448
vt 0.424287 0.296461
vt 0.424248 0.288677
vt 0.426385 0.288670
vt 0.572106 0.287467
vt 0.574308 0.287444
vt 0.574403 0.297479
vt 0.572204 0.297500
vt 0.424221 0.279578
vt 0.426361 0.279572
vt 0.443703 0.225051
vt 0.440673 0.229278
vt 0.438888 0.228762
vt 0.442373 0.224474
vt 0.441090 0.222901
vt 0.436936 0.228887
vt 0.434995 0.230046
vt 0.440096 0.220877
vt 0.578741 0.297440
vt 0.578650 0.287399
vt 0.419853 0.288694
vt 0.419893 0.296488
vt 0.419822 0.279590
vt 0.419797 0.269994
vt 0.424194 0.269980
vt 0.574209 0.278323
vt 0.574109 0.268689
vt 0.578467 0.268649
vt 0.578559 0.278278
vt 0.444313 0.223522
vt 0.445964 0.222649
vt 0.445077 0.219197
vt 0.443757 0.220648
vt 0.442536 0.219577
vt 0.444134 0.218846
vt 0.446583 0.220668
vt 0.444927 0.221684
vt 0.446001 0.219846
vt 0.442631 0.222252
vt 0.443425 0.223079
vt 0.437655 0.230770
vt 0.437444 0.233040
vt 0.436080 0.233062
vt 0.436529 0.231254
vt 0.439882 0.230973
vt 0.440283 0.233050
vt 0.438798 0.233027
vt 0.438813 0.230722
vt 0.441989 0.221171
vt 0.507681 0.188169
vt 0.509428 0.191375
vt 0.498960 0.194295
vt 0.499234 0.190509
vt 0.504576 0.184080
vt 0.499309 0.185776
vt 0.501772 0.181686
vt 0.499092 0.182291
vt 0.493996 0.184894
vt 0.496374 0.181822
vt 0.426335 0.269972
vt 0.441265 0.218459
vt 0.447059 0.218332
vt 0.433976 0.233100
vt 0.571896 0.268710
vt 0.572001 0.278347
vt 0.502722 0.238436
vt 0.497906 0.238940
vt 0.497878 0.236694
vt 0.501448 0.236378
vt 0.491077 0.188839
vt 0.488797 0.191748
vt 0.410723 0.260431
vt 0.417634 0.260334
vt 0.580595 0.258996
vt 0.588228 0.258936
vt 0.483610 0.181311
vt 0.488050 0.179215
vt 0.580136 0.195283
vt 0.587760 0.195231
vt 0.587819 0.204349
vt 0.580202 0.204402
vt 0.587880 0.213608
vt 0.580260 0.213660
vt 0.587953 0.222718
vt 0.580323 0.222775
vt 0.587562 0.167732
vt 0.579948 0.167787
vt 0.588035 0.232166
vt 0.580396 0.232223
vt 0.587630 0.176838
vt 0.580012 0.176891
vt 0.588102 0.241158
vt 0.580460 0.241214
vt 0.587698 0.186268
vt 0.580075 0.186320
vt 0.588158 0.249806
vt 0.580519 0.249865
vt 0.417388 0.215449
vt 0.410525 0.215886
vt 0.410397 0.206730
vt 0.417251 0.206217
vt 0.416521 0.169834
vt 0.409685 0.170618
vt 0.417482 0.224515
vt 0.410608 0.224875
vt 0.416726 0.178871
vt 0.409883 0.179593
vt 0.417549 0.233916
vt 0.410666 0.234199
vt 0.417595 0.242847
vt 0.410707 0.243061
vt 0.416926 0.188231
vt 0.410075 0.188886
vt 0.417621 0.251232
vt 0.410724 0.251385
vt 0.417099 0.197130
vt 0.410245 0.197717
vt 0.479524 0.172063
vt 0.484375 0.171099
vt 0.493076 0.238509
vt 0.488211 0.236461
vt 0.490766 0.235089
vt 0.494297 0.236426
vt 0.480374 0.182824
vt 0.509290 0.232244
vt 0.507524 0.236327
vt 0.504929 0.235000
vt 0.506236 0.232298
vt 0.475846 0.171962
vt 0.442490 0.235669
vt 0.440951 0.234523
vt 0.490861 0.176648
vt 0.447219 0.243902
vt 0.447136 0.241966
vt 0.487594 0.168857
vt 0.445323 0.239888
vt 0.445300 0.241725
vt 0.519845 0.170521
vt 0.515279 0.168809
vt 0.515474 0.179948
vt 0.511459 0.177180
vt 0.571502 0.213707
vt 0.571455 0.204477
vt 0.573656 0.204457
vt 0.573707 0.213698
vt 0.426229 0.243013
vt 0.426253 0.251349
vt 0.424126 0.251355
vt 0.424099 0.243019
vt 0.426179 0.234108
vt 0.424049 0.234121
vt 0.571731 0.249944
vt 0.571679 0.241285
vt 0.573891 0.241267
vt 0.573944 0.249923
vt 0.426110 0.224729
vt 0.423980 0.224751
vt 0.426274 0.260379
vt 0.424145 0.260392
vt 0.443839 0.240310
vt 0.440716 0.236769
vt 0.442467 0.241075
vt 0.438967 0.237151
vt 0.441234 0.242421
vt 0.437057 0.237057
vt 0.440284 0.244400
vt 0.435107 0.236163
vt 0.419513 0.215775
vt 0.419376 0.206594
vt 0.423733 0.206532
vt 0.423881 0.215715
vt 0.578248 0.241231
vt 0.578308 0.249883
vt 0.418651 0.170410
vt 0.422999 0.170307
vt 0.419749 0.251367
vt 0.419722 0.243030
vt 0.419766 0.260414
vt 0.574034 0.259044
vt 0.578386 0.259013
vt 0.419677 0.234147
vt 0.419055 0.188704
vt 0.418854 0.179397
vt 0.423205 0.179298
vt 0.423411 0.188614
vt 0.493561 0.232463
vt 0.497796 0.232412
vt 0.502029 0.232358
vt 0.444363 0.242010
vt 0.446111 0.242915
vt 0.445235 0.246417
vt 0.444305 0.246763
vt 0.442759 0.246077
vt 0.443899 0.244988
vt 0.446716 0.244918
vt 0.446140 0.245741
vt 0.445056 0.243907
vt 0.442709 0.243427
vt 0.443476 0.242527
vt 0.437718 0.235295
vt 0.436594 0.234868
vt 0.439910 0.235109
vt 0.438848 0.235311
vt 0.489341 0.232514
vt 0.442049 0.244553
vt 0.578183 0.232239
vt 0.573825 0.232266
vt 0.578114 0.222790
vt 0.573757 0.222815
vt 0.578055 0.213674
vt 0.577997 0.204419
vt 0.573577 0.195330
vt 0.577929 0.195299
vt 0.419610 0.224796
vt 0.577868 0.186335
vt 0.573519 0.186362
vt 0.577807 0.176906
vt 0.573463 0.176932
vt 0.577745 0.167803
vt 0.573403 0.167833
vt 0.419227 0.197556
vt 0.423589 0.197477
vt 0.523205 0.171895
vt 0.517891 0.182780
vt 0.511342 0.168490
vt 0.507642 0.176338
vt 0.571546 0.222827
vt 0.444090 0.248599
vt 0.441329 0.247159
vt 0.448280 0.245783
vt 0.447342 0.247048
vt 0.425116 0.170257
vt 0.445829 0.248109
vt 0.571612 0.232280
vt 0.571826 0.259059
vt 0.571201 0.167848
vt 0.486273 0.232560
vt 0.425322 0.179249
vt 0.425532 0.188568
vt 0.425714 0.197438
vt 0.571367 0.195347
vt 0.425854 0.206501
vt 0.571310 0.186375
vt 0.571258 0.176945
vt 0.426008 0.215684
vt 0.545845 0.202688
vt 0.542964 0.209708
vt 0.540505 0.209275
vt 0.543865 0.201076
vt 0.550276 0.208835
vt 0.547027 0.216054
vt 0.545538 0.213951
vt 0.548747 0.206964
vt 0.549660 0.169185
vt 0.552044 0.169228
vt 0.548887 0.176947
vt 0.551215 0.177040
vt 0.547843 0.184712
vt 0.550145 0.184841
vt 0.546128 0.192356
vt 0.548726 0.192488
vt 0.536801 0.215947
vt 0.538650 0.217836
vt 0.532009 0.223649
vt 0.533720 0.225770
vt 0.521864 0.238890
vt 0.525797 0.233219
vt 0.529739 0.237005
vt 0.525657 0.240770
vt 0.538215 0.239258
vt 0.534903 0.241454
vt 0.533501 0.233256
vt 0.515054 0.241356
vt 0.520124 0.236882
vt 0.516508 0.243412
vt 0.508727 0.244931
vt 0.509943 0.247400
vt 0.554300 0.198832
vt 0.551995 0.198448
vt 0.559546 0.169357
vt 0.558294 0.179876
vt 0.556084 0.179801
vt 0.557351 0.169405
vt 0.556909 0.188516
vt 0.554716 0.188312
vt 0.543509 0.222347
vt 0.542012 0.220316
vt 0.539504 0.229624
vt 0.537576 0.227591
vt 0.529753 0.229059
vt 0.522222 0.227821
vt 0.525846 0.225669
vt 0.526837 0.242766
vt 0.520934 0.247879
vt 0.519936 0.245613
vt 0.512603 0.252814
vt 0.511894 0.250448
vt 0.522694 0.233172
vt 0.536779 0.233267
vt 0.539670 0.237135
vt 0.495461 0.248318
vt 0.493388 0.251591
vt 0.493033 0.254006
vt 0.496306 0.245971
vt 0.503480 0.248809
vt 0.503312 0.252434
vt 0.503399 0.254846
vt 0.503894 0.246337
vt 0.451136 0.263154
vt 0.453988 0.256117
vt 0.456444 0.256533
vt 0.453122 0.264752
vt 0.446651 0.257058
vt 0.449937 0.249796
vt 0.451419 0.251892
vt 0.448197 0.258913
vt 0.447564 0.296526
vt 0.445194 0.296497
vt 0.448280 0.288801
vt 0.445964 0.288722
vt 0.449387 0.281056
vt 0.446992 0.280953
vt 0.450921 0.273439
vt 0.448339 0.273324
vt 0.460094 0.249848
vt 0.458233 0.247975
vt 0.464810 0.242096
vt 0.463069 0.240035
vt 0.481735 0.224258
vt 0.476442 0.228769
vt 0.474720 0.226761
vt 0.480278 0.222214
vt 0.489096 0.219916
vt 0.487812 0.217729
vt 0.442743 0.267054
vt 0.445040 0.267418
vt 0.437724 0.296548
vt 0.438900 0.286009
vt 0.441104 0.286003
vt 0.439912 0.296357
vt 0.440224 0.277350
vt 0.442410 0.277523
vt 0.454880 0.245531
vt 0.459250 0.237767
vt 0.467154 0.225762
vt 0.469751 0.223037
vt 0.470858 0.225262
vt 0.466992 0.228778
vt 0.475552 0.217828
vt 0.476578 0.220059
vt 0.484939 0.212243
vt 0.485383 0.214645
vt 0.550868 0.297956
vt 0.553241 0.297907
vt 0.550098 0.290212
vt 0.552417 0.290118
vt 0.549045 0.282475
vt 0.551342 0.282331
vt 0.547289 0.274879
vt 0.549702 0.274695
vt 0.544045 0.264858
vt 0.546191 0.263771
vt 0.538051 0.251196
vt 0.539911 0.249335
vt 0.543539 0.257407
vt 0.541041 0.257833
vt 0.533195 0.243524
vt 0.529732 0.240423
vt 0.516217 0.225818
vt 0.517727 0.223725
vt 0.520470 0.229797
vt 0.510156 0.221617
vt 0.510700 0.219325
vt 0.555639 0.268384
vt 0.553265 0.268751
vt 0.549713 0.260109
vt 0.551468 0.258283
vt 0.560724 0.297920
vt 0.558529 0.297736
vt 0.557269 0.287366
vt 0.559479 0.287374
vt 0.555925 0.278877
vt 0.558116 0.278711
vt 0.547562 0.250034
vt 0.546642 0.253142
vt 0.543116 0.246858
vt 0.544589 0.244814
vt 0.526934 0.223405
vt 0.521187 0.221474
vt 0.522244 0.219229
vt 0.514204 0.216397
vt 0.515065 0.214097
vt 0.529815 0.226133
vt 0.488061 0.228473
vt 0.492885 0.226370
vt 0.494152 0.228436
vt 0.490659 0.229808
vt 0.505042 0.212865
vt 0.505638 0.210533
vt 0.495466 0.212218
vt 0.495760 0.209769
vt 0.495000 0.216300
vt 0.496016 0.218586
vt 0.503321 0.216386
vt 0.503025 0.218720
vt 0.497699 0.225889
vt 0.502511 0.226339
vt 0.501293 0.228408
vt 0.497721 0.228131
vt 0.507349 0.228358
vt 0.504810 0.229734
vt 0.462372 0.232258
vt 0.473802 0.232228
vt 0.470631 0.232195
vt 0.467187 0.239425
vt 0.467057 0.236090
vt 0.554828 0.233256
vt 0.556818 0.233208
vt 0.557638 0.234693
vt 0.556067 0.235674
vt 0.549980 0.241259
vt 0.551378 0.242570
vt 0.551295 0.244502
vt 0.549449 0.244712
vt 0.553153 0.240544
vt 0.553191 0.242323
vt 0.554655 0.240834
vt 0.557848 0.236944
vt 0.559627 0.237334
vt 0.556100 0.241739
vt 0.557319 0.243109
vt 0.561579 0.237222
vt 0.563592 0.236083
vt 0.558313 0.245143
vt 0.554123 0.242593
vt 0.552399 0.243512
vt 0.553289 0.246999
vt 0.554639 0.245573
vt 0.555856 0.246685
vt 0.554220 0.247388
vt 0.551799 0.245526
vt 0.553457 0.244495
vt 0.552405 0.246312
vt 0.555799 0.243972
vt 0.554996 0.243116
vt 0.560847 0.235440
vt 0.561120 0.233233
vt 0.562517 0.233258
vt 0.561926 0.234994
vt 0.558668 0.235275
vt 0.558291 0.233204
vt 0.559765 0.233229
vt 0.559727 0.235471
vt 0.556432 0.245075
vt 0.554385 0.249315
vt 0.557112 0.247835
vt 0.550221 0.246264
vt 0.551128 0.247529
vt 0.552599 0.248562
vt 0.564519 0.233216
vt 0.556103 0.230588
vt 0.557630 0.231735
vt 0.550106 0.225366
vt 0.549512 0.221960
vt 0.551349 0.222119
vt 0.551468 0.224030
vt 0.553229 0.225912
vt 0.553235 0.224230
vt 0.554717 0.225686
vt 0.557860 0.229501
vt 0.556160 0.224697
vt 0.559610 0.229118
vt 0.557367 0.223377
vt 0.561509 0.229214
vt 0.558378 0.221619
vt 0.563437 0.229910
vt 0.554132 0.223963
vt 0.552458 0.223081
vt 0.553319 0.219536
vt 0.554304 0.219089
vt 0.555954 0.219987
vt 0.554699 0.221034
vt 0.551840 0.221092
vt 0.552410 0.220254
vt 0.553506 0.222100
vt 0.555814 0.222674
vt 0.555011 0.223506
vt 0.560864 0.230969
vt 0.562005 0.231401
vt 0.558667 0.231153
vt 0.559728 0.230953
vt 0.556475 0.221599
vt 0.554399 0.217074
vt 0.557221 0.218514
vt 0.550272 0.220248
vt 0.551197 0.219004
vt 0.552631 0.217971
vt 0.507510 0.289467
vt 0.510338 0.286938
vt 0.502069 0.284263
vt 0.504465 0.281221
vt 0.518755 0.294170
vt 0.522427 0.294317
vt 0.514788 0.284895
vt 0.518036 0.283420
vt 0.507411 0.277307
vt 0.509714 0.274417
vt 0.499285 0.275586
vt 0.499583 0.271812
vt 0.499176 0.280302
vt 0.499367 0.283775
vt 0.504230 0.303686
vt 0.502629 0.304506
vt 0.499513 0.300012
vt 0.502636 0.300988
vt 0.501610 0.302626
vt 0.499533 0.301892
vt 0.499551 0.304188
vt 0.494906 0.303780
vt 0.496512 0.304580
vt 0.496510 0.301060
vt 0.497541 0.302678
vn 0.5217 -0.2856 0.8039
vn -0.2410 0.4394 0.8653
vn -0.1997 0.4714 0.8590
vn 0.4579 0.0131 0.8889
vn 0.3192 -0.5276 0.7872
vn 0.1439 -0.5046 0.8513
vn -0.2629 0.4480 0.8545
vn 0.0000 1.0000 0.0000
vn 0.0000 0.5797 0.8148
vn 0.0000 -0.5675 0.8234
vn 0.0000 -1.0000 0.0000
vn -0.2307 -0.2899 0.9288
vn -0.2649 0.4376 0.8592
vn -0.1156 -0.5425 0.8320
vn 0.2629 0.4480 0.8545
vn 0.2633 0.4344 0.8613
vn 0.2202 -0.2323 0.9474
vn 0.0020 -0.3711 0.9286
vn -0.0078 0.5754 0.8178
vn -0.1192 -0.3750 0.9193
vn -0.1296 -0.4677 0.8743
vn -0.3493 -0.3271 0.8780
vn -0.2460 -0.2038 0.9476
vn -0.0436 -0.4740 0.8795
vn 0.0000 0.0000 1.0000
vn 0.3232 -0.3362 0.8846
vn 0.4350 -0.4200 0.7964
vn -0.0026 -0.6114 0.7913
vn -0.4585 -0.0068 0.8886
vn 0.1670 -0.6349 0.7543
vn -0.4924 -0.5253 0.6940
vn -0.3165 -0.0037 0.9485
vn -0.5388 0.0591 0.8403
vn -0.6713 0.0937 0.7352
vn -0.0397 -0.4320 0.9010
vn -0.2416 0.1977 0.9500
vn -0.3515 0.3240 0.8783
vn -0.1225 0.4684 0.8749
vn -0.1143 0.3747 0.9200
vn -0.0367 0.4709 0.8814
vn 0.0342 -0.4772 0.8781
vn 0.0172 -0.4592 0.8881
vn 0.0166 -0.4416 0.8970
vn 0.0321 -0.4614 0.8866
vn 0.0557 -0.4910 0.8694
vn 0.0546 -0.4856 0.8724
vn 0.0844 -0.4983 0.8629
vn 0.0782 -0.4796 0.8740
vn 0.1275 -0.4806 0.8676
vn 0.1168 -0.4611 0.8796
vn 0.1658 -0.4613 0.8716
vn 0.1610 -0.4381 0.8844
vn 0.2151 -0.4165 0.8833
vn 0.1861 -0.4285 0.8842
vn 0.1831 -0.4257 0.8861
vn 0.2087 -0.3785 0.9017
vn -0.0808 0.4527 0.8880
vn -0.0000 0.4483 0.8938
vn 0.0000 0.4201 0.9075
vn -0.0943 0.3769 0.9214
vn 0.2555 -0.3755 0.8909
vn 0.2511 -0.3597 0.8986
vn -0.2871 -0.3753 0.8813
vn -0.4612 -0.2363 0.8552
vn -0.3260 -0.2187 0.9197
vn -0.2048 -0.3260 0.9229
vn -0.1176 -0.4222 0.8988
vn -0.0834 -0.3514 0.9325
vn 0.3630 -0.2508 0.8974
vn 0.3177 -0.3190 0.8929
vn 0.2910 -0.2844 0.9134
vn 0.3339 -0.2307 0.9139
vn -0.0000 -0.4093 0.9124
vn -0.0000 -0.3774 0.9260
vn 0.4203 -0.1722 0.8908
vn 0.3653 -0.1587 0.9172
vn -0.1447 0.4761 0.8674
vn -0.1969 0.4735 0.8585
vn -0.1638 0.5080 0.8456
vn 0.3526 0.2123 0.9113
vn 0.2581 0.3594 0.8968
vn 0.2795 0.4356 0.8556
vn 0.4580 0.2804 0.8436
vn -0.0456 0.5576 0.8288
vn -0.0737 0.5554 0.8283
vn -0.0767 0.5601 0.8249
vn -0.0502 0.5763 0.8157
vn 0.1242 0.4224 0.8979
vn 0.1342 0.5006 0.8552
vn -0.0947 0.5365 0.8385
vn -0.1067 0.5476 0.8299
vn 0.0000 0.4525 0.8917
vn 0.0000 0.5029 0.8643
vn -0.2615 0.4457 0.8561
vn -0.2283 0.4861 0.8435
vn -0.2669 0.4465 0.8541
vn -0.3548 0.3176 0.8793
vn -0.3622 0.2618 0.8946
vn -0.3946 0.3023 0.8677
vn -0.3453 0.3061 0.8871
vn -0.3966 0.1734 0.9014
vn -0.4444 0.2011 0.8730
vn 0.0000 -0.5834 0.8121
vn 0.0000 -0.5834 0.8122
vn 0.0000 0.5529 0.8332
vn -0.6095 0.2612 0.7485
vn 0.4886 -0.2004 0.8491
vn -0.4486 0.3366 0.8279
vn 0.4820 -0.0540 0.8744
vn -0.3807 0.5109 0.7707
vn 0.4435 0.1134 0.8890
vn -0.0139 0.4411 0.8973
vn 0.2540 0.3116 0.9156
vn 0.0000 0.1809 0.9835
vn 0.0000 -0.1663 0.9861
vn -0.6145 0.2633 0.7437
vn 0.5477 -0.3050 0.7790
vn 0.6817 -0.0009 0.7316
vn 0.4525 0.4733 0.7558
vn 0.3226 -0.5329 0.7823
vn 0.4322 -0.4595 0.7759
vn -0.4014 0.5252 0.7504
vn -0.5398 0.4030 0.7391
vn 0.5433 0.1272 0.8299
vn 0.3939 0.4603 0.7956
vn 0.0002 0.5798 0.8148
vn 0.5473 -0.2193 0.8076
vn 0.5508 -0.0672 0.8319
vn -0.1141 0.6927 0.7121
vn -0.0262 0.5941 0.8039
vn -0.0340 0.4353 0.8996
vn -0.4575 -0.2812 0.8436
vn -0.5351 -0.0188 0.8445
vn -0.4134 -0.0027 0.9105
vn -0.3522 -0.2130 0.9113
vn 0.3256 0.2193 0.9197
vn 0.4022 0.0199 0.9153
vn 0.4608 0.2372 0.8552
vn 0.5132 0.0230 0.8579
vn 0.4292 -0.2082 0.8789
vn 0.2890 -0.1720 0.9417
vn 0.3351 0.3533 0.8734
vn 0.3713 -0.3648 0.8538
vn 0.0002 0.4493 0.8934
vn -0.0253 0.5734 0.8189
vn -0.3928 -0.0944 0.9147
vn -0.4660 -0.0851 0.8806
vn -0.4748 0.0035 0.8801
vn -0.4394 0.0030 0.8983
vn -0.4733 0.2684 0.8390
vn -0.3355 0.2173 0.9166
vn -0.2730 0.4468 0.8519
vn 0.1937 -0.2982 0.9346
vn -0.1200 0.5000 0.8576
vn 0.0943 -0.3764 0.9216
vn -0.0369 0.4988 0.8659
vn 0.0257 -0.4209 0.9067
vn -0.3928 0.0996 0.9142
vn -0.4653 0.0919 0.8803
vn -0.3633 0.2638 0.8936
vn -0.1983 0.2012 0.9593
vn -0.2150 0.3801 0.8996
vn 0.0027 -0.2303 0.9731
vn 0.0074 -0.3959 0.9182
vn -0.3613 -0.2651 0.8939
vn -0.1913 -0.1974 0.9615
vn -0.0826 0.4408 0.8938
vn -0.0344 0.4647 0.8848
vn -0.4350 -0.4212 0.7958
vn -0.3229 -0.3369 0.8845
vn 0.2281 -0.3782 0.8972
vn 0.4341 -0.5240 0.7328
vn -0.1708 -0.6480 0.7422
vn 0.0805 -0.4533 0.8877
vn 0.5150 0.0476 0.8558
vn 0.6144 0.0708 0.7858
vn -0.1318 -0.5018 0.8549
vn -0.0497 -0.5010 0.8640
vn 0.0260 0.3787 0.9251
vn 0.0817 0.3511 0.9327
vn -0.2787 -0.4361 0.8556
vn 0.2042 0.3264 0.9229
vn 0.5159 0.2174 0.8285
vn -0.4887 -0.1794 0.8538
vn -0.5386 -0.0402 0.8415
vn 0.4352 0.3342 0.8360
vn 0.3597 0.4509 0.8169
vn -0.4968 0.1114 0.8607
vn -0.2579 0.2979 0.9191
vn 0.0474 0.4369 0.8983
vn 0.5572 0.2416 0.7944
vn -0.5567 -0.3262 0.7639
vn -0.4693 0.4918 0.7334
vn -0.7029 0.0172 0.7111
vn -0.3288 -0.5496 0.7680
vn -0.4520 -0.4743 0.7554
vn 0.3833 0.4801 0.7890
vn 0.4934 0.3877 0.7786
vn -0.5864 0.1148 0.8018
vn -0.4185 0.4512 0.7882
vn -0.5667 -0.1994 0.7994
vn -0.5904 -0.0464 0.8058
vn -0.0074 0.3956 0.9184
vn 0.0648 0.6803 0.7300
vn -0.1221 -0.4222 0.8982
vn -0.0451 -0.4542 0.8897
vn -0.2574 -0.3598 0.8968
vn 0.0280 0.4077 0.9127
vn 0.1159 0.4230 0.8986
vn 0.2863 0.3759 0.8813
vn 0.0274 -0.4483 0.8935
vn -0.4911 0.0251 0.8707
vn -0.3381 0.3748 0.8632
vn -0.3095 -0.5202 0.7959
vn -0.4031 -0.4180 0.8141
vn -0.5064 -0.2868 0.8132
vn -0.0027 0.2296 0.9733
vn 0.1508 0.4225 0.8937
vn 0.1470 0.4581 0.8766
vn 0.2132 0.4250 0.8797
vn 0.1935 0.4053 0.8935
vn -0.2154 -0.4941 0.8423
vn -0.2122 -0.5145 0.8308
vn -0.2451 -0.4836 0.8403
vn -0.2442 -0.4444 0.8618
vn 0.0361 0.4777 0.8777
vn 0.0338 0.4597 0.8874
vn 0.0161 0.4426 0.8965
vn 0.0167 0.4596 0.8879
vn 0.0600 0.4905 0.8694
vn 0.0589 0.4851 0.8724
vn 0.0822 0.4870 0.8695
vn 0.0777 0.4738 0.8772
vn 0.1071 0.4558 0.8836
vn 0.1013 0.4443 0.8901
vn 0.2320 0.3940 0.8893
vn 0.2283 0.3807 0.8961
vn 0.2850 0.3706 0.8839
vn 0.2659 0.3267 0.9069
vn 0.2761 0.2882 0.9169
vn -0.3605 -0.3361 0.8701
vn -0.1902 -0.0053 0.9817
vn 0.0068 0.2412 0.9704
vn 0.2970 -0.4203 0.8574
vn 0.0026 -0.2249 0.9744
vn -0.2574 0.3015 0.9180
vn 0.3576 0.2503 0.8997
vn 0.3255 0.2274 0.9178
vn 0.3055 0.3329 0.8921
vn 0.4122 0.1565 0.8975
vn 0.3492 0.1380 0.9268
vn -0.1551 -0.4988 0.8527
vn -0.1707 -0.5270 0.8325
vn -0.0459 -0.5542 0.8311
vn -0.0508 -0.5743 0.8170
vn -0.0786 -0.5491 0.8320
vn -0.0770 -0.5442 0.8354
vn -0.1113 -0.5435 0.8320
vn -0.1035 -0.5232 0.8459
vn -0.2579 -0.4344 0.8630
vn -0.2539 -0.4298 0.8665
vn -0.2631 -0.3929 0.8811
vn -0.2475 -0.3530 0.9022
vn 0.2048 -0.0108 0.9787
vn -0.2629 0.3047 0.9154
vn 0.3425 -0.3540 0.8702
vn -0.3574 -0.3294 0.8739
vn -0.4040 -0.3004 0.8640
vn -0.3715 -0.2618 0.8907
vn -0.4632 -0.1848 0.8667
vn -0.3970 -0.1499 0.9055
vn -0.0246 -0.5926 0.8050
vn 0.0086 0.4929 0.8700
vn 0.2853 -0.3785 0.8805
vn 0.0235 -0.5114 0.8590
vn -0.0237 -0.5732 0.8191
vn -0.4707 0.0975 0.8769
vn 0.4033 -0.0761 0.9119
vn -0.4266 0.0859 0.9003
vn 0.4495 -0.0742 0.8901
vn -0.4920 -0.0282 0.8701
vn 0.3999 0.0192 0.9163
vn -0.4202 -0.0212 0.9072
vn 0.4636 0.0456 0.8848
vn -0.1470 -0.4238 0.8937
vn -0.1430 -0.4594 0.8766
vn -0.2094 -0.4268 0.8797
vn -0.1899 -0.4069 0.8935
vn 0.2111 0.4960 0.8423
vn 0.2076 0.5163 0.8308
vn 0.2408 0.4857 0.8403
vn 0.2403 0.4465 0.8619
vn -0.0327 -0.4776 0.8780
vn -0.0306 -0.4604 0.8871
vn 0.0000 -0.4437 0.8961
vn 0.0000 -0.4584 0.8887
vn -0.0580 -0.4859 0.8720
vn -0.0564 -0.4787 0.8761
vn -0.0746 -0.4688 0.8801
vn -0.0717 -0.4607 0.8846
vn -0.1000 -0.4537 0.8855
vn -0.0931 -0.4382 0.8940
vn -0.2285 -0.3959 0.8894
vn -0.2250 -0.3826 0.8961
vn -0.2689 -0.3700 0.8892
vn -0.2522 -0.3303 0.9095
vn -0.3630 -0.2508 0.8974
vn -0.3339 -0.2307 0.9139
vn -0.2854 -0.2835 0.9155
vn -0.3139 -0.3218 0.8932
vn -0.4462 -0.1505 0.8822
vn -0.3636 -0.1381 0.9212
vn 0.1507 0.5002 0.8527
vn 0.1661 0.5286 0.8324
vn 0.0416 0.5569 0.8295
vn 0.0478 0.5749 0.8168
vn 0.0738 0.5512 0.8310
vn 0.0721 0.5465 0.8343
vn 0.1066 0.5450 0.8316
vn 0.0988 0.5247 0.8455
vn 0.2616 0.4462 0.8558
vn 0.2661 0.4449 0.8551
vn 0.5300 0.0038 0.8480
vn 0.1767 -0.0064 0.9842
vn 0.3484 0.3641 0.8637
vn 0.3351 0.3359 0.8802
vn 0.4007 0.3046 0.8641
vn 0.3682 0.2638 0.8915
vn 0.4731 0.1965 0.8588
vn 0.4119 0.1512 0.8986
vn 0.0000 0.5925 0.8056
vn 0.0000 0.5751 0.8181
vn -0.0305 0.4772 0.8782
vn 0.0000 0.4576 0.8892
vn 0.0000 0.4429 0.8965
vn -0.0287 0.4621 0.8864
vn -0.0513 0.4914 0.8694
vn -0.0503 0.4861 0.8724
vn -0.0799 0.4990 0.8629
vn -0.0739 0.4803 0.8740
vn -0.1232 0.4817 0.8676
vn -0.1127 0.4621 0.8796
vn -0.1617 0.4627 0.8716
vn -0.1571 0.4395 0.8844
vn -0.2114 0.4183 0.8833
vn -0.1823 0.4301 0.8842
vn -0.1794 0.4273 0.8861
vn -0.2054 0.3803 0.9017
vn -0.2888 0.3594 0.8874
vn -0.4924 -0.0248 0.8700
vn -0.3546 0.2859 0.8902
vn -0.2881 0.3503 0.8912
vn -0.3283 0.2624 0.9074
vn -0.4294 0.2408 0.8704
vn -0.3977 0.2063 0.8940
vn 0.1410 -0.4735 0.8694
vn 0.1955 -0.4731 0.8590
vn 0.1927 -0.4752 0.8585
vn 0.1595 -0.5050 0.8482
vn 0.0399 -0.5582 0.8287
vn 0.0673 -0.5473 0.8342
vn 0.0689 -0.5520 0.8309
vn 0.0455 -0.5735 0.8179
vn 0.0918 -0.5226 0.8476
vn 0.0988 -0.5404 0.8356
vn 0.2371 -0.4415 0.8654
vn 0.2661 -0.4348 0.8603
vn 0.2660 -0.4459 0.8546
vn 0.2241 -0.4881 0.8435
vn 0.3351 -0.3370 0.8798
vn 0.3558 -0.2982 0.8857
vn 0.3706 -0.3211 0.8715
vn 0.3769 -0.2080 0.9026
vn 0.4278 -0.2497 0.8686
vn 0.0000 -0.5939 0.8045
vn 0.5371 -0.0034 0.8435
vn 0.0000 -0.5757 0.8177
vn 0.1915 0.1973 0.9614
vn 0.3614 0.2648 0.8940
vn 0.4660 0.0851 0.8806
vn 0.3929 0.0944 0.9147
vn 0.4115 -0.0971 0.9062
vn 0.4788 -0.1103 0.8709
vn 0.4309 0.0215 0.9021
vn 0.5002 0.0438 0.8648
vn -0.4770 -0.0275 0.8784
vn -0.4300 -0.0411 0.9019
vn -0.4987 0.1077 0.8601
vn -0.4131 0.0819 0.9070
vn 0.4394 -0.0030 0.8983
vn 0.4748 -0.0035 0.8801
vn 0.4653 -0.0919 0.8803
vn 0.3928 -0.0996 0.9142
vn 0.1981 -0.2012 0.9593
vn 0.3632 -0.2640 0.8935
vn 0.0036 0.3174 0.9483
vn -0.0007 -0.2205 0.9754
vn 0.0139 -0.4965 0.8679
vn -0.1834 -0.0064 0.9830
vn -0.4850 -0.0421 0.8735
vn -0.0041 0.3688 0.9295
vn -0.3348 0.3683 0.8673
vn -0.4421 0.4362 0.7837
vn -0.0028 0.6156 0.7880
vn 0.2281 0.2500 0.9410
vn -0.1285 0.5271 0.8400
vn -0.1757 0.6453 0.7434
vn 0.4711 0.5195 0.7128
vn 0.5612 -0.0380 0.8268
vn 0.6445 -0.0536 0.7627
vn 0.5054 -0.2105 0.8368
vn -0.4783 0.1923 0.8568
vn 0.4501 -0.3716 0.8119
vn -0.5384 0.0427 0.8416
vn 0.3703 -0.4706 0.8009
vn -0.4884 -0.1216 0.8641
vn 0.0356 -0.4404 0.8971
vn -0.2663 -0.3280 0.9063
vn 0.5709 -0.2485 0.7825
vn -0.5536 0.3585 0.7517
vn -0.6866 0.0204 0.7267
vn -0.4519 -0.4811 0.7512
vn -0.3449 0.5511 0.7598
vn -0.4651 0.4888 0.7381
vn 0.3973 -0.4971 0.7713
vn 0.5007 -0.4136 0.7603
vn -0.5891 -0.1286 0.7977
vn -0.4302 -0.4619 0.7756
vn -0.0104 -0.5796 0.8148
vn -0.5660 0.2185 0.7949
vn -0.5901 0.0490 0.8058
vn 0.0825 -0.6826 0.7261
vn -0.4519 -0.0024 0.8921
vn -0.3314 -0.3546 0.8743
vn -0.3286 0.5324 0.7801
vn -0.4122 0.4373 0.7992
vn -0.5190 0.3311 0.7880
vn -0.0073 -0.4490 0.8935
vn 0.4370 0.4192 0.7958
vn 0.3245 0.3354 0.8844
vn -0.2277 0.2423 0.9431
vn -0.4917 0.5182 0.6997
vn 0.1726 0.6424 0.7466
vn 0.1285 0.5300 0.8382
vn -0.6167 -0.0430 0.7860
vn -0.6805 -0.0549 0.7307
vn -0.5318 -0.2161 0.8188
vn 0.4895 0.1772 0.8538
vn 0.5388 0.0378 0.8415
vn -0.4799 -0.4053 0.7781
vn -0.4079 -0.4897 0.7705
vn 0.5069 -0.0979 0.8564
vn 0.2464 -0.2628 0.9328
vn -0.0530 -0.4341 0.8993
vn -0.6100 -0.2553 0.7501
vn 0.5246 0.3512 0.7755
vn 0.4059 -0.4794 0.7781
vn 0.6357 0.0319 0.7712
vn 0.3362 0.5413 0.7707
vn 0.4542 0.4722 0.7554
vn -0.4330 -0.5060 0.7459
vn -0.5304 -0.4359 0.7271
vn 0.5828 -0.0980 0.8067
vn 0.4048 -0.4386 0.8023
vn 0.5676 0.1968 0.7994
vn 0.5906 0.0436 0.8058
vn -0.1159 -0.6813 0.7228
vn 0.3916 0.0031 0.9201
vn 0.3052 -0.3256 0.8948
vn 0.3193 0.5166 0.7944
vn 0.4051 0.4161 0.8141
vn 0.4984 0.3277 0.8026
vn -0.2273 0.3787 0.8972
vn -0.1931 0.2986 0.9346
vn -0.4288 0.2091 0.8789
vn -0.2886 0.1726 0.9417
vn 0.0000 -0.4646 0.8855
vn 0.0831 -0.4415 0.8934
vn 0.1199 -0.4996 0.8578
vn 0.0000 -0.5000 0.8660
vn 0.2142 -0.3805 0.8996
vn 0.2721 -0.4473 0.8519
vn 0.3351 -0.2179 0.9166
vn 0.4727 -0.2693 0.8390
vn 0.5352 0.0178 0.8445
vn 0.4134 0.0020 0.9105
vn -0.4023 -0.0191 0.9153
vn -0.5132 -0.0221 0.8579
vn 0.1178 -0.3763 0.9189
vn 0.1271 -0.4645 0.8764
vn 0.0008 -0.4746 0.8802
vn 0.0007 -0.4303 0.9026
vn 0.3165 0.0031 0.9485
vn 0.4585 0.0060 0.8886
vn 0.3509 -0.3247 0.8783
vn 0.2412 -0.1982 0.9500
vn 0.0002 0.4252 0.9051
vn 0.0003 0.4791 0.8777
vn 0.1364 0.4628 0.8759
vn 0.1247 0.3762 0.9181
vn 0.2465 0.2033 0.9476
vn 0.3499 0.3264 0.8780
vn 0.4579 0.0132 0.8889
vn 0.3192 -0.5277 0.7872
vn -0.2630 0.4480 0.8545
vn 0.0000 0.5858 0.8104
vn 0.0000 -0.4744 0.8803
vn 0.0000 -0.4324 0.9017
vn 0.0000 0.4713 0.8820
vn 0.0000 -0.4592 0.8883
vn 0.0000 -0.4416 0.8972
vn -0.0284 0.4489 0.8931
vn -0.0266 0.4199 0.9072
vn -0.0309 -0.4091 0.9120
vn -0.0284 -0.3772 0.9257
vn -0.0767 0.5601 0.8248
vn 0.0483 0.4519 0.8907
vn 0.0537 0.5022 0.8630
vn -0.6095 0.2611 0.7485
vn 0.0000 -0.1662 0.9861
vn 0.0000 -0.1686 0.9857
vn -0.6145 0.2632 0.7437
vn 0.3939 0.4604 0.7955
vn 0.0000 0.5943 0.8042
vn 0.0000 0.4356 0.9001
vn 0.0000 0.5736 0.8191
vn 0.0000 0.4991 0.8665
vn 0.0000 -0.4210 0.9070
vn 0.0000 0.4650 0.8853
vn -0.3229 -0.3369 0.8844
vn 0.5150 0.0476 0.8559
vn 0.0000 -0.5016 0.8651
vn 0.0000 0.3789 0.9254
vn -0.4694 0.4918 0.7334
vn -0.4520 -0.4744 0.7554
vn -0.5904 -0.0463 0.8058
vn 0.0000 -0.4547 0.8906
vn 0.0000 0.4079 0.9130
vn 0.0000 -0.4484 0.8938
vn -0.5064 -0.2867 0.8132
vn 0.0000 0.4427 0.8966
vn 0.0000 0.4597 0.8881
vn 0.2760 0.2882 0.9169
vn 0.3055 0.3328 0.8921
vn 0.0000 -0.5928 0.8053
vn 0.0000 -0.5734 0.8193
vn 0.4495 -0.0742 0.8902
vn -0.4919 -0.0282 0.8701
vn -0.0139 -0.4437 0.8961
vn -0.0144 -0.4584 0.8886
vn -0.2522 -0.3302 0.9095
vn 0.0220 0.5924 0.8054
vn 0.0214 0.5749 0.8179
vn -0.0143 0.4583 0.8886
vn -0.0138 0.4409 0.8974
vn -0.0287 0.4621 0.8863
vn -0.2887 0.3594 0.8874
vn 0.0398 -0.5582 0.8287
vn 0.0454 -0.5736 0.8179
vn 0.0230 -0.5957 0.8029
vn 0.0222 -0.5752 0.8177
vn 0.3928 0.0944 0.9147
vn -0.4849 -0.0421 0.8735
vn 0.4712 0.5195 0.7128
vn -0.5384 0.0427 0.8415
vn -0.5536 0.3585 0.7516
vn -0.4651 0.4888 0.7380
vn -0.4519 -0.0024 0.8920
vn 0.5388 0.0378 0.8416
vn -0.1159 -0.6813 0.7227
vn 0.3052 -0.3257 0.8948
vn 0.0356 -0.4643 0.8849
vn 0.0383 -0.4996 0.8654
vn 0.0466 -0.4736 0.8795
vn 0.0422 -0.4289 0.9023
vn 0.0504 0.4244 0.9040
vn 0.0569 0.4792 0.8758
vn 0.2464 0.2033 0.9476
vn -0.5217 -0.2856 0.8039
vn -0.4579 0.0131 0.8889
vn 0.1997 0.4714 0.8590
vn 0.2410 0.4394 0.8653
vn -0.3192 -0.5276 0.7872
vn -0.1439 -0.5046 0.8513
vn 0.2649 0.4376 0.8592
vn 0.2307 -0.2899 0.9288
vn 0.1156 -0.5425 0.8320
vn -0.2202 -0.2323 0.9474
vn -0.2633 0.4344 0.8613
vn -0.0020 -0.3711 0.9286
vn 0.0078 0.5754 0.8178
vn 0.1192 -0.3750 0.9193
vn 0.2460 -0.2038 0.9476
vn 0.3493 -0.3271 0.8780
vn 0.1296 -0.4677 0.8743
vn 0.0026 -0.6114 0.7913
vn -0.4350 -0.4200 0.7964
vn -0.3232 -0.3362 0.8846
vn 0.4585 -0.0068 0.8886
vn 0.4924 -0.5253 0.6940
vn -0.1670 -0.6349 0.7543
vn 0.3165 -0.0037 0.9485
vn 0.5388 0.0591 0.8403
vn 0.6713 0.0937 0.7352
vn 0.2416 0.1977 0.9500
vn 0.1143 0.3747 0.9200
vn 0.1225 0.4684 0.8749
vn 0.3515 0.3240 0.8783
vn -0.0342 -0.4772 0.8781
vn -0.0321 -0.4614 0.8866
vn -0.0557 -0.4910 0.8694
vn -0.0546 -0.4856 0.8724
vn -0.0844 -0.4983 0.8629
vn -0.0782 -0.4796 0.8740
vn -0.1275 -0.4806 0.8676
vn -0.1168 -0.4611 0.8796
vn -0.1658 -0.4613 0.8716
vn -0.1610 -0.4381 0.8844
vn -0.2151 -0.4165 0.8833
vn -0.2087 -0.3785 0.9017
vn -0.1831 -0.4257 0.8861
vn -0.1861 -0.4285 0.8842
vn 0.0808 0.4527 0.8880
vn 0.0942 0.3768 0.9214
vn -0.2555 -0.3755 0.8909
vn -0.2511 -0.3597 0.8986
vn 0.2871 -0.3753 0.8813
vn 0.2048 -0.3260 0.9229
vn 0.3260 -0.2187 0.9197
vn 0.4612 -0.2363 0.8552
vn 0.1176 -0.4222 0.8988
vn 0.0834 -0.3514 0.9325
vn -0.2910 -0.2844 0.9134
vn -0.3177 -0.3190 0.8929
vn -0.4203 -0.1722 0.8908
vn -0.3653 -0.1587 0.9172
vn 0.1447 0.4761 0.8674
vn 0.1638 0.5080 0.8456
vn 0.1969 0.4735 0.8585
vn -0.3526 0.2123 0.9113
vn -0.4580 0.2804 0.8436
vn -0.2795 0.4356 0.8556
vn -0.2581 0.3594 0.8968
vn 0.0456 0.5576 0.8288
vn 0.0502 0.5763 0.8157
vn 0.0767 0.5601 0.8248
vn 0.0737 0.5554 0.8283
vn -0.1342 0.5006 0.8552
vn -0.1241 0.4224 0.8979
vn 0.1067 0.5476 0.8299
vn 0.0947 0.5365 0.8385
vn 0.2283 0.4861 0.8435
vn 0.2615 0.4457 0.8561
vn 0.2669 0.4465 0.8541
vn 0.3548 0.3176 0.8793
vn 0.3453 0.3061 0.8871
vn 0.3946 0.3023 0.8677
vn 0.3622 0.2618 0.8946
vn 0.4444 0.2011 0.8730
vn 0.3966 0.1734 0.9014
vn 0.6095 0.2611 0.7485
vn -0.4886 -0.2004 0.8491
vn -0.4820 -0.0540 0.8744
vn 0.4486 0.3366 0.8279
vn 0.3807 0.5109 0.7707
vn -0.4435 0.1134 0.8890
vn -0.2540 0.3116 0.9156
vn 0.0139 0.4411 0.8973
vn 0.6145 0.2633 0.7437
vn -0.5477 -0.3050 0.7790
vn -0.4525 0.4733 0.7558
vn -0.6817 -0.0009 0.7316
vn -0.3226 -0.5329 0.7823
vn -0.4322 -0.4595 0.7759
vn 0.4014 0.5252 0.7504
vn 0.5398 0.4029 0.7391
vn -0.5433 0.1272 0.8299
vn -0.0002 0.5798 0.8148
vn -0.3939 0.4604 0.7955
vn -0.5473 -0.2193 0.8076
vn -0.5508 -0.0672 0.8319
vn 0.1141 0.6927 0.7121
vn 0.4575 -0.2812 0.8436
vn 0.3522 -0.2130 0.9113
vn 0.4134 -0.0027 0.9105
vn 0.5351 -0.0188 0.8445
vn -0.3256 0.2193 0.9197
vn -0.4022 0.0199 0.9153
vn -0.4608 0.2372 0.8552
vn -0.5132 0.0230 0.8579
vn -0.2890 -0.1720 0.9417
vn -0.4292 -0.2082 0.8789
vn -0.3351 0.3533 0.8734
vn -0.3713 -0.3648 0.8538
vn -0.0002 0.4493 0.8934
vn 0.3929 -0.0944 0.9147
vn 0.4394 0.0030 0.8983
vn 0.4748 0.0035 0.8801
vn 0.4660 -0.0851 0.8806
vn 0.4733 0.2684 0.8390
vn 0.3355 0.2173 0.9166
vn 0.2730 0.4468 0.8519
vn -0.1937 -0.2982 0.9346
vn 0.1200 0.5000 0.8576
vn -0.0943 -0.3764 0.9216
vn 0.3928 0.0996 0.9142
vn 0.1983 0.2012 0.9593
vn 0.3633 0.2638 0.8936
vn 0.4653 0.0919 0.8803
vn 0.2150 0.3801 0.8996
vn -0.0027 -0.2303 0.9731
vn 0.1913 -0.1974 0.9615
vn 0.3613 -0.2651 0.8939
vn -0.0074 -0.3959 0.9182
vn 0.0826 0.4408 0.8938
vn 0.3229 -0.3369 0.8844
vn 0.4350 -0.4212 0.7958
vn -0.2281 -0.3782 0.8972
vn 0.1708 -0.6480 0.7422
vn -0.4341 -0.5240 0.7328
vn -0.0805 -0.4533 0.8877
vn -0.5150 0.0476 0.8558
vn -0.6144 0.0708 0.7858
vn 0.1318 -0.5018 0.8549
vn -0.0817 0.3511 0.9327
vn 0.2787 -0.4361 0.8556
vn -0.2042 0.3264 0.9229
vn -0.5159 0.2174 0.8285
vn 0.4887 -0.1794 0.8538
vn -0.4352 0.3342 0.8360
vn 0.5386 -0.0402 0.8415
vn -0.3597 0.4509 0.8169
vn 0.4968 0.1114 0.8607
vn -0.0474 0.4369 0.8983
vn 0.2579 0.2979 0.9191
vn -0.5572 0.2416 0.7944
vn 0.5567 -0.3262 0.7639
vn 0.7028 0.0172 0.7111
vn 0.4694 0.4918 0.7334
vn 0.3288 -0.5496 0.7680
vn 0.4520 -0.4743 0.7554
vn -0.3833 0.4801 0.7890
vn -0.4934 0.3877 0.7786
vn 0.5864 0.1148 0.8018
vn 0.4185 0.4512 0.7882
vn 0.5667 -0.1994 0.7994
vn 0.5904 -0.0464 0.8058
vn 0.0074 0.3956 0.9184
vn -0.0648 0.6803 0.7300
vn 0.1221 -0.4222 0.8982
vn 0.2574 -0.3598 0.8968
vn -0.1159 0.4230 0.8986
vn -0.2863 0.3759 0.8813
vn 0.4911 0.0251 0.8707
vn 0.3381 0.3748 0.8632
vn 0.3095 -0.5202 0.7959
vn 0.4031 -0.4180 0.8141
vn 0.5064 -0.2867 0.8132
vn 0.0027 0.2296 0.9733
vn -0.1508 0.4225 0.8937
vn -0.1935 0.4053 0.8935
vn -0.2132 0.4250 0.8797
vn -0.1470 0.4581 0.8766
vn 0.2154 -0.4941 0.8423
vn 0.2442 -0.4444 0.8618
vn 0.2451 -0.4836 0.8403
vn 0.2122 -0.5145 0.8308
vn -0.0361 0.4777 0.8777
vn -0.0338 0.4597 0.8874
vn -0.0600 0.4905 0.8694
vn -0.0589 0.4851 0.8724
vn -0.0822 0.4870 0.8695
vn -0.0777 0.4738 0.8772
vn -0.1071 0.4558 0.8836
vn -0.1013 0.4443 0.8901
vn -0.2320 0.3940 0.8893
vn -0.2283 0.3807 0.8961
vn -0.2850 0.3706 0.8839
vn -0.2659 0.3267 0.9069
vn -0.2761 0.2882 0.9169
vn -0.0068 0.2412 0.9704
vn 0.1902 -0.0053 0.9817
vn 0.3605 -0.3361 0.8701
vn -0.2970 -0.4203 0.8574
vn 0.2574 0.3015 0.9180
vn -0.0026 -0.2249 0.9744
vn -0.3576 0.2503 0.8997
vn -0.3055 0.3328 0.8921
vn -0.3255 0.2274 0.9178
vn -0.4122 0.1565 0.8975
vn -0.3492 0.1380 0.9268
vn 0.1551 -0.4988 0.8527
vn 0.1707 -0.5270 0.8325
vn 0.0459 -0.5542 0.8311
vn 0.0770 -0.5442 0.8354
vn 0.0786 -0.5491 0.8320
vn 0.0508 -0.5743 0.8170
vn 0.1035 -0.5232 0.8459
vn 0.1113 -0.5435 0.8320
vn 0.2539 -0.4298 0.8665
vn 0.2579 -0.4344 0.8630
vn 0.2475 -0.3530 0.9022
vn 0.2631 -0.3929 0.8811
vn -0.2048 -0.0108 0.9787
vn 0.2629 0.3047 0.9154
vn -0.3425 -0.3540 0.8702
vn 0.3574 -0.3294 0.8739
vn 0.3715 -0.2618 0.8907
vn 0.4040 -0.3004 0.8640
vn 0.3970 -0.1499 0.9055
vn 0.4632 -0.1848 0.8667
vn -0.0086 0.4929 0.8700
vn -0.0235 -0.5114 0.8590
vn -0.2853 -0.3785 0.8805
vn -0.4033 -0.0761 0.9119
vn 0.4707 0.0975 0.8769
vn 0.4266 0.0859 0.9003
vn -0.4495 -0.0742 0.8902
vn -0.3999 0.0192 0.9163
vn 0.4920 -0.0282 0.8701
vn 0.4202 -0.0212 0.9072
vn -0.4636 0.0456 0.8848
vn 0.1470 -0.4238 0.8937
vn 0.1899 -0.4069 0.8935
vn 0.2094 -0.4268 0.8797
vn 0.1430 -0.4594 0.8766
vn -0.2111 0.4960 0.8423
vn -0.2403 0.4465 0.8619
vn -0.2408 0.4857 0.8403
vn -0.2076 0.5163 0.8308
vn 0.0327 -0.4776 0.8779
vn 0.0306 -0.4604 0.8871
vn 0.0580 -0.4859 0.8720
vn 0.0564 -0.4787 0.8761
vn 0.0746 -0.4688 0.8801
vn 0.0717 -0.4607 0.8846
vn 0.1000 -0.4537 0.8855
vn 0.0931 -0.4382 0.8940
vn 0.2285 -0.3959 0.8894
vn 0.2250 -0.3826 0.8961
vn 0.2689 -0.3700 0.8892
vn 0.2522 -0.3302 0.9095
vn 0.3139 -0.3218 0.8932
vn 0.2854 -0.2835 0.9155
vn 0.4462 -0.1505 0.8822
vn 0.3636 -0.1381 0.9212
vn -0.1507 0.5002 0.8527
vn -0.1661 0.5286 0.8324
vn -0.0415 0.5569 0.8295
vn -0.0721 0.5465 0.8343
vn -0.0738 0.5512 0.8310
vn -0.0478 0.5749 0.8168
vn -0.0988 0.5247 0.8455
vn -0.1066 0.5450 0.8316
vn -0.2616 0.4462 0.8558
vn -0.2661 0.4449 0.8551
vn -0.5300 0.0038 0.8480
vn -0.3351 0.3359 0.8802
vn -0.3484 0.3641 0.8637
vn -0.1767 -0.0064 0.9842
vn -0.3682 0.2638 0.8915
vn -0.4007 0.3046 0.8641
vn -0.4119 0.1512 0.8986
vn -0.4731 0.1965 0.8588
vn 0.0305 0.4772 0.8782
vn 0.0286 0.4620 0.8864
vn 0.0513 0.4914 0.8694
vn 0.0503 0.4861 0.8724
vn 0.0799 0.4990 0.8629
vn 0.0739 0.4803 0.8740
vn 0.1232 0.4817 0.8676
vn 0.1127 0.4621 0.8796
vn 0.1617 0.4627 0.8716
vn 0.1571 0.4395 0.8844
vn 0.2114 0.4183 0.8833
vn 0.2054 0.3803 0.9017
vn 0.1794 0.4272 0.8861
vn 0.1823 0.4301 0.8842
vn 0.2888 0.3594 0.8874
vn 0.4924 -0.0248 0.8700
vn 0.3546 0.2859 0.8902
vn 0.3283 0.2624 0.9074
vn 0.2881 0.3503 0.8912
vn 0.4294 0.2408 0.8704
vn 0.3977 0.2063 0.8939
vn -0.1410 -0.4735 0.8694
vn -0.1595 -0.5050 0.8482
vn -0.1927 -0.4752 0.8585
vn -0.1955 -0.4731 0.8590
vn -0.0399 -0.5582 0.8287
vn -0.0455 -0.5735 0.8179
vn -0.0689 -0.5520 0.8309
vn -0.0673 -0.5473 0.8342
vn -0.0988 -0.5404 0.8356
vn -0.0918 -0.5226 0.8476
vn -0.2371 -0.4415 0.8654
vn -0.2241 -0.4881 0.8435
vn -0.2660 -0.4459 0.8546
vn -0.2661 -0.4348 0.8603
vn -0.3351 -0.3370 0.8798
vn -0.3706 -0.3211 0.8715
vn -0.3558 -0.2982 0.8857
vn -0.4278 -0.2497 0.8686
vn -0.3769 -0.2080 0.9026
vn -0.5371 -0.0034 0.8435
vn -0.1915 0.1973 0.9614
vn -0.3929 0.0944 0.9147
vn -0.4660 0.0851 0.8806
vn -0.3614 0.2648 0.8940
vn -0.4788 -0.1103 0.8709
vn -0.4115 -0.0971 0.9062
vn -0.5002 0.0438 0.8648
vn -0.4309 0.0215 0.9021
vn 0.4300 -0.0411 0.9019
vn 0.4770 -0.0275 0.8784
vn 0.4131 0.0819 0.9070
vn 0.4987 0.1077 0.8600
vn -0.4394 -0.0030 0.8983
vn -0.3928 -0.0996 0.9142
vn -0.4653 -0.0919 0.8803
vn -0.4748 -0.0035 0.8801
vn -0.1981 -0.2012 0.9593
vn -0.3632 -0.2640 0.8935
vn -0.0036 0.3174 0.9483
vn -0.0139 -0.4965 0.8679
vn 0.0007 -0.2205 0.9754
vn 0.4849 -0.0421 0.8735
vn 0.1834 -0.0064 0.9830
vn 0.0041 0.3688 0.9295
vn 0.0028 0.6156 0.7880
vn 0.4421 0.4362 0.7837
vn 0.3348 0.3683 0.8673
vn -0.2281 0.2500 0.9410
vn -0.4712 0.5195 0.7128
vn 0.1757 0.6453 0.7434
vn 0.1285 0.5271 0.8400
vn -0.5612 -0.0380 0.8268
vn -0.6445 -0.0536 0.7627
vn -0.5054 -0.2105 0.8368
vn 0.4783 0.1923 0.8568
vn 0.5384 0.0427 0.8415
vn -0.4501 -0.3716 0.8119
vn -0.3703 -0.4706 0.8009
vn 0.4884 -0.1216 0.8641
vn 0.2663 -0.3280 0.9063
vn -0.0356 -0.4404 0.8971
vn -0.5709 -0.2485 0.7825
vn 0.5536 0.3585 0.7516
vn 0.4519 -0.4811 0.7512
vn 0.6866 0.0204 0.7268
vn 0.3449 0.5511 0.7598
vn 0.4651 0.4888 0.7381
vn -0.3973 -0.4971 0.7713
vn -0.5007 -0.4136 0.7603
vn 0.5891 -0.1286 0.7977
vn 0.0104 -0.5796 0.8148
vn 0.4302 -0.4618 0.7756
vn 0.5661 0.2185 0.7949
vn 0.5901 0.0490 0.8058
vn -0.0825 -0.6826 0.7261
vn 0.4519 -0.0023 0.8920
vn 0.3314 -0.3546 0.8743
vn 0.3286 0.5324 0.7801
vn 0.4122 0.4373 0.7992
vn 0.5190 0.3311 0.7880
vn 0.0073 -0.4490 0.8935
vn -0.3245 0.3354 0.8844
vn -0.4370 0.4192 0.7958
vn 0.2277 0.2423 0.9431
vn -0.1285 0.5300 0.8382
vn -0.1726 0.6424 0.7466
vn 0.4917 0.5182 0.6997
vn 0.6167 -0.0430 0.7860
vn 0.6805 -0.0549 0.7307
vn 0.5318 -0.2161 0.8188
vn -0.4895 0.1772 0.8538
vn 0.4799 -0.4053 0.7781
vn -0.5388 0.0378 0.8415
vn 0.4079 -0.4897 0.7705
vn -0.5069 -0.0979 0.8564
vn 0.0530 -0.4341 0.8993
vn -0.2464 -0.2628 0.9328
vn 0.6100 -0.2553 0.7501
vn -0.5246 0.3512 0.7755
vn -0.6357 0.0319 0.7712
vn -0.4059 -0.4794 0.7781
vn -0.3362 0.5413 0.7707
vn -0.4542 0.4722 0.7554
vn 0.4331 -0.5060 0.7459
vn 0.5304 -0.4359 0.7271
vn -0.5828 -0.0980 0.8067
vn -0.4048 -0.4386 0.8023
vn -0.5676 0.1968 0.7994
vn -0.5906 0.0436 0.8058
vn 0.1159 -0.6813 0.7227
vn -0.3916 0.0031 0.9201
vn -0.3052 -0.3257 0.8948
vn -0.3193 0.5166 0.7944
vn -0.4051 0.4161 0.8141
vn -0.4984 0.3277 0.8026
vn 0.2273 0.3787 0.8972
vn 0.1931 0.2986 0.9346
vn 0.4288 0.2091 0.8789
vn 0.2886 0.1726 0.9417
vn -0.1199 -0.4997 0.8578
vn -0.0830 -0.4414 0.8934
vn -0.2721 -0.4473 0.8519
vn -0.2142 -0.3805 0.8996
vn -0.4727 -0.2693 0.8390
vn -0.3351 -0.2179 0.9166
vn -0.5352 0.0178 0.8445
vn -0.4134 0.0020 0.9105
vn 0.4023 -0.0191 0.9153
vn 0.5132 -0.0221 0.8579
vn -0.1172 -0.3761 0.9191
vn -0.1263 -0.4651 0.8762
vn -0.3165 0.0031 0.9485
vn -0.2412 -0.1982 0.9500
vn -0.3509 -0.3247 0.8783
vn -0.4585 0.0060 0.8886
vn -0.1245 0.3761 0.9181
vn -0.1361 0.4630 0.8758
vn -0.2465 0.2033 0.9476
vn -0.3499 0.3264 0.8780
usemtl None
s 1
f 31/1/1 42/2/2 72/3/3 24/4/4
f 27/5/5 29/6/6 41/7/7 42/2/2
f 1/8/8 11/9/9 151/10/9 154/11/8
f 12/12/10 2/13/11 153/14/11 150/15/10
f 41/7/7 29/6/6 73/16/12 40/17/13
f 1329/18/10 1343/19/11 17/20/11 5/21/10
f 5/21/10 17/20/11 16/22/11 3/23/10
f 8/24/9 19/25/8 20/26/8 1332/27/9
f 7/28/9 18/29/8 19/25/8 8/24/9
f 233/30/14 400/31/15 399/32/16 254/33/17
f 147/34/18 254/33/17 399/32/16 505/35/19
f 73/16/12 147/34/18 505/35/19 40/17/13
f 65/36/20 67/37/21 68/38/22 66/39/23
f 67/37/21 639/40/24 640/41/25 70/42/25
f 147/34/18 35/43/26 105/44/27 345/45/28
f 68/38/22 67/37/21 70/42/25 69/46/29
f 73/16/12 29/6/6 104/47/30 145/48/31
f 18/29/8 7/28/9 11/9/9 1/8/8
f 3/23/10 16/22/11 2/13/11 12/12/10
f 66/39/23 68/38/22 69/46/29 71/49/32
f 21/50/33 73/16/12 145/48/31 97/51/34
f 638/52/35 639/40/24 67/37/21 65/36/20
f 137/53/36 135/54/37 134/55/38 136/56/39
f 641/57/40 134/55/38 70/42/25 640/41/25
f 57/58/41 643/59/42 648/60/43 127/61/44
f 56/62/45 57/58/41 127/61/44 126/63/46
f 55/64/47 56/62/45 126/63/46 125/65/48
f 54/66/49 55/64/47 125/65/48 124/67/50
f 53/68/51 54/66/49 124/67/50 107/69/52
f 51/70/53 52/71/54 123/72/55 122/73/56
f 610/74/57 1995/75/58 1981/76/59 616/77/60
f 50/78/61 51/70/53 122/73/56 121/79/62
f 63/80/63 64/81/64 133/82/65 132/83/66
f 62/84/67 63/80/63 132/83/66 131/85/68
f 48/86/69 49/87/70 120/88/71 119/89/72
f 61/90/73 62/84/67 131/85/68 1462/91/74
f 47/92/75 48/86/69 119/89/72 118/93/76
f 43/94/77 72/3/3 106/95/78 114/96/79
f 60/97/80 59/98/81 129/99/82 130/100/83
f 46/101/84 45/102/85 116/103/86 117/104/87
f 59/98/81 58/105/88 128/106/89 129/99/82
f 45/102/85 44/107/90 115/108/91 116/103/86
f 58/105/88 1991/109/92 1458/110/93 128/106/89
f 44/107/90 43/94/77 114/96/79 115/108/91
f 42/2/2 41/7/7 112/111/94 113/112/95
f 41/7/7 40/17/13 111/113/96 112/111/94
f 39/114/97 38/115/98 109/116/99 110/117/100
f 38/115/98 37/118/101 108/119/102 109/116/99
f 14/120/103 15/121/104 85/122/104 86/123/103
f 1336/124/103 14/120/103 86/123/103 1415/125/103
f 13/126/105 4/127/105 79/128/105 84/129/105
f 15/121/104 9/130/104 75/131/104 85/122/104
f 21/50/33 35/43/26 147/34/18 73/16/12
f 30/132/106 33/133/107 35/43/26 21/50/33
f 33/133/107 30/132/106 23/134/108 34/135/109
f 22/136/110 36/137/111 34/135/109 23/134/108
f 36/137/111 22/136/110 26/138/112 32/139/113
f 77/140/114 78/141/114 84/129/105 79/128/105
f 80/142/115 81/143/115 86/123/103 85/122/104
f 74/144/115 75/131/104 260/145/104 257/146/115
f 83/147/105 76/148/114 262/149/114 336/150/105
f 81/143/115 82/151/115 1415/125/103 86/123/103
f 96/152/116 97/51/34 145/48/31 103/153/25
f 98/154/117 89/155/118 90/156/119 94/157/25
f 92/158/120 93/159/121 95/160/25 103/153/25
f 87/161/122 88/162/123 95/160/25 94/157/25
f 102/163/124 99/164/125 149/165/126 148/166/25
f 100/167/127 101/168/128 346/169/25 343/170/25
f 104/47/30 92/158/120 103/153/25 145/48/31
f 88/162/123 96/152/116 103/153/25 95/160/25
f 91/171/129 87/161/122 94/157/25 90/156/119
f 93/159/121 98/154/117 94/157/25 95/160/25
f 101/168/128 102/163/124 148/166/25 346/169/25
f 105/44/27 100/167/127 343/170/25 345/45/28
f 1407/172/114 77/140/114 79/128/105 1409/173/105
f 84/129/105 78/141/114 76/148/114 83/147/105
f 80/142/115 85/122/104 75/131/104 74/144/115
f 653/174/130 117/104/87 127/61/44 648/60/43
f 117/104/87 116/103/86 126/63/46 127/61/44
f 116/103/86 115/108/91 125/65/48 126/63/46
f 115/108/91 114/96/79 124/67/50 125/65/48
f 114/96/79 106/95/78 107/69/52 124/67/50
f 106/95/78 113/112/95 123/72/55 107/69/52
f 113/112/95 112/111/94 122/73/56 123/72/55
f 112/111/94 111/113/96 121/79/62 122/73/56
f 110/117/100 109/116/99 119/89/72 120/88/71
f 109/116/99 108/119/102 118/93/76 119/89/72
f 130/100/83 129/99/82 132/83/66 133/82/65
f 129/99/82 128/106/89 131/85/68 132/83/66
f 128/106/89 1458/110/93 1462/91/74 131/85/68
f 134/55/38 135/54/37 69/46/29 70/42/25
f 71/49/32 69/46/29 135/54/37 137/53/36
f 136/56/39 134/55/38 641/57/40 637/175/131
f 327/176/132 141/177/133 140/178/134 333/179/135
f 250/180/136 139/181/137 141/177/133 327/176/132
f 330/182/138 138/183/139 139/181/137 250/180/136
f 138/183/139 246/184/140 144/185/141 139/181/137
f 151/10/9 11/9/9 74/144/115 257/146/115
f 9/130/104 152/186/104 260/145/104 75/131/104
f 22/136/110 23/134/108 88/162/123 87/161/122
f 12/12/10 150/15/10 262/149/114 76/148/114
f 24/4/4 25/187/142 90/156/119 89/155/118
f 25/187/142 26/138/112 91/171/129 90/156/119
f 27/5/5 28/188/143 93/159/121 92/158/120
f 5/21/10 3/23/10 78/141/114 77/140/114
f 30/132/106 21/50/33 97/51/34 96/152/116
f 1329/18/10 5/21/10 77/140/114 1407/172/114
f 31/1/1 24/4/4 89/155/118 98/154/117
f 4/127/105 6/189/105 1409/173/105 79/128/105
f 32/139/113 146/190/144 149/165/126 99/164/125
f 33/133/107 34/135/109 101/168/128 100/167/127
f 253/191/105 10/192/105 83/147/105 336/150/105
f 7/28/9 8/24/9 81/143/115 80/142/115
f 36/137/111 32/139/113 99/164/125 102/163/124
f 8/24/9 1332/27/9 82/151/115 81/143/115
f 53/68/51 107/69/52 123/72/55 52/71/54
f 72/3/3 42/2/2 113/112/95 106/95/78
f 647/193/145 46/101/84 117/104/87 653/174/130
f 29/6/6 27/5/5 92/158/120 104/47/30
f 23/134/108 30/132/106 96/152/116 88/162/123
f 26/138/112 22/136/110 87/161/122 91/171/129
f 28/188/143 31/1/1 98/154/117 93/159/121
f 34/135/109 36/137/111 102/163/124 101/168/128
f 35/43/26 33/133/107 100/167/127 105/44/27
f 10/192/105 13/126/105 84/129/105 83/147/105
f 3/23/10 12/12/10 76/148/114 78/141/114
f 11/9/9 7/28/9 80/142/115 74/144/115
f 223/194/146 304/195/147 305/196/148 224/197/149
f 139/181/137 144/185/141 243/198/150 141/177/133
f 141/177/133 243/198/150 249/199/151 140/178/134
f 155/200/8 154/11/8 151/10/9 190/201/9
f 192/202/10 150/15/10 153/14/11 156/203/11
f 242/204/152 243/198/150 144/185/141 143/205/153
f 178/206/10 166/207/10 205/208/11 206/209/11
f 166/207/10 164/210/10 204/211/11 205/208/11
f 164/210/10 163/212/10 203/213/11 204/211/11
f 655/214/10 184/215/10 209/216/11 657/217/11
f 163/212/10 161/218/10 202/219/11 203/213/11
f 184/215/10 182/220/10 208/221/11 209/216/11
f 161/218/10 159/222/10 201/223/11 202/219/11
f 182/220/10 180/224/10 207/225/11 208/221/11
f 180/224/10 178/206/10 206/209/11 207/225/11
f 159/222/10 157/226/10 200/227/11 201/223/11
f 171/228/9 172/229/9 215/230/8 214/231/8
f 176/232/9 654/233/9 658/234/8 219/235/8
f 170/236/9 171/228/9 214/231/8 213/237/8
f 175/238/9 176/232/9 219/235/8 218/239/8
f 169/240/9 170/236/9 213/237/8 212/241/8
f 168/242/9 169/240/9 212/241/8 211/243/8
f 174/244/9 175/238/9 218/239/8 217/245/8
f 167/246/9 168/242/9 211/243/8 210/247/8
f 173/248/9 174/244/9 217/245/8 216/249/8
f 172/229/9 173/248/9 216/249/8 215/230/8
f 241/250/154 242/204/152 143/205/153 142/251/155
f 644/252/156 241/250/154 142/251/155 642/253/157
f 221/254/158 302/255/159 303/256/160 222/257/161
f 248/258/162 249/199/151 243/198/150 242/204/152
f 338/259/163 341/260/164 301/261/165 220/262/166
f 247/263/167 248/258/162 242/204/152 241/250/154
f 646/264/168 247/263/167 241/250/154 644/252/156
f 147/34/18 345/45/28 324/265/169 239/266/170
f 246/184/140 245/267/171 143/205/153 144/185/141
f 254/33/17 337/268/172 323/269/173 233/30/14
f 210/247/8 155/200/8 190/201/9 167/246/9
f 157/226/10 192/202/10 156/203/11 200/227/11
f 245/267/171 244/270/174 142/251/155 143/205/153
f 225/271/175 316/272/176 337/268/172 254/33/17
f 329/273/177 650/274/178 649/275/179 326/276/180
f 328/277/181 329/273/177 326/276/180 251/278/182
f 327/176/132 328/277/181 251/278/182 250/180/136
f 252/279/105 325/280/105 285/281/105 165/282/105
f 196/283/104 300/284/104 298/285/104 197/286/104
f 191/287/103 299/288/103 300/284/104 196/283/104
f 195/289/105 297/290/105 267/291/105 158/292/105
f 188/293/103 256/294/103 299/288/103 191/287/103
f 197/286/104 298/285/104 259/295/104 185/296/104
f 225/271/175 254/33/17 147/34/18 239/266/170
f 234/297/183 225/271/175 239/266/170 237/298/184
f 237/298/184 238/299/185 227/300/186 234/297/183
f 226/301/187 227/300/186 238/299/185 240/302/188
f 240/302/188 236/303/189 230/304/190 226/301/187
f 276/305/115 295/306/104 287/307/104 277/308/115
f 264/309/114 267/291/105 297/290/105 265/310/114
f 283/311/115 263/312/103 661/313/103 660/314/115
f 273/315/115 298/285/104 300/284/104 274/316/115
f 258/317/115 257/146/115 260/145/104 259/295/104
f 296/318/105 336/150/105 262/149/114 261/319/114
f 274/316/115 300/284/104 299/288/103 275/320/115
f 280/321/115 281/322/103 279/323/103 282/324/115
f 302/255/159 305/196/148 342/325/25 486/326/25
f 304/195/147 301/261/165 341/260/164 340/327/25
f 315/328/191 322/329/25 337/268/172 316/272/176
f 317/330/192 313/331/25 309/332/193 308/333/194
f 311/334/195 322/329/25 314/335/25 312/336/196
f 306/337/197 313/331/25 314/335/25 307/338/198
f 321/339/199 148/166/25 149/165/126 318/340/200
f 319/341/201 343/170/25 346/169/25 320/342/202
f 303/256/160 302/255/159 486/326/25 344/343/203
f 305/196/148 304/195/147 340/327/25 342/325/25
f 323/269/173 337/268/172 322/329/25 311/334/195
f 307/338/198 314/335/25 322/329/25 315/328/191
f 310/344/204 309/332/193 313/331/25 306/337/197
f 312/336/196 314/335/25 313/331/25 317/330/192
f 320/342/202 346/169/25 148/166/25 321/339/199
f 324/265/169 345/45/28 343/170/25 319/341/201
f 266/345/114 268/346/105 267/291/105 264/309/114
f 297/290/105 296/318/105 261/319/114 265/310/114
f 269/347/114 270/348/105 268/346/105 266/345/114
f 271/349/114 325/280/105 270/348/105 269/347/114
f 273/315/115 258/317/115 259/295/104 298/285/104
f 282/324/115 279/323/103 263/312/103 283/311/115
f 271/349/114 272/350/114 285/281/105 325/280/105
f 285/281/105 272/350/114 289/351/114 286/352/105
f 275/320/115 299/288/103 256/294/103 255/353/115
f 288/354/114 290/355/105 286/352/105 289/351/114
f 291/356/114 292/357/105 290/355/105 288/354/114
f 293/358/114 294/359/105 292/357/105 291/356/114
f 255/353/115 256/294/103 295/306/104 276/305/115
f 277/308/115 287/307/104 284/360/103 278/361/115
f 662/362/114 663/363/105 294/359/105 293/358/114
f 278/361/115 284/360/103 281/322/103 280/321/115
f 335/364/205 652/365/206 650/274/178 329/273/177
f 334/366/207 335/364/205 329/273/177 328/277/181
f 333/179/135 334/366/207 328/277/181 327/176/132
f 651/367/208 332/368/209 326/276/180 649/275/179
f 332/368/209 331/369/210 251/278/182 326/276/180
f 331/369/210 330/182/138 250/180/136 251/278/182
f 244/270/174 645/370/211 642/253/157 142/251/155
f 151/10/9 257/146/115 258/317/115 190/201/9
f 185/296/104 259/295/104 260/145/104 152/186/104
f 226/301/187 306/337/197 307/338/198 227/300/186
f 192/202/10 261/319/114 262/149/114 150/15/10
f 162/371/105 270/348/105 325/280/105 252/279/105
f 228/372/212 308/333/194 309/332/193 229/373/213
f 229/373/213 309/332/193 310/344/204 230/304/190
f 231/374/214 311/334/195 312/336/196 232/375/215
f 656/376/103 661/313/103 263/312/103 193/377/103
f 159/222/10 264/309/114 265/310/114 157/226/10
f 234/297/183 315/328/191 316/272/176 225/271/175
f 161/218/10 266/345/114 264/309/114 159/222/10
f 235/378/216 317/330/192 308/333/194 228/372/212
f 158/292/105 267/291/105 268/346/105 160/379/105
f 163/212/10 269/347/114 266/345/114 161/218/10
f 160/379/105 268/346/105 270/348/105 162/371/105
f 236/303/189 318/340/200 149/165/126 146/190/144
f 164/210/10 271/349/114 269/347/114 163/212/10
f 237/298/184 319/341/201 320/342/202 238/299/185
f 166/207/10 272/350/114 271/349/114 164/210/10
f 253/191/105 336/150/105 296/318/105 189/380/105
f 167/246/9 273/315/115 274/316/115 168/242/9
f 240/302/188 321/339/199 318/340/200 236/303/189
f 183/381/105 294/359/105 663/363/105 659/382/105
f 168/242/9 274/316/115 275/320/115 169/240/9
f 222/257/161 303/256/160 344/343/203 339/383/217
f 224/197/149 305/196/148 302/255/159 221/254/158
f 169/240/9 275/320/115 255/353/115 170/236/9
f 220/262/166 301/261/165 304/195/147 223/194/146
f 170/236/9 255/353/115 276/305/115 171/228/9
f 171/228/9 276/305/115 277/308/115 172/229/9
f 172/229/9 277/308/115 278/361/115 173/248/9
f 193/377/103 263/312/103 279/323/103 194/384/103
f 233/30/14 323/269/173 311/334/195 231/374/214
f 173/248/9 278/361/115 280/321/115 174/244/9
f 227/300/186 307/338/198 315/328/191 234/297/183
f 194/384/103 279/323/103 281/322/103 198/385/103
f 174/244/9 280/321/115 282/324/115 175/238/9
f 175/238/9 282/324/115 283/311/115 176/232/9
f 230/304/190 310/344/204 306/337/197 226/301/187
f 176/232/9 283/311/115 660/314/115 654/233/9
f 198/385/103 281/322/103 284/360/103 199/386/103
f 232/375/215 312/336/196 317/330/192 235/378/216
f 165/282/105 285/281/105 286/352/105 177/387/105
f 199/386/103 284/360/103 287/307/104 186/388/104
f 180/224/10 288/354/114 289/351/114 178/206/10
f 238/299/185 320/342/202 321/339/199 240/302/188
f 177/387/105 286/352/105 290/355/105 179/389/105
f 182/220/10 291/356/114 288/354/114 180/224/10
f 239/266/170 324/265/169 319/341/201 237/298/184
f 179/389/105 290/355/105 292/357/105 181/390/105
f 184/215/10 293/358/114 291/356/114 182/220/10
f 181/390/105 292/357/105 294/359/105 183/381/105
f 655/214/10 662/362/114 293/358/114 184/215/10
f 178/206/10 289/351/114 272/350/114 166/207/10
f 186/388/104 287/307/104 295/306/104 187/391/104
f 187/391/104 295/306/104 256/294/103 188/293/103
f 189/380/105 296/318/105 297/290/105 195/289/105
f 157/226/10 265/310/114 261/319/114 192/202/10
f 190/201/9 258/317/115 273/315/115 167/246/9
f 367/392/218 360/393/219 359/394/220 383/395/221
f 365/396/222 366/397/223 374/398/224 351/399/225
f 364/400/226 387/401/227 666/402/228 664/403/229
f 363/404/230 386/405/231 387/401/227 364/400/226
f 362/406/232 385/407/233 386/405/231 363/404/230
f 361/408/234 384/409/235 385/407/233 362/406/232
f 360/393/219 367/392/218 384/409/235 361/408/234
f 358/410/236 382/411/237 383/395/221 359/394/220
f 511/412/238 381/413/239 382/411/237 358/410/236
f 516/414/240 370/415/241 523/416/242 519/417/243
f 468/418/244 521/419/245 523/416/242 478/420/246
f 357/421/247 380/422/248 516/414/240 512/423/249
f 356/424/250 379/425/251 380/422/248 357/421/247
f 352/426/252 375/427/253 366/397/223 365/396/222
f 355/428/254 378/429/255 377/430/256 354/431/257
f 354/431/257 377/430/256 376/432/258 353/433/259
f 353/433/259 376/432/258 375/427/253 352/426/252
f 351/399/225 374/398/224 373/434/260 350/435/261
f 350/435/261 373/434/260 372/436/262 513/437/263
f 381/413/239 515/438/264 521/419/245 372/436/262
f 371/439/265 519/417/243 515/438/264 349/440/266
f 514/441/267 370/415/241 369/442/268 348/443/269
f 348/443/269 369/442/268 368/444/270 347/445/271
f 667/446/272 666/402/228 387/401/227 378/429/255
f 378/429/255 387/401/227 386/405/231 377/430/256
f 377/430/256 386/405/231 385/407/233 376/432/258
f 376/432/258 385/407/233 384/409/235 375/427/253
f 375/427/253 384/409/235 367/392/218 366/397/223
f 366/397/223 367/392/218 383/395/221 374/398/224
f 374/398/224 383/395/221 382/411/237 373/434/260
f 373/434/260 382/411/237 381/413/239 372/436/262
f 512/423/249 516/414/240 519/417/243 518/447/273
f 468/418/244 454/448/274 520/449/275 521/419/245
f 370/415/241 516/414/240 380/422/248 369/442/268
f 369/442/268 380/422/248 379/425/251 368/444/270
f 665/450/276 667/446/272 378/429/255 355/428/254
f 108/119/102 390/451/277 391/452/278 118/93/76
f 37/118/101 388/453/279 390/451/277 108/119/102
f 118/93/76 391/452/278 389/454/280 47/92/75
f 390/451/277 394/455/281 395/456/282 391/452/278
f 388/453/279 392/457/283 394/455/281 390/451/277
f 391/452/278 395/456/282 393/458/284 389/454/280
f 394/455/281 368/444/270 379/425/251 395/456/282
f 392/457/283 347/445/271 368/444/270 394/455/281
f 395/456/282 379/425/251 356/424/250 393/458/284
f 420/459/285 412/460/286 411/461/287 438/462/288
f 418/463/289 419/464/290 427/465/291 401/466/292
f 416/467/293 442/468/294 1801/469/295 417/470/296
f 415/471/297 441/472/298 442/468/294 416/467/293
f 414/473/299 440/474/300 441/472/298 415/471/297
f 413/475/301 439/476/302 440/474/300 414/473/299
f 412/460/286 420/459/285 439/476/302 413/475/301
f 410/477/303 437/478/304 438/462/288 411/461/287
f 409/479/305 436/480/306 437/478/304 410/477/303
f 407/481/307 433/482/308 434/483/309 408/484/310
f 406/485/311 432/486/312 433/482/308 407/481/307
f 402/487/313 428/488/314 419/464/290 418/463/289
f 405/489/315 431/490/316 430/491/317 404/492/318
f 404/492/318 430/491/317 429/493/319 403/494/320
f 403/494/320 429/493/319 428/488/314 402/487/313
f 401/466/292 427/465/291 426/495/321 400/31/15
f 400/31/15 426/495/321 425/496/322 399/32/16
f 435/497/323 424/498/324 423/499/325 398/500/326
f 121/79/62 424/498/324 435/497/323 50/78/61
f 398/500/326 423/499/325 422/501/327 397/502/328
f 397/502/328 422/501/327 421/503/329 396/504/330
f 1802/505/331 1801/469/295 442/468/294 431/490/316
f 431/490/316 442/468/294 441/472/298 430/491/317
f 430/491/317 441/472/298 440/474/300 429/493/319
f 429/493/319 440/474/300 439/476/302 428/488/314
f 428/488/314 439/476/302 420/459/285 419/464/290
f 419/464/290 420/459/285 438/462/288 427/465/291
f 427/465/291 438/462/288 437/478/304 426/495/321
f 426/495/321 437/478/304 436/480/306 425/496/322
f 423/499/325 434/483/309 433/482/308 422/501/327
f 422/501/327 433/482/308 432/486/312 421/503/329
f 625/506/332 1802/505/331 431/490/316 405/489/315
f 461/507/333 485/508/334 1849/509/335 484/510/336
f 460/511/337 461/507/333 484/510/336 483/512/338
f 459/513/339 460/511/337 483/512/338 482/514/340
f 458/515/341 459/513/339 482/514/340 481/516/342
f 457/517/343 458/515/341 481/516/342 464/518/344
f 455/519/345 456/520/346 480/521/347 479/522/348
f 477/523/349 455/519/345 479/522/348 478/420/246
f 514/441/267 522/524/350 523/416/242 370/415/241
f 478/420/246 523/416/242 522/524/350 477/523/349
f 453/525/351 467/526/352 371/439/265 476/527/353
f 452/528/354 453/525/351 476/527/353 475/529/355
f 448/530/356 462/531/357 463/532/358 471/533/359
f 451/534/360 450/535/361 473/536/362 474/537/363
f 450/535/361 449/538/364 472/539/365 473/536/362
f 449/538/364 448/530/356 471/533/359 472/539/365
f 447/540/366 446/541/367 469/542/368 470/543/369
f 446/541/367 454/448/274 468/418/244 469/542/368
f 372/436/262 521/419/245 520/449/275 513/437/263
f 467/526/352 518/447/273 519/417/243 371/439/265
f 445/544/370 444/545/371 466/546/372 349/440/266
f 444/545/371 443/547/373 465/548/374 466/546/372
f 1850/549/375 474/537/363 484/510/336 1849/509/335
f 474/537/363 473/536/362 483/512/338 484/510/336
f 473/536/362 472/539/365 482/514/340 483/512/338
f 472/539/365 471/533/359 481/516/342 482/514/340
f 471/533/359 463/532/358 464/518/344 481/516/342
f 463/532/358 470/543/369 480/521/347 464/518/344
f 470/543/369 469/542/368 479/522/348 480/521/347
f 469/542/368 468/418/244 478/420/246 479/522/348
f 349/440/266 515/438/264 517/550/376 445/544/370
f 517/550/376 515/438/264 381/413/239 511/412/238
f 349/440/266 466/546/372 476/527/353 371/439/265
f 466/546/372 465/548/374 475/529/355 476/527/353
f 457/517/343 464/518/344 480/521/347 456/520/346
f 462/531/357 447/540/366 470/543/369 463/532/358
f 1845/551/377 451/534/360 474/537/363 1850/549/375
f 504/552/378 499/553/379 488/554/380 501/555/381
f 443/547/373 489/556/382 490/557/383 465/548/374
f 489/556/382 491/558/384 492/559/385 490/557/383
f 491/558/384 396/504/330 421/503/329 492/559/385
f 406/485/311 493/560/386 494/561/387 432/486/312
f 493/560/386 495/562/388 496/563/389 494/561/387
f 495/562/388 452/528/354 475/529/355 496/563/389
f 421/503/329 432/486/312 494/561/387 492/559/385
f 490/557/383 492/559/385 494/561/387 496/563/389
f 475/529/355 465/548/374 490/557/383 496/563/389
f 500/564/390 487/565/391 498/566/392 503/567/393
f 502/568/394 497/569/395 341/260/164 338/259/163
f 487/565/391 488/554/380 486/326/25 342/325/25
f 497/569/395 498/566/392 340/327/25 341/260/164
f 488/554/380 499/553/379 344/343/203 486/326/25
f 498/566/392 487/565/391 342/325/25 340/327/25
f 339/383/217 344/343/203 499/553/379 504/552/378
f 503/567/393 498/566/392 497/569/395 502/568/394
f 501/555/381 488/554/380 487/565/391 500/564/390
f 40/17/13 505/35/19 506/570/396 111/113/96
f 434/483/309 508/571/397 507/572/398 408/484/310
f 110/117/100 510/573/399 509/574/400 39/114/97
f 409/479/305 509/574/400 510/573/399 436/480/306
f 120/88/71 49/87/70 507/572/398 508/571/397
f 399/32/16 425/496/322 506/570/396 505/35/19
f 111/113/96 506/570/396 424/498/324 121/79/62
f 423/499/325 424/498/324 508/571/397 434/483/309
f 120/88/71 508/571/397 510/573/399 110/117/100
f 425/496/322 436/480/306 510/573/399 506/570/396
f 424/498/324 506/570/396 510/573/399 508/571/397
f 515/438/264 519/417/243 523/416/242 521/419/245
f 562/575/401 538/576/402 559/577/403 603/578/404
f 540/579/405 532/580/406 558/581/407 560/582/408
f 524/583/409 540/579/405 560/582/408 551/584/410
f 524/583/409 538/576/402 562/575/401 540/579/405
f 533/585/411 536/586/412 538/576/402 524/583/409
f 536/586/412 533/585/411 526/587/413 537/588/414
f 525/589/415 539/590/416 537/588/414 526/587/413
f 539/590/416 525/589/415 529/591/417 535/592/418
f 550/593/419 551/584/410 560/582/408 557/594/25
f 552/595/420 543/596/421 544/597/422 548/598/25
f 546/599/423 547/600/424 549/601/25 557/594/25
f 541/602/425 542/603/426 549/601/25 548/598/25
f 556/604/427 553/605/428 564/606/429 563/607/25
f 554/608/430 555/609/431 604/610/25 602/611/25
f 558/581/407 546/599/423 557/594/25 560/582/408
f 542/603/426 550/593/419 557/594/25 549/601/25
f 545/612/432 541/602/425 548/598/25 544/597/422
f 547/600/424 552/595/420 548/598/25 549/601/25
f 555/609/431 556/604/427 563/607/25 604/610/25
f 559/577/403 554/608/430 602/611/25 603/578/404
f 525/589/415 526/587/413 542/603/426 541/602/425
f 527/613/433 528/614/434 544/597/422 543/596/421
f 528/614/434 529/591/417 545/612/432 544/597/422
f 530/615/435 531/616/436 547/600/424 546/599/423
f 533/585/411 524/583/409 551/584/410 550/593/419
f 534/617/437 527/613/433 543/596/421 552/595/420
f 535/592/418 561/618/438 564/606/429 553/605/428
f 536/586/412 537/588/414 555/609/431 554/608/430
f 539/590/416 535/592/418 553/605/428 556/604/427
f 532/580/406 530/615/435 546/599/423 558/581/407
f 526/587/413 533/585/411 550/593/419 542/603/426
f 529/591/417 525/589/415 541/602/425 545/612/432
f 531/616/436 534/617/437 552/595/420 547/600/424
f 537/588/414 539/590/416 556/604/427 555/609/431
f 538/576/402 536/586/412 554/608/430 559/577/403
f 562/575/401 603/578/404 600/619/439 579/620/440
f 581/621/441 601/622/442 599/623/443 573/624/444
f 565/625/445 592/626/446 601/622/442 581/621/441
f 565/625/445 581/621/441 562/575/401 579/620/440
f 574/627/447 565/625/445 579/620/440 577/628/448
f 577/628/448 578/629/449 567/630/450 574/627/447
f 566/631/451 567/630/450 578/629/449 580/632/452
f 580/632/452 576/633/453 570/634/454 566/631/451
f 591/635/455 598/636/25 601/622/442 592/626/446
f 593/637/456 589/638/25 585/639/457 584/640/458
f 587/641/459 598/636/25 590/642/25 588/643/460
f 582/644/461 589/638/25 590/642/25 583/645/462
f 597/646/463 563/607/25 564/606/429 594/647/464
f 595/648/465 602/611/25 604/610/25 596/649/466
f 599/623/443 601/622/442 598/636/25 587/641/459
f 583/645/462 590/642/25 598/636/25 591/635/455
f 586/650/467 585/639/457 589/638/25 582/644/461
f 588/643/460 590/642/25 589/638/25 593/637/456
f 596/649/466 604/610/25 563/607/25 597/646/463
f 600/619/439 603/578/404 602/611/25 595/648/465
f 566/631/451 582/644/461 583/645/462 567/630/450
f 568/651/468 584/640/458 585/639/457 569/652/469
f 569/652/469 585/639/457 586/650/467 570/634/454
f 571/653/470 587/641/459 588/643/460 572/654/471
f 574/627/447 591/635/455 592/626/446 565/625/445
f 575/655/472 593/637/456 584/640/458 568/651/468
f 576/633/453 594/647/464 564/606/429 561/618/438
f 577/628/448 595/648/465 596/649/466 578/629/449
f 580/632/452 597/646/463 594/647/464 576/633/453
f 573/624/444 599/623/443 587/641/459 571/653/470
f 567/630/450 583/645/462 591/635/455 574/627/447
f 570/634/454 586/650/467 582/644/461 566/631/451
f 572/654/471 588/643/460 593/637/456 575/655/472
f 578/629/449 596/649/466 597/646/463 580/632/452
f 579/620/440 600/619/439 595/648/465 577/628/448
f 609/656/473 610/74/57 616/77/60 615/657/474
f 608/658/475 609/656/473 615/657/474 614/659/476
f 1970/660/477 607/661/478 613/662/479 1977/663/480
f 607/661/478 606/664/481 612/665/482 613/662/479
f 606/664/481 605/666/483 611/667/484 612/665/482
f 1977/663/480 613/662/479 616/77/60 1981/76/59
f 613/662/479 612/665/482 615/657/474 616/77/60
f 612/665/482 611/667/484 614/659/476 615/657/474
f 617/668/485 611/667/484 605/666/483 618/669/486
f 619/670/487 614/659/476 611/667/484 617/668/485
f 620/671/488 608/658/475 614/659/476 619/670/487
f 64/81/64 620/671/488 619/670/487 133/82/65
f 133/82/65 619/670/487 617/668/485 130/100/83
f 130/100/83 617/668/485 618/669/486 60/97/80
f 622/672/489 626/673/490 627/674/491 623/675/492
f 236/303/189 196/283/104 197/286/104 230/304/190
f 628/676/493 630/677/494 624/678/495 621/679/496
f 187/391/104 188/293/103 32/139/113 26/138/112
f 626/673/490 624/678/495 630/677/494 629/680/25
f 196/283/104 236/303/189 146/190/144 191/287/103
f 627/674/491 626/673/490 629/680/25 631/681/25
f 32/139/113 188/293/103 191/287/103 146/190/144
f 228/372/212 418/463/289 401/466/292 235/378/216
f 621/679/496 624/678/495 626/673/490 622/672/489
f 400/31/15 233/30/14 231/374/214 401/466/292
f 1994/682/497 632/683/498 634/684/499 636/685/500
f 635/686/501 633/687/502 630/677/494 628/676/493
f 28/188/143 42/2/2 31/1/1
f 633/687/502 634/684/499 629/680/25 630/677/494
f 27/5/5 42/2/2 28/188/143
f 634/684/499 632/683/498 631/681/25 629/680/25
f 235/378/216 401/466/292 232/375/215
f 636/685/500 634/684/499 633/687/502 635/686/501
f 401/466/292 231/374/214 232/375/215
f 507/572/398 339/383/217 504/552/378 408/484/310
f 339/383/217 507/572/398 49/87/70 222/257/161
f 407/481/307 504/552/378 501/555/381 406/485/311
f 48/86/69 47/92/75 221/254/158 222/257/161
f 406/485/311 501/555/381 500/564/390 493/560/386
f 224/197/149 221/254/158 47/92/75 389/454/280
f 493/560/386 500/564/390 503/567/393 495/562/388
f 223/194/146 224/197/149 389/454/280 393/458/284
f 495/562/388 503/567/393 502/568/394 452/528/354
f 220/262/166 223/194/146 393/458/284 356/424/250
f 467/526/352 502/568/394 338/259/163 518/447/273
f 220/262/166 512/423/249 518/447/273 338/259/163
f 452/528/354 502/568/394 467/526/352 453/525/351
f 357/421/247 512/423/249 220/262/166 356/424/250
f 407/481/307 408/484/310 504/552/378
f 49/87/70 48/86/69 222/257/161
f 520/449/275 562/575/401 581/621/441 513/437/263
f 454/448/274 540/579/405 562/575/401 520/449/275
f 513/437/263 581/621/441 573/624/444 350/435/261
f 446/541/367 532/580/406 540/579/405 454/448/274
f 162/371/105 576/633/453 561/618/438 160/379/105
f 160/379/105 561/618/438 535/592/418 158/292/105
f 252/279/105 570/634/454 576/633/453 162/371/105
f 158/292/105 535/592/418 529/591/417 195/289/105
f 351/399/225 575/655/472 568/651/468 365/396/222
f 447/540/366 530/615/435 532/580/406 446/541/367
f 351/399/225 571/653/470 572/654/471
f 572/654/471 575/655/472 351/399/225
f 350/435/261 573/624/444 571/653/470 351/399/225
f 447/540/366 534/617/437 531/616/436
f 462/531/357 527/613/433 534/617/437 447/540/366
f 531/616/436 530/615/435 447/540/366
f 647/193/145 656/376/103 193/377/103 46/101/84
f 46/101/84 193/377/103 194/384/103 45/102/85
f 45/102/85 194/384/103 198/385/103 44/107/90
f 44/107/90 198/385/103 199/386/103 43/94/77
f 43/94/77 199/386/103 186/388/104 72/3/3
f 25/187/142 187/391/104 26/138/112
f 24/4/4 72/3/3 25/187/142
f 1336/124/103 625/506/332 405/489/315 14/120/103
f 14/120/103 405/489/315 404/492/318 15/121/104
f 15/121/104 404/492/318 403/494/320 9/130/104
f 9/130/104 403/494/320 402/487/313 152/186/104
f 152/186/104 402/487/313 418/463/289 185/296/104
f 229/373/213 230/304/190 197/286/104
f 228/372/212 229/373/213 418/463/289
f 418/463/289 229/373/213 197/286/104 185/296/104
f 72/3/3 186/388/104 187/391/104 25/187/142
f 659/382/105 665/450/276 355/428/254 183/381/105
f 183/381/105 355/428/254 354/431/257 181/390/105
f 181/390/105 354/431/257 353/433/259 179/389/105
f 179/389/105 353/433/259 352/426/252 177/387/105
f 177/387/105 352/426/252 365/396/222 165/282/105
f 252/279/105 569/652/469 570/634/454
f 4/127/105 451/534/360 1845/551/377 6/189/105
f 13/126/105 450/535/361 451/534/360 4/127/105
f 10/192/105 449/538/364 450/535/361 13/126/105
f 253/191/105 448/530/356 449/538/364 10/192/105
f 189/380/105 462/531/357 448/530/356 253/191/105
f 528/614/434 527/613/433 462/531/357
f 365/396/222 568/651/468 569/652/469
f 165/282/105 365/396/222 569/652/469 252/279/105
f 529/591/417 528/614/434 195/289/105
f 195/289/105 528/614/434 462/531/357 189/380/105
f 137/53/36 246/184/140 138/183/139 71/49/32
f 71/49/32 138/183/139 330/182/138 66/39/23
f 245/267/171 246/184/140 137/53/36
f 645/370/211 244/270/174 136/56/39 637/175/131
f 244/270/174 245/267/171 137/53/36 136/56/39
f 65/36/20 332/368/209 651/367/208 638/52/35
f 66/39/23 331/369/210 332/368/209 65/36/20
f 331/369/210 66/39/23 330/182/138
f 64/81/64 635/686/501 628/676/493 620/671/488
f 620/671/488 628/676/493 621/679/496 608/658/475
f 1995/75/58 610/74/57 622/672/489 623/675/492
f 1994/682/497 636/685/500 62/84/67 61/90/73
f 62/84/67 636/685/500 635/686/501 63/80/63
f 609/656/473 621/679/496 622/672/489 610/74/57
f 609/656/473 608/658/475 621/679/496
f 64/81/64 63/80/63 635/686/501
f 461/507/333 607/661/478 1970/660/477 485/508/334
f 416/467/293 417/470/296 1991/109/92 58/105/88
f 59/98/81 415/471/297 416/467/293 58/105/88
f 460/511/337 606/664/481 607/661/478 461/507/333
f 347/445/271 392/457/283 618/669/486 605/666/483
f 392/457/283 388/453/279 60/97/80 618/669/486
f 347/445/271 605/666/483 606/664/481 348/443/269
f 59/98/81 60/97/80 388/453/279 37/118/101
f 249/199/151 396/504/330 491/558/384 140/178/134
f 140/178/134 491/558/384 489/556/382 333/179/135
f 333/179/135 489/556/382 443/547/373 334/366/207
f 248/258/162 397/502/328 396/504/330 249/199/151
f 57/58/41 247/263/167 646/264/168 643/59/42
f 56/62/45 248/258/162 247/263/167 57/58/41
f 335/364/205 364/400/226 664/403/229 652/365/206
f 334/366/207 363/404/230 364/400/226 335/364/205
f 358/410/236 444/545/371 445/544/370 511/412/238
f 359/394/220 443/547/373 444/545/371 358/410/236
f 517/550/376 511/412/238 445/544/370
f 522/524/350 514/441/267 477/523/349
f 348/443/269 455/519/345 477/523/349 514/441/267
f 459/513/339 606/664/481 460/511/337
f 362/406/232 363/404/230 334/366/207
f 435/497/323 398/500/326 50/78/61
f 50/78/61 398/500/326 397/502/328 51/70/53
f 509/574/400 409/479/305 39/114/97
f 39/114/97 409/479/305 410/477/303 38/115/98
f 38/115/98 410/477/303 411/461/287 37/118/101
f 412/460/286 37/118/101 411/461/287
f 248/258/162 56/62/45 55/64/47
f 248/258/162 55/64/47 54/66/49
f 53/68/51 397/502/328 248/258/162 54/66/49
f 52/71/54 397/502/328 53/68/51
f 51/70/53 397/502/328 52/71/54
f 413/475/301 59/98/81 37/118/101 412/460/286
f 414/473/299 59/98/81 413/475/301
f 415/471/297 59/98/81 414/473/299
f 360/393/219 443/547/373 359/394/220
f 362/406/232 334/366/207 361/408/234
f 455/519/345 348/443/269 456/520/346
f 456/520/346 348/443/269 457/517/343
f 457/517/343 348/443/269 606/664/481 458/515/341
f 458/515/341 606/664/481 459/513/339
f 360/393/219 361/408/234 334/366/207 443/547/373
f 702/688/1 713/689/2 743/690/3 695/691/503
f 698/692/504 700/693/6 712/694/505 713/689/2
f 668/695/8 680/696/9 827/697/9 830/698/8
f 682/699/10 669/700/11 829/701/11 826/702/10
f 712/694/505 700/693/6 744/703/12 711/704/13
f 674/705/10 688/706/11 687/707/11 672/708/10
f 672/708/10 687/707/11 686/709/11 670/710/10
f 676/711/9 690/712/8 691/713/8 677/714/506
f 675/715/9 689/716/8 690/712/8 676/711/9
f 909/717/14 1076/718/15 1075/719/16 930/720/17
f 823/721/18 930/720/17 1075/719/16 1186/722/19
f 744/703/12 823/721/18 1186/722/19 711/704/13
f 736/723/20 738/724/21 739/725/22 737/726/23
f 738/724/21 1395/727/507 1396/728/25 741/729/25
f 823/721/18 706/730/26 779/731/27 1021/732/28
f 739/725/22 738/724/21 741/729/25 740/733/29
f 744/703/12 700/693/6 778/734/30 821/735/31
f 689/716/8 675/715/9 680/696/9 668/695/8
f 670/710/10 686/709/11 669/700/11 682/699/10
f 737/726/23 739/725/22 740/733/29 742/736/32
f 692/737/33 744/703/12 821/735/31 771/738/34
f 1392/739/508 1395/727/507 738/724/21 736/723/20
f 813/740/36 811/741/37 810/742/38 812/743/39
f 1466/744/509 810/742/38 741/729/25 1396/728/25
f 728/745/41 1575/746/510 1664/747/511 801/748/44
f 727/749/45 728/745/41 801/748/44 800/750/46
f 726/751/47 727/749/45 800/750/46 799/752/48
f 725/753/49 726/751/47 799/752/48 798/754/50
f 724/755/51 725/753/49 798/754/50 781/756/52
f 722/757/53 723/758/54 797/759/55 796/760/56
f 1292/761/57 1318/762/512 1300/763/513 1299/764/60
f 721/765/61 722/757/53 796/760/56 795/766/62
f 734/767/63 735/768/64 809/769/65 808/770/66
f 733/771/67 734/767/63 808/770/66 807/772/68
f 719/773/69 720/774/70 794/775/71 793/776/72
f 732/777/514 733/771/67 807/772/68 806/778/515
f 718/779/75 719/773/69 793/776/72 792/780/76
f 714/781/77 743/690/3 780/782/78 788/783/79
f 731/784/80 730/785/81 804/786/82 805/787/83
f 717/788/84 716/789/85 790/790/516 791/791/87
f 730/785/81 729/792/88 803/793/89 804/786/82
f 716/789/85 715/794/90 789/795/91 790/790/516
f 729/792/88 1313/796/517 802/797/518 803/793/89
f 715/794/90 714/781/77 788/783/79 789/795/91
f 713/689/2 712/694/505 786/798/94 787/799/95
f 712/694/505 711/704/13 785/800/96 786/798/94
f 710/801/97 709/802/98 783/803/99 784/804/100
f 709/802/98 708/805/101 782/806/102 783/803/99
f 684/807/104 685/808/104 758/809/104 760/810/104
f 681/811/104 684/807/104 760/810/104 759/812/104
f 683/813/105 671/814/105 751/815/105 757/816/105
f 685/808/104 678/817/103 746/818/103 758/809/104
f 692/737/33 706/730/26 823/721/18 744/703/12
f 701/819/519 704/820/107 706/730/26 692/737/33
f 704/820/107 701/819/519 694/821/108 705/822/109
f 693/823/110 707/824/111 705/822/109 694/821/108
f 707/824/111 693/823/110 697/825/112 703/826/113
f 748/827/114 749/828/114 757/816/105 751/815/105
f 753/829/520 754/830/520 760/810/104 758/809/104
f 745/831/520 746/818/103 936/832/103 933/833/520
f 756/834/105 747/835/114 938/836/114 1012/837/105
f 754/830/520 755/838/521 759/812/104 760/810/104
f 770/839/522 771/738/34 821/735/31 777/840/25
f 772/841/117 763/842/118 764/843/119 768/844/25
f 766/845/120 767/846/121 769/847/25 777/840/25
f 761/848/122 762/849/123 769/847/25 768/844/25
f 776/850/124 773/851/523 825/852/126 824/853/25
f 774/854/127 775/855/128 1022/856/25 1019/857/25
f 778/734/30 766/845/120 777/840/25 821/735/31
f 762/849/123 770/839/522 777/840/25 769/847/25
f 765/858/129 761/848/122 768/844/25 764/843/119
f 767/846/121 772/841/117 768/844/25 769/847/25
f 775/855/128 776/850/124 824/853/25 1022/856/25
f 779/731/27 774/854/127 1019/857/25 1021/732/28
f 750/859/114 748/827/114 751/815/105 752/860/105
f 757/816/105 749/828/114 747/835/114 756/834/105
f 753/829/520 758/809/104 746/818/103 745/831/520
f 1681/861/524 791/791/87 801/748/44 1664/747/511
f 791/791/87 790/790/516 800/750/46 801/748/44
f 790/790/516 789/795/91 799/752/48 800/750/46
f 789/795/91 788/783/79 798/754/50 799/752/48
f 788/783/79 780/782/78 781/756/52 798/754/50
f 780/782/78 787/799/95 797/759/55 781/756/52
f 787/799/95 786/798/94 796/760/56 797/759/55
f 786/798/94 785/800/96 795/766/62 796/760/56
f 784/804/100 783/803/99 793/776/72 794/775/71
f 783/803/99 782/806/102 792/780/76 793/776/72
f 805/787/83 804/786/82 808/770/66 809/769/65
f 804/786/82 803/793/89 807/772/68 808/770/66
f 803/793/89 802/797/518 806/778/515 807/772/68
f 810/742/38 811/741/37 740/733/29 741/729/25
f 742/736/32 740/733/29 811/741/37 813/740/36
f 812/743/39 810/742/38 1466/744/509 1389/862/525
f 1003/863/132 817/864/133 816/865/134 1009/866/135
f 926/867/136 815/868/137 817/864/133 1003/863/132
f 1006/869/138 814/870/139 815/868/137 926/867/136
f 814/870/139 922/871/140 820/872/141 815/868/137
f 827/697/9 680/696/9 745/831/520 933/833/520
f 678/817/103 828/873/103 936/832/103 746/818/103
f 693/823/110 694/821/108 762/849/123 761/848/122
f 682/699/10 826/702/10 938/836/114 747/835/114
f 695/691/503 696/874/142 764/843/119 763/842/118
f 696/874/142 697/825/112 765/858/129 764/843/119
f 698/692/504 699/875/143 767/846/121 766/845/120
f 672/708/10 670/710/10 749/828/114 748/827/114
f 701/819/519 692/737/33 771/738/34 770/839/522
f 674/705/10 672/708/10 748/827/114 750/859/114
f 702/688/1 695/691/503 763/842/118 772/841/117
f 671/814/105 673/876/105 752/860/105 751/815/105
f 703/826/113 822/877/144 825/852/126 773/851/523
f 704/820/107 705/822/109 775/855/128 774/854/127
f 929/878/105 679/879/105 756/834/105 1012/837/105
f 675/715/9 676/711/9 754/830/520 753/829/520
f 707/824/111 703/826/113 773/851/523 776/850/124
f 676/711/9 677/714/506 755/838/521 754/830/520
f 724/755/51 781/756/52 797/759/55 723/758/54
f 743/690/3 713/689/2 787/799/95 780/782/78
f 1591/880/526 717/788/84 791/791/87 1681/861/524
f 694/821/108 701/819/519 770/839/522 762/849/123
f 697/825/112 693/823/110 761/848/122 765/858/129
f 699/875/143 702/688/1 772/841/117 767/846/121
f 705/822/109 707/824/111 776/850/124 775/855/128
f 706/730/26 704/820/107 774/854/127 779/731/27
f 679/879/105 683/813/105 757/816/105 756/834/105
f 670/710/10 682/699/10 747/835/114 749/828/114
f 680/696/9 675/715/9 753/829/520 745/831/520
f 899/881/146 980/882/147 981/883/148 900/884/149
f 815/868/137 820/872/141 919/885/150 817/864/133
f 817/864/133 919/885/150 925/886/151 816/865/134
f 831/887/8 830/698/8 827/697/9 866/888/9
f 868/889/10 826/702/10 829/701/11 832/890/11
f 918/891/152 919/885/150 820/872/141 819/892/153
f 854/893/10 842/894/10 881/895/11 882/896/11
f 842/894/10 840/897/10 880/898/11 881/895/11
f 840/897/10 839/899/10 879/900/11 880/898/11
f 1684/901/10 860/902/10 885/903/11 1686/904/11
f 839/899/10 837/905/10 878/906/11 879/900/11
f 860/902/10 858/907/10 884/908/11 885/903/11
f 837/905/10 835/909/10 877/910/11 878/906/11
f 858/907/10 856/911/10 883/912/11 884/908/11
f 856/911/10 854/893/10 882/896/11 883/912/11
f 835/909/10 833/913/10 876/914/11 877/910/11
f 847/915/9 848/916/9 891/917/8 890/918/8
f 852/919/9 1683/920/9 1687/921/8 895/922/8
f 846/923/9 847/915/9 890/918/8 889/924/8
f 851/925/9 852/919/9 895/922/8 894/926/8
f 845/927/9 846/923/9 889/924/8 888/928/8
f 844/929/9 845/927/9 888/928/8 887/930/8
f 850/931/9 851/925/9 894/926/8 893/932/8
f 843/933/9 844/929/9 887/930/8 886/934/8
f 849/935/9 850/931/9 893/932/8 892/936/8
f 848/916/9 849/935/9 892/936/8 891/917/8
f 917/937/154 918/891/152 819/892/153 818/938/155
f 1576/939/527 917/937/154 818/938/155 1475/940/528
f 897/941/158 978/942/159 979/943/160 898/944/161
f 924/945/162 925/886/151 919/885/150 918/891/152
f 1014/946/163 1017/947/164 977/948/165 896/949/166
f 923/950/167 924/945/162 918/891/152 917/937/154
f 1584/951/529 923/950/167 917/937/154 1576/939/527
f 823/721/18 1021/732/28 1000/952/169 915/953/530
f 922/871/140 921/954/171 819/892/153 820/872/141
f 930/720/17 1013/955/172 999/956/173 909/717/14
f 886/934/8 831/887/8 866/888/9 843/933/9
f 833/913/10 868/889/10 832/890/11 876/914/11
f 921/954/171 920/957/174 818/938/155 819/892/153
f 901/958/531 992/959/176 1013/955/172 930/720/17
f 1005/960/177 1671/961/532 1667/962/533 1002/963/180
f 1004/964/181 1005/960/177 1002/963/180 927/965/182
f 1003/863/132 1004/964/181 927/965/182 926/867/136
f 928/966/105 1001/967/105 961/968/105 841/969/105
f 872/970/103 976/971/103 974/972/104 873/973/104
f 867/974/104 975/975/103 976/971/103 872/970/103
f 871/976/105 973/977/105 943/978/105 834/979/105
f 864/980/103 932/981/103 975/975/103 867/974/104
f 873/973/104 974/972/104 935/982/103 861/983/103
f 901/958/531 930/720/17 823/721/18 915/953/530
f 910/984/183 901/958/531 915/953/530 913/985/184
f 913/985/184 914/986/185 903/987/186 910/984/183
f 902/988/187 903/987/186 914/986/185 916/989/188
f 916/989/188 912/990/189 906/991/190 902/988/187
f 952/992/520 971/993/103 963/994/103 953/995/520
f 940/996/114 943/978/105 973/977/105 941/997/114
f 959/998/520 939/999/104 1696/1000/104 1695/1001/520
f 949/1002/520 974/972/104 976/971/103 950/1003/520
f 934/1004/520 933/833/520 936/832/103 935/982/103
f 972/1005/105 1012/837/105 938/836/114 937/1006/114
f 950/1003/520 976/971/103 975/975/103 951/1007/520
f 956/1008/520 957/1009/104 955/1010/104 958/1011/520
f 978/942/159 981/883/148 1018/1012/25 1165/1013/25
f 980/882/147 977/948/165 1017/947/164 1016/1014/25
f 991/1015/191 998/1016/25 1013/955/172 992/959/176
f 993/1017/192 989/1018/25 985/1019/534 984/1020/194
f 987/1021/195 998/1016/25 990/1022/25 988/1023/535
f 982/1024/197 989/1018/25 990/1022/25 983/1025/198
f 997/1026/199 824/853/25 825/852/126 994/1027/200
f 995/1028/201 1019/857/25 1022/856/25 996/1029/536
f 979/943/160 978/942/159 1165/1013/25 1020/1030/203
f 981/883/148 980/882/147 1016/1014/25 1018/1012/25
f 999/956/173 1013/955/172 998/1016/25 987/1021/195
f 983/1025/198 990/1022/25 998/1016/25 991/1015/191
f 986/1031/204 985/1019/534 989/1018/25 982/1024/197
f 988/1023/535 990/1022/25 989/1018/25 993/1017/192
f 996/1029/536 1022/856/25 824/853/25 997/1026/199
f 1000/952/169 1021/732/28 1019/857/25 995/1028/201
f 942/1032/114 944/1033/105 943/978/105 940/996/114
f 973/977/105 972/1005/105 937/1006/114 941/997/114
f 945/1034/114 946/1035/105 944/1033/105 942/1032/114
f 947/1036/114 1001/967/105 946/1035/105 945/1034/114
f 949/1002/520 934/1004/520 935/982/103 974/972/104
f 958/1011/520 955/1010/104 939/999/104 959/998/520
f 947/1036/114 948/1037/114 961/968/105 1001/967/105
f 961/968/105 948/1037/114 965/1038/114 962/1039/105
f 951/1007/520 975/975/103 932/981/103 931/1040/520
f 964/1041/114 966/1042/105 962/1039/105 965/1038/114
f 967/1043/114 968/1044/105 966/1042/105 964/1041/114
f 969/1045/114 970/1046/105 968/1044/105 967/1043/114
f 931/1040/520 932/981/103 971/993/103 952/992/520
f 953/995/520 963/994/103 960/1047/103 954/1048/520
f 1697/1049/114 1699/1050/105 970/1046/105 969/1045/114
f 954/1048/520 960/1047/103 957/1009/104 956/1008/520
f 1011/1051/205 1679/1052/537 1671/961/532 1005/960/177
f 1010/1053/207 1011/1051/205 1005/960/177 1004/964/181
f 1009/866/135 1010/1053/207 1004/964/181 1003/863/132
f 1675/1054/538 1008/1055/209 1002/963/180 1667/962/533
f 1008/1055/209 1007/1056/210 927/965/182 1002/963/180
f 1007/1056/210 1006/869/138 926/867/136 927/965/182
f 920/957/174 1580/1057/539 1475/940/528 818/938/155
f 827/697/9 933/833/520 934/1004/520 866/888/9
f 861/983/103 935/982/103 936/832/103 828/873/103
f 902/988/187 982/1024/197 983/1025/198 903/987/186
f 868/889/10 937/1006/114 938/836/114 826/702/10
f 838/1058/105 946/1035/105 1001/967/105 928/966/105
f 904/1059/212 984/1020/194 985/1019/534 905/1060/213
f 905/1060/213 985/1019/534 986/1031/204 906/991/190
f 1685/1061/104 1696/1000/104 939/999/104 869/1062/104
f 835/909/10 940/996/114 941/997/114 833/913/10
f 910/984/183 991/1015/191 992/959/176 901/958/531
f 837/905/10 942/1032/114 940/996/114 835/909/10
f 911/1063/540 993/1017/192 984/1020/194 904/1059/212
f 834/979/105 943/978/105 944/1033/105 836/1064/105
f 839/899/10 945/1034/114 942/1032/114 837/905/10
f 836/1064/105 944/1033/105 946/1035/105 838/1058/105
f 912/990/189 994/1027/200 825/852/126 822/877/144
f 840/897/10 947/1036/114 945/1034/114 839/899/10
f 913/985/184 995/1028/201 996/1029/536 914/986/185
f 842/894/10 948/1037/114 947/1036/114 840/897/10
f 929/878/105 1012/837/105 972/1005/105 865/1065/105
f 843/933/9 949/1002/520 950/1003/520 844/929/9
f 916/989/188 997/1026/199 994/1027/200 912/990/189
f 859/1066/105 970/1046/105 1699/1050/105 1690/1067/105
f 844/929/9 950/1003/520 951/1007/520 845/927/9
f 898/944/161 979/943/160 1020/1030/203 1015/1068/217
f 900/884/149 981/883/148 978/942/159 897/941/158
f 845/927/9 951/1007/520 931/1040/520 846/923/9
f 896/949/166 977/948/165 980/882/147 899/881/146
f 846/923/9 931/1040/520 952/992/520 847/915/9
f 847/915/9 952/992/520 953/995/520 848/916/9
f 848/916/9 953/995/520 954/1048/520 849/935/9
f 869/1062/104 939/999/104 955/1010/104 870/1069/104
f 909/717/14 999/956/173 987/1021/195 907/1070/214
f 849/935/9 954/1048/520 956/1008/520 850/931/9
f 903/987/186 983/1025/198 991/1015/191 910/984/183
f 870/1069/104 955/1010/104 957/1009/104 874/1071/104
f 850/931/9 956/1008/520 958/1011/520 851/925/9
f 851/925/9 958/1011/520 959/998/520 852/919/9
f 906/991/190 986/1031/204 982/1024/197 902/988/187
f 852/919/9 959/998/520 1695/1001/520 1683/920/9
f 874/1071/104 957/1009/104 960/1047/103 875/1072/103
f 908/1073/215 988/1023/535 993/1017/192 911/1063/540
f 841/969/105 961/968/105 962/1039/105 853/1074/105
f 875/1072/103 960/1047/103 963/994/103 862/1075/103
f 856/911/10 964/1041/114 965/1038/114 854/893/10
f 914/986/185 996/1029/536 997/1026/199 916/989/188
f 853/1074/105 962/1039/105 966/1042/105 855/1076/105
f 858/907/10 967/1043/114 964/1041/114 856/911/10
f 915/953/530 1000/952/169 995/1028/201 913/985/184
f 855/1076/105 966/1042/105 968/1044/105 857/1077/105
f 860/902/10 969/1045/114 967/1043/114 858/907/10
f 857/1077/105 968/1044/105 970/1046/105 859/1066/105
f 1684/901/10 1697/1049/114 969/1045/114 860/902/10
f 854/893/10 965/1038/114 948/1037/114 842/894/10
f 862/1075/103 963/994/103 971/993/103 863/1078/103
f 863/1078/103 971/993/103 932/981/103 864/980/103
f 865/1065/105 972/1005/105 973/977/105 871/976/105
f 833/913/10 941/997/114 937/1006/114 868/889/10
f 866/888/9 934/1004/520 949/1002/520 843/933/9
f 1043/1079/218 1036/1080/219 1035/1081/220 1059/1082/221
f 1041/1083/222 1042/1084/223 1050/1085/224 1027/1086/225
f 1040/1087/226 1063/1088/227 1745/1089/541 1720/1090/542
f 1039/1091/230 1062/1092/231 1063/1088/227 1040/1087/226
f 1038/1093/232 1061/1094/233 1062/1092/231 1039/1091/230
f 1037/1095/234 1060/1096/235 1061/1094/233 1038/1093/232
f 1036/1080/219 1043/1079/218 1060/1096/235 1037/1095/234
f 1034/1097/236 1058/1098/237 1059/1082/221 1035/1081/220
f 1192/1099/238 1057/1100/239 1058/1098/237 1034/1097/236
f 1197/1101/543 1046/1102/241 1204/1103/242 1200/1104/243
f 1146/1105/244 1202/1106/245 1204/1103/242 1156/1107/246
f 1033/1108/247 1056/1109/248 1197/1101/543 1193/1110/544
f 1032/1111/250 1055/1112/251 1056/1109/248 1033/1108/247
f 1028/1113/252 1051/1114/253 1042/1084/223 1041/1083/222
f 1031/1115/254 1054/1116/255 1053/1117/256 1030/1118/257
f 1030/1118/257 1053/1117/256 1052/1119/258 1029/1120/259
f 1029/1120/259 1052/1119/258 1051/1114/253 1028/1113/252
f 1027/1086/225 1050/1085/224 1049/1121/260 1026/1122/261
f 1026/1122/261 1049/1121/260 1048/1123/262 1194/1124/263
f 1057/1100/239 1196/1125/264 1202/1106/245 1048/1123/262
f 1047/1126/265 1200/1104/243 1196/1125/264 1025/1127/266
f 1195/1128/267 1046/1102/241 1045/1129/268 1024/1130/269
f 1024/1130/269 1045/1129/268 1044/1131/270 1023/1132/271
f 1746/1133/545 1745/1089/541 1063/1088/227 1054/1116/255
f 1054/1116/255 1063/1088/227 1062/1092/231 1053/1117/256
f 1053/1117/256 1062/1092/231 1061/1094/233 1052/1119/258
f 1052/1119/258 1061/1094/233 1060/1096/235 1051/1114/253
f 1051/1114/253 1060/1096/235 1043/1079/218 1042/1084/223
f 1042/1084/223 1043/1079/218 1059/1082/221 1050/1085/224
f 1050/1085/224 1059/1082/221 1058/1098/237 1049/1121/260
f 1049/1121/260 1058/1098/237 1057/1100/239 1048/1123/262
f 1193/1110/544 1197/1101/543 1200/1104/243 1199/1134/273
f 1146/1105/244 1132/1135/274 1201/1136/275 1202/1106/245
f 1046/1102/241 1197/1101/543 1056/1109/248 1045/1129/268
f 1045/1129/268 1056/1109/248 1055/1112/251 1044/1131/270
f 1721/1137/546 1746/1133/545 1054/1116/255 1031/1115/254
f 782/806/102 1066/1138/277 1067/1139/278 792/780/76
f 708/805/101 1064/1140/279 1066/1138/277 782/806/102
f 792/780/76 1067/1139/278 1065/1141/547 718/779/75
f 1066/1138/277 1070/1142/548 1071/1143/282 1067/1139/278
f 1064/1140/279 1068/1144/283 1070/1142/548 1066/1138/277
f 1067/1139/278 1071/1143/282 1069/1145/284 1065/1141/547
f 1070/1142/548 1044/1131/270 1055/1112/251 1071/1143/282
f 1068/1144/283 1023/1132/271 1044/1131/270 1070/1142/548
f 1071/1143/282 1055/1112/251 1032/1111/250 1069/1145/284
f 1096/1146/285 1088/1147/286 1087/1148/287 1114/1149/288
f 1094/1150/289 1095/1151/290 1103/1152/291 1077/1153/292
f 1092/1154/293 1118/1155/294 1119/1156/549 1093/1157/550
f 1091/1158/297 1117/1159/298 1118/1155/294 1092/1154/293
f 1090/1160/299 1116/1161/300 1117/1159/298 1091/1158/297
f 1089/1162/301 1115/1163/302 1116/1161/300 1090/1160/299
f 1088/1147/286 1096/1146/285 1115/1163/302 1089/1162/301
f 1086/1164/303 1113/1165/304 1114/1149/288 1087/1148/287
f 1085/1166/305 1112/1167/551 1113/1165/304 1086/1164/303
f 1083/1168/307 1109/1169/308 1110/1170/309 1084/1171/310
f 1082/1172/311 1108/1173/312 1109/1169/308 1083/1168/307
f 1078/1174/313 1104/1175/314 1095/1151/290 1094/1150/289
f 1081/1176/315 1107/1177/316 1106/1178/317 1080/1179/318
f 1080/1179/318 1106/1178/317 1105/1180/319 1079/1181/320
f 1079/1181/320 1105/1180/319 1104/1175/314 1078/1174/313
f 1077/1153/292 1103/1152/291 1102/1182/321 1076/718/15
f 1076/718/15 1102/1182/321 1101/1183/322 1075/719/16
f 1111/1184/323 1100/1185/324 1099/1186/325 1074/1187/326
f 795/766/62 1100/1185/324 1111/1184/323 721/765/61
f 1074/1187/326 1099/1186/325 1098/1188/327 1073/1189/328
f 1073/1189/328 1098/1188/327 1097/1190/329 1072/1191/330
f 1120/1192/552 1119/1156/549 1118/1155/294 1107/1177/316
f 1107/1177/316 1118/1155/294 1117/1159/298 1106/1178/317
f 1106/1178/317 1117/1159/298 1116/1161/300 1105/1180/319
f 1105/1180/319 1116/1161/300 1115/1163/302 1104/1175/314
f 1104/1175/314 1115/1163/302 1096/1146/285 1095/1151/290
f 1095/1151/290 1096/1146/285 1114/1149/288 1103/1152/291
f 1103/1152/291 1114/1149/288 1113/1165/304 1102/1182/321
f 1102/1182/321 1113/1165/304 1112/1167/551 1101/1183/322
f 1099/1186/325 1110/1170/309 1109/1169/308 1098/1188/327
f 1098/1188/327 1109/1169/308 1108/1173/312 1097/1190/329
f 1309/1193/553 1120/1192/552 1107/1177/316 1081/1176/315
f 1139/1194/333 1163/1195/554 1168/1196/555 1162/1197/556
f 1138/1198/337 1139/1194/333 1162/1197/556 1161/1199/338
f 1137/1200/339 1138/1198/337 1161/1199/338 1160/1201/340
f 1136/1202/341 1137/1200/339 1160/1201/340 1159/1203/342
f 1135/1204/343 1136/1202/341 1159/1203/342 1142/1205/344
f 1133/1206/345 1134/1207/346 1158/1208/347 1157/1209/348
f 1155/1210/557 1133/1206/345 1157/1209/348 1156/1107/246
f 1195/1128/267 1203/1211/350 1204/1103/242 1046/1102/241
f 1156/1107/246 1204/1103/242 1203/1211/350 1155/1210/557
f 1131/1212/351 1145/1213/352 1047/1126/265 1154/1214/353
f 1130/1215/354 1131/1212/351 1154/1214/353 1153/1216/355
f 1126/1217/356 1140/1218/357 1141/1219/358 1149/1220/359
f 1129/1221/558 1128/1222/361 1151/1223/362 1152/1224/559
f 1128/1222/361 1127/1225/364 1150/1226/365 1151/1223/362
f 1127/1225/364 1126/1217/356 1149/1220/359 1150/1226/365
f 1125/1227/366 1124/1228/367 1147/1229/368 1148/1230/369
f 1124/1228/367 1132/1135/274 1146/1105/244 1147/1229/368
f 1048/1123/262 1202/1106/245 1201/1136/275 1194/1124/263
f 1145/1213/352 1199/1134/273 1200/1104/243 1047/1126/265
f 1123/1231/370 1122/1232/371 1144/1233/372 1025/1127/266
f 1122/1232/371 1121/1234/373 1143/1235/374 1144/1233/372
f 1169/1236/560 1152/1224/559 1162/1197/556 1168/1196/555
f 1152/1224/559 1151/1223/362 1161/1199/338 1162/1197/556
f 1151/1223/362 1150/1226/365 1160/1201/340 1161/1199/338
f 1150/1226/365 1149/1220/359 1159/1203/342 1160/1201/340
f 1149/1220/359 1141/1219/358 1142/1205/344 1159/1203/342
f 1141/1219/358 1148/1230/369 1158/1208/347 1142/1205/344
f 1148/1230/369 1147/1229/368 1157/1209/348 1158/1208/347
f 1147/1229/368 1146/1105/244 1156/1107/246 1157/1209/348
f 1025/1127/266 1196/1125/264 1198/1237/376 1123/1231/370
f 1198/1237/376 1196/1125/264 1057/1100/239 1192/1099/238
f 1025/1127/266 1144/1233/372 1154/1214/353 1047/1126/265
f 1144/1233/372 1143/1235/374 1153/1216/355 1154/1214/353
f 1135/1204/343 1142/1205/344 1158/1208/347 1134/1207/346
f 1140/1218/357 1125/1227/366 1148/1230/369 1141/1219/358
f 1164/1238/561 1129/1221/558 1152/1224/559 1169/1236/560
f 1185/1239/378 1180/1240/379 1167/1241/380 1182/1242/562
f 1121/1234/373 1170/1243/382 1171/1244/383 1143/1235/374
f 1170/1243/382 1172/1245/384 1173/1246/385 1171/1244/383
f 1172/1245/384 1072/1191/330 1097/1190/329 1173/1246/385
f 1082/1172/311 1174/1247/386 1175/1248/387 1108/1173/312
f 1174/1247/386 1176/1249/388 1177/1250/389 1175/1248/387
f 1176/1249/388 1130/1215/354 1153/1216/355 1177/1250/389
f 1097/1190/329 1108/1173/312 1175/1248/387 1173/1246/385
f 1171/1244/383 1173/1246/385 1175/1248/387 1177/1250/389
f 1153/1216/355 1143/1235/374 1171/1244/383 1177/1250/389
f 1181/1251/390 1166/1252/391 1179/1253/392 1184/1254/393
f 1183/1255/394 1178/1256/395 1017/947/164 1014/946/163
f 1166/1252/391 1167/1241/380 1165/1013/25 1018/1012/25
f 1178/1256/395 1179/1253/392 1016/1014/25 1017/947/164
f 1167/1241/380 1180/1240/379 1020/1030/203 1165/1013/25
f 1179/1253/392 1166/1252/391 1018/1012/25 1016/1014/25
f 1015/1068/217 1020/1030/203 1180/1240/379 1185/1239/378
f 1184/1254/393 1179/1253/392 1178/1256/395 1183/1255/394
f 1182/1242/562 1167/1241/380 1166/1252/391 1181/1251/390
f 711/704/13 1186/722/19 1187/1257/396 785/800/96
f 1110/1170/309 1189/1258/397 1188/1259/398 1084/1171/310
f 784/804/100 1191/1260/399 1190/1261/563 710/801/97
f 1085/1166/305 1190/1261/563 1191/1260/399 1112/1167/551
f 794/775/71 720/774/70 1188/1259/398 1189/1258/397
f 1075/719/16 1101/1183/322 1187/1257/396 1186/722/19
f 785/800/96 1187/1257/396 1100/1185/324 795/766/62
f 1099/1186/325 1100/1185/324 1189/1258/397 1110/1170/309
f 794/775/71 1189/1258/397 1191/1260/399 784/804/100
f 1101/1183/322 1112/1167/551 1191/1260/399 1187/1257/396
f 1100/1185/324 1187/1257/396 1191/1260/399 1189/1258/397
f 1196/1125/264 1200/1104/243 1204/1103/242 1202/1106/245
f 1243/1262/401 1219/1263/402 1240/1264/403 1284/1265/404
f 1221/1266/405 1213/1267/406 1239/1268/407 1241/1269/564
f 1205/1270/409 1221/1266/405 1241/1269/564 1232/1271/410
f 1205/1270/409 1219/1263/402 1243/1262/401 1221/1266/405
f 1214/1272/411 1217/1273/412 1219/1263/402 1205/1270/409
f 1217/1273/412 1214/1272/411 1207/1274/413 1218/1275/565
f 1206/1276/415 1220/1277/416 1218/1275/565 1207/1274/413
f 1220/1277/416 1206/1276/415 1210/1278/417 1216/1279/418
f 1231/1280/419 1232/1271/410 1241/1269/564 1238/1281/25
f 1233/1282/566 1224/1283/421 1225/1284/422 1229/1285/25
f 1227/1286/423 1228/1287/567 1230/1288/25 1238/1281/25
f 1222/1289/425 1223/1290/426 1230/1288/25 1229/1285/25
f 1237/1291/427 1234/1292/428 1245/1293/429 1244/1294/25
f 1235/1295/430 1236/1296/431 1285/1297/25 1283/1298/25
f 1239/1268/407 1227/1286/423 1238/1281/25 1241/1269/564
f 1223/1290/426 1231/1280/419 1238/1281/25 1230/1288/25
f 1226/1299/432 1222/1289/425 1229/1285/25 1225/1284/422
f 1228/1287/567 1233/1282/566 1229/1285/25 1230/1288/25
f 1236/1296/431 1237/1291/427 1244/1294/25 1285/1297/25
f 1240/1264/403 1235/1295/430 1283/1298/25 1284/1265/404
f 1206/1276/415 1207/1274/413 1223/1290/426 1222/1289/425
f 1208/1300/568 1209/1301/434 1225/1284/422 1224/1283/421
f 1209/1301/434 1210/1278/417 1226/1299/432 1225/1284/422
f 1214/1272/411 1205/1270/409 1232/1271/410 1231/1280/419
f 1215/1302/437 1208/1300/568 1224/1283/421 1233/1282/566
f 1216/1279/418 1242/1303/438 1245/1293/429 1234/1292/428
f 1217/1273/412 1218/1275/565 1236/1296/431 1235/1295/430
f 1220/1277/416 1216/1279/418 1234/1292/428 1237/1291/427
f 1213/1267/406 1211/1304/435 1227/1286/423 1239/1268/407
f 1207/1274/413 1214/1272/411 1231/1280/419 1223/1290/426
f 1210/1278/417 1206/1276/415 1222/1289/425 1226/1299/432
f 1212/1305/436 1215/1302/437 1233/1282/566 1228/1287/567
f 1218/1275/565 1220/1277/416 1237/1291/427 1236/1296/431
f 1219/1263/402 1217/1273/412 1235/1295/430 1240/1264/403
f 1243/1262/401 1284/1265/404 1281/1306/439 1260/1307/440
f 1262/1308/441 1282/1309/442 1280/1310/443 1254/1311/444
f 1246/1312/445 1262/1308/441 1243/1262/401 1260/1307/440
f 1255/1313/447 1246/1312/445 1260/1307/440 1258/1314/448
f 1258/1314/448 1259/1315/569 1248/1316/450 1255/1313/447
f 1247/1317/451 1248/1316/450 1259/1315/569 1261/1318/452
f 1261/1318/452 1257/1319/453 1251/1320/454 1247/1317/451
f 1272/1321/455 1279/1322/25 1282/1309/442 1273/1323/446
f 1274/1324/456 1270/1325/25 1266/1326/457 1265/1327/458
f 1268/1328/459 1279/1322/25 1271/1329/25 1269/1330/460
f 1263/1331/461 1270/1325/25 1271/1329/25 1264/1332/462
f 1278/1333/463 1244/1294/25 1245/1293/429 1275/1334/464
f 1276/1335/465 1283/1298/25 1285/1297/25 1277/1336/466
f 1280/1310/443 1282/1309/442 1279/1322/25 1268/1328/459
f 1264/1332/462 1271/1329/25 1279/1322/25 1272/1321/455
f 1267/1337/570 1266/1326/457 1270/1325/25 1263/1331/461
f 1269/1330/460 1271/1329/25 1270/1325/25 1274/1324/456
f 1277/1336/466 1285/1297/25 1244/1294/25 1278/1333/463
f 1281/1306/439 1284/1265/404 1283/1298/25 1276/1335/465
f 1249/1338/468 1265/1327/458 1266/1326/457 1250/1339/571
f 1250/1339/571 1266/1326/457 1267/1337/570 1251/1320/454
f 1252/1340/470 1268/1328/459 1269/1330/460 1253/1341/471
f 1256/1342/472 1274/1324/456 1265/1327/458 1249/1338/468
f 1257/1319/453 1275/1334/464 1245/1293/429 1242/1303/438
f 1258/1314/448 1276/1335/465 1277/1336/466 1259/1315/569
f 1261/1318/452 1278/1333/463 1275/1334/464 1257/1319/453
f 1254/1311/444 1280/1310/443 1268/1328/459 1252/1340/470
f 1248/1316/450 1264/1332/462 1272/1321/455 1255/1313/447
f 1251/1320/454 1267/1337/570 1263/1331/461 1247/1317/451
f 1253/1341/471 1269/1330/460 1274/1324/456 1256/1342/472
f 1259/1315/569 1277/1336/466 1278/1333/463 1261/1318/452
f 1260/1307/440 1281/1306/439 1276/1335/465 1258/1314/448
f 1291/1343/473 1292/761/57 1299/764/60 1298/1344/474
f 1290/1345/475 1291/1343/473 1298/1344/474 1297/1346/476
f 1289/1347/572 1288/1348/478 1295/1349/479 1296/1350/573
f 1288/1348/478 1287/1351/481 1294/1352/482 1295/1349/479
f 1287/1351/481 1286/1353/483 1293/1354/484 1294/1352/482
f 1296/1350/573 1295/1349/479 1299/764/60 1300/763/513
f 1295/1349/479 1294/1352/482 1298/1344/474 1299/764/60
f 1294/1352/482 1293/1354/484 1297/1346/476 1298/1344/474
f 1301/1355/485 1293/1354/484 1286/1353/483 1302/1356/486
f 1303/1357/487 1297/1346/476 1293/1354/484 1301/1355/485
f 1304/1358/488 1290/1345/475 1297/1346/476 1303/1357/487
f 735/768/64 1304/1358/488 1303/1357/487 809/769/65
f 809/769/65 1303/1357/487 1301/1355/485 805/787/83
f 805/787/83 1301/1355/485 1302/1356/486 731/784/80
f 1306/1359/489 1310/1360/490 1311/1361/574 1307/1362/575
f 912/990/189 872/970/103 873/973/104 906/991/190
f 1312/1363/493 1315/1364/494 1308/1365/495 1305/1366/496
f 863/1078/103 864/980/103 703/826/113 697/825/112
f 1310/1360/490 1308/1365/495 1315/1364/494 1314/1367/25
f 872/970/103 912/990/189 822/877/144 867/974/104
f 1311/1361/574 1310/1360/490 1314/1367/25 1316/1368/25
f 703/826/113 864/980/103 867/974/104 822/877/144
f 904/1059/212 1094/1150/289 1077/1153/292 911/1063/540
f 1305/1366/496 1308/1365/495 1310/1360/490 1306/1359/489
f 1076/718/15 909/717/14 907/1070/214 1077/1153/292
f 1317/1369/576 1319/1370/577 1321/1371/499 1323/1372/500
f 1322/1373/578 1320/1374/502 1315/1364/494 1312/1363/493
f 699/875/143 713/689/2 702/688/1
f 1320/1374/502 1321/1371/499 1314/1367/25 1315/1364/494
f 698/692/504 713/689/2 699/875/143
f 1321/1371/499 1319/1370/577 1316/1368/25 1314/1367/25
f 911/1063/540 1077/1153/292 908/1073/215
f 1323/1372/500 1321/1371/499 1320/1374/502 1322/1373/578
f 1077/1153/292 907/1070/214 908/1073/215
f 1188/1259/398 1015/1068/217 1185/1239/378 1084/1171/310
f 1015/1068/217 1188/1259/398 720/774/70 898/944/161
f 1083/1168/307 1185/1239/378 1182/1242/562 1082/1172/311
f 719/773/69 718/779/75 897/941/158 898/944/161
f 1082/1172/311 1182/1242/562 1181/1251/390 1174/1247/386
f 900/884/149 897/941/158 718/779/75 1065/1141/547
f 1174/1247/386 1181/1251/390 1184/1254/393 1176/1249/388
f 899/881/146 900/884/149 1065/1141/547 1069/1145/284
f 1176/1249/388 1184/1254/393 1183/1255/394 1130/1215/354
f 896/949/166 899/881/146 1069/1145/284 1032/1111/250
f 1145/1213/352 1183/1255/394 1014/946/163 1199/1134/273
f 896/949/166 1193/1110/544 1199/1134/273 1014/946/163
f 1130/1215/354 1183/1255/394 1145/1213/352 1131/1212/351
f 1033/1108/247 1193/1110/544 896/949/166 1032/1111/250
f 1083/1168/307 1084/1171/310 1185/1239/378
f 720/774/70 719/773/69 898/944/161
f 1201/1136/275 1243/1262/401 1262/1308/441 1194/1124/263
f 1132/1135/274 1221/1266/405 1243/1262/401 1201/1136/275
f 1194/1124/263 1262/1308/441 1254/1311/444 1026/1122/261
f 1124/1228/367 1213/1267/406 1221/1266/405 1132/1135/274
f 838/1058/105 1257/1319/453 1242/1303/438 836/1064/105
f 836/1064/105 1242/1303/438 1216/1279/418 834/979/105
f 928/966/105 1251/1320/454 1257/1319/453 838/1058/105
f 834/979/105 1216/1279/418 1210/1278/417 871/976/105
f 1027/1086/225 1256/1342/472 1249/1338/468 1041/1083/222
f 1125/1227/366 1211/1304/435 1213/1267/406 1124/1228/367
f 1027/1086/225 1252/1340/470 1253/1341/471
f 1253/1341/471 1256/1342/472 1027/1086/225
f 1026/1122/261 1254/1311/444 1252/1340/470 1027/1086/225
f 1125/1227/366 1215/1302/437 1212/1305/436
f 1140/1218/357 1208/1300/568 1215/1302/437 1125/1227/366
f 1212/1305/436 1211/1304/435 1125/1227/366
f 1591/880/526 1685/1061/104 869/1062/104 717/788/84
f 717/788/84 869/1062/104 870/1069/104 716/789/85
f 716/789/85 870/1069/104 874/1071/104 715/794/90
f 715/794/90 874/1071/104 875/1072/103 714/781/77
f 714/781/77 875/1072/103 862/1075/103 743/690/3
f 696/874/142 863/1078/103 697/825/112
f 695/691/503 743/690/3 696/874/142
f 681/811/104 1309/1193/553 1081/1176/315 684/807/104
f 684/807/104 1081/1176/315 1080/1179/318 685/808/104
f 685/808/104 1080/1179/318 1079/1181/320 678/817/103
f 678/817/103 1079/1181/320 1078/1174/313 828/873/103
f 828/873/103 1078/1174/313 1094/1150/289 861/983/103
f 905/1060/213 906/991/190 873/973/104
f 904/1059/212 905/1060/213 1094/1150/289
f 1094/1150/289 905/1060/213 873/973/104 861/983/103
f 743/690/3 862/1075/103 863/1078/103 696/874/142
f 1690/1067/105 1721/1137/546 1031/1115/254 859/1066/105
f 859/1066/105 1031/1115/254 1030/1118/257 857/1077/105
f 857/1077/105 1030/1118/257 1029/1120/259 855/1076/105
f 855/1076/105 1029/1120/259 1028/1113/252 853/1074/105
f 853/1074/105 1028/1113/252 1041/1083/222 841/969/105
f 928/966/105 1250/1339/571 1251/1320/454
f 671/814/105 1129/1221/558 1164/1238/561 673/876/105
f 683/813/105 1128/1222/361 1129/1221/558 671/814/105
f 679/879/105 1127/1225/364 1128/1222/361 683/813/105
f 929/878/105 1126/1217/356 1127/1225/364 679/879/105
f 865/1065/105 1140/1218/357 1126/1217/356 929/878/105
f 1209/1301/434 1208/1300/568 1140/1218/357
f 1041/1083/222 1249/1338/468 1250/1339/571
f 841/969/105 1041/1083/222 1250/1339/571 928/966/105
f 1210/1278/417 1209/1301/434 871/976/105
f 871/976/105 1209/1301/434 1140/1218/357 865/1065/105
f 813/740/36 922/871/140 814/870/139 742/736/32
f 742/736/32 814/870/139 1006/869/138 737/726/23
f 921/954/171 922/871/140 813/740/36
f 1580/1057/539 920/957/174 812/743/39 1389/862/525
f 920/957/174 921/954/171 813/740/36 812/743/39
f 736/723/20 1008/1055/209 1675/1054/538 1392/739/508
f 737/726/23 1007/1056/210 1008/1055/209 736/723/20
f 1007/1056/210 737/726/23 1006/869/138
f 735/768/64 1322/1373/578 1312/1363/493 1304/1358/488
f 1304/1358/488 1312/1363/493 1305/1366/496 1290/1345/475
f 1318/762/512 1292/761/57 1306/1359/489 1307/1362/575
f 1317/1369/576 1323/1372/500 733/771/67 732/777/514
f 733/771/67 1323/1372/500 1322/1373/578 734/767/63
f 1291/1343/473 1305/1366/496 1306/1359/489 1292/761/57
f 1291/1343/473 1290/1345/475 1305/1366/496
f 735/768/64 734/767/63 1322/1373/578
f 1139/1194/333 1288/1348/478 1289/1347/572 1163/1195/554
f 1092/1154/293 1093/1157/550 1313/796/517 729/792/88
f 730/785/81 1091/1158/297 1092/1154/293 729/792/88
f 1138/1198/337 1287/1351/481 1288/1348/478 1139/1194/333
f 1023/1132/271 1068/1144/283 1302/1356/486 1286/1353/483
f 1068/1144/283 1064/1140/279 731/784/80 1302/1356/486
f 1023/1132/271 1286/1353/483 1287/1351/481 1024/1130/269
f 730/785/81 731/784/80 1064/1140/279 708/805/101
f 925/886/151 1072/1191/330 1172/1245/384 816/865/134
f 816/865/134 1172/1245/384 1170/1243/382 1009/866/135
f 1009/866/135 1170/1243/382 1121/1234/373 1010/1053/207
f 924/945/162 1073/1189/328 1072/1191/330 925/886/151
f 728/745/41 923/950/167 1584/951/529 1575/746/510
f 727/749/45 924/945/162 923/950/167 728/745/41
f 1011/1051/205 1040/1087/226 1720/1090/542 1679/1052/537
f 1010/1053/207 1039/1091/230 1040/1087/226 1011/1051/205
f 1034/1097/236 1122/1232/371 1123/1231/370 1192/1099/238
f 1035/1081/220 1121/1234/373 1122/1232/371 1034/1097/236
f 1198/1237/376 1192/1099/238 1123/1231/370
f 1203/1211/350 1195/1128/267 1155/1210/557
f 1024/1130/269 1133/1206/345 1155/1210/557 1195/1128/267
f 1137/1200/339 1287/1351/481 1138/1198/337
f 1038/1093/232 1039/1091/230 1010/1053/207
f 1111/1184/323 1074/1187/326 721/765/61
f 721/765/61 1074/1187/326 1073/1189/328 722/757/53
f 1190/1261/563 1085/1166/305 710/801/97
f 710/801/97 1085/1166/305 1086/1164/303 709/802/98
f 709/802/98 1086/1164/303 1087/1148/287 708/805/101
f 1088/1147/286 708/805/101 1087/1148/287
f 924/945/162 727/749/45 726/751/47
f 924/945/162 726/751/47 725/753/49
f 724/755/51 1073/1189/328 924/945/162 725/753/49
f 723/758/54 1073/1189/328 724/755/51
f 722/757/53 1073/1189/328 723/758/54
f 1089/1162/301 730/785/81 708/805/101 1088/1147/286
f 1090/1160/299 730/785/81 1089/1162/301
f 1091/1158/297 730/785/81 1090/1160/299
f 1036/1080/219 1121/1234/373 1035/1081/220
f 1038/1093/232 1010/1053/207 1037/1095/234
f 1133/1206/345 1024/1130/269 1134/1207/346
f 1134/1207/346 1024/1130/269 1135/1204/343
f 1135/1204/343 1024/1130/269 1287/1351/481 1136/1202/341
f 1136/1202/341 1287/1351/481 1137/1200/339
f 1036/1080/219 1037/1095/234 1010/1053/207 1121/1234/373
f 1356/1375/579 1349/1376/580 1400/1377/581 1367/1378/582
f 1352/1379/583 1367/1378/582 1366/1380/15 1354/1381/584
f 1324/1382/8 1488/1383/8 1485/1384/9 1335/1385/9
f 1337/1386/10 1484/1387/10 1487/1388/11 1325/1389/11
f 1366/1380/15 1365/1390/585 1401/1391/586 1354/1381/584
f 1329/18/10 1328/1392/10 1342/1393/11 1343/19/11
f 1328/1392/10 1326/1394/10 1341/1395/11 1342/1393/11
f 1331/1396/9 1332/27/9 20/26/8 1345/1397/8
f 1330/1398/9 1331/1396/9 1345/1397/8 1344/1399/8
f 1567/1400/587 1593/1401/588 1758/1402/589 1759/1403/7
f 1481/1404/590 1867/1405/591 1758/1402/589 1593/1401/588
f 1401/1391/586 1365/1390/585 1867/1405/591 1481/1404/590
f 1390/1406/592 1391/1407/593 1394/1408/594 1393/1409/595
f 1393/1409/595 1398/1410/25 1396/728/25 1395/727/507
f 1481/1404/590 1700/1411/596 1435/1412/597 1360/1413/598
f 1394/1408/594 1397/1414/599 1398/1410/25 1393/1409/595
f 1401/1391/586 1479/1415/600 1434/1416/601 1354/1381/584
f 1344/1399/8 1324/1382/8 1335/1385/9 1330/1398/9
f 1326/1394/10 1337/1386/10 1325/1389/11 1341/1395/11
f 1391/1407/593 1399/1417/602 1397/1414/599 1394/1408/594
f 1346/1418/603 1427/1419/604 1479/1415/600 1401/1391/586
f 1392/739/508 1390/1406/592 1393/1409/595 1395/727/507
f 1470/1420/605 1469/1421/606 1467/1422/607 1468/1423/608
f 1466/744/509 1396/728/25 1398/1410/25 1467/1422/607
f 1382/1424/609 1457/1425/610 1664/747/511 1575/746/510
f 1381/1426/611 1456/1427/612 1457/1425/610 1382/1424/609
f 1380/1428/613 1455/1429/614 1456/1427/612 1381/1426/611
f 1379/1430/615 1454/1431/616 1455/1429/614 1380/1428/613
f 1378/1432/617 1437/1433/618 1454/1431/616 1379/1430/615
f 1376/1434/619 1452/1435/620 1453/1436/621 1377/1437/622
f 1973/1438/623 1980/1439/624 1981/76/59 1995/75/58
f 1375/1440/625 1451/1441/626 1452/1435/620 1376/1434/619
f 1387/1442/627 1464/1443/628 1465/1444/629 1388/1445/630
f 1386/1446/631 1463/1447/632 1464/1443/628 1387/1442/627
f 1373/1448/307 1449/1449/308 1450/1450/633 1374/1451/634
f 61/90/73 1462/91/74 1463/1447/632 1386/1446/631
f 1372/1452/635 1448/1453/636 1449/1449/308 1373/1448/307
f 1368/1454/637 1444/1455/638 1436/1456/639 1400/1377/581
f 1385/1457/640 1461/1458/641 1460/1459/642 1384/1460/643
f 1371/1461/644 1447/1462/645 1446/1463/646 1370/1464/647
f 1384/1460/643 1460/1459/642 1459/1465/648 1383/1466/649
f 1370/1464/647 1446/1463/646 1445/1467/650 1369/1468/651
f 1383/1466/649 1459/1465/648 1458/110/93 1991/109/92
f 1369/1468/651 1445/1467/650 1444/1455/638 1368/1454/637
f 1367/1378/582 1443/1469/652 1442/1470/653 1366/1380/15
f 1366/1380/15 1442/1470/653 1441/1471/654 1365/1390/585
f 1364/1472/655 1440/1473/656 1439/1474/657 1363/1475/658
f 1363/1475/658 1439/1474/657 1438/1476/659 1362/1477/660
f 1339/1478/104 1416/1479/104 1414/1480/104 1340/1481/104
f 1336/124/103 1415/125/103 1416/1479/104 1339/1478/104
f 1338/1482/105 1413/1483/105 1408/1484/105 1327/1485/105
f 1340/1481/104 1414/1480/104 1403/1486/104 1333/1487/104
f 1346/1418/603 1401/1391/586 1481/1404/590 1360/1413/598
f 1355/1488/661 1346/1418/603 1360/1413/598 1358/1489/662
f 1358/1489/662 1359/1490/663 1348/1491/664 1355/1488/661
f 1347/1492/665 1348/1491/664 1359/1490/663 1361/1493/666
f 1361/1493/666 1357/1494/667 1351/1495/668 1347/1492/665
f 1405/1496/114 1408/1484/105 1413/1483/105 1406/1497/114
f 1410/1498/115 1414/1480/104 1416/1479/104 1411/1499/115
f 1402/1500/115 1596/1501/115 1599/1502/104 1403/1486/104
f 1412/1503/105 1680/1504/105 1601/1505/114 1404/1506/114
f 1411/1499/115 1416/1479/104 1415/125/103 82/151/115
f 1426/1507/669 1433/1508/25 1479/1415/600 1427/1419/604
f 1428/1509/670 1424/1510/25 1420/1511/671 1419/1512/672
f 1422/1513/673 1433/1508/25 1425/1514/25 1423/1515/674
f 1417/1516/675 1424/1510/25 1425/1514/25 1418/1517/676
f 1432/1518/677 1482/1519/25 1483/1520/678 1429/1521/679
f 1430/1522/680 1694/1523/25 1701/1524/25 1431/1525/681
f 1434/1416/601 1479/1415/600 1433/1508/25 1422/1513/673
f 1418/1517/676 1425/1514/25 1433/1508/25 1426/1507/669
f 1421/1526/682 1420/1511/671 1424/1510/25 1417/1516/675
f 1423/1515/674 1425/1514/25 1424/1510/25 1428/1509/670
f 1431/1525/681 1701/1524/25 1482/1519/25 1432/1518/677
f 1435/1412/597 1700/1411/596 1694/1523/25 1430/1522/680
f 1407/172/114 1409/173/105 1408/1484/105 1405/1496/114
f 1413/1483/105 1412/1503/105 1404/1506/114 1406/1497/114
f 1410/1498/115 1402/1500/115 1403/1486/104 1414/1480/104
f 1681/861/524 1664/747/511 1457/1425/610 1447/1462/645
f 1447/1462/645 1457/1425/610 1456/1427/612 1446/1463/646
f 1446/1463/646 1456/1427/612 1455/1429/614 1445/1467/650
f 1445/1467/650 1455/1429/614 1454/1431/616 1444/1455/638
f 1444/1455/638 1454/1431/616 1437/1433/618 1436/1456/639
f 1436/1456/639 1437/1433/618 1453/1436/621 1443/1469/652
f 1443/1469/652 1453/1436/621 1452/1435/620 1442/1470/653
f 1442/1470/653 1452/1435/620 1451/1441/626 1441/1471/654
f 1440/1473/656 1450/1450/633 1449/1449/308 1439/1474/657
f 1439/1474/657 1449/1449/308 1448/1453/636 1438/1476/659
f 1461/1458/641 1465/1444/629 1464/1443/628 1460/1459/642
f 1460/1459/642 1464/1443/628 1463/1447/632 1459/1465/648
f 1459/1465/648 1463/1447/632 1462/91/74 1458/110/93
f 1467/1422/607 1398/1410/25 1397/1414/599 1468/1423/608
f 1399/1417/602 1470/1420/605 1468/1423/608 1397/1414/599
f 1469/1421/606 1389/862/525 1466/744/509 1467/1422/607
f 1668/1527/683 1676/1528/684 1473/1529/685 1474/1530/686
f 1588/1531/687 1668/1527/683 1474/1530/686 1472/1532/688
f 1672/1533/689 1588/1531/687 1472/1532/688 1471/1534/690
f 1471/1534/690 1472/1532/688 1478/1535/691 1583/1536/692
f 1485/1384/9 1596/1501/115 1402/1500/115 1335/1385/9
f 1333/1487/104 1403/1486/104 1599/1502/104 1486/1537/104
f 1347/1492/665 1417/1516/675 1418/1517/676 1348/1491/664
f 1337/1386/10 1404/1506/114 1601/1505/114 1484/1387/10
f 1349/1376/580 1419/1512/672 1420/1511/671 1350/1538/693
f 1350/1538/693 1420/1511/671 1421/1526/682 1351/1495/668
f 1352/1379/583 1422/1513/673 1423/1515/674 1353/1539/694
f 1328/1392/10 1405/1496/114 1406/1497/114 1326/1394/10
f 1355/1488/661 1426/1507/669 1427/1419/604 1346/1418/603
f 1329/18/10 1407/172/114 1405/1496/114 1328/1392/10
f 1356/1375/579 1428/1509/670 1419/1512/672 1349/1376/580
f 1327/1485/105 1408/1484/105 1409/173/105 6/189/105
f 1357/1494/667 1429/1521/679 1483/1520/678 1480/1540/695
f 1358/1489/662 1430/1522/680 1431/1525/681 1359/1490/663
f 1592/1541/105 1680/1504/105 1412/1503/105 1334/1542/105
f 1330/1398/9 1410/1498/115 1411/1499/115 1331/1396/9
f 1361/1493/666 1432/1518/677 1429/1521/679 1357/1494/667
f 1331/1396/9 1411/1499/115 82/151/115 1332/27/9
f 1378/1432/617 1377/1437/622 1453/1436/621 1437/1433/618
f 1400/1377/581 1436/1456/639 1443/1469/652 1367/1378/582
f 1591/880/526 1681/861/524 1447/1462/645 1371/1461/644
f 1354/1381/584 1434/1416/601 1422/1513/673 1352/1379/583
f 1348/1491/664 1418/1517/676 1426/1507/669 1355/1488/661
f 1351/1495/668 1421/1526/682 1417/1516/675 1347/1492/665
f 1359/1490/663 1431/1525/681 1432/1518/677 1361/1493/666
f 1360/1413/598 1435/1412/597 1430/1522/680 1358/1489/662
f 1334/1542/105 1412/1503/105 1413/1483/105 1338/1482/105
f 1326/1394/10 1406/1497/114 1404/1506/114 1337/1386/10
f 1335/1385/9 1402/1500/115 1410/1498/115 1330/1398/9
f 1557/1543/696 1558/1544/697 1644/1545/698 1643/1546/699
f 1472/1532/688 1474/1530/686 1579/1547/700 1478/1535/691
f 1474/1530/686 1473/1529/685 1587/1548/701 1579/1547/700
f 1489/1549/8 1524/1550/9 1485/1384/9 1488/1383/8
f 1526/1551/10 1490/1552/11 1487/1388/11 1484/1387/10
f 1578/1553/702 1477/1554/703 1478/1535/691 1579/1547/700
f 1512/1555/10 1540/1556/11 1539/1557/11 1500/1558/10
f 1500/1558/10 1539/1557/11 1538/1559/11 1498/1560/10
f 1498/1560/10 1538/1559/11 1537/1561/11 1497/1562/10
f 1684/901/10 1686/904/11 1543/1563/11 1518/1564/10
f 1497/1562/10 1537/1561/11 1536/1565/11 1495/1566/10
f 1518/1564/10 1543/1563/11 1542/1567/11 1516/1568/10
f 1495/1566/10 1536/1565/11 1535/1569/11 1493/1570/10
f 1516/1568/10 1542/1567/11 1541/1571/11 1514/1572/10
f 1514/1572/10 1541/1571/11 1540/1556/11 1512/1555/10
f 1493/1570/10 1535/1569/11 1534/1573/11 1491/1574/10
f 1505/1575/9 1548/1576/8 1549/1577/8 1506/1578/9
f 1510/1579/9 1553/1580/8 1687/921/8 1683/920/9
f 1504/1581/9 1547/1582/8 1548/1576/8 1505/1575/9
f 1509/1583/9 1552/1584/8 1553/1580/8 1510/1579/9
f 1503/1585/9 1546/1586/8 1547/1582/8 1504/1581/9
f 1502/1587/9 1545/1588/8 1546/1586/8 1503/1585/9
f 1508/1589/9 1551/1590/8 1552/1584/8 1509/1583/9
f 1501/1591/9 1544/1592/8 1545/1588/8 1502/1587/9
f 1507/1593/9 1550/1594/8 1551/1590/8 1508/1589/9
f 1506/1578/9 1549/1577/8 1550/1594/8 1507/1593/9
f 1577/1595/704 1476/1596/705 1477/1554/703 1578/1553/702
f 1576/939/527 1475/940/528 1476/1596/705 1577/1595/704
f 1555/1597/706 1556/1598/707 1642/1599/708 1641/1600/709
f 1586/1601/710 1578/1553/702 1579/1547/700 1587/1548/701
f 1688/1602/711 1554/1603/712 1640/1604/713 1692/1605/714
f 1585/1606/715 1577/1595/704 1578/1553/702 1586/1601/710
f 1584/951/529 1576/939/527 1577/1595/704 1585/1606/715
f 1481/1404/590 1573/1607/716 1663/1608/717 1700/1411/596
f 1583/1536/692 1478/1535/691 1477/1554/703 1582/1609/718
f 1593/1401/588 1567/1400/587 1662/1610/719 1682/1611/720
f 1544/1592/8 1501/1591/9 1524/1550/9 1489/1549/8
f 1491/1574/10 1534/1573/11 1490/1552/11 1526/1551/10
f 1582/1609/718 1477/1554/703 1476/1596/705 1581/1612/721
f 1559/1613/722 1593/1401/588 1682/1611/720 1655/1614/723
f 1670/1615/724 1666/1616/725 1667/962/533 1671/961/532
f 1669/1617/726 1589/1618/727 1666/1616/725 1670/1615/724
f 1668/1527/683 1588/1531/687 1589/1618/727 1669/1617/726
f 1590/1619/105 1499/1620/105 1624/1621/105 1665/1622/105
f 1530/1623/103 1531/1624/103 1637/1625/103 1639/1626/103
f 1525/1627/103 1530/1623/103 1639/1626/103 1638/1628/103
f 1529/1629/105 1492/1630/105 1606/1631/105 1636/1632/105
f 1522/1633/103 1525/1627/103 1638/1628/103 1595/1634/103
f 1531/1624/103 1519/1635/103 1598/1636/103 1637/1625/103
f 1559/1613/722 1573/1607/716 1481/1404/590 1593/1401/588
f 1568/1637/728 1571/1638/729 1573/1607/716 1559/1613/722
f 1571/1638/729 1568/1637/728 1561/1639/730 1572/1640/731
f 1560/1641/732 1574/1642/733 1572/1640/731 1561/1639/730
f 1574/1642/733 1560/1641/732 1564/1643/734 1570/1644/735
f 1615/1645/520 1616/1646/520 1626/1647/103 1634/1648/103
f 1603/1649/114 1604/1650/114 1636/1632/105 1606/1631/105
f 1622/1651/520 1695/1001/520 1696/1000/104 1602/1652/103
f 1612/1653/115 1613/1654/115 1639/1626/103 1637/1625/103
f 1597/1655/115 1598/1636/103 1599/1502/104 1596/1501/115
f 1635/1656/105 1600/1657/114 1601/1505/114 1680/1504/105
f 1613/1654/115 1614/1658/115 1638/1628/103 1639/1626/103
f 1619/1659/520 1621/1660/520 1618/1661/103 1620/1662/103
f 1641/1600/709 1846/1663/25 1693/1664/25 1644/1545/698
f 1643/1546/699 1691/1665/25 1692/1605/714 1640/1604/713
f 1654/1666/736 1655/1614/723 1682/1611/720 1661/1667/25
f 1656/1668/737 1647/1669/738 1648/1670/739 1652/1671/25
f 1650/1672/740 1651/1673/741 1653/1674/25 1661/1667/25
f 1645/1675/742 1646/1676/743 1653/1674/25 1652/1671/25
f 1660/1677/744 1657/1678/745 1483/1520/678 1482/1519/25
f 1658/1679/746 1659/1680/747 1701/1524/25 1694/1523/25
f 1642/1599/708 1698/1681/748 1846/1663/25 1641/1600/709
f 1644/1545/698 1693/1664/25 1691/1665/25 1643/1546/699
f 1662/1610/719 1650/1672/740 1661/1667/25 1682/1611/720
f 1646/1676/743 1654/1666/736 1661/1667/25 1653/1674/25
f 1649/1682/749 1645/1675/742 1652/1671/25 1648/1670/739
f 1651/1673/741 1656/1668/737 1652/1671/25 1653/1674/25
f 1659/1680/747 1660/1677/744 1482/1519/25 1701/1524/25
f 1663/1608/717 1658/1679/746 1694/1523/25 1700/1411/596
f 1605/1683/114 1603/1649/114 1606/1631/105 1607/1684/105
f 1636/1632/105 1604/1650/114 1600/1657/114 1635/1656/105
f 1608/1685/114 1605/1683/114 1607/1684/105 1609/1686/105
f 1610/1687/114 1608/1685/114 1609/1686/105 1665/1622/105
f 1612/1653/115 1637/1625/103 1598/1636/103 1597/1655/115
f 1621/1660/520 1622/1651/520 1602/1652/103 1618/1661/103
f 1610/1687/114 1665/1622/105 1624/1621/105 1611/1688/114
f 1624/1621/105 1625/1689/105 1628/1690/114 1611/1688/114
f 1614/1658/115 1594/1691/115 1595/1634/103 1638/1628/103
f 1627/1692/114 1628/1690/114 1625/1689/105 1629/1693/105
f 1630/1694/114 1627/1692/114 1629/1693/105 1631/1695/105
f 1632/1696/114 1630/1694/114 1631/1695/105 1633/1697/105
f 1594/1691/115 1615/1645/520 1634/1648/103 1595/1634/103
f 1616/1646/520 1617/1698/520 1623/1699/103 1626/1647/103
f 1697/1049/114 1632/1696/114 1633/1697/105 1699/1050/105
f 1617/1698/520 1619/1659/520 1620/1662/103 1623/1699/103
f 1678/1700/750 1670/1615/724 1671/961/532 1679/1052/537
f 1677/1701/751 1669/1617/726 1670/1615/724 1678/1700/750
f 1676/1528/684 1668/1527/683 1669/1617/726 1677/1701/751
f 1675/1054/538 1667/962/533 1666/1616/725 1674/1702/752
f 1674/1702/752 1666/1616/725 1589/1618/727 1673/1703/753
f 1673/1703/753 1589/1618/727 1588/1531/687 1672/1533/689
f 1581/1612/721 1476/1596/705 1475/940/528 1580/1057/539
f 1485/1384/9 1524/1550/9 1597/1655/115 1596/1501/115
f 1519/1635/103 1486/1537/104 1599/1502/104 1598/1636/103
f 1560/1641/732 1561/1639/730 1646/1676/743 1645/1675/742
f 1526/1551/10 1484/1387/10 1601/1505/114 1600/1657/114
f 1496/1704/105 1590/1619/105 1665/1622/105 1609/1686/105
f 1562/1705/754 1563/1706/755 1648/1670/739 1647/1669/738
f 1563/1706/755 1564/1643/734 1649/1682/749 1648/1670/739
f 1565/1707/756 1566/1708/757 1651/1673/741 1650/1672/740
f 1685/1061/104 1527/1709/103 1602/1652/103 1696/1000/104
f 1493/1570/10 1491/1574/10 1604/1650/114 1603/1649/114
f 1568/1637/728 1559/1613/722 1655/1614/723 1654/1666/736
f 1495/1566/10 1493/1570/10 1603/1649/114 1605/1683/114
f 1569/1710/758 1562/1705/754 1647/1669/738 1656/1668/737
f 1492/1630/105 1494/1711/105 1607/1684/105 1606/1631/105
f 1497/1562/10 1495/1566/10 1605/1683/114 1608/1685/114
f 1494/1711/105 1496/1704/105 1609/1686/105 1607/1684/105
f 1570/1644/735 1480/1540/695 1483/1520/678 1657/1678/745
f 1498/1560/10 1497/1562/10 1608/1685/114 1610/1687/114
f 1571/1638/729 1572/1640/731 1659/1680/747 1658/1679/746
f 1500/1558/10 1498/1560/10 1610/1687/114 1611/1688/114
f 1592/1541/105 1523/1712/105 1635/1656/105 1680/1504/105
f 1501/1591/9 1502/1587/9 1613/1654/115 1612/1653/115
f 1574/1642/733 1570/1644/735 1657/1678/745 1660/1677/744
f 1517/1713/105 1690/1067/105 1699/1050/105 1633/1697/105
f 1502/1587/9 1503/1585/9 1614/1658/115 1613/1654/115
f 1556/1598/707 1689/1714/759 1698/1681/748 1642/1599/708
f 1558/1544/697 1555/1597/706 1641/1600/709 1644/1545/698
f 1503/1585/9 1504/1581/9 1594/1691/115 1614/1658/115
f 1554/1603/712 1557/1543/696 1643/1546/699 1640/1604/713
f 1504/1581/9 1505/1575/9 1615/1645/520 1594/1691/115
f 1505/1575/9 1506/1578/9 1616/1646/520 1615/1645/520
f 1506/1578/9 1507/1593/9 1617/1698/520 1616/1646/520
f 1527/1709/103 1528/1715/103 1618/1661/103 1602/1652/103
f 1567/1400/587 1565/1707/756 1650/1672/740 1662/1610/719
f 1507/1593/9 1508/1589/9 1619/1659/520 1617/1698/520
f 1561/1639/730 1568/1637/728 1654/1666/736 1646/1676/743
f 1528/1715/103 1532/1716/103 1620/1662/103 1618/1661/103
f 1508/1589/9 1509/1583/9 1621/1660/520 1619/1659/520
f 1509/1583/9 1510/1579/9 1622/1651/520 1621/1660/520
f 1564/1643/734 1560/1641/732 1645/1675/742 1649/1682/749
f 1510/1579/9 1683/920/9 1695/1001/520 1622/1651/520
f 1532/1716/103 1533/1717/103 1623/1699/103 1620/1662/103
f 1566/1708/757 1569/1710/758 1656/1668/737 1651/1673/741
f 1499/1620/105 1511/1718/105 1625/1689/105 1624/1621/105
f 1533/1717/103 1520/1719/103 1626/1647/103 1623/1699/103
f 1514/1572/10 1512/1555/10 1628/1690/114 1627/1692/114
f 1572/1640/731 1574/1642/733 1660/1677/744 1659/1680/747
f 1511/1718/105 1513/1720/105 1629/1693/105 1625/1689/105
f 1516/1568/10 1514/1572/10 1627/1692/114 1630/1694/114
f 1573/1607/716 1571/1638/729 1658/1679/746 1663/1608/717
f 1513/1720/105 1515/1721/105 1631/1695/105 1629/1693/105
f 1518/1564/10 1516/1568/10 1630/1694/114 1632/1696/114
f 1515/1721/105 1517/1713/105 1633/1697/105 1631/1695/105
f 1684/901/10 1518/1564/10 1632/1696/114 1697/1049/114
f 1512/1555/10 1500/1558/10 1611/1688/114 1628/1690/114
f 1520/1719/103 1521/1722/103 1634/1648/103 1626/1647/103
f 1521/1722/103 1522/1633/103 1595/1634/103 1634/1648/103
f 1523/1712/105 1529/1629/105 1636/1632/105 1635/1656/105
f 1491/1574/10 1526/1551/10 1600/1657/114 1604/1650/114
f 1524/1550/9 1501/1591/9 1612/1653/115 1597/1655/115
f 1724/1723/760 1740/1724/761 1714/1725/762 1715/1726/763
f 1722/1727/764 1706/1728/765 1731/1729/766 1723/1730/767
f 1719/1731/768 1720/1090/542 1745/1089/541 1744/1732/769
f 1718/1733/770 1719/1731/768 1744/1732/769 1743/1734/771
f 1717/1735/772 1718/1733/770 1743/1734/771 1742/1736/773
f 1716/1737/774 1717/1735/772 1742/1736/773 1741/1738/775
f 1715/1726/763 1716/1737/774 1741/1738/775 1724/1723/760
f 1713/1739/776 1714/1725/762 1740/1724/761 1739/1740/777
f 1873/1741/778 1713/1739/776 1739/1740/777 1738/1742/779
f 1878/1743/780 1881/1744/781 1885/1745/782 1727/1746/783
f 1828/1747/784 1838/1748/785 1885/1745/782 1883/1749/786
f 1712/1750/787 1874/1751/788 1878/1743/780 1737/1752/789
f 1711/1753/790 1712/1750/787 1737/1752/789 1736/1754/791
f 1707/1755/792 1722/1727/764 1723/1730/767 1732/1756/793
f 1710/1757/794 1709/1758/795 1734/1759/796 1735/1760/797
f 1709/1758/795 1708/1761/798 1733/1762/799 1734/1759/796
f 1708/1761/798 1707/1755/792 1732/1756/793 1733/1762/799
f 1706/1728/765 1705/1763/800 1730/1764/801 1731/1729/766
f 1705/1763/800 1875/1765/802 1729/1766/803 1730/1764/801
f 1738/1742/779 1729/1766/803 1883/1749/786 1877/1767/804
f 1728/1768/805 1704/1769/806 1877/1767/804 1881/1744/781
f 1876/1770/807 1703/1771/808 1726/1772/809 1727/1746/783
f 1703/1771/808 1702/1773/810 1725/1774/811 1726/1772/809
f 1746/1133/545 1735/1760/797 1744/1732/769 1745/1089/541
f 1735/1760/797 1734/1759/796 1743/1734/771 1744/1732/769
f 1734/1759/796 1733/1762/799 1742/1736/773 1743/1734/771
f 1733/1762/799 1732/1756/793 1741/1738/775 1742/1736/773
f 1732/1756/793 1723/1730/767 1724/1723/760 1741/1738/775
f 1723/1730/767 1731/1729/766 1740/1724/761 1724/1723/760
f 1731/1729/766 1730/1764/801 1739/1740/777 1740/1724/761
f 1730/1764/801 1729/1766/803 1738/1742/779 1739/1740/777
f 1874/1751/788 1880/1775/812 1881/1744/781 1878/1743/780
f 1828/1747/784 1883/1749/786 1882/1776/813 1814/1777/814
f 1727/1746/783 1726/1772/809 1737/1752/789 1878/1743/780
f 1726/1772/809 1725/1774/811 1736/1754/791 1737/1752/789
f 1721/1137/546 1710/1757/794 1735/1760/797 1746/1133/545
f 1438/1476/659 1448/1453/636 1750/1778/815 1749/1779/816
f 1362/1477/660 1438/1476/659 1749/1779/816 1747/1780/817
f 1448/1453/636 1372/1452/635 1748/1781/818 1750/1778/815
f 1749/1779/816 1750/1778/815 1754/1782/819 1753/1783/820
f 1747/1780/817 1749/1779/816 1753/1783/820 1751/1784/821
f 1750/1778/815 1748/1781/818 1752/1785/822 1754/1782/819
f 1753/1783/820 1754/1782/819 1736/1754/791 1725/1774/811
f 1751/1784/821 1753/1783/820 1725/1774/811 1702/1773/810
f 1754/1782/819 1752/1785/822 1711/1753/790 1736/1754/791
f 1778/1786/823 1796/1787/824 1770/1788/825 1771/1789/826
f 1776/1790/827 1760/1791/828 1785/1792/829 1777/1793/830
f 1775/1794/831 417/470/296 1801/469/295 1800/1795/832
f 1774/1796/833 1775/1794/831 1800/1795/832 1799/1797/834
f 1773/1798/835 1774/1796/833 1799/1797/834 1798/1799/836
f 1772/1800/837 1773/1798/835 1798/1799/836 1797/1801/838
f 1771/1789/826 1772/1800/837 1797/1801/838 1778/1786/823
f 1769/1802/839 1770/1788/825 1796/1787/824 1795/1803/840
f 1768/1804/841 1769/1802/839 1795/1803/840 1794/1805/842
f 1766/1806/69 1767/1807/843 1792/1808/844 1791/1809/72
f 1765/1810/845 1766/1806/69 1791/1809/72 1790/1811/846
f 1761/1812/847 1776/1790/827 1777/1793/830 1786/1813/848
f 1764/1814/849 1763/1815/850 1788/1816/851 1789/1817/852
f 1763/1815/850 1762/1818/853 1787/1819/854 1788/1816/851
f 1762/1818/853 1761/1812/847 1786/1813/848 1787/1819/854
f 1760/1791/828 1759/1403/7 1784/1820/855 1785/1792/829
f 1759/1403/7 1758/1402/589 1783/1821/856 1784/1820/855
f 1793/1822/857 1757/1823/858 1781/1824/859 1782/1825/860
f 1451/1441/626 1375/1440/625 1793/1822/857 1782/1825/860
f 1757/1823/858 1756/1826/861 1780/1827/862 1781/1824/859
f 1756/1826/861 1755/1828/863 1779/1829/864 1780/1827/862
f 1802/505/331 1789/1817/852 1800/1795/832 1801/469/295
f 1789/1817/852 1788/1816/851 1799/1797/834 1800/1795/832
f 1788/1816/851 1787/1819/854 1798/1799/836 1799/1797/834
f 1787/1819/854 1786/1813/848 1797/1801/838 1798/1799/836
f 1786/1813/848 1777/1793/830 1778/1786/823 1797/1801/838
f 1777/1793/830 1785/1792/829 1796/1787/824 1778/1786/823
f 1785/1792/829 1784/1820/855 1795/1803/840 1796/1787/824
f 1784/1820/855 1783/1821/856 1794/1805/842 1795/1803/840
f 1781/1824/859 1780/1827/862 1791/1809/72 1792/1808/844
f 1780/1827/862 1779/1829/864 1790/1811/846 1791/1809/72
f 625/506/332 1764/1814/849 1789/1817/852 1802/505/331
f 1821/1830/865 1844/1831/866 1849/509/335 485/508/334
f 1820/1832/867 1843/1833/868 1844/1831/866 1821/1830/865
f 1819/1834/869 1842/1835/870 1843/1833/868 1820/1832/867
f 1818/1836/871 1841/1837/872 1842/1835/870 1819/1834/869
f 1817/1838/873 1824/1839/874 1841/1837/872 1818/1836/871
f 1815/1840/875 1839/1841/876 1840/1842/877 1816/1843/878
f 1837/1844/879 1838/1748/785 1839/1841/876 1815/1840/875
f 1876/1770/807 1727/1746/783 1885/1745/782 1884/1845/880
f 1838/1748/785 1837/1844/879 1884/1845/880 1885/1745/782
f 1813/1846/881 1836/1847/882 1728/1768/805 1827/1848/883
f 1812/1849/884 1835/1850/885 1836/1847/882 1813/1846/881
f 1808/1851/886 1831/1852/887 1823/1853/888 1822/1854/889
f 1811/1855/890 1834/1856/891 1833/1857/892 1810/1858/893
f 1810/1858/893 1833/1857/892 1832/1859/894 1809/1860/895
f 1809/1860/895 1832/1859/894 1831/1852/887 1808/1851/886
f 1807/1861/896 1830/1862/897 1829/1863/898 1806/1864/899
f 1806/1864/899 1829/1863/898 1828/1747/784 1814/1777/814
f 1729/1766/803 1875/1765/802 1882/1776/813 1883/1749/786
f 1827/1848/883 1728/1768/805 1881/1744/781 1880/1775/812
f 1805/1865/900 1704/1769/806 1826/1866/901 1804/1867/902
f 1804/1867/902 1826/1866/901 1825/1868/903 1803/1869/904
f 1850/549/375 1849/509/335 1844/1831/866 1834/1856/891
f 1834/1856/891 1844/1831/866 1843/1833/868 1833/1857/892
f 1833/1857/892 1843/1833/868 1842/1835/870 1832/1859/894
f 1832/1859/894 1842/1835/870 1841/1837/872 1831/1852/887
f 1831/1852/887 1841/1837/872 1824/1839/874 1823/1853/888
f 1823/1853/888 1824/1839/874 1840/1842/877 1830/1862/897
f 1830/1862/897 1840/1842/877 1839/1841/876 1829/1863/898
f 1829/1863/898 1839/1841/876 1838/1748/785 1828/1747/784
f 1704/1769/806 1805/1865/900 1879/1870/905 1877/1767/804
f 1879/1870/905 1873/1741/778 1738/1742/779 1877/1767/804
f 1704/1769/806 1728/1768/805 1836/1847/882 1826/1866/901
f 1826/1866/901 1836/1847/882 1835/1850/885 1825/1868/903
f 1817/1838/873 1816/1843/878 1840/1842/877 1824/1839/874
f 1822/1854/889 1823/1853/888 1830/1862/897 1807/1861/896
f 1845/551/377 1850/549/375 1834/1856/891 1811/1855/890
f 1866/1871/906 1863/1872/907 1848/1873/908 1861/1874/909
f 1803/1869/904 1825/1868/903 1852/1875/910 1851/1876/911
f 1851/1876/911 1852/1875/910 1854/1877/912 1853/1878/913
f 1853/1878/913 1854/1877/912 1779/1829/864 1755/1828/863
f 1765/1810/845 1790/1811/846 1856/1879/914 1855/1880/915
f 1855/1880/915 1856/1879/914 1858/1881/916 1857/1882/917
f 1857/1882/917 1858/1881/916 1835/1850/885 1812/1849/884
f 1779/1829/864 1854/1877/912 1856/1879/914 1790/1811/846
f 1852/1875/910 1858/1881/916 1856/1879/914 1854/1877/912
f 1835/1850/885 1858/1881/916 1852/1875/910 1825/1868/903
f 1862/1883/918 1865/1884/919 1860/1885/920 1847/1886/921
f 1864/1887/922 1688/1602/711 1692/1605/714 1859/1888/923
f 1847/1886/921 1693/1664/25 1846/1663/25 1848/1873/908
f 1859/1888/923 1692/1605/714 1691/1665/25 1860/1885/920
f 1848/1873/908 1846/1663/25 1698/1681/748 1861/1874/909
f 1860/1885/920 1691/1665/25 1693/1664/25 1847/1886/921
f 1689/1714/759 1866/1871/906 1861/1874/909 1698/1681/748
f 1865/1884/919 1864/1887/922 1859/1888/923 1860/1885/920
f 1863/1872/907 1862/1883/918 1847/1886/921 1848/1873/908
f 1365/1390/585 1441/1471/654 1868/1889/924 1867/1405/591
f 1792/1808/844 1767/1807/843 1869/1890/925 1870/1891/926
f 1440/1473/656 1364/1472/655 1871/1892/927 1872/1893/928
f 1768/1804/841 1794/1805/842 1872/1893/928 1871/1892/927
f 1450/1450/633 1870/1891/926 1869/1890/925 1374/1451/634
f 1758/1402/589 1867/1405/591 1868/1889/924 1783/1821/856
f 1441/1471/654 1451/1441/626 1782/1825/860 1868/1889/924
f 1781/1824/859 1792/1808/844 1870/1891/926 1782/1825/860
f 1450/1450/633 1440/1473/656 1872/1893/928 1870/1891/926
f 1783/1821/856 1868/1889/924 1872/1893/928 1794/1805/842
f 1782/1825/860 1870/1891/926 1872/1893/928 1868/1889/924
f 1877/1767/804 1883/1749/786 1885/1745/782 1881/1744/781
f 1924/1894/929 1965/1895/930 1921/1896/931 1900/1897/932
f 1902/1898/933 1922/1899/934 1920/1900/935 1894/1901/936
f 1886/1902/937 1913/1903/938 1922/1899/934 1902/1898/933
f 1886/1902/937 1902/1898/933 1924/1894/929 1900/1897/932
f 1895/1904/939 1886/1902/937 1900/1897/932 1898/1905/940
f 1898/1905/940 1899/1906/941 1888/1907/942 1895/1904/939
f 1887/1908/943 1888/1907/942 1899/1906/941 1901/1909/944
f 1901/1909/944 1897/1910/945 1891/1911/946 1887/1908/943
f 1912/1912/947 1919/1913/25 1922/1899/934 1913/1903/938
f 1914/1914/948 1910/1915/25 1906/1916/949 1905/1917/950
f 1908/1918/951 1919/1913/25 1911/1919/25 1909/1920/952
f 1903/1921/953 1910/1915/25 1911/1919/25 1904/1922/954
f 1918/1923/955 1925/1924/25 1926/1925/956 1915/1926/957
f 1916/1927/958 1964/1928/25 1966/1929/25 1917/1930/959
f 1920/1900/935 1922/1899/934 1919/1913/25 1908/1918/951
f 1904/1922/954 1911/1919/25 1919/1913/25 1912/1912/947
f 1907/1931/960 1906/1916/949 1910/1915/25 1903/1921/953
f 1909/1920/952 1911/1919/25 1910/1915/25 1914/1914/948
f 1917/1930/959 1966/1929/25 1925/1924/25 1918/1923/955
f 1921/1896/931 1965/1895/930 1964/1928/25 1916/1927/958
f 1887/1908/943 1903/1921/953 1904/1922/954 1888/1907/942
f 1889/1932/961 1905/1917/950 1906/1916/949 1890/1933/962
f 1890/1933/962 1906/1916/949 1907/1931/960 1891/1911/946
f 1892/1934/963 1908/1918/951 1909/1920/952 1893/1935/964
f 1895/1904/939 1912/1912/947 1913/1903/938 1886/1902/937
f 1896/1936/965 1914/1914/948 1905/1917/950 1889/1932/961
f 1897/1910/945 1915/1926/957 1926/1925/956 1923/1937/966
f 1898/1905/940 1916/1927/958 1917/1930/959 1899/1906/941
f 1901/1909/944 1918/1923/955 1915/1926/957 1897/1910/945
f 1888/1907/942 1904/1922/954 1912/1912/947 1895/1904/939
f 1891/1911/946 1907/1931/960 1903/1921/953 1887/1908/943
f 1899/1906/941 1917/1930/959 1918/1923/955 1901/1909/944
f 1900/1897/932 1921/1896/931 1916/1927/958 1898/1905/940
f 1924/1894/929 1941/1938/967 1962/1939/968 1965/1895/930
f 1943/1940/969 1935/1941/970 1961/1942/971 1963/1943/972
f 1927/1944/973 1943/1940/969 1963/1943/972 1954/1945/974
f 1927/1944/973 1941/1938/967 1924/1894/929 1943/1940/969
f 1936/1946/975 1939/1947/976 1941/1938/967 1927/1944/973
f 1939/1947/976 1936/1946/975 1929/1948/977 1940/1949/978
f 1928/1950/979 1942/1951/980 1940/1949/978 1929/1948/977
f 1942/1951/980 1928/1950/979 1932/1952/981 1938/1953/982
f 1953/1954/983 1954/1945/974 1963/1943/972 1960/1955/25
f 1955/1956/984 1946/1957/985 1947/1958/986 1951/1959/25
f 1949/1960/987 1950/1961/988 1952/1962/25 1960/1955/25
f 1944/1963/989 1945/1964/990 1952/1962/25 1951/1959/25
f 1959/1965/991 1956/1966/992 1926/1925/956 1925/1924/25
f 1957/1967/993 1958/1968/994 1966/1929/25 1964/1928/25
f 1961/1942/971 1949/1960/987 1960/1955/25 1963/1943/972
f 1945/1964/990 1953/1954/983 1960/1955/25 1952/1962/25
f 1948/1969/995 1944/1963/989 1951/1959/25 1947/1958/986
f 1950/1961/988 1955/1956/984 1951/1959/25 1952/1962/25
f 1958/1968/994 1959/1965/991 1925/1924/25 1966/1929/25
f 1962/1939/968 1957/1967/993 1964/1928/25 1965/1895/930
f 1928/1950/979 1929/1948/977 1945/1964/990 1944/1963/989
f 1930/1970/996 1931/1971/997 1947/1958/986 1946/1957/985
f 1931/1971/997 1932/1952/981 1948/1969/995 1947/1958/986
f 1933/1972/998 1934/1973/999 1950/1961/988 1949/1960/987
f 1936/1946/975 1927/1944/973 1954/1945/974 1953/1954/983
f 1937/1974/1000 1930/1970/996 1946/1957/985 1955/1956/984
f 1938/1953/982 1923/1937/966 1926/1925/956 1956/1966/992
f 1939/1947/976 1940/1949/978 1958/1968/994 1957/1967/993
f 1942/1951/980 1938/1953/982 1956/1966/992 1959/1965/991
f 1935/1941/970 1933/1972/998 1949/1960/987 1961/1942/971
f 1929/1948/977 1936/1946/975 1953/1954/983 1945/1964/990
f 1932/1952/981 1928/1950/979 1944/1963/989 1948/1969/995
f 1934/1973/999 1937/1974/1000 1955/1956/984 1950/1961/988
f 1940/1949/978 1942/1951/980 1959/1965/991 1958/1968/994
f 1941/1938/967 1939/1947/976 1957/1967/993 1962/1939/968
f 1972/1975/1001 1979/1976/1002 1980/1439/624 1973/1438/623
f 1971/1977/1003 1978/1978/1004 1979/1976/1002 1972/1975/1001
f 1970/660/477 1977/663/480 1976/1979/1005 1969/1980/1006
f 1969/1980/1006 1976/1979/1005 1975/1981/1007 1968/1982/1008
f 1968/1982/1008 1975/1981/1007 1974/1983/1009 1967/1984/1010
f 1977/663/480 1981/76/59 1980/1439/624 1976/1979/1005
f 1976/1979/1005 1980/1439/624 1979/1976/1002 1975/1981/1007
f 1975/1981/1007 1979/1976/1002 1978/1978/1004 1974/1983/1009
f 1982/1985/1011 1983/1986/1012 1967/1984/1010 1974/1983/1009
f 1984/1987/1013 1982/1985/1011 1974/1983/1009 1978/1978/1004
f 1985/1988/1014 1984/1987/1013 1978/1978/1004 1971/1977/1003
f 1388/1445/630 1465/1444/629 1984/1987/1013 1985/1988/1014
f 1465/1444/629 1461/1458/641 1982/1985/1011 1984/1987/1013
f 1461/1458/641 1385/1457/640 1983/1986/1012 1982/1985/1011
f 1987/1989/1015 623/675/492 627/674/491 1989/1990/1016
f 1570/1644/735 1564/1643/734 1531/1624/103 1530/1623/103
f 1990/1991/1017 1986/1992/1018 1988/1993/1019 1993/1994/1020
f 1521/1722/103 1351/1495/668 1357/1494/667 1522/1633/103
f 1989/1990/1016 1992/1995/25 1993/1994/1020 1988/1993/1019
f 1530/1623/103 1525/1627/103 1480/1540/695 1570/1644/735
f 627/674/491 631/681/25 1992/1995/25 1989/1990/1016
f 1357/1494/667 1480/1540/695 1525/1627/103 1522/1633/103
f 1562/1705/754 1569/1710/758 1760/1791/828 1776/1790/827
f 1986/1992/1018 1987/1989/1015 1989/1990/1016 1988/1993/1019
f 1759/1403/7 1760/1791/828 1565/1707/756 1567/1400/587
f 1994/682/497 1999/1996/1021 1997/1997/1022 632/683/498
f 1998/1998/1023 1990/1991/1017 1993/1994/1020 1996/1999/1024
f 1353/1539/694 1356/1375/579 1367/1378/582
f 1996/1999/1024 1993/1994/1020 1992/1995/25 1997/1997/1022
f 1352/1379/583 1353/1539/694 1367/1378/582
f 1997/1997/1022 1992/1995/25 631/681/25 632/683/498
f 1569/1710/758 1566/1708/757 1760/1791/828
f 1999/1996/1021 1998/1998/1023 1996/1999/1024 1997/1997/1022
f 1760/1791/828 1566/1708/757 1565/1707/756
f 1869/1890/925 1767/1807/843 1866/1871/906 1689/1714/759
f 1689/1714/759 1556/1598/707 1374/1451/634 1869/1890/925
f 1766/1806/69 1765/1810/845 1863/1872/907 1866/1871/906
f 1373/1448/307 1556/1598/707 1555/1597/706 1372/1452/635
f 1765/1810/845 1855/1880/915 1862/1883/918 1863/1872/907
f 1558/1544/697 1748/1781/818 1372/1452/635 1555/1597/706
f 1855/1880/915 1857/1882/917 1865/1884/919 1862/1883/918
f 1557/1543/696 1752/1785/822 1748/1781/818 1558/1544/697
f 1857/1882/917 1812/1849/884 1864/1887/922 1865/1884/919
f 1554/1603/712 1711/1753/790 1752/1785/822 1557/1543/696
f 1827/1848/883 1880/1775/812 1688/1602/711 1864/1887/922
f 1554/1603/712 1688/1602/711 1880/1775/812 1874/1751/788
f 1812/1849/884 1813/1846/881 1827/1848/883 1864/1887/922
f 1712/1750/787 1711/1753/790 1554/1603/712 1874/1751/788
f 1766/1806/69 1866/1871/906 1767/1807/843
f 1374/1451/634 1556/1598/707 1373/1448/307
f 1882/1776/813 1875/1765/802 1943/1940/969 1924/1894/929
f 1814/1777/814 1882/1776/813 1924/1894/929 1902/1898/933
f 1875/1765/802 1705/1763/800 1935/1941/970 1943/1940/969
f 1806/1864/899 1814/1777/814 1902/1898/933 1894/1901/936
f 1496/1704/105 1494/1711/105 1923/1937/966 1938/1953/982
f 1494/1711/105 1492/1630/105 1897/1910/945 1923/1937/966
f 1590/1619/105 1496/1704/105 1938/1953/982 1932/1952/981
f 1492/1630/105 1529/1629/105 1891/1911/946 1897/1910/945
f 1706/1728/765 1722/1727/764 1930/1970/996 1937/1974/1000
f 1807/1861/896 1806/1864/899 1894/1901/936 1892/1934/963
f 1706/1728/765 1934/1973/999 1933/1972/998
f 1934/1973/999 1706/1728/765 1937/1974/1000
f 1705/1763/800 1706/1728/765 1933/1972/998 1935/1941/970
f 1807/1861/896 1893/1935/964 1896/1936/965
f 1822/1854/889 1807/1861/896 1896/1936/965 1889/1932/961
f 1893/1935/964 1807/1861/896 1892/1934/963
f 1591/880/526 1371/1461/644 1527/1709/103 1685/1061/104
f 1371/1461/644 1370/1464/647 1528/1715/103 1527/1709/103
f 1370/1464/647 1369/1468/651 1532/1716/103 1528/1715/103
f 1369/1468/651 1368/1454/637 1533/1717/103 1532/1716/103
f 1368/1454/637 1400/1377/581 1520/1719/103 1533/1717/103
f 1350/1538/693 1351/1495/668 1521/1722/103
f 1349/1376/580 1350/1538/693 1400/1377/581
f 1336/124/103 1339/1478/104 1764/1814/849 625/506/332
f 1339/1478/104 1340/1481/104 1763/1815/850 1764/1814/849
f 1340/1481/104 1333/1487/104 1762/1818/853 1763/1815/850
f 1333/1487/104 1486/1537/104 1761/1812/847 1762/1818/853
f 1486/1537/104 1519/1635/103 1776/1790/827 1761/1812/847
f 1563/1706/755 1531/1624/103 1564/1643/734
f 1562/1705/754 1776/1790/827 1563/1706/755
f 1776/1790/827 1519/1635/103 1531/1624/103 1563/1706/755
f 1400/1377/581 1350/1538/693 1521/1722/103 1520/1719/103
f 1690/1067/105 1517/1713/105 1710/1757/794 1721/1137/546
f 1517/1713/105 1515/1721/105 1709/1758/795 1710/1757/794
f 1515/1721/105 1513/1720/105 1708/1761/798 1709/1758/795
f 1513/1720/105 1511/1718/105 1707/1755/792 1708/1761/798
f 1511/1718/105 1499/1620/105 1722/1727/764 1707/1755/792
f 1590/1619/105 1932/1952/981 1931/1971/997
f 1327/1485/105 6/189/105 1845/551/377 1811/1855/890
f 1338/1482/105 1327/1485/105 1811/1855/890 1810/1858/893
f 1334/1542/105 1338/1482/105 1810/1858/893 1809/1860/895
f 1592/1541/105 1334/1542/105 1809/1860/895 1808/1851/886
f 1523/1712/105 1592/1541/105 1808/1851/886 1822/1854/889
f 1890/1933/962 1822/1854/889 1889/1932/961
f 1722/1727/764 1931/1971/997 1930/1970/996
f 1499/1620/105 1590/1619/105 1931/1971/997 1722/1727/764
f 1891/1911/946 1529/1629/105 1890/1933/962
f 1529/1629/105 1523/1712/105 1822/1854/889 1890/1933/962
f 1470/1420/605 1399/1417/602 1471/1534/690 1583/1536/692
f 1399/1417/602 1391/1407/593 1672/1533/689 1471/1534/690
f 1582/1609/718 1470/1420/605 1583/1536/692
f 1580/1057/539 1389/862/525 1469/1421/606 1581/1612/721
f 1581/1612/721 1469/1421/606 1470/1420/605 1582/1609/718
f 1390/1406/592 1392/739/508 1675/1054/538 1674/1702/752
f 1391/1407/593 1390/1406/592 1674/1702/752 1673/1703/753
f 1673/1703/753 1672/1533/689 1391/1407/593
f 1388/1445/630 1985/1988/1014 1990/1991/1017 1998/1998/1023
f 1985/1988/1014 1971/1977/1003 1986/1992/1018 1990/1991/1017
f 1995/75/58 623/675/492 1987/1989/1015 1973/1438/623
f 1994/682/497 61/90/73 1386/1446/631 1999/1996/1021
f 1386/1446/631 1387/1442/627 1998/1998/1023 1999/1996/1021
f 1972/1975/1001 1973/1438/623 1987/1989/1015 1986/1992/1018
f 1972/1975/1001 1986/1992/1018 1971/1977/1003
f 1388/1445/630 1998/1998/1023 1387/1442/627
f 1821/1830/865 485/508/334 1970/660/477 1969/1980/1006
f 1775/1794/831 1383/1466/649 1991/109/92 417/470/296
f 1384/1460/643 1383/1466/649 1775/1794/831 1774/1796/833
f 1820/1832/867 1821/1830/865 1969/1980/1006 1968/1982/1008
f 1702/1773/810 1967/1984/1010 1983/1986/1012 1751/1784/821
f 1751/1784/821 1983/1986/1012 1385/1457/640 1747/1780/817
f 1702/1773/810 1703/1771/808 1968/1982/1008 1967/1984/1010
f 1384/1460/643 1362/1477/660 1747/1780/817 1385/1457/640
f 1587/1548/701 1473/1529/685 1853/1878/913 1755/1828/863
f 1473/1529/685 1676/1528/684 1851/1876/911 1853/1878/913
f 1676/1528/684 1677/1701/751 1803/1869/904 1851/1876/911
f 1586/1601/710 1587/1548/701 1755/1828/863 1756/1826/861
f 1382/1424/609 1575/746/510 1584/951/529 1585/1606/715
f 1381/1426/611 1382/1424/609 1585/1606/715 1586/1601/710
f 1678/1700/750 1679/1052/537 1720/1090/542 1719/1731/768
f 1677/1701/751 1678/1700/750 1719/1731/768 1718/1733/770
f 1713/1739/776 1873/1741/778 1805/1865/900 1804/1867/902
f 1714/1725/762 1713/1739/776 1804/1867/902 1803/1869/904
f 1879/1870/905 1805/1865/900 1873/1741/778
f 1884/1845/880 1837/1844/879 1876/1770/807
f 1703/1771/808 1876/1770/807 1837/1844/879 1815/1840/875
f 1819/1834/869 1820/1832/867 1968/1982/1008
f 1717/1735/772 1677/1701/751 1718/1733/770
f 1793/1822/857 1375/1440/625 1757/1823/858
f 1375/1440/625 1376/1434/619 1756/1826/861 1757/1823/858
f 1871/1892/927 1364/1472/655 1768/1804/841
f 1364/1472/655 1363/1475/658 1769/1802/839 1768/1804/841
f 1363/1475/658 1362/1477/660 1770/1788/825 1769/1802/839
f 1771/1789/826 1770/1788/825 1362/1477/660
f 1586/1601/710 1380/1428/613 1381/1426/611
f 1586/1601/710 1379/1430/615 1380/1428/613
f 1378/1432/617 1379/1430/615 1586/1601/710 1756/1826/861
f 1377/1437/622 1378/1432/617 1756/1826/861
f 1376/1434/619 1377/1437/622 1756/1826/861
f 1772/1800/837 1771/1789/826 1362/1477/660 1384/1460/643
f 1773/1798/835 1772/1800/837 1384/1460/643
f 1774/1796/833 1773/1798/835 1384/1460/643
f 1715/1726/763 1714/1725/762 1803/1869/904
f 1717/1735/772 1716/1737/774 1677/1701/751
f 1815/1840/875 1816/1843/878 1703/1771/808
f 1816/1843/878 1817/1838/873 1703/1771/808
f 1817/1838/873 1818/1836/871 1968/1982/1008 1703/1771/808
f 1818/1836/871 1819/1834/869 1968/1982/1008
f 1715/1726/763 1803/1869/904 1677/1701/751 1716/1737/774
f 1894/1901/936 1920/1900/935 1908/1918/951 1892/1934/963
f 1896/1936/965 1893/1935/964 1909/1920/952 1914/1914/948
f 1248/1316/450 1247/1317/451 1263/1331/461 1264/1332/462
f 1246/1312/445 1255/1313/447 1272/1321/455 1273/1323/446
f 1282/1309/442 1262/1308/441 1246/1312/445 1273/1323/446
f 1212/1305/436 1228/1287/567 1227/1286/423 1211/1304/435
f 700/693/6 698/692/504 766/845/120 778/734/30
f 908/1073/215 907/1070/214 987/1021/195 988/1023/535
f 1356/1375/579 1353/1539/694 1423/1515/674 1428/1509/670
