# Blender v2.93.3 OBJ File: 'molduras1.blend'
# www.blender.org
mtllib lampara reptil 5x6.mtl
o REPTIL.004_Plane.037
v 0.708631 1.697676 0.071182
v 0.708631 1.577292 0.071182
v -0.050003 0.730449 0.077074
v -0.050003 0.609728 0.077074
v 0.065153 0.730449 0.071182
v 0.065153 0.609728 0.071182
v 0.189909 0.730449 0.071182
v 0.189909 0.609728 0.071182
v 0.321231 0.730449 0.071182
v 0.321231 0.609728 0.071182
v 0.448176 0.730449 0.071182
v 0.448176 0.609728 0.071182
v 0.577309 0.730449 0.071182
v 0.577309 0.609728 0.071182
v 0.448176 0.821775 0.071182
v 0.577309 0.821775 0.071182
v 0.448176 0.971219 0.071182
v 0.577309 0.971219 0.071182
v 0.448176 1.089528 0.071182
v 0.577309 1.089528 0.071182
v 0.448176 1.218215 0.071182
v 0.577309 1.218215 0.071182
v 0.448176 1.336524 0.071182
v 0.577309 1.336524 0.071182
v 0.448176 1.456908 0.071182
v 0.577309 1.456908 0.071182
v 0.448176 1.577292 0.071182
v 0.577309 1.577292 0.071182
v 0.448176 1.697676 0.071182
v 0.577309 1.697676 0.071182
v 0.837327 1.697676 0.071182
v 0.837327 1.577292 0.071182
v 0.963396 1.697676 0.071182
v 0.963396 1.577292 0.071182
v 1.086839 1.697676 0.071182
v 1.086839 1.577292 0.071182
v -0.050777 0.864325 0.076320
v -0.054758 1.641753 0.072447
v 0.294967 1.257651 0.071182
v 1.027394 1.047881 0.071182
v -0.050777 1.509835 0.076320
v 0.188815 1.257651 0.071182
v -0.050777 0.982634 0.076320
v 1.027394 0.932512 0.071182
v 0.112241 1.424101 0.071182
v 0.062964 1.366446 0.071182
v 0.109708 1.078284 0.071182
v 0.062964 1.135709 0.071182
v 1.153244 0.806419 0.071182
v 1.090319 1.108851 0.071182
v 1.090319 0.878113 0.071182
v 0.026577 1.515255 0.071182
v 0.000039 1.438141 0.071182
v 0.195371 1.344479 0.071182
v 0.125889 1.312048 0.071182
v 0.197904 1.167967 0.071182
v 0.125889 1.196680 0.071182
v 0.026577 0.971304 0.071182
v 0.000039 1.059171 0.071182
v 1.041042 0.820458 0.071182
v 0.964468 0.986909 0.071182
v -0.036338 1.337903 0.071182
v -0.037393 1.194766 0.071182
v -0.051351 1.180895 0.075762
v -0.020533 1.266335 0.071182
v 1.153244 1.185389 0.071182
v 1.189925 0.906657 0.071182
v 1.190981 1.049794 0.071182
v 1.173817 0.978225 0.071182
v -0.086559 0.046626 0.119831
v 0.061371 0.174521 0.071182
v 0.061372 0.046626 0.117808
v 0.186127 0.174521 0.071182
v 0.186128 0.046626 0.117808
v 0.317449 0.174521 0.071182
v 0.317450 0.046626 0.117808
v 0.444394 0.174521 0.071182
v 0.444394 0.046626 0.117808
v 0.573563 0.174521 0.071182
v 0.573563 0.046626 0.117808
v -0.088639 2.204257 0.117807
v -0.054758 2.076363 0.072447
v 0.058430 2.204257 0.117807
v 0.058429 2.076363 0.071182
v 0.183186 2.204257 0.117807
v 0.183186 2.076363 0.071182
v 0.314508 2.204257 0.117807
v 0.314507 2.076363 0.071182
v 0.441453 2.204257 0.117807
v 0.441452 2.076363 0.071182
v 0.571000 2.204257 0.117807
v 0.570999 2.076363 0.071182
v 0.698358 2.204257 0.117807
v 0.698358 2.076363 0.071182
v 0.823114 2.204257 0.117807
v 0.823113 2.076363 0.071182
v 0.954436 2.204257 0.117807
v 0.954436 2.076363 0.071182
v 1.081381 2.204257 0.117807
v 1.081380 2.076363 0.071182
v 0.700543 0.174521 0.071182
v 0.700544 0.046626 0.117808
v 0.825299 0.174521 0.071182
v 0.825299 0.046626 0.117808
v 0.956621 0.174521 0.071182
v 0.956621 0.046626 0.117808
v 1.083565 0.174521 0.071182
v 1.083566 0.046626 0.117808
v 0.131493 0.522322 0.071182
v 0.241689 0.344791 0.071182
v 0.263266 0.407011 0.071182
v 0.192243 0.534334 0.071182
v 0.092023 0.473556 0.071182
v 0.169954 0.358004 0.071182
v 0.247769 0.471153 0.071182
v 0.117814 0.405570 0.071182
v -0.051879 0.494540 0.075248
v -0.051879 0.288582 0.075248
v -0.010901 0.330525 0.071182
v -0.004037 0.472835 0.071182
v 0.010603 0.395991 0.071182
v 0.908587 1.946352 0.071182
v 1.034512 1.778492 0.071182
v 1.048704 1.842109 0.071182
v 0.967971 1.963282 0.071182
v 0.873743 1.894543 0.071182
v 0.963491 1.785925 0.071182
v 1.029081 1.904881 0.071182
v 0.905573 1.828916 0.071182
v 1.158176 1.998339 0.071182
v 1.169255 1.840014 0.071182
v 1.139838 1.916857 0.071182
v 0.577309 0.896496 0.071182
v 0.448176 0.896496 0.071182
v 1.176927 1.014010 0.071182
v 1.176399 0.942441 0.071182
v 0.858316 0.986909 0.071182
v 0.955379 1.076593 0.071182
v 1.043576 1.166276 0.071182
v 1.126706 0.729305 0.071182
v 0.957913 0.900080 0.071182
v 1.126706 1.273255 0.071182
v -0.052678 0.174521 0.074471
v 0.224751 0.502184 0.071182
v 0.100893 0.438961 0.071182
v 0.141374 0.381787 0.071182
v 0.258028 0.439082 0.071182
v 0.006450 0.434413 0.071182
v 0.003017 0.363258 0.071182
v 0.931207 1.807148 0.071182
v 1.042218 1.873768 0.071182
v 1.002864 1.934437 0.071182
v 0.885321 1.861374 0.071182
v 1.141091 1.957598 0.071182
v 1.147158 1.878436 0.071182
v -0.023116 1.302119 0.071182
v -0.023643 1.230550 0.071182
v -0.050977 1.351274 0.076126
v -0.018796 0.046626 0.024555
v 0.061372 0.046626 0.024555
v 0.186128 0.046626 0.024555
v 0.317450 0.046626 0.024555
v 0.444394 0.046626 0.024555
v 0.573563 0.046626 0.024555
v 0.700544 0.046626 0.024555
v 0.825299 0.046626 0.024555
v 0.956621 0.046626 0.024555
v 1.083566 0.046626 0.024555
v -0.020875 2.204257 0.022531
v 0.058430 2.204257 0.024555
v 0.183186 2.204257 0.024555
v 0.314508 2.204257 0.024555
v 0.441453 2.204257 0.024555
v 0.571000 2.204257 0.024555
v 0.698358 2.204257 0.024555
v 0.823114 2.204257 0.024555
v 0.954436 2.204257 0.024555
v 1.081381 2.204257 0.024555
v 0.708631 1.680690 0.105466
v 0.560941 1.680690 0.105466
v 0.560941 1.594279 0.105466
v 0.708631 1.594279 0.105466
v -0.074917 0.623325 0.113707
v -0.074917 0.716852 0.113707
v 0.065153 0.623325 0.105466
v 0.065153 0.716852 0.105466
v 0.189909 0.623325 0.105466
v 0.189909 0.716852 0.105466
v 0.321231 0.623325 0.105466
v 0.321231 0.716852 0.105466
v 0.464543 0.623325 0.105466
v 0.464543 0.716852 0.105466
v 0.560941 0.623325 0.105466
v 0.560941 0.716852 0.105466
v 0.560941 0.821775 0.105466
v 0.464543 0.821775 0.105466
v 0.560941 0.971219 0.105466
v 0.464543 0.971219 0.105466
v 0.560941 0.896496 0.105466
v 0.464543 0.896496 0.105466
v 0.560941 1.089528 0.105466
v 0.464543 1.089528 0.105466
v 0.560941 1.218215 0.105466
v 0.464543 1.218215 0.105466
v 0.560941 1.336524 0.105466
v 0.464543 1.336524 0.105466
v 0.560941 1.456908 0.105466
v 0.464543 1.456908 0.105466
v 0.464543 1.594279 0.105466
v 0.464543 1.680690 0.105466
v 0.837327 1.594279 0.105466
v 0.837327 1.680690 0.105466
v 0.963396 1.594279 0.105466
v 0.963396 1.680690 0.105466
v 1.086839 1.594279 0.105466
v 1.086839 1.680690 0.105466
v 1.191078 0.916269 0.093871
v 0.189002 1.339719 0.105466
v 0.283511 1.257327 0.105466
v 0.028832 0.985608 0.105466
v -0.070865 0.884093 0.117649
v 0.123071 1.308945 0.105466
v 0.182782 1.257327 0.105466
v 0.003649 1.068985 0.105466
v -0.070865 0.961097 0.117649
v 1.179822 1.009229 0.093871
v 1.191991 1.040216 0.093871
v -0.074642 1.621808 0.113974
v -0.070865 1.531889 0.117649
v 1.089661 1.099609 0.105466
v 1.147549 1.170021 0.105466
v 0.028832 1.501771 0.105466
v 0.110119 1.415274 0.105466
v 0.003649 1.428596 0.105466
v 0.063361 1.360564 0.105466
v 0.973883 0.987427 0.105466
v 1.031772 1.043519 0.105466
v 0.191406 1.172225 0.105466
v 0.107715 1.087122 0.105466
v 0.123071 1.199470 0.105466
v 0.063361 1.141613 0.105466
v 1.089661 0.887339 0.105466
v 1.031772 0.937383 0.105466
v 1.147549 0.821383 0.105466
v 1.044328 0.834299 0.105466
v -0.026484 1.235116 0.093871
v -0.038472 1.203914 0.106261
v -0.066220 1.191820 0.105772
v -0.066138 1.228961 0.105851
v -0.026023 1.297520 0.093871
v -0.023772 1.266319 0.093871
v -0.065975 1.303240 0.106009
v -0.066056 1.266100 0.105930
v 1.179365 0.947256 0.093871
v 1.177129 0.978242 0.093871
v 0.061371 0.100410 0.093871
v 0.061371 0.167364 0.093871
v -0.069166 0.100410 0.102905
v 0.186127 0.100410 0.093871
v 0.186127 0.167364 0.093871
v 0.317449 0.100410 0.093871
v 0.317449 0.167364 0.093871
v 0.444394 0.100410 0.093871
v 0.444394 0.167364 0.093871
v 0.573563 0.167364 0.093871
v 0.573563 0.100410 0.093871
v -0.079671 2.088921 0.109080
v -0.079671 2.145072 0.109080
v 0.058429 2.088921 0.105466
v 0.058429 2.145072 0.105466
v 0.183186 2.088921 0.105466
v 0.183186 2.145072 0.105466
v 0.314507 2.088921 0.105466
v 0.314507 2.145072 0.105466
v 0.441452 2.088921 0.105466
v 0.441452 2.145072 0.105466
v 0.570999 2.145072 0.105466
v 0.570999 2.088921 0.105466
v 0.698358 2.088921 0.105466
v 0.698358 2.145072 0.105466
v 0.823113 2.088921 0.105466
v 0.823113 2.145072 0.105466
v 0.954436 2.088921 0.105466
v 0.954436 2.145072 0.105466
v 1.081380 2.088921 0.105466
v 1.081380 2.145072 0.105466
v 0.700543 0.100410 0.093871
v 0.700543 0.167364 0.093871
v 0.825299 0.100410 0.093871
v 0.825299 0.167364 0.093871
v 0.956621 0.100410 0.093871
v 0.956621 0.167364 0.093871
v 1.083565 0.100410 0.093871
v 1.083565 0.167364 0.093871
v 0.210102 0.394996 0.105466
v 0.232563 0.359293 0.105466
v 0.250784 0.411833 0.105466
v 0.218260 0.492202 0.105466
v 0.190809 0.519351 0.105466
v 0.139509 0.509207 0.105466
v 0.106179 0.468027 0.105466
v 0.147853 0.390533 0.105466
v 0.171987 0.370450 0.105466
v 0.164001 0.469259 0.105466
v 0.187641 0.430700 0.105466
v 0.246361 0.438916 0.105466
v 0.237697 0.465998 0.105466
v 0.113669 0.438814 0.105466
v 0.127958 0.410616 0.105466
v -0.074982 0.342241 0.113644
v -0.074982 0.296877 0.113644
v -0.012529 0.335537 0.105466
v 0.003463 0.431295 0.105466
v 0.007291 0.395880 0.105466
v -0.074982 0.486717 0.113644
v -0.006202 0.466710 0.105466
v -0.074982 0.437160 0.113644
v -0.074982 0.387605 0.113644
v 0.000300 0.365709 0.105466
v 0.999813 1.824172 0.105466
v 1.026553 1.788969 0.105466
v 1.039059 1.845030 0.105466
v 0.998663 1.926392 0.105466
v 1.021766 1.900345 0.105466
v 0.884879 1.891236 0.105466
v 0.915584 1.936891 0.105466
v 0.967915 1.951810 0.105466
v 0.935517 1.814221 0.105466
v 0.912928 1.833403 0.105466
v 0.944328 1.898134 0.105466
v 0.973073 1.859375 0.105466
v 0.963967 1.795519 0.105466
v 1.033343 1.872928 0.105466
v 0.895082 1.862006 0.105466
v 1.161711 1.986835 0.105466
v 1.152245 1.883822 0.105466
v 1.145956 1.916831 0.105466
v 1.171229 1.850812 0.105466
v 1.147032 1.951833 0.105466
v 0.965522 1.069932 0.105466
v 0.876227 0.987427 0.105466
v 1.123135 1.250854 0.105466
v 1.046659 1.152438 0.105466
v 0.967852 0.907548 0.105466
v 1.123135 0.750441 0.105466
v -0.069166 0.167364 0.102905
v -0.037552 1.328722 0.106261
v -0.065894 1.340381 0.106089
v 1.722238 1.697676 0.071181
v 1.722238 1.577292 0.071181
v 2.365716 0.730449 0.071181
v 2.365716 0.609728 0.071181
v 2.240960 0.730449 0.071181
v 2.240960 0.609728 0.071181
v 2.109638 0.730449 0.071181
v 2.109638 0.609728 0.071181
v 1.982693 0.730449 0.071181
v 1.982693 0.609728 0.071181
v 1.853560 0.730449 0.071181
v 1.853560 0.609728 0.071181
v 1.982693 0.821775 0.071181
v 1.853560 0.821775 0.071181
v 1.982693 0.971219 0.071181
v 1.853560 0.971219 0.071181
v 1.982693 1.089528 0.071181
v 1.853560 1.089528 0.071181
v 1.982693 1.218215 0.071181
v 1.853560 1.218215 0.071181
v 1.982693 1.336524 0.071181
v 1.853560 1.336524 0.071181
v 1.982693 1.456908 0.071181
v 1.853560 1.456908 0.071181
v 1.982693 1.577292 0.071181
v 1.853560 1.577292 0.071181
v 1.982693 1.697676 0.071181
v 1.853560 1.697676 0.071181
v 1.593543 1.697676 0.071181
v 1.593543 1.577292 0.071181
v 1.467473 1.697676 0.071181
v 1.467473 1.577292 0.071181
v 1.344030 1.697676 0.071181
v 1.344030 1.577292 0.071181
v 1.215435 1.697676 0.071182
v 1.215435 1.577292 0.071182
v 2.135902 1.257651 0.071181
v 1.403476 1.047881 0.071181
v 2.242055 1.257651 0.071181
v 1.403476 0.932512 0.071181
v 2.318629 1.424101 0.071181
v 2.367905 1.366446 0.071181
v 2.321162 1.078284 0.071181
v 2.367905 1.135709 0.071181
v 1.277625 0.806419 0.071182
v 1.340551 1.108851 0.071181
v 1.340551 0.878113 0.071181
v 2.404292 1.515255 0.071181
v 2.430830 1.438141 0.071181
v 2.235498 1.344479 0.071181
v 2.304980 1.312048 0.071181
v 2.232966 1.167967 0.071181
v 2.304980 1.196680 0.071181
v 2.404292 0.971304 0.071181
v 2.430830 1.059171 0.071181
v 1.389827 0.820458 0.071181
v 1.215435 1.261926 0.071182
v 1.466401 0.986909 0.071181
v 1.215435 0.734725 0.071182
v 2.467207 1.337903 0.071181
v 2.468263 1.194766 0.071181
v 2.451403 1.266335 0.071181
v 1.215435 1.380235 0.071182
v 1.277625 1.185389 0.071182
v 1.240944 0.906657 0.071182
v 1.239889 1.049794 0.071182
v 1.215435 0.893286 0.071182
v 1.257052 0.978225 0.071182
v 2.369498 0.174521 0.071181
v 2.369499 0.046626 0.117808
v 2.244743 0.174521 0.071181
v 2.244743 0.046626 0.117808
v 2.113420 0.174521 0.071181
v 2.113421 0.046626 0.117808
v 1.986476 0.174521 0.071181
v 1.986477 0.046626 0.117808
v 1.857306 0.174521 0.071181
v 1.857307 0.046626 0.117808
v 2.372440 2.204257 0.117807
v 2.372440 2.076363 0.071181
v 2.247684 2.204257 0.117807
v 2.247684 2.076363 0.071181
v 2.116363 2.204257 0.117807
v 2.116362 2.076363 0.071181
v 1.989418 2.204257 0.117807
v 1.989417 2.076363 0.071181
v 1.859871 2.204257 0.117807
v 1.859870 2.076363 0.071181
v 1.732512 2.204257 0.117807
v 1.732512 2.076363 0.071181
v 1.607756 2.204257 0.117807
v 1.607756 2.076363 0.071181
v 1.476435 2.204257 0.117807
v 1.476434 2.076363 0.071181
v 1.349490 2.204257 0.117807
v 1.349489 2.076363 0.071181
v 1.215436 2.204257 0.117807
v 1.215435 2.076363 0.071182
v 1.730326 0.174521 0.071181
v 1.730327 0.046626 0.117808
v 1.605571 0.174521 0.071181
v 1.605571 0.046626 0.117808
v 1.474249 0.174521 0.071181
v 1.474249 0.046626 0.117808
v 1.347304 0.174521 0.071181
v 1.347304 0.046626 0.117808
v 1.215435 0.174521 0.071182
v 1.215436 0.046626 0.117808
v 2.299376 0.522322 0.071181
v 2.189181 0.344791 0.071181
v 2.167603 0.407011 0.071181
v 2.238627 0.534334 0.071181
v 2.338846 0.473556 0.071181
v 2.260915 0.358004 0.071181
v 2.183101 0.471153 0.071181
v 2.313055 0.405570 0.071181
v 2.441770 0.330525 0.071181
v 2.434906 0.472835 0.071181
v 2.420267 0.395991 0.071181
v 1.522283 1.946352 0.071181
v 1.396357 1.778492 0.071181
v 1.382165 1.842109 0.071181
v 1.462898 1.963282 0.071181
v 1.557126 1.894543 0.071181
v 1.467378 1.785925 0.071181
v 1.401789 1.904881 0.071181
v 1.525296 1.828916 0.071181
v 1.215435 1.810300 0.071182
v 1.215435 2.016259 0.071182
v 1.272694 1.998339 0.071182
v 1.261614 1.840014 0.071182
v 1.291031 1.916857 0.071181
v 1.215435 1.063665 0.071182
v 1.853560 0.896496 0.071181
v 1.982693 0.896496 0.071181
v 1.253942 1.014010 0.071182
v 1.254470 0.942441 0.071182
v 1.215435 0.605000 0.071182
v 1.572553 0.986909 0.071181
v 1.475490 1.076593 0.071181
v 1.387294 1.166276 0.071181
v 1.304164 0.729305 0.071181
v 1.472957 0.900080 0.071181
v 1.304164 1.273255 0.071181
v 2.206119 0.502184 0.071181
v 2.329976 0.438961 0.071181
v 2.289496 0.381787 0.071181
v 2.172842 0.439082 0.071181
v 2.424420 0.434413 0.071181
v 2.427852 0.363258 0.071181
v 1.499663 1.807148 0.071181
v 1.388652 1.873768 0.071181
v 1.428006 1.934437 0.071181
v 1.545549 1.861374 0.071181
v 1.289779 1.957598 0.071181
v 1.283711 1.878436 0.071181
v 2.453985 1.302119 0.071181
v 2.454513 1.230550 0.071181
v 2.369499 0.046626 0.024555
v 2.244743 0.046626 0.024555
v 2.113421 0.046626 0.024555
v 1.986477 0.046626 0.024555
v 1.857307 0.046626 0.024555
v 1.730327 0.046626 0.024555
v 1.605571 0.046626 0.024555
v 1.474249 0.046626 0.024555
v 1.347304 0.046626 0.024555
v 1.215436 0.046626 0.024555
v 2.372440 2.204257 0.024555
v 2.247684 2.204257 0.024555
v 2.116363 2.204257 0.024555
v 1.989418 2.204257 0.024555
v 1.859871 2.204257 0.024555
v 1.732512 2.204257 0.024555
v 1.607756 2.204257 0.024555
v 1.476435 2.204257 0.024555
v 1.349490 2.204257 0.024555
v 1.215436 2.204257 0.024555
v 1.722238 1.680690 0.105466
v 1.869928 1.680690 0.105466
v 1.869928 1.594279 0.105466
v 1.722238 1.594279 0.105466
v 2.365716 0.623325 0.105466
v 2.365716 0.716852 0.105466
v 2.240960 0.623325 0.105466
v 2.240960 0.716852 0.105466
v 2.109638 0.623325 0.105466
v 2.109638 0.716852 0.105466
v 1.966326 0.623325 0.105466
v 1.966326 0.716852 0.105466
v 1.869928 0.623325 0.105466
v 1.869928 0.716852 0.105466
v 1.869928 0.821775 0.105466
v 1.966326 0.821775 0.105466
v 1.869928 0.971219 0.105466
v 1.966326 0.971219 0.105466
v 1.869928 0.896496 0.105466
v 1.966326 0.896496 0.105466
v 1.869928 1.089528 0.105466
v 1.966326 1.089528 0.105466
v 1.869928 1.218215 0.105466
v 1.966326 1.218215 0.105466
v 1.869928 1.336524 0.105466
v 1.966326 1.336524 0.105466
v 1.869928 1.456908 0.105466
v 1.966326 1.456908 0.105466
v 1.966326 1.594279 0.105466
v 1.966326 1.680690 0.105466
v 1.593543 1.594279 0.105466
v 1.593543 1.680690 0.105466
v 1.467473 1.594279 0.105466
v 1.467473 1.680690 0.105466
v 1.344030 1.594279 0.105466
v 1.344030 1.680690 0.105466
v 1.215435 1.594279 0.105466
v 1.215435 1.680690 0.105466
v 1.215435 0.904691 0.093871
v 1.239792 0.916269 0.093871
v 2.241867 1.339719 0.105466
v 2.147358 1.257327 0.105466
v 2.402037 0.985608 0.105466
v 2.307798 1.308945 0.105466
v 2.248088 1.257327 0.105466
v 2.427220 1.068985 0.105466
v 1.251047 1.009229 0.093871
v 1.238878 1.040216 0.093871
v 1.341209 1.099609 0.105466
v 1.283320 1.170021 0.105466
v 2.402037 1.501771 0.105466
v 2.320750 1.415274 0.105466
v 2.427220 1.428596 0.105466
v 2.367510 1.360564 0.105466
v 1.456986 0.987427 0.105466
v 1.399098 1.043519 0.105466
v 2.239463 1.172225 0.105466
v 2.323154 1.087122 0.105466
v 2.307798 1.199470 0.105466
v 2.367510 1.141613 0.105466
v 1.341209 0.887339 0.105466
v 1.399098 0.937383 0.105466
v 1.215435 0.729790 0.105466
v 1.283320 0.821383 0.105466
v 1.386541 0.834299 0.105466
v 1.215435 1.266069 0.105466
v 1.215435 1.349271 0.105466
v 2.457353 1.235116 0.093871
v 2.469342 1.203914 0.093871
v 2.456893 1.297520 0.093871
v 2.454641 1.266319 0.093871
v 1.251504 0.947256 0.093871
v 1.253740 0.978242 0.093871
v 1.215435 0.941575 0.093871
v 1.215435 0.978459 0.093871
v 2.369498 0.100410 0.093871
v 2.369498 0.167364 0.093871
v 2.244743 0.100410 0.093871
v 2.244743 0.167364 0.093871
v 2.113420 0.100410 0.093871
v 2.113420 0.167364 0.093871
v 1.986476 0.100410 0.093871
v 1.986476 0.167364 0.093871
v 1.857306 0.167364 0.093871
v 1.857306 0.100410 0.093871
v 2.372440 2.088921 0.105466
v 2.372440 2.145072 0.105466
v 2.247684 2.088921 0.105466
v 2.247684 2.145072 0.105466
v 2.116362 2.088921 0.105466
v 2.116362 2.145072 0.105466
v 1.989417 2.088921 0.105466
v 1.989417 2.145072 0.105466
v 1.859870 2.145072 0.105466
v 1.859870 2.088921 0.105466
v 1.732512 2.088921 0.105466
v 1.732512 2.145072 0.105466
v 1.607756 2.088921 0.105466
v 1.607756 2.145072 0.105466
v 1.476434 2.088921 0.105466
v 1.476434 2.145072 0.105466
v 1.349489 2.088921 0.105466
v 1.349489 2.145072 0.105466
v 1.215435 2.145072 0.105466
v 1.215435 2.088921 0.105466
v 1.730326 0.100410 0.093871
v 1.730326 0.167364 0.093871
v 1.605571 0.100410 0.093871
v 1.605571 0.167364 0.093871
v 1.474249 0.100410 0.093871
v 1.474249 0.167364 0.093871
v 1.347304 0.100410 0.093871
v 1.347304 0.167364 0.093871
v 1.215435 0.167364 0.093871
v 1.215435 0.100410 0.093871
v 2.220767 0.394996 0.105466
v 2.198306 0.359293 0.105466
v 2.180085 0.411833 0.105466
v 2.212609 0.492202 0.105466
v 2.240061 0.519351 0.105466
v 2.291360 0.509207 0.105466
v 2.324690 0.468027 0.105466
v 2.283017 0.390533 0.105466
v 2.258882 0.370450 0.105466
v 2.266868 0.469259 0.105466
v 2.243228 0.430700 0.105466
v 2.184509 0.438916 0.105466
v 2.193172 0.465998 0.105466
v 2.317200 0.438814 0.105466
v 2.302911 0.410616 0.105466
v 2.443399 0.335537 0.105466
v 2.427406 0.431295 0.105466
v 2.423578 0.395880 0.105466
v 2.437072 0.466710 0.105466
v 2.430570 0.365709 0.105466
v 1.431056 1.824172 0.105466
v 1.404316 1.788969 0.105466
v 1.391810 1.845030 0.105466
v 1.432206 1.926392 0.105466
v 1.409103 1.900345 0.105466
v 1.545990 1.891236 0.105466
v 1.515286 1.936891 0.105466
v 1.462954 1.951810 0.105466
v 1.495352 1.814221 0.105466
v 1.517941 1.833403 0.105466
v 1.486541 1.898134 0.105466
v 1.457796 1.859375 0.105466
v 1.466902 1.795519 0.105466
v 1.397526 1.872928 0.105466
v 1.535788 1.862006 0.105466
v 1.215435 1.959948 0.105466
v 1.215435 1.917665 0.105466
v 1.269159 1.986835 0.105466
v 1.215435 2.002230 0.105466
v 1.278624 1.883822 0.105466
v 1.284913 1.916831 0.105466
v 1.215435 1.825285 0.105466
v 1.259641 1.850812 0.105466
v 1.215435 1.871475 0.105466
v 1.283837 1.951833 0.105466
v 1.215435 1.052227 0.093871
v 1.215435 1.015343 0.093871
v 1.465348 1.069932 0.105466
v 1.554642 0.987427 0.105466
v 1.307734 1.250854 0.105466
v 1.384210 1.152438 0.105466
v 1.463017 0.907548 0.105466
v 1.307734 0.750441 0.105466
v 1.215435 0.636086 0.105466
v 2.468421 1.328722 0.093871
v 4.270682 1.697676 0.071181
v 4.270682 1.577292 0.071181
v 4.914159 0.730449 0.071181
v 4.914159 0.609728 0.071181
v 4.789404 0.730449 0.071181
v 4.789404 0.609728 0.071181
v 4.658082 0.730449 0.071181
v 4.658082 0.609728 0.071181
v 4.531137 0.730449 0.071181
v 4.531137 0.609728 0.071181
v 4.402005 0.730449 0.071181
v 4.402005 0.609728 0.071181
v 4.531137 0.821775 0.071181
v 4.402005 0.821775 0.071181
v 4.531137 0.971219 0.071181
v 4.402005 0.971219 0.071181
v 4.531137 1.089528 0.071181
v 4.402005 1.089528 0.071181
v 4.531137 1.218215 0.071181
v 4.402005 1.218215 0.071181
v 4.531137 1.336524 0.071181
v 4.402005 1.336524 0.071181
v 4.531137 1.456908 0.071181
v 4.402005 1.456908 0.071181
v 4.531137 1.577292 0.071181
v 4.402005 1.577292 0.071181
v 4.531137 1.697676 0.071181
v 4.402005 1.697676 0.071181
v 4.141986 1.697676 0.071181
v 4.141986 1.577292 0.071181
v 4.015917 1.697676 0.071181
v 4.015917 1.577292 0.071181
v 3.892474 1.697676 0.071181
v 3.892474 1.577292 0.071181
v 4.684346 1.257651 0.071181
v 3.951920 1.047881 0.071181
v 4.790498 1.257651 0.071181
v 3.951920 0.932512 0.071181
v 4.867072 1.424101 0.071181
v 4.916349 1.366446 0.071181
v 4.869606 1.078284 0.071181
v 4.916349 1.135709 0.071181
v 3.826070 0.806419 0.071181
v 3.888994 1.108851 0.071181
v 3.888994 0.878113 0.071181
v 4.952736 1.515255 0.071181
v 4.979274 1.438141 0.071181
v 4.783943 1.344479 0.071181
v 4.853424 1.312048 0.071181
v 4.781409 1.167967 0.071181
v 4.853424 1.196680 0.071181
v 4.952736 0.971304 0.071181
v 4.979274 1.059171 0.071181
v 3.938271 0.820458 0.071181
v 4.014844 0.986909 0.071181
v 5.015651 1.337903 0.071181
v 5.016706 1.194766 0.071181
v 4.999846 1.266335 0.071181
v 3.826070 1.185389 0.071181
v 3.789388 0.906657 0.071181
v 3.788332 1.049794 0.071181
v 3.805497 0.978225 0.071181
v 4.917943 0.174521 0.071181
v 4.917943 0.046626 0.117808
v 4.793186 0.174521 0.071181
v 4.793186 0.046626 0.117808
v 4.661865 0.174521 0.071181
v 4.661865 0.046626 0.117808
v 4.534920 0.174521 0.071181
v 4.534920 0.046626 0.117808
v 4.405750 0.174521 0.071181
v 4.405751 0.046626 0.117808
v 4.920883 2.204257 0.117807
v 4.920883 2.076363 0.071181
v 4.796128 2.204257 0.117807
v 4.796128 2.076363 0.071181
v 4.664806 2.204257 0.117807
v 4.664806 2.076363 0.071181
v 4.537862 2.204257 0.117807
v 4.537862 2.076363 0.071181
v 4.408314 2.204257 0.117807
v 4.408314 2.076363 0.071181
v 4.280955 2.204257 0.117807
v 4.280955 2.076363 0.071181
v 4.156200 2.204257 0.117807
v 4.156200 2.076363 0.071181
v 4.024878 2.204257 0.117807
v 4.024878 2.076363 0.071181
v 3.897933 2.204257 0.117807
v 3.897933 2.076363 0.071181
v 4.278770 0.174521 0.071181
v 4.278770 0.046626 0.117808
v 4.154015 0.174521 0.071181
v 4.154015 0.046626 0.117808
v 4.022693 0.174521 0.071181
v 4.022693 0.046626 0.117808
v 3.895748 0.174521 0.071181
v 3.895748 0.046626 0.117808
v 4.847820 0.522322 0.071181
v 4.737625 0.344791 0.071181
v 4.716047 0.407011 0.071181
v 4.787070 0.534334 0.071181
v 4.887290 0.473556 0.071181
v 4.809359 0.358004 0.071181
v 4.731545 0.471153 0.071181
v 4.861500 0.405570 0.071181
v 4.990214 0.330525 0.071181
v 4.983350 0.472835 0.071181
v 4.968710 0.395991 0.071181
v 4.070727 1.946352 0.071181
v 3.944801 1.778492 0.071181
v 3.930609 1.842109 0.071181
v 4.011342 1.963282 0.071181
v 4.105570 1.894543 0.071181
v 4.015822 1.785925 0.071181
v 3.950232 1.904881 0.071181
v 4.073740 1.828916 0.071181
v 3.821137 1.998339 0.071181
v 3.810058 1.840014 0.071181
v 3.839475 1.916857 0.071181
v 4.402005 0.896496 0.071181
v 4.531137 0.896496 0.071181
v 3.802386 1.014010 0.071181
v 3.802914 0.942441 0.071181
v 4.120997 0.986909 0.071181
v 4.023934 1.076593 0.071181
v 3.935737 1.166276 0.071181
v 3.852607 0.729305 0.071181
v 4.021401 0.900080 0.071181
v 3.852607 1.273255 0.071181
v 4.754562 0.502184 0.071181
v 4.878420 0.438961 0.071181
v 4.837940 0.381787 0.071181
v 4.721285 0.439082 0.071181
v 4.972865 0.434413 0.071181
v 4.976295 0.363258 0.071181
v 4.048106 1.807148 0.071181
v 3.937095 1.873768 0.071181
v 3.976450 1.934437 0.071181
v 4.093992 1.861374 0.071181
v 3.838222 1.957598 0.071181
v 3.832155 1.878436 0.071181
v 5.002429 1.302119 0.071181
v 5.002957 1.230550 0.071181
v 4.917943 0.046626 0.024555
v 4.793186 0.046626 0.024555
v 4.661865 0.046626 0.024555
v 4.534920 0.046626 0.024555
v 4.405751 0.046626 0.024555
v 4.278770 0.046626 0.024555
v 4.154015 0.046626 0.024555
v 4.022693 0.046626 0.024555
v 3.895748 0.046626 0.024555
v 4.920883 2.204257 0.024555
v 4.796128 2.204257 0.024555
v 4.664806 2.204257 0.024555
v 4.537862 2.204257 0.024555
v 4.408314 2.204257 0.024555
v 4.280955 2.204257 0.024555
v 4.156200 2.204257 0.024555
v 4.024878 2.204257 0.024555
v 3.897933 2.204257 0.024555
v 4.270682 1.680690 0.105466
v 4.418372 1.680690 0.105466
v 4.418372 1.594279 0.105466
v 4.270682 1.594279 0.105466
v 4.914159 0.623325 0.105466
v 4.914159 0.716852 0.105466
v 4.789404 0.623325 0.105466
v 4.789404 0.716852 0.105466
v 4.658082 0.623325 0.105466
v 4.658082 0.716852 0.105466
v 4.514770 0.623325 0.105466
v 4.514770 0.716852 0.105466
v 4.418372 0.623325 0.105466
v 4.418372 0.716852 0.105466
v 4.418372 0.821775 0.105466
v 4.514770 0.821775 0.105466
v 4.418372 0.971219 0.105466
v 4.514770 0.971219 0.105466
v 4.418372 0.896496 0.105466
v 4.514770 0.896496 0.105466
v 4.418372 1.089528 0.105466
v 4.514770 1.089528 0.105466
v 4.418372 1.218215 0.105466
v 4.514770 1.218215 0.105466
v 4.418372 1.336524 0.105466
v 4.514770 1.336524 0.105466
v 4.418372 1.456908 0.105466
v 4.514770 1.456908 0.105466
v 4.514770 1.594279 0.105466
v 4.514770 1.680690 0.105466
v 4.141986 1.594279 0.105466
v 4.141986 1.680690 0.105466
v 4.015917 1.594279 0.105466
v 4.015917 1.680690 0.105466
v 3.892474 1.594279 0.105466
v 3.892474 1.680690 0.105466
v 3.788235 0.916269 0.093871
v 4.790310 1.339719 0.105466
v 4.695802 1.257327 0.105466
v 4.950481 0.985608 0.105466
v 4.856243 1.308945 0.105466
v 4.796532 1.257327 0.105466
v 4.975664 1.068985 0.105466
v 3.799491 1.009229 0.093871
v 3.787321 1.040216 0.093871
v 3.889652 1.099609 0.105466
v 3.831764 1.170021 0.105466
v 4.950481 1.501771 0.105466
v 4.869194 1.415274 0.105466
v 4.975664 1.428596 0.105466
v 4.915953 1.360564 0.105466
v 4.005430 0.987427 0.105466
v 3.947541 1.043519 0.105466
v 4.787907 1.172225 0.105466
v 4.871598 1.087122 0.105466
v 4.856243 1.199470 0.105466
v 4.915953 1.141613 0.105466
v 3.889652 0.887339 0.105466
v 3.947541 0.937383 0.105466
v 3.831764 0.821383 0.105466
v 3.934985 0.834299 0.105466
v 5.005797 1.235116 0.093870
v 5.017786 1.203914 0.093870
v 5.005337 1.297520 0.093870
v 5.003085 1.266319 0.093870
v 3.799948 0.947256 0.093871
v 3.802184 0.978242 0.093871
v 4.917943 0.100410 0.093870
v 4.917943 0.167364 0.093870
v 4.793186 0.100410 0.093871
v 4.793186 0.167364 0.093871
v 4.661865 0.100410 0.093871
v 4.661865 0.167364 0.093871
v 4.534920 0.100410 0.093871
v 4.534920 0.167364 0.093871
v 4.405750 0.167364 0.093871
v 4.405750 0.100410 0.093871
v 4.920883 2.088921 0.105466
v 4.920883 2.145072 0.105466
v 4.796128 2.088921 0.105466
v 4.796128 2.145072 0.105466
v 4.664806 2.088921 0.105466
v 4.664806 2.145072 0.105466
v 4.537862 2.088921 0.105466
v 4.537862 2.145072 0.105466
v 4.408314 2.145072 0.105466
v 4.408314 2.088921 0.105466
v 4.280955 2.088921 0.105466
v 4.280955 2.145072 0.105466
v 4.156200 2.088921 0.105466
v 4.156200 2.145072 0.105466
v 4.024878 2.088921 0.105466
v 4.024878 2.145072 0.105466
v 3.897933 2.088921 0.105466
v 3.897933 2.145072 0.105466
v 4.278770 0.100410 0.093871
v 4.278770 0.167364 0.093871
v 4.154015 0.100410 0.093871
v 4.154015 0.167364 0.093871
v 4.022693 0.100410 0.093871
v 4.022693 0.167364 0.093871
v 3.895748 0.100410 0.093871
v 3.895748 0.167364 0.093871
v 4.769211 0.394996 0.105466
v 4.746750 0.359293 0.105466
v 4.728530 0.411833 0.105466
v 4.761054 0.492202 0.105466
v 4.788504 0.519351 0.105466
v 4.839804 0.509207 0.105466
v 4.873133 0.468027 0.105466
v 4.831461 0.390533 0.105466
v 4.807327 0.370450 0.105466
v 4.815312 0.469259 0.105466
v 4.791672 0.430700 0.105466
v 4.732953 0.438916 0.105466
v 4.741617 0.465998 0.105466
v 4.865644 0.438814 0.105466
v 4.851355 0.410616 0.105466
v 4.991843 0.335537 0.105466
v 4.975850 0.431295 0.105466
v 4.972023 0.395880 0.105466
v 4.985517 0.466710 0.105466
v 4.979013 0.365709 0.105466
v 3.979500 1.824172 0.105466
v 3.952760 1.788969 0.105466
v 3.940254 1.845030 0.105466
v 3.980650 1.926392 0.105466
v 3.957547 1.900345 0.105466
v 4.094435 1.891236 0.105466
v 4.063729 1.936891 0.105466
v 4.011398 1.951810 0.105466
v 4.043796 1.814221 0.105466
v 4.066385 1.833403 0.105466
v 4.034985 1.898134 0.105466
v 4.006240 1.859375 0.105466
v 4.015346 1.795519 0.105466
v 3.945970 1.872928 0.105466
v 4.084232 1.862006 0.105466
v 3.817603 1.986835 0.105466
v 3.827069 1.883822 0.105466
v 3.833357 1.916831 0.105466
v 3.808084 1.850812 0.105466
v 3.832281 1.951833 0.105466
v 4.013792 1.069932 0.105466
v 4.103086 0.987427 0.105466
v 3.856178 1.250854 0.105466
v 3.932654 1.152438 0.105466
v 4.011461 0.907548 0.105466
v 3.856178 0.750441 0.105466
v 5.016866 1.328722 0.093870
v 3.257075 1.697676 0.071181
v 3.257075 1.577292 0.071181
v 2.489656 0.730449 0.071181
v 2.489656 0.609728 0.071181
v 2.613597 0.730449 0.071181
v 2.613597 0.609728 0.071181
v 2.738353 0.730449 0.071181
v 2.738353 0.609728 0.071181
v 2.869675 0.730449 0.071181
v 2.869675 0.609728 0.071181
v 2.996620 0.730449 0.071181
v 2.996620 0.609728 0.071181
v 3.125753 0.730449 0.071181
v 3.125753 0.609728 0.071181
v 2.996620 0.821775 0.071181
v 3.125753 0.821775 0.071181
v 2.996620 0.971219 0.071181
v 3.125753 0.971219 0.071181
v 2.996620 1.089528 0.071181
v 3.125753 1.089528 0.071181
v 2.996620 1.218215 0.071181
v 3.125753 1.218215 0.071181
v 2.996620 1.336524 0.071181
v 3.125753 1.336524 0.071181
v 2.996620 1.456908 0.071181
v 3.125753 1.456908 0.071181
v 2.996620 1.577292 0.071181
v 3.125753 1.577292 0.071181
v 2.996620 1.697676 0.071181
v 3.125753 1.697676 0.071181
v 3.385771 1.697676 0.071181
v 3.385771 1.577292 0.071181
v 3.511840 1.697676 0.071181
v 3.511840 1.577292 0.071181
v 3.635283 1.697676 0.071181
v 3.635283 1.577292 0.071181
v 3.763878 1.697676 0.071181
v 3.763878 1.577292 0.071181
v 2.489656 0.864325 0.071181
v 2.489656 1.641753 0.071181
v 2.843411 1.257651 0.071181
v 3.575837 1.047881 0.071181
v 2.489656 1.509835 0.071181
v 2.737259 1.257651 0.071181
v 2.489656 0.982634 0.071181
v 3.575837 0.932512 0.071181
v 2.660684 1.424101 0.071181
v 2.611408 1.366446 0.071181
v 2.658151 1.078284 0.071181
v 2.611408 1.135709 0.071181
v 3.701688 0.806419 0.071181
v 3.638763 1.108851 0.071181
v 3.638763 0.878113 0.071181
v 2.575021 1.515255 0.071181
v 2.548483 1.438141 0.071181
v 2.743815 1.344479 0.071181
v 2.674334 1.312048 0.071181
v 2.746348 1.167967 0.071181
v 2.674334 1.196680 0.071181
v 2.575021 0.971304 0.071181
v 2.548483 1.059171 0.071181
v 3.589487 0.820458 0.071181
v 3.763878 1.261926 0.071181
v 3.512913 0.986909 0.071181
v 3.763878 0.734725 0.071181
v 2.512106 1.337903 0.071181
v 2.511050 1.194766 0.071181
v 2.489656 1.180895 0.071181
v 2.527910 1.266335 0.071181
v 3.763878 1.380235 0.071181
v 3.701688 1.185389 0.071181
v 3.738369 0.906657 0.071181
v 3.739425 1.049794 0.071181
v 3.763878 0.893286 0.071181
v 3.722261 0.978225 0.071181
v 2.489657 0.046626 0.117808
v 2.609815 0.174521 0.071181
v 2.609815 0.046626 0.117808
v 2.734571 0.174521 0.071181
v 2.734571 0.046626 0.117808
v 2.865893 0.174521 0.071181
v 2.865893 0.046626 0.117808
v 2.992837 0.174521 0.071181
v 2.992838 0.046626 0.117808
v 3.122007 0.174521 0.071181
v 3.122007 0.046626 0.117808
v 2.489657 2.204257 0.117807
v 2.489656 2.076363 0.071181
v 2.606874 2.204257 0.117807
v 2.606874 2.076363 0.071181
v 2.731630 2.204257 0.117807
v 2.731629 2.076363 0.071181
v 2.862952 2.204257 0.117807
v 2.862951 2.076363 0.071181
v 2.989897 2.204257 0.117807
v 2.989896 2.076363 0.071181
v 3.119443 2.204257 0.117807
v 3.119443 2.076363 0.071181
v 3.246802 2.204257 0.117807
v 3.246802 2.076363 0.071181
v 3.371557 2.204257 0.117807
v 3.371557 2.076363 0.071181
v 3.502880 2.204257 0.117807
v 3.502879 2.076363 0.071181
v 3.629824 2.204257 0.117807
v 3.629824 2.076363 0.071181
v 3.763878 2.204257 0.117807
v 3.763878 2.076363 0.071181
v 3.248987 0.174521 0.071181
v 3.248987 0.046626 0.117808
v 3.373743 0.174521 0.071181
v 3.373743 0.046626 0.117808
v 3.505064 0.174521 0.071181
v 3.505065 0.046626 0.117808
v 3.632009 0.174521 0.071181
v 3.632009 0.046626 0.117808
v 3.763878 0.174521 0.071181
v 3.763878 0.046626 0.117808
v 2.679938 0.522322 0.071181
v 2.790132 0.344791 0.071181
v 2.811709 0.407011 0.071181
v 2.740687 0.534334 0.071181
v 2.640467 0.473556 0.071181
v 2.718398 0.358004 0.071181
v 2.796212 0.471153 0.071181
v 2.666258 0.405570 0.071181
v 2.489656 0.494540 0.071181
v 2.489656 0.288582 0.071181
v 2.537543 0.330525 0.071181
v 2.544407 0.472835 0.071181
v 2.559046 0.395991 0.071181
v 3.457030 1.946352 0.071181
v 3.582956 1.778492 0.071181
v 3.597148 1.842109 0.071181
v 3.516415 1.963282 0.071181
v 3.422187 1.894543 0.071181
v 3.511935 1.785925 0.071181
v 3.577525 1.904881 0.071181
v 3.454017 1.828916 0.071181
v 3.763878 1.810300 0.071181
v 3.763878 2.016259 0.071181
v 3.706620 1.998339 0.071181
v 3.717699 1.840014 0.071181
v 3.688282 1.916857 0.071181
v 3.763878 1.063665 0.071181
v 3.125753 0.896496 0.071181
v 2.996620 0.896496 0.071181
v 3.725371 1.014010 0.071181
v 3.724843 0.942441 0.071181
v 3.763878 0.605000 0.071181
v 3.406760 0.986909 0.071181
v 3.503823 1.076593 0.071181
v 3.592020 1.166276 0.071181
v 3.675150 0.729305 0.071181
v 3.506356 0.900080 0.071181
v 3.675150 1.273255 0.071181
v 2.489656 0.174521 0.071181
v 2.773195 0.502184 0.071181
v 2.649337 0.438961 0.071181
v 2.689817 0.381787 0.071181
v 2.806472 0.439082 0.071181
v 2.554893 0.434413 0.071181
v 2.551461 0.363258 0.071181
v 3.479651 1.807148 0.071181
v 3.590662 1.873768 0.071181
v 3.551307 1.934437 0.071181
v 3.433765 1.861374 0.071181
v 3.689534 1.957598 0.071181
v 3.695602 1.878436 0.071181
v 2.525328 1.302119 0.071181
v 2.524800 1.230550 0.071181
v 2.489656 1.351274 0.071181
v 2.489657 0.046626 0.024555
v 2.609815 0.046626 0.024555
v 2.734571 0.046626 0.024555
v 2.865893 0.046626 0.024555
v 2.992838 0.046626 0.024555
v 3.122007 0.046626 0.024555
v 3.248987 0.046626 0.024555
v 3.373743 0.046626 0.024555
v 3.505065 0.046626 0.024555
v 3.632009 0.046626 0.024555
v 3.763878 0.046626 0.024555
v 2.489657 2.204257 0.024555
v 2.606874 2.204257 0.024555
v 2.731630 2.204257 0.024555
v 2.862952 2.204257 0.024555
v 2.989897 2.204257 0.024555
v 3.119443 2.204257 0.024555
v 3.246802 2.204257 0.024555
v 3.371557 2.204257 0.024555
v 3.502880 2.204257 0.024555
v 3.629824 2.204257 0.024555
v 3.763878 2.204257 0.024555
v 3.257075 1.680690 0.105466
v 3.109385 1.680690 0.105466
v 3.109385 1.594279 0.105466
v 3.257075 1.594279 0.105466
v 2.489656 0.623325 0.105466
v 2.489656 0.716852 0.105466
v 2.613597 0.623325 0.105466
v 2.613597 0.716852 0.105466
v 2.738353 0.623325 0.105466
v 2.738353 0.716852 0.105466
v 2.869675 0.623325 0.105466
v 2.869675 0.716852 0.105466
v 3.012987 0.623325 0.105466
v 3.012987 0.716852 0.105466
v 3.109385 0.623325 0.105466
v 3.109385 0.716852 0.105466
v 3.109385 0.821775 0.105466
v 3.012987 0.821775 0.105466
v 3.109385 0.971219 0.105466
v 3.012987 0.971219 0.105466
v 3.109385 0.896496 0.105466
v 3.012987 0.896496 0.105466
v 3.109385 1.089528 0.105466
v 3.012987 1.089528 0.105466
v 3.109385 1.218215 0.105466
v 3.012987 1.218215 0.105466
v 3.109385 1.336524 0.105466
v 3.012987 1.336524 0.105466
v 3.109385 1.456908 0.105466
v 3.012987 1.456908 0.105466
v 3.012987 1.594279 0.105466
v 3.012987 1.680690 0.105466
v 3.385771 1.594279 0.105466
v 3.385771 1.680690 0.105466
v 3.511840 1.594279 0.105466
v 3.511840 1.680690 0.105466
v 3.635283 1.594279 0.105466
v 3.635283 1.680690 0.105466
v 3.763878 1.594279 0.105466
v 3.763878 1.680690 0.105466
v 3.763878 0.904691 0.093871
v 3.739522 0.916269 0.093871
v 2.737447 1.339719 0.105466
v 2.831955 1.257327 0.105466
v 2.577276 0.985608 0.105466
v 2.489656 0.884093 0.105466
v 2.671515 1.308945 0.105466
v 2.731225 1.257327 0.105466
v 2.552094 1.068985 0.105466
v 2.489656 0.961097 0.105466
v 3.728266 1.009229 0.093871
v 3.740436 1.040216 0.093871
v 2.489656 1.621808 0.105466
v 2.489656 1.531889 0.105466
v 3.638104 1.099609 0.105466
v 3.695993 1.170021 0.105466
v 2.577276 1.501771 0.105466
v 2.658563 1.415274 0.105466
v 2.552094 1.428596 0.105466
v 2.611804 1.360564 0.105466
v 3.522327 0.987427 0.105466
v 3.580216 1.043519 0.105466
v 2.739850 1.172225 0.105466
v 2.656159 1.087122 0.105466
v 2.671515 1.199470 0.105466
v 2.611804 1.141613 0.105466
v 3.638104 0.887339 0.105466
v 3.580216 0.937383 0.105466
v 3.763878 0.729790 0.105466
v 3.695993 0.821383 0.105466
v 3.592772 0.834299 0.105466
v 3.763878 1.266069 0.105466
v 3.763878 1.349271 0.105466
v 2.521960 1.235116 0.093871
v 2.509971 1.203914 0.093871
v 2.489656 1.191820 0.093871
v 2.489656 1.228961 0.093871
v 2.522421 1.297520 0.093871
v 2.524673 1.266319 0.093871
v 2.489656 1.303240 0.093871
v 2.489656 1.266100 0.093871
v 3.727809 0.947256 0.093871
v 3.725573 0.978242 0.093871
v 3.763878 0.941575 0.093871
v 3.763878 0.978459 0.093871
v 2.609815 0.100410 0.093871
v 2.609815 0.167364 0.093871
v 2.489656 0.100410 0.093871
v 2.734571 0.100410 0.093871
v 2.734571 0.167364 0.093871
v 2.865893 0.100410 0.093871
v 2.865893 0.167364 0.093871
v 2.992837 0.100410 0.093871
v 2.992837 0.167364 0.093871
v 3.122007 0.167364 0.093871
v 3.122007 0.100410 0.093871
v 2.489656 2.088921 0.105466
v 2.489656 2.145072 0.105466
v 2.606874 2.088921 0.105466
v 2.606874 2.145072 0.105466
v 2.731629 2.088921 0.105466
v 2.731629 2.145072 0.105466
v 2.862951 2.088921 0.105466
v 2.862951 2.145072 0.105466
v 2.989896 2.088921 0.105466
v 2.989896 2.145072 0.105466
v 3.119443 2.145072 0.105466
v 3.119443 2.088921 0.105466
v 3.246802 2.088921 0.105466
v 3.246802 2.145072 0.105466
v 3.371557 2.088921 0.105466
v 3.371557 2.145072 0.105466
v 3.502879 2.088921 0.105466
v 3.502879 2.145072 0.105466
v 3.629824 2.088921 0.105466
v 3.629824 2.145072 0.105466
v 3.763878 2.145072 0.105466
v 3.763878 2.088921 0.105466
v 3.248987 0.100410 0.093871
v 3.248987 0.167364 0.093871
v 3.373743 0.100410 0.093871
v 3.373743 0.167364 0.093871
v 3.505064 0.100410 0.093871
v 3.505064 0.167364 0.093871
v 3.632009 0.100410 0.093871
v 3.632009 0.167364 0.093871
v 3.763878 0.167364 0.093871
v 3.763878 0.100410 0.093871
v 2.758546 0.394996 0.105466
v 2.781007 0.359293 0.105466
v 2.799228 0.411833 0.105466
v 2.766704 0.492202 0.105466
v 2.739253 0.519351 0.105466
v 2.687954 0.509207 0.105466
v 2.654623 0.468027 0.105466
v 2.696296 0.390533 0.105466
v 2.720431 0.370450 0.105466
v 2.712445 0.469259 0.105466
v 2.736085 0.430700 0.105466
v 2.794805 0.438916 0.105466
v 2.786141 0.465998 0.105466
v 2.662113 0.438814 0.105466
v 2.676402 0.410616 0.105466
v 2.489656 0.342241 0.105466
v 2.489656 0.296877 0.105466
v 2.535914 0.335537 0.105466
v 2.551907 0.431295 0.105466
v 2.555735 0.395880 0.105466
v 2.489656 0.486717 0.105466
v 2.542242 0.466710 0.105466
v 2.489656 0.437160 0.105466
v 2.489656 0.387605 0.105466
v 2.548743 0.365709 0.105466
v 3.548257 1.824172 0.105466
v 3.574997 1.788969 0.105466
v 3.587503 1.845030 0.105466
v 3.547107 1.926392 0.105466
v 3.570210 1.900345 0.105466
v 3.433323 1.891236 0.105466
v 3.464028 1.936891 0.105466
v 3.516359 1.951810 0.105466
v 3.483961 1.814221 0.105466
v 3.461372 1.833403 0.105466
v 3.492773 1.898134 0.105466
v 3.521518 1.859375 0.105466
v 3.512411 1.795519 0.105466
v 3.581787 1.872928 0.105466
v 3.443526 1.862006 0.105466
v 3.763878 1.959948 0.105466
v 3.763878 1.917665 0.105466
v 3.710154 1.986835 0.105466
v 3.763878 2.002230 0.105466
v 3.700689 1.883822 0.105466
v 3.694400 1.916831 0.105466
v 3.763878 1.825285 0.105466
v 3.719673 1.850812 0.105466
v 3.763878 1.871475 0.105466
v 3.695477 1.951833 0.105466
v 3.763878 1.052227 0.093871
v 3.763878 1.015343 0.093871
v 3.513966 1.069932 0.105466
v 3.424672 0.987427 0.105466
v 3.671579 1.250854 0.105466
v 3.595103 1.152438 0.105466
v 3.516296 0.907548 0.105466
v 3.671579 0.750441 0.105466
v 3.763878 0.636086 0.105466
v 2.489656 0.167364 0.093871
v 2.510892 1.328722 0.093871
v 2.489656 1.340381 0.093871
v 5.041031 0.730449 0.076098
v 5.041031 0.609728 0.076098
v 5.041031 0.864325 0.076098
v 5.041031 1.641753 0.076098
v 5.041031 1.509835 0.076098
v 5.041031 0.982634 0.076098
v 5.041031 1.180895 0.076098
v 5.074913 0.046626 0.117808
v 5.074913 2.204257 0.117807
v 5.041031 2.076363 0.076098
v 5.041031 0.494540 0.076098
v 5.041031 0.288582 0.076098
v 5.041031 0.174521 0.076098
v 5.041031 1.351274 0.076098
v 5.007149 0.046626 0.024555
v 5.007149 2.204257 0.024555
v 5.065945 0.623325 0.109081
v 5.065945 0.716852 0.109081
v 5.065945 0.884093 0.109081
v 5.065945 0.961097 0.109081
v 5.065945 1.621808 0.109081
v 5.065945 1.531889 0.109081
v 5.057518 1.191820 0.100881
v 5.057518 1.228961 0.100881
v 5.057518 1.303240 0.100881
v 5.057518 1.266100 0.100881
v 5.057518 0.100410 0.100881
v 5.065945 2.088921 0.109081
v 5.065945 2.145072 0.109081
v 5.065945 0.342241 0.109081
v 5.065945 0.296877 0.109081
v 5.065945 0.486717 0.109081
v 5.065945 0.437160 0.109081
v 5.065945 0.387605 0.109081
v 5.057518 0.167364 0.100881
v 5.057518 1.340381 0.100881
vt 0.334196 0.834112
vt 0.334082 0.825391
vt 0.336947 0.825357
vt 0.337120 0.834197
vt 0.368639 0.802105
vt 0.365624 0.803649
vt 0.364725 0.801548
vt 0.366557 0.800770
vt 0.375729 0.843562
vt 0.375405 0.834522
vt 0.378170 0.834429
vt 0.378496 0.843439
vt 0.384133 0.797671
vt 0.384374 0.807158
vt 0.381593 0.807229
vt 0.381358 0.797748
vt 0.345451 0.852951
vt 0.336054 0.854682
vt 0.336936 0.851749
vt 0.342747 0.850597
vt 0.357288 0.801757
vt 0.355405 0.798341
vt 0.357839 0.798296
vt 0.359207 0.800439
vt 0.305108 0.898757
vt 0.306518 0.896914
vt 0.308007 0.898199
vt 0.306826 0.899535
vt 0.318554 0.896413
vt 0.320192 0.898108
vt 0.318513 0.899086
vt 0.317209 0.897811
vt 0.219771 0.874622
vt 0.217900 0.883350
vt 0.216155 0.882975
vt 0.217998 0.874272
vt 0.374531 0.807397
vt 0.374333 0.797932
vt 0.377097 0.797861
vt 0.377315 0.807334
vt 0.362720 0.803917
vt 0.360004 0.803383
vt 0.360990 0.801368
vt 0.362811 0.801655
vt 0.290753 0.810516
vt 0.290634 0.813133
vt 0.286374 0.810181
vt 0.287578 0.808632
vt 0.346136 0.843477
vt 0.343284 0.844476
vt 0.369910 0.798039
vt 0.367538 0.798095
vt 0.306212 0.798455
vt 0.309328 0.798511
vt 0.303461 0.804150
vt 0.302819 0.802055
vt 0.283310 0.816228
vt 0.284911 0.814176
vt 0.290497 0.819064
vt 0.290358 0.822020
vt 0.384604 0.816148
vt 0.381823 0.816226
vt 0.326676 0.855643
vt 0.326438 0.852730
vt 0.309572 0.895834
vt 0.310259 0.897553
vt 0.311646 0.805986
vt 0.308773 0.805012
vt 0.315048 0.798585
vt 0.318741 0.798628
vt 0.374743 0.816435
vt 0.377536 0.816352
vt 0.325765 0.843020
vt 0.333842 0.842333
vt 0.336237 0.844547
vt 0.325977 0.845919
vt 0.284325 0.805226
vt 0.283159 0.807051
vt 0.279344 0.803455
vt 0.280179 0.801393
vt 0.312521 0.895506
vt 0.312591 0.897336
vt 0.384878 0.825419
vt 0.382107 0.825509
vt 0.317072 0.856267
vt 0.316963 0.853291
vt 0.360926 0.822579
vt 0.358233 0.822057
vt 0.358774 0.819797
vt 0.360381 0.820194
vt 0.271653 0.805021
vt 0.274533 0.804171
vt 0.279785 0.809670
vt 0.277707 0.811042
vt 0.375054 0.825764
vt 0.377834 0.825661
vt 0.316673 0.843446
vt 0.316749 0.846324
vt 0.357378 0.810133
vt 0.359706 0.810469
vt 0.359248 0.812701
vt 0.357695 0.812455
vt 0.297902 0.816851
vt 0.296505 0.814666
vt 0.302503 0.810191
vt 0.304469 0.811719
vt 0.352693 0.816775
vt 0.352782 0.811756
vt 0.354819 0.813205
vt 0.355055 0.816217
vt 0.295652 0.892805
vt 0.294924 0.890140
vt 0.300710 0.886285
vt 0.301976 0.888645
vt 0.315473 0.895588
vt 0.314927 0.897361
vt 0.385178 0.834187
vt 0.382415 0.834285
vt 0.307660 0.856504
vt 0.307660 0.853514
vt 0.294849 0.880702
vt 0.296780 0.882730
vt 0.288529 0.888127
vt 0.286112 0.886366
vt 0.264133 0.797068
vt 0.267819 0.797235
vt 0.307619 0.843561
vt 0.307621 0.846461
vt 0.355806 0.820766
vt 0.354166 0.819094
vt 0.356064 0.817710
vt 0.357160 0.818892
vt 0.366001 0.815848
vt 0.364736 0.820044
vt 0.362897 0.818745
vt 0.363504 0.816094
vt 0.306811 0.884694
vt 0.305531 0.882659
vt 0.311444 0.879293
vt 0.311421 0.882360
vt 0.385509 0.843138
vt 0.382751 0.843253
vt 0.297536 0.856220
vt 0.297597 0.853303
vt 0.311424 0.869336
vt 0.311380 0.872421
vt 0.304285 0.877498
vt 0.302683 0.874990
vt 0.297658 0.843473
vt 0.297641 0.846349
vt 0.361956 0.811313
vt 0.364075 0.813082
vt 0.362247 0.814496
vt 0.360767 0.813325
vt 0.385898 0.852210
vt 0.383135 0.852338
vt 0.315597 0.884603
vt 0.316907 0.882597
vt 0.321380 0.886038
vt 0.320142 0.888383
vt 0.376094 0.852644
vt 0.378870 0.852528
vt 0.288365 0.855902
vt 0.288466 0.853014
vt 0.326905 0.880246
vt 0.325023 0.882222
vt 0.318273 0.877562
vt 0.319879 0.875117
vt 0.288698 0.843277
vt 0.288636 0.846136
vt 0.233208 0.882033
vt 0.235967 0.881944
vt 0.235642 0.884610
vt 0.233580 0.884605
vt 0.386357 0.861132
vt 0.383575 0.861281
vt 0.260473 0.843073
vt 0.225198 0.839149
vt 0.226213 0.830433
vt 0.230383 0.882622
vt 0.231448 0.884922
vt 0.326196 0.892119
vt 0.326859 0.889524
vt 0.335036 0.893274
vt 0.332602 0.895468
vt 0.277122 0.797629
vt 0.280446 0.794135
vt 0.285881 0.797954
vt 0.288465 0.800642
vt 0.290438 0.800938
vt 0.292430 0.800735
vt 0.294462 0.808833
vt 0.294439 0.799781
vt 0.298282 0.805590
vt 0.295185 0.798225
vt 0.286527 0.799572
vt 0.270197 0.842865
vt 0.277275 0.842953
vt 0.283083 0.843126
vt 0.333889 0.807842
vt 0.333836 0.798596
vt 0.227220 0.821904
vt 0.228208 0.812831
vt 0.333959 0.816592
vt 0.229051 0.803988
vt 0.229776 0.794753
vt 0.376471 0.861618
vt 0.379280 0.861492
vt 0.224046 0.848046
vt 0.240758 0.863077
vt 0.235809 0.864198
vt 0.222798 0.856894
vt 0.282657 0.855673
vt 0.277018 0.855505
vt 0.277051 0.852593
vt 0.282761 0.852804
vt 0.344562 0.891645
vt 0.341869 0.893154
vt 0.332294 0.887314
vt 0.334547 0.885570
vt 0.255218 0.871091
vt 0.249340 0.869721
vt 0.247368 0.866746
vt 0.256744 0.861489
vt 0.245378 0.864756
vt 0.258311 0.852549
vt 0.243110 0.863673
vt 0.282979 0.845992
vt 0.243581 0.888851
vt 0.247535 0.874013
vt 0.253942 0.880235
vt 0.252795 0.889715
vt 0.226163 0.885228
vt 0.243437 0.876485
vt 0.242149 0.884465
vt 0.239105 0.882807
vt 0.240548 0.875629
vt 0.238136 0.874046
vt 0.236575 0.872098
vt 0.235267 0.869576
vt 0.377014 0.871074
vt 0.377611 0.880019
vt 0.378265 0.889106
vt 0.277003 0.892616
vt 0.268348 0.872797
vt 0.269440 0.863414
vt 0.270826 0.855329
vt 0.267300 0.881916
vt 0.266209 0.891338
vt 0.241426 0.889359
vt 0.240043 0.886102
vt 0.299249 0.807527
vt 0.295499 0.810501
vt 0.386929 0.870446
vt 0.384135 0.870626
vt 0.237957 0.885180
vt 0.346237 0.825381
vt 0.346291 0.816526
vt 0.346488 0.807813
vt 0.346458 0.798476
vt 0.346216 0.834283
vt 0.274002 0.797508
vt 0.221357 0.865920
vt 0.379826 0.870896
vt 0.217803 0.829451
vt 0.216755 0.838093
vt 0.209951 0.837227
vt 0.210997 0.828654
vt 0.215588 0.846894
vt 0.208788 0.845943
vt 0.288893 0.896645
vt 0.214326 0.855561
vt 0.207528 0.854494
vt 0.221209 0.794153
vt 0.220503 0.803250
vt 0.213630 0.802667
vt 0.214336 0.793665
vt 0.212862 0.864485
vt 0.206066 0.863298
vt 0.219704 0.811978
vt 0.212851 0.811313
vt 0.211299 0.872983
vt 0.204501 0.871682
vt 0.218771 0.820960
vt 0.211945 0.820222
vt 0.209569 0.881599
vt 0.202795 0.880250
vt 0.392535 0.842849
vt 0.392933 0.851867
vt 0.391227 0.797469
vt 0.391477 0.806975
vt 0.393426 0.860727
vt 0.391695 0.815957
vt 0.394035 0.869977
vt 0.387534 0.879327
vt 0.394663 0.878824
vt 0.391941 0.825202
vt 0.388185 0.888373
vt 0.395319 0.887853
vt 0.392216 0.833944
vt 0.343372 0.834268
vt 0.263254 0.890989
vt 0.255747 0.890074
vt 0.256891 0.880629
vt 0.264367 0.881570
vt 0.258123 0.871501
vt 0.265451 0.872453
vt 0.259574 0.861960
vt 0.266515 0.862958
vt 0.261442 0.851961
vt 0.268832 0.852804
vt 0.262466 0.845846
vt 0.269191 0.845670
vt 0.277217 0.845827
vt 0.343378 0.825362
vt 0.336860 0.816558
vt 0.343407 0.816516
vt 0.336833 0.807817
vt 0.343521 0.807787
vt 0.336786 0.798575
vt 0.343485 0.798514
vt 0.291918 0.799636
vt 0.290471 0.799734
vt 0.290530 0.798100
vt 0.292210 0.798148
vt 0.289035 0.799567
vt 0.287720 0.798980
vt 0.287243 0.797999
vt 0.288853 0.798050
vt 0.279936 0.894088
vt 0.286292 0.894460
vt 0.315684 0.899788
vt 0.312666 0.900061
vt 0.309649 0.899993
vt 0.211303 0.881949
vt 0.213044 0.873318
vt 0.214609 0.864787
vt 0.219583 0.865623
vt 0.216074 0.855833
vt 0.221026 0.856617
vt 0.217336 0.847136
vt 0.222278 0.847809
vt 0.218500 0.838314
vt 0.223437 0.838931
vt 0.385385 0.888578
vt 0.381073 0.888898
vt 0.380422 0.879823
vt 0.384734 0.879523
vt 0.219547 0.829655
vt 0.224463 0.830229
vt 0.220520 0.821151
vt 0.225460 0.821703
vt 0.221463 0.812151
vt 0.226434 0.812650
vt 0.222269 0.803400
vt 0.227265 0.803833
vt 0.222976 0.794278
vt 0.227988 0.794629
vt 0.242441 0.865993
vt 0.239650 0.867541
vt 0.237888 0.866034
vt 0.240906 0.865541
vt 0.241322 0.873200
vt 0.243504 0.870732
vt 0.245671 0.872465
vt 0.242982 0.873785
vt 0.238757 0.870811
vt 0.241476 0.869085
vt 0.239772 0.872134
vt 0.245317 0.868050
vt 0.243933 0.866761
vt 0.231095 0.888120
vt 0.227848 0.887056
vt 0.237853 0.889295
vt 0.234326 0.888822
vt 0.356644 0.814471
vt 0.360689 0.817251
vt 0.358555 0.815802
vt 0.365104 0.798149
vt 0.360295 0.798249
vt 0.362792 0.798198
vt 0.293274 0.799112
vt 0.293817 0.798191
vt 0.246533 0.869784
vt 0.237853 0.869249
vt 0.333800 0.763884
vt 0.336584 0.763745
vt 0.336546 0.772226
vt 0.333774 0.772229
vt 0.368450 0.794047
vt 0.366438 0.795470
vt 0.364579 0.794775
vt 0.365383 0.792645
vt 0.373242 0.752926
vt 0.375920 0.752876
vt 0.376151 0.761648
vt 0.373449 0.761719
vt 0.381080 0.788286
vt 0.383851 0.788202
vt 0.343721 0.745619
vt 0.341473 0.747996
vt 0.335843 0.747241
vt 0.334875 0.744570
vt 0.357161 0.794866
vt 0.359124 0.796105
vt 0.308950 0.710068
vt 0.310248 0.710090
vt 0.310702 0.710861
vt 0.309588 0.711447
vt 0.317099 0.711582
vt 0.316013 0.710971
vt 0.316480 0.710189
vt 0.317765 0.710208
vt 0.233043 0.716286
vt 0.231317 0.716225
vt 0.231660 0.708145
vt 0.233398 0.708199
vt 0.374053 0.788495
vt 0.376823 0.788413
vt 0.362484 0.792502
vt 0.362668 0.794749
vt 0.360865 0.795109
vt 0.359803 0.793143
vt 0.291463 0.785837
vt 0.288234 0.787499
vt 0.287152 0.785905
vt 0.291493 0.783282
vt 0.344921 0.754537
vt 0.341973 0.753696
vt 0.302961 0.794752
vt 0.303678 0.792698
vt 0.284563 0.779821
vt 0.291722 0.774678
vt 0.291692 0.777524
vt 0.285982 0.781917
vt 0.380809 0.779346
vt 0.383567 0.779262
vt 0.326109 0.746744
vt 0.326242 0.744078
vt 0.311970 0.711414
vt 0.311447 0.712439
vt 0.311841 0.791142
vt 0.308970 0.792025
vt 0.373797 0.779532
vt 0.376562 0.779462
vt 0.325702 0.755706
vt 0.325837 0.753006
vt 0.335439 0.753953
vt 0.333249 0.756109
vt 0.284815 0.790637
vt 0.279773 0.792032
vt 0.283792 0.788761
vt 0.313355 0.711571
vt 0.313334 0.712719
vt 0.380545 0.770160
vt 0.383281 0.770079
vt 0.317462 0.746391
vt 0.317547 0.743709
vt 0.359922 0.774211
vt 0.359497 0.776552
vt 0.357947 0.777005
vt 0.357331 0.774826
vt 0.272307 0.789864
vt 0.278740 0.784457
vt 0.280667 0.785956
vt 0.275075 0.790946
vt 0.373596 0.770320
vt 0.376334 0.770265
vt 0.317194 0.755395
vt 0.317273 0.752732
vt 0.356945 0.786552
vt 0.357171 0.784249
vt 0.358692 0.783947
vt 0.359232 0.786132
vt 0.298745 0.780036
vt 0.304941 0.785288
vt 0.302961 0.786714
vt 0.297288 0.782093
vt 0.352104 0.780179
vt 0.354439 0.780647
vt 0.354312 0.783615
vt 0.352353 0.785113
vt 0.301327 0.713101
vt 0.305610 0.716783
vt 0.304488 0.718500
vt 0.300387 0.715051
vt 0.315224 0.712517
vt 0.314739 0.711472
vt 0.380304 0.761525
vt 0.383011 0.761440
vt 0.309052 0.746108
vt 0.309112 0.743428
vt 0.299432 0.722441
vt 0.292987 0.716719
vt 0.295342 0.715620
vt 0.301162 0.720995
vt 0.308792 0.755160
vt 0.308866 0.752493
vt 0.355016 0.776172
vt 0.356405 0.777951
vt 0.355376 0.779147
vt 0.353472 0.777860
vt 0.365211 0.780558
vt 0.362739 0.780430
vt 0.362024 0.777856
vt 0.363764 0.776495
vt 0.309131 0.720077
vt 0.312622 0.721936
vt 0.312632 0.724381
vt 0.308056 0.721603
vt 0.380039 0.752778
vt 0.382716 0.752696
vt 0.299987 0.745966
vt 0.300063 0.743352
vt 0.312574 0.732514
vt 0.305457 0.727629
vt 0.306865 0.725646
vt 0.312551 0.729928
vt 0.299613 0.754889
vt 0.299725 0.752253
vt 0.361419 0.785209
vt 0.360164 0.783272
vt 0.361572 0.782058
vt 0.363435 0.783373
vt 0.379775 0.744017
vt 0.382419 0.743935
vt 0.315754 0.720181
vt 0.319006 0.717046
vt 0.320149 0.718742
vt 0.316850 0.721683
vt 0.373055 0.744187
vt 0.375704 0.744125
vt 0.291742 0.745721
vt 0.291833 0.743124
vt 0.325074 0.722940
vt 0.319525 0.727597
vt 0.318124 0.725640
vt 0.323355 0.721478
vt 0.291370 0.754588
vt 0.291482 0.751963
vt 0.246814 0.713316
vt 0.247635 0.711383
vt 0.249185 0.711719
vt 0.249025 0.713876
vt 0.379535 0.735523
vt 0.382150 0.735448
vt 0.231198 0.759260
vt 0.231544 0.750772
vt 0.265145 0.752237
vt 0.244571 0.712186
vt 0.246144 0.710671
vt 0.323213 0.713460
vt 0.326863 0.710336
vt 0.329908 0.710377
vt 0.324152 0.715430
vt 0.288627 0.795447
vt 0.290603 0.795271
vt 0.295013 0.787689
vt 0.292569 0.795583
vt 0.298618 0.791061
vt 0.294520 0.796637
vt 0.286633 0.796386
vt 0.274244 0.753507
vt 0.280800 0.754069
vt 0.286182 0.754361
vt 0.333769 0.789400
vt 0.230994 0.767674
vt 0.230714 0.776696
vt 0.333741 0.780786
vt 0.230330 0.785522
vt 0.372905 0.735683
vt 0.375514 0.735625
vt 0.231908 0.742148
vt 0.232345 0.733572
vt 0.245743 0.729193
vt 0.250083 0.731095
vt 0.286704 0.742918
vt 0.286577 0.745507
vt 0.281385 0.745220
vt 0.281600 0.742601
vt 0.338112 0.710478
vt 0.330977 0.717500
vt 0.328684 0.716291
vt 0.335086 0.710441
vt 0.264316 0.726015
vt 0.264326 0.734830
vt 0.256658 0.728763
vt 0.258878 0.726377
vt 0.264501 0.743072
vt 0.254560 0.730267
vt 0.252336 0.730911
vt 0.286289 0.751718
vt 0.255811 0.708862
vt 0.264544 0.709102
vt 0.264378 0.717647
vt 0.257923 0.722234
vt 0.242320 0.708471
vt 0.254544 0.719495
vt 0.251904 0.719837
vt 0.251664 0.713608
vt 0.254360 0.712543
vt 0.249556 0.720835
vt 0.247861 0.722265
vt 0.246244 0.724249
vt 0.372462 0.718603
vt 0.372637 0.726979
vt 0.372434 0.710697
vt 0.286871 0.709653
vt 0.275959 0.734804
vt 0.276346 0.726366
vt 0.276130 0.742127
vt 0.276696 0.717993
vt 0.276942 0.709420
vt 0.252685 0.711057
vt 0.253812 0.708806
vt 0.296110 0.786106
vt 0.299656 0.789194
vt 0.379290 0.726810
vt 0.381897 0.726747
vt 0.251007 0.711597
vt 0.345833 0.780623
vt 0.345556 0.772000
vt 0.346246 0.789195
vt 0.345295 0.763420
vt 0.232742 0.724780
vt 0.375264 0.726908
vt 0.222921 0.758962
vt 0.216155 0.758682
vt 0.216523 0.750134
vt 0.223272 0.750426
vt 0.216909 0.741450
vt 0.223648 0.741757
vt 0.297631 0.709864
vt 0.217303 0.732918
vt 0.224045 0.733216
vt 0.214917 0.784661
vt 0.221789 0.785060
vt 0.217692 0.724118
vt 0.224429 0.724404
vt 0.215387 0.776013
vt 0.222234 0.776343
vt 0.218029 0.715751
vt 0.224761 0.716002
vt 0.215799 0.767106
vt 0.222606 0.767392
vt 0.218319 0.707721
vt 0.225056 0.707938
vt 0.389164 0.743685
vt 0.389549 0.752438
vt 0.390930 0.787975
vt 0.388820 0.735227
vt 0.390612 0.779024
vt 0.388524 0.726579
vt 0.381744 0.718496
vt 0.388346 0.718417
vt 0.390267 0.769834
vt 0.381721 0.710747
vt 0.388303 0.710780
vt 0.389926 0.761183
vt 0.342555 0.763523
vt 0.274208 0.709352
vt 0.273987 0.717892
vt 0.267089 0.717686
vt 0.267277 0.709175
vt 0.273700 0.726251
vt 0.266972 0.726053
vt 0.273297 0.734821
vt 0.266924 0.734805
vt 0.274028 0.744177
vt 0.267087 0.743986
vt 0.273605 0.750803
vt 0.267585 0.749894
vt 0.280986 0.751418
vt 0.342784 0.772093
vt 0.343008 0.780702
vt 0.336583 0.780783
vt 0.343310 0.789292
vt 0.336684 0.789385
vt 0.292001 0.796648
vt 0.290566 0.796469
vt 0.289127 0.796549
vt 0.287782 0.797052
vt 0.289919 0.709714
vt 0.294624 0.709807
vt 0.314975 0.710166
vt 0.311753 0.710115
vt 0.313366 0.710141
vt 0.226482 0.716066
vt 0.226779 0.707992
vt 0.231013 0.724702
vt 0.226151 0.724477
vt 0.230619 0.733497
vt 0.225766 0.733293
vt 0.230193 0.742064
vt 0.225367 0.741835
vt 0.229829 0.750702
vt 0.224992 0.750498
vt 0.379118 0.710734
vt 0.379138 0.718525
vt 0.375103 0.718570
vt 0.375075 0.710712
vt 0.229482 0.759202
vt 0.224646 0.759029
vt 0.229249 0.767625
vt 0.224345 0.767459
vt 0.228946 0.776629
vt 0.223988 0.776423
vt 0.228546 0.785429
vt 0.223554 0.785160
vt 0.252089 0.728695
vt 0.250623 0.728858
vt 0.247964 0.727897
vt 0.249814 0.726840
vt 0.252218 0.722073
vt 0.253772 0.721803
vt 0.255995 0.723365
vt 0.253785 0.724597
vt 0.249565 0.723771
vt 0.250681 0.722772
vt 0.251708 0.725753
vt 0.255005 0.727281
vt 0.253558 0.728231
vt 0.244527 0.708537
vt 0.246623 0.708599
vt 0.248852 0.708664
vt 0.251311 0.708735
vt 0.356062 0.782304
vt 0.359924 0.779417
vt 0.357889 0.780925
vt 0.293324 0.797243
vt 0.256363 0.725903
vt 0.248495 0.725004
vt 0.335729 0.590387
vt 0.338439 0.590272
vt 0.338326 0.598515
vt 0.335637 0.598492
vt 0.368955 0.620381
vt 0.366945 0.621710
vt 0.365154 0.620977
vt 0.365998 0.618924
vt 0.374590 0.580105
vt 0.377236 0.580094
vt 0.377319 0.588756
vt 0.374655 0.588775
vt 0.384202 0.624476
vt 0.381471 0.624448
vt 0.381517 0.615132
vt 0.384249 0.615138
vt 0.345659 0.572557
vt 0.343218 0.574881
vt 0.337814 0.574087
vt 0.336883 0.571449
vt 0.357940 0.620857
vt 0.359811 0.622114
vt 0.358504 0.624201
vt 0.356150 0.624175
vt 0.310952 0.536575
vt 0.312197 0.536586
vt 0.312775 0.537994
vt 0.311627 0.538635
vt 0.319353 0.538731
vt 0.318227 0.538074
vt 0.318824 0.536644
vt 0.320068 0.536655
vt 0.235826 0.545080
vt 0.234092 0.545060
vt 0.234215 0.535868
vt 0.235959 0.535885
vt 0.374605 0.615122
vt 0.377326 0.615125
vt 0.377284 0.624404
vt 0.374575 0.624375
vt 0.363177 0.618703
vt 0.363293 0.620897
vt 0.361530 0.621195
vt 0.360551 0.619254
vt 0.294842 0.611715
vt 0.291777 0.613355
vt 0.290714 0.611847
vt 0.294834 0.609262
vt 0.346636 0.581407
vt 0.343939 0.580558
vt 0.370250 0.624329
vt 0.367934 0.624304
vt 0.309046 0.623618
vt 0.305929 0.620108
vt 0.306599 0.618144
vt 0.312014 0.623656
vt 0.288121 0.606049
vt 0.294932 0.600979
vt 0.294944 0.603723
vt 0.289522 0.608039
vt 0.381508 0.606315
vt 0.384232 0.606308
vt 0.328262 0.573575
vt 0.328391 0.570956
vt 0.314090 0.538537
vt 0.313567 0.539594
vt 0.314394 0.616615
vt 0.321001 0.623766
vt 0.317469 0.623723
vt 0.311651 0.617471
vt 0.374600 0.606314
vt 0.377321 0.606317
vt 0.327858 0.582375
vt 0.327996 0.579729
vt 0.337417 0.580720
vt 0.335256 0.582815
vt 0.288562 0.616418
vt 0.284461 0.619849
vt 0.283771 0.617855
vt 0.287547 0.614644
vt 0.315501 0.538686
vt 0.315488 0.539855
vt 0.381476 0.597246
vt 0.384180 0.597229
vt 0.319772 0.573244
vt 0.319846 0.570610
vt 0.361102 0.600767
vt 0.360641 0.603057
vt 0.359114 0.603471
vt 0.358551 0.601326
vt 0.276571 0.615962
vt 0.282615 0.610619
vt 0.284497 0.612017
vt 0.279251 0.616927
vt 0.374621 0.597245
vt 0.377320 0.597252
vt 0.319538 0.582070
vt 0.319608 0.579463
vt 0.357934 0.612769
vt 0.358207 0.610530
vt 0.359697 0.610270
vt 0.360172 0.612413
vt 0.301760 0.606053
vt 0.307756 0.611043
vt 0.305868 0.612424
vt 0.300383 0.608045
vt 0.353352 0.606462
vt 0.355618 0.606962
vt 0.355435 0.609850
vt 0.353501 0.611266
vt 0.303645 0.540422
vt 0.307856 0.544090
vt 0.306754 0.545789
vt 0.302616 0.542327
vt 0.317409 0.539652
vt 0.316912 0.538579
vt 0.381421 0.588714
vt 0.384100 0.588683
vt 0.311519 0.573011
vt 0.311559 0.570380
vt 0.301760 0.549754
vt 0.295277 0.544132
vt 0.297617 0.543061
vt 0.303469 0.548291
vt 0.268945 0.623103
vt 0.272483 0.623149
vt 0.311327 0.581877
vt 0.311381 0.579269
vt 0.356263 0.602604
vt 0.357589 0.604368
vt 0.356561 0.605517
vt 0.354727 0.604227
vt 0.366152 0.607109
vt 0.363733 0.606925
vt 0.363090 0.604387
vt 0.364827 0.603091
vt 0.311367 0.547302
vt 0.314858 0.549116
vt 0.314887 0.551542
vt 0.310317 0.548827
vt 0.381312 0.580059
vt 0.383965 0.580021
vt 0.302624 0.572952
vt 0.302672 0.570386
vt 0.314888 0.559596
vt 0.307801 0.554827
vt 0.309177 0.552848
vt 0.314847 0.557040
vt 0.302353 0.581690
vt 0.302435 0.579112
vt 0.362328 0.611565
vt 0.361149 0.609645
vt 0.362553 0.608491
vt 0.364344 0.609821
vt 0.381175 0.571375
vt 0.383800 0.571327
vt 0.317966 0.547346
vt 0.321186 0.544227
vt 0.322328 0.545895
vt 0.319063 0.548832
vt 0.374514 0.571464
vt 0.377137 0.571433
vt 0.294535 0.572814
vt 0.294588 0.570265
vt 0.327242 0.550049
vt 0.321745 0.554691
vt 0.320346 0.552756
vt 0.325522 0.548596
vt 0.294293 0.581496
vt 0.294367 0.578929
vt 0.249463 0.541517
vt 0.250262 0.539531
vt 0.251842 0.539844
vt 0.251719 0.542042
vt 0.381030 0.562935
vt 0.383634 0.562885
vt 0.235365 0.587802
vt 0.235395 0.579418
vt 0.268613 0.579731
vt 0.247155 0.540404
vt 0.248729 0.538851
vt 0.325231 0.540635
vt 0.329012 0.536732
vt 0.331920 0.536757
vt 0.326292 0.542532
vt 0.281373 0.623265
vt 0.289715 0.623373
vt 0.284371 0.626760
vt 0.292282 0.620936
vt 0.294162 0.620737
vt 0.298265 0.613439
vt 0.296039 0.621005
vt 0.301751 0.616624
vt 0.297909 0.621984
vt 0.298560 0.623486
vt 0.290399 0.621866
vt 0.277549 0.580750
vt 0.283966 0.581162
vt 0.289224 0.581352
vt 0.335448 0.615098
vt 0.335369 0.623937
vt 0.235527 0.596064
vt 0.235673 0.604925
vt 0.335523 0.606783
vt 0.235734 0.613586
vt 0.235680 0.622641
vt 0.374440 0.563043
vt 0.377032 0.563004
vt 0.235456 0.570863
vt 0.235609 0.562322
vt 0.248815 0.557521
vt 0.253187 0.559277
vt 0.289548 0.570141
vt 0.289467 0.572682
vt 0.284377 0.572491
vt 0.284543 0.569920
vt 0.340166 0.536827
vt 0.333097 0.544609
vt 0.330800 0.543472
vt 0.337213 0.536802
vt 0.267168 0.553925
vt 0.267373 0.562629
vt 0.259641 0.556806
vt 0.261789 0.554397
vt 0.267745 0.570745
vt 0.257598 0.558343
vt 0.255412 0.559036
vt 0.289286 0.578768
vt 0.258577 0.536097
vt 0.267111 0.536177
vt 0.267077 0.545656
vt 0.260757 0.550317
vt 0.244422 0.535964
vt 0.257377 0.547630
vt 0.254735 0.548013
vt 0.254394 0.541728
vt 0.257130 0.540607
vt 0.252399 0.549061
vt 0.250730 0.550539
vt 0.249168 0.552569
vt 0.374067 0.546034
vt 0.374219 0.554383
vt 0.374053 0.537105
vt 0.289106 0.536380
vt 0.278833 0.562355
vt 0.279046 0.554031
vt 0.279157 0.569558
vt 0.279242 0.545784
vt 0.279353 0.536291
vt 0.255394 0.539123
vt 0.256631 0.536079
vt 0.299298 0.611909
vt 0.302725 0.614829
vt 0.380851 0.554250
vt 0.383455 0.554204
vt 0.253690 0.539692
vt 0.347242 0.606785
vt 0.347085 0.598396
vt 0.347495 0.615106
vt 0.347501 0.624078
vt 0.346918 0.590029
vt 0.278395 0.623226
vt 0.235735 0.553554
vt 0.376836 0.554325
vt 0.227199 0.587847
vt 0.220496 0.587868
vt 0.220488 0.579376
vt 0.227195 0.579388
vt 0.220517 0.570724
vt 0.227237 0.570768
vt 0.299779 0.536476
vt 0.220578 0.562197
vt 0.227324 0.562248
vt 0.227267 0.622528
vt 0.220492 0.622439
vt 0.220565 0.613552
vt 0.227341 0.613578
vt 0.220640 0.553371
vt 0.227411 0.553430
vt 0.220576 0.605014
vt 0.227332 0.604994
vt 0.220691 0.544932
vt 0.227486 0.544990
vt 0.220540 0.596211
vt 0.227267 0.596171
vt 0.220768 0.535742
vt 0.227578 0.535806
vt 0.390513 0.571175
vt 0.390751 0.579883
vt 0.391250 0.615143
vt 0.391204 0.624548
vt 0.390287 0.562740
vt 0.391205 0.606268
vt 0.390083 0.554088
vt 0.383347 0.545951
vt 0.389965 0.545903
vt 0.391100 0.597153
vt 0.383351 0.537180
vt 0.389956 0.537233
vt 0.390956 0.588569
vt 0.344255 0.590097
vt 0.276653 0.536266
vt 0.276569 0.545730
vt 0.269757 0.545646
vt 0.269811 0.536202
vt 0.276436 0.553970
vt 0.269793 0.553909
vt 0.276211 0.562425
vt 0.269934 0.562546
vt 0.277134 0.571613
vt 0.270311 0.571582
vt 0.276863 0.578118
vt 0.270947 0.577375
vt 0.284097 0.578568
vt 0.344387 0.598452
vt 0.344497 0.606821
vt 0.338273 0.606813
vt 0.344654 0.615145
vt 0.338257 0.615126
vt 0.344638 0.624045
vt 0.338197 0.623971
vt 0.295513 0.622028
vt 0.295732 0.623450
vt 0.294136 0.623430
vt 0.294144 0.621878
vt 0.292776 0.621977
vt 0.292541 0.623409
vt 0.291010 0.623390
vt 0.291505 0.622479
vt 0.292083 0.536407
vt 0.296897 0.536450
vt 0.317151 0.536630
vt 0.313864 0.536601
vt 0.315508 0.536630
vt 0.229220 0.545008
vt 0.229317 0.535822
vt 0.234009 0.553526
vt 0.229137 0.553449
vt 0.233888 0.562304
vt 0.229044 0.562264
vt 0.233751 0.570838
vt 0.228949 0.570783
vt 0.233697 0.579410
vt 0.228902 0.579393
vt 0.380742 0.537159
vt 0.380739 0.545970
vt 0.376705 0.546006
vt 0.376695 0.537127
vt 0.233675 0.587813
vt 0.228904 0.587840
vt 0.233812 0.596095
vt 0.228982 0.596156
vt 0.233936 0.604944
vt 0.229060 0.604985
vt 0.233983 0.613587
vt 0.229078 0.613583
vt 0.233925 0.622617
vt 0.229005 0.622551
vt 0.255111 0.556845
vt 0.253660 0.557045
vt 0.250989 0.556164
vt 0.252803 0.555059
vt 0.255091 0.550248
vt 0.256638 0.549950
vt 0.258872 0.551468
vt 0.256702 0.552734
vt 0.252476 0.552004
vt 0.253569 0.550978
vt 0.254662 0.553931
vt 0.257971 0.555373
vt 0.256558 0.556350
vt 0.246774 0.535987
vt 0.249145 0.536009
vt 0.251467 0.536052
vt 0.253944 0.536054
vt 0.357168 0.608610
vt 0.361000 0.605871
vt 0.358980 0.607302
vt 0.365562 0.624279
vt 0.363312 0.624254
vt 0.360886 0.624228
vt 0.296779 0.622575
vt 0.297260 0.623470
vt 0.259288 0.553978
vt 0.251439 0.553262
vt 0.334938 0.657521
vt 0.335038 0.649402
vt 0.337731 0.649443
vt 0.337650 0.657701
vt 0.368870 0.628249
vt 0.365882 0.629642
vt 0.365082 0.627571
vt 0.366889 0.626877
vt 0.373662 0.668685
vt 0.373905 0.660002
vt 0.376572 0.660076
vt 0.376312 0.668748
vt 0.384055 0.633816
vt 0.381323 0.633764
vt 0.344484 0.675651
vt 0.335626 0.676540
vt 0.336630 0.673915
vt 0.342082 0.673252
vt 0.357867 0.627532
vt 0.359764 0.626317
vt 0.309634 0.708712
vt 0.310727 0.709335
vt 0.317141 0.708816
vt 0.316037 0.709393
vt 0.233542 0.700112
vt 0.231819 0.700066
vt 0.374409 0.633630
vt 0.377131 0.633684
vt 0.363056 0.629801
vt 0.360442 0.629193
vt 0.361463 0.627273
vt 0.363220 0.627611
vt 0.294541 0.635162
vt 0.294469 0.637615
vt 0.290415 0.634924
vt 0.291518 0.633442
vt 0.345664 0.666781
vt 0.342938 0.667571
vt 0.306462 0.629032
vt 0.305841 0.627051
vt 0.287671 0.640654
vt 0.289125 0.638700
vt 0.294436 0.643158
vt 0.294354 0.645904
vt 0.383855 0.642649
vt 0.381130 0.642585
vt 0.327102 0.676816
vt 0.327039 0.674187
vt 0.311523 0.707783
vt 0.312012 0.708824
vt 0.314218 0.630754
vt 0.311496 0.629831
vt 0.374217 0.642442
vt 0.376940 0.642496
vt 0.326856 0.665357
vt 0.334282 0.665099
vt 0.336398 0.667252
vt 0.326929 0.668012
vt 0.288382 0.630296
vt 0.287321 0.632044
vt 0.283629 0.628735
vt 0.313416 0.707565
vt 0.313400 0.708711
vt 0.383615 0.651734
vt 0.380909 0.651662
vt 0.318531 0.676944
vt 0.318524 0.674303
vt 0.360588 0.647704
vt 0.358045 0.647088
vt 0.358657 0.644952
vt 0.360176 0.645401
vt 0.276382 0.630441
vt 0.279087 0.629546
vt 0.284203 0.634592
vt 0.282285 0.635940
vt 0.374047 0.651519
vt 0.376749 0.651569
vt 0.318513 0.665455
vt 0.318518 0.668068
vt 0.357682 0.635622
vt 0.359912 0.636028
vt 0.359390 0.638161
vt 0.357905 0.637868
vt 0.301316 0.641002
vt 0.299988 0.638974
vt 0.305586 0.634733
vt 0.307440 0.636162
vt 0.352955 0.641830
vt 0.353213 0.637027
vt 0.355117 0.638487
vt 0.355235 0.641381
vt 0.301443 0.706767
vt 0.300576 0.704788
vt 0.304787 0.701500
vt 0.305844 0.703250
vt 0.315297 0.707825
vt 0.314779 0.708854
vt 0.383359 0.660288
vt 0.380678 0.660202
vt 0.310223 0.676964
vt 0.310250 0.674327
vt 0.299900 0.697396
vt 0.301566 0.698898
vt 0.295567 0.704031
vt 0.293262 0.702843
vt 0.310283 0.665441
vt 0.310271 0.668054
vt 0.355783 0.645757
vt 0.354282 0.644099
vt 0.356146 0.642848
vt 0.357149 0.644022
vt 0.365780 0.641466
vt 0.364368 0.645458
vt 0.362656 0.644123
vt 0.363355 0.641596
vt 0.309463 0.700090
vt 0.308445 0.698536
vt 0.313087 0.695924
vt 0.312999 0.698354
vt 0.383048 0.668956
vt 0.380393 0.668865
vt 0.301320 0.676731
vt 0.301338 0.674158
vt 0.313286 0.687857
vt 0.313182 0.690417
vt 0.307399 0.694478
vt 0.306070 0.692462
vt 0.301288 0.665399
vt 0.301305 0.667983
vt 0.362051 0.636923
vt 0.364029 0.638712
vt 0.362209 0.640004
vt 0.360829 0.638818
vt 0.382711 0.677655
vt 0.380085 0.677557
vt 0.316062 0.700199
vt 0.317198 0.698737
vt 0.320396 0.701762
vt 0.319207 0.703419
vt 0.373417 0.677341
vt 0.376044 0.677422
vt 0.293219 0.676644
vt 0.293231 0.674089
vt 0.325415 0.697721
vt 0.323665 0.699129
vt 0.318582 0.694842
vt 0.320030 0.692939
vt 0.293209 0.665387
vt 0.293217 0.667961
vt 0.247089 0.703905
vt 0.249326 0.703475
vt 0.249360 0.705634
vt 0.247795 0.705880
vt 0.382386 0.686097
vt 0.379783 0.686001
vt 0.267505 0.666506
vt 0.234211 0.665814
vt 0.234421 0.657437
vt 0.244787 0.704900
vt 0.246266 0.706503
vt 0.323302 0.707116
vt 0.324293 0.705176
vt 0.292218 0.625876
vt 0.294093 0.626123
vt 0.295977 0.625902
vt 0.298009 0.633525
vt 0.297871 0.624972
vt 0.301575 0.630429
vt 0.290360 0.624897
vt 0.276411 0.665717
vt 0.282850 0.665460
vt 0.288125 0.665402
vt 0.335241 0.632779
vt 0.234810 0.649189
vt 0.235196 0.640343
vt 0.335119 0.641100
vt 0.235490 0.631692
vt 0.373191 0.685779
vt 0.375784 0.685862
vt 0.234021 0.674355
vt 0.251378 0.686409
vt 0.246955 0.688037
vt 0.233918 0.682879
vt 0.288167 0.676639
vt 0.283132 0.676725
vt 0.283041 0.674145
vt 0.288150 0.674090
vt 0.328839 0.704439
vt 0.331157 0.703292
vt 0.265222 0.692256
vt 0.259839 0.691593
vt 0.257766 0.689098
vt 0.265706 0.683529
vt 0.255768 0.687487
vt 0.266330 0.675351
vt 0.253598 0.686722
vt 0.288122 0.667993
vt 0.258659 0.695657
vt 0.264836 0.700576
vt 0.255144 0.698192
vt 0.254570 0.705108
vt 0.251941 0.703892
vt 0.252535 0.697702
vt 0.250256 0.696574
vt 0.248652 0.695052
vt 0.247159 0.692984
vt 0.372825 0.694441
vt 0.372554 0.702796
vt 0.277184 0.692524
vt 0.277207 0.684149
vt 0.277745 0.676925
vt 0.277123 0.700860
vt 0.252815 0.706496
vt 0.302504 0.632249
vt 0.299002 0.635081
vt 0.382056 0.694767
vt 0.379456 0.694680
vt 0.251171 0.705860
vt 0.346499 0.649764
vt 0.346848 0.641369
vt 0.347292 0.633050
vt 0.346142 0.658142
vt 0.233767 0.691638
vt 0.375443 0.694541
vt 0.226267 0.657165
vt 0.226026 0.665609
vt 0.219334 0.665432
vt 0.219578 0.656960
vt 0.225820 0.674210
vt 0.219121 0.674063
vt 0.225658 0.682706
vt 0.218942 0.682561
vt 0.227104 0.631475
vt 0.220333 0.631322
vt 0.225475 0.691489
vt 0.218753 0.691339
vt 0.226866 0.640049
vt 0.220120 0.639850
vt 0.225272 0.699877
vt 0.218548 0.699695
vt 0.226563 0.648858
vt 0.219849 0.648636
vt 0.389836 0.669231
vt 0.389422 0.677939
vt 0.391058 0.633954
vt 0.389030 0.686365
vt 0.390833 0.642833
vt 0.388668 0.694993
vt 0.381823 0.703003
vt 0.388418 0.703145
vt 0.390540 0.651953
vt 0.390219 0.660542
vt 0.343475 0.658013
vt 0.267537 0.700681
vt 0.274420 0.700828
vt 0.267860 0.692361
vt 0.274552 0.692507
vt 0.268284 0.683702
vt 0.274577 0.684002
vt 0.269106 0.674568
vt 0.275784 0.674806
vt 0.269552 0.668929
vt 0.275653 0.668329
vt 0.282916 0.668062
vt 0.343799 0.649646
vt 0.337872 0.641135
vt 0.344102 0.641271
vt 0.338051 0.632817
vt 0.344450 0.632946
vt 0.295476 0.624867
vt 0.294104 0.624982
vt 0.292740 0.624847
vt 0.291481 0.624312
vt 0.226992 0.699922
vt 0.227193 0.691526
vt 0.232043 0.691608
vt 0.227372 0.682741
vt 0.232201 0.682846
vt 0.227528 0.674245
vt 0.232319 0.674329
vt 0.227729 0.665653
vt 0.232516 0.665773
vt 0.375191 0.702859
vt 0.379220 0.702948
vt 0.227969 0.657220
vt 0.232733 0.657379
vt 0.228275 0.648919
vt 0.233097 0.649112
vt 0.228591 0.640105
vt 0.233461 0.640277
vt 0.228839 0.631516
vt 0.233741 0.631644
vt 0.253227 0.688906
vt 0.250861 0.690617
vt 0.249084 0.689457
vt 0.251781 0.688659
vt 0.252976 0.695494
vt 0.254677 0.693074
vt 0.256805 0.694424
vt 0.254506 0.695852
vt 0.250434 0.693652
vt 0.252680 0.691806
vt 0.251487 0.694711
vt 0.256042 0.690477
vt 0.254659 0.689450
vt 0.356823 0.639766
vt 0.360598 0.642592
vt 0.358607 0.641115
vt 0.296756 0.624352
vt 0.257313 0.691923
vt 0.249442 0.692365
vn 0.0000 -0.5273 0.8497
vn -0.2945 0.3499 0.8892
vn -0.5679 0.1317 0.8124
vn -0.6599 0.1331 0.7395
vn -0.4756 0.4838 0.7346
vn 0.0000 -0.5727 0.8197
vn 0.0000 0.6308 0.7759
vn 0.0000 -0.1026 0.9947
vn -0.1746 0.1759 0.9688
vn -0.5330 -0.0014 0.8461
vn -0.5335 0.0000 0.8458
vn -0.4322 0.4256 0.7950
vn -0.3750 -0.3844 0.8436
vn 0.0000 -0.3912 0.9203
vn 0.0000 -0.6647 0.7471
vn -0.4895 -0.4485 0.7478
vn 0.3099 -0.4024 0.8614
vn 0.4191 -0.3147 0.8516
vn 0.5948 -0.3157 0.7392
vn 0.4135 -0.4205 0.8076
vn 0.4136 0.3079 0.8568
vn 0.3077 0.4165 0.8555
vn 0.4009 0.4171 0.8157
vn 0.5958 0.3199 0.7366
vn 0.0144 0.5956 0.8032
vn 0.0336 0.6903 0.7227
vn 0.0588 0.4596 0.8861
vn 0.0257 0.6033 0.7971
vn -0.6125 -0.0477 0.7890
vn -0.5533 -0.2112 0.8057
vn -0.6339 -0.2277 0.7391
vn -0.6649 -0.0532 0.7450
vn 0.8803 0.0275 0.4736
vn 0.4916 0.0120 0.8707
vn 0.5040 0.5829 0.6373
vn 0.0000 0.5273 0.8497
vn 0.0000 0.4815 0.8764
vn 0.0000 0.6257 0.7800
vn 0.0000 -0.8468 0.5319
vn 0.0000 -0.3365 0.9416
vn 0.5881 -0.4684 0.6594
vn 0.5782 -0.4498 0.6807
vn -0.3922 -0.4300 0.8131
vn -0.3852 -0.4208 0.8213
vn -0.6641 -0.0064 0.7476
vn -0.2636 -0.0044 0.9646
vn 0.6027 -0.1397 0.7856
vn 0.7772 -0.1180 0.6180
vn -0.4197 0.3540 0.8358
vn -0.4517 0.3662 0.8135
vn 0.0000 0.6023 0.7982
vn 0.0000 0.2078 0.9781
vn 0.5334 0.0000 0.8458
vn 0.4322 -0.4256 0.7950
vn 0.1756 -0.1768 0.9684
vn 0.5339 0.5286 0.6600
vn 0.5448 0.5583 0.6256
vn 0.5747 0.4867 0.6579
vn 0.5645 0.4661 0.6812
vn 0.6355 -0.0046 0.7721
vn 0.7676 -0.0058 0.6409
vn -0.4431 0.0629 0.8943
vn -0.5259 -0.2474 0.8137
vn -0.5714 -0.2790 0.7717
vn -0.6727 0.0751 0.7361
vn -0.4473 -0.3665 0.8159
vn -0.4228 -0.3694 0.8275
vn -0.4043 -0.4032 0.8209
vn -0.4166 -0.4099 0.8114
vn 0.5466 -0.0103 0.8373
vn 0.5626 0.1726 0.8085
vn 0.6075 0.1906 0.7711
vn 0.6505 0.0016 0.7595
vn -0.4075 0.4213 0.8102
vn -0.4002 0.4120 0.8186
vn -0.4253 0.3784 0.8221
vn -0.4544 0.3908 0.8005
vn -0.1770 -0.5139 0.8394
vn 0.1978 -0.2732 0.9414
vn 0.4034 -0.5670 0.7181
vn -0.2300 -0.6197 0.7504
vn -0.5420 0.4459 0.7123
vn -0.5899 0.4678 0.6582
vn -0.5534 0.5149 0.6547
vn -0.5287 0.5003 0.6857
vn 0.6041 0.1314 0.7860
vn 0.7795 0.1059 0.6174
vn 0.4863 -0.4206 0.7659
vn 0.4599 -0.4070 0.7892
vn 0.5208 -0.3648 0.7718
vn 0.4549 -0.3469 0.8202
vn 0.0000 -0.1870 0.9823
vn 0.0000 -0.6194 0.7850
vn -0.4371 -0.3746 0.8176
vn -0.3614 -0.4834 0.7973
vn -0.3801 -0.5066 0.7738
vn -0.4911 -0.4276 0.7589
vn 0.0835 0.4346 0.8967
vn -0.2837 0.3901 0.8760
vn -0.3844 0.5299 0.7559
vn 0.1545 0.6647 0.7309
vn -0.5195 0.5362 0.6652
vn -0.4597 -0.0120 0.8880
vn -0.8608 -0.0260 0.5083
vn 0.3062 0.0049 0.9519
vn 0.7233 0.0085 0.6905
vn 0.4320 -0.4451 0.7844
vn 0.4395 -0.4540 0.7750
vn 0.4841 0.3051 0.8201
vn 0.4114 0.4290 0.8042
vn 0.4408 0.4531 0.7748
vn 0.5512 0.3477 0.7584
vn -0.4897 -0.5665 0.6628
vn -0.5324 -0.5424 0.6499
vn -0.5076 -0.5221 0.6854
vn 0.0006 -0.5726 0.8198
vn 0.4493 0.4431 0.7757
vn 0.4381 0.4359 0.7861
vn 0.4171 0.4559 0.7862
vn 0.4242 0.4648 0.7772
vn 0.6179 -0.2029 0.7596
vn 0.6281 -0.0371 0.7772
vn 0.7389 -0.0424 0.6724
vn 0.6972 -0.2109 0.6851
vn 0.1886 -0.1825 0.9649
vn 0.0000 0.5912 0.8065
vn 0.4592 -0.3327 0.8237
vn 0.6070 -0.4036 0.6846
vn -0.5271 -0.4616 0.7135
vn -0.5758 -0.4823 0.6601
vn -0.1514 -0.1882 0.9704
vn -0.7920 -0.5791 0.1934
vn 0.0000 0.8417 0.5399
vn -0.5645 0.4661 0.6812
vn 0.0000 -0.3973 0.9177
vn -0.5892 -0.1394 0.7958
vn -0.6343 0.0046 0.7731
vn -0.5879 0.1475 0.7953
vn 0.5339 -0.5510 0.6413
vn -0.3460 0.3404 0.8743
vn 0.5561 -0.5049 0.6601
vn 0.0000 0.3868 0.9221
vn -0.3353 -0.3371 0.8797
vn 0.0009 -0.5722 0.8201
vn 0.4997 -0.0504 0.8647
vn 0.1596 -0.2708 0.9493
vn -0.5314 0.0081 0.8470
vn -0.5301 0.0036 0.8479
vn 0.3150 0.2270 0.9215
vn 0.6223 0.4246 0.6576
vn 0.4898 0.3773 0.7859
vn 0.4629 0.3725 0.8043
vn 0.0000 -0.5618 0.8272
vn 0.1099 0.3935 0.9127
vn 0.4252 0.3721 0.8250
vn 0.4830 0.2477 0.8398
vn 0.5512 0.1305 0.8241
vn 0.2388 0.5538 0.7977
vn -0.2235 0.3783 0.8983
vn 0.0202 -0.5581 0.8295
vn 0.0309 -0.6490 0.7602
vn 0.3508 -0.3776 0.8569
vn -0.3969 0.0725 0.9150
vn 0.3708 0.2993 0.8791
vn 0.6387 0.1233 0.7595
vn -0.5176 -0.1898 0.8343
vn -0.4448 -0.3175 0.8374
vn -0.3910 -0.4272 0.8152
vn -0.2087 -0.4623 0.8618
vn 0.0000 -0.5715 0.8206
vn 0.0048 -0.5728 0.8196
vn 0.0103 -0.6623 0.7491
vn 0.3251 -0.2470 0.9128
vn 0.0000 0.5459 0.8379
vn 0.0040 0.5562 0.8310
vn -0.4278 0.4567 0.7800
vn 0.0146 0.5476 0.8366
vn 0.0398 0.6527 0.7566
vn 0.2633 0.4843 0.8343
vn 0.5877 0.4700 0.6585
vn 0.5661 -0.5294 0.6318
vn 0.7128 0.1249 0.6901
vn 0.0000 0.3452 0.9385
vn 0.0000 -0.5447 0.8386
vn 0.0000 -1.0000 0.0000
vn -0.8106 0.5602 0.1704
vn 0.0167 -0.5595 0.8286
vn 0.0366 -0.3852 0.9221
vn 0.0000 1.0000 0.0000
vn 0.0049 0.6367 0.7710
vn 0.0113 0.4495 0.8932
vn 0.0528 0.4184 0.9067
vn 0.0528 -0.4184 0.9067
vn 0.0239 -0.5677 0.8228
vn 0.0239 0.5677 0.8228
vn 0.0000 0.5618 0.8272
vn -0.1886 0.1825 0.9649
vn 0.4294 -0.4594 0.7776
vn -0.6618 0.1441 0.7357
vn -0.6721 0.0050 0.7404
vn 0.0000 0.0000 1.0000
vn -0.6636 -0.1347 0.7358
vn -0.5280 -0.4151 0.7408
vn 0.0000 -0.6241 0.7813
vn 0.5760 -0.4171 0.7030
vn -0.1672 0.2086 0.9636
vn 0.2020 -0.0819 0.9760
vn 0.2826 -0.0024 0.9592
vn 0.1977 0.0793 0.9771
vn 0.0525 0.1940 0.9796
vn 0.0270 0.1921 0.9810
vn 0.0191 -0.0915 0.9956
vn 0.0225 -0.4353 0.9000
vn 0.0099 -0.5767 0.8168
vn 0.0097 -0.0950 0.9954
vn 0.5856 0.1428 0.7979
vn 0.3253 -0.5699 0.7545
vn 0.6236 -0.0429 0.7805
vn -0.5648 -0.2185 0.7958
vn -0.3186 0.5289 0.7865
vn -0.6302 0.1230 0.7666
vn -0.4077 -0.4438 0.7980
vn -0.5034 -0.3671 0.7821
vn 0.4571 0.3930 0.7979
vn 0.5546 0.2845 0.7819
vn 0.1185 -0.0168 0.9928
vn 0.4466 -0.4615 0.7665
vn 0.1072 0.0089 0.9942
vn 0.1033 -0.0030 0.9946
vn -0.5298 0.4111 0.7418
vn 0.0000 0.6290 0.7773
vn 0.2044 0.6153 0.7613
vn -0.2784 -0.5696 0.7733
vn 0.2945 0.3499 0.8892
vn 0.4756 0.4838 0.7346
vn 0.6598 0.1331 0.7395
vn 0.5679 0.1317 0.8124
vn 0.1756 0.1768 0.9684
vn 0.4322 0.4256 0.7950
vn 0.5335 0.0000 0.8458
vn 0.3750 -0.3844 0.8435
vn 0.4895 -0.4485 0.7478
vn 0.0000 -0.3724 0.9280
vn 0.0000 -0.6449 0.7642
vn -0.5426 -0.3974 0.7400
vn -0.3711 -0.3381 0.8648
vn -0.3584 0.3357 0.8711
vn -0.5404 0.4028 0.7387
vn 0.0000 0.6395 0.7687
vn 0.0000 0.3849 0.9229
vn 0.6125 -0.0477 0.7890
vn 0.6649 -0.0532 0.7450
vn 0.6339 -0.2277 0.7391
vn 0.5533 -0.2112 0.8057
vn -0.8803 0.0275 0.4736
vn -0.5040 0.5829 0.6373
vn -0.4916 0.0120 0.8707
vn -0.5782 -0.4498 0.6807
vn -0.5881 -0.4684 0.6594
vn 0.3922 -0.4300 0.8131
vn 0.2636 -0.0044 0.9646
vn 0.6641 -0.0064 0.7476
vn 0.3852 -0.4208 0.8213
vn -0.6631 -0.1426 0.7348
vn -0.5916 -0.1454 0.7930
vn 0.4197 0.3540 0.8358
vn 0.4517 0.3662 0.8135
vn -0.1756 -0.1768 0.9684
vn -0.4322 -0.4256 0.7950
vn -0.5339 0.5286 0.6600
vn -0.5747 0.4867 0.6579
vn -0.5448 0.5583 0.6256
vn -0.6733 -0.0050 0.7393
vn -0.6355 -0.0046 0.7720
vn 0.4431 0.0629 0.8943
vn 0.6727 0.0751 0.7361
vn 0.5714 -0.2790 0.7717
vn 0.5259 -0.2474 0.8137
vn 0.4473 -0.3665 0.8158
vn 0.4166 -0.4099 0.8114
vn 0.4043 -0.4032 0.8209
vn 0.4228 -0.3694 0.8275
vn -0.5466 -0.0102 0.8373
vn -0.6506 0.0016 0.7594
vn -0.6075 0.1907 0.7711
vn -0.5626 0.1726 0.8085
vn 0.4075 0.4213 0.8102
vn 0.4544 0.3908 0.8005
vn 0.4253 0.3784 0.8221
vn 0.4002 0.4120 0.8186
vn 0.1770 -0.5139 0.8394
vn 0.2300 -0.6197 0.7504
vn -0.4034 -0.5670 0.7181
vn -0.1978 -0.2732 0.9414
vn 0.5567 0.4021 0.7268
vn 0.5403 0.4931 0.6818
vn 0.5534 0.5149 0.6547
vn 0.5777 0.4343 0.6911
vn -0.5929 0.1373 0.7935
vn -0.6650 0.1332 0.7349
vn -0.4863 -0.4206 0.7659
vn -0.4750 -0.3841 0.7917
vn -0.4893 -0.3900 0.7801
vn -0.4599 -0.4070 0.7892
vn 0.4371 -0.3746 0.8176
vn 0.4911 -0.4276 0.7589
vn 0.3801 -0.5066 0.7738
vn 0.3614 -0.4834 0.7973
vn -0.0835 0.4346 0.8967
vn -0.1545 0.6647 0.7309
vn 0.3844 0.5299 0.7559
vn 0.2837 0.3901 0.8760
vn 0.5195 0.5362 0.6652
vn 0.8608 -0.0260 0.5083
vn 0.4597 -0.0120 0.8880
vn -0.3062 0.0049 0.9519
vn -0.4395 -0.4540 0.7750
vn -0.4320 -0.4451 0.7844
vn -0.7233 0.0085 0.6905
vn -0.4841 0.3051 0.8201
vn -0.5512 0.3477 0.7584
vn -0.4408 0.4531 0.7748
vn -0.4114 0.4290 0.8042
vn 0.4897 -0.5665 0.6628
vn 0.5175 -0.5156 0.6829
vn 0.5324 -0.5424 0.6499
vn -0.4493 0.4431 0.7757
vn -0.4242 0.4648 0.7772
vn -0.4171 0.4559 0.7862
vn -0.4381 0.4359 0.7861
vn -0.6179 -0.2029 0.7596
vn -0.6579 -0.2125 0.7224
vn -0.7068 -0.0432 0.7060
vn -0.6281 -0.0371 0.7772
vn -0.1886 -0.1825 0.9649
vn -0.4773 -0.3589 0.8021
vn -0.5765 -0.4106 0.7064
vn 0.5441 -0.4166 0.7282
vn 0.0000 -0.7554 0.6552
vn 0.0000 -0.2174 0.9761
vn 0.5651 -0.4509 0.6908
vn 0.5892 -0.1394 0.7958
vn 0.6343 0.0046 0.7731
vn -0.5339 -0.5510 0.6413
vn 0.5879 0.1475 0.7953
vn -0.5561 -0.5049 0.6601
vn 0.3460 0.3404 0.8743
vn 0.3353 -0.3371 0.8797
vn -0.1596 -0.2708 0.9493
vn -0.4997 -0.0504 0.8647
vn 0.0000 0.2192 0.9757
vn -0.4999 0.3948 0.7708
vn -0.4641 0.3895 0.7955
vn 0.0000 0.7036 0.7106
vn -0.4252 0.3721 0.8250
vn -0.1099 0.3935 0.9127
vn -0.4830 0.2477 0.8398
vn -0.5512 0.1305 0.8241
vn 0.0000 0.5188 0.8549
vn 0.2315 0.3835 0.8940
vn 0.0000 -0.3883 0.9215
vn 0.4028 0.0944 0.9104
vn 0.5176 -0.1898 0.8343
vn -0.6387 0.1233 0.7595
vn -0.3660 0.3456 0.8640
vn 0.4448 -0.3175 0.8374
vn 0.3910 -0.4272 0.8152
vn 0.2087 -0.4623 0.8618
vn 0.0000 -0.2484 0.9687
vn 0.4294 0.4594 0.7776
vn -0.5579 0.4753 0.6803
vn 0.0000 0.7013 0.7128
vn -0.5661 -0.5294 0.6318
vn -0.6765 0.1254 0.7257
vn 0.0000 0.7615 0.6482
vn 0.1886 0.1825 0.9649
vn -0.4294 -0.4594 0.7776
vn 0.6618 0.1441 0.7357
vn 0.6721 0.0050 0.7404
vn 0.6636 -0.1347 0.7358
vn 0.5280 -0.4151 0.7408
vn 0.0000 -0.6895 0.7243
vn 0.0000 0.2101 0.9777
vn -0.5856 0.1428 0.7979
vn -0.6236 -0.0429 0.7805
vn -0.3253 -0.5699 0.7545
vn 0.5648 -0.2185 0.7958
vn 0.6302 0.1230 0.7666
vn 0.3186 0.5289 0.7865
vn 0.4077 -0.4438 0.7980
vn 0.5034 -0.3671 0.7821
vn -0.4571 0.3930 0.7979
vn -0.5546 0.2845 0.7819
vn 0.0000 -0.7463 0.6655
vn 0.5298 0.4111 0.7418
vn -0.2044 0.6153 0.7613
vn 0.2784 -0.5696 0.7733
vn 0.6599 0.1331 0.7395
vn 0.1718 0.1735 0.9697
vn 0.5317 -0.0056 0.8469
vn -0.2600 -0.4356 0.8618
vn -0.3020 -0.4084 0.8614
vn -0.5784 -0.4228 0.6976
vn -0.3436 -0.3008 0.8896
vn -0.3380 0.2966 0.8932
vn -0.5762 0.4253 0.6979
vn -0.2897 0.4094 0.8651
vn -0.2521 0.4471 0.8582
vn -0.0160 0.5914 0.8062
vn -0.0197 0.5975 0.8016
vn -0.0443 0.4421 0.8959
vn -0.0368 0.6897 0.7231
vn 0.3922 -0.4300 0.8132
vn -0.7102 -0.1429 0.6894
vn -0.7182 -0.0050 0.6959
vn -0.6355 -0.0046 0.7721
vn -0.6505 0.0016 0.7594
vn -0.6075 0.1906 0.7711
vn 0.5382 0.4866 0.6881
vn 0.5290 0.5001 0.6856
vn 0.5737 0.4773 0.6656
vn -0.7114 0.1335 0.6899
vn -0.4122 -0.3462 0.8427
vn -0.4693 -0.3803 0.7969
vn 0.5085 -0.5214 0.6852
vn -0.0023 -0.5722 0.8201
vn -0.6732 -0.2119 0.7084
vn -0.7194 -0.0428 0.6932
vn -0.6280 -0.0371 0.7772
vn -0.4291 -0.3386 0.8374
vn -0.5571 -0.4256 0.7131
vn 0.5229 -0.5014 0.6892
vn 0.7352 -0.6536 0.1794
vn 0.2056 -0.2074 0.9564
vn 0.5588 -0.4943 0.6659
vn -0.0033 -0.5707 0.8211
vn 0.5315 0.0076 0.8470
vn 0.5303 0.0034 0.8478
vn -0.3005 0.2320 0.9251
vn -0.4300 0.3596 0.8281
vn -0.4421 0.3789 0.8130
vn -0.5171 0.4032 0.7549
vn -0.2072 0.5851 0.7840
vn -0.0230 -0.6453 0.7635
vn -0.0163 -0.5536 0.8326
vn 0.2238 0.3786 0.8981
vn -0.3276 -0.4244 0.8441
vn 0.3960 0.0692 0.9156
vn -0.3531 0.2942 0.8881
vn -0.0138 -0.5644 0.8253
vn 0.0000 -0.5681 0.8230
vn -0.0284 -0.6616 0.7493
vn -0.2936 -0.2661 0.9181
vn -0.0038 0.5566 0.8308
vn 0.0000 0.5466 0.8374
vn 0.4279 0.4569 0.7798
vn -0.0096 0.5451 0.8383
vn -0.0273 0.6481 0.7610
vn -0.5496 0.4801 0.6836
vn -0.1816 0.4717 0.8628
vn -0.6907 0.1252 0.7122
vn 0.7563 0.6362 0.1523
vn -0.0099 -0.5573 0.8302
vn -0.0218 -0.3839 0.9231
vn -0.0047 0.6367 0.7711
vn -0.0108 0.4443 0.8958
vn -0.0228 0.4113 0.9112
vn -0.0107 0.5616 0.8273
vn -0.0107 -0.5616 0.8273
vn -0.0228 -0.4113 0.9112
vn -0.4576 -0.4178 0.7848
vn 0.2124 0.2028 0.9559
vn -0.1431 0.0159 0.9896
vn -0.1450 -0.0172 0.9893
vn -0.1309 -0.0005 0.9914
vn -0.0184 0.1928 0.9810
vn -0.0354 0.1951 0.9801
vn -0.0182 -0.0916 0.9956
vn -0.0092 -0.0950 0.9954
vn -0.0110 -0.5727 0.8196
vn -0.0238 -0.4172 0.9085
vn -0.5857 0.1428 0.7979
vn 0.5648 -0.2185 0.7957
vn 0.6301 0.1230 0.7666
vn -0.4571 0.3929 0.7979
vn -0.3419 -0.4673 0.8153
vn -0.0449 -0.0063 0.9990
vn -0.0399 -0.0011 0.9992
vn -0.0412 0.0034 0.9991
vn -0.6598 0.1331 0.7395
vn -0.1756 0.1768 0.9684
vn -0.3750 -0.3844 0.8435
vn 0.3711 -0.3381 0.8648
vn 0.5426 -0.3974 0.7400
vn 0.3584 0.3357 0.8711
vn 0.5404 0.4028 0.7387
vn -0.3922 -0.4300 0.8132
vn 0.5916 -0.1454 0.7930
vn 0.6631 -0.1426 0.7348
vn 0.6733 -0.0050 0.7393
vn -0.4473 -0.3665 0.8158
vn 0.5466 -0.0102 0.8373
vn 0.6075 0.1907 0.7711
vn 0.6505 0.0016 0.7594
vn -0.5567 0.4021 0.7269
vn -0.5777 0.4343 0.6911
vn -0.5403 0.4931 0.6818
vn 0.5929 0.1373 0.7935
vn 0.6650 0.1332 0.7349
vn 0.4893 -0.3900 0.7801
vn 0.4750 -0.3841 0.7917
vn -0.5175 -0.5156 0.6829
vn 0.7068 -0.0432 0.7060
vn 0.6579 -0.2125 0.7224
vn 0.4773 -0.3589 0.8021
vn 0.5766 -0.4106 0.7064
vn -0.5441 -0.4166 0.7282
vn -0.5651 -0.4509 0.6908
vn 0.4641 0.3895 0.7955
vn 0.4999 0.3948 0.7708
vn -0.2315 0.3835 0.8940
vn -0.4028 0.0944 0.9104
vn 0.3660 0.3456 0.8640
vn -0.4294 0.4594 0.7776
vn 0.5579 0.4753 0.6803
vn 0.6765 0.1254 0.7257
vn 0.5857 0.1428 0.7979
usemtl None
s 1
f 2/1/1 32/2/1 211/3/1 182/4/1
f 130/5/2 154/6/3 339/7/4 335/8/5
f 92/9/6 94/10/6 279/11/6 278/12/6
f 445/13/7 99/14/7 286/15/8 630/16/8
f 29/17/9 27/18/10 209/19/11 210/20/12
f 131/21/13 476/22/14 683/23/15 338/24/16
f 64/25/17 63/26/18 247/27/19 248/28/20
f 62/29/21 158/30/22 348/31/23 347/32/24
f 71/33/25 143/34/26 346/35/27 257/36/28
f 100/37/6 446/38/6 631/39/6 285/40/6
f 132/41/29 155/42/30 336/43/31 337/44/32
f 61/45/33 236/46/34 243/47/35 44/48/35
f 30/49/36 29/17/9 210/20/12 180/50/36
f 477/51/37 130/5/2 335/8/5 680/52/38
f 405/53/39 592/54/40 231/55/41 66/56/42
f 141/57/43 344/58/44 341/59/45 137/60/46
f 99/14/7 97/61/7 284/62/8 286/15/8
f 27/18/10 25/63/11 208/64/11 209/19/11
f 63/26/18 157/65/47 246/66/48 247/27/19
f 142/67/49 342/68/50 593/69/51 411/70/52
f 98/71/6 100/37/6 285/40/6 283/72/6
f 26/73/53 28/74/54 181/75/55 207/76/53
f 51/77/56 242/78/57 244/79/58 49/80/59
f 157/65/47 65/81/60 251/82/61 246/66/48
f 97/61/7 95/83/7 282/84/8 284/62/8
f 25/63/11 23/85/11 206/86/11 208/64/11
f 126/87/62 153/88/63 334/89/64 325/90/65
f 140/91/66 345/92/67 245/93/68 60/94/69
f 96/95/6 98/71/6 283/72/6 281/96/6
f 24/97/53 26/73/53 207/76/53 205/98/53
f 124/99/70 151/100/71 333/101/72 322/102/73
f 138/103/74 340/104/75 343/105/76 139/106/77
f 127/107/78 123/108/79 321/109/80 332/110/81
f 59/111/82 224/112/83 241/113/84 48/114/85
f 156/115/86 62/29/21 347/32/24 250/116/87
f 95/83/7 93/117/7 280/118/8 282/84/8
f 23/85/11 21/119/11 204/120/11 206/86/11
f 47/121/88 239/122/89 220/123/90 58/124/91
f 486/125/92 695/126/93 345/92/67 140/91/66
f 94/10/6 96/95/6 281/96/6 279/11/6
f 22/127/53 24/97/53 205/98/53 203/128/53
f 129/129/94 150/130/95 328/131/96 329/132/97
f 125/133/98 122/134/99 326/135/100 327/136/101
f 57/137/102 240/138/102 223/139/103 42/140/104
f 60/94/69 245/93/68 344/58/44 141/57/43
f 93/117/7 91/141/7 277/142/8 280/118/8
f 21/119/11 19/143/11 202/144/11 204/120/11
f 122/134/99 126/87/62 325/90/65 326/135/100
f 39/145/105 219/146/106 238/147/107 56/148/108
f 20/149/53 22/127/53 203/128/53 201/150/53
f 128/151/109 152/152/110 323/153/111 324/154/112
f 91/141/7 89/155/7 276/156/8 277/142/8
f 123/108/79 124/99/70 322/102/73 321/109/80
f 55/157/113 222/158/113 235/159/114 46/160/115
f 139/106/77 343/105/76 342/68/50 142/67/49
f 90/161/116 92/9/6 278/12/6 275/162/6
f 19/143/11 17/163/11 198/164/11 202/144/11
f 45/165/117 233/166/118 218/167/119 54/168/120
f 18/169/53 20/149/53 201/150/53 197/170/53
f 149/171/121 121/172/122 314/173/123 319/174/124
f 89/155/7 87/175/7 274/176/8 276/156/8
f 486/125/92 14/177/125 79/178/126 101/179/126
f 119/180/127 149/171/121 319/174/124 312/181/128
f 53/182/129 234/183/130 229/184/131 41/185/132
f 407/186/133 393/187/134 415/188/135 49/80/59
f 136/189/136 69/190/137 61/45/33 44/48/35
f 61/45/33 69/190/137 135/191/138 40/192/139
f 40/192/139 135/191/138 68/193/140 50/194/141
f 50/194/141 68/193/140 481/195/142 66/56/42
f 67/196/143 136/189/136 44/48/35 51/77/56
f 415/188/135 67/196/143 51/77/56 49/80/59
f 140/91/66 13/197/53 14/177/125 486/125/92
f 60/94/69 16/198/53 13/197/53 140/91/66
f 141/57/43 133/199/53 16/198/53 60/94/69
f 137/60/46 18/169/53 133/199/53 141/57/43
f 138/103/74 20/149/53 18/169/53 137/60/46
f 139/106/77 22/127/53 20/149/53 138/103/74
f 142/67/49 24/97/53 22/127/53 139/106/77
f 36/200/1 411/70/52 384/201/1
f 26/73/53 24/97/53 142/67/49 411/70/52
f 486/125/92 101/179/126 103/202/126
f 28/74/54 26/73/53 411/70/52 2/1/1
f 2/1/1 411/70/52 32/2/1
f 486/125/92 103/202/126 105/203/126
f 32/2/1 411/70/52 34/204/1
f 34/204/1 411/70/52 36/200/1
f 486/125/92 105/203/126 107/205/126
f 486/125/92 107/205/126 455/206/126
f 88/207/144 90/161/116 275/162/6 273/208/6
f 77/209/126 111/210/145 110/211/146 75/212/126
f 134/213/147 15/214/148 196/215/11 200/216/11
f 38/217/149 228/218/150 232/219/151 52/220/152
f 8/221/153 112/222/154 144/223/155 10/224/153
f 10/224/153 144/223/155 115/225/156 12/226/153
f 12/226/153 115/225/156 147/227/157 14/177/125
f 137/60/46 341/59/45 340/104/75 138/103/74
f 133/199/53 18/169/53 197/170/53 199/228/53
f 117/229/158 109/230/159 6/231/160 4/232/161
f 109/230/159 112/222/154 8/221/153 6/231/160
f 119/180/127 118/233/162 143/34/26 71/33/25
f 113/234/163 120/235/164 148/236/165 145/237/166
f 145/237/166 148/236/165 121/172/122 116/238/167
f 116/238/167 121/172/122 149/171/121 146/239/168
f 146/239/168 149/171/121 119/180/127 114/240/169
f 120/235/164 113/234/163 109/230/159 117/229/158
f 38/217/149 86/241/170 84/242/171
f 39/145/105 56/148/108 19/143/11 21/119/11
f 38/217/149 84/242/171 82/243/172
f 38/217/149 88/207/144 86/241/170
f 56/148/108 47/121/88 17/163/11 19/143/11
f 58/124/91 37/244/173 15/214/148 134/213/147
f 37/244/173 7/245/174 9/246/175
f 15/214/148 37/244/173 9/246/175 11/247/176
f 37/244/173 5/248/177 7/245/174
f 54/168/120 23/85/11 25/63/11 45/165/117
f 38/217/149 29/17/9 90/161/116 88/207/144
f 37/244/173 3/249/178 5/248/177
f 45/165/117 25/63/11 27/18/10 52/220/152
f 47/121/88 58/124/91 134/213/147 17/163/11
f 39/145/105 21/119/11 23/85/11 54/168/120
f 52/220/152 27/18/10 29/17/9 38/217/149
f 120/235/164 117/229/158 315/250/179 316/251/180
f 50/194/141 230/252/181 237/253/139 40/192/139
f 87/175/7 85/254/7 272/255/8 274/176/8
f 148/236/165 120/235/164 316/251/180 313/256/182
f 121/172/122 148/236/165 313/256/182 314/173/123
f 150/130/95 31/257/36 33/258/36 127/107/78
f 130/5/2 477/51/37 446/38/6 100/37/6
f 152/152/110 154/6/3 130/5/2 125/133/98
f 128/151/109 132/41/29 154/6/3 152/152/110
f 151/100/71 155/42/30 132/41/29 128/151/109
f 124/99/70 131/21/13 155/42/30 151/100/71
f 123/108/79 476/22/14 131/21/13 124/99/70
f 35/259/36 383/260/36 476/22/14 123/108/79
f 33/258/36 35/259/36 123/108/79 127/107/78
f 125/133/98 130/5/2 100/37/6 98/71/6
f 122/134/99 125/133/98 98/71/6 96/95/6
f 1/261/36 31/257/36 150/130/95 129/129/94
f 30/49/36 1/261/36 129/129/94 153/88/63
f 94/10/6 126/87/62 122/134/99 96/95/6
f 30/49/36 153/88/63 126/87/62 94/10/6 92/9/6
f 29/17/9 30/49/36 92/9/6 90/161/116
f 49/80/59 244/79/58 589/262/183 407/186/133
f 114/240/169 119/180/127 71/33/25 73/263/126
f 110/211/146 114/240/169 73/263/126 75/212/126
f 14/177/125 147/227/157 111/210/145 77/209/126 79/178/126
f 86/241/170 88/207/144 273/208/6 271/264/6
f 102/265/184 80/266/184 164/267/185 165/268/185
f 65/81/60 42/140/104 55/157/113 156/115/86
f 80/266/184 78/269/184 163/270/185 164/267/185
f 64/25/17 43/271/186 59/111/82
f 156/115/86 55/157/113 46/160/115 62/29/21
f 63/26/18 64/25/17 59/111/82 48/114/85
f 57/137/102 157/65/47 63/26/18 48/114/85
f 157/65/47 57/137/102 42/140/104 65/81/60
f 41/185/132 158/30/22 53/182/129
f 78/269/184 76/272/184 162/273/185 163/270/185
f 53/182/129 158/30/22 62/29/21 46/160/115
f 456/274/184 108/275/184 168/276/185 516/277/185
f 76/272/184 74/278/184 161/279/185 162/273/185
f 108/275/184 106/280/184 167/281/185 168/276/185
f 74/278/184 72/282/187 160/283/185 161/279/185
f 106/280/184 104/284/184 166/285/185 167/281/185
f 104/284/184 102/265/184 165/268/185 166/285/185
f 72/282/187 70/286/188 159/287/185 160/283/185
f 89/155/7 91/141/7 174/288/189 173/289/189
f 99/14/7 445/13/7 526/290/189 178/291/189
f 87/175/7 89/155/7 173/289/189 172/292/189
f 97/61/7 99/14/7 178/291/189 177/293/189
f 85/254/7 87/175/7 172/292/189 171/294/189
f 83/295/190 85/254/7 171/294/189 170/296/189
f 95/83/7 97/61/7 177/293/189 176/297/189
f 81/298/191 83/295/190 170/296/189 169/299/189
f 93/117/7 95/83/7 176/297/189 175/300/189
f 91/141/7 93/117/7 175/300/189 174/288/189
f 180/50/36 181/75/55 182/4/1 179/301/36
f 184/302/192 183/303/193 185/304/194 186/305/195
f 186/305/195 185/304/194 187/306/153 188/307/196
f 188/307/196 187/306/153 189/308/153 190/309/196
f 190/309/196 189/308/153 191/310/153 192/311/197
f 192/311/197 191/310/153 193/312/198 194/313/53
f 192/311/197 194/313/53 195/314/53 196/215/11
f 200/216/11 199/228/53 197/170/53 198/164/11
f 198/164/11 197/170/53 201/150/53 202/144/11
f 202/144/11 201/150/53 203/128/53 204/120/11
f 204/120/11 203/128/53 205/98/53 206/86/11
f 206/86/11 205/98/53 207/76/53 208/64/11
f 208/64/11 207/76/53 181/75/55 209/19/11
f 209/19/11 181/75/55 180/50/36 210/20/12
f 179/301/36 182/4/1 211/3/1 212/315/36
f 212/315/36 211/3/1 213/316/1 214/317/36
f 214/317/36 213/316/1 215/318/1 216/319/36
f 216/319/36 215/318/1 563/320/1 564/321/36
f 226/322/199 255/323/200 601/324/201 688/325/201
f 232/219/151 228/218/150 229/184/131 234/183/130
f 238/147/107 219/146/106 223/139/103 240/138/102
f 254/326/202 217/327/203 565/328/204 600/329/201
f 218/167/119 233/166/118 235/159/114 222/158/113
f 220/123/90 239/122/89 241/113/84 224/112/83
f 593/69/51 342/68/50 231/55/41 592/54/40
f 343/105/76 340/104/75 237/253/139 230/252/181
f 341/59/45 344/58/44 243/47/35 236/46/34
f 245/93/68 345/92/67 244/79/58 242/78/57
f 233/166/118 232/219/151 234/183/130 235/159/114
f 219/146/106 218/167/119 222/158/113 223/139/103
f 239/122/89 238/147/107 240/138/102 241/113/84
f 221/330/205 220/123/90 224/112/83 225/331/206
f 342/68/50 343/105/76 230/252/181 231/55/41
f 344/58/44 245/93/68 242/78/57 243/47/35
f 340/104/75 341/59/45 236/46/34 237/253/139
f 250/116/87 347/32/24 348/31/23 252/332/207
f 246/66/48 251/82/61 253/333/208 249/334/209
f 345/92/67 695/126/93 589/262/183 244/79/58
f 346/35/27 258/335/210 256/336/211 257/36/28
f 257/36/28 256/336/211 259/337/52 260/338/126
f 260/338/126 259/337/52 261/339/52 262/340/126
f 262/340/126 261/339/52 263/341/52 264/342/126
f 264/342/126 263/341/52 266/343/52 265/344/126
f 268/345/212 267/346/213 269/347/214 270/348/215
f 270/348/215 269/347/214 271/264/6 272/255/8
f 272/255/8 271/264/6 273/208/6 274/176/8
f 274/176/8 273/208/6 275/162/6 276/156/8
f 276/156/8 275/162/6 278/12/6 277/142/8
f 277/142/8 278/12/6 279/11/6 280/118/8
f 280/118/8 279/11/6 281/96/6 282/84/8
f 282/84/8 281/96/6 283/72/6 284/62/8
f 284/62/8 283/72/6 285/40/6 286/15/8
f 286/15/8 285/40/6 631/39/6 630/16/8
f 265/344/126 266/343/52 287/349/52 288/350/126
f 288/350/126 287/349/52 289/351/52 290/352/126
f 290/352/126 289/351/52 291/353/52 292/354/126
f 292/354/126 291/353/52 293/355/52 294/356/126
f 294/356/126 293/355/52 641/357/52 640/358/126
f 306/359/216 295/360/201 296/361/217 297/362/218
f 308/363/219 304/364/201 300/365/220 301/366/221
f 302/367/222 295/360/201 305/368/201 309/369/223
f 298/370/224 304/364/201 305/368/201 307/371/225
f 319/174/124 310/372/226 311/373/227 312/181/128
f 313/256/182 317/374/228 318/375/229 314/173/123
f 333/101/72 320/376/201 321/109/80 322/102/73
f 334/89/64 330/377/201 326/135/100 325/90/65
f 328/131/96 320/376/201 331/378/201 329/132/97
f 323/153/111 330/377/201 331/378/201 324/154/112
f 339/7/4 677/379/201 680/52/38 335/8/5
f 336/43/31 685/380/201 678/381/201 337/44/32
f 196/215/11 195/314/53 199/228/53 200/216/11
f 227/382/230 226/322/199 688/325/201 687/383/231
f 255/323/200 254/326/202 600/329/201 601/324/201
f 299/384/232 300/365/220 304/364/201 298/370/224
f 309/369/223 305/368/201 304/364/201 308/363/219
f 303/385/233 296/361/217 295/360/201 302/367/222
f 307/371/225 305/368/201 295/360/201 306/359/216
f 316/251/180 315/250/179 317/374/228 313/256/182
f 314/173/123 318/375/229 310/372/226 319/174/124
f 332/110/81 321/109/80 320/376/201 328/131/96
f 324/154/112 331/378/201 320/376/201 333/101/72
f 327/136/101 326/135/100 330/377/201 323/153/111
f 329/132/97 331/378/201 330/377/201 334/89/64
f 337/44/32 678/381/201 677/379/201 339/7/4
f 338/24/16 683/23/15 685/380/201 336/43/31
f 251/82/61 250/116/87 252/332/207 253/333/208
f 247/27/19 246/66/48 249/334/209 248/28/20
f 65/81/60 156/115/86 250/116/87 251/82/61
f 31/257/36 1/261/36 179/301/36 212/315/36
f 101/179/126 79/178/126 265/344/126 288/350/126
f 32/2/1 34/204/1 213/316/1 211/3/1
f 102/265/184 104/284/184 289/351/52 287/349/52
f 69/190/137 136/189/136 254/326/202 255/323/200
f 481/195/142 68/193/140 227/382/230 687/383/231
f 33/258/36 31/257/36 212/315/36 214/317/36
f 103/202/126 101/179/126 288/350/126 290/352/126
f 34/204/1 36/200/1 215/318/1 213/316/1
f 104/284/184 106/280/184 291/353/52 289/351/52
f 35/259/36 33/258/36 214/317/36 216/319/36
f 105/203/126 103/202/126 290/352/126 292/354/126
f 1/261/36 30/49/36 180/50/36 179/301/36
f 70/286/188 72/282/187 256/336/211 258/335/210
f 150/130/95 127/107/78 332/110/81 328/131/96
f 28/74/54 2/1/1 182/4/1 181/75/55
f 151/100/71 128/151/109 324/154/112 333/101/72
f 36/200/1 384/201/1 563/320/1 215/318/1
f 106/280/184 108/275/184 293/355/52 291/353/52
f 72/282/187 74/278/184 259/337/52 256/336/211
f 383/260/36 35/259/36 216/319/36 564/321/36
f 107/205/126 105/203/126 292/354/126 294/356/126
f 73/263/126 71/33/25 257/36/28 260/338/126
f 67/196/143 415/188/135 565/328/204 217/327/203
f 16/198/53 133/199/53 199/228/53 195/314/53
f 152/152/110 125/133/98 327/136/101 323/153/111
f 54/168/120 218/167/119 219/146/106 39/145/105
f 108/275/184 456/274/184 641/357/52 293/355/52
f 4/232/161 6/231/160 185/304/194 183/303/193
f 74/278/184 76/272/184 261/339/52 259/337/52
f 17/163/11 134/213/147 200/216/11 198/164/11
f 58/124/91 220/123/90 221/330/205 37/244/173
f 455/206/126 107/205/126 294/356/126 640/358/126
f 5/248/177 3/249/178 184/302/192 186/305/195
f 75/212/126 73/263/126 260/338/126 262/340/126
f 153/88/63 129/129/94 329/132/97 334/89/64
f 42/140/104 223/139/103 222/158/113 55/157/113
f 80/266/184 102/265/184 287/349/52 266/343/52
f 135/191/138 69/190/137 255/323/200 226/322/199
f 43/271/186 225/331/206 224/112/83 59/111/82
f 115/225/156 144/223/155 298/370/224 307/371/225
f 6/231/160 8/221/153 187/306/153 185/304/194
f 76/272/184 78/269/184 263/341/52 261/339/52
f 68/193/140 135/191/138 226/322/199 227/382/230
f 110/211/146 111/210/145 297/362/218 296/361/217
f 7/245/174 5/248/177 186/305/195 188/307/196
f 77/209/126 75/212/126 262/340/126 264/342/126
f 144/223/155 112/222/154 299/384/232 298/370/224
f 113/234/163 145/237/166 308/363/219 301/366/221
f 136/189/136 67/196/143 217/327/203 254/326/202
f 154/6/3 132/41/29 337/44/32 339/7/4
f 109/230/159 113/234/163 301/366/221 300/365/220
f 8/221/153 10/224/153 189/308/153 187/306/153
f 78/269/184 80/266/184 266/343/52 263/341/52
f 112/222/154 109/230/159 300/365/220 299/384/232
f 9/246/175 7/245/174 188/307/196 190/309/196
f 79/178/126 77/209/126 264/342/126 265/344/126
f 155/42/30 131/21/13 338/24/16 336/43/31
f 66/56/42 231/55/41 230/252/181 50/194/141
f 146/239/168 114/240/169 303/385/233 302/367/222
f 52/220/152 232/219/151 233/166/118 45/165/117
f 116/238/167 146/239/168 302/367/222 309/369/223
f 10/224/153 12/226/153 191/310/153 189/308/153
f 46/160/115 235/159/114 234/183/130 53/182/129
f 114/240/169 110/211/146 296/361/217 303/385/233
f 111/210/145 147/227/157 306/359/216 297/362/218
f 11/247/176 9/246/175 190/309/196 192/311/197
f 82/243/172 84/242/171 269/347/214 267/346/213
f 147/227/157 115/225/156 307/371/225 306/359/216
f 14/177/125 13/197/53 194/313/53 193/312/198
f 83/295/190 81/298/191 268/345/212 270/348/215
f 40/192/139 237/253/139 236/46/34 61/45/33
f 145/237/166 116/238/167 309/369/223 308/363/219
f 12/226/153 14/177/125 193/312/198 191/310/153
f 56/148/108 238/147/107 239/122/89 47/121/88
f 84/242/171 86/241/170 271/264/6 269/347/214
f 48/114/85 241/113/84 240/138/102 57/137/102
f 85/254/7 83/295/190 270/348/215 272/255/8
f 13/197/53 16/198/53 195/314/53 194/313/53
f 44/48/35 243/47/35 242/78/57 51/77/56
f 118/233/162 119/180/127 312/181/128 311/373/227
f 15/214/148 11/247/176 192/311/197 196/215/11
f 350/386/1 530/387/1 557/388/1 378/389/1
f 478/390/234 679/391/235 686/392/236 503/393/237
f 436/394/6 621/395/6 622/396/6 438/397/6
f 445/13/7 630/16/8 629/398/8 443/399/7
f 375/400/238 556/401/239 555/402/240 373/403/240
f 479/404/241 684/405/242 683/23/15 476/22/14
f 1076/406/243 1278/407/244 595/408/245 409/409/246
f 408/410/247 696/411/248 1392/412/249 1180/413/250
f 417/414/126 603/415/126 1390/416/126 1165/417/126
f 444/418/6 628/419/6 631/39/6 446/38/6
f 480/420/251 682/421/252 681/422/253 504/423/254
f 406/424/255 388/425/256 588/426/256 581/427/257
f 376/428/36 528/429/36 556/401/239 375/400/238
f 477/51/37 680/52/38 679/391/235 478/390/234
f 405/53/39 412/430/258 576/431/259 592/54/40
f 491/432/260 487/433/261 690/434/262 693/435/263
f 443/399/7 629/398/8 627/436/8 441/437/7
f 373/403/240 555/402/240 554/438/240 371/439/240
f 409/409/246 595/408/245 594/440/264 506/441/265
f 492/442/266 411/70/52 593/69/51 691/443/267
f 442/444/6 626/445/6 628/419/6 444/418/6
f 372/446/11 553/447/11 529/448/268 374/449/269
f 395/450/270 393/187/134 590/451/271 587/452/272
f 506/441/265 594/440/264 597/453/273 410/454/274
f 441/437/7 627/436/8 625/455/8 439/456/7
f 371/439/240 554/438/240 552/457/240 369/458/240
f 472/459/275 667/460/276 676/461/277 502/462/278
f 490/463/279 404/464/280 591/465/281 694/466/282
f 440/467/6 624/468/6 626/445/6 442/444/6
f 370/469/11 551/470/11 553/447/11 372/446/11
f 470/471/283 664/472/284 675/473/285 500/474/286
f 488/475/287 489/476/288 692/477/289 689/478/290
f 473/479/291 674/480/292 663/481/293 469/482/294
f 403/483/295 392/484/296 586/485/297 572/486/298
f 505/487/299 596/488/300 696/411/248 408/410/247
f 439/456/7 625/455/8 623/489/8 437/490/7
f 369/458/240 552/457/240 550/491/240 367/492/240
f 391/493/301 402/494/302 569/495/303 584/496/304
f 486/125/92 490/463/279 694/466/282 695/126/93
f 438/397/6 622/396/6 624/468/6 440/467/6
f 368/497/11 549/498/11 551/470/11 370/469/11
f 475/499/305 671/500/306 670/501/307 499/502/308
f 471/503/309 669/504/310 668/505/311 468/506/312
f 401/507/313 387/508/314 571/509/315 585/510/313
f 404/464/280 491/432/260 693/435/263 591/465/281
f 437/490/7 623/489/8 620/511/8 435/512/7
f 367/492/240 550/491/240 548/513/240 365/514/240
f 468/506/312 668/505/311 667/460/276 472/459/275
f 385/515/316 400/516/317 583/517/318 568/518/319
f 366/519/11 547/520/11 549/498/11 368/497/11
f 474/521/320 666/522/321 665/523/322 501/524/323
f 435/512/7 620/511/8 619/525/8 433/526/7
f 469/482/294 663/481/293 664/472/284 470/471/283
f 399/527/324 390/528/325 580/529/326 570/530/324
f 489/476/288 492/442/266 691/443/267 692/477/289
f 434/531/6 618/532/6 621/395/6 436/394/6
f 365/514/240 548/513/240 544/533/240 363/534/240
f 389/535/327 398/536/328 567/537/329 578/538/330
f 364/539/11 543/540/11 547/520/11 366/519/11
f 498/541/331 661/542/332 659/543/333 467/544/334
f 433/526/7 619/525/8 617/545/8 431/546/7
f 486/125/92 447/547/126 425/548/126 360/549/335
f 465/550/336 657/551/337 661/542/332 498/541/331
f 397/552/338 1051/553/339 1256/554/340 579/555/341
f 485/556/342 388/425/256 406/424/255 416/557/343
f 406/424/255 386/558/344 484/559/345 416/557/343
f 386/558/344 394/560/346 414/561/347 484/559/345
f 394/560/346 412/430/258 481/195/142 414/561/347
f 413/562/348 395/450/270 388/425/256 485/556/342
f 415/188/135 393/187/134 395/450/270 413/562/348
f 490/463/279 486/125/92 360/549/335 359/563/11
f 404/464/280 490/463/279 359/563/11 362/564/11
f 491/432/260 404/464/280 362/564/11 482/565/11
f 487/433/261 491/432/260 482/565/11 364/539/11
f 488/475/287 487/433/261 364/539/11 366/519/11
f 489/476/288 488/475/287 366/519/11 368/497/11
f 492/442/266 489/476/288 368/497/11 370/469/11
f 382/566/1 384/201/1 411/70/52
f 372/446/11 411/70/52 492/442/266 370/469/11
f 486/125/92 449/567/126 447/547/126
f 374/449/269 350/386/1 411/70/52 372/446/11
f 350/386/1 378/389/1 411/70/52
f 486/125/92 451/568/126 449/567/126
f 378/389/1 380/569/1 411/70/52
f 380/569/1 382/566/1 411/70/52
f 486/125/92 453/570/126 451/568/126
f 486/125/92 455/206/126 453/570/126
f 432/571/6 616/572/6 618/532/6 434/531/6
f 423/573/126 421/574/126 458/575/349 459/576/350
f 483/577/240 546/578/240 542/579/240 361/580/240
f 1048/581/351 396/582/352 577/583/353 1255/584/354
f 354/585/153 356/586/153 493/587/355 460/588/356
f 356/586/153 358/589/153 463/590/357 493/587/355
f 358/589/153 360/549/335 496/591/358 463/590/357
f 487/433/261 488/475/287 689/478/290 690/434/262
f 482/565/11 545/592/11 543/540/11 364/539/11
f 1135/593/359 1012/594/153 352/595/153 457/596/360
f 457/596/360 352/595/153 354/585/153 460/588/356
f 465/550/336 417/414/126 1165/417/126 1136/597/361
f 461/598/362 494/599/363 497/600/364 466/601/365
f 494/599/363 464/602/366 467/544/334 497/600/364
f 464/602/366 495/603/367 498/541/331 467/544/334
f 495/603/367 462/604/368 465/550/336 498/541/331
f 466/601/365 1135/593/359 457/596/360 461/598/362
f 1048/581/351 428/605/6 430/606/6
f 385/515/316 367/492/240 365/514/240 400/516/317
f 1048/581/351 1096/607/6 428/605/6
f 1048/581/351 430/606/6 432/571/6
f 400/516/317 365/514/240 363/534/240 391/493/301
f 402/494/302 483/577/240 361/580/240 1047/608/369
f 1047/608/369 355/609/196 353/610/196
f 361/580/240 357/611/370 355/609/196 1047/608/369
f 1047/608/369 353/610/196 351/612/196
f 398/536/328 389/535/327 371/439/240 369/458/240
f 1048/581/351 432/571/6 434/531/6 375/400/238
f 1047/608/369 351/612/196 1011/613/196
f 389/535/327 396/582/352 373/403/240 371/439/240
f 391/493/301 363/534/240 483/577/240 402/494/302
f 385/515/316 398/536/328 369/458/240 367/492/240
f 396/582/352 1048/581/351 375/400/238 373/403/240
f 466/601/365 660/614/371 1351/615/372 1135/593/359
f 394/560/346 386/558/344 582/616/344 575/617/373
f 431/546/7 617/545/8 615/618/8 429/619/7
f 497/600/364 658/620/374 660/614/371 466/601/365
f 467/544/334 659/543/333 658/620/374 497/600/364
f 499/502/308 473/479/291 379/621/36 377/622/36
f 478/390/234 444/418/6 446/38/6 477/51/37
f 501/524/323 471/503/309 478/390/234 503/393/237
f 474/521/320 501/524/323 503/393/237 480/420/251
f 500/474/286 474/521/320 480/420/251 504/423/254
f 470/471/283 500/474/286 504/423/254 479/404/241
f 469/482/294 470/471/283 479/404/241 476/22/14
f 381/623/36 469/482/294 476/22/14 383/260/36
f 379/621/36 473/479/291 469/482/294 381/623/36
f 471/503/309 442/444/6 444/418/6 478/390/234
f 468/506/312 440/467/6 442/444/6 471/503/309
f 349/624/36 475/499/305 499/502/308 377/622/36
f 376/428/36 502/462/278 475/499/305 349/624/36
f 438/397/6 440/467/6 468/506/312 472/459/275
f 376/428/36 436/394/6 438/397/6 472/459/275 502/462/278
f 375/400/238 434/531/6 436/394/6 376/428/36
f 393/187/134 407/186/133 589/262/183 590/451/271
f 462/604/368 419/625/126 417/414/126 465/550/336
f 458/575/349 421/574/126 419/625/126 462/604/368
f 360/549/335 425/548/126 423/573/126 459/576/350 496/591/358
f 430/606/6 614/626/6 616/572/6 432/571/6
f 448/627/184 512/628/185 511/629/185 426/630/184
f 410/454/274 505/487/299 399/527/324 387/508/314
f 426/630/184 511/629/185 510/631/185 424/632/184
f 1076/406/243 403/483/295 1053/633/375
f 505/487/299 408/410/247 390/528/325 399/527/324
f 409/409/246 392/484/296 403/483/295 1076/406/243
f 401/507/313 392/484/296 409/409/246 506/441/265
f 506/441/265 410/454/274 387/508/314 401/507/313
f 1051/553/339 397/552/338 1180/413/250
f 424/632/184 510/631/185 509/634/185 422/635/184
f 397/552/338 390/528/325 408/410/247 1180/413/250
f 456/274/184 516/277/185 515/636/185 454/637/184
f 422/635/184 509/634/185 508/638/185 420/639/184
f 454/637/184 515/636/185 514/640/185 452/641/184
f 420/639/184 508/638/185 507/642/185 418/643/184
f 452/641/184 514/640/185 513/644/185 450/645/184
f 450/645/184 513/644/185 512/628/185 448/627/184
f 418/643/184 507/642/185 1181/646/185 1084/647/184
f 433/526/7 520/648/189 521/649/189 435/512/7
f 443/399/7 525/650/189 526/290/189 445/13/7
f 431/546/7 519/651/189 520/648/189 433/526/7
f 441/437/7 524/652/189 525/650/189 443/399/7
f 429/619/7 518/653/189 519/651/189 431/546/7
f 427/654/7 517/655/189 518/653/189 429/619/7
f 439/456/7 523/656/189 524/652/189 441/437/7
f 1095/657/7 1192/658/189 517/655/189 427/654/7
f 437/490/7 522/659/189 523/656/189 439/456/7
f 435/512/7 521/649/189 522/659/189 437/490/7
f 528/429/36 527/660/36 530/387/1 529/448/268
f 1208/661/196 532/662/196 531/663/153 1207/664/153
f 532/662/196 534/665/196 533/666/153 531/663/153
f 534/665/196 536/667/196 535/668/153 533/666/153
f 536/667/196 538/669/376 537/670/153 535/668/153
f 538/669/376 540/671/11 539/672/377 537/670/153
f 538/669/376 542/579/240 541/673/11 540/671/11
f 546/578/240 544/533/240 543/540/11 545/592/11
f 544/533/240 548/513/240 547/520/11 543/540/11
f 548/513/240 550/491/240 549/498/11 547/520/11
f 550/491/240 552/457/240 551/470/11 549/498/11
f 552/457/240 554/438/240 553/447/11 551/470/11
f 554/438/240 555/402/240 529/448/268 553/447/11
f 555/402/240 556/401/239 528/429/36 529/448/268
f 527/660/36 558/674/36 557/388/1 530/387/1
f 558/674/36 560/675/36 559/676/1 557/388/1
f 560/675/36 562/677/36 561/678/1 559/676/1
f 562/677/36 564/321/36 563/320/1 561/678/1
f 573/679/378 688/325/201 601/324/201 599/680/379
f 577/583/353 579/555/341 1256/554/340 1255/584/354
f 583/517/318 585/510/313 571/509/315 568/518/319
f 598/681/380 600/329/201 565/328/204 566/682/381
f 567/537/329 570/530/324 580/529/326 578/538/330
f 569/495/303 572/486/298 586/485/297 584/496/304
f 593/69/51 592/54/40 576/431/259 691/443/267
f 692/477/289 575/617/373 582/616/344 689/478/290
f 690/434/262 581/427/257 588/426/256 693/435/263
f 591/465/281 587/452/272 590/451/271 694/466/282
f 578/538/330 580/529/326 579/555/341 577/583/353
f 568/518/319 571/509/315 570/530/324 567/537/329
f 584/496/304 586/485/297 585/510/313 583/517/318
f 1248/683/382 1252/684/383 572/486/298 569/495/303
f 691/443/267 576/431/259 575/617/373 692/477/289
f 693/435/263 588/426/256 587/452/272 591/465/281
f 689/478/290 582/616/344 581/427/257 690/434/262
f 596/488/300 1282/685/201 1392/412/249 696/411/248
f 594/440/264 1279/686/201 1283/687/201 597/453/273
f 694/466/282 590/451/271 589/262/183 695/126/93
f 1390/416/126 603/415/126 602/688/52 1290/689/52
f 603/415/126 605/690/126 604/691/52 602/688/52
f 605/690/126 607/692/126 606/693/52 604/691/52
f 607/692/126 609/694/126 608/695/52 606/693/52
f 609/694/126 610/696/126 611/697/52 608/695/52
f 1300/698/8 613/699/8 612/700/6 1299/701/6
f 613/699/8 615/618/8 614/626/6 612/700/6
f 615/618/8 617/545/8 616/572/6 614/626/6
f 617/545/8 619/525/8 618/532/6 616/572/6
f 619/525/8 620/511/8 621/395/6 618/532/6
f 620/511/8 623/489/8 622/396/6 621/395/6
f 623/489/8 625/455/8 624/468/6 622/396/6
f 625/455/8 627/436/8 626/445/6 624/468/6
f 627/436/8 629/398/8 628/419/6 626/445/6
f 629/398/8 630/16/8 631/39/6 628/419/6
f 610/696/126 633/702/126 632/703/52 611/697/52
f 633/702/126 635/704/126 634/705/52 632/703/52
f 635/704/126 637/706/126 636/707/52 634/705/52
f 637/706/126 639/708/126 638/709/52 636/707/52
f 639/708/126 640/358/126 641/357/52 638/709/52
f 653/710/384 644/711/385 643/712/386 642/713/201
f 655/714/387 648/715/388 647/716/389 651/717/201
f 649/718/390 656/719/391 652/720/201 642/713/201
f 645/721/392 654/722/393 652/720/201 651/717/201
f 661/542/332 657/551/337 1347/723/394 1346/724/201
f 658/620/374 659/543/333 1354/725/201 1353/726/201
f 675/473/285 664/472/284 663/481/293 662/727/201
f 676/461/277 667/460/276 668/505/311 672/728/201
f 670/501/307 671/500/306 673/729/201 662/727/201
f 665/523/322 666/522/321 673/729/201 672/728/201
f 686/392/236 679/391/235 680/52/38 677/379/201
f 681/422/253 682/421/252 678/381/201 685/380/201
f 542/579/240 546/578/240 545/592/11 541/673/11
f 574/730/395 687/383/231 688/325/201 573/679/378
f 599/680/379 601/324/201 600/329/201 598/681/380
f 646/731/396 645/721/392 651/717/201 647/716/389
f 656/719/391 655/714/387 651/717/201 652/720/201
f 650/732/397 649/718/390 642/713/201 643/712/386
f 654/722/393 653/710/384 642/713/201 652/720/201
f 660/614/371 658/620/374 1353/726/201 1351/615/372
f 659/543/333 661/542/332 1346/724/201 1354/725/201
f 674/480/292 670/501/307 662/727/201 663/481/293
f 666/522/321 675/473/285 662/727/201 673/729/201
f 669/504/310 665/523/322 672/728/201 668/505/311
f 671/500/306 676/461/277 672/728/201 673/729/201
f 682/421/252 686/392/236 677/379/201 678/381/201
f 684/405/242 681/422/253 685/380/201 683/23/15
f 597/453/273 1283/687/201 1282/685/201 596/488/300
f 595/408/245 1278/407/244 1279/686/201 594/440/264
f 410/454/274 597/453/273 596/488/300 505/487/299
f 377/622/36 558/674/36 527/660/36 349/624/36
f 447/547/126 633/702/126 610/696/126 425/548/126
f 378/389/1 557/388/1 559/676/1 380/569/1
f 448/627/184 632/703/52 634/705/52 450/645/184
f 416/557/343 599/680/379 598/681/380 485/556/342
f 481/195/142 687/383/231 574/730/395 414/561/347
f 379/621/36 560/675/36 558/674/36 377/622/36
f 449/567/126 635/704/126 633/702/126 447/547/126
f 380/569/1 559/676/1 561/678/1 382/566/1
f 450/645/184 634/705/52 636/707/52 452/641/184
f 381/623/36 562/677/36 560/675/36 379/621/36
f 451/568/126 637/706/126 635/704/126 449/567/126
f 349/624/36 527/660/36 528/429/36 376/428/36
f 1084/647/184 1290/689/52 602/688/52 418/643/184
f 499/502/308 670/501/307 674/480/292 473/479/291
f 374/449/269 529/448/268 530/387/1 350/386/1
f 500/474/286 675/473/285 666/522/321 474/521/320
f 382/566/1 561/678/1 563/320/1 384/201/1
f 452/641/184 636/707/52 638/709/52 454/637/184
f 418/643/184 602/688/52 604/691/52 420/639/184
f 383/260/36 564/321/36 562/677/36 381/623/36
f 453/570/126 639/708/126 637/706/126 451/568/126
f 419/625/126 605/690/126 603/415/126 417/414/126
f 413/562/348 566/682/381 565/328/204 415/188/135
f 362/564/11 541/673/11 545/592/11 482/565/11
f 501/524/323 665/523/322 669/504/310 471/503/309
f 398/536/328 385/515/316 568/518/319 567/537/329
f 454/637/184 638/709/52 641/357/52 456/274/184
f 1012/594/153 1207/664/153 531/663/153 352/595/153
f 420/639/184 604/691/52 606/693/52 422/635/184
f 363/534/240 544/533/240 546/578/240 483/577/240
f 402/494/302 1047/608/369 1248/683/382 569/495/303
f 455/206/126 640/358/126 639/708/126 453/570/126
f 351/612/196 532/662/196 1208/661/196 1011/613/196
f 421/574/126 607/692/126 605/690/126 419/625/126
f 502/462/278 676/461/277 671/500/306 475/499/305
f 387/508/314 399/527/324 570/530/324 571/509/315
f 426/630/184 611/697/52 632/703/52 448/627/184
f 484/559/345 573/679/378 599/680/379 416/557/343
f 1053/633/375 403/483/295 572/486/298 1252/684/383
f 463/590/357 654/722/393 645/721/392 493/587/355
f 352/595/153 531/663/153 533/666/153 354/585/153
f 422/635/184 606/693/52 608/695/52 424/632/184
f 414/561/347 574/730/395 573/679/378 484/559/345
f 458/575/349 643/712/386 644/711/385 459/576/350
f 353/610/196 534/665/196 532/662/196 351/612/196
f 423/573/126 609/694/126 607/692/126 421/574/126
f 493/587/355 645/721/392 646/731/396 460/588/356
f 461/598/362 648/715/388 655/714/387 494/599/363
f 485/556/342 598/681/380 566/682/381 413/562/348
f 503/393/237 686/392/236 682/421/252 480/420/251
f 457/596/360 647/716/389 648/715/388 461/598/362
f 354/585/153 533/666/153 535/668/153 356/586/153
f 424/632/184 608/695/52 611/697/52 426/630/184
f 460/588/356 646/731/396 647/716/389 457/596/360
f 355/609/196 536/667/196 534/665/196 353/610/196
f 425/548/126 610/696/126 609/694/126 423/573/126
f 504/423/254 681/422/253 684/405/242 479/404/241
f 412/430/258 394/560/346 575/617/373 576/431/259
f 495/603/367 649/718/390 650/732/397 462/604/368
f 396/582/352 389/535/327 578/538/330 577/583/353
f 464/602/366 656/719/391 649/718/390 495/603/367
f 356/586/153 535/668/153 537/670/153 358/589/153
f 390/528/325 397/552/338 579/555/341 580/529/326
f 462/604/368 650/732/397 643/712/386 458/575/349
f 459/576/350 644/711/385 653/710/384 496/591/358
f 357/611/370 538/669/376 536/667/196 355/609/196
f 1096/607/6 1299/701/6 612/700/6 428/605/6
f 496/591/358 653/710/384 654/722/393 463/590/357
f 360/549/335 539/672/377 540/671/11 359/563/11
f 427/654/7 613/699/8 1300/698/8 1095/657/7
f 386/558/344 406/424/255 581/427/257 582/616/344
f 494/599/363 655/714/387 656/719/391 464/602/366
f 358/589/153 537/670/153 539/672/377 360/549/335
f 400/516/317 391/493/301 584/496/304 583/517/318
f 428/605/6 612/700/6 614/626/6 430/606/6
f 392/484/296 401/507/313 585/510/313 586/485/297
f 429/619/7 615/618/8 613/699/8 427/654/7
f 359/563/11 540/671/11 541/673/11 362/564/11
f 388/425/256 395/450/270 587/452/272 588/426/256
f 1136/597/361 1347/723/394 657/551/337 465/550/336
f 361/580/240 542/579/240 538/669/376 357/611/370
f 412/430/258 405/53/39 66/56/42 481/195/142
f 698/733/1 862/734/1 889/735/1 726/736/1
f 814/737/234 997/738/235 1001/739/398 837/740/237
f 778/741/6 945/742/6 946/743/6 780/744/6
f 1115/745/7 1319/746/8 953/747/8 785/748/7
f 723/749/399 888/750/239 887/751/240 721/752/400
f 815/753/241 1000/754/242 1377/755/15 1148/756/14
f 1399/757/401 1415/758/402 921/759/403 753/760/404
f 752/761/405 1008/762/406 1428/763/407 1406/764/408
f 759/765/409 927/766/410 1427/767/411 1405/768/412
f 786/769/6 952/770/6 1320/771/6 1116/772/6
f 816/773/251 999/774/252 998/775/253 838/776/254
f 751/777/255 734/778/256 917/779/256 910/780/257
f 724/781/36 860/782/36 888/750/239 723/749/399
f 1149/783/37 1374/784/38 997/738/235 814/737/234
f 1071/785/39 755/786/258 905/787/259 1274/788/40
f 825/789/413 821/790/261 1003/791/262 1006/792/263
f 785/748/7 953/747/8 951/793/8 783/794/7
f 721/752/400 887/751/240 886/795/240 719/796/240
f 753/760/404 921/759/403 920/797/414 840/798/265
f 826/799/266 1078/800/52 1275/801/51 1004/802/267
f 784/803/6 950/804/6 952/770/6 786/769/6
f 720/805/11 885/806/11 861/807/268 722/808/269
f 741/809/270 739/810/134 918/811/271 916/812/272
f 840/798/265 920/797/414 923/813/415 754/814/416
f 783/794/7 951/793/8 949/815/8 781/816/7
f 719/796/240 886/795/240 884/817/240 717/818/240
f 810/819/275 987/820/276 996/821/277 836/822/278
f 824/823/279 750/824/280 919/825/281 1007/826/282
f 782/827/6 948/828/6 950/804/6 784/803/6
f 718/829/11 883/830/11 885/806/11 720/805/11
f 808/831/283 984/832/417 995/833/418 834/834/286
f 822/835/287 823/836/288 1005/837/289 1002/838/290
f 811/839/291 994/840/292 983/841/293 807/842/294
f 749/843/419 738/844/420 915/845/297 901/846/421
f 839/847/299 922/848/422 1008/762/406 752/761/405
f 781/816/7 949/815/8 947/849/8 779/850/7
f 717/818/240 884/817/240 882/851/240 715/852/240
f 737/853/301 748/854/423 898/855/424 913/856/304
f 1158/857/92 824/823/279 1007/826/282 1389/858/93
f 780/744/6 946/743/6 948/828/6 782/827/6
f 716/859/11 881/860/11 883/830/11 718/829/11
f 813/861/305 991/862/306 990/863/307 833/864/308
f 809/865/309 989/866/310 988/867/311 806/868/312
f 747/869/313 733/870/314 900/871/315 914/872/313
f 750/824/280 825/789/413 1006/792/263 919/825/281
f 779/850/7 947/849/8 944/873/8 777/874/7
f 715/852/240 882/851/240 880/875/240 713/876/240
f 806/868/312 988/867/311 987/820/276 810/819/275
f 731/877/316 746/878/317 912/879/318 897/880/319
f 714/881/11 879/882/11 881/860/11 716/859/11
f 812/883/320 986/884/321 985/885/322 835/886/323
f 777/874/7 944/873/8 943/887/8 775/888/7
f 807/842/294 983/841/293 984/832/417 808/831/283
f 745/889/324 736/890/425 909/891/326 899/892/324
f 823/836/288 826/799/266 1004/802/267 1005/837/289
f 776/893/426 942/894/6 945/742/6 778/741/6
f 713/876/240 880/875/240 876/895/240 711/896/240
f 735/897/327 744/898/328 896/899/329 907/900/330
f 712/901/11 875/902/11 879/882/11 714/881/11
f 832/903/331 981/904/427 979/905/428 805/906/429
f 775/888/7 943/887/8 941/907/8 773/908/7
f 1158/857/92 787/909/126 767/910/126 708/911/335
f 803/912/430 977/913/431 981/904/427 832/903/331
f 743/914/432 1397/915/433 1414/916/434 908/917/435
f 1073/918/133 739/810/134 1082/919/135 1059/920/59
f 820/921/342 734/778/256 751/777/255 758/922/343
f 751/777/255 732/923/344 819/924/345 758/922/343
f 732/923/344 740/925/346 757/926/347 819/924/345
f 740/925/346 755/786/258 1153/927/142 757/926/347
f 756/928/348 741/809/270 734/778/256 820/921/342
f 1082/919/135 739/810/134 741/809/270 756/928/348
f 824/823/279 1158/857/92 708/911/335 707/929/11
f 750/824/280 824/823/279 707/929/11 710/930/11
f 825/789/413 750/824/280 710/930/11 817/931/11
f 821/790/261 825/789/413 817/931/11 712/901/11
f 822/835/287 821/790/261 712/901/11 714/881/11
f 823/836/288 822/835/287 714/881/11 716/859/11
f 826/799/266 823/836/288 716/859/11 718/829/11
f 730/932/1 1046/933/1 1078/800/52
f 720/805/11 1078/800/52 826/799/266 718/829/11
f 1158/857/92 789/934/126 787/909/126
f 722/808/269 698/733/1 1078/800/52 720/805/11
f 698/733/1 726/736/1 1078/800/52
f 1158/857/92 791/935/126 789/934/126
f 726/736/1 728/936/1 1078/800/52
f 728/936/1 730/932/1 1078/800/52
f 1158/857/92 793/937/126 791/935/126
f 1158/857/92 1125/938/126 793/937/126
f 774/939/436 940/940/6 942/894/6 776/893/426
f 765/941/126 763/942/126 796/943/349 797/944/350
f 818/945/437 878/946/240 874/947/240 709/948/438
f 1396/949/439 742/950/440 906/951/441 1413/952/442
f 702/953/153 704/954/153 827/955/355 798/956/356
f 704/954/153 706/957/153 801/958/357 827/955/355
f 706/957/153 708/911/335 830/959/358 801/958/357
f 821/790/261 822/835/287 1002/838/290 1003/791/262
f 817/931/11 877/960/11 875/902/11 712/901/11
f 1403/961/443 1394/962/444 700/963/445 795/964/446
f 795/964/446 700/963/445 702/953/153 798/956/356
f 803/912/430 759/765/409 1405/768/412 1404/965/447
f 799/966/448 828/967/363 831/968/364 804/969/449
f 828/967/363 802/970/366 805/906/429 831/968/364
f 802/970/366 829/971/367 832/903/331 805/906/429
f 829/971/367 800/972/368 803/912/430 832/903/331
f 804/969/449 1403/961/443 795/964/446 799/966/448
f 1396/949/439 770/973/450 772/974/451
f 731/877/316 715/852/240 713/876/240 746/878/317
f 1396/949/439 1402/975/452 770/973/450
f 1396/949/439 772/974/451 774/939/436
f 746/878/317 713/876/240 711/896/240 737/853/301
f 748/854/423 818/945/437 709/948/438 1395/976/453
f 1395/976/453 703/977/454 701/978/455
f 709/948/438 705/979/456 703/977/454 1395/976/453
f 1395/976/453 701/978/455 699/980/457
f 744/898/328 735/897/327 719/796/240 717/818/240
f 1396/949/439 774/939/436 776/893/426 723/749/399
f 1395/976/453 699/980/457 1393/981/458
f 735/897/327 742/950/440 721/752/400 719/796/240
f 737/853/301 711/896/240 818/945/437 748/854/423
f 731/877/316 744/898/328 717/818/240 715/852/240
f 742/950/440 1396/949/439 723/749/399 721/752/400
f 804/969/449 980/982/459 1424/983/460 1403/961/443
f 740/925/346 732/923/344 911/984/344 904/985/373
f 773/908/7 941/907/8 939/986/8 771/987/7
f 831/968/364 978/988/461 980/982/459 804/969/449
f 805/906/429 979/905/428 978/988/461 831/968/364
f 833/864/308 811/839/291 727/989/36 725/990/36
f 814/737/234 786/769/6 1116/772/6 1149/783/37
f 835/886/323 809/865/309 814/737/234 837/740/237
f 812/883/320 835/886/323 837/740/237 816/773/251
f 834/834/286 812/883/320 816/773/251 838/776/254
f 808/831/283 834/834/286 838/776/254 815/753/241
f 807/842/294 808/831/283 815/753/241 1148/756/14
f 729/991/36 807/842/294 1148/756/14 1045/992/36
f 727/989/36 811/839/291 807/842/294 729/991/36
f 809/865/309 784/803/6 786/769/6 814/737/234
f 806/868/312 782/827/6 784/803/6 809/865/309
f 697/993/36 813/861/305 833/864/308 725/990/36
f 724/781/36 836/822/278 813/861/305 697/993/36
f 780/744/6 782/827/6 806/868/312 810/819/275
f 724/781/36 778/741/6 780/744/6 810/819/275 836/822/278
f 723/749/399 776/893/426 778/741/6 724/781/36
f 739/810/134 1073/918/133 1271/994/183 918/811/271
f 800/972/368 761/995/126 759/765/409 803/912/430
f 796/943/349 763/942/126 761/995/126 800/972/368
f 708/911/335 767/910/126 765/941/126 797/944/350 830/959/358
f 772/974/451 938/996/6 940/940/6 774/939/436
f 788/997/184 846/998/185 845/999/185 768/1000/184
f 754/814/416 839/847/299 745/889/324 733/870/314
f 768/1000/184 845/999/185 844/1001/185 766/1002/184
f 1399/757/401 749/843/419 1398/1003/462
f 839/847/299 752/761/405 736/890/425 745/889/324
f 753/760/404 738/844/420 749/843/419 1399/757/401
f 747/869/313 738/844/420 753/760/404 840/798/265
f 840/798/265 754/814/416 733/870/314 747/869/313
f 1397/915/433 743/914/432 1406/764/408
f 766/1002/184 844/1001/185 843/1004/185 764/1005/184
f 743/914/432 736/890/425 752/761/405 1406/764/408
f 1126/1006/184 1191/1007/185 849/1008/185 794/1009/184
f 764/1005/184 843/1004/185 842/1010/185 762/1011/184
f 794/1009/184 849/1008/185 848/1012/185 792/1013/184
f 762/1011/184 842/1010/185 841/1014/185 760/1015/463
f 792/1013/184 848/1012/185 847/1016/185 790/1017/184
f 790/1017/184 847/1016/185 846/998/185 788/997/184
f 760/1015/463 841/1014/185 1407/1018/185 1400/1019/464
f 775/888/7 853/1020/189 854/1021/189 777/874/7
f 785/748/7 858/1022/189 1202/1023/189 1115/745/7
f 773/908/7 852/1024/189 853/1020/189 775/888/7
f 783/794/7 857/1025/189 858/1022/189 785/748/7
f 771/987/7 851/1026/189 852/1024/189 773/908/7
f 769/1027/465 850/1028/189 851/1026/189 771/987/7
f 781/816/7 856/1029/189 857/1025/189 783/794/7
f 1401/1030/466 1408/1031/189 850/1028/189 769/1027/465
f 779/850/7 855/1032/189 856/1029/189 781/816/7
f 777/874/7 854/1021/189 855/1032/189 779/850/7
f 860/782/36 859/1033/36 862/734/1 861/807/268
f 1410/1034/467 864/1035/468 863/1036/469 1409/1037/470
f 864/1035/468 866/1038/196 865/1039/153 863/1036/469
f 866/1038/196 868/1040/196 867/1041/153 865/1039/153
f 868/1040/196 870/1042/376 869/1043/153 867/1041/153
f 870/1042/376 872/1044/11 871/1045/377 869/1043/153
f 870/1042/376 874/947/240 873/1046/11 872/1044/11
f 878/946/240 876/895/240 875/902/11 877/960/11
f 876/895/240 880/875/240 879/882/11 875/902/11
f 880/875/240 882/851/240 881/860/11 879/882/11
f 882/851/240 884/817/240 883/830/11 881/860/11
f 884/817/240 886/795/240 885/806/11 883/830/11
f 886/795/240 887/751/240 861/807/268 885/806/11
f 887/751/240 888/750/239 860/782/36 861/807/268
f 859/1033/36 890/1047/36 889/735/1 862/734/1
f 890/1047/36 892/1048/36 891/1049/1 889/735/1
f 892/1048/36 894/1050/36 893/1051/1 891/1049/1
f 894/1050/36 1242/1052/36 1241/1053/1 893/1051/1
f 902/1054/378 1382/1055/201 1287/1056/201 925/1057/379
f 906/951/441 908/917/435 1414/916/434 1413/952/442
f 912/879/318 914/872/313 900/871/315 897/880/319
f 924/1058/380 1286/1059/201 1243/1060/204 895/1061/381
f 896/899/329 899/892/324 909/891/326 907/900/330
f 898/855/424 901/846/421 915/845/297 913/856/304
f 1275/801/51 1274/788/40 905/787/259 1004/802/267
f 1005/837/289 904/985/373 911/984/344 1002/838/290
f 1003/791/262 910/780/257 917/779/256 1006/792/263
f 919/825/281 916/812/272 918/811/271 1007/826/282
f 907/900/330 909/891/326 908/917/435 906/951/441
f 897/880/319 900/871/315 899/892/324 896/899/329
f 913/856/304 915/845/297 914/872/313 912/879/318
f 1411/1062/471 1412/1063/472 901/846/421 898/855/424
f 1004/802/267 905/787/259 904/985/373 1005/837/289
f 1006/792/263 917/779/256 916/812/272 919/825/281
f 1002/838/290 911/984/344 910/780/257 1003/791/262
f 922/848/422 1417/1064/473 1428/763/407 1008/762/406
f 920/797/414 1416/1065/474 1418/1066/475 923/813/415
f 1007/826/282 918/811/271 1271/994/183 1389/858/93
f 1427/767/411 927/766/410 926/1067/476 1419/1068/477
f 927/766/410 929/1069/126 928/1070/52 926/1067/476
f 929/1069/126 931/1071/126 930/1072/52 928/1070/52
f 931/1071/126 933/1073/126 932/1074/52 930/1072/52
f 933/1073/126 934/1075/126 935/1076/52 932/1074/52
f 1421/1077/478 937/1078/479 936/1079/480 1420/1080/481
f 937/1078/479 939/986/8 938/996/6 936/1079/480
f 939/986/8 941/907/8 940/940/6 938/996/6
f 941/907/8 943/887/8 942/894/6 940/940/6
f 943/887/8 944/873/8 945/742/6 942/894/6
f 944/873/8 947/849/8 946/743/6 945/742/6
f 947/849/8 949/815/8 948/828/6 946/743/6
f 949/815/8 951/793/8 950/804/6 948/828/6
f 951/793/8 953/747/8 952/770/6 950/804/6
f 953/747/8 1319/746/8 1320/771/6 952/770/6
f 934/1075/126 955/1081/126 954/1082/52 935/1076/52
f 955/1081/126 957/1083/126 956/1084/52 954/1082/52
f 957/1083/126 959/1085/126 958/1086/52 956/1084/52
f 959/1085/126 961/1087/126 960/1088/52 958/1086/52
f 961/1087/126 1329/1089/126 1330/1090/52 960/1088/52
f 973/1091/482 964/1092/385 963/1093/386 962/1094/201
f 975/1095/483 968/1096/484 967/1097/389 971/1098/201
f 969/1099/390 976/1100/391 972/1101/201 962/1094/201
f 965/1102/485 974/1103/393 972/1101/201 971/1098/201
f 981/904/427 977/913/431 1423/1104/486 1422/1105/487
f 978/988/461 979/905/428 1426/1106/488 1425/1107/489
f 995/833/418 984/832/417 983/841/293 982/1108/201
f 996/821/277 987/820/276 988/867/311 992/1109/201
f 990/863/307 991/862/306 993/1110/201 982/1108/201
f 985/885/322 986/884/321 993/1110/201 992/1109/201
f 1001/739/398 997/738/235 1374/784/38 1371/1111/201
f 998/775/253 999/774/252 1372/1112/201 1379/1113/201
f 874/947/240 878/946/240 877/960/11 873/1046/11
f 903/1114/395 1381/1115/231 1382/1055/201 902/1054/378
f 925/1057/379 1287/1056/201 1286/1059/201 924/1058/380
f 966/1116/396 965/1102/485 971/1098/201 967/1097/389
f 976/1100/391 975/1095/483 971/1098/201 972/1101/201
f 970/1117/397 969/1099/390 962/1094/201 963/1093/386
f 974/1103/393 973/1091/482 962/1094/201 972/1101/201
f 980/982/459 978/988/461 1425/1107/489 1424/983/460
f 979/905/428 981/904/427 1422/1105/487 1426/1106/488
f 994/840/292 990/863/307 982/1108/201 983/841/293
f 986/884/321 995/833/418 982/1108/201 993/1110/201
f 989/866/310 985/885/322 992/1109/201 988/867/311
f 991/862/306 996/821/277 992/1109/201 993/1110/201
f 999/774/252 1001/739/398 1371/1111/201 1372/1112/201
f 1000/754/242 998/775/253 1379/1113/201 1377/755/15
f 923/813/415 1418/1066/475 1417/1064/473 922/848/422
f 921/759/403 1415/758/402 1416/1065/474 920/797/414
f 754/814/416 923/813/415 922/848/422 839/847/299
f 725/990/36 890/1047/36 859/1033/36 697/993/36
f 787/909/126 955/1081/126 934/1075/126 767/910/126
f 726/736/1 889/735/1 891/1049/1 728/936/1
f 788/997/184 954/1082/52 956/1084/52 790/1017/184
f 758/922/343 925/1057/379 924/1058/380 820/921/342
f 1153/927/142 1381/1115/231 903/1114/395 757/926/347
f 727/989/36 892/1048/36 890/1047/36 725/990/36
f 789/934/126 957/1083/126 955/1081/126 787/909/126
f 728/936/1 891/1049/1 893/1051/1 730/932/1
f 790/1017/184 956/1084/52 958/1086/52 792/1013/184
f 729/991/36 894/1050/36 892/1048/36 727/989/36
f 791/935/126 959/1085/126 957/1083/126 789/934/126
f 697/993/36 859/1033/36 860/782/36 724/781/36
f 1400/1019/464 1419/1068/477 926/1067/476 760/1015/463
f 833/864/308 990/863/307 994/840/292 811/839/291
f 722/808/269 861/807/268 862/734/1 698/733/1
f 834/834/286 995/833/418 986/884/321 812/883/320
f 730/932/1 893/1051/1 1241/1053/1 1046/933/1
f 792/1013/184 958/1086/52 960/1088/52 794/1009/184
f 760/1015/463 926/1067/476 928/1070/52 762/1011/184
f 1045/992/36 1242/1052/36 894/1050/36 729/991/36
f 793/937/126 961/1087/126 959/1085/126 791/935/126
f 761/995/126 929/1069/126 927/766/410 759/765/409
f 756/928/348 895/1061/381 1243/1060/204 1082/919/135
f 710/930/11 873/1046/11 877/960/11 817/931/11
f 835/886/323 985/885/322 989/866/310 809/865/309
f 744/898/328 731/877/316 897/880/319 896/899/329
f 794/1009/184 960/1088/52 1330/1090/52 1126/1006/184
f 1394/962/444 1409/1037/470 863/1036/469 700/963/445
f 762/1011/184 928/1070/52 930/1072/52 764/1005/184
f 711/896/240 876/895/240 878/946/240 818/945/437
f 748/854/423 1395/976/453 1411/1062/471 898/855/424
f 1125/938/126 1329/1089/126 961/1087/126 793/937/126
f 699/980/457 864/1035/468 1410/1034/467 1393/981/458
f 763/942/126 931/1071/126 929/1069/126 761/995/126
f 836/822/278 996/821/277 991/862/306 813/861/305
f 733/870/314 745/889/324 899/892/324 900/871/315
f 768/1000/184 935/1076/52 954/1082/52 788/997/184
f 819/924/345 902/1054/378 925/1057/379 758/922/343
f 1398/1003/462 749/843/419 901/846/421 1412/1063/472
f 801/958/357 974/1103/393 965/1102/485 827/955/355
f 700/963/445 863/1036/469 865/1039/153 702/953/153
f 764/1005/184 930/1072/52 932/1074/52 766/1002/184
f 757/926/347 903/1114/395 902/1054/378 819/924/345
f 796/943/349 963/1093/386 964/1092/385 797/944/350
f 701/978/455 866/1038/196 864/1035/468 699/980/457
f 765/941/126 933/1073/126 931/1071/126 763/942/126
f 827/955/355 965/1102/485 966/1116/396 798/956/356
f 799/966/448 968/1096/484 975/1095/483 828/967/363
f 820/921/342 924/1058/380 895/1061/381 756/928/348
f 837/740/237 1001/739/398 999/774/252 816/773/251
f 795/964/446 967/1097/389 968/1096/484 799/966/448
f 702/953/153 865/1039/153 867/1041/153 704/954/153
f 766/1002/184 932/1074/52 935/1076/52 768/1000/184
f 798/956/356 966/1116/396 967/1097/389 795/964/446
f 703/977/454 868/1040/196 866/1038/196 701/978/455
f 767/910/126 934/1075/126 933/1073/126 765/941/126
f 838/776/254 998/775/253 1000/754/242 815/753/241
f 755/786/258 740/925/346 904/985/373 905/787/259
f 829/971/367 969/1099/390 970/1117/397 800/972/368
f 742/950/440 735/897/327 907/900/330 906/951/441
f 802/970/366 976/1100/391 969/1099/390 829/971/367
f 704/954/153 867/1041/153 869/1043/153 706/957/153
f 736/890/425 743/914/432 908/917/435 909/891/326
f 800/972/368 970/1117/397 963/1093/386 796/943/349
f 797/944/350 964/1092/385 973/1091/482 830/959/358
f 705/979/456 870/1042/376 868/1040/196 703/977/454
f 1402/975/452 1420/1080/481 936/1079/480 770/973/450
f 830/959/358 973/1091/482 974/1103/393 801/958/357
f 708/911/335 871/1045/377 872/1044/11 707/929/11
f 769/1027/465 937/1078/479 1421/1077/478 1401/1030/466
f 732/923/344 751/777/255 910/780/257 911/984/344
f 828/967/363 975/1095/483 976/1100/391 802/970/366
f 706/957/153 869/1043/153 871/1045/377 708/911/335
f 746/878/317 737/853/301 913/856/304 912/879/318
f 770/973/450 936/1079/480 938/996/6 772/974/451
f 738/844/420 747/869/313 914/872/313 915/845/297
f 771/987/7 939/986/8 937/1078/479 769/1027/465
f 707/929/11 872/1044/11 873/1046/11 710/930/11
f 734/778/256 741/809/270 916/812/272 917/779/256
f 1404/965/447 1423/1104/486 977/913/431 803/912/430
f 709/948/438 874/947/240 870/1042/376 705/979/456
f 1010/1118/1 1040/1119/1 1235/1120/1 1206/1121/1
f 1150/1122/2 1176/1123/3 1380/1124/490 1373/1125/5
f 1106/1126/6 1108/1127/6 1311/1128/6 1310/1129/6
f 1115/745/7 1113/1130/7 1318/1131/8 1319/746/8
f 1037/1132/491 1035/1133/11 1233/1134/11 1234/1135/12
f 1151/1136/492 1148/756/14 1377/755/15 1378/1137/16
f 1076/406/243 1075/1138/493 1277/1139/494 1278/407/244
f 1074/1140/495 1180/413/250 1392/412/249 1391/1141/496
f 1085/1142/126 1165/417/126 1390/416/126 1289/1143/126
f 1114/1144/6 1116/772/6 1320/771/6 1317/1145/6
f 1152/1146/29 1177/1147/30 1375/1148/31 1376/1149/32
f 1072/1150/33 1263/1151/34 1270/1152/35 1054/1153/35
f 1038/1154/36 1037/1132/491 1234/1135/12 1204/1155/36
f 1149/783/37 1150/1122/2 1373/1125/5 1374/784/38
f 1071/785/39 1274/788/40 1258/1156/41 1079/1157/42
f 1163/1158/497 1387/1159/44 1384/1160/45 1159/1161/46
f 1113/1130/7 1111/1162/7 1316/1163/8 1318/1131/8
f 1035/1133/11 1033/1164/11 1232/1165/11 1233/1134/11
f 1075/1138/493 1179/1166/498 1276/1167/499 1277/1139/494
f 1164/1168/49 1385/1169/50 1275/801/51 1078/800/52
f 1112/1170/6 1114/1144/6 1317/1145/6 1315/1171/6
f 1034/1172/240 1036/1173/54 1205/1174/55 1231/1175/240
f 1061/1176/56 1269/1177/57 1272/1178/58 1059/920/59
f 1179/1166/498 1077/1179/60 1281/1180/500 1276/1167/499
f 1111/1162/7 1109/1181/7 1314/1182/8 1316/1163/8
f 1033/1164/11 1031/1183/11 1230/1184/11 1232/1165/11
f 1144/1185/62 1175/1186/63 1370/1187/64 1361/1188/65
f 1162/1189/501 1388/1190/67 1273/1191/68 1070/1192/69
f 1110/1193/6 1112/1170/6 1315/1171/6 1313/1194/6
f 1032/1195/240 1034/1172/240 1231/1175/240 1229/1196/240
f 1142/1197/502 1173/1198/71 1369/1199/503 1358/1200/504
f 1160/1201/74 1383/1202/75 1386/1203/76 1161/1204/77
f 1145/1205/78 1141/1206/79 1357/1207/80 1368/1208/81
f 1069/1209/505 1251/1210/506 1268/1211/84 1058/1212/507
f 1178/1213/508 1074/1140/495 1391/1141/496 1280/1214/509
f 1109/1181/7 1107/1215/7 1312/1216/8 1314/1182/8
f 1031/1183/11 1029/1217/11 1228/1218/11 1230/1184/11
f 1057/1219/88 1266/1220/89 1247/1221/510 1068/1222/511
f 1158/857/92 1389/858/93 1388/1190/67 1162/1189/501
f 1108/1127/6 1110/1193/6 1313/1194/6 1311/1128/6
f 1030/1223/240 1032/1195/240 1229/1196/240 1227/1224/240
f 1147/1225/94 1172/1226/95 1364/1227/96 1365/1228/97
f 1143/1229/98 1140/1230/99 1362/1231/100 1363/1232/101
f 1067/1233/102 1267/1234/102 1250/1235/103 1052/1236/104
f 1070/1192/69 1273/1191/68 1387/1159/44 1163/1158/497
f 1107/1215/7 1105/1237/7 1309/1238/8 1312/1216/8
f 1029/1217/11 1027/1239/11 1226/1240/11 1228/1218/11
f 1140/1230/99 1144/1185/62 1361/1188/65 1362/1231/100
f 1049/1241/105 1246/1242/106 1265/1243/107 1066/1244/108
f 1028/1245/240 1030/1223/240 1227/1224/240 1225/1246/240
f 1146/1247/109 1174/1248/110 1359/1249/111 1360/1250/112
f 1105/1237/7 1103/1251/7 1308/1252/8 1309/1238/8
f 1141/1206/79 1142/1197/502 1358/1200/504 1357/1207/80
f 1065/1253/113 1249/1254/113 1262/1255/114 1056/1256/512
f 1161/1204/77 1386/1203/76 1385/1169/50 1164/1168/49
f 1104/1257/6 1106/1126/6 1310/1129/6 1307/1258/6
f 1027/1239/11 1025/1259/11 1222/1260/11 1226/1240/11
f 1055/1261/117 1260/1262/118 1245/1263/119 1064/1264/120
f 1026/1265/240 1028/1245/240 1225/1246/240 1221/1266/240
f 1171/1267/121 1139/1268/122 1350/1269/513 1355/1270/514
f 1103/1251/7 1101/1271/7 1306/1272/8 1308/1252/8
f 1158/857/92 1022/1273/125 1093/1274/126 1117/1275/126
f 1137/1276/515 1171/1267/121 1355/1270/514 1348/1277/516
f 1063/1278/517 1261/1279/518 1256/554/340 1051/553/339
f 1157/1280/136 1083/1281/137 1072/1150/33 1054/1153/35
f 1072/1150/33 1083/1281/137 1156/1282/138 1050/1283/139
f 1050/1283/139 1156/1282/138 1081/1284/140 1060/1285/141
f 1060/1285/141 1081/1284/140 1153/927/142 1079/1157/42
f 1080/1286/143 1157/1280/136 1054/1153/35 1061/1176/56
f 1082/919/135 1080/1286/143 1061/1176/56 1059/920/59
f 1162/1189/501 1021/1287/240 1022/1273/125 1158/857/92
f 1070/1192/69 1024/1288/240 1021/1287/240 1162/1189/501
f 1163/1158/497 1154/1289/240 1024/1288/240 1070/1192/69
f 1159/1161/46 1026/1265/240 1154/1289/240 1163/1158/497
f 1160/1201/74 1028/1245/240 1026/1265/240 1159/1161/46
f 1161/1204/77 1030/1223/240 1028/1245/240 1160/1201/74
f 1164/1168/49 1032/1195/240 1030/1223/240 1161/1204/77
f 1044/1290/1 1078/800/52 1046/933/1
f 1034/1172/240 1032/1195/240 1164/1168/49 1078/800/52
f 1158/857/92 1117/1275/126 1119/1291/126
f 1036/1173/54 1034/1172/240 1078/800/52 1010/1118/1
f 1010/1118/1 1078/800/52 1040/1119/1
f 1158/857/92 1119/1291/126 1121/1292/126
f 1040/1119/1 1078/800/52 1042/1293/1
f 1042/1293/1 1078/800/52 1044/1290/1
f 1158/857/92 1121/1292/126 1123/1294/126
f 1158/857/92 1123/1294/126 1125/938/126
f 1102/1295/6 1104/1257/6 1307/1258/6 1305/1296/6
f 1091/1297/126 1129/1298/145 1128/1299/146 1089/1300/126
f 1155/1301/11 1023/1302/11 1220/1303/11 1224/1304/11
f 1048/581/351 1255/584/354 1259/1305/519 1062/1306/520
f 1016/1307/153 1130/1308/154 1166/1309/155 1018/1310/153
f 1018/1310/153 1166/1309/155 1133/1311/156 1020/1312/153
f 1020/1312/153 1133/1311/156 1169/1313/157 1022/1273/125
f 1159/1161/46 1384/1160/45 1383/1202/75 1160/1201/74
f 1154/1289/240 1026/1265/240 1221/1266/240 1223/1314/240
f 1135/593/359 1127/1315/521 1014/1316/153 1012/594/153
f 1127/1315/521 1130/1308/154 1016/1307/153 1014/1316/153
f 1137/1276/515 1136/597/361 1165/417/126 1085/1142/126
f 1131/1317/522 1138/1318/523 1170/1319/165 1167/1320/166
f 1167/1320/166 1170/1319/165 1139/1268/122 1134/1321/167
f 1134/1321/167 1139/1268/122 1171/1267/121 1168/1322/168
f 1168/1322/168 1171/1267/121 1137/1276/515 1132/1323/169
f 1138/1318/523 1131/1317/522 1127/1315/521 1135/593/359
f 1048/581/351 1100/1324/6 1098/1325/6
f 1049/1241/105 1066/1244/108 1027/1239/11 1029/1217/11
f 1048/581/351 1098/1325/6 1096/607/6
f 1048/581/351 1102/1295/6 1100/1324/6
f 1066/1244/108 1057/1219/88 1025/1259/11 1027/1239/11
f 1068/1222/511 1047/608/369 1023/1302/11 1155/1301/11
f 1047/608/369 1015/1326/196 1017/1327/196
f 1023/1302/11 1047/608/369 1017/1327/196 1019/1328/524
f 1047/608/369 1013/1329/196 1015/1326/196
f 1064/1264/120 1031/1183/11 1033/1164/11 1055/1261/117
f 1048/581/351 1037/1132/491 1104/1257/6 1102/1295/6
f 1047/608/369 1011/613/196 1013/1329/196
f 1055/1261/117 1033/1164/11 1035/1133/11 1062/1306/520
f 1057/1219/88 1068/1222/511 1155/1301/11 1025/1259/11
f 1049/1241/105 1029/1217/11 1031/1183/11 1064/1264/120
f 1062/1306/520 1035/1133/11 1037/1132/491 1048/581/351
f 1138/1318/523 1135/593/359 1351/615/372 1352/1330/525
f 1060/1285/141 1257/1331/181 1264/1332/139 1050/1283/139
f 1101/1271/7 1099/1333/7 1304/1334/8 1306/1272/8
f 1170/1319/165 1138/1318/523 1352/1330/525 1349/1335/526
f 1139/1268/122 1170/1319/165 1349/1335/526 1350/1269/513
f 1172/1226/95 1039/1336/36 1041/1337/36 1145/1205/78
f 1150/1122/2 1149/783/37 1116/772/6 1114/1144/6
f 1174/1248/110 1176/1123/3 1150/1122/2 1143/1229/98
f 1146/1247/109 1152/1146/29 1176/1123/3 1174/1248/110
f 1173/1198/71 1177/1147/30 1152/1146/29 1146/1247/109
f 1142/1197/502 1151/1136/492 1177/1147/30 1173/1198/71
f 1141/1206/79 1148/756/14 1151/1136/492 1142/1197/502
f 1043/1338/36 1045/992/36 1148/756/14 1141/1206/79
f 1041/1337/36 1043/1338/36 1141/1206/79 1145/1205/78
f 1143/1229/98 1150/1122/2 1114/1144/6 1112/1170/6
f 1140/1230/99 1143/1229/98 1112/1170/6 1110/1193/6
f 1009/1339/36 1039/1336/36 1172/1226/95 1147/1225/94
f 1038/1154/36 1009/1339/36 1147/1225/94 1175/1186/63
f 1108/1127/6 1144/1185/62 1140/1230/99 1110/1193/6
f 1038/1154/36 1175/1186/63 1144/1185/62 1108/1127/6 1106/1126/6
f 1037/1132/491 1038/1154/36 1106/1126/6 1104/1257/6
f 1059/920/59 1272/1178/58 1271/994/183 1073/918/133
f 1132/1323/169 1137/1276/515 1085/1142/126 1087/1340/126
f 1128/1299/146 1132/1323/169 1087/1340/126 1089/1300/126
f 1022/1273/125 1169/1313/157 1129/1298/145 1091/1297/126 1093/1274/126
f 1100/1324/6 1102/1295/6 1305/1296/6 1303/1341/6
f 1118/1342/184 1094/1343/184 1186/1344/185 1187/1345/185
f 1077/1179/60 1052/1236/104 1065/1253/113 1178/1213/508
f 1094/1343/184 1092/1346/184 1185/1347/185 1186/1344/185
f 1076/406/243 1053/633/375 1069/1209/505
f 1178/1213/508 1065/1253/113 1056/1256/512 1074/1140/495
f 1075/1138/493 1076/406/243 1069/1209/505 1058/1212/507
f 1067/1233/102 1179/1166/498 1075/1138/493 1058/1212/507
f 1179/1166/498 1067/1233/102 1052/1236/104 1077/1179/60
f 1051/553/339 1180/413/250 1063/1278/517
f 1092/1346/184 1090/1348/184 1184/1349/185 1185/1347/185
f 1063/1278/517 1180/413/250 1074/1140/495 1056/1256/512
f 1126/1006/184 1124/1350/184 1190/1351/185 1191/1007/185
f 1090/1348/184 1088/1352/184 1183/1353/185 1184/1349/185
f 1124/1350/184 1122/1354/184 1189/1355/185 1190/1351/185
f 1088/1352/184 1086/1356/184 1182/1357/185 1183/1353/185
f 1122/1354/184 1120/1358/184 1188/1359/185 1189/1355/185
f 1120/1358/184 1118/1342/184 1187/1345/185 1188/1359/185
f 1086/1356/184 1084/647/184 1181/646/185 1182/1357/185
f 1103/1251/7 1105/1237/7 1197/1360/189 1196/1361/189
f 1113/1130/7 1115/745/7 1202/1023/189 1201/1362/189
f 1101/1271/7 1103/1251/7 1196/1361/189 1195/1363/189
f 1111/1162/7 1113/1130/7 1201/1362/189 1200/1364/189
f 1099/1333/7 1101/1271/7 1195/1363/189 1194/1365/189
f 1097/1366/7 1099/1333/7 1194/1365/189 1193/1367/189
f 1109/1181/7 1111/1162/7 1200/1364/189 1199/1368/189
f 1095/657/7 1097/1366/7 1193/1367/189 1192/658/189
f 1107/1215/7 1109/1181/7 1199/1368/189 1198/1369/189
f 1105/1237/7 1107/1215/7 1198/1369/189 1197/1360/189
f 1204/1155/36 1205/1174/55 1206/1121/1 1203/1370/36
f 1208/661/196 1207/664/153 1209/1371/153 1210/1372/196
f 1210/1372/196 1209/1371/153 1211/1373/153 1212/1374/196
f 1212/1374/196 1211/1373/153 1213/1375/153 1214/1376/196
f 1214/1376/196 1213/1375/153 1215/1377/153 1216/1378/197
f 1216/1378/197 1215/1377/153 1217/1379/198 1218/1380/240
f 1216/1378/197 1218/1380/240 1219/1381/240 1220/1303/11
f 1224/1304/11 1223/1314/240 1221/1266/240 1222/1260/11
f 1222/1260/11 1221/1266/240 1225/1246/240 1226/1240/11
f 1226/1240/11 1225/1246/240 1227/1224/240 1228/1218/11
f 1228/1218/11 1227/1224/240 1229/1196/240 1230/1184/11
f 1230/1184/11 1229/1196/240 1231/1175/240 1232/1165/11
f 1232/1165/11 1231/1175/240 1205/1174/55 1233/1134/11
f 1233/1134/11 1205/1174/55 1204/1155/36 1234/1135/12
f 1203/1370/36 1206/1121/1 1235/1120/1 1236/1382/36
f 1236/1382/36 1235/1120/1 1237/1383/1 1238/1384/36
f 1238/1384/36 1237/1383/1 1239/1385/1 1240/1386/36
f 1240/1386/36 1239/1385/1 1241/1053/1 1242/1052/36
f 1253/1387/199 1285/1388/200 1287/1056/201 1382/1055/201
f 1259/1305/519 1255/584/354 1256/554/340 1261/1279/518
f 1265/1243/107 1246/1242/106 1250/1235/103 1267/1234/102
f 1284/1389/202 1244/1390/203 1243/1060/204 1286/1059/201
f 1245/1263/119 1260/1262/118 1262/1255/114 1249/1254/113
f 1247/1221/510 1266/1220/89 1268/1211/84 1251/1210/506
f 1275/801/51 1385/1169/50 1258/1156/41 1274/788/40
f 1386/1203/76 1383/1202/75 1264/1332/139 1257/1331/181
f 1384/1160/45 1387/1159/44 1270/1152/35 1263/1151/34
f 1273/1191/68 1388/1190/67 1272/1178/58 1269/1177/57
f 1260/1262/118 1259/1305/519 1261/1279/518 1262/1255/114
f 1246/1242/106 1245/1263/119 1249/1254/113 1250/1235/103
f 1266/1220/89 1265/1243/107 1267/1234/102 1268/1211/84
f 1248/683/382 1247/1221/510 1251/1210/506 1252/684/383
f 1385/1169/50 1386/1203/76 1257/1331/181 1258/1156/41
f 1387/1159/44 1273/1191/68 1269/1177/57 1270/1152/35
f 1383/1202/75 1384/1160/45 1263/1151/34 1264/1332/139
f 1280/1214/509 1391/1141/496 1392/412/249 1282/685/201
f 1276/1167/499 1281/1180/500 1283/687/201 1279/686/201
f 1388/1190/67 1389/858/93 1271/994/183 1272/1178/58
f 1390/416/126 1290/689/52 1288/1391/52 1289/1143/126
f 1289/1143/126 1288/1391/52 1291/1392/52 1292/1393/126
f 1292/1393/126 1291/1392/52 1293/1394/52 1294/1395/126
f 1294/1395/126 1293/1394/52 1295/1396/52 1296/1397/126
f 1296/1397/126 1295/1396/52 1298/1398/52 1297/1399/126
f 1300/698/8 1299/701/6 1301/1400/6 1302/1401/8
f 1302/1401/8 1301/1400/6 1303/1341/6 1304/1334/8
f 1304/1334/8 1303/1341/6 1305/1296/6 1306/1272/8
f 1306/1272/8 1305/1296/6 1307/1258/6 1308/1252/8
f 1308/1252/8 1307/1258/6 1310/1129/6 1309/1238/8
f 1309/1238/8 1310/1129/6 1311/1128/6 1312/1216/8
f 1312/1216/8 1311/1128/6 1313/1194/6 1314/1182/8
f 1314/1182/8 1313/1194/6 1315/1171/6 1316/1163/8
f 1316/1163/8 1315/1171/6 1317/1145/6 1318/1131/8
f 1318/1131/8 1317/1145/6 1320/771/6 1319/746/8
f 1297/1399/126 1298/1398/52 1321/1402/52 1322/1403/126
f 1322/1403/126 1321/1402/52 1323/1404/52 1324/1405/126
f 1324/1405/126 1323/1404/52 1325/1406/52 1326/1407/126
f 1326/1407/126 1325/1406/52 1327/1408/52 1328/1409/126
f 1328/1409/126 1327/1408/52 1330/1090/52 1329/1089/126
f 1342/1410/527 1331/1411/201 1332/1412/217 1333/1413/218
f 1344/1414/219 1340/1415/201 1336/1416/220 1337/1417/221
f 1338/1418/222 1331/1411/201 1341/1419/201 1345/1420/223
f 1334/1421/224 1340/1415/201 1341/1419/201 1343/1422/225
f 1355/1270/514 1346/724/201 1347/723/394 1348/1277/516
f 1349/1335/526 1353/726/201 1354/725/201 1350/1269/513
f 1369/1199/503 1356/1423/201 1357/1207/80 1358/1200/504
f 1370/1187/64 1366/1424/201 1362/1231/100 1361/1188/65
f 1364/1227/96 1356/1423/201 1367/1425/201 1365/1228/97
f 1359/1249/111 1366/1424/201 1367/1425/201 1360/1250/112
f 1380/1124/490 1371/1111/201 1374/784/38 1373/1125/5
f 1375/1148/31 1379/1113/201 1372/1112/201 1376/1149/32
f 1220/1303/11 1219/1381/240 1223/1314/240 1224/1304/11
f 1254/1426/230 1253/1387/199 1382/1055/201 1381/1115/231
f 1285/1388/200 1284/1389/202 1286/1059/201 1287/1056/201
f 1335/1427/232 1336/1416/220 1340/1415/201 1334/1421/224
f 1345/1420/223 1341/1419/201 1340/1415/201 1344/1414/219
f 1339/1428/233 1332/1412/217 1331/1411/201 1338/1418/222
f 1343/1422/225 1341/1419/201 1331/1411/201 1342/1410/527
f 1352/1330/525 1351/615/372 1353/726/201 1349/1335/526
f 1350/1269/513 1354/725/201 1346/724/201 1355/1270/514
f 1368/1208/81 1357/1207/80 1356/1423/201 1364/1227/96
f 1360/1250/112 1367/1425/201 1356/1423/201 1369/1199/503
f 1363/1232/101 1362/1231/100 1366/1424/201 1359/1249/111
f 1365/1228/97 1367/1425/201 1366/1424/201 1370/1187/64
f 1376/1149/32 1372/1112/201 1371/1111/201 1380/1124/490
f 1378/1137/16 1377/755/15 1379/1113/201 1375/1148/31
f 1281/1180/500 1280/1214/509 1282/685/201 1283/687/201
f 1277/1139/494 1276/1167/499 1279/686/201 1278/407/244
f 1077/1179/60 1178/1213/508 1280/1214/509 1281/1180/500
f 1039/1336/36 1009/1339/36 1203/1370/36 1236/1382/36
f 1117/1275/126 1093/1274/126 1297/1399/126 1322/1403/126
f 1040/1119/1 1042/1293/1 1237/1383/1 1235/1120/1
f 1118/1342/184 1120/1358/184 1323/1404/52 1321/1402/52
f 1083/1281/137 1157/1280/136 1284/1389/202 1285/1388/200
f 1153/927/142 1081/1284/140 1254/1426/230 1381/1115/231
f 1041/1337/36 1039/1336/36 1236/1382/36 1238/1384/36
f 1119/1291/126 1117/1275/126 1322/1403/126 1324/1405/126
f 1042/1293/1 1044/1290/1 1239/1385/1 1237/1383/1
f 1120/1358/184 1122/1354/184 1325/1406/52 1323/1404/52
f 1043/1338/36 1041/1337/36 1238/1384/36 1240/1386/36
f 1121/1292/126 1119/1291/126 1324/1405/126 1326/1407/126
f 1009/1339/36 1038/1154/36 1204/1155/36 1203/1370/36
f 1084/647/184 1086/1356/184 1288/1391/52 1290/689/52
f 1172/1226/95 1145/1205/78 1368/1208/81 1364/1227/96
f 1036/1173/54 1010/1118/1 1206/1121/1 1205/1174/55
f 1173/1198/71 1146/1247/109 1360/1250/112 1369/1199/503
f 1044/1290/1 1046/933/1 1241/1053/1 1239/1385/1
f 1122/1354/184 1124/1350/184 1327/1408/52 1325/1406/52
f 1086/1356/184 1088/1352/184 1291/1392/52 1288/1391/52
f 1045/992/36 1043/1338/36 1240/1386/36 1242/1052/36
f 1123/1294/126 1121/1292/126 1326/1407/126 1328/1409/126
f 1087/1340/126 1085/1142/126 1289/1143/126 1292/1393/126
f 1080/1286/143 1082/919/135 1243/1060/204 1244/1390/203
f 1024/1288/240 1154/1289/240 1223/1314/240 1219/1381/240
f 1174/1248/110 1143/1229/98 1363/1232/101 1359/1249/111
f 1064/1264/120 1245/1263/119 1246/1242/106 1049/1241/105
f 1124/1350/184 1126/1006/184 1330/1090/52 1327/1408/52
f 1012/594/153 1014/1316/153 1209/1371/153 1207/664/153
f 1088/1352/184 1090/1348/184 1293/1394/52 1291/1392/52
f 1025/1259/11 1155/1301/11 1224/1304/11 1222/1260/11
f 1068/1222/511 1247/1221/510 1248/683/382 1047/608/369
f 1125/938/126 1123/1294/126 1328/1409/126 1329/1089/126
f 1013/1329/196 1011/613/196 1208/661/196 1210/1372/196
f 1089/1300/126 1087/1340/126 1292/1393/126 1294/1395/126
f 1175/1186/63 1147/1225/94 1365/1228/97 1370/1187/64
f 1052/1236/104 1250/1235/103 1249/1254/113 1065/1253/113
f 1094/1343/184 1118/1342/184 1321/1402/52 1298/1398/52
f 1156/1282/138 1083/1281/137 1285/1388/200 1253/1387/199
f 1053/633/375 1252/684/383 1251/1210/506 1069/1209/505
f 1133/1311/156 1166/1309/155 1334/1421/224 1343/1422/225
f 1014/1316/153 1016/1307/153 1211/1373/153 1209/1371/153
f 1090/1348/184 1092/1346/184 1295/1396/52 1293/1394/52
f 1081/1284/140 1156/1282/138 1253/1387/199 1254/1426/230
f 1128/1299/146 1129/1298/145 1333/1413/218 1332/1412/217
f 1015/1326/196 1013/1329/196 1210/1372/196 1212/1374/196
f 1091/1297/126 1089/1300/126 1294/1395/126 1296/1397/126
f 1166/1309/155 1130/1308/154 1335/1427/232 1334/1421/224
f 1131/1317/522 1167/1320/166 1344/1414/219 1337/1417/221
f 1157/1280/136 1080/1286/143 1244/1390/203 1284/1389/202
f 1176/1123/3 1152/1146/29 1376/1149/32 1380/1124/490
f 1127/1315/521 1131/1317/522 1337/1417/221 1336/1416/220
f 1016/1307/153 1018/1310/153 1213/1375/153 1211/1373/153
f 1092/1346/184 1094/1343/184 1298/1398/52 1295/1396/52
f 1130/1308/154 1127/1315/521 1336/1416/220 1335/1427/232
f 1017/1327/196 1015/1326/196 1212/1374/196 1214/1376/196
f 1093/1274/126 1091/1297/126 1296/1397/126 1297/1399/126
f 1177/1147/30 1151/1136/492 1378/1137/16 1375/1148/31
f 1079/1157/42 1258/1156/41 1257/1331/181 1060/1285/141
f 1168/1322/168 1132/1323/169 1339/1428/233 1338/1418/222
f 1062/1306/520 1259/1305/519 1260/1262/118 1055/1261/117
f 1134/1321/167 1168/1322/168 1338/1418/222 1345/1420/223
f 1018/1310/153 1020/1312/153 1215/1377/153 1213/1375/153
f 1056/1256/512 1262/1255/114 1261/1279/518 1063/1278/517
f 1132/1323/169 1128/1299/146 1332/1412/217 1339/1428/233
f 1129/1298/145 1169/1313/157 1342/1410/527 1333/1413/218
f 1019/1328/524 1017/1327/196 1214/1376/196 1216/1378/197
f 1096/607/6 1098/1325/6 1301/1400/6 1299/701/6
f 1169/1313/157 1133/1311/156 1343/1422/225 1342/1410/527
f 1022/1273/125 1021/1287/240 1218/1380/240 1217/1379/198
f 1097/1366/7 1095/657/7 1300/698/8 1302/1401/8
f 1050/1283/139 1264/1332/139 1263/1151/34 1072/1150/33
f 1167/1320/166 1134/1321/167 1345/1420/223 1344/1414/219
f 1020/1312/153 1022/1273/125 1217/1379/198 1215/1377/153
f 1066/1244/108 1265/1243/107 1266/1220/89 1057/1219/88
f 1098/1325/6 1100/1324/6 1303/1341/6 1301/1400/6
f 1058/1212/507 1268/1211/84 1267/1234/102 1067/1233/102
f 1099/1333/7 1097/1366/7 1302/1401/8 1304/1334/8
f 1021/1287/240 1024/1288/240 1219/1381/240 1218/1380/240
f 1054/1153/35 1270/1152/35 1269/1177/57 1061/1176/56
f 1136/597/361 1137/1276/515 1348/1277/516 1347/723/394
f 1023/1302/11 1019/1328/524 1216/1378/197 1220/1303/11
f 1079/1157/42 1153/927/142 755/786/258 1071/785/39
