# Blender v2.93.3 OBJ File: 'molduras1.blend'
# www.blender.org
mtllib lampara ave 6x6.mtl
o AVE.003_Plane.034
v 1.687313 1.757587 0.071181
v 1.676443 1.803466 0.071181
v 1.711554 1.870052 0.071181
v 1.691473 1.848735 0.071181
v 1.810450 1.841282 0.071181
v 1.783763 1.878645 0.071181
v 1.738278 1.890855 0.071181
v 1.766438 1.778253 0.071181
v 1.786070 1.793952 0.071181
v 1.741710 1.762947 0.071181
v 1.681412 1.826298 0.071181
v 1.801583 1.817360 0.071181
v 1.569839 1.919519 0.071181
v 1.578066 1.835214 0.071181
v 1.583533 1.862228 0.071181
v 1.561567 1.808199 0.071181
v 1.582598 1.890874 0.071181
v 1.655120 1.188533 0.071181
v 1.647463 1.288452 0.071181
v 1.604222 0.988699 0.071181
v 1.645897 1.088617 0.071181
v 1.607353 1.388368 0.071181
v 2.933562 0.761322 0.071181
v 2.895016 1.061075 0.071181
v 2.936691 1.160992 0.071181
v 2.893451 0.861240 0.071181
v 2.885794 0.961157 0.071181
v 2.879101 0.147959 0.071181
v 2.751489 0.147959 0.071181
v 2.618994 0.147959 0.071181
v 2.479525 0.147959 0.071181
v 2.344706 0.147959 0.071181
v 2.879101 0.000006 0.125881
v 2.751489 0.000006 0.125881
v 2.618994 0.000006 0.125881
v 2.479525 0.000006 0.125881
v 2.344707 0.000006 0.125881
v 2.207525 0.000006 0.125881
v 2.072667 0.000006 0.125881
v 1.940173 0.000006 0.125881
v 1.800705 0.000006 0.125881
v 1.665885 0.000006 0.125881
v 2.879101 2.128701 0.125883
v 2.751489 2.128701 0.125883
v 2.618994 2.128701 0.125883
v 2.479525 2.128701 0.125883
v 2.344707 2.128701 0.125883
v 2.207525 2.128701 0.125883
v 2.072667 2.128701 0.125883
v 1.940173 2.128701 0.125883
v 1.800705 2.128701 0.125883
v 1.665885 2.128701 0.125883
v 2.207524 1.980746 0.071181
v 2.072667 1.980746 0.071181
v 1.940173 1.980746 0.071181
v 1.800704 1.980746 0.071181
v 1.665885 1.980746 0.071181
v 2.160603 1.560828 0.071181
v 2.098526 1.479050 0.071181
v 2.036809 1.391276 0.071181
v 1.971842 1.298881 0.071181
v 1.909040 1.209568 0.071181
v 1.845137 1.118688 0.071181
v 1.782319 1.029348 0.071181
v 1.720601 0.941574 0.071181
v 1.592832 0.759865 0.071181
v 1.627437 1.562713 0.071181
v 1.764489 1.562231 0.071181
v 1.886665 1.561721 0.071181
v 2.025753 1.561229 0.071181
v 1.668041 1.671676 0.071181
v 1.844323 1.671030 0.071181
v 2.007794 1.670349 0.071181
v 2.186801 1.669691 0.071181
v 2.442381 0.657452 0.071181
v 2.914124 0.576777 0.071181
v 2.777072 0.576392 0.071181
v 2.654895 0.576126 0.071181
v 2.515805 0.575736 0.071181
v 2.874388 0.467560 0.071181
v 2.698105 0.467089 0.071181
v 2.534633 0.466734 0.071181
v 2.355625 0.466257 0.071181
v 2.300219 1.084985 0.071181
v 2.210403 1.263113 0.071181
v 2.139440 1.155903 0.071181
v 2.070843 1.052265 0.071181
v 1.999585 0.944608 0.071181
v 2.371181 1.192196 0.071181
v 2.300308 1.215665 0.071181
v 2.229346 1.108454 0.071181
v 2.160749 1.004818 0.071181
v 2.089491 0.897161 0.071181
v 2.231621 0.981348 0.071181
v 2.160363 0.873691 0.071181
v 2.461086 1.144748 0.071181
v 2.390124 1.037537 0.071181
v 2.321527 0.933901 0.071181
v 2.250269 0.826244 0.071181
v 2.851417 0.400366 0.071181
v 2.862287 0.354484 0.071181
v 2.827176 0.287899 0.071181
v 2.847257 0.309215 0.071181
v 2.728280 0.316670 0.071181
v 2.754967 0.279306 0.071181
v 2.800452 0.267097 0.071181
v 2.772293 0.379699 0.071181
v 2.752659 0.364000 0.071181
v 2.797020 0.395004 0.071181
v 2.857319 0.331653 0.071181
v 2.737148 0.340592 0.071181
v 2.968890 0.238434 0.071181
v 2.960663 0.322738 0.071181
v 2.955198 0.295723 0.071181
v 2.977163 0.349752 0.071181
v 2.956132 0.267078 0.071181
v 2.879101 0.000006 0.016481
v 2.751489 0.000006 0.016481
v 2.618994 0.000006 0.016481
v 2.479525 0.000006 0.016481
v 2.344707 0.000006 0.016481
v 2.207525 0.000006 0.016481
v 2.072667 0.000006 0.016481
v 1.940173 0.000006 0.016481
v 1.800705 0.000006 0.016481
v 1.665885 0.000006 0.016481
v 2.879101 2.128701 0.016483
v 2.751489 2.128701 0.016483
v 2.618994 2.128701 0.016483
v 2.479525 2.128701 0.016483
v 2.344707 2.128701 0.016483
v 2.207525 2.128701 0.016483
v 2.072667 2.128701 0.016483
v 1.940173 2.128701 0.016483
v 1.800705 2.128701 0.016483
v 1.665885 2.128701 0.016483
v 2.363076 1.669691 0.071181
v 2.249814 1.520398 0.071181
v 2.171949 1.409660 0.071181
v 2.089985 1.293094 0.071181
v 2.010754 1.180413 0.071181
v 1.930134 1.065757 0.071181
v 1.850881 0.953047 0.071181
v 1.773015 0.842308 0.071181
v 1.611820 0.613062 0.071181
v 2.072667 0.147959 0.071181
v 1.940173 0.147959 0.071181
v 1.800704 0.147959 0.071181
v 1.665885 0.147959 0.071181
v 2.879101 1.982214 0.071181
v 2.751489 1.982214 0.071181
v 2.618994 1.982214 0.071181
v 2.479525 1.982214 0.071181
v 2.344706 1.982214 0.071181
v 2.207524 0.147959 0.071181
v 2.380957 0.575283 0.071181
v 2.503400 0.745615 0.071181
v 2.567630 0.838419 0.071181
v 2.629720 0.928129 0.071181
v 2.692898 1.019412 0.071181
v 2.755005 1.109148 0.071181
v 2.816023 1.197311 0.071181
v 2.942344 1.379825 0.071181
v 2.163457 0.466257 0.071181
v 2.296245 0.649954 0.071181
v 2.374110 0.760690 0.071181
v 2.456073 0.877256 0.071181
v 2.535305 0.989938 0.071181
v 2.615925 1.104593 0.071181
v 2.695179 1.217305 0.071181
v 2.773043 1.328043 0.071181
v 2.934238 1.557289 0.071181
v 1.715262 1.792230 0.096936
v 1.695916 1.768248 0.096936
v 1.686869 1.806438 0.096936
v 1.716094 1.861864 0.096936
v 1.699379 1.844121 0.096936
v 1.798414 1.837915 0.096936
v 1.776199 1.869016 0.096936
v 1.738339 1.879180 0.096936
v 1.761778 1.785451 0.096936
v 1.778121 1.798519 0.096936
v 1.755404 1.842614 0.096936
v 1.734608 1.816211 0.096936
v 1.741196 1.772710 0.096936
v 1.691004 1.825443 0.096936
v 1.791033 1.818002 0.096936
v 1.570234 1.842492 0.096936
v 1.574221 1.862194 0.096936
v 1.558200 1.822790 0.096936
v 1.573538 1.883084 0.096936
v 1.564234 1.903974 0.096936
v 1.622432 1.102568 0.096936
v 1.630363 1.188485 0.096936
v 2.953520 0.786449 0.096936
v 2.919813 1.048578 0.096936
v 2.956258 1.135954 0.096936
v 2.918445 0.873825 0.096936
v 2.911748 0.961201 0.096936
v 1.586597 1.016653 0.096936
v 1.623778 1.274401 0.096936
v 1.589289 1.360318 0.096936
v 2.879101 0.129982 0.096936
v 2.879101 0.072686 0.096936
v 2.751489 0.129982 0.096936
v 2.618994 0.129982 0.096936
v 2.479525 0.129982 0.096936
v 2.344706 0.129982 0.096936
v 2.751489 0.072686 0.096936
v 2.618994 0.072686 0.096936
v 2.479525 0.072686 0.096936
v 2.344706 0.072686 0.096936
v 2.207524 0.072686 0.096936
v 1.940173 0.072686 0.096936
v 2.072667 0.072686 0.096936
v 1.800704 0.072686 0.096936
v 1.665885 0.072686 0.096936
v 2.207524 0.129982 0.096936
v 2.751489 2.061840 0.096936
v 2.879101 2.061840 0.096936
v 2.618994 2.061840 0.096936
v 2.479525 2.061840 0.096936
v 2.344706 2.061840 0.096936
v 2.207524 2.061840 0.096936
v 1.940173 2.061840 0.096936
v 2.072667 2.061840 0.096936
v 1.800704 2.061840 0.096936
v 1.665885 2.061840 0.096936
v 2.072667 1.993098 0.096936
v 1.940173 1.993098 0.096936
v 1.800704 1.993098 0.096936
v 1.665885 1.993098 0.096936
v 2.207524 1.993098 0.096936
v 2.344706 1.994178 0.096936
v 2.119447 1.479050 0.096936
v 2.200982 1.579169 0.096936
v 2.057729 1.391276 0.096936
v 1.992762 1.298881 0.096936
v 1.929960 1.209568 0.096936
v 1.866058 1.118688 0.096936
v 1.741521 0.941574 0.096936
v 1.803239 1.029348 0.096936
v 1.613752 0.759865 0.096936
v 1.764489 1.580108 0.096936
v 1.627437 1.580433 0.096936
v 1.886665 1.579768 0.096936
v 2.025753 1.579439 0.096936
v 1.668041 1.653428 0.096936
v 1.844323 1.652994 0.096936
v 2.007794 1.652538 0.096936
v 2.186801 1.652097 0.096936
v 2.342155 1.652097 0.096936
v 2.749178 0.558119 0.096936
v 2.886231 0.558376 0.096936
v 2.627001 0.557942 0.096936
v 2.487912 0.557682 0.096936
v 2.902283 0.485570 0.096936
v 2.725999 0.485256 0.096936
v 2.562528 0.485019 0.096936
v 2.383518 0.484701 0.096936
v 2.353064 0.557380 0.096936
v 2.082118 1.056249 0.096936
v 2.021006 0.963922 0.096936
v 2.242167 0.985075 0.096936
v 2.301628 1.074909 0.096936
v 2.140947 1.145130 0.096936
v 2.201805 1.237074 0.096936
v 2.320098 0.943947 0.096936
v 2.258331 0.850630 0.096936
v 2.363139 1.167839 0.096936
v 2.278908 1.196382 0.096936
v 2.218050 1.104437 0.096936
v 2.159221 1.015558 0.096936
v 2.098110 0.923231 0.096936
v 2.180400 0.891758 0.096936
v 2.441069 1.126711 0.096936
v 2.379559 1.033781 0.096936
v 2.822541 0.364574 0.096936
v 2.841121 0.387605 0.096936
v 2.849811 0.350928 0.096936
v 2.821743 0.297699 0.096936
v 2.837795 0.314739 0.096936
v 2.742684 0.320699 0.096936
v 2.764018 0.290830 0.096936
v 2.800379 0.281069 0.096936
v 2.777868 0.371084 0.096936
v 2.762173 0.358535 0.096936
v 2.783990 0.316187 0.096936
v 2.803962 0.341543 0.096936
v 2.797636 0.383320 0.096936
v 2.845839 0.332677 0.096936
v 2.749773 0.339822 0.096936
v 2.971212 0.244871 0.096936
v 2.963907 0.319724 0.096936
v 2.959054 0.295738 0.096936
v 2.959885 0.270303 0.096936
v 2.978557 0.343710 0.096936
v 1.989833 1.180413 0.096936
v 2.069065 1.293094 0.096936
v 2.151029 1.409660 0.096936
v 2.228894 1.520398 0.096936
v 1.909214 1.065757 0.096936
v 1.752095 0.842308 0.096936
v 1.829960 0.953047 0.096936
v 1.590900 0.613062 0.096936
v 1.940173 0.129982 0.096936
v 2.072667 0.129982 0.096936
v 1.800704 0.129982 0.096936
v 1.665885 0.129982 0.096936
v 2.751489 1.994178 0.096936
v 2.879101 1.994178 0.096936
v 2.618994 1.994178 0.096936
v 2.479525 1.994178 0.096936
v 2.539737 0.838419 0.096936
v 2.475506 0.745615 0.096936
v 2.601826 0.928129 0.096936
v 2.665004 1.019412 0.096936
v 2.788129 1.197311 0.096936
v 2.727111 1.109148 0.096936
v 2.914449 1.379825 0.096936
v 2.483968 0.877256 0.096936
v 2.563199 0.989938 0.096936
v 2.402004 0.760690 0.096936
v 2.324138 0.649954 0.096936
v 2.191351 0.484701 0.096936
v 2.643819 1.104593 0.096936
v 2.723072 1.217305 0.096936
v 2.800938 1.328043 0.096936
v 2.962132 1.557289 0.096936
v 2.414486 0.657452 0.096936
v 1.359166 1.757587 0.071181
v 1.370036 1.803466 0.071181
v 1.334925 1.870052 0.071181
v 1.355005 1.848735 0.071181
v 1.236029 1.841282 0.071181
v 1.262716 1.878645 0.071181
v 1.308201 1.890855 0.071181
v 1.280041 1.778253 0.071181
v 1.260409 1.793952 0.071181
v 1.304769 1.762947 0.071181
v 1.365068 1.826298 0.071181
v 1.244896 1.817360 0.071181
v 1.476639 1.919519 0.071181
v 1.468412 1.835214 0.071181
v 1.462946 1.862228 0.071181
v 1.523239 1.787307 0.071181
v 1.484912 1.808199 0.071181
v 1.463882 1.890874 0.071181
v 1.391358 1.188533 0.071181
v 1.399016 1.288452 0.071181
v 1.442257 0.988699 0.071181
v 1.400582 1.088617 0.071181
v 1.439126 1.388368 0.071181
v 1.523239 1.425701 0.071181
v 0.015106 0.723989 0.071182
v 0.098518 0.761322 0.071182
v 0.137062 1.061075 0.071182
v 0.095387 1.160992 0.071182
v 0.138627 0.861240 0.071182
v 0.146285 0.961157 0.071182
v 0.152978 0.147959 0.071182
v 0.280590 0.147959 0.071182
v 0.413085 0.147959 0.071182
v 0.552553 0.147959 0.071182
v 0.687371 0.147959 0.071182
v 0.152979 0.000006 0.125881
v 0.280590 0.000006 0.125881
v 0.413085 0.000006 0.125881
v 0.552554 0.000006 0.125881
v 0.687372 0.000006 0.125881
v 0.824554 0.000006 0.125881
v 0.973813 0.000006 0.125881
v 1.106307 0.000006 0.125881
v 1.245776 0.000006 0.125881
v 1.380595 0.000006 0.125881
v 1.523240 0.000006 0.125881
v 0.152979 2.128701 0.125883
v 0.280590 2.128701 0.125883
v 0.413085 2.128701 0.125883
v 0.552554 2.128701 0.125883
v 0.687372 2.128701 0.125883
v 0.824554 2.128701 0.125883
v 0.973813 2.128701 0.125883
v 1.106307 2.128701 0.125883
v 1.245776 2.128701 0.125883
v 1.380595 2.128701 0.125883
v 1.523240 2.128701 0.125883
v 0.824554 1.980746 0.071182
v 0.973812 1.980746 0.071182
v 1.106306 1.980746 0.071182
v 1.245775 1.980746 0.071182
v 1.380594 1.980746 0.071181
v 1.523239 1.980746 0.071181
v 0.885876 1.560828 0.071182
v 0.947952 1.479050 0.071182
v 1.009670 1.391276 0.071182
v 1.074637 1.298881 0.071182
v 1.137439 1.209568 0.071182
v 1.201341 1.118688 0.071182
v 1.264160 1.029348 0.071182
v 1.325879 0.941574 0.071181
v 1.453647 0.759865 0.071181
v 1.523239 0.667085 0.071181
v 0.016408 0.147959 0.071182
v 1.523239 1.563206 0.071181
v 1.419042 1.562713 0.071181
v 1.281990 1.562231 0.071182
v 1.159814 1.561721 0.071182
v 1.020726 1.561229 0.071182
v 1.523239 1.672335 0.071181
v 1.378438 1.671676 0.071181
v 1.202156 1.671030 0.071182
v 1.038685 1.670349 0.071182
v 0.845276 1.669691 0.071182
v 0.589697 0.657452 0.071182
v 0.012986 0.576950 0.071182
v 0.117953 0.576777 0.071182
v 0.255006 0.576392 0.071182
v 0.377183 0.576126 0.071182
v 0.516272 0.575736 0.071182
v 0.012792 0.467820 0.071182
v 0.157690 0.467560 0.071182
v 0.333974 0.467089 0.071182
v 0.497445 0.466734 0.071182
v 0.676452 0.466257 0.071182
v 0.016409 0.000006 0.125881
v 0.016409 2.128701 0.125883
v 0.731859 1.084985 0.071182
v 0.836076 1.263113 0.071182
v 0.907038 1.155903 0.071182
v 0.975635 1.052265 0.071182
v 1.046894 0.944608 0.071182
v 0.660897 1.192196 0.071182
v 0.731770 1.215665 0.071182
v 0.802732 1.108454 0.071182
v 0.885730 1.004818 0.071182
v 0.956988 0.897161 0.071182
v 0.814858 0.981348 0.071182
v 0.871714 0.873691 0.071182
v 0.570992 1.144748 0.071182
v 0.641954 1.037537 0.071182
v 0.710551 0.933901 0.071182
v 0.781809 0.826244 0.071182
v 1.523239 0.949970 0.071181
v 0.180662 0.400366 0.071182
v 0.169791 0.354484 0.071182
v 0.204902 0.287899 0.071182
v 0.184821 0.309215 0.071182
v 0.303798 0.316670 0.071182
v 0.277111 0.279306 0.071182
v 0.231626 0.267097 0.071182
v 0.259786 0.379699 0.071182
v 0.279418 0.364000 0.071182
v 0.235058 0.395004 0.071182
v 0.174759 0.331653 0.071182
v 0.294931 0.340592 0.071182
v 0.063188 0.238434 0.071182
v 0.016493 0.225834 0.071182
v 0.071414 0.322738 0.071182
v 0.076880 0.295723 0.071182
v 0.054915 0.349752 0.071182
v 0.075946 0.267078 0.071182
v 0.152979 0.000006 0.016481
v 0.280590 0.000006 0.016481
v 0.413085 0.000006 0.016481
v 0.552554 0.000006 0.016481
v 0.687372 0.000006 0.016481
v 0.824554 0.000006 0.016481
v 0.973813 0.000006 0.016481
v 1.106307 0.000006 0.016481
v 1.245776 0.000006 0.016481
v 1.380595 0.000006 0.016481
v 1.523240 0.000006 0.016481
v 0.152979 2.128701 0.016483
v 0.280590 2.128701 0.016483
v 0.413085 2.128701 0.016483
v 0.552554 2.128701 0.016483
v 0.687372 2.128701 0.016483
v 0.824554 2.128701 0.016483
v 0.973813 2.128701 0.016483
v 1.106307 2.128701 0.016483
v 1.245776 2.128701 0.016483
v 1.380595 2.128701 0.016483
v 1.523240 2.128701 0.016483
v 0.016409 0.000006 0.016481
v 0.016409 2.128701 0.016483
v 1.523239 1.932117 0.071181
v 0.016493 0.370644 0.071182
v 0.015106 1.199722 0.071182
v 0.669002 1.669691 0.071182
v 0.782264 1.520398 0.071182
v 0.860129 1.409660 0.071182
v 0.956494 1.293094 0.071182
v 1.035725 1.180413 0.071182
v 1.116345 1.065757 0.071182
v 1.195598 0.953047 0.071182
v 1.273463 0.842308 0.071182
v 1.434658 0.613062 0.071181
v 1.523239 0.496010 0.071181
v 0.973812 0.147959 0.071182
v 1.106306 0.147959 0.071182
v 1.245775 0.147959 0.071182
v 1.380594 0.147959 0.071181
v 1.523239 0.147959 0.071181
v 0.152978 1.982214 0.071182
v 0.280590 1.982214 0.071182
v 0.413085 1.982214 0.071182
v 0.552553 1.982214 0.071182
v 0.687371 1.982214 0.071182
v 0.016408 1.982214 0.071182
v 0.824554 0.147959 0.071182
v 0.651121 0.575283 0.071182
v 0.528678 0.745615 0.071182
v 0.464447 0.838419 0.071182
v 0.402359 0.928129 0.071182
v 0.339180 1.019412 0.071182
v 0.277073 1.109148 0.071182
v 0.216054 1.197311 0.071182
v 0.089734 1.379825 0.071182
v 0.013614 1.485469 0.071182
v 0.868621 0.466257 0.071182
v 0.735833 0.649954 0.071182
v 0.657968 0.760690 0.071182
v 0.576005 0.877256 0.071182
v 0.496774 0.989938 0.071182
v 0.416153 1.104593 0.071182
v 0.336900 1.217305 0.071182
v 0.259035 1.328043 0.071182
v 0.097839 1.557289 0.071182
v 0.013614 1.674342 0.071182
v 1.331217 1.792230 0.096936
v 1.350562 1.768248 0.096936
v 1.359610 1.806438 0.096936
v 1.330385 1.861864 0.096936
v 1.347099 1.844121 0.096936
v 1.248064 1.837915 0.096936
v 1.270279 1.869016 0.096936
v 1.308140 1.879180 0.096936
v 1.284700 1.785451 0.096936
v 1.268358 1.798519 0.096936
v 1.291075 1.842614 0.096936
v 1.311871 1.816211 0.096936
v 1.305283 1.772710 0.096936
v 1.355475 1.825443 0.096936
v 1.255445 1.818002 0.096936
v 1.523239 1.887928 0.096936
v 1.523239 1.862692 0.096936
v 1.476245 1.842492 0.096936
v 1.472259 1.862194 0.096936
v 1.523239 1.807554 0.096936
v 1.488278 1.822790 0.096936
v 1.523239 1.835123 0.096936
v 1.472941 1.883084 0.096936
v 1.482245 1.903974 0.096936
v 1.424046 1.102568 0.096936
v 1.523239 1.085617 0.096936
v 1.523239 0.983350 0.096936
v 1.416116 1.188485 0.096936
v 1.523239 1.187884 0.096936
v 0.021888 0.753803 0.096937
v 0.078559 0.786449 0.096937
v 0.112265 1.048578 0.096937
v 0.075820 1.135954 0.096937
v 0.113634 0.873825 0.096937
v 0.120331 0.961201 0.096937
v 0.021888 0.857807 0.096937
v 0.021888 0.961813 0.096937
v 0.021888 1.065817 0.096937
v 1.459881 1.016653 0.096936
v 1.523239 1.290151 0.096936
v 1.523239 1.392419 0.096936
v 1.422700 1.274401 0.096936
v 1.457190 1.360318 0.096936
v 0.152978 0.129982 0.096937
v 0.152978 0.072686 0.096937
v 0.280590 0.129982 0.096937
v 0.413085 0.129982 0.096937
v 0.552553 0.129982 0.096937
v 0.687371 0.129982 0.096937
v 0.280590 0.072686 0.096937
v 0.413085 0.072686 0.096937
v 0.552553 0.072686 0.096937
v 0.687371 0.072686 0.096937
v 0.824554 0.072686 0.096936
v 1.106306 0.072686 0.096936
v 0.973812 0.072686 0.096936
v 1.245775 0.072686 0.096936
v 1.380594 0.072686 0.096936
v 1.523239 0.072686 0.096936
v 0.824554 0.129982 0.096936
v 1.523239 1.993098 0.096936
v 1.523239 2.061840 0.096936
v 0.280590 2.061840 0.096937
v 0.152978 2.061840 0.096937
v 0.413085 2.061840 0.096937
v 0.552553 2.061840 0.096937
v 0.687371 2.061840 0.096937
v 0.824554 2.061840 0.096936
v 1.106306 2.061840 0.096936
v 0.973812 2.061840 0.096936
v 1.245775 2.061840 0.096936
v 1.380594 2.061840 0.096936
v 0.973812 1.993098 0.096936
v 1.106306 1.993098 0.096936
v 1.245775 1.993098 0.096936
v 1.380594 1.993098 0.096936
v 0.824554 1.993098 0.096936
v 0.687371 1.994178 0.096937
v 0.912630 1.479050 0.096936
v 0.831095 1.579169 0.096936
v 0.988750 1.391276 0.096936
v 1.053717 1.298881 0.096936
v 1.116519 1.209568 0.096936
v 1.180420 1.118688 0.096936
v 1.304958 0.941574 0.096936
v 1.243239 1.029348 0.096936
v 1.432726 0.759865 0.096936
v 1.523239 0.635952 0.096936
v 0.016408 0.129982 0.096937
v 0.016408 0.072686 0.096937
v 1.281990 1.580108 0.096936
v 1.419042 1.580433 0.096936
v 1.159814 1.579768 0.096936
v 1.006325 1.579439 0.096936
v 1.523239 1.580763 0.096936
v 1.378438 1.653428 0.096936
v 1.202156 1.652994 0.096936
v 1.038685 1.652538 0.096936
v 0.845276 1.652097 0.096936
v 1.523239 1.653869 0.096936
v 0.689922 1.652097 0.096937
v 0.282900 0.558119 0.096937
v 0.145847 0.558376 0.096937
v 0.405077 0.557942 0.096937
v 0.544166 0.557682 0.096937
v 0.012986 0.558491 0.096937
v 0.129795 0.485570 0.096937
v 0.306079 0.485256 0.096937
v 0.469550 0.485019 0.096937
v 0.648559 0.484701 0.096937
v 0.012986 0.485742 0.096937
v 0.679014 0.557380 0.096937
v 0.016408 2.061840 0.096937
v 0.964361 1.056249 0.096936
v 1.025473 0.963922 0.096936
v 0.789910 0.985075 0.096936
v 0.730449 1.074909 0.096937
v 0.905531 1.145130 0.096936
v 0.844674 1.237074 0.096936
v 0.711979 0.943947 0.096937
v 0.773747 0.850630 0.096936
v 0.668939 1.167839 0.096937
v 0.767571 1.196382 0.096936
v 0.828428 1.104437 0.096936
v 0.887257 1.015558 0.096936
v 0.948368 0.923231 0.096936
v 0.851678 0.891758 0.096936
v 0.591009 1.126711 0.096937
v 0.652519 1.033781 0.096937
v 0.209536 0.364574 0.096937
v 0.190957 0.387605 0.096937
v 0.182268 0.350928 0.096937
v 0.210336 0.297699 0.096937
v 0.194282 0.314739 0.096937
v 0.289394 0.320699 0.096937
v 0.268060 0.290830 0.096937
v 0.231699 0.281069 0.096937
v 0.254210 0.371084 0.096937
v 0.269905 0.358535 0.096937
v 0.248088 0.316187 0.096937
v 0.228116 0.341543 0.096937
v 0.234443 0.383320 0.096937
v 0.186239 0.332677 0.096937
v 0.282305 0.339822 0.096937
v 0.019406 0.264408 0.096937
v 0.019406 0.295132 0.096937
v 0.060866 0.244871 0.096937
v 0.019406 0.233684 0.096937
v 0.068171 0.319724 0.096937
v 0.073024 0.295738 0.096937
v 0.072194 0.270303 0.096937
v 0.053521 0.343710 0.096937
v 0.019406 0.328695 0.096937
v 1.523239 1.913164 0.096936
v 0.021888 1.169821 0.096937
v 1.056645 1.180413 0.096936
v 0.977414 1.293094 0.096936
v 0.019406 0.362259 0.096937
v 0.895451 1.409660 0.096936
v 0.803185 1.520398 0.096936
v 1.137265 1.065757 0.096936
v 1.294384 0.842308 0.096936
v 1.216519 0.953047 0.096936
v 1.455579 0.613062 0.096936
v 1.523239 0.520917 0.096936
v 1.106306 0.129982 0.096936
v 0.973812 0.129982 0.096936
v 1.245775 0.129982 0.096936
v 1.380594 0.129982 0.096936
v 1.523239 0.129982 0.096936
v 0.280590 1.994178 0.096937
v 0.152978 1.994178 0.096937
v 0.413085 1.994178 0.096937
v 0.552553 1.994178 0.096937
v 0.016408 1.994178 0.096937
v 0.492341 0.838419 0.096937
v 0.556571 0.745615 0.096937
v 0.430252 0.928129 0.096937
v 0.367074 1.019412 0.096937
v 0.243949 1.197311 0.096937
v 0.304968 1.109148 0.096937
v 0.117628 1.379825 0.096937
v 0.013614 1.522831 0.096937
v 0.548111 0.877256 0.096937
v 0.468879 0.989938 0.096937
v 0.630074 0.760690 0.096937
v 0.707939 0.649954 0.096937
v 0.840727 0.484701 0.096936
v 0.388259 1.104593 0.096937
v 0.309006 1.217305 0.096937
v 0.231141 1.328043 0.096937
v 0.069946 1.557289 0.096937
v 0.013614 1.634491 0.096937
v 0.617592 0.657452 0.096937
v 4.352852 1.757587 0.071181
v 4.363721 1.803466 0.071181
v 4.328611 1.870052 0.071181
v 4.348692 1.848735 0.071181
v 4.229715 1.841282 0.071181
v 4.256402 1.878645 0.071181
v 4.301887 1.890855 0.071181
v 4.273727 1.778253 0.071181
v 4.254094 1.793952 0.071181
v 4.298455 1.762947 0.071181
v 4.358754 1.826298 0.071181
v 4.238583 1.817360 0.071181
v 4.470325 1.919519 0.071181
v 4.462098 1.835214 0.071181
v 4.456633 1.862228 0.071181
v 4.478598 1.808199 0.071181
v 4.457568 1.890874 0.071181
v 4.385045 1.188533 0.071181
v 4.392702 1.288452 0.071181
v 4.435943 0.988699 0.071181
v 4.394268 1.088617 0.071181
v 4.432812 1.388368 0.071181
v 3.020083 0.723989 0.071181
v 3.106604 0.761322 0.071181
v 3.145149 1.061075 0.071181
v 3.103474 1.160992 0.071181
v 3.146714 0.861240 0.071181
v 3.154372 0.961157 0.071181
v 3.161065 0.147959 0.071181
v 3.288677 0.147959 0.071181
v 3.421171 0.147959 0.071181
v 3.560640 0.147959 0.071181
v 3.695459 0.147959 0.071181
v 3.161066 0.000006 0.125881
v 3.288677 0.000006 0.125881
v 3.421172 0.000006 0.125881
v 3.560640 0.000006 0.125881
v 3.695459 0.000006 0.125881
v 3.832641 0.000006 0.125881
v 3.967498 0.000006 0.125881
v 4.099993 0.000006 0.125881
v 4.239461 0.000006 0.125881
v 4.374280 0.000006 0.125881
v 3.161066 2.128701 0.125883
v 3.288677 2.128701 0.125883
v 3.421172 2.128701 0.125883
v 3.560640 2.128701 0.125883
v 3.695459 2.128701 0.125883
v 3.832641 2.128701 0.125883
v 3.967498 2.128701 0.125883
v 4.099993 2.128701 0.125883
v 4.239461 2.128701 0.125883
v 4.374280 2.128701 0.125883
v 3.832641 1.980746 0.071181
v 3.967498 1.980746 0.071181
v 4.099993 1.980746 0.071181
v 4.239461 1.980746 0.071181
v 4.374280 1.980746 0.071181
v 3.879562 1.560828 0.071181
v 3.941638 1.479050 0.071181
v 4.003356 1.391276 0.071181
v 4.068324 1.298881 0.071181
v 4.131125 1.209568 0.071181
v 4.195027 1.118688 0.071181
v 4.257845 1.029348 0.071181
v 4.319564 0.941574 0.071181
v 4.447333 0.759865 0.071181
v 3.020083 0.147959 0.071181
v 4.412729 1.562713 0.071181
v 4.275676 1.562231 0.071181
v 4.153501 1.561721 0.071181
v 4.014411 1.561229 0.071181
v 4.372124 1.671676 0.071181
v 4.195842 1.671030 0.071181
v 4.032371 1.670349 0.071181
v 3.853364 1.669691 0.071181
v 3.597785 0.657452 0.071181
v 3.020083 0.576950 0.071181
v 3.126041 0.576777 0.071181
v 3.263093 0.576392 0.071181
v 3.385270 0.576126 0.071181
v 3.524359 0.575736 0.071181
v 3.020083 0.467820 0.071181
v 3.165777 0.467560 0.071181
v 3.342061 0.467089 0.071181
v 3.505532 0.466734 0.071181
v 3.684541 0.466257 0.071181
v 3.020083 0.000006 0.125881
v 3.020083 2.128701 0.125883
v 3.739947 1.084985 0.071181
v 3.829762 1.263113 0.071181
v 3.900724 1.155903 0.071181
v 3.969321 1.052265 0.071181
v 4.040579 0.944608 0.071181
v 3.668984 1.192196 0.071181
v 3.739856 1.215665 0.071181
v 3.810819 1.108454 0.071181
v 3.879416 1.004818 0.071181
v 3.950674 0.897161 0.071181
v 3.808544 0.981348 0.071181
v 3.879802 0.873691 0.071181
v 3.579079 1.144748 0.071181
v 3.650041 1.037537 0.071181
v 3.718638 0.933901 0.071181
v 3.789896 0.826244 0.071181
v 3.188749 0.400366 0.071181
v 3.177879 0.354484 0.071181
v 3.212989 0.287899 0.071181
v 3.192909 0.309215 0.071181
v 3.311886 0.316670 0.071181
v 3.285198 0.279306 0.071181
v 3.239714 0.267097 0.071181
v 3.267873 0.379699 0.071181
v 3.287506 0.364000 0.071181
v 3.243145 0.395004 0.071181
v 3.182847 0.331653 0.071181
v 3.303018 0.340592 0.071181
v 3.071275 0.238434 0.071181
v 3.020083 0.225834 0.071181
v 3.079502 0.322738 0.071181
v 3.084968 0.295723 0.071181
v 3.063002 0.349752 0.071181
v 3.084032 0.267078 0.071181
v 3.161066 0.000006 0.016481
v 3.288677 0.000006 0.016481
v 3.421172 0.000006 0.016481
v 3.560640 0.000006 0.016481
v 3.695459 0.000006 0.016481
v 3.832641 0.000006 0.016481
v 3.967498 0.000006 0.016481
v 4.099993 0.000006 0.016481
v 4.239461 0.000006 0.016481
v 4.374280 0.000006 0.016481
v 3.161066 2.128701 0.016483
v 3.288677 2.128701 0.016483
v 3.421172 2.128701 0.016483
v 3.560640 2.128701 0.016483
v 3.695459 2.128701 0.016483
v 3.832641 2.128701 0.016483
v 3.967498 2.128701 0.016483
v 4.099993 2.128701 0.016483
v 4.239461 2.128701 0.016483
v 4.374280 2.128701 0.016483
v 3.020083 0.000006 0.016481
v 3.020083 2.128701 0.016483
v 3.020083 0.370644 0.071181
v 3.020083 1.199722 0.071181
v 3.677089 1.669691 0.071181
v 3.790351 1.520398 0.071181
v 3.868216 1.409660 0.071181
v 3.950180 1.293094 0.071181
v 4.029411 1.180413 0.071181
v 4.110031 1.065757 0.071181
v 4.189284 0.953047 0.071181
v 4.267149 0.842308 0.071181
v 4.428345 0.613062 0.071181
v 3.967498 0.147959 0.071181
v 4.099993 0.147959 0.071181
v 4.239461 0.147959 0.071181
v 4.374280 0.147959 0.071181
v 3.161065 1.982214 0.071181
v 3.288677 1.982214 0.071181
v 3.421171 1.982214 0.071181
v 3.560640 1.982214 0.071181
v 3.695459 1.982214 0.071181
v 3.020083 1.982214 0.071181
v 3.832641 0.147959 0.071181
v 3.659208 0.575283 0.071181
v 3.536765 0.745615 0.071181
v 3.472535 0.838419 0.071181
v 3.410445 0.928129 0.071181
v 3.347267 1.019412 0.071181
v 3.285161 1.109148 0.071181
v 3.224142 1.197311 0.071181
v 3.097821 1.379825 0.071181
v 3.020083 1.485469 0.071181
v 3.876708 0.466257 0.071181
v 3.743920 0.649954 0.071181
v 3.666055 0.760690 0.071181
v 3.584092 0.877256 0.071181
v 3.504861 0.989938 0.071181
v 3.424241 1.104593 0.071181
v 3.344987 1.217305 0.071181
v 3.267122 1.328043 0.071181
v 3.105927 1.557289 0.071181
v 3.020083 1.674342 0.071181
v 4.324903 1.792230 0.096936
v 4.344249 1.768248 0.096936
v 4.353297 1.806438 0.096936
v 4.324071 1.861864 0.096936
v 4.340786 1.844121 0.096936
v 4.241751 1.837915 0.096936
v 4.263965 1.869016 0.096936
v 4.301826 1.879180 0.096936
v 4.278387 1.785451 0.096936
v 4.262044 1.798519 0.096936
v 4.284761 1.842614 0.096936
v 4.305557 1.816211 0.096936
v 4.298970 1.772710 0.096936
v 4.349162 1.825443 0.096936
v 4.249132 1.818002 0.096936
v 4.469931 1.842492 0.096936
v 4.465945 1.862194 0.096936
v 4.481965 1.822790 0.096936
v 4.466627 1.883084 0.096936
v 4.475931 1.903974 0.096936
v 4.417733 1.102568 0.096936
v 4.409802 1.188485 0.096936
v 3.020083 0.753803 0.096936
v 3.086645 0.786449 0.096936
v 3.120351 1.048578 0.096936
v 3.083908 1.135954 0.096936
v 3.121721 0.873825 0.096936
v 3.128417 0.961201 0.096936
v 3.020083 0.857807 0.096936
v 3.020083 0.961813 0.096936
v 3.020083 1.065817 0.096936
v 4.453568 1.016653 0.096936
v 4.416387 1.274401 0.096936
v 4.450876 1.360318 0.096936
v 3.161065 0.129982 0.096936
v 3.161065 0.072686 0.096936
v 3.288677 0.129982 0.096936
v 3.421171 0.129982 0.096936
v 3.560640 0.129982 0.096936
v 3.695459 0.129982 0.096936
v 3.288677 0.072686 0.096936
v 3.421171 0.072686 0.096936
v 3.560640 0.072686 0.096936
v 3.695459 0.072686 0.096936
v 3.832641 0.072686 0.096936
v 4.099993 0.072686 0.096936
v 3.967498 0.072686 0.096936
v 4.239461 0.072686 0.096936
v 4.374280 0.072686 0.096936
v 3.832641 0.129982 0.096936
v 3.288677 2.061840 0.096936
v 3.161065 2.061840 0.096936
v 3.421171 2.061840 0.096936
v 3.560640 2.061840 0.096936
v 3.695459 2.061840 0.096936
v 3.832641 2.061840 0.096936
v 4.099993 2.061840 0.096936
v 3.967498 2.061840 0.096936
v 4.239461 2.061840 0.096936
v 4.374280 2.061840 0.096936
v 3.967498 1.993098 0.096936
v 4.099993 1.993098 0.096936
v 4.239461 1.993098 0.096936
v 4.374280 1.993098 0.096936
v 3.832641 1.993098 0.096936
v 3.695459 1.994178 0.096936
v 3.920718 1.479050 0.096936
v 3.839183 1.579169 0.096936
v 3.982436 1.391276 0.096936
v 4.047403 1.298881 0.096936
v 4.110204 1.209568 0.096936
v 4.174107 1.118688 0.096936
v 4.298644 0.941574 0.096936
v 4.236925 1.029348 0.096936
v 4.426412 0.759865 0.096936
v 3.020083 0.129982 0.096936
v 3.020083 0.072686 0.096936
v 4.275676 1.580108 0.096936
v 4.412729 1.580433 0.096936
v 4.153501 1.579768 0.096936
v 4.014411 1.579439 0.096936
v 4.372124 1.653428 0.096936
v 4.195842 1.652994 0.096936
v 4.032371 1.652538 0.096936
v 3.853364 1.652097 0.096936
v 3.698009 1.652097 0.096936
v 3.290987 0.558119 0.096936
v 3.153934 0.558376 0.096936
v 3.413164 0.557942 0.096936
v 3.552253 0.557682 0.096936
v 3.020083 0.558491 0.096936
v 3.137883 0.485570 0.096936
v 3.314167 0.485256 0.096936
v 3.477638 0.485019 0.096936
v 3.656646 0.484701 0.096936
v 3.020083 0.485742 0.096936
v 3.687102 0.557380 0.096936
v 3.020083 2.061840 0.096936
v 3.958047 1.056249 0.096936
v 4.019158 0.963922 0.096936
v 3.797998 0.985075 0.096936
v 3.738537 1.074909 0.096936
v 3.899218 1.145130 0.096936
v 3.838360 1.237074 0.096936
v 3.720067 0.943947 0.096936
v 3.781834 0.850630 0.096936
v 3.677027 1.167839 0.096936
v 3.761257 1.196382 0.096936
v 3.822115 1.104437 0.096936
v 3.880944 1.015558 0.096936
v 3.942055 0.923231 0.096936
v 3.859765 0.891758 0.096936
v 3.599096 1.126711 0.096936
v 3.660607 1.033781 0.096936
v 3.217623 0.364574 0.096936
v 3.199044 0.387605 0.096936
v 3.190355 0.350928 0.096936
v 3.218423 0.297699 0.096936
v 3.202370 0.314739 0.096936
v 3.297481 0.320699 0.096936
v 3.276147 0.290830 0.096936
v 3.239786 0.281069 0.096936
v 3.262297 0.371084 0.096936
v 3.277992 0.358535 0.096936
v 3.256175 0.316187 0.096936
v 3.236203 0.341543 0.096936
v 3.242530 0.383320 0.096936
v 3.194326 0.332677 0.096936
v 3.290392 0.339822 0.096936
v 3.020083 0.264408 0.096936
v 3.020083 0.295132 0.096936
v 3.068954 0.244871 0.096936
v 3.020083 0.233684 0.096936
v 3.076258 0.319724 0.096936
v 3.081111 0.295738 0.096936
v 3.080281 0.270303 0.096936
v 3.061608 0.343710 0.096936
v 3.020083 0.328695 0.096936
v 3.020083 1.169821 0.096936
v 4.050332 1.180413 0.096936
v 3.971100 1.293094 0.096936
v 3.020083 0.362259 0.096936
v 3.889137 1.409660 0.096936
v 3.811271 1.520398 0.096936
v 4.130951 1.065757 0.096936
v 4.288070 0.842308 0.096936
v 4.210205 0.953047 0.096936
v 4.449265 0.613062 0.096936
v 4.099993 0.129982 0.096936
v 3.967498 0.129982 0.096936
v 4.239461 0.129982 0.096936
v 4.374280 0.129982 0.096936
v 3.288677 1.994178 0.096936
v 3.161065 1.994178 0.096936
v 3.421171 1.994178 0.096936
v 3.560640 1.994178 0.096936
v 3.020083 1.994178 0.096936
v 3.500429 0.838419 0.096936
v 3.564659 0.745615 0.096936
v 3.438339 0.928129 0.096936
v 3.375161 1.019412 0.096936
v 3.252036 1.197311 0.096936
v 3.313054 1.109148 0.096936
v 3.125715 1.379825 0.096936
v 3.020083 1.522831 0.096936
v 3.556198 0.877256 0.096936
v 3.476966 0.989938 0.096936
v 3.638161 0.760690 0.096936
v 3.716026 0.649954 0.096936
v 3.848814 0.484701 0.096936
v 3.396347 1.104593 0.096936
v 3.317093 1.217305 0.096936
v 3.239228 1.328043 0.096936
v 3.078033 1.557289 0.096936
v 3.020083 1.634491 0.096936
v 3.625679 0.657452 0.096936
v 4.681000 1.757587 0.071181
v 4.670130 1.803466 0.071181
v 4.705240 1.870052 0.071181
v 4.685160 1.848735 0.071181
v 4.804137 1.841282 0.071181
v 4.777449 1.878645 0.071181
v 4.731965 1.890855 0.071181
v 4.760124 1.778253 0.071181
v 4.779757 1.793952 0.071181
v 4.735396 1.762947 0.071181
v 4.675097 1.826298 0.071181
v 4.795269 1.817360 0.071181
v 4.563526 1.919519 0.071181
v 4.571753 1.835214 0.071181
v 4.577219 1.862228 0.071181
v 4.516925 1.787307 0.071181
v 4.555253 1.808199 0.071181
v 4.576283 1.890874 0.071181
v 4.648807 1.188533 0.071181
v 4.641149 1.288452 0.071181
v 4.597908 0.988699 0.071181
v 4.639584 1.088617 0.071181
v 4.601038 1.388368 0.071181
v 4.516925 1.425701 0.071181
v 5.927247 0.761322 0.071181
v 5.888702 1.061075 0.071181
v 5.930377 1.160992 0.071181
v 5.887137 0.861240 0.071181
v 5.879479 0.961157 0.071181
v 5.872786 0.147959 0.071181
v 5.745174 0.147959 0.071181
v 5.612679 0.147959 0.071181
v 5.473211 0.147959 0.071181
v 5.338392 0.147959 0.071181
v 5.872786 0.000006 0.125881
v 5.745174 0.000006 0.125881
v 5.612679 0.000006 0.125881
v 5.473211 0.000006 0.125881
v 5.338392 0.000006 0.125881
v 5.201210 0.000006 0.125881
v 5.066353 0.000006 0.125881
v 4.933858 0.000006 0.125881
v 4.794390 0.000006 0.125881
v 4.659571 0.000006 0.125881
v 4.516925 0.000006 0.125881
v 5.872786 2.128701 0.125883
v 5.745174 2.128701 0.125883
v 5.612679 2.128701 0.125883
v 5.473211 2.128701 0.125883
v 5.338392 2.128701 0.125883
v 5.201210 2.128701 0.125883
v 5.066353 2.128701 0.125883
v 4.933858 2.128701 0.125883
v 4.794390 2.128701 0.125883
v 4.659571 2.128701 0.125883
v 4.516925 2.128701 0.125883
v 5.201210 1.980746 0.071181
v 5.066353 1.980746 0.071181
v 4.933858 1.980746 0.071181
v 4.794390 1.980746 0.071181
v 4.659571 1.980746 0.071181
v 4.516925 1.980746 0.071181
v 5.154288 1.560828 0.071181
v 5.092213 1.479050 0.071181
v 5.030494 1.391276 0.071181
v 4.965528 1.298881 0.071181
v 4.902726 1.209568 0.071181
v 4.838824 1.118688 0.071181
v 4.776005 1.029348 0.071181
v 4.714287 0.941574 0.071181
v 4.586518 0.759865 0.071181
v 4.516925 0.667085 0.071181
v 4.516925 1.563206 0.071181
v 4.621123 1.562713 0.071181
v 4.758175 1.562231 0.071181
v 4.880351 1.561721 0.071181
v 5.019439 1.561229 0.071181
v 4.516925 1.672335 0.071181
v 4.661727 1.671676 0.071181
v 4.838009 1.671030 0.071181
v 5.001481 1.670349 0.071181
v 5.180488 1.669691 0.071181
v 5.436067 0.657452 0.071181
v 5.907811 0.576777 0.071181
v 5.770758 0.576392 0.071181
v 5.648581 0.576126 0.071181
v 5.509492 0.575736 0.071181
v 5.868074 0.467560 0.071181
v 5.691791 0.467089 0.071181
v 5.528319 0.466734 0.071181
v 5.349311 0.466257 0.071181
v 5.293905 1.084985 0.071181
v 5.204089 1.263113 0.071181
v 5.133127 1.155903 0.071181
v 5.064529 1.052265 0.071181
v 4.993271 0.944608 0.071181
v 5.364867 1.192196 0.071181
v 5.293994 1.215665 0.071181
v 5.223032 1.108454 0.071181
v 5.154435 1.004818 0.071181
v 5.083177 0.897161 0.071181
v 5.225307 0.981348 0.071181
v 5.154049 0.873691 0.071181
v 5.454772 1.144748 0.071181
v 5.383810 1.037537 0.071181
v 5.315213 0.933901 0.071181
v 5.243955 0.826244 0.071181
v 4.516925 0.949970 0.071181
v 5.845103 0.400366 0.071181
v 5.855973 0.354484 0.071181
v 5.820862 0.287899 0.071181
v 5.840942 0.309215 0.071181
v 5.721966 0.316670 0.071181
v 5.748653 0.279306 0.071181
v 5.794137 0.267097 0.071181
v 5.765978 0.379699 0.071181
v 5.746345 0.364000 0.071181
v 5.790706 0.395004 0.071181
v 5.851005 0.331653 0.071181
v 5.730834 0.340592 0.071181
v 5.962576 0.238434 0.071181
v 5.954349 0.322738 0.071181
v 5.948884 0.295723 0.071181
v 5.970849 0.349752 0.071181
v 5.949819 0.267078 0.071181
v 5.872786 0.000006 0.016481
v 5.745174 0.000006 0.016481
v 5.612679 0.000006 0.016481
v 5.473211 0.000006 0.016481
v 5.338392 0.000006 0.016481
v 5.201210 0.000006 0.016481
v 5.066353 0.000006 0.016481
v 4.933858 0.000006 0.016481
v 4.794390 0.000006 0.016481
v 4.659571 0.000006 0.016481
v 4.516925 0.000006 0.016481
v 5.872786 2.128701 0.016483
v 5.745174 2.128701 0.016483
v 5.612679 2.128701 0.016483
v 5.473211 2.128701 0.016483
v 5.338392 2.128701 0.016483
v 5.201210 2.128701 0.016483
v 5.066353 2.128701 0.016483
v 4.933858 2.128701 0.016483
v 4.794390 2.128701 0.016483
v 4.659571 2.128701 0.016483
v 4.516925 2.128701 0.016483
v 4.516925 1.932117 0.071181
v 5.356762 1.669691 0.071181
v 5.243500 1.520398 0.071181
v 5.165635 1.409660 0.071181
v 5.083671 1.293094 0.071181
v 5.004440 1.180413 0.071181
v 4.923820 1.065757 0.071181
v 4.844566 0.953047 0.071181
v 4.766701 0.842308 0.071181
v 4.605506 0.613062 0.071181
v 4.516925 0.496010 0.071181
v 5.066353 0.147959 0.071181
v 4.933858 0.147959 0.071181
v 4.794390 0.147959 0.071181
v 4.659571 0.147959 0.071181
v 4.516925 0.147959 0.071181
v 5.872786 1.982214 0.071181
v 5.745174 1.982214 0.071181
v 5.612679 1.982214 0.071181
v 5.473211 1.982214 0.071181
v 5.338392 1.982214 0.071181
v 5.201210 0.147959 0.071181
v 5.374643 0.575283 0.071181
v 5.497086 0.745615 0.071181
v 5.561316 0.838419 0.071181
v 5.623406 0.928129 0.071181
v 5.686584 1.019412 0.071181
v 5.748690 1.109148 0.071181
v 5.809710 1.197311 0.071181
v 5.936029 1.379825 0.071181
v 5.157143 0.466257 0.071181
v 5.289930 0.649954 0.071181
v 5.367796 0.760690 0.071181
v 5.449759 0.877256 0.071181
v 5.528991 0.989938 0.071181
v 5.609610 1.104593 0.071181
v 5.688864 1.217305 0.071181
v 5.766729 1.328043 0.071181
v 5.927924 1.557289 0.071181
v 4.708948 1.792230 0.096936
v 4.689602 1.768248 0.096936
v 4.680555 1.806438 0.096936
v 4.709780 1.861864 0.096936
v 4.693065 1.844121 0.096936
v 4.792101 1.837915 0.096936
v 4.769886 1.869016 0.096936
v 4.732026 1.879180 0.096936
v 4.755465 1.785451 0.096936
v 4.771807 1.798519 0.096936
v 4.749090 1.842614 0.096936
v 4.728293 1.816211 0.096936
v 4.734882 1.772710 0.096936
v 4.684690 1.825443 0.096936
v 4.784719 1.818002 0.096936
v 4.516925 1.887928 0.096936
v 4.516925 1.862692 0.096936
v 4.563920 1.842492 0.096936
v 4.567906 1.862194 0.096936
v 4.516925 1.807554 0.096936
v 4.551887 1.822790 0.096936
v 4.516925 1.835123 0.096936
v 4.567225 1.883084 0.096936
v 4.557920 1.903974 0.096936
v 4.616118 1.102568 0.096936
v 4.516925 1.085617 0.096936
v 4.516925 0.983350 0.096936
v 4.624049 1.188485 0.096936
v 4.516925 1.187884 0.096936
v 5.947206 0.786449 0.096936
v 5.913499 1.048578 0.096936
v 5.949943 1.135954 0.096936
v 5.912130 0.873825 0.096936
v 5.905434 0.961201 0.096936
v 4.580284 1.016653 0.096936
v 4.516925 1.290151 0.096936
v 4.516925 1.392419 0.096936
v 4.617465 1.274401 0.096936
v 4.582975 1.360318 0.096936
v 5.872786 0.129982 0.096936
v 5.872786 0.072686 0.096936
v 5.745174 0.129982 0.096936
v 5.612679 0.129982 0.096936
v 5.473211 0.129982 0.096936
v 5.338392 0.129982 0.096936
v 5.745174 0.072686 0.096936
v 5.612679 0.072686 0.096936
v 5.473211 0.072686 0.096936
v 5.338392 0.072686 0.096936
v 5.201210 0.072686 0.096936
v 4.933858 0.072686 0.096936
v 5.066353 0.072686 0.096936
v 4.794390 0.072686 0.096936
v 4.659571 0.072686 0.096936
v 4.516925 0.072686 0.096936
v 5.201210 0.129982 0.096936
v 4.516925 1.993098 0.096936
v 4.516925 2.061840 0.096936
v 5.745174 2.061840 0.096936
v 5.872786 2.061840 0.096936
v 5.612679 2.061840 0.096936
v 5.473211 2.061840 0.096936
v 5.338392 2.061840 0.096936
v 5.201210 2.061840 0.096936
v 4.933858 2.061840 0.096936
v 5.066353 2.061840 0.096936
v 4.794390 2.061840 0.096936
v 4.659571 2.061840 0.096936
v 5.066353 1.993098 0.096936
v 4.933858 1.993098 0.096936
v 4.794390 1.993098 0.096936
v 4.659571 1.993098 0.096936
v 5.201210 1.993098 0.096936
v 5.338392 1.994178 0.096936
v 5.113133 1.479050 0.096936
v 5.194669 1.579169 0.096936
v 5.051415 1.391276 0.096936
v 4.986448 1.298881 0.096936
v 4.923647 1.209568 0.096936
v 4.859745 1.118688 0.096936
v 4.735207 0.941574 0.096936
v 4.796926 1.029348 0.096936
v 4.607439 0.759865 0.096936
v 4.516925 0.635952 0.096936
v 4.758175 1.580108 0.096936
v 4.621123 1.580433 0.096936
v 4.880351 1.579768 0.096936
v 5.019439 1.579439 0.096936
v 4.516925 1.580763 0.096936
v 4.661727 1.653428 0.096936
v 4.838009 1.652994 0.096936
v 5.001481 1.652538 0.096936
v 5.180488 1.652097 0.096936
v 4.516925 1.653869 0.096936
v 5.335842 1.652097 0.096936
v 5.742864 0.558119 0.096936
v 5.879916 0.558376 0.096936
v 5.620687 0.557942 0.096936
v 5.481598 0.557682 0.096936
v 5.895968 0.485570 0.096936
v 5.719685 0.485256 0.096936
v 5.556213 0.485019 0.096936
v 5.377204 0.484701 0.096936
v 5.346749 0.557380 0.096936
v 5.075804 1.056249 0.096936
v 5.014693 0.963922 0.096936
v 5.235853 0.985075 0.096936
v 5.295313 1.074909 0.096936
v 5.134633 1.145130 0.096936
v 5.195491 1.237074 0.096936
v 5.313784 0.943947 0.096936
v 5.252017 0.850630 0.096936
v 5.356824 1.167839 0.096936
v 5.272594 1.196382 0.096936
v 5.211736 1.104437 0.096936
v 5.152907 1.015558 0.096936
v 5.091796 0.923231 0.096936
v 5.174086 0.891758 0.096936
v 5.434755 1.126711 0.096936
v 5.373244 1.033781 0.096936
v 5.816228 0.364574 0.096936
v 5.834807 0.387605 0.096936
v 5.843496 0.350928 0.096936
v 5.815428 0.297699 0.096936
v 5.831481 0.314739 0.096936
v 5.736370 0.320699 0.096936
v 5.757704 0.290830 0.096936
v 5.794065 0.281069 0.096936
v 5.771554 0.371084 0.096936
v 5.755859 0.358535 0.096936
v 5.777676 0.316187 0.096936
v 5.797648 0.341543 0.096936
v 5.791321 0.383320 0.096936
v 5.839525 0.332677 0.096936
v 5.743459 0.339822 0.096936
v 5.964898 0.244871 0.096936
v 5.957593 0.319724 0.096936
v 5.952740 0.295738 0.096936
v 5.953571 0.270303 0.096936
v 5.972243 0.343710 0.096936
v 4.516925 1.913164 0.096936
v 4.983520 1.180413 0.096936
v 5.062751 1.293094 0.096936
v 5.144714 1.409660 0.096936
v 5.222579 1.520398 0.096936
v 4.902900 1.065757 0.096936
v 4.745781 0.842308 0.096936
v 4.823646 0.953047 0.096936
v 4.584586 0.613062 0.096936
v 4.516925 0.520917 0.096936
v 4.933858 0.129982 0.096936
v 5.066353 0.129982 0.096936
v 4.794390 0.129982 0.096936
v 4.659571 0.129982 0.096936
v 4.516925 0.129982 0.096936
v 5.745174 1.994178 0.096936
v 5.872786 1.994178 0.096936
v 5.612679 1.994178 0.096936
v 5.473211 1.994178 0.096936
v 5.533422 0.838419 0.096936
v 5.469192 0.745615 0.096936
v 5.595511 0.928129 0.096936
v 5.658689 1.019412 0.096936
v 5.781815 1.197311 0.096936
v 5.720797 1.109148 0.096936
v 5.908136 1.379825 0.096936
v 5.477654 0.877256 0.096936
v 5.556885 0.989938 0.096936
v 5.395690 0.760690 0.096936
v 5.317825 0.649954 0.096936
v 5.185037 0.484701 0.096936
v 5.637505 1.104593 0.096936
v 5.716758 1.217305 0.096936
v 5.794623 1.328043 0.096936
v 5.955818 1.557289 0.096936
v 5.408173 0.657452 0.096936
v 6.013771 0.723989 0.071181
v 6.013771 0.147959 0.071181
v 6.013771 0.576950 0.071181
v 6.013771 0.467820 0.071181
v 6.013771 0.000006 0.125881
v 6.013771 2.128701 0.125883
v 6.013771 0.225834 0.071181
v 6.013771 0.000006 0.016481
v 6.013771 2.128701 0.016483
v 6.013771 0.370644 0.071181
v 6.013771 1.199722 0.071181
v 6.013771 1.982214 0.071181
v 6.013771 1.485469 0.071181
v 6.013771 1.674342 0.071181
v 6.013771 0.753803 0.096936
v 6.013771 0.857807 0.096936
v 6.013771 0.961813 0.096936
v 6.013771 1.065817 0.096936
v 6.013771 0.129982 0.096936
v 6.013771 0.072686 0.096936
v 6.013771 0.558491 0.096936
v 6.013771 0.485742 0.096936
v 6.013771 2.061840 0.096936
v 6.013771 0.264408 0.096936
v 6.013771 0.295132 0.096936
v 6.013771 0.233684 0.096936
v 6.013771 0.328695 0.096936
v 6.013771 1.169821 0.096936
v 6.013771 0.362259 0.096936
v 6.013771 1.994178 0.096936
v 6.013771 1.522831 0.096936
v 6.013771 1.634491 0.096936
vt 0.130121 0.187793
vt 0.124474 0.191054
vt 0.124191 0.188371
vt 0.131927 0.185010
vt 0.171044 0.223134
vt 0.170716 0.233563
vt 0.168380 0.233471
vt 0.168708 0.223075
vt 0.026751 0.148027
vt 0.026556 0.157763
vt 0.024444 0.157746
vt 0.024612 0.147982
vt 0.138734 0.171457
vt 0.139817 0.185075
vt 0.137513 0.187149
vt 0.136953 0.174580
vt 0.161839 0.233214
vt 0.162147 0.222913
vt 0.164466 0.222970
vt 0.164152 0.233305
vt 0.017217 0.167666
vt 0.017223 0.157705
vt 0.019345 0.157715
vt 0.019327 0.167665
vt 0.016561 0.227882
vt 0.016860 0.217385
vt 0.018998 0.217436
vt 0.018700 0.227955
vt 0.017660 0.127214
vt 0.017996 0.116417
vt 0.020165 0.116500
vt 0.019828 0.127269
vt 0.130188 0.196443
vt 0.132441 0.194507
vt 0.148124 0.212192
vt 0.148485 0.213934
vt 0.147434 0.214596
vt 0.146438 0.213161
vt 0.017452 0.137409
vt 0.019612 0.137449
vt 0.038045 0.121394
vt 0.037193 0.119798
vt 0.038342 0.119197
vt 0.040039 0.120188
vt 0.017309 0.147869
vt 0.019450 0.147896
vt 0.152127 0.218956
vt 0.150694 0.217916
vt 0.151571 0.216755
vt 0.153516 0.216913
vt 0.034010 0.121524
vt 0.034886 0.119888
vt 0.036064 0.119962
vt 0.036084 0.121750
vt 0.017265 0.177723
vt 0.019376 0.177717
vt 0.017271 0.187650
vt 0.019397 0.187654
vt 0.149006 0.220952
vt 0.148709 0.219195
vt 0.149706 0.218758
vt 0.150614 0.220311
vt 0.017184 0.198025
vt 0.019321 0.198048
vt 0.139283 0.221750
vt 0.138978 0.232323
vt 0.136682 0.232234
vt 0.136959 0.223719
vt 0.039245 0.137902
vt 0.038863 0.136186
vt 0.039972 0.135500
vt 0.040973 0.136923
vt 0.103482 0.145430
vt 0.095194 0.150494
vt 0.094762 0.148216
vt 0.103033 0.143108
vt 0.145292 0.214436
vt 0.146711 0.215450
vt 0.146019 0.216529
vt 0.144266 0.216168
vt 0.017041 0.207899
vt 0.019177 0.207937
vt 0.139619 0.197832
vt 0.137366 0.199747
vt 0.136207 0.122424
vt 0.128208 0.129058
vt 0.127566 0.126720
vt 0.133407 0.122243
vt 0.139358 0.209252
vt 0.137113 0.211166
vt 0.035172 0.130939
vt 0.036576 0.132005
vt 0.035654 0.133222
vt 0.033724 0.133040
vt 0.111670 0.140235
vt 0.111178 0.137925
vt 0.083603 0.205572
vt 0.091893 0.200313
vt 0.092242 0.202985
vt 0.083964 0.208284
vt 0.155486 0.229413
vt 0.154026 0.230389
vt 0.152749 0.229776
vt 0.153406 0.228218
vt 0.095381 0.159863
vt 0.103491 0.156395
vt 0.050391 0.229050
vt 0.058751 0.222465
vt 0.059302 0.225188
vt 0.054080 0.229180
vt 0.129095 0.231942
vt 0.129363 0.224359
vt 0.131701 0.222431
vt 0.131389 0.232030
vt 0.086932 0.155592
vt 0.086476 0.153357
vt 0.151356 0.227983
vt 0.151410 0.229677
vt 0.150128 0.229883
vt 0.149433 0.228375
vt 0.075270 0.210937
vt 0.075709 0.213644
vt 0.129886 0.206023
vt 0.132150 0.204145
vt 0.038371 0.128945
vt 0.038665 0.130683
vt 0.037620 0.131130
vt 0.036728 0.129576
vt 0.062301 0.171772
vt 0.050901 0.178438
vt 0.052537 0.175561
vt 0.061846 0.169307
vt 0.156345 0.232999
vt 0.154755 0.232937
vt 0.129628 0.214593
vt 0.131923 0.212686
vt 0.042158 0.135626
vt 0.040736 0.134605
vt 0.041458 0.133472
vt 0.043198 0.133850
vt 0.070739 0.166437
vt 0.070245 0.164142
vt 0.100291 0.195150
vt 0.100627 0.197771
vt 0.162738 0.184070
vt 0.162784 0.174149
vt 0.165062 0.174169
vt 0.165020 0.184078
vt 0.171525 0.164554
vt 0.171609 0.155088
vt 0.179468 0.155210
vt 0.179389 0.164601
vt 0.009131 0.137282
vt 0.009295 0.127013
vt 0.171820 0.145078
vt 0.179704 0.145329
vt 0.008681 0.217186
vt 0.008867 0.207751
vt 0.179221 0.223327
vt 0.178916 0.233885
vt 0.009606 0.116100
vt 0.172199 0.135343
vt 0.180117 0.135746
vt 0.009016 0.197925
vt 0.171225 0.213704
vt 0.179360 0.213819
vt 0.009099 0.167685
vt 0.009050 0.157696
vt 0.172819 0.124991
vt 0.180761 0.125556
vt 0.009133 0.187617
vt 0.171341 0.203979
vt 0.179417 0.204045
vt 0.171486 0.174207
vt 0.179391 0.174220
vt 0.009157 0.177739
vt 0.171436 0.193847
vt 0.179436 0.193869
vt 0.171467 0.184096
vt 0.179420 0.184097
vt 0.008375 0.227601
vt 0.009058 0.147803
vt 0.093675 0.176823
vt 0.086521 0.181605
vt 0.084818 0.176317
vt 0.092477 0.172434
vt 0.100655 0.172697
vt 0.099454 0.168312
vt 0.106664 0.163536
vt 0.108363 0.168829
vt 0.065413 0.229582
vt 0.072367 0.224410
vt 0.088041 0.224392
vt 0.085168 0.230295
vt 0.118415 0.231534
vt 0.116096 0.225298
vt 0.085619 0.215665
vt 0.102214 0.221071
vt 0.095176 0.221520
vt 0.092047 0.211540
vt 0.098582 0.207415
vt 0.109212 0.221964
vt 0.105195 0.203276
vt 0.111651 0.199208
vt 0.118249 0.194988
vt 0.070129 0.118627
vt 0.072420 0.124818
vt 0.059761 0.125732
vt 0.060036 0.118154
vt 0.100563 0.126090
vt 0.103546 0.120411
vt 0.122756 0.121567
vt 0.116772 0.125991
vt 0.103656 0.134568
vt 0.093415 0.128838
vt 0.097238 0.138645
vt 0.086367 0.129220
vt 0.090742 0.142748
vt 0.079348 0.128246
vt 0.084167 0.146907
vt 0.077772 0.151056
vt 0.071209 0.155387
vt 0.064968 0.159477
vt 0.059516 0.135684
vt 0.059297 0.144443
vt 0.059351 0.163121
vt 0.059078 0.154235
vt 0.124779 0.179422
vt 0.125124 0.182173
vt 0.057488 0.166751
vt 0.056784 0.154252
vt 0.169212 0.174197
vt 0.169261 0.164539
vt 0.116688 0.184614
vt 0.117048 0.187244
vt 0.049524 0.165964
vt 0.051870 0.165845
vt 0.031907 0.120348
vt 0.033732 0.119359
vt 0.149916 0.211767
vt 0.149547 0.213601
vt 0.169902 0.135232
vt 0.170517 0.124828
vt 0.108395 0.190065
vt 0.108751 0.192661
vt 0.147351 0.221193
vt 0.147693 0.219371
vt 0.169537 0.145012
vt 0.039374 0.117260
vt 0.041567 0.117351
vt 0.145769 0.218812
vt 0.144103 0.219982
vt 0.169339 0.155056
vt 0.091678 0.208871
vt 0.098228 0.204765
vt 0.061878 0.229455
vt 0.071872 0.221725
vt 0.169183 0.184090
vt 0.085224 0.212977
vt 0.151148 0.214793
vt 0.152667 0.213605
vt 0.169144 0.193833
vt 0.026510 0.177678
vt 0.026514 0.167697
vt 0.049691 0.128377
vt 0.049938 0.117705
vt 0.052299 0.117808
vt 0.052016 0.128435
vt 0.104992 0.181037
vt 0.112018 0.175682
vt 0.163942 0.124363
vt 0.163351 0.134936
vt 0.162861 0.164496
vt 0.162896 0.154986
vt 0.163038 0.144848
vt 0.088175 0.164149
vt 0.081178 0.169478
vt 0.079015 0.160872
vt 0.097759 0.185321
vt 0.089692 0.188657
vt 0.026244 0.217596
vt 0.025963 0.228205
vt 0.026395 0.208075
vt 0.026547 0.198123
vt 0.026596 0.187621
vt 0.043283 0.130007
vt 0.049550 0.141212
vt 0.034578 0.136428
vt 0.037391 0.138313
vt 0.026968 0.137614
vt 0.049289 0.152956
vt 0.040055 0.128725
vt 0.027513 0.116784
vt 0.031050 0.116923
vt 0.027203 0.127449
vt 0.147509 0.229595
vt 0.146146 0.232601
vt 0.162341 0.213538
vt 0.162505 0.203836
vt 0.162696 0.193783
vt 0.039725 0.130513
vt 0.041699 0.131112
vt 0.040405 0.132076
vt 0.037749 0.136522
vt 0.036083 0.135270
vt 0.037596 0.134178
vt 0.039075 0.133085
vt 0.033122 0.117006
vt 0.034675 0.117068
vt 0.036142 0.117128
vt 0.037736 0.117193
vt 0.096168 0.223969
vt 0.102119 0.223624
vt 0.101805 0.230909
vt 0.094791 0.230649
vt 0.108036 0.224341
vt 0.113758 0.227011
vt 0.115723 0.231432
vt 0.108825 0.231172
vt 0.090248 0.226275
vt 0.087887 0.230395
vt 0.086489 0.126716
vt 0.080653 0.125942
vt 0.079945 0.119121
vt 0.086900 0.119485
vt 0.098210 0.124293
vt 0.092353 0.126449
vt 0.093823 0.119861
vt 0.100638 0.120244
vt 0.074984 0.123246
vt 0.073053 0.118771
vt 0.164975 0.193803
vt 0.169030 0.203950
vt 0.164813 0.203882
vt 0.168896 0.213665
vt 0.164661 0.213584
vt 0.024407 0.167686
vt 0.024406 0.177691
vt 0.025359 0.116699
vt 0.025042 0.127397
vt 0.024810 0.137563
vt 0.057471 0.125655
vt 0.057744 0.118051
vt 0.051565 0.152960
vt 0.057032 0.144387
vt 0.051828 0.141252
vt 0.057235 0.135621
vt 0.095671 0.161803
vt 0.098076 0.167078
vt 0.092142 0.170563
vt 0.089628 0.165378
vt 0.086172 0.173861
vt 0.084125 0.169296
vt 0.103572 0.179792
vt 0.101023 0.174545
vt 0.107073 0.171226
vt 0.109133 0.175829
vt 0.097448 0.183400
vt 0.095025 0.178067
vt 0.091136 0.186356
vt 0.089376 0.181638
vt 0.147024 0.217872
vt 0.149709 0.215845
vt 0.148299 0.216898
vt 0.152980 0.232868
vt 0.151338 0.232804
vt 0.149568 0.232735
vt 0.148859 0.230588
vt 0.147772 0.232665
vt 0.104129 0.136881
vt 0.117336 0.128283
vt 0.078259 0.153315
vt 0.084631 0.149172
vt 0.078515 0.158614
vt 0.065447 0.161773
vt 0.125880 0.121758
vt 0.091194 0.145028
vt 0.071702 0.157644
vt 0.097696 0.140945
vt 0.024402 0.198101
vt 0.024257 0.208035
vt 0.165347 0.144902
vt 0.165681 0.135038
vt 0.024099 0.217551
vt 0.023811 0.228131
vt 0.024464 0.187633
vt 0.166282 0.124528
vt 0.165127 0.164510
vt 0.165181 0.155007
vt 0.111290 0.196597
vt 0.104843 0.200646
vt 0.117887 0.192387
vt 0.101961 0.158795
vt 0.103724 0.163528
vt 0.139218 0.054547
vt 0.140641 0.057687
vt 0.133153 0.053043
vt 0.133847 0.050290
vt 0.187927 0.026589
vt 0.185644 0.026064
vt 0.188011 0.016270
vt 0.190269 0.016816
vt 0.029166 0.085452
vt 0.027015 0.085335
vt 0.027580 0.075503
vt 0.029710 0.075643
vt 0.145511 0.072526
vt 0.144178 0.069097
vt 0.146706 0.056379
vt 0.148715 0.058873
vt 0.181649 0.014693
vt 0.183905 0.015266
vt 0.181441 0.025079
vt 0.179123 0.024530
vt 0.021079 0.063907
vt 0.023209 0.064055
vt 0.022440 0.075160
vt 0.020304 0.075018
vt 0.024479 0.002720
vt 0.026682 0.002818
vt 0.026206 0.013308
vt 0.024005 0.013206
vt 0.018482 0.105614
vt 0.020652 0.105724
vt 0.140692 0.045562
vt 0.142722 0.047954
vt 0.162288 0.032282
vt 0.160725 0.030950
vt 0.162046 0.029649
vt 0.163007 0.030549
vt 0.019042 0.095400
vt 0.021207 0.095523
vt 0.038387 0.113028
vt 0.040278 0.114395
vt 0.038504 0.115244
vt 0.037407 0.114551
vt 0.019674 0.084906
vt 0.021825 0.085037
vt 0.167883 0.026083
vt 0.168862 0.028536
vt 0.166808 0.028266
vt 0.166146 0.026858
vt 0.034370 0.112570
vt 0.036459 0.112512
vt 0.036294 0.114295
vt 0.035113 0.114273
vt 0.021814 0.053747
vt 0.023951 0.053896
vt 0.022474 0.043680
vt 0.024637 0.043815
vt 0.165018 0.023275
vt 0.166592 0.024308
vt 0.165291 0.025757
vt 0.164331 0.025083
vt 0.023052 0.033102
vt 0.025235 0.033217
vt 0.154736 0.020433
vt 0.152624 0.017911
vt 0.153907 0.008886
vt 0.156350 0.009219
vt 0.040942 0.096590
vt 0.042599 0.097717
vt 0.041475 0.099065
vt 0.040418 0.098285
vt 0.106390 0.095385
vt 0.105664 0.097669
vt 0.097921 0.091556
vt 0.098619 0.089301
vt 0.159771 0.029394
vt 0.159033 0.027373
vt 0.160951 0.027341
vt 0.161460 0.028612
vt 0.023550 0.022985
vt 0.025744 0.023091
vt 0.148762 0.043335
vt 0.150768 0.045728
vt 0.128182 0.117043
vt 0.129119 0.114796
vt 0.150528 0.031284
vt 0.152562 0.033723
vt 0.036290 0.103248
vt 0.035009 0.101029
vt 0.036957 0.101001
vt 0.037782 0.102294
vt 0.113214 0.103847
vt 0.113988 0.101594
vt 0.092342 0.029872
vt 0.092962 0.027030
vt 0.101244 0.033477
vt 0.100586 0.036284
vt 0.174076 0.015701
vt 0.171540 0.016350
vt 0.171287 0.014399
vt 0.172962 0.014148
vt 0.099898 0.079788
vt 0.107747 0.084308
vt 0.058092 0.004054
vt 0.061715 0.003478
vt 0.067507 0.007988
vt 0.066897 0.010836
vt 0.145792 0.007715
vt 0.148256 0.008071
vt 0.146782 0.018319
vt 0.144635 0.015828
vt 0.090094 0.085426
vt 0.090799 0.083205
vt 0.169178 0.016060
vt 0.167071 0.015172
vt 0.168182 0.013553
vt 0.169674 0.014126
vt 0.084611 0.020768
vt 0.083995 0.023602
vt 0.141974 0.035441
vt 0.144043 0.037811
vt 0.039331 0.105505
vt 0.037738 0.104739
vt 0.038757 0.103256
vt 0.039769 0.103789
vt 0.067130 0.063162
vt 0.066428 0.065631
vt 0.057481 0.058468
vt 0.056047 0.055392
vt 0.176354 0.012879
vt 0.174769 0.011984
vt 0.143176 0.026298
vt 0.145283 0.028734
vt 0.043681 0.099119
vt 0.044576 0.100991
vt 0.042799 0.101224
vt 0.042169 0.100026
vt 0.075266 0.069566
vt 0.074637 0.072727
vt 0.109586 0.039988
vt 0.108917 0.042731
vt 0.171713 0.063649
vt 0.174001 0.064030
vt 0.172404 0.073943
vt 0.170121 0.073597
vt 0.177202 0.085562
vt 0.185006 0.086698
vt 0.183707 0.096002
vt 0.175897 0.094981
vt 0.010110 0.105188
vt 0.010705 0.094912
vt 0.182522 0.105823
vt 0.174673 0.104945
vt 0.015136 0.022600
vt 0.015561 0.012830
vt 0.198097 0.018670
vt 0.195821 0.028380
vt 0.181568 0.115375
vt 0.173667 0.114650
vt 0.014694 0.032690
vt 0.193820 0.037484
vt 0.185906 0.035814
vt 0.012085 0.074449
vt 0.012895 0.063336
vt 0.014197 0.043198
vt 0.191885 0.046941
vt 0.183977 0.045395
vt 0.178815 0.074935
vt 0.186643 0.076183
vt 0.013609 0.053202
vt 0.189994 0.056873
vt 0.182115 0.055432
vt 0.188280 0.066459
vt 0.180424 0.065110
vt 0.016020 0.002349
vt 0.011394 0.084374
vt 0.099820 0.061246
vt 0.098150 0.065811
vt 0.090594 0.060738
vt 0.092890 0.055428
vt 0.106878 0.067109
vt 0.105127 0.071612
vt 0.114360 0.071170
vt 0.111850 0.077453
vt 0.073647 0.003167
vt 0.095441 0.003767
vt 0.098567 0.009959
vt 0.081530 0.009150
vt 0.134299 0.006198
vt 0.130313 0.012207
vt 0.095319 0.019260
vt 0.114157 0.014848
vt 0.108525 0.029421
vt 0.101906 0.024271
vt 0.106302 0.013623
vt 0.122133 0.014748
vt 0.115136 0.034673
vt 0.121491 0.039868
vt 0.127886 0.045252
vt 0.060453 0.110567
vt 0.073026 0.112679
vt 0.101230 0.114415
vt 0.117349 0.116443
vt 0.105287 0.106307
vt 0.094406 0.110872
vt 0.099324 0.101482
vt 0.087408 0.109726
vt 0.093248 0.096627
vt 0.080293 0.109961
vt 0.087061 0.091716
vt 0.081020 0.086848
vt 0.074801 0.081782
vt 0.068847 0.076920
vt 0.061113 0.100570
vt 0.061697 0.091724
vt 0.062372 0.081762
vt 0.063358 0.072475
vt 0.132479 0.062355
vt 0.133223 0.059580
vt 0.060142 0.080515
vt 0.061771 0.067820
vt 0.174947 0.085236
vt 0.176552 0.074581
vt 0.124824 0.055900
vt 0.125552 0.053208
vt 0.056012 0.068307
vt 0.053638 0.068001
vt 0.032176 0.113575
vt 0.033918 0.114709
vt 0.164054 0.033068
vt 0.164041 0.031108
vt 0.171375 0.114436
vt 0.116849 0.049112
vt 0.117556 0.046419
vt 0.163299 0.022676
vt 0.163293 0.024686
vt 0.172398 0.104686
vt 0.159639 0.023328
vt 0.161150 0.024889
vt 0.173637 0.094684
vt 0.107841 0.032232
vt 0.101247 0.027114
vt 0.080930 0.011993
vt 0.070267 0.003804
vt 0.178153 0.064726
vt 0.094697 0.022116
vt 0.167254 0.031754
vt 0.165942 0.030210
vt 0.179838 0.055023
vt 0.031181 0.054428
vt 0.030473 0.064536
vt 0.050612 0.107026
vt 0.052946 0.107170
vt 0.112168 0.058194
vt 0.118850 0.064602
vt 0.164841 0.113806
vt 0.168550 0.084321
vt 0.167218 0.093827
vt 0.165925 0.103928
vt 0.092983 0.074560
vt 0.086348 0.068432
vt 0.083308 0.077008
vt 0.105091 0.052820
vt 0.096988 0.048380
vt 0.033636 0.013655
vt 0.034124 0.003151
vt 0.033156 0.023457
vt 0.032617 0.033624
vt 0.031964 0.044333
vt 0.051584 0.094126
vt 0.044338 0.104849
vt 0.036133 0.097699
vt 0.028591 0.095916
vt 0.039109 0.096025
vt 0.052317 0.082245
vt 0.040999 0.105865
vt 0.028038 0.106111
vt 0.165123 0.013455
vt 0.163845 0.010527
vt 0.177077 0.033981
vt 0.175176 0.043735
vt 0.173379 0.053875
vt 0.041627 0.102537
vt 0.042843 0.103610
vt 0.040817 0.104047
vt 0.038982 0.100198
vt 0.037551 0.098980
vt 0.039325 0.097856
vt 0.040376 0.101415
vt 0.107621 0.010955
vt 0.106541 0.003925
vt 0.114768 0.004280
vt 0.114343 0.011960
vt 0.121162 0.011902
vt 0.123044 0.004880
vt 0.131217 0.005858
vt 0.128095 0.009841
vt 0.101059 0.007945
vt 0.098476 0.003842
vt 0.087262 0.112240
vt 0.081357 0.112397
vt 0.098681 0.115941
vt 0.093083 0.113140
vt 0.075425 0.114507
vt 0.175671 0.054279
vt 0.177491 0.044163
vt 0.181689 0.044956
vt 0.179403 0.034460
vt 0.183613 0.035334
vt 0.028341 0.064395
vt 0.029048 0.054268
vt 0.025873 0.105996
vt 0.026424 0.095802
vt 0.058155 0.110436
vt 0.059408 0.091577
vt 0.054625 0.082425
vt 0.058816 0.100425
vt 0.053882 0.094282
vt 0.100426 0.077834
vt 0.094614 0.073450
vt 0.097815 0.068333
vt 0.103547 0.072708
vt 0.089289 0.068830
vt 0.091820 0.064062
vt 0.110531 0.059330
vt 0.115883 0.064125
vt 0.113241 0.068671
vt 0.107219 0.064563
vt 0.101375 0.060109
vt 0.104538 0.054803
vt 0.095882 0.055713
vt 0.098248 0.050967
vt 0.162279 0.026131
vt 0.164672 0.028813
vt 0.163418 0.027417
vt 0.172585 0.011154
vt 0.168013 0.010278
vt 0.170414 0.010630
vt 0.166758 0.012453
vt 0.165610 0.010152
vt 0.106032 0.104047
vt 0.118189 0.114229
vt 0.081748 0.084609
vt 0.082562 0.079250
vt 0.087771 0.089474
vt 0.069452 0.073776
vt 0.093956 0.094377
vt 0.075543 0.079540
vt 0.100046 0.099224
vt 0.030962 0.023347
vt 0.030428 0.033502
vt 0.167165 0.114032
vt 0.168225 0.104201
vt 0.031923 0.003051
vt 0.031438 0.013551
vt 0.029794 0.044175
vt 0.169497 0.094133
vt 0.170820 0.084645
vt 0.120757 0.042592
vt 0.114428 0.037443
vt 0.127139 0.047938
vt 0.106484 0.081681
vt 0.108864 0.077086
vt 0.126726 0.275966
vt 0.128306 0.278871
vt 0.120879 0.274935
vt 0.121367 0.272291
vt 0.170225 0.243985
vt 0.167892 0.243860
vt 0.021374 0.308106
vt 0.019244 0.308017
vt 0.019694 0.298297
vt 0.021795 0.298415
vt 0.134008 0.292860
vt 0.132484 0.289621
vt 0.134022 0.277180
vt 0.136151 0.279421
vt 0.163655 0.243632
vt 0.161339 0.243507
vt 0.013142 0.287954
vt 0.015243 0.288093
vt 0.014618 0.298002
vt 0.012505 0.297877
vt 0.018276 0.238469
vt 0.016140 0.238373
vt 0.011074 0.328248
vt 0.013232 0.328319
vt 0.012952 0.339036
vt 0.010793 0.338998
vt 0.127461 0.267373
vt 0.129552 0.269472
vt 0.146529 0.253091
vt 0.144927 0.251995
vt 0.146030 0.250644
vt 0.147024 0.251384
vt 0.011472 0.318094
vt 0.013623 0.318185
vt 0.030949 0.335212
vt 0.032848 0.336523
vt 0.031112 0.337402
vt 0.030012 0.336740
vt 0.011971 0.307675
vt 0.014104 0.307781
vt 0.151044 0.246666
vt 0.152269 0.248810
vt 0.150318 0.248816
vt 0.149535 0.247591
vt 0.026964 0.334845
vt 0.029030 0.334744
vt 0.028905 0.336512
vt 0.027736 0.336515
vt 0.013852 0.277938
vt 0.015954 0.278085
vt 0.014522 0.268047
vt 0.016640 0.268186
vt 0.148090 0.244435
vt 0.149643 0.245199
vt 0.148617 0.246674
vt 0.147658 0.246162
vt 0.015139 0.257700
vt 0.017270 0.257822
vt 0.138464 0.242884
vt 0.136300 0.240743
vt 0.033141 0.318942
vt 0.034791 0.320020
vt 0.033711 0.321368
vt 0.032655 0.320619
vt 0.097105 0.315890
vt 0.096490 0.318148
vt 0.088704 0.312498
vt 0.089297 0.310280
vt 0.143884 0.250636
vt 0.142997 0.248832
vt 0.144771 0.248608
vt 0.145376 0.249737
vt 0.015670 0.247846
vt 0.017803 0.247954
vt 0.134853 0.264642
vt 0.136946 0.266721
vt 0.127563 0.341105
vt 0.124788 0.341054
vt 0.119400 0.336172
vt 0.120218 0.333921
vt 0.135485 0.253259
vt 0.137573 0.255338
vt 0.028676 0.325592
vt 0.027367 0.323422
vt 0.029292 0.323359
vt 0.030131 0.324621
vt 0.104130 0.323870
vt 0.104791 0.321631
vt 0.081807 0.254812
vt 0.082364 0.252140
vt 0.090214 0.258016
vt 0.089671 0.260648
vt 0.155208 0.236507
vt 0.153042 0.237536
vt 0.152509 0.235932
vt 0.153829 0.235421
vt 0.090168 0.301034
vt 0.097934 0.305062
vt 0.059006 0.233528
vt 0.058264 0.236204
vt 0.130962 0.241622
vt 0.128781 0.239520
vt 0.080889 0.306820
vt 0.081501 0.304643
vt 0.150980 0.237610
vt 0.149094 0.237070
vt 0.149904 0.235621
vt 0.151166 0.235927
vt 0.074532 0.246207
vt 0.073900 0.248871
vt 0.127895 0.257822
vt 0.130003 0.259865
vt 0.031723 0.327760
vt 0.030135 0.327036
vt 0.031112 0.325551
vt 0.032121 0.326057
vt 0.058233 0.286879
vt 0.057612 0.289294
vt 0.048798 0.282448
vt 0.047369 0.279477
vt 0.128294 0.249270
vt 0.130433 0.251345
vt 0.035883 0.321379
vt 0.036801 0.323203
vt 0.035056 0.323468
vt 0.034412 0.322301
vt 0.066234 0.292756
vt 0.065585 0.294997
vt 0.098168 0.263819
vt 0.097640 0.266399
vt 0.158866 0.282244
vt 0.161138 0.282420
vt 0.160383 0.292281
vt 0.158117 0.292117
vt 0.166025 0.302371
vt 0.173852 0.302978
vt 0.173141 0.312329
vt 0.165315 0.311787
vt 0.002736 0.327962
vt 0.003179 0.317720
vt 0.172532 0.322177
vt 0.164675 0.321749
vt 0.007509 0.247435
vt 0.007968 0.238012
vt 0.178391 0.244435
vt 0.002428 0.338849
vt 0.172111 0.331741
vt 0.164211 0.331449
vt 0.006988 0.257244
vt 0.177782 0.253924
vt 0.169664 0.253398
vt 0.004360 0.297365
vt 0.005052 0.287408
vt 0.171850 0.341924
vt 0.163916 0.341777
vt 0.006406 0.267532
vt 0.177068 0.263673
vt 0.169014 0.263100
vt 0.166777 0.292765
vt 0.174648 0.293398
vt 0.005771 0.277385
vt 0.176280 0.273819
vt 0.168305 0.273203
vt 0.175480 0.283557
vt 0.167557 0.282918
vt 0.003748 0.307229
vt 0.089722 0.284109
vt 0.088213 0.288373
vt 0.080902 0.283967
vt 0.082972 0.278843
vt 0.096339 0.288714
vt 0.094823 0.292970
vt 0.103688 0.293123
vt 0.101605 0.298236
vt 0.087601 0.236391
vt 0.071977 0.235239
vt 0.115632 0.237574
vt 0.084548 0.244910
vt 0.101481 0.240747
vt 0.096848 0.254076
vt 0.090647 0.249488
vt 0.094501 0.239778
vt 0.108522 0.240380
vt 0.103119 0.258684
vt 0.109236 0.263214
vt 0.115476 0.267907
vt 0.062382 0.339920
vt 0.052439 0.339741
vt 0.052647 0.332262
vt 0.065045 0.333986
vt 0.092801 0.334716
vt 0.108721 0.336050
vt 0.114257 0.340861
vt 0.095308 0.340515
vt 0.096468 0.326609
vt 0.085974 0.331494
vt 0.090447 0.322120
vt 0.079069 0.330617
vt 0.084340 0.317604
vt 0.072096 0.331085
vt 0.078147 0.313029
vt 0.072120 0.308477
vt 0.065930 0.303736
vt 0.060032 0.299256
vt 0.053050 0.322427
vt 0.053410 0.313755
vt 0.053846 0.304048
vt 0.054715 0.295260
vt 0.120776 0.283867
vt 0.121331 0.281162
vt 0.051574 0.303878
vt 0.053113 0.291533
vt 0.163772 0.302200
vt 0.164514 0.292590
vt 0.113140 0.278095
vt 0.113697 0.275510
vt 0.047477 0.292051
vt 0.045157 0.291774
vt 0.024812 0.335886
vt 0.026562 0.336972
vt 0.148280 0.253654
vt 0.148056 0.251799
vt 0.161618 0.341735
vt 0.161921 0.331359
vt 0.105313 0.272056
vt 0.105862 0.269503
vt 0.146461 0.244065
vt 0.146660 0.245907
vt 0.162402 0.321619
vt 0.034188 0.339415
vt 0.032019 0.339376
vt 0.143130 0.245020
vt 0.144699 0.246315
vt 0.163057 0.311628
vt 0.096299 0.256686
vt 0.090084 0.252118
vt 0.071289 0.237880
vt 0.165283 0.282741
vt 0.083959 0.247558
vt 0.151164 0.252039
vt 0.149744 0.250737
vt 0.166021 0.273035
vt 0.023056 0.278598
vt 0.022400 0.288532
vt 0.042878 0.329016
vt 0.045179 0.329105
vt 0.044799 0.339604
vt 0.042467 0.339563
vt 0.101261 0.280766
vt 0.107830 0.286606
vt 0.155398 0.331084
vt 0.155061 0.341613
vt 0.157411 0.301717
vt 0.156653 0.311155
vt 0.155938 0.321227
vt 0.083348 0.296267
vt 0.076802 0.290485
vt 0.074043 0.298854
vt 0.094399 0.275976
vt 0.086633 0.272071
vt 0.025513 0.238807
vt 0.025008 0.248312
vt 0.024477 0.258242
vt 0.023808 0.268704
vt 0.043555 0.316318
vt 0.036647 0.327008
vt 0.028422 0.320114
vt 0.020944 0.318469
vt 0.031329 0.318418
vt 0.044057 0.304666
vt 0.033376 0.328080
vt 0.020255 0.339166
vt 0.020565 0.328574
vt 0.023767 0.339229
vt 0.147272 0.235704
vt 0.160798 0.252865
vt 0.160198 0.262546
vt 0.159596 0.272573
vt 0.033928 0.324785
vt 0.035148 0.325818
vt 0.033159 0.326291
vt 0.031275 0.322530
vt 0.029843 0.321355
vt 0.031572 0.320217
vt 0.032673 0.323704
vt 0.027363 0.339293
vt 0.025823 0.339266
vt 0.030396 0.339347
vt 0.028817 0.339319
vt 0.095671 0.237411
vt 0.101576 0.238196
vt 0.107527 0.237923
vt 0.113430 0.235691
vt 0.089940 0.234676
vt 0.079013 0.333088
vt 0.078907 0.340218
vt 0.072054 0.340094
vt 0.073220 0.333441
vt 0.090357 0.336310
vt 0.092442 0.340463
vt 0.085728 0.340341
vt 0.084758 0.333767
vt 0.065263 0.339972
vt 0.067460 0.335705
vt 0.161866 0.272734
vt 0.162501 0.262682
vt 0.166708 0.262946
vt 0.163113 0.253002
vt 0.167340 0.253254
vt 0.020302 0.288404
vt 0.020962 0.278445
vt 0.018417 0.328498
vt 0.018115 0.339128
vt 0.018797 0.318387
vt 0.050384 0.332192
vt 0.050177 0.339701
vt 0.051166 0.313661
vt 0.046314 0.304812
vt 0.050793 0.322341
vt 0.045812 0.316425
vt 0.090598 0.299135
vt 0.084876 0.295156
vt 0.087744 0.290203
vt 0.093367 0.294091
vt 0.079709 0.290877
vt 0.082067 0.286501
vt 0.099758 0.281895
vt 0.104979 0.286244
vt 0.102590 0.290652
vt 0.096840 0.286910
vt 0.091151 0.282974
vt 0.093948 0.277860
vt 0.085808 0.279018
vt 0.087900 0.274463
vt 0.145876 0.247349
vt 0.148393 0.249577
vt 0.147070 0.248418
vt 0.148694 0.234819
vt 0.097107 0.324367
vt 0.109452 0.333839
vt 0.072760 0.306278
vt 0.073388 0.301053
vt 0.078766 0.310824
vt 0.060664 0.297014
vt 0.117344 0.340918
vt 0.084950 0.315386
vt 0.066575 0.301535
vt 0.091067 0.319887
vt 0.022875 0.248204
vt 0.022338 0.258117
vt 0.157718 0.331185
vt 0.158234 0.321370
vt 0.023371 0.238704
vt 0.021686 0.268548
vt 0.157394 0.341657
vt 0.158924 0.311327
vt 0.159663 0.301888
vt 0.108680 0.265783
vt 0.102574 0.261274
vt 0.114920 0.270465
vt 0.096599 0.302576
vt 0.098695 0.298025
vt 0.124328 0.406146
vt 0.118841 0.409617
vt 0.118452 0.406958
vt 0.126013 0.403303
vt 0.166559 0.439721
vt 0.166647 0.450151
vt 0.164311 0.450152
vt 0.164224 0.439756
vt 0.020268 0.370245
vt 0.020345 0.379943
vt 0.018242 0.379987
vt 0.018137 0.370258
vt 0.132227 0.389544
vt 0.133868 0.403046
vt 0.131659 0.405205
vt 0.130584 0.392722
vt 0.157769 0.450155
vt 0.157666 0.439858
vt 0.159984 0.439821
vt 0.160082 0.450154
vt 0.011329 0.390090
vt 0.011043 0.380153
vt 0.013159 0.380102
vt 0.013433 0.390025
vt 0.012665 0.450220
vt 0.012601 0.439727
vt 0.014737 0.439704
vt 0.014804 0.450219
vt 0.010691 0.349751
vt 0.012850 0.349756
vt 0.124741 0.414752
vt 0.126907 0.412735
vt 0.143242 0.429724
vt 0.143672 0.431447
vt 0.142652 0.432149
vt 0.141601 0.430758
vt 0.010728 0.359912
vt 0.012880 0.359898
vt 0.030801 0.343499
vt 0.029920 0.341939
vt 0.031042 0.341317
vt 0.032746 0.342257
vt 0.010857 0.370342
vt 0.012992 0.370312
vt 0.147507 0.436311
vt 0.146035 0.435329
vt 0.146864 0.434136
vt 0.148812 0.434216
vt 0.026806 0.343724
vt 0.027636 0.342082
vt 0.028805 0.342128
vt 0.028867 0.343899
vt 0.011686 0.400123
vt 0.013792 0.400050
vt 0.012009 0.410029
vt 0.014131 0.409963
vt 0.144472 0.438426
vt 0.144107 0.436685
vt 0.145083 0.436210
vt 0.146052 0.437722
vt 0.012266 0.420386
vt 0.014399 0.420338
vt 0.134807 0.439608
vt 0.134918 0.450165
vt 0.132624 0.450166
vt 0.132566 0.441662
vt 0.032412 0.359836
vt 0.031986 0.358142
vt 0.033067 0.357432
vt 0.034099 0.358817
vt 0.096208 0.365186
vt 0.088204 0.370507
vt 0.087692 0.368269
vt 0.095676 0.362908
vt 0.140510 0.432076
vt 0.141965 0.433030
vt 0.141318 0.434133
vt 0.139555 0.433843
vt 0.012457 0.430249
vt 0.014591 0.430214
vt 0.134187 0.415757
vt 0.132019 0.417755
vt 0.119960 0.348015
vt 0.119224 0.345735
vt 0.134385 0.427145
vt 0.132224 0.429141
vt 0.028187 0.353032
vt 0.029606 0.354054
vt 0.028723 0.355285
vt 0.026801 0.355154
vt 0.104096 0.359731
vt 0.103517 0.357469
vt 0.078719 0.425616
vt 0.086778 0.420077
vt 0.087224 0.422723
vt 0.079178 0.428302
vt 0.151275 0.446612
vt 0.149857 0.447643
vt 0.148558 0.447082
vt 0.149152 0.445501
vt 0.088738 0.379774
vt 0.096641 0.376033
vt 0.046468 0.450205
vt 0.054571 0.443342
vt 0.055218 0.446037
vt 0.050153 0.450203
vt 0.125045 0.450170
vt 0.125017 0.442598
vt 0.127273 0.440584
vt 0.127336 0.450168
vt 0.080212 0.375855
vt 0.079680 0.373658
vt 0.147097 0.445348
vt 0.147218 0.447036
vt 0.145947 0.447293
vt 0.145193 0.445815
vt 0.070617 0.431261
vt 0.071152 0.433941
vt 0.124818 0.424302
vt 0.126999 0.422342
vt 0.031309 0.350974
vt 0.031645 0.352689
vt 0.030620 0.353159
vt 0.029696 0.351641
vt 0.056335 0.392761
vt 0.045222 0.399766
vt 0.046754 0.396850
vt 0.055801 0.390326
vt 0.152276 0.450157
vt 0.150685 0.450158
vt 0.124898 0.432852
vt 0.127110 0.430861
vt 0.035238 0.357498
vt 0.033801 0.356524
vt 0.034486 0.355381
vt 0.036220 0.355709
vt 0.064535 0.387177
vt 0.063967 0.384916
vt 0.094940 0.414626
vt 0.095373 0.417221
vt 0.156661 0.401073
vt 0.156281 0.391183
vt 0.158552 0.391103
vt 0.158937 0.400983
vt 0.164563 0.381232
vt 0.164204 0.371797
vt 0.172044 0.371545
vt 0.172407 0.380916
vt 0.002427 0.359992
vt 0.002349 0.349741
vt 0.163933 0.361820
vt 0.171800 0.361683
vt 0.004426 0.439809
vt 0.004289 0.430378
vt 0.174735 0.439586
vt 0.174853 0.450147
vt 0.163828 0.352110
vt 0.171734 0.352110
vt 0.004107 0.420560
vt 0.166359 0.430296
vt 0.174490 0.430080
vt 0.003226 0.390351
vt 0.002886 0.380376
vt 0.003883 0.410261
vt 0.166078 0.420579
vt 0.174147 0.420313
vt 0.164957 0.390858
vt 0.172846 0.390519
vt 0.003592 0.400392
vt 0.165752 0.410460
vt 0.173743 0.410145
vt 0.165369 0.400725
vt 0.173310 0.400384
vt 0.004479 0.450223
vt 0.002623 0.370496
vt 0.087679 0.396659
vt 0.080749 0.401673
vt 0.078867 0.396482
vt 0.086326 0.392347
vt 0.094453 0.392301
vt 0.093095 0.387996
vt 0.100059 0.382984
vt 0.101953 0.388167
vt 0.061468 0.450198
vt 0.068213 0.444790
vt 0.083834 0.444199
vt 0.081188 0.450189
vt 0.114380 0.450174
vt 0.111830 0.444047
vt 0.081097 0.435594
vt 0.097834 0.440360
vt 0.090838 0.441072
vt 0.087347 0.431247
vt 0.093701 0.426895
vt 0.104842 0.440985
vt 0.100126 0.422526
vt 0.106397 0.418230
vt 0.112799 0.413776
vt 0.064829 0.345945
vt 0.052379 0.347223
vt 0.092592 0.346220
vt 0.108549 0.345467
vt 0.095962 0.354454
vt 0.085653 0.349191
vt 0.089783 0.358720
vt 0.078722 0.349818
vt 0.083517 0.363011
vt 0.071771 0.349098
vt 0.077165 0.367357
vt 0.070980 0.371686
vt 0.064626 0.376199
vt 0.058574 0.380463
vt 0.052429 0.357065
vt 0.052478 0.365742
vt 0.053121 0.384264
vt 0.052566 0.375455
vt 0.118678 0.398036
vt 0.119132 0.400758
vt 0.051387 0.387930
vt 0.050290 0.375544
vt 0.162690 0.390949
vt 0.162307 0.381320
vt 0.110840 0.403519
vt 0.111302 0.406119
vt 0.043449 0.387405
vt 0.045777 0.387212
vt 0.024693 0.342607
vt 0.026480 0.341584
vt 0.145012 0.429228
vt 0.144718 0.431072
vt 0.161537 0.352114
vt 0.102806 0.409260
vt 0.103260 0.411829
vt 0.142832 0.438732
vt 0.143101 0.436901
vt 0.161657 0.361865
vt 0.141159 0.436420
vt 0.139544 0.437653
vt 0.161942 0.371873
vt 0.086881 0.428603
vt 0.093248 0.424271
vt 0.057939 0.450199
vt 0.067622 0.442132
vt 0.163090 0.400817
vt 0.080605 0.432930
vt 0.146363 0.432196
vt 0.147831 0.430950
vt 0.163464 0.410542
vt 0.020905 0.399787
vt 0.020600 0.389839
vt 0.042501 0.350116
vt 0.044803 0.350110
vt 0.099078 0.400417
vt 0.105850 0.394827
vt 0.155009 0.352148
vt 0.155933 0.381566
vt 0.155525 0.372108
vt 0.155183 0.362018
vt 0.081754 0.384288
vt 0.075008 0.389826
vt 0.072554 0.381368
vt 0.092053 0.404949
vt 0.084159 0.408565
vt 0.021977 0.439613
vt 0.022065 0.450216
vt 0.021799 0.430105
vt 0.021612 0.420170
vt 0.021309 0.409696
vt 0.036203 0.351900
vt 0.042724 0.362829
vt 0.027738 0.358496
vt 0.030582 0.360295
vt 0.020207 0.359875
vt 0.042809 0.374488
vt 0.032973 0.350713
vt 0.020188 0.349763
vt 0.143322 0.447109
vt 0.142081 0.450162
vt 0.157482 0.430491
vt 0.157250 0.420799
vt 0.157028 0.410761
vt 0.032692 0.352493
vt 0.034663 0.353037
vt 0.033406 0.354025
vt 0.030889 0.358506
vt 0.029202 0.357307
vt 0.030675 0.356184
vt 0.032114 0.355061
vt 0.091918 0.443475
vt 0.097836 0.442908
vt 0.097796 0.450182
vt 0.090795 0.450185
vt 0.103760 0.443399
vt 0.109565 0.445843
vt 0.111692 0.450175
vt 0.104805 0.450179
vt 0.086104 0.445994
vt 0.083903 0.450188
vt 0.078755 0.347347
vt 0.072979 0.346785
vt 0.090207 0.344538
vt 0.084520 0.346877
vt 0.067305 0.344314
vt 0.159302 0.410686
vt 0.163768 0.420646
vt 0.159556 0.420751
vt 0.164032 0.430352
vt 0.159800 0.430443
vt 0.018499 0.389893
vt 0.018808 0.399866
vt 0.018039 0.349762
vt 0.018059 0.359880
vt 0.050115 0.347212
vt 0.045069 0.374423
vt 0.050233 0.365756
vt 0.044983 0.362803
vt 0.050171 0.357070
vt 0.089098 0.381686
vt 0.091681 0.386825
vt 0.085925 0.390503
vt 0.083240 0.385453
vt 0.080121 0.393995
vt 0.077925 0.389539
vt 0.097619 0.399235
vt 0.094888 0.394122
vt 0.100766 0.390594
vt 0.102990 0.395084
vt 0.091672 0.403052
vt 0.089065 0.397844
vt 0.085510 0.406224
vt 0.083586 0.401601
vt 0.142374 0.435433
vt 0.144970 0.433303
vt 0.143606 0.434410
vt 0.148911 0.450159
vt 0.147270 0.450160
vt 0.145501 0.450160
vt 0.144708 0.448046
vt 0.143706 0.450161
vt 0.096518 0.356717
vt 0.109199 0.347703
vt 0.071541 0.373907
vt 0.077704 0.369582
vt 0.071979 0.379148
vt 0.059125 0.382725
vt 0.084047 0.365248
vt 0.065192 0.378421
vt 0.090321 0.360974
vt 0.019472 0.420220
vt 0.019665 0.430139
vt 0.157483 0.361959
vt 0.157330 0.352133
vt 0.019834 0.439643
vt 0.019913 0.450217
vt 0.019183 0.409778
vt 0.158189 0.381478
vt 0.157800 0.372021
vt 0.105937 0.415646
vt 0.099677 0.419921
vt 0.112337 0.411202
vt 0.095217 0.378467
vt 0.097146 0.383090
vn 0.4014 0.1952 0.8948
vn 0.3492 -0.2393 0.9059
vn 0.3598 -0.2448 0.9003
vn 0.0846 0.0539 0.9949
vn 0.0000 -0.5612 0.8276
vn 0.0000 0.1884 0.9821
vn 0.0000 -0.5327 0.8463
vn -0.0786 -0.0504 0.9956
vn 0.0002 -0.4571 0.8894
vn 0.0007 -0.4584 0.8887
vn -0.4109 -0.1594 0.8976
vn 0.0000 0.4624 0.8867
vn 0.0000 0.5489 0.8358
vn 0.0000 -0.2029 0.9792
vn -0.0011 0.4619 0.8869
vn -0.0012 0.4628 0.8864
vn -0.4599 0.2266 0.8585
vn -0.5051 0.2653 0.8212
vn -0.4326 0.4028 0.8066
vn -0.3824 0.3441 0.8575
vn 0.4803 -0.1967 0.8547
vn 0.5679 -0.2121 0.7953
vn 0.4168 -0.4110 0.8108
vn 0.2835 -0.3344 0.8987
vn 0.3569 -0.3956 0.8462
vn 0.3861 -0.4203 0.8211
vn 0.1404 -0.5939 0.7922
vn 0.0683 -0.3804 0.9223
vn 0.4889 0.1240 0.8634
vn 0.5907 0.1197 0.7980
vn 0.5998 -0.0516 0.7984
vn 0.5433 -0.0443 0.8384
vn 0.4963 -0.1601 0.8533
vn 0.5426 -0.1824 0.8199
vn 0.4899 -0.3289 0.8073
vn 0.4235 -0.2813 0.8611
vn 0.0009 -0.4622 0.8868
vn 0.0000 -0.4632 0.8862
vn 0.0000 -0.4624 0.8866
vn 0.0008 -0.4625 0.8866
vn 0.4830 -0.2390 0.8423
vn 0.5288 -0.2764 0.8025
vn 0.4510 -0.4187 0.7882
vn 0.4001 -0.3608 0.8424
vn 0.3865 -0.2718 0.8813
vn -0.3146 0.4465 0.8376
vn -0.3321 0.4702 0.8177
vn -0.2019 0.5640 0.8007
vn -0.1490 0.4630 0.8737
vn 0.0009 -0.4591 0.8884
vn 0.0009 -0.4597 0.8881
vn 0.0000 -0.1643 0.9864
vn 0.3849 -0.2770 0.8804
vn 0.3913 -0.2857 0.8748
vn 0.0000 -0.5297 0.8481
vn 0.0009 -0.4605 0.8876
vn 0.0009 -0.4614 0.8872
vn -0.3738 0.4139 0.8300
vn -0.4026 0.4389 0.8032
vn -0.1438 0.6230 0.7689
vn -0.0739 0.4059 0.9109
vn -0.3357 0.2360 0.9119
vn -0.3357 0.2361 0.9119
vn -0.2958 -0.3728 0.8795
vn -0.4640 -0.5284 0.7110
vn -0.6715 -0.1465 0.7263
vn -0.5771 -0.1389 0.8047
vn -0.5040 0.3336 0.7966
vn -0.1705 -0.0648 0.9832
vn 0.0000 0.1189 0.9929
vn -0.3312 0.2372 0.9133
vn -0.3334 0.2423 0.9111
vn 0.0000 0.4242 0.9056
vn 0.0000 0.4570 0.8894
vn -0.0007 0.4577 0.8891
vn -0.0009 0.4587 0.8886
vn 0.0000 0.4576 0.8892
vn -0.6213 0.0514 0.7819
vn -0.6764 0.0573 0.7342
vn -0.6413 0.2465 0.7266
vn -0.5599 0.2240 0.7977
vn -0.0009 0.4604 0.8877
vn -0.0010 0.4612 0.8873
vn -0.5203 0.1683 0.8372
vn -0.5670 0.1900 0.8015
vn -0.5108 0.3426 0.7885
vn -0.4440 0.2950 0.8460
vn 0.4180 -0.3212 0.8498
vn 0.0898 0.0570 0.9943
vn 0.4910 0.1185 0.8630
vn 0.3935 -0.2922 0.8716
vn 0.0000 -0.5356 0.8445
vn 0.0000 -0.6509 0.7591
vn -0.0010 0.4594 0.8882
vn -0.0009 0.4597 0.8880
vn 0.3283 -0.4658 0.8217
vn 0.3457 -0.4895 0.8005
vn 0.2089 -0.5883 0.7812
vn 0.1576 -0.4865 0.8593
vn 0.0000 -1.0000 0.0000
vn 0.0000 1.0000 0.0000
vn -0.5096 0.3373 0.7915
vn -0.0298 0.2261 0.9736
vn 0.1707 0.0648 0.9832
vn 0.5040 -0.3336 0.7966
vn 0.0279 -0.2165 0.9759
vn -0.1786 -0.0673 0.9816
vn 0.0000 -0.4340 0.9009
vn 0.3377 -0.2435 0.9092
vn -0.1915 0.1896 0.9630
vn 0.0000 0.2451 0.9695
vn 0.0000 -0.2522 0.9677
vn -0.1853 -0.1859 0.9649
vn 0.3365 -0.2329 0.9124
vn -0.3631 0.0027 0.9317
vn -0.3275 0.0864 0.9409
vn -0.3274 -0.0816 0.9413
vn 0.0000 0.2347 0.9720
vn 0.1794 0.1841 0.9664
vn -0.0016 -0.4653 0.8852
vn 0.0000 -0.4674 0.8840
vn 0.1858 -0.1878 0.9644
vn 0.0000 -0.2281 0.9736
vn 0.0000 0.4979 0.8672
vn -0.3822 0.2771 0.8816
vn -0.3865 0.2718 0.8813
vn 0.3341 -0.0896 0.9382
vn 0.3737 -0.0028 0.9275
vn 0.3340 0.0848 0.9387
vn -0.3728 0.2738 0.8865
vn -0.0015 -0.4636 0.8860
vn -0.0015 -0.4615 0.8871
vn -0.3752 -0.1896 0.9073
vn -0.0012 -0.4595 0.8881
vn -0.3657 0.2711 0.8904
vn -0.3455 0.2504 0.9044
vn -0.0708 -0.0317 0.9970
vn -0.0012 -0.4596 0.8881
vn 0.0007 0.4667 0.8844
vn 0.0007 0.4659 0.8848
vn 0.2228 0.2888 0.9311
vn 0.4067 0.4226 0.8099
vn -0.3628 -0.0548 0.9302
vn -0.5966 -0.0633 0.8000
vn 0.4714 0.0116 0.8819
vn 0.5815 -0.0054 0.8135
vn 0.0000 -0.5420 0.8403
vn 0.0000 -0.3300 0.9440
vn 0.3469 0.5070 0.7890
vn 0.1653 0.2267 0.9598
vn 0.0000 -0.1232 0.9924
vn 0.3330 -0.2358 0.9129
vn -0.3249 -0.4761 0.8171
vn -0.2366 -0.3372 0.9112
vn 0.0025 -0.5379 0.8430
vn 0.0025 -0.5327 0.8463
vn 0.0016 0.4593 0.8882
vn 0.0000 0.4570 0.8895
vn 0.0000 0.4587 0.8885
vn 0.0016 0.4592 0.8883
vn 0.5096 -0.3373 0.7915
vn 0.0298 -0.2259 0.9737
vn -0.5040 0.3336 0.7967
vn -0.0303 0.2350 0.9715
vn 0.1787 0.0674 0.9816
vn 0.0000 -0.5379 0.8430
vn -0.1787 -0.2456 0.9527
vn 0.0015 0.4617 0.8870
vn 0.2528 0.3608 0.8977
vn 0.3894 0.0580 0.9192
vn 0.0015 0.4643 0.8856
vn -0.4985 -0.0113 0.8668
vn 0.0000 0.3974 0.9176
vn -0.3549 0.4123 0.8390
vn 0.0000 0.4651 0.8852
vn -0.6091 0.0040 0.7930
vn -0.3674 -0.5329 0.7622
vn 0.0000 0.0000 1.0000
vn 0.6273 0.0694 0.7757
vn 0.3433 0.5017 0.7940
vn 0.0000 0.5105 0.8599
vn -0.3919 0.0902 0.9156
vn -0.3981 0.0032 0.9173
vn -0.3926 -0.0838 0.9159
vn -0.3040 -0.2733 0.9126
vn 0.0000 -0.4118 0.9112
vn -0.3064 0.2705 0.9126
vn 0.0000 0.4148 0.9099
vn 0.4093 -0.0033 0.9124
vn 0.4021 0.0837 0.9117
vn 0.3106 -0.2589 0.9146
vn 0.4014 -0.0902 0.9114
vn 0.0000 -0.3923 0.9198
vn 0.3083 0.2610 0.9148
vn 0.0000 0.3891 0.9212
vn 0.0025 -0.5350 0.8448
vn 0.0025 -0.5356 0.8444
vn -0.0016 -0.4655 0.8850
vn 0.0000 -0.4656 0.8850
vn 0.0015 0.4642 0.8857
vn -0.0015 -0.4617 0.8870
vn 0.0015 0.4618 0.8870
vn -0.0015 -0.4635 0.8861
vn 0.5875 -0.0346 0.8084
vn -0.3045 0.5172 0.7998
vn -0.5986 0.0249 0.8007
vn 0.3017 -0.5304 0.7922
vn 0.5987 -0.0246 0.8006
vn -0.3015 0.5306 0.7922
vn -0.4704 0.5025 0.7254
vn 0.0000 0.6839 0.7296
vn -0.3804 0.2725 0.8837
vn -0.3760 0.2841 0.8820
vn 0.0000 0.1444 0.9895
vn -0.5875 0.0349 0.8085
vn 0.3047 -0.5170 0.7999
vn -0.4014 0.1952 0.8948
vn -0.0846 0.0539 0.9949
vn -0.3598 -0.2448 0.9003
vn -0.3492 -0.2393 0.9059
vn 0.0786 -0.0504 0.9956
vn 0.4109 -0.1594 0.8976
vn -0.0007 -0.4584 0.8887
vn -0.0002 -0.4571 0.8894
vn 0.0000 0.4625 0.8866
vn 0.0011 0.4619 0.8869
vn 0.0012 0.4628 0.8864
vn 0.4599 0.2266 0.8585
vn 0.3824 0.3441 0.8575
vn 0.4326 0.4028 0.8066
vn 0.5051 0.2653 0.8212
vn -0.4804 -0.1967 0.8547
vn -0.2835 -0.3344 0.8987
vn -0.4168 -0.4110 0.8108
vn -0.5679 -0.2121 0.7953
vn -0.3569 -0.3956 0.8462
vn -0.0683 -0.3804 0.9223
vn -0.1404 -0.5939 0.7922
vn -0.3861 -0.4203 0.8211
vn -0.4890 0.1240 0.8634
vn -0.5433 -0.0443 0.8384
vn -0.5998 -0.0516 0.7984
vn -0.5907 0.1197 0.7980
vn -0.4963 -0.1600 0.8533
vn -0.4235 -0.2813 0.8611
vn -0.4900 -0.3289 0.8073
vn -0.5426 -0.1824 0.8199
vn -0.0009 -0.4622 0.8868
vn -0.0008 -0.4625 0.8866
vn -0.0008 -0.4633 0.8862
vn -0.0008 -0.4680 0.8837
vn -0.4830 -0.2390 0.8423
vn -0.4001 -0.3608 0.8424
vn -0.4510 -0.4187 0.7882
vn -0.5288 -0.2764 0.8025
vn -0.3865 -0.2718 0.8813
vn 0.3146 0.4465 0.8376
vn 0.1490 0.4630 0.8737
vn 0.2019 0.5640 0.8007
vn 0.3321 0.4702 0.8177
vn -0.0009 -0.4597 0.8881
vn -0.0009 -0.4591 0.8884
vn -0.3913 -0.2857 0.8748
vn -0.3849 -0.2770 0.8804
vn -0.0009 -0.4614 0.8872
vn -0.0009 -0.4605 0.8876
vn 0.3738 0.4139 0.8300
vn 0.0739 0.4059 0.9109
vn 0.1438 0.6230 0.7689
vn 0.4026 0.4389 0.8032
vn 0.3357 0.2360 0.9119
vn 0.3058 -0.3744 0.8754
vn 0.5771 -0.1389 0.8047
vn 0.6715 -0.1465 0.7263
vn 0.4720 -0.5220 0.7104
vn 0.5040 0.3336 0.7966
vn 0.1705 -0.0648 0.9832
vn 0.1592 0.1152 0.9805
vn 0.5044 0.3649 0.7825
vn 0.3344 0.2394 0.9115
vn 0.3331 0.2366 0.9127
vn 0.0005 0.4591 0.8884
vn 0.0005 0.4576 0.8892
vn 0.0009 0.4587 0.8886
vn 0.0007 0.4577 0.8891
vn 0.6213 0.0514 0.7819
vn 0.5599 0.2240 0.7977
vn 0.6413 0.2464 0.7266
vn 0.6764 0.0573 0.7342
vn 0.3357 0.2361 0.9119
vn 0.0009 0.4604 0.8877
vn 0.0010 0.4612 0.8873
vn 0.5203 0.1683 0.8372
vn 0.4440 0.2951 0.8460
vn 0.5108 0.3426 0.7885
vn 0.5670 0.1900 0.8015
vn -0.3954 -0.3136 0.8633
vn -0.3644 -0.2856 0.8863
vn -0.4910 0.1185 0.8630
vn -0.0898 0.0570 0.9943
vn 0.1362 -0.5048 0.8524
vn 0.1808 -0.6702 0.7198
vn 0.0010 0.4594 0.8882
vn 0.0009 0.4597 0.8880
vn -0.3283 -0.4658 0.8217
vn -0.1576 -0.4865 0.8593
vn -0.2089 -0.5883 0.7812
vn -0.3457 -0.4895 0.8005
vn -0.3225 -0.2474 0.9136
vn -0.3222 -0.2469 0.9139
vn 0.4834 0.3340 0.8091
vn -0.3808 -0.2619 0.8867
vn -0.1272 0.0458 0.9908
vn 0.0298 0.2261 0.9736
vn 0.4164 0.2658 0.8694
vn -0.4785 -0.3305 0.8135
vn 0.1734 -0.0754 0.9820
vn -0.0279 -0.2165 0.9759
vn -0.5135 -0.3720 0.7732
vn 0.1210 0.2238 0.9671
vn 0.2005 0.1935 0.9604
vn -0.3385 -0.2412 0.9095
vn 0.1150 -0.2303 0.9663
vn 0.1932 -0.1896 0.9626
vn -0.3365 -0.2329 0.9124
vn 0.3631 0.0027 0.9317
vn 0.3275 0.0864 0.9409
vn 0.3274 -0.0816 0.9413
vn 0.0016 -0.4653 0.8852
vn -0.1794 0.1841 0.9664
vn -0.1858 -0.1878 0.9644
vn 0.3822 0.2771 0.8816
vn 0.3865 0.2718 0.8813
vn -0.3341 -0.0896 0.9382
vn -0.3737 -0.0028 0.9275
vn -0.3340 0.0848 0.9387
vn 0.3641 0.2665 0.8924
vn 0.3067 0.2412 0.9207
vn 0.0015 -0.4636 0.8860
vn 0.0014 -0.4614 0.8872
vn 0.0012 -0.4595 0.8881
vn 0.2723 -0.2491 0.9294
vn 0.3657 0.2711 0.8904
vn 0.3455 0.2504 0.9044
vn 0.0011 -0.4590 0.8884
vn 0.0570 -0.0236 0.9981
vn -0.0006 0.4660 0.8848
vn -0.0006 0.4666 0.8844
vn -0.2228 0.2888 0.9311
vn -0.4067 0.4226 0.8099
vn 0.3628 -0.0548 0.9302
vn 0.5966 -0.0633 0.8000
vn -0.4714 0.0116 0.8819
vn -0.5815 -0.0054 0.8135
vn -0.1653 0.2267 0.9598
vn -0.3469 0.5070 0.7890
vn -0.3345 -0.2354 0.9125
vn -0.1649 -0.1195 0.9790
vn 0.2366 -0.3372 0.9112
vn 0.3249 -0.4761 0.8171
vn -0.0025 -0.5379 0.8430
vn -0.0025 -0.5327 0.8463
vn -0.0016 0.4593 0.8882
vn -0.0016 0.4592 0.8883
vn -0.5096 -0.3373 0.7915
vn -0.0298 -0.2259 0.9737
vn 0.5040 0.3336 0.7967
vn 0.0371 0.2273 0.9731
vn -0.3577 -0.2646 0.8956
vn -0.1787 0.0674 0.9816
vn 0.0000 -0.5363 0.8440
vn -0.0015 0.4617 0.8870
vn 0.1787 -0.2456 0.9527
vn -0.2528 0.3608 0.8977
vn -0.3894 0.0580 0.9192
vn -0.0015 0.4644 0.8856
vn 0.4985 -0.0113 0.8668
vn 0.3771 0.4118 0.8295
vn 0.2261 0.4158 0.8809
vn 0.3674 -0.5329 0.7622
vn 0.6091 0.0040 0.7930
vn -0.3433 0.5017 0.7940
vn -0.6273 0.0694 0.7756
vn 0.3919 0.0902 0.9156
vn 0.3981 0.0032 0.9173
vn 0.3926 -0.0838 0.9159
vn 0.2177 -0.4357 0.8733
vn 0.3103 -0.2703 0.9114
vn 0.3130 0.2670 0.9114
vn 0.2368 0.4378 0.8673
vn -0.4093 -0.0033 0.9124
vn -0.4021 0.0837 0.9117
vn -0.3106 -0.2589 0.9146
vn -0.4014 -0.0902 0.9114
vn -0.3083 0.2610 0.9148
vn -0.0025 -0.5350 0.8448
vn -0.0025 -0.5356 0.8444
vn 0.0016 -0.4655 0.8850
vn 0.0014 -0.4616 0.8871
vn -0.0015 0.4642 0.8857
vn 0.0015 -0.4635 0.8861
vn -0.0015 0.4618 0.8870
vn -0.4057 -0.2890 0.8671
vn -0.4548 -0.3204 0.8309
vn 0.3156 0.5023 0.8050
vn -0.4402 0.0279 0.8974
vn -0.3017 -0.5304 0.7922
vn 0.5258 -0.0216 0.8503
vn 0.4327 0.2961 0.8515
vn 0.4604 0.3240 0.8264
vn 0.3015 0.5306 0.7922
vn -0.5987 -0.0246 0.8006
vn 0.4841 0.4884 0.7260
vn 0.3659 0.6730 0.6428
vn 0.3804 0.2725 0.8838
vn -0.3646 -0.2643 0.8928
vn 0.2893 0.2280 0.9297
vn 0.3587 0.2696 0.8936
vn 0.5875 0.0349 0.8085
vn -0.3047 -0.5170 0.7999
vn -0.4803 -0.1967 0.8547
vn -0.4889 0.1240 0.8634
vn -0.5998 -0.0515 0.7984
vn -0.4963 -0.1601 0.8533
vn -0.4236 -0.2813 0.8611
vn -0.4899 -0.3289 0.8073
vn -0.4000 -0.3608 0.8424
vn 0.2958 -0.3728 0.8795
vn 0.5771 -0.1390 0.8047
vn 0.4640 -0.5284 0.7110
vn 0.3334 0.2423 0.9111
vn 0.3312 0.2372 0.9133
vn 0.6413 0.2465 0.7266
vn 0.4440 0.2950 0.8460
vn -0.4180 -0.3212 0.8498
vn -0.3935 -0.2922 0.8716
vn 0.5096 0.3373 0.7915
vn -0.5040 -0.3336 0.7966
vn -0.1707 0.0648 0.9832
vn 0.1786 -0.0673 0.9816
vn 0.1915 0.1896 0.9630
vn -0.3377 -0.2435 0.9092
vn 0.1853 -0.1859 0.9649
vn 0.3821 0.2771 0.8816
vn 0.3728 0.2739 0.8865
vn 0.0015 -0.4615 0.8871
vn 0.3752 -0.1896 0.9073
vn 0.0012 -0.4596 0.8881
vn 0.0708 -0.0317 0.9970
vn -0.0007 0.4659 0.8848
vn -0.0007 0.4667 0.8844
vn -0.3330 -0.2358 0.9129
vn 0.3249 -0.4761 0.8172
vn 0.0303 0.2350 0.9715
vn -0.0015 0.4643 0.8856
vn 0.3549 0.4123 0.8390
vn 0.3040 -0.2733 0.9126
vn 0.3064 0.2705 0.9126
vn 0.0015 -0.4617 0.8871
vn 0.3045 0.5172 0.7998
vn -0.5875 -0.0346 0.8084
vn 0.5986 0.0249 0.8007
vn 0.4704 0.5025 0.7254
vn 0.3760 0.2841 0.8820
vn 0.5998 -0.0515 0.7984
vn 0.4236 -0.2813 0.8611
vn 0.0007 -0.4632 0.8862
vn 0.0007 -0.4624 0.8866
vn 0.4000 -0.3608 0.8424
vn -0.1585 0.1174 0.9803
vn -0.4972 0.3680 0.7857
vn -0.0005 0.4570 0.8894
vn -0.0005 0.4576 0.8892
vn -0.4440 0.2951 0.8460
vn -0.1263 -0.5313 0.8377
vn -0.1529 -0.6432 0.7502
vn 0.5072 -0.3741 0.7764
vn -0.1200 0.2434 0.9625
vn -0.1145 -0.2505 0.9613
vn -0.3276 0.0864 0.9409
vn 0.4713 0.0116 0.8819
vn 0.5814 -0.0054 0.8135
vn 0.1648 -0.1215 0.9788
vn -0.2123 0.4545 0.8650
vn 0.6273 0.0694 0.7756
vn -0.1850 -0.4047 0.8955
vn -0.2004 0.4064 0.8914
vn -0.0015 -0.4617 0.8871
vn -0.3042 0.6514 0.6950
usemtl None
s 1
f 156/1/1 75/2/2 330/3/3 261/4/4
f 33/5/5 812/6/5 987/7/6 204/8/6
f 55/9/7 54/10/7 229/11/7 230/12/7
f 164/13/8 83/14/9 260/15/10 325/16/11
f 792/17/12 28/18/12 203/19/12 986/20/12
f 48/21/13 49/22/13 226/23/14 224/24/14
f 813/25/13 43/26/13 220/27/14 1008/28/14
f 52/29/13 387/30/13 592/31/14 228/32/14
f 79/33/15 156/1/1 261/4/4 256/34/16
f 111/35/17 292/36/18 287/37/19 108/38/20
f 51/39/13 52/29/13 228/32/14 227/40/14
f 14/41/21 188/42/22 190/43/23 16/44/24
f 50/45/13 51/39/13 227/40/14 225/46/14
f 102/47/25 281/48/26 285/49/27 106/50/28
f 49/22/13 50/45/13 225/46/14 226/23/14
f 17/51/29 191/52/30 189/53/31 15/54/32
f 47/55/13 48/21/13 224/24/14 223/56/14
f 46/57/13 47/55/13 223/56/14 222/58/14
f 110/59/33 291/60/34 282/61/35 103/62/36
f 45/63/13 46/57/13 222/58/14 221/64/14
f 80/65/37 807/66/38 1006/67/39 257/68/40
f 12/69/41 187/70/42 182/71/43 9/72/44
f 143/73/45 142/74/45 302/75/45 304/76/45
f 107/77/46 286/78/47 290/79/48 109/80/49
f 44/81/13 45/63/13 221/64/14 219/82/14
f 83/14/9 82/83/50 259/84/51 260/15/10
f 499/85/52 145/86/53 305/87/54 695/88/55
f 43/26/13 44/81/13 219/82/14 220/27/14
f 82/83/50 81/89/56 258/90/57 259/84/51
f 3/91/58 176/92/59 180/93/60 7/94/61
f 145/86/53 144/95/45 303/96/45 305/87/54
f 170/97/62 169/98/63 326/99/63 327/100/62
f 81/89/56 80/65/37 257/68/40 258/90/57
f 144/95/45 143/73/45 304/76/45 303/96/45
f 112/101/64 293/102/65 296/103/66 116/104/67
f 87/105/68 142/74/45 143/73/45 88/106/69
f 910/107/70 172/108/71 329/109/72 1085/110/73
f 802/111/74 76/112/75 254/113/76 1001/114/77
f 142/74/45 141/115/45 298/116/45 302/75/45
f 114/117/78 295/118/79 294/119/80 113/120/81
f 172/108/71 171/121/62 328/122/62 329/109/72
f 78/123/82 79/33/15 256/34/16 255/124/83
f 11/125/84 186/126/85 177/127/86 4/128/87
f 138/129/88 137/130/89 252/131/90 301/132/91
f 843/133/92 1043/134/93 293/102/65 112/101/64
f 171/121/62 170/97/62 327/100/62 328/122/62
f 77/135/94 78/123/82 255/124/83 253/136/95
f 8/137/96 181/138/97 185/139/98 10/140/99
f 139/141/45 138/129/88 301/132/91 300/142/45
f 169/98/63 168/143/62 322/144/62 326/99/63
f 76/112/75 77/135/94 253/136/95 254/113/76
f 32/145/12 155/146/12 218/147/12 208/148/12
f 39/149/5 40/150/5 124/151/100 123/152/100
f 52/29/13 51/39/13 135/153/101 136/154/101
f 40/150/5 41/155/5 125/156/100 124/151/100
f 44/81/13 43/26/13 127/157/101 128/158/101
f 812/6/5 33/5/5 117/159/100 868/160/100
f 387/30/13 52/29/13 136/154/101 484/161/101
f 41/155/5 42/162/5 126/163/100 125/156/100
f 45/63/13 44/81/13 128/158/101 129/164/101
f 33/5/5 34/165/5 118/166/100 117/159/100
f 49/22/13 48/21/13 132/167/101 133/168/101
f 42/162/5 376/169/5 473/170/100 126/163/100
f 46/57/13 45/63/13 129/164/101 130/171/101
f 34/165/5 35/172/5 119/173/100 118/166/100
f 38/174/5 39/149/5 123/152/100 122/175/100
f 47/55/13 46/57/13 130/171/101 131/176/101
f 35/172/5 36/177/5 120/178/100 119/173/100
f 48/21/13 47/55/13 131/176/101 132/167/101
f 36/177/5 37/179/5 121/180/100 120/178/100
f 43/26/13 813/25/13 869/181/101 127/157/101
f 50/45/13 49/22/13 133/168/101 134/182/101
f 37/179/5 38/174/5 122/175/100 121/180/100
f 51/39/13 50/45/13 134/182/101 135/153/101
f 84/183/102 89/184/103 90/185/104 91/186/105
f 94/187/102 84/183/102 91/186/105 92/188/105
f 92/188/105 93/189/106 95/190/107 94/187/102
f 900/191/108 163/192/109 25/193/110 871/194/111
f 747/195/112 23/196/113 76/112/75 802/111/74
f 25/193/110 163/192/109 162/197/114
f 27/198/115 24/199/116 161/200/114 160/201/114
f 24/199/116 25/193/110 162/197/114 161/200/114
f 26/202/117 27/198/115 160/201/114 159/203/114
f 23/196/113 26/202/117 159/203/114 158/204/114
f 23/196/113 158/204/114 157/205/114
f 76/112/75 23/196/113 77/135/94
f 77/135/94 23/196/113 78/123/82
f 23/196/113 157/205/114 75/2/2
f 23/196/113 75/2/2 156/1/1 79/33/15
f 78/123/82 23/196/113 79/33/15
f 354/206/118 22/207/119 67/208/120 405/209/121
f 20/210/122 444/211/123 403/212/124 66/213/125
f 65/214/126 20/210/122 66/213/125
f 21/215/127 20/210/122 65/214/126 64/216/126
f 18/217/128 21/215/127 64/216/126 63/218/126
f 19/219/129 18/217/128 63/218/126 62/220/126
f 22/207/119 19/219/129 62/220/126 61/221/126
f 22/207/119 61/221/126 60/222/126
f 22/207/119 60/222/126 59/223/130
f 67/208/120 22/207/119 68/224/131
f 68/224/131 22/207/119 69/225/132
f 22/207/119 59/223/130 58/226/133 70/227/134
f 69/225/132 22/207/119 70/227/134
f 165/228/135 164/13/8 325/16/11 324/229/136
f 144/95/45 93/189/106 88/106/69 143/73/45
f 70/227/134 58/226/133 236/230/137 247/231/138
f 39/149/5 38/174/5 213/232/6 215/233/6
f 166/234/63 165/228/135 324/229/136 323/235/63
f 137/130/89 74/236/139 251/237/140 252/131/90
f 13/238/141 192/239/142 191/52/30 17/51/29
f 104/240/143 283/241/144 292/36/18 111/35/17
f 376/169/5 42/162/5 217/242/6 589/243/6
f 167/244/62 166/234/63 323/235/63 321/245/62
f 101/246/145 280/247/146 291/60/34 110/59/33
f 42/162/5 41/155/5 216/248/6 217/242/6
f 168/143/62 167/244/62 321/245/62 322/144/62
f 16/44/24 190/43/23 550/249/147 346/250/148
f 109/80/49 290/79/48 279/251/149 100/252/150
f 41/155/5 40/150/5 214/253/6 216/248/6
f 160/201/114 161/200/114 319/254/114 317/255/114
f 15/54/32 189/53/31 188/42/22 14/41/21
f 40/150/5 39/149/5 215/233/6 214/253/6
f 163/192/109 900/191/108 1075/256/151 320/257/152
f 108/38/20 287/37/19 286/78/47 107/77/46
f 38/174/5 37/179/5 212/258/6 213/232/6
f 162/197/114 163/192/109 320/257/152 318/259/114
f 106/50/28 285/49/27 284/260/153 105/261/154
f 37/179/5 36/177/5 211/262/6 212/258/6
f 161/200/114 162/197/114 318/259/114 319/254/114
f 154/263/155 53/264/156 74/236/139 137/130/89
f 155/146/12 32/145/12 83/14/9 164/13/8
f 71/265/157 410/266/158 630/267/159 248/268/160
f 98/269/161 99/270/162 166/234/63 167/244/62
f 499/85/52 504/271/12 149/272/12
f 99/270/162 95/190/107 165/228/135 166/234/63
f 95/190/107 93/189/106 144/95/45 165/228/135
f 165/228/135 144/95/45 145/86/53 164/13/8
f 164/13/8 145/86/53 499/85/52 146/273/12 155/146/12
f 146/273/12 499/85/52 147/274/12
f 147/274/12 499/85/52 148/275/12
f 148/275/12 499/85/52 149/272/12
f 86/276/163 141/115/45 142/74/45 87/105/68
f 85/277/164 140/278/45 141/115/45 86/276/163
f 97/279/161 98/269/161 167/244/62 168/143/62
f 96/280/165 97/279/161 168/143/62 169/98/63
f 89/184/103 96/280/165 169/98/63 170/97/62
f 150/281/166 910/107/70 890/282/166
f 90/185/104 89/184/103 170/97/62 139/141/45
f 139/141/45 170/97/62 171/121/62 138/129/88
f 138/129/88 171/121/62 172/108/71 137/130/89
f 172/108/71 910/107/70 150/281/166 151/283/166
f 172/108/71 151/283/166 152/284/166
f 172/108/71 152/284/166 153/285/166
f 137/130/89 172/108/71 153/285/166 154/263/155
f 10/140/99 1/286/167 71/265/157 72/287/168
f 6/288/169 5/289/170 55/9/7 56/290/7
f 54/10/7 55/9/7 5/289/170
f 8/137/96 72/287/168 73/291/171 9/72/44
f 12/69/41 73/291/171 74/236/139 53/264/156 54/10/7 5/289/170
f 10/140/99 72/287/168 8/137/96
f 9/72/44 73/291/171 12/69/41
f 17/51/29 3/91/58 7/94/61 13/238/141
f 3/91/58 17/51/29 15/54/32 4/128/87
f 14/41/21 11/125/84 4/128/87 15/54/32
f 11/125/84 14/41/21 16/44/24 2/292/172
f 2/292/172 16/44/24 346/250/148 1/286/167
f 410/266/158 71/265/157 1/286/167 346/250/148
f 393/293/7 487/294/173 13/238/141 57/295/7
f 7/94/61 57/295/7 13/238/141
f 116/104/67 102/47/25 106/50/28 112/101/64
f 102/47/25 116/104/67 114/117/78 103/62/36
f 113/120/81 110/59/33 103/62/36 114/117/78
f 110/59/33 113/120/81 115/296/174 101/246/145
f 101/246/145 115/296/174 870/297/175 100/252/150
f 807/66/38 80/65/37 100/252/150 870/297/175
f 792/17/12 843/133/92 112/101/64 28/18/12
f 29/298/12 28/18/12 112/101/64 106/50/28
f 81/89/56 109/80/49 100/252/150 80/65/37
f 82/83/50 107/77/46 109/80/49 81/89/56
f 29/298/12 106/50/28 105/261/154 30/299/12
f 83/14/9 108/38/20 107/77/46 82/83/50
f 30/299/12 105/261/154 104/240/143 31/300/12
f 83/14/9 111/35/17 108/38/20
f 104/240/143 111/35/17 83/14/9
f 31/300/12 104/240/143 83/14/9 32/145/12
f 186/126/85 175/301/176 174/302/177 173/303/178
f 187/70/42 178/304/179 179/305/180 183/306/178
f 181/138/97 182/71/43 184/307/178 173/303/178
f 176/92/59 177/127/86 184/307/178 183/306/178
f 191/52/30 192/239/142 684/308/181 546/309/178
f 188/42/22 189/53/31 547/310/178 552/311/178
f 185/139/98 181/138/97 173/303/178 174/302/177
f 177/127/86 186/126/85 173/303/178 184/307/178
f 180/93/60 176/92/59 183/306/178 179/305/180
f 182/71/43 187/70/42 183/306/178 184/307/178
f 189/53/31 191/52/30 546/309/178 547/310/178
f 190/43/23 188/42/22 552/311/178 550/249/147
f 196/312/182 199/313/183 940/314/178 941/315/178
f 198/316/184 195/317/185 933/318/186 939/319/178
f 197/320/187 196/312/182 941/315/178 1049/321/188
f 199/313/183 198/316/184 939/319/178 940/314/178
f 194/322/189 201/323/190 570/324/178 559/325/178
f 200/326/191 193/327/192 556/328/178 557/329/193
f 201/323/190 202/330/194 571/331/195 570/324/178
f 193/327/192 194/322/189 559/325/178 556/328/178
f 213/232/6 212/258/6 208/148/12 218/147/12
f 208/148/12 212/258/6 211/262/6 207/332/12
f 207/332/12 211/262/6 210/333/6 206/334/12
f 206/334/12 210/333/6 209/335/6 205/336/12
f 205/336/12 209/335/6 204/8/6 203/19/12
f 226/23/14 229/11/7 233/337/196 224/24/14
f 223/56/14 224/24/14 233/337/196 234/338/197
f 592/31/14 591/339/7 232/340/7 228/32/14
f 228/32/14 232/340/7 231/341/7 227/40/14
f 227/40/14 231/341/7 230/12/7 225/46/14
f 225/46/14 230/12/7 229/11/7 226/23/14
f 245/342/198 248/268/160 630/267/159 625/343/199
f 247/231/138 251/237/140 250/344/200 246/345/201
f 246/345/201 250/344/200 249/346/202 244/347/203
f 244/347/203 249/346/202 248/268/160 245/342/198
f 247/231/138 236/230/137 252/131/90 251/237/140
f 254/113/76 257/68/40 1006/67/39 1001/114/77
f 256/34/16 260/15/10 259/84/51 255/124/83
f 255/124/83 259/84/51 258/90/57 253/136/95
f 253/136/95 258/90/57 257/68/40 254/113/76
f 256/34/16 261/4/4 325/16/11 260/15/10
f 203/19/12 204/8/6 987/7/6 986/20/12
f 262/348/163 273/349/105 272/350/105 266/351/163
f 266/351/163 272/350/105 271/352/204 267/353/205
f 268/354/161 264/355/102 275/356/206 269/357/207
f 264/355/102 268/354/161 277/358/161 265/359/102
f 265/359/102 277/358/161 276/360/208 270/361/209
f 291/60/34 280/247/146 279/251/149 278/362/178
f 292/36/18 283/241/144 284/260/153 288/363/178
f 286/78/47 287/37/19 289/364/178 278/362/178
f 281/48/26 282/61/35 289/364/178 288/363/178
f 296/103/66 293/102/65 1043/134/93 1040/365/178
f 294/119/80 295/118/79 1041/366/178 1048/367/178
f 290/79/48 286/78/47 278/362/178 279/251/149
f 282/61/35 291/60/34 278/362/178 289/364/178
f 285/49/27 281/48/26 288/363/178 284/260/153
f 287/37/19 292/36/18 288/363/178 289/364/178
f 295/118/79 296/103/66 1040/365/178 1041/366/178
f 297/368/210 294/119/80 1048/367/178 1052/369/211
f 241/370/126 243/371/212 305/87/54 303/96/45
f 238/372/126 239/373/126 298/116/45 299/374/45
f 236/230/137 235/375/213 301/132/91 252/131/90
f 243/371/212 618/376/214 695/88/55 305/87/54
f 239/373/126 240/377/126 302/75/45 298/116/45
f 235/375/213 237/378/126 300/142/45 301/132/91
f 240/377/126 242/379/126 304/76/45 302/75/45
f 242/379/126 241/370/126 303/96/45 304/76/45
f 237/378/126 238/372/126 299/374/45 300/142/45
f 219/82/14 221/64/14 312/380/166 310/381/166
f 217/242/6 216/248/6 308/382/12 309/383/12
f 1008/28/14 220/27/14 311/384/166 1067/385/166
f 221/64/14 222/58/14 313/386/166 312/380/166
f 589/243/6 217/242/6 309/383/12 700/387/12
f 214/253/6 215/233/6 307/388/12 306/389/12
f 222/58/14 223/56/14 234/338/197 313/386/166
f 220/27/14 219/82/14 310/381/166 311/384/166
f 216/248/6 214/253/6 306/389/12 308/382/12
f 213/232/6 218/147/12 307/388/12 215/233/6
f 318/259/114 320/257/152 329/109/72 328/122/62
f 314/390/114 316/391/114 322/144/62 321/245/62
f 261/4/4 330/3/3 324/229/136 325/16/11
f 320/257/152 1075/256/151 1085/110/73 329/109/72
f 316/391/114 317/255/114 326/99/63 322/144/62
f 330/3/3 315/392/114 323/235/63 324/229/136
f 317/255/114 319/254/114 327/100/62 326/99/63
f 319/254/114 318/259/114 328/122/62 327/100/62
f 315/392/114 314/390/114 321/245/62 323/235/63
f 263/393/215 274/394/216 273/349/105 262/348/163
f 56/290/7 55/9/7 230/12/7 231/341/7
f 116/104/67 296/103/66 295/118/79 114/117/78
f 21/215/127 18/217/128 194/322/189 193/327/192
f 87/105/68 88/106/69 263/393/215 262/348/163
f 75/2/2 157/205/114 315/392/114 330/3/3
f 57/295/7 56/290/7 231/341/7 232/340/7
f 146/273/12 147/274/12 306/389/12 307/388/12
f 84/183/102 94/187/102 264/355/102 265/359/102
f 393/293/7 57/295/7 232/340/7 591/339/7
f 113/120/81 294/119/80 297/368/210 115/296/174
f 147/274/12 148/275/12 308/382/12 306/389/12
f 23/196/113 747/195/112 933/318/186 195/317/185
f 85/277/164 86/276/163 266/351/163 267/353/205
f 54/10/7 53/264/156 233/337/196 229/11/7
f 148/275/12 149/272/12 309/383/12 308/382/12
f 25/193/110 24/199/116 196/312/182 197/320/187
f 86/276/163 87/105/68 262/348/163 266/351/163
f 149/272/12 504/271/12 700/387/12 309/383/12
f 27/198/115 26/202/117 198/316/184 199/313/183
f 99/270/162 98/269/161 268/354/161 269/357/207
f 151/283/166 150/281/166 311/384/166 310/381/166
f 89/184/103 84/183/102 265/359/102 270/361/209
f 487/294/173 684/308/181 192/239/142 13/238/141
f 53/264/156 154/263/155 234/338/197 233/337/196
f 152/284/166 151/283/166 310/381/166 312/380/166
f 91/186/105 90/185/104 271/352/204 272/350/105
f 153/285/166 152/284/166 312/380/166 313/386/166
f 92/188/105 91/186/105 272/350/105 273/349/105
f 871/194/111 25/193/110 197/320/187 1049/321/188
f 154/263/155 153/285/166 313/386/166 234/338/197
f 24/199/116 27/198/115 199/313/183 196/312/182
f 93/189/106 92/188/105 273/349/105 274/394/216
f 150/281/166 890/282/166 1067/385/166 311/384/166
f 95/190/107 99/270/162 269/357/207 275/356/206
f 141/115/45 140/278/45 299/374/45 298/116/45
f 58/226/133 59/223/130 235/375/213 236/230/137
f 26/202/117 23/196/113 195/317/185 198/316/184
f 115/296/174 297/368/210 1052/369/211 870/297/175
f 59/223/130 60/222/126 237/378/126 235/375/213
f 60/222/126 61/221/126 238/372/126 237/378/126
f 90/185/104 85/277/164 267/353/205 271/352/204
f 61/221/126 62/220/126 239/373/126 238/372/126
f 444/211/123 20/210/122 200/326/191 557/329/193
f 94/187/102 95/190/107 275/356/206 264/355/102
f 62/220/126 63/218/126 240/377/126 239/373/126
f 97/279/161 96/280/165 276/360/208 277/358/161
f 64/216/126 65/214/126 241/370/126 242/379/126
f 98/269/161 97/279/161 277/358/161 268/354/161
f 140/278/45 139/141/45 300/142/45 299/374/45
f 65/214/126 66/213/125 243/371/212 241/370/126
f 18/217/128 19/219/129 201/323/190 194/322/189
f 88/106/69 93/189/106 274/394/216 263/393/215
f 66/213/125 403/212/124 618/376/214 243/371/212
f 20/210/122 21/215/127 193/327/192 200/326/191
f 1/286/167 174/302/177 175/301/176 2/292/172
f 63/218/126 64/216/126 242/379/126 240/377/126
f 22/207/119 354/206/118 571/331/195 202/330/194
f 4/128/87 177/127/86 176/92/59 3/91/58
f 96/280/165 89/184/103 270/361/209 276/360/208
f 6/288/169 179/305/180 178/304/179 5/289/170
f 67/208/120 68/224/131 244/347/203 245/342/198
f 28/18/12 29/298/12 205/336/12 203/19/12
f 19/219/129 22/207/119 202/330/194 201/323/190
f 7/94/61 180/93/60 179/305/180 6/288/169
f 68/224/131 69/225/132 246/345/201 244/347/203
f 29/298/12 30/299/12 206/334/12 205/336/12
f 9/72/44 182/71/43 181/138/97 8/137/96
f 69/225/132 70/227/134 247/231/138 246/345/201
f 155/146/12 146/273/12 307/388/12 218/147/12
f 30/299/12 31/300/12 207/332/12 206/334/12
f 405/209/121 67/208/120 245/342/198 625/343/199
f 31/300/12 32/145/12 208/148/12 207/332/12
f 10/140/99 185/139/98 174/302/177 1/286/167
f 72/287/168 71/265/157 248/268/160 249/346/202
f 157/205/114 158/204/114 314/390/114 315/392/114
f 34/165/5 33/5/5 204/8/6 209/335/6
f 100/252/150 279/251/149 280/247/146 101/246/145
f 2/292/172 175/301/176 186/126/85 11/125/84
f 73/291/171 72/287/168 249/346/202 250/344/200
f 158/204/114 159/203/114 316/391/114 314/390/114
f 35/172/5 34/165/5 209/335/6 210/333/6
f 103/62/36 282/61/35 281/48/26 102/47/25
f 5/289/170 178/304/179 187/70/42 12/69/41
f 74/236/139 73/291/171 250/344/200 251/237/140
f 159/203/114 160/201/114 317/255/114 316/391/114
f 36/177/5 35/172/5 210/333/6 211/262/6
f 105/261/154 284/260/153 283/241/144 104/240/143
f 6/288/169 56/290/7 57/295/7 7/94/61
f 85/277/164 90/185/104 139/141/45 140/278/45
f 512/395/217 642/396/218 724/397/219 415/398/220
f 366/399/5 575/400/6 620/401/6 426/402/5
f 390/403/7 604/404/7 603/405/7 389/406/7
f 521/407/221 718/408/222 640/409/223 425/410/224
f 404/411/225 619/412/12 574/413/12 361/414/12
f 382/415/13 598/416/14 600/417/14 383/418/13
f 427/419/13 643/420/14 594/421/14 377/422/13
f 386/423/13 602/424/14 592/31/14 387/30/13
f 420/425/226 635/426/227 642/396/218 512/395/217
f 456/427/228 453/428/229 669/429/230 674/430/231
f 385/431/13 601/432/14 602/424/14 386/423/13
f 344/433/232 347/434/233 551/435/234 548/436/235
f 384/437/13 599/438/14 601/432/14 385/431/13
f 447/439/236 451/440/237 667/441/238 663/442/239
f 383/418/13 600/417/14 599/438/14 384/437/13
f 348/443/240 345/444/241 549/445/242 553/446/243
f 381/447/13 597/448/14 598/416/14 382/415/13
f 380/449/13 596/450/14 597/448/14 381/447/13
f 455/451/244 448/452/245 664/453/246 673/454/247
f 379/455/13 595/456/14 596/450/14 380/449/13
f 422/457/248 637/458/249 641/459/250 421/460/251
f 342/461/252 339/462/253 540/463/254 545/464/255
f 496/465/256 693/466/256 691/467/256 495/468/256
f 452/469/257 454/470/258 672/471/259 668/472/260
f 378/473/13 593/474/14 595/456/14 379/455/13
f 425/410/224 640/409/223 639/475/261 424/476/262
f 499/85/52 695/88/55 694/477/263 498/478/264
f 377/422/13 594/421/14 593/474/14 378/473/13
f 424/476/262 639/475/261 638/479/265 423/480/266
f 333/481/267 337/482/268 538/483/269 534/484/270
f 498/478/264 694/477/263 692/485/256 497/486/256
f 527/487/271 720/488/271 719/489/271 526/490/271
f 423/480/266 638/479/265 637/458/249 422/457/248
f 497/486/256 692/485/256 693/466/256 496/465/256
f 457/491/272 462/492/273 681/493/274 677/494/275
f 431/495/276 432/496/277 496/465/256 495/468/256
f 530/497/278 723/498/279 722/499/280 529/500/281
f 416/501/282 636/502/283 633/503/284 417/504/285
f 495/468/256 691/467/256 686/505/256 494/506/256
f 460/507/286 459/508/287 679/509/288 680/510/289
f 529/500/281 722/499/280 721/511/290 528/512/271
f 419/513/291 634/514/292 635/426/227 420/425/226
f 341/515/293 334/516/294 535/517/295 544/518/296
f 491/519/297 690/520/298 631/521/299 490/522/300
f 458/523/301 457/491/272 677/494/275 678/524/302
f 528/512/271 721/511/290 720/488/271 527/487/271
f 418/525/303 632/526/304 634/514/292 419/513/291
f 338/527/305 340/528/306 543/529/307 539/530/308
f 492/531/309 689/532/310 690/520/298 491/519/297
f 526/490/271 719/489/271 715/533/271 525/534/271
f 417/504/285 633/503/284 632/526/304 418/525/303
f 365/535/12 579/536/12 590/537/12 511/538/12
f 372/539/5 469/540/100 470/541/100 373/542/5
f 386/423/13 483/543/101 482/544/101 385/431/13
f 373/542/5 470/541/100 471/545/100 374/546/5
f 378/473/13 475/547/101 474/548/101 377/422/13
f 426/402/5 485/549/100 463/550/100 366/399/5
f 387/30/13 484/161/101 483/543/101 386/423/13
f 374/546/5 471/545/100 472/551/100 375/552/5
f 379/455/13 476/553/101 475/547/101 378/473/13
f 366/399/5 463/550/100 464/554/100 367/555/5
f 383/418/13 480/556/101 479/557/101 382/415/13
f 375/552/5 472/551/100 473/170/100 376/169/5
f 380/449/13 477/558/101 476/553/101 379/455/13
f 367/555/5 464/554/100 465/559/100 368/560/5
f 371/561/5 468/562/100 469/540/100 372/539/5
f 381/447/13 478/563/101 477/558/101 380/449/13
f 368/560/5 465/559/100 466/564/100 369/565/5
f 382/415/13 479/557/101 478/563/101 381/447/13
f 369/565/5 466/564/100 467/566/100 370/567/5
f 377/422/13 474/548/101 486/568/101 427/419/13
f 384/437/13 481/569/101 480/556/101 383/418/13
f 370/567/5 467/566/100 468/562/100 371/561/5
f 385/431/13 482/544/101 481/569/101 384/437/13
f 428/570/311 435/571/312 434/572/313 433/573/314
f 438/574/315 436/575/316 435/571/312 428/570/311
f 436/575/316 438/574/315 439/576/317 437/577/318
f 520/578/319 489/579/320 358/580/321 519/581/322
f 355/582/323 416/501/282 417/504/285 356/583/324
f 358/580/321 518/584/325 519/581/322
f 360/585/326 516/586/325 517/587/325 357/588/327
f 357/588/327 517/587/325 518/584/325 358/580/321
f 359/589/328 515/590/325 516/586/325 360/585/326
f 356/583/324 514/591/325 515/590/325 359/589/328
f 356/583/324 513/592/325 514/591/325
f 417/504/285 418/525/303 356/583/324
f 418/525/303 419/513/291 356/583/324
f 356/583/324 415/398/220 513/592/325
f 356/583/324 420/425/226 512/395/217 415/398/220
f 419/513/291 420/425/226 356/583/324
f 354/206/118 405/209/121 406/593/329 353/594/330
f 351/595/331 402/596/332 403/212/124 444/211/123
f 401/597/333 402/596/332 351/595/331
f 352/598/334 400/599/333 401/597/333 351/595/331
f 349/600/335 399/601/333 400/599/333 352/598/334
f 350/602/336 398/603/333 399/601/333 349/600/335
f 353/594/330 397/604/333 398/603/333 350/602/336
f 353/594/330 396/605/337 397/604/333
f 353/594/330 395/606/338 396/605/337
f 406/593/329 407/607/339 353/594/330
f 407/607/339 408/608/340 353/594/330
f 353/594/330 409/609/341 394/610/342 395/606/338
f 408/608/340 409/609/341 353/594/330
f 522/611/343 717/612/344 718/408/222 521/407/221
f 497/486/256 496/465/256 432/496/277 437/577/318
f 409/609/341 624/613/345 610/614/346 394/610/342
f 372/539/5 586/615/6 584/616/6 371/561/5
f 523/617/290 716/618/290 717/612/344 522/611/343
f 490/522/300 631/521/299 629/619/347 414/620/348
f 343/621/349 348/443/240 553/446/243 554/622/350
f 449/623/351 456/427/228 674/430/231 665/624/352
f 376/169/5 589/243/6 588/625/6 375/552/5
f 524/626/271 714/627/271 716/618/290 523/617/290
f 446/628/353 455/451/244 673/454/247 662/629/354
f 375/552/5 588/625/6 587/630/6 374/546/5
f 525/534/271 715/533/271 714/627/271 524/626/271
f 347/434/233 346/250/148 550/249/147 551/435/234
f 454/470/258 445/631/355 661/632/356 672/471/259
f 374/546/5 587/630/6 585/633/6 373/542/5
f 516/586/325 709/634/325 711/635/325 517/587/325
f 345/444/241 344/433/232 548/436/235 549/445/242
f 373/542/5 585/633/6 586/615/6 372/539/5
f 519/581/322 712/636/357 713/637/358 520/578/319
f 453/428/229 452/469/257 668/472/260 669/429/230
f 371/561/5 584/616/6 583/638/6 370/567/5
f 518/584/325 710/639/325 712/636/357 519/581/322
f 451/440/237 450/640/359 666/641/360 667/441/238
f 370/567/5 583/638/6 582/642/6 369/565/5
f 517/587/325 711/635/325 710/639/325 518/584/325
f 509/643/361 490/522/300 414/620/348 388/644/362
f 511/538/12 521/407/221 425/410/224 365/535/12
f 411/645/363 626/646/364 630/267/159 410/266/158
f 442/647/365 524/626/271 523/617/290 443/648/366
f 499/85/52 503/649/12 504/271/12
f 443/648/366 523/617/290 522/611/343 439/576/317
f 439/576/317 522/611/343 497/486/256 437/577/318
f 522/611/343 521/407/221 498/478/264 497/486/256
f 521/407/221 511/538/12 500/650/12 499/85/52 498/478/264
f 500/650/12 501/651/12 499/85/52
f 501/651/12 502/652/12 499/85/52
f 502/652/12 503/649/12 499/85/52
f 430/653/367 431/495/276 495/468/256 494/506/256
f 429/654/368 430/653/367 494/506/256 493/655/369
f 441/656/365 525/534/271 524/626/271 442/647/365
f 440/657/370 526/490/271 525/534/271 441/656/365
f 433/573/314 527/487/271 526/490/271 440/657/370
f 505/658/166 510/659/371 530/497/278
f 434/572/313 492/531/309 527/487/271 433/573/314
f 492/531/309 491/519/297 528/512/271 527/487/271
f 491/519/297 490/522/300 529/500/281 528/512/271
f 529/500/281 506/660/166 505/658/166 530/497/278
f 529/500/281 507/661/166 506/660/166
f 529/500/281 508/662/166 507/661/166
f 490/522/300 509/643/361 508/662/166 529/500/281
f 340/528/306 412/663/372 411/645/363 331/664/373
f 336/665/374 391/666/7 390/403/7 335/667/375
f 389/406/7 335/667/375 390/403/7
f 338/527/305 339/462/253 413/668/376 412/663/372
f 342/461/252 335/667/375 389/406/7 388/644/362 414/620/348 413/668/376
f 340/528/306 338/527/305 412/663/372
f 339/462/253 342/461/252 413/668/376
f 348/443/240 343/621/349 337/482/268 333/481/267
f 333/481/267 334/516/294 345/444/241 348/443/240
f 344/433/232 345/444/241 334/516/294 341/515/293
f 341/515/293 332/669/377 347/434/233 344/433/232
f 332/669/377 331/664/373 346/250/148 347/434/233
f 410/266/158 346/250/148 331/664/373 411/645/363
f 393/293/7 392/670/7 343/621/349 487/294/173
f 337/482/268 343/621/349 392/670/7
f 462/492/273 457/491/272 451/440/237 447/439/236
f 447/439/236 448/452/245 460/507/286 462/492/273
f 459/508/287 460/507/286 448/452/245 455/451/244
f 455/451/244 446/628/353 461/671/378 459/508/287
f 446/628/353 445/631/355 488/672/379 461/671/378
f 421/460/251 488/672/379 445/631/355 422/457/248
f 404/411/225 361/414/12 457/491/272 458/523/301
f 362/673/12 451/440/237 457/491/272 361/414/12
f 423/480/266 422/457/248 445/631/355 454/470/258
f 424/476/262 423/480/266 454/470/258 452/469/257
f 362/673/12 363/674/12 450/640/359 451/440/237
f 425/410/224 424/476/262 452/469/257 453/428/229
f 363/674/12 364/675/12 449/623/351 450/640/359
f 425/410/224 453/428/229 456/427/228
f 449/623/351 425/410/224 456/427/228
f 364/675/12 365/535/12 425/410/224 449/623/351
f 544/518/296 531/676/178 532/677/380 533/678/381
f 545/464/255 541/679/178 537/680/382 536/681/383
f 539/530/308 531/676/178 542/682/178 540/463/254
f 534/484/270 541/679/178 542/682/178 535/517/295
f 553/446/243 546/309/178 684/308/181 554/622/350
f 548/436/235 552/311/178 547/310/178 549/445/242
f 543/529/307 532/677/380 531/676/178 539/530/308
f 535/517/295 542/682/178 531/676/178 544/518/296
f 538/483/269 537/680/382 541/679/178 534/484/270
f 540/463/254 542/682/178 541/679/178 545/464/255
f 549/445/242 547/310/178 546/309/178 553/446/243
f 551/435/234 550/249/147 552/311/178 548/436/235
f 562/683/384 568/684/178 567/685/178 565/686/385
f 564/687/386 566/688/178 560/689/387 561/690/388
f 563/691/389 685/692/390 568/684/178 562/683/384
f 565/686/385 567/685/178 566/688/178 564/687/386
f 558/693/391 559/325/178 570/324/178 572/694/392
f 569/695/393 557/329/193 556/328/178 555/696/394
f 572/694/392 570/324/178 571/331/195 573/697/395
f 555/696/394 556/328/178 559/325/178 558/693/391
f 584/616/6 590/537/12 579/536/12 583/638/6
f 579/536/12 578/698/12 582/642/6 583/638/6
f 578/698/12 577/699/12 581/700/6 582/642/6
f 577/699/12 576/701/12 580/702/6 581/700/6
f 576/701/12 574/413/12 575/400/6 580/702/6
f 600/417/14 598/416/14 607/703/396 603/405/7
f 597/448/14 608/704/397 607/703/396 598/416/14
f 592/31/14 602/424/14 606/705/7 591/339/7
f 602/424/14 601/432/14 605/706/7 606/705/7
f 601/432/14 599/438/14 604/404/7 605/706/7
f 599/438/14 600/417/14 603/405/7 604/404/7
f 622/707/398 625/343/199 630/267/159 626/646/364
f 624/613/345 623/708/399 628/709/400 629/619/347
f 623/708/399 621/710/401 627/711/402 628/709/400
f 621/710/401 622/707/398 626/646/364 627/711/402
f 624/613/345 629/619/347 631/521/299 610/614/346
f 633/503/284 636/502/283 641/459/250 637/458/249
f 635/426/227 634/514/292 639/475/261 640/409/223
f 634/514/292 632/526/304 638/479/265 639/475/261
f 632/526/304 633/503/284 637/458/249 638/479/265
f 635/426/227 640/409/223 718/408/222 642/396/218
f 574/413/12 619/412/12 620/401/6 575/400/6
f 644/712/276 648/713/276 654/714/403 655/715/404
f 648/713/276 649/716/405 653/717/406 654/714/403
f 650/718/365 651/719/407 657/720/408 646/721/409
f 646/721/409 647/722/410 659/723/365 650/718/365
f 647/722/410 652/724/411 658/725/412 659/723/365
f 673/454/247 660/726/178 661/632/356 662/629/354
f 674/430/231 670/727/178 666/641/360 665/624/352
f 668/472/260 660/726/178 671/728/178 669/429/230
f 663/442/239 670/727/178 671/728/178 664/453/246
f 681/493/274 675/729/178 678/524/302 677/494/275
f 679/509/288 683/730/178 676/731/178 680/510/289
f 672/471/259 661/632/356 660/726/178 668/472/260
f 664/453/246 671/728/178 660/726/178 673/454/247
f 667/441/238 666/641/360 670/727/178 663/442/239
f 669/429/230 671/728/178 670/727/178 674/430/231
f 680/510/289 676/731/178 675/729/178 681/493/274
f 682/732/413 688/733/414 683/730/178 679/509/288
f 615/734/333 692/485/256 694/477/263 617/735/415
f 612/736/333 687/737/416 686/505/256 613/738/333
f 610/614/346 631/521/299 690/520/298 609/739/417
f 617/735/415 694/477/263 695/88/55 618/376/214
f 613/738/333 686/505/256 691/467/256 614/740/333
f 609/739/417 690/520/298 689/532/310 611/741/418
f 614/740/333 691/467/256 693/466/256 616/742/333
f 616/742/333 693/466/256 692/485/256 615/734/333
f 611/741/418 689/532/310 687/737/416 612/736/333
f 593/474/14 701/743/166 703/744/166 595/456/14
f 588/625/6 699/745/12 698/746/12 587/630/6
f 643/420/14 705/747/166 702/748/166 594/421/14
f 595/456/14 703/744/166 704/749/166 596/450/14
f 589/243/6 700/387/12 699/745/12 588/625/6
f 585/633/6 696/750/12 697/751/12 586/615/6
f 596/450/14 704/749/166 608/704/397 597/448/14
f 594/421/14 702/748/166 701/743/166 593/474/14
f 587/630/6 698/746/12 696/750/12 585/633/6
f 584/616/6 586/615/6 697/751/12 590/537/12
f 710/639/325 721/511/290 722/499/280 712/636/357
f 706/752/325 714/627/271 715/533/271 708/753/325
f 642/396/218 718/408/222 717/612/344 724/397/219
f 712/636/357 722/499/280 723/498/279 713/637/358
f 708/753/325 715/533/271 719/489/271 709/634/325
f 724/397/219 717/612/344 716/618/290 707/754/325
f 709/634/325 719/489/271 720/488/271 711/635/325
f 711/635/325 720/488/271 721/511/290 710/639/325
f 707/754/325 716/618/290 714/627/271 706/752/325
f 645/755/419 644/712/276 655/715/404 656/756/420
f 391/666/7 605/706/7 604/404/7 390/403/7
f 462/492/273 460/507/286 680/510/289 681/493/274
f 352/598/334 555/696/394 558/693/391 349/600/335
f 431/495/276 644/712/276 645/755/419 432/496/277
f 415/398/220 724/397/219 707/754/325 513/592/325
f 392/670/7 606/705/7 605/706/7 391/666/7
f 500/650/12 697/751/12 696/750/12 501/651/12
f 428/570/311 647/722/410 646/721/409 438/574/315
f 393/293/7 591/339/7 606/705/7 392/670/7
f 459/508/287 461/671/378 682/732/413 679/509/288
f 501/651/12 696/750/12 698/746/12 502/652/12
f 356/583/324 561/690/388 560/689/387 355/582/323
f 429/654/368 649/716/405 648/713/276 430/653/367
f 389/406/7 603/405/7 607/703/396 388/644/362
f 502/652/12 698/746/12 699/745/12 503/649/12
f 358/580/321 563/691/389 562/683/384 357/588/327
f 430/653/367 648/713/276 644/712/276 431/495/276
f 503/649/12 699/745/12 700/387/12 504/271/12
f 360/585/326 565/686/385 564/687/386 359/589/328
f 443/648/366 651/719/407 650/718/365 442/647/365
f 506/660/166 701/743/166 702/748/166 505/658/166
f 433/573/314 652/724/411 647/722/410 428/570/311
f 487/294/173 343/621/349 554/622/350 684/308/181
f 388/644/362 607/703/396 608/704/397 509/643/361
f 507/661/166 703/744/166 701/743/166 506/660/166
f 435/571/312 654/714/403 653/717/406 434/572/313
f 508/662/166 704/749/166 703/744/166 507/661/166
f 436/575/316 655/715/404 654/714/403 435/571/312
f 489/579/320 685/692/390 563/691/389 358/580/321
f 509/643/361 608/704/397 704/749/166 508/662/166
f 357/588/327 562/683/384 565/686/385 360/585/326
f 437/577/318 656/756/420 655/715/404 436/575/316
f 505/658/166 702/748/166 705/747/166 510/659/371
f 439/576/317 657/720/408 651/719/407 443/648/366
f 494/506/256 686/505/256 687/737/416 493/655/369
f 394/610/342 610/614/346 609/739/417 395/606/338
f 359/589/328 564/687/386 561/690/388 356/583/324
f 461/671/378 488/672/379 688/733/414 682/732/413
f 395/606/338 609/739/417 611/741/418 396/605/337
f 396/605/337 611/741/418 612/736/333 397/604/333
f 434/572/313 653/717/406 649/716/405 429/654/368
f 397/604/333 612/736/333 613/738/333 398/603/333
f 444/211/123 557/329/193 569/695/393 351/595/331
f 438/574/315 646/721/409 657/720/408 439/576/317
f 398/603/333 613/738/333 614/740/333 399/601/333
f 441/656/365 659/723/365 658/725/412 440/657/370
f 400/599/333 616/742/333 615/734/333 401/597/333
f 442/647/365 650/718/365 659/723/365 441/656/365
f 493/655/369 687/737/416 689/532/310 492/531/309
f 401/597/333 615/734/333 617/735/415 402/596/332
f 349/600/335 558/693/391 572/694/392 350/602/336
f 432/496/277 645/755/419 656/756/420 437/577/318
f 402/596/332 617/735/415 618/376/214 403/212/124
f 351/595/331 569/695/393 555/696/394 352/598/334
f 331/664/373 332/669/377 533/678/381 532/677/380
f 399/601/333 614/740/333 616/742/333 400/599/333
f 353/594/330 573/697/395 571/331/195 354/206/118
f 334/516/294 333/481/267 534/484/270 535/517/295
f 440/657/370 658/725/412 652/724/411 433/573/314
f 336/665/374 335/667/375 536/681/383 537/680/382
f 406/593/329 622/707/398 621/710/401 407/607/339
f 361/414/12 574/413/12 576/701/12 362/673/12
f 350/602/336 572/694/392 573/697/395 353/594/330
f 337/482/268 336/665/374 537/680/382 538/483/269
f 407/607/339 621/710/401 623/708/399 408/608/340
f 362/673/12 576/701/12 577/699/12 363/674/12
f 339/462/253 338/527/305 539/530/308 540/463/254
f 408/608/340 623/708/399 624/613/345 409/609/341
f 511/538/12 590/537/12 697/751/12 500/650/12
f 363/674/12 577/699/12 578/698/12 364/675/12
f 405/209/121 625/343/199 622/707/398 406/593/329
f 364/675/12 578/698/12 579/536/12 365/535/12
f 340/528/306 331/664/373 532/677/380 543/529/307
f 412/663/372 627/711/402 626/646/364 411/645/363
f 513/592/325 707/754/325 706/752/325 514/591/325
f 367/555/5 580/702/6 575/400/6 366/399/5
f 445/631/355 446/628/353 662/629/354 661/632/356
f 332/669/377 341/515/293 544/518/296 533/678/381
f 413/668/376 628/709/400 627/711/402 412/663/372
f 514/591/325 706/752/325 708/753/325 515/590/325
f 368/560/5 581/700/6 580/702/6 367/555/5
f 448/452/245 447/439/236 663/442/239 664/453/246
f 335/667/375 342/461/252 545/464/255 536/681/383
f 414/620/348 629/619/347 628/709/400 413/668/376
f 515/590/325 708/753/325 709/634/325 516/586/325
f 369/565/5 582/642/6 581/700/6 368/560/5
f 450/640/359 449/623/351 665/624/352 666/641/360
f 336/665/374 337/482/268 392/670/7 391/666/7
f 429/654/368 493/655/369 492/531/309 434/572/313
f 892/757/217 1007/758/218 1086/759/219 801/760/220
f 758/761/5 946/762/6 987/7/6 812/6/5
f 780/763/7 972/764/7 971/765/7 779/766/7
f 901/767/221 1080/768/222 1005/769/223 811/770/224
f 792/17/12 986/20/12 945/771/12 753/772/12
f 773/773/13 966/774/14 968/775/14 774/776/13
f 813/25/13 1008/28/14 962/777/14 768/778/13
f 777/779/13 970/780/14 1330/781/14 1142/782/13
f 806/783/226 1000/784/227 1007/758/218 892/757/217
f 841/785/228 838/786/229 1034/787/230 1039/788/231
f 776/789/13 969/790/14 970/780/14 777/779/13
f 738/791/421 740/792/233 928/793/234 926/794/235
f 775/795/13 967/796/14 969/790/14 776/789/13
f 832/797/236 836/798/237 1032/799/238 1028/800/239
f 774/776/13 968/775/14 967/796/14 775/795/13
f 741/801/422 739/802/241 927/803/423 929/804/243
f 772/805/13 965/806/14 966/774/14 773/773/13
f 771/807/13 964/808/14 965/806/14 772/805/13
f 840/809/424 833/810/425 1029/811/426 1038/812/247
f 770/813/13 963/814/14 964/808/14 771/807/13
f 808/815/248 1002/816/249 1006/67/39 807/66/38
f 736/817/252 733/818/427 920/819/254 925/820/255
f 878/821/256 1057/822/256 1055/823/256 877/824/256
f 837/825/257 839/826/258 1037/827/259 1033/828/260
f 769/829/13 961/830/14 963/814/14 770/813/13
f 811/770/224 1005/769/223 1004/831/261 810/832/262
f 1244/833/52 1422/834/55 1058/835/263 880/836/264
f 768/778/13 962/777/14 961/830/14 769/829/13
f 810/832/262 1004/831/261 1003/837/265 809/838/266
f 727/839/267 731/840/268 918/841/269 914/842/270
f 880/836/264 1058/835/263 1056/843/256 879/844/256
f 907/845/271 1082/846/271 1081/847/271 906/848/290
f 809/838/266 1003/837/265 1002/816/249 808/815/248
f 879/844/256 1056/843/256 1057/822/256 878/821/256
f 842/849/428 847/850/429 1046/851/274 1042/852/430
f 817/853/276 818/854/277 878/821/256 877/824/256
f 910/107/70 1085/110/73 1084/855/431 909/856/432
f 802/111/74 1001/114/77 998/857/284 803/858/285
f 877/824/256 1055/823/256 1050/859/256 876/860/256
f 845/861/286 844/862/287 1044/863/433 1045/864/289
f 909/856/432 1084/855/431 1083/865/290 908/866/290
f 805/867/291 999/868/292 1000/784/227 806/783/226
f 735/869/293 728/870/434 915/871/295 924/872/296
f 873/873/435 1054/874/436 996/875/299 872/876/300
f 843/133/92 842/849/428 1042/852/430 1043/134/93
f 908/866/290 1083/865/290 1082/846/271 907/845/271
f 804/877/303 997/878/304 999/868/292 805/867/291
f 732/879/305 734/880/306 923/881/307 919/882/308
f 874/883/256 1053/884/256 1054/874/436 873/873/435
f 906/848/290 1081/847/271 1077/885/271 905/886/271
f 803/858/285 998/857/284 997/878/304 804/877/303
f 757/887/12 950/888/12 960/889/12 891/890/12
f 764/891/5 854/892/100 855/893/100 765/894/5
f 777/779/13 867/895/101 866/896/101 776/789/13
f 765/894/5 855/893/100 856/897/100 766/898/5
f 769/829/13 859/899/101 858/900/101 768/778/13
f 812/6/5 868/160/100 848/901/100 758/761/5
f 1142/782/13 1233/902/101 867/895/101 777/779/13
f 766/898/5 856/897/100 857/903/100 767/904/5
f 770/813/13 860/905/101 859/899/101 769/829/13
f 758/761/5 848/901/100 849/906/100 759/907/5
f 774/776/13 864/908/101 863/909/101 773/773/13
f 767/904/5 857/903/100 1222/910/100 1131/911/5
f 771/807/13 861/912/101 860/905/101 770/813/13
f 759/907/5 849/906/100 850/913/100 760/914/5
f 763/915/5 853/916/100 854/892/100 764/891/5
f 772/805/13 862/917/101 861/912/101 771/807/13
f 760/914/5 850/913/100 851/918/100 761/919/5
f 773/773/13 863/909/101 862/917/101 772/805/13
f 761/919/5 851/918/100 852/920/100 762/921/5
f 768/778/13 858/900/101 869/181/101 813/25/13
f 775/795/13 865/922/101 864/908/101 774/776/13
f 762/921/5 852/920/100 853/916/100 763/915/5
f 776/789/13 866/896/101 865/922/101 775/795/13
f 814/923/437 821/924/438 820/925/439 819/926/314
f 824/927/437 822/928/438 821/924/438 814/923/437
f 822/928/438 824/927/437 825/929/440 823/930/318
f 900/191/108 871/194/111 750/931/441 899/932/442
f 747/195/112 802/111/74 803/858/285 748/933/443
f 750/931/441 898/934/325 899/932/442
f 752/935/326 896/936/325 897/937/325 749/938/327
f 749/938/327 897/937/325 898/934/325 750/931/441
f 751/939/328 895/940/325 896/936/325 752/935/326
f 748/933/443 894/941/325 895/940/325 751/939/328
f 748/933/443 893/942/325 894/941/325
f 803/858/285 804/877/303 748/933/443
f 804/877/303 805/867/291 748/933/443
f 748/933/443 801/760/220 893/942/325
f 748/933/443 806/783/226 892/757/217 801/760/220
f 805/867/291 806/783/226 748/933/443
f 1110/943/118 1159/944/121 793/945/329 746/946/330
f 744/947/331 791/948/444 1158/949/124 1194/950/123
f 790/951/333 791/948/444 744/947/331
f 745/952/334 789/953/333 790/951/333 744/947/331
f 742/954/335 788/955/333 789/953/333 745/952/334
f 743/956/336 787/957/333 788/955/333 742/954/335
f 746/946/330 786/958/333 787/957/333 743/956/336
f 746/946/330 785/959/333 786/958/333
f 746/946/330 784/960/445 785/959/333
f 793/945/329 794/961/339 746/946/330
f 794/961/339 795/962/446 746/946/330
f 746/946/330 796/963/341 783/964/447 784/960/445
f 795/962/446 796/963/341 746/946/330
f 902/965/343 1079/966/344 1080/768/222 901/767/221
f 879/844/256 878/821/256 818/854/277 823/930/318
f 796/963/341 991/967/448 978/968/449 783/964/447
f 764/891/5 957/969/6 955/970/6 763/915/5
f 903/971/271 1078/972/271 1079/966/344 902/965/343
f 872/876/300 996/875/299 995/973/450 800/974/451
f 737/975/349 741/801/422 929/804/243 930/976/350
f 834/977/351 841/785/228 1039/788/231 1030/978/352
f 1131/911/5 1327/979/6 959/980/6 767/904/5
f 904/981/271 1076/982/271 1078/972/271 903/971/271
f 831/983/353 840/809/424 1038/812/247 1027/984/354
f 767/904/5 959/980/6 958/985/6 766/898/5
f 905/886/271 1077/885/271 1076/982/271 904/981/271
f 740/792/233 1102/986/148 1292/987/147 928/793/234
f 839/826/258 830/988/355 1026/989/356 1037/827/259
f 766/898/5 958/985/6 956/990/6 765/894/5
f 896/936/325 1071/991/325 1073/992/325 897/937/325
f 739/802/241 738/791/421 926/794/235 927/803/423
f 765/894/5 956/990/6 957/969/6 764/891/5
f 899/932/442 1074/993/452 1075/256/151 900/191/108
f 838/786/229 837/825/257 1033/828/260 1034/787/230
f 763/915/5 955/970/6 954/994/6 762/921/5
f 898/934/325 1072/995/325 1074/993/452 899/932/442
f 836/798/237 835/996/359 1031/997/453 1032/799/238
f 762/921/5 954/994/6 953/998/6 761/919/5
f 897/937/325 1073/992/325 1072/995/325 898/934/325
f 889/999/361 872/876/300 800/974/451 778/1000/362
f 891/890/12 901/767/221 811/770/224 757/887/12
f 797/1001/363 992/1002/364 1366/1003/159 1164/1004/158
f 828/1005/365 904/981/271 903/971/271 829/1006/366
f 1244/833/52 884/1007/12 1249/1008/12
f 829/1006/366 903/971/271 902/965/343 825/929/440
f 825/929/440 902/965/343 879/844/256 823/930/318
f 902/965/343 901/767/221 880/836/264 879/844/256
f 901/767/221 891/890/12 881/1009/12 1244/833/52 880/836/264
f 881/1009/12 882/1010/12 1244/833/52
f 882/1010/12 883/1011/12 1244/833/52
f 883/1011/12 884/1007/12 1244/833/52
f 816/1012/276 817/853/276 877/824/256 876/860/256
f 815/1013/454 816/1012/276 876/860/256 875/1014/256
f 827/1015/365 905/886/271 904/981/271 828/1005/365
f 826/1016/370 906/848/290 905/886/271 827/1015/365
f 819/926/314 907/845/271 906/848/290 826/1016/370
f 885/1017/166 890/282/166 910/107/70
f 820/925/439 874/883/256 907/845/271 819/926/314
f 874/883/256 873/873/435 908/866/290 907/845/271
f 873/873/435 872/876/300 909/856/432 908/866/290
f 909/856/432 886/1018/166 885/1017/166 910/107/70
f 909/856/432 887/1019/166 886/1018/166
f 909/856/432 888/1020/166 887/1019/166
f 872/876/300 889/999/361 888/1020/166 909/856/432
f 734/880/306 798/1021/372 797/1001/363 725/1022/373
f 730/1023/374 781/1024/7 780/763/7 729/1025/375
f 779/766/7 729/1025/375 780/763/7
f 732/879/305 733/818/427 799/1026/455 798/1021/372
f 736/817/252 729/1025/375 779/766/7 778/1000/362 800/974/451 799/1026/455
f 734/880/306 732/879/305 798/1021/372
f 733/818/427 736/817/252 799/1026/455
f 741/801/422 737/975/349 731/840/268 727/839/267
f 727/839/267 728/870/434 739/802/241 741/801/422
f 738/791/421 739/802/241 728/870/434 735/869/293
f 735/869/293 726/1027/377 740/792/233 738/791/421
f 726/1027/377 725/1022/373 1102/986/148 740/792/233
f 1164/1004/158 1102/986/148 725/1022/373 797/1001/363
f 1148/1028/7 782/1029/7 737/975/349 1234/1030/173
f 731/840/268 737/975/349 782/1029/7
f 847/850/429 842/849/428 836/798/237 832/797/236
f 832/797/236 833/810/425 845/861/286 847/850/429
f 844/862/287 845/861/286 833/810/425 840/809/424
f 840/809/424 831/983/353 846/1031/456 844/862/287
f 831/983/353 830/988/355 870/297/175 846/1031/456
f 807/66/38 870/297/175 830/988/355 808/815/248
f 792/17/12 753/772/12 842/849/428 843/133/92
f 754/1032/12 836/798/237 842/849/428 753/772/12
f 809/838/266 808/815/248 830/988/355 839/826/258
f 810/832/262 809/838/266 839/826/258 837/825/257
f 754/1032/12 755/1033/12 835/996/359 836/798/237
f 811/770/224 810/832/262 837/825/257 838/786/229
f 755/1033/12 756/1034/12 834/977/351 835/996/359
f 811/770/224 838/786/229 841/785/228
f 834/977/351 811/770/224 841/785/228
f 756/1034/12 757/887/12 811/770/224 834/977/351
f 924/872/296 911/1035/178 912/1036/380 913/1037/381
f 925/820/255 921/1038/178 917/1039/382 916/1040/383
f 919/882/308 911/1035/178 922/1041/178 920/819/254
f 914/842/270 921/1038/178 922/1041/178 915/871/295
f 929/804/243 1288/1042/178 1413/1043/181 930/976/350
f 926/794/235 1294/1044/178 1289/1045/178 927/803/423
f 923/881/307 912/1036/380 911/1035/178 919/882/308
f 915/871/295 922/1041/178 911/1035/178 924/872/296
f 918/841/269 917/1039/382 921/1038/178 914/842/270
f 920/819/254 922/1041/178 921/1038/178 925/820/255
f 927/803/423 1289/1045/178 1288/1042/178 929/804/243
f 928/793/234 1292/987/147 1294/1044/178 926/794/235
f 935/1046/384 941/315/178 940/314/178 938/1047/385
f 937/1048/386 939/319/178 933/318/186 934/1049/457
f 936/1050/458 1049/321/188 941/315/178 935/1046/384
f 938/1047/385 940/314/178 939/319/178 937/1048/386
f 932/1051/391 1301/1052/178 1308/1053/178 943/1054/392
f 942/1055/393 1299/1056/193 1298/1057/178 931/1058/394
f 943/1054/392 1308/1053/178 1309/1059/195 944/1060/395
f 931/1058/394 1298/1057/178 1301/1052/178 932/1051/391
f 955/970/6 960/889/12 950/888/12 954/994/6
f 950/888/12 949/1061/12 953/998/6 954/994/6
f 949/1061/12 948/1062/12 952/1063/6 953/998/6
f 948/1062/12 947/1064/12 951/1065/6 952/1063/6
f 947/1064/12 945/771/12 946/762/6 951/1065/6
f 968/775/14 966/774/14 975/1066/396 971/765/7
f 965/806/14 976/1067/397 975/1066/396 966/774/14
f 1330/781/14 970/780/14 974/1068/7 1329/1069/7
f 970/780/14 969/790/14 973/1070/7 974/1068/7
f 969/790/14 967/796/14 972/764/7 973/1070/7
f 967/796/14 968/775/14 971/765/7 972/764/7
f 989/1071/398 1361/1072/199 1366/1003/159 992/1002/364
f 991/967/448 990/1073/459 994/1074/400 995/973/450
f 990/1073/459 988/1075/401 993/1076/402 994/1074/400
f 988/1075/401 989/1071/398 992/1002/364 993/1076/402
f 991/967/448 995/973/450 996/875/299 978/968/449
f 998/857/284 1001/114/77 1006/67/39 1002/816/249
f 1000/784/227 999/868/292 1004/831/261 1005/769/223
f 999/868/292 997/878/304 1003/837/265 1004/831/261
f 997/878/304 998/857/284 1002/816/249 1003/837/265
f 1000/784/227 1005/769/223 1080/768/222 1007/758/218
f 945/771/12 986/20/12 987/7/6 946/762/6
f 1009/1077/276 1013/1078/276 1019/1079/438 1020/1080/438
f 1013/1078/276 1014/1081/460 1018/1082/461 1019/1079/438
f 1015/1083/365 1016/1084/407 1022/1085/462 1011/1086/437
f 1011/1086/437 1012/1087/437 1024/1088/365 1015/1083/365
f 1012/1087/437 1017/1089/411 1023/1090/412 1024/1088/365
f 1038/812/247 1025/1091/178 1026/989/356 1027/984/354
f 1039/788/231 1035/1092/178 1031/997/453 1030/978/352
f 1033/828/260 1025/1091/178 1036/1093/178 1034/787/230
f 1028/800/239 1035/1092/178 1036/1093/178 1029/811/426
f 1046/851/274 1040/365/178 1043/134/93 1042/852/430
f 1044/863/433 1048/367/178 1041/366/178 1045/864/289
f 1037/827/259 1026/989/356 1025/1091/178 1033/828/260
f 1029/811/426 1036/1093/178 1025/1091/178 1038/812/247
f 1032/799/238 1031/997/453 1035/1092/178 1028/800/239
f 1034/787/230 1036/1093/178 1035/1092/178 1039/788/231
f 1045/864/289 1041/366/178 1040/365/178 1046/851/274
f 1047/1094/463 1052/369/211 1048/367/178 1044/863/433
f 983/1095/333 1056/843/256 1058/835/263 985/1096/415
f 980/1097/333 1051/1098/256 1050/859/256 981/1099/333
f 978/968/449 996/875/299 1054/874/436 977/1100/464
f 985/1096/415 1058/835/263 1422/834/55 1356/1101/214
f 981/1099/333 1050/859/256 1055/823/256 982/1102/333
f 977/1100/464 1054/874/436 1053/884/256 979/1103/333
f 982/1102/333 1055/823/256 1057/822/256 984/1104/333
f 984/1104/333 1057/822/256 1056/843/256 983/1095/333
f 979/1103/333 1053/884/256 1051/1098/256 980/1097/333
f 961/830/14 1063/1105/166 1065/1106/166 963/814/14
f 959/980/6 1062/1107/12 1061/1108/12 958/985/6
f 1008/28/14 1067/385/166 1064/1109/166 962/777/14
f 963/814/14 1065/1106/166 1066/1110/166 964/808/14
f 1327/979/6 1427/1111/12 1062/1107/12 959/980/6
f 956/990/6 1059/1112/12 1060/1113/12 957/969/6
f 964/808/14 1066/1110/166 976/1067/397 965/806/14
f 962/777/14 1064/1109/166 1063/1105/166 961/830/14
f 958/985/6 1061/1108/12 1059/1112/12 956/990/6
f 955/970/6 957/969/6 1060/1113/12 960/889/12
f 1072/995/325 1083/865/290 1084/855/431 1074/993/452
f 1068/1114/325 1076/982/271 1077/885/271 1070/1115/325
f 1007/758/218 1080/768/222 1079/966/344 1086/759/219
f 1074/993/452 1084/855/431 1085/110/73 1075/256/151
f 1070/1115/325 1077/885/271 1081/847/271 1071/991/325
f 1086/759/219 1079/966/344 1078/972/271 1069/1116/325
f 1071/991/325 1081/847/271 1082/846/271 1073/992/325
f 1073/992/325 1082/846/271 1083/865/290 1072/995/325
f 1069/1116/325 1078/972/271 1076/982/271 1068/1114/325
f 1010/1117/419 1009/1077/276 1020/1080/438 1021/1118/420
f 781/1024/7 973/1070/7 972/764/7 780/763/7
f 847/850/429 845/861/286 1045/864/289 1046/851/274
f 745/952/334 931/1058/394 932/1051/391 742/954/335
f 817/853/276 1009/1077/276 1010/1117/419 818/854/277
f 801/760/220 1086/759/219 1069/1116/325 893/942/325
f 782/1029/7 974/1068/7 973/1070/7 781/1024/7
f 881/1009/12 1060/1113/12 1059/1112/12 882/1010/12
f 814/923/437 1012/1087/437 1011/1086/437 824/927/437
f 1148/1028/7 1329/1069/7 974/1068/7 782/1029/7
f 844/862/287 846/1031/456 1047/1094/463 1044/863/433
f 882/1010/12 1059/1112/12 1061/1108/12 883/1011/12
f 748/933/443 934/1049/457 933/318/186 747/195/112
f 815/1013/454 1014/1081/460 1013/1078/276 816/1012/276
f 779/766/7 971/765/7 975/1066/396 778/1000/362
f 883/1011/12 1061/1108/12 1062/1107/12 884/1007/12
f 750/931/441 936/1050/458 935/1046/384 749/938/327
f 816/1012/276 1013/1078/276 1009/1077/276 817/853/276
f 884/1007/12 1062/1107/12 1427/1111/12 1249/1008/12
f 752/935/326 938/1047/385 937/1048/386 751/939/328
f 829/1006/366 1016/1084/407 1015/1083/365 828/1005/365
f 886/1018/166 1063/1105/166 1064/1109/166 885/1017/166
f 819/926/314 1017/1089/411 1012/1087/437 814/923/437
f 1234/1030/173 737/975/349 930/976/350 1413/1043/181
f 778/1000/362 975/1066/396 976/1067/397 889/999/361
f 887/1019/166 1065/1106/166 1063/1105/166 886/1018/166
f 821/924/438 1019/1079/438 1018/1082/461 820/925/439
f 888/1020/166 1066/1110/166 1065/1106/166 887/1019/166
f 822/928/438 1020/1080/438 1019/1079/438 821/924/438
f 871/194/111 1049/321/188 936/1050/458 750/931/441
f 889/999/361 976/1067/397 1066/1110/166 888/1020/166
f 749/938/327 935/1046/384 938/1047/385 752/935/326
f 823/930/318 1021/1118/420 1020/1080/438 822/928/438
f 885/1017/166 1064/1109/166 1067/385/166 890/282/166
f 825/929/440 1022/1085/462 1016/1084/407 829/1006/366
f 876/860/256 1050/859/256 1051/1098/256 875/1014/256
f 783/964/447 978/968/449 977/1100/464 784/960/445
f 751/939/328 937/1048/386 934/1049/457 748/933/443
f 846/1031/456 870/297/175 1052/369/211 1047/1094/463
f 784/960/445 977/1100/464 979/1103/333 785/959/333
f 785/959/333 979/1103/333 980/1097/333 786/958/333
f 820/925/439 1018/1082/461 1014/1081/460 815/1013/454
f 786/958/333 980/1097/333 981/1099/333 787/957/333
f 1194/950/123 1299/1056/193 942/1055/393 744/947/331
f 824/927/437 1011/1086/437 1022/1085/462 825/929/440
f 787/957/333 981/1099/333 982/1102/333 788/955/333
f 827/1015/365 1024/1088/365 1023/1090/412 826/1016/370
f 789/953/333 984/1104/333 983/1095/333 790/951/333
f 828/1005/365 1015/1083/365 1024/1088/365 827/1015/365
f 875/1014/256 1051/1098/256 1053/884/256 874/883/256
f 790/951/333 983/1095/333 985/1096/415 791/948/444
f 742/954/335 932/1051/391 943/1054/392 743/956/336
f 818/854/277 1010/1117/419 1021/1118/420 823/930/318
f 791/948/444 985/1096/415 1356/1101/214 1158/949/124
f 744/947/331 942/1055/393 931/1058/394 745/952/334
f 725/1022/373 726/1027/377 913/1037/381 912/1036/380
f 788/955/333 982/1102/333 984/1104/333 789/953/333
f 746/946/330 944/1060/395 1309/1059/195 1110/943/118
f 728/870/434 727/839/267 914/842/270 915/871/295
f 826/1016/370 1023/1090/412 1017/1089/411 819/926/314
f 730/1023/374 729/1025/375 916/1040/383 917/1039/382
f 793/945/329 989/1071/398 988/1075/401 794/961/339
f 753/772/12 945/771/12 947/1064/12 754/1032/12
f 743/956/336 943/1054/392 944/1060/395 746/946/330
f 731/840/268 730/1023/374 917/1039/382 918/841/269
f 794/961/339 988/1075/401 990/1073/459 795/962/446
f 754/1032/12 947/1064/12 948/1062/12 755/1033/12
f 733/818/427 732/879/305 919/882/308 920/819/254
f 795/962/446 990/1073/459 991/967/448 796/963/341
f 891/890/12 960/889/12 1060/1113/12 881/1009/12
f 755/1033/12 948/1062/12 949/1061/12 756/1034/12
f 1159/944/121 1361/1072/199 989/1071/398 793/945/329
f 756/1034/12 949/1061/12 950/888/12 757/887/12
f 734/880/306 725/1022/373 912/1036/380 923/881/307
f 798/1021/372 993/1076/402 992/1002/364 797/1001/363
f 893/942/325 1069/1116/325 1068/1114/325 894/941/325
f 759/907/5 951/1065/6 946/762/6 758/761/5
f 830/988/355 831/983/353 1027/984/354 1026/989/356
f 726/1027/377 735/869/293 924/872/296 913/1037/381
f 799/1026/455 994/1074/400 993/1076/402 798/1021/372
f 894/941/325 1068/1114/325 1070/1115/325 895/940/325
f 760/914/5 952/1063/6 951/1065/6 759/907/5
f 833/810/425 832/797/236 1028/800/239 1029/811/426
f 729/1025/375 736/817/252 925/820/255 916/1040/383
f 800/974/451 995/973/450 994/1074/400 799/1026/455
f 895/940/325 1070/1115/325 1071/991/325 896/936/325
f 761/919/5 953/998/6 952/1063/6 760/914/5
f 835/996/359 834/977/351 1030/978/352 1031/997/453
f 730/1023/374 731/840/268 782/1029/7 781/1024/7
f 815/1013/454 875/1014/256 874/883/256 820/925/439
f 1256/1119/1 1169/1120/2 1448/1121/3 1376/1122/4
f 1121/1123/5 1453/1124/5 1468/1125/6 1313/1126/6
f 1145/1127/7 1144/1128/7 1341/1129/7 1342/1130/7
f 1264/1131/8 1177/1132/9 1375/1133/10 1443/1134/11
f 1450/1135/12 1116/1136/12 1312/1137/12 1467/1138/12
f 1137/1139/13 1138/1140/13 1338/1141/14 1336/1142/14
f 1454/1143/13 1132/1144/13 1332/1145/14 1471/1146/14
f 1141/1147/13 1142/782/13 1330/781/14 1340/1148/14
f 1173/1149/15 1256/1119/1 1376/1122/4 1371/1150/16
f 1206/1151/17 1407/1152/18 1402/1153/19 1203/1154/20
f 1140/1155/13 1141/1147/13 1340/1148/14 1339/1156/14
f 1100/1157/21 1290/1158/22 1293/1159/23 1103/1160/24
f 1139/1161/13 1140/1155/13 1339/1156/14 1337/1162/14
f 1197/1163/25 1396/1164/26 1400/1165/27 1201/1166/28
f 1138/1140/13 1139/1161/13 1337/1162/14 1338/1141/14
f 1104/1167/29 1295/1168/30 1291/1169/465 1101/1170/32
f 1136/1171/13 1137/1139/13 1336/1142/14 1335/1172/14
f 1135/1173/13 1136/1171/13 1335/1172/14 1334/1174/14
f 1205/1175/33 1406/1176/34 1397/1177/35 1198/1178/466
f 1134/1179/13 1135/1173/13 1334/1174/14 1333/1180/14
f 1174/1181/37 1452/1182/467 1470/1183/468 1372/1184/40
f 1098/1185/41 1287/1186/42 1282/1187/43 1095/1188/469
f 1241/1189/45 1240/1190/45 1418/1191/45 1420/1192/45
f 1202/1193/46 1401/1194/47 1405/1195/48 1204/1196/49
f 1133/1197/13 1134/1179/13 1333/1180/14 1331/1198/14
f 1177/1132/9 1176/1199/50 1374/1200/51 1375/1133/10
f 1244/833/52 1243/1201/53 1421/1202/54 1422/834/55
f 1132/1144/13 1133/1197/13 1331/1198/14 1332/1145/14
f 1176/1199/50 1175/1203/56 1373/1204/57 1374/1200/51
f 1089/1205/58 1276/1206/59 1280/1207/60 1093/1208/61
f 1243/1201/53 1242/1209/45 1419/1210/45 1421/1202/54
f 1270/1211/62 1269/1212/62 1444/1213/62 1445/1214/62
f 1175/1203/56 1174/1181/37 1372/1184/40 1373/1204/57
f 1242/1209/45 1241/1189/45 1420/1192/45 1419/1210/45
f 1207/1215/64 1408/1216/65 1411/1217/66 1211/1218/67
f 1181/1219/163 1240/1190/45 1241/1189/45 1182/1220/69
f 1462/1221/470 1272/1222/71 1447/1223/72 1480/1224/471
f 1451/1225/472 1170/1226/75 1369/1227/76 1469/1228/473
f 1240/1190/45 1239/1229/45 1414/1230/45 1418/1191/45
f 1209/1231/78 1410/1232/79 1409/1233/80 1208/1234/81
f 1272/1222/71 1271/1235/62 1446/1236/62 1447/1223/72
f 1172/1237/82 1173/1149/15 1371/1150/16 1370/1238/83
f 1097/1239/84 1286/1240/85 1277/1241/86 1090/1242/474
f 1236/1243/88 1235/1244/89 1367/1245/90 1417/1246/91
f 1455/1247/475 1474/1248/476 1408/1216/65 1207/1215/64
f 1271/1235/62 1270/1211/62 1445/1214/62 1446/1236/62
f 1171/1249/94 1172/1237/82 1370/1238/83 1368/1250/95
f 1094/1251/96 1281/1252/97 1285/1253/98 1096/1254/99
f 1237/1255/45 1236/1243/88 1417/1246/91 1416/1256/45
f 1269/1212/62 1268/1257/62 1440/1258/62 1444/1213/62
f 1170/1226/75 1171/1249/94 1368/1250/95 1369/1227/76
f 1120/1259/12 1255/1260/12 1328/1261/12 1317/1262/12
f 1127/1263/5 1128/1264/5 1219/1265/100 1218/1266/100
f 1141/1147/13 1140/1155/13 1231/1267/101 1232/1268/101
f 1128/1264/5 1129/1269/5 1220/1270/100 1219/1265/100
f 1133/1197/13 1132/1144/13 1223/1271/101 1224/1272/101
f 1453/1124/5 1121/1123/5 1212/1273/100 1456/1274/100
f 1142/782/13 1141/1147/13 1232/1268/101 1233/902/101
f 1129/1269/5 1130/1275/5 1221/1276/100 1220/1270/100
f 1134/1179/13 1133/1197/13 1224/1272/101 1225/1277/101
f 1121/1123/5 1122/1278/5 1213/1279/100 1212/1273/100
f 1138/1140/13 1137/1139/13 1228/1280/101 1229/1281/101
f 1130/1275/5 1131/911/5 1222/910/100 1221/1276/100
f 1135/1173/13 1134/1179/13 1225/1277/101 1226/1282/101
f 1122/1278/5 1123/1283/5 1214/1284/100 1213/1279/100
f 1126/1285/5 1127/1263/5 1218/1266/100 1217/1286/100
f 1136/1171/13 1135/1173/13 1226/1282/101 1227/1287/101
f 1123/1283/5 1124/1288/5 1215/1289/100 1214/1284/100
f 1137/1139/13 1136/1171/13 1227/1287/101 1228/1280/101
f 1124/1288/5 1125/1290/5 1216/1291/100 1215/1289/100
f 1132/1144/13 1454/1143/13 1457/1292/101 1223/1271/101
f 1139/1161/13 1138/1140/13 1229/1281/101 1230/1293/101
f 1125/1290/5 1126/1285/5 1217/1286/100 1216/1291/100
f 1140/1155/13 1139/1161/13 1230/1293/101 1231/1267/101
f 1178/1294/102 1183/1295/103 1184/1296/104 1185/1297/105
f 1188/1298/102 1178/1294/102 1185/1297/105 1186/1299/105
f 1186/1299/105 1187/1300/106 1189/1301/107 1188/1298/102
f 1461/1302/477 1263/1303/109 1113/1304/110 1459/1305/478
f 1449/1306/479 1111/1307/113 1170/1226/75 1451/1225/472
f 1113/1304/110 1263/1303/109 1262/1308/114
f 1115/1309/115 1112/1310/480 1261/1311/114 1260/1312/114
f 1112/1310/480 1113/1304/110 1262/1308/114 1261/1311/114
f 1114/1313/117 1115/1309/115 1260/1312/114 1259/1314/114
f 1111/1307/113 1114/1313/117 1259/1314/114 1258/1315/114
f 1111/1307/113 1258/1315/114 1257/1316/114
f 1170/1226/75 1111/1307/113 1171/1249/94
f 1171/1249/94 1111/1307/113 1172/1237/82
f 1111/1307/113 1257/1316/114 1169/1120/2
f 1111/1307/113 1169/1120/2 1256/1119/1 1173/1149/15
f 1172/1237/82 1111/1307/113 1173/1149/15
f 1110/943/118 1109/1317/119 1160/1318/120 1159/944/121
f 1107/1319/122 1194/950/123 1158/949/124 1157/1320/125
f 1156/1321/126 1107/1319/122 1157/1320/125
f 1108/1322/127 1107/1319/122 1156/1321/126 1155/1323/126
f 1105/1324/128 1108/1322/127 1155/1323/126 1154/1325/126
f 1106/1326/129 1105/1324/128 1154/1325/126 1153/1327/126
f 1109/1317/119 1106/1326/129 1153/1327/126 1152/1328/126
f 1109/1317/119 1152/1328/126 1151/1329/126
f 1109/1317/119 1151/1329/126 1150/1330/130
f 1160/1318/120 1109/1317/119 1161/1331/131
f 1161/1331/131 1109/1317/119 1162/1332/132
f 1109/1317/119 1150/1330/130 1149/1333/133 1163/1334/134
f 1162/1332/132 1109/1317/119 1163/1334/134
f 1265/1335/135 1264/1131/8 1443/1134/11 1442/1336/136
f 1242/1209/45 1187/1300/106 1182/1220/69 1241/1189/45
f 1163/1334/134 1149/1333/133 1348/1337/137 1360/1338/138
f 1127/1263/5 1126/1285/5 1322/1339/6 1324/1340/6
f 1266/1341/62 1265/1335/135 1442/1336/136 1441/1342/62
f 1235/1244/89 1168/1343/139 1365/1344/140 1367/1245/90
f 1099/1345/141 1296/1346/142 1295/1168/30 1104/1167/29
f 1199/1347/143 1398/1348/144 1407/1152/18 1206/1151/17
f 1131/911/5 1130/1275/5 1326/1349/6 1327/979/6
f 1267/1350/62 1266/1341/62 1441/1342/62 1439/1351/62
f 1196/1352/481 1395/1353/482 1406/1176/34 1205/1175/33
f 1130/1275/5 1129/1269/5 1325/1354/6 1326/1349/6
f 1268/1257/62 1267/1350/62 1439/1351/62 1440/1258/62
f 1103/1160/24 1293/1159/23 1292/987/147 1102/986/148
f 1204/1196/49 1405/1195/48 1394/1355/149 1195/1356/150
f 1129/1269/5 1128/1264/5 1323/1357/6 1325/1354/6
f 1260/1312/114 1261/1311/114 1437/1358/114 1435/1359/114
f 1101/1170/32 1291/1169/465 1290/1158/22 1100/1157/21
f 1128/1264/5 1127/1263/5 1324/1340/6 1323/1357/6
f 1263/1303/109 1461/1302/477 1479/1360/483 1438/1361/152
f 1203/1154/20 1402/1153/19 1401/1194/47 1202/1193/46
f 1126/1285/5 1125/1290/5 1321/1362/6 1322/1339/6
f 1262/1308/114 1263/1303/109 1438/1361/152 1436/1363/114
f 1201/1166/28 1400/1165/27 1399/1364/153 1200/1365/154
f 1125/1290/5 1124/1288/5 1320/1366/6 1321/1362/6
f 1261/1311/114 1262/1308/114 1436/1363/114 1437/1358/114
f 1254/1367/155 1143/1368/156 1168/1343/139 1235/1244/89
f 1255/1260/12 1120/1259/12 1177/1132/9 1264/1131/8
f 1165/1369/157 1164/1004/158 1366/1003/159 1362/1370/160
f 1192/1371/161 1193/1372/162 1266/1341/62 1267/1350/62
f 1244/833/52 1249/1008/12 1248/1373/12
f 1193/1372/162 1189/1301/107 1265/1335/135 1266/1341/62
f 1189/1301/107 1187/1300/106 1242/1209/45 1265/1335/135
f 1265/1335/135 1242/1209/45 1243/1201/53 1264/1131/8
f 1264/1131/8 1243/1201/53 1244/833/52 1245/1374/12 1255/1260/12
f 1245/1374/12 1244/833/52 1246/1375/12
f 1246/1375/12 1244/833/52 1247/1376/12
f 1247/1376/12 1244/833/52 1248/1373/12
f 1180/1377/68 1239/1229/45 1240/1190/45 1181/1219/163
f 1179/1378/164 1238/1379/45 1239/1229/45 1180/1377/68
f 1191/1380/161 1192/1371/161 1267/1350/62 1268/1257/62
f 1190/1381/165 1191/1380/161 1268/1257/62 1269/1212/62
f 1183/1295/103 1190/1381/165 1269/1212/62 1270/1211/62
f 1250/1382/166 1462/1221/470 1460/1383/166
f 1184/1296/104 1183/1295/103 1270/1211/62 1237/1255/45
f 1237/1255/45 1270/1211/62 1271/1235/62 1236/1243/88
f 1236/1243/88 1271/1235/62 1272/1222/71 1235/1244/89
f 1272/1222/71 1462/1221/470 1250/1382/166 1251/1384/166
f 1272/1222/71 1251/1384/166 1252/1385/166
f 1272/1222/71 1252/1385/166 1253/1386/166
f 1235/1244/89 1272/1222/71 1253/1386/166 1254/1367/155
f 1096/1254/99 1087/1387/167 1165/1369/157 1166/1388/168
f 1092/1389/169 1091/1390/170 1145/1127/7 1146/1391/7
f 1144/1128/7 1145/1127/7 1091/1390/170
f 1094/1251/96 1166/1388/168 1167/1392/171 1095/1188/469
f 1098/1185/41 1167/1392/171 1168/1343/139 1143/1368/156 1144/1128/7 1091/1390/170
f 1096/1254/99 1166/1388/168 1094/1251/96
f 1095/1188/469 1167/1392/171 1098/1185/41
f 1104/1167/29 1089/1205/58 1093/1208/61 1099/1345/141
f 1089/1205/58 1104/1167/29 1101/1170/32 1090/1242/474
f 1100/1157/21 1097/1239/84 1090/1242/474 1101/1170/32
f 1097/1239/84 1100/1157/21 1103/1160/24 1088/1393/172
f 1088/1393/172 1103/1160/24 1102/986/148 1087/1387/167
f 1164/1004/158 1165/1369/157 1087/1387/167 1102/986/148
f 1148/1028/7 1234/1030/173 1099/1345/141 1147/1394/7
f 1093/1208/61 1147/1394/7 1099/1345/141
f 1211/1218/67 1197/1163/25 1201/1166/28 1207/1215/64
f 1197/1163/25 1211/1218/67 1209/1231/78 1198/1178/466
f 1208/1234/81 1205/1175/33 1198/1178/466 1209/1231/78
f 1205/1175/33 1208/1234/81 1210/1395/174 1196/1352/481
f 1196/1352/481 1210/1395/174 1458/1396/484 1195/1356/150
f 1452/1182/467 1174/1181/37 1195/1356/150 1458/1396/484
f 1450/1135/12 1455/1247/475 1207/1215/64 1116/1136/12
f 1117/1397/12 1116/1136/12 1207/1215/64 1201/1166/28
f 1175/1203/56 1204/1196/49 1195/1356/150 1174/1181/37
f 1176/1199/50 1202/1193/46 1204/1196/49 1175/1203/56
f 1117/1397/12 1201/1166/28 1200/1365/154 1118/1398/12
f 1177/1132/9 1203/1154/20 1202/1193/46 1176/1199/50
f 1118/1398/12 1200/1365/154 1199/1347/143 1119/1399/12
f 1177/1132/9 1206/1151/17 1203/1154/20
f 1199/1347/143 1206/1151/17 1177/1132/9
f 1119/1399/12 1199/1347/143 1177/1132/9 1120/1259/12
f 1286/1240/85 1275/1400/176 1274/1401/177 1273/1402/178
f 1287/1186/42 1278/1403/485 1279/1404/180 1283/1405/178
f 1281/1252/97 1282/1187/43 1284/1406/178 1273/1402/178
f 1276/1206/59 1277/1241/86 1284/1406/178 1283/1405/178
f 1295/1168/30 1296/1346/142 1413/1043/181 1288/1042/178
f 1290/1158/22 1291/1169/465 1289/1045/178 1294/1044/178
f 1285/1253/98 1281/1252/97 1273/1402/178 1274/1401/177
f 1277/1241/86 1286/1240/85 1273/1402/178 1284/1406/178
f 1280/1207/60 1276/1206/59 1283/1405/178 1279/1404/180
f 1282/1187/43 1287/1186/42 1283/1405/178 1284/1406/178
f 1291/1169/465 1295/1168/30 1288/1042/178 1289/1045/178
f 1293/1159/23 1290/1158/22 1294/1044/178 1292/987/147
f 1303/1407/182 1306/1408/183 1465/1409/178 1466/1410/178
f 1305/1411/184 1302/1412/185 1463/1413/486 1464/1414/178
f 1304/1415/187 1303/1407/182 1466/1410/178 1476/1416/487
f 1306/1408/183 1305/1411/184 1464/1414/178 1465/1409/178
f 1300/1417/189 1310/1418/190 1308/1053/178 1301/1052/178
f 1307/1419/191 1297/1420/192 1298/1057/178 1299/1056/193
f 1310/1418/190 1311/1421/194 1309/1059/195 1308/1053/178
f 1297/1420/192 1300/1417/189 1301/1052/178 1298/1057/178
f 1322/1339/6 1321/1362/6 1317/1262/12 1328/1261/12
f 1317/1262/12 1321/1362/6 1320/1366/6 1316/1422/12
f 1316/1422/12 1320/1366/6 1319/1423/6 1315/1424/12
f 1315/1424/12 1319/1423/6 1318/1425/6 1314/1426/12
f 1314/1426/12 1318/1425/6 1313/1126/6 1312/1137/12
f 1338/1141/14 1341/1129/7 1345/1427/196 1336/1142/14
f 1335/1172/14 1336/1142/14 1345/1427/196 1346/1428/197
f 1330/781/14 1329/1069/7 1344/1429/7 1340/1148/14
f 1340/1148/14 1344/1429/7 1343/1430/7 1339/1156/14
f 1339/1156/14 1343/1430/7 1342/1130/7 1337/1162/14
f 1337/1162/14 1342/1130/7 1341/1129/7 1338/1141/14
f 1358/1431/198 1362/1370/160 1366/1003/159 1361/1072/199
f 1360/1338/138 1365/1344/140 1364/1432/200 1359/1433/488
f 1359/1433/488 1364/1432/200 1363/1434/202 1357/1435/203
f 1357/1435/203 1363/1434/202 1362/1370/160 1358/1431/198
f 1360/1338/138 1348/1337/137 1367/1245/90 1365/1344/140
f 1369/1227/76 1372/1184/40 1470/1183/468 1469/1228/473
f 1371/1150/16 1375/1133/10 1374/1200/51 1370/1238/83
f 1370/1238/83 1374/1200/51 1373/1204/57 1368/1250/95
f 1368/1250/95 1373/1204/57 1372/1184/40 1369/1227/76
f 1371/1150/16 1376/1122/4 1443/1134/11 1375/1133/10
f 1312/1137/12 1313/1126/6 1468/1125/6 1467/1138/12
f 1377/1436/163 1388/1437/105 1387/1438/105 1381/1439/68
f 1381/1439/68 1387/1438/105 1386/1440/204 1382/1441/205
f 1383/1442/161 1379/1443/102 1390/1444/206 1384/1445/207
f 1379/1443/102 1383/1442/161 1392/1446/161 1380/1447/102
f 1380/1447/102 1392/1446/161 1391/1448/208 1385/1449/209
f 1406/1176/34 1395/1353/482 1394/1355/149 1393/1450/178
f 1407/1152/18 1398/1348/144 1399/1364/153 1403/1451/178
f 1401/1194/47 1402/1153/19 1404/1452/178 1393/1450/178
f 1396/1164/26 1397/1177/35 1404/1452/178 1403/1451/178
f 1411/1217/66 1408/1216/65 1474/1248/476 1472/1453/178
f 1409/1233/80 1410/1232/79 1473/1454/178 1475/1455/178
f 1405/1195/48 1401/1194/47 1393/1450/178 1394/1355/149
f 1397/1177/35 1406/1176/34 1393/1450/178 1404/1452/178
f 1400/1165/27 1396/1164/26 1403/1451/178 1399/1364/153
f 1402/1153/19 1407/1152/18 1403/1451/178 1404/1452/178
f 1410/1232/79 1411/1217/66 1472/1453/178 1473/1454/178
f 1412/1456/210 1409/1233/80 1475/1455/178 1477/1457/489
f 1353/1458/126 1355/1459/212 1421/1202/54 1419/1210/45
f 1350/1460/126 1351/1461/126 1414/1230/45 1415/1462/45
f 1348/1337/137 1347/1463/213 1417/1246/91 1367/1245/90
f 1355/1459/212 1356/1101/214 1422/834/55 1421/1202/54
f 1351/1461/126 1352/1464/126 1418/1191/45 1414/1230/45
f 1347/1463/213 1349/1465/126 1416/1256/45 1417/1246/91
f 1352/1464/126 1354/1466/126 1420/1192/45 1418/1191/45
f 1354/1466/126 1353/1458/126 1419/1210/45 1420/1192/45
f 1349/1465/126 1350/1460/126 1415/1462/45 1416/1256/45
f 1331/1198/14 1333/1180/14 1430/1467/166 1428/1468/166
f 1326/1349/6 1325/1354/6 1425/1469/12 1426/1470/12
f 1471/1146/14 1332/1145/14 1429/1471/166 1478/1472/166
f 1333/1180/14 1334/1174/14 1431/1473/166 1430/1467/166
f 1327/979/6 1326/1349/6 1426/1470/12 1427/1111/12
f 1323/1357/6 1324/1340/6 1424/1474/12 1423/1475/12
f 1334/1174/14 1335/1172/14 1346/1428/197 1431/1473/166
f 1332/1145/14 1331/1198/14 1428/1468/166 1429/1471/166
f 1325/1354/6 1323/1357/6 1423/1475/12 1425/1469/12
f 1322/1339/6 1328/1261/12 1424/1474/12 1324/1340/6
f 1436/1363/114 1438/1361/152 1447/1223/72 1446/1236/62
f 1432/1476/114 1434/1477/114 1440/1258/62 1439/1351/62
f 1376/1122/4 1448/1121/3 1442/1336/136 1443/1134/11
f 1438/1361/152 1479/1360/483 1480/1224/471 1447/1223/72
f 1434/1477/114 1435/1359/114 1444/1213/62 1440/1258/62
f 1448/1121/3 1433/1478/114 1441/1342/62 1442/1336/136
f 1435/1359/114 1437/1358/114 1445/1214/62 1444/1213/62
f 1437/1358/114 1436/1363/114 1446/1236/62 1445/1214/62
f 1433/1478/114 1432/1476/114 1439/1351/62 1441/1342/62
f 1378/1479/215 1389/1480/216 1388/1437/105 1377/1436/163
f 1146/1391/7 1145/1127/7 1342/1130/7 1343/1430/7
f 1211/1218/67 1411/1217/66 1410/1232/79 1209/1231/78
f 1108/1322/127 1105/1324/128 1300/1417/189 1297/1420/192
f 1181/1219/163 1182/1220/69 1378/1479/215 1377/1436/163
f 1169/1120/2 1257/1316/114 1433/1478/114 1448/1121/3
f 1147/1394/7 1146/1391/7 1343/1430/7 1344/1429/7
f 1245/1374/12 1246/1375/12 1423/1475/12 1424/1474/12
f 1178/1294/102 1188/1298/102 1379/1443/102 1380/1447/102
f 1148/1028/7 1147/1394/7 1344/1429/7 1329/1069/7
f 1208/1234/81 1409/1233/80 1412/1456/210 1210/1395/174
f 1246/1375/12 1247/1376/12 1425/1469/12 1423/1475/12
f 1111/1307/113 1449/1306/479 1463/1413/486 1302/1412/185
f 1179/1378/164 1180/1377/68 1381/1439/68 1382/1441/205
f 1144/1128/7 1143/1368/156 1345/1427/196 1341/1129/7
f 1247/1376/12 1248/1373/12 1426/1470/12 1425/1469/12
f 1113/1304/110 1112/1310/480 1303/1407/182 1304/1415/187
f 1180/1377/68 1181/1219/163 1377/1436/163 1381/1439/68
f 1248/1373/12 1249/1008/12 1427/1111/12 1426/1470/12
f 1115/1309/115 1114/1313/117 1305/1411/184 1306/1408/183
f 1193/1372/162 1192/1371/161 1383/1442/161 1384/1445/207
f 1251/1384/166 1250/1382/166 1429/1471/166 1428/1468/166
f 1183/1295/103 1178/1294/102 1380/1447/102 1385/1449/209
f 1234/1030/173 1413/1043/181 1296/1346/142 1099/1345/141
f 1143/1368/156 1254/1367/155 1346/1428/197 1345/1427/196
f 1252/1385/166 1251/1384/166 1428/1468/166 1430/1467/166
f 1185/1297/105 1184/1296/104 1386/1440/204 1387/1438/105
f 1253/1386/166 1252/1385/166 1430/1467/166 1431/1473/166
f 1186/1299/105 1185/1297/105 1387/1438/105 1388/1437/105
f 1459/1305/478 1113/1304/110 1304/1415/187 1476/1416/487
f 1254/1367/155 1253/1386/166 1431/1473/166 1346/1428/197
f 1112/1310/480 1115/1309/115 1306/1408/183 1303/1407/182
f 1187/1300/106 1186/1299/105 1388/1437/105 1389/1480/216
f 1250/1382/166 1460/1383/166 1478/1472/166 1429/1471/166
f 1189/1301/107 1193/1372/162 1384/1445/207 1390/1444/206
f 1239/1229/45 1238/1379/45 1415/1462/45 1414/1230/45
f 1149/1333/133 1150/1330/130 1347/1463/213 1348/1337/137
f 1114/1313/117 1111/1307/113 1302/1412/185 1305/1411/184
f 1210/1395/174 1412/1456/210 1477/1457/489 1458/1396/484
f 1150/1330/130 1151/1329/126 1349/1465/126 1347/1463/213
f 1151/1329/126 1152/1328/126 1350/1460/126 1349/1465/126
f 1184/1296/104 1179/1378/164 1382/1441/205 1386/1440/204
f 1152/1328/126 1153/1327/126 1351/1461/126 1350/1460/126
f 1194/950/123 1107/1319/122 1307/1419/191 1299/1056/193
f 1188/1298/102 1189/1301/107 1390/1444/206 1379/1443/102
f 1153/1327/126 1154/1325/126 1352/1464/126 1351/1461/126
f 1191/1380/161 1190/1381/165 1391/1448/208 1392/1446/161
f 1155/1323/126 1156/1321/126 1353/1458/126 1354/1466/126
f 1192/1371/161 1191/1380/161 1392/1446/161 1383/1442/161
f 1238/1379/45 1237/1255/45 1416/1256/45 1415/1462/45
f 1156/1321/126 1157/1320/125 1355/1459/212 1353/1458/126
f 1105/1324/128 1106/1326/129 1310/1418/190 1300/1417/189
f 1182/1220/69 1187/1300/106 1389/1480/216 1378/1479/215
f 1157/1320/125 1158/949/124 1356/1101/214 1355/1459/212
f 1107/1319/122 1108/1322/127 1297/1420/192 1307/1419/191
f 1087/1387/167 1274/1401/177 1275/1400/176 1088/1393/172
f 1154/1325/126 1155/1323/126 1354/1466/126 1352/1464/126
f 1109/1317/119 1110/943/118 1309/1059/195 1311/1421/194
f 1090/1242/474 1277/1241/86 1276/1206/59 1089/1205/58
f 1190/1381/165 1183/1295/103 1385/1449/209 1391/1448/208
f 1092/1389/169 1279/1404/180 1278/1403/485 1091/1390/170
f 1160/1318/120 1161/1331/131 1357/1435/203 1358/1431/198
f 1116/1136/12 1117/1397/12 1314/1426/12 1312/1137/12
f 1106/1326/129 1109/1317/119 1311/1421/194 1310/1418/190
f 1093/1208/61 1280/1207/60 1279/1404/180 1092/1389/169
f 1161/1331/131 1162/1332/132 1359/1433/488 1357/1435/203
f 1117/1397/12 1118/1398/12 1315/1424/12 1314/1426/12
f 1095/1188/469 1282/1187/43 1281/1252/97 1094/1251/96
f 1162/1332/132 1163/1334/134 1360/1338/138 1359/1433/488
f 1255/1260/12 1245/1374/12 1424/1474/12 1328/1261/12
f 1118/1398/12 1119/1399/12 1316/1422/12 1315/1424/12
f 1159/944/121 1160/1318/120 1358/1431/198 1361/1072/199
f 1119/1399/12 1120/1259/12 1317/1262/12 1316/1422/12
f 1096/1254/99 1285/1253/98 1274/1401/177 1087/1387/167
f 1166/1388/168 1165/1369/157 1362/1370/160 1363/1434/202
f 1257/1316/114 1258/1315/114 1432/1476/114 1433/1478/114
f 1122/1278/5 1121/1123/5 1313/1126/6 1318/1425/6
f 1195/1356/150 1394/1355/149 1395/1353/482 1196/1352/481
f 1088/1393/172 1275/1400/176 1286/1240/85 1097/1239/84
f 1167/1392/171 1166/1388/168 1363/1434/202 1364/1432/200
f 1258/1315/114 1259/1314/114 1434/1477/114 1432/1476/114
f 1123/1283/5 1122/1278/5 1318/1425/6 1319/1423/6
f 1198/1178/466 1397/1177/35 1396/1164/26 1197/1163/25
f 1091/1390/170 1278/1403/485 1287/1186/42 1098/1185/41
f 1168/1343/139 1167/1392/171 1364/1432/200 1365/1344/140
f 1259/1314/114 1260/1312/114 1435/1359/114 1434/1477/114
f 1124/1288/5 1123/1283/5 1319/1423/6 1320/1366/6
f 1200/1365/154 1399/1364/153 1398/1348/144 1199/1347/143
f 1092/1389/169 1146/1391/7 1147/1394/7 1093/1208/61
f 1179/1378/164 1184/1296/104 1237/1255/45 1238/1379/45
