# Blender v2.93.3 OBJ File: 'molduras1.blend'
# www.blender.org
mtllib moldura tortuga.mtl
o TORTUGA.002_Plane.022
v 1.365338 2.157632 0.024551
v 1.365338 -0.000000 0.024555
v 1.241179 -0.000000 0.117808
v 1.123784 0.127895 0.071182
v 1.123784 -0.000000 0.117808
v 1.001896 0.127895 0.071182
v 1.001896 -0.000000 0.117808
v 0.873594 0.127895 0.071182
v 0.873594 -0.000000 0.117808
v 0.749568 -0.000000 0.117808
v 0.623369 0.127895 0.071182
v 0.623369 -0.000000 0.117808
v 1.241179 2.157627 0.117806
v 1.126658 2.157627 0.117806
v 1.004770 2.157627 0.117806
v 0.876468 2.157627 0.117806
v 0.752442 2.157627 0.117806
v 0.625874 2.157627 0.117806
v 0.501443 2.157627 0.117806
v 0.379556 2.157627 0.117806
v 0.251254 2.157627 0.117806
v 0.127228 2.157627 0.117806
v 0.499307 0.127895 0.071182
v 0.499308 -0.000000 0.117808
v 0.377420 0.127895 0.071182
v 0.377421 -0.000000 0.117808
v 0.249118 0.127895 0.071182
v 0.249119 -0.000000 0.117808
v 0.125092 0.127895 0.071182
v 0.125093 -0.000000 0.117808
v 1.365337 2.033533 0.071182
v 0.625873 2.033533 0.071182
v 0.752441 2.033533 0.071182
v 0.876468 2.033533 0.071182
v 1.365337 0.127895 0.071182
v 1.365338 2.157627 0.117806
v 1.004770 2.033533 0.071182
v 1.365338 -0.000000 0.117808
v 0.127227 2.033533 0.071182
v 0.251253 2.033533 0.071182
v 1.241178 0.127895 0.071182
v 1.126658 2.033533 0.071182
v 1.241178 2.033533 0.071182
v 0.379556 2.033533 0.071182
v 0.501443 2.033533 0.071182
v 1.241179 -0.000000 0.024555
v 1.123784 -0.000000 0.024555
v 1.001896 -0.000000 0.024555
v 0.873594 -0.000000 0.024555
v 0.749568 -0.000000 0.024555
v 0.623369 -0.000000 0.024555
v 0.499308 -0.000000 0.024555
v 0.377421 -0.000000 0.024555
v 0.249119 -0.000000 0.024555
v 0.125093 -0.000000 0.024555
v 1.241179 2.157632 0.024551
v 1.126658 2.157632 0.024551
v 1.004770 2.157632 0.024551
v 0.876468 2.157632 0.024551
v 0.752442 2.157632 0.024551
v 0.625874 2.157632 0.024551
v 0.501443 2.157632 0.024551
v 0.379556 2.157632 0.024551
v 0.251254 2.157632 0.024551
v 0.127228 2.157632 0.024551
v 0.056477 0.951572 0.071182
v 0.081639 1.164279 0.071182
v 0.054434 1.235181 0.071182
v 0.105473 0.470638 0.071182
v 0.173057 0.578357 0.071182
v 1.449851 1.635711 0.071182
v 1.464863 1.595722 0.071182
v 1.449275 1.715689 0.071182
v 1.446456 1.675700 0.071182
v 0.082661 1.022475 0.071182
v 0.087660 1.093377 0.071182
v 0.099212 1.794137 0.071182
v 0.135891 1.852370 0.071182
v 0.116652 1.834522 0.071182
v 0.216785 1.816959 0.071182
v 0.198024 1.853804 0.071182
v 0.160714 1.869147 0.071182
v 0.172923 1.762806 0.071182
v 0.191202 1.775515 0.071182
v 0.150365 1.750918 0.071182
v 0.105792 1.814740 0.071182
v 0.206784 1.795702 0.071182
v 0.041863 1.914759 0.071182
v 0.048883 1.836575 0.071182
v 0.053546 1.861628 0.071182
v 0.034806 1.811522 0.071182
v 0.052748 1.888193 0.071182
v 0.018441 0.518007 0.071182
v 0.083886 0.625727 0.071182
v 1.463711 1.755678 0.071182
v 0.149821 0.717400 0.071182
v 0.228230 0.809074 0.071182
v 0.306852 0.884420 0.071182
v 0.392033 0.957275 0.071182
v 0.474862 1.019752 0.071182
v 0.586344 1.077247 0.071182
v 0.661545 1.116892 0.071182
v 0.934906 1.219428 0.071182
v 1.087661 1.248626 0.071182
v 1.215965 1.264954 0.071182
v 1.372284 1.281282 0.071182
v 0.235927 0.665534 0.071182
v 0.302646 0.746069 0.071182
v 0.370647 0.815810 0.071182
v 0.456612 0.890699 0.071182
v 0.548991 0.954463 0.071182
v 0.664466 1.016732 0.071182
v 0.764544 1.066547 0.071182
v 0.900547 1.111381 0.071182
v 1.021155 1.138780 0.071182
v 1.136629 1.161197 0.071182
v 1.254669 1.173650 0.071182
v 1.372711 1.183613 0.071182
v 0.551203 1.171688 0.071182
v 0.675730 1.216453 0.071182
v 0.438294 1.241430 0.071182
v 0.547425 1.286195 0.071182
v 0.335649 1.313662 0.071182
v 0.429384 1.358427 0.071182
v 0.248402 1.388385 0.071182
v 0.344702 1.430659 0.071182
v 0.173985 1.460617 0.071182
v 0.260021 1.500400 0.071182
v 0.091870 1.555267 0.071182
v 0.172773 1.592559 0.071182
v 0.030283 1.642443 0.071182
v 0.103488 1.677245 0.071182
v 0.939039 0.999297 0.071182
v 1.013456 1.069038 0.071182
v 1.098138 0.951972 0.071182
v 1.139195 1.036658 0.071182
v 1.244405 0.922083 0.071182
v 1.272632 1.014241 0.071182
v 1.375277 0.907138 0.071182
v 1.388107 1.001788 0.071182
v 0.103675 0.410238 0.071182
v 0.099212 0.366963 0.071182
v 0.135891 0.308731 0.071182
v 0.116652 0.326578 0.071182
v 0.216785 0.344141 0.071182
v 0.198024 0.307297 0.071182
v 0.160714 0.291954 0.071182
v 0.172923 0.398294 0.071182
v 0.191202 0.385585 0.071182
v 0.150365 0.410182 0.071182
v 0.105792 0.346360 0.071182
v 0.206784 0.365398 0.071182
v 0.041863 0.246341 0.071182
v 0.048883 0.324525 0.071182
v 0.053546 0.299472 0.071182
v 0.034806 0.349578 0.071182
v 0.052748 0.272907 0.071182
v 1.361307 1.535735 0.071182
v 1.434374 1.469066 0.071182
v 1.301726 1.476620 0.071182
v 1.380109 1.411854 0.071182
v 1.233297 1.557570 0.071182
v 1.207636 1.667163 0.071182
v 1.228164 1.784229 0.071182
v 1.292317 1.866425 0.071182
v 1.374433 1.923712 0.071182
v 1.316400 1.595929 0.071182
v 1.303142 1.678124 0.071182
v 1.321105 1.767792 0.071182
v 1.364728 1.822588 0.071182
v 1.428881 1.869913 0.071182
v 1.449851 0.473619 0.071182
v 1.464863 0.433630 0.071182
v 1.449275 0.553597 0.071182
v 1.446456 0.513608 0.071182
v 1.463711 0.593586 0.071182
v 1.361307 0.373643 0.071182
v 1.434374 0.306974 0.071182
v 1.301726 0.314528 0.071182
v 1.380109 0.249762 0.071182
v 1.233297 0.395478 0.071182
v 1.207636 0.505072 0.071182
v 1.228164 0.622137 0.071182
v 1.292317 0.704333 0.071182
v 1.374433 0.761620 0.071182
v 1.316400 0.433837 0.071182
v 1.303142 0.516032 0.071182
v 1.321105 0.605700 0.071182
v 1.364728 0.660497 0.071182
v 1.428881 0.707821 0.071182
v 0.749567 0.127895 0.071182
v 0.786072 1.166638 0.071182
v 0.103675 1.750863 0.071182
v 0.104415 0.620745 0.098437
v 0.152529 0.590811 0.098437
v 0.090077 0.498036 0.098437
v 0.044103 0.527970 0.098437
v 0.876468 2.101826 0.098437
v 0.876468 2.042712 0.098437
v 1.365337 2.101826 0.098437
v 1.365337 2.042712 0.098437
v 1.365337 0.058118 0.098437
v 0.127227 2.042712 0.098437
v 1.123784 0.058118 0.098437
v 1.241178 0.058118 0.098437
v 1.001896 0.058118 0.098437
v 1.123784 0.116404 0.098437
v 1.001896 0.116404 0.098437
v 0.873594 0.058118 0.098437
v 0.873594 0.116404 0.098437
v 0.749567 0.058118 0.098437
v 0.623369 0.058118 0.098437
v 1.241178 2.101826 0.098437
v 1.126658 2.101826 0.098437
v 1.004770 2.101826 0.098437
v 0.752441 2.101826 0.098437
v 0.625873 2.101826 0.098437
v 0.501443 2.101826 0.098437
v 0.251253 2.042712 0.098437
v 0.379556 2.101826 0.098437
v 0.379556 2.042712 0.098437
v 0.251253 2.101826 0.098437
v 0.127227 2.101826 0.098437
v 0.501443 2.042712 0.098437
v 0.623369 0.116404 0.098437
v 0.499307 0.116404 0.098437
v 0.625873 2.042712 0.098437
v 0.377420 0.058118 0.098437
v 0.499307 0.058118 0.098437
v 0.377420 0.116404 0.098437
v 0.249118 0.058118 0.098437
v 0.249118 0.116404 0.098437
v 0.125092 0.058118 0.098437
v 0.125092 0.116404 0.098437
v 0.752441 2.042712 0.098437
v 1.365337 0.116404 0.098437
v 1.241178 0.116404 0.098437
v 1.241178 2.042712 0.098437
v 1.004770 2.042712 0.098437
v 1.126658 2.042712 0.098437
v 0.043480 0.981840 0.098437
v 0.063281 1.149224 0.098437
v 0.041872 1.205019 0.098437
v 1.462274 1.641335 0.098437
v 1.475167 1.606990 0.098437
v 1.461779 1.710025 0.098437
v 1.459358 1.675680 0.098437
v 0.064085 1.037635 0.098437
v 0.068019 1.093429 0.098437
v 0.138346 1.845864 0.098437
v 0.121743 1.830462 0.098437
v 0.208154 1.815306 0.098437
v 0.191963 1.847102 0.098437
v 0.159767 1.860342 0.098437
v 0.170303 1.768574 0.098437
v 0.186076 1.779542 0.098437
v 0.170841 1.823803 0.098437
v 0.149719 1.800506 0.098437
v 0.112371 1.813391 0.098437
v 0.106692 1.795612 0.098437
v 0.199524 1.796962 0.098437
v 0.033893 1.903166 0.098437
v 0.039384 1.842003 0.098437
v 0.043031 1.861602 0.098437
v 0.042407 1.882384 0.098437
v 0.130131 1.779387 0.098437
v 0.150836 1.758315 0.098437
v 0.028371 1.822404 0.098437
v 1.474178 1.744370 0.098437
v 0.657767 1.199018 0.098437
v 0.787265 1.145596 0.098437
v 0.859517 1.110213 0.098437
v 0.170350 0.712419 0.098437
v 0.248758 0.804093 0.098437
v 0.327382 0.879439 0.098437
v 0.412562 0.952294 0.098437
v 0.495390 1.014770 0.098437
v 0.606873 1.072266 0.098437
v 0.700036 1.119382 0.098437
v 0.934590 1.203450 0.098437
v 1.086464 1.237138 0.098437
v 1.214247 1.253312 0.098437
v 1.370026 1.270472 0.098437
v 0.215399 0.677988 0.098437
v 0.282116 0.758522 0.098437
v 0.350118 0.828264 0.098437
v 0.436083 0.903153 0.098437
v 0.528463 0.966917 0.098437
v 0.643938 1.029186 0.098437
v 0.764544 1.086473 0.098437
v 1.022937 1.156429 0.098437
v 1.137736 1.176494 0.098437
v 1.255366 1.189541 0.098437
v 1.373062 1.200811 0.098437
v 0.566599 1.179161 0.098437
v 0.453690 1.248902 0.098437
v 0.529462 1.268759 0.098437
v 0.351046 1.321134 0.098437
v 0.411421 1.340991 0.098437
v 0.263799 1.395858 0.098437
v 0.326740 1.413224 0.098437
v 0.189382 1.468089 0.098437
v 0.242058 1.482965 0.098437
v 0.107266 1.562739 0.098437
v 0.154810 1.575123 0.098437
v 0.063643 1.627499 0.098437
v 0.103488 1.652337 0.098437
v 0.939039 1.024204 0.098437
v 1.013456 1.046621 0.098437
v 1.098138 0.976880 0.098437
v 1.139195 1.014241 0.098437
v 1.244405 0.946990 0.098437
v 1.272632 0.991825 0.098437
v 1.375277 0.932046 0.098437
v 1.388107 0.979371 0.098437
v 0.131035 0.380740 0.098437
v 0.112196 0.401052 0.098437
v 0.108492 0.365134 0.098437
v 0.122967 0.331614 0.098437
v 0.138936 0.316801 0.098437
v 0.190507 0.315611 0.098437
v 0.206078 0.346192 0.098437
v 0.159539 0.302876 0.098437
v 0.184844 0.380590 0.098437
v 0.169672 0.391139 0.098437
v 0.170191 0.338019 0.098437
v 0.149874 0.360427 0.098437
v 0.150949 0.401006 0.098437
v 0.113953 0.348034 0.098437
v 0.197777 0.363835 0.098437
v 0.034474 0.257873 0.098437
v 0.043626 0.299498 0.098437
v 0.039973 0.319126 0.098437
v 0.028944 0.338754 0.098437
v 0.043001 0.278686 0.098437
v 1.411279 1.469066 0.098437
v 1.353608 1.520790 0.098437
v 1.319689 1.476620 0.098437
v 1.380109 1.429289 0.098437
v 1.251259 1.557570 0.098437
v 1.225598 1.667163 0.098437
v 1.246127 1.784229 0.098437
v 1.310280 1.866425 0.098437
v 1.371867 1.903786 0.098437
v 1.290739 1.595929 0.098437
v 1.277480 1.678124 0.098437
v 1.295443 1.767792 0.098437
v 1.339067 1.822588 0.098437
v 1.403220 1.869913 0.098437
v 0.749567 0.116404 0.098437
v 1.472983 0.448402 0.098437
v 1.460748 0.480992 0.098437
v 1.457981 0.513582 0.098437
v 1.460278 0.546172 0.098437
v 1.472043 0.578762 0.098437
v 1.414772 0.306974 0.098437
v 1.341705 0.373643 0.098437
v 1.319547 0.314528 0.098437
v 1.374763 0.272248 0.098437
v 1.251117 0.395478 0.098437
v 1.225456 0.505072 0.098437
v 1.245986 0.622137 0.098437
v 1.310138 0.704333 0.098437
v 1.374433 0.747783 0.098437
v 1.296798 0.433837 0.098437
v 1.283539 0.516032 0.098437
v 1.301502 0.605700 0.098437
v 1.345126 0.660497 0.098437
v 1.409279 0.707821 0.098437
v 0.110544 1.758268 0.098437
v 0.000001 2.157627 0.117806
v 0.000001 -0.000000 0.117808
v 0.000000 2.033533 0.071182
v 0.000001 -0.000000 0.024555
v 0.000001 2.157632 0.024551
v 0.000000 0.925081 0.071182
v 0.000000 1.926443 0.071182
v 0.000000 0.234657 0.071182
v 0.000000 0.368953 0.071182
v 0.000000 1.262664 0.071182
v 0.000000 0.127895 0.071182
v 0.000000 1.792147 0.071182
v 0.000000 1.027406 0.098437
v 0.000000 0.960993 0.098437
v 0.000000 1.887202 0.098437
v 0.000000 1.862097 0.098437
v 0.000000 1.160233 0.098437
v 0.000000 1.093819 0.098437
v 0.000000 1.912307 0.098437
v 0.000000 1.834672 0.098437
v 0.000000 2.101826 0.098437
v 0.000000 2.042712 0.098437
v 0.000000 0.058118 0.098437
v 0.000000 0.299002 0.098437
v 0.000000 0.273860 0.098437
v 0.000000 0.353933 0.098437
v 0.000000 0.326468 0.098437
v 0.000000 0.248719 0.098437
v 0.000000 1.226646 0.098437
v 0.000000 0.116404 0.098437
v 0.000000 1.807248 0.098437
v 1.496181 -0.000000 0.117808
v 1.496181 2.157627 0.117806
v 1.496181 2.033533 0.071182
v 1.496181 -0.000000 0.024555
v 1.496181 2.157632 0.024551
v 1.627025 2.157632 0.024551
v 1.627025 -0.000000 0.024555
v 1.751183 -0.000000 0.117808
v 1.868578 0.127895 0.071182
v 1.868579 -0.000000 0.117808
v 1.990466 0.127895 0.071182
v 1.990466 0.000000 0.117808
v 2.118768 0.127895 0.071182
v 2.118769 0.000000 0.117808
v 2.242795 0.000000 0.117808
v 2.368994 0.127895 0.071182
v 2.368994 0.000000 0.117808
v 1.751183 2.157627 0.117806
v 1.865705 2.157627 0.117806
v 1.987592 2.157627 0.117806
v 2.115895 2.157627 0.117806
v 2.239921 2.157627 0.117806
v 2.366489 2.157627 0.117806
v 2.490919 2.157627 0.117806
v 2.612807 2.157627 0.117806
v 2.741110 2.157627 0.117806
v 2.865135 2.157627 0.117806
v 2.493054 0.127895 0.071182
v 2.493054 0.000000 0.117808
v 2.614942 0.127895 0.071182
v 2.614942 0.000000 0.117808
v 2.743244 0.127895 0.071182
v 2.743244 0.000000 0.117808
v 2.867270 0.127895 0.071182
v 2.867270 0.000000 0.117808
v 1.627024 2.033533 0.071182
v 2.366489 2.033533 0.071182
v 2.239921 2.033533 0.071182
v 2.115894 2.033533 0.071182
v 1.627024 0.127895 0.071182
v 1.627025 2.157627 0.117806
v 1.987592 2.033533 0.071182
v 1.627025 -0.000000 0.117808
v 2.865135 2.033533 0.071182
v 2.741109 2.033533 0.071182
v 1.751183 0.127895 0.071182
v 1.865704 2.033533 0.071182
v 1.751183 2.033533 0.071182
v 2.612807 2.033533 0.071182
v 2.490919 2.033533 0.071182
v 1.751183 -0.000000 0.024555
v 1.868579 0.000000 0.024555
v 1.990466 0.000000 0.024555
v 2.118769 0.000000 0.024555
v 2.242795 0.000000 0.024555
v 2.368994 0.000000 0.024555
v 2.493054 0.000000 0.024555
v 2.614942 0.000000 0.024555
v 2.743244 0.000000 0.024555
v 2.867270 0.000000 0.024555
v 1.751183 2.157632 0.024551
v 1.865705 2.157632 0.024551
v 1.987592 2.157632 0.024551
v 2.115895 2.157632 0.024551
v 2.239921 2.157632 0.024551
v 2.366489 2.157632 0.024551
v 2.490919 2.157632 0.024551
v 2.612807 2.157632 0.024551
v 2.741110 2.157632 0.024551
v 2.865135 2.157632 0.024551
v 2.935885 0.951572 0.071182
v 2.910723 1.164279 0.071182
v 2.937928 1.235181 0.071182
v 2.886888 0.470638 0.071182
v 2.819305 0.578357 0.071182
v 1.542510 1.635711 0.071182
v 1.527498 1.595722 0.071182
v 1.496181 1.580222 0.071182
v 1.543086 1.715689 0.071182
v 1.545905 1.675700 0.071182
v 2.909701 1.022475 0.071182
v 2.904702 1.093377 0.071182
v 2.893150 1.794137 0.071182
v 2.856470 1.852370 0.071182
v 2.875710 1.834522 0.071182
v 2.775577 1.816959 0.071182
v 2.794338 1.853804 0.071182
v 2.831647 1.869147 0.071182
v 2.819439 1.762806 0.071182
v 2.801160 1.775515 0.071182
v 2.841996 1.750918 0.071182
v 2.886570 1.814740 0.071182
v 2.785578 1.795702 0.071182
v 2.950498 1.914759 0.071182
v 2.943479 1.836575 0.071182
v 2.938816 1.861628 0.071182
v 2.957556 1.811522 0.071182
v 2.939614 1.888193 0.071182
v 2.973920 0.518007 0.071182
v 2.908476 0.625727 0.071182
v 1.528651 1.755678 0.071182
v 2.842541 0.717400 0.071182
v 2.764132 0.809074 0.071182
v 2.685509 0.884420 0.071182
v 2.600329 0.957275 0.071182
v 2.517501 1.019752 0.071182
v 2.406018 1.077247 0.071182
v 2.330817 1.116892 0.071182
v 2.057456 1.219428 0.071182
v 1.904701 1.248626 0.071182
v 1.776396 1.264954 0.071182
v 1.620077 1.281282 0.071182
v 2.756435 0.665534 0.071182
v 2.689717 0.746069 0.071182
v 2.621715 0.815810 0.071182
v 2.535750 0.890699 0.071182
v 2.443370 0.954463 0.071182
v 2.327896 1.016732 0.071182
v 2.227818 1.066547 0.071182
v 2.091814 1.111381 0.071182
v 1.971207 1.138780 0.071182
v 1.855732 1.161197 0.071182
v 1.737692 1.173650 0.071182
v 1.619651 1.183613 0.071182
v 1.496181 1.186104 0.071182
v 2.441159 1.171688 0.071182
v 2.316632 1.216453 0.071182
v 2.554069 1.241430 0.071182
v 2.444937 1.286195 0.071182
v 2.656712 1.313662 0.071182
v 2.562978 1.358427 0.071182
v 2.743960 1.388385 0.071182
v 2.647660 1.430659 0.071182
v 2.818377 1.460617 0.071182
v 2.732341 1.500400 0.071182
v 2.900492 1.555267 0.071182
v 2.819589 1.592559 0.071182
v 2.962079 1.642443 0.071182
v 2.888874 1.677245 0.071182
v 2.053323 0.999297 0.071182
v 1.978905 1.069038 0.071182
v 1.894224 0.951972 0.071182
v 1.853166 1.036658 0.071182
v 1.747956 0.922083 0.071182
v 1.719729 1.014241 0.071182
v 1.617085 0.907138 0.071182
v 1.604254 1.001788 0.071182
v 1.496181 0.904692 0.071182
v 1.496181 1.001743 0.071182
v 2.888688 0.410238 0.071182
v 2.893150 0.366963 0.071182
v 2.856470 0.308731 0.071182
v 2.875710 0.326578 0.071182
v 2.775577 0.344141 0.071182
v 2.794338 0.307297 0.071182
v 2.831647 0.291954 0.071182
v 2.819439 0.398294 0.071182
v 2.801160 0.385585 0.071182
v 2.841996 0.410182 0.071182
v 2.886570 0.346360 0.071182
v 2.785578 0.365398 0.071182
v 2.950498 0.246341 0.071182
v 2.943479 0.324525 0.071182
v 2.938816 0.299472 0.071182
v 2.957556 0.349578 0.071182
v 2.939614 0.272907 0.071182
v 1.631055 1.535735 0.071182
v 1.557988 1.469066 0.071182
v 1.690634 1.476620 0.071182
v 1.612253 1.411854 0.071182
v 1.759065 1.557570 0.071182
v 1.784725 1.667163 0.071182
v 1.764197 1.784229 0.071182
v 1.700044 1.866425 0.071182
v 1.617929 1.923712 0.071182
v 1.675961 1.595929 0.071182
v 1.689219 1.678124 0.071182
v 1.671257 1.767792 0.071182
v 1.627633 1.822588 0.071182
v 1.563480 1.869913 0.071182
v 1.542510 0.473619 0.071182
v 1.527498 0.433630 0.071182
v 1.496181 0.418129 0.071182
v 1.543086 0.553597 0.071182
v 1.545905 0.513608 0.071182
v 1.528651 0.593586 0.071182
v 1.631055 0.373643 0.071182
v 1.557988 0.306974 0.071182
v 1.690634 0.314528 0.071182
v 1.612253 0.249762 0.071182
v 1.759065 0.395478 0.071182
v 1.784725 0.505072 0.071182
v 1.764197 0.622137 0.071182
v 1.700044 0.704333 0.071182
v 1.617929 0.761620 0.071182
v 1.675961 0.433837 0.071182
v 1.689219 0.516032 0.071182
v 1.671257 0.605700 0.071182
v 1.627633 0.660497 0.071182
v 1.563480 0.707821 0.071182
v 2.242794 0.127895 0.071182
v 1.496181 1.770619 0.071182
v 1.496181 1.284742 0.071182
v 2.206290 1.166638 0.071182
v 1.496181 0.608527 0.071182
v 1.496181 0.127895 0.071182
v 2.888688 1.750863 0.071182
v 1.496181 1.634559 0.098437
v 1.496181 1.593676 0.098437
v 1.496181 1.716321 0.098437
v 1.496181 1.675440 0.098437
v 2.887947 0.620745 0.098436
v 2.839834 0.590811 0.098436
v 2.902285 0.498036 0.098436
v 2.948259 0.527970 0.098436
v 2.115894 2.101826 0.098437
v 2.115894 2.042712 0.098437
v 1.496181 2.101826 0.098437
v 1.627024 2.101826 0.098437
v 1.627024 2.042712 0.098437
v 1.496181 2.042712 0.098437
v 1.627024 0.058118 0.098437
v 1.496181 0.058118 0.098437
v 2.865135 2.042712 0.098436
v 1.868578 0.058118 0.098437
v 1.751183 0.058118 0.098437
v 1.990466 0.058118 0.098437
v 1.868578 0.116404 0.098437
v 1.990466 0.116404 0.098437
v 2.118768 0.058118 0.098437
v 2.118768 0.116404 0.098437
v 2.242794 0.058118 0.098437
v 2.368994 0.058118 0.098437
v 1.751183 2.101826 0.098437
v 1.865704 2.101826 0.098437
v 1.987592 2.101826 0.098437
v 2.239921 2.101826 0.098437
v 2.366489 2.101826 0.098437
v 2.490919 2.101826 0.098436
v 2.741109 2.042712 0.098436
v 2.612807 2.101826 0.098436
v 2.612807 2.042712 0.098436
v 2.741109 2.101826 0.098436
v 2.865135 2.101826 0.098436
v 2.490919 2.042712 0.098436
v 2.368994 0.116404 0.098437
v 2.493054 0.116404 0.098436
v 2.366489 2.042712 0.098437
v 2.614942 0.058118 0.098436
v 2.493054 0.058118 0.098436
v 2.614942 0.116404 0.098436
v 2.743244 0.058118 0.098436
v 2.743244 0.116404 0.098436
v 2.867270 0.058118 0.098436
v 2.867270 0.116404 0.098436
v 2.239921 2.042712 0.098437
v 1.627024 0.116404 0.098437
v 1.751183 0.116404 0.098437
v 1.751183 2.042712 0.098437
v 1.987592 2.042712 0.098437
v 1.865704 2.042712 0.098437
v 2.948881 0.981840 0.098436
v 2.929081 1.149224 0.098436
v 2.950489 1.205019 0.098436
v 1.530087 1.641335 0.098437
v 1.517194 1.606990 0.098437
v 1.530582 1.710025 0.098437
v 1.533004 1.675680 0.098437
v 2.928277 1.037635 0.098436
v 2.924343 1.093429 0.098436
v 2.854016 1.845864 0.098436
v 2.870619 1.830462 0.098436
v 2.784208 1.815306 0.098436
v 2.800398 1.847102 0.098436
v 2.832596 1.860342 0.098436
v 2.822059 1.768574 0.098436
v 2.806285 1.779542 0.098436
v 2.821521 1.823803 0.098436
v 2.842644 1.800506 0.098436
v 2.879991 1.813391 0.098436
v 2.885669 1.795612 0.098436
v 2.792839 1.796962 0.098436
v 2.958469 1.903166 0.098436
v 2.952978 1.842003 0.098436
v 2.949330 1.861602 0.098436
v 2.949955 1.882384 0.098436
v 2.862231 1.779387 0.098436
v 2.841526 1.758315 0.098436
v 2.963991 1.822404 0.098436
v 1.518184 1.744370 0.098437
v 2.334595 1.199018 0.098437
v 2.205097 1.145596 0.098437
v 2.132845 1.110213 0.098437
v 2.822012 0.712419 0.098436
v 2.743603 0.804093 0.098436
v 2.664981 0.879439 0.098436
v 2.579800 0.952294 0.098436
v 2.496972 1.014770 0.098436
v 2.385489 1.072266 0.098437
v 2.292325 1.119382 0.098437
v 2.057772 1.203450 0.098437
v 1.905898 1.237138 0.098437
v 1.778114 1.253312 0.098437
v 1.622335 1.270472 0.098437
v 2.776964 0.677988 0.098436
v 2.710245 0.758522 0.098436
v 2.642244 0.828264 0.098436
v 2.556279 0.903153 0.098436
v 2.463899 0.966917 0.098436
v 2.348425 1.029186 0.098437
v 2.227818 1.086473 0.098437
v 1.969426 1.156429 0.098437
v 1.854626 1.176494 0.098437
v 1.736996 1.189541 0.098437
v 1.619299 1.200811 0.098437
v 1.496181 1.207022 0.098437
v 2.425763 1.179161 0.098436
v 2.538671 1.248902 0.098436
v 2.462900 1.268759 0.098436
v 2.641315 1.321134 0.098436
v 2.580941 1.340991 0.098436
v 2.728563 1.395858 0.098436
v 2.665622 1.413224 0.098436
v 2.802980 1.468089 0.098436
v 2.750304 1.482965 0.098436
v 2.885095 1.562739 0.098436
v 2.837551 1.575123 0.098436
v 2.928719 1.627499 0.098436
v 2.888874 1.652337 0.098436
v 2.053323 1.024204 0.098437
v 1.978905 1.046621 0.098437
v 1.894224 0.976880 0.098437
v 1.853166 1.014241 0.098437
v 1.747956 0.946990 0.098437
v 1.719729 0.991825 0.098437
v 1.617085 0.932046 0.098437
v 1.604254 0.979371 0.098437
v 1.496181 0.929600 0.098437
v 1.496181 0.979326 0.098437
v 2.861327 0.380740 0.098436
v 2.880166 0.401052 0.098436
v 2.883870 0.365134 0.098436
v 2.869395 0.331614 0.098436
v 2.853426 0.316801 0.098436
v 2.801856 0.315611 0.098436
v 2.786284 0.346192 0.098436
v 2.832823 0.302876 0.098436
v 2.807518 0.380590 0.098436
v 2.822689 0.391139 0.098436
v 2.822172 0.338019 0.098436
v 2.842488 0.360427 0.098436
v 2.841413 0.401006 0.098436
v 2.878409 0.348034 0.098436
v 2.794585 0.363835 0.098436
v 2.957888 0.257873 0.098436
v 2.948735 0.299498 0.098436
v 2.952389 0.319126 0.098436
v 2.963417 0.338754 0.098436
v 2.949361 0.278686 0.098436
v 1.581082 1.469066 0.098437
v 1.638753 1.520790 0.098437
v 1.672672 1.476620 0.098437
v 1.612253 1.429289 0.098437
v 1.741102 1.557570 0.098437
v 1.766762 1.667163 0.098437
v 1.746234 1.784229 0.098437
v 1.682081 1.866425 0.098437
v 1.620495 1.903786 0.098437
v 1.701623 1.595929 0.098437
v 1.714881 1.678124 0.098437
v 1.696918 1.767792 0.098437
v 1.653294 1.822588 0.098437
v 1.589141 1.869913 0.098437
v 1.496181 0.474562 0.098437
v 1.496181 0.435769 0.098437
v 1.496181 0.552147 0.098437
v 1.496181 0.513354 0.098437
v 2.242794 0.116404 0.098437
v 1.519379 0.448402 0.098437
v 1.531613 0.480992 0.098437
v 1.534380 0.513582 0.098437
v 1.532083 0.546172 0.098437
v 1.520318 0.578762 0.098437
v 1.577590 0.306974 0.098437
v 1.650657 0.373643 0.098437
v 1.672815 0.314528 0.098437
v 1.617598 0.272248 0.098437
v 1.741244 0.395478 0.098437
v 1.766906 0.505072 0.098437
v 1.746376 0.622137 0.098437
v 1.682224 0.704333 0.098437
v 1.617929 0.747783 0.098437
v 1.695564 0.433837 0.098437
v 1.708822 0.516032 0.098437
v 1.690859 0.605700 0.098437
v 1.647235 0.660497 0.098437
v 1.583082 0.707821 0.098437
v 1.496181 1.757203 0.098437
v 1.496181 0.116404 0.098437
v 1.496181 1.277389 0.098437
v 1.496181 0.590939 0.098437
v 2.881818 1.758268 0.098436
v 4.357699 2.157632 0.024551
v 4.357699 0.000000 0.024555
v 4.233541 0.000000 0.117808
v 4.116145 0.127895 0.071181
v 4.116145 0.000000 0.117808
v 3.994258 0.127895 0.071181
v 3.994258 0.000000 0.117808
v 3.865955 0.127895 0.071181
v 3.865955 0.000000 0.117808
v 3.741930 0.000000 0.117808
v 3.615730 0.127895 0.071182
v 3.615730 0.000000 0.117808
v 4.233541 2.157627 0.117806
v 4.119019 2.157627 0.117806
v 3.997132 2.157627 0.117806
v 3.868829 2.157627 0.117806
v 3.744803 2.157627 0.117806
v 3.618235 2.157627 0.117806
v 3.493805 2.157627 0.117806
v 3.371917 2.157627 0.117806
v 3.243615 2.157627 0.117806
v 3.119589 2.157627 0.117806
v 2.992362 2.157627 0.117806
v 3.491669 0.127895 0.071182
v 3.491670 0.000000 0.117808
v 3.369782 0.127895 0.071182
v 3.369782 0.000000 0.117808
v 3.241480 0.127895 0.071182
v 3.241480 0.000000 0.117808
v 3.117454 0.127895 0.071182
v 3.117454 0.000000 0.117808
v 2.992362 0.000000 0.117808
v 4.357699 2.033533 0.071181
v 3.618235 2.033533 0.071182
v 3.744803 2.033533 0.071182
v 3.868829 2.033533 0.071181
v 4.357699 0.127895 0.071181
v 4.357699 2.157627 0.117806
v 3.997131 2.033533 0.071181
v 4.357699 0.000000 0.117808
v 2.992362 2.033533 0.071182
v 3.119589 2.033533 0.071182
v 3.243615 2.033533 0.071182
v 4.233541 0.127895 0.071181
v 4.119019 2.033533 0.071181
v 4.233541 2.033533 0.071181
v 3.371917 2.033533 0.071182
v 3.493804 2.033533 0.071182
v 4.233541 0.000000 0.024555
v 4.116145 0.000000 0.024555
v 3.994258 0.000000 0.024555
v 3.865955 0.000000 0.024555
v 3.741930 0.000000 0.024555
v 3.615730 0.000000 0.024555
v 3.491670 0.000000 0.024555
v 3.369782 0.000000 0.024555
v 3.241480 0.000000 0.024555
v 3.117454 0.000000 0.024555
v 2.992362 0.000000 0.024555
v 4.233541 2.157632 0.024551
v 4.119019 2.157632 0.024551
v 3.997132 2.157632 0.024551
v 3.868829 2.157632 0.024551
v 3.744803 2.157632 0.024551
v 3.618235 2.157632 0.024551
v 3.493805 2.157632 0.024551
v 3.371917 2.157632 0.024551
v 3.243615 2.157632 0.024551
v 3.119589 2.157632 0.024551
v 2.992362 2.157632 0.024551
v 2.992362 0.925081 0.071182
v 3.048838 0.951572 0.071182
v 3.074001 1.164279 0.071182
v 3.046795 1.235181 0.071182
v 3.097836 0.470638 0.071182
v 3.165419 0.578357 0.071182
v 4.442213 1.635711 0.071181
v 4.457225 1.595722 0.071181
v 4.441637 1.715689 0.071181
v 4.438818 1.675700 0.071181
v 3.075022 1.022475 0.071182
v 3.080021 1.093377 0.071182
v 3.091573 1.794137 0.071182
v 3.128253 1.852370 0.071182
v 3.109013 1.834522 0.071182
v 3.209147 1.816959 0.071182
v 3.190386 1.853804 0.071182
v 3.153076 1.869147 0.071182
v 3.165285 1.762806 0.071182
v 3.183564 1.775515 0.071182
v 3.142726 1.750918 0.071182
v 3.098153 1.814740 0.071182
v 3.199146 1.795702 0.071182
v 3.034225 1.914759 0.071182
v 2.992362 1.926443 0.071182
v 3.041245 1.836575 0.071182
v 3.045908 1.861628 0.071182
v 3.027167 1.811522 0.071182
v 3.045110 1.888193 0.071182
v 3.010803 0.518007 0.071182
v 3.076248 0.625727 0.071182
v 4.456073 1.755678 0.071181
v 3.142183 0.717400 0.071182
v 3.220592 0.809074 0.071182
v 3.299214 0.884420 0.071182
v 3.384394 0.957275 0.071182
v 3.467223 1.019752 0.071182
v 3.578706 1.077247 0.071182
v 3.653907 1.116892 0.071182
v 3.927268 1.219428 0.071181
v 4.080022 1.248626 0.071181
v 4.208327 1.264954 0.071181
v 4.364646 1.281282 0.071181
v 3.228288 0.665534 0.071182
v 3.295007 0.746069 0.071182
v 3.363009 0.815810 0.071182
v 3.448973 0.890699 0.071182
v 3.541353 0.954463 0.071182
v 3.656828 1.016732 0.071182
v 3.756906 1.066547 0.071182
v 3.892910 1.111381 0.071181
v 4.013516 1.138780 0.071181
v 4.128991 1.161197 0.071181
v 4.247032 1.173650 0.071181
v 4.365073 1.183613 0.071181
v 3.543564 1.171688 0.071182
v 3.668091 1.216453 0.071182
v 3.430655 1.241430 0.071182
v 3.539786 1.286195 0.071182
v 3.328012 1.313662 0.071182
v 3.421746 1.358427 0.071182
v 3.240764 1.388385 0.071182
v 3.337064 1.430659 0.071182
v 3.166347 1.460617 0.071182
v 3.252383 1.500400 0.071182
v 3.084231 1.555267 0.071182
v 3.165135 1.592559 0.071182
v 3.022645 1.642443 0.071182
v 3.095850 1.677245 0.071182
v 3.931401 0.999297 0.071181
v 4.005818 1.069038 0.071181
v 4.090499 0.951972 0.071181
v 4.131557 1.036658 0.071181
v 4.236767 0.922083 0.071181
v 4.264995 1.014241 0.071181
v 4.367639 0.907138 0.071181
v 4.380469 1.001788 0.071181
v 3.096036 0.410238 0.071182
v 3.091573 0.366963 0.071182
v 3.128253 0.308731 0.071182
v 3.109013 0.326578 0.071182
v 3.209147 0.344141 0.071182
v 3.190386 0.307297 0.071182
v 3.153076 0.291954 0.071182
v 3.165285 0.398294 0.071182
v 3.183564 0.385585 0.071182
v 3.142726 0.410182 0.071182
v 3.098153 0.346360 0.071182
v 3.199146 0.365398 0.071182
v 3.034225 0.246341 0.071182
v 2.992362 0.234657 0.071182
v 3.041245 0.324525 0.071182
v 3.045908 0.299472 0.071182
v 2.992362 0.368953 0.071182
v 3.027167 0.349578 0.071182
v 3.045110 0.272907 0.071182
v 4.353669 1.535735 0.071181
v 4.426735 1.469066 0.071181
v 4.294088 1.476620 0.071181
v 4.372470 1.411854 0.071181
v 4.225659 1.557570 0.071181
v 4.199998 1.667163 0.071181
v 4.220527 1.784229 0.071181
v 4.284679 1.866425 0.071181
v 4.366795 1.923712 0.071181
v 4.308762 1.595929 0.071181
v 4.295504 1.678124 0.071181
v 4.313467 1.767792 0.071181
v 4.357090 1.822588 0.071181
v 4.421243 1.869913 0.071181
v 4.442213 0.473619 0.071181
v 4.457225 0.433630 0.071181
v 4.441637 0.553597 0.071181
v 4.438818 0.513608 0.071181
v 4.456073 0.593586 0.071181
v 4.353669 0.373643 0.071181
v 4.426735 0.306974 0.071181
v 4.294088 0.314528 0.071181
v 4.372470 0.249762 0.071181
v 4.225659 0.395478 0.071181
v 4.199998 0.505072 0.071181
v 4.220527 0.622137 0.071181
v 4.284679 0.704333 0.071181
v 4.366795 0.761620 0.071181
v 4.308762 0.433837 0.071181
v 4.295504 0.516032 0.071181
v 4.313467 0.605700 0.071181
v 4.357090 0.660497 0.071181
v 4.421243 0.707821 0.071181
v 2.992362 1.262664 0.071182
v 3.741929 0.127895 0.071182
v 2.992362 0.127895 0.071182
v 3.778434 1.166638 0.071181
v 2.992362 1.792147 0.071182
v 3.096036 1.750863 0.071182
v 2.992362 1.027406 0.098436
v 2.992362 0.960993 0.098436
v 2.992362 1.887202 0.098436
v 2.992362 1.862097 0.098436
v 2.992362 1.160233 0.098436
v 2.992362 1.093819 0.098436
v 2.992362 1.912307 0.098436
v 2.992362 1.834672 0.098436
v 2.992362 2.101826 0.098436
v 2.992362 2.042712 0.098436
v 3.096777 0.620745 0.098436
v 3.144890 0.590811 0.098436
v 3.082439 0.498036 0.098436
v 3.036464 0.527970 0.098436
v 3.868829 2.101826 0.098436
v 3.868829 2.042712 0.098436
v 4.357699 2.101826 0.098436
v 4.357699 2.042712 0.098436
v 4.357699 0.058118 0.098436
v 3.119589 2.042712 0.098436
v 4.116145 0.058118 0.098436
v 4.233541 0.058118 0.098436
v 3.994258 0.058118 0.098436
v 4.116145 0.116404 0.098436
v 3.994258 0.116404 0.098436
v 3.865955 0.058118 0.098436
v 3.865955 0.116404 0.098436
v 3.741929 0.058118 0.098436
v 3.615730 0.058118 0.098436
v 4.233541 2.101826 0.098436
v 4.119019 2.101826 0.098436
v 3.997131 2.101826 0.098436
v 3.744803 2.101826 0.098436
v 3.618235 2.101826 0.098436
v 3.493804 2.101826 0.098436
v 3.243615 2.042712 0.098436
v 3.371917 2.101826 0.098436
v 3.371917 2.042712 0.098436
v 3.243615 2.101826 0.098436
v 3.119589 2.101826 0.098436
v 3.493804 2.042712 0.098436
v 3.615730 0.116404 0.098436
v 3.491669 0.116404 0.098436
v 3.618235 2.042712 0.098436
v 3.369782 0.058118 0.098436
v 3.491669 0.058118 0.098436
v 3.369782 0.116404 0.098436
v 3.241480 0.058118 0.098436
v 3.241480 0.116404 0.098436
v 3.117454 0.058118 0.098436
v 3.117454 0.116404 0.098436
v 2.992362 0.058118 0.098436
v 3.744803 2.042712 0.098436
v 4.357699 0.116404 0.098436
v 4.233541 0.116404 0.098436
v 4.233541 2.042712 0.098436
v 3.997131 2.042712 0.098436
v 4.119019 2.042712 0.098436
v 3.035842 0.981840 0.098436
v 3.055643 1.149224 0.098436
v 3.034234 1.205019 0.098436
v 4.454636 1.641335 0.098436
v 4.467529 1.606990 0.098436
v 4.454141 1.710025 0.098436
v 4.451720 1.675680 0.098436
v 3.056447 1.037635 0.098436
v 3.060381 1.093429 0.098436
v 3.130708 1.845864 0.098436
v 3.114104 1.830462 0.098436
v 3.200516 1.815306 0.098436
v 3.184325 1.847102 0.098436
v 3.152128 1.860342 0.098436
v 3.162664 1.768574 0.098436
v 3.178438 1.779542 0.098436
v 3.163203 1.823803 0.098436
v 3.142080 1.800506 0.098436
v 3.104733 1.813391 0.098436
v 3.099054 1.795612 0.098436
v 3.191885 1.796962 0.098436
v 3.026254 1.903166 0.098436
v 3.031745 1.842003 0.098436
v 3.035393 1.861602 0.098436
v 3.034769 1.882384 0.098436
v 3.122493 1.779387 0.098436
v 3.143198 1.758315 0.098436
v 3.020733 1.822404 0.098436
v 4.466539 1.744370 0.098436
v 3.650129 1.199018 0.098436
v 3.779626 1.145596 0.098436
v 3.851879 1.110213 0.098436
v 3.162711 0.712419 0.098436
v 3.241120 0.804093 0.098436
v 3.319743 0.879439 0.098436
v 3.404923 0.952294 0.098436
v 3.487751 1.014770 0.098436
v 3.599235 1.072266 0.098436
v 3.692398 1.119382 0.098436
v 3.926951 1.203450 0.098436
v 4.078825 1.237138 0.098436
v 4.206609 1.253312 0.098436
v 4.362388 1.270472 0.098436
v 3.207760 0.677988 0.098436
v 3.274478 0.758522 0.098436
v 3.342480 0.828264 0.098436
v 3.428445 0.903153 0.098436
v 3.520824 0.966917 0.098436
v 3.636299 1.029186 0.098436
v 3.756906 1.086473 0.098436
v 4.015298 1.156429 0.098436
v 4.130097 1.176494 0.098436
v 4.247728 1.189541 0.098436
v 4.365424 1.200811 0.098436
v 3.558961 1.179161 0.098436
v 3.446052 1.248902 0.098436
v 3.521823 1.268759 0.098436
v 3.343408 1.321134 0.098436
v 3.403783 1.340991 0.098436
v 3.256160 1.395858 0.098436
v 3.319101 1.413224 0.098436
v 3.181743 1.468089 0.098436
v 3.234420 1.482965 0.098436
v 3.099628 1.562739 0.098436
v 3.147172 1.575123 0.098436
v 3.056004 1.627499 0.098436
v 3.095850 1.652337 0.098436
v 3.931401 1.024204 0.098436
v 4.005818 1.046621 0.098436
v 4.090499 0.976880 0.098436
v 4.131557 1.014241 0.098436
v 4.236767 0.946990 0.098436
v 4.264995 0.991825 0.098436
v 4.367639 0.932046 0.098436
v 4.380469 0.979371 0.098436
v 2.992362 0.299002 0.098436
v 2.992362 0.273860 0.098436
v 2.992362 0.353933 0.098436
v 2.992362 0.326468 0.098436
v 2.992362 0.248719 0.098436
v 3.123397 0.380740 0.098436
v 3.104557 0.401052 0.098436
v 3.100853 0.365134 0.098436
v 3.115329 0.331614 0.098436
v 3.131298 0.316801 0.098436
v 3.182868 0.315611 0.098436
v 3.198440 0.346192 0.098436
v 3.151901 0.302876 0.098436
v 3.177206 0.380590 0.098436
v 3.162034 0.391139 0.098436
v 3.162552 0.338019 0.098436
v 3.142236 0.360427 0.098436
v 3.143311 0.401006 0.098436
v 3.106315 0.348034 0.098436
v 3.190139 0.363835 0.098436
v 3.026836 0.257873 0.098436
v 3.035988 0.299498 0.098436
v 3.032335 0.319126 0.098436
v 3.021306 0.338754 0.098436
v 3.035363 0.278686 0.098436
v 4.403640 1.469066 0.098436
v 4.345971 1.520790 0.098436
v 4.312051 1.476620 0.098436
v 4.372470 1.429289 0.098436
v 4.243621 1.557570 0.098436
v 4.217960 1.667163 0.098436
v 4.238489 1.784229 0.098436
v 4.302642 1.866425 0.098436
v 4.364229 1.903786 0.098436
v 4.283101 1.595929 0.098436
v 4.269843 1.678124 0.098436
v 4.287805 1.767792 0.098436
v 4.331429 1.822588 0.098436
v 4.395582 1.869913 0.098436
v 3.741929 0.116404 0.098436
v 4.465345 0.448402 0.098436
v 4.453110 0.480992 0.098436
v 4.450343 0.513582 0.098436
v 4.452641 0.546172 0.098436
v 4.464406 0.578762 0.098436
v 4.407134 0.306974 0.098436
v 4.334066 0.373643 0.098436
v 4.311909 0.314528 0.098436
v 4.367125 0.272248 0.098436
v 4.243479 0.395478 0.098436
v 4.217818 0.505072 0.098436
v 4.238347 0.622137 0.098436
v 4.302500 0.704333 0.098436
v 4.366795 0.747783 0.098436
v 4.289159 0.433837 0.098436
v 4.275901 0.516032 0.098436
v 4.293864 0.605700 0.098436
v 4.337488 0.660497 0.098436
v 4.401640 0.707821 0.098436
v 2.992362 1.226646 0.098436
v 2.992362 0.116404 0.098436
v 2.992362 1.807248 0.098436
v 3.102906 1.758268 0.098436
v 7.623352 2.157631 0.024551
v 7.623352 0.000000 0.024555
v 7.747510 0.000000 0.117808
v 7.864906 0.127895 0.071181
v 7.864905 0.000000 0.117808
v 7.986794 0.127895 0.071181
v 7.986793 0.000000 0.117808
v 8.115096 0.127895 0.071181
v 8.115096 0.000000 0.117808
v 8.239122 0.000000 0.117808
v 8.365322 0.127895 0.071181
v 8.365322 0.000001 0.117808
v 7.747510 2.157628 0.117806
v 7.862031 2.157628 0.117806
v 7.983920 2.157628 0.117806
v 8.112223 2.157628 0.117806
v 8.236248 2.157628 0.117806
v 8.362817 2.157628 0.117806
v 8.487247 2.157628 0.117806
v 8.609134 2.157628 0.117806
v 8.737437 2.157628 0.117806
v 8.861463 2.157628 0.117806
v 8.489382 0.127895 0.071181
v 8.489382 0.000001 0.117808
v 8.611270 0.127895 0.071181
v 8.611270 0.000001 0.117808
v 8.739573 0.127895 0.071181
v 8.739573 0.000001 0.117808
v 8.863598 0.127895 0.071181
v 8.863598 0.000001 0.117808
v 7.623353 2.033533 0.071181
v 8.362817 2.033533 0.071181
v 8.236248 2.033533 0.071181
v 8.112223 2.033533 0.071181
v 7.623353 0.127895 0.071181
v 7.623352 2.157628 0.117806
v 7.983920 2.033533 0.071181
v 7.623352 0.000000 0.117808
v 8.861463 2.033533 0.071181
v 8.737437 2.033533 0.071181
v 7.747511 0.127895 0.071181
v 7.862032 2.033533 0.071181
v 7.747511 2.033533 0.071181
v 8.609134 2.033533 0.071181
v 8.487247 2.033533 0.071181
v 7.747510 0.000000 0.024555
v 7.864905 0.000000 0.024555
v 7.986793 0.000000 0.024555
v 8.115096 0.000000 0.024555
v 8.239122 0.000001 0.024555
v 8.365322 0.000001 0.024555
v 8.489382 0.000001 0.024555
v 8.611270 0.000001 0.024555
v 8.739573 0.000001 0.024555
v 8.863598 0.000001 0.024555
v 7.747510 2.157631 0.024551
v 7.862031 2.157631 0.024551
v 7.983920 2.157631 0.024551
v 8.112223 2.157631 0.024551
v 8.236248 2.157631 0.024551
v 8.362817 2.157631 0.024551
v 8.487247 2.157631 0.024551
v 8.609134 2.157631 0.024551
v 8.737437 2.157631 0.024551
v 8.861463 2.157631 0.024551
v 8.932213 0.951572 0.071181
v 8.907051 1.164279 0.071181
v 8.934257 1.235181 0.071181
v 8.883216 0.470638 0.071181
v 8.815633 0.578357 0.071181
v 7.538838 1.635711 0.071181
v 7.523826 1.595722 0.071181
v 7.539414 1.715689 0.071181
v 7.542234 1.675700 0.071181
v 8.906030 1.022475 0.071181
v 8.901031 1.093377 0.071181
v 8.889479 1.794137 0.071181
v 8.852798 1.852370 0.071181
v 8.872039 1.834522 0.071181
v 8.771905 1.816959 0.071181
v 8.790666 1.853804 0.071181
v 8.827976 1.869147 0.071181
v 8.815766 1.762806 0.071181
v 8.797489 1.775515 0.071181
v 8.838326 1.750918 0.071181
v 8.882898 1.814740 0.071181
v 8.781906 1.795702 0.071181
v 8.946827 1.914759 0.071181
v 8.939807 1.836575 0.071181
v 8.935144 1.861628 0.071181
v 8.953885 1.811522 0.071181
v 8.935943 1.888193 0.071181
v 8.970249 0.518007 0.071181
v 8.904804 0.625727 0.071181
v 7.524978 1.755678 0.071181
v 8.838869 0.717400 0.071181
v 8.760461 0.809074 0.071181
v 8.681838 0.884420 0.071181
v 8.596657 0.957275 0.071181
v 8.513829 1.019752 0.071181
v 8.402347 1.077247 0.071181
v 8.327146 1.116892 0.071181
v 8.053783 1.219428 0.071181
v 7.901029 1.248626 0.071181
v 7.772724 1.264954 0.071181
v 7.616405 1.281282 0.071181
v 8.752764 0.665534 0.071181
v 8.686045 0.746069 0.071181
v 8.618043 0.815810 0.071181
v 8.532079 0.890699 0.071181
v 8.439698 0.954463 0.071181
v 8.324224 1.016732 0.071181
v 8.224145 1.066547 0.071181
v 8.088142 1.111381 0.071181
v 7.967535 1.138780 0.071181
v 7.852061 1.161197 0.071181
v 7.734020 1.173650 0.071181
v 7.615979 1.183613 0.071181
v 8.437488 1.171688 0.071181
v 8.312961 1.216453 0.071181
v 8.550397 1.241430 0.071181
v 8.441266 1.286195 0.071181
v 8.653040 1.313662 0.071181
v 8.559305 1.358427 0.071181
v 8.740288 1.388385 0.071181
v 8.643988 1.430659 0.071181
v 8.814705 1.460617 0.071181
v 8.728669 1.500400 0.071181
v 8.896820 1.555267 0.071181
v 8.815917 1.592559 0.071181
v 8.958406 1.642443 0.071181
v 8.885201 1.677245 0.071181
v 8.049650 0.999297 0.071181
v 7.975234 1.069038 0.071181
v 7.890552 0.951972 0.071181
v 7.849494 1.036658 0.071181
v 7.744285 0.922083 0.071181
v 7.716057 1.014241 0.071181
v 7.613413 0.907138 0.071181
v 7.600582 1.001788 0.071181
v 8.885015 0.410238 0.071181
v 8.889479 0.366963 0.071181
v 8.852798 0.308731 0.071181
v 8.872039 0.326578 0.071181
v 8.771905 0.344141 0.071181
v 8.790666 0.307297 0.071181
v 8.827976 0.291954 0.071181
v 8.815766 0.398294 0.071181
v 8.797489 0.385585 0.071181
v 8.838326 0.410182 0.071181
v 8.882898 0.346360 0.071181
v 8.781906 0.365398 0.071181
v 8.946827 0.246341 0.071181
v 8.939807 0.324525 0.071181
v 8.935144 0.299472 0.071181
v 8.953885 0.349578 0.071181
v 8.935943 0.272907 0.071181
v 7.627383 1.535735 0.071181
v 7.554316 1.469066 0.071181
v 7.686964 1.476620 0.071181
v 7.608581 1.411854 0.071181
v 7.755393 1.557570 0.071181
v 7.781054 1.667163 0.071181
v 7.760525 1.784229 0.071181
v 7.696373 1.866425 0.071181
v 7.614256 1.923712 0.071181
v 7.672290 1.595929 0.071181
v 7.685548 1.678124 0.071181
v 7.667585 1.767792 0.071181
v 7.623961 1.822588 0.071181
v 7.559808 1.869913 0.071181
v 7.538838 0.473619 0.071181
v 7.523826 0.433630 0.071181
v 7.539414 0.553597 0.071181
v 7.542234 0.513608 0.071181
v 7.524978 0.593586 0.071181
v 7.627383 0.373643 0.071181
v 7.554316 0.306974 0.071181
v 7.686964 0.314528 0.071181
v 7.608581 0.249762 0.071181
v 7.755393 0.395478 0.071181
v 7.781054 0.505072 0.071181
v 7.760525 0.622137 0.071181
v 7.696373 0.704333 0.071181
v 7.614256 0.761620 0.071181
v 7.672290 0.433837 0.071181
v 7.685548 0.516032 0.071181
v 7.667585 0.605700 0.071181
v 7.623961 0.660497 0.071181
v 7.559808 0.707821 0.071181
v 8.239122 0.127895 0.071181
v 8.202618 1.166638 0.071181
v 8.885015 1.750863 0.071181
v 8.884274 0.620745 0.098436
v 8.836163 0.590811 0.098436
v 8.898613 0.498036 0.098436
v 8.944588 0.527970 0.098436
v 8.112223 2.101826 0.098436
v 8.112223 2.042712 0.098436
v 7.623353 2.101826 0.098436
v 7.623353 2.042712 0.098436
v 7.623353 0.058118 0.098436
v 8.861463 2.042712 0.098436
v 7.864906 0.058118 0.098436
v 7.747511 0.058118 0.098436
v 7.986794 0.058118 0.098436
v 7.864906 0.116404 0.098436
v 7.986794 0.116404 0.098436
v 8.115096 0.058118 0.098436
v 8.115096 0.116404 0.098436
v 8.239122 0.058118 0.098436
v 8.365322 0.058118 0.098436
v 7.747511 2.101826 0.098436
v 7.862032 2.101826 0.098436
v 7.983920 2.101826 0.098436
v 8.236248 2.101826 0.098436
v 8.362817 2.101826 0.098436
v 8.487247 2.101826 0.098436
v 8.737437 2.042712 0.098436
v 8.609134 2.101826 0.098436
v 8.609134 2.042712 0.098436
v 8.737437 2.101826 0.098436
v 8.861463 2.101826 0.098436
v 8.487247 2.042712 0.098436
v 8.365322 0.116404 0.098436
v 8.489382 0.116404 0.098436
v 8.362817 2.042712 0.098436
v 8.611270 0.058118 0.098436
v 8.489382 0.058118 0.098436
v 8.611270 0.116404 0.098436
v 8.739573 0.058118 0.098436
v 8.739573 0.116404 0.098436
v 8.863598 0.058118 0.098436
v 8.863598 0.116404 0.098436
v 8.236248 2.042712 0.098436
v 7.623353 0.116404 0.098436
v 7.747511 0.116404 0.098436
v 7.747511 2.042712 0.098436
v 7.983920 2.042712 0.098436
v 7.862032 2.042712 0.098436
v 8.945210 0.981840 0.098436
v 8.925408 1.149224 0.098436
v 8.946817 1.205019 0.098436
v 7.526416 1.641335 0.098436
v 7.513522 1.606990 0.098436
v 7.526911 1.710025 0.098436
v 7.529332 1.675680 0.098436
v 8.924604 1.037635 0.098436
v 8.920671 1.093429 0.098436
v 8.850344 1.845864 0.098436
v 8.866947 1.830462 0.098436
v 8.780536 1.815306 0.098436
v 8.796726 1.847102 0.098436
v 8.828923 1.860342 0.098436
v 8.818387 1.768574 0.098436
v 8.802614 1.779542 0.098436
v 8.817849 1.823803 0.098436
v 8.838972 1.800506 0.098436
v 8.876319 1.813391 0.098436
v 8.881998 1.795612 0.098436
v 8.789166 1.796962 0.098436
v 8.954798 1.903166 0.098436
v 8.949307 1.842003 0.098436
v 8.945659 1.861602 0.098436
v 8.946282 1.882384 0.098436
v 8.858560 1.779387 0.098436
v 8.837854 1.758315 0.098436
v 8.960319 1.822404 0.098436
v 7.514512 1.744370 0.098436
v 8.330923 1.199018 0.098436
v 8.201426 1.145596 0.098436
v 8.129173 1.110213 0.098436
v 8.818341 0.712419 0.098436
v 8.739931 0.804093 0.098436
v 8.661308 0.879439 0.098436
v 8.576128 0.952294 0.098436
v 8.493300 1.014770 0.098436
v 8.381817 1.072266 0.098436
v 8.288653 1.119382 0.098436
v 8.054100 1.203450 0.098436
v 7.902226 1.237138 0.098436
v 7.774443 1.253312 0.098436
v 7.618663 1.270472 0.098436
v 8.773293 0.677988 0.098436
v 8.706573 0.758522 0.098436
v 8.638572 0.828264 0.098436
v 8.552607 0.903153 0.098436
v 8.460228 0.966917 0.098436
v 8.344752 1.029186 0.098436
v 8.224145 1.086473 0.098436
v 7.965754 1.156429 0.098436
v 7.850954 1.176494 0.098436
v 7.733324 1.189541 0.098436
v 7.615627 1.200811 0.098436
v 8.422091 1.179161 0.098436
v 8.534999 1.248902 0.098436
v 8.459228 1.268759 0.098436
v 8.637644 1.321134 0.098436
v 8.577269 1.340991 0.098436
v 8.724891 1.395858 0.098436
v 8.661951 1.413224 0.098436
v 8.799309 1.468089 0.098436
v 8.746633 1.482965 0.098436
v 8.881423 1.562739 0.098436
v 8.833879 1.575123 0.098436
v 8.925047 1.627499 0.098436
v 8.885201 1.652337 0.098436
v 8.049650 1.024204 0.098436
v 7.975234 1.046621 0.098436
v 7.890552 0.976880 0.098436
v 7.849494 1.014241 0.098436
v 7.744285 0.946990 0.098436
v 7.716057 0.991825 0.098436
v 7.613413 0.932046 0.098436
v 7.600582 0.979371 0.098436
v 8.857655 0.380740 0.098436
v 8.876494 0.401052 0.098436
v 8.880198 0.365134 0.098436
v 8.865723 0.331614 0.098436
v 8.849754 0.316801 0.098436
v 8.798183 0.315611 0.098436
v 8.782613 0.346192 0.098436
v 8.829151 0.302876 0.098436
v 8.803845 0.380590 0.098436
v 8.819017 0.391139 0.098436
v 8.818501 0.338019 0.098436
v 8.838816 0.360427 0.098436
v 8.837741 0.401006 0.098436
v 8.874738 0.348034 0.098436
v 8.790913 0.363835 0.098436
v 8.954215 0.257873 0.098436
v 8.945065 0.299498 0.098436
v 8.948717 0.319126 0.098436
v 8.959746 0.338754 0.098436
v 8.945689 0.278686 0.098436
v 7.577411 1.469066 0.098436
v 7.635081 1.520790 0.098436
v 7.669001 1.476620 0.098436
v 7.608581 1.429289 0.098436
v 7.737430 1.557570 0.098436
v 7.763091 1.667163 0.098436
v 7.742562 1.784229 0.098436
v 7.678409 1.866425 0.098436
v 7.616823 1.903786 0.098436
v 7.697951 1.595929 0.098436
v 7.711209 1.678124 0.098436
v 7.693246 1.767792 0.098436
v 7.649622 1.822588 0.098436
v 7.585470 1.869913 0.098436
v 8.239122 0.116404 0.098436
v 7.515707 0.448402 0.098436
v 7.527942 0.480992 0.098436
v 7.530709 0.513582 0.098436
v 7.528410 0.546172 0.098436
v 7.516646 0.578762 0.098436
v 7.573918 0.306974 0.098436
v 7.646985 0.373643 0.098436
v 7.669143 0.314528 0.098436
v 7.613926 0.272248 0.098436
v 7.737573 0.395478 0.098436
v 7.763234 0.505072 0.098436
v 7.742704 0.622137 0.098436
v 7.678552 0.704333 0.098436
v 7.614256 0.747783 0.098436
v 7.691892 0.433837 0.098436
v 7.705150 0.516032 0.098436
v 7.687187 0.605700 0.098436
v 7.643564 0.660497 0.098436
v 7.579411 0.707821 0.098436
v 8.878146 1.758268 0.098436
v 8.988689 2.033533 0.071181
v 8.988689 0.000001 0.024555
v 8.988689 1.926443 0.071181
v 8.988689 0.368953 0.071181
v 8.988689 1.792147 0.071181
v 8.988689 1.027406 0.098436
v 8.988689 1.887202 0.098436
v 8.988689 1.912307 0.098436
v 8.988689 2.101826 0.098436
v 8.988689 2.042712 0.098436
v 8.988689 0.058118 0.098436
v 8.988689 0.299002 0.098436
v 8.988689 0.273860 0.098436
v 8.988689 0.248719 0.098436
v 8.988689 1.226646 0.098436
v 7.492509 0.000000 0.117808
v 7.492509 2.157628 0.117806
v 7.492509 2.033533 0.071181
v 7.492509 0.000000 0.024555
v 7.492509 2.157631 0.024551
v 7.361665 2.157631 0.024551
v 7.361665 0.000000 0.024555
v 7.237506 0.000000 0.117808
v 7.120111 0.127895 0.071181
v 7.120111 0.000000 0.117808
v 6.998223 0.127895 0.071181
v 6.998223 0.000000 0.117808
v 6.869921 0.127895 0.071181
v 6.869921 0.000000 0.117808
v 6.745895 0.000000 0.117808
v 6.619696 0.127895 0.071181
v 6.619696 0.000000 0.117808
v 7.237506 2.157628 0.117806
v 7.122985 2.157628 0.117806
v 7.001097 2.157628 0.117806
v 6.872795 2.157628 0.117806
v 6.748769 2.157628 0.117806
v 6.622200 2.157628 0.117806
v 6.497770 2.157628 0.117806
v 6.375883 2.157628 0.117806
v 6.247581 2.157628 0.117806
v 6.123554 2.157628 0.117806
v 6.495635 0.127895 0.071181
v 6.495635 0.000000 0.117808
v 6.373748 0.127895 0.071181
v 6.373748 0.000000 0.117808
v 6.245446 0.127895 0.071181
v 6.245446 0.000000 0.117808
v 6.121419 0.127895 0.071181
v 6.121419 0.000000 0.117808
v 7.361665 2.033533 0.071181
v 6.622200 2.033533 0.071181
v 6.748769 2.033533 0.071181
v 6.872795 2.033533 0.071181
v 7.361665 0.127895 0.071181
v 7.361665 2.157628 0.117806
v 7.001097 2.033533 0.071181
v 7.361665 0.000000 0.117808
v 6.123554 2.033533 0.071181
v 6.247581 2.033533 0.071181
v 7.237506 0.127895 0.071181
v 7.122985 2.033533 0.071181
v 7.237506 2.033533 0.071181
v 6.375883 2.033533 0.071181
v 6.497770 2.033533 0.071181
v 7.237506 0.000000 0.024555
v 7.120111 0.000000 0.024555
v 6.998223 0.000000 0.024555
v 6.869921 0.000000 0.024555
v 6.745895 0.000000 0.024555
v 6.619696 0.000000 0.024555
v 6.495635 0.000000 0.024555
v 6.373748 0.000000 0.024555
v 6.245446 0.000000 0.024555
v 6.121419 0.000000 0.024555
v 7.237506 2.157631 0.024551
v 7.122985 2.157631 0.024551
v 7.001097 2.157631 0.024551
v 6.872795 2.157631 0.024551
v 6.748769 2.157631 0.024551
v 6.622200 2.157631 0.024551
v 6.497770 2.157631 0.024551
v 6.375883 2.157631 0.024551
v 6.247581 2.157631 0.024551
v 6.123554 2.157631 0.024551
v 6.052805 0.951572 0.071181
v 6.077966 1.164279 0.071181
v 6.050761 1.235181 0.071181
v 6.101801 0.470638 0.071181
v 6.169384 0.578357 0.071181
v 7.446180 1.635711 0.071181
v 7.461192 1.595722 0.071181
v 7.492509 1.580222 0.071181
v 7.445603 1.715689 0.071181
v 7.442784 1.675700 0.071181
v 6.078988 1.022475 0.071181
v 6.083987 1.093377 0.071181
v 6.095539 1.794137 0.071181
v 6.132219 1.852370 0.071181
v 6.112979 1.834522 0.071181
v 6.213112 1.816959 0.071181
v 6.194352 1.853804 0.071181
v 6.157042 1.869147 0.071181
v 6.169251 1.762806 0.071181
v 6.187529 1.775515 0.071181
v 6.146693 1.750918 0.071181
v 6.102119 1.814740 0.071181
v 6.203112 1.795702 0.071181
v 6.038191 1.914759 0.071181
v 6.045210 1.836575 0.071181
v 6.049873 1.861628 0.071181
v 6.031133 1.811522 0.071181
v 6.049075 1.888193 0.071181
v 6.014770 0.518007 0.071181
v 6.080215 0.625727 0.071181
v 7.460040 1.755678 0.071181
v 6.146149 0.717400 0.071181
v 6.224557 0.809074 0.071181
v 6.303180 0.884420 0.071181
v 6.388361 0.957275 0.071181
v 6.471189 1.019752 0.071181
v 6.582671 1.077247 0.071181
v 6.657873 1.116892 0.071181
v 6.931233 1.219428 0.071181
v 7.083988 1.248626 0.071181
v 7.212294 1.264954 0.071181
v 7.368612 1.281282 0.071181
v 6.232255 0.665534 0.071181
v 6.298973 0.746069 0.071181
v 6.366974 0.815810 0.071181
v 6.452940 0.890699 0.071181
v 6.545319 0.954463 0.071181
v 6.660793 1.016732 0.071181
v 6.760872 1.066547 0.071181
v 6.896875 1.111381 0.071181
v 7.017482 1.138780 0.071181
v 7.132957 1.161197 0.071181
v 7.250998 1.173650 0.071181
v 7.369039 1.183613 0.071181
v 7.492509 1.186104 0.071181
v 6.547531 1.171688 0.071181
v 6.672057 1.216453 0.071181
v 6.434622 1.241430 0.071181
v 6.543752 1.286195 0.071181
v 6.331977 1.313662 0.071181
v 6.425711 1.358427 0.071181
v 6.244729 1.388385 0.071181
v 6.341030 1.430659 0.071181
v 6.170312 1.460617 0.071181
v 6.256349 1.500400 0.071181
v 6.088197 1.555267 0.071181
v 6.169101 1.592559 0.071181
v 6.026611 1.642443 0.071181
v 6.099816 1.677245 0.071181
v 6.935367 0.999297 0.071181
v 7.009784 1.069038 0.071181
v 7.094466 0.951972 0.071181
v 7.135523 1.036658 0.071181
v 7.240734 0.922083 0.071181
v 7.268961 1.014241 0.071181
v 7.371604 0.907138 0.071181
v 7.384435 1.001788 0.071181
v 7.492509 0.904692 0.071181
v 7.492509 1.001743 0.071181
v 6.100002 0.410238 0.071181
v 6.095539 0.366963 0.071181
v 6.132219 0.308731 0.071181
v 6.112979 0.326578 0.071181
v 6.213112 0.344141 0.071181
v 6.194352 0.307297 0.071181
v 6.157042 0.291954 0.071181
v 6.169251 0.398294 0.071181
v 6.187529 0.385585 0.071181
v 6.146693 0.410182 0.071181
v 6.102119 0.346360 0.071181
v 6.203112 0.365398 0.071181
v 6.038191 0.246341 0.071181
v 6.045210 0.324525 0.071181
v 6.049873 0.299472 0.071181
v 6.031133 0.349578 0.071181
v 6.049075 0.272907 0.071181
v 7.357635 1.535735 0.071181
v 7.430702 1.469066 0.071181
v 7.298054 1.476620 0.071181
v 7.376437 1.411854 0.071181
v 7.229624 1.557570 0.071181
v 7.203964 1.667163 0.071181
v 7.224493 1.784229 0.071181
v 7.288645 1.866425 0.071181
v 7.370760 1.923712 0.071181
v 7.312728 1.595929 0.071181
v 7.299470 1.678124 0.071181
v 7.317433 1.767792 0.071181
v 7.361056 1.822588 0.071181
v 7.425209 1.869913 0.071181
v 7.446180 0.473619 0.071181
v 7.461192 0.433630 0.071181
v 7.492509 0.418129 0.071181
v 7.445603 0.553597 0.071181
v 7.442784 0.513608 0.071181
v 7.460040 0.593586 0.071181
v 7.357635 0.373643 0.071181
v 7.430702 0.306974 0.071181
v 7.298054 0.314528 0.071181
v 7.376437 0.249762 0.071181
v 7.229624 0.395478 0.071181
v 7.203964 0.505072 0.071181
v 7.224493 0.622137 0.071181
v 7.288645 0.704333 0.071181
v 7.370760 0.761620 0.071181
v 7.312728 0.433837 0.071181
v 7.299470 0.516032 0.071181
v 7.317433 0.605700 0.071181
v 7.361056 0.660497 0.071181
v 7.425209 0.707821 0.071181
v 6.745895 0.127895 0.071181
v 7.492509 1.770619 0.071181
v 7.492509 1.284742 0.071181
v 6.782400 1.166638 0.071181
v 7.492509 0.608527 0.071181
v 7.492509 0.127895 0.071181
v 6.100002 1.750863 0.071181
v 7.492509 1.634559 0.098436
v 7.492509 1.593676 0.098436
v 7.492509 1.716321 0.098436
v 7.492509 1.675440 0.098436
v 6.100743 0.620745 0.098436
v 6.148856 0.590811 0.098436
v 6.086405 0.498036 0.098436
v 6.040430 0.527970 0.098436
v 6.872795 2.101826 0.098436
v 6.872795 2.042712 0.098436
v 7.492509 2.101826 0.098436
v 7.361665 2.101826 0.098436
v 7.361665 2.042712 0.098436
v 7.492509 2.042712 0.098436
v 7.361665 0.058118 0.098436
v 7.492509 0.058118 0.098436
v 6.123554 2.042712 0.098436
v 7.120111 0.058118 0.098436
v 7.237506 0.058118 0.098436
v 6.998223 0.058118 0.098436
v 7.120111 0.116404 0.098436
v 6.998223 0.116404 0.098436
v 6.869921 0.058118 0.098436
v 6.869921 0.116404 0.098436
v 6.745895 0.058118 0.098436
v 6.619696 0.058118 0.098436
v 7.237506 2.101826 0.098436
v 7.122985 2.101826 0.098436
v 7.001097 2.101826 0.098436
v 6.748769 2.101826 0.098436
v 6.622200 2.101826 0.098436
v 6.497770 2.101826 0.098436
v 6.247581 2.042712 0.098436
v 6.375883 2.101826 0.098436
v 6.375883 2.042712 0.098436
v 6.247581 2.101826 0.098436
v 6.123554 2.101826 0.098436
v 6.497770 2.042712 0.098436
v 6.619696 0.116404 0.098436
v 6.495635 0.116404 0.098436
v 6.622200 2.042712 0.098436
v 6.373748 0.058118 0.098436
v 6.495635 0.058118 0.098436
v 6.373748 0.116404 0.098436
v 6.245446 0.058118 0.098436
v 6.245446 0.116404 0.098436
v 6.121419 0.058118 0.098436
v 6.121419 0.116404 0.098436
v 6.748769 2.042712 0.098436
v 7.361665 0.116404 0.098436
v 7.237506 0.116404 0.098436
v 7.237506 2.042712 0.098436
v 7.001097 2.042712 0.098436
v 7.122985 2.042712 0.098436
v 6.039808 0.981840 0.098436
v 6.059608 1.149224 0.098436
v 6.038200 1.205019 0.098436
v 7.458602 1.641335 0.098436
v 7.471496 1.606990 0.098436
v 7.458107 1.710025 0.098436
v 7.455686 1.675680 0.098436
v 6.060413 1.037635 0.098436
v 6.064347 1.093429 0.098436
v 6.134674 1.845864 0.098436
v 6.118070 1.830462 0.098436
v 6.204481 1.815306 0.098436
v 6.188292 1.847102 0.098436
v 6.156094 1.860342 0.098436
v 6.166630 1.768574 0.098436
v 6.182404 1.779542 0.098436
v 6.167168 1.823803 0.098436
v 6.146045 1.800506 0.098436
v 6.108698 1.813391 0.098436
v 6.103020 1.795612 0.098436
v 6.195851 1.796962 0.098436
v 6.030221 1.903166 0.098436
v 6.035711 1.842003 0.098436
v 6.039359 1.861602 0.098436
v 6.038735 1.882384 0.098436
v 6.126459 1.779387 0.098436
v 6.147163 1.758315 0.098436
v 6.024699 1.822404 0.098436
v 7.470506 1.744370 0.098436
v 6.654095 1.199018 0.098436
v 6.783593 1.145596 0.098436
v 6.855845 1.110213 0.098436
v 6.166677 0.712419 0.098436
v 6.245086 0.804093 0.098436
v 6.323709 0.879439 0.098436
v 6.408889 0.952294 0.098436
v 6.491717 1.014770 0.098436
v 6.603200 1.072266 0.098436
v 6.696364 1.119382 0.098436
v 6.930917 1.203450 0.098436
v 7.082791 1.237138 0.098436
v 7.210575 1.253312 0.098436
v 7.366354 1.270472 0.098436
v 6.211725 0.677988 0.098436
v 6.278444 0.758522 0.098436
v 6.346446 0.828264 0.098436
v 6.432410 0.903153 0.098436
v 6.524790 0.966917 0.098436
v 6.640265 1.029186 0.098436
v 6.760872 1.086473 0.098436
v 7.019264 1.156429 0.098436
v 7.134063 1.176494 0.098436
v 7.251694 1.189541 0.098436
v 7.369390 1.200811 0.098436
v 7.492509 1.207022 0.098436
v 6.562927 1.179161 0.098436
v 6.450018 1.248902 0.098436
v 6.525789 1.268759 0.098436
v 6.347373 1.321134 0.098436
v 6.407748 1.340991 0.098436
v 6.260127 1.395858 0.098436
v 6.323067 1.413224 0.098436
v 6.185709 1.468089 0.098436
v 6.238385 1.482965 0.098436
v 6.103594 1.562739 0.098436
v 6.151138 1.575123 0.098436
v 6.059970 1.627499 0.098436
v 6.099816 1.652337 0.098436
v 6.935367 1.024204 0.098436
v 7.009784 1.046621 0.098436
v 7.094466 0.976880 0.098436
v 7.135523 1.014241 0.098436
v 7.240734 0.946990 0.098436
v 7.268961 0.991825 0.098436
v 7.371604 0.932046 0.098436
v 7.384435 0.979371 0.098436
v 7.492509 0.929600 0.098436
v 7.492509 0.979326 0.098436
v 6.127363 0.380740 0.098436
v 6.108523 0.401052 0.098436
v 6.104819 0.365134 0.098436
v 6.119294 0.331614 0.098436
v 6.135264 0.316801 0.098436
v 6.186834 0.315611 0.098436
v 6.202405 0.346192 0.098436
v 6.155866 0.302876 0.098436
v 6.181171 0.380590 0.098436
v 6.166000 0.391139 0.098436
v 6.166518 0.338019 0.098436
v 6.146201 0.360427 0.098436
v 6.147276 0.401006 0.098436
v 6.110281 0.348034 0.098436
v 6.194105 0.363835 0.098436
v 6.030801 0.257873 0.098436
v 6.039954 0.299498 0.098436
v 6.036301 0.319126 0.098436
v 6.025272 0.338754 0.098436
v 6.039329 0.278686 0.098436
v 7.407608 1.469066 0.098436
v 7.349936 1.520790 0.098436
v 7.316017 1.476620 0.098436
v 7.376437 1.429289 0.098436
v 7.247587 1.557570 0.098436
v 7.221926 1.667163 0.098436
v 7.242455 1.784229 0.098436
v 7.306608 1.866425 0.098436
v 7.368194 1.903786 0.098436
v 7.287066 1.595929 0.098436
v 7.273808 1.678124 0.098436
v 7.291771 1.767792 0.098436
v 7.335395 1.822588 0.098436
v 7.399548 1.869913 0.098436
v 7.492509 0.474562 0.098436
v 7.492509 0.435769 0.098436
v 7.492509 0.552147 0.098436
v 7.492509 0.513354 0.098436
v 6.745895 0.116404 0.098436
v 7.469311 0.448402 0.098436
v 7.457077 0.480992 0.098436
v 7.454309 0.513582 0.098436
v 7.456607 0.546172 0.098436
v 7.468371 0.578762 0.098436
v 7.411099 0.306974 0.098436
v 7.338033 0.373643 0.098436
v 7.315874 0.314528 0.098436
v 7.371090 0.272248 0.098436
v 7.247445 0.395478 0.098436
v 7.221784 0.505072 0.098436
v 7.242313 0.622137 0.098436
v 7.306465 0.704333 0.098436
v 7.370760 0.747783 0.098436
v 7.293126 0.433837 0.098436
v 7.279867 0.516032 0.098436
v 7.297830 0.605700 0.098436
v 7.341455 0.660497 0.098436
v 7.405607 0.707821 0.098436
v 7.492509 1.757203 0.098436
v 7.492509 0.116404 0.098436
v 7.492509 1.277389 0.098436
v 7.492509 0.590939 0.098436
v 6.106871 1.758268 0.098436
v 4.494344 0.000000 0.117808
v 4.494344 2.157627 0.117806
v 4.494344 2.033533 0.071181
v 4.494344 0.000000 0.024555
v 4.494344 2.157631 0.024551
v 4.630990 2.157631 0.024551
v 4.630990 0.000000 0.024555
v 4.755149 0.000000 0.117808
v 4.872544 0.127895 0.071181
v 4.872544 0.000000 0.117808
v 4.994432 0.127895 0.071181
v 4.994432 0.000000 0.117808
v 5.122735 0.127895 0.071181
v 5.122735 0.000000 0.117808
v 5.246760 0.000000 0.117808
v 5.372959 0.127895 0.071181
v 5.372959 0.000000 0.117808
v 4.755149 2.157627 0.117806
v 4.869670 2.157627 0.117806
v 4.991558 2.157627 0.117806
v 5.119861 2.157627 0.117806
v 5.243886 2.157627 0.117806
v 5.370455 2.157627 0.117806
v 5.494885 2.157628 0.117806
v 5.616772 2.157628 0.117806
v 5.745075 2.157628 0.117806
v 5.869101 2.157628 0.117806
v 5.996328 2.157628 0.117806
v 5.497020 0.127895 0.071181
v 5.497020 0.000000 0.117808
v 5.618907 0.127895 0.071181
v 5.618907 0.000000 0.117808
v 5.747210 0.127895 0.071181
v 5.747210 0.000000 0.117808
v 5.871235 0.127895 0.071181
v 5.871235 0.000000 0.117808
v 5.996328 0.000000 0.117808
v 4.630990 2.033533 0.071181
v 5.370455 2.033533 0.071181
v 5.243886 2.033533 0.071181
v 5.119861 2.033533 0.071181
v 4.630990 0.127895 0.071181
v 4.630990 2.157627 0.117806
v 4.991558 2.033533 0.071181
v 4.630990 0.000000 0.117808
v 5.996328 2.033533 0.071181
v 5.869101 2.033533 0.071181
v 5.745075 2.033533 0.071181
v 4.755149 0.127895 0.071181
v 4.869670 2.033533 0.071181
v 4.755149 2.033533 0.071181
v 5.616772 2.033533 0.071181
v 5.494885 2.033533 0.071181
v 4.755149 0.000000 0.024555
v 4.872544 0.000000 0.024555
v 4.994432 0.000000 0.024555
v 5.122735 0.000000 0.024555
v 5.246760 0.000000 0.024555
v 5.372959 0.000000 0.024555
v 5.497020 0.000000 0.024555
v 5.618907 0.000000 0.024555
v 5.747210 0.000000 0.024555
v 5.871235 0.000000 0.024555
v 5.996328 0.000000 0.024555
v 4.755149 2.157631 0.024551
v 4.869670 2.157631 0.024551
v 4.991558 2.157631 0.024551
v 5.119861 2.157631 0.024551
v 5.243886 2.157631 0.024551
v 5.370455 2.157631 0.024551
v 5.494885 2.157631 0.024551
v 5.616772 2.157631 0.024551
v 5.745075 2.157631 0.024551
v 5.869101 2.157631 0.024551
v 5.996328 2.157631 0.024551
v 5.996328 0.925081 0.071181
v 5.939851 0.951572 0.071181
v 5.914689 1.164279 0.071181
v 5.941895 1.235181 0.071181
v 5.890854 0.470638 0.071181
v 5.823270 0.578357 0.071181
v 4.546475 1.635711 0.071181
v 4.531464 1.595722 0.071181
v 4.494344 1.580222 0.071181
v 4.547052 1.715689 0.071181
v 4.549871 1.675700 0.071181
v 5.913667 1.022475 0.071181
v 5.908669 1.093377 0.071181
v 5.897116 1.794137 0.071181
v 5.860436 1.852370 0.071181
v 5.879676 1.834522 0.071181
v 5.779543 1.816959 0.071181
v 5.798304 1.853804 0.071181
v 5.835614 1.869147 0.071181
v 5.823405 1.762806 0.071181
v 5.805126 1.775515 0.071181
v 5.845963 1.750918 0.071181
v 5.890536 1.814740 0.071181
v 5.789544 1.795702 0.071181
v 5.954464 1.914759 0.071181
v 5.996328 1.926443 0.071181
v 5.947445 1.836575 0.071181
v 5.942782 1.861628 0.071181
v 5.961522 1.811522 0.071181
v 5.943580 1.888193 0.071181
v 5.977886 0.518007 0.071181
v 5.912441 0.625727 0.071181
v 4.532616 1.755678 0.071181
v 5.846507 0.717400 0.071181
v 5.768098 0.809074 0.071181
v 5.689475 0.884420 0.071181
v 5.604295 0.957275 0.071181
v 5.521467 1.019752 0.071181
v 5.409984 1.077247 0.071181
v 5.334783 1.116892 0.071181
v 5.061421 1.219428 0.071181
v 4.908667 1.248626 0.071181
v 4.780362 1.264954 0.071181
v 4.624043 1.281282 0.071181
v 5.760401 0.665534 0.071181
v 5.693683 0.746069 0.071181
v 5.625680 0.815810 0.071181
v 5.539716 0.890699 0.071181
v 5.447336 0.954463 0.071181
v 5.331861 1.016732 0.071181
v 5.231783 1.066547 0.071181
v 5.095780 1.111381 0.071181
v 4.975173 1.138780 0.071181
v 4.859698 1.161197 0.071181
v 4.741657 1.173650 0.071181
v 4.623617 1.183613 0.071181
v 4.494344 1.186104 0.071181
v 5.445126 1.171688 0.071181
v 5.320598 1.216453 0.071181
v 5.558034 1.241430 0.071181
v 5.448903 1.286195 0.071181
v 5.660678 1.313662 0.071181
v 5.566944 1.358427 0.071181
v 5.747926 1.388385 0.071181
v 5.651625 1.430659 0.071181
v 5.822342 1.460617 0.071181
v 5.736307 1.500400 0.071181
v 5.904458 1.555267 0.071181
v 5.823555 1.592559 0.071181
v 5.966045 1.642443 0.071181
v 5.892839 1.677245 0.071181
v 5.057289 0.999297 0.071181
v 4.982872 1.069038 0.071181
v 4.898190 0.951972 0.071181
v 4.857132 1.036658 0.071181
v 4.751922 0.922083 0.071181
v 4.723695 1.014241 0.071181
v 4.621050 0.907138 0.071181
v 4.608220 1.001788 0.071181
v 4.494344 0.904692 0.071181
v 4.494344 1.001743 0.071181
v 5.892653 0.410238 0.071181
v 5.897116 0.366963 0.071181
v 5.860436 0.308731 0.071181
v 5.879676 0.326578 0.071181
v 5.779543 0.344141 0.071181
v 5.798304 0.307297 0.071181
v 5.835614 0.291954 0.071181
v 5.823405 0.398294 0.071181
v 5.805126 0.385585 0.071181
v 5.845963 0.410182 0.071181
v 5.890536 0.346360 0.071181
v 5.789544 0.365398 0.071181
v 5.954464 0.246341 0.071181
v 5.996328 0.234657 0.071181
v 5.947445 0.324525 0.071181
v 5.942782 0.299472 0.071181
v 5.996328 0.368953 0.071181
v 5.961522 0.349578 0.071181
v 5.943580 0.272907 0.071181
v 4.635020 1.535735 0.071181
v 4.561954 1.469066 0.071181
v 4.694601 1.476620 0.071181
v 4.616218 1.411854 0.071181
v 4.763031 1.557570 0.071181
v 4.788692 1.667163 0.071181
v 4.768163 1.784229 0.071181
v 4.704010 1.866425 0.071181
v 4.621894 1.923712 0.071181
v 4.679927 1.595929 0.071181
v 4.693185 1.678124 0.071181
v 4.675223 1.767792 0.071181
v 4.631599 1.822588 0.071181
v 4.567446 1.869913 0.071181
v 4.546475 0.473619 0.071181
v 4.531464 0.433630 0.071181
v 4.494344 0.418129 0.071181
v 4.547052 0.553597 0.071181
v 4.549871 0.513608 0.071181
v 4.532616 0.593586 0.071181
v 4.635020 0.373643 0.071181
v 4.561954 0.306974 0.071181
v 4.694601 0.314528 0.071181
v 4.616218 0.249762 0.071181
v 4.763031 0.395478 0.071181
v 4.788692 0.505072 0.071181
v 4.768163 0.622137 0.071181
v 4.704010 0.704333 0.071181
v 4.621894 0.761620 0.071181
v 4.679927 0.433837 0.071181
v 4.693185 0.516032 0.071181
v 4.675223 0.605700 0.071181
v 4.631599 0.660497 0.071181
v 4.567446 0.707821 0.071181
v 5.996328 1.262664 0.071181
v 5.246760 0.127895 0.071181
v 5.996328 0.127895 0.071181
v 4.494344 1.770619 0.071181
v 4.494344 1.284742 0.071181
v 5.210255 1.166638 0.071181
v 4.494344 0.608527 0.071181
v 4.494344 0.127895 0.071181
v 5.996328 1.792147 0.071181
v 5.892653 1.750863 0.071181
v 4.494344 1.634559 0.098436
v 4.494344 1.593676 0.098436
v 4.494344 1.716321 0.098436
v 4.494344 1.675440 0.098436
v 5.996328 1.027406 0.098436
v 5.996328 0.960993 0.098436
v 5.996328 1.887202 0.098436
v 5.996328 1.862097 0.098436
v 5.996328 1.160233 0.098436
v 5.996328 1.093819 0.098436
v 5.996328 1.912307 0.098436
v 5.996328 1.834672 0.098436
v 5.996328 2.101826 0.098436
v 5.996328 2.042712 0.098436
v 5.891912 0.620745 0.098436
v 5.843800 0.590811 0.098436
v 5.906250 0.498036 0.098436
v 5.952225 0.527970 0.098436
v 5.119861 2.101826 0.098436
v 5.119861 2.042712 0.098436
v 4.494344 2.101826 0.098436
v 4.630990 2.101826 0.098436
v 4.630990 2.042712 0.098436
v 4.494344 2.042712 0.098436
v 4.630990 0.058118 0.098436
v 4.494344 0.058118 0.098436
v 5.869101 2.042712 0.098436
v 4.872544 0.058118 0.098436
v 4.755149 0.058118 0.098436
v 4.994432 0.058118 0.098436
v 4.872544 0.116404 0.098436
v 4.994432 0.116404 0.098436
v 5.122735 0.058118 0.098436
v 5.122735 0.116404 0.098436
v 5.246760 0.058118 0.098436
v 5.372959 0.058118 0.098436
v 4.755149 2.101826 0.098436
v 4.869670 2.101826 0.098436
v 4.991558 2.101826 0.098436
v 5.243886 2.101826 0.098436
v 5.370455 2.101826 0.098436
v 5.494885 2.101826 0.098436
v 5.745075 2.042712 0.098436
v 5.616772 2.101826 0.098436
v 5.616772 2.042712 0.098436
v 5.745075 2.101826 0.098436
v 5.869101 2.101826 0.098436
v 5.494885 2.042712 0.098436
v 5.372959 0.116404 0.098436
v 5.497020 0.116404 0.098436
v 5.370455 2.042712 0.098436
v 5.618907 0.058118 0.098436
v 5.497020 0.058118 0.098436
v 5.618907 0.116404 0.098436
v 5.747210 0.058118 0.098436
v 5.747210 0.116404 0.098436
v 5.871235 0.058118 0.098436
v 5.871235 0.116404 0.098436
v 5.996328 0.058118 0.098436
v 5.243886 2.042712 0.098436
v 4.630990 0.116404 0.098436
v 4.755149 0.116404 0.098436
v 4.755149 2.042712 0.098436
v 4.991558 2.042712 0.098436
v 4.869670 2.042712 0.098436
v 5.952847 0.981840 0.098436
v 5.933047 1.149224 0.098436
v 5.954455 1.205019 0.098436
v 4.534053 1.641335 0.098436
v 4.521160 1.606990 0.098436
v 4.534548 1.710025 0.098436
v 4.536970 1.675680 0.098436
v 5.932242 1.037635 0.098436
v 5.928308 1.093429 0.098436
v 5.857981 1.845864 0.098436
v 5.874586 1.830462 0.098436
v 5.788174 1.815306 0.098436
v 5.804364 1.847102 0.098436
v 5.836561 1.860342 0.098436
v 5.826025 1.768574 0.098436
v 5.810251 1.779542 0.098436
v 5.825487 1.823803 0.098436
v 5.846610 1.800506 0.098436
v 5.883957 1.813391 0.098436
v 5.889635 1.795612 0.098436
v 5.796804 1.796962 0.098436
v 5.962435 1.903166 0.098436
v 5.956944 1.842003 0.098436
v 5.953297 1.861602 0.098436
v 5.953920 1.882384 0.098436
v 5.866197 1.779387 0.098436
v 5.845492 1.758315 0.098436
v 5.967957 1.822404 0.098436
v 4.522150 1.744370 0.098436
v 5.338561 1.199018 0.098436
v 5.209063 1.145596 0.098436
v 5.136810 1.110213 0.098436
v 5.825978 0.712419 0.098436
v 5.747569 0.804093 0.098436
v 5.668947 0.879439 0.098436
v 5.583766 0.952294 0.098436
v 5.500937 1.014770 0.098436
v 5.389454 1.072266 0.098436
v 5.296291 1.119382 0.098436
v 5.061738 1.203450 0.098436
v 4.909864 1.237138 0.098436
v 4.782080 1.253312 0.098436
v 4.626301 1.270472 0.098436
v 5.780930 0.677988 0.098436
v 5.714211 0.758522 0.098436
v 5.646209 0.828264 0.098436
v 5.560245 0.903153 0.098436
v 5.467865 0.966917 0.098436
v 5.352390 1.029186 0.098436
v 5.231783 1.086473 0.098436
v 4.973392 1.156429 0.098436
v 4.858592 1.176494 0.098436
v 4.740962 1.189541 0.098436
v 4.623265 1.200811 0.098436
v 4.494344 1.207022 0.098436
v 5.429729 1.179161 0.098436
v 5.542637 1.248902 0.098436
v 5.466866 1.268759 0.098436
v 5.645281 1.321134 0.098436
v 5.584907 1.340991 0.098436
v 5.732529 1.395858 0.098436
v 5.669588 1.413224 0.098436
v 5.806946 1.468089 0.098436
v 5.754270 1.482965 0.098436
v 5.889061 1.562739 0.098436
v 5.841517 1.575123 0.098436
v 5.932685 1.627499 0.098436
v 5.892839 1.652337 0.098436
v 5.057289 1.024204 0.098436
v 4.982872 1.046621 0.098436
v 4.898190 0.976880 0.098436
v 4.857132 1.014241 0.098436
v 4.751922 0.946990 0.098436
v 4.723695 0.991825 0.098436
v 4.621050 0.932046 0.098436
v 4.608220 0.979371 0.098436
v 4.494344 0.929600 0.098436
v 4.494344 0.979326 0.098436
v 5.996328 0.299002 0.098436
v 5.996328 0.273860 0.098436
v 5.996328 0.353933 0.098436
v 5.996328 0.326468 0.098436
v 5.996328 0.248719 0.098436
v 5.865293 0.380740 0.098436
v 5.884132 0.401052 0.098436
v 5.887836 0.365134 0.098436
v 5.873361 0.331614 0.098436
v 5.857391 0.316801 0.098436
v 5.805821 0.315611 0.098436
v 5.790250 0.346192 0.098436
v 5.836789 0.302876 0.098436
v 5.811484 0.380590 0.098436
v 5.826655 0.391139 0.098436
v 5.826138 0.338019 0.098436
v 5.846453 0.360427 0.098436
v 5.845379 0.401006 0.098436
v 5.882374 0.348034 0.098436
v 5.798550 0.363835 0.098436
v 5.961854 0.257873 0.098436
v 5.952701 0.299498 0.098436
v 5.956355 0.319126 0.098436
v 5.967383 0.338754 0.098436
v 5.953326 0.278686 0.098436
v 4.585049 1.469066 0.098436
v 4.642719 1.520790 0.098436
v 4.676638 1.476620 0.098436
v 4.616218 1.429289 0.098436
v 4.745067 1.557570 0.098436
v 4.770729 1.667163 0.098436
v 4.750200 1.784229 0.098436
v 4.686047 1.866425 0.098436
v 4.624461 1.903786 0.098436
v 4.705588 1.595929 0.098436
v 4.718847 1.678124 0.098436
v 4.700883 1.767792 0.098436
v 4.657260 1.822588 0.098436
v 4.593107 1.869913 0.098436
v 4.494344 0.474562 0.098436
v 4.494344 0.435769 0.098436
v 4.494344 0.552147 0.098436
v 4.494344 0.513354 0.098436
v 5.246760 0.116404 0.098436
v 4.523345 0.448402 0.098436
v 4.535579 0.480992 0.098436
v 4.538347 0.513582 0.098436
v 4.536049 0.546172 0.098436
v 4.524284 0.578762 0.098436
v 4.581556 0.306974 0.098436
v 4.654623 0.373643 0.098436
v 4.676781 0.314528 0.098436
v 4.621564 0.272248 0.098436
v 4.745210 0.395478 0.098436
v 4.770871 0.505072 0.098436
v 4.750342 0.622137 0.098436
v 4.686190 0.704333 0.098436
v 4.621894 0.747783 0.098436
v 4.699529 0.433837 0.098436
v 4.712788 0.516032 0.098436
v 4.694825 0.605700 0.098436
v 4.651201 0.660497 0.098436
v 4.587049 0.707821 0.098436
v 4.494344 1.757203 0.098436
v 5.996328 1.226646 0.098436
v 4.494344 0.116404 0.098436
v 5.996328 0.116404 0.098436
v 4.494344 1.277389 0.098436
v 4.494344 0.590939 0.098436
v 5.996328 1.807248 0.098436
v 5.885784 1.758268 0.098436
v 10.615713 2.157631 0.024551
v 10.615713 0.000001 0.024555
v 10.739872 0.000001 0.117808
v 10.857268 0.127895 0.071181
v 10.857267 0.000001 0.117808
v 10.979156 0.127895 0.071181
v 10.979155 0.000001 0.117808
v 11.107457 0.127895 0.071181
v 11.107456 0.000001 0.117808
v 11.231483 0.000001 0.117808
v 11.357681 0.127895 0.071181
v 11.357680 0.000001 0.117808
v 10.739872 2.157628 0.117806
v 10.854393 2.157628 0.117806
v 10.976279 2.157628 0.117806
v 11.104583 2.157628 0.117806
v 11.228609 2.157628 0.117806
v 11.355177 2.157628 0.117806
v 11.479608 2.157628 0.117806
v 11.601495 2.157628 0.117806
v 11.729798 2.157628 0.117806
v 11.853824 2.157628 0.117806
v 11.481744 0.127895 0.071181
v 11.481743 0.000001 0.117808
v 11.603630 0.127895 0.071181
v 11.603629 0.000001 0.117808
v 11.731933 0.127895 0.071181
v 11.731933 0.000001 0.117808
v 11.855960 0.127895 0.071181
v 11.855959 0.000001 0.117808
v 10.615713 2.033533 0.071181
v 11.355178 2.033533 0.071181
v 11.228610 2.033533 0.071181
v 11.104584 2.033533 0.071181
v 10.615713 0.127895 0.071181
v 10.615713 2.157628 0.117806
v 10.976280 2.033533 0.071181
v 10.615713 0.000001 0.117808
v 11.853825 2.033533 0.071181
v 11.729799 2.033533 0.071181
v 10.739872 0.127895 0.071181
v 10.854394 2.033533 0.071181
v 10.739872 2.033533 0.071181
v 11.601496 2.033533 0.071181
v 11.479608 2.033533 0.071181
v 10.739872 0.000001 0.024555
v 10.857267 0.000001 0.024555
v 10.979155 0.000001 0.024555
v 11.107456 0.000001 0.024555
v 11.231483 0.000001 0.024555
v 11.357680 0.000001 0.024555
v 11.481743 0.000001 0.024555
v 11.603629 0.000001 0.024555
v 11.731933 0.000001 0.024555
v 11.855959 0.000001 0.024555
v 10.739872 2.157631 0.024551
v 10.854393 2.157631 0.024551
v 10.976279 2.157631 0.024551
v 11.104583 2.157631 0.024551
v 11.228609 2.157631 0.024551
v 11.355177 2.157631 0.024551
v 11.479608 2.157631 0.024551
v 11.601495 2.157631 0.024551
v 11.729798 2.157631 0.024551
v 11.853824 2.157631 0.024551
v 11.924574 0.951572 0.071181
v 11.899412 1.164279 0.071181
v 11.926619 1.235181 0.071181
v 11.875578 0.470638 0.071181
v 11.807995 0.578357 0.071181
v 10.531199 1.635711 0.071181
v 10.516187 1.595722 0.071181
v 10.531775 1.715689 0.071181
v 10.534595 1.675700 0.071181
v 11.898392 1.022475 0.071181
v 11.893392 1.093377 0.071181
v 11.881840 1.794137 0.071181
v 11.845160 1.852370 0.071181
v 11.864399 1.834522 0.071181
v 11.764267 1.816959 0.071181
v 11.783027 1.853804 0.071181
v 11.820337 1.869147 0.071181
v 11.808127 1.762806 0.071181
v 11.789848 1.775515 0.071181
v 11.830686 1.750918 0.071181
v 11.875259 1.814740 0.071181
v 11.774268 1.795702 0.071181
v 11.939186 1.914759 0.071181
v 11.932169 1.836575 0.071181
v 11.927505 1.861628 0.071181
v 11.946244 1.811522 0.071181
v 11.928304 1.888193 0.071181
v 11.962609 0.518007 0.071181
v 11.897164 0.625727 0.071181
v 10.517339 1.755678 0.071181
v 11.831229 0.717400 0.071181
v 11.752821 0.809074 0.071181
v 11.674199 0.884420 0.071181
v 11.589018 0.957275 0.071181
v 11.506189 1.019752 0.071181
v 11.394707 1.077247 0.071181
v 11.319506 1.116892 0.071181
v 11.046144 1.219428 0.071181
v 10.893390 1.248626 0.071181
v 10.765085 1.264954 0.071181
v 10.608767 1.281282 0.071181
v 11.745124 0.665534 0.071181
v 11.678406 0.746069 0.071181
v 11.610404 0.815810 0.071181
v 11.524440 0.890699 0.071181
v 11.432060 0.954463 0.071181
v 11.316585 1.016732 0.071181
v 11.216507 1.066547 0.071181
v 11.080503 1.111381 0.071181
v 10.959897 1.138780 0.071181
v 10.844422 1.161197 0.071181
v 10.726380 1.173650 0.071181
v 10.608340 1.183613 0.071181
v 11.429850 1.171688 0.071181
v 11.305322 1.216453 0.071181
v 11.542756 1.241430 0.071181
v 11.433627 1.286195 0.071181
v 11.645402 1.313662 0.071181
v 11.551667 1.358427 0.071181
v 11.732649 1.388385 0.071181
v 11.636349 1.430659 0.071181
v 11.807066 1.460617 0.071181
v 11.721030 1.500400 0.071181
v 11.889181 1.555267 0.071181
v 11.808277 1.592559 0.071181
v 11.950768 1.642443 0.071181
v 11.877563 1.677245 0.071181
v 11.042013 0.999297 0.071181
v 10.967596 1.069038 0.071181
v 10.882914 0.951972 0.071181
v 10.841856 1.036658 0.071181
v 10.736645 0.922083 0.071181
v 10.708417 1.014241 0.071181
v 10.605774 0.907138 0.071181
v 10.592943 1.001788 0.071181
v 11.877377 0.410238 0.071181
v 11.881840 0.366963 0.071181
v 11.845160 0.308731 0.071181
v 11.864399 0.326578 0.071181
v 11.764267 0.344141 0.071181
v 11.783027 0.307297 0.071181
v 11.820337 0.291954 0.071181
v 11.808127 0.398294 0.071181
v 11.789848 0.385585 0.071181
v 11.830686 0.410182 0.071181
v 11.875259 0.346360 0.071181
v 11.774268 0.365398 0.071181
v 11.939186 0.246341 0.071181
v 11.932169 0.324525 0.071181
v 11.927505 0.299472 0.071181
v 11.946244 0.349578 0.071181
v 11.928304 0.272907 0.071181
v 10.619744 1.535735 0.071181
v 10.546677 1.469066 0.071181
v 10.679325 1.476620 0.071181
v 10.600943 1.411854 0.071181
v 10.747753 1.557570 0.071181
v 10.773416 1.667163 0.071181
v 10.752886 1.784229 0.071181
v 10.688732 1.866425 0.071181
v 10.606617 1.923712 0.071181
v 10.664649 1.595929 0.071181
v 10.677909 1.678124 0.071181
v 10.659946 1.767792 0.071181
v 10.616322 1.822588 0.071181
v 10.552169 1.869913 0.071181
v 10.531199 0.473619 0.071181
v 10.516187 0.433630 0.071181
v 10.531775 0.553597 0.071181
v 10.534595 0.513608 0.071181
v 10.517339 0.593586 0.071181
v 10.619744 0.373643 0.071181
v 10.546677 0.306974 0.071181
v 10.679325 0.314528 0.071181
v 10.600943 0.249762 0.071181
v 10.747753 0.395478 0.071181
v 10.773416 0.505072 0.071181
v 10.752886 0.622137 0.071181
v 10.688732 0.704333 0.071181
v 10.606617 0.761620 0.071181
v 10.664649 0.433837 0.071181
v 10.677909 0.516032 0.071181
v 10.659946 0.605700 0.071181
v 10.616322 0.660497 0.071181
v 10.552169 0.707821 0.071181
v 11.231484 0.127895 0.071181
v 11.194979 1.166638 0.071181
v 11.877377 1.750863 0.071181
v 11.876635 0.620745 0.098436
v 11.828524 0.590811 0.098436
v 11.890974 0.498036 0.098436
v 11.936950 0.527970 0.098436
v 11.104584 2.101826 0.098436
v 11.104584 2.042712 0.098436
v 10.615713 2.101826 0.098436
v 10.615713 2.042712 0.098436
v 10.615713 0.058118 0.098436
v 11.853825 2.042712 0.098436
v 10.857268 0.058118 0.098436
v 10.739872 0.058118 0.098436
v 10.979156 0.058118 0.098436
v 10.857268 0.116404 0.098436
v 10.979156 0.116404 0.098436
v 11.107457 0.058118 0.098436
v 11.107457 0.116404 0.098436
v 11.231484 0.058118 0.098436
v 11.357681 0.058118 0.098436
v 10.739872 2.101826 0.098436
v 10.854394 2.101826 0.098436
v 10.976280 2.101826 0.098436
v 11.228610 2.101826 0.098436
v 11.355178 2.101826 0.098436
v 11.479608 2.101826 0.098436
v 11.729799 2.042712 0.098436
v 11.601496 2.101826 0.098436
v 11.601496 2.042712 0.098436
v 11.729799 2.101826 0.098436
v 11.853825 2.101826 0.098436
v 11.479608 2.042712 0.098436
v 11.357681 0.116404 0.098436
v 11.481744 0.116404 0.098436
v 11.355178 2.042712 0.098436
v 11.603630 0.058118 0.098436
v 11.481744 0.058118 0.098436
v 11.603630 0.116404 0.098436
v 11.731933 0.058118 0.098436
v 11.731933 0.116404 0.098436
v 11.855960 0.058118 0.098436
v 11.855960 0.116404 0.098436
v 11.228610 2.042712 0.098436
v 10.615713 0.116404 0.098436
v 10.739872 0.116404 0.098436
v 10.739872 2.042712 0.098436
v 10.976280 2.042712 0.098436
v 10.854394 2.042712 0.098436
v 11.937571 0.981840 0.098436
v 11.917769 1.149224 0.098436
v 11.939178 1.205019 0.098436
v 10.518778 1.641335 0.098436
v 10.505884 1.606990 0.098436
v 10.519272 1.710025 0.098436
v 10.521693 1.675680 0.098436
v 11.916966 1.037635 0.098436
v 11.913031 1.093429 0.098436
v 11.842705 1.845864 0.098436
v 11.859309 1.830462 0.098436
v 11.772898 1.815306 0.098436
v 11.789086 1.847102 0.098436
v 11.821285 1.860342 0.098436
v 11.810748 1.768574 0.098436
v 11.794973 1.779542 0.098436
v 11.810210 1.823803 0.098436
v 11.831333 1.800506 0.098436
v 11.868681 1.813391 0.098436
v 11.874359 1.795612 0.098436
v 11.781528 1.796962 0.098436
v 11.947159 1.903166 0.098436
v 11.941668 1.842003 0.098436
v 11.938020 1.861602 0.098436
v 11.938644 1.882384 0.098436
v 11.850921 1.779387 0.098436
v 11.830215 1.758315 0.098436
v 11.952680 1.822404 0.098436
v 10.506874 1.744370 0.098436
v 11.323284 1.199018 0.098436
v 11.193787 1.145596 0.098436
v 11.121533 1.110213 0.098436
v 11.810701 0.712419 0.098436
v 11.732293 0.804093 0.098436
v 11.653669 0.879439 0.098436
v 11.568490 0.952294 0.098436
v 11.485661 1.014770 0.098436
v 11.374178 1.072266 0.098436
v 11.281015 1.119382 0.098436
v 11.046461 1.203450 0.098436
v 10.894588 1.237138 0.098436
v 10.766803 1.253312 0.098436
v 10.611024 1.270472 0.098436
v 11.765653 0.677988 0.098436
v 11.698935 0.758522 0.098436
v 11.630933 0.828264 0.098436
v 11.544968 0.903153 0.098436
v 11.452588 0.966917 0.098436
v 11.337114 1.029186 0.098436
v 11.216507 1.086473 0.098436
v 10.958115 1.156429 0.098436
v 10.843315 1.176494 0.098436
v 10.725685 1.189541 0.098436
v 10.607988 1.200811 0.098436
v 11.414451 1.179161 0.098436
v 11.527360 1.248902 0.098436
v 11.451590 1.268759 0.098436
v 11.630005 1.321134 0.098436
v 11.569631 1.340991 0.098436
v 11.717253 1.395858 0.098436
v 11.654311 1.413224 0.098436
v 11.791669 1.468089 0.098436
v 11.738994 1.482965 0.098436
v 11.873785 1.562739 0.098436
v 11.826241 1.575123 0.098436
v 11.917408 1.627499 0.098436
v 11.877563 1.652337 0.098436
v 11.042013 1.024204 0.098436
v 10.967596 1.046621 0.098436
v 10.882914 0.976880 0.098436
v 10.841856 1.014241 0.098436
v 10.736645 0.946990 0.098436
v 10.708417 0.991825 0.098436
v 10.605774 0.932046 0.098436
v 10.592943 0.979371 0.098436
v 11.850017 0.380740 0.098436
v 11.868855 0.401052 0.098436
v 11.872560 0.365134 0.098436
v 11.858085 0.331614 0.098436
v 11.842114 0.316801 0.098436
v 11.790545 0.315611 0.098436
v 11.774973 0.346192 0.098436
v 11.821513 0.302876 0.098436
v 11.796207 0.380590 0.098436
v 11.811378 0.391139 0.098436
v 11.810861 0.338019 0.098436
v 11.831177 0.360427 0.098436
v 11.830102 0.401006 0.098436
v 11.867097 0.348034 0.098436
v 11.783275 0.363835 0.098436
v 11.946577 0.257873 0.098436
v 11.937426 0.299498 0.098436
v 11.941079 0.319126 0.098436
v 11.952106 0.338754 0.098436
v 11.938049 0.278686 0.098436
v 10.569772 1.469066 0.098436
v 10.627442 1.520790 0.098436
v 10.661362 1.476620 0.098436
v 10.600943 1.429289 0.098436
v 10.729791 1.557570 0.098436
v 10.755451 1.667163 0.098436
v 10.734922 1.784229 0.098436
v 10.670770 1.866425 0.098436
v 10.609184 1.903786 0.098436
v 10.690311 1.595929 0.098436
v 10.703568 1.678124 0.098436
v 10.685607 1.767792 0.098436
v 10.641983 1.822588 0.098436
v 10.577831 1.869913 0.098436
v 11.231484 0.116404 0.098436
v 10.508068 0.448402 0.098436
v 10.520302 0.480992 0.098436
v 10.523069 0.513582 0.098436
v 10.520773 0.546172 0.098436
v 10.509008 0.578762 0.098436
v 10.566279 0.306974 0.098436
v 10.639345 0.373643 0.098436
v 10.661504 0.314528 0.098436
v 10.606288 0.272248 0.098436
v 10.729934 0.395478 0.098436
v 10.755595 0.505072 0.098436
v 10.735065 0.622137 0.098436
v 10.670913 0.704333 0.098436
v 10.606617 0.747783 0.098436
v 10.684252 0.433837 0.098436
v 10.697511 0.516032 0.098436
v 10.679548 0.605700 0.098436
v 10.635924 0.660497 0.098436
v 10.571772 0.707821 0.098436
v 11.870508 1.758268 0.098436
v 11.981050 2.157628 0.117806
v 11.981050 0.000001 0.117808
v 11.981051 2.033533 0.071181
v 11.981050 0.000001 0.024555
v 11.981050 2.157631 0.024551
v 11.981051 0.925081 0.071181
v 11.981051 1.926443 0.071181
v 11.981051 0.234657 0.071181
v 11.981051 0.368953 0.071181
v 11.981051 1.262664 0.071181
v 11.981051 0.127895 0.071181
v 11.981051 1.792147 0.071181
v 11.981051 1.027406 0.098436
v 11.981051 0.960993 0.098436
v 11.981051 1.887202 0.098436
v 11.981051 1.862097 0.098436
v 11.981051 1.160233 0.098436
v 11.981051 1.093819 0.098436
v 11.981051 1.912307 0.098436
v 11.981051 1.834672 0.098436
v 11.981051 2.101826 0.098436
v 11.981051 2.042712 0.098436
v 11.981051 0.058118 0.098436
v 11.981051 0.299002 0.098436
v 11.981051 0.273860 0.098436
v 11.981051 0.353933 0.098436
v 11.981051 0.326468 0.098436
v 11.981051 0.248719 0.098436
v 11.981051 1.226646 0.098436
v 11.981051 0.116404 0.098436
v 11.981051 1.807248 0.098436
v 10.484870 0.000001 0.117808
v 10.484870 2.157628 0.117806
v 10.484871 2.033533 0.071181
v 10.484870 0.000001 0.024555
v 10.484870 2.157631 0.024551
v 10.354026 2.157631 0.024551
v 10.354026 0.000001 0.024555
v 10.229868 0.000001 0.117808
v 10.112473 0.127895 0.071181
v 10.112472 0.000001 0.117808
v 9.990585 0.127895 0.071181
v 9.990585 0.000001 0.117808
v 9.862283 0.127895 0.071181
v 9.862282 0.000001 0.117808
v 9.738256 0.000001 0.117808
v 9.612058 0.127895 0.071181
v 9.612057 0.000001 0.117808
v 10.229868 2.157628 0.117806
v 10.115347 2.157628 0.117806
v 9.993458 2.157628 0.117806
v 9.865156 2.157628 0.117806
v 9.741131 2.157628 0.117806
v 9.614563 2.157628 0.117806
v 9.490131 2.157628 0.117806
v 9.368245 2.157628 0.117806
v 9.239942 2.157628 0.117806
v 9.115916 2.157628 0.117806
v 9.487997 0.127895 0.071181
v 9.487997 0.000001 0.117808
v 9.366109 0.127895 0.071181
v 9.366108 0.000001 0.117808
v 9.237807 0.127895 0.071181
v 9.237806 0.000001 0.117808
v 9.113781 0.127895 0.071181
v 9.113781 0.000001 0.117808
v 10.354027 2.033533 0.071181
v 9.614563 2.033533 0.071181
v 9.741131 2.033533 0.071181
v 9.865157 2.033533 0.071181
v 10.354027 0.127895 0.071181
v 10.354026 2.157628 0.117806
v 9.993459 2.033533 0.071181
v 10.354026 0.000001 0.117808
v 9.115917 2.033533 0.071181
v 9.239943 2.033533 0.071181
v 10.229869 0.127895 0.071181
v 10.115348 2.033533 0.071181
v 10.229869 2.033533 0.071181
v 9.368246 2.033533 0.071181
v 9.490132 2.033533 0.071181
v 10.229868 0.000001 0.024555
v 10.112472 0.000001 0.024555
v 9.990585 0.000001 0.024555
v 9.862282 0.000001 0.024555
v 9.738256 0.000001 0.024555
v 9.612057 0.000001 0.024555
v 9.487997 0.000001 0.024555
v 9.366108 0.000001 0.024555
v 9.237806 0.000001 0.024555
v 9.113781 0.000001 0.024555
v 10.229868 2.157631 0.024551
v 10.115347 2.157631 0.024551
v 9.993458 2.157631 0.024551
v 9.865156 2.157631 0.024551
v 9.741131 2.157631 0.024551
v 9.614563 2.157631 0.024551
v 9.490131 2.157631 0.024551
v 9.368245 2.157631 0.024551
v 9.239942 2.157631 0.024551
v 9.115916 2.157631 0.024551
v 9.045167 0.951572 0.071181
v 9.070328 1.164279 0.071181
v 9.043122 1.235181 0.071181
v 9.094164 0.470638 0.071181
v 9.161747 0.578357 0.071181
v 10.438541 1.635711 0.071181
v 10.453553 1.595722 0.071181
v 10.484871 1.580222 0.071181
v 10.437965 1.715689 0.071181
v 10.435146 1.675700 0.071181
v 9.071350 1.022475 0.071181
v 9.076349 1.093377 0.071181
v 9.087901 1.794137 0.071181
v 9.124580 1.852370 0.071181
v 9.105341 1.834522 0.071181
v 9.205474 1.816959 0.071181
v 9.186714 1.853804 0.071181
v 9.149404 1.869147 0.071181
v 9.161614 1.762806 0.071181
v 9.179892 1.775515 0.071181
v 9.139053 1.750918 0.071181
v 9.094481 1.814740 0.071181
v 9.195475 1.795702 0.071181
v 9.030553 1.914759 0.071181
v 9.037572 1.836575 0.071181
v 9.042235 1.861628 0.071181
v 9.023495 1.811522 0.071181
v 9.041437 1.888193 0.071181
v 9.007130 0.518007 0.071181
v 9.072576 0.625727 0.071181
v 10.452401 1.755678 0.071181
v 9.138511 0.717400 0.071181
v 9.216919 0.809074 0.071181
v 9.295542 0.884420 0.071181
v 9.380722 0.957275 0.071181
v 9.463551 1.019752 0.071181
v 9.575033 1.077247 0.071181
v 9.650234 1.116892 0.071181
v 9.923596 1.219428 0.071181
v 10.076349 1.248626 0.071181
v 10.204656 1.264954 0.071181
v 10.360974 1.281282 0.071181
v 9.224615 0.665534 0.071181
v 9.291335 0.746069 0.071181
v 9.359337 0.815810 0.071181
v 9.445301 0.890699 0.071181
v 9.537681 0.954463 0.071181
v 9.653154 1.016732 0.071181
v 9.753234 1.066547 0.071181
v 9.889236 1.111381 0.071181
v 10.009845 1.138780 0.071181
v 10.125319 1.161197 0.071181
v 10.243360 1.173650 0.071181
v 10.361401 1.183613 0.071181
v 10.484871 1.186104 0.071181
v 9.539892 1.171688 0.071181
v 9.664419 1.216453 0.071181
v 9.426983 1.241430 0.071181
v 9.536114 1.286195 0.071181
v 9.324340 1.313662 0.071181
v 9.418074 1.358427 0.071181
v 9.237091 1.388385 0.071181
v 9.333393 1.430659 0.071181
v 9.162675 1.460617 0.071181
v 9.248711 1.500400 0.071181
v 9.080560 1.555267 0.071181
v 9.161462 1.592559 0.071181
v 9.018973 1.642443 0.071181
v 9.092177 1.677245 0.071181
v 9.927729 0.999297 0.071181
v 10.002147 1.069038 0.071181
v 10.086827 0.951972 0.071181
v 10.127886 1.036658 0.071181
v 10.233095 0.922083 0.071181
v 10.261322 1.014241 0.071181
v 10.363968 0.907138 0.071181
v 10.376797 1.001788 0.071181
v 10.484871 0.904692 0.071181
v 10.484871 1.001743 0.071181
v 9.092364 0.410238 0.071181
v 9.087901 0.366963 0.071181
v 9.124580 0.308731 0.071181
v 9.105341 0.326578 0.071181
v 9.205474 0.344141 0.071181
v 9.186714 0.307297 0.071181
v 9.149404 0.291954 0.071181
v 9.161614 0.398294 0.071181
v 9.179892 0.385585 0.071181
v 9.139053 0.410182 0.071181
v 9.094481 0.346360 0.071181
v 9.195475 0.365398 0.071181
v 9.030553 0.246341 0.071181
v 9.037572 0.324525 0.071181
v 9.042235 0.299472 0.071181
v 9.023495 0.349578 0.071181
v 9.041437 0.272907 0.071181
v 10.349997 1.535735 0.071181
v 10.423063 1.469066 0.071181
v 10.290417 1.476620 0.071181
v 10.368799 1.411854 0.071181
v 10.221987 1.557570 0.071181
v 10.196326 1.667163 0.071181
v 10.216854 1.784229 0.071181
v 10.281008 1.866425 0.071181
v 10.363122 1.923712 0.071181
v 10.305090 1.595929 0.071181
v 10.291832 1.678124 0.071181
v 10.309794 1.767792 0.071181
v 10.353418 1.822588 0.071181
v 10.417570 1.869913 0.071181
v 10.438541 0.473619 0.071181
v 10.453553 0.433630 0.071181
v 10.484871 0.418129 0.071181
v 10.437965 0.553597 0.071181
v 10.435146 0.513608 0.071181
v 10.452401 0.593586 0.071181
v 10.349997 0.373643 0.071181
v 10.423063 0.306974 0.071181
v 10.290417 0.314528 0.071181
v 10.368799 0.249762 0.071181
v 10.221987 0.395478 0.071181
v 10.196326 0.505072 0.071181
v 10.216854 0.622137 0.071181
v 10.281008 0.704333 0.071181
v 10.363122 0.761620 0.071181
v 10.305090 0.433837 0.071181
v 10.291832 0.516032 0.071181
v 10.309794 0.605700 0.071181
v 10.353418 0.660497 0.071181
v 10.417570 0.707821 0.071181
v 9.738257 0.127895 0.071181
v 10.484871 1.770619 0.071181
v 10.484871 1.284742 0.071181
v 9.774762 1.166638 0.071181
v 10.484871 0.608527 0.071181
v 10.484871 0.127895 0.071181
v 9.092364 1.750863 0.071181
v 10.484871 1.634559 0.098436
v 10.484871 1.593676 0.098436
v 10.484871 1.716321 0.098436
v 10.484871 1.675440 0.098436
v 9.093105 0.620745 0.098436
v 9.141217 0.590811 0.098436
v 9.078767 0.498036 0.098436
v 9.032792 0.527970 0.098436
v 9.865157 2.101826 0.098436
v 9.865157 2.042712 0.098436
v 10.484871 2.101826 0.098436
v 10.354027 2.101826 0.098436
v 10.354027 2.042712 0.098436
v 10.484871 2.042712 0.098436
v 10.354027 0.058118 0.098436
v 10.484871 0.058118 0.098436
v 9.115917 2.042712 0.098436
v 10.112473 0.058118 0.098436
v 10.229869 0.058118 0.098436
v 9.990585 0.058118 0.098436
v 10.112473 0.116404 0.098436
v 9.990585 0.116404 0.098436
v 9.862283 0.058118 0.098436
v 9.862283 0.116404 0.098436
v 9.738257 0.058118 0.098436
v 9.612058 0.058118 0.098436
v 10.229869 2.101826 0.098436
v 10.115348 2.101826 0.098436
v 9.993459 2.101826 0.098436
v 9.741131 2.101826 0.098436
v 9.614563 2.101826 0.098436
v 9.490132 2.101826 0.098436
v 9.239943 2.042712 0.098436
v 9.368246 2.101826 0.098436
v 9.368246 2.042712 0.098436
v 9.239943 2.101826 0.098436
v 9.115917 2.101826 0.098436
v 9.490132 2.042712 0.098436
v 9.612058 0.116404 0.098436
v 9.487997 0.116404 0.098436
v 9.614563 2.042712 0.098436
v 9.366109 0.058118 0.098436
v 9.487997 0.058118 0.098436
v 9.366109 0.116404 0.098436
v 9.237807 0.058118 0.098436
v 9.237807 0.116404 0.098436
v 9.113781 0.058118 0.098436
v 9.113781 0.116404 0.098436
v 9.741131 2.042712 0.098436
v 10.354027 0.116404 0.098436
v 10.229869 0.116404 0.098436
v 10.229869 2.042712 0.098436
v 9.993459 2.042712 0.098436
v 10.115348 2.042712 0.098436
v 9.032169 0.981840 0.098436
v 9.051970 1.149224 0.098436
v 9.030562 1.205019 0.098436
v 10.450964 1.641335 0.098436
v 10.463858 1.606990 0.098436
v 10.450469 1.710025 0.098436
v 10.448048 1.675680 0.098436
v 9.052775 1.037635 0.098436
v 9.056709 1.093429 0.098436
v 9.127036 1.845864 0.098436
v 9.110433 1.830462 0.098436
v 9.196844 1.815306 0.098436
v 9.180654 1.847102 0.098436
v 9.148457 1.860342 0.098436
v 9.158993 1.768574 0.098436
v 9.174766 1.779542 0.098436
v 9.159531 1.823803 0.098436
v 9.138408 1.800506 0.098436
v 9.101061 1.813391 0.098436
v 9.095382 1.795612 0.098436
v 9.188213 1.796962 0.098436
v 9.022582 1.903166 0.098436
v 9.028073 1.842003 0.098436
v 9.031720 1.861602 0.098436
v 9.031097 1.882384 0.098436
v 9.118820 1.779387 0.098436
v 9.139526 1.758315 0.098436
v 9.017060 1.822404 0.098436
v 10.462868 1.744370 0.098436
v 9.646458 1.199018 0.098436
v 9.775954 1.145596 0.098436
v 9.848207 1.110213 0.098436
v 9.159039 0.712419 0.098436
v 9.237449 0.804093 0.098436
v 9.316072 0.879439 0.098436
v 9.401253 0.952294 0.098436
v 9.484079 1.014770 0.098436
v 9.595563 1.072266 0.098436
v 9.688726 1.119382 0.098436
v 9.923280 1.203450 0.098436
v 10.075153 1.237138 0.098436
v 10.202937 1.253312 0.098436
v 10.358716 1.270472 0.098436
v 9.204088 0.677988 0.098436
v 9.270806 0.758522 0.098436
v 9.338808 0.828264 0.098436
v 9.424772 0.903153 0.098436
v 9.517153 0.966917 0.098436
v 9.632627 1.029186 0.098436
v 9.753234 1.086473 0.098436
v 10.011626 1.156429 0.098436
v 10.126425 1.176494 0.098436
v 10.244057 1.189541 0.098436
v 10.361753 1.200811 0.098436
v 10.484871 1.207022 0.098436
v 9.555288 1.179161 0.098436
v 9.442380 1.248902 0.098436
v 9.518151 1.268759 0.098436
v 9.339736 1.321134 0.098436
v 9.400111 1.340991 0.098436
v 9.252489 1.395858 0.098436
v 9.315429 1.413224 0.098436
v 9.178071 1.468089 0.098436
v 9.230747 1.482965 0.098436
v 9.095956 1.562739 0.098436
v 9.143500 1.575123 0.098436
v 9.052332 1.627499 0.098436
v 9.092177 1.652337 0.098436
v 9.927729 1.024204 0.098436
v 10.002147 1.046621 0.098436
v 10.086827 0.976880 0.098436
v 10.127886 1.014241 0.098436
v 10.233095 0.946990 0.098436
v 10.261322 0.991825 0.098436
v 10.363968 0.932046 0.098436
v 10.376797 0.979371 0.098436
v 10.484871 0.929600 0.098436
v 10.484871 0.979326 0.098436
v 9.119725 0.380740 0.098436
v 9.100885 0.401052 0.098436
v 9.097181 0.365134 0.098436
v 9.111657 0.331614 0.098436
v 9.127625 0.316801 0.098436
v 9.179196 0.315611 0.098436
v 9.194767 0.346192 0.098436
v 9.148228 0.302876 0.098436
v 9.173533 0.380590 0.098436
v 9.158362 0.391139 0.098436
v 9.158879 0.338019 0.098436
v 9.138564 0.360427 0.098436
v 9.139638 0.401006 0.098436
v 9.102642 0.348034 0.098436
v 9.186467 0.363835 0.098436
v 9.023164 0.257873 0.098436
v 9.032315 0.299498 0.098436
v 9.028663 0.319126 0.098436
v 9.017633 0.338754 0.098436
v 9.031691 0.278686 0.098436
v 10.399968 1.469066 0.098436
v 10.342299 1.520790 0.098436
v 10.308379 1.476620 0.098436
v 10.368799 1.429289 0.098436
v 10.239950 1.557570 0.098436
v 10.214288 1.667163 0.098436
v 10.234818 1.784229 0.098436
v 10.298969 1.866425 0.098436
v 10.360556 1.903786 0.098436
v 10.279429 1.595929 0.098436
v 10.266171 1.678124 0.098436
v 10.284134 1.767792 0.098436
v 10.327757 1.822588 0.098436
v 10.391910 1.869913 0.098436
v 10.484871 0.474562 0.098436
v 10.484871 0.435769 0.098436
v 10.484871 0.552147 0.098436
v 10.484871 0.513354 0.098436
v 9.738257 0.116404 0.098436
v 10.461673 0.448402 0.098436
v 10.449438 0.480992 0.098436
v 10.446671 0.513582 0.098436
v 10.448969 0.546172 0.098436
v 10.460733 0.578762 0.098436
v 10.403461 0.306974 0.098436
v 10.330395 0.373643 0.098436
v 10.308237 0.314528 0.098436
v 10.363453 0.272248 0.098436
v 10.239807 0.395478 0.098436
v 10.214146 0.505072 0.098436
v 10.234674 0.622137 0.098436
v 10.298827 0.704333 0.098436
v 10.363122 0.747783 0.098436
v 10.285488 0.433837 0.098436
v 10.272230 0.516032 0.098436
v 10.290192 0.605700 0.098436
v 10.333816 0.660497 0.098436
v 10.397968 0.707821 0.098436
v 10.484871 1.757203 0.098436
v 10.484871 0.116404 0.098436
v 10.484871 1.277389 0.098436
v 10.484871 0.590939 0.098436
v 9.099234 1.758268 0.098436
v 8.988689 2.157628 0.117806
v 8.988689 0.000001 0.117808
v 8.988689 2.157631 0.024551
v 8.988689 0.925081 0.071181
v 8.988689 0.234657 0.071181
v 8.988689 1.262664 0.071181
v 8.988689 0.127895 0.071181
v 8.988689 0.960993 0.098436
v 8.988689 1.862097 0.098436
v 8.988689 1.160233 0.098436
v 8.988689 1.093819 0.098436
v 8.988689 1.834672 0.098436
v 8.988689 0.353933 0.098436
v 8.988689 0.326468 0.098436
v 8.988689 0.116404 0.098436
v 8.988689 1.807248 0.098436
vt 0.696722 0.880012
vt 0.701856 0.879157
vt 0.702077 0.881567
vt 0.698212 0.882176
vt 0.659703 0.787199
vt 0.663405 0.783223
vt 0.663503 0.785605
vt 0.660537 0.789321
vt 0.722227 0.865591
vt 0.716251 0.859763
vt 0.717540 0.857821
vt 0.723424 0.863593
vt 0.656335 0.790232
vt 0.656912 0.792418
vt 0.666972 0.882481
vt 0.659133 0.884155
vt 0.659999 0.882447
vt 0.666160 0.879902
vt 0.779344 0.780017
vt 0.772664 0.780504
vt 0.772026 0.771157
vt 0.778708 0.770730
vt 0.740835 0.776582
vt 0.738371 0.777025
vt 0.738262 0.775253
vt 0.740080 0.774979
vt 0.613272 0.791289
vt 0.606335 0.791733
vt 0.605698 0.782072
vt 0.612643 0.781606
vt 0.720386 0.851401
vt 0.726014 0.857009
vt 0.724268 0.858997
vt 0.718597 0.853367
vt 0.650666 0.791879
vt 0.650834 0.794080
vt 0.655791 0.879618
vt 0.662498 0.874427
vt 0.663965 0.876459
vt 0.658446 0.880313
vt 0.617876 0.854820
vt 0.610955 0.855446
vt 0.610156 0.846289
vt 0.617065 0.845704
vt 0.609409 0.836992
vt 0.616306 0.836450
vt 0.608728 0.827879
vt 0.615612 0.827376
vt 0.621061 0.892213
vt 0.613992 0.892686
vt 0.613347 0.883266
vt 0.620425 0.882737
vt 0.608069 0.818471
vt 0.614955 0.818002
vt 0.612625 0.873974
vt 0.619662 0.873371
vt 0.607470 0.809526
vt 0.614368 0.809080
vt 0.611787 0.864443
vt 0.618762 0.863794
vt 0.606913 0.800884
vt 0.613829 0.800449
vt 0.776079 0.823968
vt 0.782783 0.823459
vt 0.783468 0.832525
vt 0.776745 0.833011
vt 0.779258 0.869014
vt 0.786098 0.868417
vt 0.786956 0.877659
vt 0.780132 0.878293
vt 0.775407 0.815143
vt 0.782081 0.814619
vt 0.778538 0.859954
vt 0.785349 0.859438
vt 0.774687 0.806059
vt 0.781342 0.805526
vt 0.773995 0.797440
vt 0.780646 0.796909
vt 0.777914 0.850657
vt 0.784680 0.850200
vt 0.773348 0.789328
vt 0.780008 0.788810
vt 0.777366 0.841914
vt 0.784096 0.841456
vt 0.733325 0.775816
vt 0.732279 0.773706
vt 0.734004 0.773595
vt 0.734674 0.774570
vt 0.645307 0.791281
vt 0.645072 0.793556
vt 0.735868 0.776873
vt 0.736421 0.775190
vt 0.710372 0.852869
vt 0.711726 0.850987
vt 0.641142 0.788634
vt 0.640647 0.790890
vt 0.707044 0.879127
vt 0.712393 0.880652
vt 0.709949 0.882480
vt 0.705982 0.881501
vt 0.714504 0.843584
vt 0.712666 0.845481
vt 0.667874 0.787019
vt 0.664647 0.793402
vt 0.663570 0.791484
vt 0.665414 0.787513
vt 0.689878 0.886619
vt 0.691701 0.882458
vt 0.694472 0.883837
vt 0.693044 0.886869
vt 0.658951 0.798378
vt 0.658327 0.796114
vt 0.704619 0.845296
vt 0.706038 0.843419
vt 0.650513 0.800463
vt 0.650374 0.798192
vt 0.751414 0.880358
vt 0.753299 0.878001
vt 0.754838 0.879609
vt 0.753422 0.881369
vt 0.708494 0.834882
vt 0.706473 0.836872
vt 0.642317 0.799259
vt 0.642653 0.796920
vt 0.749366 0.871780
vt 0.748993 0.868654
vt 0.750672 0.868823
vt 0.750719 0.870655
vt 0.635927 0.794913
vt 0.636800 0.792748
vt 0.752358 0.872769
vt 0.752463 0.870970
vt 0.700054 0.838470
vt 0.699939 0.834477
vt 0.631292 0.789079
vt 0.635589 0.784718
vt 0.635854 0.787167
vt 0.634058 0.789562
vt 0.624949 0.835753
vt 0.625720 0.844956
vt 0.623545 0.845144
vt 0.622776 0.835930
vt 0.649895 0.782869
vt 0.647376 0.782722
vt 0.648029 0.781078
vt 0.649783 0.781127
vt 0.654800 0.781056
vt 0.652371 0.782415
vt 0.651514 0.780868
vt 0.653112 0.780101
vt 0.644802 0.781657
vt 0.643721 0.779525
vt 0.645637 0.779397
vt 0.646340 0.780505
vt 0.700769 0.784596
vt 0.700377 0.775776
vt 0.702848 0.775614
vt 0.703095 0.784469
vt 0.700647 0.793056
vt 0.702917 0.792965
vt 0.700306 0.801456
vt 0.702532 0.801400
vt 0.699289 0.809610
vt 0.701650 0.809646
vt 0.697655 0.816962
vt 0.698141 0.821509
vt 0.691095 0.837153
vt 0.694144 0.829456
vt 0.696916 0.829377
vt 0.693001 0.838989
vt 0.751689 0.777353
vt 0.756050 0.781154
vt 0.753490 0.781720
vt 0.751771 0.779956
vt 0.687095 0.845717
vt 0.688929 0.847535
vt 0.683104 0.852538
vt 0.684879 0.854440
vt 0.748102 0.781358
vt 0.748841 0.783736
vt 0.678244 0.859027
vt 0.679968 0.861010
vt 0.744752 0.784362
vt 0.745272 0.786787
vt 0.673646 0.864319
vt 0.675326 0.866336
vt 0.739102 0.785971
vt 0.739275 0.788409
vt 0.668289 0.869540
vt 0.669898 0.871608
vt 0.733773 0.785364
vt 0.733590 0.787870
vt 0.729702 0.782727
vt 0.728160 0.784228
vt 0.707340 0.815803
vt 0.704168 0.827024
vt 0.701414 0.827176
vt 0.704975 0.815594
vt 0.752845 0.787410
vt 0.751786 0.785489
vt 0.710288 0.784064
vt 0.709879 0.795541
vt 0.707726 0.795634
vt 0.708145 0.784289
vt 0.747207 0.792250
vt 0.746610 0.790020
vt 0.709175 0.804810
vt 0.707067 0.804780
vt 0.738899 0.794263
vt 0.738773 0.792025
vt 0.730864 0.793030
vt 0.731195 0.790735
vt 0.697595 0.843451
vt 0.696071 0.841473
vt 0.724722 0.788766
vt 0.725454 0.786743
vt 0.693995 0.851590
vt 0.692505 0.849611
vt 0.720013 0.783206
vt 0.724258 0.778745
vt 0.724541 0.781282
vt 0.722714 0.783320
vt 0.689934 0.857913
vt 0.688546 0.855851
vt 0.685137 0.864483
vt 0.683795 0.862362
vt 0.680121 0.870649
vt 0.678836 0.868472
vt 0.673838 0.877000
vt 0.672656 0.874720
vt 0.765680 0.798117
vt 0.765009 0.790000
vt 0.767066 0.789830
vt 0.767730 0.797949
vt 0.646163 0.886649
vt 0.648523 0.887337
vt 0.647212 0.889231
vt 0.645698 0.888855
vt 0.766377 0.806719
vt 0.768424 0.806557
vt 0.622530 0.799931
vt 0.623037 0.808549
vt 0.620856 0.808679
vt 0.620340 0.800057
vt 0.641776 0.887125
vt 0.644006 0.886630
vt 0.644298 0.888875
vt 0.642875 0.889139
vt 0.647651 0.873576
vt 0.649242 0.874467
vt 0.648220 0.875913
vt 0.647247 0.875352
vt 0.643718 0.880004
vt 0.642264 0.877999
vt 0.644349 0.877784
vt 0.645197 0.878812
vt 0.767079 0.815767
vt 0.769130 0.815616
vt 0.764246 0.781148
vt 0.766328 0.780985
vt 0.646906 0.881744
vt 0.645275 0.881237
vt 0.646167 0.879529
vt 0.647135 0.879880
vt 0.655551 0.778737
vt 0.678945 0.786065
vt 0.680795 0.795473
vt 0.683768 0.805856
vt 0.688269 0.816848
vt 0.622044 0.790758
vt 0.623592 0.817428
vt 0.678169 0.777235
vt 0.621419 0.781017
vt 0.624231 0.826732
vt 0.694378 0.810467
vt 0.743246 0.775247
vt 0.743983 0.772953
vt 0.763597 0.771696
vt 0.709953 0.775151
vt 0.767707 0.824576
vt 0.768360 0.833613
vt 0.769005 0.842472
vt 0.626515 0.853996
vt 0.744109 0.872005
vt 0.742419 0.876235
vt 0.753923 0.872430
vt 0.755424 0.876968
vt 0.755396 0.871684
vt 0.757469 0.876602
vt 0.756679 0.870255
vt 0.759667 0.876714
vt 0.757730 0.868099
vt 0.761838 0.877614
vt 0.771578 0.879156
vt 0.763571 0.880585
vt 0.770596 0.869771
vt 0.769921 0.860536
vt 0.756371 0.865341
vt 0.769410 0.851138
vt 0.753577 0.864028
vt 0.738416 0.867933
vt 0.749643 0.867072
vt 0.731451 0.862511
vt 0.750483 0.865823
vt 0.751873 0.864717
vt 0.650884 0.889431
vt 0.651450 0.880314
vt 0.648558 0.881821
vt 0.639705 0.888424
vt 0.638432 0.891764
vt 0.630023 0.891656
vt 0.629462 0.882067
vt 0.628604 0.872527
vt 0.627552 0.862869
vt 0.643174 0.874948
vt 0.645814 0.873138
vt 0.651239 0.877068
vt 0.650299 0.875587
vt 0.735796 0.875779
vt 0.714944 0.884217
vt 0.727951 0.870470
vt 0.774014 0.824121
vt 0.774675 0.833160
vt 0.770427 0.833464
vt 0.769771 0.824428
vt 0.616554 0.808942
vt 0.616022 0.800314
vt 0.777138 0.869198
vt 0.778022 0.878494
vt 0.773696 0.878932
vt 0.772746 0.869580
vt 0.771293 0.789491
vt 0.771945 0.797605
vt 0.770597 0.780656
vt 0.765684 0.771562
vt 0.769952 0.771289
vt 0.619831 0.790887
vt 0.615476 0.791152
vt 0.614849 0.781458
vt 0.619205 0.781166
vt 0.772637 0.806223
vt 0.775823 0.850789
vt 0.776426 0.860106
vt 0.772057 0.860400
vt 0.771509 0.851033
vt 0.707291 0.885788
vt 0.702557 0.886329
vt 0.697790 0.886713
vt 0.740258 0.773192
vt 0.742262 0.773063
vt 0.741735 0.774165
vt 0.735993 0.773467
vt 0.738125 0.773330
vt 0.753397 0.870721
vt 0.751720 0.869776
vt 0.752550 0.866316
vt 0.753469 0.865912
vt 0.755133 0.866567
vt 0.753929 0.867723
vt 0.751144 0.867841
vt 0.751684 0.867022
vt 0.752764 0.868812
vt 0.755114 0.869354
vt 0.754285 0.870218
vt 0.758946 0.878822
vt 0.760336 0.879266
vt 0.761375 0.881467
vt 0.759455 0.881724
vt 0.756215 0.879005
vt 0.757550 0.878799
vt 0.757568 0.881798
vt 0.755493 0.881696
vt 0.711923 0.885049
vt 0.755760 0.868209
vt 0.617134 0.817855
vt 0.621422 0.817570
vt 0.617789 0.827215
vt 0.622066 0.826895
vt 0.618487 0.836276
vt 0.619250 0.845516
vt 0.624350 0.854209
vt 0.620064 0.854616
vt 0.773351 0.815301
vt 0.620973 0.863576
vt 0.625339 0.863118
vt 0.621903 0.873170
vt 0.626342 0.872752
vt 0.622684 0.882568
vt 0.627170 0.882235
vt 0.775293 0.842052
vt 0.771058 0.842338
vt 0.623316 0.892065
vt 0.627757 0.891789
vt 0.707939 0.775282
vt 0.729777 0.864533
vt 0.729068 0.868399
vt 0.736878 0.869965
vt 0.736507 0.873400
vt 0.741743 0.872401
vt 0.741080 0.874571
vt 0.690997 0.816281
vt 0.691904 0.811038
vt 0.686386 0.805424
vt 0.688852 0.802275
vt 0.683456 0.795131
vt 0.686538 0.792866
vt 0.681647 0.785803
vt 0.685033 0.784623
vt 0.680858 0.777058
vt 0.684468 0.776820
vt 0.648652 0.878657
vt 0.649811 0.879369
vt 0.648107 0.879974
vt 0.646100 0.876982
vt 0.644705 0.876029
vt 0.646265 0.875091
vt 0.648891 0.876633
vt 0.647446 0.877872
vt 0.642853 0.892236
vt 0.640834 0.892298
vt 0.641530 0.889829
vt 0.646917 0.891525
vt 0.644803 0.891989
vt 0.649529 0.877523
vt 0.648994 0.890822
vt 0.651677 0.778994
vt 0.653648 0.778863
vt 0.647598 0.779266
vt 0.649637 0.779130
vt 0.691352 0.801882
vt 0.689066 0.792554
vt 0.687583 0.784386
vt 0.687012 0.776653
vt 0.683260 0.673476
vt 0.684463 0.671260
vt 0.688186 0.671373
vt 0.688295 0.673708
vt 0.658546 0.769798
vt 0.659092 0.767584
vt 0.662524 0.770875
vt 0.662743 0.773250
vt 0.710228 0.683791
vt 0.711696 0.685616
vt 0.706614 0.692134
vt 0.705079 0.690378
vt 0.654805 0.767236
vt 0.655087 0.764993
vt 0.653278 0.674099
vt 0.652800 0.676837
vt 0.646209 0.675109
vt 0.645083 0.673494
vt 0.778157 0.761437
vt 0.771469 0.761804
vt 0.740396 0.769756
vt 0.739852 0.771443
vt 0.738014 0.771404
vt 0.737895 0.769633
vt 0.611973 0.771924
vt 0.605038 0.772412
vt 0.710275 0.698130
vt 0.708246 0.696412
vt 0.713150 0.690079
vt 0.715150 0.691833
vt 0.648965 0.766355
vt 0.648839 0.764150
vt 0.642348 0.678589
vt 0.644934 0.677505
vt 0.651048 0.680637
vt 0.649846 0.682896
vt 0.608078 0.708258
vt 0.608471 0.717432
vt 0.601521 0.717767
vt 0.601101 0.708542
vt 0.608947 0.726728
vt 0.602023 0.727110
vt 0.609469 0.735828
vt 0.602569 0.736250
vt 0.606773 0.670465
vt 0.607169 0.680078
vt 0.599996 0.680362
vt 0.599584 0.670780
vt 0.610070 0.745215
vt 0.603178 0.745672
vt 0.607506 0.689542
vt 0.600386 0.689796
vt 0.610682 0.754141
vt 0.603782 0.754623
vt 0.607802 0.699208
vt 0.600755 0.699451
vt 0.611301 0.762771
vt 0.604387 0.763264
vt 0.769332 0.718228
vt 0.768844 0.709154
vt 0.775593 0.708784
vt 0.776058 0.717883
vt 0.766628 0.672956
vt 0.766169 0.663503
vt 0.773130 0.663201
vt 0.773557 0.672606
vt 0.769786 0.727079
vt 0.776480 0.726752
vt 0.767147 0.682102
vt 0.774020 0.681706
vt 0.770225 0.736189
vt 0.776899 0.735873
vt 0.770635 0.744831
vt 0.777302 0.744513
vt 0.767747 0.691447
vt 0.774553 0.691025
vt 0.771025 0.752963
vt 0.777697 0.752630
vt 0.768325 0.700219
vt 0.775087 0.699815
vt 0.733045 0.771479
vt 0.734543 0.772543
vt 0.643731 0.767661
vt 0.643195 0.765436
vt 0.735432 0.770105
vt 0.736196 0.771703
vt 0.701751 0.699670
vt 0.700163 0.697986
vt 0.639953 0.770839
vt 0.639162 0.768669
vt 0.693270 0.672943
vt 0.691876 0.670871
vt 0.695427 0.669272
vt 0.698140 0.670530
vt 0.705466 0.706623
vt 0.703401 0.704990
vt 0.666672 0.768895
vt 0.664168 0.768730
vt 0.661813 0.765036
vt 0.662628 0.762993
vt 0.676144 0.667426
vt 0.679267 0.667289
vt 0.680775 0.670024
vt 0.678169 0.671543
vt 0.656001 0.761139
vt 0.656320 0.758811
vt 0.697124 0.707906
vt 0.695473 0.706237
vt 0.647836 0.760133
vt 0.647672 0.757861
vt 0.738829 0.664692
vt 0.741136 0.664592
vt 0.742144 0.666177
vt 0.740555 0.667575
vt 0.700685 0.716028
vt 0.698421 0.714327
vt 0.640348 0.762422
vt 0.639704 0.760147
vt 0.736850 0.673976
vt 0.738359 0.675017
vt 0.738495 0.676875
vt 0.736812 0.677223
vt 0.635101 0.767339
vt 0.633946 0.765308
vt 0.739855 0.672770
vt 0.740094 0.674554
vt 0.692269 0.717560
vt 0.691858 0.713591
vt 0.630130 0.771710
vt 0.632807 0.770863
vt 0.634906 0.772997
vt 0.634970 0.775461
vt 0.617621 0.726271
vt 0.615441 0.726383
vt 0.614985 0.717133
vt 0.617170 0.717034
vt 0.649396 0.775391
vt 0.649517 0.777132
vt 0.647785 0.777413
vt 0.646918 0.775870
vt 0.654500 0.776536
vt 0.652953 0.777707
vt 0.651267 0.777159
vt 0.651912 0.775512
vt 0.644509 0.777268
vt 0.646186 0.778206
vt 0.699617 0.766977
vt 0.701941 0.766801
vt 0.698393 0.758598
vt 0.700658 0.758393
vt 0.696958 0.750303
vt 0.699176 0.750068
vt 0.694882 0.742336
vt 0.697222 0.741992
vt 0.692297 0.735245
vt 0.692184 0.730662
vt 0.683168 0.716062
vt 0.684816 0.713999
vt 0.689941 0.723010
vt 0.687182 0.723291
vt 0.751064 0.767604
vt 0.750813 0.765011
vt 0.752292 0.763042
vt 0.754905 0.763277
vt 0.678118 0.708116
vt 0.679689 0.706086
vt 0.673287 0.701921
vt 0.674787 0.699813
vt 0.746993 0.764089
vt 0.747422 0.761636
vt 0.667635 0.696156
vt 0.669080 0.693971
vt 0.743286 0.761537
vt 0.743492 0.759064
vt 0.662379 0.691518
vt 0.663786 0.689290
vt 0.737473 0.760664
vt 0.737332 0.758222
vt 0.656333 0.687021
vt 0.657671 0.684730
vt 0.732263 0.761951
vt 0.731759 0.759488
vt 0.728563 0.765091
vt 0.726840 0.763800
vt 0.702072 0.735127
vt 0.699749 0.735644
vt 0.694691 0.724604
vt 0.697442 0.724390
vt 0.750120 0.759520
vt 0.750927 0.757479
vt 0.709129 0.766268
vt 0.706975 0.766323
vt 0.705085 0.755117
vt 0.707235 0.754930
vt 0.744406 0.755685
vt 0.744713 0.753395
vt 0.703240 0.746120
vt 0.705331 0.745815
vt 0.736370 0.754698
vt 0.736209 0.752459
vt 0.729014 0.756952
vt 0.728390 0.754717
vt 0.687527 0.711142
vt 0.688775 0.708988
vt 0.723832 0.761653
vt 0.722844 0.759740
vt 0.682943 0.703572
vt 0.684153 0.701424
vt 0.718889 0.765864
vt 0.721554 0.765403
vt 0.723629 0.767189
vt 0.723676 0.769743
vt 0.678217 0.697941
vt 0.679315 0.695726
vt 0.672683 0.692149
vt 0.673735 0.689891
vt 0.667009 0.686722
vt 0.668021 0.684398
vt 0.660033 0.681236
vt 0.660933 0.678788
vt 0.762297 0.745218
vt 0.764352 0.745124
vt 0.764728 0.753265
vt 0.762665 0.753358
vt 0.631479 0.673550
vt 0.630581 0.671745
vt 0.631730 0.671078
vt 0.633490 0.672344
vt 0.761892 0.736592
vt 0.763945 0.736492
vt 0.619996 0.762122
vt 0.617808 0.762289
vt 0.617168 0.753672
vt 0.619348 0.753510
vt 0.627491 0.673859
vt 0.628198 0.671976
vt 0.629420 0.671979
vt 0.629555 0.673973
vt 0.635101 0.685846
vt 0.634445 0.684151
vt 0.635323 0.683454
vt 0.636549 0.684733
vt 0.630321 0.680166
vt 0.631922 0.681083
vt 0.631256 0.682202
vt 0.629221 0.682291
vt 0.761436 0.727519
vt 0.763492 0.727408
vt 0.765122 0.762133
vt 0.763036 0.762237
vt 0.633082 0.677976
vt 0.633627 0.679735
vt 0.632746 0.680235
vt 0.631611 0.678744
vt 0.677777 0.768379
vt 0.678373 0.758801
vt 0.679959 0.748100
vt 0.682986 0.736586
vt 0.620739 0.771280
vt 0.618714 0.744631
vt 0.618107 0.735318
vt 0.689892 0.742127
vt 0.742958 0.770772
vt 0.760935 0.718690
vt 0.760430 0.709625
vt 0.759938 0.700736
vt 0.616773 0.707954
vt 0.731460 0.674381
vt 0.729206 0.670268
vt 0.741427 0.672997
vt 0.742602 0.668572
vt 0.744502 0.668817
vt 0.742921 0.673614
vt 0.744293 0.674883
vt 0.746492 0.668531
vt 0.748393 0.667425
vt 0.745532 0.676857
vt 0.757400 0.663885
vt 0.757894 0.673450
vt 0.749351 0.664235
vt 0.758498 0.682684
vt 0.759226 0.692076
vt 0.744531 0.679706
vt 0.741926 0.681332
vt 0.726193 0.679242
vt 0.737647 0.678748
vt 0.719878 0.685618
vt 0.738634 0.679907
vt 0.740152 0.680849
vt 0.637855 0.678525
vt 0.635006 0.669227
vt 0.634664 0.677596
vt 0.625436 0.672892
vt 0.624160 0.669703
vt 0.616258 0.679767
vt 0.615897 0.670065
vt 0.616507 0.689309
vt 0.616663 0.699017
vt 0.630510 0.685124
vt 0.633350 0.686537
vt 0.638151 0.681842
vt 0.637435 0.683464
vt 0.722501 0.671576
vt 0.699851 0.666391
vt 0.715277 0.678071
vt 0.767260 0.718338
vt 0.763004 0.718573
vt 0.762503 0.709509
vt 0.766766 0.709270
vt 0.612867 0.753986
vt 0.613493 0.762611
vt 0.764481 0.673072
vt 0.760056 0.673323
vt 0.759573 0.663790
vt 0.764014 0.663597
vt 0.768964 0.753063
vt 0.768579 0.744928
vt 0.769399 0.761916
vt 0.618527 0.771447
vt 0.614176 0.771766
vt 0.768170 0.736288
vt 0.765648 0.691587
vt 0.761324 0.691906
vt 0.760636 0.682531
vt 0.765021 0.682234
vt 0.688013 0.666907
vt 0.692397 0.666716
vt 0.683623 0.667099
vt 0.741598 0.772038
vt 0.741044 0.674722
vt 0.739454 0.675812
vt 0.740643 0.679180
vt 0.741858 0.677634
vt 0.743172 0.678643
vt 0.741602 0.679478
vt 0.739072 0.677812
vt 0.740591 0.676674
vt 0.739701 0.678572
vt 0.742858 0.675910
vt 0.741965 0.675139
vt 0.745646 0.666751
vt 0.745769 0.664391
vt 0.747186 0.664329
vt 0.746780 0.666217
vt 0.743314 0.666729
vt 0.742766 0.664521
vt 0.744344 0.664452
vt 0.744461 0.666859
vt 0.696729 0.666527
vt 0.743607 0.676963
vt 0.612251 0.745070
vt 0.616542 0.744780
vt 0.611651 0.735697
vt 0.615938 0.735444
vt 0.611137 0.726610
vt 0.610668 0.717330
vt 0.610281 0.708177
vt 0.614595 0.708024
vt 0.767724 0.727184
vt 0.610033 0.699145
vt 0.614434 0.699050
vt 0.609767 0.689472
vt 0.614235 0.689357
vt 0.609452 0.679993
vt 0.613961 0.679839
vt 0.761997 0.700605
vt 0.766246 0.700347
vt 0.609064 0.670365
vt 0.613590 0.670166
vt 0.716691 0.680008
vt 0.717928 0.683806
vt 0.723542 0.673919
vt 0.724371 0.677375
vt 0.728051 0.672140
vt 0.729003 0.674274
vt 0.687360 0.741884
vt 0.685771 0.736792
vt 0.685478 0.750989
vt 0.682616 0.748185
vt 0.684415 0.760633
vt 0.681059 0.758790
vt 0.684005 0.769009
vt 0.680492 0.768283
vt 0.634558 0.679477
vt 0.636351 0.679774
vt 0.635319 0.680676
vt 0.633517 0.684551
vt 0.631854 0.683856
vt 0.633078 0.682721
vt 0.635876 0.682640
vt 0.634259 0.681643
vt 0.626990 0.671533
vt 0.626396 0.669605
vt 0.627857 0.669541
vt 0.629323 0.669476
vt 0.630946 0.669405
vt 0.636370 0.681658
vt 0.632628 0.669332
vt 0.688012 0.751050
vt 0.686965 0.760611
vt 0.686565 0.768909
vt 0.682705 0.660778
vt 0.687701 0.660107
vt 0.687796 0.662443
vt 0.684097 0.662881
vt 0.649663 0.566926
vt 0.653544 0.563143
vt 0.653530 0.565518
vt 0.650394 0.569087
vt 0.708674 0.648152
vt 0.702970 0.642037
vt 0.704347 0.640154
vt 0.709978 0.646206
vt 0.646144 0.569800
vt 0.646619 0.572016
vt 0.652783 0.662776
vt 0.644671 0.664096
vt 0.645651 0.662388
vt 0.652067 0.660091
vt 0.769664 0.564898
vt 0.762964 0.565105
vt 0.762707 0.555314
vt 0.769408 0.555168
vt 0.731315 0.559760
vt 0.728806 0.560098
vt 0.728772 0.558302
vt 0.730621 0.558103
vt 0.603023 0.568943
vt 0.596069 0.569073
vt 0.595859 0.558955
vt 0.602823 0.558803
vt 0.707473 0.633861
vt 0.712879 0.639711
vt 0.711039 0.641633
vt 0.705601 0.635749
vt 0.640385 0.571190
vt 0.640454 0.573403
vt 0.641501 0.659260
vt 0.648594 0.654313
vt 0.649989 0.656458
vt 0.644172 0.660113
vt 0.604764 0.632705
vt 0.597789 0.633034
vt 0.597399 0.623808
vt 0.604350 0.623532
vt 0.597077 0.614459
vt 0.604008 0.614231
vt 0.596817 0.605308
vt 0.603727 0.605120
vt 0.599156 0.661200
vt 0.606326 0.660855
vt 0.596591 0.595872
vt 0.603496 0.595718
vt 0.598719 0.651768
vt 0.605833 0.651398
vt 0.596400 0.586905
vt 0.603314 0.586773
vt 0.598241 0.642119
vt 0.605282 0.641743
vt 0.596234 0.578245
vt 0.603165 0.578122
vt 0.764576 0.608711
vt 0.771306 0.608474
vt 0.771629 0.617578
vt 0.764874 0.617794
vt 0.765805 0.654046
vt 0.772739 0.653794
vt 0.764264 0.599853
vt 0.770962 0.599602
vt 0.765529 0.644891
vt 0.772410 0.644688
vt 0.763919 0.590739
vt 0.770595 0.590481
vt 0.763586 0.582092
vt 0.770256 0.581839
vt 0.765316 0.635529
vt 0.772133 0.635358
vt 0.763278 0.573955
vt 0.769957 0.573717
vt 0.765131 0.626740
vt 0.771902 0.626556
vt 0.723740 0.558682
vt 0.722746 0.556186
vt 0.724482 0.556148
vt 0.725169 0.557456
vt 0.635038 0.570353
vt 0.634704 0.572622
vt 0.726284 0.559841
vt 0.726915 0.558159
vt 0.697410 0.634885
vt 0.698845 0.633068
vt 0.630976 0.567529
vt 0.630388 0.569764
vt 0.692724 0.660436
vt 0.697786 0.662416
vt 0.695193 0.663905
vt 0.691516 0.662622
vt 0.701942 0.625816
vt 0.700026 0.627623
vt 0.657828 0.567132
vt 0.654312 0.573359
vt 0.653324 0.571392
vt 0.655349 0.567511
vt 0.677802 0.663148
vt 0.680531 0.664434
vt 0.648387 0.578077
vt 0.647866 0.575783
vt 0.692017 0.627070
vt 0.693517 0.625264
vt 0.639845 0.579780
vt 0.639808 0.577501
vt 0.740298 0.661671
vt 0.742003 0.662925
vt 0.696358 0.616858
vt 0.694249 0.618750
vt 0.631697 0.578209
vt 0.632136 0.575884
vt 0.736051 0.655616
vt 0.735731 0.652384
vt 0.737438 0.652585
vt 0.737464 0.654448
vt 0.625500 0.573582
vt 0.626466 0.571457
vt 0.739150 0.656556
vt 0.739233 0.654759
vt 0.687773 0.620057
vt 0.687837 0.616065
vt 0.621131 0.567554
vt 0.625607 0.563400
vt 0.625765 0.565848
vt 0.623869 0.568157
vt 0.612689 0.613923
vt 0.613051 0.623165
vt 0.610866 0.623258
vt 0.610507 0.614003
vt 0.640016 0.562085
vt 0.637478 0.561828
vt 0.638211 0.560190
vt 0.639982 0.560318
vt 0.645071 0.560503
vt 0.642538 0.561744
vt 0.641744 0.560136
vt 0.643403 0.559438
vt 0.634908 0.560657
vt 0.633887 0.558125
vt 0.635810 0.558083
vt 0.636522 0.559539
vt 0.690853 0.566148
vt 0.690836 0.556882
vt 0.693317 0.556828
vt 0.693188 0.566122
vt 0.690362 0.574614
vt 0.692639 0.574622
vt 0.689654 0.583012
vt 0.691887 0.583054
vt 0.688279 0.591138
vt 0.690643 0.591277
vt 0.686321 0.598433
vt 0.686608 0.603011
vt 0.678896 0.618353
vt 0.682266 0.610796
vt 0.685040 0.610835
vt 0.680719 0.620265
vt 0.742144 0.561086
vt 0.746330 0.565063
vt 0.743750 0.565517
vt 0.742111 0.563681
vt 0.674558 0.626712
vt 0.676301 0.628599
vt 0.670285 0.633308
vt 0.671964 0.635278
vt 0.738388 0.564912
vt 0.739018 0.567324
vt 0.665158 0.639547
vt 0.666788 0.641597
vt 0.734896 0.567768
vt 0.735310 0.570221
vt 0.660326 0.644628
vt 0.661923 0.646723
vt 0.729161 0.569137
vt 0.729231 0.571588
vt 0.654696 0.649636
vt 0.656229 0.651802
vt 0.723839 0.568307
vt 0.723554 0.570811
vt 0.719862 0.565504
vt 0.718263 0.566944
vt 0.696077 0.597698
vt 0.692397 0.608806
vt 0.689636 0.608832
vt 0.693716 0.597385
vt 0.742860 0.571173
vt 0.741884 0.569207
vt 0.700407 0.566032
vt 0.699500 0.577503
vt 0.697340 0.577503
vt 0.698253 0.566165
vt 0.737012 0.575773
vt 0.736510 0.573515
vt 0.698395 0.586757
vt 0.696283 0.586636
vt 0.728608 0.577437
vt 0.728575 0.575190
vt 0.720612 0.575867
vt 0.721038 0.573582
vt 0.685101 0.624913
vt 0.683670 0.622875
vt 0.714641 0.571345
vt 0.715457 0.569351
vt 0.681156 0.632854
vt 0.679762 0.630820
vt 0.710170 0.565593
vt 0.714592 0.561323
vt 0.714770 0.563860
vt 0.712862 0.565818
vt 0.676832 0.638954
vt 0.675545 0.636843
vt 0.671782 0.645256
vt 0.670537 0.643097
vt 0.666570 0.651228
vt 0.665358 0.649001
vt 0.659998 0.657436
vt 0.658888 0.655076
vt 0.755244 0.582422
vt 0.754913 0.574278
vt 0.756976 0.574194
vt 0.757300 0.582339
vt 0.631115 0.665230
vt 0.633223 0.666255
vt 0.631581 0.667670
vt 0.630378 0.667107
vt 0.755581 0.591053
vt 0.757634 0.590976
vt 0.611884 0.577998
vt 0.612003 0.586634
vt 0.609817 0.586665
vt 0.609690 0.578025
vt 0.627115 0.665271
vt 0.629161 0.664977
vt 0.629201 0.666975
vt 0.627983 0.667085
vt 0.633646 0.652663
vt 0.635186 0.653645
vt 0.634077 0.655027
vt 0.633142 0.654409
vt 0.629382 0.658740
vt 0.628100 0.656720
vt 0.630135 0.656630
vt 0.630897 0.657687
vt 0.755906 0.600134
vt 0.757964 0.600068
vt 0.754521 0.565399
vt 0.756609 0.565322
vt 0.632324 0.660681
vt 0.630792 0.660044
vt 0.631791 0.658460
vt 0.632713 0.658880
vt 0.645947 0.557862
vt 0.668939 0.566666
vt 0.670377 0.576164
vt 0.672896 0.586695
vt 0.676921 0.597910
vt 0.611815 0.568811
vt 0.612158 0.595534
vt 0.668540 0.557369
vt 0.611621 0.558611
vt 0.612376 0.604867
vt 0.683322 0.591781
vt 0.733826 0.558533
vt 0.734686 0.555925
vt 0.754257 0.555499
vt 0.700451 0.556672
vt 0.756169 0.608976
vt 0.756450 0.618052
vt 0.756730 0.626952
vt 0.613452 0.632246
vt 0.730646 0.655681
vt 0.728758 0.659975
vt 0.740696 0.656194
vt 0.742251 0.660500
vt 0.742131 0.655449
vt 0.744122 0.660091
vt 0.743388 0.654066
vt 0.746129 0.660203
vt 0.744450 0.651991
vt 0.748119 0.661139
vt 0.757061 0.654313
vt 0.756863 0.645060
vt 0.743205 0.649240
vt 0.756773 0.635641
vt 0.740469 0.647846
vt 0.724976 0.651295
vt 0.736430 0.650793
vt 0.718129 0.645492
vt 0.737313 0.649552
vt 0.738743 0.648481
vt 0.637030 0.659716
vt 0.633933 0.660921
vt 0.625152 0.666414
vt 0.615407 0.660369
vt 0.614820 0.650842
vt 0.614125 0.641157
vt 0.629136 0.653784
vt 0.631842 0.652128
vt 0.637035 0.656386
vt 0.636181 0.654833
vt 0.721964 0.659254
vt 0.714202 0.653411
vt 0.762502 0.608780
vt 0.762794 0.617858
vt 0.758526 0.617988
vt 0.758241 0.608914
vt 0.605505 0.586733
vt 0.605364 0.578087
vt 0.763657 0.654118
vt 0.759227 0.654252
vt 0.761216 0.574032
vt 0.761528 0.582172
vt 0.760891 0.565171
vt 0.756350 0.555453
vt 0.760628 0.555360
vt 0.609596 0.568839
vt 0.605232 0.568906
vt 0.605035 0.558755
vt 0.609402 0.558660
vt 0.761862 0.590817
vt 0.763212 0.635571
vt 0.763400 0.644943
vt 0.759006 0.645028
vt 0.758878 0.635628
vt 0.730870 0.556009
vt 0.732956 0.555963
vt 0.732336 0.557352
vt 0.726552 0.556103
vt 0.728710 0.556056
vt 0.740164 0.654508
vt 0.738486 0.653560
vt 0.739378 0.650102
vt 0.740307 0.649722
vt 0.741944 0.650417
vt 0.740723 0.651537
vt 0.737931 0.651601
vt 0.738492 0.650789
vt 0.739543 0.652603
vt 0.741869 0.653167
vt 0.741046 0.654012
vt 0.745442 0.662049
vt 0.746617 0.662483
vt 0.743120 0.662274
vt 0.744251 0.662045
vt 0.742523 0.652052
vt 0.605681 0.595669
vt 0.609981 0.595578
vt 0.605911 0.605059
vt 0.610204 0.604932
vt 0.606199 0.614156
vt 0.606547 0.623441
vt 0.611276 0.632366
vt 0.606965 0.632592
vt 0.762201 0.599927
vt 0.607509 0.641611
vt 0.611902 0.641320
vt 0.608092 0.651270
vt 0.612552 0.650993
vt 0.608608 0.660740
vt 0.613113 0.660498
vt 0.763049 0.626792
vt 0.758793 0.626903
vt 0.698429 0.556716
vt 0.716345 0.647467
vt 0.715442 0.651359
vt 0.723323 0.653314
vt 0.722797 0.656830
vt 0.728207 0.656002
vt 0.727444 0.658210
vt 0.679680 0.597461
vt 0.680819 0.592245
vt 0.675538 0.586378
vt 0.678146 0.583332
vt 0.673056 0.575939
vt 0.676242 0.573807
vt 0.671656 0.566522
vt 0.675097 0.565488
vt 0.671240 0.557310
vt 0.674863 0.557231
vt 0.634316 0.657795
vt 0.635423 0.658604
vt 0.633663 0.659056
vt 0.631905 0.655953
vt 0.630586 0.654930
vt 0.632181 0.654093
vt 0.634699 0.655789
vt 0.633175 0.656924
vt 0.626819 0.667632
vt 0.635278 0.656725
vt 0.641989 0.557948
vt 0.644038 0.557903
vt 0.637849 0.558038
vt 0.639918 0.557993
vt 0.680668 0.583048
vt 0.678787 0.573606
vt 0.677660 0.565363
vt 0.677417 0.557175
vt 0.682695 0.234259
vt 0.684087 0.232156
vt 0.687785 0.232593
vt 0.687690 0.234929
vt 0.649636 0.328084
vt 0.650375 0.325925
vt 0.653507 0.329508
vt 0.653516 0.331896
vt 0.708662 0.246885
vt 0.709965 0.248831
vt 0.704335 0.254882
vt 0.702958 0.252999
vt 0.646132 0.325201
vt 0.646610 0.322989
vt 0.652774 0.232260
vt 0.652058 0.234945
vt 0.645643 0.232648
vt 0.644662 0.230940
vt 0.769614 0.330129
vt 0.769366 0.339432
vt 0.762673 0.339285
vt 0.762920 0.329921
vt 0.731270 0.335176
vt 0.730582 0.336811
vt 0.728752 0.336614
vt 0.728786 0.334837
vt 0.603037 0.326090
vt 0.602847 0.335792
vt 0.595888 0.335640
vt 0.596087 0.325962
vt 0.707460 0.261175
vt 0.705588 0.259287
vt 0.711026 0.253404
vt 0.712865 0.255326
vt 0.640387 0.323808
vt 0.640456 0.321600
vt 0.641492 0.235776
vt 0.644164 0.234923
vt 0.649981 0.238578
vt 0.648585 0.240723
vt 0.604756 0.262333
vt 0.604343 0.271506
vt 0.597392 0.271231
vt 0.597781 0.262005
vt 0.604003 0.280807
vt 0.597072 0.280581
vt 0.603724 0.289918
vt 0.596814 0.289733
vt 0.606764 0.224571
vt 0.606317 0.234181
vt 0.599146 0.233836
vt 0.599574 0.224256
vt 0.603498 0.299320
vt 0.596593 0.299169
vt 0.605824 0.243639
vt 0.598709 0.243269
vt 0.603321 0.308265
vt 0.596407 0.308136
vt 0.605273 0.253294
vt 0.598232 0.252919
vt 0.603176 0.316914
vt 0.596248 0.316795
vt 0.764552 0.286329
vt 0.764853 0.277248
vt 0.771608 0.277465
vt 0.771282 0.286569
vt 0.765791 0.240996
vt 0.766155 0.231539
vt 0.773116 0.231843
vt 0.772724 0.241249
vt 0.764238 0.295186
vt 0.770934 0.295439
vt 0.765513 0.250152
vt 0.772394 0.250355
vt 0.763888 0.304298
vt 0.770562 0.304560
vt 0.763550 0.312942
vt 0.770218 0.313200
vt 0.765298 0.259513
vt 0.772115 0.259685
vt 0.763238 0.321076
vt 0.769913 0.321318
vt 0.765113 0.268302
vt 0.771883 0.268487
vt 0.723791 0.336260
vt 0.725193 0.337450
vt 0.724565 0.338453
vt 0.722834 0.338415
vt 0.635055 0.324649
vt 0.634718 0.322384
vt 0.726289 0.335096
vt 0.726914 0.336755
vt 0.698833 0.261967
vt 0.697398 0.260150
vt 0.631010 0.327482
vt 0.630413 0.325250
vt 0.692713 0.234601
vt 0.691505 0.232415
vt 0.695182 0.231132
vt 0.697775 0.232622
vt 0.701929 0.269219
vt 0.700014 0.267412
vt 0.657817 0.327899
vt 0.655334 0.327515
vt 0.653312 0.323624
vt 0.654304 0.321658
vt 0.676134 0.227611
vt 0.679257 0.227747
vt 0.680521 0.230603
vt 0.677792 0.231888
vt 0.647860 0.319228
vt 0.648382 0.316935
vt 0.693505 0.269770
vt 0.692005 0.267964
vt 0.639810 0.317507
vt 0.639847 0.315230
vt 0.738816 0.230347
vt 0.741123 0.230448
vt 0.741989 0.232115
vt 0.740285 0.233369
vt 0.696346 0.278175
vt 0.694237 0.276282
vt 0.632146 0.319130
vt 0.631704 0.316806
vt 0.736038 0.239423
vt 0.737450 0.240592
vt 0.737424 0.242454
vt 0.735717 0.242655
vt 0.626483 0.323566
vt 0.625512 0.321441
vt 0.739136 0.238483
vt 0.739219 0.240281
vt 0.687825 0.278968
vt 0.687761 0.274976
vt 0.621144 0.327483
vt 0.623887 0.326875
vt 0.625790 0.329188
vt 0.625635 0.331648
vt 0.612684 0.281113
vt 0.610502 0.281034
vt 0.610859 0.271780
vt 0.613044 0.271872
vt 0.640020 0.332854
vt 0.639987 0.334600
vt 0.638235 0.334727
vt 0.637508 0.333113
vt 0.645007 0.334446
vt 0.643362 0.335477
vt 0.641729 0.334782
vt 0.642517 0.333196
vt 0.634983 0.334293
vt 0.636572 0.335376
vt 0.635919 0.336515
vt 0.633998 0.336473
vt 0.690841 0.328872
vt 0.693174 0.328899
vt 0.693312 0.337770
vt 0.690832 0.337716
vt 0.690351 0.320409
vt 0.692627 0.320402
vt 0.689643 0.312013
vt 0.691875 0.311971
vt 0.688268 0.303889
vt 0.690631 0.303750
vt 0.686310 0.296596
vt 0.686597 0.292018
vt 0.678886 0.276680
vt 0.680708 0.274768
vt 0.685029 0.284196
vt 0.682255 0.284235
vt 0.742089 0.333948
vt 0.742062 0.331342
vt 0.743706 0.329506
vt 0.746289 0.329965
vt 0.674548 0.268322
vt 0.676291 0.266435
vt 0.670275 0.261726
vt 0.671954 0.259757
vt 0.738334 0.330094
vt 0.738973 0.327685
vt 0.665148 0.255488
vt 0.666778 0.253438
vt 0.734859 0.327230
vt 0.735277 0.324783
vt 0.660317 0.250408
vt 0.661913 0.248312
vt 0.729140 0.325858
vt 0.729210 0.323413
vt 0.654687 0.245399
vt 0.656220 0.243234
vt 0.723834 0.326691
vt 0.723545 0.324192
vt 0.719873 0.329502
vt 0.718267 0.328066
vt 0.696063 0.297330
vt 0.693702 0.297643
vt 0.689624 0.286199
vt 0.692384 0.286225
vt 0.741845 0.325809
vt 0.742824 0.323844
vt 0.700390 0.328993
vt 0.698237 0.328860
vt 0.697327 0.317521
vt 0.699487 0.317521
vt 0.736479 0.321494
vt 0.736984 0.319239
vt 0.696270 0.308389
vt 0.698381 0.308268
vt 0.728555 0.319816
vt 0.728588 0.317571
vt 0.721027 0.321427
vt 0.720599 0.319144
vt 0.683659 0.272158
vt 0.685090 0.270120
vt 0.715453 0.325665
vt 0.714634 0.323671
vt 0.679752 0.264214
vt 0.681145 0.262180
vt 0.710159 0.329436
vt 0.712856 0.329207
vt 0.714772 0.331168
vt 0.714597 0.333718
vt 0.675535 0.258191
vt 0.676822 0.256081
vt 0.670527 0.251938
vt 0.671772 0.249780
vt 0.665349 0.246035
vt 0.666560 0.243808
vt 0.658879 0.239960
vt 0.659989 0.237600
vt 0.755211 0.312608
vt 0.757266 0.312692
vt 0.756939 0.320834
vt 0.754876 0.320749
vt 0.631106 0.229806
vt 0.630369 0.227929
vt 0.631572 0.227366
vt 0.633214 0.228781
vt 0.755552 0.303980
vt 0.757605 0.304058
vt 0.611894 0.317036
vt 0.609700 0.317009
vt 0.609823 0.308369
vt 0.612008 0.308399
vt 0.627106 0.229765
vt 0.627975 0.227951
vt 0.629192 0.228062
vt 0.629152 0.230059
vt 0.633638 0.242373
vt 0.633133 0.240627
vt 0.634068 0.240009
vt 0.635178 0.241391
vt 0.629373 0.236296
vt 0.630888 0.237349
vt 0.630127 0.238406
vt 0.628091 0.238316
vt 0.755881 0.294902
vt 0.757939 0.294968
vt 0.756570 0.329704
vt 0.754482 0.329628
vt 0.632315 0.234355
vt 0.632704 0.236156
vt 0.631783 0.236576
vt 0.630783 0.234993
vt 0.645861 0.336733
vt 0.668936 0.328360
vt 0.670371 0.318861
vt 0.672888 0.308331
vt 0.676913 0.297119
vt 0.611826 0.326223
vt 0.612159 0.299500
vt 0.668550 0.337229
vt 0.611640 0.335984
vt 0.612373 0.290169
vt 0.683312 0.303246
vt 0.734571 0.338671
vt 0.733736 0.336409
vt 0.754229 0.339101
vt 0.700440 0.337926
vt 0.756147 0.286062
vt 0.756430 0.276987
vt 0.756712 0.268088
vt 0.613444 0.262792
vt 0.730633 0.239358
vt 0.728745 0.235064
vt 0.740682 0.238846
vt 0.742238 0.234540
vt 0.744109 0.234950
vt 0.742117 0.239591
vt 0.743374 0.240974
vt 0.746116 0.234838
vt 0.748106 0.233901
vt 0.744436 0.243049
vt 0.757386 0.231157
vt 0.757047 0.240729
vt 0.749337 0.230806
vt 0.756847 0.249981
vt 0.756756 0.259399
vt 0.743191 0.245800
vt 0.740454 0.247194
vt 0.724963 0.243743
vt 0.736416 0.244246
vt 0.718116 0.249545
vt 0.737298 0.245487
vt 0.738729 0.246558
vt 0.637022 0.235320
vt 0.634998 0.225809
vt 0.633925 0.234115
vt 0.625143 0.228622
vt 0.624152 0.225333
vt 0.615398 0.234667
vt 0.615888 0.224971
vt 0.614811 0.244195
vt 0.614117 0.253880
vt 0.629127 0.241252
vt 0.631833 0.242908
vt 0.637027 0.238650
vt 0.636172 0.240203
vt 0.721951 0.235784
vt 0.699840 0.228647
vt 0.714189 0.241626
vt 0.762479 0.286259
vt 0.758219 0.286125
vt 0.758506 0.277051
vt 0.762774 0.277183
vt 0.605511 0.308303
vt 0.605374 0.316949
vt 0.763642 0.240925
vt 0.759212 0.240790
vt 0.759559 0.231252
vt 0.764000 0.231445
vt 0.761177 0.320998
vt 0.761493 0.312861
vt 0.760849 0.329854
vt 0.760597 0.339240
vt 0.756321 0.339147
vt 0.609608 0.326194
vt 0.609422 0.335936
vt 0.605057 0.335840
vt 0.605245 0.326127
vt 0.761832 0.304219
vt 0.763195 0.259471
vt 0.758861 0.259413
vt 0.758990 0.250014
vt 0.763384 0.250099
vt 0.688003 0.228130
vt 0.692387 0.228321
vt 0.683613 0.227938
vt 0.732271 0.337555
vt 0.732845 0.338634
vt 0.730836 0.338590
vt 0.728697 0.338543
vt 0.726559 0.338496
vt 0.740150 0.240531
vt 0.738472 0.241479
vt 0.739363 0.244937
vt 0.740709 0.243503
vt 0.741930 0.244622
vt 0.740293 0.245318
vt 0.737917 0.243438
vt 0.739529 0.242436
vt 0.738478 0.244250
vt 0.741854 0.241873
vt 0.741032 0.241027
vt 0.745428 0.232991
vt 0.745756 0.230650
vt 0.747173 0.230712
vt 0.746604 0.232557
vt 0.743107 0.232766
vt 0.742753 0.230519
vt 0.744331 0.230588
vt 0.744238 0.232995
vt 0.696719 0.228510
vt 0.742509 0.242987
vt 0.605682 0.299368
vt 0.609983 0.299457
vt 0.605909 0.289979
vt 0.610201 0.290104
vt 0.606194 0.280882
vt 0.606541 0.271597
vt 0.606958 0.262445
vt 0.611268 0.262671
vt 0.762175 0.295111
vt 0.607501 0.253427
vt 0.611893 0.253717
vt 0.608083 0.243767
vt 0.612543 0.244044
vt 0.608599 0.234297
vt 0.613104 0.234539
vt 0.758774 0.268137
vt 0.763030 0.268249
vt 0.609055 0.224671
vt 0.613581 0.224870
vt 0.698420 0.337882
vt 0.715429 0.243678
vt 0.716332 0.247570
vt 0.722784 0.238208
vt 0.723309 0.241724
vt 0.727431 0.236829
vt 0.728194 0.239037
vt 0.680809 0.302782
vt 0.679671 0.297568
vt 0.678137 0.311694
vt 0.675530 0.308648
vt 0.676235 0.321217
vt 0.673049 0.319086
vt 0.675092 0.329535
vt 0.671652 0.328503
vt 0.674870 0.337367
vt 0.671248 0.337288
vt 0.633655 0.235980
vt 0.635415 0.236432
vt 0.634307 0.237242
vt 0.632173 0.240944
vt 0.630578 0.240106
vt 0.631896 0.239083
vt 0.634691 0.239247
vt 0.633167 0.238112
vt 0.626810 0.227404
vt 0.626387 0.225431
vt 0.627849 0.225495
vt 0.629315 0.225560
vt 0.630937 0.225631
vt 0.635269 0.238311
vt 0.632620 0.225705
vt 0.643952 0.336691
vt 0.641976 0.336648
vt 0.639930 0.336603
vt 0.637885 0.336558
vt 0.680659 0.311977
vt 0.678779 0.321418
vt 0.677654 0.329659
vt 0.677423 0.337423
vt 0.678181 0.440724
vt 0.683202 0.440272
vt 0.683195 0.442611
vt 0.679480 0.442886
vt 0.649254 0.345538
vt 0.653298 0.341900
vt 0.653184 0.344284
vt 0.649898 0.347728
vt 0.704678 0.429242
vt 0.699246 0.422884
vt 0.700704 0.421063
vt 0.706065 0.427355
vt 0.645627 0.348265
vt 0.646008 0.350496
vt 0.648197 0.441411
vt 0.640035 0.442374
vt 0.641089 0.440711
vt 0.647600 0.438697
vt 0.769207 0.348736
vt 0.762511 0.348652
vt 0.731120 0.342020
vt 0.728624 0.342249
vt 0.728668 0.340473
vt 0.730505 0.340356
vt 0.602613 0.345493
vt 0.595664 0.345317
vt 0.704101 0.414912
vt 0.709247 0.420992
vt 0.707325 0.422832
vt 0.702149 0.416716
vt 0.639828 0.349405
vt 0.639800 0.351615
vt 0.637080 0.437404
vt 0.644383 0.432772
vt 0.645683 0.434976
vt 0.639711 0.438373
vt 0.601541 0.409263
vt 0.594559 0.409286
vt 0.594574 0.400052
vt 0.601531 0.400081
vt 0.594664 0.390697
vt 0.601598 0.390774
vt 0.594806 0.381543
vt 0.601718 0.381660
vt 0.601893 0.447076
vt 0.594697 0.447075
vt 0.594690 0.437486
vt 0.601868 0.437456
vt 0.594998 0.372106
vt 0.601903 0.372257
vt 0.594666 0.428044
vt 0.601790 0.427986
vt 0.595204 0.363139
vt 0.602117 0.363313
vt 0.594612 0.418383
vt 0.601663 0.418316
vt 0.595423 0.354483
vt 0.602351 0.354666
vt 0.762238 0.392273
vt 0.768972 0.392327
vt 0.768901 0.401437
vt 0.762143 0.401359
vt 0.761499 0.437616
vt 0.768436 0.437665
vt 0.768418 0.447079
vt 0.761451 0.447079
vt 0.762311 0.383411
vt 0.769012 0.383450
vt 0.761620 0.428457
vt 0.768503 0.428553
vt 0.762359 0.374292
vt 0.769038 0.374322
vt 0.762399 0.365642
vt 0.769072 0.365676
vt 0.761814 0.419096
vt 0.768631 0.419221
vt 0.762442 0.357502
vt 0.769121 0.357552
vt 0.762011 0.410307
vt 0.768783 0.410418
vt 0.723696 0.340610
vt 0.725149 0.339483
vt 0.634537 0.348333
vt 0.634101 0.350580
vt 0.726141 0.341882
vt 0.726838 0.340252
vt 0.694003 0.415496
vt 0.695516 0.413744
vt 0.630620 0.345325
vt 0.629926 0.347529
vt 0.688207 0.440820
vt 0.693177 0.443019
vt 0.690522 0.444394
vt 0.686904 0.442951
vt 0.698926 0.406634
vt 0.696934 0.408355
vt 0.657420 0.346081
vt 0.653637 0.352162
vt 0.652732 0.350154
vt 0.654922 0.346356
vt 0.671335 0.447080
vt 0.673179 0.442878
vt 0.675849 0.444282
vt 0.674462 0.447080
vt 0.647514 0.356621
vt 0.647093 0.354308
vt 0.688956 0.407454
vt 0.690533 0.405715
vt 0.638912 0.357952
vt 0.638975 0.355675
vt 0.734086 0.447080
vt 0.735685 0.444125
vt 0.737333 0.445452
vt 0.736395 0.447080
vt 0.693739 0.397442
vt 0.691550 0.399241
vt 0.630847 0.356022
vt 0.631390 0.353719
vt 0.731705 0.437892
vt 0.731526 0.434648
vt 0.733223 0.434924
vt 0.733167 0.436785
vt 0.624863 0.351120
vt 0.625926 0.349040
vt 0.734760 0.438966
vt 0.734921 0.437173
vt 0.685023 0.400263
vt 0.685261 0.396278
vt 0.620763 0.344893
vt 0.625432 0.340928
vt 0.625479 0.343393
vt 0.623477 0.345620
vt 0.610283 0.390848
vt 0.610239 0.400097
vt 0.608052 0.400093
vt 0.608100 0.390832
vt 0.639857 0.340353
vt 0.637358 0.339984
vt 0.638155 0.338403
vt 0.639899 0.338606
vt 0.644908 0.338980
vt 0.642366 0.340120
vt 0.641648 0.338501
vt 0.643309 0.337878
vt 0.634886 0.338694
vt 0.636521 0.337682
vt 0.690454 0.346551
vt 0.692787 0.346627
vt 0.689595 0.354985
vt 0.691869 0.355092
vt 0.688521 0.363343
vt 0.690749 0.363481
vt 0.686793 0.371398
vt 0.689148 0.371641
vt 0.684518 0.378600
vt 0.684605 0.383185
vt 0.676230 0.398172
vt 0.679926 0.390772
vt 0.682696 0.390932
vt 0.677967 0.400162
vt 0.741876 0.343719
vt 0.745898 0.347882
vt 0.743297 0.348227
vt 0.741734 0.346321
vt 0.671530 0.406334
vt 0.673189 0.408294
vt 0.666973 0.412736
vt 0.668565 0.414777
vt 0.737956 0.347405
vt 0.738489 0.349839
vt 0.661578 0.418744
vt 0.663117 0.420864
vt 0.734359 0.350114
vt 0.734670 0.352578
vt 0.656528 0.423609
vt 0.658032 0.425773
vt 0.728585 0.351235
vt 0.728549 0.353682
vt 0.650684 0.428367
vt 0.652121 0.430597
vt 0.723321 0.350172
vt 0.722923 0.352656
vt 0.719486 0.347190
vt 0.717819 0.348555
vt 0.694293 0.378292
vt 0.690133 0.389226
vt 0.687374 0.389132
vt 0.691949 0.377876
vt 0.742168 0.353845
vt 0.741276 0.351840
vt 0.700000 0.346848
vt 0.698596 0.358269
vt 0.696438 0.358176
vt 0.697843 0.346887
vt 0.736133 0.358191
vt 0.735727 0.355916
vt 0.697088 0.367466
vt 0.694984 0.367252
vt 0.727672 0.359491
vt 0.727738 0.357247
vt 0.719759 0.357570
vt 0.720287 0.355309
vt 0.682142 0.404997
vt 0.680801 0.402899
vt 0.713997 0.352787
vt 0.714903 0.350831
vt 0.677853 0.412758
vt 0.676550 0.410665
vt 0.709779 0.346832
vt 0.714400 0.342748
vt 0.714463 0.345303
vt 0.712464 0.347179
vt 0.673267 0.418663
vt 0.672074 0.416498
vt 0.667947 0.424738
vt 0.666797 0.422527
vt 0.662478 0.430477
vt 0.661364 0.428198
vt 0.655640 0.436392
vt 0.654634 0.433985
vt 0.754053 0.365612
vt 0.754074 0.357464
vt 0.756139 0.357468
vt 0.756110 0.365618
vt 0.626441 0.442913
vt 0.628502 0.444030
vt 0.626800 0.445372
vt 0.625623 0.444756
vt 0.754017 0.374247
vt 0.756072 0.374258
vt 0.611065 0.354926
vt 0.610802 0.363559
vt 0.608617 0.363494
vt 0.608872 0.354857
vt 0.622443 0.442779
vt 0.624500 0.442575
vt 0.624452 0.444572
vt 0.623231 0.444629
vt 0.629521 0.430469
vt 0.631017 0.431518
vt 0.629848 0.432850
vt 0.628941 0.432192
vt 0.624995 0.436353
vt 0.623802 0.434279
vt 0.625840 0.434279
vt 0.626554 0.435368
vt 0.753950 0.383330
vt 0.756009 0.383353
vt 0.754068 0.348576
vt 0.756157 0.348591
vt 0.627848 0.438421
vt 0.626346 0.437717
vt 0.627414 0.436179
vt 0.628316 0.436639
vt 0.668548 0.346106
vt 0.669566 0.355658
vt 0.671621 0.366288
vt 0.675152 0.377666
vt 0.611399 0.345744
vt 0.610563 0.372457
vt 0.610369 0.381788
vt 0.681813 0.371825
vt 0.733638 0.340896
vt 0.753829 0.392173
vt 0.753716 0.401252
vt 0.753610 0.410155
vt 0.610241 0.409186
vt 0.726302 0.437721
vt 0.724229 0.441928
vt 0.736321 0.438670
vt 0.737687 0.443040
vt 0.737787 0.437989
vt 0.739574 0.442713
vt 0.739102 0.436662
vt 0.741574 0.442912
vt 0.740254 0.434635
vt 0.743522 0.443934
vt 0.752674 0.447080
vt 0.744618 0.447080
vt 0.752752 0.437502
vt 0.752955 0.428251
vt 0.739130 0.431833
vt 0.753274 0.418837
vt 0.736457 0.430321
vt 0.720828 0.433093
vt 0.732293 0.433089
vt 0.714241 0.426996
vt 0.733229 0.431888
vt 0.734705 0.430880
vt 0.630154 0.447077
vt 0.632593 0.437664
vt 0.629446 0.438732
vt 0.620432 0.443834
vt 0.619297 0.447077
vt 0.611026 0.447076
vt 0.610962 0.437368
vt 0.610793 0.427824
vt 0.610523 0.418119
vt 0.624966 0.431392
vt 0.627742 0.429855
vt 0.632744 0.434337
vt 0.631958 0.432748
vt 0.717472 0.440913
vt 0.695068 0.447080
vt 0.709972 0.434737
vt 0.760164 0.392252
vt 0.760062 0.401333
vt 0.755793 0.401278
vt 0.755902 0.392201
vt 0.604307 0.363371
vt 0.604548 0.354728
vt 0.759349 0.437594
vt 0.759294 0.447079
vt 0.754849 0.447079
vt 0.754918 0.437535
vt 0.760380 0.357490
vt 0.760341 0.365633
vt 0.760439 0.348628
vt 0.609182 0.345676
vt 0.604820 0.345552
vt 0.760301 0.374282
vt 0.759711 0.419046
vt 0.759491 0.428417
vt 0.755098 0.428311
vt 0.755378 0.418915
vt 0.687606 0.447080
vt 0.683217 0.447080
vt 0.678822 0.447080
vt 0.732225 0.339687
vt 0.735862 0.436963
vt 0.734227 0.435943
vt 0.735268 0.432527
vt 0.736213 0.432188
vt 0.737819 0.432954
vt 0.736550 0.434019
vt 0.733758 0.433962
vt 0.734353 0.433175
vt 0.735325 0.435033
vt 0.737623 0.435698
vt 0.736764 0.436506
vt 0.740807 0.444727
vt 0.741963 0.445212
vt 0.742451 0.447080
vt 0.741033 0.447080
vt 0.738478 0.444850
vt 0.739618 0.444671
vt 0.739606 0.447080
vt 0.738026 0.447080
vt 0.691943 0.447080
vt 0.738326 0.434612
vt 0.604087 0.372305
vt 0.608387 0.372405
vt 0.603903 0.381695
vt 0.608197 0.381758
vt 0.603790 0.390795
vt 0.603730 0.400087
vt 0.608062 0.409211
vt 0.603746 0.409248
vt 0.760247 0.383395
vt 0.603894 0.418281
vt 0.608295 0.418184
vt 0.604052 0.427957
vt 0.608521 0.427876
vt 0.604153 0.437440
vt 0.608664 0.437396
vt 0.759928 0.410269
vt 0.755672 0.410195
vt 0.604186 0.447076
vt 0.608717 0.447076
vt 0.712372 0.428892
vt 0.711300 0.432741
vt 0.719088 0.435037
vt 0.718410 0.438527
vt 0.723852 0.437935
vt 0.722993 0.440108
vt 0.677927 0.377338
vt 0.679292 0.372178
vt 0.674274 0.366087
vt 0.677012 0.363158
vt 0.672252 0.355551
vt 0.675528 0.353561
vt 0.671268 0.346082
vt 0.674749 0.345201
vt 0.629965 0.435625
vt 0.631036 0.436482
vt 0.629258 0.436857
vt 0.627637 0.433680
vt 0.626365 0.432600
vt 0.627995 0.431833
vt 0.630437 0.433639
vt 0.628864 0.434705
vt 0.622998 0.447077
vt 0.621535 0.447077
vt 0.622044 0.445125
vt 0.626090 0.447077
vt 0.624466 0.447077
vt 0.630973 0.434599
vt 0.627774 0.447077
vt 0.679544 0.362986
vt 0.678079 0.353472
vt 0.677315 0.345189
vt 0.678181 0.453436
vt 0.679480 0.451274
vt 0.683194 0.451550
vt 0.683201 0.453888
vt 0.649264 0.548644
vt 0.649900 0.546453
vt 0.653188 0.549881
vt 0.653306 0.552254
vt 0.704678 0.464919
vt 0.706065 0.466806
vt 0.700704 0.473098
vt 0.699245 0.471277
vt 0.645623 0.545926
vt 0.646001 0.543691
vt 0.648197 0.452746
vt 0.647599 0.455460
vt 0.641089 0.453445
vt 0.640034 0.451782
vt 0.769239 0.545436
vt 0.762537 0.545521
vt 0.731151 0.552241
vt 0.730530 0.553927
vt 0.728674 0.553809
vt 0.728630 0.552013
vt 0.602580 0.548664
vt 0.595627 0.548838
vt 0.704101 0.479250
vt 0.702148 0.477445
vt 0.707325 0.471329
vt 0.709247 0.473170
vt 0.639809 0.544789
vt 0.639781 0.542575
vt 0.637078 0.456752
vt 0.639710 0.455783
vt 0.645682 0.459181
vt 0.644381 0.461385
vt 0.601536 0.484887
vt 0.601524 0.494069
vt 0.594567 0.494097
vt 0.594554 0.484863
vt 0.601588 0.503376
vt 0.594654 0.503451
vt 0.601704 0.512491
vt 0.594793 0.512604
vt 0.601867 0.456696
vt 0.594689 0.456664
vt 0.601884 0.521894
vt 0.594979 0.522041
vt 0.601788 0.466165
vt 0.594664 0.466106
vt 0.602093 0.530839
vt 0.595179 0.531008
vt 0.601659 0.475835
vt 0.594609 0.475767
vt 0.602322 0.539487
vt 0.595392 0.539667
vt 0.762246 0.501887
vt 0.762148 0.492800
vt 0.768906 0.492721
vt 0.768980 0.501831
vt 0.761499 0.456543
vt 0.768437 0.456493
vt 0.762321 0.510750
vt 0.769023 0.510708
vt 0.761622 0.465701
vt 0.768505 0.465604
vt 0.762373 0.519871
vt 0.769054 0.519838
vt 0.762417 0.528523
vt 0.769093 0.528486
vt 0.761816 0.475063
vt 0.768634 0.474936
vt 0.762465 0.536666
vt 0.769148 0.536613
vt 0.762015 0.483852
vt 0.768787 0.483740
vt 0.723630 0.553649
vt 0.725111 0.554811
vt 0.634503 0.545859
vt 0.634071 0.543606
vt 0.726122 0.552380
vt 0.726825 0.554033
vt 0.695515 0.480418
vt 0.694002 0.478665
vt 0.630568 0.548857
vt 0.629884 0.546650
vt 0.688206 0.453341
vt 0.686904 0.451209
vt 0.690522 0.449767
vt 0.693177 0.451142
vt 0.698925 0.487529
vt 0.696933 0.485807
vt 0.657412 0.548082
vt 0.654920 0.547812
vt 0.652726 0.544022
vt 0.653628 0.542014
vt 0.675848 0.449878
vt 0.673178 0.451282
vt 0.647082 0.539874
vt 0.647502 0.537559
vt 0.690532 0.488448
vt 0.688955 0.486708
vt 0.638956 0.538509
vt 0.638894 0.536230
vt 0.737333 0.448708
vt 0.735685 0.450035
vt 0.693737 0.496722
vt 0.691548 0.494923
vt 0.631362 0.540460
vt 0.630822 0.538155
vt 0.731705 0.456269
vt 0.733167 0.457375
vt 0.733223 0.459237
vt 0.731526 0.459512
vt 0.625892 0.545129
vt 0.624833 0.543048
vt 0.734760 0.455195
vt 0.734922 0.456987
vt 0.685258 0.497886
vt 0.685020 0.493900
vt 0.620732 0.549262
vt 0.623441 0.548539
vt 0.625436 0.550764
vt 0.625385 0.553216
vt 0.610274 0.503305
vt 0.608091 0.503320
vt 0.608045 0.494059
vt 0.610232 0.494056
vt 0.639837 0.553901
vt 0.639880 0.555668
vt 0.638116 0.555873
vt 0.637313 0.554269
vt 0.644957 0.555261
vt 0.643336 0.556398
vt 0.641649 0.555773
vt 0.642372 0.554132
vt 0.634796 0.555551
vt 0.636458 0.556597
vt 0.690449 0.547624
vt 0.692782 0.547549
vt 0.689589 0.539187
vt 0.691863 0.539080
vt 0.688515 0.530828
vt 0.690744 0.530689
vt 0.686788 0.522770
vt 0.689143 0.522528
vt 0.684513 0.515567
vt 0.684600 0.510980
vt 0.676226 0.495990
vt 0.677964 0.494000
vt 0.682693 0.503233
vt 0.679922 0.503392
vt 0.741912 0.550445
vt 0.741766 0.547854
vt 0.743323 0.545948
vt 0.745920 0.546289
vt 0.671527 0.487827
vt 0.673186 0.485867
vt 0.666970 0.481424
vt 0.668562 0.479383
vt 0.737993 0.546786
vt 0.738517 0.544349
vt 0.661575 0.475415
vt 0.663114 0.473295
vt 0.734380 0.544085
vt 0.734686 0.541617
vt 0.656526 0.470549
vt 0.658030 0.468386
vt 0.728590 0.542968
vt 0.728553 0.540516
vt 0.650682 0.465791
vt 0.652119 0.463560
vt 0.723310 0.544029
vt 0.722916 0.541540
vt 0.719459 0.547003
vt 0.717799 0.545633
vt 0.694292 0.515876
vt 0.691946 0.516292
vt 0.687371 0.505033
vt 0.690131 0.504939
vt 0.741298 0.542343
vt 0.742188 0.540336
vt 0.699999 0.547323
vt 0.697841 0.547285
vt 0.696434 0.535997
vt 0.698592 0.535903
vt 0.735741 0.538273
vt 0.736144 0.535995
vt 0.694980 0.526918
vt 0.697085 0.526705
vt 0.727741 0.536946
vt 0.727676 0.534700
vt 0.720281 0.538881
vt 0.719755 0.536617
vt 0.680798 0.491263
vt 0.682140 0.489165
vt 0.714890 0.543351
vt 0.713988 0.541395
vt 0.676548 0.483497
vt 0.677851 0.481403
vt 0.709772 0.547336
vt 0.712451 0.546994
vt 0.714443 0.548867
vt 0.714376 0.551410
vt 0.672072 0.477662
vt 0.673265 0.475497
vt 0.666795 0.471632
vt 0.667945 0.469422
vt 0.661363 0.465961
vt 0.662476 0.463682
vt 0.654633 0.460173
vt 0.655639 0.457766
vt 0.754069 0.528558
vt 0.756127 0.528551
vt 0.756159 0.536702
vt 0.754094 0.536708
vt 0.626441 0.451242
vt 0.625623 0.449398
vt 0.626799 0.448783
vt 0.628502 0.450125
vt 0.754029 0.519920
vt 0.756084 0.519908
vt 0.611038 0.539231
vt 0.608845 0.539300
vt 0.608594 0.530662
vt 0.610779 0.530598
vt 0.622443 0.451375
vt 0.623231 0.449525
vt 0.624452 0.449582
vt 0.624500 0.451580
vt 0.629519 0.463686
vt 0.628939 0.461963
vt 0.629846 0.461305
vt 0.631015 0.462637
vt 0.624993 0.457801
vt 0.626553 0.458787
vt 0.625838 0.459876
vt 0.623801 0.459875
vt 0.753958 0.510834
vt 0.756017 0.510810
vt 0.756178 0.545582
vt 0.754089 0.545597
vt 0.627847 0.455734
vt 0.628315 0.457515
vt 0.627413 0.457976
vt 0.626345 0.456437
vt 0.668533 0.548062
vt 0.669556 0.538510
vt 0.671613 0.527880
vt 0.675145 0.516500
vt 0.611370 0.548413
vt 0.610546 0.521700
vt 0.610357 0.512366
vt 0.681807 0.522343
vt 0.733713 0.553358
vt 0.753835 0.501989
vt 0.753721 0.492909
vt 0.753613 0.484006
vt 0.610236 0.484966
vt 0.726303 0.456440
vt 0.724229 0.452232
vt 0.736321 0.455490
vt 0.737687 0.451120
vt 0.739574 0.451447
vt 0.737787 0.456172
vt 0.739103 0.457499
vt 0.741575 0.451248
vt 0.743522 0.450226
vt 0.740255 0.459525
vt 0.752752 0.456657
vt 0.752957 0.465909
vt 0.753277 0.475323
vt 0.739131 0.462328
vt 0.736458 0.463840
vt 0.720829 0.461068
vt 0.732294 0.461072
vt 0.714241 0.467165
vt 0.733230 0.462272
vt 0.734705 0.463280
vt 0.632592 0.456492
vt 0.629445 0.455423
vt 0.620432 0.450319
vt 0.610961 0.456784
vt 0.610790 0.466328
vt 0.610519 0.476034
vt 0.624964 0.462763
vt 0.627740 0.464299
vt 0.632743 0.459819
vt 0.631957 0.461408
vt 0.717472 0.453248
vt 0.709972 0.459424
vt 0.760171 0.501908
vt 0.755909 0.501961
vt 0.755798 0.492882
vt 0.760067 0.492827
vt 0.604283 0.530782
vt 0.604520 0.539427
vt 0.759350 0.456565
vt 0.754919 0.456624
vt 0.760401 0.536680
vt 0.760359 0.528534
vt 0.760463 0.545546
vt 0.609152 0.548481
vt 0.604789 0.548605
vt 0.760315 0.519882
vt 0.759713 0.475113
vt 0.755380 0.475244
vt 0.755099 0.465848
vt 0.759493 0.465742
vt 0.732276 0.554602
vt 0.735863 0.457197
vt 0.734227 0.458217
vt 0.735269 0.461633
vt 0.736550 0.460141
vt 0.737819 0.461207
vt 0.736214 0.461973
vt 0.733759 0.460198
vt 0.735325 0.459127
vt 0.734354 0.460986
vt 0.737624 0.458463
vt 0.736765 0.457654
vt 0.740807 0.449433
vt 0.741963 0.448948
vt 0.738478 0.449310
vt 0.739618 0.449489
vt 0.738327 0.459548
vt 0.604069 0.521847
vt 0.608370 0.521750
vt 0.603890 0.512457
vt 0.608184 0.512396
vt 0.603780 0.503356
vt 0.603723 0.494064
vt 0.603741 0.484903
vt 0.608057 0.484941
vt 0.760256 0.510767
vt 0.603890 0.475870
vt 0.608291 0.475968
vt 0.604050 0.466195
vt 0.608518 0.466277
vt 0.604152 0.456711
vt 0.608662 0.456756
vt 0.755676 0.483964
vt 0.759932 0.483890
vt 0.711300 0.461420
vt 0.712372 0.465269
vt 0.718410 0.455634
vt 0.719088 0.459123
vt 0.722993 0.454053
vt 0.723852 0.456226
vt 0.679286 0.521989
vt 0.677920 0.516828
vt 0.677004 0.531011
vt 0.674266 0.528081
vt 0.675518 0.540610
vt 0.672242 0.538619
vt 0.674737 0.548971
vt 0.671254 0.548088
vt 0.629257 0.457298
vt 0.631035 0.457673
vt 0.629964 0.458530
vt 0.627993 0.462322
vt 0.626363 0.461555
vt 0.627635 0.460475
vt 0.630435 0.460516
vt 0.628862 0.459449
vt 0.622044 0.449029
vt 0.630971 0.459557
vt 0.679536 0.531184
vt 0.678069 0.540699
vt 0.677303 0.548984
vt 0.696722 0.015028
vt 0.698212 0.012863
vt 0.702077 0.013473
vt 0.701856 0.015883
vt 0.659698 0.107838
vt 0.660533 0.105717
vt 0.663498 0.109432
vt 0.663401 0.111815
vt 0.722226 0.029449
vt 0.723423 0.031448
vt 0.717539 0.037219
vt 0.716250 0.035278
vt 0.656331 0.104805
vt 0.656907 0.102620
vt 0.666972 0.012557
vt 0.666160 0.015136
vt 0.660000 0.012590
vt 0.659134 0.010882
vt 0.779338 0.115027
vt 0.778702 0.124314
vt 0.772020 0.123887
vt 0.772659 0.114540
vt 0.740830 0.118460
vt 0.740074 0.120062
vt 0.738256 0.119788
vt 0.738365 0.118017
vt 0.613268 0.103746
vt 0.612638 0.113429
vt 0.605693 0.112963
vt 0.606330 0.103302
vt 0.720385 0.043640
vt 0.718596 0.041674
vt 0.724267 0.036044
vt 0.726013 0.038032
vt 0.650662 0.103158
vt 0.650830 0.100957
vt 0.655791 0.015420
vt 0.658447 0.014725
vt 0.663965 0.018579
vt 0.662498 0.020610
vt 0.617875 0.040215
vt 0.617063 0.049331
vt 0.610155 0.048746
vt 0.610954 0.039589
vt 0.616304 0.058585
vt 0.609407 0.058043
vt 0.615610 0.067660
vt 0.608725 0.067156
vt 0.621062 0.002823
vt 0.620426 0.012299
vt 0.613347 0.011769
vt 0.613993 0.002349
vt 0.614952 0.077033
vt 0.608066 0.076564
vt 0.619662 0.021664
vt 0.612625 0.021061
vt 0.614365 0.085955
vt 0.607467 0.085509
vt 0.618761 0.031242
vt 0.611786 0.030592
vt 0.613825 0.094587
vt 0.606909 0.094150
vt 0.776076 0.071076
vt 0.776743 0.062033
vt 0.783466 0.062520
vt 0.782780 0.071586
vt 0.779257 0.026030
vt 0.780132 0.016752
vt 0.786956 0.017386
vt 0.786098 0.026628
vt 0.775404 0.079901
vt 0.782078 0.080425
vt 0.778537 0.035090
vt 0.785348 0.035606
vt 0.774683 0.088984
vt 0.781338 0.089518
vt 0.773991 0.097603
vt 0.780641 0.098135
vt 0.777913 0.044387
vt 0.784678 0.044845
vt 0.773344 0.105716
vt 0.780003 0.106234
vt 0.777364 0.053130
vt 0.784094 0.053588
vt 0.733319 0.119225
vt 0.734668 0.120472
vt 0.733999 0.121446
vt 0.732273 0.121335
vt 0.645303 0.103756
vt 0.645068 0.101481
vt 0.735862 0.118169
vt 0.736415 0.119851
vt 0.711724 0.044053
vt 0.710371 0.042171
vt 0.641137 0.106402
vt 0.640642 0.104147
vt 0.707044 0.015913
vt 0.705982 0.013539
vt 0.709950 0.012560
vt 0.712393 0.014388
vt 0.714502 0.051456
vt 0.712664 0.049560
vt 0.667869 0.108018
vt 0.665410 0.107525
vt 0.663565 0.103553
vt 0.664643 0.101636
vt 0.689879 0.008421
vt 0.693045 0.008171
vt 0.694472 0.011203
vt 0.691701 0.012581
vt 0.658323 0.098923
vt 0.658947 0.096660
vt 0.706036 0.051621
vt 0.704617 0.049744
vt 0.650370 0.096845
vt 0.650509 0.094574
vt 0.751414 0.014685
vt 0.753422 0.013674
vt 0.754838 0.015434
vt 0.753299 0.017042
vt 0.708492 0.060158
vt 0.706471 0.058168
vt 0.642649 0.098117
vt 0.642313 0.095777
vt 0.749366 0.023262
vt 0.750718 0.024388
vt 0.750671 0.026219
vt 0.748992 0.026389
vt 0.636795 0.102288
vt 0.635923 0.100123
vt 0.752358 0.022274
vt 0.752463 0.024073
vt 0.699937 0.060562
vt 0.700052 0.056570
vt 0.631288 0.105957
vt 0.634054 0.105474
vt 0.635849 0.107869
vt 0.635584 0.110319
vt 0.624947 0.059282
vt 0.622774 0.059105
vt 0.623544 0.049892
vt 0.625718 0.050080
vt 0.649890 0.112168
vt 0.649778 0.113910
vt 0.648024 0.113959
vt 0.647371 0.112315
vt 0.654795 0.113981
vt 0.653107 0.114936
vt 0.651509 0.114169
vt 0.652367 0.112622
vt 0.644797 0.113380
vt 0.646335 0.114532
vt 0.645632 0.115640
vt 0.643716 0.115512
vt 0.700764 0.110443
vt 0.703090 0.110571
vt 0.702843 0.119425
vt 0.700371 0.119264
vt 0.700643 0.101983
vt 0.702912 0.102075
vt 0.700301 0.093584
vt 0.702528 0.093640
vt 0.699285 0.085430
vt 0.701646 0.085394
vt 0.697652 0.078077
vt 0.698138 0.073530
vt 0.691093 0.057886
vt 0.692999 0.056050
vt 0.696914 0.065663
vt 0.694141 0.065583
vt 0.751684 0.117690
vt 0.751766 0.115087
vt 0.753485 0.113322
vt 0.756044 0.113889
vt 0.687094 0.049322
vt 0.688928 0.047504
vt 0.683103 0.042501
vt 0.684878 0.040599
vt 0.748097 0.113684
vt 0.748836 0.111307
vt 0.678243 0.036011
vt 0.679967 0.034028
vt 0.744747 0.110680
vt 0.745267 0.108255
vt 0.673645 0.030719
vt 0.675325 0.028702
vt 0.739097 0.109070
vt 0.739270 0.106633
vt 0.668289 0.025498
vt 0.669898 0.023430
vt 0.733768 0.109677
vt 0.733585 0.107172
vt 0.729697 0.112314
vt 0.728155 0.110813
vt 0.707336 0.079237
vt 0.704972 0.079446
vt 0.701412 0.067864
vt 0.704165 0.068016
vt 0.751781 0.109553
vt 0.752840 0.107633
vt 0.710283 0.110976
vt 0.708140 0.110751
vt 0.707722 0.099406
vt 0.709875 0.099499
vt 0.746605 0.105022
vt 0.747203 0.102792
vt 0.707063 0.090260
vt 0.709172 0.090230
vt 0.738768 0.103017
vt 0.738895 0.100779
vt 0.731191 0.104306
vt 0.730860 0.102011
vt 0.696069 0.053566
vt 0.697594 0.051589
vt 0.725450 0.108298
vt 0.724717 0.106274
vt 0.692504 0.045428
vt 0.693994 0.043449
vt 0.720007 0.111835
vt 0.722709 0.111721
vt 0.724536 0.113759
vt 0.724253 0.116296
vt 0.688545 0.039188
vt 0.689933 0.037126
vt 0.683794 0.032677
vt 0.685136 0.030556
vt 0.678835 0.026567
vt 0.680121 0.024390
vt 0.672656 0.020318
vt 0.673838 0.018039
vt 0.765676 0.096926
vt 0.767726 0.097095
vt 0.767061 0.105214
vt 0.765004 0.105043
vt 0.646164 0.008388
vt 0.645699 0.006182
vt 0.647213 0.005806
vt 0.648524 0.007700
vt 0.766374 0.088324
vt 0.768420 0.088487
vt 0.622526 0.095105
vt 0.620336 0.094978
vt 0.620852 0.086356
vt 0.623033 0.086486
vt 0.641777 0.007912
vt 0.642876 0.005898
vt 0.644299 0.006162
vt 0.644006 0.008407
vt 0.647651 0.021461
vt 0.647247 0.019684
vt 0.648220 0.019124
vt 0.649242 0.020570
vt 0.643718 0.015033
vt 0.645198 0.016225
vt 0.644349 0.017253
vt 0.642264 0.017038
vt 0.767076 0.079276
vt 0.769127 0.079427
vt 0.766323 0.114058
vt 0.764241 0.113895
vt 0.646906 0.013293
vt 0.647135 0.015157
vt 0.646167 0.015507
vt 0.645276 0.013800
vt 0.655545 0.116301
vt 0.678940 0.108973
vt 0.680791 0.099566
vt 0.683765 0.089183
vt 0.688266 0.078190
vt 0.622040 0.104278
vt 0.623589 0.077608
vt 0.678163 0.117803
vt 0.621414 0.114018
vt 0.624228 0.068304
vt 0.694374 0.084573
vt 0.743977 0.122089
vt 0.743240 0.119795
vt 0.763591 0.123347
vt 0.709947 0.119889
vt 0.767704 0.070468
vt 0.768358 0.061430
vt 0.769003 0.052572
vt 0.626514 0.041040
vt 0.744108 0.023037
vt 0.742419 0.018807
vt 0.753923 0.022612
vt 0.755424 0.018075
vt 0.757469 0.018441
vt 0.755395 0.023359
vt 0.756678 0.024788
vt 0.759667 0.018329
vt 0.761838 0.017429
vt 0.757729 0.026944
vt 0.771578 0.015887
vt 0.770595 0.025273
vt 0.763571 0.014458
vt 0.769919 0.034507
vt 0.769409 0.043905
vt 0.756370 0.029701
vt 0.753576 0.031015
vt 0.738415 0.027108
vt 0.749642 0.027970
vt 0.731450 0.032531
vt 0.750482 0.029220
vt 0.751872 0.030326
vt 0.651451 0.014724
vt 0.650884 0.005606
vt 0.648558 0.013215
vt 0.639706 0.006613
vt 0.638433 0.003273
vt 0.629462 0.012969
vt 0.630024 0.003380
vt 0.628604 0.022509
vt 0.627551 0.032167
vt 0.643174 0.020089
vt 0.645814 0.021899
vt 0.651240 0.017969
vt 0.650299 0.019450
vt 0.735796 0.019263
vt 0.714945 0.010824
vt 0.727951 0.024572
vt 0.774011 0.070923
vt 0.769768 0.070615
vt 0.770424 0.061579
vt 0.774672 0.061884
vt 0.616550 0.086093
vt 0.616018 0.094721
vt 0.777137 0.025846
vt 0.772746 0.025463
vt 0.773696 0.016112
vt 0.778022 0.016550
vt 0.771288 0.105553
vt 0.771940 0.097438
vt 0.770591 0.114387
vt 0.769946 0.123754
vt 0.765679 0.123481
vt 0.619826 0.104148
vt 0.619200 0.113870
vt 0.614844 0.113577
vt 0.615472 0.103883
vt 0.772633 0.088821
vt 0.775822 0.044255
vt 0.771507 0.044010
vt 0.772056 0.034643
vt 0.776425 0.034938
vt 0.702557 0.008711
vt 0.707291 0.009252
vt 0.697791 0.008327
vt 0.741729 0.120877
vt 0.742256 0.121978
vt 0.740252 0.121849
vt 0.738119 0.121712
vt 0.735987 0.121575
vt 0.753397 0.024322
vt 0.751719 0.025266
vt 0.752549 0.028726
vt 0.753929 0.027319
vt 0.755132 0.028476
vt 0.753468 0.029131
vt 0.751143 0.027201
vt 0.752763 0.026230
vt 0.751683 0.028020
vt 0.755113 0.025689
vt 0.754285 0.024824
vt 0.758946 0.016221
vt 0.759455 0.013319
vt 0.761375 0.013576
vt 0.760336 0.015777
vt 0.756215 0.016037
vt 0.755493 0.013347
vt 0.757568 0.013244
vt 0.757550 0.016244
vt 0.711923 0.009991
vt 0.755759 0.026834
vt 0.617131 0.077180
vt 0.621419 0.077465
vt 0.617787 0.067820
vt 0.622064 0.068141
vt 0.618485 0.058759
vt 0.619248 0.049519
vt 0.620063 0.040420
vt 0.624349 0.040827
vt 0.773348 0.079743
vt 0.620973 0.031460
vt 0.625338 0.031918
vt 0.621903 0.021865
vt 0.626342 0.022284
vt 0.622685 0.012468
vt 0.627171 0.012801
vt 0.771056 0.052706
vt 0.775291 0.052992
vt 0.623317 0.002970
vt 0.627758 0.003247
vt 0.707934 0.119757
vt 0.729067 0.026642
vt 0.729776 0.030508
vt 0.736506 0.021642
vt 0.736878 0.025077
vt 0.741080 0.020471
vt 0.741742 0.022641
vt 0.691900 0.084001
vt 0.690994 0.078758
vt 0.688848 0.092764
vt 0.686383 0.089614
vt 0.686533 0.102173
vt 0.683451 0.099908
vt 0.685028 0.110416
vt 0.681643 0.109236
vt 0.684462 0.118219
vt 0.680853 0.117980
vt 0.648107 0.015063
vt 0.649811 0.015668
vt 0.648652 0.016380
vt 0.646265 0.019945
vt 0.644705 0.019008
vt 0.646101 0.018055
vt 0.648891 0.018404
vt 0.647446 0.017165
vt 0.641531 0.005208
vt 0.640835 0.002739
vt 0.642854 0.002801
vt 0.644804 0.003048
vt 0.646918 0.003512
vt 0.649530 0.017513
vt 0.648995 0.004215
vt 0.653643 0.116174
vt 0.651672 0.116043
vt 0.649632 0.115907
vt 0.647593 0.115771
vt 0.691348 0.093157
vt 0.689061 0.102485
vt 0.687578 0.110653
vt 0.687007 0.118386
vt 0.683250 0.221561
vt 0.688285 0.221329
vt 0.688175 0.223664
vt 0.684453 0.223777
vt 0.658541 0.125240
vt 0.662738 0.121788
vt 0.662519 0.124163
vt 0.659087 0.127454
vt 0.710218 0.211248
vt 0.705069 0.204661
vt 0.706604 0.202905
vt 0.711685 0.209423
vt 0.654800 0.127801
vt 0.655081 0.130045
vt 0.653269 0.220937
vt 0.645074 0.221542
vt 0.646200 0.219927
vt 0.652791 0.218199
vt 0.778151 0.133607
vt 0.771462 0.133239
vt 0.740390 0.125286
vt 0.737889 0.125409
vt 0.738008 0.123637
vt 0.739847 0.123599
vt 0.611968 0.123111
vt 0.605032 0.122622
vt 0.710265 0.196909
vt 0.715140 0.203206
vt 0.713140 0.204960
vt 0.708237 0.198627
vt 0.648959 0.128682
vt 0.648834 0.130887
vt 0.642339 0.216448
vt 0.649837 0.212140
vt 0.651040 0.214399
vt 0.644925 0.217531
vt 0.608070 0.186777
vt 0.601093 0.186493
vt 0.601513 0.177268
vt 0.608463 0.177603
vt 0.602015 0.167925
vt 0.608940 0.168308
vt 0.602561 0.158785
vt 0.609462 0.159207
vt 0.599986 0.214674
vt 0.607160 0.214958
vt 0.603171 0.149363
vt 0.610063 0.149820
vt 0.600377 0.205239
vt 0.607497 0.205494
vt 0.603776 0.140412
vt 0.610675 0.140894
vt 0.600746 0.195585
vt 0.607794 0.195827
vt 0.604381 0.131771
vt 0.611295 0.132264
vt 0.769322 0.176815
vt 0.776048 0.177160
vt 0.775583 0.186259
vt 0.768834 0.185889
vt 0.766615 0.222086
vt 0.773544 0.222437
vt 0.769777 0.167964
vt 0.776471 0.168291
vt 0.767135 0.212941
vt 0.774008 0.213337
vt 0.770217 0.158854
vt 0.776890 0.159171
vt 0.770627 0.150212
vt 0.777294 0.150531
vt 0.767735 0.203596
vt 0.774542 0.204018
vt 0.771018 0.142080
vt 0.777690 0.142414
vt 0.768315 0.194824
vt 0.775076 0.195228
vt 0.733039 0.123562
vt 0.734537 0.122499
vt 0.643725 0.127376
vt 0.643189 0.129600
vt 0.735426 0.124936
vt 0.736190 0.123339
vt 0.700154 0.197053
vt 0.701742 0.195369
vt 0.639948 0.124198
vt 0.639156 0.126368
vt 0.693260 0.222094
vt 0.698129 0.224507
vt 0.695417 0.225765
vt 0.691866 0.224166
vt 0.705457 0.188416
vt 0.703392 0.190049
vt 0.666666 0.126143
vt 0.662622 0.132045
vt 0.661807 0.130001
vt 0.664162 0.126307
vt 0.678159 0.223494
vt 0.680765 0.225013
vt 0.656314 0.136226
vt 0.655995 0.133898
vt 0.695464 0.188801
vt 0.697115 0.187133
vt 0.647666 0.137175
vt 0.647830 0.134904
vt 0.740542 0.227465
vt 0.742131 0.228863
vt 0.700677 0.179011
vt 0.698412 0.180711
vt 0.639698 0.134889
vt 0.640342 0.132614
vt 0.736838 0.221065
vt 0.736800 0.217817
vt 0.738483 0.218166
vt 0.738347 0.220023
vt 0.633941 0.129728
vt 0.635095 0.127697
vt 0.739843 0.222271
vt 0.740082 0.220487
vt 0.691850 0.181448
vt 0.692261 0.177479
vt 0.630124 0.123326
vt 0.634965 0.119575
vt 0.634901 0.122039
vt 0.632802 0.124173
vt 0.617613 0.168765
vt 0.617162 0.178002
vt 0.614978 0.177902
vt 0.615433 0.168652
vt 0.649391 0.119646
vt 0.646913 0.119167
vt 0.647780 0.117624
vt 0.649512 0.117905
vt 0.654494 0.118501
vt 0.651906 0.119526
vt 0.651262 0.117878
vt 0.652948 0.117330
vt 0.644504 0.117768
vt 0.646181 0.116831
vt 0.699611 0.128062
vt 0.701935 0.128238
vt 0.698387 0.136441
vt 0.700651 0.136646
vt 0.696951 0.144736
vt 0.699169 0.144971
vt 0.694875 0.152703
vt 0.697215 0.153047
vt 0.692290 0.159793
vt 0.692176 0.164376
vt 0.683160 0.178977
vt 0.687174 0.171748
vt 0.689933 0.172028
vt 0.684808 0.181039
vt 0.751058 0.127438
vt 0.754898 0.131766
vt 0.752286 0.132001
vt 0.750806 0.130031
vt 0.678110 0.186921
vt 0.679681 0.188952
vt 0.673278 0.193116
vt 0.674778 0.195225
vt 0.746987 0.130953
vt 0.747416 0.133406
vt 0.667627 0.198881
vt 0.669071 0.201066
vt 0.743279 0.133505
vt 0.743485 0.135978
vt 0.662370 0.203520
vt 0.663777 0.205747
vt 0.737467 0.134378
vt 0.737326 0.136819
vt 0.656324 0.208016
vt 0.657662 0.210307
vt 0.732257 0.133091
vt 0.731753 0.135553
vt 0.728557 0.129950
vt 0.726834 0.131241
vt 0.702064 0.159912
vt 0.697434 0.170649
vt 0.694683 0.170435
vt 0.699741 0.159395
vt 0.750920 0.137564
vt 0.750114 0.135523
vt 0.709123 0.128772
vt 0.707228 0.140110
vt 0.705078 0.139923
vt 0.706969 0.128717
vt 0.744706 0.141647
vt 0.744399 0.139357
vt 0.705324 0.149224
vt 0.703233 0.148920
vt 0.736202 0.142582
vt 0.736363 0.140344
vt 0.728383 0.140324
vt 0.729008 0.138089
vt 0.688766 0.186050
vt 0.687518 0.183896
vt 0.722838 0.135301
vt 0.723825 0.133387
vt 0.684144 0.193614
vt 0.682934 0.191466
vt 0.718883 0.129176
vt 0.723670 0.125298
vt 0.723623 0.127852
vt 0.721548 0.129637
vt 0.679305 0.199312
vt 0.678209 0.197096
vt 0.673726 0.205146
vt 0.672674 0.202888
vt 0.668012 0.210639
vt 0.667000 0.208315
vt 0.660924 0.216249
vt 0.660024 0.213801
vt 0.762289 0.149825
vt 0.762658 0.141686
vt 0.764721 0.141778
vt 0.764345 0.149919
vt 0.631471 0.221486
vt 0.633481 0.222692
vt 0.631721 0.223958
vt 0.630573 0.223292
vt 0.761884 0.158451
vt 0.763937 0.158551
vt 0.619990 0.132913
vt 0.619341 0.141526
vt 0.617162 0.141364
vt 0.617802 0.132746
vt 0.627482 0.221178
vt 0.629547 0.221063
vt 0.629411 0.223057
vt 0.628189 0.223061
vt 0.635092 0.209190
vt 0.636540 0.210303
vt 0.635314 0.211582
vt 0.634437 0.210885
vt 0.630312 0.214870
vt 0.629212 0.212745
vt 0.631248 0.212834
vt 0.631914 0.213953
vt 0.761427 0.167523
vt 0.763483 0.167635
vt 0.763030 0.132806
vt 0.765116 0.132910
vt 0.633073 0.217060
vt 0.631603 0.216292
vt 0.632737 0.214801
vt 0.633618 0.215301
vt 0.677771 0.126659
vt 0.678367 0.136238
vt 0.679952 0.146938
vt 0.682979 0.158453
vt 0.620733 0.123756
vt 0.618707 0.150404
vt 0.618100 0.159718
vt 0.689885 0.152911
vt 0.742952 0.124270
vt 0.760925 0.176353
vt 0.760420 0.185417
vt 0.759927 0.194307
vt 0.616765 0.187082
vt 0.731448 0.220659
vt 0.729194 0.224771
vt 0.741415 0.222043
vt 0.742589 0.226469
vt 0.742909 0.221426
vt 0.744489 0.226224
vt 0.744281 0.220158
vt 0.746479 0.226510
vt 0.745520 0.218184
vt 0.748380 0.227616
vt 0.757881 0.221592
vt 0.758487 0.212358
vt 0.744519 0.215335
vt 0.759215 0.202967
vt 0.741914 0.213708
vt 0.726182 0.215797
vt 0.737635 0.216293
vt 0.719867 0.209421
vt 0.738622 0.215134
vt 0.740140 0.214191
vt 0.637846 0.216511
vt 0.634655 0.217440
vt 0.625427 0.222144
vt 0.616249 0.215269
vt 0.616498 0.205727
vt 0.616654 0.196019
vt 0.630501 0.209912
vt 0.633341 0.208499
vt 0.638142 0.213195
vt 0.637427 0.211572
vt 0.722489 0.223463
vt 0.715266 0.216967
vt 0.767251 0.176705
vt 0.766756 0.185773
vt 0.762493 0.185533
vt 0.762995 0.176470
vt 0.612861 0.141049
vt 0.613487 0.132424
vt 0.764469 0.221971
vt 0.760044 0.221719
vt 0.768957 0.141980
vt 0.768571 0.150115
vt 0.769392 0.133128
vt 0.618522 0.123588
vt 0.614170 0.123269
vt 0.768161 0.158756
vt 0.765636 0.203455
vt 0.765009 0.212808
vt 0.760625 0.212511
vt 0.761313 0.203136
vt 0.741592 0.123003
vt 0.741031 0.220318
vt 0.739442 0.219228
vt 0.740631 0.215861
vt 0.741590 0.215563
vt 0.743160 0.216398
vt 0.741846 0.217407
vt 0.739060 0.217229
vt 0.739689 0.216468
vt 0.740579 0.218367
vt 0.742846 0.219131
vt 0.741953 0.219901
vt 0.745633 0.228289
vt 0.746767 0.228824
vt 0.743301 0.228311
vt 0.744448 0.228181
vt 0.743595 0.218077
vt 0.612244 0.149966
vt 0.616536 0.150256
vt 0.611644 0.159339
vt 0.615931 0.159591
vt 0.611129 0.168425
vt 0.610660 0.177706
vt 0.614587 0.187011
vt 0.610273 0.186858
vt 0.767715 0.167859
vt 0.610024 0.195890
vt 0.614425 0.195986
vt 0.609758 0.205564
vt 0.614226 0.205678
vt 0.609443 0.215043
vt 0.613952 0.215197
vt 0.766235 0.194696
vt 0.761986 0.194437
vt 0.717918 0.211233
vt 0.716680 0.215031
vt 0.724359 0.217664
vt 0.723530 0.221121
vt 0.728991 0.220766
vt 0.728039 0.222899
vt 0.685764 0.158246
vt 0.687353 0.153154
vt 0.682609 0.146854
vt 0.685471 0.144050
vt 0.681053 0.136248
vt 0.684409 0.134406
vt 0.680486 0.126755
vt 0.683999 0.126030
vt 0.635310 0.214360
vt 0.636342 0.215263
vt 0.634550 0.215560
vt 0.633069 0.212315
vt 0.631846 0.211180
vt 0.633508 0.210485
vt 0.635868 0.212396
vt 0.634250 0.213393
vt 0.626981 0.223503
vt 0.636362 0.213378
vt 0.688005 0.143988
vt 0.686959 0.134428
vt 0.686559 0.126130
vn 0.3909 -0.0946 0.9155
vn 0.4375 0.0030 0.8992
vn 0.4732 0.0035 0.8809
vn 0.4644 -0.0856 0.8815
vn 0.3752 -0.4203 0.8261
vn 0.2284 -0.0132 0.9734
vn 0.6173 -0.0717 0.7834
vn 0.3498 -0.3388 0.8734
vn -0.3318 -0.3610 0.8715
vn -0.3049 -0.3867 0.8703
vn -0.3140 -0.4101 0.8563
vn -0.3393 -0.3750 0.8627
vn 0.4729 -0.2446 0.8464
vn 0.3812 -0.1620 0.9102
vn -0.3791 0.2523 0.8903
vn -0.2182 -0.0672 0.9736
vn -0.5143 -0.0997 0.8518
vn -0.3874 0.2627 0.8837
vn 0.0000 1.0000 0.0000
vn 0.0000 0.5797 0.8148
vn -0.4816 0.1059 0.8699
vn -0.5155 -0.0036 0.8569
vn -0.5532 -0.0041 0.8330
vn -0.5496 0.1111 0.8280
vn 0.0000 -0.5847 0.8112
vn 0.0000 -1.0000 0.0000
vn 0.2460 0.3435 0.9063
vn 0.2580 0.3076 0.9158
vn 0.2602 0.3107 0.9142
vn 0.2297 0.3129 0.9216
vn 0.4952 -0.0100 0.8687
vn 0.4131 -0.0073 0.9106
vn 0.0604 -0.1804 0.9817
vn 0.3384 -0.2320 0.9119
vn 0.3298 -0.2255 0.9167
vn 0.0436 -0.4942 0.8682
vn 0.0000 0.5796 0.8148
vn -0.3106 -0.2756 0.9097
vn 0.0000 -0.3797 0.9251
vn 0.0000 -0.6205 0.7842
vn -0.4477 -0.3766 0.8110
vn 0.4789 0.2255 0.8484
vn 0.3832 0.1484 0.9116
vn -0.4811 -0.1123 0.8694
vn -0.5484 -0.1189 0.8277
vn -0.2800 -0.4196 0.8634
vn -0.2841 -0.4355 0.8542
vn 0.3916 0.3733 0.8410
vn 0.3687 0.3186 0.8732
vn 0.3909 0.0998 0.9150
vn 0.1974 0.2011 0.9594
vn 0.3611 0.2645 0.8942
vn 0.4636 0.0924 0.8812
vn 0.2072 0.3616 0.9090
vn 0.2036 0.3503 0.9142
vn 0.0238 0.3092 0.9507
vn -0.3537 0.3481 0.8682
vn -0.3806 0.4394 0.8136
vn 0.0759 0.6391 0.7654
vn 0.1100 -0.2323 0.9664
vn 0.1904 -0.1973 0.9617
vn 0.3591 -0.2658 0.8946
vn 0.1831 -0.3867 0.9038
vn -0.3970 0.1619 0.9034
vn -0.4943 0.2431 0.8346
vn -0.2418 -0.4339 0.8679
vn -0.2424 -0.4594 0.8545
vn -0.4258 -0.0112 0.9048
vn -0.5202 -0.0158 0.8539
vn 0.1983 -0.3629 0.9105
vn 0.3225 -0.3369 0.8845
vn 0.4333 -0.4209 0.7969
vn 0.3165 -0.5790 0.7514
vn 0.1880 0.3946 0.8994
vn 0.1825 0.3701 0.9109
vn -0.3946 -0.1822 0.9006
vn -0.4843 -0.2692 0.8324
vn -0.2268 -0.2508 0.9411
vn 0.1253 -0.5312 0.8379
vn 0.1683 -0.6432 0.7469
vn -0.4677 -0.5220 0.7132
vn -0.3629 -0.3547 0.8616
vn -0.3790 -0.4091 0.8300
vn -0.5511 0.0516 0.8328
vn -0.6506 0.0745 0.7557
vn -0.4891 0.0133 0.8721
vn -0.0929 -0.0051 0.9956
vn 0.0231 -0.2485 0.9684
vn 0.2289 0.0070 0.9734
vn 0.5816 0.0249 0.8131
vn -0.0163 -0.5852 0.8107
vn 0.0000 0.5529 0.8332
vn -0.5330 -0.0037 0.8461
vn -0.4932 -0.1181 0.8618
vn -0.5635 -0.1185 0.8176
vn -0.5709 -0.0042 0.8210
vn -0.2810 0.2728 0.9201
vn -0.4939 0.1115 0.8623
vn -0.5647 0.1104 0.8178
vn -0.4497 0.3681 0.8137
vn -0.2895 -0.2763 0.9164
vn 0.0000 -0.3500 0.9367
vn 0.0000 -0.5710 0.8209
vn -0.4518 -0.3642 0.8144
vn 0.0309 -0.4836 0.8747
vn 0.0000 -0.4668 0.8844
vn 0.0000 -0.4501 0.8929
vn 0.0293 -0.4702 0.8820
vn 0.0496 -0.4981 0.8657
vn 0.0487 -0.4934 0.8684
vn 0.0750 -0.5050 0.8598
vn 0.0700 -0.4883 0.8698
vn 0.1152 -0.5089 0.8530
vn 0.1068 -0.4895 0.8654
vn 0.3965 -0.0981 0.9128
vn 0.0569 -0.0013 0.9984
vn 0.2071 -0.4096 0.8884
vn 0.0318 -0.5152 0.8564
vn 0.0158 -0.3388 0.9407
vn 0.2047 -0.3954 0.8954
vn 0.1916 -0.0105 0.9814
vn 0.0253 0.2712 0.9622
vn 0.0476 0.5879 0.8075
vn 0.5471 -0.0684 0.8342
vn 0.2314 -0.3875 0.8923
vn 0.2253 -0.3595 0.9055
vn 0.2669 -0.3499 0.8979
vn 0.2564 -0.3245 0.9104
vn 0.3405 -0.3874 0.8567
vn 0.3151 -0.3015 0.8999
vn 0.2933 -0.3131 0.9033
vn 0.2834 -0.2971 0.9118
vn 0.4192 -0.2215 0.8804
vn 0.3325 -0.1393 0.9327
vn 0.3148 -0.2849 0.9054
vn 0.3032 -0.2709 0.9136
vn 0.4331 -0.0089 0.9012
vn 0.3572 -0.0063 0.9340
vn 0.3321 -0.2577 0.9073
vn 0.3213 -0.2477 0.9140
vn 0.4350 0.2229 0.8724
vn 0.3344 0.1338 0.9329
vn 0.3728 0.3443 0.8616
vn 0.3402 0.3258 0.8821
vn -0.1305 0.4698 0.8731
vn 0.0131 0.5222 0.8527
vn 0.0003 0.3500 0.9367
vn -0.1464 0.4985 0.8544
vn -0.3452 0.3436 0.8734
vn -0.3684 0.4358 0.8212
vn -0.0404 0.5624 0.8259
vn -0.0642 0.5514 0.8318
vn -0.0654 0.5557 0.8287
vn -0.0439 0.5768 0.8157
vn -0.3957 0.1613 0.9041
vn -0.4928 0.2426 0.8356
vn -0.0863 0.5288 0.8443
vn -0.0918 0.5448 0.8335
vn -0.4242 -0.0112 0.9055
vn -0.5185 -0.0157 0.8549
vn -0.3934 -0.1816 0.9012
vn -0.4830 -0.2686 0.8334
vn -0.2387 0.4629 0.8537
vn -0.2372 0.4602 0.8556
vn -0.3636 -0.3544 0.8614
vn -0.3801 -0.4085 0.8298
vn -0.2659 0.4022 0.8760
vn -0.2716 0.4568 0.8470
vn 0.0131 -0.2620 0.9650
vn 0.2283 0.0065 0.9735
vn 0.5716 0.0387 0.8195
vn 0.0577 -0.6063 0.7931
vn -0.3032 0.3717 0.8774
vn -0.3080 0.3894 0.8680
vn -0.3191 0.3480 0.8815
vn -0.3247 0.3632 0.8733
vn -0.3352 0.3108 0.8894
vn -0.3474 0.3349 0.8759
vn -0.3556 0.2753 0.8931
vn -0.3680 0.2931 0.8824
vn 0.0000 -0.5834 0.8121
vn 0.4938 0.1830 0.8501
vn 0.3242 0.3411 0.8823
vn 0.4378 0.4246 0.7925
vn 0.5725 0.2027 0.7944
vn 0.5024 -0.1137 0.8571
vn 0.5450 0.0410 0.8374
vn 0.5972 0.0472 0.8007
vn 0.5930 -0.1168 0.7967
vn 0.4838 0.2904 0.8256
vn 0.3870 0.4037 0.8290
vn 0.4353 0.4613 0.7731
vn 0.5249 0.3268 0.7859
vn -0.3567 -0.4533 0.8168
vn -0.0342 -0.4168 0.9083
vn -0.0858 -0.6558 0.7500
vn -0.3845 -0.4796 0.7887
vn -0.5268 -0.2240 0.8199
vn -0.4384 -0.3422 0.8310
vn -0.5006 -0.3902 0.7727
vn -0.5686 -0.2467 0.7847
vn 0.0000 0.3591 0.9333
vn -0.0258 -0.3928 0.9192
vn -0.0611 -0.3918 0.9180
vn -0.0955 -0.3888 0.9163
vn -0.1302 -0.3951 0.9093
vn 0.0000 -0.3990 0.9169
vn 0.1480 0.4405 0.8854
vn -0.3020 0.2727 0.9135
vn 0.0000 0.3903 0.9207
vn 0.0000 0.5786 0.8156
vn 0.0371 0.2166 0.9755
vn -0.1715 0.0525 0.9838
vn -0.5465 0.2328 0.8044
vn 0.4871 -0.1801 0.8546
vn -0.4552 0.3553 0.8164
vn 0.5373 -0.0404 0.8424
vn -0.3705 0.4701 0.8010
vn 0.4952 0.1119 0.8615
vn -0.0376 0.4415 0.8965
vn 0.2573 0.2981 0.9192
vn 0.1227 0.4464 0.8864
vn 0.3286 0.3567 0.8745
vn 0.4559 0.0131 0.8899
vn 0.3347 0.2792 0.9000
vn 0.3149 -0.5192 0.7945
vn 0.2832 0.3042 0.9095
vn 0.4013 -0.4192 0.8143
vn 0.5026 -0.3027 0.8097
vn 0.1980 0.3653 0.9095
vn -0.2115 0.2338 0.9490
vn -0.5277 -0.0483 0.8480
vn 0.2588 -0.3021 0.9174
vn 0.1223 -0.4482 0.8855
vn 0.3102 -0.3368 0.8890
vn 0.4306 -0.0134 0.9024
vn 0.1188 0.5092 0.8524
vn 0.3041 0.5016 0.8099
vn -0.3722 -0.2869 0.8827
vn 0.1152 0.2259 0.9673
vn -0.3520 -0.3300 0.8759
vn 0.0000 -0.1663 0.9861
vn 0.0000 0.1602 0.9871
vn 0.0000 0.0000 1.0000
vn 0.0000 0.6162 0.7875
vn -0.4453 0.3827 0.8094
vn -0.5883 0.2547 0.7675
vn 0.5441 -0.3376 0.7681
vn 0.6813 -0.0009 0.7320
vn 0.4475 0.4845 0.7516
vn 0.3315 -0.5439 0.7709
vn 0.4498 -0.4760 0.7557
vn -0.3974 0.4967 0.7716
vn -0.5170 0.4031 0.7551
vn 0.5854 0.1156 0.8025
vn 0.4167 0.4519 0.7888
vn 0.1573 0.5722 0.8048
vn 0.5654 -0.2006 0.8000
vn 0.5894 -0.0467 0.8065
vn 0.1985 0.3892 0.8995
vn -0.0853 0.6818 0.7266
vn 0.0000 0.5981 0.8014
vn 0.2658 0.2841 0.9212
vn -0.3642 -0.3475 0.8640
vn 0.3112 0.2616 0.9136
vn -0.3913 -0.3064 0.8677
vn 0.1537 0.4748 0.8665
vn -0.4782 0.0445 0.8771
vn -0.1398 -0.4117 0.9005
vn 0.1311 0.4116 0.9019
vn -0.1039 -0.4069 0.9075
vn 0.0862 0.4132 0.9065
vn -0.0665 -0.4104 0.9095
vn 0.0570 0.4186 0.9064
vn -0.0283 -0.4129 0.9103
vn 0.0219 0.4147 0.9097
vn 0.0000 -0.4077 0.9131
vn 0.0000 0.4270 0.9043
vn -0.4482 0.5009 0.7404
vn -0.6276 -0.0735 0.7750
vn 0.4287 -0.4639 0.7752
vn 0.6553 0.0036 0.7553
vn 0.3210 0.5264 0.7873
vn 0.1565 -0.5734 0.8041
vn 0.4219 -0.4543 0.7845
vn 0.1646 0.6213 0.7660
vn 0.3148 0.5807 0.7507
vn 0.0000 0.5667 0.8239
vn 0.0933 0.4316 0.8972
vn 0.0602 0.4315 0.9001
vn 0.0242 0.4385 0.8984
vn 0.0000 0.4271 0.9042
vn -0.3909 -0.0946 0.9155
vn -0.4644 -0.0856 0.8815
vn -0.4732 0.0035 0.8809
vn -0.4375 0.0030 0.8992
vn -0.3752 -0.4203 0.8261
vn -0.3498 -0.3388 0.8734
vn -0.6173 -0.0717 0.7834
vn -0.2284 -0.0132 0.9734
vn 0.3318 -0.3610 0.8715
vn 0.3393 -0.3750 0.8627
vn 0.3140 -0.4101 0.8563
vn 0.3049 -0.3867 0.8703
vn -0.4729 -0.2446 0.8464
vn -0.3812 -0.1620 0.9102
vn 0.3791 0.2523 0.8903
vn 0.3874 0.2627 0.8837
vn 0.5143 -0.0997 0.8518
vn 0.2182 -0.0672 0.9736
vn 0.4816 0.1059 0.8699
vn 0.5496 0.1111 0.8280
vn 0.5531 -0.0041 0.8330
vn 0.5155 -0.0036 0.8569
vn -0.2460 0.3435 0.9063
vn -0.2297 0.3129 0.9216
vn -0.2602 0.3107 0.9142
vn -0.2580 0.3076 0.9158
vn -0.4952 -0.0100 0.8687
vn -0.4131 -0.0073 0.9106
vn -0.0604 -0.1804 0.9817
vn -0.0436 -0.4942 0.8682
vn -0.3298 -0.2255 0.9167
vn -0.3384 -0.2320 0.9120
vn 0.3106 -0.2756 0.9097
vn 0.4477 -0.3766 0.8110
vn -0.4789 0.2255 0.8484
vn -0.3832 0.1484 0.9116
vn 0.4811 -0.1123 0.8694
vn 0.5484 -0.1189 0.8277
vn 0.2841 -0.4355 0.8542
vn 0.2800 -0.4196 0.8634
vn -0.3916 0.3733 0.8410
vn -0.3687 0.3186 0.8732
vn -0.3909 0.0998 0.9150
vn -0.4636 0.0924 0.8812
vn -0.3611 0.2645 0.8942
vn -0.1974 0.2011 0.9594
vn -0.2072 0.3616 0.9090
vn -0.2036 0.3504 0.9142
vn -0.0238 0.3092 0.9507
vn -0.0759 0.6391 0.7654
vn 0.3806 0.4394 0.8136
vn 0.3537 0.3481 0.8682
vn 0.0000 -0.2337 0.9723
vn 0.0000 -0.3934 0.9193
vn -0.3591 -0.2658 0.8946
vn -0.1904 -0.1973 0.9617
vn 0.4943 0.2432 0.8346
vn 0.3970 0.1619 0.9034
vn 0.2424 -0.4594 0.8545
vn 0.2418 -0.4339 0.8679
vn 0.5202 -0.0158 0.8539
vn 0.4258 -0.0112 0.9048
vn 0.0000 -0.3703 0.9289
vn 0.0000 -0.6104 0.7921
vn -0.4333 -0.4209 0.7969
vn -0.3225 -0.3369 0.8845
vn -0.1880 0.3946 0.8994
vn -0.1825 0.3701 0.9109
vn 0.4843 -0.2692 0.8324
vn 0.3946 -0.1822 0.9006
vn 0.2268 -0.2508 0.9411
vn 0.4677 -0.5220 0.7132
vn -0.1683 -0.6432 0.7469
vn -0.1253 -0.5312 0.8379
vn 0.3790 -0.4091 0.8300
vn 0.3629 -0.3547 0.8616
vn 0.5511 0.0516 0.8328
vn 0.6506 0.0745 0.7557
vn 0.0929 -0.0051 0.9956
vn 0.4891 0.0133 0.8721
vn -0.0231 -0.2485 0.9684
vn 0.0163 -0.5852 0.8107
vn -0.5816 0.0249 0.8131
vn -0.2289 0.0070 0.9734
vn 0.5330 -0.0037 0.8461
vn 0.5709 -0.0042 0.8210
vn 0.5635 -0.1185 0.8176
vn 0.4932 -0.1181 0.8618
vn 0.2810 0.2728 0.9201
vn 0.4497 0.3681 0.8137
vn 0.5647 0.1104 0.8178
vn 0.4939 0.1115 0.8623
vn 0.2895 -0.2763 0.9164
vn 0.4518 -0.3642 0.8144
vn -0.0309 -0.4836 0.8747
vn -0.0293 -0.4702 0.8820
vn -0.0496 -0.4981 0.8657
vn -0.0487 -0.4934 0.8684
vn -0.0750 -0.5050 0.8598
vn -0.0700 -0.4883 0.8698
vn -0.1152 -0.5089 0.8531
vn -0.1068 -0.4895 0.8654
vn -0.3964 -0.0981 0.9128
vn -0.0569 -0.0013 0.9984
vn -0.2071 -0.4096 0.8884
vn -0.2047 -0.3954 0.8954
vn -0.0158 -0.3388 0.9407
vn -0.0318 -0.5152 0.8564
vn -0.1916 -0.0105 0.9814
vn -0.5471 -0.0684 0.8342
vn -0.0476 0.5879 0.8075
vn -0.0253 0.2712 0.9622
vn -0.2314 -0.3875 0.8923
vn -0.2253 -0.3595 0.9055
vn -0.2669 -0.3499 0.8979
vn -0.2564 -0.3245 0.9104
vn -0.3405 -0.3874 0.8567
vn -0.3151 -0.3015 0.8999
vn -0.2933 -0.3131 0.9033
vn -0.2834 -0.2971 0.9118
vn -0.4192 -0.2215 0.8804
vn -0.3325 -0.1393 0.9327
vn -0.3148 -0.2849 0.9054
vn -0.3032 -0.2709 0.9136
vn -0.4331 -0.0089 0.9012
vn -0.3572 -0.0063 0.9340
vn -0.3321 -0.2577 0.9073
vn -0.3213 -0.2477 0.9140
vn -0.4350 0.2229 0.8724
vn -0.3344 0.1338 0.9329
vn -0.3728 0.3443 0.8616
vn -0.3402 0.3258 0.8821
vn 0.1305 0.4698 0.8731
vn 0.1464 0.4985 0.8544
vn -0.0003 0.3500 0.9367
vn -0.0131 0.5222 0.8527
vn 0.3684 0.4358 0.8212
vn 0.3452 0.3436 0.8734
vn 0.0404 0.5624 0.8259
vn 0.0439 0.5768 0.8157
vn 0.0654 0.5557 0.8287
vn 0.0642 0.5514 0.8318
vn 0.4928 0.2426 0.8356
vn 0.3957 0.1613 0.9041
vn 0.0918 0.5448 0.8335
vn 0.0863 0.5288 0.8443
vn 0.5185 -0.0157 0.8549
vn 0.4242 -0.0112 0.9055
vn 0.4830 -0.2686 0.8334
vn 0.3934 -0.1816 0.9012
vn 0.2372 0.4602 0.8556
vn 0.2387 0.4629 0.8537
vn 0.3801 -0.4085 0.8298
vn 0.3636 -0.3544 0.8614
vn 0.2716 0.4568 0.8470
vn 0.2659 0.4022 0.8760
vn -0.0131 -0.2620 0.9650
vn -0.0577 -0.6063 0.7931
vn -0.5716 0.0387 0.8195
vn -0.2283 0.0065 0.9735
vn 0.3080 0.3894 0.8680
vn 0.3032 0.3717 0.8774
vn 0.3247 0.3632 0.8733
vn 0.3191 0.3480 0.8815
vn 0.3474 0.3349 0.8759
vn 0.3352 0.3108 0.8894
vn 0.3680 0.2931 0.8824
vn 0.3556 0.2753 0.8931
vn -0.4938 0.1830 0.8501
vn -0.5725 0.2027 0.7944
vn -0.4378 0.4246 0.7925
vn -0.3242 0.3411 0.8823
vn -0.5024 -0.1137 0.8571
vn -0.5930 -0.1168 0.7967
vn -0.5972 0.0472 0.8007
vn -0.5450 0.0410 0.8374
vn -0.4838 0.2904 0.8256
vn -0.5249 0.3268 0.7859
vn -0.4353 0.4613 0.7731
vn -0.3870 0.4037 0.8290
vn 0.3567 -0.4533 0.8168
vn 0.3845 -0.4796 0.7887
vn 0.0858 -0.6558 0.7500
vn 0.0342 -0.4168 0.9083
vn 0.5268 -0.2240 0.8199
vn 0.5686 -0.2467 0.7847
vn 0.5006 -0.3902 0.7727
vn 0.4384 -0.3422 0.8310
vn 0.0258 -0.3928 0.9192
vn 0.0611 -0.3918 0.9180
vn 0.0955 -0.3888 0.9163
vn 0.1302 -0.3951 0.9093
vn -0.1480 0.4405 0.8854
vn 0.3020 0.2727 0.9135
vn -0.0371 0.2166 0.9755
vn 0.1715 0.0525 0.9838
vn 0.5465 0.2328 0.8044
vn -0.4871 -0.1801 0.8545
vn -0.5372 -0.0404 0.8424
vn 0.4552 0.3553 0.8164
vn 0.3705 0.4701 0.8010
vn -0.4952 0.1119 0.8615
vn -0.2573 0.2981 0.9192
vn 0.0376 0.4415 0.8965
vn 0.0000 0.4498 0.8931
vn -0.3286 0.3567 0.8745
vn -0.4559 0.0131 0.8899
vn -0.3347 0.2792 0.9000
vn -0.3149 -0.5192 0.7945
vn -0.2832 0.3042 0.9095
vn -0.4013 -0.4192 0.8143
vn -0.5026 -0.3027 0.8097
vn 0.2115 0.2338 0.9490
vn 0.0000 0.3727 0.9279
vn 0.5277 -0.0483 0.8480
vn -0.2588 -0.3021 0.9174
vn 0.0000 -0.4516 0.8922
vn -0.3102 -0.3368 0.8890
vn -0.4306 -0.0135 0.9024
vn -0.1188 0.5092 0.8524
vn -0.3041 0.5016 0.8099
vn 0.3722 -0.2869 0.8827
vn 0.0000 0.2274 0.9738
vn 0.3520 -0.3300 0.8759
vn 0.4453 0.3827 0.8094
vn 0.5883 0.2547 0.7675
vn -0.5440 -0.3376 0.7681
vn -0.4475 0.4845 0.7516
vn -0.6813 -0.0009 0.7320
vn -0.3315 -0.5439 0.7709
vn -0.4498 -0.4760 0.7557
vn 0.3974 0.4967 0.7716
vn 0.5170 0.4031 0.7551
vn -0.5854 0.1156 0.8025
vn 0.0000 0.5795 0.8150
vn -0.4167 0.4519 0.7888
vn -0.5654 -0.2006 0.8000
vn -0.5894 -0.0467 0.8065
vn 0.0000 0.3971 0.9178
vn 0.0853 0.6818 0.7266
vn 0.3642 -0.3475 0.8640
vn -0.2658 0.2841 0.9212
vn 0.3913 -0.3064 0.8677
vn -0.3112 0.2616 0.9136
vn 0.4782 0.0445 0.8771
vn -0.1537 0.4748 0.8665
vn -0.1311 0.4116 0.9019
vn 0.1398 -0.4117 0.9005
vn -0.0862 0.4132 0.9065
vn 0.1039 -0.4069 0.9075
vn -0.0570 0.4186 0.9064
vn 0.0665 -0.4104 0.9095
vn -0.0219 0.4147 0.9097
vn 0.0283 -0.4129 0.9103
vn 0.6276 -0.0735 0.7750
vn 0.4482 0.5009 0.7404
vn -0.6553 0.0036 0.7553
vn -0.4287 -0.4639 0.7752
vn -0.3210 0.5264 0.7873
vn -0.4219 -0.4543 0.7845
vn 0.0000 -0.5806 0.8142
vn -0.1646 0.6213 0.7660
vn 0.0000 0.6118 0.7909
vn -0.0933 0.4316 0.8972
vn -0.0602 0.4315 0.9001
vn -0.0242 0.4385 0.8984
vn -0.5531 -0.0041 0.8330
vn 0.3384 -0.2320 0.9120
vn -0.2910 -0.2781 0.9154
vn 0.0000 -0.4052 0.9142
vn 0.0000 -0.6081 0.7938
vn -0.4357 -0.4006 0.8060
vn 0.2036 0.3504 0.9142
vn -0.4943 0.2432 0.8346
vn -0.2636 0.2730 0.9252
vn -0.4393 0.3856 0.8113
vn -0.2703 -0.2770 0.9220
vn 0.0000 -0.3720 0.9282
vn 0.0000 -0.5595 0.8288
vn -0.4408 -0.3830 0.8117
vn 0.0305 -0.4837 0.8747
vn 0.0000 -0.4666 0.8845
vn 0.0000 -0.4506 0.8927
vn 0.0289 -0.4699 0.8822
vn -0.0398 0.5622 0.8260
vn -0.0434 0.5771 0.8155
vn 0.0000 0.3793 0.9253
vn -0.0256 -0.3927 0.9193
vn 0.0000 -0.3992 0.9169
vn -0.2842 0.2745 0.9186
vn 0.0000 0.4136 0.9104
vn 0.0000 0.5789 0.8154
vn 0.5372 -0.0404 0.8424
vn 0.4306 -0.0135 0.9024
vn 0.0000 0.6045 0.7966
vn -0.4337 0.4050 0.8049
vn 0.5440 -0.3376 0.7681
vn 0.0000 0.5975 0.8018
vn -0.0281 -0.4130 0.9103
vn 0.0000 -0.4075 0.9132
vn 0.0000 0.4270 0.9042
vn 0.0000 0.5558 0.8313
vn -0.3813 -0.1620 0.9102
vn -0.0760 0.6391 0.7654
vn 0.4943 0.2431 0.8346
vn 0.3947 -0.1822 0.9005
vn 0.4498 0.3681 0.8137
vn -0.1152 -0.5089 0.8530
vn -0.0578 -0.6063 0.7931
vn -0.4870 -0.1801 0.8546
vn -0.4306 -0.0134 0.9024
vn 0.0000 0.6163 0.7875
vn -0.3315 -0.5439 0.7708
vn 0.0000 0.5794 0.8150
vn 0.6276 -0.0734 0.7751
vn -0.4220 -0.4543 0.7845
vn 0.0000 0.6119 0.7909
vn 0.4644 -0.0855 0.8815
vn -0.6506 0.0745 0.7558
vn -0.4518 -0.3641 0.8144
vn -0.2372 0.4602 0.8555
vn 0.5717 0.0387 0.8195
vn 0.4378 0.4245 0.7925
vn 0.5532 -0.0041 0.8330
vn 0.2910 -0.2781 0.9154
vn 0.4357 -0.4006 0.8060
vn 0.4678 -0.5220 0.7132
vn 0.4933 -0.1181 0.8618
vn 0.2636 0.2730 0.9252
vn 0.4393 0.3856 0.8113
vn 0.2703 -0.2770 0.9220
vn 0.4408 -0.3830 0.8117
vn -0.0305 -0.4837 0.8747
vn -0.0289 -0.4699 0.8822
vn -0.3965 -0.0981 0.9128
vn 0.0398 0.5622 0.8260
vn 0.0434 0.5771 0.8155
vn -0.4378 0.4245 0.7925
vn -0.4352 0.4613 0.7731
vn 0.0256 -0.3927 0.9193
vn 0.2842 0.2745 0.9186
vn -0.5373 -0.0404 0.8424
vn 0.4337 0.4050 0.8049
vn 0.0281 -0.4130 0.9103
vn -0.3384 -0.2320 0.9119
vn -0.3909 0.0999 0.9150
vn 0.3537 0.3481 0.8681
vn -0.1100 -0.2323 0.9664
vn -0.1831 -0.3867 0.9038
vn -0.1983 -0.3629 0.9105
vn -0.3164 -0.5790 0.7514
vn -0.3225 -0.3369 0.8846
vn 0.2895 -0.2764 0.9164
vn 0.2372 0.4602 0.8555
vn -0.3242 0.3411 0.8824
vn -0.5025 -0.1137 0.8571
vn -0.5450 0.0411 0.8374
vn 0.0000 0.3902 0.9207
vn -0.1227 0.4464 0.8864
vn -0.5027 -0.3027 0.8097
vn -0.1980 0.3653 0.9095
vn -0.2587 -0.3021 0.9174
vn -0.1223 -0.4482 0.8855
vn -0.1152 0.2259 0.9673
vn 0.5883 0.2547 0.7674
vn -0.5441 -0.3376 0.7681
vn -0.5853 0.1156 0.8025
vn -0.1573 0.5722 0.8048
vn -0.1985 0.3892 0.8995
vn -0.6553 0.0037 0.7553
vn -0.1565 -0.5734 0.8041
vn -0.3148 0.5807 0.7508
vn 0.3909 0.0999 0.9150
vn -0.3537 0.3481 0.8681
vn -0.3452 0.3436 0.8733
vn 0.4871 -0.1801 0.8545
vn 0.4559 0.0132 0.8899
vn -0.5882 0.2547 0.7675
vn 0.4220 -0.4543 0.7845
usemtl None
s 1
f 75/1/1 76/2/2 249/3/3 248/4/4
f 189/5/5 190/6/6 369/7/7 368/8/8
f 125/9/9 123/10/10 298/11/11 300/12/12
f 188/13/13 189/5/5 368/8/8 367/14/14
f 94/15/15 93/16/16 197/17/17 194/18/18
f 1/19/19 36/20/20 403/21/20 406/22/19
f 73/23/21 74/24/22 247/25/23 246/26/24
f 38/27/25 2/28/26 405/29/26 402/30/25
f 124/31/27 126/32/28 301/33/29 299/34/30
f 187/35/31 188/13/13 367/14/14 366/36/32
f 69/37/33 70/38/34 195/39/35 196/40/36
f 24/41/25 52/42/26 51/43/26 12/44/25
f 12/44/25 51/43/26 50/45/26 10/46/25
f 10/46/25 50/45/26 49/47/26 9/48/25
f 372/49/25 374/50/26 55/51/26 30/52/25
f 9/48/25 49/47/26 48/53/26 7/54/25
f 30/52/25 55/51/26 54/55/26 28/56/25
f 7/54/25 48/53/26 47/57/26 5/58/25
f 28/56/25 54/55/26 53/59/26 26/60/25
f 26/60/25 53/59/26 52/42/26 24/41/25
f 5/58/25 47/57/26 46/61/26 3/62/25
f 17/63/20 60/64/19 61/65/19 18/66/37
f 22/67/37 65/68/19 375/69/19 371/70/37
f 16/71/20 59/72/19 60/64/19 17/63/20
f 21/73/37 64/74/19 65/68/19 22/67/37
f 15/75/37 58/76/19 59/72/19 16/71/20
f 14/77/20 57/78/19 58/76/19 15/75/37
f 20/79/20 63/80/19 64/74/19 21/73/37
f 13/81/20 56/82/19 57/78/19 14/77/20
f 19/83/20 62/84/19 63/80/19 20/79/20
f 18/66/37 61/65/19 62/84/19 19/83/20
f 72/85/38 479/86/39 610/87/40 245/88/41
f 186/89/42 187/35/31 366/36/32 365/90/43
f 71/91/44 72/85/38 245/88/41 244/92/45
f 123/10/10 121/93/46 296/94/47 298/11/11
f 177/95/48 186/89/42 365/90/43 357/96/49
f 67/97/50 68/98/51 243/99/52 242/100/53
f 122/101/54 124/31/27 299/34/30 297/102/55
f 185/103/56 184/104/57 363/105/58 364/106/59
f 376/107/60 66/108/61 241/109/62 384/110/63
f 184/104/57 183/111/64 362/112/65 363/105/58
f 121/93/46 119/113/66 295/114/67 296/94/47
f 183/111/64 182/115/68 361/116/69 362/112/65
f 382/117/70 91/118/71 268/119/72 401/120/73
f 120/121/74 122/101/54 297/102/55 270/122/75
f 182/115/68 181/123/76 360/124/77 361/116/69
f 193/125/78 85/126/79 267/127/80 370/128/81
f 56/82/19 13/81/20 36/20/20 1/19/19
f 3/62/25 46/61/26 2/28/26 38/27/25
f 181/123/76 179/129/82 358/130/83 360/124/77
f 77/131/84 193/125/78 370/128/81 260/132/85
f 119/113/66 102/133/86 279/134/87 295/114/67
f 180/135/88 178/136/89 356/137/90 359/138/91
f 179/129/82 180/135/88 359/138/91 358/130/83
f 178/136/89 177/95/48 357/96/49 356/137/90
f 191/139/92 11/140/92 225/141/92 350/142/92
f 175/143/93 172/144/94 352/145/95 353/146/96
f 176/147/97 174/148/98 354/149/99 355/150/100
f 174/148/98 175/143/93 353/146/96 354/149/99
f 173/151/101 584/152/102 776/153/103 351/154/104
f 172/144/94 173/151/101 351/154/104 352/145/95
f 118/155/105 526/156/106 717/157/107 294/158/108
f 117/159/109 118/155/105 294/158/108 293/160/110
f 116/161/111 117/159/109 293/160/110 292/162/112
f 115/163/113 116/161/111 292/162/112 291/164/114
f 114/165/115 115/163/113 291/164/114 272/166/116
f 112/167/117 113/168/118 290/169/119 289/170/120
f 171/171/121 166/172/122 344/173/123 349/174/124
f 111/175/125 112/167/117 289/170/120 288/176/126
f 110/177/127 111/175/125 288/176/126 287/178/128
f 170/179/129 171/171/121 349/174/124 348/180/130
f 109/181/131 110/177/127 287/178/128 286/182/132
f 169/183/133 170/179/129 348/180/130 347/184/134
f 108/185/135 109/181/131 286/182/132 285/186/136
f 168/187/137 169/183/133 347/184/134 346/188/138
f 107/189/139 108/185/135 285/186/136 284/190/140
f 167/191/141 168/187/137 346/188/138 345/192/142
f 70/38/34 107/189/139 284/190/140 195/39/35
f 158/193/143 167/191/141 345/192/142 337/194/144
f 103/195/145 192/196/146 271/197/147 280/198/148
f 166/172/122 165/199/149 343/200/150 344/173/123
f 106/201/151 105/202/152 282/203/153 283/204/154
f 165/199/149 164/205/155 342/206/156 343/200/150
f 105/202/152 104/207/157 281/208/158 282/203/153
f 164/205/155 163/209/159 341/210/160 342/206/156
f 104/207/157 103/195/145 280/198/148 281/208/158
f 163/209/159 162/211/161 340/212/162 341/210/160
f 102/133/86 101/213/163 278/214/164 279/134/87
f 162/211/161 160/215/165 338/216/166 340/212/162
f 101/213/163 100/217/167 277/218/168 278/214/164
f 161/219/169 159/220/170 336/221/171 339/222/172
f 100/217/167 99/223/173 276/224/174 277/218/168
f 99/223/173 98/225/175 275/226/176 276/224/174
f 160/215/165 161/219/169 339/222/172 338/216/166
f 98/225/175 97/227/177 274/228/178 275/226/176
f 159/220/170 158/193/143 337/194/144 336/221/171
f 97/227/177 96/229/179 273/230/180 274/228/178
f 42/231/181 43/232/181 238/233/181 240/234/181
f 96/229/179 94/15/15 194/18/18 273/230/180
f 154/235/182 156/236/183 334/237/184 333/238/185
f 37/239/181 42/231/181 240/234/181 239/240/181
f 41/241/92 4/242/92 207/243/92 237/244/92
f 157/245/186 155/246/187 332/247/188 335/248/189
f 152/249/190 149/250/191 324/251/192 330/252/193
f 143/253/194 147/254/195 323/255/196 320/256/197
f 34/257/181 37/239/181 239/240/181 199/258/181
f 43/232/181 31/259/181 201/260/181 238/233/181
f 151/261/198 144/262/199 319/263/200 329/264/201
f 190/6/6 189/5/5 176/147/97 606/265/202
f 174/148/98 176/147/97 189/5/5 188/13/13
f 175/143/93 174/148/98 188/13/13 187/35/31
f 172/144/94 175/143/93 187/35/31 186/89/42
f 172/144/94 186/89/42 177/95/48 173/151/101
f 173/151/101 177/95/48 178/136/89 584/152/102
f 139/266/203 137/267/204 184/104/57 185/103/56
f 137/267/204 135/268/205 183/111/64 184/104/57
f 135/268/205 133/269/206 182/115/68 183/111/64
f 35/270/92 180/135/88 179/129/82 41/241/92
f 41/241/92 179/129/82 181/123/76 4/242/92
f 6/271/92 4/242/92 181/123/76 182/115/68
f 549/272/207 139/266/203 185/103/56 190/6/6
f 178/136/89 607/273/92 584/152/102
f 606/265/202 549/272/207 190/6/6
f 180/135/88 35/270/92 607/273/92 178/136/89
f 6/271/92 182/115/68 133/269/206 8/274/92
f 113/168/118 191/139/92 8/274/92 133/269/206
f 115/163/113 114/165/115 134/275/208
f 171/171/121 170/179/129 95/276/209 603/277/210
f 72/85/38 158/193/143 159/220/170 479/86/39
f 71/91/44 167/191/141 158/193/143 72/85/38
f 74/24/22 168/187/137 167/191/141 71/91/44
f 73/23/21 169/183/133 168/187/137 74/24/22
f 95/276/209 170/179/129 169/183/133 73/23/21
f 106/201/151 161/219/169 160/215/165 105/202/152
f 104/207/157 105/202/152 160/215/165 162/211/161
f 103/195/145 104/207/157 162/211/161 163/209/159
f 31/259/181 43/232/181 165/199/149 166/172/122
f 43/232/181 42/231/181 164/205/155 165/199/149
f 42/231/181 37/239/181 163/209/159 164/205/155
f 404/278/181 31/259/181 166/172/122 171/171/121
f 603/277/210 404/278/181 171/171/121
f 159/220/170 161/219/169 106/201/151 604/279/211
f 604/279/211 479/86/39 159/220/170
f 37/239/181 34/257/181 103/195/145 163/209/159
f 34/257/181 33/280/181 192/196/146 103/195/145
f 33/280/181 32/281/181 120/121/74 192/196/146
f 32/281/181 45/282/181 122/101/54 120/121/74
f 113/168/118 112/167/117 11/140/92 191/139/92
f 11/140/92 112/167/117 111/175/125 23/283/92
f 132/284/212 193/125/78 382/117/70 131/285/213
f 77/131/84 91/118/71 382/117/70 193/125/78
f 86/286/214 89/287/215 91/118/71 77/131/84
f 89/287/215 86/286/214 79/288/216 90/289/217
f 78/290/218 92/291/219 90/289/217 79/288/216
f 92/291/219 78/290/218 82/292/220 88/293/221
f 373/294/181 377/295/222 88/293/221 39/296/181
f 40/297/181 39/296/181 88/293/221 82/292/220
f 40/297/181 82/292/220 81/298/223 44/299/181
f 44/299/181 81/298/223 80/300/224 45/282/181
f 85/126/79 193/125/78 132/284/212 130/301/225
f 83/302/226 85/126/79 130/301/225 128/303/227
f 84/304/228 83/302/226 128/303/227 126/32/28
f 87/305/229 84/304/228 126/32/28 124/31/27
f 80/300/224 87/305/229 124/31/27 122/101/54
f 122/101/54 45/282/181 80/300/224
f 69/37/33 93/16/16 379/306/230 141/307/231
f 141/307/231 379/306/230 156/236/183 142/308/232
f 154/235/182 151/261/198 142/308/232 156/236/183
f 155/246/187 144/262/199 151/261/198 154/235/182
f 143/253/194 144/262/199 155/246/187 157/245/186
f 153/309/233 147/254/195 143/253/194 157/245/186
f 378/310/234 381/311/92 29/312/92 153/309/233
f 153/309/233 29/312/92 27/313/92 147/254/195
f 25/314/92 146/315/235 147/254/195 27/313/92
f 23/283/92 145/316/236 146/315/235 25/314/92
f 69/37/33 141/307/231 150/317/237 70/38/34
f 70/38/34 150/317/237 148/318/238 107/189/139
f 107/189/139 148/318/238 149/250/191 108/185/135
f 108/185/135 149/250/191 152/249/190 109/181/131
f 109/181/131 152/249/190 145/316/236 110/177/127
f 110/177/127 145/316/236 23/283/92 111/175/125
f 96/229/179 97/227/177 66/108/61 376/107/60
f 94/15/15 96/229/179 376/107/60
f 93/16/16 94/15/15 376/107/60 379/306/230
f 129/319/239 131/285/213 382/117/70 380/320/240
f 127/321/241 129/319/239 380/320/240 68/98/51
f 68/98/51 67/97/50 125/9/9 127/321/241
f 100/217/167 101/213/163 119/113/66 121/93/46
f 99/223/173 100/217/167 121/93/46 123/10/10
f 98/225/175 99/223/173 123/10/10 125/9/9
f 75/1/1 66/108/61 97/227/177 98/225/175
f 76/2/2 125/9/9 67/97/50
f 102/133/86 119/113/66 101/213/163
f 75/1/1 98/225/175 125/9/9 76/2/2
f 216/322/242 217/323/242 227/324/181 235/325/181
f 204/326/243 205/327/243 237/244/92 207/243/92
f 223/328/242 391/329/242 392/330/181 203/331/181
f 213/332/242 214/333/242 240/234/181 238/233/181
f 197/17/17 196/40/36 195/39/35 194/18/18
f 200/334/242 201/260/181 622/335/181 619/336/242
f 236/337/92 202/338/243 624/339/243 800/340/92
f 214/333/242 215/341/242 239/240/181 240/234/181
f 220/342/242 222/343/242 219/344/181 221/345/181
f 242/100/53 387/346/244 388/347/244 249/3/3
f 248/4/4 383/348/244 384/110/63 241/109/62
f 246/26/24 611/349/244 799/350/245 269/351/246
f 244/92/45 609/352/244 612/353/244 247/25/23
f 259/354/247 260/132/85 370/128/81 266/355/244
f 261/356/248 252/357/249 253/358/250 257/359/244
f 255/360/251 256/361/252 258/362/244 266/355/244
f 250/363/253 251/364/254 258/362/244 257/359/244
f 265/365/255 262/366/256 389/367/257 385/368/244
f 263/369/258 264/370/259 386/371/244 390/372/244
f 243/99/52 399/373/260 387/346/244 242/100/53
f 249/3/3 388/347/244 383/348/244 248/4/4
f 267/127/80 255/360/251 266/355/244 370/128/81
f 251/364/254 259/354/247 266/355/244 258/362/244
f 254/374/261 250/363/253 257/359/244 253/358/250
f 256/361/252 261/356/248 257/359/244 258/362/244
f 264/370/259 265/365/255 385/368/244 386/371/244
f 268/119/72 263/369/258 390/372/244 401/120/73
f 247/25/23 612/353/244 611/349/244 246/26/24
f 245/88/41 610/87/40 609/352/244 244/92/45
f 206/375/243 204/326/243 207/243/92 208/376/92
f 237/244/92 205/327/243 202/338/243 236/337/92
f 209/377/243 206/375/243 208/376/92 210/378/92
f 211/379/243 209/377/243 210/378/92 350/142/92
f 213/332/242 238/233/181 201/260/181 200/334/242
f 222/343/242 223/328/242 203/331/181 219/344/181
f 211/379/243 350/142/92 225/141/92 212/380/243
f 225/141/92 226/381/92 229/382/243 212/380/243
f 215/341/242 198/383/242 199/258/181 239/240/181
f 228/384/243 229/382/243 226/381/92 230/385/92
f 231/386/243 228/384/243 230/385/92 232/387/92
f 233/388/243 231/386/243 232/387/92 234/389/92
f 198/383/242 216/322/242 235/325/181 199/258/181
f 217/323/242 218/390/242 224/391/181 227/324/181
f 393/392/243 233/388/243 234/389/92 400/393/92
f 218/390/242 220/342/242 221/345/181 224/391/181
f 801/394/262 283/204/154 294/158/108 717/157/107
f 283/204/154 282/203/153 293/160/110 294/158/108
f 282/203/153 281/208/158 292/162/112 293/160/110
f 281/208/158 280/198/148 291/164/114 292/162/112
f 280/198/148 271/197/147 272/166/116 291/164/114
f 271/197/147 279/134/87 290/169/119 272/166/116
f 279/134/87 278/214/164 289/170/120 290/169/119
f 278/214/164 277/218/168 288/176/126 289/170/120
f 277/218/168 276/224/174 287/178/128 288/176/126
f 276/224/174 275/226/176 286/182/132 287/178/128
f 275/226/176 274/228/178 285/186/136 286/182/132
f 274/228/178 273/230/180 284/190/140 285/186/136
f 195/39/35 284/190/140 273/230/180 194/18/18
f 271/197/147 270/122/75 295/114/67 279/134/87
f 270/122/75 297/102/55 296/94/47 295/114/67
f 297/102/55 299/34/30 298/11/11 296/94/47
f 299/34/30 301/33/29 300/12/12 298/11/11
f 301/33/29 303/395/263 302/396/264 300/12/12
f 303/395/263 305/397/265 304/398/266 302/396/264
f 305/397/265 307/399/267 306/400/268 304/398/266
f 290/169/119 308/401/269 309/402/270 272/166/116
f 308/401/269 310/403/271 311/404/272 309/402/270
f 310/403/271 312/405/273 313/406/274 311/404/272
f 312/405/273 314/407/275 315/408/276 313/406/274
f 314/407/275 739/409/277 740/410/278 315/408/276
f 329/264/201 316/411/244 317/412/279 318/413/280
f 330/252/193 326/414/244 321/415/281 322/416/282
f 325/417/283 316/411/244 327/418/244 324/251/192
f 320/256/197 326/414/244 327/418/244 319/263/200
f 335/248/189 395/419/244 398/420/284 331/421/285
f 333/238/185 397/422/244 394/423/244 332/247/188
f 328/424/286 317/412/279 316/411/244 325/417/283
f 319/263/200 327/418/244 316/411/244 329/264/201
f 323/255/196 321/415/281 326/414/244 320/256/197
f 324/251/192 327/418/244 326/414/244 330/252/193
f 332/247/188 394/423/244 395/419/244 335/248/189
f 334/237/184 396/425/287 397/422/244 333/238/185
f 336/221/171 337/194/144 338/216/166 339/222/172
f 344/173/123 343/200/150 348/180/130 349/174/124
f 343/200/150 342/206/156 347/184/134 348/180/130
f 342/206/156 341/210/160 346/188/138 347/184/134
f 341/210/160 340/212/162 345/192/142 346/188/138
f 337/194/144 345/192/142 340/212/162 338/216/166
f 354/149/99 777/426/244 802/427/288 355/150/100
f 352/145/95 775/428/244 778/429/244 353/146/96
f 353/146/96 778/429/244 777/426/244 354/149/99
f 351/154/104 776/153/103 775/428/244 352/145/95
f 356/137/90 357/96/49 358/130/83 359/138/91
f 364/106/59 363/105/58 368/8/8 369/7/7
f 363/105/58 362/112/65 367/14/14 368/8/8
f 362/112/65 361/116/69 366/36/32 367/14/14
f 361/116/69 360/124/77 365/90/43 366/36/32
f 357/96/49 365/90/43 360/124/77 358/130/83
f 93/16/16 69/37/33 196/40/36 197/17/17
f 126/32/28 128/303/227 303/395/263 301/33/29
f 190/6/6 185/103/56 364/106/59 369/7/7
f 127/321/241 125/9/9 300/12/12 302/396/264
f 403/21/20 36/20/20 200/334/242 619/336/242
f 31/259/181 404/278/181 622/335/181 201/260/181
f 128/303/227 130/301/225 305/397/265 303/395/263
f 129/319/239 127/321/241 302/396/264 304/398/266
f 78/290/218 79/288/216 251/364/254 250/363/253
f 38/27/25 402/30/25 624/339/243 202/338/243
f 8/274/92 191/139/92 350/142/92 210/378/92
f 132/284/212 131/285/213 306/400/268 307/399/267
f 80/300/224 81/298/223 253/358/250 252/357/249
f 130/301/225 132/284/212 307/399/267 305/397/265
f 81/298/223 82/292/220 254/374/261 253/358/250
f 131/285/213 129/319/239 304/398/266 306/400/268
f 83/302/226 84/304/228 256/361/252 255/360/251
f 373/294/181 39/296/181 203/331/181 392/330/181
f 113/168/118 133/269/206 308/401/269 290/169/119
f 5/58/25 3/62/25 205/327/243 204/326/243
f 134/275/208 114/165/115 272/166/116 309/402/270
f 86/286/214 77/131/84 260/132/85 259/354/247
f 7/54/25 5/58/25 204/326/243 206/375/243
f 87/305/229 80/300/224 252/357/249 261/356/248
f 4/242/92 6/271/92 208/376/92 207/243/92
f 133/269/206 135/268/205 310/403/271 308/401/269
f 9/48/25 7/54/25 206/375/243 209/377/243
f 136/430/289 134/275/208 309/402/270 311/404/272
f 6/271/92 8/274/92 210/378/92 208/376/92
f 88/293/221 377/295/222 389/367/257 262/366/256
f 10/46/25 9/48/25 209/377/243 211/379/243
f 135/268/205 137/267/204 312/405/273 310/403/271
f 89/287/215 90/289/217 264/370/259 263/369/258
f 12/44/25 10/46/25 211/379/243 212/380/243
f 607/273/92 35/270/92 236/337/92 800/340/92
f 138/431/290 136/430/289 311/404/272 313/406/274
f 13/81/20 14/77/20 214/333/242 213/332/242
f 92/291/219 88/293/221 262/366/256 265/365/255
f 29/312/92 381/311/92 400/393/92 234/389/92
f 137/267/204 139/266/203 314/407/275 312/405/273
f 14/77/20 15/75/37 215/341/242 214/333/242
f 68/98/51 380/320/240 399/373/260 243/99/52
f 140/432/291 138/431/290 313/406/274 315/408/276
f 76/2/2 67/97/50 242/100/53 249/3/3
f 603/277/210 95/276/209 269/351/246 799/350/245
f 15/75/37 16/71/20 198/383/242 215/341/242
f 139/266/203 549/272/207 739/409/277 314/407/275
f 66/108/61 75/1/1 248/4/4 241/109/62
f 16/71/20 17/63/20 216/322/242 198/383/242
f 604/279/211 106/201/151 283/204/154 801/394/262
f 550/433/292 140/432/291 315/408/276 740/410/278
f 17/63/20 18/66/37 217/323/242 216/322/242
f 18/66/37 19/83/20 218/390/242 217/323/242
f 39/296/181 40/297/181 219/344/181 203/331/181
f 606/265/202 176/147/97 355/150/100 802/427/288
f 85/126/79 83/302/226 255/360/251 267/127/80
f 19/83/20 20/79/20 220/342/242 218/390/242
f 79/288/216 86/286/214 259/354/247 251/364/254
f 40/297/181 44/299/181 221/345/181 219/344/181
f 20/79/20 21/73/37 222/343/242 220/342/242
f 141/307/231 142/308/232 318/413/280 317/412/279
f 21/73/37 22/67/37 223/328/242 222/343/242
f 144/262/199 143/253/194 320/256/197 319/263/200
f 82/292/220 78/290/218 250/363/253 254/374/261
f 22/67/37 371/70/37 391/329/242 223/328/242
f 146/315/235 145/316/236 322/416/282 321/415/281
f 44/299/181 45/282/181 224/391/181 221/345/181
f 147/254/195 146/315/235 321/415/281 323/255/196
f 84/304/228 87/305/229 261/356/248 256/361/252
f 11/140/92 23/283/92 226/381/92 225/141/92
f 149/250/191 148/318/238 325/417/283 324/251/192
f 45/282/181 32/281/181 227/324/181 224/391/181
f 26/60/25 24/41/25 229/382/243 228/384/243
f 150/317/237 141/307/231 317/412/279 328/424/286
f 90/289/217 92/291/219 265/365/255 264/370/259
f 23/283/92 25/314/92 230/385/92 226/381/92
f 142/308/232 151/261/198 329/264/201 318/413/280
f 28/56/25 26/60/25 228/384/243 231/386/243
f 145/316/236 152/249/190 330/252/193 322/416/282
f 91/118/71 89/287/215 263/369/258 268/119/72
f 25/314/92 27/313/92 232/387/92 230/385/92
f 30/52/25 28/56/25 231/386/243 233/388/243
f 95/276/209 73/23/21 246/26/24 269/351/246
f 27/313/92 29/312/92 234/389/92 232/387/92
f 378/310/234 153/309/233 331/421/285 398/420/284
f 372/49/25 30/52/25 233/388/243 393/392/243
f 155/246/187 154/235/182 333/238/185 332/247/188
f 74/24/22 71/91/44 244/92/45 247/25/23
f 24/41/25 12/44/25 212/380/243 229/382/243
f 156/236/183 379/306/230 396/425/287 334/237/184
f 32/281/181 33/280/181 235/325/181 227/324/181
f 153/309/233 157/245/186 335/248/189 331/421/285
f 192/196/146 120/121/74 270/122/75 271/197/147
f 33/280/181 34/257/181 199/258/181 235/325/181
f 35/270/92 41/241/92 237/244/92 236/337/92
f 3/62/25 38/27/25 202/338/243 205/327/243
f 148/318/238 150/317/237 328/424/286 325/417/283
f 36/20/20 13/81/20 213/332/242 200/334/242
f 116/161/111 115/163/113 134/275/208 136/430/289
f 117/159/109 116/161/111 136/430/289 138/431/290
f 118/155/105 117/159/109 138/431/290 140/432/291
f 526/156/106 118/155/105 140/432/291 550/433/292
f 482/434/293 670/435/294 671/436/295 483/437/296
f 600/438/297 797/439/298 798/440/299 601/441/300
f 533/442/301 723/443/302 721/444/303 531/445/304
f 599/446/305 796/447/306 797/439/298 600/438/297
f 501/448/307 613/449/308 616/450/309 500/451/310
f 407/452/19 406/22/19 403/21/20 442/453/20
f 480/454/311 668/455/312 669/456/313 481/457/314
f 444/458/25 402/30/25 405/29/26 408/459/26
f 532/460/315 722/461/316 724/462/317 534/463/318
f 598/464/319 795/465/320 796/447/306 599/446/305
f 475/466/321 615/467/322 614/468/323 476/469/324
f 430/470/25 418/471/25 457/472/26 458/473/26
f 418/471/25 416/474/25 456/475/26 457/472/26
f 416/474/25 415/476/25 455/477/26 456/475/26
f 835/478/25 436/479/25 461/480/26 862/481/26
f 415/476/25 413/482/25 454/483/26 455/477/26
f 436/479/25 434/484/25 460/485/26 461/480/26
f 413/482/25 411/486/25 453/487/26 454/483/26
f 434/484/25 432/488/25 459/489/26 460/485/26
f 432/488/25 430/470/25 458/473/26 459/489/26
f 411/486/25 409/490/25 452/491/26 453/487/26
f 423/492/37 424/493/37 467/494/19 466/495/19
f 428/496/37 826/497/37 873/498/19 471/499/19
f 422/500/37 423/492/37 466/495/19 465/501/19
f 427/502/37 428/496/37 471/499/19 470/503/19
f 421/504/37 422/500/37 465/501/19 464/505/19
f 420/506/37 421/504/37 464/505/19 463/507/19
f 426/508/37 427/502/37 470/503/19 469/509/19
f 419/510/20 420/506/37 463/507/19 462/511/19
f 425/512/37 426/508/37 469/509/19 468/513/19
f 424/493/37 425/512/37 468/513/19 467/494/19
f 478/514/325 667/515/326 610/87/40 479/86/39
f 597/516/327 794/517/328 795/465/320 598/464/319
f 477/518/329 666/519/330 667/515/326 478/514/325
f 531/445/304 721/444/303 719/520/331 529/521/332
f 588/522/333 786/523/334 794/517/328 597/516/327
f 473/524/335 664/525/336 665/526/337 474/527/338
f 530/528/339 720/529/340 722/461/316 532/460/315
f 596/530/341 793/531/342 792/532/343 595/533/344
f 874/534/345 1010/535/346 663/536/347 472/537/348
f 595/533/344 792/532/343 791/538/349 594/539/350
f 529/521/332 719/520/331 718/540/351 527/541/352
f 594/539/350 791/538/349 790/542/353 593/543/354
f 1007/544/355 1203/545/356 690/546/357 498/547/358
f 528/548/359 692/549/360 720/529/340 530/528/339
f 593/543/354 790/542/353 789/550/361 592/551/362
f 608/552/363 803/553/364 689/554/365 492/555/366
f 462/511/19 407/452/19 442/453/20 419/510/20
f 409/490/25 444/458/25 408/459/26 452/491/26
f 592/551/362 789/550/361 787/556/367 590/557/368
f 484/558/369 682/559/370 803/553/364 608/552/363
f 527/541/352 718/540/351 701/560/371 509/561/372
f 591/562/373 788/563/374 785/564/375 589/565/376
f 590/557/368 787/556/367 788/563/374 591/562/373
f 589/565/376 785/564/375 786/523/334 588/522/333
f 602/566/92 779/567/92 647/568/92 417/569/92
f 586/570/377 782/571/378 781/572/379 582/573/380
f 587/574/381 784/575/382 783/576/383 585/577/384
f 585/577/384 783/576/383 782/571/378 586/570/377
f 583/578/385 780/579/386 776/153/103 584/152/102
f 582/573/380 781/572/379 780/579/386 583/578/385
f 525/580/387 716/581/388 717/157/107 526/156/106
f 524/582/389 715/583/390 716/581/388 525/580/387
f 523/584/391 714/585/392 715/583/390 524/582/389
f 522/586/393 713/587/394 714/585/392 523/584/391
f 521/588/395 694/589/396 713/587/394 522/586/393
f 519/590/397 711/591/398 712/592/399 520/593/400
f 581/594/401 774/595/402 769/596/403 576/597/404
f 518/598/405 710/599/406 711/591/398 519/590/397
f 517/600/407 709/601/408 710/599/406 518/598/405
f 580/602/409 773/603/410 774/595/402 581/594/401
f 516/604/411 708/605/412 709/601/408 517/600/407
f 579/606/413 772/607/414 773/603/410 580/602/409
f 515/608/415 707/609/416 708/605/412 516/604/411
f 578/610/417 771/611/418 772/607/414 579/606/413
f 514/612/419 706/613/420 707/609/416 515/608/415
f 577/614/421 770/615/422 771/611/418 578/610/417
f 476/469/324 614/468/323 706/613/420 514/612/419
f 568/616/423 762/617/424 770/615/422 577/614/421
f 510/618/425 702/619/426 693/620/427 605/621/428
f 576/597/404 769/596/403 768/622/429 575/623/430
f 513/624/431 705/625/432 704/626/433 512/627/434
f 575/623/430 768/622/429 767/628/435 574/629/436
f 512/627/434 704/626/433 703/630/437 511/631/438
f 574/629/436 767/628/435 766/632/439 573/633/440
f 511/631/438 703/630/437 702/619/426 510/618/425
f 573/633/440 766/632/439 765/634/441 572/635/442
f 509/561/372 701/560/371 700/636/443 508/637/444
f 572/635/442 765/634/441 763/638/445 570/639/446
f 508/637/444 700/636/443 699/640/447 507/641/448
f 571/642/449 764/643/450 761/644/451 569/645/452
f 507/641/448 699/640/447 698/646/453 506/647/454
f 506/647/454 698/646/453 697/648/455 505/649/456
f 570/639/446 763/638/445 764/643/450 571/642/449
f 505/649/456 697/648/455 696/650/457 504/651/458
f 569/645/452 761/644/451 762/617/424 568/616/423
f 504/651/458 696/650/457 695/652/459 503/653/460
f 448/654/181 662/655/181 660/656/181 449/657/181
f 503/653/460 695/652/459 613/449/308 501/448/307
f 564/658/461 758/659/462 759/660/463 566/661/464
f 443/662/181 661/663/181 662/655/181 448/654/181
f 447/664/92 659/665/92 629/666/92 410/667/92
f 567/668/465 760/669/466 757/670/467 565/671/468
f 562/672/469 755/673/470 749/674/471 559/675/472
f 553/676/473 745/677/474 748/678/475 557/679/476
f 440/680/181 618/681/181 661/663/181 443/662/181
f 449/657/181 660/656/181 621/682/181 437/683/181
f 561/684/477 754/685/478 744/686/479 554/687/480
f 601/441/300 606/265/202 587/574/381 600/438/297
f 585/577/384 599/446/305 600/438/297 587/574/381
f 586/570/377 598/464/319 599/446/305 585/577/384
f 582/573/380 597/516/327 598/464/319 586/570/377
f 582/573/380 583/578/385 588/522/333 597/516/327
f 583/578/385 584/152/102 589/565/376 588/522/333
f 547/688/481 596/530/341 595/533/344 545/689/482
f 545/689/482 595/533/344 594/539/350 543/690/483
f 543/690/483 594/539/350 593/543/354 541/691/484
f 441/692/92 447/664/92 590/557/368 591/562/373
f 447/664/92 410/667/92 592/551/362 590/557/368
f 412/693/92 593/543/354 592/551/362 410/667/92
f 549/272/207 601/441/300 596/530/341 547/688/481
f 589/565/376 584/152/102 607/273/92
f 606/265/202 601/441/300 549/272/207
f 591/562/373 589/565/376 607/273/92 441/692/92
f 412/693/92 414/694/92 541/691/484 593/543/354
f 520/593/400 541/691/484 414/694/92 602/566/92
f 522/586/393 542/695/485 521/588/395
f 581/594/401 603/277/210 502/696/486 580/602/409
f 478/514/325 479/86/39 569/645/452 568/616/423
f 477/518/329 478/514/325 568/616/423 577/614/421
f 481/457/314 477/518/329 577/614/421 578/610/417
f 480/454/311 481/457/314 578/610/417 579/606/413
f 502/696/486 480/454/311 579/606/413 580/602/409
f 513/624/431 512/627/434 570/639/446 571/642/449
f 511/631/438 572/635/442 570/639/446 512/627/434
f 510/618/425 573/633/440 572/635/442 511/631/438
f 437/683/181 576/597/404 575/623/430 449/657/181
f 449/657/181 575/623/430 574/629/436 448/654/181
f 448/654/181 574/629/436 573/633/440 443/662/181
f 404/278/181 581/594/401 576/597/404 437/683/181
f 603/277/210 581/594/401 404/278/181
f 569/645/452 604/279/211 513/624/431 571/642/449
f 604/279/211 569/645/452 479/86/39
f 443/662/181 573/633/440 510/618/425 440/680/181
f 440/680/181 510/618/425 605/621/428 439/697/181
f 439/697/181 605/621/428 528/548/359 438/698/181
f 438/698/181 528/548/359 530/528/339 451/699/181
f 520/593/400 602/566/92 417/569/92 519/590/397
f 417/569/92 429/700/92 518/598/405 519/590/397
f 540/701/487 539/702/488 1007/544/355 608/552/363
f 484/558/369 608/552/363 1007/544/355 498/547/358
f 493/703/489 484/558/369 498/547/358 496/704/490
f 496/704/490 497/705/491 486/706/492 493/703/489
f 485/707/493 486/706/492 497/705/491 499/708/494
f 499/708/494 495/709/495 489/710/496 485/707/493
f 844/711/181 445/712/181 495/709/495 898/713/497
f 446/714/181 489/710/496 495/709/495 445/712/181
f 446/714/181 450/715/181 488/716/498 489/710/496
f 450/715/181 451/699/181 487/717/499 488/716/498
f 492/555/366 538/718/500 540/701/487 608/552/363
f 490/719/501 536/720/502 538/718/500 492/555/366
f 491/721/503 534/463/318 536/720/502 490/719/501
f 494/722/504 532/460/315 534/463/318 491/721/503
f 487/717/499 530/528/339 532/460/315 494/722/504
f 530/528/339 487/717/499 451/699/181
f 475/466/321 551/723/505 967/724/506 500/451/310
f 551/723/505 552/725/507 566/661/464 967/724/506
f 564/658/461 566/661/464 552/725/507 561/684/477
f 565/671/468 564/658/461 561/684/477 554/687/480
f 553/676/473 567/668/465 565/671/468 554/687/480
f 563/726/508 567/668/465 553/676/473 557/679/476
f 964/727/509 563/726/508 435/728/92 1005/729/92
f 563/726/508 557/679/476 433/730/92 435/728/92
f 431/731/92 433/730/92 557/679/476 556/732/510
f 429/700/92 431/731/92 556/732/510 555/733/511
f 475/466/321 476/469/324 560/734/512 551/723/505
f 476/469/324 514/612/419 558/735/513 560/734/512
f 514/612/419 515/608/415 559/675/472 558/735/513
f 515/608/415 516/604/411 562/672/469 559/675/472
f 516/604/411 517/600/407 555/733/511 562/672/469
f 517/600/407 518/598/405 429/700/92 555/733/511
f 503/653/460 874/534/345 472/537/348 504/651/458
f 501/448/307 874/534/345 503/653/460
f 500/451/310 967/724/506 874/534/345 501/448/307
f 537/736/514 1003/737/515 1007/544/355 539/702/488
f 535/738/516 474/527/338 1003/737/515 537/736/514
f 474/527/338 535/738/516 533/442/301 473/524/335
f 507/641/448 529/521/332 527/541/352 508/637/444
f 506/647/454 531/445/304 529/521/332 507/641/448
f 505/649/456 533/442/301 531/445/304 506/647/454
f 482/434/293 505/649/456 504/651/458 472/537/348
f 483/437/296 473/524/335 533/442/301
f 509/561/372 508/637/444 527/541/352
f 482/434/293 483/437/296 533/442/301 505/649/456
f 638/739/242 657/740/181 649/741/181 639/742/242
f 626/743/243 629/666/92 659/665/92 627/744/243
f 645/745/242 625/746/181 1018/747/181 1017/748/242
f 635/749/242 660/656/181 662/655/181 636/750/242
f 616/450/309 613/449/308 614/468/323 615/467/322
f 620/751/242 619/336/242 622/335/181 621/682/181
f 658/752/92 800/340/92 624/339/243 623/753/243
f 636/750/242 662/655/181 661/663/181 637/754/242
f 642/755/242 643/756/181 641/757/181 644/758/242
f 664/525/336 671/436/295 1014/759/244 1013/760/244
f 670/435/294 663/536/347 1010/535/346 1009/761/244
f 668/455/312 691/762/517 799/350/245 611/349/244
f 666/519/330 669/456/313 612/353/244 609/352/244
f 681/763/518 688/764/244 803/553/364 682/559/370
f 683/765/519 679/766/244 675/767/520 674/768/521
f 677/769/522 688/764/244 680/770/244 678/771/523
f 672/772/524 679/766/244 680/770/244 673/773/525
f 687/774/526 1011/775/244 1015/776/527 684/777/528
f 685/778/529 1016/779/244 1012/780/244 686/781/530
f 665/526/337 664/525/336 1013/760/244 1201/782/531
f 671/436/295 670/435/294 1009/761/244 1014/759/244
f 689/554/365 803/553/364 688/764/244 677/769/522
f 673/773/525 680/770/244 688/764/244 681/763/518
f 676/783/532 675/767/520 679/766/244 672/772/524
f 678/771/523 680/770/244 679/766/244 683/765/519
f 686/781/530 1012/780/244 1011/775/244 687/774/526
f 690/546/357 1203/545/356 1016/779/244 685/778/529
f 669/456/313 668/455/312 611/349/244 612/353/244
f 667/515/326 666/519/330 609/352/244 610/87/40
f 628/784/243 630/785/92 629/666/92 626/743/243
f 659/665/92 658/752/92 623/753/243 627/744/243
f 631/786/243 632/787/92 630/785/92 628/784/243
f 633/788/243 779/567/92 632/787/92 631/786/243
f 635/749/242 620/751/242 621/682/181 660/656/181
f 644/758/242 641/757/181 625/746/181 645/745/242
f 633/788/243 634/789/243 647/568/92 779/567/92
f 647/568/92 634/789/243 651/790/243 648/791/92
f 637/754/242 661/663/181 618/681/181 617/792/242
f 650/793/243 652/794/92 648/791/92 651/790/243
f 653/795/243 654/796/92 652/794/92 650/793/243
f 655/797/243 656/798/92 654/796/92 653/795/243
f 617/792/242 618/681/181 657/740/181 638/739/242
f 639/742/242 649/741/181 646/799/181 640/800/242
f 1060/801/243 1202/802/92 656/798/92 655/797/243
f 640/800/242 646/799/181 643/756/181 642/755/242
f 801/394/262 717/157/107 716/581/388 705/625/432
f 705/625/432 716/581/388 715/583/390 704/626/433
f 704/626/433 715/583/390 714/585/392 703/630/437
f 703/630/437 714/585/392 713/587/394 702/619/426
f 702/619/426 713/587/394 694/589/396 693/620/427
f 693/620/427 694/589/396 712/592/399 701/560/371
f 701/560/371 712/592/399 711/591/398 700/636/443
f 700/636/443 711/591/398 710/599/406 699/640/447
f 699/640/447 710/599/406 709/601/408 698/646/453
f 698/646/453 709/601/408 708/605/412 697/648/455
f 697/648/455 708/605/412 707/609/416 696/650/457
f 696/650/457 707/609/416 706/613/420 695/652/459
f 614/468/323 613/449/308 695/652/459 706/613/420
f 693/620/427 701/560/371 718/540/351 692/549/360
f 692/549/360 718/540/351 719/520/331 720/529/340
f 720/529/340 719/520/331 721/444/303 722/461/316
f 722/461/316 721/444/303 723/443/302 724/462/317
f 724/462/317 723/443/302 725/803/533 726/804/534
f 726/804/534 725/803/533 727/805/535 728/806/536
f 728/806/536 727/805/535 729/807/537 730/808/538
f 712/592/399 694/589/396 732/809/539 731/810/540
f 731/810/540 732/809/539 734/811/541 733/812/542
f 733/812/542 734/811/541 736/813/543 735/814/544
f 735/814/544 736/813/543 738/815/545 737/816/546
f 737/816/546 738/815/545 740/410/278 739/409/277
f 754/685/478 743/817/547 742/818/548 741/819/244
f 755/673/470 747/820/549 746/821/550 751/822/244
f 750/823/551 749/674/471 752/824/244 741/819/244
f 745/677/474 744/686/479 752/824/244 751/822/244
f 760/669/466 756/825/552 1146/826/553 1143/827/244
f 758/659/462 757/670/467 1142/828/244 1145/829/244
f 753/830/554 750/823/551 741/819/244 742/818/548
f 744/686/479 754/685/478 741/819/244 752/824/244
f 748/678/475 745/677/474 751/822/244 746/821/550
f 749/674/471 755/673/470 751/822/244 752/824/244
f 757/670/467 760/669/466 1143/827/244 1142/828/244
f 759/660/463 758/659/462 1145/829/244 1144/831/555
f 761/644/451 764/643/450 763/638/445 762/617/424
f 769/596/403 774/595/402 773/603/410 768/622/429
f 768/622/429 773/603/410 772/607/414 767/628/435
f 767/628/435 772/607/414 771/611/418 766/632/439
f 766/632/439 771/611/418 770/615/422 765/634/441
f 762/617/424 763/638/445 765/634/441 770/615/422
f 783/576/383 784/575/382 802/427/288 777/426/244
f 781/572/379 782/571/378 778/429/244 775/428/244
f 782/571/378 783/576/383 777/426/244 778/429/244
f 780/579/386 781/572/379 775/428/244 776/153/103
f 785/564/375 788/563/374 787/556/367 786/523/334
f 793/531/342 798/440/299 797/439/298 792/532/343
f 792/532/343 797/439/298 796/447/306 791/538/349
f 791/538/349 796/447/306 795/465/320 790/542/353
f 790/542/353 795/465/320 794/517/328 789/550/361
f 786/523/334 787/556/367 789/550/361 794/517/328
f 500/451/310 616/450/309 615/467/322 475/466/321
f 534/463/318 724/462/317 726/804/534 536/720/502
f 601/441/300 798/440/299 793/531/342 596/530/341
f 535/738/516 725/803/533 723/443/302 533/442/301
f 403/21/20 619/336/242 620/751/242 442/453/20
f 437/683/181 621/682/181 622/335/181 404/278/181
f 536/720/502 726/804/534 728/806/536 538/718/500
f 537/736/514 727/805/535 725/803/533 535/738/516
f 485/707/493 672/772/524 673/773/525 486/706/492
f 444/458/25 623/753/243 624/339/243 402/30/25
f 414/694/92 632/787/92 779/567/92 602/566/92
f 540/701/487 730/808/538 729/807/537 539/702/488
f 487/717/499 674/768/521 675/767/520 488/716/498
f 538/718/500 728/806/536 730/808/538 540/701/487
f 488/716/498 675/767/520 676/783/532 489/710/496
f 539/702/488 729/807/537 727/805/535 537/736/514
f 490/719/501 677/769/522 678/771/523 491/721/503
f 844/711/181 1018/747/181 625/746/181 445/712/181
f 520/593/400 712/592/399 731/810/540 541/691/484
f 411/486/25 626/743/243 627/744/243 409/490/25
f 542/695/485 732/809/539 694/589/396 521/588/395
f 493/703/489 681/763/518 682/559/370 484/558/369
f 413/482/25 628/784/243 626/743/243 411/486/25
f 494/722/504 683/765/519 674/768/521 487/717/499
f 410/667/92 629/666/92 630/785/92 412/693/92
f 541/691/484 731/810/540 733/812/542 543/690/483
f 415/476/25 631/786/243 628/784/243 413/482/25
f 544/832/556 734/811/541 732/809/539 542/695/485
f 412/693/92 630/785/92 632/787/92 414/694/92
f 495/709/495 684/777/528 1015/776/527 898/713/497
f 416/474/25 633/788/243 631/786/243 415/476/25
f 543/690/483 733/812/542 735/814/544 545/689/482
f 496/704/490 685/778/529 686/781/530 497/705/491
f 418/471/25 634/789/243 633/788/243 416/474/25
f 607/273/92 800/340/92 658/752/92 441/692/92
f 546/833/557 736/813/543 734/811/541 544/832/556
f 419/510/20 635/749/242 636/750/242 420/506/37
f 499/708/494 687/774/526 684/777/528 495/709/495
f 435/728/92 656/798/92 1202/802/92 1005/729/92
f 545/689/482 735/814/544 737/816/546 547/688/481
f 420/506/37 636/750/242 637/754/242 421/504/37
f 474/527/338 665/526/337 1201/782/531 1003/737/515
f 548/834/558 738/815/545 736/813/543 546/833/557
f 483/437/296 671/436/295 664/525/336 473/524/335
f 603/277/210 799/350/245 691/762/517 502/696/486
f 421/504/37 637/754/242 617/792/242 422/500/37
f 547/688/481 737/816/546 739/409/277 549/272/207
f 472/537/348 663/536/347 670/435/294 482/434/293
f 422/500/37 617/792/242 638/739/242 423/492/37
f 604/279/211 801/394/262 705/625/432 513/624/431
f 550/433/292 740/410/278 738/815/545 548/834/558
f 423/492/37 638/739/242 639/742/242 424/493/37
f 424/493/37 639/742/242 640/800/242 425/512/37
f 445/712/181 625/746/181 641/757/181 446/714/181
f 606/265/202 802/427/288 784/575/382 587/574/381
f 492/555/366 689/554/365 677/769/522 490/719/501
f 425/512/37 640/800/242 642/755/242 426/508/37
f 486/706/492 673/773/525 681/763/518 493/703/489
f 446/714/181 641/757/181 643/756/181 450/715/181
f 426/508/37 642/755/242 644/758/242 427/502/37
f 551/723/505 742/818/548 743/817/547 552/725/507
f 427/502/37 644/758/242 645/745/242 428/496/37
f 554/687/480 744/686/479 745/677/474 553/676/473
f 489/710/496 676/783/532 672/772/524 485/707/493
f 428/496/37 645/745/242 1017/748/242 826/497/37
f 556/732/510 746/821/550 747/820/549 555/733/511
f 450/715/181 643/756/181 646/799/181 451/699/181
f 557/679/476 748/678/475 746/821/550 556/732/510
f 491/721/503 678/771/523 683/765/519 494/722/504
f 417/569/92 647/568/92 648/791/92 429/700/92
f 559/675/472 749/674/471 750/823/551 558/735/513
f 451/699/181 646/799/181 649/741/181 438/698/181
f 432/488/25 650/793/243 651/790/243 430/470/25
f 560/734/512 753/830/554 742/818/548 551/723/505
f 497/705/491 686/781/530 687/774/526 499/708/494
f 429/700/92 648/791/92 652/794/92 431/731/92
f 552/725/507 743/817/547 754/685/478 561/684/477
f 434/484/25 653/795/243 650/793/243 432/488/25
f 555/733/511 747/820/549 755/673/470 562/672/469
f 498/547/358 690/546/357 685/778/529 496/704/490
f 431/731/92 652/794/92 654/796/92 433/730/92
f 436/479/25 655/797/243 653/795/243 434/484/25
f 502/696/486 691/762/517 668/455/312 480/454/311
f 433/730/92 654/796/92 656/798/92 435/728/92
f 964/727/509 1146/826/553 756/825/552 563/726/508
f 835/478/25 1060/801/243 655/797/243 436/479/25
f 565/671/468 757/670/467 758/659/462 564/658/461
f 481/457/314 669/456/313 666/519/330 477/518/329
f 430/470/25 651/790/243 634/789/243 418/471/25
f 566/661/464 759/660/463 1144/831/555 967/724/506
f 438/698/181 649/741/181 657/740/181 439/697/181
f 563/726/508 756/825/552 760/669/466 567/668/465
f 605/621/428 693/620/427 692/549/360 528/548/359
f 439/697/181 657/740/181 618/681/181 440/680/181
f 441/692/92 658/752/92 659/665/92 447/664/92
f 409/490/25 627/744/243 623/753/243 444/458/25
f 558/735/513 750/823/551 753/830/554 560/734/512
f 442/453/20 620/751/242 635/749/242 419/510/20
f 523/584/391 544/832/556 542/695/485 522/586/393
f 524/582/389 546/833/557 544/832/556 523/584/391
f 525/580/387 548/834/558 546/833/557 524/582/389
f 526/156/106 550/433/292 548/834/558 525/580/387
f 884/835/1 885/836/2 1075/837/3 1074/838/4
f 1001/839/5 1002/840/6 1200/841/7 1199/842/8
f 935/843/9 933/844/10 1124/845/11 1126/846/12
f 1000/847/13 1001/839/5 1199/842/8 1198/848/14
f 904/849/15 903/850/16 1022/851/17 1019/852/18
f 804/853/19 841/854/37 1993/855/20 1996/856/19
f 882/857/21 883/858/22 1073/859/559 1072/860/24
f 843/861/25 805/862/26 1995/863/26 1992/864/25
f 934/865/27 936/866/28 1127/867/29 1125/868/30
f 999/869/31 1000/847/13 1198/848/14 1197/870/32
f 878/871/33 879/872/560 1020/873/35 1021/874/36
f 828/875/25 858/876/26 857/877/26 815/878/25
f 815/878/25 857/877/26 856/879/26 813/880/25
f 813/880/25 856/879/26 855/881/26 812/882/25
f 835/478/25 862/481/26 861/883/26 834/884/25
f 812/882/25 855/881/26 854/885/26 810/886/25
f 834/884/25 861/883/26 860/887/26 832/888/25
f 810/886/25 854/885/26 853/889/26 808/890/25
f 832/888/25 860/887/26 859/891/26 830/892/25
f 830/892/25 859/891/26 858/876/26 828/875/25
f 808/890/25 853/889/26 852/893/26 806/894/25
f 820/895/37 867/896/19 868/897/19 821/898/37
f 825/899/37 872/900/19 873/498/19 826/497/37
f 819/901/37 866/902/19 867/896/19 820/895/37
f 824/903/37 871/904/19 872/900/19 825/899/37
f 818/905/37 865/906/19 866/902/19 819/901/37
f 817/907/37 864/908/19 865/906/19 818/905/37
f 823/909/37 870/910/19 871/904/19 824/903/37
f 816/911/37 863/912/19 864/908/19 817/907/37
f 822/913/37 869/914/19 870/910/19 823/909/37
f 821/898/37 868/897/19 869/914/19 822/913/37
f 881/915/561 2075/916/562 2212/917/563 1071/918/564
f 998/919/42 999/869/31 1197/870/32 1196/920/43
f 880/921/44 881/915/561 1071/918/564 1070/922/45
f 933/844/10 931/923/46 1122/924/47 1124/845/11
f 989/925/48 998/919/42 1196/920/43 1188/926/49
f 876/927/50 877/928/51 1069/929/52 1068/930/53
f 932/931/54 934/865/27 1125/868/30 1123/932/565
f 997/933/56 996/934/57 1194/935/58 1195/936/59
f 874/534/345 875/937/61 1067/938/62 1010/535/346
f 996/934/57 995/939/64 1193/940/566 1194/935/58
f 931/923/46 929/941/66 1121/942/67 1122/924/47
f 995/939/64 994/943/68 1192/944/69 1193/940/566
f 1007/544/355 901/945/71 1094/946/72 1203/545/356
f 930/947/74 932/931/54 1123/932/565 1096/948/75
f 994/943/68 993/949/76 1191/950/77 1192/944/69
f 1008/951/78 894/952/79 1093/953/80 1204/954/81
f 863/912/19 816/911/37 841/854/37 804/853/19
f 806/894/25 852/893/26 805/862/26 843/861/25
f 993/949/76 991/955/82 1189/956/83 1191/950/77
f 886/957/84 1008/951/78 1204/954/81 1086/958/85
f 929/941/66 912/959/86 1105/960/87 1121/942/67
f 992/961/88 990/962/89 1187/963/90 1190/964/91
f 991/955/82 992/961/88 1190/964/91 1189/956/83
f 990/962/89 989/925/48 1188/926/49 1187/963/90
f 1004/965/92 814/966/92 1050/967/92 1181/968/92
f 987/969/93 984/970/94 1183/971/95 1184/972/96
f 988/973/567 986/974/98 1185/975/99 1186/976/568
f 986/974/98 987/969/93 1184/972/96 1185/975/99
f 985/977/569 2183/978/570 2394/979/571 1182/980/572
f 984/970/94 985/977/569 1182/980/572 1183/971/95
f 928/981/573 2123/982/574 2330/983/575 1120/984/576
f 927/985/109 928/981/573 1120/984/576 1119/986/110
f 926/987/111 927/985/109 1119/986/110 1118/988/112
f 925/989/113 926/987/111 1118/988/112 1117/990/114
f 924/991/115 925/989/113 1117/990/114 1098/992/116
f 922/993/117 923/994/118 1116/995/119 1115/996/120
f 983/997/121 978/998/122 1175/999/123 1180/1000/124
f 921/1001/125 922/993/117 1115/996/120 1114/1002/126
f 920/1003/127 921/1001/125 1114/1002/126 1113/1004/128
f 982/1005/129 983/997/121 1180/1000/124 1179/1006/130
f 919/1007/131 920/1003/127 1113/1004/128 1112/1008/132
f 981/1009/133 982/1005/129 1179/1006/130 1178/1010/134
f 918/1011/135 919/1007/131 1112/1008/132 1111/1012/136
f 980/1013/137 981/1009/133 1178/1010/134 1177/1014/138
f 917/1015/139 918/1011/135 1111/1012/136 1110/1016/140
f 979/1017/141 980/1013/137 1177/1014/138 1176/1018/142
f 879/872/560 917/1015/139 1110/1016/140 1020/873/35
f 970/1019/143 979/1017/141 1176/1018/142 1168/1020/144
f 913/1021/145 1006/1022/146 1097/1023/147 1106/1024/148
f 978/998/122 977/1025/149 1174/1026/150 1175/999/123
f 916/1027/577 915/1028/152 1108/1029/153 1109/1030/578
f 977/1025/149 976/1031/155 1173/1032/156 1174/1026/150
f 915/1028/152 914/1033/157 1107/1034/158 1108/1029/153
f 976/1031/155 975/1035/159 1172/1036/160 1173/1032/156
f 914/1033/157 913/1021/145 1106/1024/148 1107/1034/158
f 975/1035/159 974/1037/161 1171/1038/162 1172/1036/160
f 912/959/86 911/1039/163 1104/1040/164 1105/960/87
f 974/1037/161 972/1041/165 1169/1042/166 1171/1038/162
f 911/1039/163 910/1043/167 1103/1044/168 1104/1040/164
f 973/1045/169 971/1046/170 1167/1047/171 1170/1048/172
f 910/1043/167 909/1049/173 1102/1050/174 1103/1044/168
f 909/1049/173 908/1051/175 1101/1052/176 1102/1050/174
f 972/1041/165 973/1045/169 1170/1048/172 1169/1042/166
f 908/1051/175 907/1053/177 1100/1054/178 1101/1052/176
f 971/1046/170 970/1019/143 1168/1020/144 1167/1047/171
f 907/1053/177 906/1055/179 1099/1056/180 1100/1054/178
f 848/1057/181 849/1058/181 1064/1059/181 1066/1060/181
f 906/1055/179 904/849/15 1019/852/18 1099/1056/180
f 965/1061/182 968/1062/183 1165/1063/184 1164/1064/185
f 842/1065/181 848/1057/181 1066/1060/181 1065/1066/181
f 847/1067/92 807/1068/92 1032/1069/92 1063/1070/92
f 969/1071/186 966/1072/187 1163/1073/188 1166/1074/189
f 962/1075/190 959/1076/191 1155/1077/192 1161/1078/193
f 953/1079/194 957/1080/195 1154/1081/196 1151/1082/197
f 839/1083/181 842/1065/181 1065/1066/181 1024/1084/181
f 849/1058/181 836/1085/181 1026/1086/181 1064/1059/181
f 961/1087/198 954/1088/199 1150/1089/200 1160/1090/201
f 1002/840/6 1001/839/5 988/973/567 2207/1091/579
f 986/974/98 988/973/567 1001/839/5 1000/847/13
f 987/969/93 986/974/98 1000/847/13 999/869/31
f 984/970/94 987/969/93 999/869/31 998/919/42
f 984/970/94 998/919/42 989/925/48 985/977/569
f 985/977/569 989/925/48 990/962/89 2183/978/570
f 949/1092/580 947/1093/204 996/934/57 997/933/56
f 947/1093/204 945/1094/205 995/939/64 996/934/57
f 945/1094/205 943/1095/206 994/943/68 995/939/64
f 840/1096/92 992/961/88 991/955/82 847/1067/92
f 847/1067/92 991/955/82 993/949/76 807/1068/92
f 809/1097/92 807/1068/92 993/949/76 994/943/68
f 2146/1098/581 949/1092/580 997/933/56 1002/840/6
f 990/962/89 2208/1099/92 2183/978/570
f 2207/1091/579 2146/1098/581 1002/840/6
f 992/961/88 840/1096/92 2208/1099/92 990/962/89
f 809/1097/92 994/943/68 943/1095/206 811/1100/92
f 923/994/118 1004/965/92 811/1100/92 943/1095/206
f 925/989/113 924/991/115 944/1101/208
f 983/997/121 982/1005/129 905/1102/582 2204/1103/583
f 881/915/561 970/1019/143 971/1046/170 2075/916/562
f 880/921/44 979/1017/141 970/1019/143 881/915/561
f 883/858/22 980/1013/137 979/1017/141 880/921/44
f 882/857/21 981/1009/133 980/1013/137 883/858/22
f 905/1102/582 982/1005/129 981/1009/133 882/857/21
f 916/1027/577 973/1045/169 972/1041/165 915/1028/152
f 914/1033/157 915/1028/152 972/1041/165 974/1037/161
f 913/1021/145 914/1033/157 974/1037/161 975/1035/159
f 836/1085/181 849/1058/181 977/1025/149 978/998/122
f 849/1058/181 848/1057/181 976/1031/155 977/1025/149
f 848/1057/181 842/1065/181 975/1035/159 976/1031/155
f 1994/1104/181 836/1085/181 978/998/122 983/997/121
f 2204/1103/583 1994/1104/181 983/997/121
f 971/1046/170 973/1045/169 916/1027/577 2205/1105/584
f 2205/1105/584 2075/916/562 971/1046/170
f 842/1065/181 839/1083/181 913/1021/145 975/1035/159
f 839/1083/181 838/1106/181 1006/1022/146 913/1021/145
f 838/1106/181 837/1107/181 930/947/74 1006/1022/146
f 837/1107/181 851/1108/181 932/931/54 930/947/74
f 923/994/118 922/993/117 814/966/92 1004/965/92
f 814/966/92 922/993/117 921/1001/125 827/1109/92
f 942/1110/212 1008/951/78 1007/544/355 941/1111/213
f 886/957/84 901/945/71 1007/544/355 1008/951/78
f 895/1112/214 899/1113/215 901/945/71 886/957/84
f 899/1113/215 895/1112/214 888/1114/216 900/1115/585
f 887/1116/218 902/1117/219 900/1115/585 888/1114/216
f 902/1117/219 887/1116/218 891/1118/220 897/1119/221
f 844/711/181 898/713/497 897/1119/221 845/1120/181
f 846/1121/181 845/1120/181 897/1119/221 891/1118/220
f 846/1121/181 891/1118/220 890/1122/223 850/1123/181
f 850/1123/181 890/1122/223 889/1124/224 851/1108/181
f 894/952/79 1008/951/78 942/1110/212 940/1125/225
f 892/1126/226 894/952/79 940/1125/225 938/1127/227
f 893/1128/228 892/1126/226 938/1127/227 936/866/28
f 896/1129/229 893/1128/228 936/866/28 934/865/27
f 889/1124/224 896/1129/229 934/865/27 932/931/54
f 932/931/54 851/1108/181 889/1124/224
f 878/871/33 903/850/16 967/724/506 951/1130/231
f 951/1130/231 967/724/506 968/1062/183 952/1131/232
f 965/1061/182 961/1087/198 952/1131/232 968/1062/183
f 966/1072/187 954/1088/199 961/1087/198 965/1061/182
f 953/1079/194 954/1088/199 966/1072/187 969/1071/186
f 963/1132/233 957/1080/195 953/1079/194 969/1071/186
f 964/727/509 1005/729/92 833/1133/92 963/1132/233
f 963/1132/233 833/1133/92 831/1134/92 957/1080/195
f 829/1135/92 956/1136/235 957/1080/195 831/1134/92
f 827/1109/92 955/1137/586 956/1136/235 829/1135/92
f 878/871/33 951/1130/231 960/1138/237 879/872/560
f 879/872/560 960/1138/237 958/1139/238 917/1015/139
f 917/1015/139 958/1139/238 959/1076/191 918/1011/135
f 918/1011/135 959/1076/191 962/1075/190 919/1007/131
f 919/1007/131 962/1075/190 955/1137/586 920/1003/127
f 920/1003/127 955/1137/586 827/1109/92 921/1001/125
f 906/1055/179 907/1053/177 875/937/61 874/534/345
f 904/849/15 906/1055/179 874/534/345
f 903/850/16 904/849/15 874/534/345 967/724/506
f 939/1140/239 941/1111/213 1007/544/355 1003/737/515
f 937/1141/241 939/1140/239 1003/737/515 877/928/51
f 877/928/51 876/927/50 935/843/9 937/1141/241
f 910/1043/167 911/1039/163 929/941/66 931/923/46
f 909/1049/173 910/1043/167 931/923/46 933/844/10
f 908/1051/175 909/1049/173 933/844/10 935/843/9
f 884/835/1 875/937/61 907/1053/177 908/1051/175
f 885/836/2 935/843/9 876/927/50
f 912/959/86 929/941/66 911/1039/163
f 884/835/1 908/1051/175 935/843/9 885/836/2
f 1041/1142/242 1042/1143/242 1052/1144/181 1061/1145/181
f 1029/1146/243 1030/1147/243 1063/1070/92 1032/1069/92
f 1048/1148/242 1017/748/242 1018/747/181 1028/1149/181
f 1038/1150/242 1039/1151/242 1066/1060/181 1064/1059/181
f 1022/851/17 1021/874/36 1020/873/35 1019/852/18
f 1025/1152/242 1026/1086/181 2234/1153/181 2231/1154/242
f 1062/1155/92 1027/1156/243 2236/1157/243 2419/1158/92
f 1039/1151/242 1040/1159/242 1065/1066/181 1066/1060/181
f 1045/1160/242 1047/1161/242 1044/1162/181 1046/1163/181
f 1068/930/53 1013/760/244 1014/759/244 1075/837/3
f 1074/838/4 1009/761/244 1010/535/346 1067/938/62
f 1072/860/24 2213/1164/244 2417/1165/587 1095/1166/588
f 1070/922/45 2211/1167/244 2214/1168/244 1073/859/559
f 1085/1169/247 1086/958/85 1204/954/81 1092/1170/244
f 1087/1171/589 1078/1172/249 1079/1173/250 1083/1174/244
f 1081/1175/251 1082/1176/252 1084/1177/244 1092/1170/244
f 1076/1178/253 1077/1179/254 1084/1177/244 1083/1174/244
f 1091/1180/255 1088/1181/256 1015/776/527 1011/775/244
f 1089/1182/258 1090/1183/259 1012/780/244 1016/779/244
f 1069/929/52 1201/782/531 1013/760/244 1068/930/53
f 1075/837/3 1014/759/244 1009/761/244 1074/838/4
f 1093/953/80 1081/1175/251 1092/1170/244 1204/954/81
f 1077/1179/254 1085/1169/247 1092/1170/244 1084/1177/244
f 1080/1184/261 1076/1178/253 1083/1174/244 1079/1173/250
f 1082/1176/252 1087/1171/589 1083/1174/244 1084/1177/244
f 1090/1183/259 1091/1180/255 1011/775/244 1012/780/244
f 1094/946/72 1089/1182/258 1016/779/244 1203/545/356
f 1073/859/559 2214/1168/244 2213/1164/244 1072/860/24
f 1071/918/564 2212/917/563 2211/1167/244 1070/922/45
f 1031/1185/243 1029/1146/243 1032/1069/92 1033/1186/92
f 1063/1070/92 1030/1147/243 1027/1156/243 1062/1155/92
f 1034/1187/243 1031/1185/243 1033/1186/92 1035/1188/92
f 1036/1189/243 1034/1187/243 1035/1188/92 1181/968/92
f 1038/1150/242 1064/1059/181 1026/1086/181 1025/1152/242
f 1047/1161/242 1048/1148/242 1028/1149/181 1044/1162/181
f 1036/1189/243 1181/968/92 1050/967/92 1037/1190/243
f 1050/967/92 1051/1191/92 1054/1192/243 1037/1190/243
f 1040/1159/242 1023/1193/242 1024/1084/181 1065/1066/181
f 1053/1194/243 1054/1192/243 1051/1191/92 1055/1195/92
f 1056/1196/243 1053/1194/243 1055/1195/92 1057/1197/92
f 1058/1198/243 1056/1196/243 1057/1197/92 1059/1199/92
f 1023/1193/242 1041/1142/242 1061/1145/181 1024/1084/181
f 1042/1143/242 1043/1200/242 1049/1201/181 1052/1144/181
f 1060/801/243 1058/1198/243 1059/1199/92 1202/802/92
f 1043/1200/242 1045/1160/242 1046/1163/181 1049/1201/181
f 2421/1202/590 1109/1030/578 1120/984/576 2330/983/575
f 1109/1030/578 1108/1029/153 1119/986/110 1120/984/576
f 1108/1029/153 1107/1034/158 1118/988/112 1119/986/110
f 1107/1034/158 1106/1024/148 1117/990/114 1118/988/112
f 1106/1024/148 1097/1023/147 1098/992/116 1117/990/114
f 1097/1023/147 1105/960/87 1116/995/119 1098/992/116
f 1105/960/87 1104/1040/164 1115/996/120 1116/995/119
f 1104/1040/164 1103/1044/168 1114/1002/126 1115/996/120
f 1103/1044/168 1102/1050/174 1113/1004/128 1114/1002/126
f 1102/1050/174 1101/1052/176 1112/1008/132 1113/1004/128
f 1101/1052/176 1100/1054/178 1111/1012/136 1112/1008/132
f 1100/1054/178 1099/1056/180 1110/1016/140 1111/1012/136
f 1020/873/35 1110/1016/140 1099/1056/180 1019/852/18
f 1097/1023/147 1096/948/75 1121/942/67 1105/960/87
f 1096/948/75 1123/932/565 1122/924/47 1121/942/67
f 1123/932/565 1125/868/30 1124/845/11 1122/924/47
f 1125/868/30 1127/867/29 1126/846/12 1124/845/11
f 1127/867/29 1129/1203/263 1128/1204/264 1126/846/12
f 1129/1203/263 1131/1205/265 1130/1206/266 1128/1204/264
f 1131/1205/265 1133/1207/267 1132/1208/268 1130/1206/266
f 1116/995/119 1134/1209/269 1135/1210/270 1098/992/116
f 1134/1209/269 1136/1211/271 1137/1212/272 1135/1210/270
f 1136/1211/271 1138/1213/273 1139/1214/274 1137/1212/272
f 1138/1213/273 1140/1215/591 1141/1216/276 1139/1214/274
f 1140/1215/591 2352/1217/592 2353/1218/593 1141/1216/276
f 1160/1090/201 1147/1219/244 1148/1220/279 1149/1221/280
f 1161/1078/193 1157/1222/244 1152/1223/281 1153/1224/282
f 1156/1225/283 1147/1219/244 1158/1226/244 1155/1077/192
f 1151/1082/197 1157/1222/244 1158/1226/244 1150/1089/200
f 1166/1074/189 1143/827/244 1146/826/553 1162/1227/285
f 1164/1064/185 1145/829/244 1142/828/244 1163/1073/188
f 1159/1228/286 1148/1220/279 1147/1219/244 1156/1225/283
f 1150/1089/200 1158/1226/244 1147/1219/244 1160/1090/201
f 1154/1081/196 1152/1223/281 1157/1222/244 1151/1082/197
f 1155/1077/192 1158/1226/244 1157/1222/244 1161/1078/193
f 1163/1073/188 1142/828/244 1143/827/244 1166/1074/189
f 1165/1063/184 1144/831/555 1145/829/244 1164/1064/185
f 1167/1047/171 1168/1020/144 1169/1042/166 1170/1048/172
f 1175/999/123 1174/1026/150 1179/1006/130 1180/1000/124
f 1174/1026/150 1173/1032/156 1178/1010/134 1179/1006/130
f 1173/1032/156 1172/1036/160 1177/1014/138 1178/1010/134
f 1172/1036/160 1171/1038/162 1176/1018/142 1177/1014/138
f 1168/1020/144 1176/1018/142 1171/1038/162 1169/1042/166
f 1185/975/99 2395/1229/244 2422/1230/594 1186/976/568
f 1183/971/95 2393/1231/244 2396/1232/244 1184/972/96
f 1184/972/96 2396/1232/244 2395/1229/244 1185/975/99
f 1182/980/572 2394/979/571 2393/1231/244 1183/971/95
f 1187/963/90 1188/926/49 1189/956/83 1190/964/91
f 1195/936/59 1194/935/58 1199/842/8 1200/841/7
f 1194/935/58 1193/940/566 1198/848/14 1199/842/8
f 1193/940/566 1192/944/69 1197/870/32 1198/848/14
f 1192/944/69 1191/950/77 1196/920/43 1197/870/32
f 1188/926/49 1196/920/43 1191/950/77 1189/956/83
f 903/850/16 878/871/33 1021/874/36 1022/851/17
f 936/866/28 938/1127/227 1129/1203/263 1127/867/29
f 1002/840/6 997/933/56 1195/936/59 1200/841/7
f 937/1141/241 935/843/9 1126/846/12 1128/1204/264
f 1993/855/20 841/854/37 1025/1152/242 2231/1154/242
f 836/1085/181 1994/1104/181 2234/1153/181 1026/1086/181
f 938/1127/227 940/1125/225 1131/1205/265 1129/1203/263
f 939/1140/239 937/1141/241 1128/1204/264 1130/1206/266
f 887/1116/218 888/1114/216 1077/1179/254 1076/1178/253
f 843/861/25 1992/864/25 2236/1157/243 1027/1156/243
f 811/1100/92 1004/965/92 1181/968/92 1035/1188/92
f 942/1110/212 941/1111/213 1132/1208/268 1133/1207/267
f 889/1124/224 890/1122/223 1079/1173/250 1078/1172/249
f 940/1125/225 942/1110/212 1133/1207/267 1131/1205/265
f 890/1122/223 891/1118/220 1080/1184/261 1079/1173/250
f 941/1111/213 939/1140/239 1130/1206/266 1132/1208/268
f 892/1126/226 893/1128/228 1082/1176/252 1081/1175/251
f 844/711/181 845/1120/181 1028/1149/181 1018/747/181
f 923/994/118 943/1095/206 1134/1209/269 1116/995/119
f 808/890/25 806/894/25 1030/1147/243 1029/1146/243
f 944/1101/208 924/991/115 1098/992/116 1135/1210/270
f 895/1112/214 886/957/84 1086/958/85 1085/1169/247
f 810/886/25 808/890/25 1029/1146/243 1031/1185/243
f 896/1129/229 889/1124/224 1078/1172/249 1087/1171/589
f 807/1068/92 809/1097/92 1033/1186/92 1032/1069/92
f 943/1095/206 945/1094/205 1136/1211/271 1134/1209/269
f 812/882/25 810/886/25 1031/1185/243 1034/1187/243
f 946/1233/289 944/1101/208 1135/1210/270 1137/1212/272
f 809/1097/92 811/1100/92 1035/1188/92 1033/1186/92
f 897/1119/221 898/713/497 1015/776/527 1088/1181/256
f 813/880/25 812/882/25 1034/1187/243 1036/1189/243
f 945/1094/205 947/1093/204 1138/1213/273 1136/1211/271
f 899/1113/215 900/1115/585 1090/1183/259 1089/1182/258
f 815/878/25 813/880/25 1036/1189/243 1037/1190/243
f 2208/1099/92 840/1096/92 1062/1155/92 2419/1158/92
f 948/1234/290 946/1233/289 1137/1212/272 1139/1214/274
f 816/911/37 817/907/37 1039/1151/242 1038/1150/242
f 902/1117/219 897/1119/221 1088/1181/256 1091/1180/255
f 833/1133/92 1005/729/92 1202/802/92 1059/1199/92
f 947/1093/204 949/1092/580 1140/1215/591 1138/1213/273
f 817/907/37 818/905/37 1040/1159/242 1039/1151/242
f 877/928/51 1003/737/515 1201/782/531 1069/929/52
f 950/1235/291 948/1234/290 1139/1214/274 1141/1216/276
f 885/836/2 876/927/50 1068/930/53 1075/837/3
f 2204/1103/583 905/1102/582 1095/1166/588 2417/1165/587
f 818/905/37 819/901/37 1023/1193/242 1040/1159/242
f 949/1092/580 2146/1098/581 2352/1217/592 1140/1215/591
f 875/937/61 884/835/1 1074/838/4 1067/938/62
f 819/901/37 820/895/37 1041/1142/242 1023/1193/242
f 2205/1105/584 916/1027/577 1109/1030/578 2421/1202/590
f 2147/1236/292 950/1235/291 1141/1216/276 2353/1218/593
f 820/895/37 821/898/37 1042/1143/242 1041/1142/242
f 821/898/37 822/913/37 1043/1200/242 1042/1143/242
f 845/1120/181 846/1121/181 1044/1162/181 1028/1149/181
f 2207/1091/579 988/973/567 1186/976/568 2422/1230/594
f 894/952/79 892/1126/226 1081/1175/251 1093/953/80
f 822/913/37 823/909/37 1045/1160/242 1043/1200/242
f 888/1114/216 895/1112/214 1085/1169/247 1077/1179/254
f 846/1121/181 850/1123/181 1046/1163/181 1044/1162/181
f 823/909/37 824/903/37 1047/1161/242 1045/1160/242
f 951/1130/231 952/1131/232 1149/1221/280 1148/1220/279
f 824/903/37 825/899/37 1048/1148/242 1047/1161/242
f 954/1088/199 953/1079/194 1151/1082/197 1150/1089/200
f 891/1118/220 887/1116/218 1076/1178/253 1080/1184/261
f 825/899/37 826/497/37 1017/748/242 1048/1148/242
f 956/1136/235 955/1137/586 1153/1224/282 1152/1223/281
f 850/1123/181 851/1108/181 1049/1201/181 1046/1163/181
f 957/1080/195 956/1136/235 1152/1223/281 1154/1081/196
f 893/1128/228 896/1129/229 1087/1171/589 1082/1176/252
f 814/966/92 827/1109/92 1051/1191/92 1050/967/92
f 959/1076/191 958/1139/238 1156/1225/283 1155/1077/192
f 851/1108/181 837/1107/181 1052/1144/181 1049/1201/181
f 830/892/25 828/875/25 1054/1192/243 1053/1194/243
f 960/1138/237 951/1130/231 1148/1220/279 1159/1228/286
f 900/1115/585 902/1117/219 1091/1180/255 1090/1183/259
f 827/1109/92 829/1135/92 1055/1195/92 1051/1191/92
f 952/1131/232 961/1087/198 1160/1090/201 1149/1221/280
f 832/888/25 830/892/25 1053/1194/243 1056/1196/243
f 955/1137/586 962/1075/190 1161/1078/193 1153/1224/282
f 901/945/71 899/1113/215 1089/1182/258 1094/946/72
f 829/1135/92 831/1134/92 1057/1197/92 1055/1195/92
f 834/884/25 832/888/25 1056/1196/243 1058/1198/243
f 905/1102/582 882/857/21 1072/860/24 1095/1166/588
f 831/1134/92 833/1133/92 1059/1199/92 1057/1197/92
f 964/727/509 963/1132/233 1162/1227/285 1146/826/553
f 835/478/25 834/884/25 1058/1198/243 1060/801/243
f 966/1072/187 965/1061/182 1164/1064/185 1163/1073/188
f 883/858/22 880/921/44 1070/922/45 1073/859/559
f 828/875/25 815/878/25 1037/1190/243 1054/1192/243
f 968/1062/183 967/724/506 1144/831/555 1165/1063/184
f 837/1107/181 838/1106/181 1061/1145/181 1052/1144/181
f 963/1132/233 969/1071/186 1166/1074/189 1162/1227/285
f 1006/1022/146 930/947/74 1096/948/75 1097/1023/147
f 838/1106/181 839/1083/181 1024/1084/181 1061/1145/181
f 840/1096/92 847/1067/92 1063/1070/92 1062/1155/92
f 806/894/25 843/861/25 1027/1156/243 1030/1147/243
f 958/1139/238 960/1138/237 1159/1228/286 1156/1225/283
f 841/854/37 816/911/37 1038/1150/242 1025/1152/242
f 926/987/111 925/989/113 944/1101/208 946/1233/289
f 927/985/109 926/987/111 946/1233/289 948/1234/290
f 928/981/573 927/985/109 948/1234/290 950/1235/291
f 2123/982/574 928/981/573 950/1235/291 2147/1236/292
f 1279/1237/293 1452/1238/294 1453/1239/295 1280/1240/296
f 1393/1241/297 1572/1242/298 1573/1243/299 1394/1244/300
f 1329/1245/301 1504/1246/302 1502/1247/303 1327/1248/304
f 1392/1249/305 1571/1250/595 1572/1242/298 1393/1241/297
f 1298/1251/307 1398/1252/308 1401/1253/309 1297/1254/310
f 1205/1255/19 1594/1256/19 1591/1257/37 1240/1258/37
f 1277/1259/311 1450/1260/312 1451/1261/313 1278/1262/314
f 1242/1263/25 1590/1264/25 1593/1265/26 1206/1266/26
f 1328/1267/315 1503/1268/316 1505/1269/317 1330/1270/318
f 1391/1271/319 1570/1272/320 1571/1250/595 1392/1249/305
f 1273/1273/321 1400/1274/322 1399/1275/323 1274/1276/324
f 1228/1277/25 1216/1278/25 1255/1279/26 1256/1280/26
f 1216/1278/25 1214/1281/25 1254/1282/26 1255/1279/26
f 1214/1281/25 1213/1283/25 1253/1284/26 1254/1282/26
f 3229/1285/25 1234/1286/25 1259/1287/26 1576/1288/26
f 1213/1283/25 1211/1289/25 1252/1290/26 1253/1284/26
f 1234/1286/25 1232/1291/25 1258/1292/26 1259/1287/26
f 1211/1289/25 1209/1293/25 1251/1294/26 1252/1290/26
f 1232/1291/25 1230/1295/25 1257/1296/26 1258/1292/26
f 1230/1295/25 1228/1277/25 1256/1280/26 1257/1296/26
f 1209/1293/25 1207/1297/25 1250/1298/26 1251/1294/26
f 1221/1299/37 1222/1300/37 1265/1301/19 1264/1302/19
f 1226/1303/37 3228/1304/37 3230/1305/19 1269/1306/19
f 1220/1307/37 1221/1299/37 1264/1302/19 1263/1308/19
f 1225/1309/37 1226/1303/37 1269/1306/19 1268/1310/19
f 1219/1311/37 1220/1307/37 1263/1308/19 1262/1312/19
f 1218/1313/37 1219/1311/37 1262/1312/19 1261/1314/19
f 1224/1315/37 1225/1309/37 1268/1310/19 1267/1316/19
f 1217/1317/37 1218/1313/37 1261/1314/19 1260/1318/19
f 1223/1319/37 1224/1315/37 1267/1316/19 1266/1320/19
f 1222/1300/37 1223/1319/37 1266/1320/19 1265/1301/19
f 1276/1321/325 1449/1322/326 1798/1323/40 1667/1324/39
f 1390/1325/327 1569/1326/328 1570/1272/320 1391/1271/319
f 1275/1327/329 1448/1328/330 1449/1322/326 1276/1321/325
f 1327/1248/304 1502/1247/303 1500/1329/331 1325/1330/332
f 1381/1331/333 1561/1332/334 1569/1326/328 1390/1325/327
f 1271/1333/335 1446/1334/336 1447/1335/337 1272/1336/338
f 1326/1337/339 1501/1338/340 1503/1268/316 1328/1267/315
f 1389/1339/341 1568/1340/596 1567/1341/343 1388/1342/344
f 3231/1343/345 3235/1344/346 1445/1345/347 1270/1346/348
f 1388/1342/344 1567/1341/343 1566/1347/597 1387/1348/350
f 1325/1330/332 1500/1329/331 1499/1349/351 1323/1350/352
f 1387/1348/350 1566/1347/597 1565/1351/353 1386/1352/354
f 1579/1353/355 3243/1354/356 1472/1355/357 1295/1356/358
f 1324/1357/359 1474/1358/360 1501/1338/340 1326/1337/339
f 1386/1352/354 1565/1351/353 1564/1359/361 1385/1360/598
f 1397/1361/363 1574/1362/364 1471/1363/365 1289/1364/366
f 1260/1318/19 1205/1255/19 1240/1258/37 1217/1317/37
f 1207/1297/25 1242/1263/25 1206/1266/26 1250/1298/26
f 1385/1360/598 1564/1359/361 1562/1365/367 1383/1366/368
f 1281/1367/369 1464/1368/370 1574/1362/364 1397/1361/363
f 1323/1350/352 1499/1349/351 1483/1369/371 1306/1370/372
f 1384/1371/373 1563/1372/374 1560/1373/375 1382/1374/376
f 1383/1366/368 1562/1365/367 1563/1372/374 1384/1371/373
f 1382/1374/376 1560/1373/375 1561/1332/334 1381/1331/333
f 1395/1375/92 1554/1376/92 1429/1377/92 1215/1378/92
f 1379/1379/377 1557/1380/378 1556/1381/379 1376/1382/380
f 1380/1383/381 1559/1384/599 1558/1385/383 1378/1386/384
f 1378/1386/384 1558/1385/383 1557/1380/378 1379/1379/377
f 1377/1387/385 1555/1388/386 1964/1389/103 1772/1390/102
f 1376/1382/380 1556/1381/379 1555/1388/386 1377/1387/385
f 1322/1391/387 1498/1392/388 1905/1393/107 1714/1394/106
f 1321/1395/389 1497/1396/390 1498/1392/388 1322/1391/387
f 1320/1397/391 1496/1398/392 1497/1396/390 1321/1395/389
f 1319/1399/600 1495/1400/394 1496/1398/392 1320/1397/391
f 1318/1401/395 1476/1402/396 1495/1400/394 1319/1399/600
f 1316/1403/397 1493/1404/398 1494/1405/399 1317/1406/400
f 1375/1407/401 1553/1408/402 1548/1409/403 1370/1410/404
f 1315/1411/405 1492/1412/406 1493/1404/398 1316/1403/397
f 1314/1413/407 1491/1414/408 1492/1412/406 1315/1411/405
f 1374/1415/409 1552/1416/410 1553/1408/402 1375/1407/401
f 1313/1417/411 1490/1418/412 1491/1414/408 1314/1413/407
f 1373/1419/413 1551/1420/414 1552/1416/410 1374/1415/409
f 1312/1421/415 1489/1422/416 1490/1418/412 1313/1417/411
f 1372/1423/417 1550/1424/418 1551/1420/414 1373/1419/413
f 1311/1425/419 1488/1426/420 1489/1422/416 1312/1421/415
f 1371/1427/421 1549/1428/422 1550/1424/418 1372/1423/417
f 1274/1276/324 1399/1275/323 1488/1426/420 1311/1425/419
f 1362/1429/423 1541/1430/424 1549/1428/422 1371/1427/421
f 1307/1431/425 1484/1432/426 1475/1433/427 1396/1434/428
f 1370/1410/404 1548/1409/403 1547/1435/429 1369/1436/430
f 1310/1437/431 1487/1438/432 1486/1439/433 1309/1440/434
f 1369/1436/430 1547/1435/429 1546/1441/435 1368/1442/436
f 1309/1440/434 1486/1439/433 1485/1443/437 1308/1444/438
f 1368/1442/436 1546/1441/435 1545/1445/439 1367/1446/440
f 1308/1444/438 1485/1443/437 1484/1432/426 1307/1431/425
f 1367/1446/440 1545/1445/439 1544/1447/441 1366/1448/442
f 1306/1370/372 1483/1369/371 1482/1449/443 1305/1450/444
f 1366/1448/442 1544/1447/441 1542/1451/445 1364/1452/446
f 1305/1450/444 1482/1449/443 1481/1453/447 1304/1454/448
f 1365/1455/449 1543/1456/601 1540/1457/451 1363/1458/452
f 1304/1454/448 1481/1453/447 1480/1459/453 1303/1460/454
f 1303/1460/454 1480/1459/453 1479/1461/455 1302/1462/456
f 1364/1452/446 1542/1451/445 1543/1456/601 1365/1455/449
f 1302/1462/456 1479/1461/455 1478/1463/457 1301/1464/458
f 1363/1458/452 1540/1457/451 1541/1430/424 1362/1429/423
f 1301/1464/458 1478/1463/457 1477/1465/459 1300/1466/460
f 1246/1467/181 1444/1468/181 1442/1469/181 1247/1470/181
f 1300/1466/460 1477/1465/459 1398/1252/308 1298/1251/307
f 1358/1471/461 1537/1472/462 1538/1473/463 1360/1474/464
f 1241/1475/181 1443/1476/181 1444/1468/181 1246/1467/181
f 1245/1477/92 1441/1478/92 1411/1479/92 1208/1480/92
f 1361/1481/465 1539/1482/466 1536/1483/467 1359/1484/468
f 1356/1485/469 1534/1486/470 1528/1487/471 1353/1488/472
f 1347/1489/473 1524/1490/474 1527/1491/475 1351/1492/476
f 1238/1493/181 1403/1494/181 1443/1476/181 1241/1475/181
f 1247/1470/181 1442/1469/181 1405/1495/181 1235/1496/181
f 1355/1497/477 1533/1498/478 1523/1499/479 1348/1500/480
f 1394/1244/300 1794/1501/202 1380/1383/381 1393/1241/297
f 1378/1386/384 1392/1249/305 1393/1241/297 1380/1383/381
f 1379/1379/377 1391/1271/319 1392/1249/305 1378/1386/384
f 1376/1382/380 1390/1325/327 1391/1271/319 1379/1379/377
f 1376/1382/380 1377/1387/385 1381/1331/333 1390/1325/327
f 1377/1387/385 1772/1390/102 1382/1374/376 1381/1331/333
f 1343/1502/481 1389/1339/341 1388/1342/344 1341/1503/482
f 1341/1503/482 1388/1342/344 1387/1348/350 1339/1504/483
f 1339/1504/483 1387/1348/350 1386/1352/354 1337/1505/484
f 1239/1506/92 1245/1477/92 1383/1366/368 1384/1371/373
f 1245/1477/92 1208/1480/92 1385/1360/598 1383/1366/368
f 1210/1507/92 1386/1352/354 1385/1360/598 1208/1480/92
f 1737/1508/207 1394/1244/300 1389/1339/341 1343/1502/481
f 1382/1374/376 1772/1390/102 1795/1509/92
f 1794/1501/202 1394/1244/300 1737/1508/207
f 1384/1371/373 1382/1374/376 1795/1509/92 1239/1506/92
f 1210/1507/92 1212/1510/92 1337/1505/484 1386/1352/354
f 1317/1406/400 1337/1505/484 1212/1510/92 1395/1375/92
f 1319/1399/600 1338/1511/485 1318/1401/395
f 1375/1407/401 1791/1512/210 1299/1513/486 1374/1415/409
f 1276/1321/325 1667/1324/39 1363/1458/452 1362/1429/423
f 1275/1327/329 1276/1321/325 1362/1429/423 1371/1427/421
f 1278/1262/314 1275/1327/329 1371/1427/421 1372/1423/417
f 1277/1259/311 1278/1262/314 1372/1423/417 1373/1419/413
f 1299/1513/486 1277/1259/311 1373/1419/413 1374/1415/409
f 1310/1437/431 1309/1440/434 1364/1452/446 1365/1455/449
f 1308/1444/438 1366/1448/442 1364/1452/446 1309/1440/434
f 1307/1431/425 1367/1446/440 1366/1448/442 1308/1444/438
f 1235/1496/181 1370/1410/404 1369/1436/430 1247/1470/181
f 1247/1470/181 1369/1436/430 1368/1442/436 1246/1467/181
f 1246/1467/181 1368/1442/436 1367/1446/440 1241/1475/181
f 1592/1514/181 1375/1407/401 1370/1410/404 1235/1496/181
f 1791/1512/210 1375/1407/401 1592/1514/181
f 1363/1458/452 1792/1515/211 1310/1437/431 1365/1455/449
f 1792/1515/211 1363/1458/452 1667/1324/39
f 1241/1475/181 1367/1446/440 1307/1431/425 1238/1493/181
f 1238/1493/181 1307/1431/425 1396/1434/428 1237/1516/181
f 1237/1516/181 1396/1434/428 1324/1357/359 1236/1517/181
f 1236/1517/181 1324/1357/359 1326/1337/339 1249/1518/181
f 1317/1406/400 1395/1375/92 1215/1378/92 1316/1403/397
f 1215/1378/92 1227/1519/92 1315/1411/405 1316/1403/397
f 1336/1520/487 1335/1521/488 1579/1353/355 1397/1361/363
f 1281/1367/369 1397/1361/363 1579/1353/355 1295/1356/358
f 1290/1522/489 1281/1367/369 1295/1356/358 1293/1523/602
f 1293/1523/602 1294/1524/491 1283/1525/492 1290/1522/489
f 1282/1526/493 1283/1525/492 1294/1524/491 1296/1527/494
f 1296/1527/494 1292/1528/495 1286/1529/496 1282/1526/493
f 1575/1530/181 1243/1531/181 1292/1528/495 1577/1532/497
f 1244/1533/181 1286/1529/496 1292/1528/495 1243/1531/181
f 1244/1533/181 1248/1534/181 1285/1535/498 1286/1529/496
f 1248/1534/181 1249/1518/181 1284/1536/499 1285/1535/498
f 1289/1364/366 1334/1537/500 1336/1520/487 1397/1361/363
f 1287/1538/501 1332/1539/502 1334/1537/500 1289/1364/366
f 1288/1540/503 1330/1270/318 1332/1539/502 1287/1538/501
f 1291/1541/504 1328/1267/315 1330/1270/318 1288/1540/503
f 1284/1536/499 1326/1337/339 1328/1267/315 1291/1541/504
f 1326/1337/339 1284/1536/499 1249/1518/181
f 1273/1273/321 1345/1542/505 1578/1543/506 1297/1254/310
f 1345/1542/505 1346/1544/507 1360/1474/464 1578/1543/506
f 1358/1471/461 1360/1474/464 1346/1544/507 1355/1497/477
f 1359/1484/468 1358/1471/461 1355/1497/477 1348/1500/480
f 1347/1489/473 1361/1481/465 1359/1484/468 1348/1500/480
f 1357/1545/508 1361/1481/465 1347/1489/473 1351/1492/476
f 3232/1546/509 1357/1545/508 1233/1547/92 3234/1548/92
f 1357/1545/508 1351/1492/476 1231/1549/92 1233/1547/92
f 1229/1550/92 1231/1549/92 1351/1492/476 1350/1551/510
f 1227/1519/92 1229/1550/92 1350/1551/510 1349/1552/603
f 1273/1273/321 1274/1276/324 1354/1553/512 1345/1542/505
f 1274/1276/324 1311/1425/419 1352/1554/513 1354/1553/512
f 1311/1425/419 1312/1421/415 1353/1488/472 1352/1554/513
f 1312/1421/415 1313/1417/411 1356/1485/469 1353/1488/472
f 1313/1417/411 1314/1413/407 1349/1552/603 1356/1485/469
f 1314/1413/407 1315/1411/405 1227/1519/92 1349/1552/603
f 1300/1466/460 3231/1343/345 1270/1346/348 1301/1464/458
f 1298/1251/307 3231/1343/345 1300/1466/460
f 1297/1254/310 1578/1543/506 3231/1343/345 1298/1251/307
f 1333/1555/514 3233/1556/515 1579/1353/355 1335/1521/488
f 1331/1557/516 1272/1336/338 3233/1556/515 1333/1555/514
f 1272/1336/338 1331/1557/516 1329/1245/301 1271/1333/335
f 1304/1454/448 1325/1330/332 1323/1350/352 1305/1450/444
f 1303/1460/454 1327/1248/304 1325/1330/332 1304/1454/448
f 1302/1462/456 1329/1245/301 1327/1248/304 1303/1460/454
f 1279/1237/293 1302/1462/456 1301/1464/458 1270/1346/348
f 1280/1240/296 1271/1333/335 1329/1245/301
f 1306/1370/372 1305/1450/444 1323/1350/352
f 1279/1237/293 1280/1240/296 1329/1245/301 1302/1462/456
f 1420/1558/242 1439/1559/181 1431/1560/181 1421/1561/242
f 1408/1562/243 1411/1479/92 1441/1478/92 1409/1563/243
f 1427/1564/242 1407/1565/181 1584/1566/181 1583/1567/242
f 1417/1568/242 1442/1469/181 1444/1468/181 1418/1569/242
f 1401/1253/309 1398/1252/308 1399/1275/323 1400/1274/322
f 1404/1570/242 1807/1571/242 1810/1572/181 1405/1495/181
f 1440/1573/92 1988/1574/92 1812/1575/243 1406/1576/243
f 1418/1569/242 1444/1468/181 1443/1476/181 1419/1577/242
f 1424/1578/242 1425/1579/181 1423/1580/181 1426/1581/242
f 1446/1334/336 1453/1239/295 3238/1582/244 3237/1583/244
f 1452/1238/294 1445/1345/347 3235/1344/346 1580/1584/244
f 1450/1260/312 1473/1585/517 1987/1586/604 1799/1587/244
f 1448/1328/330 1451/1261/313 1800/1588/244 1797/1589/244
f 1463/1590/518 1470/1591/244 1574/1362/364 1464/1368/370
f 1465/1592/519 1461/1593/244 1457/1594/520 1456/1595/521
f 1459/1596/605 1470/1591/244 1462/1597/244 1460/1598/523
f 1454/1599/524 1461/1593/244 1462/1597/244 1455/1600/525
f 1469/1601/526 1581/1602/244 1582/1603/606 1466/1604/528
f 1467/1605/529 3239/1606/244 3236/1607/244 1468/1608/530
f 1447/1335/337 1446/1334/336 3237/1583/244 1589/1609/531
f 1453/1239/295 1452/1238/294 1580/1584/244 3238/1582/244
f 1471/1363/365 1574/1362/364 1470/1591/244 1459/1596/605
f 1455/1600/525 1462/1597/244 1470/1591/244 1463/1590/518
f 1458/1610/532 1457/1594/520 1461/1593/244 1454/1599/524
f 1460/1598/523 1462/1597/244 1461/1593/244 1465/1592/519
f 1468/1608/530 3236/1607/244 1581/1602/244 1469/1601/526
f 1472/1355/357 3243/1354/356 3239/1606/244 1467/1605/529
f 1451/1261/313 1450/1260/312 1799/1587/244 1800/1588/244
f 1449/1322/326 1448/1328/330 1797/1589/244 1798/1323/40
f 1410/1611/243 1412/1612/92 1411/1479/92 1408/1562/243
f 1441/1478/92 1440/1573/92 1406/1576/243 1409/1563/243
f 1413/1613/243 1414/1614/92 1412/1612/92 1410/1611/243
f 1415/1615/243 1554/1376/92 1414/1614/92 1413/1613/243
f 1417/1568/242 1404/1570/242 1405/1495/181 1442/1469/181
f 1426/1581/242 1423/1580/181 1407/1565/181 1427/1564/242
f 1415/1615/243 1416/1616/243 1429/1377/92 1554/1376/92
f 1429/1377/92 1416/1616/243 1433/1617/243 1430/1618/92
f 1419/1577/242 1443/1476/181 1403/1494/181 1402/1619/242
f 1432/1620/243 1434/1621/92 1430/1618/92 1433/1617/243
f 1435/1622/243 1436/1623/92 1434/1621/92 1432/1620/243
f 1437/1624/243 1438/1625/92 1436/1623/92 1435/1622/243
f 1402/1619/242 1403/1494/181 1439/1559/181 1420/1558/242
f 1421/1561/242 1431/1560/181 1428/1626/181 1422/1627/242
f 1585/1628/243 3242/1629/92 1438/1625/92 1437/1624/243
f 1422/1627/242 1428/1626/181 1425/1579/181 1424/1578/242
f 1989/1630/262 1905/1393/107 1498/1392/388 1487/1438/432
f 1487/1438/432 1498/1392/388 1497/1396/390 1486/1439/433
f 1486/1439/433 1497/1396/390 1496/1398/392 1485/1443/437
f 1485/1443/437 1496/1398/392 1495/1400/394 1484/1432/426
f 1484/1432/426 1495/1400/394 1476/1402/396 1475/1433/427
f 1475/1433/427 1476/1402/396 1494/1405/399 1483/1369/371
f 1483/1369/371 1494/1405/399 1493/1404/398 1482/1449/443
f 1482/1449/443 1493/1404/398 1492/1412/406 1481/1453/447
f 1481/1453/447 1492/1412/406 1491/1414/408 1480/1459/453
f 1480/1459/453 1491/1414/408 1490/1418/412 1479/1461/455
f 1479/1461/455 1490/1418/412 1489/1422/416 1478/1463/457
f 1478/1463/457 1489/1422/416 1488/1426/420 1477/1465/459
f 1399/1275/323 1398/1252/308 1477/1465/459 1488/1426/420
f 1475/1433/427 1483/1369/371 1499/1349/351 1474/1358/360
f 1474/1358/360 1499/1349/351 1500/1329/331 1501/1338/340
f 1501/1338/340 1500/1329/331 1502/1247/303 1503/1268/316
f 1503/1268/316 1502/1247/303 1504/1246/302 1505/1269/317
f 1505/1269/317 1504/1246/302 1506/1631/533 1507/1632/534
f 1507/1632/534 1506/1631/533 1508/1633/535 1509/1634/536
f 1509/1634/536 1508/1633/535 1510/1635/537 1511/1636/538
f 1494/1405/399 1476/1402/396 1513/1637/539 1512/1638/540
f 1512/1638/540 1513/1637/539 1515/1639/541 1514/1640/542
f 1514/1640/542 1515/1639/541 1517/1641/543 1516/1642/544
f 1516/1642/544 1517/1641/543 1519/1643/545 1518/1644/546
f 1518/1644/546 1519/1643/545 1928/1645/278 1927/1646/277
f 1533/1498/478 1522/1647/607 1521/1648/548 1520/1649/244
f 1534/1486/470 1526/1650/549 1525/1651/550 1530/1652/244
f 1529/1653/551 1528/1487/471 1531/1654/244 1520/1649/244
f 1524/1490/474 1523/1499/479 1531/1654/244 1530/1652/244
f 1539/1482/466 1535/1655/608 1588/1656/553 1587/1657/244
f 1537/1472/462 1536/1483/467 1586/1658/244 3241/1659/244
f 1532/1660/554 1529/1653/551 1520/1649/244 1521/1648/548
f 1523/1499/479 1533/1498/478 1520/1649/244 1531/1654/244
f 1527/1491/475 1524/1490/474 1530/1652/244 1525/1651/550
f 1528/1487/471 1534/1486/470 1530/1652/244 1531/1654/244
f 1536/1483/467 1539/1482/466 1587/1657/244 1586/1658/244
f 1538/1473/463 1537/1472/462 3241/1659/244 3240/1661/609
f 1540/1457/451 1543/1456/601 1542/1451/445 1541/1430/424
f 1548/1409/403 1553/1408/402 1552/1416/410 1547/1435/429
f 1547/1435/429 1552/1416/410 1551/1420/414 1546/1441/435
f 1546/1441/435 1551/1420/414 1550/1424/418 1545/1445/439
f 1545/1445/439 1550/1424/418 1549/1428/422 1544/1447/441
f 1541/1430/424 1542/1451/445 1544/1447/441 1549/1428/422
f 1558/1385/383 1559/1384/599 1990/1662/288 1965/1663/244
f 1556/1381/379 1557/1380/378 1966/1664/244 1963/1665/244
f 1557/1380/378 1558/1385/383 1965/1663/244 1966/1664/244
f 1555/1388/386 1556/1381/379 1963/1665/244 1964/1389/103
f 1560/1373/375 1563/1372/374 1562/1365/367 1561/1332/334
f 1568/1340/596 1573/1243/299 1572/1242/298 1567/1341/343
f 1567/1341/343 1572/1242/298 1571/1250/595 1566/1347/597
f 1566/1347/597 1571/1250/595 1570/1272/320 1565/1351/353
f 1565/1351/353 1570/1272/320 1569/1326/328 1564/1359/361
f 1561/1332/334 1562/1365/367 1564/1359/361 1569/1326/328
f 1297/1254/310 1401/1253/309 1400/1274/322 1273/1273/321
f 1330/1270/318 1505/1269/317 1507/1632/534 1332/1539/502
f 1394/1244/300 1573/1243/299 1568/1340/596 1389/1339/341
f 1331/1557/516 1506/1631/533 1504/1246/302 1329/1245/301
f 1591/1257/37 1807/1571/242 1404/1570/242 1240/1258/37
f 1235/1496/181 1405/1495/181 1810/1572/181 1592/1514/181
f 1332/1539/502 1507/1632/534 1509/1634/536 1334/1537/500
f 1333/1555/514 1508/1633/535 1506/1631/533 1331/1557/516
f 1282/1526/493 1454/1599/524 1455/1600/525 1283/1525/492
f 1242/1263/25 1406/1576/243 1812/1575/243 1590/1264/25
f 1212/1510/92 1414/1614/92 1554/1376/92 1395/1375/92
f 1336/1520/487 1511/1636/538 1510/1635/537 1335/1521/488
f 1284/1536/499 1456/1595/521 1457/1594/520 1285/1535/498
f 1334/1537/500 1509/1634/536 1511/1636/538 1336/1520/487
f 1285/1535/498 1457/1594/520 1458/1610/532 1286/1529/496
f 1335/1521/488 1510/1635/537 1508/1633/535 1333/1555/514
f 1287/1538/501 1459/1596/605 1460/1598/523 1288/1540/503
f 1575/1530/181 1584/1566/181 1407/1565/181 1243/1531/181
f 1317/1406/400 1494/1405/399 1512/1638/540 1337/1505/484
f 1209/1293/25 1408/1562/243 1409/1563/243 1207/1297/25
f 1338/1511/485 1513/1637/539 1476/1402/396 1318/1401/395
f 1290/1522/489 1463/1590/518 1464/1368/370 1281/1367/369
f 1211/1289/25 1410/1611/243 1408/1562/243 1209/1293/25
f 1291/1541/504 1465/1592/519 1456/1595/521 1284/1536/499
f 1208/1480/92 1411/1479/92 1412/1612/92 1210/1507/92
f 1337/1505/484 1512/1638/540 1514/1640/542 1339/1504/483
f 1213/1283/25 1413/1613/243 1410/1611/243 1211/1289/25
f 1340/1666/556 1515/1639/541 1513/1637/539 1338/1511/485
f 1210/1507/92 1412/1612/92 1414/1614/92 1212/1510/92
f 1292/1528/495 1466/1604/528 1582/1603/606 1577/1532/497
f 1214/1281/25 1415/1615/243 1413/1613/243 1213/1283/25
f 1339/1504/483 1514/1640/542 1516/1642/544 1341/1503/482
f 1293/1523/602 1467/1605/529 1468/1608/530 1294/1524/491
f 1216/1278/25 1416/1616/243 1415/1615/243 1214/1281/25
f 1795/1509/92 1988/1574/92 1440/1573/92 1239/1506/92
f 1342/1667/557 1517/1641/543 1515/1639/541 1340/1666/556
f 1217/1317/37 1417/1568/242 1418/1569/242 1218/1313/37
f 1296/1527/494 1469/1601/526 1466/1604/528 1292/1528/495
f 1233/1547/92 1438/1625/92 3242/1629/92 3234/1548/92
f 1341/1503/482 1516/1642/544 1518/1644/546 1343/1502/481
f 1218/1313/37 1418/1569/242 1419/1577/242 1219/1311/37
f 1272/1336/338 1447/1335/337 1589/1609/531 3233/1556/515
f 1344/1668/558 1519/1643/545 1517/1641/543 1342/1667/557
f 1280/1240/296 1453/1239/295 1446/1334/336 1271/1333/335
f 1791/1512/210 1987/1586/604 1473/1585/517 1299/1513/486
f 1219/1311/37 1419/1577/242 1402/1619/242 1220/1307/37
f 1343/1502/481 1518/1644/546 1927/1646/277 1737/1508/207
f 1270/1346/348 1445/1345/347 1452/1238/294 1279/1237/293
f 1220/1307/37 1402/1619/242 1420/1558/242 1221/1299/37
f 1792/1515/211 1989/1630/262 1487/1438/432 1310/1437/431
f 1738/1669/292 1928/1645/278 1519/1643/545 1344/1668/558
f 1221/1299/37 1420/1558/242 1421/1561/242 1222/1300/37
f 1222/1300/37 1421/1561/242 1422/1627/242 1223/1319/37
f 1243/1531/181 1407/1565/181 1423/1580/181 1244/1533/181
f 1794/1501/202 1990/1662/288 1559/1384/599 1380/1383/381
f 1289/1364/366 1471/1363/365 1459/1596/605 1287/1538/501
f 1223/1319/37 1422/1627/242 1424/1578/242 1224/1315/37
f 1283/1525/492 1455/1600/525 1463/1590/518 1290/1522/489
f 1244/1533/181 1423/1580/181 1425/1579/181 1248/1534/181
f 1224/1315/37 1424/1578/242 1426/1581/242 1225/1309/37
f 1345/1542/505 1521/1648/548 1522/1647/607 1346/1544/507
f 1225/1309/37 1426/1581/242 1427/1564/242 1226/1303/37
f 1348/1500/480 1523/1499/479 1524/1490/474 1347/1489/473
f 1286/1529/496 1458/1610/532 1454/1599/524 1282/1526/493
f 1226/1303/37 1427/1564/242 1583/1567/242 3228/1304/37
f 1350/1551/510 1525/1651/550 1526/1650/549 1349/1552/603
f 1248/1534/181 1425/1579/181 1428/1626/181 1249/1518/181
f 1351/1492/476 1527/1491/475 1525/1651/550 1350/1551/510
f 1288/1540/503 1460/1598/523 1465/1592/519 1291/1541/504
f 1215/1378/92 1429/1377/92 1430/1618/92 1227/1519/92
f 1353/1488/472 1528/1487/471 1529/1653/551 1352/1554/513
f 1249/1518/181 1428/1626/181 1431/1560/181 1236/1517/181
f 1230/1295/25 1432/1620/243 1433/1617/243 1228/1277/25
f 1354/1553/512 1532/1660/554 1521/1648/548 1345/1542/505
f 1294/1524/491 1468/1608/530 1469/1601/526 1296/1527/494
f 1227/1519/92 1430/1618/92 1434/1621/92 1229/1550/92
f 1346/1544/507 1522/1647/607 1533/1498/478 1355/1497/477
f 1232/1291/25 1435/1622/243 1432/1620/243 1230/1295/25
f 1349/1552/603 1526/1650/549 1534/1486/470 1356/1485/469
f 1295/1356/358 1472/1355/357 1467/1605/529 1293/1523/602
f 1229/1550/92 1434/1621/92 1436/1623/92 1231/1549/92
f 1234/1286/25 1437/1624/243 1435/1622/243 1232/1291/25
f 1299/1513/486 1473/1585/517 1450/1260/312 1277/1259/311
f 1231/1549/92 1436/1623/92 1438/1625/92 1233/1547/92
f 3232/1546/509 1588/1656/553 1535/1655/608 1357/1545/508
f 3229/1285/25 1585/1628/243 1437/1624/243 1234/1286/25
f 1359/1484/468 1536/1483/467 1537/1472/462 1358/1471/461
f 1278/1262/314 1451/1261/313 1448/1328/330 1275/1327/329
f 1228/1277/25 1433/1617/243 1416/1616/243 1216/1278/25
f 1360/1474/464 1538/1473/463 3240/1661/609 1578/1543/506
f 1236/1517/181 1431/1560/181 1439/1559/181 1237/1516/181
f 1357/1545/508 1535/1655/608 1539/1482/466 1361/1481/465
f 1396/1434/428 1475/1433/427 1474/1358/360 1324/1357/359
f 1237/1516/181 1439/1559/181 1403/1494/181 1238/1493/181
f 1239/1506/92 1440/1573/92 1441/1478/92 1245/1477/92
f 1207/1297/25 1409/1563/243 1406/1576/243 1242/1263/25
f 1352/1554/513 1529/1653/551 1532/1660/554 1354/1553/512
f 1240/1258/37 1404/1570/242 1417/1568/242 1217/1317/37
f 1320/1397/391 1340/1666/556 1338/1511/485 1319/1399/600
f 1321/1395/389 1342/1667/557 1340/1666/556 1320/1397/391
f 1322/1391/387 1344/1668/558 1342/1667/557 1321/1395/389
f 1714/1394/106 1738/1669/292 1344/1668/558 1322/1391/387
f 1670/1670/1 1671/1671/2 1859/1672/3 1858/1673/610
f 1788/1674/5 1789/1675/6 1986/1676/7 1985/1677/8
f 1721/1678/9 1719/1679/10 1909/1680/11 1911/1681/12
f 1787/1682/13 1788/1674/5 1985/1677/8 1984/1683/14
f 1689/1684/15 1688/1685/16 1804/1686/17 1801/1687/18
f 1595/1688/19 1630/1689/37 1591/1257/37 1594/1256/19
f 1668/1690/21 1669/1691/22 1857/1692/23 1856/1693/24
f 1632/1694/25 1596/1695/26 1593/1265/26 1590/1264/25
f 1720/1696/27 1722/1697/28 1912/1698/29 1910/1699/30
f 1786/1700/31 1787/1682/13 1984/1683/14 1983/1701/32
f 1663/1702/33 1664/1703/560 1802/1704/35 1803/1705/36
f 1618/1706/25 1646/1707/26 1645/1708/26 1606/1709/25
f 1606/1709/25 1645/1708/26 1644/1710/26 1604/1711/25
f 1604/1711/25 1644/1710/26 1643/1712/26 1603/1713/25
f 2028/1714/25 2055/1715/26 1649/1716/26 1624/1717/25
f 1603/1713/25 1643/1712/26 1642/1718/26 1601/1719/25
f 1624/1717/25 1649/1716/26 1648/1720/26 1622/1721/25
f 1601/1719/25 1642/1718/26 1641/1722/26 1599/1723/25
f 1622/1721/25 1648/1720/26 1647/1724/26 1620/1725/25
f 1620/1725/25 1647/1724/26 1646/1707/26 1618/1706/25
f 1599/1723/25 1641/1722/26 1640/1726/26 1597/1727/25
f 1611/1728/37 1654/1729/19 1655/1730/19 1612/1731/37
f 1616/1732/37 1659/1733/19 2066/1734/19 2019/1735/37
f 1610/1736/37 1653/1737/19 1654/1729/19 1611/1728/37
f 1615/1738/37 1658/1739/19 1659/1733/19 1616/1732/37
f 1609/1740/37 1652/1741/19 1653/1737/19 1610/1736/37
f 1608/1742/37 1651/1743/19 1652/1741/19 1609/1740/37
f 1614/1744/37 1657/1745/19 1658/1739/19 1615/1738/37
f 1607/1746/37 1650/1747/19 1651/1743/19 1608/1742/37
f 1613/1748/37 1656/1749/19 1657/1745/19 1614/1744/37
f 1612/1731/37 1655/1730/19 1656/1749/19 1613/1748/37
f 1666/1750/38 1667/1324/39 1798/1323/40 1855/1751/41
f 1785/1752/42 1786/1700/31 1983/1701/32 1982/1753/43
f 1665/1754/44 1666/1750/38 1855/1751/41 1854/1755/45
f 1719/1679/10 1717/1756/46 1907/1757/47 1909/1680/11
f 1776/1758/48 1785/1752/42 1982/1753/43 1974/1759/49
f 1661/1760/50 1662/1761/51 1853/1762/52 1852/1763/53
f 1718/1764/54 1720/1696/27 1910/1699/30 1908/1765/565
f 1784/1766/56 1783/1767/57 1980/1768/58 1981/1769/59
f 2067/1770/345 1660/1771/61 1851/1772/62 2216/1773/346
f 1783/1767/57 1782/1774/64 1979/1775/65 1980/1768/58
f 1717/1756/46 1715/1776/66 1906/1777/67 1907/1757/47
f 1782/1774/64 1781/1778/68 1978/1779/69 1979/1775/65
f 2209/1780/355 1686/1781/71 1878/1782/72 2423/1783/356
f 1716/1784/74 1718/1764/54 1908/1765/565 1880/1785/75
f 1781/1778/68 1780/1786/76 1977/1787/77 1978/1779/69
f 1796/1788/78 1680/1789/79 1877/1790/80 1991/1791/81
f 1650/1747/19 1607/1746/37 1630/1689/37 1595/1688/19
f 1597/1727/25 1640/1726/26 1596/1695/26 1632/1694/25
f 1780/1786/76 1778/1792/82 1975/1793/83 1977/1787/77
f 1672/1794/84 1796/1788/78 1991/1791/81 1870/1795/611
f 1715/1776/66 1697/1796/86 1889/1797/87 1906/1777/67
f 1779/1798/88 1777/1799/89 1973/1800/90 1976/1801/91
f 1778/1792/82 1779/1798/88 1976/1801/91 1975/1793/83
f 1777/1799/89 1776/1758/48 1974/1759/49 1973/1800/90
f 1790/1802/92 1605/1803/92 1835/1804/92 1967/1805/92
f 1774/1806/93 1770/1807/94 1969/1808/95 1970/1809/96
f 1775/1810/97 1773/1811/98 1971/1812/99 1972/1813/100
f 1773/1811/98 1774/1806/93 1970/1809/96 1971/1812/99
f 1771/1814/101 1772/1390/102 1964/1389/103 1968/1815/612
f 1770/1807/94 1771/1814/101 1968/1815/612 1969/1808/95
f 1713/1816/105 1714/1394/106 1905/1393/107 1904/1817/108
f 1712/1818/109 1713/1816/105 1904/1817/108 1903/1819/110
f 1711/1820/111 1712/1818/109 1903/1819/110 1902/1821/112
f 1710/1822/113 1711/1820/111 1902/1821/112 1901/1823/114
f 1709/1824/115 1710/1822/113 1901/1823/114 1882/1825/116
f 1707/1826/117 1708/1827/118 1900/1828/119 1899/1829/120
f 1769/1830/121 1764/1831/122 1957/1832/123 1962/1833/124
f 1706/1834/125 1707/1826/117 1899/1829/120 1898/1835/126
f 1705/1836/127 1706/1834/125 1898/1835/126 1897/1837/128
f 1768/1838/129 1769/1830/121 1962/1833/124 1961/1839/130
f 1704/1840/131 1705/1836/127 1897/1837/128 1896/1841/132
f 1767/1842/133 1768/1838/129 1961/1839/130 1960/1843/134
f 1703/1844/135 1704/1840/131 1896/1841/132 1895/1845/136
f 1766/1846/137 1767/1842/133 1960/1843/134 1959/1847/138
f 1702/1848/139 1703/1844/135 1895/1845/136 1894/1849/140
f 1765/1850/141 1766/1846/137 1959/1847/138 1958/1851/142
f 1664/1703/560 1702/1848/139 1894/1849/140 1802/1704/35
f 1756/1852/143 1765/1850/141 1958/1851/142 1950/1853/144
f 1698/1854/145 1793/1855/146 1881/1856/147 1890/1857/148
f 1764/1831/122 1763/1858/149 1956/1859/150 1957/1832/123
f 1701/1860/151 1700/1861/152 1892/1862/153 1893/1863/154
f 1763/1858/149 1762/1864/155 1955/1865/156 1956/1859/150
f 1700/1861/152 1699/1866/157 1891/1867/158 1892/1862/153
f 1762/1864/155 1761/1868/159 1954/1869/160 1955/1865/156
f 1699/1866/157 1698/1854/145 1890/1857/148 1891/1867/158
f 1761/1868/159 1760/1870/161 1953/1871/162 1954/1869/160
f 1697/1796/86 1696/1872/163 1888/1873/613 1889/1797/87
f 1760/1870/161 1758/1874/165 1951/1875/166 1953/1871/162
f 1696/1872/163 1695/1876/167 1887/1877/168 1888/1873/613
f 1759/1878/169 1757/1879/170 1949/1880/614 1952/1881/172
f 1695/1876/167 1694/1882/173 1886/1883/174 1887/1877/168
f 1694/1882/173 1693/1884/175 1885/1885/176 1886/1883/174
f 1758/1874/165 1759/1878/169 1952/1881/172 1951/1875/166
f 1693/1884/175 1692/1886/177 1884/1887/178 1885/1885/176
f 1757/1879/170 1756/1852/143 1950/1853/144 1949/1880/614
f 1692/1886/177 1691/1888/179 1883/1889/180 1884/1887/178
f 1636/1890/181 1637/1891/181 1848/1892/181 1850/1893/181
f 1691/1888/179 1689/1684/15 1801/1687/18 1883/1889/180
f 1752/1894/182 1754/1895/183 1947/1896/615 1946/1897/185
f 1631/1898/181 1636/1890/181 1850/1893/181 1849/1899/181
f 1635/1900/92 1598/1901/92 1817/1902/92 1847/1903/92
f 1755/1904/186 1753/1905/187 1945/1906/188 1948/1907/189
f 1750/1908/190 1747/1909/191 1937/1910/192 1943/1911/193
f 1741/1912/194 1745/1913/195 1936/1914/196 1933/1915/197
f 1628/1916/181 1631/1898/181 1849/1899/181 1806/1917/181
f 1637/1891/181 1625/1918/181 1809/1919/181 1848/1892/181
f 1749/1920/198 1742/1921/199 1932/1922/200 1942/1923/201
f 1789/1675/6 1788/1674/5 1775/1810/97 1794/1501/202
f 1773/1811/98 1775/1810/97 1788/1674/5 1787/1682/13
f 1774/1806/93 1773/1811/98 1787/1682/13 1786/1700/31
f 1770/1807/94 1774/1806/93 1786/1700/31 1785/1752/42
f 1770/1807/94 1785/1752/42 1776/1758/48 1771/1814/101
f 1771/1814/101 1776/1758/48 1777/1799/89 1772/1390/102
f 1735/1924/203 1733/1925/204 1783/1767/57 1784/1766/56
f 1733/1925/204 1731/1926/205 1782/1774/64 1783/1767/57
f 1731/1926/205 1729/1927/206 1781/1778/68 1782/1774/64
f 1629/1928/92 1779/1798/88 1778/1792/82 1635/1900/92
f 1635/1900/92 1778/1792/82 1780/1786/76 1598/1901/92
f 1600/1929/92 1598/1901/92 1780/1786/76 1781/1778/68
f 1737/1508/207 1735/1924/203 1784/1766/56 1789/1675/6
f 1777/1799/89 1795/1509/92 1772/1390/102
f 1794/1501/202 1737/1508/207 1789/1675/6
f 1779/1798/88 1629/1928/92 1795/1509/92 1777/1799/89
f 1600/1929/92 1781/1778/68 1729/1927/206 1602/1930/92
f 1708/1827/118 1790/1802/92 1602/1930/92 1729/1927/206
f 1710/1822/113 1709/1824/115 1730/1931/208
f 1769/1830/121 1768/1838/129 1690/1932/209 1791/1512/210
f 1666/1750/38 1756/1852/143 1757/1879/170 1667/1324/39
f 1665/1754/44 1765/1850/141 1756/1852/143 1666/1750/38
f 1669/1691/22 1766/1846/137 1765/1850/141 1665/1754/44
f 1668/1690/21 1767/1842/133 1766/1846/137 1669/1691/22
f 1690/1932/209 1768/1838/129 1767/1842/133 1668/1690/21
f 1701/1860/151 1759/1878/169 1758/1874/165 1700/1861/152
f 1699/1866/157 1700/1861/152 1758/1874/165 1760/1870/161
f 1698/1854/145 1699/1866/157 1760/1870/161 1761/1868/159
f 1625/1918/181 1637/1891/181 1763/1858/149 1764/1831/122
f 1637/1891/181 1636/1890/181 1762/1864/155 1763/1858/149
f 1636/1890/181 1631/1898/181 1761/1868/159 1762/1864/155
f 1592/1514/181 1625/1918/181 1764/1831/122 1769/1830/121
f 1791/1512/210 1592/1514/181 1769/1830/121
f 1757/1879/170 1759/1878/169 1701/1860/151 1792/1515/211
f 1792/1515/211 1667/1324/39 1757/1879/170
f 1631/1898/181 1628/1916/181 1698/1854/145 1761/1868/159
f 1628/1916/181 1627/1933/181 1793/1855/146 1698/1854/145
f 1627/1933/181 1626/1934/181 1716/1784/74 1793/1855/146
f 1626/1934/181 1639/1935/181 1718/1764/54 1716/1784/74
f 1708/1827/118 1707/1826/117 1605/1803/92 1790/1802/92
f 1605/1803/92 1707/1826/117 1706/1834/125 1617/1936/92
f 1728/1937/212 1796/1788/78 2209/1780/355 1727/1938/213
f 1672/1794/84 1686/1781/71 2209/1780/355 1796/1788/78
f 1681/1939/214 1684/1940/215 1686/1781/71 1672/1794/84
f 1684/1940/215 1681/1939/214 1674/1941/216 1685/1942/585
f 1673/1943/218 1687/1944/219 1685/1942/585 1674/1941/216
f 1687/1944/219 1673/1943/218 1677/1945/220 1683/1946/221
f 2037/1947/181 2092/1948/497 1683/1946/221 1633/1949/181
f 1634/1950/181 1633/1949/181 1683/1946/221 1677/1945/220
f 1634/1950/181 1677/1945/220 1676/1951/223 1638/1952/181
f 1638/1952/181 1676/1951/223 1675/1953/224 1639/1935/181
f 1680/1789/79 1796/1788/78 1728/1937/212 1726/1954/225
f 1678/1955/226 1680/1789/79 1726/1954/225 1724/1956/227
f 1679/1957/228 1678/1955/226 1724/1956/227 1722/1697/28
f 1682/1958/229 1679/1957/228 1722/1697/28 1720/1696/27
f 1675/1953/224 1682/1958/229 1720/1696/27 1718/1764/54
f 1718/1764/54 1639/1935/181 1675/1953/224
f 1663/1702/33 1688/1685/16 2164/1959/506 1739/1960/231
f 1739/1960/231 2164/1959/506 1754/1895/183 1740/1961/232
f 1752/1894/182 1749/1920/198 1740/1961/232 1754/1895/183
f 1753/1905/187 1742/1921/199 1749/1920/198 1752/1894/182
f 1741/1912/194 1742/1921/199 1753/1905/187 1755/1904/186
f 1751/1962/233 1745/1913/195 1741/1912/194 1755/1904/186
f 2161/1963/509 2203/1964/92 1623/1965/92 1751/1962/233
f 1751/1962/233 1623/1965/92 1621/1966/92 1745/1913/195
f 1619/1967/92 1744/1968/235 1745/1913/195 1621/1966/92
f 1617/1936/92 1743/1969/586 1744/1968/235 1619/1967/92
f 1663/1702/33 1739/1960/231 1748/1970/237 1664/1703/560
f 1664/1703/560 1748/1970/237 1746/1971/238 1702/1848/139
f 1702/1848/139 1746/1971/238 1747/1909/191 1703/1844/135
f 1703/1844/135 1747/1909/191 1750/1908/190 1704/1840/131
f 1704/1840/131 1750/1908/190 1743/1969/586 1705/1836/127
f 1705/1836/127 1743/1969/586 1617/1936/92 1706/1834/125
f 1691/1888/179 1692/1886/177 1660/1771/61 2067/1770/345
f 1689/1684/15 1691/1888/179 2067/1770/345
f 1688/1685/16 1689/1684/15 2067/1770/345 2164/1959/506
f 1725/1972/239 1727/1938/213 2209/1780/355 2201/1973/515
f 1723/1974/241 1725/1972/239 2201/1973/515 1662/1761/51
f 1662/1761/51 1661/1760/50 1721/1678/9 1723/1974/241
f 1695/1876/167 1696/1872/163 1715/1776/66 1717/1756/46
f 1694/1882/173 1695/1876/167 1717/1756/46 1719/1679/10
f 1693/1884/175 1694/1882/173 1719/1679/10 1721/1678/9
f 1670/1670/1 1660/1771/61 1692/1886/177 1693/1884/175
f 1671/1671/2 1721/1678/9 1661/1760/50
f 1697/1796/86 1715/1776/66 1696/1872/163
f 1670/1670/1 1693/1884/175 1721/1678/9 1671/1671/2
f 1826/1975/242 1827/1976/242 1837/1977/181 1845/1978/181
f 1814/1979/243 1815/1980/243 1847/1903/92 1817/1902/92
f 1833/1981/242 2223/1982/242 2224/1983/181 1813/1984/181
f 1823/1985/242 1824/1986/242 1850/1893/181 1848/1892/181
f 1804/1686/17 1803/1705/36 1802/1704/35 1801/1687/18
f 1808/1987/242 1809/1919/181 1810/1572/181 1807/1571/242
f 1846/1988/92 1811/1989/243 1812/1575/243 1988/1574/92
f 1824/1986/242 1825/1990/242 1849/1899/181 1850/1893/181
f 1830/1991/242 1832/1992/242 1829/1993/181 1831/1994/181
f 1852/1763/53 2219/1995/244 2220/1996/244 1859/1672/3
f 1858/1673/610 2215/1997/244 2216/1773/346 1851/1772/62
f 1856/1693/24 1799/1587/244 1987/1586/604 1879/1998/246
f 1854/1755/45 1797/1589/244 1800/1588/244 1857/1692/23
f 1869/1999/247 1870/1795/611 1991/1791/81 1876/2000/244
f 1871/2001/589 1862/2002/249 1863/2003/250 1867/2004/244
f 1865/2005/251 1866/2006/252 1868/2007/244 1876/2000/244
f 1860/2008/253 1861/2009/254 1868/2007/244 1867/2004/244
f 1875/2010/255 1872/2011/256 2221/2012/606 2217/2013/244
f 1873/2014/258 1874/2015/259 2218/2016/244 2222/2017/244
f 1853/1762/52 2418/2018/531 2219/1995/244 1852/1763/53
f 1859/1672/3 2220/1996/244 2215/1997/244 1858/1673/610
f 1877/1790/80 1865/2005/251 1876/2000/244 1991/1791/81
f 1861/2009/254 1869/1999/247 1876/2000/244 1868/2007/244
f 1864/2019/261 1860/2008/253 1867/2004/244 1863/2003/250
f 1866/2006/252 1871/2001/589 1867/2004/244 1868/2007/244
f 1874/2015/259 1875/2010/255 2217/2013/244 2218/2016/244
f 1878/1782/72 1873/2014/258 2222/2017/244 2423/1783/356
f 1857/1692/23 1800/1588/244 1799/1587/244 1856/1693/24
f 1855/1751/41 1798/1323/40 1797/1589/244 1854/1755/45
f 1816/2020/243 1814/1979/243 1817/1902/92 1818/2021/92
f 1847/1903/92 1815/1980/243 1811/1989/243 1846/1988/92
f 1819/2022/243 1816/2020/243 1818/2021/92 1820/2023/92
f 1821/2024/243 1819/2022/243 1820/2023/92 1967/1805/92
f 1823/1985/242 1848/1892/181 1809/1919/181 1808/1987/242
f 1832/1992/242 1833/1981/242 1813/1984/181 1829/1993/181
f 1821/2024/243 1967/1805/92 1835/1804/92 1822/2025/243
f 1835/1804/92 1836/2026/92 1839/2027/243 1822/2025/243
f 1825/1990/242 1805/2028/242 1806/1917/181 1849/1899/181
f 1838/2029/243 1839/2027/243 1836/2026/92 1840/2030/92
f 1841/2031/243 1838/2029/243 1840/2030/92 1842/2032/92
f 1843/2033/243 1841/2031/243 1842/2032/92 1844/2034/92
f 1805/2028/242 1826/1975/242 1845/1978/181 1806/1917/181
f 1827/1976/242 1828/2035/242 1834/2036/181 1837/1977/181
f 2269/2037/243 1843/2033/243 1844/2034/92 2420/2038/92
f 1828/2035/242 1830/1991/242 1831/1994/181 1834/2036/181
f 1989/1630/262 1893/1863/154 1904/1817/108 1905/1393/107
f 1893/1863/154 1892/1862/153 1903/1819/110 1904/1817/108
f 1892/1862/153 1891/1867/158 1902/1821/112 1903/1819/110
f 1891/1867/158 1890/1857/148 1901/1823/114 1902/1821/112
f 1890/1857/148 1881/1856/147 1882/1825/116 1901/1823/114
f 1881/1856/147 1889/1797/87 1900/1828/119 1882/1825/116
f 1889/1797/87 1888/1873/613 1899/1829/120 1900/1828/119
f 1888/1873/613 1887/1877/168 1898/1835/126 1899/1829/120
f 1887/1877/168 1886/1883/174 1897/1837/128 1898/1835/126
f 1886/1883/174 1885/1885/176 1896/1841/132 1897/1837/128
f 1885/1885/176 1884/1887/178 1895/1845/136 1896/1841/132
f 1884/1887/178 1883/1889/180 1894/1849/140 1895/1845/136
f 1802/1704/35 1894/1849/140 1883/1889/180 1801/1687/18
f 1881/1856/147 1880/1785/75 1906/1777/67 1889/1797/87
f 1880/1785/75 1908/1765/565 1907/1757/47 1906/1777/67
f 1908/1765/565 1910/1699/30 1909/1680/11 1907/1757/47
f 1910/1699/30 1912/1698/29 1911/1681/12 1909/1680/11
f 1912/1698/29 1914/2039/263 1913/2040/264 1911/1681/12
f 1914/2039/263 1916/2041/265 1915/2042/266 1913/2040/264
f 1916/2041/265 1918/2043/267 1917/2044/268 1915/2042/266
f 1900/1828/119 1919/2045/269 1920/2046/270 1882/1825/116
f 1919/2045/269 1921/2047/271 1922/2048/272 1920/2046/270
f 1921/2047/271 1923/2049/273 1924/2050/274 1922/2048/272
f 1923/2049/273 1925/2051/275 1926/2052/276 1924/2050/274
f 1925/2051/275 1927/1646/277 1928/1645/278 1926/2052/276
f 1942/1923/201 1929/2053/244 1930/2054/279 1931/2055/280
f 1943/1911/193 1939/2056/244 1934/2057/281 1935/2058/282
f 1938/2059/283 1929/2053/244 1940/2060/244 1937/1910/192
f 1933/1915/197 1939/2056/244 1940/2060/244 1932/1922/200
f 1948/1907/189 2355/2061/244 2358/2062/553 1944/2063/285
f 1946/1897/185 2357/2064/244 2354/2065/244 1945/1906/188
f 1941/2066/286 1930/2054/279 1929/2053/244 1938/2059/283
f 1932/1922/200 1940/2060/244 1929/2053/244 1942/1923/201
f 1936/1914/196 1934/2057/281 1939/2056/244 1933/1915/197
f 1937/1910/192 1940/2060/244 1939/2056/244 1943/1911/193
f 1945/1906/188 2354/2065/244 2355/2061/244 1948/1907/189
f 1947/1896/615 2356/2067/609 2357/2064/244 1946/1897/185
f 1949/1880/614 1950/1853/144 1951/1875/166 1952/1881/172
f 1957/1832/123 1956/1859/150 1961/1839/130 1962/1833/124
f 1956/1859/150 1955/1865/156 1960/1843/134 1961/1839/130
f 1955/1865/156 1954/1869/160 1959/1847/138 1960/1843/134
f 1954/1869/160 1953/1871/162 1958/1851/142 1959/1847/138
f 1950/1853/144 1958/1851/142 1953/1871/162 1951/1875/166
f 1971/1812/99 1965/1663/244 1990/1662/288 1972/1813/100
f 1969/1808/95 1963/1665/244 1966/1664/244 1970/1809/96
f 1970/1809/96 1966/1664/244 1965/1663/244 1971/1812/99
f 1968/1815/612 1964/1389/103 1963/1665/244 1969/1808/95
f 1973/1800/90 1974/1759/49 1975/1793/83 1976/1801/91
f 1981/1769/59 1980/1768/58 1985/1677/8 1986/1676/7
f 1980/1768/58 1979/1775/65 1984/1683/14 1985/1677/8
f 1979/1775/65 1978/1779/69 1983/1701/32 1984/1683/14
f 1978/1779/69 1977/1787/77 1982/1753/43 1983/1701/32
f 1974/1759/49 1982/1753/43 1977/1787/77 1975/1793/83
f 1688/1685/16 1663/1702/33 1803/1705/36 1804/1686/17
f 1722/1697/28 1724/1956/227 1914/2039/263 1912/1698/29
f 1789/1675/6 1784/1766/56 1981/1769/59 1986/1676/7
f 1723/1974/241 1721/1678/9 1911/1681/12 1913/2040/264
f 1591/1257/37 1630/1689/37 1808/1987/242 1807/1571/242
f 1625/1918/181 1592/1514/181 1810/1572/181 1809/1919/181
f 1724/1956/227 1726/1954/225 1916/2041/265 1914/2039/263
f 1725/1972/239 1723/1974/241 1913/2040/264 1915/2042/266
f 1673/1943/218 1674/1941/216 1861/2009/254 1860/2008/253
f 1632/1694/25 1590/1264/25 1812/1575/243 1811/1989/243
f 1602/1930/92 1790/1802/92 1967/1805/92 1820/2023/92
f 1728/1937/212 1727/1938/213 1917/2044/268 1918/2043/267
f 1675/1953/224 1676/1951/223 1863/2003/250 1862/2002/249
f 1726/1954/225 1728/1937/212 1918/2043/267 1916/2041/265
f 1676/1951/223 1677/1945/220 1864/2019/261 1863/2003/250
f 1727/1938/213 1725/1972/239 1915/2042/266 1917/2044/268
f 1678/1955/226 1679/1957/228 1866/2006/252 1865/2005/251
f 2037/1947/181 1633/1949/181 1813/1984/181 2224/1983/181
f 1708/1827/118 1729/1927/206 1919/2045/269 1900/1828/119
f 1599/1723/25 1597/1727/25 1815/1980/243 1814/1979/243
f 1730/1931/208 1709/1824/115 1882/1825/116 1920/2046/270
f 1681/1939/214 1672/1794/84 1870/1795/611 1869/1999/247
f 1601/1719/25 1599/1723/25 1814/1979/243 1816/2020/243
f 1682/1958/229 1675/1953/224 1862/2002/249 1871/2001/589
f 1598/1901/92 1600/1929/92 1818/2021/92 1817/1902/92
f 1729/1927/206 1731/1926/205 1921/2047/271 1919/2045/269
f 1603/1713/25 1601/1719/25 1816/2020/243 1819/2022/243
f 1732/2068/289 1730/1931/208 1920/2046/270 1922/2048/272
f 1600/1929/92 1602/1930/92 1820/2023/92 1818/2021/92
f 1683/1946/221 2092/1948/497 2221/2012/606 1872/2011/256
f 1604/1711/25 1603/1713/25 1819/2022/243 1821/2024/243
f 1731/1926/205 1733/1925/204 1923/2049/273 1921/2047/271
f 1684/1940/215 1685/1942/585 1874/2015/259 1873/2014/258
f 1606/1709/25 1604/1711/25 1821/2024/243 1822/2025/243
f 1795/1509/92 1629/1928/92 1846/1988/92 1988/1574/92
f 1734/2069/290 1732/2068/289 1922/2048/272 1924/2050/274
f 1607/1746/37 1608/1742/37 1824/1986/242 1823/1985/242
f 1687/1944/219 1683/1946/221 1872/2011/256 1875/2010/255
f 1623/1965/92 2203/1964/92 2420/2038/92 1844/2034/92
f 1733/1925/204 1735/1924/203 1925/2051/275 1923/2049/273
f 1608/1742/37 1609/1740/37 1825/1990/242 1824/1986/242
f 1662/1761/51 2201/1973/515 2418/2018/531 1853/1762/52
f 1736/2070/291 1734/2069/290 1924/2050/274 1926/2052/276
f 1671/1671/2 1661/1760/50 1852/1763/53 1859/1672/3
f 1791/1512/210 1690/1932/209 1879/1998/246 1987/1586/604
f 1609/1740/37 1610/1736/37 1805/2028/242 1825/1990/242
f 1735/1924/203 1737/1508/207 1927/1646/277 1925/2051/275
f 1660/1771/61 1670/1670/1 1858/1673/610 1851/1772/62
f 1610/1736/37 1611/1728/37 1826/1975/242 1805/2028/242
f 1792/1515/211 1701/1860/151 1893/1863/154 1989/1630/262
f 1738/1669/292 1736/2070/291 1926/2052/276 1928/1645/278
f 1611/1728/37 1612/1731/37 1827/1976/242 1826/1975/242
f 1612/1731/37 1613/1748/37 1828/2035/242 1827/1976/242
f 1633/1949/181 1634/1950/181 1829/1993/181 1813/1984/181
f 1794/1501/202 1775/1810/97 1972/1813/100 1990/1662/288
f 1680/1789/79 1678/1955/226 1865/2005/251 1877/1790/80
f 1613/1748/37 1614/1744/37 1830/1991/242 1828/2035/242
f 1674/1941/216 1681/1939/214 1869/1999/247 1861/2009/254
f 1634/1950/181 1638/1952/181 1831/1994/181 1829/1993/181
f 1614/1744/37 1615/1738/37 1832/1992/242 1830/1991/242
f 1739/1960/231 1740/1961/232 1931/2055/280 1930/2054/279
f 1615/1738/37 1616/1732/37 1833/1981/242 1832/1992/242
f 1742/1921/199 1741/1912/194 1933/1915/197 1932/1922/200
f 1677/1945/220 1673/1943/218 1860/2008/253 1864/2019/261
f 1616/1732/37 2019/1735/37 2223/1982/242 1833/1981/242
f 1744/1968/235 1743/1969/586 1935/2058/282 1934/2057/281
f 1638/1952/181 1639/1935/181 1834/2036/181 1831/1994/181
f 1745/1913/195 1744/1968/235 1934/2057/281 1936/1914/196
f 1679/1957/228 1682/1958/229 1871/2001/589 1866/2006/252
f 1605/1803/92 1617/1936/92 1836/2026/92 1835/1804/92
f 1747/1909/191 1746/1971/238 1938/2059/283 1937/1910/192
f 1639/1935/181 1626/1934/181 1837/1977/181 1834/2036/181
f 1620/1725/25 1618/1706/25 1839/2027/243 1838/2029/243
f 1748/1970/237 1739/1960/231 1930/2054/279 1941/2066/286
f 1685/1942/585 1687/1944/219 1875/2010/255 1874/2015/259
f 1617/1936/92 1619/1967/92 1840/2030/92 1836/2026/92
f 1740/1961/232 1749/1920/198 1942/1923/201 1931/2055/280
f 1622/1721/25 1620/1725/25 1838/2029/243 1841/2031/243
f 1743/1969/586 1750/1908/190 1943/1911/193 1935/2058/282
f 1686/1781/71 1684/1940/215 1873/2014/258 1878/1782/72
f 1619/1967/92 1621/1966/92 1842/2032/92 1840/2030/92
f 1624/1717/25 1622/1721/25 1841/2031/243 1843/2033/243
f 1690/1932/209 1668/1690/21 1856/1693/24 1879/1998/246
f 1621/1966/92 1623/1965/92 1844/2034/92 1842/2032/92
f 2161/1963/509 1751/1962/233 1944/2063/285 2358/2062/553
f 2028/1714/25 1624/1717/25 1843/2033/243 2269/2037/243
f 1753/1905/187 1752/1894/182 1946/1897/185 1945/1906/188
f 1669/1691/22 1665/1754/44 1854/1755/45 1857/1692/23
f 1618/1706/25 1606/1709/25 1822/2025/243 1839/2027/243
f 1754/1895/183 2164/1959/506 2356/2067/609 1947/1896/615
f 1626/1934/181 1627/1933/181 1845/1978/181 1837/1977/181
f 1751/1962/233 1755/1904/186 1948/1907/189 1944/2063/285
f 1793/1855/146 1716/1784/74 1880/1785/75 1881/1856/147
f 1627/1933/181 1628/1916/181 1806/1917/181 1845/1978/181
f 1629/1928/92 1635/1900/92 1847/1903/92 1846/1988/92
f 1597/1727/25 1632/1694/25 1811/1989/243 1815/1980/243
f 1746/1971/238 1748/1970/237 1941/2066/286 1938/2059/283
f 1630/1689/37 1607/1746/37 1823/1985/242 1808/1987/242
f 1711/1820/111 1710/1822/113 1730/1931/208 1732/2068/289
f 1712/1818/109 1711/1820/111 1732/2068/289 1734/2069/290
f 1713/1816/105 1712/1818/109 1734/2069/290 1736/2070/291
f 1714/1394/106 1713/1816/105 1736/2070/291 1738/1669/292
f 2078/2071/293 2283/2072/294 2284/2073/295 2079/2074/296
f 2199/2075/297 2415/2076/298 2416/2077/299 2200/2078/300
f 2130/2079/301 2336/2080/302 2334/2081/303 2128/2082/304
f 2198/2083/305 2414/2084/595 2415/2076/298 2199/2075/297
f 2098/2085/307 2225/2086/308 2228/2087/309 2097/2088/310
f 1997/2089/19 1996/856/19 1993/855/20 2034/2090/20
f 2076/2091/311 2281/2092/312 2282/2093/616 2077/2094/314
f 2036/2095/25 1992/864/25 1995/863/26 1998/2096/26
f 2129/2097/315 2335/2098/316 2337/2099/317 2131/2100/318
f 2197/2101/319 2413/2102/320 2414/2084/595 2198/2083/305
f 2071/2103/321 2227/2104/322 2226/2105/323 2072/2106/324
f 2021/2107/25 2008/2108/25 2050/2109/26 2051/2110/26
f 2008/2108/25 2006/2111/25 2049/2112/26 2050/2109/26
f 2006/2111/25 2005/2113/25 2048/2114/26 2049/2112/26
f 2028/1714/25 2027/2115/25 2054/2116/26 2055/1715/26
f 2005/2113/25 2003/2117/25 2047/2118/26 2048/2114/26
f 2027/2115/25 2025/2119/25 2053/2120/26 2054/2116/26
f 2003/2117/25 2001/2121/25 2046/2122/26 2047/2118/26
f 2025/2119/25 2023/2123/25 2052/2124/26 2053/2120/26
f 2023/2123/25 2021/2107/25 2051/2110/26 2052/2124/26
f 2001/2121/25 1999/2125/25 2045/2126/26 2046/2122/26
f 2013/2127/37 2014/2128/37 2061/2129/19 2060/2130/19
f 2018/2131/37 2019/1735/37 2066/1734/19 2065/2132/19
f 2012/2133/37 2013/2127/37 2060/2130/19 2059/2134/19
f 2017/2135/37 2018/2131/37 2065/2132/19 2064/2136/19
f 2011/2137/37 2012/2133/37 2059/2134/19 2058/2138/19
f 2010/2139/20 2011/2137/37 2058/2138/19 2057/2140/19
f 2016/2141/20 2017/2135/37 2064/2136/19 2063/2142/19
f 2009/2143/20 2010/2139/20 2057/2140/19 2056/2144/19
f 2015/2145/20 2016/2141/20 2063/2142/19 2062/2146/19
f 2014/2128/37 2015/2145/20 2062/2146/19 2061/2129/19
f 2074/2147/617 2280/2148/618 2212/917/563 2075/916/562
f 2196/2149/327 2412/2150/328 2413/2102/320 2197/2101/319
f 2073/2151/329 2279/2152/330 2280/2148/618 2074/2147/617
f 2128/2082/304 2334/2081/303 2332/2153/331 2126/2154/332
f 2187/2155/333 2404/2156/334 2412/2150/328 2196/2149/327
f 2069/2157/335 2277/2158/336 2278/2159/337 2070/2160/338
f 2127/2161/339 2333/2162/340 2335/2098/316 2129/2097/315
f 2195/2163/341 2411/2164/342 2410/2165/343 2194/2166/344
f 2067/1770/345 2216/1773/346 2276/2167/347 2068/2168/348
f 2194/2166/344 2410/2165/343 2409/2169/349 2193/2170/350
f 2126/2154/332 2332/2153/331 2331/2171/351 2124/2172/352
f 2193/2170/350 2409/2169/349 2408/2173/353 2192/2174/354
f 2209/1780/355 2423/1783/356 2303/2175/357 2095/2176/358
f 2125/2177/359 2305/2178/360 2333/2162/340 2127/2161/339
f 2192/2174/354 2408/2173/353 2407/2179/361 2191/2180/362
f 2210/2181/363 2424/2182/619 2302/2183/365 2088/2184/366
f 2056/2144/19 1997/2089/19 2034/2090/20 2009/2143/20
f 1999/2125/25 2036/2095/25 1998/2096/26 2045/2126/26
f 2191/2180/362 2407/2179/361 2405/2185/367 2189/2186/368
f 2080/2187/369 2295/2188/370 2424/2182/619 2210/2181/363
f 2124/2172/352 2331/2171/351 2314/2189/371 2106/2190/372
f 2190/2191/373 2406/2192/374 2403/2193/375 2188/2194/376
f 2189/2186/368 2405/2185/367 2406/2192/374 2190/2191/373
f 2188/2194/376 2403/2193/375 2404/2156/334 2187/2155/333
f 2202/2195/92 2397/2196/92 2259/2197/92 2007/2198/92
f 2185/2199/377 2400/2200/378 2399/2201/379 2181/2202/620
f 2186/2203/621 2402/2204/622 2401/2205/383 2184/2206/384
f 2184/2206/384 2401/2205/383 2400/2200/378 2185/2199/377
f 2182/2207/623 2398/2208/624 2394/979/571 2183/978/570
f 2181/2202/620 2399/2201/379 2398/2208/624 2182/2207/623
f 2122/2209/625 2329/2210/626 2330/983/575 2123/982/574
f 2121/2211/389 2328/2212/390 2329/2210/626 2122/2209/625
f 2120/2213/391 2327/2214/392 2328/2212/390 2121/2211/389
f 2119/2215/393 2326/2216/394 2327/2214/392 2120/2213/391
f 2118/2217/627 2307/2218/396 2326/2216/394 2119/2215/393
f 2116/2219/397 2324/2220/398 2325/2221/399 2117/2222/400
f 2180/2223/401 2392/2224/402 2387/2225/403 2175/2226/404
f 2115/2227/405 2323/2228/406 2324/2220/398 2116/2219/397
f 2114/2229/407 2322/2230/408 2323/2228/406 2115/2227/405
f 2179/2231/409 2391/2232/410 2392/2224/402 2180/2223/401
f 2113/2233/411 2321/2234/412 2322/2230/408 2114/2229/407
f 2178/2235/413 2390/2236/414 2391/2232/410 2179/2231/409
f 2112/2237/415 2320/2238/416 2321/2234/412 2113/2233/411
f 2177/2239/417 2389/2240/418 2390/2236/414 2178/2235/413
f 2111/2241/419 2319/2242/420 2320/2238/416 2112/2237/415
f 2176/2243/421 2388/2244/422 2389/2240/418 2177/2239/417
f 2072/2106/324 2226/2105/323 2319/2242/420 2111/2241/419
f 2167/2245/423 2380/2246/424 2388/2244/422 2176/2243/421
f 2107/2247/425 2315/2248/426 2306/2249/427 2206/2250/428
f 2175/2226/404 2387/2225/403 2386/2251/429 2174/2252/430
f 2110/2253/628 2318/2254/629 2317/2255/433 2109/2256/434
f 2174/2252/430 2386/2251/429 2385/2257/435 2173/2258/436
f 2109/2256/434 2317/2255/433 2316/2259/437 2108/2260/438
f 2173/2258/436 2385/2257/435 2384/2261/439 2172/2262/440
f 2108/2260/438 2316/2259/437 2315/2248/426 2107/2247/425
f 2172/2262/440 2384/2261/439 2383/2263/441 2171/2264/442
f 2106/2190/372 2314/2189/371 2313/2265/443 2105/2266/444
f 2171/2264/442 2383/2263/441 2381/2267/445 2169/2268/446
f 2105/2266/444 2313/2265/443 2312/2269/447 2104/2270/448
f 2170/2271/449 2382/2272/601 2379/2273/451 2168/2274/452
f 2104/2270/448 2312/2269/447 2311/2275/453 2103/2276/454
f 2103/2276/454 2311/2275/453 2310/2277/455 2102/2278/456
f 2169/2268/446 2381/2267/445 2382/2272/601 2170/2271/449
f 2102/2278/456 2310/2277/455 2309/2279/457 2101/2280/458
f 2168/2274/452 2379/2273/451 2380/2246/424 2167/2245/423
f 2101/2280/458 2309/2279/457 2308/2281/459 2100/2282/460
f 2041/2283/181 2275/2284/181 2273/2285/181 2042/2286/181
f 2100/2282/460 2308/2281/459 2225/2086/308 2098/2085/307
f 2162/2287/461 2376/2288/462 2377/2289/630 2165/2290/464
f 2035/2291/181 2274/2292/181 2275/2284/181 2041/2283/181
f 2040/2293/92 2272/2294/92 2241/2295/92 2000/2296/92
f 2166/2297/465 2378/2298/466 2375/2299/467 2163/2300/468
f 2159/2301/469 2373/2302/470 2367/2303/631 2156/2304/472
f 2150/2305/473 2363/2306/474 2366/2307/475 2154/2308/476
f 2032/2309/181 2230/2310/181 2274/2292/181 2035/2291/181
f 2042/2286/181 2273/2285/181 2233/2311/181 2029/2312/181
f 2158/2313/477 2372/2314/478 2362/2315/479 2151/2316/480
f 2200/2078/300 2207/1091/579 2186/2203/621 2199/2075/297
f 2184/2206/384 2198/2083/305 2199/2075/297 2186/2203/621
f 2185/2199/377 2197/2101/319 2198/2083/305 2184/2206/384
f 2181/2202/620 2196/2149/327 2197/2101/319 2185/2199/377
f 2181/2202/620 2182/2207/623 2187/2155/333 2196/2149/327
f 2182/2207/623 2183/978/570 2188/2194/376 2187/2155/333
f 2144/2317/632 2195/2163/341 2194/2166/344 2142/2318/482
f 2142/2318/482 2194/2166/344 2193/2170/350 2140/2319/483
f 2140/2319/483 2193/2170/350 2192/2174/354 2138/2320/484
f 2033/2321/92 2040/2293/92 2189/2186/368 2190/2191/373
f 2040/2293/92 2000/2296/92 2191/2180/362 2189/2186/368
f 2002/2322/92 2192/2174/354 2191/2180/362 2000/2296/92
f 2146/1098/581 2200/2078/300 2195/2163/341 2144/2317/632
f 2188/2194/376 2183/978/570 2208/1099/92
f 2207/1091/579 2200/2078/300 2146/1098/581
f 2190/2191/373 2188/2194/376 2208/1099/92 2033/2321/92
f 2002/2322/92 2004/2323/92 2138/2320/484 2192/2174/354
f 2117/2222/400 2138/2320/484 2004/2323/92 2202/2195/92
f 2119/2215/393 2139/2324/485 2118/2217/627
f 2180/2223/401 2204/1103/583 2099/2325/633 2179/2231/409
f 2074/2147/617 2075/916/562 2168/2274/452 2167/2245/423
f 2073/2151/329 2074/2147/617 2167/2245/423 2176/2243/421
f 2077/2094/314 2073/2151/329 2176/2243/421 2177/2239/417
f 2076/2091/311 2077/2094/314 2177/2239/417 2178/2235/413
f 2099/2325/633 2076/2091/311 2178/2235/413 2179/2231/409
f 2110/2253/628 2109/2256/434 2169/2268/446 2170/2271/449
f 2108/2260/438 2171/2264/442 2169/2268/446 2109/2256/434
f 2107/2247/425 2172/2262/440 2171/2264/442 2108/2260/438
f 2029/2312/181 2175/2226/404 2174/2252/430 2042/2286/181
f 2042/2286/181 2174/2252/430 2173/2258/436 2041/2283/181
f 2041/2283/181 2173/2258/436 2172/2262/440 2035/2291/181
f 1994/1104/181 2180/2223/401 2175/2226/404 2029/2312/181
f 2204/1103/583 2180/2223/401 1994/1104/181
f 2168/2274/452 2205/1105/584 2110/2253/628 2170/2271/449
f 2205/1105/584 2168/2274/452 2075/916/562
f 2035/2291/181 2172/2262/440 2107/2247/425 2032/2309/181
f 2032/2309/181 2107/2247/425 2206/2250/428 2031/2326/181
f 2031/2326/181 2206/2250/428 2125/2177/359 2030/2327/181
f 2030/2327/181 2125/2177/359 2127/2161/339 2044/2328/181
f 2117/2222/400 2202/2195/92 2007/2198/92 2116/2219/397
f 2007/2198/92 2020/2329/92 2115/2227/405 2116/2219/397
f 2137/2330/487 2136/2331/488 2209/1780/355 2210/2181/363
f 2080/2187/369 2210/2181/363 2209/1780/355 2095/2176/358
f 2089/2332/489 2080/2187/369 2095/2176/358 2093/2333/602
f 2093/2333/602 2094/2334/634 2082/2335/492 2089/2332/489
f 2081/2336/493 2082/2335/492 2094/2334/634 2096/2337/494
f 2096/2337/494 2091/2338/495 2085/2339/496 2081/2336/493
f 2037/1947/181 2038/2340/181 2091/2338/495 2092/1948/497
f 2039/2341/181 2085/2339/496 2091/2338/495 2038/2340/181
f 2039/2341/181 2043/2342/181 2084/2343/498 2085/2339/496
f 2043/2342/181 2044/2328/181 2083/2344/499 2084/2343/498
f 2088/2184/366 2135/2345/500 2137/2330/487 2210/2181/363
f 2086/2346/501 2133/2347/502 2135/2345/500 2088/2184/366
f 2087/2348/503 2131/2100/318 2133/2347/502 2086/2346/501
f 2090/2349/504 2129/2097/315 2131/2100/318 2087/2348/503
f 2083/2344/499 2127/2161/339 2129/2097/315 2090/2349/504
f 2127/2161/339 2083/2344/499 2044/2328/181
f 2071/2103/321 2148/2350/505 2164/1959/506 2097/2088/310
f 2148/2350/505 2149/2351/507 2165/2290/464 2164/1959/506
f 2162/2287/461 2165/2290/464 2149/2351/507 2158/2313/477
f 2163/2300/468 2162/2287/461 2158/2313/477 2151/2316/480
f 2150/2305/473 2166/2297/465 2163/2300/468 2151/2316/480
f 2160/2352/508 2166/2297/465 2150/2305/473 2154/2308/476
f 2161/1963/509 2160/2352/508 2026/2353/92 2203/1964/92
f 2160/2352/508 2154/2308/476 2024/2354/92 2026/2353/92
f 2022/2355/92 2024/2354/92 2154/2308/476 2153/2356/510
f 2020/2329/92 2022/2355/92 2153/2356/510 2152/2357/511
f 2071/2103/321 2072/2106/324 2157/2358/512 2148/2350/505
f 2072/2106/324 2111/2241/419 2155/2359/513 2157/2358/512
f 2111/2241/419 2112/2237/415 2156/2304/472 2155/2359/513
f 2112/2237/415 2113/2233/411 2159/2301/469 2156/2304/472
f 2113/2233/411 2114/2229/407 2152/2357/511 2159/2301/469
f 2114/2229/407 2115/2227/405 2020/2329/92 2152/2357/511
f 2100/2282/460 2067/1770/345 2068/2168/348 2101/2280/458
f 2098/2085/307 2067/1770/345 2100/2282/460
f 2097/2088/310 2164/1959/506 2067/1770/345 2098/2085/307
f 2134/2360/514 2201/1973/515 2209/1780/355 2136/2331/488
f 2132/2361/516 2070/2160/338 2201/1973/515 2134/2360/514
f 2070/2160/338 2132/2361/516 2130/2079/301 2069/2157/335
f 2104/2270/448 2126/2154/332 2124/2172/352 2105/2266/444
f 2103/2276/454 2128/2082/304 2126/2154/332 2104/2270/448
f 2102/2278/456 2130/2079/301 2128/2082/304 2103/2276/454
f 2078/2071/293 2102/2278/456 2101/2280/458 2068/2168/348
f 2079/2074/296 2069/2157/335 2130/2079/301
f 2106/2190/372 2105/2266/444 2124/2172/352
f 2078/2071/293 2079/2074/296 2130/2079/301 2102/2278/456
f 2250/2362/242 2270/2363/181 2261/2364/181 2251/2365/242
f 2238/2366/243 2241/2295/92 2272/2294/92 2239/2367/243
f 2257/2368/242 2237/2369/181 2224/1983/181 2223/1982/242
f 2247/2370/242 2273/2285/181 2275/2284/181 2248/2371/242
f 2228/2087/309 2225/2086/308 2226/2105/323 2227/2104/322
f 2232/2372/242 2231/1154/242 2234/1153/181 2233/2311/181
f 2271/2373/92 2419/1158/92 2236/1157/243 2235/2374/243
f 2248/2371/242 2275/2284/181 2274/2292/181 2249/2375/242
f 2254/2376/242 2255/2377/181 2253/2378/181 2256/2379/242
f 2277/2158/336 2284/2073/295 2220/1996/244 2219/1995/244
f 2283/2072/294 2276/2167/347 2216/1773/346 2215/1997/244
f 2281/2092/312 2304/2380/635 2417/1165/587 2213/1164/244
f 2279/2152/330 2282/2093/616 2214/1168/244 2211/1167/244
f 2294/2381/518 2301/2382/244 2424/2182/619 2295/2188/370
f 2296/2383/519 2292/2384/244 2288/2385/520 2287/2386/521
f 2290/2387/522 2301/2382/244 2293/2388/244 2291/2389/523
f 2285/2390/524 2292/2384/244 2293/2388/244 2286/2391/525
f 2300/2392/526 2217/2013/244 2221/2012/606 2297/2393/528
f 2298/2394/529 2222/2017/244 2218/2016/244 2299/2395/530
f 2278/2159/337 2277/2158/336 2219/1995/244 2418/2018/531
f 2284/2073/295 2283/2072/294 2215/1997/244 2220/1996/244
f 2302/2183/365 2424/2182/619 2301/2382/244 2290/2387/522
f 2286/2391/525 2293/2388/244 2301/2382/244 2294/2381/518
f 2289/2396/532 2288/2385/520 2292/2384/244 2285/2390/524
f 2291/2389/523 2293/2388/244 2292/2384/244 2296/2383/519
f 2299/2395/530 2218/2016/244 2217/2013/244 2300/2392/526
f 2303/2175/357 2423/1783/356 2222/2017/244 2298/2394/529
f 2282/2093/616 2281/2092/312 2213/1164/244 2214/1168/244
f 2280/2148/618 2279/2152/330 2211/1167/244 2212/917/563
f 2240/2397/243 2242/2398/92 2241/2295/92 2238/2366/243
f 2272/2294/92 2271/2373/92 2235/2374/243 2239/2367/243
f 2243/2399/243 2244/2400/92 2242/2398/92 2240/2397/243
f 2245/2401/243 2397/2196/92 2244/2400/92 2243/2399/243
f 2247/2370/242 2232/2372/242 2233/2311/181 2273/2285/181
f 2256/2379/242 2253/2378/181 2237/2369/181 2257/2368/242
f 2245/2401/243 2246/2402/243 2259/2197/92 2397/2196/92
f 2259/2197/92 2246/2402/243 2263/2403/243 2260/2404/92
f 2249/2375/242 2274/2292/181 2230/2310/181 2229/2405/242
f 2262/2406/243 2264/2407/92 2260/2404/92 2263/2403/243
f 2265/2408/243 2266/2409/92 2264/2407/92 2262/2406/243
f 2267/2410/243 2268/2411/92 2266/2409/92 2265/2408/243
f 2229/2405/242 2230/2310/181 2270/2363/181 2250/2362/242
f 2251/2365/242 2261/2364/181 2258/2412/181 2252/2413/242
f 2269/2037/243 2420/2038/92 2268/2411/92 2267/2410/243
f 2252/2413/242 2258/2412/181 2255/2377/181 2254/2376/242
f 2421/1202/590 2330/983/575 2329/2210/626 2318/2254/629
f 2318/2254/629 2329/2210/626 2328/2212/390 2317/2255/433
f 2317/2255/433 2328/2212/390 2327/2214/392 2316/2259/437
f 2316/2259/437 2327/2214/392 2326/2216/394 2315/2248/426
f 2315/2248/426 2326/2216/394 2307/2218/396 2306/2249/427
f 2306/2249/427 2307/2218/396 2325/2221/399 2314/2189/371
f 2314/2189/371 2325/2221/399 2324/2220/398 2313/2265/443
f 2313/2265/443 2324/2220/398 2323/2228/406 2312/2269/447
f 2312/2269/447 2323/2228/406 2322/2230/408 2311/2275/453
f 2311/2275/453 2322/2230/408 2321/2234/412 2310/2277/455
f 2310/2277/455 2321/2234/412 2320/2238/416 2309/2279/457
f 2309/2279/457 2320/2238/416 2319/2242/420 2308/2281/459
f 2226/2105/323 2225/2086/308 2308/2281/459 2319/2242/420
f 2306/2249/427 2314/2189/371 2331/2171/351 2305/2178/360
f 2305/2178/360 2331/2171/351 2332/2153/331 2333/2162/340
f 2333/2162/340 2332/2153/331 2334/2081/303 2335/2098/316
f 2335/2098/316 2334/2081/303 2336/2080/302 2337/2099/317
f 2337/2099/317 2336/2080/302 2338/2414/533 2339/2415/534
f 2339/2415/534 2338/2414/533 2340/2416/535 2341/2417/536
f 2341/2417/536 2340/2416/535 2342/2418/537 2343/2419/538
f 2325/2221/399 2307/2218/396 2345/2420/539 2344/2421/540
f 2344/2421/540 2345/2420/539 2347/2422/541 2346/2423/542
f 2346/2423/542 2347/2422/541 2349/2424/543 2348/2425/544
f 2348/2425/544 2349/2424/543 2351/2426/545 2350/2427/636
f 2350/2427/636 2351/2426/545 2353/1218/593 2352/1217/592
f 2372/2314/478 2361/2428/547 2360/2429/548 2359/2430/244
f 2373/2302/470 2365/2431/549 2364/2432/550 2369/2433/244
f 2368/2434/551 2367/2303/631 2370/2435/244 2359/2430/244
f 2363/2306/474 2362/2315/479 2370/2435/244 2369/2433/244
f 2378/2298/466 2374/2436/552 2358/2062/553 2355/2061/244
f 2376/2288/462 2375/2299/467 2354/2065/244 2357/2064/244
f 2371/2437/554 2368/2434/551 2359/2430/244 2360/2429/548
f 2362/2315/479 2372/2314/478 2359/2430/244 2370/2435/244
f 2366/2307/475 2363/2306/474 2369/2433/244 2364/2432/550
f 2367/2303/631 2373/2302/470 2369/2433/244 2370/2435/244
f 2375/2299/467 2378/2298/466 2355/2061/244 2354/2065/244
f 2377/2289/630 2376/2288/462 2357/2064/244 2356/2067/609
f 2379/2273/451 2382/2272/601 2381/2267/445 2380/2246/424
f 2387/2225/403 2392/2224/402 2391/2232/410 2386/2251/429
f 2386/2251/429 2391/2232/410 2390/2236/414 2385/2257/435
f 2385/2257/435 2390/2236/414 2389/2240/418 2384/2261/439
f 2384/2261/439 2389/2240/418 2388/2244/422 2383/2263/441
f 2380/2246/424 2381/2267/445 2383/2263/441 2388/2244/422
f 2401/2205/383 2402/2204/622 2422/1230/594 2395/1229/244
f 2399/2201/379 2400/2200/378 2396/1232/244 2393/1231/244
f 2400/2200/378 2401/2205/383 2395/1229/244 2396/1232/244
f 2398/2208/624 2399/2201/379 2393/1231/244 2394/979/571
f 2403/2193/375 2406/2192/374 2405/2185/367 2404/2156/334
f 2411/2164/342 2416/2077/299 2415/2076/298 2410/2165/343
f 2410/2165/343 2415/2076/298 2414/2084/595 2409/2169/349
f 2409/2169/349 2414/2084/595 2413/2102/320 2408/2173/353
f 2408/2173/353 2413/2102/320 2412/2150/328 2407/2179/361
f 2404/2156/334 2405/2185/367 2407/2179/361 2412/2150/328
f 2097/2088/310 2228/2087/309 2227/2104/322 2071/2103/321
f 2131/2100/318 2337/2099/317 2339/2415/534 2133/2347/502
f 2200/2078/300 2416/2077/299 2411/2164/342 2195/2163/341
f 2132/2361/516 2338/2414/533 2336/2080/302 2130/2079/301
f 1993/855/20 2231/1154/242 2232/2372/242 2034/2090/20
f 2029/2312/181 2233/2311/181 2234/1153/181 1994/1104/181
f 2133/2347/502 2339/2415/534 2341/2417/536 2135/2345/500
f 2134/2360/514 2340/2416/535 2338/2414/533 2132/2361/516
f 2081/2336/493 2285/2390/524 2286/2391/525 2082/2335/492
f 2036/2095/25 2235/2374/243 2236/1157/243 1992/864/25
f 2004/2323/92 2244/2400/92 2397/2196/92 2202/2195/92
f 2137/2330/487 2343/2419/538 2342/2418/537 2136/2331/488
f 2083/2344/499 2287/2386/521 2288/2385/520 2084/2343/498
f 2135/2345/500 2341/2417/536 2343/2419/538 2137/2330/487
f 2084/2343/498 2288/2385/520 2289/2396/532 2085/2339/496
f 2136/2331/488 2342/2418/537 2340/2416/535 2134/2360/514
f 2086/2346/501 2290/2387/522 2291/2389/523 2087/2348/503
f 2037/1947/181 2224/1983/181 2237/2369/181 2038/2340/181
f 2117/2222/400 2325/2221/399 2344/2421/540 2138/2320/484
f 2001/2121/25 2238/2366/243 2239/2367/243 1999/2125/25
f 2139/2324/485 2345/2420/539 2307/2218/396 2118/2217/627
f 2089/2332/489 2294/2381/518 2295/2188/370 2080/2187/369
f 2003/2117/25 2240/2397/243 2238/2366/243 2001/2121/25
f 2090/2349/504 2296/2383/519 2287/2386/521 2083/2344/499
f 2000/2296/92 2241/2295/92 2242/2398/92 2002/2322/92
f 2138/2320/484 2344/2421/540 2346/2423/542 2140/2319/483
f 2005/2113/25 2243/2399/243 2240/2397/243 2003/2117/25
f 2141/2438/556 2347/2422/541 2345/2420/539 2139/2324/485
f 2002/2322/92 2242/2398/92 2244/2400/92 2004/2323/92
f 2091/2338/495 2297/2393/528 2221/2012/606 2092/1948/497
f 2006/2111/25 2245/2401/243 2243/2399/243 2005/2113/25
f 2140/2319/483 2346/2423/542 2348/2425/544 2142/2318/482
f 2093/2333/602 2298/2394/529 2299/2395/530 2094/2334/634
f 2008/2108/25 2246/2402/243 2245/2401/243 2006/2111/25
f 2208/1099/92 2419/1158/92 2271/2373/92 2033/2321/92
f 2143/2439/557 2349/2424/543 2347/2422/541 2141/2438/556
f 2009/2143/20 2247/2370/242 2248/2371/242 2010/2139/20
f 2096/2337/494 2300/2392/526 2297/2393/528 2091/2338/495
f 2026/2353/92 2268/2411/92 2420/2038/92 2203/1964/92
f 2142/2318/482 2348/2425/544 2350/2427/636 2144/2317/632
f 2010/2139/20 2248/2371/242 2249/2375/242 2011/2137/37
f 2070/2160/338 2278/2159/337 2418/2018/531 2201/1973/515
f 2145/2440/558 2351/2426/545 2349/2424/543 2143/2439/557
f 2079/2074/296 2284/2073/295 2277/2158/336 2069/2157/335
f 2204/1103/583 2417/1165/587 2304/2380/635 2099/2325/633
f 2011/2137/37 2249/2375/242 2229/2405/242 2012/2133/37
f 2144/2317/632 2350/2427/636 2352/1217/592 2146/1098/581
f 2068/2168/348 2276/2167/347 2283/2072/294 2078/2071/293
f 2012/2133/37 2229/2405/242 2250/2362/242 2013/2127/37
f 2205/1105/584 2421/1202/590 2318/2254/629 2110/2253/628
f 2147/1236/292 2353/1218/593 2351/2426/545 2145/2440/558
f 2013/2127/37 2250/2362/242 2251/2365/242 2014/2128/37
f 2014/2128/37 2251/2365/242 2252/2413/242 2015/2145/20
f 2038/2340/181 2237/2369/181 2253/2378/181 2039/2341/181
f 2207/1091/579 2422/1230/594 2402/2204/622 2186/2203/621
f 2088/2184/366 2302/2183/365 2290/2387/522 2086/2346/501
f 2015/2145/20 2252/2413/242 2254/2376/242 2016/2141/20
f 2082/2335/492 2286/2391/525 2294/2381/518 2089/2332/489
f 2039/2341/181 2253/2378/181 2255/2377/181 2043/2342/181
f 2016/2141/20 2254/2376/242 2256/2379/242 2017/2135/37
f 2148/2350/505 2360/2429/548 2361/2428/547 2149/2351/507
f 2017/2135/37 2256/2379/242 2257/2368/242 2018/2131/37
f 2151/2316/480 2362/2315/479 2363/2306/474 2150/2305/473
f 2085/2339/496 2289/2396/532 2285/2390/524 2081/2336/493
f 2018/2131/37 2257/2368/242 2223/1982/242 2019/1735/37
f 2153/2356/510 2364/2432/550 2365/2431/549 2152/2357/511
f 2043/2342/181 2255/2377/181 2258/2412/181 2044/2328/181
f 2154/2308/476 2366/2307/475 2364/2432/550 2153/2356/510
f 2087/2348/503 2291/2389/523 2296/2383/519 2090/2349/504
f 2007/2198/92 2259/2197/92 2260/2404/92 2020/2329/92
f 2156/2304/472 2367/2303/631 2368/2434/551 2155/2359/513
f 2044/2328/181 2258/2412/181 2261/2364/181 2030/2327/181
f 2023/2123/25 2262/2406/243 2263/2403/243 2021/2107/25
f 2157/2358/512 2371/2437/554 2360/2429/548 2148/2350/505
f 2094/2334/634 2299/2395/530 2300/2392/526 2096/2337/494
f 2020/2329/92 2260/2404/92 2264/2407/92 2022/2355/92
f 2149/2351/507 2361/2428/547 2372/2314/478 2158/2313/477
f 2025/2119/25 2265/2408/243 2262/2406/243 2023/2123/25
f 2152/2357/511 2365/2431/549 2373/2302/470 2159/2301/469
f 2095/2176/358 2303/2175/357 2298/2394/529 2093/2333/602
f 2022/2355/92 2264/2407/92 2266/2409/92 2024/2354/92
f 2027/2115/25 2267/2410/243 2265/2408/243 2025/2119/25
f 2099/2325/633 2304/2380/635 2281/2092/312 2076/2091/311
f 2024/2354/92 2266/2409/92 2268/2411/92 2026/2353/92
f 2161/1963/509 2358/2062/553 2374/2436/552 2160/2352/508
f 2028/1714/25 2269/2037/243 2267/2410/243 2027/2115/25
f 2163/2300/468 2375/2299/467 2376/2288/462 2162/2287/461
f 2077/2094/314 2282/2093/616 2279/2152/330 2073/2151/329
f 2021/2107/25 2263/2403/243 2246/2402/243 2008/2108/25
f 2165/2290/464 2377/2289/630 2356/2067/609 2164/1959/506
f 2030/2327/181 2261/2364/181 2270/2363/181 2031/2326/181
f 2160/2352/508 2374/2436/552 2378/2298/466 2166/2297/465
f 2206/2250/428 2306/2249/427 2305/2178/360 2125/2177/359
f 2031/2326/181 2270/2363/181 2230/2310/181 2032/2309/181
f 2033/2321/92 2271/2373/92 2272/2294/92 2040/2293/92
f 1999/2125/25 2239/2367/243 2235/2374/243 2036/2095/25
f 2155/2359/513 2368/2434/551 2371/2437/554 2157/2358/512
f 2034/2090/20 2232/2372/242 2247/2370/242 2009/2143/20
f 2120/2213/391 2141/2438/556 2139/2324/485 2119/2215/393
f 2121/2211/389 2143/2439/557 2141/2438/556 2120/2213/391
f 2122/2209/625 2145/2440/558 2143/2439/557 2121/2211/389
f 2123/982/574 2147/1236/292 2145/2440/558 2122/2209/625
f 2499/2441/293 2672/2442/294 2673/2443/295 2500/2444/296
f 2613/2445/297 2792/2446/298 2793/2447/299 2614/2448/300
f 2549/2449/301 2724/2450/302 2722/2451/303 2547/2452/304
f 2612/2453/305 2791/2454/595 2792/2446/298 2613/2445/297
f 2518/2455/307 2618/2456/308 2621/2457/309 2517/2458/310
f 2425/2459/19 2830/2460/19 2827/2461/37 2460/2462/37
f 2497/2463/311 2670/2464/312 2671/2465/616 2498/2466/314
f 2462/2467/25 2826/2468/25 2829/2469/26 2426/2470/26
f 2548/2471/315 2723/2472/316 2725/2473/317 2550/2474/318
f 2611/2475/319 2790/2476/320 2791/2454/595 2612/2453/305
f 2493/2477/321 2620/2478/322 2619/2479/323 2494/2480/637
f 2448/2481/25 2436/2482/25 2475/2483/26 2476/2484/26
f 2436/2482/25 2434/2485/25 2474/2486/26 2475/2483/26
f 2434/2485/25 2433/2487/25 2473/2488/26 2474/2486/26
f 2796/2489/25 2454/2490/25 2479/2491/26 2798/2492/26
f 2433/2487/25 2431/2493/25 2472/2494/26 2473/2488/26
f 2454/2490/25 2452/2495/25 2478/2496/26 2479/2491/26
f 2431/2493/25 2429/2497/25 2471/2498/26 2472/2494/26
f 2452/2495/25 2450/2499/25 2477/2500/26 2478/2496/26
f 2450/2499/25 2448/2481/25 2476/2484/26 2477/2500/26
f 2429/2497/25 2427/2501/25 2470/2502/26 2471/2498/26
f 2441/2503/37 2442/2504/37 2485/2505/19 2484/2506/19
f 2446/2507/37 2795/2508/37 2799/2509/19 2489/2510/19
f 2440/2511/20 2441/2503/37 2484/2506/19 2483/2512/19
f 2445/2513/37 2446/2507/37 2489/2510/19 2488/2514/19
f 2439/2515/37 2440/2511/20 2483/2512/19 2482/2516/19
f 2438/2517/37 2439/2515/37 2482/2516/19 2481/2518/19
f 2444/2519/37 2445/2513/37 2488/2514/19 2487/2520/19
f 2437/2521/37 2438/2517/37 2481/2518/19 2480/2522/19
f 2443/2523/37 2444/2519/37 2487/2520/19 2486/2524/19
f 2442/2504/37 2443/2523/37 2486/2524/19 2485/2505/19
f 2496/2525/325 2669/2526/326 3034/2527/40 2903/2528/39
f 2610/2529/327 2789/2530/328 2790/2476/320 2611/2475/319
f 2495/2531/329 2668/2532/330 2669/2526/326 2496/2525/325
f 2547/2452/304 2722/2451/303 2720/2533/331 2545/2534/332
f 2601/2535/333 2781/2536/334 2789/2530/328 2610/2529/327
f 2491/2537/638 2666/2538/336 2667/2539/337 2492/2540/338
f 2546/2541/339 2721/2542/340 2723/2472/316 2548/2471/315
f 2609/2543/341 2788/2544/342 2787/2545/343 2608/2546/639
f 2800/2547/640 2808/2548/641 2665/2549/347 2490/2550/348
f 2608/2546/639 2787/2545/343 2786/2551/349 2607/2552/350
f 2545/2534/332 2720/2533/331 2719/2553/351 2543/2554/352
f 2607/2552/350 2786/2551/349 2785/2555/353 2606/2556/354
f 2806/2557/642 2825/2558/643 2692/2559/357 2515/2560/644
f 2544/2561/359 2694/2562/360 2721/2542/340 2546/2541/339
f 2606/2556/354 2785/2555/353 2784/2563/361 2605/2564/598
f 2617/2565/363 2794/2566/619 2691/2567/365 2509/2568/366
f 2480/2522/19 2425/2459/19 2460/2462/37 2437/2521/37
f 2427/2501/25 2462/2467/25 2426/2470/26 2470/2502/26
f 2605/2564/598 2784/2563/361 2782/2569/367 2603/2570/368
f 2501/2571/369 2684/2572/370 2794/2566/619 2617/2565/363
f 2543/2554/352 2719/2553/351 2703/2573/371 2526/2574/372
f 2604/2575/373 2783/2576/374 2780/2577/375 2602/2578/376
f 2603/2570/368 2782/2569/367 2783/2576/374 2604/2575/373
f 2602/2578/376 2780/2577/375 2781/2536/334 2601/2535/333
f 2615/2579/92 2774/2580/92 2649/2581/92 2435/2582/92
f 2599/2583/377 2777/2584/378 2776/2585/379 2596/2586/380
f 2600/2587/381 2779/2588/599 2778/2589/383 2598/2590/384
f 2598/2590/384 2778/2589/383 2777/2584/378 2599/2583/377
f 2597/2591/645 2775/2592/386 3200/2593/103 3008/2594/102
f 2596/2586/380 2776/2585/379 2775/2592/386 2597/2591/645
f 2542/2595/387 2718/2596/388 3141/2597/107 2950/2598/106
f 2541/2599/389 2717/2600/390 2718/2596/388 2542/2595/387
f 2540/2601/391 2716/2602/392 2717/2600/390 2541/2599/389
f 2539/2603/600 2715/2604/394 2716/2602/392 2540/2601/391
f 2538/2605/627 2696/2606/396 2715/2604/394 2539/2603/600
f 2536/2607/397 2713/2608/398 2714/2609/399 2537/2610/400
f 2595/2611/401 2773/2612/402 2768/2613/403 2590/2614/404
f 2535/2615/405 2712/2616/406 2713/2608/398 2536/2607/397
f 2534/2617/407 2711/2618/408 2712/2616/406 2535/2615/405
f 2594/2619/409 2772/2620/410 2773/2612/402 2595/2611/401
f 2533/2621/411 2710/2622/412 2711/2618/408 2534/2617/407
f 2593/2623/413 2771/2624/414 2772/2620/410 2594/2619/409
f 2532/2625/415 2709/2626/416 2710/2622/412 2533/2621/411
f 2592/2627/417 2770/2628/418 2771/2624/414 2593/2623/413
f 2531/2629/419 2708/2630/420 2709/2626/416 2532/2625/415
f 2591/2631/421 2769/2632/422 2770/2628/418 2592/2627/417
f 2494/2480/637 2619/2479/323 2708/2630/420 2531/2629/419
f 2582/2633/423 2761/2634/424 2769/2632/422 2591/2631/421
f 2527/2635/425 2704/2636/426 2695/2637/427 2616/2638/428
f 2590/2614/404 2768/2613/403 2767/2639/429 2589/2640/430
f 2530/2641/431 2707/2642/432 2706/2643/433 2529/2644/434
f 2589/2640/430 2767/2639/429 2766/2645/435 2588/2646/436
f 2529/2644/434 2706/2643/433 2705/2647/437 2528/2648/438
f 2588/2646/436 2766/2645/435 2765/2649/439 2587/2650/440
f 2528/2648/438 2705/2647/437 2704/2636/426 2527/2635/425
f 2587/2650/440 2765/2649/439 2764/2651/441 2586/2652/442
f 2526/2574/372 2703/2573/371 2702/2653/646 2525/2654/444
f 2586/2652/442 2764/2651/441 2762/2655/445 2584/2656/446
f 2525/2654/444 2702/2653/646 2701/2657/447 2524/2658/448
f 2585/2659/449 2763/2660/450 2760/2661/451 2583/2662/452
f 2524/2658/448 2701/2657/447 2700/2663/453 2523/2664/454
f 2523/2664/454 2700/2663/453 2699/2665/455 2522/2666/456
f 2584/2656/446 2762/2655/445 2763/2660/450 2585/2659/449
f 2522/2666/456 2699/2665/455 2698/2667/457 2521/2668/458
f 2583/2662/452 2760/2661/451 2761/2634/424 2582/2633/423
f 2521/2668/458 2698/2667/457 2697/2669/459 2520/2670/460
f 2466/2671/181 2664/2672/181 2662/2673/181 2467/2674/181
f 2520/2670/460 2697/2669/459 2618/2456/308 2518/2455/307
f 2578/2675/461 2757/2676/462 2758/2677/630 2580/2678/647
f 2461/2679/181 2663/2680/181 2664/2672/181 2466/2671/181
f 2465/2681/92 2661/2682/92 2631/2683/92 2428/2684/92
f 2581/2685/648 2759/2686/466 2756/2687/467 2579/2688/649
f 2576/2689/469 2754/2690/470 2748/2691/471 2573/2692/472
f 2567/2693/473 2744/2694/474 2747/2695/475 2571/2696/476
f 2458/2697/181 2623/2698/181 2663/2680/181 2461/2679/181
f 2467/2674/181 2662/2673/181 2625/2699/181 2455/2700/181
f 2575/2701/477 2753/2702/478 2743/2703/479 2568/2704/480
f 2614/2448/300 3030/2705/202 2600/2587/381 2613/2445/297
f 2598/2590/384 2612/2453/305 2613/2445/297 2600/2587/381
f 2599/2583/377 2611/2475/319 2612/2453/305 2598/2590/384
f 2596/2586/380 2610/2529/327 2611/2475/319 2599/2583/377
f 2596/2586/380 2597/2591/645 2601/2535/333 2610/2529/327
f 2597/2591/645 3008/2594/102 2602/2578/376 2601/2535/333
f 2563/2706/481 2609/2543/341 2608/2546/639 2561/2707/482
f 2561/2707/482 2608/2546/639 2607/2552/350 2559/2708/483
f 2559/2708/483 2607/2552/350 2606/2556/354 2557/2709/484
f 2459/2710/92 2465/2681/92 2603/2570/368 2604/2575/373
f 2465/2681/92 2428/2684/92 2605/2564/598 2603/2570/368
f 2430/2711/92 2606/2556/354 2605/2564/598 2428/2684/92
f 2973/2712/207 2614/2448/300 2609/2543/341 2563/2706/481
f 2602/2578/376 3008/2594/102 3031/2713/92
f 3030/2705/202 2614/2448/300 2973/2712/207
f 2604/2575/373 2602/2578/376 3031/2713/92 2459/2710/92
f 2430/2711/92 2432/2714/92 2557/2709/484 2606/2556/354
f 2537/2610/400 2557/2709/484 2432/2714/92 2615/2579/92
f 2539/2603/600 2558/2715/485 2538/2605/627
f 2595/2611/401 3027/2716/650 2519/2717/486 2594/2619/409
f 2496/2525/325 2903/2528/39 2583/2662/452 2582/2633/423
f 2495/2531/329 2496/2525/325 2582/2633/423 2591/2631/421
f 2498/2466/314 2495/2531/329 2591/2631/421 2592/2627/417
f 2497/2463/311 2498/2466/314 2592/2627/417 2593/2623/413
f 2519/2717/486 2497/2463/311 2593/2623/413 2594/2619/409
f 2530/2641/431 2529/2644/434 2584/2656/446 2585/2659/449
f 2528/2648/438 2586/2652/442 2584/2656/446 2529/2644/434
f 2527/2635/425 2587/2650/440 2586/2652/442 2528/2648/438
f 2455/2700/181 2590/2614/404 2589/2640/430 2467/2674/181
f 2467/2674/181 2589/2640/430 2588/2646/436 2466/2671/181
f 2466/2671/181 2588/2646/436 2587/2650/440 2461/2679/181
f 2828/2718/181 2595/2611/401 2590/2614/404 2455/2700/181
f 3027/2716/650 2595/2611/401 2828/2718/181
f 2583/2662/452 3028/2719/211 2530/2641/431 2585/2659/449
f 3028/2719/211 2583/2662/452 2903/2528/39
f 2461/2679/181 2587/2650/440 2527/2635/425 2458/2697/181
f 2458/2697/181 2527/2635/425 2616/2638/428 2457/2720/181
f 2457/2720/181 2616/2638/428 2544/2561/359 2456/2721/181
f 2456/2721/181 2544/2561/359 2546/2541/339 2469/2722/181
f 2537/2610/400 2615/2579/92 2435/2582/92 2536/2607/397
f 2435/2582/92 2447/2723/92 2535/2615/405 2536/2607/397
f 2556/2724/487 2555/2725/488 2806/2557/642 2617/2565/363
f 2501/2571/369 2617/2565/363 2806/2557/642 2515/2560/644
f 2510/2726/489 2501/2571/369 2515/2560/644 2513/2727/490
f 2513/2727/490 2514/2728/491 2503/2729/492 2510/2726/489
f 2502/2730/493 2503/2729/492 2514/2728/491 2516/2731/494
f 2516/2731/494 2512/2732/495 2506/2733/496 2502/2730/493
f 2797/2734/181 2463/2735/181 2512/2732/495 2801/2736/651
f 2464/2737/181 2506/2733/496 2512/2732/495 2463/2735/181
f 2464/2737/181 2468/2738/181 2505/2739/498 2506/2733/496
f 2468/2738/181 2469/2722/181 2504/2740/499 2505/2739/498
f 2509/2568/366 2554/2741/500 2556/2724/487 2617/2565/363
f 2507/2742/501 2552/2743/502 2554/2741/500 2509/2568/366
f 2508/2744/503 2550/2474/318 2552/2743/502 2507/2742/501
f 2511/2745/652 2548/2471/315 2550/2474/318 2508/2744/503
f 2504/2740/499 2546/2541/339 2548/2471/315 2511/2745/652
f 2546/2541/339 2504/2740/499 2469/2722/181
f 2493/2477/321 2565/2746/505 2803/2747/653 2517/2458/310
f 2565/2746/505 2566/2748/507 2580/2678/647 2803/2747/653
f 2578/2675/461 2580/2678/647 2566/2748/507 2575/2701/477
f 2579/2688/649 2578/2675/461 2575/2701/477 2568/2704/480
f 2567/2693/473 2581/2685/648 2579/2688/649 2568/2704/480
f 2577/2749/654 2581/2685/648 2567/2693/473 2571/2696/476
f 2802/2750/655 2577/2749/654 2453/2751/92 2805/2752/92
f 2577/2749/654 2571/2696/476 2451/2753/92 2453/2751/92
f 2449/2754/92 2451/2753/92 2571/2696/476 2570/2755/510
f 2447/2723/92 2449/2754/92 2570/2755/510 2569/2756/603
f 2493/2477/321 2494/2480/637 2574/2757/512 2565/2746/505
f 2494/2480/637 2531/2629/419 2572/2758/513 2574/2757/512
f 2531/2629/419 2532/2625/415 2573/2692/472 2572/2758/513
f 2532/2625/415 2533/2621/411 2576/2689/469 2573/2692/472
f 2533/2621/411 2534/2617/407 2569/2756/603 2576/2689/469
f 2534/2617/407 2535/2615/405 2447/2723/92 2569/2756/603
f 2520/2670/460 2800/2547/640 2490/2550/348 2521/2668/458
f 2518/2455/307 2800/2547/640 2520/2670/460
f 2517/2458/310 2803/2747/653 2800/2547/640 2518/2455/307
f 2553/2759/514 2804/2760/656 2806/2557/642 2555/2725/488
f 2551/2761/516 2492/2540/338 2804/2760/656 2553/2759/514
f 2492/2540/338 2551/2761/516 2549/2449/301 2491/2537/638
f 2524/2658/448 2545/2534/332 2543/2554/352 2525/2654/444
f 2523/2664/454 2547/2452/304 2545/2534/332 2524/2658/448
f 2522/2666/456 2549/2449/301 2547/2452/304 2523/2664/454
f 2499/2441/293 2522/2666/456 2521/2668/458 2490/2550/348
f 2500/2444/296 2491/2537/638 2549/2449/301
f 2526/2574/372 2525/2654/444 2543/2554/352
f 2499/2441/293 2500/2444/296 2549/2449/301 2522/2666/456
f 2640/2762/242 2659/2763/181 2651/2764/181 2641/2765/242
f 2628/2766/243 2631/2683/92 2661/2682/92 2629/2767/243
f 2647/2768/242 2627/2769/181 2816/2770/181 2815/2771/242
f 2637/2772/242 2662/2673/181 2664/2672/181 2638/2773/242
f 2621/2457/309 2618/2456/308 2619/2479/323 2620/2478/322
f 2624/2774/242 3043/2775/242 3046/2776/181 2625/2699/181
f 2660/2777/92 3224/2778/92 3048/2779/243 2626/2780/243
f 2638/2773/242 2664/2672/181 2663/2680/181 2639/2781/242
f 2644/2782/242 2645/2783/181 2643/2784/181 2646/2785/242
f 2666/2538/336 2673/2443/295 2812/2786/244 2811/2787/244
f 2672/2442/294 2665/2549/347 2808/2548/641 2807/2788/244
f 2670/2464/312 2693/2789/517 3223/2790/245 3035/2791/244
f 2668/2532/330 2671/2465/616 3036/2792/244 3033/2793/244
f 2683/2794/657 2690/2795/244 2794/2566/619 2684/2572/370
f 2685/2796/658 2681/2797/244 2677/2798/520 2676/2799/521
f 2679/2800/522 2690/2795/244 2682/2801/244 2680/2802/523
f 2674/2803/524 2681/2797/244 2682/2801/244 2675/2804/525
f 2689/2805/659 2809/2806/244 2813/2807/660 2686/2808/528
f 2687/2809/529 2814/2810/244 2810/2811/244 2688/2812/530
f 2667/2539/337 2666/2538/336 2811/2787/244 2823/2813/661
f 2673/2443/295 2672/2442/294 2807/2788/244 2812/2786/244
f 2691/2567/365 2794/2566/619 2690/2795/244 2679/2800/522
f 2675/2804/525 2682/2801/244 2690/2795/244 2683/2794/657
f 2678/2814/532 2677/2798/520 2681/2797/244 2674/2803/524
f 2680/2802/523 2682/2801/244 2681/2797/244 2685/2796/658
f 2688/2812/530 2810/2811/244 2809/2806/244 2689/2805/659
f 2692/2559/357 2825/2558/643 2814/2810/244 2687/2809/529
f 2671/2465/616 2670/2464/312 3035/2791/244 3036/2792/244
f 2669/2526/326 2668/2532/330 3033/2793/244 3034/2527/40
f 2630/2815/243 2632/2816/92 2631/2683/92 2628/2766/243
f 2661/2682/92 2660/2777/92 2626/2780/243 2629/2767/243
f 2633/2817/243 2634/2818/92 2632/2816/92 2630/2815/243
f 2635/2819/243 2774/2580/92 2634/2818/92 2633/2817/243
f 2637/2772/242 2624/2774/242 2625/2699/181 2662/2673/181
f 2646/2785/242 2643/2784/181 2627/2769/181 2647/2768/242
f 2635/2819/243 2636/2820/243 2649/2581/92 2774/2580/92
f 2649/2581/92 2636/2820/243 2653/2821/243 2650/2822/92
f 2639/2781/242 2663/2680/181 2623/2698/181 2622/2823/242
f 2652/2824/243 2654/2825/92 2650/2822/92 2653/2821/243
f 2655/2826/243 2656/2827/92 2654/2825/92 2652/2824/243
f 2657/2828/243 2658/2829/92 2656/2827/92 2655/2826/243
f 2622/2823/242 2623/2698/181 2659/2763/181 2640/2762/242
f 2641/2765/242 2651/2764/181 2648/2830/181 2642/2831/242
f 2817/2832/243 2824/2833/92 2658/2829/92 2657/2828/243
f 2642/2831/242 2648/2830/181 2645/2783/181 2644/2782/242
f 3225/2834/262 3141/2597/107 2718/2596/388 2707/2642/432
f 2707/2642/432 2718/2596/388 2717/2600/390 2706/2643/433
f 2706/2643/433 2717/2600/390 2716/2602/392 2705/2647/437
f 2705/2647/437 2716/2602/392 2715/2604/394 2704/2636/426
f 2704/2636/426 2715/2604/394 2696/2606/396 2695/2637/427
f 2695/2637/427 2696/2606/396 2714/2609/399 2703/2573/371
f 2703/2573/371 2714/2609/399 2713/2608/398 2702/2653/646
f 2702/2653/646 2713/2608/398 2712/2616/406 2701/2657/447
f 2701/2657/447 2712/2616/406 2711/2618/408 2700/2663/453
f 2700/2663/453 2711/2618/408 2710/2622/412 2699/2665/455
f 2699/2665/455 2710/2622/412 2709/2626/416 2698/2667/457
f 2698/2667/457 2709/2626/416 2708/2630/420 2697/2669/459
f 2619/2479/323 2618/2456/308 2697/2669/459 2708/2630/420
f 2695/2637/427 2703/2573/371 2719/2553/351 2694/2562/360
f 2694/2562/360 2719/2553/351 2720/2533/331 2721/2542/340
f 2721/2542/340 2720/2533/331 2722/2451/303 2723/2472/316
f 2723/2472/316 2722/2451/303 2724/2450/302 2725/2473/317
f 2725/2473/317 2724/2450/302 2726/2835/533 2727/2836/534
f 2727/2836/534 2726/2835/533 2728/2837/535 2729/2838/536
f 2729/2838/536 2728/2837/535 2730/2839/537 2731/2840/538
f 2714/2609/399 2696/2606/396 2733/2841/539 2732/2842/540
f 2732/2842/540 2733/2841/539 2735/2843/541 2734/2844/542
f 2734/2844/542 2735/2843/541 2737/2845/543 2736/2846/544
f 2736/2846/544 2737/2845/543 2739/2847/545 2738/2848/546
f 2738/2848/546 2739/2847/545 3164/2849/278 3163/2850/277
f 2753/2702/478 2742/2851/547 2741/2852/548 2740/2853/244
f 2754/2690/470 2746/2854/662 2745/2855/550 2750/2856/244
f 2749/2857/551 2748/2691/471 2751/2858/244 2740/2853/244
f 2744/2694/474 2743/2703/479 2751/2858/244 2750/2856/244
f 2759/2686/466 2755/2859/552 2822/2860/663 2819/2861/244
f 2757/2676/462 2756/2687/467 2818/2862/244 2821/2863/244
f 2752/2864/554 2749/2857/551 2740/2853/244 2741/2852/548
f 2743/2703/479 2753/2702/478 2740/2853/244 2751/2858/244
f 2747/2695/475 2744/2694/474 2750/2856/244 2745/2855/550
f 2748/2691/471 2754/2690/470 2750/2856/244 2751/2858/244
f 2756/2687/467 2759/2686/466 2819/2861/244 2818/2862/244
f 2758/2677/630 2757/2676/462 2821/2863/244 2820/2865/664
f 2760/2661/451 2763/2660/450 2762/2655/445 2761/2634/424
f 2768/2613/403 2773/2612/402 2772/2620/410 2767/2639/429
f 2767/2639/429 2772/2620/410 2771/2624/414 2766/2645/435
f 2766/2645/435 2771/2624/414 2770/2628/418 2765/2649/439
f 2765/2649/439 2770/2628/418 2769/2632/422 2764/2651/441
f 2761/2634/424 2762/2655/445 2764/2651/441 2769/2632/422
f 2778/2589/383 2779/2588/599 3226/2866/288 3201/2867/244
f 2776/2585/379 2777/2584/378 3202/2868/244 3199/2869/244
f 2777/2584/378 2778/2589/383 3201/2867/244 3202/2868/244
f 2775/2592/386 2776/2585/379 3199/2869/244 3200/2593/103
f 2780/2577/375 2783/2576/374 2782/2569/367 2781/2536/334
f 2788/2544/342 2793/2447/299 2792/2446/298 2787/2545/343
f 2787/2545/343 2792/2446/298 2791/2454/595 2786/2551/349
f 2786/2551/349 2791/2454/595 2790/2476/320 2785/2555/353
f 2785/2555/353 2790/2476/320 2789/2530/328 2784/2563/361
f 2781/2536/334 2782/2569/367 2784/2563/361 2789/2530/328
f 2517/2458/310 2621/2457/309 2620/2478/322 2493/2477/321
f 2550/2474/318 2725/2473/317 2727/2836/534 2552/2743/502
f 2614/2448/300 2793/2447/299 2788/2544/342 2609/2543/341
f 2551/2761/516 2726/2835/533 2724/2450/302 2549/2449/301
f 2827/2461/37 3043/2775/242 2624/2774/242 2460/2462/37
f 2455/2700/181 2625/2699/181 3046/2776/181 2828/2718/181
f 2552/2743/502 2727/2836/534 2729/2838/536 2554/2741/500
f 2553/2759/514 2728/2837/535 2726/2835/533 2551/2761/516
f 2502/2730/493 2674/2803/524 2675/2804/525 2503/2729/492
f 2462/2467/25 2626/2780/243 3048/2779/243 2826/2468/25
f 2432/2714/92 2634/2818/92 2774/2580/92 2615/2579/92
f 2556/2724/487 2731/2840/538 2730/2839/537 2555/2725/488
f 2504/2740/499 2676/2799/521 2677/2798/520 2505/2739/498
f 2554/2741/500 2729/2838/536 2731/2840/538 2556/2724/487
f 2505/2739/498 2677/2798/520 2678/2814/532 2506/2733/496
f 2555/2725/488 2730/2839/537 2728/2837/535 2553/2759/514
f 2507/2742/501 2679/2800/522 2680/2802/523 2508/2744/503
f 2797/2734/181 2816/2770/181 2627/2769/181 2463/2735/181
f 2537/2610/400 2714/2609/399 2732/2842/540 2557/2709/484
f 2429/2497/25 2628/2766/243 2629/2767/243 2427/2501/25
f 2558/2715/485 2733/2841/539 2696/2606/396 2538/2605/627
f 2510/2726/489 2683/2794/657 2684/2572/370 2501/2571/369
f 2431/2493/25 2630/2815/243 2628/2766/243 2429/2497/25
f 2511/2745/652 2685/2796/658 2676/2799/521 2504/2740/499
f 2428/2684/92 2631/2683/92 2632/2816/92 2430/2711/92
f 2557/2709/484 2732/2842/540 2734/2844/542 2559/2708/483
f 2433/2487/25 2633/2817/243 2630/2815/243 2431/2493/25
f 2560/2870/556 2735/2843/541 2733/2841/539 2558/2715/485
f 2430/2711/92 2632/2816/92 2634/2818/92 2432/2714/92
f 2512/2732/495 2686/2808/528 2813/2807/660 2801/2736/651
f 2434/2485/25 2635/2819/243 2633/2817/243 2433/2487/25
f 2559/2708/483 2734/2844/542 2736/2846/544 2561/2707/482
f 2513/2727/490 2687/2809/529 2688/2812/530 2514/2728/491
f 2436/2482/25 2636/2820/243 2635/2819/243 2434/2485/25
f 3031/2713/92 3224/2778/92 2660/2777/92 2459/2710/92
f 2562/2871/557 2737/2845/543 2735/2843/541 2560/2870/556
f 2437/2521/37 2637/2772/242 2638/2773/242 2438/2517/37
f 2516/2731/494 2689/2805/659 2686/2808/528 2512/2732/495
f 2453/2751/92 2658/2829/92 2824/2833/92 2805/2752/92
f 2561/2707/482 2736/2846/544 2738/2848/546 2563/2706/481
f 2438/2517/37 2638/2773/242 2639/2781/242 2439/2515/37
f 2492/2540/338 2667/2539/337 2823/2813/661 2804/2760/656
f 2564/2872/558 2739/2847/545 2737/2845/543 2562/2871/557
f 2500/2444/296 2673/2443/295 2666/2538/336 2491/2537/638
f 3027/2716/650 3223/2790/245 2693/2789/517 2519/2717/486
f 2439/2515/37 2639/2781/242 2622/2823/242 2440/2511/20
f 2563/2706/481 2738/2848/546 3163/2850/277 2973/2712/207
f 2490/2550/348 2665/2549/347 2672/2442/294 2499/2441/293
f 2440/2511/20 2622/2823/242 2640/2762/242 2441/2503/37
f 3028/2719/211 3225/2834/262 2707/2642/432 2530/2641/431
f 2974/2873/292 3164/2849/278 2739/2847/545 2564/2872/558
f 2441/2503/37 2640/2762/242 2641/2765/242 2442/2504/37
f 2442/2504/37 2641/2765/242 2642/2831/242 2443/2523/37
f 2463/2735/181 2627/2769/181 2643/2784/181 2464/2737/181
f 3030/2705/202 3226/2866/288 2779/2588/599 2600/2587/381
f 2509/2568/366 2691/2567/365 2679/2800/522 2507/2742/501
f 2443/2523/37 2642/2831/242 2644/2782/242 2444/2519/37
f 2503/2729/492 2675/2804/525 2683/2794/657 2510/2726/489
f 2464/2737/181 2643/2784/181 2645/2783/181 2468/2738/181
f 2444/2519/37 2644/2782/242 2646/2785/242 2445/2513/37
f 2565/2746/505 2741/2852/548 2742/2851/547 2566/2748/507
f 2445/2513/37 2646/2785/242 2647/2768/242 2446/2507/37
f 2568/2704/480 2743/2703/479 2744/2694/474 2567/2693/473
f 2506/2733/496 2678/2814/532 2674/2803/524 2502/2730/493
f 2446/2507/37 2647/2768/242 2815/2771/242 2795/2508/37
f 2570/2755/510 2745/2855/550 2746/2854/662 2569/2756/603
f 2468/2738/181 2645/2783/181 2648/2830/181 2469/2722/181
f 2571/2696/476 2747/2695/475 2745/2855/550 2570/2755/510
f 2508/2744/503 2680/2802/523 2685/2796/658 2511/2745/652
f 2435/2582/92 2649/2581/92 2650/2822/92 2447/2723/92
f 2573/2692/472 2748/2691/471 2749/2857/551 2572/2758/513
f 2469/2722/181 2648/2830/181 2651/2764/181 2456/2721/181
f 2450/2499/25 2652/2824/243 2653/2821/243 2448/2481/25
f 2574/2757/512 2752/2864/554 2741/2852/548 2565/2746/505
f 2514/2728/491 2688/2812/530 2689/2805/659 2516/2731/494
f 2447/2723/92 2650/2822/92 2654/2825/92 2449/2754/92
f 2566/2748/507 2742/2851/547 2753/2702/478 2575/2701/477
f 2452/2495/25 2655/2826/243 2652/2824/243 2450/2499/25
f 2569/2756/603 2746/2854/662 2754/2690/470 2576/2689/469
f 2515/2560/644 2692/2559/357 2687/2809/529 2513/2727/490
f 2449/2754/92 2654/2825/92 2656/2827/92 2451/2753/92
f 2454/2490/25 2657/2828/243 2655/2826/243 2452/2495/25
f 2519/2717/486 2693/2789/517 2670/2464/312 2497/2463/311
f 2451/2753/92 2656/2827/92 2658/2829/92 2453/2751/92
f 2802/2750/655 2822/2860/663 2755/2859/552 2577/2749/654
f 2796/2489/25 2817/2832/243 2657/2828/243 2454/2490/25
f 2579/2688/649 2756/2687/467 2757/2676/462 2578/2675/461
f 2498/2466/314 2671/2465/616 2668/2532/330 2495/2531/329
f 2448/2481/25 2653/2821/243 2636/2820/243 2436/2482/25
f 2580/2678/647 2758/2677/630 2820/2865/664 2803/2747/653
f 2456/2721/181 2651/2764/181 2659/2763/181 2457/2720/181
f 2577/2749/654 2755/2859/552 2759/2686/466 2581/2685/648
f 2616/2638/428 2695/2637/427 2694/2562/360 2544/2561/359
f 2457/2720/181 2659/2763/181 2623/2698/181 2458/2697/181
f 2459/2710/92 2660/2777/92 2661/2682/92 2465/2681/92
f 2427/2501/25 2629/2767/243 2626/2780/243 2462/2467/25
f 2572/2758/513 2749/2857/551 2752/2864/554 2574/2757/512
f 2460/2462/37 2624/2774/242 2637/2772/242 2437/2521/37
f 2540/2601/391 2560/2870/556 2558/2715/485 2539/2603/600
f 2541/2599/389 2562/2871/557 2560/2870/556 2540/2601/391
f 2542/2595/387 2564/2872/558 2562/2871/557 2541/2599/389
f 2950/2598/106 2974/2873/292 2564/2872/558 2542/2595/387
f 2906/2874/1 2907/2875/2 3095/2876/3 3094/2877/4
f 3024/2878/5 3025/2879/6 3222/2880/7 3221/2881/8
f 2957/2882/9 2955/2883/10 3145/2884/11 3147/2885/12
f 3023/2886/13 3024/2878/5 3221/2881/8 3220/2887/14
f 2925/2888/15 2924/2889/16 3040/2890/17 3037/2891/18
f 2831/2892/19 2866/2893/37 2827/2461/37 2830/2460/19
f 2904/2894/21 2905/2895/22 3093/2896/23 3092/2897/24
f 2868/2898/25 2832/2899/26 2829/2469/26 2826/2468/25
f 2956/2900/27 2958/2901/28 3148/2902/29 3146/2903/30
f 3022/2904/31 3023/2886/13 3220/2887/14 3219/2905/32
f 2899/2906/33 2900/2907/560 3038/2908/35 3039/2909/36
f 2854/2910/25 2882/2911/26 2881/2912/26 2842/2913/25
f 2842/2913/25 2881/2912/26 2880/2914/26 2840/2915/25
f 2840/2915/25 2880/2914/26 2879/2916/26 2839/2917/25
f 3229/1285/25 1576/1288/26 2885/2918/26 2860/2919/25
f 2839/2917/25 2879/2916/26 2878/2920/26 2837/2921/25
f 2860/2919/25 2885/2918/26 2884/2922/26 2858/2923/25
f 2837/2921/25 2878/2920/26 2877/2924/26 2835/2925/25
f 2858/2923/25 2884/2922/26 2883/2926/26 2856/2927/25
f 2856/2927/25 2883/2926/26 2882/2911/26 2854/2910/25
f 2835/2925/25 2877/2924/26 2876/2928/26 2833/2929/25
f 2847/2930/37 2890/2931/19 2891/2932/19 2848/2933/37
f 2852/2934/37 2895/2935/19 3230/1305/19 3228/1304/37
f 2846/2936/37 2889/2937/19 2890/2931/19 2847/2930/37
f 2851/2938/37 2894/2939/19 2895/2935/19 2852/2934/37
f 2845/2940/37 2888/2941/19 2889/2937/19 2846/2936/37
f 2844/2942/37 2887/2943/19 2888/2941/19 2845/2940/37
f 2850/2944/37 2893/2945/19 2894/2939/19 2851/2938/37
f 2843/2946/37 2886/2947/19 2887/2943/19 2844/2942/37
f 2849/2948/37 2892/2949/19 2893/2945/19 2850/2944/37
f 2848/2933/37 2891/2932/19 2892/2949/19 2849/2948/37
f 2902/2950/38 2903/2528/39 3034/2527/40 3091/2951/41
f 3021/2952/42 3022/2904/31 3219/2905/32 3218/2953/43
f 2901/2954/44 2902/2950/38 3091/2951/41 3090/2955/45
f 2955/2883/10 2953/2956/46 3143/2957/47 3145/2884/11
f 3012/2958/48 3021/2952/42 3218/2953/43 3210/2959/49
f 2897/2960/665 2898/2961/51 3089/2962/52 3088/2963/53
f 2954/2964/54 2956/2900/27 3146/2903/30 3144/2965/565
f 3020/2966/56 3019/2967/666 3216/2968/58 3217/2969/59
f 3231/1343/345 2896/2970/61 3087/2971/62 3235/1344/346
f 3019/2967/666 3018/2972/64 3215/2973/566 3216/2968/58
f 2953/2956/46 2951/2974/66 3142/2975/67 3143/2957/47
f 3018/2972/64 3017/2976/68 3214/2977/69 3215/2973/566
f 1579/1353/355 2922/2978/71 3114/2979/72 3243/1354/356
f 2952/2980/74 2954/2964/54 3144/2965/565 3116/2981/75
f 3017/2976/68 3016/2982/76 3213/2983/77 3214/2977/69
f 3032/2984/78 2916/2985/79 3113/2986/80 3227/2987/81
f 2886/2947/19 2843/2946/37 2866/2893/37 2831/2892/19
f 2833/2929/25 2876/2928/26 2832/2899/26 2868/2898/25
f 3016/2982/76 3014/2988/82 3211/2989/83 3213/2983/77
f 2908/2990/84 3032/2984/78 3227/2987/81 3106/2991/85
f 2951/2974/66 2933/2992/86 3125/2993/87 3142/2975/67
f 3015/2994/88 3013/2995/89 3209/2996/90 3212/2997/91
f 3014/2988/82 3015/2994/88 3212/2997/91 3211/2989/83
f 3013/2995/89 3012/2958/48 3210/2959/49 3209/2996/90
f 3026/2998/92 2841/2999/92 3071/3000/92 3203/3001/92
f 3010/3002/93 3006/3003/94 3205/3004/95 3206/3005/96
f 3011/3006/97 3009/3007/98 3207/3008/99 3208/3009/100
f 3009/3007/98 3010/3002/93 3206/3005/96 3207/3008/99
f 3007/3010/101 3008/2594/102 3200/2593/103 3204/3011/612
f 3006/3003/94 3007/3010/101 3204/3011/612 3205/3004/95
f 2949/3012/105 2950/2598/106 3141/2597/107 3140/3013/108
f 2948/3014/109 2949/3012/105 3140/3013/108 3139/3015/110
f 2947/3016/111 2948/3014/109 3139/3015/110 3138/3017/112
f 2946/3018/113 2947/3016/111 3138/3017/112 3137/3019/114
f 2945/3020/115 2946/3018/113 3137/3019/114 3118/3021/116
f 2943/3022/117 2944/3023/118 3136/3024/119 3135/3025/120
f 3005/3026/121 3000/3027/122 3193/3028/123 3198/3029/124
f 2942/3030/125 2943/3022/117 3135/3025/120 3134/3031/126
f 2941/3032/127 2942/3030/125 3134/3031/126 3133/3033/128
f 3004/3034/129 3005/3026/121 3198/3029/124 3197/3035/130
f 2940/3036/131 2941/3032/127 3133/3033/128 3132/3037/132
f 3003/3038/133 3004/3034/129 3197/3035/130 3196/3039/134
f 2939/3040/135 2940/3036/131 3132/3037/132 3131/3041/136
f 3002/3042/137 3003/3038/133 3196/3039/134 3195/3043/138
f 2938/3044/139 2939/3040/135 3131/3041/136 3130/3045/140
f 3001/3046/141 3002/3042/137 3195/3043/138 3194/3047/142
f 2900/2907/560 2938/3044/139 3130/3045/140 3038/2908/35
f 2992/3048/143 3001/3046/141 3194/3047/142 3186/3049/144
f 2934/3050/145 3029/3051/146 3117/3052/147 3126/3053/148
f 3000/3027/122 2999/3054/667 3192/3055/150 3193/3028/123
f 2937/3056/151 2936/3057/152 3128/3058/153 3129/3059/154
f 2999/3054/667 2998/3060/155 3191/3061/156 3192/3055/150
f 2936/3057/152 2935/3062/157 3127/3063/158 3128/3058/153
f 2998/3060/155 2997/3064/159 3190/3065/160 3191/3061/156
f 2935/3062/157 2934/3050/145 3126/3053/148 3127/3063/158
f 2997/3064/159 2996/3066/161 3189/3067/162 3190/3065/160
f 2933/2992/86 2932/3068/163 3124/3069/164 3125/2993/87
f 2996/3066/161 2994/3070/165 3187/3071/166 3189/3067/162
f 2932/3068/163 2931/3072/167 3123/3073/168 3124/3069/164
f 2995/3074/169 2993/3075/170 3185/3076/171 3188/3077/172
f 2931/3072/167 2930/3078/173 3122/3079/174 3123/3073/168
f 2930/3078/173 2929/3080/175 3121/3081/176 3122/3079/174
f 2994/3070/165 2995/3074/169 3188/3077/172 3187/3071/166
f 2929/3080/175 2928/3082/177 3120/3083/178 3121/3081/176
f 2993/3075/170 2992/3048/143 3186/3049/144 3185/3076/171
f 2928/3082/177 2927/3084/179 3119/3085/180 3120/3083/178
f 2872/3086/181 2873/3087/181 3084/3088/181 3086/3089/181
f 2927/3084/179 2925/2888/15 3037/2891/18 3119/3085/180
f 2988/3090/182 2990/3091/183 3183/3092/184 3182/3093/185
f 2867/3094/181 2872/3086/181 3086/3089/181 3085/3095/181
f 2871/3096/92 2834/3097/92 3053/3098/92 3083/3099/92
f 2991/3100/186 2989/3101/187 3181/3102/188 3184/3103/189
f 2986/3104/190 2983/3105/191 3173/3106/192 3179/3107/193
f 2977/3108/194 2981/3109/195 3172/3110/196 3169/3111/197
f 2864/3112/181 2867/3094/181 3085/3095/181 3042/3113/181
f 2873/3087/181 2861/3114/181 3045/3115/181 3084/3088/181
f 2985/3116/198 2978/3117/199 3168/3118/200 3178/3119/201
f 3025/2879/6 3024/2878/5 3011/3006/97 3030/2705/202
f 3009/3007/98 3011/3006/97 3024/2878/5 3023/2886/13
f 3010/3002/93 3009/3007/98 3023/2886/13 3022/2904/31
f 3006/3003/94 3010/3002/93 3022/2904/31 3021/2952/42
f 3006/3003/94 3021/2952/42 3012/2958/48 3007/3010/101
f 3007/3010/101 3012/2958/48 3013/2995/89 3008/2594/102
f 2971/3120/203 2969/3121/204 3019/2967/666 3020/2966/56
f 2969/3121/204 2967/3122/205 3018/2972/64 3019/2967/666
f 2967/3122/205 2965/3123/206 3017/2976/68 3018/2972/64
f 2865/3124/92 3015/2994/88 3014/2988/82 2871/3096/92
f 2871/3096/92 3014/2988/82 3016/2982/76 2834/3097/92
f 2836/3125/92 2834/3097/92 3016/2982/76 3017/2976/68
f 2973/2712/207 2971/3120/203 3020/2966/56 3025/2879/6
f 3013/2995/89 3031/2713/92 3008/2594/102
f 3030/2705/202 2973/2712/207 3025/2879/6
f 3015/2994/88 2865/3124/92 3031/2713/92 3013/2995/89
f 2836/3125/92 3017/2976/68 2965/3123/206 2838/3126/92
f 2944/3023/118 3026/2998/92 2838/3126/92 2965/3123/206
f 2946/3018/113 2945/3020/115 2966/3127/208
f 3005/3026/121 3004/3034/129 2926/3128/209 3027/2716/650
f 2902/2950/38 2992/3048/143 2993/3075/170 2903/2528/39
f 2901/2954/44 3001/3046/141 2992/3048/143 2902/2950/38
f 2905/2895/22 3002/3042/137 3001/3046/141 2901/2954/44
f 2904/2894/21 3003/3038/133 3002/3042/137 2905/2895/22
f 2926/3128/209 3004/3034/129 3003/3038/133 2904/2894/21
f 2937/3056/151 2995/3074/169 2994/3070/165 2936/3057/152
f 2935/3062/157 2936/3057/152 2994/3070/165 2996/3066/161
f 2934/3050/145 2935/3062/157 2996/3066/161 2997/3064/159
f 2861/3114/181 2873/3087/181 2999/3054/667 3000/3027/122
f 2873/3087/181 2872/3086/181 2998/3060/155 2999/3054/667
f 2872/3086/181 2867/3094/181 2997/3064/159 2998/3060/155
f 2828/2718/181 2861/3114/181 3000/3027/122 3005/3026/121
f 3027/2716/650 2828/2718/181 3005/3026/121
f 2993/3075/170 2995/3074/169 2937/3056/151 3028/2719/211
f 3028/2719/211 2903/2528/39 2993/3075/170
f 2867/3094/181 2864/3112/181 2934/3050/145 2997/3064/159
f 2864/3112/181 2863/3129/181 3029/3051/146 2934/3050/145
f 2863/3129/181 2862/3130/181 2952/2980/74 3029/3051/146
f 2862/3130/181 2875/3131/181 2954/2964/54 2952/2980/74
f 2944/3023/118 2943/3022/117 2841/2999/92 3026/2998/92
f 2841/2999/92 2943/3022/117 2942/3030/125 2853/3132/92
f 2964/3133/212 3032/2984/78 1579/1353/355 2963/3134/213
f 2908/2990/84 2922/2978/71 1579/1353/355 3032/2984/78
f 2917/3135/214 2920/3136/668 2922/2978/71 2908/2990/84
f 2920/3136/668 2917/3135/214 2910/3137/216 2921/3138/585
f 2909/3139/218 2923/3140/219 2921/3138/585 2910/3137/216
f 2923/3140/219 2909/3139/218 2913/3141/220 2919/3142/221
f 1575/1530/181 1577/1532/497 2919/3142/221 2869/3143/181
f 2870/3144/181 2869/3143/181 2919/3142/221 2913/3141/220
f 2870/3144/181 2913/3141/220 2912/3145/223 2874/3146/181
f 2874/3146/181 2912/3145/223 2911/3147/669 2875/3131/181
f 2916/2985/79 3032/2984/78 2964/3133/212 2962/3148/225
f 2914/3149/226 2916/2985/79 2962/3148/225 2960/3150/227
f 2915/3151/228 2914/3149/226 2960/3150/227 2958/2901/28
f 2918/3152/229 2915/3151/228 2958/2901/28 2956/2900/27
f 2911/3147/669 2918/3152/229 2956/2900/27 2954/2964/54
f 2954/2964/54 2875/3131/181 2911/3147/669
f 2899/2906/33 2924/2889/16 1578/1543/506 2975/3153/231
f 2975/3153/231 1578/1543/506 2990/3091/183 2976/3154/232
f 2988/3090/182 2985/3116/198 2976/3154/232 2990/3091/183
f 2989/3101/187 2978/3117/199 2985/3116/198 2988/3090/182
f 2977/3108/194 2978/3117/199 2989/3101/187 2991/3100/186
f 2987/3155/233 2981/3109/195 2977/3108/194 2991/3100/186
f 3232/1546/509 3234/1548/92 2859/3156/92 2987/3155/233
f 2987/3155/233 2859/3156/92 2857/3157/92 2981/3109/195
f 2855/3158/92 2980/3159/235 2981/3109/195 2857/3157/92
f 2853/3132/92 2979/3160/586 2980/3159/235 2855/3158/92
f 2899/2906/33 2975/3153/231 2984/3161/237 2900/2907/560
f 2900/2907/560 2984/3161/237 2982/3162/238 2938/3044/139
f 2938/3044/139 2982/3162/238 2983/3105/191 2939/3040/135
f 2939/3040/135 2983/3105/191 2986/3104/190 2940/3036/131
f 2940/3036/131 2986/3104/190 2979/3160/586 2941/3032/127
f 2941/3032/127 2979/3160/586 2853/3132/92 2942/3030/125
f 2927/3084/179 2928/3082/177 2896/2970/61 3231/1343/345
f 2925/2888/15 2927/3084/179 3231/1343/345
f 2924/2889/16 2925/2888/15 3231/1343/345 1578/1543/506
f 2961/3163/239 2963/3134/213 1579/1353/355 3233/1556/515
f 2959/3164/241 2961/3163/239 3233/1556/515 2898/2961/51
f 2898/2961/51 2897/2960/665 2957/2882/9 2959/3164/241
f 2931/3072/167 2932/3068/163 2951/2974/66 2953/2956/46
f 2930/3078/173 2931/3072/167 2953/2956/46 2955/2883/10
f 2929/3080/175 2930/3078/173 2955/2883/10 2957/2882/9
f 2906/2874/1 2896/2970/61 2928/3082/177 2929/3080/175
f 2907/2875/2 2957/2882/9 2897/2960/665
f 2933/2992/86 2951/2974/66 2932/3068/163
f 2906/2874/1 2929/3080/175 2957/2882/9 2907/2875/2
f 3062/3165/242 3063/3166/242 3073/3167/181 3081/3168/181
f 3050/3169/243 3051/3170/243 3083/3099/92 3053/3098/92
f 3069/3171/242 1583/1567/242 1584/1566/181 3049/3172/181
f 3059/3173/242 3060/3174/242 3086/3089/181 3084/3088/181
f 3040/2890/17 3039/2909/36 3038/2908/35 3037/2891/18
f 3044/3175/242 3045/3115/181 3046/2776/181 3043/2775/242
f 3082/3176/92 3047/3177/243 3048/2779/243 3224/2778/92
f 3060/3174/242 3061/3178/242 3085/3095/181 3086/3089/181
f 3066/3179/242 3068/3180/242 3065/3181/181 3067/3182/181
f 3088/2963/53 3237/1583/244 3238/1582/244 3095/2876/3
f 3094/2877/4 1580/1584/244 3235/1344/346 3087/2971/62
f 3092/2897/24 3035/2791/244 3223/2790/245 3115/3183/246
f 3090/2955/45 3033/2793/244 3036/2792/244 3093/2896/23
f 3105/3184/670 3106/2991/85 3227/2987/81 3112/3185/244
f 3107/3186/248 3098/3187/249 3099/3188/250 3103/3189/244
f 3101/3190/251 3102/3191/252 3104/3192/244 3112/3185/244
f 3096/3193/253 3097/3194/254 3104/3192/244 3103/3189/244
f 3111/3195/255 3108/3196/256 1582/1603/606 1581/1602/244
f 3109/3197/258 3110/3198/259 3236/1607/244 3239/1606/244
f 3089/2962/52 1589/1609/531 3237/1583/244 3088/2963/53
f 3095/2876/3 3238/1582/244 1580/1584/244 3094/2877/4
f 3113/2986/80 3101/3190/251 3112/3185/244 3227/2987/81
f 3097/3194/254 3105/3184/670 3112/3185/244 3104/3192/244
f 3100/3199/261 3096/3193/253 3103/3189/244 3099/3188/250
f 3102/3191/252 3107/3186/248 3103/3189/244 3104/3192/244
f 3110/3198/259 3111/3195/255 1581/1602/244 3236/1607/244
f 3114/2979/72 3109/3197/258 3239/1606/244 3243/1354/356
f 3093/2896/23 3036/2792/244 3035/2791/244 3092/2897/24
f 3091/2951/41 3034/2527/40 3033/2793/244 3090/2955/45
f 3052/3200/243 3050/3169/243 3053/3098/92 3054/3201/92
f 3083/3099/92 3051/3170/243 3047/3177/243 3082/3176/92
f 3055/3202/243 3052/3200/243 3054/3201/92 3056/3203/92
f 3057/3204/243 3055/3202/243 3056/3203/92 3203/3001/92
f 3059/3173/242 3084/3088/181 3045/3115/181 3044/3175/242
f 3068/3180/242 3069/3171/242 3049/3172/181 3065/3181/181
f 3057/3204/243 3203/3001/92 3071/3000/92 3058/3205/243
f 3071/3000/92 3072/3206/92 3075/3207/243 3058/3205/243
f 3061/3178/242 3041/3208/242 3042/3113/181 3085/3095/181
f 3074/3209/243 3075/3207/243 3072/3206/92 3076/3210/92
f 3077/3211/243 3074/3209/243 3076/3210/92 3078/3212/92
f 3079/3213/243 3077/3211/243 3078/3212/92 3080/3214/92
f 3041/3208/242 3062/3165/242 3081/3168/181 3042/3113/181
f 3063/3166/242 3064/3215/242 3070/3216/181 3073/3167/181
f 1585/1628/243 3079/3213/243 3080/3214/92 3242/1629/92
f 3064/3215/242 3066/3179/242 3067/3182/181 3070/3216/181
f 3225/2834/262 3129/3059/154 3140/3013/108 3141/2597/107
f 3129/3059/154 3128/3058/153 3139/3015/110 3140/3013/108
f 3128/3058/153 3127/3063/158 3138/3017/112 3139/3015/110
f 3127/3063/158 3126/3053/148 3137/3019/114 3138/3017/112
f 3126/3053/148 3117/3052/147 3118/3021/116 3137/3019/114
f 3117/3052/147 3125/2993/87 3136/3024/119 3118/3021/116
f 3125/2993/87 3124/3069/164 3135/3025/120 3136/3024/119
f 3124/3069/164 3123/3073/168 3134/3031/126 3135/3025/120
f 3123/3073/168 3122/3079/174 3133/3033/128 3134/3031/126
f 3122/3079/174 3121/3081/176 3132/3037/132 3133/3033/128
f 3121/3081/176 3120/3083/178 3131/3041/136 3132/3037/132
f 3120/3083/178 3119/3085/180 3130/3045/140 3131/3041/136
f 3038/2908/35 3130/3045/140 3119/3085/180 3037/2891/18
f 3117/3052/147 3116/2981/75 3142/2975/67 3125/2993/87
f 3116/2981/75 3144/2965/565 3143/2957/47 3142/2975/67
f 3144/2965/565 3146/2903/30 3145/2884/11 3143/2957/47
f 3146/2903/30 3148/2902/29 3147/2885/12 3145/2884/11
f 3148/2902/29 3150/3217/263 3149/3218/264 3147/2885/12
f 3150/3217/263 3152/3219/265 3151/3220/266 3149/3218/264
f 3152/3219/265 3154/3221/267 3153/3222/268 3151/3220/266
f 3136/3024/119 3155/3223/269 3156/3224/270 3118/3021/116
f 3155/3223/269 3157/3225/271 3158/3226/272 3156/3224/270
f 3157/3225/271 3159/3227/273 3160/3228/274 3158/3226/272
f 3159/3227/273 3161/3229/275 3162/3230/276 3160/3228/274
f 3161/3229/275 3163/2850/277 3164/2849/278 3162/3230/276
f 3178/3119/201 3165/3231/244 3166/3232/279 3167/3233/280
f 3179/3107/193 3175/3234/244 3170/3235/281 3171/3236/282
f 3174/3237/283 3165/3231/244 3176/3238/244 3173/3106/192
f 3169/3111/197 3175/3234/244 3176/3238/244 3168/3118/200
f 3184/3103/189 1587/1657/244 1588/1656/553 3180/3239/671
f 3182/3093/185 3241/1659/244 1586/1658/244 3181/3102/188
f 3177/3240/286 3166/3232/279 3165/3231/244 3174/3237/283
f 3168/3118/200 3176/3238/244 3165/3231/244 3178/3119/201
f 3172/3110/196 3170/3235/281 3175/3234/244 3169/3111/197
f 3173/3106/192 3176/3238/244 3175/3234/244 3179/3107/193
f 3181/3102/188 1586/1658/244 1587/1657/244 3184/3103/189
f 3183/3092/184 3240/1661/609 3241/1659/244 3182/3093/185
f 3185/3076/171 3186/3049/144 3187/3071/166 3188/3077/172
f 3193/3028/123 3192/3055/150 3197/3035/130 3198/3029/124
f 3192/3055/150 3191/3061/156 3196/3039/134 3197/3035/130
f 3191/3061/156 3190/3065/160 3195/3043/138 3196/3039/134
f 3190/3065/160 3189/3067/162 3194/3047/142 3195/3043/138
f 3186/3049/144 3194/3047/142 3189/3067/162 3187/3071/166
f 3207/3008/99 3201/2867/244 3226/2866/288 3208/3009/100
f 3205/3004/95 3199/2869/244 3202/2868/244 3206/3005/96
f 3206/3005/96 3202/2868/244 3201/2867/244 3207/3008/99
f 3204/3011/612 3200/2593/103 3199/2869/244 3205/3004/95
f 3209/2996/90 3210/2959/49 3211/2989/83 3212/2997/91
f 3217/2969/59 3216/2968/58 3221/2881/8 3222/2880/7
f 3216/2968/58 3215/2973/566 3220/2887/14 3221/2881/8
f 3215/2973/566 3214/2977/69 3219/2905/32 3220/2887/14
f 3214/2977/69 3213/2983/77 3218/2953/43 3219/2905/32
f 3210/2959/49 3218/2953/43 3213/2983/77 3211/2989/83
f 2924/2889/16 2899/2906/33 3039/2909/36 3040/2890/17
f 2958/2901/28 2960/3150/227 3150/3217/263 3148/2902/29
f 3025/2879/6 3020/2966/56 3217/2969/59 3222/2880/7
f 2959/3164/241 2957/2882/9 3147/2885/12 3149/3218/264
f 2827/2461/37 2866/2893/37 3044/3175/242 3043/2775/242
f 2861/3114/181 2828/2718/181 3046/2776/181 3045/3115/181
f 2960/3150/227 2962/3148/225 3152/3219/265 3150/3217/263
f 2961/3163/239 2959/3164/241 3149/3218/264 3151/3220/266
f 2909/3139/218 2910/3137/216 3097/3194/254 3096/3193/253
f 2868/2898/25 2826/2468/25 3048/2779/243 3047/3177/243
f 2838/3126/92 3026/2998/92 3203/3001/92 3056/3203/92
f 2964/3133/212 2963/3134/213 3153/3222/268 3154/3221/267
f 2911/3147/669 2912/3145/223 3099/3188/250 3098/3187/249
f 2962/3148/225 2964/3133/212 3154/3221/267 3152/3219/265
f 2912/3145/223 2913/3141/220 3100/3199/261 3099/3188/250
f 2963/3134/213 2961/3163/239 3151/3220/266 3153/3222/268
f 2914/3149/226 2915/3151/228 3102/3191/252 3101/3190/251
f 1575/1530/181 2869/3143/181 3049/3172/181 1584/1566/181
f 2944/3023/118 2965/3123/206 3155/3223/269 3136/3024/119
f 2835/2925/25 2833/2929/25 3051/3170/243 3050/3169/243
f 2966/3127/208 2945/3020/115 3118/3021/116 3156/3224/270
f 2917/3135/214 2908/2990/84 3106/2991/85 3105/3184/670
f 2837/2921/25 2835/2925/25 3050/3169/243 3052/3200/243
f 2918/3152/229 2911/3147/669 3098/3187/249 3107/3186/248
f 2834/3097/92 2836/3125/92 3054/3201/92 3053/3098/92
f 2965/3123/206 2967/3122/205 3157/3225/271 3155/3223/269
f 2839/2917/25 2837/2921/25 3052/3200/243 3055/3202/243
f 2968/3241/289 2966/3127/208 3156/3224/270 3158/3226/272
f 2836/3125/92 2838/3126/92 3056/3203/92 3054/3201/92
f 2919/3142/221 1577/1532/497 1582/1603/606 3108/3196/256
f 2840/2915/25 2839/2917/25 3055/3202/243 3057/3204/243
f 2967/3122/205 2969/3121/204 3159/3227/273 3157/3225/271
f 2920/3136/668 2921/3138/585 3110/3198/259 3109/3197/258
f 2842/2913/25 2840/2915/25 3057/3204/243 3058/3205/243
f 3031/2713/92 2865/3124/92 3082/3176/92 3224/2778/92
f 2970/3242/290 2968/3241/289 3158/3226/272 3160/3228/274
f 2843/2946/37 2844/2942/37 3060/3174/242 3059/3173/242
f 2923/3140/219 2919/3142/221 3108/3196/256 3111/3195/255
f 2859/3156/92 3234/1548/92 3242/1629/92 3080/3214/92
f 2969/3121/204 2971/3120/203 3161/3229/275 3159/3227/273
f 2844/2942/37 2845/2940/37 3061/3178/242 3060/3174/242
f 2898/2961/51 3233/1556/515 1589/1609/531 3089/2962/52
f 2972/3243/291 2970/3242/290 3160/3228/274 3162/3230/276
f 2907/2875/2 2897/2960/665 3088/2963/53 3095/2876/3
f 3027/2716/650 2926/3128/209 3115/3183/246 3223/2790/245
f 2845/2940/37 2846/2936/37 3041/3208/242 3061/3178/242
f 2971/3120/203 2973/2712/207 3163/2850/277 3161/3229/275
f 2896/2970/61 2906/2874/1 3094/2877/4 3087/2971/62
f 2846/2936/37 2847/2930/37 3062/3165/242 3041/3208/242
f 3028/2719/211 2937/3056/151 3129/3059/154 3225/2834/262
f 2974/2873/292 2972/3243/291 3162/3230/276 3164/2849/278
f 2847/2930/37 2848/2933/37 3063/3166/242 3062/3165/242
f 2848/2933/37 2849/2948/37 3064/3215/242 3063/3166/242
f 2869/3143/181 2870/3144/181 3065/3181/181 3049/3172/181
f 3030/2705/202 3011/3006/97 3208/3009/100 3226/2866/288
f 2916/2985/79 2914/3149/226 3101/3190/251 3113/2986/80
f 2849/2948/37 2850/2944/37 3066/3179/242 3064/3215/242
f 2910/3137/216 2917/3135/214 3105/3184/670 3097/3194/254
f 2870/3144/181 2874/3146/181 3067/3182/181 3065/3181/181
f 2850/2944/37 2851/2938/37 3068/3180/242 3066/3179/242
f 2975/3153/231 2976/3154/232 3167/3233/280 3166/3232/279
f 2851/2938/37 2852/2934/37 3069/3171/242 3068/3180/242
f 2978/3117/199 2977/3108/194 3169/3111/197 3168/3118/200
f 2913/3141/220 2909/3139/218 3096/3193/253 3100/3199/261
f 2852/2934/37 3228/1304/37 1583/1567/242 3069/3171/242
f 2980/3159/235 2979/3160/586 3171/3236/282 3170/3235/281
f 2874/3146/181 2875/3131/181 3070/3216/181 3067/3182/181
f 2981/3109/195 2980/3159/235 3170/3235/281 3172/3110/196
f 2915/3151/228 2918/3152/229 3107/3186/248 3102/3191/252
f 2841/2999/92 2853/3132/92 3072/3206/92 3071/3000/92
f 2983/3105/191 2982/3162/238 3174/3237/283 3173/3106/192
f 2875/3131/181 2862/3130/181 3073/3167/181 3070/3216/181
f 2856/2927/25 2854/2910/25 3075/3207/243 3074/3209/243
f 2984/3161/237 2975/3153/231 3166/3232/279 3177/3240/286
f 2921/3138/585 2923/3140/219 3111/3195/255 3110/3198/259
f 2853/3132/92 2855/3158/92 3076/3210/92 3072/3206/92
f 2976/3154/232 2985/3116/198 3178/3119/201 3167/3233/280
f 2858/2923/25 2856/2927/25 3074/3209/243 3077/3211/243
f 2979/3160/586 2986/3104/190 3179/3107/193 3171/3236/282
f 2922/2978/71 2920/3136/668 3109/3197/258 3114/2979/72
f 2855/3158/92 2857/3157/92 3078/3212/92 3076/3210/92
f 2860/2919/25 2858/2923/25 3077/3211/243 3079/3213/243
f 2926/3128/209 2904/2894/21 3092/2897/24 3115/3183/246
f 2857/3157/92 2859/3156/92 3080/3214/92 3078/3212/92
f 3232/1546/509 2987/3155/233 3180/3239/671 1588/1656/553
f 3229/1285/25 2860/2919/25 3079/3213/243 1585/1628/243
f 2989/3101/187 2988/3090/182 3182/3093/185 3181/3102/188
f 2905/2895/22 2901/2954/44 3090/2955/45 3093/2896/23
f 2854/2910/25 2842/2913/25 3058/3205/243 3075/3207/243
f 2990/3091/183 1578/1543/506 3240/1661/609 3183/3092/184
f 2862/3130/181 2863/3129/181 3081/3168/181 3073/3167/181
f 2987/3155/233 2991/3100/186 3184/3103/189 3180/3239/671
f 3029/3051/146 2952/2980/74 3116/2981/75 3117/3052/147
f 2863/3129/181 2864/3112/181 3042/3113/181 3081/3168/181
f 2865/3124/92 2871/3096/92 3083/3099/92 3082/3176/92
f 2833/2929/25 2868/2898/25 3047/3177/243 3051/3170/243
f 2982/3162/238 2984/3161/237 3177/3240/286 3174/3237/283
f 2866/2893/37 2843/2946/37 3059/3173/242 3044/3175/242
f 2947/3016/111 2946/3018/113 2966/3127/208 2968/3241/289
f 2948/3014/109 2947/3016/111 2968/3241/289 2970/3242/290
f 2949/3012/105 2948/3014/109 2970/3242/290 2972/3243/291
f 2950/2598/106 2949/3012/105 2972/3243/291 2974/2873/292
