# Blender v2.93.3 OBJ File: 'molduras1.blend'
# www.blender.org
mtllib molduracorzo.mtl
o CORZO.002_Plane.017
v 11.623867 2.172161 0.024553
v 11.623867 0.010069 0.020092
v 11.747006 0.010069 0.122270
v 11.882792 0.142426 0.071181
v 11.882791 0.010069 0.122270
v 11.997906 0.142426 0.071181
v 11.997906 0.010069 0.122270
v 11.748139 2.172161 0.117806
v 11.854281 2.172161 0.117806
v 11.999677 2.172161 0.117806
v 11.623867 2.048063 0.071181
v 11.623867 0.142426 0.071181
v 11.624259 2.172161 0.117806
v 11.997036 2.048063 0.071181
v 11.623867 0.010069 0.122270
v 11.747006 0.142426 0.071181
v 11.852511 2.048063 0.071181
v 11.747006 2.048063 0.071181
v 11.747006 0.010069 0.020092
v 11.882791 0.010069 0.020092
v 11.997906 0.010069 0.020092
v 11.747006 2.172161 0.024553
v 11.852511 2.172161 0.024553
v 11.997035 2.172161 0.024553
v 10.895627 1.787912 0.071181
v 10.855033 1.846145 0.071181
v 10.878330 1.828297 0.071181
v 10.779018 1.810734 0.071181
v 10.797626 1.847579 0.071181
v 10.830267 1.862922 0.071181
v 10.822520 1.756581 0.071181
v 10.799848 1.769290 0.071181
v 10.840593 1.744693 0.071181
v 10.885066 1.808515 0.071181
v 10.788938 1.789477 0.071181
v 10.952506 1.929395 0.071181
v 10.945543 1.851211 0.071181
v 10.937196 1.876264 0.071181
v 10.959505 1.826158 0.071181
v 10.937991 1.902829 0.071181
v 11.235935 1.285817 0.071181
v 11.164463 1.406061 0.071181
v 11.092798 1.484254 0.071181
v 10.939656 1.624699 0.071181
v 10.838037 1.684367 0.071181
v 10.769491 1.725509 0.071181
v 10.520317 1.831920 0.071181
v 10.373981 1.862221 0.071181
v 10.256326 1.879166 0.071181
v 10.121639 1.896111 0.071181
v 11.157448 1.231990 0.071181
v 11.096634 1.337088 0.071181
v 11.034649 1.413052 0.071181
v 10.872085 1.556943 0.071181
v 10.766829 1.623360 0.071181
v 10.675605 1.664288 0.071181
v 10.579649 1.705430 0.071181
v 10.441701 1.748224 0.071181
v 10.336445 1.771488 0.071181
v 10.228848 1.784412 0.071181
v 10.121251 1.794752 0.071181
v 11.818691 1.413088 0.071181
v 11.667117 1.340133 0.071181
v 11.548003 1.225773 0.071181
v 11.997036 1.292116 0.071181
v 11.856544 1.281513 0.071181
v 11.733901 1.225970 0.071181
v 11.646432 1.134321 0.071181
v 10.053986 1.015486 0.071181
v 10.096910 1.038390 0.071181
v 10.044909 1.031015 0.093913
v 10.078690 1.049039 0.093913
v 10.091824 1.084396 0.093913
v 10.051658 1.084475 0.093913
v 10.113543 1.084354 0.071181
v 10.655982 1.777135 0.071181
v 10.887178 1.744637 0.071181
v 11.623867 2.116357 0.098436
v 11.623867 2.057243 0.098436
v 11.623867 0.072649 0.098436
v 11.882792 0.072649 0.098436
v 11.747006 0.072649 0.098436
v 11.997906 0.072649 0.098436
v 11.882792 0.130935 0.098436
v 11.997906 0.130935 0.098436
v 11.747006 2.116357 0.098436
v 11.852511 2.116357 0.098436
v 11.997036 2.116357 0.098436
v 11.623867 0.130935 0.098436
v 11.747006 0.130935 0.098436
v 11.747006 2.057243 0.098436
v 11.997036 2.057243 0.098436
v 11.852511 2.057243 0.098436
v 10.856815 1.839639 0.098436
v 10.873281 1.824237 0.098436
v 10.787580 1.809081 0.098436
v 10.803637 1.840876 0.098436
v 10.835568 1.854116 0.098436
v 10.825120 1.762349 0.098436
v 10.809475 1.773316 0.098436
v 10.824586 1.817578 0.098436
v 10.845535 1.794280 0.098436
v 10.882578 1.807166 0.098436
v 10.888207 1.789387 0.098436
v 10.796138 1.790737 0.098436
v 10.960409 1.917802 0.098436
v 10.954965 1.856639 0.098436
v 10.951346 1.876238 0.098436
v 10.951965 1.897020 0.098436
v 10.864963 1.773162 0.098436
v 10.844427 1.752090 0.098436
v 10.965886 1.837040 0.098436
v 10.637776 1.767864 0.098436
v 10.589036 1.720374 0.098436
v 11.217223 1.280647 0.098436
v 11.145751 1.400891 0.098436
v 11.074085 1.479084 0.098436
v 10.920943 1.619529 0.098436
v 10.819325 1.679197 0.098436
v 10.734405 1.728094 0.098436
v 10.520605 1.815338 0.098436
v 10.382170 1.850299 0.098436
v 10.265693 1.867084 0.098436
v 10.123698 1.884893 0.098436
v 11.176161 1.244915 0.098436
v 11.115346 1.350013 0.098436
v 11.053360 1.425976 0.098436
v 10.890797 1.569868 0.098436
v 10.785540 1.636285 0.098436
v 10.675605 1.684967 0.098436
v 10.440077 1.766541 0.098436
v 10.335435 1.787363 0.098436
v 10.228212 1.800903 0.098436
v 10.120931 1.812599 0.098436
v 11.997036 1.405025 0.113595
v 11.831501 1.388505 0.113595
v 11.693470 1.325272 0.113595
v 11.571040 1.212996 0.113595
v 11.997036 1.332574 0.113595
v 11.856544 1.321969 0.113595
v 11.733901 1.266427 0.113595
v 11.629962 1.167302 0.113595
v 10.045574 1.138639 0.093913
v 10.079284 1.121162 0.093913
v 10.054771 1.154317 0.071181
v 10.097610 1.132108 0.071181
v 10.372595 1.083846 0.071181
v 10.402239 1.081924 0.113595
v 10.500064 1.087060 0.071181
v 10.471522 1.083266 0.113595
v 10.179464 1.286366 0.113595
v 10.302020 1.239748 0.113595
v 10.389336 1.156864 0.113595
v 10.884388 1.752042 0.098436
v 10.994025 1.941079 0.071181
v 10.994025 1.806783 0.071181
v 10.994025 1.901838 0.098436
v 10.994025 1.926942 0.098436
v 11.494096 0.010069 0.122270
v 11.493707 2.172161 0.117806
v 11.494096 2.048063 0.071181
v 11.494096 0.010069 0.020092
v 11.494096 2.172161 0.024553
v 11.364326 2.172161 0.024553
v 11.364326 0.010069 0.020092
v 11.241188 0.010069 0.122270
v 11.124756 0.142426 0.071181
v 11.124755 0.010069 0.122270
v 11.003867 0.142426 0.071181
v 11.003866 0.010069 0.122270
v 10.876619 0.142426 0.071181
v 10.876619 0.010069 0.122270
v 10.753611 0.010069 0.122270
v 10.628448 0.142426 0.071181
v 10.628447 0.010069 0.122270
v 11.239273 2.172161 0.117806
v 11.125008 2.172161 0.117806
v 11.003392 2.172161 0.117806
v 10.875376 2.172161 0.117806
v 10.751625 2.172161 0.117806
v 10.625340 2.172161 0.117806
v 10.501188 2.172161 0.117806
v 10.379572 2.172161 0.117806
v 10.251555 2.172161 0.117806
v 10.127808 2.172161 0.117806
v 10.505406 0.142426 0.071181
v 10.505405 0.010069 0.122270
v 10.384518 0.142426 0.071181
v 10.384517 0.010069 0.122270
v 10.257269 0.142426 0.071181
v 10.257268 0.010069 0.122270
v 10.134262 0.142426 0.071181
v 10.134262 0.010069 0.122270
v 11.364327 2.048063 0.071181
v 10.630933 2.048063 0.071181
v 10.756462 2.048063 0.071181
v 10.879468 2.048063 0.071181
v 11.364327 0.142426 0.071181
v 11.363154 2.172161 0.117806
v 11.006719 2.048063 0.071181
v 11.364326 0.010069 0.122270
v 10.136379 2.048063 0.071181
v 10.259387 2.048063 0.071181
v 11.241189 0.142426 0.071181
v 11.127605 2.048063 0.071181
v 11.241189 2.048063 0.071181
v 10.386637 2.048063 0.071181
v 10.507523 2.048063 0.071181
v 11.241188 0.010069 0.020092
v 11.124755 0.010069 0.020092
v 11.003866 0.010069 0.020092
v 10.876619 0.010069 0.020092
v 10.753611 0.010069 0.020092
v 10.628447 0.010069 0.020092
v 10.505405 0.010069 0.020092
v 10.384517 0.010069 0.020092
v 10.257268 0.010069 0.020092
v 10.134262 0.010069 0.020092
v 11.241188 2.172161 0.024553
v 11.127605 2.172161 0.024553
v 11.006719 2.172161 0.024553
v 10.879467 2.172161 0.024553
v 10.756461 2.172161 0.024553
v 10.630933 2.172161 0.024553
v 10.507522 2.172161 0.024553
v 10.386637 2.172161 0.024553
v 10.259386 2.172161 0.024553
v 10.136379 2.172161 0.024553
v 11.050701 0.966104 0.071181
v 11.075657 1.178810 0.071181
v 11.048674 1.249712 0.071181
v 11.076670 1.037006 0.071181
v 11.081628 1.107908 0.071181
v 11.086707 1.787912 0.071181
v 11.123305 1.846145 0.071181
v 11.104109 1.828297 0.071181
v 11.204019 1.810734 0.071181
v 11.185300 1.847579 0.071181
v 11.148072 1.862922 0.071181
v 11.162641 1.756581 0.071181
v 11.180769 1.769290 0.071181
v 11.137746 1.744693 0.071181
v 11.093273 1.808515 0.071181
v 11.196223 1.789477 0.071181
v 11.036044 1.929290 0.071181
v 11.043004 1.851106 0.071181
v 11.047629 1.876159 0.071181
v 11.029042 1.826053 0.071181
v 11.046840 1.902725 0.071181
v 10.190158 1.357423 0.113595
v 10.329030 1.305476 0.113595
v 10.445734 1.201663 0.113595
v 10.152053 1.257166 0.071181
v 10.274608 1.210548 0.071181
v 10.361920 1.127664 0.071181
v 10.181211 1.386781 0.071181
v 10.336445 1.332274 0.071181
v 10.464923 1.222103 0.071181
v 10.378163 1.007057 0.113595
v 10.274038 0.908137 0.113595
v 10.753611 0.142426 0.071181
v 11.494096 0.142426 0.071181
v 11.091159 1.744637 0.071181
v 10.879468 2.116357 0.098436
v 10.879468 2.057243 0.098436
v 11.494096 2.116357 0.098436
v 11.364327 2.116357 0.098436
v 11.364327 2.057243 0.098436
v 11.494096 2.057243 0.098436
v 11.364327 0.072649 0.098436
v 11.494096 0.072649 0.098436
v 10.136379 2.057243 0.098436
v 11.124756 0.072649 0.098436
v 11.241189 0.072649 0.098436
v 11.003867 0.072649 0.098436
v 11.124756 0.130935 0.098436
v 11.003867 0.130935 0.098436
v 10.876619 0.072649 0.098436
v 10.876619 0.130935 0.098436
v 10.753611 0.072649 0.098436
v 10.628448 0.072649 0.098436
v 11.241189 2.116357 0.098436
v 11.127605 2.116357 0.098436
v 11.006719 2.116357 0.098436
v 10.756462 2.116357 0.098436
v 10.630933 2.116357 0.098436
v 10.507523 2.116357 0.098436
v 10.259387 2.057243 0.098436
v 10.386637 2.116357 0.098436
v 10.386637 2.057243 0.098436
v 10.259387 2.116357 0.098436
v 10.136379 2.116357 0.098436
v 10.507523 2.057243 0.098436
v 10.628448 0.130935 0.098436
v 10.505406 0.130935 0.098436
v 10.630933 2.057243 0.098436
v 10.384518 0.072649 0.098436
v 10.505406 0.072649 0.098436
v 10.384518 0.130935 0.098436
v 10.257269 0.072649 0.098436
v 10.257269 0.130935 0.098436
v 10.134262 0.072649 0.098436
v 10.134262 0.130935 0.098436
v 10.756462 2.057243 0.098436
v 11.364327 0.130935 0.098436
v 11.241189 0.130935 0.098436
v 11.241189 2.057243 0.098436
v 11.006719 2.057243 0.098436
v 11.127605 2.057243 0.098436
v 11.037812 0.996371 0.098436
v 11.057450 1.163755 0.098436
v 11.036218 1.219550 0.098436
v 11.058248 1.052166 0.098436
v 11.062149 1.107961 0.098436
v 11.128348 1.839639 0.098436
v 11.111880 1.824237 0.098436
v 11.197583 1.809081 0.098436
v 11.181526 1.840876 0.098436
v 11.149592 1.854116 0.098436
v 11.160040 1.762349 0.098436
v 11.175686 1.773316 0.098436
v 11.160577 1.817578 0.098436
v 11.139626 1.794280 0.098436
v 11.102587 1.807166 0.098436
v 11.096953 1.789387 0.098436
v 11.189023 1.790737 0.098436
v 11.028138 1.917697 0.098436
v 11.033585 1.856534 0.098436
v 11.037203 1.876133 0.098436
v 11.036582 1.896915 0.098436
v 11.120200 1.773162 0.098436
v 11.140734 1.752090 0.098436
v 11.022663 1.836936 0.098436
v 10.753611 0.130935 0.098436
v 10.151294 0.852834 0.113595
v 10.437002 0.961248 0.113595
v 10.314360 0.849213 0.113595
v 10.176209 0.786249 0.113595
v 10.361757 1.040070 0.071181
v 10.274114 0.948593 0.071181
v 10.151369 0.893291 0.071181
v 10.460014 0.948426 0.071181
v 10.340684 0.834299 0.071181
v 10.188975 0.761642 0.071181
v 11.494096 0.130935 0.098436
v 11.100774 1.752042 0.098436
v 10.994688 0.939612 0.071181
v 10.994688 1.277195 0.071181
v 10.994688 1.041937 0.098436
v 10.994688 0.975524 0.098436
v 10.994688 1.108351 0.098436
v 10.994524 1.849204 0.098436
v 10.994688 1.241178 0.098436
v 10.994524 1.821779 0.098436
v 10.994025 1.876733 0.098436
v 11.258453 0.910702 0.071181
v 11.192691 0.797894 0.071181
v 10.915114 0.721061 0.098436
v 10.868638 0.516710 0.071181
v 10.787064 0.467088 0.071181
v 10.552166 0.368144 0.071181
v 10.413206 0.334817 0.071181
v 10.296403 0.316837 0.071181
v 10.154063 0.298631 0.071181
v 11.173765 0.952971 0.071181
v 11.124308 0.862678 0.071181
v 10.796899 0.578878 0.071181
v 10.706119 0.526375 0.071181
v 10.593441 0.478848 0.071181
v 10.472857 0.449346 0.071181
v 10.367802 0.425151 0.071181
v 10.260321 0.411275 0.071181
v 10.152815 0.399983 0.071181
v 10.687378 0.422333 0.071181
v 10.669138 0.426058 0.098436
v 10.610721 0.465852 0.098436
v 11.239763 0.914716 0.098436
v 11.173935 0.802898 0.098436
v 11.107343 0.725198 0.098436
v 10.942736 0.771014 0.098436
v 10.944780 0.581306 0.098436
v 10.849883 0.521714 0.098436
v 10.765379 0.472067 0.098436
v 10.552330 0.382933 0.098436
v 10.414196 0.346748 0.098436
v 10.297866 0.328933 0.098436
v 10.156028 0.309867 0.098436
v 11.197104 0.940931 0.098436
v 11.143130 0.849919 0.098436
v 10.920424 0.631672 0.098436
v 10.815719 0.566120 0.098436
v 10.706293 0.505697 0.098436
v 10.471420 0.427426 0.098436
v 10.366929 0.409268 0.098436
v 10.259826 0.394779 0.098436
v 10.152646 0.382134 0.098436
v 11.270269 1.174402 0.071181
v 11.185136 1.132420 0.071181
v 11.251031 1.171979 0.098436
v 11.205445 1.142520 0.098436
v 11.284677 1.034199 0.071181
v 11.193000 1.023001 0.071181
v 11.265291 1.034071 0.098436
v 11.214321 1.030628 0.098436
v 10.735886 1.277498 0.071181
v 10.809688 1.406061 0.071181
v 10.881353 1.484254 0.071181
v 11.034494 1.624699 0.071181
v 11.136115 1.684367 0.071181
v 11.218107 1.733264 0.071181
v 11.453835 1.830125 0.071181
v 11.593279 1.862221 0.071181
v 11.710934 1.879166 0.071181
v 11.854281 1.896111 0.071181
v 10.816705 1.231990 0.071181
v 10.877520 1.337088 0.071181
v 10.939502 1.413052 0.071181
v 11.102068 1.556943 0.071181
v 11.207323 1.621565 0.071181
v 11.298547 1.673263 0.071181
v 11.411622 1.719790 0.071181
v 11.532452 1.748224 0.071181
v 11.637709 1.768997 0.071181
v 11.745305 1.784412 0.071181
v 11.852900 1.794752 0.071181
v 11.997036 1.797337 0.071181
v 11.318170 1.777135 0.071181
v 11.336377 1.773249 0.098436
v 11.394454 1.732939 0.098436
v 10.754576 1.277581 0.098436
v 10.828401 1.400891 0.098436
v 10.900064 1.479084 0.098436
v 10.949593 1.523022 0.098436
v 11.053208 1.619529 0.098436
v 11.154827 1.679197 0.098436
v 11.239746 1.728094 0.098436
v 11.453546 1.815338 0.098436
v 11.591981 1.850299 0.098436
v 11.708459 1.867084 0.098436
v 11.850452 1.884893 0.098436
v 10.797992 1.244915 0.098436
v 10.858807 1.350013 0.098436
v 10.920791 1.425976 0.098436
v 10.923824 1.520908 0.071181
v 11.083354 1.569868 0.098436
v 11.188612 1.634490 0.098436
v 11.298547 1.693942 0.098436
v 11.534076 1.770131 0.098436
v 11.638717 1.787363 0.098436
v 11.745936 1.800903 0.098436
v 11.853220 1.812599 0.098436
v 11.997036 1.819045 0.098436
v 11.997036 1.892072 0.098436
v 10.765727 0.871933 0.071181
v 10.838002 0.777432 0.071181
v 10.896444 0.715726 0.071181
v 11.166779 0.502027 0.071181
v 11.235670 0.461492 0.071181
v 11.485739 0.357291 0.071181
v 11.625628 0.328224 0.071181
v 11.743424 0.312315 0.071181
v 11.886909 0.296632 0.071181
v 10.843635 0.927588 0.071181
v 10.905275 0.843416 0.071181
v 11.064657 0.566798 0.071181
v 11.237468 0.563661 0.071181
v 11.329033 0.523543 0.071181
v 11.425337 0.483251 0.071181
v 11.563642 0.441680 0.071181
v 11.669092 0.419349 0.071181
v 11.776793 0.407377 0.071181
v 11.884473 0.397991 0.071181
v 11.349613 0.410873 0.071181
v 11.367741 0.420306 0.098436
v 11.416075 0.468225 0.098436
v 10.784395 0.877269 0.098436
v 10.856668 0.782767 0.098436
v 10.961341 0.784103 0.071181
v 11.083324 0.572134 0.098436
v 11.185446 0.507362 0.098436
v 11.270778 0.459218 0.098436
v 11.485308 0.373870 0.098436
v 11.624036 0.340136 0.098436
v 11.740651 0.324383 0.098436
v 11.882792 0.307831 0.098436
v 10.824977 0.926785 0.098436
v 10.886675 0.830327 0.098436
v 11.131651 0.629144 0.071181
v 11.113049 0.616055 0.098436
v 11.218864 0.550572 0.098436
v 11.329209 0.502865 0.098436
v 11.565420 0.423379 0.098436
v 11.670234 0.403483 0.098436
v 11.777566 0.390893 0.098436
v 11.884946 0.380147 0.098436
v 11.997036 0.396402 0.071181
v 11.997906 0.294042 0.071181
v 10.994688 1.174745 0.098436
v 10.927227 1.108721 0.098436
v 10.931129 1.164516 0.098436
v 11.997220 0.374695 0.098436
v 11.997840 0.301671 0.098436
v 10.715211 0.999126 0.071181
v 10.733875 1.004462 0.098436
v 10.704486 1.131897 0.071181
v 10.723155 1.137233 0.098436
v 10.799770 1.131896 0.071181
v 10.781058 1.144821 0.098436
v 10.801181 1.030259 0.071181
v 10.782469 1.028769 0.098436
v 10.953160 0.997132 0.098436
v 10.931928 1.052927 0.098436
v 10.951565 1.220311 0.098436
v 10.907748 1.108774 0.071181
v 10.912706 1.179677 0.071181
v 10.940701 0.966970 0.071181
v 10.913720 1.037872 0.071181
v 10.938677 1.250578 0.071181
v 10.986552 1.596962 0.071181
v 10.987716 1.577197 0.098436
v 10.988697 1.452031 0.071181
v 10.987716 1.480088 0.098436
v 11.063737 1.523021 0.071181
v 11.031612 1.523022 0.098436
v 10.901606 0.644430 0.071181
v 11.062940 0.789755 0.071181
v 10.963491 0.568382 0.071181
v 11.121691 0.719070 0.071181
v 10.962965 0.678352 0.098436
v 11.081762 0.776997 0.098436
v 10.938830 0.676238 0.071181
v 11.010540 0.752293 0.071181
v 11.011705 0.724185 0.098436
v 11.012686 0.607361 0.071181
v 11.011705 0.635418 0.098436
v 11.087724 0.678351 0.071181
v 11.055601 0.678352 0.098436
v 11.112820 0.392478 0.071181
v 11.149466 0.334419 0.071181
v 11.130302 0.352176 0.071181
v 11.229533 0.370210 0.071181
v 11.211093 0.333278 0.071181
v 11.174161 0.317759 0.071181
v 11.183538 0.424156 0.071181
v 11.201833 0.411533 0.071181
v 11.163359 0.435938 0.071181
v 11.116794 0.371907 0.071181
v 11.217473 0.391420 0.071181
v 11.053562 0.250727 0.071181
v 11.063194 0.328943 0.071181
v 11.067933 0.303912 0.071181
v 11.046047 0.353930 0.071181
v 11.067263 0.277343 0.071181
v 11.117052 0.435773 0.071181
v 11.151867 0.340937 0.098436
v 11.135332 0.356260 0.098436
v 11.220964 0.371823 0.098436
v 11.205053 0.339952 0.098436
v 11.173181 0.326560 0.098436
v 11.183211 0.418376 0.098436
v 11.198905 0.407483 0.098436
v 11.183996 0.363150 0.098436
v 11.162942 0.386348 0.098436
v 11.125959 0.373286 0.098436
v 11.120246 0.391039 0.098436
v 11.212322 0.390126 0.098436
v 11.048630 0.262282 0.098436
v 11.053798 0.323470 0.098436
v 11.057503 0.303889 0.098436
v 11.056979 0.283104 0.098436
v 11.143419 0.407374 0.098436
v 11.163858 0.428543 0.098436
v 11.042788 0.343017 0.098436
v 11.123898 0.428401 0.098436
v 11.015123 0.238845 0.071181
v 11.014511 0.373140 0.071181
v 11.014944 0.278086 0.098436
v 11.015059 0.252982 0.098436
v 10.915060 0.391557 0.071181
v 10.878729 0.333153 0.071181
v 10.897845 0.351090 0.071181
v 10.797854 0.368181 0.071181
v 10.816743 0.331426 0.071181
v 10.858261 0.316258 0.071181
v 10.845667 0.422540 0.071181
v 10.827598 0.409745 0.071181
v 10.867987 0.434535 0.071181
v 10.912484 0.370924 0.071181
v 10.812234 0.389485 0.071181
v 10.969522 0.250435 0.071181
v 10.965733 0.328585 0.071181
v 10.961221 0.303510 0.071181
v 10.979580 0.353704 0.071181
v 10.962134 0.276948 0.071181
v 10.914292 0.434810 0.071181
v 10.880338 0.339647 0.098436
v 10.896735 0.355126 0.098436
v 10.810966 0.369875 0.098436
v 10.827168 0.338156 0.098436
v 10.859159 0.325068 0.098436
v 10.848293 0.416785 0.098436
v 10.832698 0.405743 0.098436
v 10.848010 0.361554 0.098436
v 10.868855 0.384951 0.098436
v 10.905952 0.372241 0.098436
v 10.911503 0.390047 0.098436
v 10.819441 0.388259 0.098436
v 10.980903 0.262065 0.098436
v 10.975178 0.323201 0.098436
v 10.971649 0.303586 0.098436
v 10.972364 0.282807 0.098436
v 10.888185 0.406162 0.098436
v 10.867553 0.427136 0.098436
v 10.986012 0.342852 0.098436
v 10.907515 0.427373 0.098436
v 11.014204 0.330718 0.098436
v 11.014080 0.358142 0.098436
v 11.014830 0.303191 0.098436
v 11.543607 0.952086 0.071181
v 11.672295 0.842167 0.071181
v 11.827632 0.787965 0.071181
v 11.997036 0.776558 0.071181
v 11.646432 1.046727 0.071181
v 11.733901 0.964014 0.071181
v 11.856544 0.917636 0.071181
v 11.562758 0.972564 0.113595
v 11.679656 0.868980 0.113595
v 11.818626 0.817305 0.113595
v 11.997036 0.802052 0.113595
v 11.619073 1.017474 0.113595
v 11.706543 0.934761 0.113595
v 11.829185 0.888384 0.113595
v 11.997036 0.875500 0.113595
v 11.536749 1.090911 0.113595
v 11.508212 1.087060 0.071181
v 11.606030 1.092388 0.113595
v 11.635676 1.090524 0.071181
v 11.910750 1.042801 0.071181
v 11.953630 1.020676 0.071181
v 11.996512 1.016452 0.071181
v 11.929056 1.053783 0.093913
v 11.997036 1.899701 0.071181
v 11.962801 1.036372 0.093913
v 11.996545 1.033048 0.093913
v 11.894728 1.090524 0.071181
v 11.997036 1.433346 0.071181
v 11.956614 1.090524 0.093913
v 11.916449 1.090524 0.093913
v 11.996781 1.090524 0.093913
v 11.997036 1.164597 0.071181
v 11.997036 0.910969 0.071181
v 11.997004 1.148001 0.093913
v 11.929516 1.125907 0.093913
v 11.963261 1.143997 0.093913
v 11.911274 1.136521 0.071181
v 11.954154 1.159509 0.071181
v 8.377861 2.172161 0.024553
v 8.377861 0.010069 0.020092
v 8.254723 0.010069 0.122270
v 8.118937 0.142426 0.071181
v 8.118937 0.010069 0.122270
v 8.253588 2.172161 0.117806
v 8.147447 2.172161 0.117806
v 8.377861 2.048063 0.071181
v 8.377861 0.142426 0.071181
v 8.377470 2.172161 0.117806
v 8.377861 0.010069 0.122270
v 8.254723 0.142426 0.071181
v 8.149217 2.048063 0.071181
v 8.254723 2.048063 0.071181
v 8.254723 0.010069 0.020092
v 8.118937 0.010069 0.020092
v 8.254723 2.172161 0.024553
v 8.149217 2.172161 0.024553
v 9.106101 1.787912 0.071181
v 9.146696 1.846145 0.071181
v 9.123398 1.828297 0.071181
v 9.222710 1.810734 0.071181
v 9.204101 1.847579 0.071181
v 9.171463 1.862922 0.071181
v 9.179209 1.756581 0.071181
v 9.201881 1.769290 0.071181
v 9.161138 1.744693 0.071181
v 9.116664 1.808515 0.071181
v 9.212790 1.789477 0.071181
v 9.049223 1.929395 0.071181
v 9.056186 1.851211 0.071181
v 9.064532 1.876264 0.071181
v 9.042223 1.826158 0.071181
v 9.063739 1.902829 0.071181
v 8.765793 1.285817 0.071181
v 8.837266 1.406061 0.071181
v 8.908930 1.484254 0.071181
v 9.062074 1.624699 0.071181
v 9.163692 1.684367 0.071181
v 9.232238 1.725509 0.071181
v 9.481412 1.831920 0.071181
v 9.627748 1.862221 0.071181
v 9.745403 1.879166 0.071181
v 9.880088 1.896111 0.071181
v 8.844280 1.231990 0.071181
v 8.905096 1.337088 0.071181
v 8.967080 1.413052 0.071181
v 9.129644 1.556943 0.071181
v 9.234900 1.623360 0.071181
v 9.326123 1.664288 0.071181
v 9.422081 1.705430 0.071181
v 9.560026 1.748224 0.071181
v 9.665286 1.771488 0.071181
v 9.772882 1.784412 0.071181
v 9.880478 1.794752 0.071181
v 8.183037 1.413088 0.071181
v 8.334610 1.340133 0.071181
v 8.453727 1.225773 0.071181
v 8.145185 1.281513 0.071181
v 8.267826 1.225970 0.071181
v 8.355296 1.134321 0.071181
v 10.000864 1.158625 0.071181
v 9.947742 1.015486 0.071181
v 9.904819 1.038390 0.071181
v 10.000864 1.010482 0.071181
v 9.956819 1.031015 0.093913
v 9.923039 1.049039 0.093913
v 10.000864 1.027078 0.093913
v 10.000864 1.084554 0.093913
v 9.909904 1.084396 0.093913
v 9.950071 1.084475 0.093913
v 9.888186 1.084354 0.071181
v 9.345746 1.777135 0.071181
v 9.114551 1.744637 0.071181
v 8.377861 2.116357 0.098436
v 8.377861 2.057243 0.098436
v 8.377861 0.072649 0.098436
v 8.118937 0.072649 0.098436
v 8.254723 0.072649 0.098436
v 8.118937 0.130935 0.098436
v 8.254723 2.116357 0.098436
v 8.149217 2.116357 0.098436
v 8.377861 0.130935 0.098436
v 8.254723 0.130935 0.098436
v 8.254723 2.057243 0.098436
v 8.149217 2.057243 0.098436
v 9.144916 1.839639 0.098436
v 9.128447 1.824237 0.098436
v 9.214149 1.809081 0.098436
v 9.198092 1.840876 0.098436
v 9.166160 1.854116 0.098436
v 9.176608 1.762349 0.098436
v 9.192253 1.773316 0.098436
v 9.177143 1.817578 0.098436
v 9.156193 1.794280 0.098436
v 9.119153 1.807166 0.098436
v 9.113521 1.789387 0.098436
v 9.205591 1.790737 0.098436
v 9.041319 1.917802 0.098436
v 9.046765 1.856639 0.098436
v 9.050382 1.876238 0.098436
v 9.049762 1.897020 0.098436
v 9.136766 1.773162 0.098436
v 9.157302 1.752090 0.098436
v 9.035843 1.837040 0.098436
v 9.363952 1.767864 0.098436
v 9.412693 1.720374 0.098436
v 8.784506 1.280647 0.098436
v 8.855977 1.400891 0.098436
v 8.927643 1.479084 0.098436
v 9.080785 1.619529 0.098436
v 9.182405 1.679197 0.098436
v 9.267324 1.728094 0.098436
v 9.481123 1.815338 0.098436
v 9.619559 1.850299 0.098436
v 9.736036 1.867084 0.098436
v 9.878032 1.884893 0.098436
v 8.825567 1.244915 0.098436
v 8.886385 1.350013 0.098436
v 8.948368 1.425976 0.098436
v 9.110930 1.569868 0.098436
v 9.216187 1.636285 0.098436
v 9.326123 1.684967 0.098436
v 9.561651 1.766541 0.098436
v 9.666293 1.787363 0.098436
v 9.773516 1.800903 0.098436
v 9.880797 1.812599 0.098436
v 8.170228 1.388505 0.113595
v 8.308260 1.325272 0.113595
v 8.430690 1.212996 0.113595
v 8.145185 1.321969 0.113595
v 8.267826 1.266427 0.113595
v 8.371766 1.167302 0.113595
v 10.000864 1.142029 0.093913
v 9.956154 1.138639 0.093913
v 9.922444 1.121162 0.093913
v 9.946957 1.154317 0.071181
v 9.904119 1.132108 0.071181
v 9.629133 1.083846 0.071181
v 9.599493 1.081924 0.113595
v 9.501664 1.087060 0.071181
v 9.530205 1.083266 0.113595
v 10.000864 1.299578 0.113595
v 9.822263 1.286366 0.113595
v 9.699708 1.239748 0.113595
v 9.612393 1.156864 0.113595
v 9.117340 1.752042 0.098436
v 9.007705 1.941079 0.071181
v 9.007705 1.806783 0.071181
v 9.007705 1.901838 0.098436
v 9.007705 1.926942 0.098436
v 8.507631 0.010069 0.122270
v 8.508020 2.172161 0.117806
v 8.507631 2.048063 0.071181
v 8.507631 0.010069 0.020092
v 8.507631 2.172161 0.024553
v 8.637403 2.172161 0.024553
v 8.637403 0.010069 0.020092
v 8.760542 0.010069 0.122270
v 8.876973 0.142426 0.071181
v 8.876973 0.010069 0.122270
v 8.997860 0.142426 0.071181
v 8.997860 0.010069 0.122270
v 9.125110 0.142426 0.071181
v 9.125110 0.010069 0.122270
v 9.248116 0.010069 0.122270
v 9.373280 0.142426 0.071181
v 9.373280 0.010069 0.122270
v 8.762454 2.172161 0.117806
v 8.876720 2.172161 0.117806
v 8.998336 2.172161 0.117806
v 9.126352 2.172161 0.117806
v 9.250101 2.172161 0.117806
v 9.376387 2.172161 0.117806
v 9.500539 2.172161 0.117806
v 9.622156 2.172161 0.117806
v 9.750171 2.172161 0.117806
v 9.873921 2.172161 0.117806
v 9.496323 0.142426 0.071181
v 9.496323 0.010069 0.122270
v 9.617210 0.142426 0.071181
v 9.617209 0.010069 0.122270
v 9.744460 0.142426 0.071181
v 9.744460 0.010069 0.122270
v 9.867468 0.142426 0.071181
v 9.867467 0.010069 0.122270
v 8.637403 2.048063 0.071181
v 9.370796 2.048063 0.071181
v 9.245266 2.048063 0.071181
v 9.122260 2.048063 0.071181
v 8.637403 0.142426 0.071181
v 8.638573 2.172161 0.117806
v 8.995009 2.048063 0.071181
v 8.637403 0.010069 0.122270
v 9.865349 2.048063 0.071181
v 9.742341 2.048063 0.071181
v 8.760542 0.142426 0.071181
v 8.874124 2.048063 0.071181
v 8.760542 2.048063 0.071181
v 9.615092 2.048063 0.071181
v 9.494204 2.048063 0.071181
v 8.760542 0.010069 0.020092
v 8.876973 0.010069 0.020092
v 8.997860 0.010069 0.020092
v 9.125110 0.010069 0.020092
v 9.248116 0.010069 0.020092
v 9.373280 0.010069 0.020092
v 9.496323 0.010069 0.020092
v 9.617209 0.010069 0.020092
v 9.744460 0.010069 0.020092
v 9.867467 0.010069 0.020092
v 8.760542 2.172161 0.024553
v 8.874124 2.172161 0.024553
v 8.995009 2.172161 0.024553
v 9.122259 2.172161 0.024553
v 9.245265 2.172161 0.024553
v 9.370796 2.172161 0.024553
v 9.494203 2.172161 0.024553
v 9.615091 2.172161 0.024553
v 9.742341 2.172161 0.024553
v 9.865349 2.172161 0.024553
v 8.951027 0.966104 0.071181
v 8.926071 1.178810 0.071181
v 8.953054 1.249712 0.071181
v 8.925058 1.037006 0.071181
v 8.920100 1.107908 0.071181
v 8.915022 1.787912 0.071181
v 8.878423 1.846145 0.071181
v 8.897620 1.828297 0.071181
v 8.797710 1.810734 0.071181
v 8.816429 1.847579 0.071181
v 8.853657 1.862922 0.071181
v 8.839087 1.756581 0.071181
v 8.820959 1.769290 0.071181
v 8.863982 1.744693 0.071181
v 8.908455 1.808515 0.071181
v 8.805505 1.789477 0.071181
v 8.965686 1.929290 0.071181
v 8.958724 1.851106 0.071181
v 8.954099 1.876159 0.071181
v 8.972685 1.826053 0.071181
v 8.954890 1.902725 0.071181
v 10.000864 1.797337 0.071181
v 10.000864 1.373025 0.113595
v 9.811571 1.357423 0.113595
v 9.672696 1.305476 0.113595
v 9.555995 1.201663 0.113595
v 10.000864 1.264110 0.071181
v 9.849675 1.257166 0.071181
v 9.727120 1.210548 0.071181
v 9.639809 1.127664 0.071181
v 10.000864 1.398520 0.071181
v 9.820518 1.386781 0.071181
v 9.665286 1.332274 0.071181
v 9.536805 1.222103 0.071181
v 9.623565 1.007057 0.113595
v 9.727691 0.908137 0.113595
v 9.248116 0.142426 0.071181
v 10.000864 1.899701 0.071181
v 8.507631 0.142426 0.071181
v 8.910570 1.744637 0.071181
v 9.122260 2.116357 0.098436
v 9.122260 2.057243 0.098436
v 8.507631 2.116357 0.098436
v 8.637403 2.116357 0.098436
v 8.637403 2.057243 0.098436
v 8.507631 2.057243 0.098436
v 8.637403 0.072649 0.098436
v 8.507631 0.072649 0.098436
v 9.865349 2.057243 0.098436
v 8.876973 0.072649 0.098436
v 8.760542 0.072649 0.098436
v 8.997860 0.072649 0.098436
v 8.876973 0.130935 0.098436
v 8.997860 0.130935 0.098436
v 9.125110 0.072649 0.098436
v 9.125110 0.130935 0.098436
v 9.248116 0.072649 0.098436
v 9.373280 0.072649 0.098436
v 8.760542 2.116357 0.098436
v 8.874124 2.116357 0.098436
v 8.995009 2.116357 0.098436
v 9.245266 2.116357 0.098436
v 9.370796 2.116357 0.098436
v 9.494204 2.116357 0.098436
v 9.742341 2.057243 0.098436
v 9.615092 2.116357 0.098436
v 9.615092 2.057243 0.098436
v 9.742341 2.116357 0.098436
v 9.865349 2.116357 0.098436
v 9.494204 2.057243 0.098436
v 9.373280 0.130935 0.098436
v 9.496323 0.130935 0.098436
v 9.370796 2.057243 0.098436
v 9.617210 0.072649 0.098436
v 9.496323 0.072649 0.098436
v 9.617210 0.130935 0.098436
v 9.744460 0.072649 0.098436
v 9.744460 0.130935 0.098436
v 9.867468 0.072649 0.098436
v 9.867468 0.130935 0.098436
v 9.245266 2.057243 0.098436
v 8.637403 0.130935 0.098436
v 8.760542 0.130935 0.098436
v 8.760542 2.057243 0.098436
v 8.995009 2.057243 0.098436
v 8.874124 2.057243 0.098436
v 8.963917 0.996371 0.098436
v 8.944278 1.163755 0.098436
v 8.965511 1.219550 0.098436
v 8.943481 1.052166 0.098436
v 8.939579 1.107961 0.098436
v 8.873380 1.839639 0.098436
v 8.889849 1.824237 0.098436
v 8.804147 1.809081 0.098436
v 8.820203 1.840876 0.098436
v 8.852136 1.854116 0.098436
v 8.841686 1.762349 0.098436
v 8.826043 1.773316 0.098436
v 8.841153 1.817578 0.098436
v 8.862103 1.794280 0.098436
v 8.899143 1.807166 0.098436
v 8.904775 1.789387 0.098436
v 8.812705 1.790737 0.098436
v 8.973591 1.917697 0.098436
v 8.968144 1.856534 0.098436
v 8.964527 1.876133 0.098436
v 8.965146 1.896915 0.098436
v 8.881529 1.773162 0.098436
v 8.860992 1.752090 0.098436
v 8.979067 1.836936 0.098436
v 10.000864 1.819045 0.098436
v 9.248116 0.130935 0.098436
v 9.850434 0.852834 0.113595
v 10.000864 0.842505 0.113595
v 9.564726 0.961248 0.113595
v 9.687368 0.849213 0.113595
v 9.825519 0.786249 0.113595
v 10.000864 0.770054 0.113595
v 9.639972 1.040070 0.071181
v 9.727614 0.948593 0.071181
v 9.850360 0.893291 0.071181
v 10.000864 0.882963 0.071181
v 9.541714 0.948426 0.071181
v 9.661045 0.834299 0.071181
v 9.812755 0.761642 0.071181
v 10.000864 0.741734 0.071181
v 8.507631 0.130935 0.098436
v 10.000864 1.892072 0.098436
v 8.900955 1.752042 0.098436
v 10.000863 2.172161 0.117806
v 10.000863 0.010069 0.122270
v 10.000864 2.048063 0.071181
v 10.000863 0.010069 0.020092
v 10.000863 2.172161 0.024553
v 9.007040 0.939612 0.071181
v 9.007040 1.277195 0.071181
v 10.000864 0.142426 0.071181
v 9.007040 1.041937 0.098436
v 9.007040 0.975524 0.098436
v 9.007040 1.108351 0.098436
v 9.007205 1.849204 0.098436
v 10.000864 2.116357 0.098436
v 10.000864 2.057243 0.098436
v 10.000864 0.072649 0.098436
v 9.007040 1.241178 0.098436
v 10.000864 0.130935 0.098436
v 9.007205 1.821779 0.098436
v 9.007705 1.876733 0.098436
v 8.743275 0.910702 0.071181
v 8.809037 0.797894 0.071181
v 9.086614 0.721061 0.098436
v 9.133091 0.516710 0.071181
v 9.214664 0.467088 0.071181
v 9.449562 0.368144 0.071181
v 9.588523 0.334817 0.071181
v 9.705328 0.316837 0.071181
v 9.847666 0.298631 0.071181
v 8.827964 0.952971 0.071181
v 8.877420 0.862678 0.071181
v 9.204828 0.578878 0.071181
v 9.295610 0.526375 0.071181
v 9.408288 0.478848 0.071181
v 9.528871 0.449346 0.071181
v 9.633925 0.425151 0.071181
v 9.741407 0.411275 0.071181
v 9.848913 0.399983 0.071181
v 10.000864 0.396402 0.071181
v 10.000864 0.294042 0.071181
v 9.314351 0.422333 0.071181
v 9.332591 0.426058 0.098436
v 9.391006 0.465852 0.098436
v 8.761965 0.914716 0.098436
v 8.827793 0.802898 0.098436
v 8.894386 0.725198 0.098436
v 9.058991 0.771014 0.098436
v 9.056950 0.581306 0.098436
v 9.151846 0.521714 0.098436
v 9.236349 0.472067 0.098436
v 9.449401 0.382933 0.098436
v 9.587533 0.346748 0.098436
v 9.703861 0.328933 0.098436
v 9.845701 0.309867 0.098436
v 8.804624 0.940931 0.098436
v 8.858599 0.849919 0.098436
v 9.081304 0.631672 0.098436
v 9.186009 0.566120 0.098436
v 9.295435 0.505697 0.098436
v 9.530309 0.427426 0.098436
v 9.634799 0.409268 0.098436
v 9.741903 0.394779 0.098436
v 9.849082 0.382134 0.098436
v 10.000864 0.374695 0.098436
v 10.000864 0.301671 0.098436
v 8.731459 1.174402 0.071181
v 8.816592 1.132420 0.071181
v 8.750699 1.171979 0.098436
v 8.796283 1.142520 0.098436
v 8.717053 1.034199 0.071181
v 8.808728 1.023001 0.071181
v 8.736437 1.034071 0.098436
v 8.787410 1.030628 0.098436
v 9.265843 1.277498 0.071181
v 9.192040 1.406061 0.071181
v 9.120377 1.484254 0.071181
v 8.967233 1.624699 0.071181
v 8.865614 1.684367 0.071181
v 8.783621 1.733264 0.071181
v 8.547894 1.830125 0.071181
v 8.408449 1.862221 0.071181
v 8.290792 1.879166 0.071181
v 8.147447 1.896111 0.071181
v 9.185026 1.231990 0.071181
v 9.124208 1.337088 0.071181
v 9.062226 1.413052 0.071181
v 8.899662 1.556943 0.071181
v 8.794406 1.621565 0.071181
v 8.703181 1.673263 0.071181
v 8.590106 1.719790 0.071181
v 8.469278 1.748224 0.071181
v 8.364019 1.768997 0.071181
v 8.256424 1.784412 0.071181
v 8.148829 1.794752 0.071181
v 8.683560 1.777135 0.071181
v 8.665353 1.773249 0.098436
v 8.607275 1.732939 0.098436
v 9.247152 1.277581 0.098436
v 9.173327 1.400891 0.098436
v 9.101664 1.479084 0.098436
v 9.052137 1.523022 0.098436
v 8.948520 1.619529 0.098436
v 8.846901 1.679197 0.098436
v 8.761982 1.728094 0.098436
v 8.548183 1.815338 0.098436
v 8.409747 1.850299 0.098436
v 8.293269 1.867084 0.098436
v 8.151276 1.884893 0.098436
v 9.203737 1.244915 0.098436
v 9.142921 1.350013 0.098436
v 9.080936 1.425976 0.098436
v 9.077905 1.520908 0.071181
v 8.918375 1.569868 0.098436
v 8.813118 1.634490 0.098436
v 8.703181 1.693942 0.098436
v 8.467655 1.770131 0.098436
v 8.363012 1.787363 0.098436
v 8.255790 1.800903 0.098436
v 8.148509 1.812599 0.098436
v 9.236001 0.871933 0.071181
v 9.163727 0.777432 0.071181
v 9.105283 0.715726 0.071181
v 8.834949 0.502027 0.071181
v 8.766058 0.461492 0.071181
v 8.515990 0.357291 0.071181
v 8.376101 0.328224 0.071181
v 8.258304 0.312315 0.071181
v 8.114819 0.296632 0.071181
v 9.158094 0.927588 0.071181
v 9.096452 0.843416 0.071181
v 8.937072 0.566798 0.071181
v 8.764260 0.563661 0.071181
v 8.672695 0.523543 0.071181
v 8.576391 0.483251 0.071181
v 8.438087 0.441680 0.071181
v 8.332637 0.419349 0.071181
v 8.224936 0.407377 0.071181
v 8.117256 0.397991 0.071181
v 8.652116 0.410873 0.071181
v 8.633988 0.420306 0.098436
v 8.585653 0.468225 0.098436
v 9.217333 0.877269 0.098436
v 9.145058 0.782767 0.098436
v 9.040388 0.784103 0.071181
v 8.918404 0.572134 0.098436
v 8.816282 0.507362 0.098436
v 8.730950 0.459218 0.098436
v 8.516420 0.373870 0.098436
v 8.377694 0.340136 0.098436
v 8.261079 0.324383 0.098436
v 8.118937 0.307831 0.098436
v 9.176751 0.926785 0.098436
v 9.115054 0.830327 0.098436
v 8.870077 0.629144 0.071181
v 8.888680 0.616055 0.098436
v 8.782863 0.550572 0.098436
v 8.672521 0.502865 0.098436
v 8.436309 0.423379 0.098436
v 8.331494 0.403483 0.098436
v 8.224161 0.390893 0.098436
v 8.116783 0.380147 0.098436
v 9.007040 1.174745 0.098436
v 9.074501 1.108721 0.098436
v 9.070600 1.164516 0.098436
v 9.286519 0.999126 0.071181
v 9.267851 1.004462 0.098436
v 9.297242 1.131897 0.071181
v 9.278573 1.137233 0.098436
v 9.201960 1.131896 0.071181
v 9.220670 1.144821 0.098436
v 9.200547 1.030259 0.071181
v 9.219260 1.028769 0.098436
v 9.048568 0.997132 0.098436
v 9.069802 1.052927 0.098436
v 9.050164 1.220311 0.098436
v 9.093981 1.108774 0.071181
v 9.089022 1.179677 0.071181
v 9.061027 0.966970 0.071181
v 9.088008 1.037872 0.071181
v 9.063055 1.250578 0.071181
v 9.015177 1.596962 0.071181
v 9.014011 1.577197 0.098436
v 9.013031 1.452031 0.071181
v 9.014011 1.480088 0.098436
v 8.937991 1.523021 0.071181
v 8.970115 1.523022 0.098436
v 9.100125 0.644430 0.071181
v 8.938788 0.789755 0.071181
v 9.038238 0.568382 0.071181
v 8.880036 0.719070 0.071181
v 9.038763 0.678352 0.098436
v 8.919968 0.776997 0.098436
v 9.062900 0.676238 0.071181
v 8.991188 0.752293 0.071181
v 8.990023 0.724185 0.098436
v 8.989041 0.607361 0.071181
v 8.990024 0.635418 0.098436
v 8.914003 0.678351 0.071181
v 8.946128 0.678352 0.098436
v 8.888907 0.392478 0.071181
v 8.852264 0.334419 0.071181
v 8.871428 0.352176 0.071181
v 8.772196 0.370210 0.071181
v 8.790636 0.333278 0.071181
v 8.827570 0.317759 0.071181
v 8.818192 0.424156 0.071181
v 8.799895 0.411533 0.071181
v 8.838370 0.435938 0.071181
v 8.884934 0.371907 0.071181
v 8.784257 0.391420 0.071181
v 8.948167 0.250727 0.071181
v 8.938535 0.328943 0.071181
v 8.933795 0.303912 0.071181
v 8.955681 0.353930 0.071181
v 8.934465 0.277343 0.071181
v 8.884680 0.435773 0.071181
v 8.849859 0.340937 0.098436
v 8.866396 0.356260 0.098436
v 8.780765 0.371823 0.098436
v 8.796675 0.339952 0.098436
v 8.828548 0.326560 0.098436
v 8.818516 0.418376 0.098436
v 8.802824 0.407483 0.098436
v 8.817732 0.363150 0.098436
v 8.838787 0.386348 0.098436
v 8.875769 0.373286 0.098436
v 8.881482 0.391039 0.098436
v 8.789406 0.390126 0.098436
v 8.953099 0.262282 0.098436
v 8.947931 0.323470 0.098436
v 8.944224 0.303889 0.098436
v 8.944749 0.283104 0.098436
v 8.858311 0.407374 0.098436
v 8.837871 0.428543 0.098436
v 8.958941 0.343017 0.098436
v 8.877831 0.428401 0.098436
v 8.986606 0.238845 0.071181
v 8.987218 0.373140 0.071181
v 8.986785 0.278086 0.098436
v 8.986670 0.252982 0.098436
v 9.086669 0.391557 0.071181
v 9.122999 0.333153 0.071181
v 9.103884 0.351090 0.071181
v 9.203874 0.368181 0.071181
v 9.184987 0.331426 0.071181
v 9.143468 0.316258 0.071181
v 9.156063 0.422540 0.071181
v 9.174132 0.409745 0.071181
v 9.133741 0.434535 0.071181
v 9.089245 0.370924 0.071181
v 9.189493 0.389485 0.071181
v 9.032207 0.250435 0.071181
v 9.035996 0.328585 0.071181
v 9.040506 0.303510 0.071181
v 9.022149 0.353704 0.071181
v 9.039595 0.276948 0.071181
v 9.087436 0.434810 0.071181
v 9.121390 0.339647 0.098436
v 9.104994 0.355126 0.098436
v 9.190762 0.369875 0.098436
v 9.174561 0.338156 0.098436
v 9.142569 0.325068 0.098436
v 9.153436 0.416785 0.098436
v 9.169029 0.405743 0.098436
v 9.153718 0.361554 0.098436
v 9.132875 0.384951 0.098436
v 9.095778 0.372241 0.098436
v 9.090226 0.390047 0.098436
v 9.182287 0.388259 0.098436
v 9.020825 0.262065 0.098436
v 9.026550 0.323201 0.098436
v 9.030079 0.303586 0.098436
v 9.029365 0.282807 0.098436
v 9.113544 0.406162 0.098436
v 9.134174 0.427136 0.098436
v 9.015718 0.342852 0.098436
v 9.094214 0.427373 0.098436
v 8.987523 0.330718 0.098436
v 8.987649 0.358142 0.098436
v 8.986898 0.303191 0.098436
v 8.458121 0.952086 0.071181
v 8.329434 0.842167 0.071181
v 8.174099 0.787965 0.071181
v 8.355296 1.046727 0.071181
v 8.267826 0.964014 0.071181
v 8.145185 0.917636 0.071181
v 8.438970 0.972564 0.113595
v 8.322072 0.868980 0.113595
v 8.183102 0.817305 0.113595
v 8.382656 1.017474 0.113595
v 8.295186 0.934761 0.113595
v 8.172544 0.888384 0.113595
v 8.464981 1.090911 0.113595
v 8.493515 1.087060 0.071181
v 8.395699 1.092388 0.113595
v 8.366052 1.090524 0.071181
v 8.090979 1.042801 0.071181
v 8.048097 1.020676 0.071181
v 8.072674 1.053783 0.093914
v 8.038929 1.036372 0.093914
v 8.107000 1.090524 0.071181
v 8.045115 1.090524 0.093914
v 8.085279 1.090524 0.093914
v 8.072212 1.125907 0.093914
v 8.038469 1.143997 0.093914
v 8.090454 1.136521 0.071181
v 8.047574 1.159509 0.071181
v 4.384829 2.172161 0.024553
v 4.384829 0.010069 0.020092
v 4.261689 0.010069 0.122270
v 4.125904 0.142426 0.071181
v 4.125904 0.010069 0.122270
v 4.010790 0.142426 0.071181
v 4.260554 2.172161 0.117806
v 4.154413 2.172161 0.117806
v 4.384828 2.048063 0.071181
v 4.384828 0.142426 0.071181
v 4.384437 2.172161 0.117806
v 4.384829 0.010069 0.122270
v 4.261689 0.142426 0.071181
v 4.156184 2.048063 0.071181
v 4.261689 2.048063 0.071181
v 4.261689 0.010069 0.020092
v 4.125904 0.010069 0.020092
v 4.261689 2.172161 0.024553
v 4.156184 2.172161 0.024553
v 4.011658 2.172161 0.024553
v 5.113067 1.787912 0.071181
v 5.153661 1.846145 0.071181
v 5.130364 1.828297 0.071181
v 5.229676 1.810734 0.071181
v 5.211068 1.847579 0.071181
v 5.178428 1.862922 0.071181
v 5.186174 1.756581 0.071181
v 5.208848 1.769290 0.071181
v 5.168102 1.744693 0.071181
v 5.123629 1.808515 0.071181
v 5.219757 1.789477 0.071181
v 5.056190 1.929395 0.071181
v 5.063151 1.851211 0.071181
v 5.071499 1.876264 0.071181
v 5.049190 1.826158 0.071181
v 5.070704 1.902829 0.071181
v 4.772760 1.285817 0.071181
v 4.844232 1.406061 0.071181
v 4.915896 1.484254 0.071181
v 5.069039 1.624699 0.071181
v 5.170657 1.684367 0.071181
v 5.239204 1.725509 0.071181
v 5.488378 1.831920 0.071181
v 5.634712 1.862221 0.071181
v 5.752369 1.879166 0.071181
v 5.887054 1.896111 0.071181
v 4.851246 1.231990 0.071181
v 4.912062 1.337088 0.071181
v 4.974047 1.413052 0.071181
v 5.136610 1.556943 0.071181
v 5.241867 1.623360 0.071181
v 5.333090 1.664288 0.071181
v 5.429047 1.705430 0.071181
v 5.566994 1.748224 0.071181
v 5.672251 1.771488 0.071181
v 5.779848 1.784412 0.071181
v 5.887443 1.794752 0.071181
v 4.190004 1.413088 0.071181
v 4.341576 1.340133 0.071181
v 4.460693 1.225773 0.071181
v 4.011658 1.292116 0.071181
v 4.152152 1.281513 0.071181
v 4.274793 1.225970 0.071181
v 4.362263 1.134321 0.071181
v 5.954708 1.015486 0.071181
v 5.911784 1.038390 0.071181
v 5.963784 1.031015 0.093914
v 5.930006 1.049039 0.093914
v 5.916872 1.084396 0.093914
v 5.957037 1.084475 0.093914
v 5.895152 1.084354 0.071181
v 5.352713 1.777135 0.071181
v 5.121516 1.744637 0.071181
v 4.384828 2.116357 0.098436
v 4.384828 2.057243 0.098436
v 4.384828 0.072649 0.098436
v 4.125904 0.072649 0.098436
v 4.261689 0.072649 0.098436
v 4.125904 0.130935 0.098436
v 4.261689 2.116357 0.098436
v 4.156184 2.116357 0.098436
v 4.011658 2.116357 0.098436
v 4.384828 0.130935 0.098436
v 4.261689 0.130935 0.098436
v 4.261689 2.057243 0.098436
v 4.156184 2.057243 0.098436
v 5.151881 1.839639 0.098436
v 5.135413 1.824237 0.098436
v 5.221115 1.809081 0.098436
v 5.205058 1.840876 0.098436
v 5.173125 1.854116 0.098436
v 5.183575 1.762349 0.098436
v 5.199218 1.773316 0.098436
v 5.184109 1.817578 0.098436
v 5.163159 1.794280 0.098436
v 5.126118 1.807166 0.098436
v 5.120487 1.789387 0.098436
v 5.212556 1.790737 0.098436
v 5.048285 1.917802 0.098436
v 5.053730 1.856639 0.098436
v 5.057348 1.876238 0.098436
v 5.056729 1.897020 0.098436
v 5.143733 1.773162 0.098436
v 5.164268 1.752090 0.098436
v 5.042808 1.837040 0.098436
v 5.370919 1.767864 0.098436
v 5.419659 1.720374 0.098436
v 4.791472 1.280647 0.098436
v 4.862944 1.400891 0.098436
v 4.934609 1.479084 0.098436
v 5.087751 1.619529 0.098436
v 5.189369 1.679197 0.098436
v 5.274290 1.728094 0.098436
v 5.488089 1.815338 0.098436
v 5.626524 1.850299 0.098436
v 5.743002 1.867084 0.098436
v 5.884997 1.884893 0.098436
v 4.832534 1.244915 0.098436
v 4.893350 1.350013 0.098436
v 4.955335 1.425976 0.098436
v 5.117898 1.569868 0.098436
v 5.223155 1.636285 0.098436
v 5.333090 1.684967 0.098436
v 5.568618 1.766541 0.098436
v 5.673260 1.787363 0.098436
v 5.780481 1.800903 0.098436
v 5.887764 1.812599 0.098436
v 4.177194 1.388505 0.113596
v 4.315225 1.325272 0.113596
v 4.437656 1.212996 0.113596
v 4.152152 1.321969 0.113596
v 4.274793 1.266427 0.113596
v 4.378732 1.167302 0.113596
v 5.963121 1.138639 0.093914
v 5.929410 1.121162 0.093914
v 5.953923 1.154317 0.071181
v 5.911084 1.132108 0.071181
v 5.636100 1.083846 0.071181
v 5.606457 1.081924 0.113596
v 5.508631 1.087060 0.071181
v 5.537172 1.083266 0.113596
v 5.829228 1.286366 0.113596
v 5.706674 1.239748 0.113596
v 5.619359 1.156864 0.113596
v 5.124306 1.752042 0.098436
v 5.014671 1.941079 0.071181
v 5.014671 1.806783 0.071181
v 5.014671 1.901838 0.098436
v 5.014671 1.926942 0.098436
v 4.514598 0.010069 0.122270
v 4.514987 2.172161 0.117806
v 4.514598 2.048063 0.071181
v 4.514598 0.010069 0.020092
v 4.514598 2.172161 0.024553
v 4.644368 2.172161 0.024553
v 4.644368 0.010069 0.020092
v 4.767507 0.010069 0.122270
v 4.883939 0.142426 0.071181
v 4.883939 0.010069 0.122270
v 5.004827 0.142426 0.071181
v 5.004827 0.010069 0.122270
v 5.132076 0.142426 0.071181
v 5.132076 0.010069 0.122270
v 5.255083 0.010069 0.122270
v 5.380247 0.142426 0.071181
v 5.380247 0.010069 0.122270
v 4.769421 2.172161 0.117806
v 4.883687 2.172161 0.117806
v 5.005302 2.172161 0.117806
v 5.133318 2.172161 0.117806
v 5.257068 2.172161 0.117806
v 5.383353 2.172161 0.117806
v 5.507506 2.172161 0.117806
v 5.629121 2.172161 0.117806
v 5.757138 2.172161 0.117806
v 5.880887 2.172161 0.117806
v 5.503289 0.142426 0.071181
v 5.503289 0.010069 0.122270
v 5.624177 0.142426 0.071181
v 5.624177 0.010069 0.122270
v 5.751426 0.142426 0.071181
v 5.751426 0.010069 0.122270
v 5.874433 0.142426 0.071181
v 5.874433 0.010069 0.122270
v 4.644368 2.048063 0.071181
v 5.377762 2.048063 0.071181
v 5.252233 2.048063 0.071181
v 5.129225 2.048063 0.071181
v 4.644368 0.142426 0.071181
v 4.645539 2.172161 0.117806
v 5.001976 2.048063 0.071181
v 4.644368 0.010069 0.122270
v 5.872316 2.048063 0.071181
v 5.749308 2.048063 0.071181
v 4.767507 0.142426 0.071181
v 4.881089 2.048063 0.071181
v 4.767507 2.048063 0.071181
v 5.622058 2.048063 0.071181
v 5.501171 2.048063 0.071181
v 4.767507 0.010069 0.020092
v 4.883939 0.010069 0.020092
v 5.004827 0.010069 0.020092
v 5.132076 0.010069 0.020092
v 5.255083 0.010069 0.020092
v 5.380247 0.010069 0.020092
v 5.503289 0.010069 0.020092
v 5.624177 0.010069 0.020092
v 5.751426 0.010069 0.020092
v 5.874433 0.010069 0.020092
v 4.767507 2.172161 0.024553
v 4.881089 2.172161 0.024553
v 5.001976 2.172161 0.024553
v 5.129225 2.172161 0.024553
v 5.252233 2.172161 0.024553
v 5.377762 2.172161 0.024553
v 5.501171 2.172161 0.024553
v 5.622058 2.172161 0.024553
v 5.749308 2.172161 0.024553
v 5.872316 2.172161 0.024553
v 4.957994 0.966104 0.071181
v 4.933037 1.178810 0.071181
v 4.960020 1.249712 0.071181
v 4.932024 1.037006 0.071181
v 4.927066 1.107908 0.071181
v 4.921988 1.787912 0.071181
v 4.885389 1.846145 0.071181
v 4.904587 1.828297 0.071181
v 4.804677 1.810734 0.071181
v 4.823395 1.847579 0.071181
v 4.860623 1.862922 0.071181
v 4.846054 1.756581 0.071181
v 4.827926 1.769290 0.071181
v 4.870949 1.744693 0.071181
v 4.915422 1.808515 0.071181
v 4.812470 1.789477 0.071181
v 4.972651 1.929290 0.071181
v 4.965690 1.851106 0.071181
v 4.961065 1.876159 0.071181
v 4.979651 1.826053 0.071181
v 4.961856 1.902725 0.071181
v 5.818536 1.357423 0.113596
v 5.679664 1.305476 0.113596
v 5.562961 1.201663 0.113596
v 5.856641 1.257166 0.071181
v 5.734087 1.210548 0.071181
v 5.646774 1.127664 0.071181
v 5.827485 1.386781 0.071181
v 5.672251 1.332274 0.071181
v 5.543771 1.222103 0.071181
v 5.630531 1.007057 0.113596
v 5.734656 0.908137 0.113596
v 5.255083 0.142426 0.071181
v 4.514598 0.142426 0.071181
v 4.917535 1.744637 0.071181
v 5.129225 2.116357 0.098436
v 5.129225 2.057243 0.098436
v 4.514598 2.116357 0.098436
v 4.644368 2.116357 0.098436
v 4.644368 2.057243 0.098436
v 4.514598 2.057243 0.098436
v 4.644368 0.072649 0.098436
v 4.514598 0.072649 0.098436
v 5.872316 2.057243 0.098436
v 4.883939 0.072649 0.098436
v 4.767507 0.072649 0.098436
v 5.004827 0.072649 0.098436
v 4.883939 0.130935 0.098436
v 5.004827 0.130935 0.098436
v 5.132076 0.072649 0.098436
v 5.132076 0.130935 0.098436
v 5.255083 0.072649 0.098436
v 5.380247 0.072649 0.098436
v 4.767507 2.116357 0.098436
v 4.881089 2.116357 0.098436
v 5.001976 2.116357 0.098436
v 5.252233 2.116357 0.098436
v 5.377762 2.116357 0.098436
v 5.501171 2.116357 0.098436
v 5.749308 2.057243 0.098436
v 5.622058 2.116357 0.098436
v 5.622058 2.057243 0.098436
v 5.749308 2.116357 0.098436
v 5.872316 2.116357 0.098436
v 5.501171 2.057243 0.098436
v 5.380247 0.130935 0.098436
v 5.503289 0.130935 0.098436
v 5.377762 2.057243 0.098436
v 5.624177 0.072649 0.098436
v 5.503289 0.072649 0.098436
v 5.624177 0.130935 0.098436
v 5.751426 0.072649 0.098436
v 5.751426 0.130935 0.098436
v 5.874433 0.072649 0.098436
v 5.874433 0.130935 0.098436
v 5.252233 2.057243 0.098436
v 4.644368 0.130935 0.098436
v 4.767507 0.130935 0.098436
v 4.767507 2.057243 0.098436
v 5.001976 2.057243 0.098436
v 4.881089 2.057243 0.098436
v 4.970883 0.996371 0.098436
v 4.951245 1.163755 0.098436
v 4.972477 1.219550 0.098436
v 4.950447 1.052166 0.098436
v 4.946546 1.107961 0.098436
v 4.880347 1.839639 0.098436
v 4.896814 1.824237 0.098436
v 4.811112 1.809081 0.098436
v 4.827169 1.840876 0.098436
v 4.859103 1.854116 0.098436
v 4.848653 1.762349 0.098436
v 4.833009 1.773316 0.098436
v 4.848119 1.817578 0.098436
v 4.869069 1.794280 0.098436
v 4.906109 1.807166 0.098436
v 4.911741 1.789387 0.098436
v 4.819672 1.790737 0.098436
v 4.980557 1.917697 0.098436
v 4.975111 1.856534 0.098436
v 4.971493 1.876133 0.098436
v 4.972113 1.896915 0.098436
v 4.888495 1.773162 0.098436
v 4.867960 1.752090 0.098436
v 4.986033 1.836936 0.098436
v 5.255083 0.130935 0.098436
v 5.857400 0.852834 0.113596
v 5.571693 0.961248 0.113596
v 5.694334 0.849213 0.113596
v 5.832484 0.786249 0.113596
v 5.646938 1.040070 0.071181
v 5.734579 0.948593 0.071181
v 5.857325 0.893291 0.071181
v 5.548680 0.948426 0.071181
v 5.668010 0.834299 0.071181
v 5.819720 0.761642 0.071181
v 4.514598 0.130935 0.098436
v 4.907922 1.752042 0.098436
v 5.014006 0.939612 0.071181
v 5.014006 1.277195 0.071181
v 5.014006 1.041937 0.098436
v 5.014006 0.975524 0.098436
v 5.014006 1.108351 0.098436
v 5.014171 1.849204 0.098436
v 5.014006 1.241178 0.098436
v 5.014171 1.821779 0.098436
v 5.014671 1.876733 0.098436
v 4.750241 0.910702 0.071181
v 4.816003 0.797894 0.071181
v 5.093581 0.721061 0.098436
v 5.140056 0.516710 0.071181
v 5.221631 0.467088 0.071181
v 5.456528 0.368144 0.071181
v 5.595488 0.334817 0.071181
v 5.712292 0.316837 0.071181
v 5.854631 0.298631 0.071181
v 4.834930 0.952971 0.071181
v 4.884386 0.862678 0.071181
v 5.211795 0.578878 0.071181
v 5.302577 0.526375 0.071181
v 5.415254 0.478848 0.071181
v 5.535836 0.449346 0.071181
v 5.640892 0.425151 0.071181
v 5.748374 0.411275 0.071181
v 5.855879 0.399983 0.071181
v 5.321317 0.422333 0.071181
v 5.339556 0.426058 0.098436
v 5.397974 0.465852 0.098436
v 4.768930 0.914716 0.098436
v 4.834759 0.802898 0.098436
v 4.901352 0.725198 0.098436
v 5.065958 0.771014 0.098436
v 5.063915 0.581306 0.098436
v 5.158811 0.521714 0.098436
v 5.243314 0.472067 0.098436
v 5.456365 0.382933 0.098436
v 5.594499 0.346748 0.098436
v 5.710829 0.328933 0.098436
v 5.852667 0.309867 0.098436
v 4.811589 0.940931 0.098436
v 4.865565 0.849919 0.098436
v 5.088270 0.631672 0.098436
v 5.192975 0.566120 0.098436
v 5.302401 0.505697 0.098436
v 5.537275 0.427426 0.098436
v 5.641766 0.409268 0.098436
v 5.748869 0.394779 0.098436
v 5.856048 0.382134 0.098436
v 4.738425 1.174402 0.071181
v 4.823559 1.132420 0.071181
v 4.757665 1.171979 0.098436
v 4.803249 1.142520 0.098436
v 4.724019 1.034199 0.071181
v 4.815694 1.023001 0.071181
v 4.743403 1.034071 0.098436
v 4.794375 1.030628 0.098436
v 5.272810 1.277498 0.071181
v 5.199007 1.406061 0.071181
v 5.127342 1.484254 0.071181
v 4.974200 1.624699 0.071181
v 4.872581 1.684367 0.071181
v 4.790588 1.733264 0.071181
v 4.554860 1.830125 0.071181
v 4.415416 1.862221 0.071181
v 4.297759 1.879166 0.071181
v 4.154413 1.896111 0.071181
v 5.191991 1.231990 0.071181
v 5.131176 1.337088 0.071181
v 5.069191 1.413052 0.071181
v 4.906628 1.556943 0.071181
v 4.801371 1.621565 0.071181
v 4.710148 1.673263 0.071181
v 4.597072 1.719790 0.071181
v 4.476243 1.748224 0.071181
v 4.370986 1.768997 0.071181
v 4.263391 1.784412 0.071181
v 4.155795 1.794752 0.071181
v 4.011658 1.797337 0.071181
v 4.690526 1.777135 0.071181
v 4.672319 1.773249 0.098436
v 4.614241 1.732939 0.098436
v 5.254118 1.277581 0.098436
v 5.180295 1.400891 0.098436
v 5.108629 1.479084 0.098436
v 5.059103 1.523022 0.098436
v 4.955486 1.619529 0.098436
v 4.853868 1.679197 0.098436
v 4.768948 1.728094 0.098436
v 4.555149 1.815338 0.098436
v 4.416713 1.850299 0.098436
v 4.300237 1.867084 0.098436
v 4.158242 1.884893 0.098436
v 5.210703 1.244915 0.098436
v 5.149889 1.350013 0.098436
v 5.087903 1.425976 0.098436
v 5.084870 1.520908 0.071181
v 4.925341 1.569868 0.098436
v 4.820083 1.634490 0.098436
v 4.710148 1.693942 0.098436
v 4.474620 1.770131 0.098436
v 4.369978 1.787363 0.098436
v 4.262757 1.800903 0.098436
v 4.155474 1.812599 0.098436
v 5.242968 0.871933 0.071181
v 5.170692 0.777432 0.071181
v 5.112248 0.715726 0.071181
v 4.841917 0.502027 0.071181
v 4.773024 0.461492 0.071181
v 4.522957 0.357291 0.071181
v 4.383067 0.328224 0.071181
v 4.265269 0.312315 0.071181
v 4.121784 0.296632 0.071181
v 5.165061 0.927588 0.071181
v 5.103418 0.843416 0.071181
v 4.944038 0.566798 0.071181
v 4.771228 0.563661 0.071181
v 4.679661 0.523543 0.071181
v 4.583358 0.483251 0.071181
v 4.445054 0.441680 0.071181
v 4.339603 0.419349 0.071181
v 4.231901 0.407377 0.071181
v 4.124222 0.397991 0.071181
v 4.659082 0.410873 0.071181
v 4.640954 0.420306 0.098436
v 4.592619 0.468225 0.098436
v 5.224299 0.877269 0.098436
v 5.152024 0.782767 0.098436
v 5.047355 0.784103 0.071181
v 4.925370 0.572134 0.098436
v 4.823250 0.507362 0.098436
v 4.737917 0.459218 0.098436
v 4.523386 0.373870 0.098436
v 4.384659 0.340136 0.098436
v 4.268044 0.324383 0.098436
v 4.125904 0.307831 0.098436
v 5.183718 0.926785 0.098436
v 5.122020 0.830327 0.098436
v 4.877044 0.629144 0.071181
v 4.895646 0.616055 0.098436
v 4.789829 0.550572 0.098436
v 4.679486 0.502865 0.098436
v 4.443274 0.423379 0.098436
v 4.338460 0.403483 0.098436
v 4.231127 0.390893 0.098436
v 4.123750 0.380147 0.098436
v 4.011658 0.396402 0.071181
v 5.014006 1.174745 0.098436
v 5.081467 1.108721 0.098436
v 5.077565 1.164516 0.098436
v 5.293484 0.999126 0.071181
v 5.274817 1.004462 0.098436
v 5.304208 1.131897 0.071181
v 5.285541 1.137233 0.098436
v 5.208924 1.131896 0.071181
v 5.227637 1.144821 0.098436
v 5.207514 1.030259 0.071181
v 5.226226 1.028769 0.098436
v 5.055535 0.997132 0.098436
v 5.076767 1.052927 0.098436
v 5.057130 1.220311 0.098436
v 5.100945 1.108774 0.071181
v 5.095987 1.179677 0.071181
v 5.067993 0.966970 0.071181
v 5.094975 1.037872 0.071181
v 5.070020 1.250578 0.071181
v 5.022142 1.596962 0.071181
v 5.020978 1.577197 0.098436
v 5.019997 1.452031 0.071181
v 5.020978 1.480088 0.098436
v 4.944958 1.523021 0.071181
v 4.977081 1.523022 0.098436
v 5.107091 0.644430 0.071181
v 4.945755 0.789755 0.071181
v 5.045203 0.568382 0.071181
v 4.887003 0.719070 0.071181
v 5.045729 0.678352 0.098436
v 4.926934 0.776997 0.098436
v 5.069864 0.676238 0.071181
v 4.998155 0.752293 0.071181
v 4.996990 0.724185 0.098436
v 4.996008 0.607361 0.071181
v 4.996990 0.635418 0.098436
v 4.920970 0.678351 0.071181
v 4.953093 0.678352 0.098436
v 4.895874 0.392478 0.071181
v 4.859230 0.334419 0.071181
v 4.878394 0.352176 0.071181
v 4.779162 0.370210 0.071181
v 4.797602 0.333278 0.071181
v 4.834536 0.317759 0.071181
v 4.825157 0.424156 0.071181
v 4.806862 0.411533 0.071181
v 4.845337 0.435938 0.071181
v 4.891901 0.371907 0.071181
v 4.791222 0.391420 0.071181
v 4.955132 0.250727 0.071181
v 4.945500 0.328943 0.071181
v 4.940762 0.303912 0.071181
v 4.962647 0.353930 0.071181
v 4.941432 0.277343 0.071181
v 4.891644 0.435773 0.071181
v 4.856825 0.340937 0.098436
v 4.873362 0.356260 0.098436
v 4.787730 0.371823 0.098436
v 4.803642 0.339952 0.098436
v 4.835515 0.326560 0.098436
v 4.825483 0.418376 0.098436
v 4.809790 0.407483 0.098436
v 4.824698 0.363150 0.098436
v 4.845753 0.386348 0.098436
v 4.882735 0.373286 0.098436
v 4.888448 0.391039 0.098436
v 4.796373 0.390126 0.098436
v 4.960064 0.262282 0.098436
v 4.954897 0.323470 0.098436
v 4.951190 0.303889 0.098436
v 4.951715 0.283104 0.098436
v 4.865276 0.407374 0.098436
v 4.844837 0.428543 0.098436
v 4.965909 0.343017 0.098436
v 4.884798 0.428401 0.098436
v 4.993572 0.238845 0.071181
v 4.994184 0.373140 0.071181
v 4.993751 0.278086 0.098436
v 4.993636 0.252982 0.098436
v 5.093634 0.391557 0.071181
v 5.129966 0.333153 0.071181
v 5.110850 0.351090 0.071181
v 5.210839 0.368181 0.071181
v 5.191952 0.331426 0.071181
v 5.150434 0.316258 0.071181
v 5.163027 0.422540 0.071181
v 5.181097 0.409745 0.071181
v 5.140708 0.434535 0.071181
v 5.096211 0.370924 0.071181
v 5.196460 0.389485 0.071181
v 5.039174 0.250435 0.071181
v 5.042962 0.328585 0.071181
v 5.047472 0.303510 0.071181
v 5.029114 0.353704 0.071181
v 5.046560 0.276948 0.071181
v 5.094401 0.434810 0.071181
v 5.128356 0.339647 0.098436
v 5.111959 0.355126 0.098436
v 5.197729 0.369875 0.098436
v 5.181527 0.338156 0.098436
v 5.149534 0.325068 0.098436
v 5.160401 0.416785 0.098436
v 5.175996 0.405743 0.098436
v 5.160684 0.361554 0.098436
v 5.139841 0.384951 0.098436
v 5.102742 0.372241 0.098436
v 5.097191 0.390047 0.098436
v 5.189253 0.388259 0.098436
v 5.027792 0.262065 0.098436
v 5.033516 0.323201 0.098436
v 5.037045 0.303586 0.098436
v 5.036331 0.282807 0.098436
v 5.120512 0.406162 0.098436
v 5.141140 0.427136 0.098436
v 5.022684 0.342852 0.098436
v 5.101181 0.427373 0.098436
v 4.994490 0.330718 0.098436
v 4.994615 0.358142 0.098436
v 4.993865 0.303191 0.098436
v 4.465087 0.952086 0.071181
v 4.336400 0.842167 0.071181
v 4.181064 0.787965 0.071181
v 4.362263 1.046727 0.071181
v 4.274793 0.964014 0.071181
v 4.152152 0.917636 0.071181
v 4.445936 0.972564 0.113596
v 4.329039 0.868980 0.113596
v 4.190068 0.817305 0.113596
v 4.389622 1.017474 0.113596
v 4.302152 0.934761 0.113596
v 4.179510 0.888384 0.113596
v 4.471947 1.090911 0.113596
v 4.500482 1.087060 0.071181
v 4.402665 1.092388 0.113596
v 4.373018 1.090524 0.071181
v 4.097944 1.042801 0.071181
v 4.055063 1.020676 0.071181
v 4.012183 1.016452 0.071181
v 4.079638 1.053783 0.093914
v 4.011658 1.899701 0.071181
v 4.045894 1.036372 0.093914
v 4.012151 1.033048 0.093914
v 4.113966 1.090524 0.071181
v 4.052081 1.090524 0.093914
v 4.092247 1.090524 0.093914
v 4.011915 1.090524 0.093914
v 4.011691 1.148001 0.093914
v 4.079179 1.125907 0.093914
v 4.045435 1.143997 0.093914
v 4.097420 1.136521 0.071181
v 4.054539 1.159509 0.071181
v 7.630832 2.172161 0.024553
v 7.630832 0.010069 0.020092
v 7.753972 0.010069 0.122270
v 7.889757 0.142426 0.071181
v 7.889757 0.010069 0.122270
v 8.004347 0.142426 0.071181
v 8.004347 0.010069 0.122270
v 7.755106 2.172161 0.117806
v 7.861248 2.172161 0.117806
v 8.004347 2.172161 0.117806
v 7.630832 2.048063 0.071181
v 7.630832 0.142426 0.071181
v 7.631225 2.172161 0.117806
v 8.004347 2.048063 0.071181
v 7.630832 0.010069 0.122270
v 7.753972 0.142426 0.071181
v 7.859477 2.048063 0.071181
v 7.753972 2.048063 0.071181
v 7.753972 0.010069 0.020092
v 7.889757 0.010069 0.020092
v 8.004347 0.010069 0.020092
v 7.753972 2.172161 0.024553
v 7.859477 2.172161 0.024553
v 8.004347 2.172161 0.024553
v 6.902593 1.787912 0.071181
v 6.861999 1.846145 0.071181
v 6.885297 1.828297 0.071181
v 6.785985 1.810734 0.071181
v 6.804592 1.847579 0.071181
v 6.837232 1.862922 0.071181
v 6.829486 1.756581 0.071181
v 6.806812 1.769290 0.071181
v 6.847558 1.744693 0.071181
v 6.892031 1.808515 0.071181
v 6.795904 1.789477 0.071181
v 6.959470 1.929395 0.071181
v 6.952508 1.851211 0.071181
v 6.944161 1.876264 0.071181
v 6.966470 1.826158 0.071181
v 6.944957 1.902829 0.071181
v 7.242900 1.285817 0.071181
v 7.171429 1.406061 0.071181
v 7.099764 1.484254 0.071181
v 6.946621 1.624699 0.071181
v 6.845003 1.684367 0.071181
v 6.776456 1.725509 0.071181
v 6.527283 1.831920 0.071181
v 6.380948 1.862221 0.071181
v 6.263291 1.879166 0.071181
v 6.128605 1.896111 0.071181
v 7.164414 1.231990 0.071181
v 7.103599 1.337088 0.071181
v 7.041614 1.413052 0.071181
v 6.879050 1.556943 0.071181
v 6.773794 1.623360 0.071181
v 6.682570 1.664288 0.071181
v 6.586614 1.705430 0.071181
v 6.448666 1.748224 0.071181
v 6.343410 1.771488 0.071181
v 6.235813 1.784412 0.071181
v 6.128217 1.794752 0.071181
v 7.825657 1.413088 0.071181
v 7.674085 1.340133 0.071181
v 7.554968 1.225773 0.071181
v 8.004347 1.292116 0.071181
v 7.863509 1.281513 0.071181
v 7.740867 1.225970 0.071181
v 7.653398 1.134321 0.071181
v 6.007830 1.158625 0.071181
v 6.060953 1.015486 0.071181
v 6.103876 1.038390 0.071181
v 6.007830 1.010482 0.071181
v 6.051877 1.031015 0.093914
v 6.085655 1.049039 0.093914
v 6.007830 1.027078 0.093914
v 6.007830 1.084554 0.093914
v 6.098789 1.084396 0.093914
v 6.058623 1.084475 0.093914
v 6.120509 1.084354 0.071181
v 6.662948 1.777135 0.071181
v 6.894145 1.744637 0.071181
v 7.630832 2.116357 0.098436
v 7.630832 2.057243 0.098436
v 7.630832 0.072649 0.098436
v 7.889757 0.072649 0.098436
v 7.753972 0.072649 0.098436
v 8.004347 0.072649 0.098436
v 7.889757 0.130935 0.098436
v 8.004347 0.130935 0.098436
v 7.753972 2.116357 0.098436
v 7.859477 2.116357 0.098436
v 8.004347 2.116357 0.098436
v 7.630832 0.130935 0.098436
v 7.753972 0.130935 0.098436
v 7.753972 2.057243 0.098436
v 8.004347 2.057243 0.098436
v 7.859477 2.057243 0.098436
v 6.863780 1.839639 0.098436
v 6.880248 1.824237 0.098436
v 6.794545 1.809081 0.098436
v 6.810602 1.840876 0.098436
v 6.842535 1.854116 0.098436
v 6.832086 1.762349 0.098436
v 6.816442 1.773316 0.098436
v 6.831551 1.817578 0.098436
v 6.852501 1.794280 0.098436
v 6.889542 1.807166 0.098436
v 6.895174 1.789387 0.098436
v 6.803104 1.790737 0.098436
v 6.967376 1.917802 0.098436
v 6.961930 1.856639 0.098436
v 6.958312 1.876238 0.098436
v 6.958931 1.897020 0.098436
v 6.871928 1.773162 0.098436
v 6.851393 1.752090 0.098436
v 6.972852 1.837040 0.098436
v 6.644741 1.767864 0.098436
v 6.596001 1.720374 0.098436
v 7.224188 1.280647 0.098436
v 7.152717 1.400891 0.098436
v 7.081051 1.479084 0.098436
v 6.927909 1.619529 0.098436
v 6.826291 1.679197 0.098436
v 6.741370 1.728094 0.098436
v 6.527572 1.815338 0.098436
v 6.389136 1.850299 0.098436
v 6.272659 1.867084 0.098436
v 6.130663 1.884893 0.098436
v 7.183126 1.244915 0.098436
v 7.122311 1.350013 0.098436
v 7.060326 1.425976 0.098436
v 6.897763 1.569868 0.098436
v 6.792506 1.636285 0.098436
v 6.682570 1.684967 0.098436
v 6.447042 1.766541 0.098436
v 6.342401 1.787363 0.098436
v 6.235178 1.800903 0.098436
v 6.127896 1.812599 0.098436
v 8.004347 1.405025 0.113595
v 7.838466 1.388505 0.113595
v 7.700436 1.325272 0.113595
v 7.578005 1.212996 0.113595
v 8.004347 1.332574 0.113595
v 7.863509 1.321969 0.113595
v 7.740867 1.266427 0.113595
v 7.636929 1.167302 0.113595
v 6.007830 1.142029 0.093914
v 6.052539 1.138639 0.093914
v 6.086250 1.121162 0.093914
v 6.061737 1.154317 0.071181
v 6.104577 1.132108 0.071181
v 6.379560 1.083846 0.071181
v 6.409204 1.081924 0.113596
v 6.507030 1.087060 0.071181
v 6.478489 1.083266 0.113596
v 6.007830 1.299578 0.113596
v 6.186431 1.286366 0.113596
v 6.308986 1.239748 0.113596
v 6.396301 1.156864 0.113596
v 6.891355 1.752042 0.098436
v 7.000990 1.941079 0.071181
v 7.000990 1.806783 0.071181
v 7.000990 1.901838 0.098436
v 7.000990 1.926942 0.098436
v 7.501063 0.010069 0.122270
v 7.500673 2.172161 0.117806
v 7.501063 2.048063 0.071181
v 7.501063 0.010069 0.020092
v 7.501063 2.172161 0.024553
v 7.371293 2.172161 0.024553
v 7.371293 0.010069 0.020092
v 7.248153 0.010069 0.122270
v 7.131721 0.142426 0.071181
v 7.131721 0.010069 0.122270
v 7.010833 0.142426 0.071181
v 7.010833 0.010069 0.122270
v 6.883585 0.142426 0.071181
v 6.883585 0.010069 0.122270
v 6.760577 0.010069 0.122270
v 6.635414 0.142426 0.071181
v 6.635414 0.010069 0.122270
v 7.246240 2.172161 0.117806
v 7.131973 2.172161 0.117806
v 7.010358 2.172161 0.117806
v 6.882341 2.172161 0.117806
v 6.758593 2.172161 0.117806
v 6.632307 2.172161 0.117806
v 6.508154 2.172161 0.117806
v 6.386539 2.172161 0.117806
v 6.258522 2.172161 0.117806
v 6.134773 2.172161 0.117806
v 6.512372 0.142426 0.071181
v 6.512372 0.010069 0.122270
v 6.391484 0.142426 0.071181
v 6.391484 0.010069 0.122270
v 6.264235 0.142426 0.071181
v 6.264235 0.010069 0.122270
v 6.141227 0.142426 0.071181
v 6.141227 0.010069 0.122270
v 7.371293 2.048063 0.071181
v 6.637897 2.048063 0.071181
v 6.763427 2.048063 0.071181
v 6.886435 2.048063 0.071181
v 7.371293 0.142426 0.071181
v 7.370121 2.172161 0.117806
v 7.013684 2.048063 0.071181
v 7.371293 0.010069 0.122270
v 6.143345 2.048063 0.071181
v 6.266352 2.048063 0.071181
v 7.248153 0.142426 0.071181
v 7.134572 2.048063 0.071181
v 7.248153 2.048063 0.071181
v 6.393602 2.048063 0.071181
v 6.514489 2.048063 0.071181
v 7.248153 0.010069 0.020092
v 7.131721 0.010069 0.020092
v 7.010833 0.010069 0.020092
v 6.883585 0.010069 0.020092
v 6.760577 0.010069 0.020092
v 6.635414 0.010069 0.020092
v 6.512372 0.010069 0.020092
v 6.391484 0.010069 0.020092
v 6.264235 0.010069 0.020092
v 6.141227 0.010069 0.020092
v 7.248153 2.172161 0.024553
v 7.134572 2.172161 0.024553
v 7.013684 2.172161 0.024553
v 6.886435 2.172161 0.024553
v 6.763427 2.172161 0.024553
v 6.637897 2.172161 0.024553
v 6.514489 2.172161 0.024553
v 6.393602 2.172161 0.024553
v 6.266352 2.172161 0.024553
v 6.143345 2.172161 0.024553
v 7.057668 0.966104 0.071181
v 7.082623 1.178810 0.071181
v 7.055641 1.249712 0.071181
v 7.083636 1.037006 0.071181
v 7.088593 1.107908 0.071181
v 7.093672 1.787912 0.071181
v 7.130272 1.846145 0.071181
v 7.111074 1.828297 0.071181
v 7.210984 1.810734 0.071181
v 7.192265 1.847579 0.071181
v 7.155037 1.862922 0.071181
v 7.169607 1.756581 0.071181
v 7.187735 1.769290 0.071181
v 7.144712 1.744693 0.071181
v 7.100238 1.808515 0.071181
v 7.203190 1.789477 0.071181
v 7.043009 1.929290 0.071181
v 7.049971 1.851106 0.071181
v 7.054595 1.876159 0.071181
v 7.036009 1.826053 0.071181
v 7.053805 1.902725 0.071181
v 6.007830 1.797337 0.071181
v 6.007830 1.373025 0.113596
v 6.197124 1.357423 0.113596
v 6.335997 1.305476 0.113596
v 6.452699 1.201663 0.113596
v 6.007830 1.264110 0.071181
v 6.159019 1.257166 0.071181
v 6.281573 1.210548 0.071181
v 6.368886 1.127664 0.071181
v 6.007830 1.398520 0.071181
v 6.188175 1.386781 0.071181
v 6.343410 1.332274 0.071181
v 6.471889 1.222103 0.071181
v 6.385129 1.007057 0.113596
v 6.281005 0.908137 0.113596
v 6.760577 0.142426 0.071181
v 6.007830 1.899701 0.071181
v 7.501063 0.142426 0.071181
v 7.098125 1.744637 0.071181
v 6.886435 2.116357 0.098436
v 6.886435 2.057243 0.098436
v 7.501063 2.116357 0.098436
v 7.371293 2.116357 0.098436
v 7.371293 2.057243 0.098436
v 7.501063 2.057243 0.098436
v 7.371293 0.072649 0.098436
v 7.501063 0.072649 0.098436
v 6.143345 2.057243 0.098436
v 7.131721 0.072649 0.098436
v 7.248153 0.072649 0.098436
v 7.010833 0.072649 0.098436
v 7.131721 0.130935 0.098436
v 7.010833 0.130935 0.098436
v 6.883585 0.072649 0.098436
v 6.883585 0.130935 0.098436
v 6.760577 0.072649 0.098436
v 6.635414 0.072649 0.098436
v 7.248153 2.116357 0.098436
v 7.134572 2.116357 0.098436
v 7.013684 2.116357 0.098436
v 6.763427 2.116357 0.098436
v 6.637897 2.116357 0.098436
v 6.514489 2.116357 0.098436
v 6.266352 2.057243 0.098436
v 6.393602 2.116357 0.098436
v 6.393602 2.057243 0.098436
v 6.266352 2.116357 0.098436
v 6.143345 2.116357 0.098436
v 6.514489 2.057243 0.098436
v 6.635414 0.130935 0.098436
v 6.512372 0.130935 0.098436
v 6.637897 2.057243 0.098436
v 6.391484 0.072649 0.098436
v 6.512372 0.072649 0.098436
v 6.391484 0.130935 0.098436
v 6.264235 0.072649 0.098436
v 6.264235 0.130935 0.098436
v 6.141227 0.072649 0.098436
v 6.141227 0.130935 0.098436
v 6.763427 2.057243 0.098436
v 7.371293 0.130935 0.098436
v 7.248153 0.130935 0.098436
v 7.248153 2.057243 0.098436
v 7.013684 2.057243 0.098436
v 7.134572 2.057243 0.098436
v 7.044778 0.996371 0.098436
v 7.064416 1.163755 0.098436
v 7.043183 1.219550 0.098436
v 7.065213 1.052166 0.098436
v 7.069114 1.107961 0.098436
v 7.135314 1.839639 0.098436
v 7.118846 1.824237 0.098436
v 7.204548 1.809081 0.098436
v 7.188491 1.840876 0.098436
v 7.156558 1.854116 0.098436
v 7.167007 1.762349 0.098436
v 7.182652 1.773316 0.098436
v 7.167542 1.817578 0.098436
v 7.146592 1.794280 0.098436
v 7.109551 1.807166 0.098436
v 7.103920 1.789387 0.098436
v 7.195988 1.790737 0.098436
v 7.035104 1.917697 0.098436
v 7.040549 1.856534 0.098436
v 7.044167 1.876133 0.098436
v 7.043548 1.896915 0.098436
v 7.127166 1.773162 0.098436
v 7.147700 1.752090 0.098436
v 7.029627 1.836936 0.098436
v 6.007830 1.819045 0.098436
v 6.760577 0.130935 0.098436
v 6.158259 0.852834 0.113596
v 6.007830 0.842505 0.113596
v 6.443968 0.961248 0.113596
v 6.321326 0.849213 0.113596
v 6.183177 0.786249 0.113596
v 6.007830 0.770054 0.113596
v 6.368722 1.040070 0.071181
v 6.281081 0.948593 0.071181
v 6.158335 0.893291 0.071181
v 6.007830 0.882963 0.071181
v 6.466980 0.948426 0.071181
v 6.347650 0.834299 0.071181
v 6.195940 0.761642 0.071181
v 6.007830 0.741734 0.071181
v 7.501063 0.130935 0.098436
v 6.007830 1.892072 0.098436
v 7.107738 1.752042 0.098436
v 6.007830 2.172161 0.117806
v 6.007830 0.010069 0.122270
v 6.007830 2.048063 0.071181
v 6.007830 0.010069 0.020092
v 6.007830 2.172161 0.024553
v 7.001654 0.939612 0.071181
v 7.001654 1.277195 0.071181
v 6.007830 0.142426 0.071181
v 7.001654 1.041937 0.098436
v 7.001654 0.975524 0.098436
v 7.001654 1.108351 0.098436
v 7.001489 1.849204 0.098436
v 6.007830 2.116357 0.098436
v 6.007830 2.057243 0.098436
v 6.007830 0.072649 0.098436
v 7.001654 1.241178 0.098436
v 6.007830 0.130935 0.098436
v 7.001489 1.821779 0.098436
v 7.000990 1.876733 0.098436
v 7.265419 0.910702 0.071181
v 7.199657 0.797894 0.071181
v 6.922080 0.721061 0.098436
v 6.875604 0.516710 0.071181
v 6.794029 0.467088 0.071181
v 6.559133 0.368144 0.071181
v 6.420172 0.334817 0.071181
v 6.303368 0.316837 0.071181
v 6.161030 0.298631 0.071181
v 7.180730 0.952971 0.071181
v 7.131274 0.862678 0.071181
v 6.803864 0.578878 0.071181
v 6.713084 0.526375 0.071181
v 6.600406 0.478848 0.071181
v 6.479824 0.449346 0.071181
v 6.374768 0.425151 0.071181
v 6.267286 0.411275 0.071181
v 6.159781 0.399983 0.071181
v 6.007830 0.396402 0.071181
v 6.007830 0.294042 0.071181
v 6.694343 0.422333 0.071181
v 6.676104 0.426058 0.098436
v 6.617687 0.465852 0.098436
v 7.246730 0.914716 0.098436
v 7.180902 0.802898 0.098436
v 7.114307 0.725198 0.098436
v 6.949702 0.771014 0.098436
v 6.951745 0.581306 0.098436
v 6.856849 0.521714 0.098436
v 6.772346 0.472067 0.098436
v 6.559295 0.382933 0.098436
v 6.421162 0.346748 0.098436
v 6.304832 0.328933 0.098436
v 6.162993 0.309867 0.098436
v 7.204072 0.940931 0.098436
v 7.150095 0.849919 0.098436
v 6.927390 0.631672 0.098436
v 6.822686 0.566120 0.098436
v 6.713259 0.505697 0.098436
v 6.478385 0.427426 0.098436
v 6.373894 0.409268 0.098436
v 6.266792 0.394779 0.098436
v 6.159612 0.382134 0.098436
v 6.007830 0.374695 0.098436
v 6.007830 0.301671 0.098436
v 7.277236 1.174402 0.071181
v 7.192101 1.132420 0.071181
v 7.257995 1.171979 0.098436
v 7.212411 1.142520 0.098436
v 7.291641 1.034199 0.071181
v 7.199967 1.023001 0.071181
v 7.272257 1.034071 0.098436
v 7.221286 1.030628 0.098436
v 6.742851 1.277498 0.071181
v 6.816653 1.406061 0.071181
v 6.888319 1.484254 0.071181
v 7.041462 1.624699 0.071181
v 7.143080 1.684367 0.071181
v 7.225072 1.733264 0.071181
v 7.460800 1.830125 0.071181
v 7.600245 1.862221 0.071181
v 7.717902 1.879166 0.071181
v 7.861248 1.896111 0.071181
v 6.823669 1.231990 0.071181
v 6.884484 1.337088 0.071181
v 6.946469 1.413052 0.071181
v 7.109033 1.556943 0.071181
v 7.214289 1.621565 0.071181
v 7.305512 1.673263 0.071181
v 7.418588 1.719790 0.071181
v 7.539417 1.748224 0.071181
v 7.644674 1.768997 0.071181
v 7.752270 1.784412 0.071181
v 7.859866 1.794752 0.071181
v 8.004347 1.797337 0.071181
v 7.325135 1.777135 0.071181
v 7.343341 1.773249 0.098436
v 7.401420 1.732939 0.098436
v 6.761541 1.277581 0.098436
v 6.835366 1.400891 0.098436
v 6.907031 1.479084 0.098436
v 6.956558 1.523022 0.098436
v 7.060174 1.619529 0.098436
v 7.161792 1.679197 0.098436
v 7.246712 1.728094 0.098436
v 7.460512 1.815338 0.098436
v 7.598947 1.850299 0.098436
v 7.715424 1.867084 0.098436
v 7.857419 1.884893 0.098436
v 6.804957 1.244915 0.098436
v 6.865772 1.350013 0.098436
v 6.927757 1.425976 0.098436
v 6.930790 1.520908 0.071181
v 7.090320 1.569868 0.098436
v 7.195577 1.634490 0.098436
v 7.305512 1.693942 0.098436
v 7.541040 1.770131 0.098436
v 7.645683 1.787363 0.098436
v 7.752904 1.800903 0.098436
v 7.860186 1.812599 0.098436
v 8.004347 1.819045 0.098436
v 8.004347 1.892072 0.098436
v 6.772692 0.871933 0.071181
v 6.844968 0.777432 0.071181
v 6.903412 0.715726 0.071181
v 7.173744 0.502027 0.071181
v 7.242637 0.461492 0.071181
v 7.492703 0.357291 0.071181
v 7.632595 0.328224 0.071181
v 7.750391 0.312315 0.071181
v 7.893876 0.296632 0.071181
v 6.850600 0.927588 0.071181
v 6.912242 0.843416 0.071181
v 7.071622 0.566798 0.071181
v 7.244432 0.563661 0.071181
v 7.335999 0.523543 0.071181
v 7.432302 0.483251 0.071181
v 7.570607 0.441680 0.071181
v 7.676057 0.419349 0.071181
v 7.783759 0.407377 0.071181
v 7.891438 0.397991 0.071181
v 7.356579 0.410873 0.071181
v 7.374705 0.420306 0.098436
v 7.423041 0.468225 0.098436
v 6.791361 0.877269 0.098436
v 6.863636 0.782767 0.098436
v 6.968305 0.784103 0.071181
v 7.090291 0.572134 0.098436
v 7.192410 0.507362 0.098436
v 7.277744 0.459218 0.098436
v 7.492274 0.373870 0.098436
v 7.631001 0.340136 0.098436
v 7.747616 0.324383 0.098436
v 7.889757 0.307831 0.098436
v 6.831942 0.926785 0.098436
v 6.893640 0.830327 0.098436
v 7.138616 0.629144 0.071181
v 7.120014 0.616055 0.098436
v 7.225831 0.550572 0.098436
v 7.336174 0.502865 0.098436
v 7.572386 0.423379 0.098436
v 7.677200 0.403483 0.098436
v 7.784534 0.390893 0.098436
v 7.891911 0.380147 0.098436
v 8.004347 0.396402 0.071181
v 8.004347 0.294042 0.071181
v 7.001654 1.174745 0.098436
v 6.934194 1.108721 0.098436
v 6.938096 1.164516 0.098436
v 8.004347 0.374695 0.098436
v 8.004347 0.301671 0.098436
v 6.722176 0.999126 0.071181
v 6.740844 1.004462 0.098436
v 6.711452 1.131897 0.071181
v 6.730120 1.137233 0.098436
v 6.806736 1.131896 0.071181
v 6.788023 1.144821 0.098436
v 6.808147 1.030259 0.071181
v 6.789434 1.028769 0.098436
v 6.960125 0.997132 0.098436
v 6.938892 1.052927 0.098436
v 6.958530 1.220311 0.098436
v 6.914714 1.108774 0.071181
v 6.919672 1.179677 0.071181
v 6.947668 0.966970 0.071181
v 6.920685 1.037872 0.071181
v 6.945641 1.250578 0.071181
v 6.993518 1.596962 0.071181
v 6.994682 1.577197 0.098436
v 6.995663 1.452031 0.071181
v 6.994682 1.480088 0.098436
v 7.070702 1.523021 0.071181
v 7.038579 1.523022 0.098436
v 6.908569 0.644430 0.071181
v 7.069905 0.789755 0.071181
v 6.970457 0.568382 0.071181
v 7.128657 0.719070 0.071181
v 6.969931 0.678352 0.098436
v 7.088727 0.776997 0.098436
v 6.945796 0.676238 0.071181
v 7.017506 0.752293 0.071181
v 7.018671 0.724185 0.098436
v 7.019652 0.607361 0.071181
v 7.018671 0.635418 0.098436
v 7.094691 0.678351 0.071181
v 7.062567 0.678352 0.098436
v 7.119786 0.392478 0.071181
v 7.156430 0.334419 0.071181
v 7.137267 0.352176 0.071181
v 7.236498 0.370210 0.071181
v 7.218059 0.333278 0.071181
v 7.181125 0.317759 0.071181
v 7.190503 0.424156 0.071181
v 7.208798 0.411533 0.071181
v 7.170323 0.435938 0.071181
v 7.123760 0.371907 0.071181
v 7.224439 0.391420 0.071181
v 7.060528 0.250727 0.071181
v 7.070160 0.328943 0.071181
v 7.074899 0.303912 0.071181
v 7.053014 0.353930 0.071181
v 7.074229 0.277343 0.071181
v 7.124016 0.435773 0.071181
v 7.158835 0.340937 0.098436
v 7.142298 0.356260 0.098436
v 7.227930 0.371823 0.098436
v 7.212018 0.339952 0.098436
v 7.180146 0.326560 0.098436
v 7.190177 0.418376 0.098436
v 7.205871 0.407483 0.098436
v 7.190962 0.363150 0.098436
v 7.169907 0.386348 0.098436
v 7.132926 0.373286 0.098436
v 7.127213 0.391039 0.098436
v 7.219287 0.390126 0.098436
v 7.055595 0.262282 0.098436
v 7.060763 0.323470 0.098436
v 7.064470 0.303889 0.098436
v 7.063946 0.283104 0.098436
v 7.150384 0.407374 0.098436
v 7.170823 0.428543 0.098436
v 7.049752 0.343017 0.098436
v 7.130862 0.428401 0.098436
v 7.022089 0.238845 0.071181
v 7.021477 0.373140 0.071181
v 7.021910 0.278086 0.098436
v 7.022024 0.252982 0.098436
v 6.922027 0.391557 0.071181
v 6.885695 0.333153 0.071181
v 6.904810 0.351090 0.071181
v 6.804821 0.368181 0.071181
v 6.823708 0.331426 0.071181
v 6.865226 0.316258 0.071181
v 6.852633 0.422540 0.071181
v 6.834563 0.409745 0.071181
v 6.874952 0.434535 0.071181
v 6.919449 0.370924 0.071181
v 6.819200 0.389485 0.071181
v 6.976486 0.250435 0.071181
v 6.972698 0.328585 0.071181
v 6.968187 0.303510 0.071181
v 6.986546 0.353704 0.071181
v 6.969100 0.276948 0.071181
v 6.921259 0.434810 0.071181
v 6.887304 0.339647 0.098436
v 6.903701 0.355126 0.098436
v 6.817931 0.369875 0.098436
v 6.834133 0.338156 0.098436
v 6.866126 0.325068 0.098436
v 6.855259 0.416785 0.098436
v 6.839664 0.405743 0.098436
v 6.854976 0.361554 0.098436
v 6.875820 0.384951 0.098436
v 6.912918 0.372241 0.098436
v 6.918469 0.390047 0.098436
v 6.826407 0.388259 0.098436
v 6.987868 0.262065 0.098436
v 6.982144 0.323201 0.098436
v 6.978615 0.303586 0.098436
v 6.979330 0.282807 0.098436
v 6.895150 0.406162 0.098436
v 6.874519 0.427136 0.098436
v 6.992977 0.342852 0.098436
v 6.914480 0.427373 0.098436
v 7.021170 0.330718 0.098436
v 7.021045 0.358142 0.098436
v 7.021796 0.303191 0.098436
v 7.550573 0.952086 0.071181
v 7.679261 0.842167 0.071181
v 7.834596 0.787965 0.071181
v 8.004347 0.776558 0.071181
v 7.653398 1.046727 0.071181
v 7.740867 0.964014 0.071181
v 7.863509 0.917636 0.071181
v 7.569725 0.972564 0.113595
v 7.686622 0.868980 0.113595
v 7.825592 0.817305 0.113595
v 8.004347 0.802052 0.113595
v 7.626039 1.017474 0.113595
v 7.713508 0.934761 0.113595
v 7.836150 0.888384 0.113595
v 8.004347 0.875500 0.113595
v 7.543713 1.090911 0.113595
v 7.515179 1.087060 0.071181
v 7.612996 1.092388 0.113595
v 7.642642 1.090524 0.071181
v 7.917716 1.042801 0.071181
v 7.960598 1.020676 0.071181
v 8.004347 1.016452 0.071181
v 7.936022 1.053783 0.093914
v 8.004347 1.899701 0.071181
v 7.969766 1.036372 0.093914
v 8.004347 1.033048 0.093914
v 7.901694 1.090524 0.071181
v 8.004347 1.433346 0.071181
v 7.963580 1.090524 0.093914
v 7.923414 1.090524 0.093914
v 8.004347 1.090524 0.093914
v 8.004347 1.164597 0.071181
v 8.004347 0.910969 0.071181
v 8.004347 1.148001 0.093914
v 7.936482 1.125907 0.093914
v 7.970226 1.143997 0.093914
v 7.918241 1.136521 0.071181
v 7.961121 1.159509 0.071181
v 0.392139 2.172161 0.024553
v 0.392139 0.010068 0.020092
v 0.269000 0.010068 0.122270
v 0.133214 0.142426 0.071182
v 0.133214 0.010068 0.122270
v 0.018101 0.142426 0.071182
v 0.018101 0.010068 0.122270
v 0.267866 2.172161 0.117806
v 0.161723 2.172161 0.117806
v 0.016330 2.172161 0.117806
v 0.392138 2.048063 0.071182
v 0.392138 0.142426 0.071182
v 0.391746 2.172161 0.117806
v 0.018969 2.048063 0.071182
v 0.392139 0.010068 0.122270
v 0.269000 0.142426 0.071182
v 0.163494 2.048063 0.071182
v 0.269000 2.048063 0.071182
v 0.269000 0.010068 0.020092
v 0.133214 0.010068 0.020092
v 0.018101 0.010068 0.020092
v 0.269000 2.172161 0.024553
v 0.163495 2.172161 0.024553
v 0.018969 2.172161 0.024553
v 1.120377 1.787912 0.071182
v 1.160972 1.846145 0.071182
v 1.137675 1.828297 0.071182
v 1.236986 1.810734 0.071182
v 1.218379 1.847579 0.071182
v 1.185739 1.862922 0.071182
v 1.193484 1.756581 0.071182
v 1.216159 1.769290 0.071182
v 1.175413 1.744693 0.071182
v 1.130939 1.808515 0.071182
v 1.227067 1.789477 0.071182
v 1.063500 1.929395 0.071182
v 1.070462 1.851211 0.071182
v 1.078810 1.876264 0.071182
v 1.056500 1.826158 0.071182
v 1.078014 1.902829 0.071182
v 0.780070 1.285817 0.071182
v 0.851542 1.406061 0.071182
v 0.923207 1.484254 0.071182
v 1.076349 1.624699 0.071182
v 1.177969 1.684367 0.071182
v 1.246514 1.725509 0.071182
v 1.495689 1.831920 0.071182
v 1.642023 1.862221 0.071182
v 1.759680 1.879166 0.071182
v 1.894365 1.896111 0.071182
v 0.858557 1.231990 0.071182
v 0.919372 1.337088 0.071182
v 0.981357 1.413052 0.071182
v 1.143921 1.556943 0.071182
v 1.249178 1.623360 0.071182
v 1.340400 1.664288 0.071182
v 1.436357 1.705430 0.071182
v 1.574305 1.748224 0.071182
v 1.679563 1.771488 0.071182
v 1.787159 1.784412 0.071182
v 1.894755 1.794752 0.071182
v 0.197314 1.413088 0.071182
v 0.348887 1.340133 0.071182
v 0.468003 1.225773 0.071182
v 0.018969 1.292116 0.071182
v 0.159463 1.281513 0.071182
v 0.282104 1.225970 0.071182
v 0.369573 1.134321 0.071182
v 1.962019 1.015486 0.071182
v 1.919095 1.038390 0.071182
v 1.971094 1.031015 0.093914
v 1.937316 1.049039 0.093914
v 1.924182 1.084396 0.093914
v 1.964348 1.084475 0.093914
v 1.902462 1.084354 0.071182
v 1.360023 1.777135 0.071182
v 1.128826 1.744637 0.071182
v 0.392138 2.116357 0.098437
v 0.392138 2.057243 0.098437
v 0.392138 0.072649 0.098437
v 0.133214 0.072649 0.098437
v 0.269000 0.072649 0.098437
v 0.018101 0.072649 0.098437
v 0.133214 0.130935 0.098437
v 0.018101 0.130935 0.098437
v 0.269000 2.116357 0.098437
v 0.163494 2.116357 0.098437
v 0.018969 2.116357 0.098437
v 0.392138 0.130935 0.098437
v 0.269000 0.130935 0.098437
v 0.269000 2.057243 0.098437
v 0.018969 2.057243 0.098437
v 0.163494 2.057243 0.098437
v 1.159191 1.839639 0.098437
v 1.142724 1.824237 0.098437
v 1.228425 1.809081 0.098437
v 1.212368 1.840876 0.098437
v 1.180436 1.854116 0.098437
v 1.190885 1.762349 0.098437
v 1.206529 1.773316 0.098437
v 1.191420 1.817578 0.098437
v 1.170470 1.794280 0.098437
v 1.133429 1.807166 0.098437
v 1.127797 1.789387 0.098437
v 1.219867 1.790737 0.098437
v 1.055595 1.917802 0.098437
v 1.061041 1.856639 0.098437
v 1.064658 1.876238 0.098437
v 1.064040 1.897020 0.098437
v 1.151043 1.773162 0.098437
v 1.171579 1.752090 0.098437
v 1.050119 1.837040 0.098437
v 1.378230 1.767864 0.098437
v 1.426970 1.720374 0.098437
v 0.798783 1.280647 0.098437
v 0.870254 1.400891 0.098437
v 0.941920 1.479084 0.098437
v 1.095061 1.619529 0.098437
v 1.196680 1.679197 0.098437
v 1.281601 1.728094 0.098437
v 1.495400 1.815338 0.098437
v 1.633835 1.850299 0.098437
v 1.750313 1.867084 0.098437
v 1.892307 1.884893 0.098437
v 0.839845 1.244915 0.098437
v 0.900660 1.350013 0.098437
v 0.962645 1.425976 0.098437
v 1.125208 1.569868 0.098437
v 1.230465 1.636285 0.098437
v 1.340400 1.684967 0.098437
v 1.575929 1.766541 0.098437
v 1.680570 1.787363 0.098437
v 1.787793 1.800903 0.098437
v 1.895074 1.812599 0.098437
v 0.018969 1.405025 0.113596
v 0.184504 1.388505 0.113596
v 0.322536 1.325272 0.113596
v 0.444966 1.212996 0.113596
v 0.018969 1.332574 0.113596
v 0.159463 1.321969 0.113596
v 0.282104 1.266427 0.113596
v 0.386043 1.167302 0.113596
v 1.970431 1.138639 0.093914
v 1.936721 1.121162 0.093914
v 1.961234 1.154317 0.071182
v 1.918395 1.132108 0.071182
v 1.643410 1.083846 0.071182
v 1.613768 1.081924 0.113596
v 1.515941 1.087060 0.071182
v 1.544482 1.083266 0.113596
v 1.836539 1.286366 0.113596
v 1.713984 1.239748 0.113596
v 1.626670 1.156864 0.113596
v 1.131617 1.752042 0.098437
v 1.021981 1.941079 0.071182
v 1.021981 1.806783 0.071182
v 1.021981 1.901838 0.098437
v 1.021981 1.926942 0.098437
v 0.521909 0.010068 0.122270
v 0.522299 2.172161 0.117806
v 0.521908 2.048063 0.071182
v 0.521909 0.010068 0.020092
v 0.521909 2.172161 0.024553
v 0.651680 2.172161 0.024553
v 0.651680 0.010068 0.020092
v 0.774818 0.010068 0.122270
v 0.891250 0.142426 0.071182
v 0.891250 0.010068 0.122270
v 1.012138 0.142426 0.071182
v 1.012138 0.010068 0.122270
v 1.139386 0.142426 0.071182
v 1.139387 0.010068 0.122270
v 1.262395 0.010068 0.122270
v 1.387557 0.142426 0.071182
v 1.387558 0.010068 0.122270
v 0.776731 2.172161 0.117806
v 0.890998 2.172161 0.117806
v 1.012614 2.172161 0.117806
v 1.140630 2.172161 0.117806
v 1.264379 2.172161 0.117806
v 1.390664 2.172161 0.117806
v 1.514817 2.172161 0.117806
v 1.636433 2.172161 0.117806
v 1.764449 2.172161 0.117806
v 1.888198 2.172161 0.117806
v 1.510599 0.142426 0.071182
v 1.510600 0.010068 0.122270
v 1.631487 0.142426 0.071182
v 1.631487 0.010068 0.122270
v 1.758736 0.142426 0.071182
v 1.758737 0.010068 0.122270
v 1.881744 0.142426 0.071182
v 1.881744 0.010069 0.122270
v 0.651679 2.048063 0.071182
v 1.385073 2.048063 0.071182
v 1.259543 2.048063 0.071182
v 1.136536 2.048063 0.071182
v 0.651679 0.142426 0.071182
v 0.652851 2.172161 0.117806
v 1.009287 2.048063 0.071182
v 0.651680 0.010068 0.122270
v 1.879626 2.048063 0.071182
v 1.756618 2.048063 0.071182
v 0.774818 0.142426 0.071182
v 0.888400 2.048063 0.071182
v 0.774818 2.048063 0.071182
v 1.629369 2.048063 0.071182
v 1.508482 2.048063 0.071182
v 0.774818 0.010068 0.020092
v 0.891250 0.010068 0.020092
v 1.012138 0.010068 0.020092
v 1.139387 0.010068 0.020092
v 1.262395 0.010068 0.020092
v 1.387558 0.010068 0.020092
v 1.510600 0.010068 0.020092
v 1.631487 0.010068 0.020092
v 1.758737 0.010069 0.020092
v 1.881744 0.010069 0.020092
v 0.774818 2.172161 0.024553
v 0.888400 2.172161 0.024553
v 1.009287 2.172161 0.024553
v 1.136537 2.172161 0.024553
v 1.259544 2.172161 0.024553
v 1.385074 2.172161 0.024553
v 1.508482 2.172161 0.024553
v 1.629369 2.172161 0.024553
v 1.756619 2.172161 0.024553
v 1.879627 2.172161 0.024553
v 0.965304 0.966104 0.071182
v 0.940348 1.178810 0.071182
v 0.967330 1.249712 0.071182
v 0.939334 1.037006 0.071182
v 0.934377 1.107908 0.071182
v 0.929299 1.787912 0.071182
v 0.892699 1.846145 0.071182
v 0.911897 1.828297 0.071182
v 0.811987 1.810734 0.071182
v 0.830706 1.847579 0.071182
v 0.867933 1.862922 0.071182
v 0.853365 1.756581 0.071182
v 0.835236 1.769290 0.071182
v 0.878259 1.744693 0.071182
v 0.922732 1.808515 0.071182
v 0.819781 1.789477 0.071182
v 0.979962 1.929290 0.071182
v 0.973000 1.851106 0.071182
v 0.968375 1.876159 0.071182
v 0.986962 1.826053 0.071182
v 0.969166 1.902725 0.071182
v 1.825847 1.357423 0.113596
v 1.686974 1.305476 0.113596
v 1.570271 1.201663 0.113596
v 1.863952 1.257166 0.071182
v 1.741398 1.210548 0.071182
v 1.654085 1.127664 0.071182
v 1.834795 1.386781 0.071182
v 1.679563 1.332274 0.071182
v 1.551082 1.222103 0.071182
v 1.637842 1.007057 0.113596
v 1.741967 0.908137 0.113596
v 1.262394 0.142426 0.071182
v 0.521908 0.142426 0.071182
v 0.924846 1.744637 0.071182
v 1.136536 2.116357 0.098437
v 1.136536 2.057243 0.098437
v 0.521908 2.116357 0.098437
v 0.651679 2.116357 0.098437
v 0.651679 2.057243 0.098437
v 0.521908 2.057243 0.098437
v 0.651679 0.072649 0.098437
v 0.521908 0.072649 0.098437
v 1.879626 2.057243 0.098437
v 0.891250 0.072649 0.098437
v 0.774818 0.072649 0.098437
v 1.012138 0.072649 0.098437
v 0.891250 0.130935 0.098437
v 1.012138 0.130935 0.098437
v 1.139386 0.072649 0.098437
v 1.139386 0.130935 0.098437
v 1.262394 0.072649 0.098437
v 1.387557 0.072649 0.098437
v 0.774818 2.116357 0.098437
v 0.888400 2.116357 0.098437
v 1.009287 2.116357 0.098437
v 1.259543 2.116357 0.098437
v 1.385073 2.116357 0.098437
v 1.508482 2.116357 0.098437
v 1.756618 2.057243 0.098437
v 1.629369 2.116357 0.098437
v 1.629369 2.057243 0.098437
v 1.756618 2.116357 0.098437
v 1.879626 2.116357 0.098437
v 1.508482 2.057243 0.098437
v 1.387557 0.130935 0.098437
v 1.510599 0.130935 0.098437
v 1.385073 2.057243 0.098437
v 1.631487 0.072649 0.098437
v 1.510599 0.072649 0.098437
v 1.631487 0.130935 0.098437
v 1.758736 0.072649 0.098437
v 1.758736 0.130935 0.098437
v 1.881744 0.072649 0.098437
v 1.881744 0.130935 0.098437
v 1.259543 2.057243 0.098437
v 0.651679 0.130935 0.098437
v 0.774818 0.130935 0.098437
v 0.774818 2.057243 0.098437
v 1.009287 2.057243 0.098437
v 0.888400 2.057243 0.098437
v 0.978194 0.996371 0.098437
v 0.958556 1.163755 0.098437
v 0.979788 1.219550 0.098437
v 0.957758 1.052166 0.098437
v 0.953857 1.107961 0.098437
v 0.887658 1.839639 0.098437
v 0.904125 1.824237 0.098437
v 0.818423 1.809081 0.098437
v 0.834479 1.840876 0.098437
v 0.866413 1.854116 0.098437
v 0.855964 1.762349 0.098437
v 0.840319 1.773316 0.098437
v 0.855430 1.817578 0.098437
v 0.876379 1.794280 0.098437
v 0.913420 1.807166 0.098437
v 0.919051 1.789387 0.098437
v 0.826982 1.790737 0.098437
v 0.987867 1.917697 0.098437
v 0.982421 1.856534 0.098437
v 0.978803 1.876133 0.098437
v 0.979423 1.896915 0.098437
v 0.895806 1.773162 0.098437
v 0.875271 1.752090 0.098437
v 0.993344 1.836936 0.098437
v 1.262394 0.130935 0.098437
v 1.864711 0.852834 0.113596
v 1.579003 0.961248 0.113596
v 1.701645 0.849213 0.113596
v 1.839795 0.786249 0.113596
v 1.654249 1.040070 0.071182
v 1.741891 0.948593 0.071182
v 1.864635 0.893291 0.071182
v 1.555990 0.948426 0.071182
v 1.675322 0.834299 0.071182
v 1.827031 0.761642 0.071182
v 0.521908 0.130935 0.098437
v 0.915232 1.752042 0.098437
v 1.021317 0.939612 0.071182
v 1.021317 1.277195 0.071182
v 1.021317 1.041937 0.098437
v 1.021317 0.975524 0.098437
v 1.021317 1.108351 0.098437
v 1.021482 1.849204 0.098437
v 1.021317 1.241178 0.098437
v 1.021482 1.821779 0.098437
v 1.021981 1.876733 0.098437
v 0.757552 0.910702 0.071182
v 0.823314 0.797894 0.071182
v 1.100891 0.721061 0.098437
v 1.147368 0.516710 0.071182
v 1.228941 0.467088 0.071182
v 1.463838 0.368144 0.071182
v 1.602799 0.334817 0.071182
v 1.719603 0.316837 0.071182
v 1.861941 0.298631 0.071182
v 0.842240 0.952971 0.071182
v 0.891697 0.862678 0.071182
v 1.219106 0.578878 0.071182
v 1.309887 0.526375 0.071182
v 1.422565 0.478848 0.071182
v 1.543147 0.449346 0.071182
v 1.648202 0.425151 0.071182
v 1.755684 0.411275 0.071182
v 1.863190 0.399983 0.071182
v 1.328628 0.422333 0.071182
v 1.346867 0.426058 0.098437
v 1.405284 0.465852 0.098437
v 0.776242 0.914716 0.098437
v 0.842069 0.802898 0.098437
v 0.908663 0.725198 0.098437
v 1.073268 0.771014 0.098437
v 1.071226 0.581306 0.098437
v 1.166122 0.521714 0.098437
v 1.250625 0.472067 0.098437
v 1.463676 0.382933 0.098437
v 1.601809 0.346748 0.098437
v 1.718139 0.328933 0.098437
v 1.859977 0.309867 0.098437
v 0.818899 0.940931 0.098437
v 0.872875 0.849919 0.098437
v 1.095581 0.631672 0.098437
v 1.200286 0.566120 0.098437
v 1.309711 0.505697 0.098437
v 1.544585 0.427426 0.098437
v 1.649076 0.409268 0.098437
v 1.756179 0.394779 0.098437
v 1.863358 0.382134 0.098437
v 0.745736 1.174402 0.071182
v 0.830870 1.132420 0.071182
v 0.764975 1.171979 0.098437
v 0.810560 1.142520 0.098437
v 0.731329 1.034199 0.071182
v 0.823005 1.023001 0.071182
v 0.750715 1.034071 0.098437
v 0.801686 1.030628 0.098437
v 1.280120 1.277498 0.071182
v 1.206318 1.406061 0.071182
v 1.134652 1.484254 0.071182
v 0.981510 1.624699 0.071182
v 0.879891 1.684367 0.071182
v 0.797898 1.733264 0.071182
v 0.562171 1.830125 0.071182
v 0.422725 1.862221 0.071182
v 0.305069 1.879166 0.071182
v 0.161723 1.896111 0.071182
v 1.199302 1.231990 0.071182
v 1.138487 1.337088 0.071182
v 1.076502 1.413052 0.071182
v 0.913938 1.556943 0.071182
v 0.808682 1.621565 0.071182
v 0.717459 1.673263 0.071182
v 0.604382 1.719790 0.071182
v 0.483553 1.748224 0.071182
v 0.378297 1.768997 0.071182
v 0.270701 1.784412 0.071182
v 0.163105 1.794752 0.071182
v 0.018969 1.797337 0.071182
v 0.697836 1.777135 0.071182
v 0.679630 1.773249 0.098437
v 0.621552 1.732939 0.098437
v 1.261430 1.277581 0.098437
v 1.187605 1.400891 0.098437
v 1.115940 1.479084 0.098437
v 1.066413 1.523022 0.098437
v 0.962798 1.619529 0.098437
v 0.861178 1.679197 0.098437
v 0.776258 1.728094 0.098437
v 0.562459 1.815338 0.098437
v 0.424024 1.850299 0.098437
v 0.307547 1.867084 0.098437
v 0.165553 1.884893 0.098437
v 1.218014 1.244915 0.098437
v 1.157199 1.350013 0.098437
v 1.095214 1.425976 0.098437
v 1.092181 1.520908 0.071182
v 0.932651 1.569868 0.098437
v 0.827394 1.634490 0.098437
v 0.717459 1.693942 0.098437
v 0.481931 1.770131 0.098437
v 0.377289 1.787363 0.098437
v 0.270067 1.800903 0.098437
v 0.162786 1.812599 0.098437
v 0.018969 1.819045 0.098437
v 0.018969 1.892072 0.098437
v 1.250278 0.871933 0.071182
v 1.178003 0.777432 0.071182
v 1.119560 0.715726 0.071182
v 0.849227 0.502027 0.071182
v 0.780335 0.461492 0.071182
v 0.530268 0.357291 0.071182
v 0.390377 0.328224 0.071182
v 0.272580 0.312315 0.071182
v 0.129095 0.296632 0.071182
v 1.172371 0.927588 0.071182
v 1.110729 0.843416 0.071182
v 0.951348 0.566798 0.071182
v 0.778539 0.563661 0.071182
v 0.686972 0.523543 0.071182
v 0.590669 0.483251 0.071182
v 0.452363 0.441680 0.071182
v 0.346913 0.419349 0.071182
v 0.239212 0.407377 0.071182
v 0.131532 0.397991 0.071182
v 0.666392 0.410873 0.071182
v 0.648265 0.420306 0.098437
v 0.599930 0.468225 0.098437
v 1.231610 0.877269 0.098437
v 1.159335 0.782767 0.098437
v 1.054666 0.784103 0.071182
v 0.932681 0.572134 0.098437
v 0.830559 0.507362 0.098437
v 0.745228 0.459218 0.098437
v 0.530697 0.373870 0.098437
v 0.391970 0.340136 0.098437
v 0.275355 0.324383 0.098437
v 0.133214 0.307831 0.098437
v 1.191028 0.926785 0.098437
v 1.129331 0.830327 0.098437
v 0.884354 0.629144 0.071182
v 0.902957 0.616055 0.098437
v 0.797140 0.550572 0.098437
v 0.686796 0.502865 0.098437
v 0.450584 0.423379 0.098437
v 0.345770 0.403483 0.098437
v 0.238438 0.390893 0.098437
v 0.131061 0.380147 0.098437
v 0.018969 0.396402 0.071182
v 0.018101 0.294042 0.071182
v 1.021317 1.174745 0.098437
v 1.088778 1.108721 0.098437
v 1.084876 1.164516 0.098437
v 0.018786 0.374695 0.098437
v 0.018165 0.301671 0.098437
v 1.300795 0.999126 0.071182
v 1.282127 1.004462 0.098437
v 1.311520 1.131897 0.071182
v 1.292851 1.137233 0.098437
v 1.216235 1.131896 0.071182
v 1.234947 1.144821 0.098437
v 1.214825 1.030259 0.071182
v 1.233537 1.028769 0.098437
v 1.062846 0.997132 0.098437
v 1.084078 1.052927 0.098437
v 1.064440 1.220311 0.098437
v 1.108257 1.108774 0.071182
v 1.103299 1.179677 0.071182
v 1.075303 0.966970 0.071182
v 1.102285 1.037872 0.071182
v 1.077330 1.250578 0.071182
v 1.029453 1.596962 0.071182
v 1.028289 1.577197 0.098437
v 1.027308 1.452031 0.071182
v 1.028289 1.480088 0.098437
v 0.952269 1.523021 0.071182
v 0.984392 1.523022 0.098437
v 1.114401 0.644430 0.071182
v 0.953066 0.789755 0.071182
v 1.052514 0.568382 0.071182
v 0.894314 0.719070 0.071182
v 1.053040 0.678352 0.098437
v 0.934244 0.776997 0.098437
v 1.077176 0.676238 0.071182
v 1.005465 0.752293 0.071182
v 1.004300 0.724185 0.098437
v 1.003320 0.607361 0.071182
v 1.004300 0.635418 0.098437
v 0.928280 0.678351 0.071182
v 0.960404 0.678352 0.098437
v 0.903184 0.392478 0.071182
v 0.866541 0.334419 0.071182
v 0.885703 0.352176 0.071182
v 0.786473 0.370210 0.071182
v 0.804913 0.333278 0.071182
v 0.841846 0.317759 0.071182
v 0.832469 0.424156 0.071182
v 0.814173 0.411533 0.071182
v 0.852648 0.435938 0.071182
v 0.899211 0.371907 0.071182
v 0.798533 0.391420 0.071182
v 0.962443 0.250727 0.071182
v 0.952812 0.328943 0.071182
v 0.948072 0.303912 0.071182
v 0.969957 0.353930 0.071182
v 0.948742 0.277343 0.071182
v 0.898955 0.435773 0.071182
v 0.864136 0.340937 0.098437
v 0.880673 0.356260 0.098437
v 0.795041 0.371823 0.098437
v 0.810953 0.339952 0.098437
v 0.842826 0.326560 0.098437
v 0.832794 0.418376 0.098437
v 0.817099 0.407483 0.098437
v 0.832009 0.363150 0.098437
v 0.853064 0.386348 0.098437
v 0.890046 0.373286 0.098437
v 0.895758 0.391039 0.098437
v 0.803683 0.390126 0.098437
v 0.967375 0.262282 0.098437
v 0.962208 0.323470 0.098437
v 0.958501 0.303889 0.098437
v 0.959025 0.283104 0.098437
v 0.872586 0.407374 0.098437
v 0.852148 0.428543 0.098437
v 0.973219 0.343017 0.098437
v 0.892110 0.428401 0.098437
v 1.000883 0.238845 0.071182
v 1.001495 0.373140 0.071182
v 1.001062 0.278086 0.098437
v 1.000947 0.252982 0.098437
v 1.100945 0.391557 0.071182
v 1.137276 0.333153 0.071182
v 1.118161 0.351090 0.071182
v 1.218150 0.368181 0.071182
v 1.199262 0.331426 0.071182
v 1.157744 0.316258 0.071182
v 1.170338 0.422540 0.071182
v 1.188408 0.409745 0.071182
v 1.148018 0.434535 0.071182
v 1.103522 0.370924 0.071182
v 1.203770 0.389485 0.071182
v 1.046485 0.250435 0.071182
v 1.050273 0.328585 0.071182
v 1.054784 0.303510 0.071182
v 1.036425 0.353704 0.071182
v 1.053871 0.276948 0.071182
v 1.101712 0.434810 0.071182
v 1.135667 0.339647 0.098437
v 1.119269 0.355126 0.098437
v 1.205039 0.369875 0.098437
v 1.188838 0.338156 0.098437
v 1.156844 0.325068 0.098437
v 1.167712 0.416785 0.098437
v 1.183307 0.405743 0.098437
v 1.167995 0.361554 0.098437
v 1.147151 0.384951 0.098437
v 1.110053 0.372241 0.098437
v 1.104502 0.390047 0.098437
v 1.196564 0.388259 0.098437
v 1.035103 0.262065 0.098437
v 1.040827 0.323201 0.098437
v 1.044355 0.303586 0.098437
v 1.043641 0.282807 0.098437
v 1.127821 0.406162 0.098437
v 1.148451 0.427136 0.098437
v 1.029994 0.342852 0.098437
v 1.108492 0.427373 0.098437
v 1.001801 0.330718 0.098437
v 1.001926 0.358142 0.098437
v 1.001176 0.303191 0.098437
v 0.472398 0.952086 0.071182
v 0.343711 0.842167 0.071182
v 0.188375 0.787965 0.071182
v 0.018969 0.776558 0.071182
v 0.369573 1.046727 0.071182
v 0.282104 0.964014 0.071182
v 0.159463 0.917636 0.071182
v 0.453247 0.972564 0.113596
v 0.336350 0.868980 0.113596
v 0.197379 0.817305 0.113596
v 0.018969 0.802052 0.113596
v 0.396932 1.017474 0.113596
v 0.309462 0.934761 0.113596
v 0.186821 0.888384 0.113596
v 0.018969 0.875500 0.113596
v 0.479258 1.090911 0.113596
v 0.507793 1.087060 0.071182
v 0.409976 1.092388 0.113596
v 0.380330 1.090524 0.071182
v 0.105255 1.042801 0.071182
v 0.062375 1.020676 0.071182
v 0.019493 1.016452 0.071182
v 0.086950 1.053783 0.093914
v 0.018969 1.899701 0.071182
v 0.053205 1.036372 0.093914
v 0.019462 1.033048 0.093914
v 0.121277 1.090524 0.071182
v 0.018969 1.433346 0.071182
v 0.059391 1.090524 0.093914
v 0.099557 1.090524 0.093914
v 0.019224 1.090524 0.093914
v 0.018969 1.164597 0.071182
v 0.018969 0.910969 0.071182
v 0.019001 1.148001 0.093914
v 0.086490 1.125907 0.093914
v 0.052745 1.143997 0.093914
v 0.104731 1.136521 0.071182
v 0.061850 1.159509 0.071182
v 3.638144 2.172161 0.024553
v 3.638144 0.010069 0.020092
v 3.761283 0.010069 0.122270
v 3.897068 0.142426 0.071181
v 3.897069 0.010069 0.122270
v 4.011658 0.010069 0.122270
v 3.762418 2.172161 0.117806
v 3.868559 2.172161 0.117806
v 4.011658 2.172161 0.117806
v 3.638143 2.048063 0.071182
v 3.638143 0.142426 0.071182
v 3.638536 2.172161 0.117806
v 4.011658 2.048063 0.071181
v 3.638144 0.010069 0.122270
v 3.761283 0.142426 0.071182
v 3.866788 2.048063 0.071182
v 3.761283 2.048063 0.071182
v 3.761283 0.010069 0.020092
v 3.897069 0.010069 0.020092
v 4.011658 0.010069 0.020092
v 3.761283 2.172161 0.024553
v 3.866788 2.172161 0.024553
v 2.909904 1.787912 0.071182
v 2.869310 1.846145 0.071182
v 2.892606 1.828297 0.071182
v 2.793295 1.810734 0.071182
v 2.811902 1.847579 0.071182
v 2.844543 1.862922 0.071182
v 2.836797 1.756581 0.071182
v 2.814123 1.769290 0.071182
v 2.854868 1.744693 0.071182
v 2.899342 1.808515 0.071182
v 2.803214 1.789477 0.071182
v 2.966781 1.929395 0.071182
v 2.959819 1.851211 0.071182
v 2.951472 1.876264 0.071182
v 2.973781 1.826158 0.071182
v 2.952267 1.902829 0.071182
v 3.250211 1.285817 0.071182
v 3.178740 1.406061 0.071182
v 3.107075 1.484254 0.071182
v 2.953932 1.624699 0.071182
v 2.852313 1.684367 0.071182
v 2.783767 1.725509 0.071182
v 2.534593 1.831920 0.071182
v 2.388258 1.862221 0.071182
v 2.270601 1.879166 0.071182
v 2.135916 1.896111 0.071182
v 3.171725 1.231990 0.071182
v 3.110910 1.337088 0.071182
v 3.048925 1.413052 0.071182
v 2.886360 1.556943 0.071182
v 2.781104 1.623360 0.071182
v 2.689881 1.664288 0.071182
v 2.593924 1.705430 0.071182
v 2.455976 1.748224 0.071182
v 2.350719 1.771488 0.071182
v 2.243123 1.784412 0.071182
v 2.135527 1.794752 0.071182
v 3.832968 1.413088 0.071182
v 3.681395 1.340133 0.071182
v 3.562279 1.225773 0.071182
v 3.870819 1.281513 0.071181
v 3.748178 1.225970 0.071182
v 3.660709 1.134321 0.071182
v 2.015140 1.158625 0.071182
v 2.068263 1.015486 0.071182
v 2.111187 1.038390 0.071182
v 2.015140 1.010482 0.071182
v 2.059187 1.031015 0.093914
v 2.092965 1.049039 0.093914
v 2.015140 1.027078 0.093914
v 2.015140 1.084554 0.093914
v 2.106100 1.084396 0.093914
v 2.065933 1.084475 0.093914
v 2.127819 1.084354 0.071182
v 2.670259 1.777135 0.071182
v 2.901455 1.744637 0.071182
v 3.638143 2.116357 0.098436
v 3.638143 2.057243 0.098436
v 3.638143 0.072649 0.098436
v 3.897068 0.072649 0.098436
v 3.761283 0.072649 0.098436
v 4.011658 0.072649 0.098436
v 3.897068 0.130935 0.098436
v 4.011658 0.130935 0.098436
v 3.761283 2.116357 0.098436
v 3.866788 2.116357 0.098436
v 3.638143 0.130935 0.098436
v 3.761283 0.130935 0.098436
v 3.761283 2.057243 0.098436
v 4.011658 2.057243 0.098436
v 3.866788 2.057243 0.098436
v 2.871090 1.839639 0.098436
v 2.887557 1.824237 0.098436
v 2.801856 1.809081 0.098436
v 2.817913 1.840876 0.098436
v 2.849845 1.854116 0.098436
v 2.839396 1.762349 0.098436
v 2.823752 1.773316 0.098436
v 2.838862 1.817578 0.098436
v 2.859811 1.794280 0.098436
v 2.896852 1.807166 0.098436
v 2.902484 1.789387 0.098436
v 2.810415 1.790737 0.098436
v 2.974686 1.917802 0.098436
v 2.969240 1.856639 0.098436
v 2.965623 1.876238 0.098436
v 2.966242 1.897020 0.098436
v 2.879238 1.773162 0.098436
v 2.858703 1.752090 0.098436
v 2.980162 1.837040 0.098436
v 2.652051 1.767864 0.098436
v 2.603312 1.720374 0.098436
v 3.231498 1.280647 0.098436
v 3.160028 1.400891 0.098436
v 3.088362 1.479084 0.098436
v 2.935220 1.619529 0.098436
v 2.833602 1.679197 0.098436
v 2.748681 1.728094 0.098436
v 2.534882 1.815338 0.098436
v 2.396446 1.850299 0.098437
v 2.279969 1.867084 0.098437
v 2.137974 1.884893 0.098437
v 3.190437 1.244915 0.098436
v 3.129622 1.350013 0.098436
v 3.067637 1.425976 0.098436
v 2.905073 1.569868 0.098436
v 2.799816 1.636285 0.098436
v 2.689881 1.684967 0.098436
v 2.454352 1.766541 0.098437
v 2.349712 1.787363 0.098437
v 2.242489 1.800903 0.098437
v 2.135207 1.812599 0.098437
v 4.011658 1.405025 0.113596
v 3.845777 1.388505 0.113596
v 3.707746 1.325272 0.113596
v 3.585315 1.212996 0.113596
v 4.011658 1.332574 0.113596
v 3.870819 1.321969 0.113596
v 3.748178 1.266427 0.113596
v 3.644239 1.167302 0.113596
v 2.015140 1.142029 0.093914
v 2.059850 1.138639 0.093914
v 2.093560 1.121162 0.093914
v 2.069048 1.154317 0.071182
v 2.111887 1.132108 0.071182
v 2.386872 1.083846 0.071182
v 2.416514 1.081924 0.113596
v 2.514341 1.087060 0.071182
v 2.485799 1.083266 0.113596
v 2.015140 1.299578 0.113596
v 2.193742 1.286366 0.113596
v 2.316297 1.239748 0.113596
v 2.403612 1.156864 0.113596
v 2.898665 1.752042 0.098436
v 3.008301 1.941079 0.071182
v 3.008301 1.806783 0.071182
v 3.008301 1.901838 0.098436
v 3.008301 1.926942 0.098436
v 3.508374 0.010069 0.122270
v 3.507984 2.172161 0.117806
v 3.508373 2.048063 0.071182
v 3.508374 0.010069 0.020092
v 3.508374 2.172161 0.024553
v 3.378604 2.172161 0.024553
v 3.378604 0.010069 0.020092
v 3.255464 0.010069 0.122270
v 3.139032 0.142426 0.071182
v 3.139033 0.010069 0.122270
v 3.018144 0.142426 0.071182
v 3.018144 0.010069 0.122270
v 2.890896 0.142426 0.071182
v 2.890896 0.010069 0.122270
v 2.767888 0.010069 0.122270
v 2.642724 0.142426 0.071182
v 2.642725 0.010069 0.122270
v 3.253551 2.172161 0.117806
v 3.139285 2.172161 0.117806
v 3.017669 2.172161 0.117806
v 2.889652 2.172161 0.117806
v 2.765903 2.172161 0.117806
v 2.639619 2.172161 0.117806
v 2.515466 2.172161 0.117806
v 2.393850 2.172161 0.117806
v 2.265834 2.172161 0.117806
v 2.142084 2.172161 0.117806
v 2.519682 0.142426 0.071182
v 2.519682 0.010069 0.122270
v 2.398795 0.142426 0.071182
v 2.398796 0.010069 0.122270
v 2.271545 0.142426 0.071182
v 2.271545 0.010069 0.122270
v 2.148537 0.142426 0.071182
v 2.148538 0.010069 0.122270
v 3.378603 2.048063 0.071182
v 2.645208 2.048063 0.071182
v 2.770738 2.048063 0.071182
v 2.893745 2.048063 0.071182
v 3.378603 0.142426 0.071182
v 3.377432 2.172161 0.117806
v 3.020995 2.048063 0.071182
v 3.378604 0.010069 0.122270
v 2.150655 2.048063 0.071182
v 2.273663 2.048063 0.071182
v 3.255464 0.142426 0.071182
v 3.141882 2.048063 0.071182
v 3.255464 2.048063 0.071182
v 2.400912 2.048063 0.071182
v 2.521799 2.048063 0.071182
v 3.255464 0.010069 0.020092
v 3.139033 0.010069 0.020092
v 3.018144 0.010069 0.020092
v 2.890896 0.010069 0.020092
v 2.767888 0.010069 0.020092
v 2.642725 0.010069 0.020092
v 2.519682 0.010069 0.020092
v 2.398796 0.010069 0.020092
v 2.271545 0.010069 0.020092
v 2.148538 0.010069 0.020092
v 3.255464 2.172161 0.024553
v 3.141882 2.172161 0.024553
v 3.020995 2.172161 0.024553
v 2.893746 2.172161 0.024553
v 2.770739 2.172161 0.024553
v 2.645209 2.172161 0.024553
v 2.521800 2.172161 0.024553
v 2.400913 2.172161 0.024553
v 2.273664 2.172161 0.024553
v 2.150656 2.172161 0.024553
v 3.064978 0.966104 0.071182
v 3.089934 1.178810 0.071182
v 3.062951 1.249712 0.071182
v 3.090947 1.037006 0.071182
v 3.095905 1.107908 0.071182
v 3.100983 1.787912 0.071182
v 3.137582 1.846145 0.071182
v 3.118385 1.828297 0.071182
v 3.218294 1.810734 0.071182
v 3.199576 1.847579 0.071182
v 3.162349 1.862922 0.071182
v 3.176917 1.756581 0.071182
v 3.195046 1.769290 0.071182
v 3.152023 1.744693 0.071182
v 3.107549 1.808515 0.071182
v 3.210500 1.789477 0.071182
v 3.050321 1.929290 0.071182
v 3.057281 1.851106 0.071182
v 3.061906 1.876159 0.071182
v 3.043320 1.826053 0.071182
v 3.061115 1.902725 0.071182
v 2.015140 1.797337 0.071182
v 2.015140 1.373025 0.113596
v 2.204435 1.357423 0.113596
v 2.343307 1.305476 0.113596
v 2.460010 1.201663 0.113596
v 2.015140 1.264110 0.071182
v 2.166329 1.257166 0.071182
v 2.288883 1.210548 0.071182
v 2.376197 1.127664 0.071182
v 2.015140 1.398520 0.071182
v 2.195486 1.386781 0.071182
v 2.350719 1.332274 0.071182
v 2.479200 1.222103 0.071182
v 2.392440 1.007057 0.113596
v 2.288315 0.908137 0.113596
v 2.767887 0.142426 0.071182
v 2.015140 1.899701 0.071182
v 3.508373 0.142426 0.071182
v 3.105436 1.744637 0.071182
v 2.893745 2.116357 0.098436
v 2.893745 2.057243 0.098436
v 3.508373 2.116357 0.098436
v 3.378603 2.116357 0.098436
v 3.378603 2.057243 0.098436
v 3.508373 2.057243 0.098436
v 3.378603 0.072649 0.098436
v 3.508373 0.072649 0.098436
v 2.150655 2.057243 0.098437
v 3.139032 0.072649 0.098436
v 3.255464 0.072649 0.098436
v 3.018144 0.072649 0.098436
v 3.139032 0.130935 0.098436
v 3.018144 0.130935 0.098436
v 2.890896 0.072649 0.098436
v 2.890896 0.130935 0.098436
v 2.767887 0.072649 0.098436
v 2.642724 0.072649 0.098436
v 3.255464 2.116357 0.098436
v 3.141882 2.116357 0.098436
v 3.020995 2.116357 0.098436
v 2.770738 2.116357 0.098436
v 2.645208 2.116357 0.098436
v 2.521799 2.116357 0.098436
v 2.273663 2.057243 0.098437
v 2.400912 2.116357 0.098437
v 2.400912 2.057243 0.098437
v 2.273663 2.116357 0.098437
v 2.150655 2.116357 0.098437
v 2.521799 2.057243 0.098436
v 2.642724 0.130935 0.098436
v 2.519682 0.130935 0.098436
v 2.645208 2.057243 0.098436
v 2.398795 0.072649 0.098437
v 2.519682 0.072649 0.098436
v 2.398795 0.130935 0.098437
v 2.271545 0.072649 0.098437
v 2.271545 0.130935 0.098437
v 2.148537 0.072649 0.098437
v 2.148537 0.130935 0.098437
v 2.770738 2.057243 0.098436
v 3.378603 0.130935 0.098436
v 3.255464 0.130935 0.098436
v 3.255464 2.057243 0.098436
v 3.020995 2.057243 0.098436
v 3.141882 2.057243 0.098436
v 3.052089 0.996371 0.098436
v 3.071727 1.163755 0.098436
v 3.050494 1.219550 0.098436
v 3.072524 1.052166 0.098436
v 3.076425 1.107961 0.098436
v 3.142624 1.839639 0.098436
v 3.126157 1.824237 0.098436
v 3.211858 1.809081 0.098436
v 3.195802 1.840876 0.098436
v 3.163869 1.854116 0.098436
v 3.174318 1.762349 0.098436
v 3.189963 1.773316 0.098436
v 3.174852 1.817578 0.098436
v 3.153903 1.794280 0.098436
v 3.116862 1.807166 0.098436
v 3.111230 1.789387 0.098436
v 3.203299 1.790737 0.098436
v 3.042414 1.917697 0.098436
v 3.047860 1.856534 0.098436
v 3.051478 1.876133 0.098436
v 3.050859 1.896915 0.098436
v 3.134476 1.773162 0.098436
v 3.155012 1.752090 0.098436
v 3.036938 1.836936 0.098436
v 2.015140 1.819045 0.098437
v 2.767887 0.130935 0.098436
v 2.165570 0.852834 0.113596
v 2.015140 0.842505 0.113596
v 2.451278 0.961248 0.113596
v 2.328636 0.849213 0.113596
v 2.190486 0.786249 0.113596
v 2.015140 0.770054 0.113596
v 2.376033 1.040070 0.071182
v 2.288391 0.948593 0.071182
v 2.165645 0.893291 0.071182
v 2.015140 0.882963 0.071182
v 2.474291 0.948426 0.071182
v 2.354960 0.834299 0.071182
v 2.203251 0.761642 0.071182
v 2.015140 0.741734 0.071182
v 3.508373 0.130935 0.098436
v 2.015140 1.892072 0.098437
v 3.115049 1.752042 0.098436
v 2.015141 2.172161 0.117806
v 2.015141 0.010069 0.122270
v 2.015140 2.048063 0.071182
v 2.015141 0.010069 0.020092
v 2.015141 2.172161 0.024553
v 3.008965 0.939612 0.071182
v 3.008965 1.277195 0.071182
v 2.015140 0.142426 0.071182
v 3.008965 1.041937 0.098436
v 3.008965 0.975524 0.098436
v 3.008965 1.108351 0.098436
v 3.008801 1.849204 0.098436
v 2.015140 2.116357 0.098437
v 2.015140 2.057243 0.098437
v 2.015140 0.072649 0.098437
v 3.008965 1.241178 0.098436
v 2.015140 0.130935 0.098437
v 3.008801 1.821779 0.098436
v 3.008301 1.876733 0.098436
v 3.272730 0.910702 0.071182
v 3.206968 0.797894 0.071182
v 2.929391 0.721061 0.098436
v 2.882915 0.516710 0.071182
v 2.801340 0.467088 0.071182
v 2.566443 0.368144 0.071182
v 2.427482 0.334817 0.071182
v 2.310678 0.316837 0.071182
v 2.168340 0.298631 0.071182
v 3.188041 0.952971 0.071182
v 3.138585 0.862678 0.071182
v 2.811176 0.578878 0.071182
v 2.720394 0.526375 0.071182
v 2.607717 0.478848 0.071182
v 2.487134 0.449346 0.071182
v 2.382079 0.425151 0.071182
v 2.274597 0.411275 0.071182
v 2.167091 0.399983 0.071182
v 2.015140 0.396402 0.071182
v 2.015140 0.294042 0.071182
v 2.701654 0.422333 0.071182
v 2.683414 0.426058 0.098436
v 2.624997 0.465852 0.098436
v 3.254041 0.914716 0.098436
v 3.188213 0.802898 0.098436
v 3.121619 0.725198 0.098436
v 2.957013 0.771014 0.098436
v 2.959056 0.581306 0.098436
v 2.864159 0.521714 0.098436
v 2.779657 0.472067 0.098436
v 2.566606 0.382933 0.098436
v 2.428472 0.346748 0.098437
v 2.312142 0.328933 0.098437
v 2.170304 0.309867 0.098437
v 3.211383 0.940931 0.098436
v 3.157406 0.849919 0.098436
v 2.934701 0.631672 0.098436
v 2.829996 0.566120 0.098436
v 2.720570 0.505697 0.098436
v 2.485696 0.427426 0.098437
v 2.381205 0.409268 0.098437
v 2.274102 0.394779 0.098437
v 2.166923 0.382134 0.098437
v 2.015140 0.374695 0.098437
v 2.015140 0.301671 0.098437
v 3.284546 1.174402 0.071182
v 3.199412 1.132420 0.071182
v 3.265307 1.171979 0.098436
v 3.219723 1.142520 0.098436
v 3.298952 1.034199 0.071182
v 3.207278 1.023001 0.071182
v 3.279568 1.034071 0.098436
v 3.228596 1.030628 0.098436
v 2.750162 1.277498 0.071182
v 2.823963 1.406061 0.071182
v 2.895629 1.484254 0.071182
v 3.048772 1.624699 0.071182
v 3.150390 1.684367 0.071182
v 3.232384 1.733264 0.071182
v 3.468111 1.830125 0.071182
v 3.607556 1.862221 0.071182
v 3.725213 1.879166 0.071182
v 3.868558 1.896111 0.071182
v 2.830979 1.231990 0.071182
v 2.891794 1.337088 0.071182
v 2.953779 1.413052 0.071182
v 3.116343 1.556943 0.071182
v 3.221600 1.621565 0.071182
v 3.312823 1.673263 0.071182
v 3.425899 1.719790 0.071182
v 3.546727 1.748224 0.071182
v 3.651985 1.768997 0.071182
v 3.759580 1.784412 0.071182
v 3.867177 1.794752 0.071182
v 3.332446 1.777135 0.071182
v 3.350652 1.773249 0.098436
v 3.408730 1.732939 0.098436
v 2.768852 1.277581 0.098436
v 2.842676 1.400891 0.098436
v 2.914342 1.479084 0.098436
v 2.963868 1.523022 0.098436
v 3.067485 1.619529 0.098436
v 3.169103 1.679197 0.098436
v 3.254023 1.728094 0.098436
v 3.467823 1.815338 0.098436
v 3.606258 1.850299 0.098436
v 3.722735 1.867084 0.098436
v 3.864729 1.884893 0.098436
v 2.812267 1.244915 0.098436
v 2.873082 1.350013 0.098436
v 2.935067 1.425976 0.098436
v 2.938100 1.520908 0.071182
v 3.097631 1.569868 0.098436
v 3.202888 1.634490 0.098436
v 3.312823 1.693942 0.098436
v 3.548351 1.770131 0.098436
v 3.652993 1.787363 0.098436
v 3.760214 1.800903 0.098436
v 3.867497 1.812599 0.098436
v 4.011658 1.819045 0.098436
v 4.011658 1.892072 0.098436
v 2.780004 0.871933 0.071182
v 2.852279 0.777432 0.071182
v 2.910722 0.715726 0.071182
v 3.181055 0.502027 0.071182
v 3.249948 0.461492 0.071182
v 3.500014 0.357291 0.071182
v 3.639904 0.328224 0.071182
v 3.757702 0.312315 0.071182
v 3.901187 0.296632 0.071181
v 2.857910 0.927588 0.071182
v 2.919553 0.843416 0.071182
v 3.078933 0.566798 0.071182
v 3.251744 0.563661 0.071182
v 3.343311 0.523543 0.071182
v 3.439613 0.483251 0.071182
v 3.577918 0.441680 0.071182
v 3.683368 0.419349 0.071182
v 3.791070 0.407377 0.071182
v 3.898749 0.397991 0.071181
v 3.363889 0.410873 0.071182
v 3.382016 0.420306 0.098436
v 3.430352 0.468225 0.098436
v 2.798671 0.877269 0.098436
v 2.870946 0.782767 0.098436
v 2.975616 0.784103 0.071182
v 3.097601 0.572134 0.098436
v 3.199722 0.507362 0.098436
v 3.285054 0.459218 0.098436
v 3.499585 0.373870 0.098436
v 3.638312 0.340136 0.098436
v 3.754927 0.324383 0.098436
v 3.897068 0.307831 0.098436
v 2.839254 0.926785 0.098436
v 2.900950 0.830327 0.098436
v 3.145927 0.629144 0.071182
v 3.127325 0.616055 0.098436
v 3.233142 0.550572 0.098436
v 3.343485 0.502865 0.098436
v 3.579697 0.423379 0.098436
v 3.684511 0.403483 0.098436
v 3.791844 0.390893 0.098436
v 3.899221 0.380147 0.098436
v 4.011658 0.294042 0.071181
v 3.008965 1.174745 0.098436
v 2.941503 1.108721 0.098436
v 2.945405 1.164516 0.098436
v 4.011658 0.374695 0.098436
v 4.011658 0.301671 0.098436
v 2.729486 0.999126 0.071182
v 2.748154 1.004462 0.098436
v 2.718762 1.131897 0.071182
v 2.737430 1.137233 0.098436
v 2.814046 1.131896 0.071182
v 2.795334 1.144821 0.098436
v 2.815458 1.030259 0.071182
v 2.796745 1.028769 0.098436
v 2.967436 0.997132 0.098436
v 2.946203 1.052927 0.098436
v 2.965841 1.220311 0.098436
v 2.922025 1.108774 0.071182
v 2.926983 1.179677 0.071182
v 2.954978 0.966970 0.071182
v 2.927996 1.037872 0.071182
v 2.952951 1.250578 0.071182
v 3.000828 1.596962 0.071182
v 3.001992 1.577197 0.098436
v 3.002973 1.452031 0.071182
v 3.001992 1.480088 0.098436
v 3.078014 1.523021 0.071182
v 3.045890 1.523022 0.098436
v 2.915880 0.644430 0.071182
v 3.077216 0.789755 0.071182
v 2.977767 0.568382 0.071182
v 3.135968 0.719070 0.071182
v 2.977241 0.678352 0.098436
v 3.096038 0.776997 0.098436
v 2.953107 0.676238 0.071182
v 3.024817 0.752293 0.071182
v 3.025982 0.724185 0.098436
v 3.026963 0.607361 0.071182
v 3.025982 0.635418 0.098436
v 3.102002 0.678351 0.071182
v 3.069878 0.678352 0.098436
v 3.127097 0.392478 0.071182
v 3.163741 0.334419 0.071182
v 3.144578 0.352176 0.071182
v 3.243809 0.370210 0.071182
v 3.225370 0.333278 0.071182
v 3.188436 0.317759 0.071182
v 3.197813 0.424156 0.071182
v 3.216109 0.411533 0.071182
v 3.177634 0.435938 0.071182
v 3.131071 0.371907 0.071182
v 3.231749 0.391420 0.071182
v 3.067839 0.250727 0.071182
v 3.077471 0.328943 0.071182
v 3.082209 0.303912 0.071182
v 3.060325 0.353930 0.071182
v 3.081540 0.277343 0.071182
v 3.131327 0.435773 0.071182
v 3.166146 0.340937 0.098436
v 3.149609 0.356260 0.098436
v 3.235240 0.371823 0.098436
v 3.219329 0.339952 0.098436
v 3.187456 0.326560 0.098436
v 3.197488 0.418376 0.098436
v 3.213181 0.407483 0.098436
v 3.198273 0.363150 0.098436
v 3.177218 0.386348 0.098436
v 3.140236 0.373286 0.098436
v 3.134524 0.391039 0.098436
v 3.226599 0.390126 0.098436
v 3.062906 0.262282 0.098436
v 3.068074 0.323470 0.098436
v 3.071781 0.303889 0.098436
v 3.071257 0.283104 0.098436
v 3.157695 0.407374 0.098436
v 3.178134 0.428543 0.098436
v 3.057063 0.343017 0.098436
v 3.138173 0.428401 0.098436
v 3.029399 0.238845 0.071182
v 3.028788 0.373140 0.071182
v 3.029220 0.278086 0.098436
v 3.029335 0.252982 0.098436
v 2.929337 0.391557 0.071182
v 2.893005 0.333153 0.071182
v 2.912121 0.351090 0.071182
v 2.812132 0.368181 0.071182
v 2.831019 0.331426 0.071182
v 2.872537 0.316258 0.071182
v 2.859944 0.422540 0.071182
v 2.841873 0.409745 0.071182
v 2.882263 0.434535 0.071182
v 2.926760 0.370924 0.071182
v 2.826511 0.389485 0.071182
v 2.983796 0.250435 0.071182
v 2.980009 0.328585 0.071182
v 2.975498 0.303510 0.071182
v 2.993856 0.353704 0.071182
v 2.976410 0.276948 0.071182
v 2.928570 0.434810 0.071182
v 2.894615 0.339647 0.098436
v 2.911011 0.355126 0.098436
v 2.825242 0.369875 0.098436
v 2.841444 0.338156 0.098436
v 2.873437 0.325068 0.098436
v 2.862569 0.416785 0.098436
v 2.846975 0.405743 0.098436
v 2.862287 0.361554 0.098436
v 2.883131 0.384951 0.098436
v 2.920228 0.372241 0.098436
v 2.925779 0.390047 0.098436
v 2.833718 0.388259 0.098436
v 2.995179 0.262065 0.098436
v 2.989455 0.323201 0.098436
v 2.985926 0.303586 0.098436
v 2.986640 0.282807 0.098436
v 2.902460 0.406162 0.098436
v 2.881830 0.427136 0.098436
v 3.000288 0.342852 0.098436
v 2.921790 0.427373 0.098436
v 3.028481 0.330718 0.098436
v 3.028357 0.358142 0.098436
v 3.029107 0.303191 0.098436
v 3.557884 0.952086 0.071182
v 3.686571 0.842167 0.071182
v 3.841907 0.787965 0.071182
v 4.011658 0.776558 0.071181
v 3.660709 1.046727 0.071182
v 3.748178 0.964014 0.071182
v 3.870819 0.917636 0.071181
v 3.577036 0.972564 0.113596
v 3.693933 0.868980 0.113596
v 3.832902 0.817305 0.113596
v 4.011658 0.802052 0.113596
v 3.633350 1.017474 0.113596
v 3.720820 0.934761 0.113596
v 3.843461 0.888384 0.113596
v 4.011658 0.875500 0.113596
v 3.551024 1.090911 0.113596
v 3.522490 1.087060 0.071182
v 3.620306 1.092388 0.113596
v 3.649953 1.090524 0.071182
v 3.925027 1.042801 0.071181
v 3.967908 1.020676 0.071181
v 3.943332 1.053783 0.093914
v 3.977077 1.036372 0.093914
v 3.909006 1.090524 0.071181
v 4.011658 1.433346 0.071181
v 3.970890 1.090524 0.093914
v 3.930725 1.090524 0.093914
v 4.011658 1.164597 0.071181
v 4.011658 0.910969 0.071181
v 3.943792 1.125907 0.093914
v 3.977536 1.143997 0.093914
v 3.925551 1.136521 0.071181
v 3.968432 1.159509 0.071181
vt 0.442758 0.805699
vt 0.441062 0.804992
vt 0.443878 0.795972
vt 0.447481 0.804422
vt 0.445075 0.808114
vt 0.450189 0.809719
vt 0.445738 0.809508
vt 0.402886 0.865580
vt 0.403782 0.855983
vt 0.410738 0.856580
vt 0.409841 0.866276
vt 0.580836 0.870348
vt 0.580465 0.860645
vt 0.588140 0.860382
vt 0.588502 0.870032
vt 0.454327 0.817804
vt 0.445249 0.812943
vt 0.582224 0.898207
vt 0.581763 0.889654
vt 0.589406 0.889260
vt 0.589856 0.897801
vt 0.581250 0.879541
vt 0.588906 0.879180
vt 0.408116 0.883349
vt 0.406957 0.894123
vt 0.400034 0.893182
vt 0.401178 0.882489
vt 0.408932 0.875476
vt 0.401985 0.874688
vt 0.444612 0.832654
vt 0.444251 0.829198
vt 0.453975 0.824831
vt 0.449057 0.832533
vt 0.439942 0.821202
vt 0.455996 0.821348
vt 0.503339 0.752247
vt 0.501642 0.754959
vt 0.500638 0.753294
vt 0.501732 0.751389
vt 0.498634 0.751711
vt 0.498678 0.748769
vt 0.502035 0.748821
vt 0.437925 0.821118
vt 0.437177 0.819548
vt 0.438813 0.818464
vt 0.498599 0.754043
vt 0.443664 0.811796
vt 0.444024 0.809934
vt 0.498575 0.755948
vt 0.441914 0.813811
vt 0.441976 0.811959
vt 0.503815 0.748848
vt 0.495436 0.754889
vt 0.493876 0.752127
vt 0.495514 0.751324
vt 0.496510 0.753253
vt 0.495322 0.748714
vt 0.445707 0.756364
vt 0.443340 0.756353
vt 0.443156 0.747639
vt 0.445678 0.747698
vt 0.446282 0.764107
vt 0.443967 0.764139
vt 0.447122 0.771860
vt 0.444825 0.771936
vt 0.448644 0.779506
vt 0.446225 0.779612
vt 0.451555 0.789656
vt 0.449366 0.790670
vt 0.457091 0.803620
vt 0.455144 0.805415
vt 0.451803 0.797155
vt 0.454330 0.796819
vt 0.508000 0.893442
vt 0.511561 0.890797
vt 0.513796 0.903453
vt 0.509520 0.903979
vt 0.461715 0.811630
vt 0.459854 0.813648
vt 0.485302 0.884224
vt 0.481161 0.882963
vt 0.489234 0.875872
vt 0.492182 0.878677
vt 0.480370 0.892649
vt 0.476033 0.891768
vt 0.478594 0.830401
vt 0.477015 0.832489
vt 0.471380 0.827607
vt 0.473223 0.825575
vt 0.478047 0.903028
vt 0.473667 0.902260
vt 0.486162 0.835149
vt 0.484744 0.837365
vt 0.440075 0.785707
vt 0.442460 0.785426
vt 0.445705 0.794210
vt 0.484379 0.867640
vt 0.486085 0.871211
vt 0.477042 0.879583
vt 0.474700 0.876326
vt 0.435893 0.756296
vt 0.438070 0.756393
vt 0.439063 0.766750
vt 0.436836 0.766197
vt 0.471288 0.889308
vt 0.467847 0.887387
vt 0.440158 0.775238
vt 0.437926 0.774853
vt 0.468230 0.901478
vt 0.464326 0.900714
vt 0.448525 0.801330
vt 0.451788 0.807779
vt 0.455952 0.815801
vt 0.466159 0.831320
vt 0.467301 0.829042
vt 0.473088 0.834610
vt 0.471937 0.836909
vt 0.481951 0.840332
vt 0.481037 0.842720
vt 0.416855 0.884141
vt 0.414701 0.883912
vt 0.415521 0.876062
vt 0.417680 0.876283
vt 0.415674 0.894878
vt 0.413527 0.894641
vt 0.572411 0.879975
vt 0.574642 0.879864
vt 0.575174 0.890007
vt 0.572953 0.890130
vt 0.416430 0.866877
vt 0.418593 0.867084
vt 0.440378 0.813141
vt 0.437054 0.817235
vt 0.435280 0.816602
vt 0.439067 0.812477
vt 0.437865 0.810811
vt 0.433299 0.816608
vt 0.431267 0.817657
vt 0.436984 0.808708
vt 0.579547 0.889771
vt 0.579028 0.879647
vt 0.411090 0.875610
vt 0.410278 0.883445
vt 0.411996 0.866453
vt 0.412885 0.856798
vt 0.417315 0.857185
vt 0.574211 0.870628
vt 0.573830 0.860872
vt 0.578237 0.860721
vt 0.578610 0.870441
vt 0.409123 0.894159
vt 0.441087 0.811630
vt 0.442809 0.810844
vt 0.442111 0.807300
vt 0.440693 0.808691
vt 0.439521 0.807538
vt 0.441177 0.806891
vt 0.443550 0.808874
vt 0.441815 0.809807
vt 0.443008 0.808009
vt 0.439460 0.810247
vt 0.440214 0.811130
vt 0.433908 0.818556
vt 0.433549 0.820838
vt 0.432169 0.820772
vt 0.432739 0.818973
vt 0.436148 0.818901
vt 0.436423 0.821030
vt 0.434921 0.820912
vt 0.435082 0.818580
vt 0.438876 0.809117
vt 0.580013 0.898327
vt 0.575659 0.898565
vt 0.437828 0.747512
vt 0.493551 0.748684
vt 0.506809 0.778573
vt 0.508478 0.781864
vt 0.497806 0.784492
vt 0.498207 0.780673
vt 0.503801 0.774355
vt 0.498437 0.775898
vt 0.501048 0.771855
vt 0.498331 0.772379
vt 0.493110 0.774832
vt 0.495611 0.771818
vt 0.419480 0.857373
vt 0.438304 0.806338
vt 0.444165 0.806537
vt 0.573449 0.898690
vt 0.430041 0.820673
vt 0.571588 0.860948
vt 0.571972 0.870725
vt 0.435784 0.747463
vt 0.500242 0.829769
vt 0.495227 0.830136
vt 0.495276 0.827805
vt 0.498985 0.827595
vt 0.490028 0.778711
vt 0.487621 0.781568
vt 0.404625 0.846413
vt 0.411556 0.846899
vt 0.580172 0.850943
vt 0.587837 0.850736
vt 0.482775 0.770848
vt 0.487321 0.768902
vt 0.579624 0.787004
vt 0.587251 0.787031
vt 0.587226 0.796145
vt 0.579603 0.796138
vt 0.587228 0.805401
vt 0.579600 0.805416
vt 0.587271 0.814509
vt 0.579630 0.814555
vt 0.579866 0.749620
vt 0.587476 0.749675
vt 0.587406 0.759542
vt 0.579793 0.759489
vt 0.587359 0.823956
vt 0.579706 0.824035
vt 0.587346 0.768646
vt 0.579728 0.768596
vt 0.587473 0.832948
vt 0.579813 0.833062
vt 0.587292 0.778072
vt 0.579667 0.778031
vt 0.587619 0.841598
vt 0.579956 0.841756
vt 0.414475 0.801897
vt 0.407589 0.801921
vt 0.407999 0.792774
vt 0.414877 0.792652
vt 0.416063 0.756248
vt 0.409196 0.756688
vt 0.409455 0.746812
vt 0.416301 0.746983
vt 0.414010 0.810978
vt 0.407115 0.810898
vt 0.415811 0.765287
vt 0.408940 0.765657
vt 0.413460 0.820397
vt 0.406557 0.820210
vt 0.412880 0.829351
vt 0.405972 0.829062
vt 0.415528 0.774651
vt 0.408651 0.774944
vt 0.412275 0.837761
vt 0.405360 0.837376
vt 0.415228 0.783556
vt 0.408348 0.783769
vt 0.479026 0.761395
vt 0.483927 0.760613
vt 0.477893 0.748401
vt 0.482977 0.748497
vt 0.490232 0.829511
vt 0.485277 0.827191
vt 0.487976 0.825876
vt 0.491577 0.827399
vt 0.479457 0.772249
vt 0.507210 0.823539
vt 0.505280 0.827718
vt 0.502630 0.826272
vt 0.504056 0.823516
vt 0.475340 0.761149
vt 0.474492 0.748334
vt 0.438493 0.823827
vt 0.437006 0.822565
vt 0.490241 0.766421
vt 0.442763 0.832506
vt 0.442806 0.830529
vt 0.487236 0.758481
vt 0.441097 0.828296
vt 0.440954 0.830162
vt 0.519536 0.761138
vt 0.515001 0.759302
vt 0.516006 0.749022
vt 0.520964 0.749086
vt 0.514901 0.770504
vt 0.510935 0.767606
vt 0.570807 0.805415
vt 0.570828 0.796139
vt 0.573039 0.796138
vt 0.573023 0.805418
vt 0.421544 0.830141
vt 0.420951 0.838545
vt 0.418806 0.838388
vt 0.419399 0.829993
vt 0.422110 0.821174
vt 0.419968 0.821044
vt 0.571097 0.841938
vt 0.570971 0.833192
vt 0.573202 0.833160
vt 0.573333 0.841892
vt 0.422651 0.811740
vt 0.420510 0.811627
vt 0.420257 0.847669
vt 0.418105 0.847504
vt 0.439561 0.828627
vt 0.436623 0.824827
vt 0.438116 0.829315
vt 0.434824 0.825100
vt 0.436773 0.830600
vt 0.432896 0.824879
vt 0.435675 0.832544
vt 0.430981 0.823843
vt 0.416583 0.802351
vt 0.416981 0.793150
vt 0.421349 0.793335
vt 0.420965 0.802552
vt 0.577589 0.833095
vt 0.577731 0.841801
vt 0.418161 0.756930
vt 0.418415 0.747036
vt 0.422761 0.747144
vt 0.422511 0.757046
vt 0.414401 0.838062
vt 0.415000 0.829689
vt 0.413692 0.847159
vt 0.573551 0.851110
vt 0.577946 0.851001
vt 0.415577 0.820774
vt 0.417632 0.775235
vt 0.417911 0.765921
vt 0.422265 0.766043
vt 0.421994 0.775372
vt 0.490965 0.823273
vt 0.495339 0.823374
vt 0.499711 0.823455
vt 0.439981 0.830390
vt 0.441700 0.831428
vt 0.440572 0.834936
vt 0.439600 0.835226
vt 0.438074 0.834420
vt 0.439309 0.833390
vt 0.442183 0.833509
vt 0.441541 0.834309
vt 0.440560 0.832368
vt 0.438204 0.831721
vt 0.439045 0.830858
vt 0.433680 0.823138
vt 0.432571 0.822631
vt 0.435913 0.823092
vt 0.434824 0.823227
vt 0.486610 0.823160
vt 0.437456 0.832821
vt 0.577484 0.824056
vt 0.573101 0.824093
vt 0.577413 0.814566
vt 0.573036 0.814582
vt 0.577388 0.805418
vt 0.577394 0.796136
vt 0.573051 0.786980
vt 0.577413 0.786996
vt 0.416123 0.811395
vt 0.577458 0.778018
vt 0.573101 0.777991
vt 0.577522 0.768580
vt 0.573173 0.768546
vt 0.577589 0.759472
vt 0.573245 0.759439
vt 0.417334 0.784097
vt 0.421704 0.784254
vt 0.577663 0.749604
vt 0.573323 0.749572
vt 0.522873 0.762599
vt 0.524684 0.749132
vt 0.517263 0.773422
vt 0.512107 0.748969
vt 0.511061 0.758873
vt 0.507119 0.766649
vt 0.486756 0.748566
vt 0.570811 0.814589
vt 0.439254 0.837083
vt 0.436542 0.835422
vt 0.443721 0.834496
vt 0.442678 0.835724
vt 0.424877 0.747196
vt 0.424629 0.757101
vt 0.441063 0.836703
vt 0.570871 0.824110
vt 0.571315 0.851164
vt 0.571041 0.759421
vt 0.571121 0.749555
vt 0.483446 0.823077
vt 0.424385 0.766102
vt 0.424119 0.775437
vt 0.423835 0.784330
vt 0.570835 0.786972
vt 0.423478 0.793424
vt 0.570888 0.777976
vt 0.570965 0.768528
vt 0.423100 0.802648
vt 0.545051 0.794042
vt 0.542033 0.801103
vt 0.539546 0.800629
vt 0.543075 0.792382
vt 0.549443 0.800315
vt 0.546071 0.807586
vt 0.544587 0.805437
vt 0.547922 0.798404
vt 0.549455 0.760413
vt 0.549866 0.749383
vt 0.552408 0.749406
vt 0.551842 0.760498
vt 0.548542 0.768182
vt 0.550876 0.768316
vt 0.547357 0.775961
vt 0.549668 0.776129
vt 0.545500 0.783623
vt 0.548114 0.783799
vt 0.535685 0.807349
vt 0.537540 0.809297
vt 0.530696 0.815136
vt 0.532414 0.817324
vt 0.520070 0.830653
vt 0.524199 0.824860
vt 0.528211 0.828795
vt 0.523967 0.832637
vt 0.536901 0.831163
vt 0.533491 0.833405
vt 0.532107 0.824984
vt 0.512973 0.833098
vt 0.518302 0.828551
vt 0.514449 0.835262
vt 0.506309 0.836692
vt 0.507521 0.839300
vt 0.553634 0.790271
vt 0.551318 0.789852
vt 0.559352 0.760754
vt 0.557929 0.771276
vt 0.555713 0.771166
vt 0.557153 0.760767
vt 0.556408 0.779929
vt 0.554207 0.779691
vt 0.542434 0.813941
vt 0.540932 0.811859
vt 0.538280 0.821320
vt 0.536331 0.819228
vt 0.528314 0.820639
vt 0.520610 0.819255
vt 0.524362 0.817106
vt 0.525172 0.834711
vt 0.519005 0.839984
vt 0.517989 0.837608
vt 0.510195 0.845035
vt 0.509499 0.842535
vt 0.557791 0.749451
vt 0.521007 0.824767
vt 0.535465 0.825021
vt 0.538401 0.828993
vt 0.559854 0.749468
vt 0.492337 0.839823
vt 0.490036 0.843179
vt 0.489565 0.845707
vt 0.493309 0.837399
vt 0.500720 0.840607
vt 0.500437 0.844412
vt 0.500457 0.846955
vt 0.501226 0.838031
vt 0.445422 0.852521
vt 0.448863 0.845469
vt 0.451363 0.846065
vt 0.447354 0.854328
vt 0.441267 0.845908
vt 0.445143 0.838707
vt 0.446517 0.840954
vt 0.442713 0.847927
vt 0.438398 0.886702
vt 0.436893 0.897395
vt 0.434296 0.897060
vt 0.435963 0.886385
vt 0.440034 0.878810
vt 0.437652 0.878471
vt 0.441995 0.870904
vt 0.439528 0.870557
vt 0.444315 0.863156
vt 0.441654 0.862803
vt 0.455548 0.839425
vt 0.453757 0.837386
vt 0.460864 0.831767
vt 0.459203 0.829550
vt 0.479148 0.814347
vt 0.473520 0.818723
vt 0.471855 0.816586
vt 0.477748 0.812193
vt 0.486856 0.810209
vt 0.485629 0.807923
vt 0.436449 0.855850
vt 0.438776 0.856420
vt 0.428313 0.885544
vt 0.430691 0.874916
vt 0.432949 0.875146
vt 0.430560 0.885611
vt 0.432924 0.866184
vt 0.435150 0.866573
vt 0.450480 0.834670
vt 0.455428 0.826997
vt 0.464174 0.815184
vt 0.466963 0.812535
vt 0.467981 0.814862
vt 0.463851 0.818255
vt 0.473127 0.807515
vt 0.474069 0.809832
vt 0.482910 0.802213
vt 0.483270 0.804679
vt 0.428809 0.896451
vt 0.426717 0.896147
vt 0.551148 0.891724
vt 0.553599 0.891537
vt 0.554526 0.899927
vt 0.551913 0.900126
vt 0.549953 0.883732
vt 0.552353 0.883529
vt 0.548552 0.875731
vt 0.550930 0.875501
vt 0.546497 0.867884
vt 0.548997 0.867633
vt 0.542929 0.857523
vt 0.545143 0.856371
vt 0.536707 0.843425
vt 0.538620 0.841512
vt 0.542369 0.849814
vt 0.539794 0.850259
vt 0.531726 0.835526
vt 0.528177 0.832313
vt 0.514488 0.817078
vt 0.516081 0.814966
vt 0.518776 0.821252
vt 0.508374 0.812635
vt 0.508989 0.810303
vt 0.554981 0.860980
vt 0.552545 0.861406
vt 0.548745 0.852555
vt 0.550529 0.850659
vt 0.561288 0.891135
vt 0.559038 0.891068
vt 0.557242 0.880476
vt 0.559513 0.880391
vt 0.555549 0.871780
vt 0.557799 0.871541
vt 0.546476 0.842218
vt 0.545544 0.845411
vt 0.541910 0.838968
vt 0.543421 0.836873
vt 0.525513 0.814805
vt 0.519665 0.812732
vt 0.520787 0.810458
vt 0.512641 0.807403
vt 0.513573 0.805081
vt 0.560029 0.899639
vt 0.528419 0.817643
vt 0.562137 0.899439
vt 0.485458 0.818949
vt 0.490498 0.816975
vt 0.491724 0.819146
vt 0.488077 0.820426
vt 0.503394 0.803550
vt 0.504071 0.801191
vt 0.493648 0.802578
vt 0.494032 0.800093
vt 0.493027 0.806728
vt 0.493987 0.809101
vt 0.501530 0.807091
vt 0.501156 0.809468
vt 0.495462 0.816652
vt 0.500393 0.817271
vt 0.499076 0.819360
vt 0.495408 0.818958
vt 0.505309 0.819489
vt 0.502657 0.820833
vt 0.458944 0.821556
vt 0.470640 0.822143
vt 0.467393 0.821945
vt 0.463461 0.829165
vt 0.463519 0.825740
vt 0.553879 0.825096
vt 0.555902 0.825051
vt 0.556734 0.826560
vt 0.555138 0.827556
vt 0.548935 0.833239
vt 0.550363 0.834577
vt 0.550280 0.836549
vt 0.548394 0.836767
vt 0.552172 0.832510
vt 0.552212 0.834323
vt 0.553702 0.832804
vt 0.556947 0.828846
vt 0.558753 0.829241
vt 0.555175 0.833723
vt 0.556418 0.835116
vt 0.560734 0.829123
vt 0.562772 0.827966
vt 0.557435 0.837181
vt 0.553163 0.834597
vt 0.551406 0.835537
vt 0.552324 0.839094
vt 0.553697 0.837633
vt 0.554942 0.838763
vt 0.553276 0.839487
vt 0.550798 0.837594
vt 0.552487 0.836537
vt 0.551418 0.838395
vt 0.554874 0.835998
vt 0.554053 0.835128
vt 0.559990 0.827318
vt 0.560266 0.825081
vt 0.561681 0.825105
vt 0.561083 0.826864
vt 0.557779 0.827150
vt 0.557398 0.825048
vt 0.558893 0.825075
vt 0.558854 0.827349
vt 0.555522 0.837119
vt 0.553453 0.841457
vt 0.556229 0.839928
vt 0.549187 0.838352
vt 0.550117 0.839642
vt 0.551624 0.840694
vt 0.563708 0.825064
vt 0.555183 0.822390
vt 0.556730 0.823557
vt 0.549117 0.817063
vt 0.548539 0.813598
vt 0.550403 0.813774
vt 0.550509 0.815714
vt 0.552286 0.817634
vt 0.552302 0.815928
vt 0.553796 0.817412
vt 0.556969 0.821292
vt 0.555264 0.816417
vt 0.558743 0.820909
vt 0.556491 0.815086
vt 0.560665 0.821012
vt 0.557522 0.813314
vt 0.562613 0.821720
vt 0.553213 0.815663
vt 0.551520 0.814758
vt 0.552419 0.811171
vt 0.553420 0.810726
vt 0.555083 0.811647
vt 0.553805 0.812698
vt 0.550908 0.812736
vt 0.551492 0.811891
vt 0.552589 0.813770
vt 0.554923 0.814366
vt 0.554105 0.815204
vt 0.560009 0.822787
vt 0.561164 0.823226
vt 0.557783 0.822969
vt 0.558859 0.822768
vt 0.555599 0.813282
vt 0.553533 0.808687
vt 0.556373 0.810169
vt 0.549324 0.811867
vt 0.550273 0.810615
vt 0.551735 0.809580
vt 0.504264 0.884652
vt 0.507403 0.881807
vt 0.498236 0.878760
vt 0.500949 0.875431
vt 0.523168 0.902327
vt 0.519477 0.902862
vt 0.516914 0.889540
vt 0.520906 0.889484
vt 0.512267 0.879511
vt 0.515759 0.877863
vt 0.504247 0.871184
vt 0.506793 0.868080
vt 0.495408 0.869091
vt 0.495860 0.864999
vt 0.495121 0.874262
vt 0.495211 0.878129
vt 0.500569 0.901425
vt 0.501263 0.904740
vt 0.499059 0.905040
vt 0.498621 0.902539
vt 0.494804 0.896969
vt 0.498537 0.898196
vt 0.497300 0.900191
vt 0.494759 0.899257
vt 0.494692 0.902141
vt 0.494622 0.905182
vt 0.487996 0.904459
vt 0.488906 0.901184
vt 0.490790 0.902394
vt 0.490186 0.904872
vt 0.491147 0.898062
vt 0.492268 0.900106
vt 0.445625 0.689971
vt 0.450209 0.691487
vt 0.446208 0.699634
vt 0.443915 0.690575
vt 0.448041 0.687719
vt 0.448770 0.686384
vt 0.453157 0.686421
vt 0.410734 0.627946
vt 0.417678 0.627935
vt 0.417656 0.637588
vt 0.410722 0.637551
vt 0.580746 0.629301
vt 0.588368 0.629369
vt 0.588286 0.638991
vt 0.580656 0.638926
vt 0.448480 0.682980
vt 0.457651 0.678713
vt 0.580988 0.601678
vt 0.588592 0.601735
vt 0.588526 0.610205
vt 0.580921 0.610143
vt 0.588445 0.620249
vt 0.580832 0.620182
vt 0.417751 0.610928
vt 0.410805 0.611017
vt 0.410883 0.600292
vt 0.417829 0.600353
vt 0.417710 0.618774
vt 0.410764 0.618828
vt 0.449031 0.663627
vt 0.453361 0.664020
vt 0.457705 0.671816
vt 0.448463 0.666982
vt 0.443747 0.674552
vt 0.459479 0.675336
vt 0.503442 0.745439
vt 0.501810 0.746246
vt 0.500778 0.744311
vt 0.501830 0.742682
vt 0.498729 0.745828
vt 0.442476 0.677174
vt 0.440932 0.676009
vt 0.441763 0.674512
vt 0.498768 0.743501
vt 0.447107 0.685870
vt 0.446858 0.684017
vt 0.498805 0.741601
vt 0.445251 0.681934
vt 0.445206 0.683760
vt 0.495642 0.742554
vt 0.496659 0.744220
vt 0.495601 0.746113
vt 0.493993 0.745256
vt 0.446109 0.739050
vt 0.443748 0.738949
vt 0.447043 0.731361
vt 0.444739 0.731220
vt 0.448240 0.723688
vt 0.445961 0.723503
vt 0.450112 0.716168
vt 0.447718 0.715948
vt 0.453480 0.706260
vt 0.451365 0.705151
vt 0.459622 0.692774
vt 0.456567 0.699329
vt 0.454093 0.698872
vt 0.457800 0.690911
vt 0.510668 0.610298
vt 0.511355 0.601144
vt 0.515111 0.601174
vt 0.513897 0.612493
vt 0.464565 0.685149
vt 0.462843 0.683077
vt 0.490813 0.617915
vt 0.496687 0.623199
vt 0.493911 0.625601
vt 0.487021 0.618773
vt 0.487093 0.610134
vt 0.483183 0.610471
vt 0.481890 0.667699
vt 0.476470 0.672115
vt 0.474782 0.670057
vt 0.480466 0.665614
vt 0.486283 0.600940
vt 0.482414 0.600908
vt 0.489375 0.663472
vt 0.488109 0.661292
vt 0.441919 0.709600
vt 0.447923 0.701470
vt 0.444270 0.709998
vt 0.489119 0.632896
vt 0.480648 0.624375
vt 0.483042 0.621547
vt 0.490842 0.629691
vt 0.436318 0.738652
vt 0.437735 0.728828
vt 0.439980 0.728386
vt 0.438494 0.738661
vt 0.475323 0.613571
vt 0.478653 0.612191
vt 0.439245 0.720268
vt 0.441482 0.719996
vt 0.473802 0.600836
vt 0.477496 0.600867
vt 0.454625 0.688412
vt 0.451076 0.694589
vt 0.459135 0.680763
vt 0.469917 0.666186
vt 0.475802 0.661105
vt 0.476788 0.663377
vt 0.470901 0.668455
vt 0.484812 0.656023
vt 0.485572 0.658339
vt 0.426420 0.611112
vt 0.426382 0.618890
vt 0.424245 0.618883
vt 0.424284 0.611099
vt 0.426497 0.600429
vt 0.424361 0.600410
vt 0.572087 0.620093
vt 0.572186 0.610064
vt 0.574385 0.610085
vt 0.574289 0.620116
vt 0.426358 0.627987
vt 0.424218 0.627982
vt 0.443701 0.682504
vt 0.440671 0.678277
vt 0.442371 0.683081
vt 0.438887 0.678794
vt 0.441088 0.684654
vt 0.436935 0.678668
vt 0.440095 0.686678
vt 0.434993 0.677510
vt 0.578720 0.610124
vt 0.578629 0.620161
vt 0.419850 0.618866
vt 0.419889 0.611072
vt 0.419819 0.627970
vt 0.424191 0.637579
vt 0.419795 0.637565
vt 0.574190 0.629235
vt 0.578539 0.629280
vt 0.578447 0.638906
vt 0.574090 0.638867
vt 0.419967 0.600372
vt 0.444311 0.684033
vt 0.445962 0.684906
vt 0.445076 0.688358
vt 0.444132 0.688709
vt 0.442534 0.687978
vt 0.443756 0.686907
vt 0.446582 0.686886
vt 0.445999 0.687708
vt 0.444925 0.685871
vt 0.442629 0.685303
vt 0.443423 0.684476
vt 0.437654 0.676785
vt 0.436527 0.676302
vt 0.436079 0.674494
vt 0.437442 0.674516
vt 0.439880 0.676583
vt 0.438811 0.676834
vt 0.438796 0.674529
vt 0.440281 0.674506
vt 0.441988 0.686383
vt 0.578789 0.601662
vt 0.574458 0.601629
vt 0.507675 0.719379
vt 0.499229 0.717040
vt 0.498955 0.713255
vt 0.509422 0.716173
vt 0.504571 0.723468
vt 0.499305 0.721772
vt 0.501768 0.725862
vt 0.499088 0.725257
vt 0.496370 0.725726
vt 0.493992 0.722654
vt 0.426332 0.637587
vt 0.441264 0.689096
vt 0.447058 0.689223
vt 0.572262 0.601613
vt 0.433975 0.674457
vt 0.571878 0.638846
vt 0.571983 0.629210
vt 0.502715 0.669117
vt 0.501441 0.671175
vt 0.497871 0.670859
vt 0.497899 0.668614
vt 0.491074 0.718710
vt 0.488793 0.715801
vt 0.410722 0.647128
vt 0.417633 0.647225
vt 0.580576 0.648557
vt 0.588206 0.648616
vt 0.483608 0.726238
vt 0.488047 0.728333
vt 0.580122 0.712260
vt 0.580187 0.703142
vt 0.587804 0.703195
vt 0.587745 0.712312
vt 0.580245 0.693885
vt 0.587864 0.693937
vt 0.580307 0.684772
vt 0.587936 0.684829
vt 0.579937 0.739753
vt 0.587549 0.739808
vt 0.580378 0.675325
vt 0.588016 0.675381
vt 0.580000 0.730650
vt 0.587617 0.730703
vt 0.580442 0.666336
vt 0.588082 0.666391
vt 0.580062 0.721223
vt 0.587684 0.721274
vt 0.580500 0.657686
vt 0.588138 0.657745
vt 0.417389 0.692107
vt 0.417253 0.701338
vt 0.410399 0.700825
vt 0.410526 0.691670
vt 0.416526 0.737719
vt 0.409689 0.736935
vt 0.417483 0.683041
vt 0.410609 0.682682
vt 0.416729 0.728682
vt 0.409887 0.727961
vt 0.417549 0.673641
vt 0.410666 0.673359
vt 0.417595 0.664710
vt 0.410706 0.664497
vt 0.416928 0.719323
vt 0.410078 0.718669
vt 0.417620 0.656326
vt 0.410724 0.656174
vt 0.417101 0.710424
vt 0.410247 0.709838
vt 0.479523 0.735485
vt 0.484373 0.736448
vt 0.493070 0.669045
vt 0.494291 0.671128
vt 0.490760 0.672465
vt 0.488205 0.671093
vt 0.480371 0.724725
vt 0.509282 0.675309
vt 0.506228 0.675255
vt 0.504922 0.672553
vt 0.507516 0.671226
vt 0.475845 0.735586
vt 0.440949 0.673033
vt 0.442488 0.671887
vt 0.490858 0.730900
vt 0.447133 0.665590
vt 0.447216 0.663654
vt 0.487592 0.738691
vt 0.445321 0.667668
vt 0.445298 0.665832
vt 0.519840 0.737024
vt 0.515274 0.738736
vt 0.515468 0.727598
vt 0.511454 0.730367
vt 0.571487 0.693839
vt 0.573692 0.693848
vt 0.573642 0.703088
vt 0.571441 0.703068
vt 0.426227 0.664544
vt 0.424098 0.664538
vt 0.424124 0.656203
vt 0.426251 0.656209
vt 0.426178 0.673449
vt 0.424048 0.673436
vt 0.571713 0.657608
vt 0.573927 0.657629
vt 0.573874 0.666283
vt 0.571662 0.666266
vt 0.426109 0.682827
vt 0.423980 0.682805
vt 0.424143 0.647167
vt 0.426272 0.647179
vt 0.443837 0.667247
vt 0.440714 0.670788
vt 0.438965 0.670405
vt 0.442465 0.666481
vt 0.441232 0.665135
vt 0.437056 0.670499
vt 0.435105 0.671394
vt 0.440281 0.663157
vt 0.419514 0.691781
vt 0.423882 0.691841
vt 0.423734 0.701023
vt 0.419377 0.700961
vt 0.578230 0.666319
vt 0.578289 0.657669
vt 0.418654 0.737142
vt 0.423003 0.737245
vt 0.419747 0.656191
vt 0.419722 0.664527
vt 0.419764 0.647145
vt 0.574016 0.648510
vt 0.578367 0.648540
vt 0.419677 0.673410
vt 0.419057 0.718849
vt 0.423413 0.718940
vt 0.423207 0.728254
vt 0.418858 0.728156
vt 0.497789 0.675141
vt 0.493555 0.675090
vt 0.502022 0.675195
vt 0.444360 0.665547
vt 0.446108 0.664641
vt 0.445232 0.661140
vt 0.443896 0.662568
vt 0.442757 0.661480
vt 0.444302 0.660794
vt 0.446713 0.662638
vt 0.445054 0.663649
vt 0.446137 0.661816
vt 0.442706 0.664130
vt 0.443474 0.665029
vt 0.437716 0.672261
vt 0.436592 0.672689
vt 0.439908 0.672447
vt 0.438846 0.672246
vt 0.489335 0.675039
vt 0.442046 0.663004
vt 0.578166 0.675310
vt 0.573809 0.675283
vt 0.578098 0.684758
vt 0.573742 0.684733
vt 0.578040 0.693872
vt 0.577983 0.703126
vt 0.577915 0.712245
vt 0.573564 0.712214
vt 0.419610 0.682760
vt 0.577855 0.721208
vt 0.573506 0.721181
vt 0.577795 0.730636
vt 0.573451 0.730610
vt 0.577733 0.739738
vt 0.573392 0.739708
vt 0.423591 0.710077
vt 0.419229 0.709999
vt 0.523199 0.735651
vt 0.517885 0.724767
vt 0.511337 0.739056
vt 0.507637 0.731209
vt 0.571531 0.684721
vt 0.444087 0.658958
vt 0.441326 0.660397
vt 0.448277 0.661774
vt 0.447339 0.660508
vt 0.425119 0.737295
vt 0.445826 0.659447
vt 0.571596 0.675269
vt 0.571808 0.648494
vt 0.571190 0.739693
vt 0.486267 0.674994
vt 0.425325 0.728303
vt 0.425534 0.718985
vt 0.425715 0.710116
vt 0.571354 0.712198
vt 0.425854 0.701053
vt 0.571298 0.721168
vt 0.571247 0.730598
vt 0.426008 0.691872
vt 0.545835 0.704858
vt 0.543855 0.706472
vt 0.540495 0.698273
vt 0.542954 0.697840
vt 0.550264 0.698713
vt 0.548736 0.700584
vt 0.545527 0.693597
vt 0.547015 0.691494
vt 0.549652 0.738358
vt 0.552035 0.738315
vt 0.548878 0.730597
vt 0.551206 0.730504
vt 0.547834 0.722833
vt 0.550135 0.722704
vt 0.546118 0.715190
vt 0.548715 0.715058
vt 0.536791 0.691602
vt 0.538639 0.689713
vt 0.531999 0.683901
vt 0.533709 0.681780
vt 0.521854 0.668662
vt 0.525647 0.666783
vt 0.529728 0.670548
vt 0.525787 0.674333
vt 0.538203 0.668294
vt 0.533491 0.674296
vt 0.534892 0.666098
vt 0.515045 0.666198
vt 0.516498 0.664142
vt 0.520115 0.670670
vt 0.508719 0.662622
vt 0.509934 0.660154
vt 0.554289 0.708714
vt 0.551984 0.709099
vt 0.559536 0.738186
vt 0.557342 0.738137
vt 0.556074 0.727742
vt 0.558283 0.727667
vt 0.554706 0.719233
vt 0.556899 0.719029
vt 0.542001 0.687234
vt 0.543498 0.685203
vt 0.537565 0.679959
vt 0.539492 0.677927
vt 0.529743 0.678493
vt 0.522212 0.679730
vt 0.525836 0.681881
vt 0.526827 0.664787
vt 0.519927 0.661941
vt 0.520924 0.659674
vt 0.511885 0.657107
vt 0.512594 0.654741
vt 0.522685 0.674380
vt 0.539658 0.670417
vt 0.536768 0.674285
vt 0.493381 0.655964
vt 0.495453 0.659237
vt 0.493026 0.653549
vt 0.496299 0.661583
vt 0.503304 0.655121
vt 0.503472 0.658745
vt 0.503391 0.652709
vt 0.503886 0.661217
vt 0.451132 0.644404
vt 0.453118 0.642806
vt 0.456440 0.651024
vt 0.453984 0.651440
vt 0.446648 0.650499
vt 0.448193 0.648645
vt 0.451415 0.655665
vt 0.449934 0.657761
vt 0.447559 0.611035
vt 0.445189 0.611063
vt 0.444873 0.600588
vt 0.447401 0.600610
vt 0.448275 0.618758
vt 0.445959 0.618838
vt 0.449383 0.626503
vt 0.446987 0.626606
vt 0.450917 0.634120
vt 0.448335 0.634235
vt 0.460090 0.657709
vt 0.458229 0.659582
vt 0.464806 0.665459
vt 0.463065 0.667520
vt 0.481730 0.683295
vt 0.480274 0.685339
vt 0.474716 0.680792
vt 0.476437 0.678785
vt 0.489090 0.687636
vt 0.487807 0.689823
vt 0.442739 0.640504
vt 0.445036 0.640140
vt 0.437719 0.611012
vt 0.439908 0.611203
vt 0.441100 0.621556
vt 0.438895 0.621551
vt 0.442405 0.630036
vt 0.440220 0.630209
vt 0.454877 0.662025
vt 0.459246 0.669788
vt 0.467150 0.681791
vt 0.466988 0.678777
vt 0.470854 0.682292
vt 0.469747 0.684517
vt 0.476573 0.687494
vt 0.475548 0.689724
vt 0.485379 0.692907
vt 0.484934 0.695309
vt 0.439522 0.600542
vt 0.437469 0.600524
vt 0.550855 0.609604
vt 0.551087 0.601452
vt 0.553622 0.601472
vt 0.553228 0.609653
vt 0.550085 0.617348
vt 0.552403 0.617441
vt 0.549031 0.625083
vt 0.551328 0.625227
vt 0.547275 0.632678
vt 0.549688 0.632862
vt 0.544032 0.642698
vt 0.546178 0.643785
vt 0.538039 0.656358
vt 0.541028 0.649722
vt 0.543527 0.650147
vt 0.539899 0.658218
vt 0.533184 0.664029
vt 0.529722 0.667129
vt 0.516209 0.681733
vt 0.520461 0.677755
vt 0.517719 0.683826
vt 0.510148 0.685935
vt 0.510693 0.688226
vt 0.555624 0.639172
vt 0.551454 0.649272
vt 0.549699 0.647445
vt 0.553250 0.638805
vt 0.560711 0.609641
vt 0.559464 0.620186
vt 0.557254 0.620193
vt 0.558515 0.609825
vt 0.558100 0.628847
vt 0.555910 0.628681
vt 0.547549 0.657519
vt 0.544576 0.662738
vt 0.543103 0.660695
vt 0.546629 0.654411
vt 0.526925 0.684145
vt 0.522235 0.688321
vt 0.521178 0.686077
vt 0.515058 0.693453
vt 0.514196 0.691154
vt 0.558973 0.601512
vt 0.529805 0.681417
vt 0.561030 0.601528
vt 0.488055 0.679080
vt 0.490653 0.677745
vt 0.494146 0.679116
vt 0.492879 0.681183
vt 0.505632 0.697017
vt 0.505036 0.694685
vt 0.495755 0.697782
vt 0.495461 0.695333
vt 0.496010 0.688966
vt 0.494994 0.691251
vt 0.503019 0.688832
vt 0.503315 0.691165
vt 0.497693 0.681663
vt 0.497714 0.679421
vt 0.501286 0.679145
vt 0.502504 0.681213
vt 0.507341 0.679194
vt 0.504802 0.677818
vt 0.462369 0.675296
vt 0.470626 0.675359
vt 0.473797 0.675326
vt 0.467053 0.671464
vt 0.467183 0.668130
vt 0.554814 0.674295
vt 0.556053 0.671876
vt 0.557624 0.672857
vt 0.556804 0.674342
vt 0.549966 0.666293
vt 0.549436 0.662841
vt 0.551281 0.663051
vt 0.551365 0.664982
vt 0.553140 0.667008
vt 0.553177 0.665229
vt 0.554641 0.666717
vt 0.557834 0.670606
vt 0.556086 0.665813
vt 0.559612 0.670216
vt 0.557304 0.664442
vt 0.561564 0.670329
vt 0.558298 0.662409
vt 0.563577 0.671467
vt 0.554109 0.664959
vt 0.552385 0.664040
vt 0.553275 0.660554
vt 0.554206 0.660165
vt 0.555842 0.660867
vt 0.554625 0.661980
vt 0.551786 0.662027
vt 0.552391 0.661240
vt 0.553443 0.663057
vt 0.555785 0.663580
vt 0.554981 0.664436
vt 0.560833 0.672110
vt 0.561912 0.672557
vt 0.562502 0.674292
vt 0.561106 0.674317
vt 0.558654 0.672276
vt 0.559713 0.672080
vt 0.559751 0.674321
vt 0.558277 0.674346
vt 0.556418 0.662477
vt 0.554371 0.658238
vt 0.557097 0.659718
vt 0.550208 0.661289
vt 0.551114 0.660024
vt 0.552585 0.658991
vt 0.564504 0.674333
vt 0.557616 0.675815
vt 0.556090 0.676962
vt 0.550093 0.682184
vt 0.551455 0.683520
vt 0.551337 0.685430
vt 0.549500 0.685589
vt 0.553216 0.681638
vt 0.553223 0.683319
vt 0.554703 0.681863
vt 0.557846 0.678049
vt 0.559596 0.678431
vt 0.556147 0.682852
vt 0.557353 0.684172
vt 0.561495 0.678335
vt 0.563422 0.677640
vt 0.558365 0.685929
vt 0.554119 0.683586
vt 0.552445 0.684468
vt 0.553306 0.688013
vt 0.554686 0.686515
vt 0.555942 0.687562
vt 0.554292 0.688459
vt 0.551828 0.686457
vt 0.553493 0.685449
vt 0.552398 0.687295
vt 0.555801 0.684875
vt 0.554998 0.684043
vt 0.560849 0.676580
vt 0.561991 0.676149
vt 0.558653 0.676397
vt 0.559714 0.676597
vt 0.556462 0.685950
vt 0.554386 0.690474
vt 0.557208 0.689035
vt 0.550260 0.687301
vt 0.551185 0.688544
vt 0.552619 0.689577
vt 0.507501 0.618091
vt 0.510328 0.620620
vt 0.502060 0.623295
vt 0.504456 0.626336
vt 0.523564 0.601240
vt 0.522417 0.613242
vt 0.518745 0.613389
vt 0.520171 0.601214
vt 0.518026 0.624138
vt 0.514779 0.622663
vt 0.509705 0.633139
vt 0.507402 0.630250
vt 0.499276 0.631971
vt 0.499575 0.635745
vt 0.499168 0.627255
vt 0.499359 0.623782
vt 0.504221 0.603872
vt 0.502620 0.603052
vt 0.502839 0.601075
vt 0.504587 0.601089
vt 0.499504 0.607546
vt 0.499524 0.605666
vt 0.501602 0.604933
vt 0.502628 0.606570
vt 0.499542 0.603370
vt 0.499561 0.601049
vt 0.494527 0.601008
vt 0.496285 0.601022
vt 0.496503 0.602978
vt 0.494897 0.603778
vt 0.496501 0.606498
vt 0.497533 0.604880
vt 0.447212 0.396243
vt 0.451816 0.397671
vt 0.447976 0.405875
vt 0.445517 0.396878
vt 0.449582 0.393950
vt 0.450285 0.392604
vt 0.454664 0.392560
vt 0.411223 0.334897
vt 0.418166 0.334764
vt 0.418313 0.344415
vt 0.411380 0.344501
vt 0.581177 0.333494
vt 0.588800 0.333451
vt 0.588858 0.343073
vt 0.581228 0.343119
vt 0.449933 0.389211
vt 0.459010 0.384786
vt 0.581010 0.305890
vt 0.588617 0.305833
vt 0.588678 0.314282
vt 0.581069 0.314333
vt 0.588744 0.324329
vt 0.581130 0.324374
vt 0.417939 0.317758
vt 0.410995 0.317968
vt 0.410886 0.307269
vt 0.417832 0.307208
vt 0.418036 0.325603
vt 0.411092 0.325780
vt 0.450132 0.369877
vt 0.454463 0.370192
vt 0.458940 0.377899
vt 0.449625 0.373238
vt 0.445052 0.380883
vt 0.460774 0.381382
vt 0.505735 0.450398
vt 0.504130 0.451223
vt 0.503076 0.449320
vt 0.504095 0.447688
vt 0.504391 0.453772
vt 0.501064 0.453772
vt 0.501067 0.450856
vt 0.443831 0.383524
vt 0.442267 0.382390
vt 0.443070 0.380879
vt 0.501070 0.448548
vt 0.448615 0.392122
vt 0.448332 0.390276
vt 0.501077 0.446662
vt 0.446690 0.388227
vt 0.446678 0.390050
vt 0.506156 0.453772
vt 0.497953 0.447659
vt 0.498989 0.449295
vt 0.497971 0.451189
vt 0.496362 0.450366
vt 0.497737 0.453772
vt 0.448682 0.445156
vt 0.448448 0.453770
vt 0.445938 0.453770
vt 0.446329 0.445109
vt 0.449445 0.437483
vt 0.447147 0.437391
vt 0.450477 0.429816
vt 0.448203 0.429679
vt 0.452191 0.422287
vt 0.449801 0.422115
vt 0.455355 0.412346
vt 0.453226 0.411280
vt 0.461233 0.398781
vt 0.458305 0.405377
vt 0.455829 0.404967
vt 0.459380 0.396956
vt 0.510823 0.315557
vt 0.511363 0.306416
vt 0.515120 0.306386
vt 0.514086 0.317700
vt 0.466025 0.391083
vt 0.464270 0.389047
vt 0.491099 0.323493
vt 0.497056 0.328678
vt 0.494320 0.331123
vt 0.487323 0.324412
vt 0.487252 0.315776
vt 0.483349 0.316178
vt 0.483009 0.373370
vt 0.477675 0.377869
vt 0.475955 0.375844
vt 0.481552 0.371312
vt 0.486291 0.306620
vt 0.482423 0.306652
vt 0.490410 0.369024
vt 0.489109 0.366869
vt 0.443892 0.415901
vt 0.449723 0.407675
vt 0.446245 0.416251
vt 0.489651 0.338491
vt 0.481047 0.330116
vt 0.483392 0.327250
vt 0.491321 0.335260
vt 0.438922 0.444981
vt 0.440118 0.435159
vt 0.442345 0.434670
vt 0.441090 0.444939
vt 0.475543 0.319407
vt 0.478849 0.317972
vt 0.441441 0.426593
vt 0.443666 0.426276
vt 0.473810 0.306724
vt 0.477504 0.306693
vt 0.456166 0.394520
vt 0.452738 0.400750
vt 0.460528 0.386805
vt 0.471032 0.372064
vt 0.476819 0.366891
vt 0.477843 0.369142
vt 0.472054 0.374312
vt 0.485730 0.361663
vt 0.486528 0.363963
vt 0.426610 0.317791
vt 0.426708 0.325568
vt 0.424571 0.325598
vt 0.424474 0.317815
vt 0.426500 0.307132
vt 0.424365 0.307151
vt 0.572384 0.324414
vt 0.572333 0.314388
vt 0.574532 0.314374
vt 0.574586 0.324405
vt 0.426844 0.334663
vt 0.424704 0.334695
vt 0.445153 0.388824
vt 0.442049 0.384660
vt 0.443835 0.389425
vt 0.440276 0.385208
vt 0.442584 0.391019
vt 0.438325 0.385119
vt 0.441630 0.393059
vt 0.436364 0.383999
vt 0.578868 0.314347
vt 0.578927 0.324386
vt 0.420177 0.325658
vt 0.420080 0.317865
vt 0.420306 0.334761
vt 0.424847 0.344290
vt 0.420452 0.344354
vt 0.574621 0.333523
vt 0.578970 0.333505
vt 0.579018 0.343131
vt 0.574662 0.343155
vt 0.419971 0.307190
vt 0.445790 0.390340
vt 0.447454 0.391180
vt 0.446634 0.394643
vt 0.445698 0.395011
vt 0.444090 0.394311
vt 0.445289 0.393219
vt 0.448110 0.393146
vt 0.447544 0.393977
vt 0.446437 0.392163
vt 0.444134 0.391639
vt 0.444912 0.390798
vt 0.439008 0.383225
vt 0.437874 0.382764
vt 0.437392 0.380966
vt 0.438754 0.380962
vt 0.441228 0.382982
vt 0.440165 0.383252
vt 0.440107 0.380951
vt 0.441590 0.380900
vt 0.443514 0.392729
vt 0.578810 0.305906
vt 0.574476 0.305939
vt 0.440633 0.453770
vt 0.495982 0.453771
vt 0.509544 0.424448
vt 0.501107 0.422254
vt 0.500773 0.418492
vt 0.511233 0.421232
vt 0.506520 0.428562
vt 0.501257 0.426959
vt 0.503770 0.430986
vt 0.501097 0.430427
vt 0.498403 0.430936
vt 0.495989 0.427922
vt 0.426987 0.344260
vt 0.442843 0.395451
vt 0.448628 0.395469
vt 0.572278 0.305891
vt 0.435290 0.380967
vt 0.572450 0.343166
vt 0.572414 0.333531
vt 0.438597 0.453770
vt 0.503816 0.374442
vt 0.502577 0.376516
vt 0.499010 0.376258
vt 0.499002 0.374017
vt 0.493021 0.424048
vt 0.490704 0.421192
vt 0.411551 0.354077
vt 0.418462 0.354050
vt 0.581286 0.352749
vt 0.588917 0.352699
vt 0.485725 0.431661
vt 0.490174 0.433666
vt 0.581679 0.416437
vt 0.581635 0.407323
vt 0.589251 0.407282
vt 0.589301 0.416401
vt 0.581576 0.398069
vt 0.589195 0.398023
vt 0.581520 0.388958
vt 0.589148 0.388913
vt 0.581783 0.453775
vt 0.581775 0.443915
vt 0.589387 0.443904
vt 0.589394 0.453776
vt 0.581464 0.379513
vt 0.589102 0.379465
vt 0.581755 0.434818
vt 0.589371 0.434796
vt 0.581404 0.370525
vt 0.589044 0.370475
vt 0.581720 0.425395
vt 0.589341 0.425365
vt 0.581341 0.361878
vt 0.588979 0.361828
vt 0.419053 0.398917
vt 0.419099 0.408145
vt 0.412238 0.407770
vt 0.412185 0.398614
vt 0.419155 0.444510
vt 0.419155 0.453769
vt 0.412307 0.453769
vt 0.412304 0.443886
vt 0.418972 0.389855
vt 0.412094 0.389627
vt 0.419152 0.435477
vt 0.412297 0.434910
vt 0.418861 0.380458
vt 0.411975 0.380304
vt 0.418741 0.371530
vt 0.411851 0.371443
vt 0.419146 0.426122
vt 0.412286 0.425615
vt 0.418614 0.363148
vt 0.411716 0.363121
vt 0.419132 0.417228
vt 0.412269 0.416783
vt 0.481833 0.440924
vt 0.486666 0.441793
vt 0.480458 0.453771
vt 0.485500 0.453771
vt 0.494189 0.374526
vt 0.495442 0.376584
vt 0.491940 0.377977
vt 0.489368 0.376649
vt 0.482479 0.430213
vt 0.510467 0.380517
vt 0.507419 0.380511
vt 0.506073 0.377835
vt 0.508641 0.376471
vt 0.478182 0.441094
vt 0.477084 0.453771
vt 0.442230 0.379417
vt 0.443746 0.378244
vt 0.493012 0.436169
vt 0.448272 0.371871
vt 0.448320 0.369936
vt 0.489901 0.443962
vt 0.446499 0.373979
vt 0.446443 0.372146
vt 0.521889 0.441816
vt 0.523159 0.453772
vt 0.518242 0.453772
vt 0.517378 0.443577
vt 0.517416 0.432507
vt 0.513465 0.435317
vt 0.572824 0.398135
vt 0.575027 0.398116
vt 0.575094 0.407349
vt 0.572895 0.407356
vt 0.427367 0.371205
vt 0.425238 0.371239
vt 0.425113 0.362907
vt 0.427239 0.362875
vt 0.427481 0.380105
vt 0.425353 0.380131
vt 0.572556 0.361924
vt 0.574769 0.361913
vt 0.574838 0.370565
vt 0.572627 0.370578
vt 0.427589 0.389477
vt 0.425461 0.389495
vt 0.424969 0.353874
vt 0.427097 0.353849
vt 0.445009 0.373585
vt 0.441955 0.377178
vt 0.440200 0.376829
vt 0.443625 0.372845
vt 0.442369 0.371523
vt 0.438295 0.376957
vt 0.436363 0.377886
vt 0.441384 0.369564
vt 0.421170 0.398550
vt 0.425536 0.398525
vt 0.425567 0.407701
vt 0.421214 0.407726
vt 0.579192 0.370540
vt 0.579130 0.361891
vt 0.421268 0.443884
vt 0.425612 0.443885
vt 0.425608 0.453769
vt 0.421267 0.453769
vt 0.420738 0.362975
vt 0.420864 0.371308
vt 0.420592 0.353931
vt 0.574728 0.352796
vt 0.579078 0.352763
vt 0.420984 0.380187
vt 0.421263 0.425604
vt 0.425615 0.425601
vt 0.425612 0.434906
vt 0.421266 0.434904
vt 0.498998 0.380532
vt 0.494772 0.380550
vt 0.503221 0.380518
vt 0.445501 0.371878
vt 0.447231 0.370942
vt 0.446293 0.367460
vt 0.444985 0.368911
vt 0.443826 0.367844
vt 0.445358 0.367131
vt 0.447799 0.368930
vt 0.446160 0.369970
vt 0.447209 0.368119
vt 0.443824 0.370492
vt 0.444607 0.371377
vt 0.438987 0.378705
vt 0.437872 0.379153
vt 0.441180 0.378851
vt 0.440116 0.378669
vt 0.490561 0.380569
vt 0.443144 0.369379
vt 0.579253 0.379528
vt 0.574897 0.379560
vt 0.579311 0.388973
vt 0.574957 0.389006
vt 0.579372 0.398084
vt 0.579432 0.407333
vt 0.579473 0.416447
vt 0.575126 0.416466
vt 0.421093 0.389533
vt 0.579514 0.425404
vt 0.575169 0.425424
vt 0.579551 0.434825
vt 0.575212 0.434842
vt 0.579574 0.443919
vt 0.575238 0.443927
vt 0.425607 0.416747
vt 0.421249 0.416758
vt 0.579582 0.453775
vt 0.575249 0.453775
vt 0.525209 0.440408
vt 0.526849 0.453773
vt 0.519781 0.429656
vt 0.514376 0.453772
vt 0.513474 0.443950
vt 0.509684 0.436210
vt 0.489246 0.453771
vt 0.572748 0.389024
vt 0.445111 0.365301
vt 0.442378 0.366788
vt 0.449346 0.368039
vt 0.448387 0.366791
vt 0.427720 0.453770
vt 0.427726 0.443885
vt 0.446856 0.365759
vt 0.572685 0.379577
vt 0.572520 0.352812
vt 0.573040 0.443932
vt 0.573052 0.453775
vt 0.487500 0.380574
vt 0.427726 0.434907
vt 0.427734 0.425601
vt 0.427730 0.416742
vt 0.572918 0.416476
vt 0.427686 0.407689
vt 0.572964 0.425435
vt 0.573011 0.434851
vt 0.427660 0.398515
vt 0.547359 0.409468
vt 0.545406 0.411102
vt 0.541943 0.402972
vt 0.544390 0.402506
vt 0.551696 0.403278
vt 0.550196 0.405165
vt 0.546900 0.398237
vt 0.548356 0.396118
vt 0.551557 0.442803
vt 0.553929 0.442736
vt 0.554403 0.453774
vt 0.551874 0.453774
vt 0.550705 0.435082
vt 0.553022 0.434964
vt 0.549575 0.427360
vt 0.551867 0.427205
vt 0.547773 0.419764
vt 0.550361 0.419600
vt 0.538154 0.396369
vt 0.539972 0.394457
vt 0.533262 0.388751
vt 0.534939 0.386610
vt 0.522912 0.373691
vt 0.526670 0.371758
vt 0.530801 0.375455
vt 0.526923 0.379292
vt 0.539230 0.373080
vt 0.534612 0.379142
vt 0.535891 0.370936
vt 0.516077 0.371335
vt 0.517496 0.369260
vt 0.521207 0.375721
vt 0.509705 0.367864
vt 0.510880 0.365381
vt 0.555840 0.413205
vt 0.553546 0.413617
vt 0.561401 0.442535
vt 0.559214 0.442507
vt 0.557843 0.432160
vt 0.560046 0.432061
vt 0.556384 0.423691
vt 0.558568 0.423462
vt 0.543292 0.391935
vt 0.544758 0.389887
vt 0.538761 0.384737
vt 0.540656 0.382681
vt 0.530932 0.383386
vt 0.523436 0.384732
vt 0.527083 0.386825
vt 0.527819 0.369747
vt 0.520886 0.367009
vt 0.521847 0.364731
vt 0.512780 0.362307
vt 0.513451 0.359933
vt 0.559762 0.453774
vt 0.523827 0.379385
vt 0.540714 0.375180
vt 0.537884 0.379083
vt 0.561818 0.453774
vt 0.494285 0.361462
vt 0.496408 0.364697
vt 0.493892 0.359057
vt 0.497291 0.367026
vt 0.504180 0.360461
vt 0.504406 0.364077
vt 0.504228 0.358051
vt 0.504859 0.366538
vt 0.451893 0.350636
vt 0.453849 0.349005
vt 0.457310 0.357158
vt 0.454864 0.357616
vt 0.447519 0.356804
vt 0.449030 0.354924
vt 0.452373 0.361881
vt 0.450929 0.364001
vt 0.447744 0.317345
vt 0.445375 0.317415
vt 0.444879 0.306972
vt 0.447406 0.306950
vt 0.448593 0.325054
vt 0.446279 0.325174
vt 0.449834 0.332777
vt 0.447441 0.332921
vt 0.451499 0.340363
vt 0.448920 0.340523
vt 0.461072 0.363770
vt 0.459246 0.365673
vt 0.465917 0.371427
vt 0.464215 0.373515
vt 0.483114 0.388932
vt 0.481697 0.390995
vt 0.476075 0.386557
vt 0.477757 0.384525
vt 0.490526 0.393136
vt 0.489283 0.395338
vt 0.443438 0.346886
vt 0.445727 0.346482
vt 0.437906 0.317493
vt 0.440097 0.317646
vt 0.441469 0.327976
vt 0.439265 0.328009
vt 0.442921 0.336429
vt 0.440739 0.336641
vt 0.455942 0.368173
vt 0.460443 0.375847
vt 0.468545 0.387687
vt 0.468329 0.384681
vt 0.472249 0.388121
vt 0.471184 0.390359
vt 0.478045 0.393208
vt 0.477061 0.395449
vt 0.486915 0.398453
vt 0.486512 0.400854
vt 0.439527 0.307019
vt 0.437474 0.307037
vt 0.550995 0.314238
vt 0.551101 0.306109
vt 0.553636 0.306089
vt 0.553369 0.314250
vt 0.550343 0.321993
vt 0.552663 0.322051
vt 0.549407 0.329743
vt 0.551705 0.329853
vt 0.547766 0.337363
vt 0.550180 0.337510
vt 0.544675 0.347425
vt 0.546835 0.348479
vt 0.538891 0.361162
vt 0.541778 0.354488
vt 0.544280 0.354876
vt 0.540776 0.362993
vt 0.534155 0.368895
vt 0.530744 0.372043
vt 0.517476 0.386820
vt 0.521658 0.382787
vt 0.519014 0.388885
vt 0.511496 0.391102
vt 0.512074 0.393379
vt 0.556207 0.343729
vt 0.552188 0.353884
vt 0.550408 0.352085
vt 0.553829 0.343397
vt 0.560854 0.314121
vt 0.559765 0.324690
vt 0.557555 0.324730
vt 0.558661 0.314340
vt 0.558530 0.333371
vt 0.556338 0.333237
vt 0.548408 0.362182
vt 0.545514 0.367439
vt 0.544013 0.365420
vt 0.547443 0.359091
vt 0.528203 0.389068
vt 0.523585 0.393302
vt 0.522498 0.391079
vt 0.516504 0.398523
vt 0.515611 0.396244
vt 0.558986 0.306048
vt 0.531037 0.386304
vt 0.561042 0.306032
vt 0.489351 0.384621
vt 0.491921 0.383246
vt 0.495428 0.384557
vt 0.494198 0.386639
vt 0.507165 0.402219
vt 0.506535 0.399905
vt 0.497336 0.403138
vt 0.497003 0.400704
vt 0.497447 0.394348
vt 0.496471 0.396643
vt 0.504432 0.394102
vt 0.504764 0.396423
vt 0.499007 0.387039
vt 0.498992 0.384803
vt 0.502550 0.384470
vt 0.503798 0.386513
vt 0.508591 0.384423
vt 0.506037 0.383090
vt 0.463657 0.381290
vt 0.471900 0.381207
vt 0.475063 0.381119
vt 0.468265 0.377383
vt 0.468336 0.374052
vt 0.555905 0.378836
vt 0.557109 0.376403
vt 0.558692 0.377361
vt 0.557893 0.378855
vt 0.550949 0.370912
vt 0.550370 0.367471
vt 0.552216 0.367654
vt 0.552327 0.369582
vt 0.554129 0.371580
vt 0.554141 0.369803
vt 0.555625 0.371269
vt 0.558870 0.375109
vt 0.557056 0.370345
vt 0.560641 0.374694
vt 0.558254 0.368959
vt 0.562593 0.374779
vt 0.559218 0.366913
vt 0.564620 0.375888
vt 0.555069 0.369520
vt 0.553333 0.368626
vt 0.554172 0.365131
vt 0.555096 0.364729
vt 0.556741 0.365407
vt 0.555541 0.366536
vt 0.552705 0.366624
vt 0.553299 0.365830
vt 0.554376 0.367630
vt 0.556723 0.368119
vt 0.555933 0.368985
vt 0.561887 0.376569
vt 0.562971 0.377000
vt 0.563585 0.378726
vt 0.562190 0.378770
vt 0.559712 0.376765
vt 0.560768 0.376555
vt 0.560837 0.378793
vt 0.559365 0.378839
vt 0.557340 0.367008
vt 0.555233 0.362802
vt 0.557979 0.364240
vt 0.551118 0.365909
vt 0.552005 0.364633
vt 0.553460 0.363579
vt 0.565586 0.378740
vt 0.558725 0.380315
vt 0.557216 0.381482
vt 0.551301 0.386780
vt 0.552679 0.388095
vt 0.552587 0.390004
vt 0.550755 0.390189
vt 0.554411 0.386192
vt 0.554441 0.387871
vt 0.555900 0.386396
vt 0.558986 0.382543
vt 0.560739 0.382901
vt 0.557355 0.387364
vt 0.558578 0.388665
vt 0.562634 0.382779
vt 0.564550 0.382058
vt 0.559612 0.390407
vt 0.555340 0.388124
vt 0.553680 0.389029
vt 0.554589 0.392556
vt 0.555946 0.391042
vt 0.557214 0.392070
vt 0.555579 0.392989
vt 0.553091 0.391023
vt 0.554741 0.389994
vt 0.553672 0.391852
vt 0.557037 0.389389
vt 0.556224 0.388569
vt 0.561965 0.381035
vt 0.563100 0.380588
vt 0.559769 0.380882
vt 0.560832 0.381067
vt 0.557712 0.390453
vt 0.555701 0.394999
vt 0.558498 0.393524
vt 0.551537 0.391888
vt 0.552478 0.393116
vt 0.553924 0.394127
vt 0.507781 0.323399
vt 0.510648 0.325881
vt 0.502427 0.328686
vt 0.504871 0.331688
vt 0.523574 0.306320
vt 0.522616 0.318315
vt 0.518947 0.318519
vt 0.520181 0.306347
vt 0.518397 0.329275
vt 0.515129 0.327852
vt 0.510225 0.338402
vt 0.507877 0.335551
vt 0.499785 0.337402
vt 0.500145 0.341167
vt 0.499601 0.332691
vt 0.499736 0.329217
vt 0.504274 0.309237
vt 0.502661 0.308443
vt 0.502847 0.306511
vt 0.504595 0.306502
vt 0.499618 0.312986
vt 0.499608 0.311106
vt 0.501672 0.310340
vt 0.502725 0.311960
vt 0.499588 0.308811
vt 0.499570 0.306523
vt 0.494536 0.306551
vt 0.496294 0.306538
vt 0.496544 0.308468
vt 0.494951 0.309294
vt 0.496599 0.311987
vt 0.497604 0.310353
vt 0.447210 0.511296
vt 0.445514 0.510661
vt 0.447974 0.501664
vt 0.451813 0.509869
vt 0.449579 0.513589
vt 0.454661 0.514980
vt 0.450282 0.514936
vt 0.411219 0.572640
vt 0.411377 0.563037
vt 0.418310 0.563122
vt 0.418162 0.572773
vt 0.581159 0.574056
vt 0.581212 0.564431
vt 0.588842 0.564479
vt 0.588782 0.574101
vt 0.459006 0.522754
vt 0.449930 0.518329
vt 0.581048 0.593214
vt 0.588653 0.593266
vt 0.581110 0.583175
vt 0.588723 0.583222
vt 0.417935 0.589778
vt 0.410992 0.589568
vt 0.418032 0.581934
vt 0.411089 0.581757
vt 0.450128 0.537662
vt 0.449621 0.534301
vt 0.458936 0.529640
vt 0.454459 0.537347
vt 0.445049 0.526656
vt 0.460770 0.526158
vt 0.505735 0.457145
vt 0.504095 0.459855
vt 0.503075 0.458223
vt 0.504129 0.456321
vt 0.501067 0.456687
vt 0.443067 0.526660
vt 0.442264 0.525149
vt 0.443827 0.524015
vt 0.501069 0.458996
vt 0.448329 0.517263
vt 0.448612 0.515417
vt 0.501076 0.460882
vt 0.446687 0.519313
vt 0.446675 0.517489
vt 0.497953 0.459884
vt 0.496362 0.457176
vt 0.497971 0.456354
vt 0.498989 0.458248
vt 0.448681 0.462384
vt 0.446329 0.462431
vt 0.449444 0.470058
vt 0.447147 0.470149
vt 0.450476 0.477724
vt 0.448202 0.477861
vt 0.452189 0.485253
vt 0.449799 0.485425
vt 0.455352 0.495194
vt 0.453223 0.496260
vt 0.461230 0.508759
vt 0.459377 0.510584
vt 0.455826 0.502573
vt 0.458303 0.502163
vt 0.510814 0.591981
vt 0.514077 0.589838
vt 0.466022 0.516457
vt 0.464267 0.518493
vt 0.491091 0.584045
vt 0.487316 0.583126
vt 0.494313 0.576415
vt 0.497048 0.578861
vt 0.487245 0.591762
vt 0.483342 0.591360
vt 0.483004 0.534171
vt 0.481547 0.536228
vt 0.475951 0.531696
vt 0.477671 0.529672
vt 0.490404 0.538516
vt 0.489104 0.540671
vt 0.443891 0.491639
vt 0.446243 0.491288
vt 0.449720 0.499865
vt 0.489644 0.569048
vt 0.491314 0.572278
vt 0.483385 0.580288
vt 0.481040 0.577422
vt 0.438922 0.462559
vt 0.441090 0.462600
vt 0.442344 0.472870
vt 0.440117 0.472380
vt 0.478842 0.589565
vt 0.475536 0.588130
vt 0.443665 0.481264
vt 0.441440 0.480946
vt 0.452736 0.506790
vt 0.456163 0.513020
vt 0.460524 0.520735
vt 0.471028 0.535475
vt 0.472050 0.533227
vt 0.477838 0.538398
vt 0.476814 0.540649
vt 0.486522 0.543577
vt 0.485724 0.545877
vt 0.426606 0.589746
vt 0.424470 0.589722
vt 0.424568 0.581939
vt 0.426704 0.581969
vt 0.572365 0.583133
vt 0.574567 0.583143
vt 0.574512 0.593174
vt 0.572313 0.593162
vt 0.424701 0.572842
vt 0.426840 0.572874
vt 0.445150 0.518715
vt 0.442046 0.522879
vt 0.440273 0.522330
vt 0.443833 0.518114
vt 0.442581 0.516520
vt 0.438322 0.522420
vt 0.436361 0.523540
vt 0.441627 0.514480
vt 0.578847 0.593200
vt 0.578907 0.583163
vt 0.420173 0.581878
vt 0.420076 0.589672
vt 0.420303 0.572776
vt 0.420448 0.563183
vt 0.424843 0.563248
vt 0.574604 0.574025
vt 0.574647 0.564394
vt 0.579003 0.564419
vt 0.578953 0.574044
vt 0.445787 0.517200
vt 0.447452 0.516359
vt 0.446631 0.512896
vt 0.445286 0.514320
vt 0.444087 0.513228
vt 0.445696 0.512529
vt 0.448107 0.514393
vt 0.446434 0.515376
vt 0.447541 0.513562
vt 0.444132 0.515901
vt 0.444909 0.516741
vt 0.439005 0.524313
vt 0.438751 0.526576
vt 0.437389 0.526573
vt 0.437871 0.524775
vt 0.441225 0.524557
vt 0.441587 0.526639
vt 0.440104 0.526588
vt 0.440162 0.524287
vt 0.443511 0.514810
vt 0.509542 0.483095
vt 0.511230 0.486312
vt 0.500771 0.489051
vt 0.501104 0.485289
vt 0.506518 0.478981
vt 0.501255 0.480584
vt 0.503768 0.476558
vt 0.501095 0.477116
vt 0.495988 0.479621
vt 0.498402 0.476607
vt 0.426984 0.563278
vt 0.442840 0.512088
vt 0.448626 0.512070
vt 0.435287 0.526571
vt 0.572435 0.564382
vt 0.572397 0.574016
vt 0.503810 0.533099
vt 0.498996 0.533525
vt 0.499005 0.531283
vt 0.502571 0.531026
vt 0.493019 0.483495
vt 0.490702 0.486350
vt 0.411548 0.553461
vt 0.418459 0.553488
vt 0.581273 0.554801
vt 0.588903 0.554853
vt 0.485723 0.475881
vt 0.490173 0.473876
vt 0.581676 0.491114
vt 0.589297 0.491151
vt 0.589246 0.500269
vt 0.581630 0.500228
vt 0.589189 0.509529
vt 0.581570 0.509482
vt 0.589141 0.518638
vt 0.581512 0.518592
vt 0.589386 0.463647
vt 0.581775 0.463635
vt 0.589093 0.528086
vt 0.581456 0.528037
vt 0.589369 0.472755
vt 0.581753 0.472733
vt 0.589034 0.537077
vt 0.581394 0.537025
vt 0.589338 0.482187
vt 0.581717 0.482156
vt 0.588967 0.545724
vt 0.581330 0.545673
vt 0.419050 0.508621
vt 0.412182 0.508924
vt 0.412236 0.499769
vt 0.419097 0.499394
vt 0.419155 0.463029
vt 0.412304 0.463652
vt 0.418970 0.517684
vt 0.412091 0.517911
vt 0.419151 0.472062
vt 0.412296 0.472629
vt 0.418858 0.527080
vt 0.411973 0.527234
vt 0.418739 0.536008
vt 0.411848 0.536095
vt 0.419145 0.481416
vt 0.412285 0.481923
vt 0.418611 0.544390
vt 0.411713 0.544417
vt 0.419130 0.490311
vt 0.412267 0.490755
vt 0.481832 0.466617
vt 0.486665 0.465749
vt 0.494184 0.533015
vt 0.489363 0.530892
vt 0.491935 0.529564
vt 0.495436 0.530957
vt 0.482477 0.477329
vt 0.510462 0.527026
vt 0.508635 0.531072
vt 0.506067 0.529707
vt 0.507414 0.527031
vt 0.478181 0.466448
vt 0.443743 0.529295
vt 0.442227 0.528122
vt 0.493010 0.471373
vt 0.448316 0.537603
vt 0.448268 0.535668
vt 0.489900 0.463580
vt 0.446495 0.533559
vt 0.446439 0.535393
vt 0.521888 0.465729
vt 0.517377 0.463967
vt 0.517415 0.475038
vt 0.513464 0.472227
vt 0.572818 0.509414
vt 0.572890 0.500194
vt 0.575089 0.500201
vt 0.575021 0.509434
vt 0.427364 0.536333
vt 0.427236 0.544663
vt 0.425110 0.544630
vt 0.425235 0.536300
vt 0.427479 0.527434
vt 0.425350 0.527407
vt 0.572545 0.545625
vt 0.572617 0.536971
vt 0.574828 0.536985
vt 0.574757 0.545637
vt 0.427586 0.518062
vt 0.425458 0.518043
vt 0.427094 0.553688
vt 0.424966 0.553663
vt 0.445006 0.533954
vt 0.441951 0.530360
vt 0.443621 0.534693
vt 0.440197 0.530710
vt 0.442365 0.536016
vt 0.438292 0.530582
vt 0.441380 0.537974
vt 0.436360 0.529652
vt 0.421168 0.508989
vt 0.421212 0.499813
vt 0.425565 0.499838
vt 0.425533 0.509013
vt 0.579182 0.537011
vt 0.579119 0.545659
vt 0.421268 0.463655
vt 0.425612 0.463654
vt 0.420735 0.544563
vt 0.420861 0.536230
vt 0.420589 0.553606
vt 0.574715 0.554753
vt 0.579064 0.554787
vt 0.420981 0.527351
vt 0.421261 0.481935
vt 0.421265 0.472634
vt 0.425611 0.472633
vt 0.425614 0.481938
vt 0.494767 0.526991
vt 0.498992 0.527010
vt 0.503216 0.527024
vt 0.445498 0.535661
vt 0.447227 0.536597
vt 0.446289 0.540078
vt 0.445354 0.540408
vt 0.443823 0.539695
vt 0.444981 0.538628
vt 0.447796 0.538608
vt 0.447206 0.539420
vt 0.446156 0.537569
vt 0.443820 0.537047
vt 0.444603 0.536162
vt 0.438983 0.528833
vt 0.437869 0.528386
vt 0.441177 0.528688
vt 0.440112 0.528870
vt 0.490556 0.526972
vt 0.443140 0.538159
vt 0.579244 0.528022
vt 0.574889 0.527989
vt 0.579304 0.518578
vt 0.574950 0.518544
vt 0.579366 0.509467
vt 0.579427 0.500217
vt 0.575122 0.491083
vt 0.579469 0.491103
vt 0.421090 0.518005
vt 0.579511 0.482146
vt 0.575166 0.482126
vt 0.579549 0.472725
vt 0.575210 0.472708
vt 0.579573 0.463631
vt 0.575237 0.463622
vt 0.421248 0.490780
vt 0.425606 0.490792
vt 0.525207 0.467137
vt 0.519779 0.477888
vt 0.513473 0.463594
vt 0.509683 0.471334
vt 0.572741 0.518526
vt 0.445107 0.542237
vt 0.442374 0.540750
vt 0.449342 0.539500
vt 0.448383 0.540747
vt 0.427725 0.463654
vt 0.446852 0.541780
vt 0.572677 0.527972
vt 0.572507 0.554736
vt 0.573039 0.463618
vt 0.487495 0.526967
vt 0.427726 0.472632
vt 0.427733 0.481938
vt 0.427728 0.490797
vt 0.572915 0.491074
vt 0.427684 0.499850
vt 0.572961 0.482114
vt 0.573009 0.472698
vt 0.427658 0.509024
vt 0.547355 0.498079
vt 0.544385 0.505040
vt 0.541938 0.504574
vt 0.545402 0.496445
vt 0.551691 0.504269
vt 0.548350 0.511429
vt 0.546894 0.509309
vt 0.550192 0.502382
vt 0.551556 0.464745
vt 0.553928 0.464812
vt 0.550703 0.472465
vt 0.553021 0.472584
vt 0.549573 0.480187
vt 0.551865 0.480343
vt 0.547769 0.487783
vt 0.550357 0.487947
vt 0.538148 0.511177
vt 0.539966 0.513089
vt 0.533256 0.518794
vt 0.534932 0.520935
vt 0.522905 0.533852
vt 0.526917 0.528252
vt 0.530794 0.532089
vt 0.526662 0.535786
vt 0.539222 0.534464
vt 0.535883 0.536608
vt 0.534605 0.528403
vt 0.516070 0.536208
vt 0.521200 0.531822
vt 0.517489 0.538283
vt 0.509699 0.539678
vt 0.510873 0.542161
vt 0.555836 0.494343
vt 0.553542 0.493930
vt 0.561400 0.465014
vt 0.560044 0.475487
vt 0.557841 0.475388
vt 0.559213 0.465041
vt 0.558565 0.484086
vt 0.556381 0.483857
vt 0.544751 0.517659
vt 0.543286 0.515611
vt 0.540649 0.524865
vt 0.538754 0.522808
vt 0.530926 0.524159
vt 0.523430 0.522812
vt 0.527077 0.520719
vt 0.527811 0.537796
vt 0.521840 0.542812
vt 0.520878 0.540534
vt 0.513443 0.547608
vt 0.512773 0.545234
vt 0.523821 0.528159
vt 0.537877 0.528462
vt 0.540706 0.532365
vt 0.496402 0.542844
vt 0.494279 0.546078
vt 0.493886 0.548483
vt 0.497285 0.540515
vt 0.504400 0.543464
vt 0.504174 0.547080
vt 0.504222 0.549490
vt 0.504852 0.541003
vt 0.451888 0.556902
vt 0.454860 0.549923
vt 0.457306 0.550381
vt 0.453844 0.558533
vt 0.447515 0.550734
vt 0.450925 0.543538
vt 0.452368 0.545658
vt 0.449026 0.552614
vt 0.447739 0.590191
vt 0.445370 0.590122
vt 0.448588 0.582482
vt 0.446275 0.582363
vt 0.449829 0.574760
vt 0.447436 0.574616
vt 0.451494 0.567175
vt 0.448915 0.567015
vt 0.461068 0.543769
vt 0.459242 0.541866
vt 0.465913 0.536112
vt 0.464211 0.534024
vt 0.483110 0.518609
vt 0.477753 0.523016
vt 0.476071 0.520984
vt 0.481693 0.516546
vt 0.490522 0.514405
vt 0.489279 0.512204
vt 0.443433 0.560652
vt 0.445722 0.561056
vt 0.437902 0.590043
vt 0.439260 0.579528
vt 0.441464 0.579561
vt 0.440093 0.589890
vt 0.440735 0.570897
vt 0.442917 0.571108
vt 0.455938 0.539366
vt 0.460439 0.531692
vt 0.468541 0.519853
vt 0.471180 0.517181
vt 0.472245 0.519420
vt 0.468325 0.522859
vt 0.477058 0.512092
vt 0.478041 0.514333
vt 0.486509 0.506687
vt 0.486911 0.509089
vt 0.550979 0.593298
vt 0.553352 0.593286
vt 0.550327 0.585546
vt 0.552647 0.585487
vt 0.549392 0.577797
vt 0.551690 0.577688
vt 0.547752 0.570179
vt 0.550166 0.570032
vt 0.544663 0.560118
vt 0.546823 0.559064
vt 0.538881 0.546382
vt 0.540767 0.544551
vt 0.544270 0.552668
vt 0.541768 0.553055
vt 0.534147 0.538649
vt 0.530736 0.535501
vt 0.517470 0.520723
vt 0.519009 0.518658
vt 0.521652 0.524756
vt 0.511491 0.516441
vt 0.512069 0.514164
vt 0.556194 0.563815
vt 0.553816 0.564146
vt 0.550397 0.555459
vt 0.552177 0.553661
vt 0.560834 0.593411
vt 0.558642 0.593194
vt 0.557537 0.582810
vt 0.559746 0.582851
vt 0.556322 0.574305
vt 0.558514 0.574172
vt 0.548398 0.545363
vt 0.547433 0.548454
vt 0.544004 0.542125
vt 0.545505 0.540106
vt 0.528197 0.518476
vt 0.522492 0.516465
vt 0.523580 0.514242
vt 0.515606 0.511299
vt 0.516500 0.509020
vt 0.531031 0.521241
vt 0.489347 0.522920
vt 0.494193 0.520903
vt 0.495423 0.522985
vt 0.491916 0.524295
vt 0.506531 0.507638
vt 0.507161 0.505324
vt 0.496999 0.506839
vt 0.497332 0.504404
vt 0.496467 0.510899
vt 0.497443 0.513194
vt 0.504760 0.511119
vt 0.504428 0.513441
vt 0.499002 0.520502
vt 0.503793 0.521029
vt 0.502545 0.523072
vt 0.498987 0.522739
vt 0.508586 0.523120
vt 0.506032 0.524452
vt 0.463653 0.526250
vt 0.475059 0.526422
vt 0.471896 0.526333
vt 0.468332 0.533487
vt 0.468261 0.530157
vt 0.555897 0.528711
vt 0.557885 0.528692
vt 0.558683 0.530187
vt 0.557101 0.531144
vt 0.550940 0.536634
vt 0.552318 0.537964
vt 0.552207 0.539892
vt 0.550360 0.540075
vt 0.554120 0.535966
vt 0.554132 0.537743
vt 0.555616 0.536277
vt 0.558861 0.532438
vt 0.560632 0.532853
vt 0.557047 0.537202
vt 0.558244 0.538588
vt 0.562584 0.532768
vt 0.564611 0.531660
vt 0.559208 0.540634
vt 0.555059 0.538026
vt 0.553324 0.538920
vt 0.554162 0.542415
vt 0.555532 0.541010
vt 0.556731 0.542139
vt 0.555086 0.542817
vt 0.552696 0.540922
vt 0.554366 0.539917
vt 0.553289 0.541716
vt 0.556714 0.539428
vt 0.555923 0.538562
vt 0.561878 0.530979
vt 0.562182 0.528778
vt 0.563577 0.528822
vt 0.562962 0.530548
vt 0.559704 0.530782
vt 0.559356 0.528709
vt 0.560828 0.528755
vt 0.560759 0.530993
vt 0.557330 0.540539
vt 0.555223 0.544744
vt 0.557969 0.543306
vt 0.551109 0.541636
vt 0.551996 0.542913
vt 0.553450 0.543966
vt 0.565578 0.528809
vt 0.557209 0.526065
vt 0.558717 0.527232
vt 0.551294 0.520767
vt 0.550749 0.517358
vt 0.552581 0.517543
vt 0.552672 0.519452
vt 0.554404 0.521356
vt 0.554434 0.519676
vt 0.555893 0.521151
vt 0.558978 0.525004
vt 0.557348 0.520183
vt 0.560731 0.524646
vt 0.558571 0.518882
vt 0.562626 0.524769
vt 0.559606 0.517141
vt 0.564542 0.525491
vt 0.555333 0.519423
vt 0.553674 0.518518
vt 0.554583 0.514991
vt 0.555573 0.514559
vt 0.557208 0.515477
vt 0.555940 0.516506
vt 0.553085 0.516524
vt 0.553666 0.515695
vt 0.554734 0.517553
vt 0.557030 0.518159
vt 0.556217 0.518978
vt 0.561957 0.526513
vt 0.563092 0.526960
vt 0.559761 0.526666
vt 0.560824 0.526480
vt 0.557705 0.517095
vt 0.555695 0.512549
vt 0.558492 0.514024
vt 0.551531 0.515659
vt 0.552472 0.514431
vt 0.553918 0.513420
vt 0.507773 0.584140
vt 0.510640 0.581658
vt 0.502419 0.578852
vt 0.504862 0.575851
vt 0.518938 0.589019
vt 0.522605 0.589223
vt 0.515119 0.579687
vt 0.518388 0.578264
vt 0.507869 0.571988
vt 0.510217 0.569138
vt 0.499778 0.570137
vt 0.500137 0.566372
vt 0.499593 0.574848
vt 0.499728 0.578321
vt 0.504266 0.598301
vt 0.502652 0.599095
vt 0.499610 0.594552
vt 0.502717 0.595578
vt 0.501664 0.597199
vt 0.499599 0.596432
vt 0.499580 0.598727
vt 0.494942 0.598244
vt 0.496535 0.599070
vt 0.496590 0.595551
vt 0.497595 0.597185
vt 0.442751 0.101845
vt 0.447474 0.103122
vt 0.443872 0.111573
vt 0.441056 0.102552
vt 0.445069 0.099430
vt 0.445731 0.098035
vt 0.450182 0.097825
vt 0.402871 0.041962
vt 0.409826 0.041265
vt 0.410724 0.050963
vt 0.403768 0.051560
vt 0.580838 0.037180
vt 0.588505 0.037495
vt 0.588143 0.047146
vt 0.580467 0.046883
vt 0.445242 0.094600
vt 0.454320 0.089738
vt 0.582223 0.009318
vt 0.589856 0.009723
vt 0.589407 0.018265
vt 0.581763 0.017872
vt 0.588907 0.028346
vt 0.581251 0.027986
vt 0.408100 0.024191
vt 0.401161 0.025051
vt 0.400016 0.014358
vt 0.406940 0.013416
vt 0.408916 0.032064
vt 0.401969 0.032854
vt 0.444603 0.074888
vt 0.449049 0.075008
vt 0.453968 0.082711
vt 0.444243 0.078344
vt 0.439933 0.086341
vt 0.455989 0.086194
vt 0.503342 0.155298
vt 0.501734 0.156156
vt 0.500640 0.154251
vt 0.501645 0.152586
vt 0.502038 0.158724
vt 0.498680 0.158777
vt 0.498637 0.155834
vt 0.438805 0.089079
vt 0.437168 0.087996
vt 0.437917 0.086426
vt 0.498601 0.153503
vt 0.444017 0.097611
vt 0.443657 0.095747
vt 0.498578 0.151597
vt 0.441906 0.093733
vt 0.441968 0.095585
vt 0.503819 0.158697
vt 0.495437 0.152656
vt 0.496512 0.154292
vt 0.495516 0.156222
vt 0.493878 0.155419
vt 0.495324 0.158832
vt 0.445704 0.151185
vt 0.445676 0.159852
vt 0.443154 0.159911
vt 0.443337 0.151196
vt 0.446279 0.143441
vt 0.443963 0.143409
vt 0.447118 0.135688
vt 0.444821 0.135611
vt 0.448640 0.128040
vt 0.446221 0.127935
vt 0.451551 0.117889
vt 0.449361 0.116875
vt 0.457086 0.103924
vt 0.454325 0.110725
vt 0.451798 0.110389
vt 0.455139 0.102128
vt 0.507993 0.014089
vt 0.509511 0.003551
vt 0.513788 0.004077
vt 0.511554 0.016735
vt 0.461709 0.095912
vt 0.459848 0.093895
vt 0.485293 0.023310
vt 0.492175 0.028857
vt 0.489226 0.031663
vt 0.481151 0.024571
vt 0.480360 0.014884
vt 0.476023 0.015766
vt 0.478589 0.077138
vt 0.473218 0.081965
vt 0.471374 0.079933
vt 0.477009 0.075050
vt 0.478036 0.004505
vt 0.473656 0.005273
vt 0.486157 0.072389
vt 0.484739 0.070173
vt 0.440069 0.121839
vt 0.445699 0.113336
vt 0.442455 0.122120
vt 0.484371 0.039895
vt 0.474691 0.031209
vt 0.477033 0.027951
vt 0.486077 0.036324
vt 0.435889 0.151253
vt 0.436831 0.141351
vt 0.439059 0.140798
vt 0.438067 0.151156
vt 0.467837 0.020148
vt 0.471277 0.018227
vt 0.437921 0.132694
vt 0.440153 0.132309
vt 0.464314 0.006820
vt 0.468218 0.006056
vt 0.451782 0.099764
vt 0.448519 0.106215
vt 0.455945 0.091742
vt 0.466152 0.076220
vt 0.471931 0.070631
vt 0.473081 0.072929
vt 0.467295 0.078498
vt 0.481031 0.064818
vt 0.481945 0.067207
vt 0.416840 0.023398
vt 0.417665 0.031257
vt 0.415506 0.031478
vt 0.414685 0.023628
vt 0.415658 0.012661
vt 0.413511 0.012898
vt 0.572411 0.027552
vt 0.572952 0.017396
vt 0.575173 0.017519
vt 0.574642 0.027664
vt 0.418579 0.040457
vt 0.416416 0.040664
vt 0.440371 0.094403
vt 0.437046 0.090309
vt 0.439059 0.095067
vt 0.435272 0.090942
vt 0.437857 0.096733
vt 0.433291 0.090936
vt 0.436976 0.098837
vt 0.431258 0.089887
vt 0.579547 0.017755
vt 0.579028 0.027879
vt 0.411075 0.031930
vt 0.410262 0.024095
vt 0.411981 0.041088
vt 0.417302 0.050356
vt 0.412872 0.050744
vt 0.574211 0.036900
vt 0.578611 0.037087
vt 0.578239 0.046807
vt 0.573831 0.046657
vt 0.409106 0.013380
vt 0.441079 0.095914
vt 0.442801 0.096700
vt 0.442104 0.100245
vt 0.441170 0.100653
vt 0.439514 0.100006
vt 0.440686 0.098853
vt 0.443543 0.098670
vt 0.443001 0.099535
vt 0.441808 0.097738
vt 0.439453 0.097298
vt 0.440207 0.096414
vt 0.433899 0.088988
vt 0.432730 0.088571
vt 0.432160 0.086772
vt 0.433540 0.086706
vt 0.436139 0.088642
vt 0.435073 0.088964
vt 0.434912 0.086632
vt 0.436414 0.086514
vt 0.438869 0.098428
vt 0.580012 0.009198
vt 0.575658 0.008961
vt 0.437825 0.160038
vt 0.493553 0.158862
vt 0.506810 0.128969
vt 0.498207 0.126870
vt 0.497806 0.123051
vt 0.508479 0.125677
vt 0.503802 0.133188
vt 0.498438 0.131645
vt 0.501050 0.135688
vt 0.498332 0.135165
vt 0.495611 0.135726
vt 0.493110 0.132712
vt 0.419467 0.050168
vt 0.438297 0.101207
vt 0.444158 0.101007
vt 0.573448 0.008835
vt 0.430032 0.086871
vt 0.571590 0.046581
vt 0.571973 0.036804
vt 0.435780 0.160087
vt 0.500239 0.077769
vt 0.498981 0.079943
vt 0.495273 0.079734
vt 0.495224 0.077402
vt 0.490028 0.128833
vt 0.487621 0.125975
vt 0.404612 0.061130
vt 0.411543 0.060644
vt 0.580175 0.056587
vt 0.587841 0.056793
vt 0.482775 0.136697
vt 0.487321 0.138642
vt 0.579632 0.120532
vt 0.579610 0.111397
vt 0.587234 0.111390
vt 0.587259 0.120505
vt 0.579606 0.102118
vt 0.587235 0.102132
vt 0.579636 0.092978
vt 0.587278 0.093024
vt 0.579876 0.157920
vt 0.579803 0.148050
vt 0.587416 0.147996
vt 0.587488 0.157864
vt 0.579711 0.083497
vt 0.587364 0.083575
vt 0.579737 0.138942
vt 0.587356 0.138892
vt 0.579817 0.074469
vt 0.587478 0.074583
vt 0.579676 0.129506
vt 0.587301 0.129464
vt 0.579959 0.065775
vt 0.587623 0.065932
vt 0.414466 0.105650
vt 0.414868 0.114895
vt 0.407990 0.114774
vt 0.407580 0.105626
vt 0.416058 0.151303
vt 0.416297 0.160569
vt 0.409449 0.160740
vt 0.409190 0.150864
vt 0.414000 0.096568
vt 0.407104 0.096648
vt 0.415805 0.142263
vt 0.408933 0.141893
vt 0.413449 0.087148
vt 0.406546 0.087335
vt 0.412868 0.078194
vt 0.405960 0.078483
vt 0.415521 0.132899
vt 0.408644 0.132605
vt 0.412263 0.069783
vt 0.405347 0.070168
vt 0.415221 0.123993
vt 0.408340 0.123780
vt 0.479025 0.146151
vt 0.483927 0.146933
vt 0.477893 0.159147
vt 0.482979 0.159049
vt 0.490228 0.078028
vt 0.491573 0.080140
vt 0.487972 0.081663
vt 0.485273 0.080348
vt 0.479456 0.135296
vt 0.507208 0.083999
vt 0.504054 0.084022
vt 0.502627 0.081265
vt 0.505278 0.079819
vt 0.475340 0.146397
vt 0.474492 0.159214
vt 0.436997 0.084978
vt 0.438484 0.083716
vt 0.490241 0.141124
vt 0.442797 0.077013
vt 0.442754 0.075035
vt 0.487237 0.149065
vt 0.441089 0.079247
vt 0.440945 0.077380
vt 0.519540 0.146405
vt 0.520969 0.158458
vt 0.516010 0.158523
vt 0.515004 0.148242
vt 0.514903 0.137038
vt 0.510937 0.139937
vt 0.570812 0.102119
vt 0.573028 0.102116
vt 0.573045 0.111398
vt 0.570834 0.111397
vt 0.421533 0.077403
vt 0.419388 0.077551
vt 0.418795 0.069155
vt 0.420940 0.068998
vt 0.422101 0.086371
vt 0.419958 0.086501
vt 0.571099 0.065594
vt 0.573336 0.065639
vt 0.573206 0.074372
vt 0.570974 0.074340
vt 0.422642 0.095806
vt 0.420501 0.095918
vt 0.418093 0.060038
vt 0.420244 0.059873
vt 0.439552 0.078915
vt 0.436614 0.082716
vt 0.434815 0.082443
vt 0.438107 0.078228
vt 0.436764 0.076943
vt 0.432887 0.082665
vt 0.430972 0.083700
vt 0.435666 0.074998
vt 0.416574 0.105195
vt 0.420956 0.104994
vt 0.421342 0.114212
vt 0.416973 0.114397
vt 0.577593 0.074437
vt 0.577734 0.065730
vt 0.418156 0.150620
vt 0.422506 0.150505
vt 0.422757 0.160407
vt 0.418410 0.160516
vt 0.414389 0.069482
vt 0.414989 0.077856
vt 0.413679 0.060384
vt 0.573553 0.056420
vt 0.577949 0.056529
vt 0.415567 0.086771
vt 0.417625 0.132314
vt 0.421987 0.132177
vt 0.422259 0.141506
vt 0.417905 0.141629
vt 0.495335 0.084165
vt 0.490962 0.084266
vt 0.499708 0.084083
vt 0.439972 0.077152
vt 0.441691 0.076114
vt 0.440563 0.072606
vt 0.439300 0.074152
vt 0.438064 0.073122
vt 0.439591 0.072316
vt 0.442174 0.074033
vt 0.440551 0.075174
vt 0.441532 0.073233
vt 0.438195 0.075822
vt 0.439036 0.076685
vt 0.433671 0.084406
vt 0.432562 0.084912
vt 0.435904 0.084452
vt 0.434815 0.084316
vt 0.486606 0.084379
vt 0.437447 0.074722
vt 0.577489 0.083476
vt 0.573105 0.083440
vt 0.577419 0.092967
vt 0.573041 0.092951
vt 0.577394 0.102116
vt 0.577400 0.111399
vt 0.577421 0.120540
vt 0.573059 0.120556
vt 0.416114 0.096151
vt 0.577466 0.129519
vt 0.573109 0.129546
vt 0.577531 0.138958
vt 0.573181 0.138992
vt 0.577599 0.148066
vt 0.573255 0.148100
vt 0.421697 0.123294
vt 0.417326 0.123451
vt 0.577673 0.157936
vt 0.573333 0.157968
vt 0.522877 0.144943
vt 0.524689 0.158412
vt 0.517265 0.134120
vt 0.512111 0.158576
vt 0.511064 0.148671
vt 0.507121 0.140894
vt 0.486757 0.158981
vt 0.570816 0.092945
vt 0.439245 0.070458
vt 0.436532 0.072120
vt 0.424872 0.160355
vt 0.424624 0.150449
vt 0.441053 0.070839
vt 0.570875 0.083423
vt 0.571317 0.056366
vt 0.571050 0.148118
vt 0.571131 0.157985
vt 0.483442 0.084462
vt 0.424380 0.141448
vt 0.443713 0.073046
vt 0.424113 0.132112
vt 0.423828 0.123218
vt 0.442669 0.071818
vt 0.570842 0.120565
vt 0.423470 0.114123
vt 0.570896 0.129562
vt 0.570974 0.139011
vt 0.423092 0.104898
vt 0.545054 0.113495
vt 0.543079 0.115156
vt 0.539549 0.106909
vt 0.542036 0.106434
vt 0.549447 0.107222
vt 0.547926 0.109133
vt 0.544589 0.102100
vt 0.546074 0.099951
vt 0.549462 0.147127
vt 0.551849 0.147042
vt 0.552416 0.158136
vt 0.549874 0.158159
vt 0.548548 0.139358
vt 0.550882 0.139224
vt 0.547362 0.131578
vt 0.549674 0.131410
vt 0.545505 0.123916
vt 0.548119 0.123740
vt 0.535687 0.100188
vt 0.537542 0.098240
vt 0.530697 0.092401
vt 0.532415 0.090213
vt 0.520068 0.076883
vt 0.523966 0.074899
vt 0.528210 0.078740
vt 0.524198 0.082676
vt 0.536901 0.076372
vt 0.532107 0.082552
vt 0.533490 0.074130
vt 0.512971 0.074439
vt 0.514446 0.072274
vt 0.518301 0.078986
vt 0.506306 0.070845
vt 0.507518 0.068236
vt 0.553639 0.117266
vt 0.551322 0.117686
vt 0.559360 0.146786
vt 0.557161 0.146774
vt 0.555720 0.136373
vt 0.557936 0.136263
vt 0.554212 0.127848
vt 0.556414 0.127610
vt 0.540934 0.095678
vt 0.542436 0.093595
vt 0.536332 0.088309
vt 0.538281 0.086215
vt 0.528314 0.086898
vt 0.520610 0.088282
vt 0.524362 0.090431
vt 0.525171 0.072825
vt 0.517987 0.069928
vt 0.519003 0.067551
vt 0.509496 0.065001
vt 0.510192 0.062501
vt 0.557799 0.158090
vt 0.521006 0.082769
vt 0.538402 0.078542
vt 0.535466 0.082515
vt 0.559863 0.158073
vt 0.490030 0.064358
vt 0.492333 0.067715
vt 0.489560 0.061830
vt 0.493305 0.070138
vt 0.500433 0.063124
vt 0.500716 0.066930
vt 0.500452 0.060581
vt 0.501222 0.069506
vt 0.445412 0.055019
vt 0.447343 0.053211
vt 0.451354 0.061475
vt 0.448854 0.062072
vt 0.441257 0.061633
vt 0.442703 0.059614
vt 0.446507 0.066587
vt 0.445134 0.068834
vt 0.438385 0.020835
vt 0.435949 0.021153
vt 0.434281 0.010476
vt 0.436878 0.010141
vt 0.440021 0.028728
vt 0.437639 0.029067
vt 0.441983 0.036635
vt 0.439516 0.036982
vt 0.444304 0.044382
vt 0.441642 0.044736
vt 0.455540 0.068115
vt 0.453749 0.070155
vt 0.460857 0.075773
vt 0.459196 0.077991
vt 0.479144 0.093194
vt 0.477744 0.095348
vt 0.471850 0.090955
vt 0.473515 0.088818
vt 0.486854 0.097332
vt 0.485626 0.099618
vt 0.436438 0.051691
vt 0.438765 0.051120
vt 0.428299 0.021994
vt 0.430546 0.021927
vt 0.432936 0.032393
vt 0.430678 0.032623
vt 0.435138 0.040967
vt 0.432912 0.041356
vt 0.450472 0.072871
vt 0.455421 0.080544
vt 0.464169 0.092358
vt 0.463845 0.089287
vt 0.467976 0.092680
vt 0.466958 0.095007
vt 0.474065 0.097709
vt 0.473122 0.100026
vt 0.483267 0.102862
vt 0.482908 0.105329
vt 0.428794 0.011086
vt 0.426702 0.011390
vt 0.551145 0.015804
vt 0.551909 0.007401
vt 0.554523 0.007600
vt 0.553596 0.015991
vt 0.549950 0.023796
vt 0.552350 0.024000
vt 0.548549 0.031799
vt 0.550928 0.032028
vt 0.546495 0.039647
vt 0.548996 0.039898
vt 0.542928 0.050009
vt 0.545143 0.051160
vt 0.536706 0.064109
vt 0.539793 0.057273
vt 0.542369 0.057718
vt 0.538620 0.066022
vt 0.531726 0.072009
vt 0.528176 0.075223
vt 0.514487 0.090460
vt 0.518775 0.086285
vt 0.516080 0.092572
vt 0.508373 0.094904
vt 0.508989 0.097236
vt 0.554980 0.046551
vt 0.550529 0.056873
vt 0.548744 0.054977
vt 0.552544 0.046125
vt 0.561286 0.016392
vt 0.559512 0.027137
vt 0.557240 0.027052
vt 0.559035 0.016459
vt 0.557798 0.035989
vt 0.555548 0.035750
vt 0.546476 0.065315
vt 0.543422 0.070661
vt 0.541910 0.068565
vt 0.545544 0.062122
vt 0.525513 0.092732
vt 0.520787 0.097080
vt 0.519665 0.094806
vt 0.513573 0.102459
vt 0.512640 0.100136
vt 0.560026 0.007888
vt 0.528419 0.089894
vt 0.562134 0.008088
vt 0.485454 0.088591
vt 0.488073 0.087114
vt 0.491721 0.088393
vt 0.490495 0.090565
vt 0.504071 0.106349
vt 0.503393 0.103990
vt 0.494031 0.107448
vt 0.493646 0.104963
vt 0.493985 0.098439
vt 0.493025 0.100812
vt 0.501155 0.098072
vt 0.501529 0.100449
vt 0.495459 0.090888
vt 0.495405 0.088581
vt 0.499073 0.088179
vt 0.500390 0.090268
vt 0.505307 0.088049
vt 0.502655 0.086706
vt 0.458937 0.085986
vt 0.467387 0.085596
vt 0.470635 0.085398
vt 0.463512 0.081801
vt 0.463455 0.078376
vt 0.553882 0.082438
vt 0.555140 0.079978
vt 0.556736 0.080974
vt 0.555905 0.082483
vt 0.548936 0.074295
vt 0.548395 0.070767
vt 0.550281 0.070984
vt 0.550365 0.072956
vt 0.552174 0.075024
vt 0.552213 0.073210
vt 0.553703 0.074729
vt 0.556949 0.078688
vt 0.555177 0.073810
vt 0.558755 0.078293
vt 0.556420 0.072417
vt 0.560737 0.078410
vt 0.557437 0.070352
vt 0.562775 0.079567
vt 0.553164 0.072936
vt 0.551407 0.071996
vt 0.552325 0.068439
vt 0.553277 0.068045
vt 0.554944 0.068770
vt 0.553698 0.069900
vt 0.550799 0.069939
vt 0.551420 0.069138
vt 0.552489 0.070996
vt 0.554875 0.071535
vt 0.554054 0.072405
vt 0.559993 0.080216
vt 0.561086 0.080669
vt 0.561684 0.082428
vt 0.560269 0.082453
vt 0.557782 0.080383
vt 0.558857 0.080185
vt 0.558895 0.082458
vt 0.557400 0.082485
vt 0.555524 0.070414
vt 0.553454 0.066076
vt 0.556231 0.067604
vt 0.551625 0.066839
vt 0.563711 0.082470
vt 0.549188 0.069181
vt 0.550118 0.067891
vt 0.556732 0.083977
vt 0.555186 0.085144
vt 0.549119 0.090472
vt 0.550512 0.091821
vt 0.550405 0.093761
vt 0.548541 0.093937
vt 0.552288 0.089901
vt 0.553798 0.090122
vt 0.556971 0.086242
vt 0.558746 0.086625
vt 0.555267 0.091118
vt 0.556495 0.092449
vt 0.560669 0.086522
vt 0.562617 0.085814
vt 0.557526 0.094221
vt 0.553216 0.091872
vt 0.551523 0.092778
vt 0.552304 0.091607
vt 0.552422 0.096365
vt 0.553808 0.094837
vt 0.555086 0.095888
vt 0.553424 0.096809
vt 0.550911 0.094800
vt 0.552592 0.093765
vt 0.551495 0.095645
vt 0.554927 0.093169
vt 0.554109 0.092331
vt 0.560012 0.084747
vt 0.561167 0.084308
vt 0.557786 0.084565
vt 0.558862 0.084766
vt 0.555602 0.094253
vt 0.553537 0.098848
vt 0.556377 0.097367
vt 0.549327 0.095668
vt 0.550276 0.096921
vt 0.551739 0.097956
vt 0.504257 0.022881
vt 0.507396 0.025725
vt 0.498228 0.028773
vt 0.500943 0.032103
vt 0.523162 0.005202
vt 0.520900 0.018046
vt 0.516908 0.017991
vt 0.519470 0.004667
vt 0.515754 0.029669
vt 0.512261 0.028021
vt 0.506788 0.039454
vt 0.504241 0.036350
vt 0.495402 0.038444
vt 0.495853 0.042536
vt 0.495114 0.033273
vt 0.495204 0.029404
vt 0.500561 0.006106
vt 0.498612 0.004992
vt 0.499050 0.002491
vt 0.501254 0.002790
vt 0.494795 0.010562
vt 0.494750 0.008275
vt 0.497291 0.007340
vt 0.498528 0.009336
vt 0.494683 0.005390
vt 0.494612 0.002349
vt 0.487986 0.003073
vt 0.490176 0.002659
vt 0.490781 0.005138
vt 0.488896 0.006348
vt 0.491138 0.009470
vt 0.492259 0.007426
vt 0.445627 0.217583
vt 0.443916 0.216979
vt 0.446209 0.207920
vt 0.450211 0.216067
vt 0.448043 0.219835
vt 0.453159 0.221134
vt 0.448772 0.221171
vt 0.410737 0.279614
vt 0.410724 0.270009
vt 0.417658 0.269971
vt 0.417681 0.279625
vt 0.580767 0.278256
vt 0.580677 0.268629
vt 0.588308 0.268564
vt 0.588391 0.278188
vt 0.457654 0.228841
vt 0.448482 0.224575
vt 0.580942 0.297422
vt 0.588551 0.297359
vt 0.580854 0.287379
vt 0.588469 0.287311
vt 0.417754 0.296633
vt 0.410808 0.296544
vt 0.417713 0.288787
vt 0.410767 0.288733
vt 0.449034 0.243929
vt 0.448466 0.240574
vt 0.457708 0.235739
vt 0.453364 0.243536
vt 0.443749 0.233004
vt 0.459483 0.232219
vt 0.503445 0.162106
vt 0.501834 0.164864
vt 0.500781 0.163235
vt 0.501814 0.161300
vt 0.498731 0.161718
vt 0.441765 0.233044
vt 0.440933 0.231546
vt 0.442478 0.230382
vt 0.498771 0.164045
vt 0.446859 0.223538
vt 0.447109 0.221684
vt 0.498808 0.165946
vt 0.445253 0.225621
vt 0.445208 0.223795
vt 0.495645 0.164993
vt 0.493995 0.162290
vt 0.495604 0.161434
vt 0.496661 0.163326
vt 0.446108 0.168501
vt 0.443746 0.168601
vt 0.447042 0.176190
vt 0.444738 0.176331
vt 0.448240 0.183864
vt 0.445961 0.184048
vt 0.450112 0.191383
vt 0.447718 0.191604
vt 0.453481 0.201292
vt 0.451366 0.202402
vt 0.459625 0.214779
vt 0.457803 0.216643
vt 0.454095 0.208681
vt 0.456569 0.208224
vt 0.510677 0.297261
vt 0.513907 0.295066
vt 0.464568 0.222405
vt 0.462847 0.224477
vt 0.490821 0.289643
vt 0.487029 0.288785
vt 0.493919 0.281957
vt 0.496696 0.284358
vt 0.487101 0.297425
vt 0.483191 0.297087
vt 0.481896 0.239855
vt 0.480471 0.241941
vt 0.474787 0.237498
vt 0.476475 0.235440
vt 0.489381 0.244082
vt 0.488115 0.246263
vt 0.441919 0.197953
vt 0.444270 0.197554
vt 0.447924 0.206083
vt 0.489126 0.274662
vt 0.490850 0.277866
vt 0.483049 0.286012
vt 0.480655 0.283183
vt 0.436315 0.168898
vt 0.438492 0.168890
vt 0.439979 0.179166
vt 0.437734 0.178723
vt 0.478660 0.295368
vt 0.475330 0.293988
vt 0.441481 0.187556
vt 0.439244 0.187284
vt 0.451077 0.212964
vt 0.454627 0.219142
vt 0.459138 0.226791
vt 0.469922 0.241369
vt 0.470906 0.239099
vt 0.476794 0.244178
vt 0.475807 0.246450
vt 0.485579 0.249216
vt 0.484819 0.251533
vt 0.426423 0.296448
vt 0.424287 0.296461
vt 0.424248 0.288677
vt 0.426385 0.288670
vt 0.572106 0.287467
vt 0.574308 0.287444
vt 0.574403 0.297479
vt 0.572204 0.297500
vt 0.424221 0.279578
vt 0.426361 0.279572
vt 0.443703 0.225051
vt 0.440673 0.229278
vt 0.438888 0.228762
vt 0.442373 0.224474
vt 0.441090 0.222901
vt 0.436936 0.228887
vt 0.434995 0.230046
vt 0.440096 0.220877
vt 0.578741 0.297440
vt 0.578650 0.287399
vt 0.419853 0.288694
vt 0.419893 0.296488
vt 0.419822 0.279590
vt 0.419797 0.269994
vt 0.424194 0.269980
vt 0.574209 0.278323
vt 0.574109 0.268689
vt 0.578467 0.268649
vt 0.578559 0.278278
vt 0.444313 0.223522
vt 0.445964 0.222649
vt 0.445077 0.219197
vt 0.443757 0.220648
vt 0.442536 0.219577
vt 0.444134 0.218846
vt 0.446583 0.220668
vt 0.444927 0.221684
vt 0.446001 0.219846
vt 0.442631 0.222252
vt 0.443425 0.223079
vt 0.437655 0.230770
vt 0.437444 0.233040
vt 0.436080 0.233062
vt 0.436529 0.231254
vt 0.439882 0.230973
vt 0.440283 0.233050
vt 0.438798 0.233027
vt 0.438813 0.230722
vt 0.441989 0.221171
vt 0.507681 0.188169
vt 0.509428 0.191375
vt 0.498960 0.194295
vt 0.499234 0.190509
vt 0.504576 0.184080
vt 0.499309 0.185776
vt 0.501772 0.181686
vt 0.499092 0.182291
vt 0.493996 0.184894
vt 0.496374 0.181822
vt 0.426335 0.269972
vt 0.441265 0.218459
vt 0.447059 0.218332
vt 0.433976 0.233100
vt 0.571896 0.268710
vt 0.572001 0.278347
vt 0.502722 0.238436
vt 0.497906 0.238940
vt 0.497878 0.236694
vt 0.501448 0.236378
vt 0.491077 0.188839
vt 0.488797 0.191748
vt 0.410723 0.260431
vt 0.417634 0.260334
vt 0.580595 0.258996
vt 0.588228 0.258936
vt 0.483610 0.181311
vt 0.488050 0.179215
vt 0.580136 0.195283
vt 0.587760 0.195231
vt 0.587819 0.204349
vt 0.580202 0.204402
vt 0.587880 0.213608
vt 0.580260 0.213660
vt 0.587953 0.222718
vt 0.580323 0.222775
vt 0.587562 0.167732
vt 0.579948 0.167787
vt 0.588035 0.232166
vt 0.580396 0.232223
vt 0.587630 0.176838
vt 0.580012 0.176891
vt 0.588102 0.241158
vt 0.580460 0.241214
vt 0.587698 0.186268
vt 0.580075 0.186320
vt 0.588158 0.249806
vt 0.580519 0.249865
vt 0.417388 0.215449
vt 0.410525 0.215886
vt 0.410397 0.206730
vt 0.417251 0.206217
vt 0.416521 0.169834
vt 0.409685 0.170618
vt 0.417482 0.224515
vt 0.410608 0.224875
vt 0.416726 0.178871
vt 0.409883 0.179593
vt 0.417549 0.233916
vt 0.410666 0.234199
vt 0.417595 0.242847
vt 0.410707 0.243061
vt 0.416926 0.188231
vt 0.410075 0.188886
vt 0.417621 0.251232
vt 0.410724 0.251385
vt 0.417099 0.197130
vt 0.410245 0.197717
vt 0.479524 0.172063
vt 0.484375 0.171099
vt 0.493076 0.238509
vt 0.488211 0.236461
vt 0.490766 0.235089
vt 0.494297 0.236426
vt 0.480374 0.182824
vt 0.509290 0.232244
vt 0.507524 0.236327
vt 0.504929 0.235000
vt 0.506236 0.232298
vt 0.475846 0.171962
vt 0.442490 0.235669
vt 0.440951 0.234523
vt 0.490861 0.176648
vt 0.447219 0.243902
vt 0.447136 0.241966
vt 0.487594 0.168857
vt 0.445323 0.239888
vt 0.445300 0.241725
vt 0.519845 0.170521
vt 0.515279 0.168809
vt 0.515474 0.179948
vt 0.511459 0.177180
vt 0.571502 0.213707
vt 0.571455 0.204477
vt 0.573656 0.204457
vt 0.573707 0.213698
vt 0.426229 0.243013
vt 0.426253 0.251349
vt 0.424126 0.251355
vt 0.424099 0.243019
vt 0.426179 0.234108
vt 0.424049 0.234121
vt 0.571731 0.249944
vt 0.571679 0.241285
vt 0.573891 0.241267
vt 0.573944 0.249923
vt 0.426110 0.224729
vt 0.423980 0.224751
vt 0.426274 0.260379
vt 0.424145 0.260392
vt 0.443839 0.240310
vt 0.440716 0.236769
vt 0.442467 0.241075
vt 0.438967 0.237151
vt 0.441234 0.242421
vt 0.437057 0.237057
vt 0.440284 0.244400
vt 0.435107 0.236163
vt 0.419513 0.215775
vt 0.419376 0.206594
vt 0.423733 0.206532
vt 0.423881 0.215715
vt 0.578248 0.241231
vt 0.578308 0.249883
vt 0.418651 0.170410
vt 0.422999 0.170307
vt 0.419749 0.251367
vt 0.419722 0.243030
vt 0.419766 0.260414
vt 0.574034 0.259044
vt 0.578386 0.259013
vt 0.419677 0.234147
vt 0.419055 0.188704
vt 0.418854 0.179397
vt 0.423205 0.179298
vt 0.423411 0.188614
vt 0.493561 0.232463
vt 0.497796 0.232412
vt 0.502029 0.232358
vt 0.444363 0.242010
vt 0.446111 0.242915
vt 0.445235 0.246417
vt 0.444305 0.246763
vt 0.442759 0.246077
vt 0.443899 0.244988
vt 0.446716 0.244918
vt 0.446140 0.245741
vt 0.445056 0.243907
vt 0.442709 0.243427
vt 0.443476 0.242527
vt 0.437718 0.235295
vt 0.436594 0.234868
vt 0.439910 0.235109
vt 0.438848 0.235311
vt 0.489341 0.232514
vt 0.442049 0.244553
vt 0.578183 0.232239
vt 0.573825 0.232266
vt 0.578114 0.222790
vt 0.573757 0.222815
vt 0.578055 0.213674
vt 0.577997 0.204419
vt 0.573577 0.195330
vt 0.577929 0.195299
vt 0.419610 0.224796
vt 0.577868 0.186335
vt 0.573519 0.186362
vt 0.577807 0.176906
vt 0.573463 0.176932
vt 0.577745 0.167803
vt 0.573403 0.167833
vt 0.419227 0.197556
vt 0.423589 0.197477
vt 0.523205 0.171895
vt 0.517891 0.182780
vt 0.511342 0.168490
vt 0.507642 0.176338
vt 0.571546 0.222827
vt 0.444090 0.248599
vt 0.441329 0.247159
vt 0.448280 0.245783
vt 0.447342 0.247048
vt 0.425116 0.170257
vt 0.445829 0.248109
vt 0.571612 0.232280
vt 0.571826 0.259059
vt 0.571201 0.167848
vt 0.486273 0.232560
vt 0.425322 0.179249
vt 0.425532 0.188568
vt 0.425714 0.197438
vt 0.571367 0.195347
vt 0.425854 0.206501
vt 0.571310 0.186375
vt 0.571258 0.176945
vt 0.426008 0.215684
vt 0.545845 0.202688
vt 0.542964 0.209708
vt 0.540505 0.209275
vt 0.543865 0.201076
vt 0.550276 0.208835
vt 0.547027 0.216054
vt 0.545538 0.213951
vt 0.548747 0.206964
vt 0.549660 0.169185
vt 0.552044 0.169228
vt 0.548887 0.176947
vt 0.551215 0.177040
vt 0.547843 0.184712
vt 0.550145 0.184841
vt 0.546128 0.192356
vt 0.548726 0.192488
vt 0.536801 0.215947
vt 0.538650 0.217836
vt 0.532009 0.223649
vt 0.533720 0.225770
vt 0.521864 0.238890
vt 0.525797 0.233219
vt 0.529739 0.237005
vt 0.525657 0.240770
vt 0.538215 0.239258
vt 0.534903 0.241454
vt 0.533501 0.233256
vt 0.515054 0.241356
vt 0.520124 0.236882
vt 0.516508 0.243412
vt 0.508727 0.244931
vt 0.509943 0.247400
vt 0.554300 0.198832
vt 0.551995 0.198448
vt 0.559546 0.169357
vt 0.558294 0.179876
vt 0.556084 0.179801
vt 0.557351 0.169405
vt 0.556909 0.188516
vt 0.554716 0.188312
vt 0.543509 0.222347
vt 0.542012 0.220316
vt 0.539504 0.229624
vt 0.537576 0.227591
vt 0.529753 0.229059
vt 0.522222 0.227821
vt 0.525846 0.225669
vt 0.526837 0.242766
vt 0.520934 0.247879
vt 0.519936 0.245613
vt 0.512603 0.252814
vt 0.511894 0.250448
vt 0.522694 0.233172
vt 0.536779 0.233267
vt 0.539670 0.237135
vt 0.495461 0.248318
vt 0.493388 0.251591
vt 0.493033 0.254006
vt 0.496306 0.245971
vt 0.503480 0.248809
vt 0.503312 0.252434
vt 0.503399 0.254846
vt 0.503894 0.246337
vt 0.451136 0.263154
vt 0.453988 0.256117
vt 0.456444 0.256533
vt 0.453122 0.264752
vt 0.446651 0.257058
vt 0.449937 0.249796
vt 0.451419 0.251892
vt 0.448197 0.258913
vt 0.447564 0.296526
vt 0.445194 0.296497
vt 0.448280 0.288801
vt 0.445964 0.288722
vt 0.449387 0.281056
vt 0.446992 0.280953
vt 0.450921 0.273439
vt 0.448339 0.273324
vt 0.460094 0.249848
vt 0.458233 0.247975
vt 0.464810 0.242096
vt 0.463069 0.240035
vt 0.481735 0.224258
vt 0.476442 0.228769
vt 0.474720 0.226761
vt 0.480278 0.222214
vt 0.489096 0.219916
vt 0.487812 0.217729
vt 0.442743 0.267054
vt 0.445040 0.267418
vt 0.437724 0.296548
vt 0.438900 0.286009
vt 0.441104 0.286003
vt 0.439912 0.296357
vt 0.440224 0.277350
vt 0.442410 0.277523
vt 0.454880 0.245531
vt 0.459250 0.237767
vt 0.467154 0.225762
vt 0.469751 0.223037
vt 0.470858 0.225262
vt 0.466992 0.228778
vt 0.475552 0.217828
vt 0.476578 0.220059
vt 0.484939 0.212243
vt 0.485383 0.214645
vt 0.550868 0.297956
vt 0.553241 0.297907
vt 0.550098 0.290212
vt 0.552417 0.290118
vt 0.549045 0.282475
vt 0.551342 0.282331
vt 0.547289 0.274879
vt 0.549702 0.274695
vt 0.544045 0.264858
vt 0.546191 0.263771
vt 0.538051 0.251196
vt 0.539911 0.249335
vt 0.543539 0.257407
vt 0.541041 0.257833
vt 0.533195 0.243524
vt 0.529732 0.240423
vt 0.516217 0.225818
vt 0.517727 0.223725
vt 0.520470 0.229797
vt 0.510156 0.221617
vt 0.510700 0.219325
vt 0.555639 0.268384
vt 0.553265 0.268751
vt 0.549713 0.260109
vt 0.551468 0.258283
vt 0.560724 0.297920
vt 0.558529 0.297736
vt 0.557269 0.287366
vt 0.559479 0.287374
vt 0.555925 0.278877
vt 0.558116 0.278711
vt 0.547562 0.250034
vt 0.546642 0.253142
vt 0.543116 0.246858
vt 0.544589 0.244814
vt 0.526934 0.223405
vt 0.521187 0.221474
vt 0.522244 0.219229
vt 0.514204 0.216397
vt 0.515065 0.214097
vt 0.529815 0.226133
vt 0.488061 0.228473
vt 0.492885 0.226370
vt 0.494152 0.228436
vt 0.490659 0.229808
vt 0.505042 0.212865
vt 0.505638 0.210533
vt 0.495466 0.212218
vt 0.495760 0.209769
vt 0.495000 0.216300
vt 0.496016 0.218586
vt 0.503321 0.216386
vt 0.503025 0.218720
vt 0.497699 0.225889
vt 0.502511 0.226339
vt 0.501293 0.228408
vt 0.497721 0.228131
vt 0.507349 0.228358
vt 0.504810 0.229734
vt 0.462372 0.232258
vt 0.473802 0.232228
vt 0.470631 0.232195
vt 0.467187 0.239425
vt 0.467057 0.236090
vt 0.554828 0.233256
vt 0.556818 0.233208
vt 0.557638 0.234693
vt 0.556067 0.235674
vt 0.549980 0.241259
vt 0.551378 0.242570
vt 0.551295 0.244502
vt 0.549449 0.244712
vt 0.553153 0.240544
vt 0.553191 0.242323
vt 0.554655 0.240834
vt 0.557848 0.236944
vt 0.559627 0.237334
vt 0.556100 0.241739
vt 0.557319 0.243109
vt 0.561579 0.237222
vt 0.563592 0.236083
vt 0.558313 0.245143
vt 0.554123 0.242593
vt 0.552399 0.243512
vt 0.553289 0.246999
vt 0.554639 0.245573
vt 0.555856 0.246685
vt 0.554220 0.247388
vt 0.551799 0.245526
vt 0.553457 0.244495
vt 0.552405 0.246312
vt 0.555799 0.243972
vt 0.554996 0.243116
vt 0.560847 0.235440
vt 0.561120 0.233233
vt 0.562517 0.233258
vt 0.561926 0.234994
vt 0.558668 0.235275
vt 0.558291 0.233204
vt 0.559765 0.233229
vt 0.559727 0.235471
vt 0.556432 0.245075
vt 0.554385 0.249315
vt 0.557112 0.247835
vt 0.550221 0.246264
vt 0.551128 0.247529
vt 0.552599 0.248562
vt 0.564519 0.233216
vt 0.556103 0.230588
vt 0.557630 0.231735
vt 0.550106 0.225366
vt 0.549512 0.221960
vt 0.551349 0.222119
vt 0.551468 0.224030
vt 0.553229 0.225912
vt 0.553235 0.224230
vt 0.554717 0.225686
vt 0.557860 0.229501
vt 0.556160 0.224697
vt 0.559610 0.229118
vt 0.557367 0.223377
vt 0.561509 0.229214
vt 0.558378 0.221619
vt 0.563437 0.229910
vt 0.554132 0.223963
vt 0.552458 0.223081
vt 0.553319 0.219536
vt 0.554304 0.219089
vt 0.555954 0.219987
vt 0.554699 0.221034
vt 0.551840 0.221092
vt 0.552410 0.220254
vt 0.553506 0.222100
vt 0.555814 0.222674
vt 0.555011 0.223506
vt 0.560864 0.230969
vt 0.562005 0.231401
vt 0.558667 0.231153
vt 0.559728 0.230953
vt 0.556475 0.221599
vt 0.554399 0.217074
vt 0.557221 0.218514
vt 0.550272 0.220248
vt 0.551197 0.219004
vt 0.552631 0.217971
vt 0.507510 0.289467
vt 0.510338 0.286938
vt 0.502069 0.284263
vt 0.504465 0.281221
vt 0.518755 0.294170
vt 0.522427 0.294317
vt 0.514788 0.284895
vt 0.518036 0.283420
vt 0.507411 0.277307
vt 0.509714 0.274417
vt 0.499285 0.275586
vt 0.499583 0.271812
vt 0.499176 0.280302
vt 0.499367 0.283775
vt 0.504230 0.303686
vt 0.502629 0.304506
vt 0.499513 0.300012
vt 0.502636 0.300988
vt 0.501610 0.302626
vt 0.499533 0.301892
vt 0.499551 0.304188
vt 0.494906 0.303780
vt 0.496512 0.304580
vt 0.496510 0.301060
vt 0.497541 0.302678
vn -0.5217 -0.2856 0.8039
vn -0.4579 0.0131 0.8889
vn 0.1997 0.4714 0.8590
vn 0.2410 0.4394 0.8653
vn -0.3192 -0.5277 0.7872
vn 0.2630 0.4480 0.8545
vn -0.1439 -0.5046 0.8512
vn 0.0000 1.0000 0.0000
vn 0.0000 0.5797 0.8148
vn 0.0000 -0.5675 0.8234
vn 0.0000 -1.0000 0.0000
vn 0.2649 0.4376 0.8592
vn 0.2307 -0.2899 0.9288
vn 0.0000 0.5858 0.8104
vn 0.1156 -0.5425 0.8320
vn -0.2202 -0.2323 0.9474
vn -0.2633 0.4344 0.8613
vn -0.2629 0.4480 0.8545
vn -0.0020 -0.3711 0.9286
vn 0.0078 0.5754 0.8178
vn 0.1192 -0.3750 0.9193
vn 0.2460 -0.2038 0.9476
vn 0.3493 -0.3271 0.8780
vn 0.1296 -0.4677 0.8743
vn 0.0000 0.0000 1.0000
vn 0.0000 -0.4744 0.8803
vn 0.0026 -0.6114 0.7913
vn -0.4350 -0.4200 0.7964
vn -0.3232 -0.3362 0.8846
vn 0.4585 -0.0068 0.8886
vn 0.4924 -0.5253 0.6940
vn -0.1670 -0.6350 0.7543
vn 0.3165 -0.0037 0.9485
vn 0.5389 0.0591 0.8403
vn 0.6713 0.0937 0.7352
vn 0.0000 -0.4324 0.9017
vn 0.2416 0.1977 0.9500
vn 0.1143 0.3747 0.9200
vn 0.1225 0.4684 0.8749
vn 0.3515 0.3240 0.8783
vn 0.0000 0.4713 0.8820
vn -0.0342 -0.4772 0.8781
vn -0.0321 -0.4614 0.8866
vn 0.0000 -0.4416 0.8972
vn 0.0000 -0.4592 0.8883
vn -0.0557 -0.4910 0.8694
vn -0.0546 -0.4856 0.8724
vn -0.0844 -0.4983 0.8629
vn -0.0782 -0.4796 0.8740
vn -0.1275 -0.4806 0.8676
vn -0.1168 -0.4612 0.8796
vn -0.1658 -0.4613 0.8716
vn -0.1610 -0.4381 0.8844
vn -0.2151 -0.4165 0.8833
vn -0.2087 -0.3786 0.9017
vn -0.1831 -0.4257 0.8861
vn -0.1861 -0.4285 0.8842
vn 0.0808 0.4527 0.8880
vn 0.0943 0.3769 0.9214
vn 0.0266 0.4199 0.9072
vn 0.0284 0.4489 0.8931
vn -0.2555 -0.3755 0.8909
vn -0.2511 -0.3597 0.8986
vn 0.2871 -0.3753 0.8813
vn 0.2048 -0.3260 0.9229
vn 0.3260 -0.2187 0.9197
vn 0.4612 -0.2363 0.8552
vn 0.1176 -0.4222 0.8988
vn 0.0834 -0.3514 0.9325
vn -0.3630 -0.2508 0.8974
vn -0.3339 -0.2307 0.9139
vn -0.2910 -0.2844 0.9134
vn -0.3177 -0.3190 0.8929
vn 0.0309 -0.4091 0.9120
vn 0.0284 -0.3772 0.9257
vn -0.4203 -0.1722 0.8908
vn -0.3653 -0.1587 0.9172
vn 0.1447 0.4761 0.8674
vn 0.1638 0.5080 0.8456
vn 0.1969 0.4735 0.8585
vn -0.3526 0.2123 0.9113
vn -0.4580 0.2804 0.8436
vn -0.2795 0.4356 0.8556
vn -0.2581 0.3593 0.8968
vn 0.0456 0.5576 0.8288
vn 0.0502 0.5763 0.8157
vn 0.0767 0.5601 0.8248
vn 0.0737 0.5554 0.8283
vn -0.1342 0.5006 0.8552
vn -0.1242 0.4224 0.8979
vn 0.1067 0.5476 0.8299
vn 0.0947 0.5365 0.8385
vn -0.0537 0.5022 0.8630
vn -0.0483 0.4519 0.8907
vn 0.2283 0.4861 0.8435
vn 0.2615 0.4457 0.8561
vn 0.2669 0.4465 0.8541
vn 0.3548 0.3176 0.8793
vn 0.3453 0.3061 0.8871
vn 0.3946 0.3023 0.8677
vn 0.3622 0.2618 0.8946
vn 0.4444 0.2011 0.8730
vn 0.3966 0.1734 0.9014
vn 0.0000 -0.5834 0.8122
vn 0.0000 -0.5834 0.8121
vn 0.0000 0.5529 0.8332
vn 0.6095 0.2611 0.7485
vn -0.4886 -0.2004 0.8491
vn -0.4821 -0.0540 0.8744
vn 0.4486 0.3366 0.8279
vn 0.3807 0.5109 0.7707
vn -0.4435 0.1134 0.8890
vn -0.2540 0.3116 0.9156
vn 0.0139 0.4411 0.8973
vn 0.0000 0.1809 0.9835
vn 0.0000 -0.1663 0.9861
vn 0.0000 -0.1686 0.9857
vn 0.6145 0.2632 0.7436
vn -0.5477 -0.3050 0.7790
vn -0.4525 0.4733 0.7558
vn -0.6817 -0.0009 0.7316
vn -0.3226 -0.5329 0.7823
vn -0.4322 -0.4595 0.7759
vn 0.4014 0.5252 0.7503
vn 0.5398 0.4030 0.7391
vn -0.5433 0.1272 0.8299
vn -0.0002 0.5798 0.8148
vn -0.3939 0.4604 0.7955
vn -0.5473 -0.2194 0.8076
vn -0.5508 -0.0672 0.8319
vn 0.1141 0.6927 0.7121
vn 0.0000 0.5943 0.8042
vn 0.0000 0.4356 0.9001
vn 0.4575 -0.2812 0.8436
vn 0.3522 -0.2130 0.9113
vn 0.4134 -0.0027 0.9105
vn 0.5351 -0.0188 0.8445
vn -0.3256 0.2193 0.9197
vn -0.4022 0.0199 0.9153
vn -0.4608 0.2372 0.8552
vn -0.5132 0.0230 0.8579
vn -0.2890 -0.1720 0.9417
vn -0.4292 -0.2082 0.8789
vn -0.3351 0.3533 0.8734
vn -0.3713 -0.3648 0.8538
vn -0.0002 0.4493 0.8934
vn 0.0000 0.5736 0.8191
vn 0.3929 -0.0944 0.9147
vn 0.4394 0.0030 0.8983
vn 0.4748 0.0035 0.8801
vn 0.4660 -0.0851 0.8806
vn 0.4733 0.2684 0.8390
vn 0.3355 0.2173 0.9166
vn 0.2730 0.4468 0.8519
vn -0.1937 -0.2982 0.9346
vn 0.1200 0.5000 0.8576
vn -0.0943 -0.3764 0.9216
vn 0.0000 0.4991 0.8665
vn 0.0000 -0.4210 0.9070
vn 0.3928 0.0996 0.9142
vn 0.1983 0.2012 0.9593
vn 0.3633 0.2638 0.8936
vn 0.4653 0.0919 0.8803
vn 0.2150 0.3801 0.8996
vn -0.0027 -0.2303 0.9731
vn 0.1913 -0.1974 0.9615
vn 0.3613 -0.2651 0.8939
vn -0.0074 -0.3959 0.9182
vn 0.0826 0.4408 0.8938
vn 0.0000 0.4650 0.8853
vn 0.3229 -0.3369 0.8844
vn 0.4350 -0.4212 0.7958
vn -0.2281 -0.3782 0.8972
vn 0.1708 -0.6480 0.7422
vn -0.4340 -0.5240 0.7328
vn -0.0805 -0.4533 0.8877
vn -0.5150 0.0476 0.8558
vn -0.6144 0.0708 0.7858
vn 0.1318 -0.5018 0.8549
vn -0.0817 0.3511 0.9327
vn 0.0000 0.3789 0.9254
vn 0.0000 -0.5016 0.8651
vn 0.2787 -0.4361 0.8556
vn -0.2042 0.3264 0.9229
vn -0.5159 0.2174 0.8285
vn 0.4887 -0.1794 0.8538
vn -0.4352 0.3342 0.8360
vn 0.5387 -0.0402 0.8415
vn -0.3597 0.4509 0.8169
vn 0.4968 0.1114 0.8607
vn -0.0474 0.4369 0.8983
vn 0.2579 0.2979 0.9191
vn -0.5572 0.2416 0.7944
vn 0.5567 -0.3263 0.7639
vn 0.7029 0.0172 0.7111
vn 0.4693 0.4918 0.7334
vn 0.3288 -0.5496 0.7680
vn 0.4520 -0.4744 0.7554
vn -0.3833 0.4801 0.7890
vn -0.4934 0.3877 0.7786
vn 0.5864 0.1148 0.8018
vn 0.4185 0.4512 0.7882
vn 0.5667 -0.1994 0.7994
vn 0.5904 -0.0464 0.8057
vn 0.0074 0.3956 0.9184
vn -0.0648 0.6803 0.7300
vn 0.1221 -0.4222 0.8982
vn 0.0000 -0.4547 0.8906
vn 0.2574 -0.3598 0.8968
vn 0.0000 0.4079 0.9130
vn -0.1159 0.4230 0.8986
vn -0.2863 0.3759 0.8813
vn 0.0000 -0.4484 0.8938
vn 0.4911 0.0251 0.8707
vn 0.3381 0.3748 0.8632
vn 0.3095 -0.5202 0.7959
vn 0.4031 -0.4180 0.8141
vn 0.5064 -0.2868 0.8132
vn 0.0027 0.2296 0.9733
vn -0.1508 0.4225 0.8937
vn -0.1935 0.4053 0.8935
vn -0.2132 0.4250 0.8797
vn -0.1470 0.4581 0.8766
vn 0.2154 -0.4941 0.8423
vn 0.2442 -0.4444 0.8618
vn 0.2451 -0.4836 0.8403
vn 0.2122 -0.5145 0.8308
vn -0.0361 0.4777 0.8777
vn 0.0000 0.4597 0.8881
vn 0.0000 0.4427 0.8966
vn -0.0338 0.4596 0.8874
vn -0.0600 0.4905 0.8694
vn -0.0589 0.4851 0.8724
vn -0.0822 0.4870 0.8695
vn -0.0777 0.4738 0.8772
vn -0.1071 0.4558 0.8836
vn -0.1013 0.4443 0.8901
vn -0.2320 0.3940 0.8893
vn -0.2283 0.3807 0.8961
vn -0.2850 0.3706 0.8839
vn -0.2659 0.3267 0.9069
vn -0.2760 0.2882 0.9169
vn -0.0068 0.2412 0.9704
vn 0.1902 -0.0053 0.9817
vn 0.3605 -0.3361 0.8701
vn -0.2970 -0.4203 0.8574
vn 0.2574 0.3015 0.9180
vn -0.0026 -0.2249 0.9744
vn -0.3576 0.2503 0.8997
vn -0.3055 0.3328 0.8921
vn -0.3255 0.2274 0.9178
vn -0.4122 0.1565 0.8975
vn -0.3492 0.1380 0.9268
vn 0.1551 -0.4988 0.8527
vn 0.1707 -0.5270 0.8325
vn 0.0459 -0.5542 0.8311
vn 0.0770 -0.5442 0.8354
vn 0.0786 -0.5491 0.8320
vn 0.0508 -0.5743 0.8170
vn 0.1035 -0.5232 0.8459
vn 0.1113 -0.5435 0.8320
vn 0.2539 -0.4298 0.8665
vn 0.2579 -0.4344 0.8630
vn 0.2475 -0.3530 0.9022
vn 0.2631 -0.3929 0.8811
vn -0.2048 -0.0108 0.9787
vn 0.2629 0.3046 0.9154
vn -0.3425 -0.3540 0.8702
vn 0.3574 -0.3294 0.8739
vn 0.3715 -0.2618 0.8907
vn 0.4040 -0.3004 0.8640
vn 0.3970 -0.1499 0.9055
vn 0.4632 -0.1848 0.8667
vn 0.0000 -0.5928 0.8053
vn -0.0085 0.4929 0.8700
vn -0.0235 -0.5114 0.8590
vn -0.2853 -0.3785 0.8805
vn 0.0000 -0.5734 0.8193
vn -0.4033 -0.0761 0.9119
vn 0.4707 0.0975 0.8769
vn 0.4266 0.0859 0.9003
vn -0.4495 -0.0742 0.8902
vn -0.3999 0.0192 0.9163
vn 0.4919 -0.0282 0.8701
vn 0.4202 -0.0212 0.9072
vn -0.4636 0.0456 0.8849
vn 0.1470 -0.4238 0.8937
vn 0.1899 -0.4069 0.8935
vn 0.2094 -0.4268 0.8797
vn 0.1430 -0.4594 0.8766
vn -0.2111 0.4960 0.8423
vn -0.2403 0.4465 0.8619
vn -0.2408 0.4857 0.8403
vn -0.2076 0.5163 0.8308
vn 0.0327 -0.4776 0.8780
vn 0.0144 -0.4584 0.8886
vn 0.0139 -0.4437 0.8961
vn 0.0306 -0.4604 0.8871
vn 0.0580 -0.4859 0.8720
vn 0.0564 -0.4787 0.8761
vn 0.0746 -0.4688 0.8801
vn 0.0717 -0.4607 0.8846
vn 0.1000 -0.4537 0.8855
vn 0.0931 -0.4382 0.8940
vn 0.2285 -0.3959 0.8894
vn 0.2250 -0.3826 0.8961
vn 0.2689 -0.3700 0.8892
vn 0.2522 -0.3302 0.9095
vn 0.3630 -0.2507 0.8974
vn 0.3139 -0.3218 0.8932
vn 0.2854 -0.2835 0.9155
vn 0.3339 -0.2307 0.9139
vn 0.4462 -0.1505 0.8822
vn 0.3636 -0.1381 0.9212
vn -0.1507 0.5002 0.8527
vn -0.1661 0.5286 0.8324
vn -0.0416 0.5569 0.8295
vn -0.0721 0.5465 0.8343
vn -0.0738 0.5512 0.8310
vn -0.0478 0.5749 0.8168
vn -0.0988 0.5247 0.8455
vn -0.1066 0.5450 0.8316
vn -0.2616 0.4462 0.8558
vn -0.2661 0.4449 0.8551
vn -0.5300 0.0038 0.8480
vn -0.3351 0.3359 0.8802
vn -0.3484 0.3641 0.8637
vn -0.1767 -0.0064 0.9842
vn -0.3682 0.2638 0.8915
vn -0.4007 0.3046 0.8641
vn -0.4119 0.1512 0.8986
vn -0.4731 0.1965 0.8588
vn -0.0220 0.5924 0.8054
vn -0.0214 0.5749 0.8179
vn 0.0305 0.4772 0.8782
vn 0.0287 0.4621 0.8864
vn 0.0138 0.4409 0.8974
vn 0.0143 0.4583 0.8886
vn 0.0513 0.4914 0.8694
vn 0.0503 0.4861 0.8724
vn 0.0799 0.4990 0.8629
vn 0.0739 0.4803 0.8740
vn 0.1232 0.4817 0.8676
vn 0.1127 0.4621 0.8796
vn 0.1617 0.4627 0.8716
vn 0.1571 0.4395 0.8844
vn 0.2114 0.4183 0.8833
vn 0.2054 0.3803 0.9017
vn 0.1794 0.4272 0.8861
vn 0.1823 0.4301 0.8842
vn 0.2887 0.3594 0.8874
vn 0.4924 -0.0248 0.8700
vn 0.3546 0.2859 0.8902
vn 0.3283 0.2624 0.9074
vn 0.2881 0.3503 0.8912
vn 0.4294 0.2408 0.8704
vn 0.3977 0.2063 0.8940
vn -0.1410 -0.4735 0.8694
vn -0.1595 -0.5050 0.8482
vn -0.1927 -0.4752 0.8585
vn -0.1955 -0.4731 0.8590
vn -0.0398 -0.5582 0.8287
vn -0.0454 -0.5736 0.8179
vn -0.0689 -0.5520 0.8309
vn -0.0673 -0.5473 0.8342
vn -0.0988 -0.5404 0.8356
vn -0.0918 -0.5226 0.8476
vn -0.2371 -0.4415 0.8654
vn -0.2241 -0.4881 0.8435
vn -0.2660 -0.4459 0.8546
vn -0.2661 -0.4348 0.8603
vn -0.3351 -0.3370 0.8798
vn -0.3706 -0.3211 0.8715
vn -0.3558 -0.2982 0.8857
vn -0.4278 -0.2497 0.8686
vn -0.3769 -0.2080 0.9026
vn -0.0230 -0.5957 0.8029
vn -0.5371 -0.0034 0.8435
vn -0.0222 -0.5751 0.8177
vn -0.1915 0.1973 0.9614
vn -0.3928 0.0944 0.9147
vn -0.4660 0.0851 0.8806
vn -0.3614 0.2648 0.8940
vn -0.4788 -0.1103 0.8709
vn -0.4115 -0.0971 0.9062
vn -0.5002 0.0438 0.8648
vn -0.4309 0.0215 0.9021
vn 0.4300 -0.0411 0.9019
vn 0.4770 -0.0275 0.8784
vn 0.4131 0.0819 0.9070
vn 0.4987 0.1077 0.8600
vn -0.4394 -0.0030 0.8983
vn -0.3928 -0.0996 0.9142
vn -0.4653 -0.0919 0.8803
vn -0.4748 -0.0035 0.8801
vn -0.1981 -0.2012 0.9593
vn -0.3632 -0.2640 0.8935
vn -0.0036 0.3174 0.9483
vn -0.0139 -0.4965 0.8679
vn 0.0007 -0.2205 0.9754
vn 0.4849 -0.0421 0.8735
vn 0.1834 -0.0064 0.9830
vn 0.0041 0.3688 0.9295
vn 0.0028 0.6156 0.7880
vn 0.4422 0.4362 0.7837
vn 0.3348 0.3683 0.8673
vn -0.2281 0.2500 0.9410
vn -0.4711 0.5195 0.7128
vn 0.1757 0.6453 0.7434
vn 0.1285 0.5271 0.8400
vn -0.5612 -0.0379 0.8268
vn -0.6445 -0.0536 0.7627
vn -0.5054 -0.2105 0.8368
vn 0.4783 0.1923 0.8568
vn 0.5384 0.0426 0.8416
vn -0.4501 -0.3717 0.8119
vn -0.3703 -0.4706 0.8009
vn 0.4884 -0.1216 0.8641
vn 0.2663 -0.3280 0.9063
vn -0.0356 -0.4404 0.8971
vn -0.5709 -0.2485 0.7825
vn 0.5536 0.3585 0.7517
vn 0.4519 -0.4811 0.7512
vn 0.6866 0.0204 0.7268
vn 0.3449 0.5511 0.7598
vn 0.4651 0.4888 0.7381
vn -0.3974 -0.4972 0.7713
vn -0.5007 -0.4136 0.7603
vn 0.5891 -0.1286 0.7977
vn 0.0104 -0.5796 0.8148
vn 0.4302 -0.4618 0.7756
vn 0.5661 0.2185 0.7949
vn 0.5901 0.0490 0.8058
vn -0.0825 -0.6826 0.7261
vn 0.4519 -0.0023 0.8921
vn 0.3314 -0.3546 0.8743
vn 0.3286 0.5324 0.7801
vn 0.4122 0.4373 0.7992
vn 0.5190 0.3311 0.7880
vn 0.0073 -0.4490 0.8935
vn -0.3245 0.3354 0.8844
vn -0.4370 0.4192 0.7958
vn 0.2277 0.2423 0.9431
vn -0.1285 0.5300 0.8382
vn -0.1726 0.6424 0.7466
vn 0.4917 0.5182 0.6997
vn 0.6167 -0.0430 0.7860
vn 0.6805 -0.0549 0.7307
vn 0.5318 -0.2160 0.8188
vn -0.4895 0.1772 0.8538
vn 0.4799 -0.4053 0.7781
vn -0.5388 0.0378 0.8416
vn 0.4079 -0.4897 0.7705
vn -0.5069 -0.0979 0.8564
vn 0.0530 -0.4341 0.8993
vn -0.2464 -0.2628 0.9328
vn 0.6100 -0.2553 0.7501
vn -0.5246 0.3512 0.7755
vn -0.6357 0.0319 0.7712
vn -0.4059 -0.4794 0.7781
vn -0.3362 0.5413 0.7707
vn -0.4542 0.4722 0.7554
vn 0.4330 -0.5060 0.7459
vn 0.5304 -0.4359 0.7271
vn -0.5828 -0.0980 0.8067
vn -0.4048 -0.4386 0.8023
vn -0.5676 0.1968 0.7994
vn -0.5906 0.0436 0.8058
vn 0.1159 -0.6813 0.7228
vn -0.3916 0.0031 0.9201
vn -0.3052 -0.3256 0.8948
vn -0.3193 0.5166 0.7944
vn -0.4051 0.4161 0.8141
vn -0.4984 0.3277 0.8026
vn 0.2273 0.3787 0.8972
vn 0.1931 0.2986 0.9346
vn 0.4288 0.2091 0.8789
vn 0.2886 0.1726 0.9417
vn -0.0356 -0.4643 0.8849
vn -0.0383 -0.4996 0.8654
vn -0.1199 -0.4996 0.8578
vn -0.0831 -0.4415 0.8934
vn -0.2721 -0.4473 0.8519
vn -0.2142 -0.3805 0.8996
vn -0.4727 -0.2693 0.8390
vn -0.3351 -0.2179 0.9166
vn -0.5352 0.0178 0.8445
vn -0.4134 0.0020 0.9105
vn 0.4023 -0.0191 0.9153
vn 0.5132 -0.0221 0.8579
vn -0.1178 -0.3763 0.9189
vn -0.0422 -0.4289 0.9023
vn -0.0466 -0.4735 0.8795
vn -0.1271 -0.4645 0.8764
vn -0.3165 0.0031 0.9485
vn -0.2412 -0.1982 0.9500
vn -0.3509 -0.3247 0.8783
vn -0.4585 0.0060 0.8886
vn -0.0504 0.4244 0.9040
vn -0.1247 0.3762 0.9181
vn -0.1364 0.4628 0.8759
vn -0.0569 0.4792 0.8759
vn -0.2464 0.2033 0.9476
vn -0.3499 0.3264 0.8780
vn 0.5217 -0.2856 0.8039
vn -0.2410 0.4394 0.8653
vn -0.1997 0.4714 0.8590
vn 0.4579 0.0132 0.8889
vn 0.3192 -0.5276 0.7872
vn 0.1439 -0.5046 0.8513
vn -0.2630 0.4480 0.8545
vn -0.2307 -0.2899 0.9288
vn -0.2649 0.4376 0.8592
vn -0.1156 -0.5425 0.8320
vn 0.2629 0.4480 0.8545
vn 0.2633 0.4344 0.8613
vn 0.2202 -0.2323 0.9474
vn 0.0020 -0.3711 0.9286
vn -0.0078 0.5754 0.8178
vn -0.1192 -0.3750 0.9193
vn -0.1296 -0.4677 0.8743
vn -0.3493 -0.3271 0.8780
vn -0.2460 -0.2038 0.9476
vn 0.3232 -0.3362 0.8846
vn 0.4350 -0.4200 0.7964
vn -0.0026 -0.6114 0.7913
vn -0.4585 -0.0068 0.8886
vn 0.1670 -0.6349 0.7543
vn -0.4924 -0.5253 0.6940
vn -0.3165 -0.0037 0.9485
vn -0.5388 0.0591 0.8403
vn -0.6714 0.0937 0.7352
vn -0.2416 0.1977 0.9500
vn -0.3515 0.3240 0.8783
vn -0.1225 0.4684 0.8749
vn -0.1143 0.3747 0.9200
vn 0.0342 -0.4772 0.8781
vn 0.0321 -0.4614 0.8866
vn 0.0557 -0.4910 0.8694
vn 0.0546 -0.4856 0.8724
vn 0.0844 -0.4983 0.8629
vn 0.0782 -0.4796 0.8740
vn 0.1275 -0.4806 0.8676
vn 0.1168 -0.4611 0.8796
vn 0.1658 -0.4613 0.8716
vn 0.1610 -0.4381 0.8844
vn 0.2151 -0.4165 0.8833
vn 0.1861 -0.4285 0.8842
vn 0.1831 -0.4257 0.8861
vn 0.2087 -0.3785 0.9017
vn -0.0808 0.4527 0.8880
vn 0.0000 0.4483 0.8938
vn 0.0000 0.4201 0.9075
vn -0.0942 0.3768 0.9214
vn 0.2555 -0.3755 0.8909
vn 0.2511 -0.3597 0.8986
vn -0.2870 -0.3753 0.8813
vn -0.4612 -0.2363 0.8552
vn -0.3260 -0.2187 0.9197
vn -0.2048 -0.3260 0.9229
vn -0.1176 -0.4222 0.8988
vn -0.0834 -0.3514 0.9325
vn 0.3630 -0.2508 0.8974
vn 0.3177 -0.3190 0.8929
vn 0.2910 -0.2844 0.9134
vn 0.0000 -0.4092 0.9124
vn 0.0000 -0.3774 0.9260
vn 0.4203 -0.1722 0.8908
vn 0.3653 -0.1587 0.9172
vn -0.1447 0.4761 0.8674
vn -0.1969 0.4735 0.8585
vn -0.1638 0.5080 0.8456
vn 0.3526 0.2123 0.9113
vn 0.2581 0.3594 0.8968
vn 0.2795 0.4356 0.8556
vn 0.4580 0.2804 0.8436
vn -0.0456 0.5576 0.8288
vn -0.0737 0.5554 0.8283
vn -0.0767 0.5601 0.8249
vn -0.0502 0.5763 0.8157
vn 0.1241 0.4224 0.8979
vn 0.1342 0.5006 0.8552
vn -0.0947 0.5365 0.8385
vn -0.1067 0.5476 0.8299
vn 0.0000 0.4526 0.8917
vn 0.0000 0.5029 0.8643
vn -0.2615 0.4457 0.8561
vn -0.2283 0.4861 0.8435
vn -0.2669 0.4465 0.8541
vn -0.3548 0.3176 0.8793
vn -0.3622 0.2618 0.8946
vn -0.3946 0.3023 0.8677
vn -0.3453 0.3061 0.8871
vn -0.3966 0.1734 0.9014
vn -0.4444 0.2011 0.8730
vn -0.6095 0.2611 0.7485
vn 0.4886 -0.2004 0.8491
vn -0.4486 0.3366 0.8279
vn 0.4821 -0.0540 0.8744
vn -0.3807 0.5109 0.7707
vn 0.4435 0.1134 0.8890
vn -0.0139 0.4411 0.8973
vn 0.2540 0.3116 0.9156
vn -0.6145 0.2632 0.7437
vn 0.5477 -0.3050 0.7790
vn 0.6817 -0.0009 0.7316
vn 0.4525 0.4733 0.7558
vn 0.3226 -0.5329 0.7823
vn 0.4322 -0.4595 0.7759
vn -0.4014 0.5252 0.7504
vn -0.5398 0.4029 0.7391
vn 0.5432 0.1272 0.8299
vn 0.3939 0.4604 0.7955
vn 0.0002 0.5798 0.8148
vn 0.5473 -0.2193 0.8076
vn 0.5508 -0.0672 0.8319
vn -0.1141 0.6927 0.7121
vn -0.4575 -0.2812 0.8436
vn -0.5351 -0.0188 0.8445
vn -0.4134 -0.0027 0.9105
vn -0.3522 -0.2130 0.9113
vn 0.3256 0.2193 0.9197
vn 0.4022 0.0199 0.9153
vn 0.4608 0.2372 0.8552
vn 0.5132 0.0230 0.8579
vn 0.4292 -0.2082 0.8789
vn 0.2890 -0.1720 0.9417
vn 0.3351 0.3533 0.8734
vn 0.3713 -0.3648 0.8538
vn 0.0002 0.4493 0.8934
vn -0.3928 -0.0944 0.9147
vn -0.4660 -0.0851 0.8806
vn -0.4748 0.0035 0.8801
vn -0.4394 0.0030 0.8983
vn -0.4733 0.2684 0.8390
vn -0.3355 0.2173 0.9166
vn -0.2730 0.4468 0.8519
vn 0.1937 -0.2982 0.9346
vn -0.1200 0.5000 0.8576
vn 0.0943 -0.3764 0.9216
vn -0.3928 0.0996 0.9142
vn -0.4653 0.0919 0.8803
vn -0.3633 0.2638 0.8936
vn -0.1983 0.2012 0.9593
vn -0.2150 0.3801 0.8996
vn 0.0027 -0.2303 0.9731
vn 0.0074 -0.3959 0.9182
vn -0.3613 -0.2651 0.8939
vn -0.1913 -0.1974 0.9615
vn -0.0826 0.4408 0.8938
vn -0.4350 -0.4212 0.7958
vn -0.3229 -0.3369 0.8844
vn 0.2281 -0.3782 0.8972
vn 0.4340 -0.5240 0.7328
vn -0.1708 -0.6480 0.7422
vn 0.0805 -0.4533 0.8877
vn 0.5150 0.0476 0.8559
vn 0.6144 0.0708 0.7858
vn -0.1318 -0.5018 0.8549
vn 0.0817 0.3511 0.9327
vn -0.2787 -0.4361 0.8556
vn 0.2042 0.3264 0.9229
vn 0.5159 0.2174 0.8285
vn -0.4887 -0.1794 0.8538
vn -0.5386 -0.0402 0.8415
vn 0.4352 0.3342 0.8360
vn 0.3597 0.4509 0.8169
vn -0.4968 0.1114 0.8607
vn -0.2579 0.2979 0.9191
vn 0.0474 0.4369 0.8983
vn 0.5572 0.2416 0.7944
vn -0.5567 -0.3263 0.7639
vn -0.4693 0.4918 0.7334
vn -0.7028 0.0172 0.7111
vn -0.3288 -0.5496 0.7680
vn -0.4520 -0.4743 0.7554
vn 0.3833 0.4801 0.7890
vn 0.4934 0.3877 0.7786
vn -0.5864 0.1148 0.8018
vn -0.4185 0.4512 0.7882
vn -0.5667 -0.1994 0.7994
vn -0.5904 -0.0464 0.8058
vn -0.0074 0.3956 0.9184
vn 0.0648 0.6803 0.7300
vn -0.1221 -0.4222 0.8982
vn -0.2574 -0.3598 0.8968
vn 0.1159 0.4230 0.8986
vn 0.2863 0.3759 0.8813
vn -0.4911 0.0251 0.8707
vn -0.3381 0.3748 0.8632
vn -0.3095 -0.5202 0.7959
vn -0.4031 -0.4180 0.8141
vn -0.5064 -0.2868 0.8132
vn -0.0027 0.2296 0.9733
vn 0.1508 0.4225 0.8937
vn 0.1470 0.4581 0.8766
vn 0.2132 0.4250 0.8797
vn 0.1935 0.4053 0.8935
vn -0.2154 -0.4941 0.8423
vn -0.2121 -0.5145 0.8308
vn -0.2451 -0.4836 0.8403
vn -0.2442 -0.4444 0.8619
vn 0.0361 0.4777 0.8777
vn 0.0338 0.4597 0.8874
vn 0.0600 0.4905 0.8694
vn 0.0589 0.4851 0.8724
vn 0.0822 0.4870 0.8695
vn 0.0777 0.4738 0.8772
vn 0.1071 0.4558 0.8836
vn 0.1013 0.4443 0.8901
vn 0.2320 0.3940 0.8893
vn 0.2283 0.3807 0.8961
vn 0.2850 0.3706 0.8839
vn 0.2659 0.3267 0.9069
vn 0.2761 0.2882 0.9169
vn -0.3605 -0.3361 0.8701
vn -0.1902 -0.0053 0.9817
vn 0.0068 0.2412 0.9704
vn 0.2970 -0.4203 0.8574
vn 0.0026 -0.2249 0.9744
vn -0.2574 0.3015 0.9180
vn 0.3576 0.2503 0.8997
vn 0.3255 0.2274 0.9178
vn 0.3055 0.3328 0.8921
vn 0.4122 0.1565 0.8975
vn 0.3492 0.1380 0.9268
vn -0.1551 -0.4988 0.8527
vn -0.1707 -0.5270 0.8325
vn -0.0459 -0.5542 0.8311
vn -0.0508 -0.5743 0.8170
vn -0.0786 -0.5491 0.8320
vn -0.0770 -0.5442 0.8354
vn -0.1113 -0.5435 0.8320
vn -0.1035 -0.5232 0.8459
vn -0.2579 -0.4344 0.8630
vn -0.2539 -0.4298 0.8665
vn -0.2631 -0.3929 0.8811
vn -0.2475 -0.3530 0.9022
vn 0.2048 -0.0108 0.9787
vn -0.2629 0.3047 0.9154
vn 0.3425 -0.3540 0.8702
vn -0.3574 -0.3294 0.8739
vn -0.4039 -0.3004 0.8640
vn -0.3715 -0.2618 0.8907
vn -0.4632 -0.1848 0.8667
vn -0.3970 -0.1499 0.9055
vn 0.0086 0.4929 0.8700
vn 0.2853 -0.3785 0.8805
vn 0.0235 -0.5114 0.8590
vn -0.4707 0.0975 0.8769
vn 0.4033 -0.0761 0.9119
vn -0.4266 0.0859 0.9003
vn 0.4495 -0.0742 0.8901
vn -0.4920 -0.0282 0.8701
vn 0.3999 0.0192 0.9163
vn -0.4202 -0.0212 0.9072
vn 0.4636 0.0456 0.8848
vn -0.1470 -0.4238 0.8937
vn -0.1430 -0.4594 0.8766
vn -0.2094 -0.4268 0.8797
vn -0.1899 -0.4069 0.8935
vn 0.2111 0.4959 0.8423
vn 0.2076 0.5163 0.8308
vn 0.2408 0.4857 0.8403
vn 0.2403 0.4465 0.8619
vn -0.0327 -0.4776 0.8779
vn -0.0306 -0.4604 0.8871
vn 0.0000 -0.4438 0.8961
vn 0.0000 -0.4584 0.8887
vn -0.0580 -0.4859 0.8720
vn -0.0564 -0.4787 0.8761
vn -0.0746 -0.4688 0.8801
vn -0.0717 -0.4607 0.8846
vn -0.1000 -0.4537 0.8855
vn -0.0931 -0.4382 0.8940
vn -0.2285 -0.3959 0.8894
vn -0.2250 -0.3826 0.8961
vn -0.2689 -0.3700 0.8892
vn -0.2522 -0.3302 0.9095
vn -0.2854 -0.2835 0.9155
vn -0.3139 -0.3218 0.8932
vn -0.4462 -0.1505 0.8822
vn -0.3636 -0.1381 0.9212
vn 0.1507 0.5002 0.8527
vn 0.1661 0.5286 0.8324
vn 0.0415 0.5569 0.8296
vn 0.0478 0.5749 0.8168
vn 0.0738 0.5512 0.8310
vn 0.0721 0.5465 0.8343
vn 0.1066 0.5450 0.8316
vn 0.0988 0.5247 0.8455
vn 0.2616 0.4462 0.8558
vn 0.2661 0.4449 0.8551
vn 0.5300 0.0038 0.8480
vn 0.1767 -0.0064 0.9842
vn 0.3484 0.3641 0.8637
vn 0.3351 0.3359 0.8802
vn 0.4007 0.3045 0.8641
vn 0.3682 0.2638 0.8915
vn 0.4731 0.1965 0.8588
vn 0.4119 0.1511 0.8986
vn 0.0000 0.5925 0.8056
vn 0.0000 0.5751 0.8181
vn -0.0305 0.4772 0.8782
vn 0.0000 0.4576 0.8892
vn 0.0000 0.4429 0.8965
vn -0.0286 0.4620 0.8864
vn -0.0513 0.4914 0.8694
vn -0.0503 0.4861 0.8724
vn -0.0799 0.4990 0.8629
vn -0.0739 0.4803 0.8740
vn -0.1232 0.4817 0.8676
vn -0.1127 0.4621 0.8796
vn -0.1617 0.4627 0.8716
vn -0.1571 0.4395 0.8844
vn -0.2114 0.4183 0.8834
vn -0.1823 0.4301 0.8842
vn -0.1794 0.4272 0.8861
vn -0.2054 0.3803 0.9017
vn -0.2887 0.3594 0.8874
vn -0.4924 -0.0248 0.8700
vn -0.3546 0.2859 0.8902
vn -0.2881 0.3503 0.8912
vn -0.3283 0.2624 0.9074
vn -0.4294 0.2408 0.8704
vn -0.3977 0.2063 0.8940
vn 0.1410 -0.4735 0.8694
vn 0.1955 -0.4731 0.8590
vn 0.1927 -0.4752 0.8585
vn 0.1595 -0.5050 0.8482
vn 0.0399 -0.5582 0.8287
vn 0.0673 -0.5473 0.8342
vn 0.0689 -0.5520 0.8309
vn 0.0455 -0.5735 0.8179
vn 0.0918 -0.5226 0.8476
vn 0.0988 -0.5404 0.8356
vn 0.2371 -0.4415 0.8654
vn 0.2661 -0.4348 0.8603
vn 0.2660 -0.4459 0.8546
vn 0.2241 -0.4881 0.8435
vn 0.3351 -0.3370 0.8798
vn 0.3558 -0.2982 0.8857
vn 0.3706 -0.3211 0.8715
vn 0.3769 -0.2080 0.9026
vn 0.4278 -0.2497 0.8686
vn 0.0000 -0.5939 0.8045
vn 0.5371 -0.0034 0.8435
vn 0.0000 -0.5757 0.8177
vn 0.1915 0.1973 0.9614
vn 0.3614 0.2648 0.8940
vn 0.4660 0.0851 0.8806
vn 0.3929 0.0944 0.9147
vn 0.4115 -0.0971 0.9062
vn 0.4788 -0.1103 0.8709
vn 0.4309 0.0215 0.9021
vn 0.5002 0.0438 0.8648
vn -0.4770 -0.0275 0.8784
vn -0.4300 -0.0411 0.9019
vn -0.4987 0.1077 0.8600
vn -0.4131 0.0819 0.9070
vn 0.4394 -0.0030 0.8983
vn 0.4748 -0.0035 0.8801
vn 0.4653 -0.0919 0.8803
vn 0.3928 -0.0996 0.9142
vn 0.1981 -0.2012 0.9593
vn 0.3632 -0.2640 0.8935
vn 0.0036 0.3174 0.9483
vn -0.0007 -0.2205 0.9754
vn 0.0139 -0.4965 0.8679
vn -0.1834 -0.0064 0.9830
vn -0.4849 -0.0421 0.8735
vn -0.0041 0.3688 0.9295
vn -0.3348 0.3683 0.8673
vn -0.4422 0.4362 0.7837
vn -0.0028 0.6156 0.7880
vn 0.2281 0.2500 0.9410
vn -0.1285 0.5271 0.8400
vn -0.1757 0.6453 0.7434
vn 0.4711 0.5195 0.7128
vn 0.5612 -0.0380 0.8268
vn 0.6445 -0.0536 0.7627
vn 0.5054 -0.2105 0.8368
vn -0.4783 0.1923 0.8568
vn 0.4501 -0.3716 0.8119
vn -0.5384 0.0427 0.8416
vn 0.3703 -0.4706 0.8009
vn -0.4884 -0.1216 0.8641
vn 0.0356 -0.4404 0.8971
vn -0.2663 -0.3280 0.9063
vn 0.5709 -0.2485 0.7825
vn -0.5536 0.3585 0.7516
vn -0.6866 0.0204 0.7268
vn -0.4519 -0.4811 0.7512
vn -0.3449 0.5511 0.7598
vn -0.4651 0.4888 0.7381
vn 0.3973 -0.4971 0.7713
vn 0.5007 -0.4136 0.7604
vn -0.5891 -0.1286 0.7977
vn -0.4302 -0.4619 0.7756
vn -0.0104 -0.5796 0.8148
vn -0.5660 0.2186 0.7949
vn -0.5901 0.0490 0.8058
vn 0.0825 -0.6826 0.7261
vn -0.4519 -0.0023 0.8921
vn -0.3314 -0.3546 0.8743
vn -0.3286 0.5325 0.7801
vn -0.4122 0.4373 0.7992
vn -0.5190 0.3311 0.7880
vn -0.0073 -0.4490 0.8935
vn 0.4370 0.4192 0.7958
vn 0.3245 0.3354 0.8844
vn -0.2277 0.2423 0.9431
vn -0.4917 0.5182 0.6997
vn 0.1726 0.6424 0.7466
vn 0.1285 0.5300 0.8382
vn -0.6167 -0.0430 0.7860
vn -0.6805 -0.0549 0.7307
vn -0.5318 -0.2160 0.8188
vn 0.4895 0.1772 0.8538
vn 0.5388 0.0378 0.8415
vn -0.4799 -0.4053 0.7781
vn -0.4079 -0.4897 0.7705
vn 0.5069 -0.0979 0.8564
vn 0.2464 -0.2628 0.9328
vn -0.0530 -0.4341 0.8993
vn -0.6100 -0.2553 0.7501
vn 0.5246 0.3512 0.7755
vn 0.4059 -0.4794 0.7781
vn 0.6357 0.0319 0.7712
vn 0.3362 0.5413 0.7707
vn 0.4542 0.4722 0.7554
vn -0.4330 -0.5060 0.7459
vn -0.5304 -0.4359 0.7271
vn 0.5828 -0.0980 0.8067
vn 0.4048 -0.4386 0.8023
vn 0.5676 0.1968 0.7994
vn 0.5906 0.0436 0.8058
vn -0.1159 -0.6813 0.7228
vn 0.3916 0.0031 0.9201
vn 0.3052 -0.3256 0.8948
vn 0.3193 0.5166 0.7944
vn 0.4051 0.4161 0.8141
vn 0.4984 0.3277 0.8026
vn -0.2273 0.3787 0.8972
vn -0.1931 0.2986 0.9346
vn -0.4288 0.2091 0.8789
vn -0.2886 0.1726 0.9417
vn 0.0000 -0.4646 0.8855
vn 0.0830 -0.4414 0.8934
vn 0.1199 -0.4997 0.8578
vn 0.0000 -0.5000 0.8660
vn 0.2142 -0.3805 0.8996
vn 0.2721 -0.4473 0.8520
vn 0.3351 -0.2179 0.9166
vn 0.4727 -0.2693 0.8390
vn 0.5352 0.0178 0.8445
vn 0.4134 0.0020 0.9105
vn -0.4023 -0.0191 0.9153
vn -0.5132 -0.0221 0.8579
vn 0.1174 -0.3762 0.9190
vn 0.1266 -0.4649 0.8762
vn 0.0000 -0.4745 0.8802
vn 0.0000 -0.4305 0.9026
vn 0.3165 0.0031 0.9485
vn 0.4585 0.0060 0.8886
vn 0.3509 -0.3247 0.8783
vn 0.2412 -0.1982 0.9500
vn 0.0000 0.4254 0.9050
vn 0.0000 0.4790 0.8778
vn 0.1362 0.4630 0.8758
vn 0.1245 0.3761 0.9181
vn 0.2464 0.2033 0.9476
vn 0.3499 0.3264 0.8780
vn 0.4579 0.0131 0.8889
vn -0.6713 0.0937 0.7352
vn -0.0943 0.3769 0.9214
vn -0.2871 -0.3753 0.8813
vn -0.0000 -0.4093 0.9124
vn 0.1242 0.4224 0.8979
vn 0.0000 0.4525 0.8917
vn -0.6095 0.2612 0.7485
vn 0.4820 -0.0540 0.8744
vn -0.6145 0.2633 0.7437
vn -0.5398 0.4030 0.7391
vn 0.5433 0.1272 0.8299
vn 0.3939 0.4603 0.7956
vn -0.3229 -0.3369 0.8845
vn 0.4341 -0.5240 0.7328
vn 0.5150 0.0476 0.8558
vn -0.5567 -0.3262 0.7639
vn -0.7029 0.0172 0.7111
vn -0.2122 -0.5145 0.8308
vn -0.2442 -0.4444 0.8618
vn 0.3055 0.3329 0.8921
vn -0.4040 -0.3004 0.8640
vn 0.2111 0.4960 0.8423
vn -0.0327 -0.4776 0.8780
vn 0.0000 -0.4437 0.8961
vn -0.2522 -0.3303 0.9095
vn 0.0416 0.5569 0.8295
vn 0.4007 0.3046 0.8641
vn 0.4119 0.1512 0.8986
vn -0.0287 0.4621 0.8864
vn -0.2114 0.4183 0.8833
vn -0.1794 0.4273 0.8861
vn -0.2888 0.3594 0.8874
vn -0.4987 0.1077 0.8601
vn -0.4850 -0.0421 0.8735
vn -0.4421 0.4362 0.7837
vn -0.5536 0.3585 0.7517
vn -0.6866 0.0204 0.7267
vn 0.5007 -0.4136 0.7603
vn -0.5660 0.2185 0.7949
vn -0.4519 -0.0024 0.8921
vn -0.3286 0.5324 0.7801
vn -0.5318 -0.2161 0.8188
vn 0.0831 -0.4415 0.8934
vn 0.1199 -0.4996 0.8578
vn 0.2721 -0.4473 0.8519
vn 0.1178 -0.3763 0.9189
vn 0.1271 -0.4645 0.8764
vn 0.0008 -0.4746 0.8802
vn 0.0007 -0.4303 0.9026
vn 0.0002 0.4252 0.9051
vn 0.0003 0.4791 0.8777
vn 0.1364 0.4628 0.8759
vn 0.1247 0.3762 0.9181
vn 0.2465 0.2033 0.9476
vn -0.4579 0.0132 0.8889
vn -0.3192 -0.5276 0.7872
vn -0.1439 -0.5046 0.8513
vn -0.1670 -0.6349 0.7543
vn 0.5388 0.0591 0.8403
vn 0.6714 0.0937 0.7352
vn -0.1168 -0.4611 0.8796
vn -0.2087 -0.3785 0.9017
vn 0.0942 0.3768 0.9214
vn -0.2581 0.3594 0.8968
vn -0.1241 0.4224 0.8979
vn -0.4820 -0.0540 0.8744
vn 0.6145 0.2632 0.7437
vn 0.5398 0.4029 0.7391
vn -0.3939 0.4604 0.7956
vn -0.5473 -0.2193 0.8076
vn 0.3928 -0.0944 0.9147
vn -0.4341 -0.5240 0.7328
vn 0.5386 -0.0402 0.8415
vn 0.5567 -0.3262 0.7639
vn 0.7028 0.0172 0.7111
vn 0.4520 -0.4743 0.7554
vn 0.5904 -0.0463 0.8058
vn 0.5064 -0.2867 0.8132
vn 0.2451 -0.4836 0.8402
vn -0.0338 0.4597 0.8874
vn -0.2761 0.2882 0.9169
vn -0.3055 0.3329 0.8921
vn 0.2629 0.3047 0.9154
vn -0.0086 0.4929 0.8700
vn -0.4495 -0.0742 0.8901
vn 0.4920 -0.0282 0.8701
vn -0.4636 0.0456 0.8848
vn 0.0327 -0.4776 0.8779
vn 0.2522 -0.3303 0.9095
vn -0.0415 0.5569 0.8295
vn 0.0286 0.4620 0.8864
vn 0.2888 0.3594 0.8874
vn -0.0399 -0.5582 0.8287
vn -0.0455 -0.5735 0.8179
vn 0.4986 0.1077 0.8601
vn 0.4850 -0.0421 0.8735
vn 0.4421 0.4362 0.7837
vn -0.5612 -0.0380 0.8268
vn 0.5384 0.0427 0.8415
vn -0.4501 -0.3716 0.8119
vn -0.3973 -0.4971 0.7713
vn 0.5318 -0.2161 0.8188
vn -0.5388 0.0378 0.8415
vn -0.1199 -0.4997 0.8578
vn -0.0830 -0.4414 0.8934
vn -0.1174 -0.3762 0.9190
vn -0.1266 -0.4649 0.8762
vn -0.1245 0.3761 0.9181
vn -0.1362 0.4630 0.8758
vn -0.2465 0.2033 0.9476
vn 0.3192 -0.5277 0.7872
vn -0.0284 0.4489 0.8931
vn -0.0266 0.4199 0.9072
vn -0.0309 -0.4091 0.9120
vn -0.0284 -0.3772 0.9257
vn -0.0767 0.5601 0.8248
vn 0.0483 0.4519 0.8907
vn 0.0537 0.5022 0.8630
vn 0.0000 -0.1662 0.9861
vn -0.4694 0.4918 0.7334
vn -0.4520 -0.4744 0.7554
vn -0.5904 -0.0463 0.8058
vn -0.5064 -0.2867 0.8132
vn 0.2760 0.2882 0.9169
vn 0.4495 -0.0742 0.8902
vn -0.4919 -0.0282 0.8701
vn -0.0139 -0.4437 0.8961
vn -0.0144 -0.4584 0.8886
vn 0.0220 0.5924 0.8054
vn 0.0214 0.5749 0.8179
vn -0.0143 0.4583 0.8886
vn -0.0138 0.4409 0.8974
vn -0.0287 0.4621 0.8863
vn 0.0398 -0.5582 0.8287
vn 0.0454 -0.5736 0.8179
vn 0.0230 -0.5957 0.8029
vn 0.0222 -0.5752 0.8177
vn 0.3928 0.0944 0.9147
vn 0.4712 0.5195 0.7128
vn -0.5384 0.0427 0.8415
vn -0.4651 0.4888 0.7380
vn -0.4519 -0.0024 0.8920
vn 0.5388 0.0378 0.8416
vn -0.1159 -0.6813 0.7227
vn 0.3052 -0.3257 0.8948
vn 0.0356 -0.4643 0.8849
vn 0.0383 -0.4996 0.8654
vn 0.0466 -0.4736 0.8795
vn 0.0422 -0.4289 0.9023
vn 0.0504 0.4244 0.9040
vn 0.0569 0.4792 0.8758
vn 0.6145 0.2633 0.7437
vn 0.4014 0.5252 0.7504
vn 0.4694 0.4918 0.7334
vn 0.5904 -0.0464 0.8058
vn 0.3977 0.2063 0.8939
vn -0.3929 0.0944 0.9147
vn -0.4712 0.5195 0.7128
vn 0.5536 0.3585 0.7516
vn 0.4519 -0.0023 0.8920
vn 0.4331 -0.5060 0.7459
vn 0.1159 -0.6813 0.7227
vn -0.3052 -0.3257 0.8948
vn -0.1172 -0.3761 0.9191
vn -0.1263 -0.4651 0.8762
vn -0.1361 0.4630 0.8758
usemtl None
s 1
f 35/1/1 28/2/2 76/3/3 46/4/4
f 31/5/5 46/4/4 45/6/6 33/7/7
f 1/8/8 163/9/8 160/10/9 13/11/9
f 15/12/10 159/13/10 162/14/11 2/15/11
f 45/6/6 44/16/12 77/17/13 33/7/7
f 7/18/10 5/19/10 20/20/11 21/21/11
f 5/19/10 3/22/10 19/23/11 20/20/11
f 9/24/9 10/25/14 24/26/8 23/27/8
f 8/28/9 9/24/9 23/27/8 22/29/8
f 242/30/15 263/31/16 408/32/17 409/33/18
f 156/34/19 519/35/20 408/32/17 263/31/16
f 77/17/13 44/16/12 519/35/20 156/34/19
f 69/36/21 70/37/22 72/38/23 71/39/24
f 71/39/24 74/40/25 725/41/25 724/42/26
f 156/34/19 354/43/27 112/44/28 39/45/29
f 72/38/23 73/46/30 74/40/25 71/39/24
f 77/17/13 154/47/31 111/48/32 33/7/7
f 22/29/8 1/8/8 13/11/9 8/28/9
f 3/22/10 15/12/10 2/15/11 19/23/11
f 70/37/22 75/49/33 73/46/30 72/38/23
f 25/50/34 104/51/35 154/47/31 77/17/13
f 721/52/36 69/36/21 71/39/24 724/42/26
f 146/53/37 145/54/38 143/55/39 144/56/40
f 790/57/41 725/41/25 74/40/25 143/55/39
f 61/58/42 134/59/43 988/60/44 899/61/45
f 60/62/46 133/63/47 134/59/43 61/58/42
f 59/64/48 132/65/49 133/63/47 60/62/46
f 58/66/50 131/67/51 132/65/49 59/64/48
f 57/68/52 114/69/53 131/67/51 58/66/50
f 55/70/54 129/71/55 130/72/56 56/73/57
f 625/74/58 632/75/59 633/76/60 651/77/61
f 54/78/62 128/79/63 129/71/55 55/70/54
f 67/80/64 141/81/65 142/82/66 68/83/67
f 66/84/68 140/85/69 141/81/65 67/80/64
f 52/86/70 126/87/71 127/88/72 53/89/73
f 65/90/74 139/91/75 140/85/69 66/84/68
f 51/92/76 125/93/77 126/87/71 52/86/70
f 47/94/78 121/95/79 113/96/80 76/3/3
f 64/97/81 138/98/82 137/99/83 63/100/84
f 50/101/85 124/102/86 123/103/87 49/104/88
f 63/100/84 137/99/83 136/105/89 62/106/90
f 49/104/88 123/103/87 122/107/91 48/108/92
f 62/106/90 136/105/89 135/109/93 646/110/94
f 48/108/92 122/107/91 121/95/79 47/94/78
f 46/4/4 120/111/95 119/112/96 45/6/6
f 45/6/6 119/112/96 118/113/97 44/16/12
f 43/114/98 117/115/99 116/116/100 42/117/101
f 42/117/101 116/116/100 115/118/102 41/119/103
f 17/120/104 93/121/104 91/122/104 18/123/104
f 14/124/105 92/125/105 93/121/104 17/120/104
f 16/126/106 90/127/106 84/128/106 4/129/106
f 18/123/104 91/122/104 79/130/105 11/131/105
f 25/50/34 77/17/13 156/34/19 39/45/29
f 34/132/107 25/50/34 39/45/29 37/133/108
f 37/133/108 38/134/109 27/135/110 34/132/107
f 26/136/111 27/135/110 38/134/109 40/137/112
f 40/137/112 36/138/113 30/139/114 26/136/111
f 81/140/115 84/128/106 90/127/106 82/141/115
f 86/142/116 91/122/104 93/121/104 87/143/116
f 78/144/116 266/145/116 269/146/105 79/130/105
f 89/147/106 345/148/106 271/149/115 80/150/115
f 87/143/116 93/121/104 92/125/105 88/151/117
f 103/152/118 110/153/25 154/47/31 104/51/35
f 105/154/119 101/155/25 97/156/120 96/157/121
f 99/158/122 110/153/25 102/159/25 100/160/123
f 94/161/124 101/155/25 102/159/25 95/162/125
f 109/163/126 157/164/25 158/165/127 106/166/128
f 107/167/129 352/168/25 355/169/25 108/170/130
f 111/48/32 154/47/31 110/153/25 99/158/122
f 95/162/125 102/159/25 110/153/25 103/152/118
f 98/171/131 97/156/120 101/155/25 94/161/124
f 100/160/123 102/159/25 101/155/25 105/154/119
f 108/170/130 355/169/25 157/164/25 109/163/126
f 112/44/28 354/43/27 352/168/25 107/167/129
f 83/172/115 85/173/106 84/128/106 81/140/115
f 90/127/106 89/147/106 80/150/115 82/141/115
f 86/142/116 78/144/116 79/130/105 91/122/104
f 1005/174/132 988/60/44 134/59/43 124/102/86
f 124/102/86 134/59/43 133/63/47 123/103/87
f 123/103/87 133/63/47 132/65/49 122/107/91
f 122/107/91 132/65/49 131/67/51 121/95/79
f 121/95/79 131/67/51 114/69/53 113/96/80
f 113/96/80 114/69/53 130/72/56 120/111/95
f 120/111/95 130/72/56 129/71/55 119/112/96
f 119/112/96 129/71/55 128/79/63 118/113/97
f 117/115/99 127/88/72 126/87/71 116/116/100
f 116/116/100 126/87/71 125/93/77 115/118/102
f 138/98/82 142/82/66 141/81/65 137/99/83
f 137/99/83 141/81/65 140/85/69 136/105/89
f 136/105/89 140/85/69 139/91/75 135/109/93
f 143/55/39 74/40/25 73/46/30 144/56/40
f 75/49/33 146/53/37 144/56/40 73/46/30
f 145/54/38 718/175/133 790/57/41 143/55/39
f 336/176/134 342/177/135 149/178/136 150/179/137
f 259/180/138 336/176/134 150/179/137 148/181/139
f 339/182/140 259/180/138 148/181/139 147/183/141
f 147/183/141 148/181/139 153/184/142 255/185/143
f 160/10/9 266/145/116 78/144/116 13/11/9
f 11/131/105 79/130/105 269/146/105 161/186/105
f 26/136/111 94/161/124 95/162/125 27/135/110
f 15/12/10 80/150/115 271/149/115 159/13/10
f 28/2/2 96/157/121 97/156/120 29/187/144
f 29/187/144 97/156/120 98/171/131 30/139/114
f 31/5/5 99/158/122 100/160/123 32/188/145
f 5/19/10 81/140/115 82/141/115 3/22/10
f 34/132/107 103/152/118 104/51/35 25/50/34
f 7/18/10 83/172/115 81/140/115 5/19/10
f 35/1/1 105/154/119 96/157/121 28/2/2
f 4/129/106 84/128/106 85/173/106 6/189/106
f 36/138/113 106/166/128 158/165/127 155/190/146
f 37/133/108 107/167/129 108/170/130 38/134/109
f 262/191/106 345/148/106 89/147/106 12/192/106
f 8/28/9 86/142/116 87/143/116 9/24/9
f 40/137/112 109/163/126 106/166/128 36/138/113
f 9/24/9 87/143/116 88/151/117 10/25/14
f 57/68/52 56/73/57 130/72/56 114/69/53
f 76/3/3 113/96/80 120/111/95 46/4/4
f 915/193/147 1005/174/132 124/102/86 50/101/85
f 33/7/7 111/48/32 99/158/122 31/5/5
f 27/135/110 95/162/125 103/152/118 34/132/107
f 30/139/114 98/171/131 94/161/124 26/136/111
f 32/188/145 100/160/123 105/154/119 35/1/1
f 38/134/109 108/170/130 109/163/126 40/137/112
f 39/45/29 112/44/28 107/167/129 37/133/108
f 12/192/106 89/147/106 90/127/106 16/126/106
f 3/22/10 82/141/115 80/150/115 15/12/10
f 13/11/9 78/144/116 86/142/116 8/28/9
f 232/194/148 233/195/149 314/196/150 313/197/151
f 148/181/139 150/179/137 252/198/152 153/184/142
f 150/179/137 149/178/136 258/199/153 252/198/152
f 164/200/8 199/201/9 160/10/9 163/9/8
f 201/202/10 165/203/11 162/14/11 159/13/10
f 251/204/154 152/205/155 153/184/142 252/198/152
f 187/206/10 215/207/11 214/208/11 175/209/10
f 175/209/10 214/208/11 213/210/11 173/211/10
f 173/211/10 213/210/11 212/212/11 172/213/10
f 1008/214/10 1010/215/11 218/216/11 193/217/10
f 172/213/10 212/212/11 211/218/11 170/219/10
f 193/217/10 218/216/11 217/220/11 191/221/10
f 170/219/10 211/218/11 210/222/11 168/223/10
f 191/221/10 217/220/11 216/224/11 189/225/10
f 189/225/10 216/224/11 215/207/11 187/206/10
f 168/223/10 210/222/11 209/226/11 166/227/10
f 180/228/9 223/229/8 224/230/8 181/231/9
f 185/232/9 228/233/8 1011/234/8 1007/235/9
f 179/236/9 222/237/8 223/229/8 180/228/9
f 184/238/9 227/239/8 228/233/8 185/232/9
f 178/240/9 221/241/8 222/237/8 179/236/9
f 177/242/9 220/243/8 221/241/8 178/240/9
f 183/244/9 226/245/8 227/239/8 184/238/9
f 176/246/9 219/247/8 220/243/8 177/242/9
f 182/248/9 225/249/8 226/245/8 183/244/9
f 181/231/9 224/230/8 225/249/8 182/248/9
f 250/250/156 151/251/157 152/205/155 251/204/154
f 900/252/158 799/253/159 151/251/157 250/250/156
f 230/254/160 231/255/161 312/256/162 311/257/163
f 257/258/164 251/204/154 252/198/152 258/199/153
f 347/259/165 229/260/166 310/261/167 350/262/168
f 256/263/169 250/250/156 251/204/154 257/258/164
f 908/264/170 900/252/158 250/250/156 256/263/169
f 156/34/19 248/265/171 333/266/172 354/43/27
f 255/185/143 153/184/142 152/205/155 254/267/173
f 263/31/16 242/30/15 332/268/174 346/269/175
f 219/247/8 176/246/9 199/201/9 164/200/8
f 166/227/10 209/226/11 165/203/11 201/202/10
f 254/267/173 152/205/155 151/251/157 253/270/176
f 234/271/177 263/31/16 346/269/175 325/272/178
f 338/273/179 335/274/180 991/275/181 995/276/182
f 337/277/183 260/278/184 335/274/180 338/273/179
f 336/176/134 259/180/138 260/278/184 337/277/183
f 261/279/106 174/280/106 294/281/106 334/282/106
f 205/283/105 206/284/105 307/285/105 309/286/105
f 200/287/105 205/283/105 309/286/105 308/288/105
f 204/289/106 167/290/106 276/291/106 306/292/106
f 197/293/104 200/287/105 308/288/105 265/294/104
f 206/284/105 194/295/105 268/296/105 307/285/105
f 234/271/177 248/265/171 156/34/19 263/31/16
f 243/297/185 246/298/186 248/265/171 234/271/177
f 246/298/186 243/297/185 236/299/187 247/300/188
f 235/301/189 249/302/190 247/300/188 236/299/187
f 249/302/190 235/301/189 239/303/191 245/304/192
f 285/305/116 286/306/116 296/307/105 304/308/104
f 273/309/115 274/310/115 306/292/106 276/291/106
f 292/311/116 1019/312/116 1020/313/105 272/314/105
f 282/315/116 283/316/116 309/286/105 307/285/105
f 267/317/116 268/296/105 269/146/105 266/145/116
f 305/318/106 270/319/115 271/149/115 345/148/106
f 283/316/116 284/320/116 308/288/105 309/286/105
f 289/321/116 291/322/116 288/323/105 290/324/105
f 311/257/163 498/325/25 351/326/25 314/196/150
f 313/197/151 349/327/25 350/262/168 310/261/167
f 324/328/193 325/272/178 346/269/175 331/329/25
f 326/330/194 317/331/195 318/332/196 322/333/25
f 320/334/197 321/335/198 323/336/25 331/329/25
f 315/337/199 316/338/200 323/336/25 322/333/25
f 330/339/201 327/340/202 158/165/127 157/164/25
f 328/341/203 329/342/204 355/169/25 352/168/25
f 312/256/162 353/343/205 498/325/25 311/257/163
f 314/196/150 351/326/25 349/327/25 313/197/151
f 332/268/174 320/334/197 331/329/25 346/269/175
f 316/338/200 324/328/193 331/329/25 323/336/25
f 319/344/206 315/337/199 322/333/25 318/332/196
f 321/335/198 326/330/194 322/333/25 323/336/25
f 329/342/204 330/339/201 157/164/25 355/169/25
f 333/266/172 328/341/203 352/168/25 354/43/27
f 275/345/115 273/309/115 276/291/106 277/346/106
f 306/292/106 274/310/115 270/319/115 305/318/106
f 278/347/115 275/345/115 277/346/106 279/348/106
f 280/349/115 278/347/115 279/348/106 334/282/106
f 282/315/116 307/285/105 268/296/105 267/317/116
f 291/322/116 292/311/116 272/314/105 288/323/105
f 280/349/115 334/282/106 294/281/106 281/350/115
f 294/281/106 295/351/106 298/352/115 281/350/115
f 284/320/116 264/353/116 265/294/104 308/288/105
f 297/354/115 298/352/115 295/351/106 299/355/106
f 300/356/115 297/354/115 299/355/106 301/357/106
f 302/358/115 300/356/115 301/357/106 303/359/106
f 264/353/116 285/305/116 304/308/104 265/294/104
f 286/306/116 287/360/116 293/361/105 296/307/105
f 1021/362/115 302/358/115 303/359/106 1023/363/106
f 287/360/116 289/321/116 290/324/105 293/361/105
f 344/364/207 338/273/179 995/276/182 1003/365/208
f 343/366/209 337/277/183 338/273/179 344/364/207
f 342/177/135 336/176/134 337/277/183 343/366/209
f 999/367/210 991/275/181 335/274/180 341/368/211
f 341/368/211 335/274/180 260/278/184 340/369/212
f 340/369/212 260/278/184 259/180/138 339/182/140
f 253/270/176 151/251/157 799/253/159 904/370/213
f 160/10/9 199/201/9 267/317/116 266/145/116
f 194/295/105 161/186/105 269/146/105 268/296/105
f 235/301/189 236/299/187 316/338/200 315/337/199
f 201/202/10 159/13/10 271/149/115 270/319/115
f 171/371/106 261/279/106 334/282/106 279/348/106
f 237/372/214 238/373/215 318/332/196 317/331/195
f 238/373/215 239/303/191 319/344/206 318/332/196
f 240/374/216 241/375/217 321/335/198 320/334/197
f 1009/376/105 202/377/105 272/314/105 1020/313/105
f 168/223/10 166/227/10 274/310/115 273/309/115
f 243/297/185 234/271/177 325/272/178 324/328/193
f 170/219/10 168/223/10 273/309/115 275/345/115
f 244/378/218 237/372/214 317/331/195 326/330/194
f 167/290/106 169/379/106 277/346/106 276/291/106
f 172/213/10 170/219/10 275/345/115 278/347/115
f 169/379/106 171/371/106 279/348/106 277/346/106
f 245/304/192 155/190/146 158/165/127 327/340/202
f 173/211/10 172/213/10 278/347/115 280/349/115
f 246/298/186 247/300/188 329/342/204 328/341/203
f 175/209/10 173/211/10 280/349/115 281/350/115
f 262/191/106 198/380/106 305/318/106 345/148/106
f 176/246/9 177/242/9 283/316/116 282/315/116
f 249/302/190 245/304/192 327/340/202 330/339/201
f 192/381/106 1014/382/106 1023/363/106 303/359/106
f 177/242/9 178/240/9 284/320/116 283/316/116
f 231/255/161 348/383/219 353/343/205 312/256/162
f 233/195/149 230/254/160 311/257/163 314/196/150
f 178/240/9 179/236/9 264/353/116 284/320/116
f 229/260/166 232/194/148 313/197/151 310/261/167
f 179/236/9 180/228/9 285/305/116 264/353/116
f 180/228/9 181/231/9 286/306/116 285/305/116
f 181/231/9 182/248/9 287/360/116 286/306/116
f 202/377/105 203/384/105 288/323/105 272/314/105
f 242/30/15 240/374/216 320/334/197 332/268/174
f 182/248/9 183/244/9 289/321/116 287/360/116
f 236/299/187 243/297/185 324/328/193 316/338/200
f 203/384/105 207/385/105 290/324/105 288/323/105
f 183/244/9 184/238/9 291/322/116 289/321/116
f 184/238/9 185/232/9 292/311/116 291/322/116
f 239/303/191 235/301/189 315/337/199 319/344/206
f 185/232/9 1007/235/9 1019/312/116 292/311/116
f 207/385/105 208/386/105 293/361/105 290/324/105
f 241/375/217 244/378/218 326/330/194 321/335/198
f 174/280/106 186/387/106 295/351/106 294/281/106
f 208/386/105 195/388/105 296/307/105 293/361/105
f 189/225/10 187/206/10 298/352/115 297/354/115
f 247/300/188 249/302/190 330/339/201 329/342/204
f 186/387/106 188/389/106 299/355/106 295/351/106
f 191/221/10 189/225/10 297/354/115 300/356/115
f 248/265/171 246/298/186 328/341/203 333/266/172
f 188/389/106 190/390/106 301/357/106 299/355/106
f 193/217/10 191/221/10 300/356/115 302/358/115
f 190/390/106 192/381/106 303/359/106 301/357/106
f 1008/214/10 193/217/10 302/358/115 1021/362/115
f 187/206/10 175/209/10 281/350/115 298/352/115
f 195/388/105 196/391/104 304/308/104 296/307/105
f 196/391/104 197/293/104 265/294/104 304/308/104
f 198/380/106 204/289/106 306/292/106 305/318/106
f 166/227/10 201/202/10 270/319/115 274/310/115
f 199/201/9 176/246/9 282/315/116 267/317/116
f 376/392/220 392/393/221 368/394/222 369/395/223
f 374/396/224 360/397/225 383/398/226 375/399/227
f 373/400/228 1044/401/229 1069/402/230 396/403/231
f 372/404/232 373/400/228 396/403/231 395/405/233
f 371/406/234 372/404/232 395/405/233 394/407/235
f 370/408/236 371/406/234 394/407/235 393/409/237
f 369/395/223 370/408/236 393/409/237 376/392/220
f 367/410/238 368/394/222 392/393/221 391/411/239
f 525/412/240 367/410/238 391/411/239 390/413/241
f 530/414/242 533/415/243 537/416/244 379/417/245
f 479/418/246 489/419/247 537/416/244 535/420/248
f 366/421/249 526/422/250 530/414/242 389/423/251
f 365/424/252 366/421/249 389/423/251 388/425/253
f 361/426/254 374/396/224 375/399/227 384/427/255
f 364/428/256 363/429/257 386/430/258 387/431/259
f 363/429/257 362/432/260 385/433/261 386/430/258
f 362/432/260 361/426/254 384/427/255 385/433/261
f 360/397/225 359/434/262 382/435/263 383/398/226
f 359/434/262 527/436/264 381/437/265 382/435/263
f 390/413/241 381/437/265 535/420/248 529/438/266
f 380/439/267 358/440/268 529/438/266 533/415/243
f 528/441/269 357/442/270 378/443/271 379/417/245
f 357/442/270 356/444/272 377/445/273 378/443/271
f 1070/446/274 387/431/259 396/403/231 1069/402/230
f 387/431/259 386/430/258 395/405/233 396/403/231
f 386/430/258 385/433/261 394/407/235 395/405/233
f 385/433/261 384/427/255 393/409/237 394/407/235
f 384/427/255 375/399/227 376/392/220 393/409/237
f 375/399/227 383/398/226 392/393/221 376/392/220
f 383/398/226 382/435/263 391/411/239 392/393/221
f 382/435/263 381/437/265 390/413/241 391/411/239
f 526/422/250 532/447/275 533/415/243 530/414/242
f 479/418/246 535/420/248 534/448/276 465/449/277
f 379/417/245 378/443/271 389/423/251 530/414/242
f 378/443/271 377/445/273 388/425/253 389/423/251
f 1045/450/278 364/428/256 387/431/259 1070/446/274
f 115/118/102 125/93/77 400/451/279 399/452/280
f 41/119/103 115/118/102 399/452/280 397/453/281
f 125/93/77 51/92/76 398/454/282 400/451/279
f 399/452/280 400/451/279 404/455/283 403/456/284
f 397/453/281 399/452/280 403/456/284 401/457/285
f 400/451/279 398/454/282 402/458/286 404/455/283
f 403/456/284 404/455/283 388/425/253 377/445/273
f 401/457/285 403/456/284 377/445/273 356/444/272
f 404/455/283 402/458/286 365/424/252 388/425/253
f 429/459/287 447/460/288 420/461/289 421/462/290
f 427/463/291 410/464/292 436/465/293 428/466/294
f 425/467/295 426/468/296 452/469/297 451/470/298
f 424/471/299 425/467/295 451/470/298 450/472/300
f 423/473/301 424/471/299 450/472/300 449/474/302
f 422/475/303 423/473/301 449/474/302 448/476/304
f 421/462/290 422/475/303 448/476/304 429/459/287
f 419/477/305 420/461/289 447/460/288 446/478/306
f 418/479/307 419/477/305 446/478/306 445/480/308
f 416/481/309 417/482/310 443/483/311 442/484/312
f 415/485/313 416/481/309 442/484/312 441/486/314
f 411/487/315 427/463/291 428/466/294 437/488/316
f 414/489/317 413/490/318 439/491/319 440/492/320
f 413/490/318 412/493/321 438/494/322 439/491/319
f 412/493/321 411/487/315 437/488/316 438/494/322
f 410/464/292 409/33/18 435/495/323 436/465/293
f 409/33/18 408/32/17 434/496/324 435/495/323
f 444/497/325 407/498/326 432/499/327 433/500/328
f 128/79/63 54/78/62 444/497/325 433/500/328
f 407/498/326 406/501/329 431/502/330 432/499/327
f 406/501/329 405/503/331 430/504/332 431/502/330
f 453/505/333 440/492/320 451/470/298 452/469/297
f 440/492/320 439/491/319 450/472/300 451/470/298
f 439/491/319 438/494/322 449/474/302 450/472/300
f 438/494/322 437/488/316 448/476/304 449/474/302
f 437/488/316 428/466/294 429/459/287 448/476/304
f 428/466/294 436/465/293 447/460/288 429/459/287
f 436/465/293 435/495/323 446/478/306 447/460/288
f 435/495/323 434/496/324 445/480/308 446/478/306
f 432/499/327 431/502/330 442/484/312 443/483/311
f 431/502/330 430/504/332 441/486/314 442/484/312
f 642/506/334 414/489/317 440/492/320 453/505/333
f 472/507/335 495/508/336 501/509/337 496/510/338
f 471/511/339 494/512/340 495/508/336 472/507/335
f 470/513/341 493/514/342 494/512/340 471/511/339
f 469/515/343 492/516/344 493/514/342 470/513/341
f 468/517/345 475/518/346 492/516/344 469/515/343
f 466/519/347 490/520/348 491/521/349 467/522/350
f 488/523/351 489/419/247 490/520/348 466/519/347
f 528/441/269 379/417/245 537/416/244 536/524/352
f 489/419/247 488/523/351 536/524/352 537/416/244
f 464/525/353 487/526/354 380/439/267 478/527/355
f 463/528/356 486/529/357 487/526/354 464/525/353
f 459/530/358 482/531/359 474/532/360 473/533/361
f 462/534/362 485/535/363 484/536/364 461/537/365
f 461/537/365 484/536/364 483/538/366 460/539/367
f 460/539/367 483/538/366 482/531/359 459/530/358
f 458/540/368 481/541/369 480/542/370 457/543/371
f 457/543/371 480/542/370 479/418/246 465/449/277
f 381/437/265 527/436/264 534/448/276 535/420/248
f 478/527/355 380/439/267 533/415/243 532/447/275
f 456/544/372 358/440/268 477/545/373 455/546/374
f 455/546/374 477/545/373 476/547/375 454/548/376
f 502/549/377 501/509/337 495/508/336 485/535/363
f 485/535/363 495/508/336 494/512/340 484/536/364
f 484/536/364 494/512/340 493/514/342 483/538/366
f 483/538/366 493/514/342 492/516/344 482/531/359
f 482/531/359 492/516/344 475/518/346 474/532/360
f 474/532/360 475/518/346 491/521/349 481/541/369
f 481/541/369 491/521/349 490/520/348 480/542/370
f 480/542/370 490/520/348 489/419/247 479/418/246
f 358/440/268 456/544/372 531/550/378 529/438/266
f 531/550/378 525/412/240 390/413/241 529/438/266
f 358/440/268 380/439/267 487/526/354 477/545/373
f 477/545/373 487/526/354 486/529/357 476/547/375
f 468/517/345 467/522/350 491/521/349 475/518/346
f 473/533/361 474/532/360 481/541/369 458/540/368
f 497/551/379 502/549/377 485/535/363 462/534/362
f 518/552/380 515/553/381 500/554/382 513/555/383
f 454/548/376 476/547/375 504/556/384 503/557/385
f 503/557/385 504/556/384 506/558/386 505/559/387
f 505/559/387 506/558/386 430/504/332 405/503/331
f 415/485/313 441/486/314 508/560/388 507/561/389
f 507/561/389 508/560/388 510/562/390 509/563/391
f 509/563/391 510/562/390 486/529/357 463/528/356
f 430/504/332 506/558/386 508/560/388 441/486/314
f 504/556/384 510/562/390 508/560/388 506/558/386
f 486/529/357 510/562/390 504/556/384 476/547/375
f 514/564/392 517/565/393 512/566/394 499/567/395
f 516/568/396 347/259/165 350/262/168 511/569/397
f 499/567/395 351/326/25 498/325/25 500/554/382
f 511/569/397 350/262/168 349/327/25 512/566/394
f 500/554/382 498/325/25 353/343/205 513/555/383
f 512/566/394 349/327/25 351/326/25 499/567/395
f 348/383/219 518/552/380 513/555/383 353/343/205
f 517/565/393 516/568/396 511/569/397 512/566/394
f 515/553/381 514/564/392 499/567/395 500/554/382
f 44/16/12 118/113/97 520/570/398 519/35/20
f 443/483/311 417/482/310 521/571/399 522/572/400
f 117/115/99 43/114/98 523/573/401 524/574/402
f 418/479/307 445/480/308 524/574/402 523/573/401
f 127/88/72 522/572/400 521/571/399 53/89/73
f 408/32/17 519/35/20 520/570/398 434/496/324
f 118/113/97 128/79/63 433/500/328 520/570/398
f 432/499/327 443/483/311 522/572/400 433/500/328
f 127/88/72 117/115/99 524/574/402 522/572/400
f 434/496/324 520/570/398 524/574/402 445/480/308
f 433/500/328 522/572/400 524/574/402 520/570/398
f 529/438/266 535/420/248 537/416/244 533/415/243
f 576/575/403 617/576/404 573/577/405 552/578/406
f 554/579/407 574/580/408 572/581/409 546/582/410
f 538/583/411 565/584/412 574/580/408 554/579/407
f 538/583/411 554/579/407 576/575/403 552/578/406
f 547/585/413 538/583/411 552/578/406 550/586/414
f 550/586/414 551/587/415 540/588/416 547/585/413
f 539/589/417 540/588/416 551/587/415 553/590/418
f 553/590/418 549/591/419 543/592/420 539/589/417
f 564/593/421 571/594/25 574/580/408 565/584/412
f 566/595/422 562/596/25 558/597/423 557/598/424
f 560/599/425 571/594/25 563/600/25 561/601/426
f 555/602/427 562/596/25 563/600/25 556/603/428
f 570/604/429 577/605/25 578/606/430 567/607/431
f 568/608/432 616/609/25 618/610/25 569/611/433
f 572/581/409 574/580/408 571/594/25 560/599/425
f 556/603/428 563/600/25 571/594/25 564/593/421
f 559/612/434 558/597/423 562/596/25 555/602/427
f 561/601/426 563/600/25 562/596/25 566/595/422
f 569/611/433 618/610/25 577/605/25 570/604/429
f 573/577/405 617/576/404 616/609/25 568/608/432
f 539/589/417 555/602/427 556/603/428 540/588/416
f 541/613/435 557/598/424 558/597/423 542/614/436
f 542/614/436 558/597/423 559/612/434 543/592/420
f 544/615/437 560/599/425 561/601/426 545/616/438
f 547/585/413 564/593/421 565/584/412 538/583/411
f 548/617/439 566/595/422 557/598/424 541/613/435
f 549/591/419 567/607/431 578/606/430 575/618/440
f 550/586/414 568/608/432 569/611/433 551/587/415
f 553/590/418 570/604/429 567/607/431 549/591/419
f 546/582/410 572/581/409 560/599/425 544/615/437
f 540/588/416 556/603/428 564/593/421 547/585/413
f 543/592/420 559/612/434 555/602/427 539/589/417
f 545/616/438 561/601/426 566/595/422 548/617/439
f 551/587/415 569/611/433 570/604/429 553/590/418
f 552/578/406 573/577/405 568/608/432 550/586/414
f 576/575/403 593/619/441 614/620/442 617/576/404
f 595/621/443 587/622/444 613/623/445 615/624/446
f 579/625/447 595/621/443 615/624/446 606/626/448
f 579/625/447 593/619/441 576/575/403 595/621/443
f 588/627/449 591/628/450 593/619/441 579/625/447
f 591/628/450 588/627/449 581/629/451 592/630/452
f 580/631/453 594/632/454 592/630/452 581/629/451
f 594/632/454 580/631/453 584/633/455 590/634/456
f 605/635/457 606/626/448 615/624/446 612/636/25
f 607/637/458 598/638/459 599/639/460 603/640/25
f 601/641/461 602/642/462 604/643/25 612/636/25
f 596/644/463 597/645/464 604/643/25 603/640/25
f 611/646/465 608/647/466 578/606/430 577/605/25
f 609/648/467 610/649/468 618/610/25 616/609/25
f 613/623/445 601/641/461 612/636/25 615/624/446
f 597/645/464 605/635/457 612/636/25 604/643/25
f 600/650/469 596/644/463 603/640/25 599/639/460
f 602/642/462 607/637/458 603/640/25 604/643/25
f 610/649/468 611/646/465 577/605/25 618/610/25
f 614/620/442 609/648/467 616/609/25 617/576/404
f 580/631/453 581/629/451 597/645/464 596/644/463
f 582/651/470 583/652/471 599/639/460 598/638/459
f 583/652/471 584/633/455 600/650/469 599/639/460
f 585/653/472 586/654/473 602/642/462 601/641/461
f 588/627/449 579/625/447 606/626/448 605/635/457
f 589/655/474 582/651/470 598/638/459 607/637/458
f 590/634/456 575/618/440 578/606/430 608/647/466
f 591/628/450 592/630/452 610/649/468 609/648/467
f 594/632/454 590/634/456 608/647/466 611/646/465
f 587/622/444 585/653/472 601/641/461 613/623/445
f 581/629/451 588/627/449 605/635/457 597/645/464
f 584/633/455 580/631/453 596/644/463 600/650/469
f 586/654/473 589/655/474 607/637/458 602/642/462
f 592/630/452 594/632/454 611/646/465 610/649/468
f 593/619/441 591/628/450 609/648/467 614/620/442
f 624/656/475 631/657/476 632/75/59 625/74/58
f 623/658/477 630/659/478 631/657/476 624/656/475
f 622/660/479 629/661/480 628/662/481 621/663/482
f 621/663/482 628/662/481 627/664/483 620/665/484
f 620/665/484 627/664/483 626/666/485 619/667/486
f 629/661/480 633/76/60 632/75/59 628/662/481
f 628/662/481 632/75/59 631/657/476 627/664/483
f 627/664/483 631/657/476 630/659/478 626/666/485
f 634/668/487 635/669/488 619/667/486 626/666/485
f 636/670/489 634/668/487 626/666/485 630/659/478
f 637/671/490 636/670/489 630/659/478 623/658/477
f 68/83/67 142/82/66 636/670/489 637/671/490
f 142/82/66 138/98/82 634/668/487 636/670/489
f 138/98/82 64/97/81 635/669/488 634/668/487
f 639/672/491 640/673/492 644/674/493 643/675/494
f 245/304/192 239/303/191 206/284/105 205/283/105
f 645/676/495 638/677/496 641/678/497 648/679/498
f 196/391/104 30/139/114 36/138/113 197/293/104
f 643/675/494 647/680/25 648/679/498 641/678/497
f 205/283/105 200/287/105 155/190/146 245/304/192
f 644/674/493 649/681/25 647/680/25 643/675/494
f 36/138/113 155/190/146 200/287/105 197/293/104
f 237/372/214 244/378/218 410/464/292 427/463/291
f 638/677/496 639/672/491 643/675/494 641/678/497
f 409/33/18 410/464/292 240/374/216 242/30/15
f 650/682/499 656/683/500 654/684/501 652/685/502
f 655/686/503 645/676/495 648/679/498 653/687/504
f 32/188/145 35/1/1 46/4/4
f 653/687/504 648/679/498 647/680/25 654/684/501
f 31/5/5 32/188/145 46/4/4
f 654/684/501 647/680/25 649/681/25 652/685/502
f 244/378/218 241/375/217 410/464/292
f 656/683/500 655/686/503 653/687/504 654/684/501
f 410/464/292 241/375/217 240/374/216
f 521/571/399 417/482/310 518/552/380 348/383/219
f 348/383/219 231/255/161 53/89/73 521/571/399
f 416/481/309 415/485/313 515/553/381 518/552/380
f 52/86/70 231/255/161 230/254/160 51/92/76
f 415/485/313 507/561/389 514/564/392 515/553/381
f 233/195/149 398/454/282 51/92/76 230/254/160
f 507/561/389 509/563/391 517/565/393 514/564/392
f 232/194/148 402/458/286 398/454/282 233/195/149
f 509/563/391 463/528/356 516/568/396 517/565/393
f 229/260/166 365/424/252 402/458/286 232/194/148
f 478/527/355 532/447/275 347/259/165 516/568/396
f 229/260/166 347/259/165 532/447/275 526/422/250
f 463/528/356 464/525/353 478/527/355 516/568/396
f 366/421/249 365/424/252 229/260/166 526/422/250
f 416/481/309 518/552/380 417/482/310
f 53/89/73 231/255/161 52/86/70
f 534/448/276 527/436/264 595/621/443 576/575/403
f 465/449/277 534/448/276 576/575/403 554/579/407
f 527/436/264 359/434/262 587/622/444 595/621/443
f 457/543/371 465/449/277 554/579/407 546/582/410
f 171/371/106 169/379/106 575/618/440 590/634/456
f 169/379/106 167/290/106 549/591/419 575/618/440
f 261/279/106 171/371/106 590/634/456 584/633/455
f 167/290/106 204/289/106 543/592/420 549/591/419
f 360/397/225 374/396/224 582/651/470 589/655/474
f 458/540/368 457/543/371 546/582/410 544/615/437
f 360/397/225 586/654/473 585/653/472
f 586/654/473 360/397/225 589/655/474
f 359/434/262 360/397/225 585/653/472 587/622/444
f 458/540/368 545/616/438 548/617/439
f 473/533/361 458/540/368 548/617/439 541/613/435
f 545/616/438 458/540/368 544/615/437
f 915/193/147 50/101/85 202/377/105 1009/376/105
f 50/101/85 49/104/88 203/384/105 202/377/105
f 49/104/88 48/108/92 207/385/105 203/384/105
f 48/108/92 47/94/78 208/386/105 207/385/105
f 47/94/78 76/3/3 195/388/105 208/386/105
f 29/187/144 30/139/114 196/391/104
f 28/2/2 29/187/144 76/3/3
f 14/124/105 17/120/104 414/489/317 642/506/334
f 17/120/104 18/123/104 413/490/318 414/489/317
f 18/123/104 11/131/105 412/493/321 413/490/318
f 11/131/105 161/186/105 411/487/315 412/493/321
f 161/186/105 194/295/105 427/463/291 411/487/315
f 238/373/215 206/284/105 239/303/191
f 237/372/214 427/463/291 238/373/215
f 427/463/291 194/295/105 206/284/105 238/373/215
f 76/3/3 29/187/144 196/391/104 195/388/105
f 1014/382/106 192/381/106 364/428/256 1045/450/278
f 192/381/106 190/390/106 363/429/257 364/428/256
f 190/390/106 188/389/106 362/432/260 363/429/257
f 188/389/106 186/387/106 361/426/254 362/432/260
f 186/387/106 174/280/106 374/396/224 361/426/254
f 261/279/106 584/633/455 583/652/471
f 4/129/106 6/189/106 497/551/379 462/534/362
f 16/126/106 4/129/106 462/534/362 461/537/365
f 12/192/106 16/126/106 461/537/365 460/539/367
f 262/191/106 12/192/106 460/539/367 459/530/358
f 198/380/106 262/191/106 459/530/358 473/533/361
f 542/614/436 473/533/361 541/613/435
f 374/396/224 583/652/471 582/651/470
f 174/280/106 261/279/106 583/652/471 374/396/224
f 543/592/420 204/289/106 542/614/436
f 204/289/106 198/380/106 473/533/361 542/614/436
f 146/53/37 75/49/33 147/183/141 255/185/143
f 75/49/33 70/37/22 339/182/140 147/183/141
f 254/267/173 146/53/37 255/185/143
f 904/370/213 718/175/133 145/54/38 253/270/176
f 253/270/176 145/54/38 146/53/37 254/267/173
f 69/36/21 721/52/36 999/367/210 341/368/211
f 70/37/22 69/36/21 341/368/211 340/369/212
f 340/369/212 339/182/140 70/37/22
f 68/83/67 637/671/490 645/676/495 655/686/503
f 637/671/490 623/658/477 638/677/496 645/676/495
f 651/77/61 640/673/492 639/672/491 625/74/58
f 650/682/499 65/90/74 66/84/68 656/683/500
f 66/84/68 67/80/64 655/686/503 656/683/500
f 624/656/475 625/74/58 639/672/491 638/677/496
f 624/656/475 638/677/496 623/658/477
f 68/83/67 655/686/503 67/80/64
f 472/507/335 496/510/338 622/660/479 621/663/482
f 425/467/295 62/106/90 646/110/94 426/468/296
f 63/100/84 62/106/90 425/467/295 424/471/299
f 471/511/339 472/507/335 621/663/482 620/665/484
f 356/444/272 619/667/486 635/669/488 401/457/285
f 401/457/285 635/669/488 64/97/81 397/453/281
f 356/444/272 357/442/270 620/665/484 619/667/486
f 63/100/84 41/119/103 397/453/281 64/97/81
f 258/199/153 149/178/136 505/559/387 405/503/331
f 149/178/136 342/177/135 503/557/385 505/559/387
f 342/177/135 343/366/209 454/548/376 503/557/385
f 257/258/164 258/199/153 405/503/331 406/501/329
f 61/58/42 899/61/45 908/264/170 256/263/169
f 60/62/46 61/58/42 256/263/169 257/258/164
f 344/364/207 1003/365/208 1044/401/229 373/400/228
f 343/366/209 344/364/207 373/400/228 372/404/232
f 367/410/238 525/412/240 456/544/372 455/546/374
f 368/394/222 367/410/238 455/546/374 454/548/376
f 531/550/378 456/544/372 525/412/240
f 536/524/352 488/523/351 528/441/269
f 357/442/270 528/441/269 488/523/351 466/519/347
f 470/513/341 471/511/339 620/665/484
f 371/406/234 343/366/209 372/404/232
f 444/497/325 54/78/62 407/498/326
f 54/78/62 55/70/54 406/501/329 407/498/326
f 523/573/401 43/114/98 418/479/307
f 43/114/98 42/117/101 419/477/305 418/479/307
f 42/117/101 41/119/103 420/461/289 419/477/305
f 421/462/290 420/461/289 41/119/103
f 257/258/164 59/64/48 60/62/46
f 257/258/164 58/66/50 59/64/48
f 57/68/52 58/66/50 257/258/164 406/501/329
f 56/73/57 57/68/52 406/501/329
f 55/70/54 56/73/57 406/501/329
f 422/475/303 421/462/290 41/119/103 63/100/84
f 423/473/301 422/475/303 63/100/84
f 424/471/299 423/473/301 63/100/84
f 369/395/223 368/394/222 454/548/376
f 371/406/234 370/408/236 343/366/209
f 466/519/347 467/522/350 357/442/270
f 467/522/350 468/517/345 357/442/270
f 468/517/345 469/515/343 620/665/484 357/442/270
f 469/515/343 470/513/341 620/665/484
f 369/395/223 454/548/376 343/366/209 370/408/236
f 685/688/505 696/689/506 729/690/507 678/691/508
f 681/692/509 683/693/510 695/694/511 696/689/506
f 657/695/8 666/696/9 809/697/9 812/698/8
f 667/699/10 658/700/11 811/701/11 808/702/10
f 695/694/511 683/693/510 730/703/512 694/704/513
f 1955/705/10 1969/706/11 672/707/11 661/708/10
f 661/708/10 672/707/11 671/709/11 659/710/10
f 663/711/9 674/712/8 1972/713/8 1958/714/9
f 662/715/9 673/716/8 674/712/8 663/711/9
f 891/717/514 1083/718/515 1082/719/516 917/720/517
f 805/721/518 917/720/517 1082/719/516 1186/722/519
f 730/703/512 805/721/518 1186/722/519 694/704/513
f 719/723/520 722/724/521 723/725/522 720/726/523
f 722/724/521 724/42/26 725/41/25 727/727/25
f 805/721/518 689/728/524 761/729/525 1024/730/526
f 723/725/522 722/724/521 727/727/25 726/731/527
f 730/703/512 683/693/510 760/732/528 803/733/529
f 673/716/8 662/715/9 666/696/9 657/695/8
f 659/710/10 671/709/11 658/700/11 667/699/10
f 720/726/523 723/725/522 726/731/527 728/734/530
f 675/735/531 730/703/512 803/733/529 753/736/532
f 721/52/36 724/42/26 722/724/521 719/723/520
f 794/737/533 792/738/534 791/739/535 793/740/536
f 790/57/41 791/739/535 727/727/25 725/41/25
f 711/741/537 899/61/45 988/60/44 783/742/538
f 710/743/539 711/741/537 783/742/538 782/744/540
f 709/745/541 710/743/539 782/744/540 781/746/542
f 708/747/543 709/745/541 781/746/542 780/748/544
f 707/749/545 708/747/543 780/748/544 763/750/546
f 705/751/547 706/752/548 779/753/549 778/754/550
f 1291/755/551 2630/756/552 2612/757/553 1297/758/554
f 704/759/555 705/751/547 778/754/550 777/760/556
f 716/761/557 717/762/558 789/763/559 788/764/560
f 715/765/561 716/761/557 788/764/560 787/766/562
f 702/767/563 703/768/564 776/769/565 775/770/312
f 2013/771/566 715/765/561 787/766/562 2091/772/567
f 701/773/568 702/767/563 775/770/312 774/774/569
f 697/775/570 729/690/507 762/776/571 770/777/572
f 714/778/573 713/779/574 785/780/575 786/781/576
f 700/782/577 699/783/578 772/784/579 773/785/580
f 713/779/574 712/786/581 784/787/582 785/780/575
f 699/783/578 698/788/583 771/789/584 772/784/579
f 712/786/581 2625/790/585 2087/791/586 784/787/582
f 698/788/583 697/775/570 770/777/572 771/789/584
f 696/689/506 695/694/511 768/792/587 769/793/588
f 695/694/511 694/704/513 767/794/589 768/792/587
f 693/795/590 692/796/591 765/797/592 766/798/593
f 692/796/591 691/799/594 764/800/595 765/797/592
f 669/801/105 670/802/105 741/803/105 742/804/105
f 1962/805/105 669/801/105 742/804/105 2044/806/105
f 668/807/106 660/808/106 736/809/106 740/810/106
f 670/802/105 664/811/105 732/812/105 741/803/105
f 675/735/531 689/728/524 805/721/518 730/703/512
f 684/813/596 687/814/597 689/728/524 675/735/531
f 687/814/597 684/813/596 677/815/598 688/816/599
f 676/817/600 690/818/601 688/816/599 677/815/598
f 690/818/601 676/817/600 680/819/602 686/820/603
f 734/821/115 735/822/115 740/810/106 736/809/106
f 737/823/116 738/824/116 742/804/105 741/803/105
f 731/825/116 732/812/105 923/826/105 920/827/116
f 739/828/106 733/829/115 925/830/115 1004/831/106
f 738/824/116 2040/832/116 2044/806/105 742/804/105
f 752/833/604 753/736/532 803/733/529 759/834/25
f 754/835/605 745/836/606 746/837/607 750/838/25
f 748/839/608 749/840/609 751/841/25 759/834/25
f 743/842/610 744/843/611 751/841/25 750/838/25
f 758/844/612 755/845/613 807/846/614 806/847/25
f 756/848/615 757/849/616 1025/850/25 1018/851/25
f 760/732/528 748/839/608 759/834/25 803/733/529
f 744/843/611 752/833/604 759/834/25 751/841/25
f 747/852/617 743/842/610 750/838/25 746/837/607
f 749/840/609 754/835/605 750/838/25 751/841/25
f 757/849/616 758/844/612 806/847/25 1025/850/25
f 761/729/525 756/848/615 1018/851/25 1024/730/526
f 2035/853/115 734/821/115 736/809/106 2037/854/106
f 740/810/106 735/822/115 733/829/115 739/828/106
f 737/823/116 741/803/105 732/812/105 731/825/116
f 1005/174/132 773/785/580 783/742/538 988/60/44
f 773/785/580 772/784/579 782/744/540 783/742/538
f 772/784/579 771/789/584 781/746/542 782/744/540
f 771/789/584 770/777/572 780/748/544 781/746/542
f 770/777/572 762/776/571 763/750/546 780/748/544
f 762/776/571 769/793/588 779/753/549 763/750/546
f 769/793/588 768/792/587 778/754/550 779/753/549
f 768/792/587 767/794/589 777/760/556 778/754/550
f 766/798/593 765/797/592 775/770/312 776/769/565
f 765/797/592 764/800/595 774/774/569 775/770/312
f 786/781/576 785/780/575 788/764/560 789/763/559
f 785/780/575 784/787/582 787/766/562 788/764/560
f 784/787/582 2087/791/586 2091/772/567 787/766/562
f 791/739/535 792/738/534 726/731/527 727/727/25
f 728/734/530 726/731/527 792/738/534 794/737/533
f 793/740/536 791/739/535 790/57/41 718/175/133
f 992/855/618 798/856/619 797/857/620 1000/858/621
f 912/859/622 796/860/623 798/856/619 992/855/618
f 996/861/624 795/862/625 796/860/623 912/859/622
f 795/862/625 907/863/626 802/864/627 796/860/623
f 809/697/9 666/696/9 731/825/116 920/827/116
f 664/811/105 810/865/105 923/826/105 732/812/105
f 676/817/600 677/815/598 744/843/611 743/842/610
f 667/699/10 808/702/10 925/830/115 733/829/115
f 678/691/508 679/866/628 746/837/607 745/836/606
f 679/866/628 680/819/602 747/852/617 746/837/607
f 681/692/509 682/867/629 749/840/609 748/839/608
f 661/708/10 659/710/10 735/822/115 734/821/115
f 684/813/596 675/735/531 753/736/532 752/833/604
f 1955/705/10 661/708/10 734/821/115 2035/853/115
f 685/688/505 678/691/508 745/836/606 754/835/605
f 660/808/106 1954/868/106 2037/854/106 736/809/106
f 686/820/603 804/869/630 807/846/614 755/845/613
f 687/814/597 688/816/599 757/849/616 756/848/615
f 916/870/106 665/871/106 739/828/106 1004/831/106
f 662/715/9 663/711/9 738/824/116 737/823/116
f 690/818/601 686/820/603 755/845/613 758/844/612
f 663/711/9 1958/714/9 2040/832/116 738/824/116
f 707/749/545 763/750/546 779/753/549 706/752/548
f 729/690/507 696/689/506 769/793/588 762/776/571
f 915/193/147 700/782/577 773/785/580 1005/174/132
f 683/693/510 681/692/509 748/839/608 760/732/528
f 677/815/598 684/813/596 752/833/604 744/843/611
f 680/819/602 676/817/600 743/842/610 747/852/617
f 682/867/629 685/688/505 754/835/605 749/840/609
f 688/816/599 690/818/601 758/844/612 757/849/616
f 689/728/524 687/814/597 756/848/615 761/729/525
f 665/871/106 668/807/106 740/810/106 739/828/106
f 659/710/10 667/699/10 733/829/115 735/822/115
f 666/696/9 662/715/9 737/823/116 731/825/116
f 881/872/631 967/873/632 968/874/633 882/875/634
f 796/860/623 802/864/627 903/876/635 798/856/619
f 798/856/619 903/876/635 911/877/636 797/857/620
f 813/878/8 812/698/8 809/697/9 848/879/9
f 850/880/10 808/702/10 811/701/11 814/881/11
f 902/882/637 903/876/635 802/864/627 801/883/638
f 836/884/10 824/885/10 863/886/11 864/887/11
f 824/885/10 822/888/10 862/889/11 863/886/11
f 822/888/10 821/890/10 861/891/11 862/889/11
f 1008/214/10 842/892/10 867/893/11 1010/215/11
f 821/890/10 819/894/10 860/895/11 861/891/11
f 842/892/10 840/896/10 866/897/11 867/893/11
f 819/894/10 817/898/10 859/899/11 860/895/11
f 840/896/10 838/900/10 865/901/11 866/897/11
f 838/900/10 836/884/10 864/887/11 865/901/11
f 817/898/10 815/902/10 858/903/11 859/899/11
f 829/904/9 830/905/9 873/906/8 872/907/8
f 834/908/9 1007/235/9 1011/234/8 877/909/8
f 828/910/9 829/904/9 872/907/8 871/911/8
f 833/912/9 834/908/9 877/909/8 876/913/8
f 827/914/9 828/910/9 871/911/8 870/915/8
f 826/916/9 827/914/9 870/915/8 869/917/8
f 832/918/9 833/912/9 876/913/8 875/919/8
f 825/920/9 826/916/9 869/917/8 868/921/8
f 831/922/9 832/918/9 875/919/8 874/923/8
f 830/905/9 831/922/9 874/923/8 873/906/8
f 901/924/639 902/882/637 801/883/638 800/925/640
f 900/252/158 901/924/639 800/925/640 799/253/159
f 879/926/641 965/927/642 966/928/643 880/929/644
f 910/930/645 911/877/636 903/876/635 902/882/637
f 1012/931/646 1016/932/647 964/933/648 878/934/649
f 909/935/650 910/930/645 902/882/637 901/924/639
f 908/264/170 909/935/650 901/924/639 900/252/158
f 805/721/518 1024/730/526 987/936/651 897/937/652
f 907/863/626 906/938/653 801/883/638 802/864/627
f 917/720/517 1006/939/654 986/940/655 891/717/514
f 868/921/8 813/878/8 848/879/9 825/920/9
f 815/902/10 850/880/10 814/881/11 858/903/11
f 906/938/653 905/941/656 800/925/640 801/883/638
f 883/942/657 979/943/658 1006/939/654 917/720/517
f 994/944/659 995/276/182 991/275/181 990/945/660
f 993/946/661 994/944/659 990/945/660 913/947/662
f 992/855/618 993/946/661 913/947/662 912/859/622
f 914/948/106 989/949/106 948/950/106 823/951/106
f 854/952/105 963/953/105 961/954/104 855/955/104
f 849/956/105 962/957/105 963/953/105 854/952/105
f 853/958/106 960/959/106 930/960/106 816/961/106
f 846/962/104 919/963/104 962/957/105 849/956/105
f 855/955/104 961/954/104 922/964/105 843/965/105
f 883/942/657 917/720/517 805/721/518 897/937/652
f 892/966/663 883/942/657 897/937/652 895/967/664
f 895/967/664 896/968/665 885/969/666 892/966/663
f 884/970/667 885/969/666 896/968/665 898/971/668
f 898/971/668 894/972/669 888/973/670 884/970/667
f 939/974/116 958/975/105 950/976/105 940/977/116
f 927/978/115 930/960/106 960/959/106 928/979/115
f 946/980/116 926/981/105 1020/313/105 1019/312/116
f 936/982/116 961/954/104 963/953/105 937/983/116
f 921/984/116 920/827/116 923/826/105 922/964/105
f 959/985/106 1004/831/106 925/830/115 924/986/115
f 937/983/116 963/953/105 962/957/105 938/987/116
f 943/988/116 944/989/105 942/990/105 945/991/116
f 965/927/642 968/874/633 1017/992/25 1167/993/25
f 967/873/632 964/933/648 1016/932/647 1015/994/25
f 978/995/671 985/996/25 1006/939/654 979/943/658
f 980/997/672 976/998/25 972/999/673 971/1000/674
f 974/1001/675 985/996/25 977/1002/25 975/1003/676
f 969/1004/677 976/998/25 977/1002/25 970/1005/678
f 984/1006/679 806/847/25 807/846/614 981/1007/680
f 982/1008/681 1018/851/25 1025/850/25 983/1009/682
f 966/928/643 965/927/642 1167/993/25 1022/1010/683
f 968/874/633 967/873/632 1015/994/25 1017/992/25
f 986/940/655 1006/939/654 985/996/25 974/1001/675
f 970/1005/678 977/1002/25 985/996/25 978/995/671
f 973/1011/684 972/999/673 976/998/25 969/1004/677
f 975/1003/676 977/1002/25 976/998/25 980/997/672
f 983/1009/682 1025/850/25 806/847/25 984/1006/679
f 987/936/651 1024/730/526 1018/851/25 982/1008/681
f 929/1012/115 931/1013/106 930/960/106 927/978/115
f 960/959/106 959/985/106 924/986/115 928/979/115
f 932/1014/115 933/1015/106 931/1013/106 929/1012/115
f 934/1016/115 989/949/106 933/1015/106 932/1014/115
f 936/982/116 921/984/116 922/964/105 961/954/104
f 945/991/116 942/990/105 926/981/105 946/980/116
f 934/1016/115 935/1017/115 948/950/106 989/949/106
f 948/950/106 935/1017/115 952/1018/115 949/1019/106
f 938/987/116 962/957/105 919/963/104 918/1020/116
f 951/1021/115 953/1022/106 949/1019/106 952/1018/115
f 954/1023/115 955/1024/106 953/1022/106 951/1021/115
f 956/1025/115 957/1026/106 955/1024/106 954/1023/115
f 918/1020/116 919/963/104 958/975/105 939/974/116
f 940/977/116 950/976/105 947/1027/104 941/1028/116
f 1021/362/115 1023/363/106 957/1026/106 956/1025/115
f 941/1028/116 947/1027/104 944/989/105 943/988/116
f 1002/1029/685 1003/365/208 995/276/182 994/944/659
f 1001/1030/686 1002/1029/685 994/944/659 993/946/661
f 1000/858/621 1001/1030/686 993/946/661 992/855/618
f 999/367/210 998/1031/687 990/945/660 991/275/181
f 998/1031/687 997/1032/688 913/947/662 990/945/660
f 997/1032/688 996/861/624 912/859/622 913/947/662
f 905/941/656 904/370/213 799/253/159 800/925/640
f 809/697/9 920/827/116 921/984/116 848/879/9
f 843/965/105 922/964/105 923/826/105 810/865/105
f 884/970/667 969/1004/677 970/1005/678 885/969/666
f 850/880/10 924/986/115 925/830/115 808/702/10
f 820/1033/106 933/1015/106 989/949/106 914/948/106
f 886/1034/689 971/1000/674 972/999/673 887/1035/690
f 887/1035/690 972/999/673 973/1011/684 888/973/670
f 889/1036/691 974/1001/675 975/1003/676 890/1037/692
f 1009/376/105 1020/313/105 926/981/105 851/1038/105
f 817/898/10 927/978/115 928/979/115 815/902/10
f 892/966/663 978/995/671 979/943/658 883/942/657
f 819/894/10 929/1012/115 927/978/115 817/898/10
f 893/1039/693 980/997/672 971/1000/674 886/1034/689
f 816/961/106 930/960/106 931/1013/106 818/1040/106
f 821/890/10 932/1014/115 929/1012/115 819/894/10
f 818/1040/106 931/1013/106 933/1015/106 820/1033/106
f 894/972/669 981/1007/680 807/846/614 804/869/630
f 822/888/10 934/1016/115 932/1014/115 821/890/10
f 895/967/664 982/1008/681 983/1009/682 896/968/665
f 824/885/10 935/1017/115 934/1016/115 822/888/10
f 916/870/106 1004/831/106 959/985/106 847/1041/106
f 825/920/9 936/982/116 937/983/116 826/916/9
f 898/971/668 984/1006/679 981/1007/680 894/972/669
f 841/1042/106 957/1026/106 1023/363/106 1014/382/106
f 826/916/9 937/983/116 938/987/116 827/914/9
f 880/929/644 966/928/643 1022/1010/683 1013/1043/694
f 882/875/634 968/874/633 965/927/642 879/926/641
f 827/914/9 938/987/116 918/1020/116 828/910/9
f 878/934/649 964/933/648 967/873/632 881/872/631
f 828/910/9 918/1020/116 939/974/116 829/904/9
f 829/904/9 939/974/116 940/977/116 830/905/9
f 830/905/9 940/977/116 941/1028/116 831/922/9
f 851/1038/105 926/981/105 942/990/105 852/1044/105
f 891/717/514 986/940/655 974/1001/675 889/1036/691
f 831/922/9 941/1028/116 943/988/116 832/918/9
f 885/969/666 970/1005/678 978/995/671 892/966/663
f 852/1044/105 942/990/105 944/989/105 856/1045/105
f 832/918/9 943/988/116 945/991/116 833/912/9
f 833/912/9 945/991/116 946/980/116 834/908/9
f 888/973/670 973/1011/684 969/1004/677 884/970/667
f 834/908/9 946/980/116 1019/312/116 1007/235/9
f 856/1045/105 944/989/105 947/1027/104 857/1046/104
f 890/1037/692 975/1003/676 980/997/672 893/1039/693
f 823/951/106 948/950/106 949/1019/106 835/1047/106
f 857/1046/104 947/1027/104 950/976/105 844/1048/105
f 838/900/10 951/1021/115 952/1018/115 836/884/10
f 896/968/665 983/1009/682 984/1006/679 898/971/668
f 835/1047/106 949/1019/106 953/1022/106 837/1049/106
f 840/896/10 954/1023/115 951/1021/115 838/900/10
f 897/937/652 987/936/651 982/1008/681 895/967/664
f 837/1049/106 953/1022/106 955/1024/106 839/1050/106
f 842/892/10 956/1025/115 954/1023/115 840/896/10
f 839/1050/106 955/1024/106 957/1026/106 841/1042/106
f 1008/214/10 1021/362/115 956/1025/115 842/892/10
f 836/884/10 952/1018/115 935/1017/115 824/885/10
f 844/1048/105 950/976/105 958/975/105 845/1051/105
f 845/1051/105 958/975/105 919/963/104 846/962/104
f 847/1041/106 959/985/106 960/959/106 853/958/106
f 815/902/10 928/979/115 924/986/115 850/880/10
f 848/879/9 921/984/116 936/982/116 825/920/9
f 1048/1052/695 1039/1053/696 1038/1054/697 1064/1055/698
f 1046/1056/699 1047/1057/700 1055/1058/701 1030/1059/702
f 1043/1060/703 1068/1061/704 1069/402/230 1044/401/229
f 1042/1062/705 1067/1063/706 1068/1061/704 1043/1060/703
f 1041/1064/707 1066/1065/708 1067/1063/706 1042/1062/705
f 1040/1066/709 1065/1067/710 1066/1065/708 1041/1064/707
f 1039/1053/696 1048/1052/695 1065/1067/710 1040/1066/709
f 1037/1068/711 1063/1069/712 1064/1055/698 1038/1054/697
f 1192/1070/713 1062/1071/714 1063/1069/712 1037/1068/711
f 1197/1072/715 1051/1073/716 1204/1074/717 1200/1075/718
f 1150/1076/719 1202/1077/720 1204/1074/717 1160/1078/721
f 1036/1079/722 1061/1080/723 1197/1072/715 1193/1081/724
f 1035/1082/725 1060/1083/726 1061/1080/723 1036/1079/722
f 1031/1084/727 1056/1085/728 1047/1057/700 1046/1056/699
f 1034/1086/729 1059/1087/730 1058/1088/731 1033/1089/732
f 1033/1089/732 1058/1088/731 1057/1090/733 1032/1091/734
f 1032/1091/734 1057/1090/733 1056/1085/728 1031/1084/727
f 1030/1059/702 1055/1058/701 1054/1092/735 1029/1093/736
f 1029/1093/736 1054/1092/735 1053/1094/737 1194/1095/738
f 1062/1071/714 1196/1096/739 1202/1077/720 1053/1094/737
f 1052/1097/740 1200/1075/718 1196/1096/739 1028/1098/741
f 1195/1099/742 1051/1073/716 1050/1100/743 1027/1101/744
f 1027/1101/744 1050/1100/743 1049/1102/745 1026/1103/746
f 1070/446/274 1069/402/230 1068/1061/704 1059/1087/730
f 1059/1087/730 1068/1061/704 1067/1063/706 1058/1088/731
f 1058/1088/731 1067/1063/706 1066/1065/708 1057/1090/733
f 1057/1090/733 1066/1065/708 1065/1067/710 1056/1085/728
f 1056/1085/728 1065/1067/710 1048/1052/695 1047/1057/700
f 1047/1057/700 1048/1052/695 1064/1055/698 1055/1058/701
f 1055/1058/701 1064/1055/698 1063/1069/712 1054/1092/735
f 1054/1092/735 1063/1069/712 1062/1071/714 1053/1094/737
f 1193/1081/724 1197/1072/715 1200/1075/718 1199/1104/747
f 1150/1076/719 1136/1105/748 1201/1106/749 1202/1077/720
f 1051/1073/716 1197/1072/715 1061/1080/723 1050/1100/743
f 1050/1100/743 1061/1080/723 1060/1083/726 1049/1102/745
f 1045/450/278 1070/446/274 1059/1087/730 1034/1086/729
f 764/800/595 1073/1107/750 1074/1108/751 774/774/569
f 691/799/594 1071/1109/752 1073/1107/750 764/800/595
f 774/774/569 1074/1108/751 1072/1110/753 701/773/568
f 1073/1107/750 1077/1111/754 1078/1112/755 1074/1108/751
f 1071/1109/752 1075/1113/756 1077/1111/754 1073/1107/750
f 1074/1108/751 1078/1112/755 1076/1114/757 1072/1110/753
f 1077/1111/754 1049/1102/745 1060/1083/726 1078/1112/755
f 1075/1113/756 1026/1103/746 1049/1102/745 1077/1111/754
f 1078/1112/755 1060/1083/726 1035/1082/725 1076/1114/757
f 1102/1115/758 1095/1116/759 1094/1117/760 1120/1118/761
f 1100/1119/762 1101/1120/763 1109/1121/764 1084/1122/765
f 1099/1123/766 1124/1124/767 2431/1125/768 2405/1126/769
f 1098/1127/770 1123/1128/771 1124/1124/767 1099/1123/766
f 1097/1129/772 1122/1130/773 1123/1128/771 1098/1127/770
f 1096/1131/774 1121/1132/775 1122/1130/773 1097/1129/772
f 1095/1116/759 1102/1115/758 1121/1132/775 1096/1131/774
f 1093/1133/776 1119/1134/777 1120/1118/761 1094/1117/760
f 1092/1135/778 1118/1136/779 1119/1134/777 1093/1133/776
f 1090/1137/70 1115/1138/71 1116/1139/780 1091/1140/781
f 1089/1141/782 1114/1142/783 1115/1138/71 1090/1137/70
f 1085/1143/784 1110/1144/785 1101/1120/763 1100/1119/762
f 1088/1145/786 1113/1146/787 1112/1147/788 1087/1148/789
f 1087/1148/789 1112/1147/788 1111/1149/790 1086/1150/791
f 1086/1150/791 1111/1149/790 1110/1144/785 1085/1143/784
f 1084/1122/765 1109/1121/764 1108/1151/792 1083/718/515
f 1083/718/515 1108/1151/792 1107/1152/793 1082/719/516
f 1117/1153/794 1106/1154/795 1105/1155/796 1081/1156/797
f 777/760/556 1106/1154/795 1117/1153/794 704/759/555
f 1081/1156/797 1105/1155/796 1104/1157/798 1080/1158/799
f 1080/1158/799 1104/1157/798 1103/1159/800 1079/1160/801
f 2432/1161/802 2431/1125/768 1124/1124/767 1113/1146/787
f 1113/1146/787 1124/1124/767 1123/1128/771 1112/1147/788
f 1112/1147/788 1123/1128/771 1122/1130/773 1111/1149/790
f 1111/1149/790 1122/1130/773 1121/1132/775 1110/1144/785
f 1110/1144/785 1121/1132/775 1102/1115/758 1101/1120/763
f 1101/1120/763 1102/1115/758 1120/1118/761 1109/1121/764
f 1109/1121/764 1120/1118/761 1119/1134/777 1108/1151/792
f 1108/1151/792 1119/1134/777 1118/1136/779 1107/1152/793
f 1105/1155/796 1116/1139/780 1115/1138/71 1104/1157/798
f 1104/1157/798 1115/1138/71 1114/1142/783 1103/1159/800
f 2621/1162/803 2432/1161/802 1113/1146/787 1088/1145/786
f 1143/1163/804 2475/1164/805 2480/1165/806 1166/1166/807
f 1142/1167/808 1143/1163/804 1166/1166/807 1165/1168/809
f 1141/1169/810 1142/1167/808 1165/1168/809 1164/1170/811
f 1140/1171/812 1141/1169/810 1164/1170/811 1163/1172/813
f 1139/1173/814 1140/1171/812 1163/1172/813 1146/1174/815
f 1137/1175/816 1138/1176/817 1162/1177/818 1161/1178/819
f 1159/1179/820 1137/1175/816 1161/1178/819 1160/1078/721
f 1195/1099/742 1203/1180/821 1204/1074/717 1051/1073/716
f 1160/1078/721 1204/1074/717 1203/1180/821 1159/1179/820
f 1135/1181/822 1149/1182/823 1052/1097/740 1158/1183/824
f 1134/1184/825 1135/1181/822 1158/1183/824 1157/1185/826
f 1130/1186/827 1144/1187/828 1145/1188/829 1153/1189/830
f 1133/1190/831 1132/1191/832 1155/1192/833 1156/1193/834
f 1132/1191/832 1131/1194/835 1154/1195/836 1155/1192/833
f 1131/1194/835 1130/1186/827 1153/1189/830 1154/1195/836
f 1129/1196/837 1128/1197/838 1151/1198/839 1152/1199/840
f 1128/1197/838 1136/1105/748 1150/1076/719 1151/1198/839
f 1053/1094/737 1202/1077/720 1201/1106/749 1194/1095/738
f 1149/1182/823 1199/1104/747 1200/1075/718 1052/1097/740
f 1127/1200/841 1126/1201/842 1148/1202/843 1028/1098/741
f 1126/1201/842 1125/1203/844 1147/1204/845 1148/1202/843
f 2481/1205/846 1156/1193/834 1166/1166/807 2480/1165/806
f 1156/1193/834 1155/1192/833 1165/1168/809 1166/1166/807
f 1155/1192/833 1154/1195/836 1164/1170/811 1165/1168/809
f 1154/1195/836 1153/1189/830 1163/1172/813 1164/1170/811
f 1153/1189/830 1145/1188/829 1146/1174/815 1163/1172/813
f 1145/1188/829 1152/1199/840 1162/1177/818 1146/1174/815
f 1152/1199/840 1151/1198/839 1161/1178/819 1162/1177/818
f 1151/1198/839 1150/1076/719 1160/1078/721 1161/1178/819
f 1028/1098/741 1196/1096/739 1198/1206/847 1127/1200/841
f 1198/1206/847 1196/1096/739 1062/1071/714 1192/1070/713
f 1028/1098/741 1148/1202/843 1158/1183/824 1052/1097/740
f 1148/1202/843 1147/1204/845 1157/1185/826 1158/1183/824
f 1139/1173/814 1146/1174/815 1162/1177/818 1138/1176/817
f 1144/1187/828 1129/1196/837 1152/1199/840 1145/1188/829
f 2476/1207/848 1133/1190/831 1156/1193/834 2481/1205/846
f 1185/1208/849 1180/1209/850 1169/1210/851 1182/1211/852
f 1125/1203/844 1170/1212/853 1171/1213/854 1147/1204/845
f 1170/1212/853 1172/1214/855 1173/1215/856 1171/1213/854
f 1172/1214/855 1079/1160/801 1103/1159/800 1173/1215/856
f 1089/1141/782 1174/1216/857 1175/1217/858 1114/1142/783
f 1174/1216/857 1176/1218/859 1177/1219/860 1175/1217/858
f 1176/1218/859 1134/1184/825 1157/1185/826 1177/1219/860
f 1103/1159/800 1114/1142/783 1175/1217/858 1173/1215/856
f 1171/1213/854 1173/1215/856 1175/1217/858 1177/1219/860
f 1157/1185/826 1147/1204/845 1171/1213/854 1177/1219/860
f 1181/1220/861 1168/1221/862 1179/1222/863 1184/1223/864
f 1183/1224/865 1178/1225/866 1016/932/647 1012/931/646
f 1168/1221/862 1169/1210/851 1167/993/25 1017/992/25
f 1178/1225/866 1179/1222/863 1015/994/25 1016/932/647
f 1169/1210/851 1180/1209/850 1022/1010/683 1167/993/25
f 1179/1222/863 1168/1221/862 1017/992/25 1015/994/25
f 1013/1043/694 1022/1010/683 1180/1209/850 1185/1208/849
f 1184/1223/864 1179/1222/863 1178/1225/866 1183/1224/865
f 1182/1211/852 1169/1210/851 1168/1221/862 1181/1220/861
f 694/704/513 1186/722/519 1187/1226/867 767/794/589
f 1116/1139/780 1189/1227/868 1188/1228/869 1091/1140/781
f 766/798/593 1191/1229/870 1190/1230/871 693/795/590
f 1092/1135/778 1190/1230/871 1191/1229/870 1118/1136/779
f 776/769/565 703/768/564 1188/1228/869 1189/1227/868
f 1082/719/516 1107/1152/793 1187/1226/867 1186/722/519
f 767/794/589 1187/1226/867 1106/1154/795 777/760/556
f 1105/1155/796 1106/1154/795 1189/1227/868 1116/1139/780
f 776/769/565 1189/1227/868 1191/1229/870 766/798/593
f 1107/1152/793 1118/1136/779 1191/1229/870 1187/1226/867
f 1106/1154/795 1187/1226/867 1191/1229/870 1189/1227/868
f 1196/1096/739 1200/1075/718 1204/1074/717 1202/1077/720
f 1243/1231/872 1219/1232/873 1240/1233/874 1284/1234/875
f 1221/1235/876 1213/1236/877 1239/1237/878 1241/1238/879
f 1205/1239/880 1221/1235/876 1241/1238/879 1232/1240/881
f 1205/1239/880 1219/1232/873 1243/1231/872 1221/1235/876
f 1214/1241/882 1217/1242/883 1219/1232/873 1205/1239/880
f 1217/1242/883 1214/1241/882 1207/1243/884 1218/1244/885
f 1206/1245/886 1220/1246/887 1218/1244/885 1207/1243/884
f 1220/1246/887 1206/1245/886 1210/1247/888 1216/1248/889
f 1231/1249/890 1232/1240/881 1241/1238/879 1238/1250/25
f 1233/1251/891 1224/1252/892 1225/1253/893 1229/1254/25
f 1227/1255/894 1228/1256/895 1230/1257/25 1238/1250/25
f 1222/1258/896 1223/1259/897 1230/1257/25 1229/1254/25
f 1237/1260/898 1234/1261/899 1245/1262/900 1244/1263/25
f 1235/1264/901 1236/1265/902 1285/1266/25 1283/1267/25
f 1239/1237/878 1227/1255/894 1238/1250/25 1241/1238/879
f 1223/1259/897 1231/1249/890 1238/1250/25 1230/1257/25
f 1226/1268/903 1222/1258/896 1229/1254/25 1225/1253/893
f 1228/1256/895 1233/1251/891 1229/1254/25 1230/1257/25
f 1236/1265/902 1237/1260/898 1244/1263/25 1285/1266/25
f 1240/1233/874 1235/1264/901 1283/1267/25 1284/1234/875
f 1206/1245/886 1207/1243/884 1223/1259/897 1222/1258/896
f 1208/1269/904 1209/1270/905 1225/1253/893 1224/1252/892
f 1209/1270/905 1210/1247/888 1226/1268/903 1225/1253/893
f 1211/1271/906 1212/1272/907 1228/1256/895 1227/1255/894
f 1214/1241/882 1205/1239/880 1232/1240/881 1231/1249/890
f 1215/1273/908 1208/1269/904 1224/1252/892 1233/1251/891
f 1216/1248/889 1242/1274/909 1245/1262/900 1234/1261/899
f 1217/1242/883 1218/1244/885 1236/1265/902 1235/1264/901
f 1220/1246/887 1216/1248/889 1234/1261/899 1237/1260/898
f 1213/1236/877 1211/1271/906 1227/1255/894 1239/1237/878
f 1207/1243/884 1214/1241/882 1231/1249/890 1223/1259/897
f 1210/1247/888 1206/1245/886 1222/1258/896 1226/1268/903
f 1212/1272/907 1215/1273/908 1233/1251/891 1228/1256/895
f 1218/1244/885 1220/1246/887 1237/1260/898 1236/1265/902
f 1219/1232/873 1217/1242/883 1235/1264/901 1240/1233/874
f 1243/1231/872 1284/1234/875 1281/1275/910 1260/1276/911
f 1262/1277/912 1282/1278/913 1280/1279/914 1254/1280/915
f 1246/1281/916 1273/1282/917 1282/1278/913 1262/1277/912
f 1246/1281/916 1262/1277/912 1243/1231/872 1260/1276/911
f 1255/1283/918 1246/1281/916 1260/1276/911 1258/1284/919
f 1258/1284/919 1259/1285/920 1248/1286/921 1255/1283/918
f 1247/1287/922 1248/1286/921 1259/1285/920 1261/1288/923
f 1261/1288/923 1257/1289/924 1251/1290/925 1247/1287/922
f 1272/1291/926 1279/1292/25 1282/1278/913 1273/1282/917
f 1274/1293/927 1270/1294/25 1266/1295/928 1265/1296/929
f 1268/1297/930 1279/1292/25 1271/1298/25 1269/1299/931
f 1263/1300/932 1270/1294/25 1271/1298/25 1264/1301/933
f 1278/1302/934 1244/1263/25 1245/1262/900 1275/1303/935
f 1276/1304/936 1283/1267/25 1285/1266/25 1277/1305/937
f 1280/1279/914 1282/1278/913 1279/1292/25 1268/1297/930
f 1264/1301/933 1271/1298/25 1279/1292/25 1272/1291/926
f 1267/1306/938 1266/1295/928 1270/1294/25 1263/1300/932
f 1269/1299/931 1271/1298/25 1270/1294/25 1274/1293/927
f 1277/1305/937 1285/1266/25 1244/1263/25 1278/1302/934
f 1281/1275/910 1284/1234/875 1283/1267/25 1276/1304/936
f 1247/1287/922 1263/1300/932 1264/1301/933 1248/1286/921
f 1249/1307/939 1265/1296/929 1266/1295/928 1250/1308/940
f 1250/1308/940 1266/1295/928 1267/1306/938 1251/1290/925
f 1252/1309/941 1268/1297/930 1269/1299/931 1253/1310/942
f 1255/1283/918 1272/1291/926 1273/1282/917 1246/1281/916
f 1256/1311/943 1274/1293/927 1265/1296/929 1249/1307/939
f 1257/1289/924 1275/1303/935 1245/1262/900 1242/1274/909
f 1258/1284/919 1276/1304/936 1277/1305/937 1259/1285/920
f 1261/1288/923 1278/1302/934 1275/1303/935 1257/1289/924
f 1254/1280/915 1280/1279/914 1268/1297/930 1252/1309/941
f 1248/1286/921 1264/1301/933 1272/1291/926 1255/1283/918
f 1251/1290/925 1267/1306/938 1263/1300/932 1247/1287/922
f 1253/1310/942 1269/1299/931 1274/1293/927 1256/1311/943
f 1259/1285/920 1277/1305/937 1278/1302/934 1261/1288/923
f 1260/1276/911 1281/1275/910 1276/1304/936 1258/1284/919
f 1290/1312/944 1291/755/551 1297/758/554 1296/1313/945
f 1289/1314/946 1290/1312/944 1296/1313/945 1295/1315/947
f 2601/1316/948 1288/1317/949 1294/1318/950 2608/1319/951
f 1288/1317/949 1287/1320/952 1293/1321/953 1294/1318/950
f 1287/1320/952 1286/1322/954 1292/1323/955 1293/1321/953
f 2608/1319/951 1294/1318/950 1297/758/554 2612/757/553
f 1294/1318/950 1293/1321/953 1296/1313/945 1297/758/554
f 1293/1321/953 1292/1323/955 1295/1315/947 1296/1313/945
f 1298/1324/956 1292/1323/955 1286/1322/954 1299/1325/957
f 1300/1326/958 1295/1315/947 1292/1323/955 1298/1324/956
f 1301/1327/959 1289/1314/946 1295/1315/947 1300/1326/958
f 717/762/558 1301/1327/959 1300/1326/958 789/763/559
f 789/763/559 1300/1326/958 1298/1324/956 786/781/576
f 786/781/576 1298/1324/956 1299/1325/957 714/778/573
f 1303/1328/960 1305/1329/961 2623/1330/962 2619/1331/963
f 894/972/669 854/952/105 855/955/104 888/973/670
f 1306/1332/964 1308/1333/965 1304/1334/966 1302/1335/967
f 845/1051/105 846/962/104 686/820/603 680/819/602
f 1305/1329/961 1304/1334/966 1308/1333/965 1307/1336/25
f 854/952/105 894/972/669 804/869/630 849/956/105
f 2623/1330/962 1305/1329/961 1307/1336/25 2628/1337/25
f 686/820/603 846/962/104 849/956/105 804/869/630
f 886/1034/689 1100/1119/762 1084/1122/765 893/1039/693
f 1302/1335/967 1304/1334/966 1305/1329/961 1303/1328/960
f 1083/718/515 891/717/514 889/1036/691 1084/1122/765
f 2629/1338/968 2631/1339/969 1310/1340/970 1312/1341/971
f 1311/1342/972 1309/1343/973 1308/1333/965 1306/1332/964
f 682/867/629 696/689/506 685/688/505
f 1309/1343/973 1310/1340/970 1307/1336/25 1308/1333/965
f 681/692/509 696/689/506 682/867/629
f 1310/1340/970 2631/1339/969 2628/1337/25 1307/1336/25
f 893/1039/693 1084/1122/765 890/1037/692
f 1312/1341/971 1310/1340/970 1309/1343/973 1311/1342/972
f 1084/1122/765 889/1036/691 890/1037/692
f 1188/1228/869 1013/1043/694 1185/1208/849 1091/1140/781
f 1013/1043/694 1188/1228/869 703/768/564 880/929/644
f 1090/1137/70 1185/1208/849 1182/1211/852 1089/1141/782
f 702/767/563 701/773/568 879/926/641 880/929/644
f 1089/1141/782 1182/1211/852 1181/1220/861 1174/1216/857
f 882/875/634 879/926/641 701/773/568 1072/1110/753
f 1174/1216/857 1181/1220/861 1184/1223/864 1176/1218/859
f 881/872/631 882/875/634 1072/1110/753 1076/1114/757
f 1176/1218/859 1184/1223/864 1183/1224/865 1134/1184/825
f 878/934/649 881/872/631 1076/1114/757 1035/1082/725
f 1149/1182/823 1183/1224/865 1012/931/646 1199/1104/747
f 878/934/649 1193/1081/724 1199/1104/747 1012/931/646
f 1134/1184/825 1183/1224/865 1149/1182/823 1135/1181/822
f 1036/1079/722 1193/1081/724 878/934/649 1035/1082/725
f 1090/1137/70 1091/1140/781 1185/1208/849
f 703/768/564 702/767/563 880/929/644
f 1201/1106/749 1243/1231/872 1262/1277/912 1194/1095/738
f 1136/1105/748 1221/1235/876 1243/1231/872 1201/1106/749
f 1194/1095/738 1262/1277/912 1254/1280/915 1029/1093/736
f 1128/1197/838 1213/1236/877 1221/1235/876 1136/1105/748
f 820/1033/106 1257/1289/924 1242/1274/909 818/1040/106
f 818/1040/106 1242/1274/909 1216/1248/889 816/961/106
f 914/948/106 1251/1290/925 1257/1289/924 820/1033/106
f 816/961/106 1216/1248/889 1210/1247/888 853/958/106
f 1030/1059/702 1256/1311/943 1249/1307/939 1046/1056/699
f 1129/1196/837 1211/1271/906 1213/1236/877 1128/1197/838
f 1030/1059/702 1252/1309/941 1253/1310/942
f 1253/1310/942 1256/1311/943 1030/1059/702
f 1029/1093/736 1254/1280/915 1252/1309/941 1030/1059/702
f 1129/1196/837 1215/1273/908 1212/1272/907
f 1144/1187/828 1208/1269/904 1215/1273/908 1129/1196/837
f 1212/1272/907 1211/1271/906 1129/1196/837
f 915/193/147 1009/376/105 851/1038/105 700/782/577
f 700/782/577 851/1038/105 852/1044/105 699/783/578
f 699/783/578 852/1044/105 856/1045/105 698/788/583
f 698/788/583 856/1045/105 857/1046/104 697/775/570
f 697/775/570 857/1046/104 844/1048/105 729/690/507
f 679/866/628 845/1051/105 680/819/602
f 678/691/508 729/690/507 679/866/628
f 1962/805/105 2621/1162/803 1088/1145/786 669/801/105
f 669/801/105 1088/1145/786 1087/1148/789 670/802/105
f 670/802/105 1087/1148/789 1086/1150/791 664/811/105
f 664/811/105 1086/1150/791 1085/1143/784 810/865/105
f 810/865/105 1085/1143/784 1100/1119/762 843/965/105
f 887/1035/690 888/973/670 855/955/104
f 886/1034/689 887/1035/690 1100/1119/762
f 1100/1119/762 887/1035/690 855/955/104 843/965/105
f 729/690/507 844/1048/105 845/1051/105 679/866/628
f 1014/382/106 1045/450/278 1034/1086/729 841/1042/106
f 841/1042/106 1034/1086/729 1033/1089/732 839/1050/106
f 839/1050/106 1033/1089/732 1032/1091/734 837/1049/106
f 837/1049/106 1032/1091/734 1031/1084/727 835/1047/106
f 835/1047/106 1031/1084/727 1046/1056/699 823/951/106
f 914/948/106 1250/1308/940 1251/1290/925
f 660/808/106 1133/1190/831 2476/1207/848 1954/868/106
f 668/807/106 1132/1191/832 1133/1190/831 660/808/106
f 665/871/106 1131/1194/835 1132/1191/832 668/807/106
f 916/870/106 1130/1186/827 1131/1194/835 665/871/106
f 847/1041/106 1144/1187/828 1130/1186/827 916/870/106
f 1209/1270/905 1208/1269/904 1144/1187/828
f 1046/1056/699 1249/1307/939 1250/1308/940
f 823/951/106 1046/1056/699 1250/1308/940 914/948/106
f 1210/1247/888 1209/1270/905 853/958/106
f 853/958/106 1209/1270/905 1144/1187/828 847/1041/106
f 794/737/533 907/863/626 795/862/625 728/734/530
f 728/734/530 795/862/625 996/861/624 720/726/523
f 906/938/653 907/863/626 794/737/533
f 904/370/213 905/941/656 793/740/536 718/175/133
f 905/941/656 906/938/653 794/737/533 793/740/536
f 719/723/520 998/1031/687 999/367/210 721/52/36
f 720/726/523 997/1032/688 998/1031/687 719/723/520
f 997/1032/688 720/726/523 996/861/624
f 717/762/558 1311/1342/972 1306/1332/964 1301/1327/959
f 1301/1327/959 1306/1332/964 1302/1335/967 1289/1314/946
f 2630/756/552 1291/755/551 1303/1328/960 2619/1331/963
f 2629/1338/968 1312/1341/971 715/765/561 2013/771/566
f 715/765/561 1312/1341/971 1311/1342/972 716/761/557
f 1290/1312/944 1302/1335/967 1303/1328/960 1291/755/551
f 1290/1312/944 1289/1314/946 1302/1335/967
f 717/762/558 716/761/557 1311/1342/972
f 1143/1163/804 1288/1317/949 2601/1316/948 2475/1164/805
f 1099/1123/766 2405/1126/769 2625/790/585 712/786/581
f 713/779/574 1098/1127/770 1099/1123/766 712/786/581
f 1142/1167/808 1287/1320/952 1288/1317/949 1143/1163/804
f 1026/1103/746 1075/1113/756 1299/1325/957 1286/1322/954
f 1075/1113/756 1071/1109/752 714/778/573 1299/1325/957
f 1026/1103/746 1286/1322/954 1287/1320/952 1027/1101/744
f 713/779/574 714/778/573 1071/1109/752 691/799/594
f 911/877/636 1079/1160/801 1172/1214/855 797/857/620
f 797/857/620 1172/1214/855 1170/1212/853 1000/858/621
f 1000/858/621 1170/1212/853 1125/1203/844 1001/1030/686
f 910/930/645 1080/1158/799 1079/1160/801 911/877/636
f 711/741/537 909/935/650 908/264/170 899/61/45
f 710/743/539 910/930/645 909/935/650 711/741/537
f 1002/1029/685 1043/1060/703 1044/401/229 1003/365/208
f 1001/1030/686 1042/1062/705 1043/1060/703 1002/1029/685
f 1037/1068/711 1126/1201/842 1127/1200/841 1192/1070/713
f 1038/1054/697 1125/1203/844 1126/1201/842 1037/1068/711
f 1198/1206/847 1192/1070/713 1127/1200/841
f 1203/1180/821 1195/1099/742 1159/1179/820
f 1027/1101/744 1137/1175/816 1159/1179/820 1195/1099/742
f 1141/1169/810 1287/1320/952 1142/1167/808
f 1041/1064/707 1042/1062/705 1001/1030/686
f 1117/1153/794 1081/1156/797 704/759/555
f 704/759/555 1081/1156/797 1080/1158/799 705/751/547
f 1190/1230/871 1092/1135/778 693/795/590
f 693/795/590 1092/1135/778 1093/1133/776 692/796/591
f 692/796/591 1093/1133/776 1094/1117/760 691/799/594
f 1095/1116/759 691/799/594 1094/1117/760
f 910/930/645 710/743/539 709/745/541
f 910/930/645 709/745/541 708/747/543
f 707/749/545 1080/1158/799 910/930/645 708/747/543
f 706/752/548 1080/1158/799 707/749/545
f 705/751/547 1080/1158/799 706/752/548
f 1096/1131/774 713/779/574 691/799/594 1095/1116/759
f 1097/1129/772 713/779/574 1096/1131/774
f 1098/1127/770 713/779/574 1097/1129/772
f 1039/1053/696 1125/1203/844 1038/1054/697
f 1041/1064/707 1001/1030/686 1040/1066/709
f 1137/1175/816 1027/1101/744 1138/1176/817
f 1138/1176/817 1027/1101/744 1139/1173/814
f 1139/1173/814 1027/1101/744 1287/1320/952 1140/1171/812
f 1140/1171/812 1287/1320/952 1141/1169/810
f 1039/1053/696 1040/1066/709 1001/1030/686 1125/1203/844
f 1343/1344/505 1354/1345/506 1384/1346/507 1336/1347/974
f 1339/1348/509 1341/1349/510 1353/1350/18 1354/1345/506
f 1313/1351/8 1323/1352/9 1463/1353/9 1466/1354/8
f 1324/1355/10 1314/1356/11 1465/1357/11 1462/1358/10
f 1353/1350/18 1341/1349/510 1385/1359/512 1352/1360/513
f 3297/1361/10 3311/1362/11 1329/1363/11 1317/1364/10
f 1317/1364/10 1329/1363/11 1328/1365/11 1315/1366/10
f 1320/1367/9 1331/1368/8 1332/1369/8 3300/1370/9
f 1319/1371/9 1330/1372/8 1331/1368/8 1320/1367/9
f 1545/1373/514 1712/1374/515 1711/1375/516 1566/1376/517
f 1459/1377/518 1566/1376/517 1711/1375/516 1817/1378/519
f 1385/1359/512 1459/1377/518 1817/1378/519 1352/1360/513
f 1377/1379/520 1379/1380/521 1380/1381/522 1378/1382/523
f 1379/1380/521 2023/1383/26 2024/1384/25 1382/1385/25
f 1459/1377/518 1347/1386/524 1417/1387/525 1657/1388/526
f 1380/1381/522 1379/1380/521 1382/1385/25 1381/1389/527
f 1385/1359/512 1341/1349/510 1416/1390/528 1457/1391/529
f 1330/1372/8 1319/1371/9 1323/1352/9 1313/1351/8
f 1315/1366/10 1328/1365/11 1314/1356/11 1324/1355/10
f 1378/1382/523 1380/1381/522 1381/1389/527 1383/1392/530
f 1333/1393/531 1385/1359/512 1457/1391/529 1409/1394/975
f 2020/1395/36 2023/1383/26 1379/1380/521 1377/1379/520
f 1449/1396/533 1447/1397/534 1446/1398/535 1448/1399/536
f 2095/1400/41 1446/1398/535 1382/1385/25 2024/1384/25
f 1369/1401/537 2204/1402/45 2293/1403/44 1439/1404/538
f 1368/1405/539 1369/1401/537 1439/1404/538 1438/1406/540
f 1367/1407/541 1368/1405/539 1438/1406/540 1437/1408/542
f 1366/1409/543 1367/1407/541 1437/1408/542 1436/1410/544
f 1365/1411/545 1366/1409/543 1436/1410/544 1419/1412/546
f 1363/1413/547 1364/1414/548 1435/1415/549 1434/1416/550
f 1922/1417/551 3963/1418/552 3949/1419/553 1928/1420/976
f 1362/1421/555 1363/1413/547 1434/1416/550 1433/1422/556
f 1375/1423/977 1376/1424/558 1445/1425/559 1444/1426/560
f 1374/1427/561 1375/1423/977 1444/1426/560 1443/1428/562
f 1360/1429/563 1361/1430/564 1432/1431/565 1431/1432/312
f 1373/1433/978 1374/1427/561 1443/1428/562 3430/1434/567
f 1359/1435/568 1360/1429/563 1431/1432/312 1430/1436/569
f 1355/1437/570 1384/1346/507 1418/1438/571 1426/1439/572
f 1372/1440/573 1371/1441/574 1441/1442/575 1442/1443/576
f 1358/1444/577 1357/1445/578 1428/1446/579 1429/1447/580
f 1371/1441/574 1370/1448/979 1440/1449/582 1441/1442/575
f 1357/1445/578 1356/1450/583 1427/1451/584 1428/1446/579
f 1370/1448/979 3959/1452/980 3426/1453/586 1440/1449/582
f 1356/1450/583 1355/1437/570 1426/1439/572 1427/1451/584
f 1354/1345/506 1353/1350/18 1424/1454/587 1425/1455/588
f 1353/1350/18 1352/1360/513 1423/1456/589 1424/1454/587
f 1351/1457/590 1350/1458/591 1421/1459/592 1422/1460/593
f 1350/1458/591 1349/1461/594 1420/1462/595 1421/1459/592
f 1326/1463/105 1327/1464/104 1397/1465/104 1398/1466/105
f 3304/1467/105 1326/1463/105 1398/1466/105 3383/1468/105
f 1325/1469/106 1316/1470/106 1391/1471/106 1396/1472/106
f 1327/1464/104 1321/1473/104 1387/1474/104 1397/1465/104
f 1333/1393/531 1347/1386/524 1459/1377/518 1385/1359/512
f 1342/1475/981 1345/1476/597 1347/1386/524 1333/1393/531
f 1345/1476/597 1342/1475/981 1335/1477/598 1346/1478/982
f 1334/1479/600 1348/1480/601 1346/1478/982 1335/1477/598
f 1348/1480/601 1334/1479/600 1338/1481/602 1344/1482/603
f 1389/1483/115 1390/1484/115 1396/1472/106 1391/1471/106
f 1392/1485/116 1393/1486/116 1398/1466/105 1397/1465/104
f 1386/1487/116 1387/1474/104 1572/1488/104 1569/1489/116
f 1395/1490/106 1388/1491/115 1574/1492/115 1648/1493/106
f 1393/1486/116 1394/1494/116 3383/1468/105 1398/1466/105
f 1408/1495/983 1409/1394/975 1457/1391/529 1415/1496/25
f 1410/1497/605 1401/1498/606 1402/1499/607 1406/1500/25
f 1404/1501/608 1405/1502/609 1407/1503/25 1415/1496/25
f 1399/1504/610 1400/1505/984 1407/1503/25 1406/1500/25
f 1414/1506/985 1411/1507/986 1461/1508/614 1460/1509/25
f 1412/1510/615 1413/1511/616 1658/1512/25 1655/1513/25
f 1416/1390/528 1404/1501/608 1415/1496/25 1457/1391/529
f 1400/1505/984 1408/1495/983 1415/1496/25 1407/1503/25
f 1403/1514/617 1399/1504/610 1406/1500/25 1402/1499/607
f 1405/1502/609 1410/1497/605 1406/1500/25 1407/1503/25
f 1413/1511/616 1414/1506/985 1460/1509/25 1658/1512/25
f 1417/1387/525 1412/1510/615 1655/1513/25 1657/1388/526
f 3375/1515/115 1389/1483/115 1391/1471/106 3377/1516/106
f 1396/1472/106 1390/1484/115 1388/1491/115 1395/1490/106
f 1392/1485/116 1397/1465/104 1387/1474/104 1386/1487/116
f 2310/1517/132 1429/1447/580 1439/1404/538 2293/1403/44
f 1429/1447/580 1428/1446/579 1438/1406/540 1439/1404/538
f 1428/1446/579 1427/1451/584 1437/1408/542 1438/1406/540
f 1427/1451/584 1426/1439/572 1436/1410/544 1437/1408/542
f 1426/1439/572 1418/1438/571 1419/1412/546 1436/1410/544
f 1418/1438/571 1425/1455/588 1435/1415/549 1419/1412/546
f 1425/1455/588 1424/1454/587 1434/1416/550 1435/1415/549
f 1424/1454/587 1423/1456/589 1433/1422/556 1434/1416/550
f 1422/1460/593 1421/1459/592 1431/1432/312 1432/1431/565
f 1421/1459/592 1420/1462/595 1430/1436/569 1431/1432/312
f 1442/1443/576 1441/1442/575 1444/1426/560 1445/1425/559
f 1441/1442/575 1440/1449/582 1443/1428/562 1444/1426/560
f 1440/1449/582 3426/1453/586 3430/1434/567 1443/1428/562
f 1446/1398/535 1447/1397/534 1381/1389/527 1382/1385/25
f 1383/1392/530 1381/1389/527 1447/1397/534 1449/1396/533
f 1448/1399/536 1446/1398/535 2095/1400/41 2017/1518/133
f 1639/1519/618 1453/1520/619 1452/1521/620 1645/1522/621
f 1562/1523/622 1451/1524/623 1453/1520/619 1639/1519/618
f 1642/1525/624 1450/1526/625 1451/1524/623 1562/1523/622
f 1450/1526/625 1558/1527/626 1456/1528/627 1451/1524/623
f 1463/1353/9 1323/1352/9 1386/1487/116 1569/1489/116
f 1321/1473/104 1464/1529/104 1572/1488/104 1387/1474/104
f 1334/1479/600 1335/1477/598 1400/1505/984 1399/1504/610
f 1324/1355/10 1462/1358/10 1574/1492/115 1388/1491/115
f 1336/1347/974 1337/1530/628 1402/1499/607 1401/1498/606
f 1337/1530/628 1338/1481/602 1403/1514/617 1402/1499/607
f 1339/1348/509 1340/1531/629 1405/1502/609 1404/1501/608
f 1317/1364/10 1315/1366/10 1390/1484/115 1389/1483/115
f 1342/1475/981 1333/1393/531 1409/1394/975 1408/1495/983
f 3297/1361/10 1317/1364/10 1389/1483/115 3375/1515/115
f 1343/1344/505 1336/1347/974 1401/1498/606 1410/1497/605
f 1316/1470/106 1318/1532/106 3377/1516/106 1391/1471/106
f 1344/1482/603 1458/1533/630 1461/1508/614 1411/1507/986
f 1345/1476/597 1346/1478/982 1413/1511/616 1412/1510/615
f 1565/1534/106 1322/1535/106 1395/1490/106 1648/1493/106
f 1319/1371/9 1320/1367/9 1393/1486/116 1392/1485/116
f 1348/1480/601 1344/1482/603 1411/1507/986 1414/1506/985
f 1320/1367/9 3300/1370/9 1394/1494/116 1393/1486/116
f 1365/1411/545 1419/1412/546 1435/1415/549 1364/1414/548
f 1384/1346/507 1354/1345/506 1425/1455/588 1418/1438/571
f 2220/1536/147 1358/1444/577 1429/1447/580 2310/1517/132
f 1341/1349/510 1339/1348/509 1404/1501/608 1416/1390/528
f 1335/1477/598 1342/1475/981 1408/1495/983 1400/1505/984
f 1338/1481/602 1334/1479/600 1399/1504/610 1403/1514/617
f 1340/1531/629 1343/1344/505 1410/1497/605 1405/1502/609
f 1346/1478/982 1348/1480/601 1414/1506/985 1413/1511/616
f 1347/1386/524 1345/1476/597 1412/1510/615 1417/1387/525
f 1322/1535/106 1325/1469/106 1396/1472/106 1395/1490/106
f 1315/1366/10 1324/1355/10 1388/1491/115 1390/1484/115
f 1323/1352/9 1319/1371/9 1392/1485/116 1386/1487/116
f 1535/1537/631 1616/1538/632 1617/1539/633 1536/1540/634
f 1451/1524/623 1456/1528/627 1555/1541/635 1453/1520/619
f 1453/1520/619 1555/1541/635 1561/1542/636 1452/1521/620
f 1467/1543/8 1466/1354/8 1463/1353/9 1502/1544/9
f 1504/1545/10 1462/1358/10 1465/1357/11 1468/1546/11
f 1554/1547/637 1555/1541/635 1456/1528/627 1455/1548/638
f 1490/1549/10 1478/1550/10 1517/1551/11 1518/1552/11
f 1478/1550/10 1476/1553/10 1516/1554/11 1517/1551/11
f 1476/1553/10 1475/1555/10 1515/1556/11 1516/1554/11
f 2313/1557/10 1496/1558/10 1521/1559/11 2315/1560/11
f 1475/1555/10 1473/1561/10 1514/1562/11 1515/1556/11
f 1496/1558/10 1494/1563/10 1520/1564/11 1521/1559/11
f 1473/1561/10 1471/1565/10 1513/1566/11 1514/1562/11
f 1494/1563/10 1492/1567/10 1519/1568/11 1520/1564/11
f 1492/1567/10 1490/1549/10 1518/1552/11 1519/1568/11
f 1471/1565/10 1469/1569/10 1512/1570/11 1513/1566/11
f 1483/1571/9 1484/1572/9 1527/1573/8 1526/1574/8
f 1488/1575/9 2312/1576/9 2316/1577/8 1531/1578/8
f 1482/1579/9 1483/1571/9 1526/1574/8 1525/1580/8
f 1487/1581/9 1488/1575/9 1531/1578/8 1530/1582/8
f 1481/1583/9 1482/1579/9 1525/1580/8 1524/1584/8
f 1480/1585/9 1481/1583/9 1524/1584/8 1523/1586/8
f 1486/1587/9 1487/1581/9 1530/1582/8 1529/1588/8
f 1479/1589/9 1480/1585/9 1523/1586/8 1522/1590/8
f 1485/1591/9 1486/1587/9 1529/1588/8 1528/1592/8
f 1484/1572/9 1485/1591/9 1528/1592/8 1527/1573/8
f 1553/1593/639 1554/1547/637 1455/1548/638 1454/1594/640
f 2205/1595/158 1553/1593/639 1454/1594/640 2104/1596/159
f 1533/1597/641 1614/1598/642 1615/1599/643 1534/1600/644
f 1560/1601/645 1561/1542/636 1555/1541/635 1554/1547/637
f 1650/1602/646 1653/1603/647 1613/1604/648 1532/1605/649
f 1559/1606/650 1560/1601/645 1554/1547/637 1553/1593/639
f 2213/1607/170 1559/1606/650 1553/1593/639 2205/1595/158
f 1459/1377/518 1657/1388/526 1636/1608/651 1551/1609/987
f 1558/1527/626 1557/1610/653 1455/1548/638 1456/1528/627
f 1566/1376/517 1649/1611/988 1635/1612/655 1545/1373/514
f 1522/1590/8 1467/1543/8 1502/1544/9 1479/1589/9
f 1469/1569/10 1504/1545/10 1468/1546/11 1512/1570/11
f 1557/1610/653 1556/1613/656 1454/1594/640 1455/1548/638
f 1537/1614/989 1628/1615/658 1649/1611/988 1566/1376/517
f 1641/1616/659 2300/1617/182 2296/1618/181 1638/1619/660
f 1640/1620/661 1641/1616/659 1638/1619/660 1563/1621/662
f 1639/1519/618 1640/1620/661 1563/1621/662 1562/1523/622
f 1564/1622/106 1637/1623/106 1597/1624/106 1477/1625/106
f 1508/1626/104 1612/1627/104 1610/1628/104 1509/1629/104
f 1503/1630/105 1611/1631/105 1612/1627/104 1508/1626/104
f 1507/1632/106 1609/1633/106 1579/1634/106 1470/1635/106
f 1500/1636/105 1568/1637/105 1611/1631/105 1503/1630/105
f 1509/1629/104 1610/1628/104 1571/1638/104 1497/1639/104
f 1537/1614/989 1566/1376/517 1459/1377/518 1551/1609/987
f 1546/1640/663 1537/1614/989 1551/1609/987 1549/1641/664
f 1549/1641/664 1550/1642/665 1539/1643/666 1546/1640/663
f 1538/1644/667 1539/1643/666 1550/1642/665 1552/1645/668
f 1552/1645/668 1548/1646/669 1542/1647/670 1538/1644/667
f 1588/1648/116 1607/1649/104 1599/1650/104 1589/1651/116
f 1576/1652/115 1579/1634/106 1609/1633/106 1577/1653/115
f 1595/1654/116 1575/1655/105 2325/1656/105 2324/1657/116
f 1585/1658/116 1610/1628/104 1612/1627/104 1586/1659/116
f 1570/1660/116 1569/1489/116 1572/1488/104 1571/1638/104
f 1608/1661/106 1648/1493/106 1574/1492/115 1573/1662/115
f 1586/1659/116 1612/1627/104 1611/1631/105 1587/1663/116
f 1592/1664/116 1593/1665/105 1591/1666/105 1594/1667/116
f 1614/1598/642 1617/1539/633 1654/1668/25 1798/1669/25
f 1616/1538/632 1613/1604/648 1653/1603/647 1652/1670/25
f 1627/1671/671 1634/1672/25 1649/1611/988 1628/1615/658
f 1629/1673/990 1625/1674/25 1621/1675/673 1620/1676/991
f 1623/1677/675 1634/1672/25 1626/1678/25 1624/1679/676
f 1618/1680/677 1625/1674/25 1626/1678/25 1619/1681/678
f 1633/1682/679 1460/1509/25 1461/1508/614 1630/1683/680
f 1631/1684/681 1655/1513/25 1658/1512/25 1632/1685/682
f 1615/1599/643 1614/1598/642 1798/1669/25 1656/1686/683
f 1617/1539/633 1616/1538/632 1652/1670/25 1654/1668/25
f 1635/1612/655 1649/1611/988 1634/1672/25 1623/1677/675
f 1619/1681/678 1626/1678/25 1634/1672/25 1627/1671/671
f 1622/1687/684 1621/1675/673 1625/1674/25 1618/1680/677
f 1624/1679/676 1626/1678/25 1625/1674/25 1629/1673/990
f 1632/1685/682 1658/1512/25 1460/1509/25 1633/1682/679
f 1636/1608/651 1657/1388/526 1655/1513/25 1631/1684/681
f 1578/1688/115 1580/1689/106 1579/1634/106 1576/1652/115
f 1609/1633/106 1608/1661/106 1573/1662/115 1577/1653/115
f 1581/1690/115 1582/1691/106 1580/1689/106 1578/1688/115
f 1583/1692/115 1637/1623/106 1582/1691/106 1581/1690/115
f 1585/1658/116 1570/1660/116 1571/1638/104 1610/1628/104
f 1594/1667/116 1591/1666/105 1575/1655/105 1595/1654/116
f 1583/1692/115 1584/1693/115 1597/1624/106 1637/1623/106
f 1597/1624/106 1584/1693/115 1601/1694/115 1598/1695/106
f 1587/1663/116 1611/1631/105 1568/1637/105 1567/1696/116
f 1600/1697/115 1602/1698/106 1598/1695/106 1601/1694/115
f 1603/1699/115 1604/1700/106 1602/1698/106 1600/1697/115
f 1605/1701/115 1606/1702/106 1604/1700/106 1603/1699/115
f 1567/1696/116 1568/1637/105 1607/1649/104 1588/1648/116
f 1589/1651/116 1599/1650/104 1596/1703/105 1590/1704/116
f 2326/1705/115 2328/1706/106 1606/1702/106 1605/1701/115
f 1590/1704/116 1596/1703/105 1593/1665/105 1592/1664/116
f 1647/1707/685 2308/1708/208 2300/1617/182 1641/1616/659
f 1646/1709/686 1647/1707/685 1641/1616/659 1640/1620/661
f 1645/1522/621 1646/1709/686 1640/1620/661 1639/1519/618
f 2304/1710/210 1644/1711/687 1638/1619/660 2296/1618/181
f 1644/1711/687 1643/1712/688 1563/1621/662 1638/1619/660
f 1643/1712/688 1642/1525/624 1562/1523/622 1563/1621/662
f 1556/1613/656 2209/1713/213 2104/1596/159 1454/1594/640
f 1463/1353/9 1569/1489/116 1570/1660/116 1502/1544/9
f 1497/1639/104 1571/1638/104 1572/1488/104 1464/1529/104
f 1538/1644/667 1618/1680/677 1619/1681/678 1539/1643/666
f 1504/1545/10 1573/1662/115 1574/1492/115 1462/1358/10
f 1474/1714/106 1582/1691/106 1637/1623/106 1564/1622/106
f 1540/1715/689 1620/1676/991 1621/1675/673 1541/1716/690
f 1541/1716/690 1621/1675/673 1622/1687/684 1542/1647/670
f 1543/1717/691 1623/1677/675 1624/1679/676 1544/1718/692
f 2314/1719/105 2325/1656/105 1575/1655/105 1505/1720/105
f 1471/1565/10 1576/1652/115 1577/1653/115 1469/1569/10
f 1546/1640/663 1627/1671/671 1628/1615/658 1537/1614/989
f 1473/1561/10 1578/1688/115 1576/1652/115 1471/1565/10
f 1547/1721/693 1629/1673/990 1620/1676/991 1540/1715/689
f 1470/1635/106 1579/1634/106 1580/1689/106 1472/1722/106
f 1475/1555/10 1581/1690/115 1578/1688/115 1473/1561/10
f 1472/1722/106 1580/1689/106 1582/1691/106 1474/1714/106
f 1548/1646/669 1630/1683/680 1461/1508/614 1458/1533/630
f 1476/1553/10 1583/1692/115 1581/1690/115 1475/1555/10
f 1549/1641/664 1631/1684/681 1632/1685/682 1550/1642/665
f 1478/1550/10 1584/1693/115 1583/1692/115 1476/1553/10
f 1565/1534/106 1648/1493/106 1608/1661/106 1501/1723/106
f 1479/1589/9 1585/1658/116 1586/1659/116 1480/1585/9
f 1552/1645/668 1633/1682/679 1630/1683/680 1548/1646/669
f 1495/1724/106 1606/1702/106 2328/1706/106 2319/1725/106
f 1480/1585/9 1586/1659/116 1587/1663/116 1481/1583/9
f 1534/1600/644 1615/1599/643 1656/1686/683 1651/1726/694
f 1536/1540/634 1617/1539/633 1614/1598/642 1533/1597/641
f 1481/1583/9 1587/1663/116 1567/1696/116 1482/1579/9
f 1532/1605/649 1613/1604/648 1616/1538/632 1535/1537/631
f 1482/1579/9 1567/1696/116 1588/1648/116 1483/1571/9
f 1483/1571/9 1588/1648/116 1589/1651/116 1484/1572/9
f 1484/1572/9 1589/1651/116 1590/1704/116 1485/1591/9
f 1505/1720/105 1575/1655/105 1591/1666/105 1506/1727/105
f 1545/1373/514 1635/1612/655 1623/1677/675 1543/1717/691
f 1485/1591/9 1590/1704/116 1592/1664/116 1486/1587/9
f 1539/1643/666 1619/1681/678 1627/1671/671 1546/1640/663
f 1506/1727/105 1591/1666/105 1593/1665/105 1510/1728/105
f 1486/1587/9 1592/1664/116 1594/1667/116 1487/1581/9
f 1487/1581/9 1594/1667/116 1595/1654/116 1488/1575/9
f 1542/1647/670 1622/1687/684 1618/1680/677 1538/1644/667
f 1488/1575/9 1595/1654/116 2324/1657/116 2312/1576/9
f 1510/1728/105 1593/1665/105 1596/1703/105 1511/1729/105
f 1544/1718/692 1624/1679/676 1629/1673/990 1547/1721/693
f 1477/1625/106 1597/1624/106 1598/1695/106 1489/1730/106
f 1511/1729/105 1596/1703/105 1599/1650/104 1498/1731/104
f 1492/1567/10 1600/1697/115 1601/1694/115 1490/1549/10
f 1550/1642/665 1632/1685/682 1633/1682/679 1552/1645/668
f 1489/1730/106 1598/1695/106 1602/1698/106 1491/1732/106
f 1494/1563/10 1603/1699/115 1600/1697/115 1492/1567/10
f 1551/1609/987 1636/1608/651 1631/1684/681 1549/1641/664
f 1491/1732/106 1602/1698/106 1604/1700/106 1493/1733/106
f 1496/1558/10 1605/1701/115 1603/1699/115 1494/1563/10
f 1493/1733/106 1604/1700/106 1606/1702/106 1495/1724/106
f 2313/1557/10 2326/1705/115 1605/1701/115 1496/1558/10
f 1490/1549/10 1601/1694/115 1584/1693/115 1478/1550/10
f 1498/1731/104 1599/1650/104 1607/1649/104 1499/1734/104
f 1499/1734/104 1607/1649/104 1568/1637/105 1500/1636/105
f 1501/1723/106 1608/1661/106 1609/1633/106 1507/1632/106
f 1469/1569/10 1577/1653/115 1573/1662/115 1504/1545/10
f 1502/1544/9 1570/1660/116 1585/1658/116 1479/1589/9
f 1679/1735/695 1672/1736/696 1671/1737/697 1695/1738/698
f 1677/1739/699 1678/1740/992 1686/1741/701 1663/1742/993
f 1676/1743/703 1699/1744/704 2374/1745/230 2349/1746/229
f 1675/1747/705 1698/1748/706 1699/1744/704 1676/1743/703
f 1674/1749/707 1697/1750/708 1698/1748/706 1675/1747/705
f 1673/1751/709 1696/1752/710 1697/1750/708 1674/1749/707
f 1672/1736/696 1679/1735/695 1696/1752/710 1673/1751/709
f 1670/1753/711 1694/1754/712 1695/1738/698 1671/1737/697
f 1823/1755/713 1693/1756/714 1694/1754/712 1670/1753/711
f 1828/1757/715 1682/1758/716 1835/1759/717 1831/1760/718
f 1780/1761/719 1833/1762/720 1835/1759/717 1790/1763/721
f 1669/1764/722 1692/1765/723 1828/1757/715 1824/1766/994
f 1668/1767/725 1691/1768/726 1692/1765/723 1669/1764/722
f 1664/1769/727 1687/1770/728 1678/1740/992 1677/1739/699
f 1667/1771/729 1690/1772/730 1689/1773/731 1666/1774/732
f 1666/1774/732 1689/1773/731 1688/1775/733 1665/1776/734
f 1665/1776/734 1688/1775/733 1687/1770/728 1664/1769/727
f 1663/1742/993 1686/1741/701 1685/1777/735 1662/1778/736
f 1662/1778/736 1685/1777/735 1684/1779/737 1825/1780/738
f 1693/1756/714 1827/1781/739 1833/1762/720 1684/1779/737
f 1683/1782/740 1831/1760/718 1827/1781/739 1661/1783/741
f 1826/1784/742 1682/1758/716 1681/1785/995 1660/1786/744
f 1660/1786/744 1681/1785/995 1680/1787/745 1659/1788/746
f 2375/1789/274 2374/1745/230 1699/1744/704 1690/1772/730
f 1690/1772/730 1699/1744/704 1698/1748/706 1689/1773/731
f 1689/1773/731 1698/1748/706 1697/1750/708 1688/1775/733
f 1688/1775/733 1697/1750/708 1696/1752/710 1687/1770/728
f 1687/1770/728 1696/1752/710 1679/1735/695 1678/1740/992
f 1678/1740/992 1679/1735/695 1695/1738/698 1686/1741/701
f 1686/1741/701 1695/1738/698 1694/1754/712 1685/1777/735
f 1685/1777/735 1694/1754/712 1693/1756/714 1684/1779/737
f 1824/1766/994 1828/1757/715 1831/1760/718 1830/1790/747
f 1780/1761/719 1766/1791/748 1832/1792/749 1833/1762/720
f 1682/1758/716 1828/1757/715 1692/1765/723 1681/1785/995
f 1681/1785/995 1692/1765/723 1691/1768/726 1680/1787/745
f 2350/1793/278 2375/1789/274 1690/1772/730 1667/1771/729
f 1420/1462/595 1702/1794/750 1703/1795/751 1430/1436/569
f 1349/1461/594 1700/1796/752 1702/1794/750 1420/1462/595
f 1430/1436/569 1703/1795/751 1701/1797/753 1359/1435/568
f 1702/1794/750 1706/1798/754 1707/1799/755 1703/1795/751
f 1700/1796/752 1704/1800/756 1706/1798/754 1702/1794/750
f 1703/1795/751 1707/1799/755 1705/1801/757 1701/1797/753
f 1706/1798/754 1680/1787/745 1691/1768/726 1707/1799/755
f 1704/1800/756 1659/1788/746 1680/1787/745 1706/1798/754
f 1707/1799/755 1691/1768/726 1668/1767/725 1705/1801/757
f 1732/1802/758 1724/1803/759 1723/1804/760 1750/1805/761
f 1730/1806/996 1731/1807/763 1739/1808/764 1713/1809/765
f 1728/1810/997 1754/1811/767 3769/1812/998 1729/1813/769
f 1727/1814/770 1753/1815/771 1754/1811/767 1728/1810/997
f 1726/1816/772 1752/1817/773 1753/1815/771 1727/1814/770
f 1725/1818/774 1751/1819/775 1752/1817/773 1726/1816/772
f 1724/1803/759 1732/1802/758 1751/1819/775 1725/1818/774
f 1722/1820/776 1749/1821/777 1750/1805/761 1723/1804/760
f 1721/1822/778 1748/1823/999 1749/1821/777 1722/1820/776
f 1719/1824/70 1745/1825/71 1746/1826/780 1720/1827/781
f 1718/1828/782 1744/1829/783 1745/1825/71 1719/1824/70
f 1714/1830/784 1740/1831/785 1731/1807/763 1730/1806/996
f 1717/1832/1000 1743/1833/787 1742/1834/788 1716/1835/789
f 1716/1835/789 1742/1834/788 1741/1836/790 1715/1837/791
f 1715/1837/791 1741/1836/790 1740/1831/785 1714/1830/784
f 1713/1809/765 1739/1808/764 1738/1838/792 1712/1374/515
f 1712/1374/515 1738/1838/792 1737/1839/793 1711/1375/516
f 1747/1840/794 1736/1841/795 1735/1842/796 1710/1843/797
f 1433/1422/556 1736/1841/795 1747/1840/794 1362/1421/555
f 1710/1843/797 1735/1842/796 1734/1844/1001 1709/1845/799
f 1709/1845/799 1734/1844/1001 1733/1846/800 1708/1847/1002
f 3770/1848/802 3769/1812/998 1754/1811/767 1743/1833/787
f 1743/1833/787 1754/1811/767 1753/1815/771 1742/1834/788
f 1742/1834/788 1753/1815/771 1752/1817/773 1741/1836/790
f 1741/1836/790 1752/1817/773 1751/1819/775 1740/1831/785
f 1740/1831/785 1751/1819/775 1732/1802/758 1731/1807/763
f 1731/1807/763 1732/1802/758 1750/1805/761 1739/1808/764
f 1739/1808/764 1750/1805/761 1749/1821/777 1738/1838/792
f 1738/1838/792 1749/1821/777 1748/1823/999 1737/1839/793
f 1735/1842/796 1746/1826/780 1745/1825/71 1734/1844/1001
f 1734/1844/1001 1745/1825/71 1744/1829/783 1733/1846/800
f 1937/1849/803 3770/1848/802 1743/1833/787 1717/1832/1000
f 1773/1850/804 1797/1851/805 3817/1852/806 1796/1853/1003
f 1772/1854/808 1773/1850/804 1796/1853/1003 1795/1855/809
f 1771/1856/810 1772/1854/808 1795/1855/809 1794/1857/811
f 1770/1858/812 1771/1856/810 1794/1857/811 1793/1859/813
f 1769/1860/814 1770/1858/812 1793/1859/813 1776/1861/815
f 1767/1862/1004 1768/1863/817 1792/1864/1005 1791/1865/819
f 1789/1866/1006 1767/1862/1004 1791/1865/819 1790/1763/721
f 1826/1784/742 1834/1867/821 1835/1759/717 1682/1758/716
f 1790/1763/721 1835/1759/717 1834/1867/821 1789/1866/1006
f 1765/1868/822 1779/1869/823 1683/1782/740 1788/1870/824
f 1764/1871/825 1765/1868/822 1788/1870/824 1787/1872/826
f 1760/1873/827 1774/1874/828 1775/1875/829 1783/1876/830
f 1763/1877/831 1762/1878/832 1785/1879/833 1786/1880/834
f 1762/1878/832 1761/1881/835 1784/1882/836 1785/1879/833
f 1761/1881/835 1760/1873/827 1783/1876/830 1784/1882/836
f 1759/1883/837 1758/1884/838 1781/1885/839 1782/1886/840
f 1758/1884/838 1766/1791/748 1780/1761/719 1781/1885/839
f 1684/1779/737 1833/1762/720 1832/1792/749 1825/1780/738
f 1779/1869/823 1830/1790/747 1831/1760/718 1683/1782/740
f 1757/1887/841 1756/1888/842 1778/1889/843 1661/1783/741
f 1756/1888/842 1755/1890/844 1777/1891/845 1778/1889/843
f 3818/1892/846 1786/1880/834 1796/1853/1003 3817/1852/806
f 1786/1880/834 1785/1879/833 1795/1855/809 1796/1853/1003
f 1785/1879/833 1784/1882/836 1794/1857/811 1795/1855/809
f 1784/1882/836 1783/1876/830 1793/1859/813 1794/1857/811
f 1783/1876/830 1775/1875/829 1776/1861/815 1793/1859/813
f 1775/1875/829 1782/1886/840 1792/1864/1005 1776/1861/815
f 1782/1886/840 1781/1885/839 1791/1865/819 1792/1864/1005
f 1781/1885/839 1780/1761/719 1790/1763/721 1791/1865/819
f 1661/1783/741 1827/1781/739 1829/1893/847 1757/1887/841
f 1829/1893/847 1827/1781/739 1693/1756/714 1823/1755/713
f 1661/1783/741 1778/1889/843 1788/1870/824 1683/1782/740
f 1778/1889/843 1777/1891/845 1787/1872/826 1788/1870/824
f 1769/1860/814 1776/1861/815 1792/1864/1005 1768/1863/817
f 1774/1874/828 1759/1883/837 1782/1886/840 1775/1875/829
f 3813/1894/848 1763/1877/831 1786/1880/834 3818/1892/846
f 1816/1895/849 1811/1896/850 1800/1897/851 1813/1898/852
f 1755/1890/844 1801/1899/853 1802/1900/854 1777/1891/845
f 1801/1899/853 1803/1901/855 1804/1902/856 1802/1900/854
f 1803/1901/855 1708/1847/1002 1733/1846/800 1804/1902/856
f 1718/1828/782 1805/1903/857 1806/1904/858 1744/1829/783
f 1805/1903/857 1807/1905/1007 1808/1906/860 1806/1904/858
f 1807/1905/1007 1764/1871/825 1787/1872/826 1808/1906/860
f 1733/1846/800 1744/1829/783 1806/1904/858 1804/1902/856
f 1802/1900/854 1804/1902/856 1806/1904/858 1808/1906/860
f 1787/1872/826 1777/1891/845 1802/1900/854 1808/1906/860
f 1812/1907/861 1799/1908/862 1810/1909/863 1815/1910/864
f 1814/1911/865 1809/1912/866 1653/1603/647 1650/1602/646
f 1799/1908/862 1800/1897/851 1798/1669/25 1654/1668/25
f 1809/1912/866 1810/1909/863 1652/1670/25 1653/1603/647
f 1800/1897/851 1811/1896/850 1656/1686/683 1798/1669/25
f 1810/1909/863 1799/1908/862 1654/1668/25 1652/1670/25
f 1651/1726/694 1656/1686/683 1811/1896/850 1816/1895/849
f 1815/1910/864 1810/1909/863 1809/1912/866 1814/1911/865
f 1813/1898/852 1800/1897/851 1799/1908/862 1812/1907/861
f 1352/1360/513 1817/1378/519 1818/1913/867 1423/1456/589
f 1746/1826/780 1820/1914/868 1819/1915/869 1720/1827/781
f 1422/1460/593 1822/1916/870 1821/1917/1008 1351/1457/590
f 1721/1822/778 1821/1917/1008 1822/1916/870 1748/1823/999
f 1432/1431/565 1361/1430/564 1819/1915/869 1820/1914/868
f 1711/1375/516 1737/1839/793 1818/1913/867 1817/1378/519
f 1423/1456/589 1818/1913/867 1736/1841/795 1433/1422/556
f 1735/1842/796 1736/1841/795 1820/1914/868 1746/1826/780
f 1432/1431/565 1820/1914/868 1822/1916/870 1422/1460/593
f 1737/1839/793 1748/1823/999 1822/1916/870 1818/1913/867
f 1736/1841/795 1818/1913/867 1822/1916/870 1820/1914/868
f 1827/1781/739 1831/1760/718 1835/1759/717 1833/1762/720
f 1874/1918/872 1850/1919/873 1871/1920/1009 1915/1921/875
f 1852/1922/876 1844/1923/877 1870/1924/878 1872/1925/879
f 1836/1926/880 1852/1922/876 1872/1925/879 1863/1927/881
f 1836/1926/880 1850/1919/873 1874/1918/872 1852/1922/876
f 1845/1928/882 1848/1929/883 1850/1919/873 1836/1926/880
f 1848/1929/883 1845/1928/882 1838/1930/884 1849/1931/885
f 1837/1932/886 1851/1933/887 1849/1931/885 1838/1930/884
f 1851/1933/887 1837/1932/886 1841/1934/888 1847/1935/889
f 1862/1936/890 1863/1927/881 1872/1925/879 1869/1937/25
f 1864/1938/1010 1855/1939/1011 1856/1940/893 1860/1941/25
f 1858/1942/894 1859/1943/895 1861/1944/25 1869/1937/25
f 1853/1945/896 1854/1946/1012 1861/1944/25 1860/1941/25
f 1868/1947/898 1865/1948/899 1876/1949/900 1875/1950/25
f 1866/1951/1013 1867/1952/902 1916/1953/25 1914/1954/25
f 1870/1924/878 1858/1942/894 1869/1937/25 1872/1925/879
f 1854/1946/1012 1862/1936/890 1869/1937/25 1861/1944/25
f 1857/1955/903 1853/1945/896 1860/1941/25 1856/1940/893
f 1859/1943/895 1864/1938/1010 1860/1941/25 1861/1944/25
f 1867/1952/902 1868/1947/898 1875/1950/25 1916/1953/25
f 1871/1920/1009 1866/1951/1013 1914/1954/25 1915/1921/875
f 1837/1932/886 1838/1930/884 1854/1946/1012 1853/1945/896
f 1839/1956/1014 1840/1957/905 1856/1940/893 1855/1939/1011
f 1840/1957/905 1841/1934/888 1857/1955/903 1856/1940/893
f 1842/1958/1015 1843/1959/907 1859/1943/895 1858/1942/894
f 1845/1928/882 1836/1926/880 1863/1927/881 1862/1936/890
f 1846/1960/908 1839/1956/1014 1855/1939/1011 1864/1938/1010
f 1847/1935/889 1873/1961/909 1876/1949/900 1865/1948/899
f 1848/1929/883 1849/1931/885 1867/1952/902 1866/1951/1013
f 1851/1933/887 1847/1935/889 1865/1948/899 1868/1947/898
f 1844/1923/877 1842/1958/1015 1858/1942/894 1870/1924/878
f 1838/1930/884 1845/1928/882 1862/1936/890 1854/1946/1012
f 1841/1934/888 1837/1932/886 1853/1945/896 1857/1955/903
f 1843/1959/907 1846/1960/908 1864/1938/1010 1859/1943/895
f 1849/1931/885 1851/1933/887 1868/1947/898 1867/1952/902
f 1850/1919/873 1848/1929/883 1866/1951/1013 1871/1920/1009
f 1874/1918/872 1915/1921/875 1912/1962/910 1891/1963/911
f 1893/1964/912 1913/1965/913 1911/1966/914 1885/1967/915
f 1877/1968/916 1904/1969/917 1913/1965/913 1893/1964/912
f 1877/1968/916 1893/1964/912 1874/1918/872 1891/1963/911
f 1886/1970/1016 1877/1968/916 1891/1963/911 1889/1971/919
f 1889/1971/919 1890/1972/920 1879/1973/921 1886/1970/1016
f 1878/1974/922 1879/1973/921 1890/1972/920 1892/1975/923
f 1892/1975/923 1888/1976/924 1882/1977/925 1878/1974/922
f 1903/1978/926 1910/1979/25 1913/1965/913 1904/1969/917
f 1905/1980/927 1901/1981/25 1897/1982/928 1896/1983/929
f 1899/1984/930 1910/1979/25 1902/1985/25 1900/1986/931
f 1894/1987/932 1901/1981/25 1902/1985/25 1895/1988/933
f 1909/1989/934 1875/1950/25 1876/1949/900 1906/1990/935
f 1907/1991/936 1914/1954/25 1916/1953/25 1908/1992/937
f 1911/1966/914 1913/1965/913 1910/1979/25 1899/1984/930
f 1895/1988/933 1902/1985/25 1910/1979/25 1903/1978/926
f 1898/1993/938 1897/1982/928 1901/1981/25 1894/1987/932
f 1900/1986/931 1902/1985/25 1901/1981/25 1905/1980/927
f 1908/1992/937 1916/1953/25 1875/1950/25 1909/1989/934
f 1912/1962/910 1915/1921/875 1914/1954/25 1907/1991/936
f 1878/1974/922 1894/1987/932 1895/1988/933 1879/1973/921
f 1880/1994/939 1896/1983/929 1897/1982/928 1881/1995/940
f 1881/1995/940 1897/1982/928 1898/1993/938 1882/1977/925
f 1883/1996/941 1899/1984/930 1900/1986/931 1884/1997/942
f 1886/1970/1016 1903/1978/926 1904/1969/917 1877/1968/916
f 1887/1998/943 1905/1980/927 1896/1983/929 1880/1994/939
f 1888/1976/924 1906/1990/935 1876/1949/900 1873/1961/909
f 1889/1971/919 1907/1991/936 1908/1992/937 1890/1972/920
f 1892/1975/923 1909/1989/934 1906/1990/935 1888/1976/924
f 1885/1967/915 1911/1966/914 1899/1984/930 1883/1996/941
f 1879/1973/921 1895/1988/933 1903/1978/926 1886/1970/1016
f 1882/1977/925 1898/1993/938 1894/1987/932 1878/1974/922
f 1884/1997/942 1900/1986/931 1905/1980/927 1887/1998/943
f 1890/1972/920 1908/1992/937 1909/1989/934 1892/1975/923
f 1891/1963/911 1912/1962/910 1907/1991/936 1889/1971/919
f 1921/1999/944 1922/1417/551 1928/1420/976 1927/2000/945
f 1920/2001/946 1921/1999/944 1927/2000/945 1926/2002/947
f 3938/2003/948 1919/2004/1017 1925/2005/1018 3945/2006/951
f 1919/2004/1017 1918/2007/952 1924/2008/1019 1925/2005/1018
f 1918/2007/952 1917/2009/954 1923/2010/955 1924/2008/1019
f 3945/2006/951 1925/2005/1018 1928/1420/976 3949/1419/553
f 1925/2005/1018 1924/2008/1019 1927/2000/945 1928/1420/976
f 1924/2008/1019 1923/2010/955 1926/2002/947 1927/2000/945
f 1929/2011/956 1923/2010/955 1917/2009/954 1930/2012/957
f 1931/2013/958 1926/2002/947 1923/2010/955 1929/2011/956
f 1932/2014/959 1920/2001/946 1926/2002/947 1931/2013/958
f 1376/1424/558 1932/2014/959 1931/2013/958 1445/1425/559
f 1445/1425/559 1931/2013/958 1929/2011/956 1442/1443/576
f 1442/1443/576 1929/2011/956 1930/2012/957 1372/1440/573
f 1934/2015/1020 1938/2016/1021 1939/2017/1022 1935/2018/1023
f 1548/1646/669 1508/1626/104 1509/1629/104 1542/1647/670
f 1940/2019/964 1942/2020/965 1936/2021/966 1933/2022/967
f 1499/1734/104 1500/1636/105 1344/1482/603 1338/1481/602
f 1938/2016/1021 1936/2021/966 1942/2020/965 1941/2023/25
f 1508/1626/104 1548/1646/669 1458/1533/630 1503/1630/105
f 1939/2017/1022 1938/2016/1021 1941/2023/25 1943/2024/25
f 1344/1482/603 1500/1636/105 1503/1630/105 1458/1533/630
f 1540/1715/689 1730/1806/996 1713/1809/765 1547/1721/693
f 1933/2022/967 1936/2021/966 1938/2016/1021 1934/2015/1020
f 1712/1374/515 1545/1373/514 1543/1717/691 1713/1809/765
f 3962/2025/1024 1944/2026/1025 1946/2027/1026 1948/2028/1027
f 1947/2029/1028 1945/2030/973 1942/2020/965 1940/2019/964
f 1340/1531/629 1354/1345/506 1343/1344/505
f 1945/2030/973 1946/2027/1026 1941/2023/25 1942/2020/965
f 1339/1348/509 1354/1345/506 1340/1531/629
f 1946/2027/1026 1944/2026/1025 1943/2024/25 1941/2023/25
f 1547/1721/693 1713/1809/765 1544/1718/692
f 1948/2028/1027 1946/2027/1026 1945/2030/973 1947/2029/1028
f 1713/1809/765 1543/1717/691 1544/1718/692
f 1819/1915/869 1651/1726/694 1816/1895/849 1720/1827/781
f 1651/1726/694 1819/1915/869 1361/1430/564 1534/1600/644
f 1719/1824/70 1816/1895/849 1813/1898/852 1718/1828/782
f 1360/1429/563 1359/1435/568 1533/1597/641 1534/1600/644
f 1718/1828/782 1813/1898/852 1812/1907/861 1805/1903/857
f 1536/1540/634 1533/1597/641 1359/1435/568 1701/1797/753
f 1805/1903/857 1812/1907/861 1815/1910/864 1807/1905/1007
f 1535/1537/631 1536/1540/634 1701/1797/753 1705/1801/757
f 1807/1905/1007 1815/1910/864 1814/1911/865 1764/1871/825
f 1532/1605/649 1535/1537/631 1705/1801/757 1668/1767/725
f 1779/1869/823 1814/1911/865 1650/1602/646 1830/1790/747
f 1532/1605/649 1824/1766/994 1830/1790/747 1650/1602/646
f 1764/1871/825 1814/1911/865 1779/1869/823 1765/1868/822
f 1669/1764/722 1824/1766/994 1532/1605/649 1668/1767/725
f 1719/1824/70 1720/1827/781 1816/1895/849
f 1361/1430/564 1360/1429/563 1534/1600/644
f 1832/1792/749 1874/1918/872 1893/1964/912 1825/1780/738
f 1766/1791/748 1852/1922/876 1874/1918/872 1832/1792/749
f 1825/1780/738 1893/1964/912 1885/1967/915 1662/1778/736
f 1758/1884/838 1844/1923/877 1852/1922/876 1766/1791/748
f 1474/1714/106 1888/1976/924 1873/1961/909 1472/1722/106
f 1472/1722/106 1873/1961/909 1847/1935/889 1470/1635/106
f 1564/1622/106 1882/1977/925 1888/1976/924 1474/1714/106
f 1470/1635/106 1847/1935/889 1841/1934/888 1507/1632/106
f 1663/1742/993 1887/1998/943 1880/1994/939 1677/1739/699
f 1759/1883/837 1842/1958/1015 1844/1923/877 1758/1884/838
f 1663/1742/993 1883/1996/941 1884/1997/942
f 1884/1997/942 1887/1998/943 1663/1742/993
f 1662/1778/736 1885/1967/915 1883/1996/941 1663/1742/993
f 1759/1883/837 1846/1960/908 1843/1959/907
f 1774/1874/828 1839/1956/1014 1846/1960/908 1759/1883/837
f 1843/1959/907 1842/1958/1015 1759/1883/837
f 2220/1536/147 2314/1719/105 1505/1720/105 1358/1444/577
f 1358/1444/577 1505/1720/105 1506/1727/105 1357/1445/578
f 1357/1445/578 1506/1727/105 1510/1728/105 1356/1450/583
f 1356/1450/583 1510/1728/105 1511/1729/105 1355/1437/570
f 1355/1437/570 1511/1729/105 1498/1731/104 1384/1346/507
f 1337/1530/628 1499/1734/104 1338/1481/602
f 1336/1347/974 1384/1346/507 1337/1530/628
f 3304/1467/105 1937/1849/803 1717/1832/1000 1326/1463/105
f 1326/1463/105 1717/1832/1000 1716/1835/789 1327/1464/104
f 1327/1464/104 1716/1835/789 1715/1837/791 1321/1473/104
f 1321/1473/104 1715/1837/791 1714/1830/784 1464/1529/104
f 1464/1529/104 1714/1830/784 1730/1806/996 1497/1639/104
f 1541/1716/690 1542/1647/670 1509/1629/104
f 1540/1715/689 1541/1716/690 1730/1806/996
f 1730/1806/996 1541/1716/690 1509/1629/104 1497/1639/104
f 1384/1346/507 1498/1731/104 1499/1734/104 1337/1530/628
f 2319/1725/106 2350/1793/278 1667/1771/729 1495/1724/106
f 1495/1724/106 1667/1771/729 1666/1774/732 1493/1733/106
f 1493/1733/106 1666/1774/732 1665/1776/734 1491/1732/106
f 1491/1732/106 1665/1776/734 1664/1769/727 1489/1730/106
f 1489/1730/106 1664/1769/727 1677/1739/699 1477/1625/106
f 1564/1622/106 1881/1995/940 1882/1977/925
f 1316/1470/106 1763/1877/831 3813/1894/848 1318/1532/106
f 1325/1469/106 1762/1878/832 1763/1877/831 1316/1470/106
f 1322/1535/106 1761/1881/835 1762/1878/832 1325/1469/106
f 1565/1534/106 1760/1873/827 1761/1881/835 1322/1535/106
f 1501/1723/106 1774/1874/828 1760/1873/827 1565/1534/106
f 1840/1957/905 1839/1956/1014 1774/1874/828
f 1677/1739/699 1880/1994/939 1881/1995/940
f 1477/1625/106 1677/1739/699 1881/1995/940 1564/1622/106
f 1841/1934/888 1840/1957/905 1507/1632/106
f 1507/1632/106 1840/1957/905 1774/1874/828 1501/1723/106
f 1449/1396/533 1558/1527/626 1450/1526/625 1383/1392/530
f 1383/1392/530 1450/1526/625 1642/1525/624 1378/1382/523
f 1557/1610/653 1558/1527/626 1449/1396/533
f 2209/1713/213 1556/1613/656 1448/1399/536 2017/1518/133
f 1556/1613/656 1557/1610/653 1449/1396/533 1448/1399/536
f 1377/1379/520 1644/1711/687 2304/1710/210 2020/1395/36
f 1378/1382/523 1643/1712/688 1644/1711/687 1377/1379/520
f 1643/1712/688 1378/1382/523 1642/1525/624
f 1376/1424/558 1947/2029/1028 1940/2019/964 1932/2014/959
f 1932/2014/959 1940/2019/964 1933/2022/967 1920/2001/946
f 3963/1418/552 1922/1417/551 1934/2015/1020 1935/2018/1023
f 3962/2025/1024 1948/2028/1027 1374/1427/561 1373/1433/978
f 1374/1427/561 1948/2028/1027 1947/2029/1028 1375/1423/977
f 1921/1999/944 1933/2022/967 1934/2015/1020 1922/1417/551
f 1921/1999/944 1920/2001/946 1933/2022/967
f 1376/1424/558 1375/1423/977 1947/2029/1028
f 1773/1850/804 1919/2004/1017 3938/2003/948 1797/1851/805
f 1728/1810/997 1729/1813/769 3959/1452/980 1370/1448/979
f 1371/1441/574 1727/1814/770 1728/1810/997 1370/1448/979
f 1772/1854/808 1918/2007/952 1919/2004/1017 1773/1850/804
f 1659/1788/746 1704/1800/756 1930/2012/957 1917/2009/954
f 1704/1800/756 1700/1796/752 1372/1440/573 1930/2012/957
f 1659/1788/746 1917/2009/954 1918/2007/952 1660/1786/744
f 1371/1441/574 1372/1440/573 1700/1796/752 1349/1461/594
f 1561/1542/636 1708/1847/1002 1803/1901/855 1452/1521/620
f 1452/1521/620 1803/1901/855 1801/1899/853 1645/1522/621
f 1645/1522/621 1801/1899/853 1755/1890/844 1646/1709/686
f 1560/1601/645 1709/1845/799 1708/1847/1002 1561/1542/636
f 1369/1401/537 1559/1606/650 2213/1607/170 2204/1402/45
f 1368/1405/539 1560/1601/645 1559/1606/650 1369/1401/537
f 1647/1707/685 1676/1743/703 2349/1746/229 2308/1708/208
f 1646/1709/686 1675/1747/705 1676/1743/703 1647/1707/685
f 1670/1753/711 1756/1888/842 1757/1887/841 1823/1755/713
f 1671/1737/697 1755/1890/844 1756/1888/842 1670/1753/711
f 1829/1893/847 1823/1755/713 1757/1887/841
f 1834/1867/821 1826/1784/742 1789/1866/1006
f 1660/1786/744 1767/1862/1004 1789/1866/1006 1826/1784/742
f 1771/1856/810 1918/2007/952 1772/1854/808
f 1674/1749/707 1675/1747/705 1646/1709/686
f 1747/1840/794 1710/1843/797 1362/1421/555
f 1362/1421/555 1710/1843/797 1709/1845/799 1363/1413/547
f 1821/1917/1008 1721/1822/778 1351/1457/590
f 1351/1457/590 1721/1822/778 1722/1820/776 1350/1458/591
f 1350/1458/591 1722/1820/776 1723/1804/760 1349/1461/594
f 1724/1803/759 1349/1461/594 1723/1804/760
f 1560/1601/645 1368/1405/539 1367/1407/541
f 1560/1601/645 1367/1407/541 1366/1409/543
f 1365/1411/545 1709/1845/799 1560/1601/645 1366/1409/543
f 1364/1414/548 1709/1845/799 1365/1411/545
f 1363/1413/547 1709/1845/799 1364/1414/548
f 1725/1818/774 1371/1441/574 1349/1461/594 1724/1803/759
f 1726/1816/772 1371/1441/574 1725/1818/774
f 1727/1814/770 1371/1441/574 1726/1816/772
f 1672/1736/696 1755/1890/844 1671/1737/697
f 1674/1749/707 1646/1709/686 1673/1751/709
f 1767/1862/1004 1660/1786/744 1768/1863/817
f 1768/1863/817 1660/1786/744 1769/1860/814
f 1769/1860/814 1660/1786/744 1918/2007/952 1770/1858/812
f 1770/1858/812 1918/2007/952 1771/1856/810
f 1672/1736/696 1673/1751/709 1646/1709/686 1755/1890/844
f 1983/2031/1 1976/2032/1029 2028/2033/3 1994/2034/4
f 1979/2035/1030 1994/2034/4 1993/2036/515 1981/2037/1031
f 1949/2038/8 2117/2039/8 2114/2040/9 1961/2041/9
f 1963/2042/10 2113/2043/10 2116/2044/11 1950/2045/11
f 1993/2036/515 1992/2046/12 2029/2047/13 1981/2037/1031
f 1955/705/10 1953/2048/10 1968/2049/11 1969/706/11
f 1953/2048/10 1951/2050/10 1967/2051/11 1968/2049/11
f 1957/2052/9 1958/714/9 1972/713/8 1971/2053/8
f 1956/2054/9 1957/2052/9 1971/2053/8 1970/2055/8
f 2196/2056/15 2222/2057/16 2387/2058/17 2388/2059/18
f 2110/2060/19 2498/2061/20 2387/2058/17 2222/2057/16
f 2029/2047/13 1992/2046/12 2498/2061/20 2110/2060/19
f 2018/2062/21 2019/2063/22 2022/2064/23 2021/2065/24
f 2021/2065/24 2026/2066/25 2024/1384/25 2023/1383/26
f 2110/2060/19 2329/2067/27 2064/2068/28 1987/2069/29
f 2022/2064/23 2025/2070/30 2026/2066/25 2021/2065/24
f 2029/2047/13 2108/2071/31 2063/2072/1032 1981/2037/1031
f 1970/2055/8 1949/2038/8 1961/2041/9 1956/2054/9
f 1951/2050/10 1963/2042/10 1950/2045/11 1967/2051/11
f 2019/2063/22 2027/2073/33 2025/2070/30 2022/2064/23
f 1973/2074/1033 2056/2075/1034 2108/2071/31 2029/2047/13
f 2020/1395/36 2018/2062/21 2021/2065/24 2023/1383/26
f 2099/2076/37 2098/2077/38 2096/2078/39 2097/2079/40
f 2095/1400/41 2024/1384/25 2026/2066/25 2096/2078/39
f 2009/2080/42 2086/2081/43 2293/1403/44 2204/1402/45
f 2008/2082/46 2085/2083/47 2086/2081/43 2009/2080/42
f 2007/2084/48 2084/2085/49 2085/2083/47 2008/2082/46
f 2006/2086/50 2083/2087/1035 2084/2085/49 2007/2084/48
f 2005/2088/52 2066/2089/53 2083/2087/1035 2006/2086/50
f 2003/2090/54 2081/2091/1036 2082/2092/56 2004/2093/57
f 2604/2094/58 2611/2095/1037 2612/757/553 2630/756/552
f 2002/2096/62 2080/2097/63 2081/2091/1036 2003/2090/54
f 2015/2098/64 2093/2099/65 2094/2100/66 2016/2101/67
f 2014/2102/68 2092/2103/69 2093/2099/65 2015/2098/64
f 2000/2104/70 2078/2105/71 2079/2106/72 2001/2107/73
f 2013/771/566 2091/772/567 2092/2103/69 2014/2102/68
f 1999/2108/76 2077/2109/77 2078/2105/71 2000/2104/70
f 1995/2110/78 2073/2111/79 2065/2112/80 2028/2033/3
f 2012/2113/81 2090/2114/82 2089/2115/83 2011/2116/1038
f 1998/2117/85 2076/2118/86 2075/2119/87 1997/2120/88
f 2011/2116/1038 2089/2115/83 2088/2121/89 2010/2122/1039
f 1997/2120/88 2075/2119/87 2074/2123/91 1996/2124/92
f 2010/2122/1039 2088/2121/89 2087/791/586 2625/790/585
f 1996/2124/92 2074/2123/91 2073/2111/79 1995/2110/78
f 1994/2034/4 2072/2125/95 2071/2126/96 1993/2036/515
f 1993/2036/515 2071/2126/96 2070/2127/97 1992/2046/12
f 1991/2128/98 2069/2129/99 2068/2130/100 1990/2131/101
f 1990/2131/101 2068/2130/100 2067/2132/102 1989/2133/103
f 1965/2134/105 2045/2135/105 2043/2136/105 1966/2137/105
f 1962/805/105 2044/806/105 2045/2135/105 1965/2134/105
f 1964/2138/106 2042/2139/106 2036/2140/106 1952/2141/106
f 1966/2137/105 2043/2136/105 2031/2142/105 1959/2143/105
f 1973/2074/1033 2029/2047/13 2110/2060/19 1987/2069/29
f 1982/2144/107 1973/2074/1033 1987/2069/29 1985/2145/108
f 1985/2145/108 1986/2146/1040 1975/2147/110 1982/2144/107
f 1974/2148/111 1975/2147/110 1986/2146/1040 1988/2149/112
f 1988/2149/112 1984/2150/113 1978/2151/114 1974/2148/111
f 2033/2152/115 2036/2140/106 2042/2139/106 2034/2153/115
f 2038/2154/116 2043/2136/105 2045/2135/105 2039/2155/116
f 2030/2156/116 2225/2157/116 2228/2158/104 2031/2142/105
f 2041/2159/106 2309/2160/106 2230/2161/115 2032/2162/115
f 2039/2155/116 2045/2135/105 2044/806/105 2040/832/116
f 2055/2163/1041 2062/2164/25 2108/2071/31 2056/2075/1034
f 2057/2165/119 2053/2166/25 2049/2167/120 2048/2168/121
f 2051/2169/122 2062/2164/25 2054/2170/25 2052/2171/123
f 2046/2172/124 2053/2166/25 2054/2170/25 2047/2173/1042
f 2061/2174/126 2111/2175/25 2112/2176/127 2058/2177/1043
f 2059/2178/1044 2323/2179/25 2330/2180/25 2060/2181/130
f 2063/2072/1032 2108/2071/31 2062/2164/25 2051/2169/122
f 2047/2173/1042 2054/2170/25 2062/2164/25 2055/2163/1041
f 2050/2182/131 2049/2167/120 2053/2166/25 2046/2172/124
f 2052/2171/123 2054/2170/25 2053/2166/25 2057/2165/119
f 2060/2181/130 2330/2180/25 2111/2175/25 2061/2174/126
f 2064/2068/28 2329/2067/27 2323/2179/25 2059/2178/1044
f 2035/853/115 2037/854/106 2036/2140/106 2033/2152/115
f 2042/2139/106 2041/2159/106 2032/2162/115 2034/2153/115
f 2038/2154/116 2030/2156/116 2031/2142/105 2043/2136/105
f 2310/1517/132 2293/1403/44 2086/2081/43 2076/2118/86
f 2076/2118/86 2086/2081/43 2085/2083/47 2075/2119/87
f 2075/2119/87 2085/2083/47 2084/2085/49 2074/2123/91
f 2074/2123/91 2084/2085/49 2083/2087/1035 2073/2111/79
f 2073/2111/79 2083/2087/1035 2066/2089/53 2065/2112/80
f 2065/2112/80 2066/2089/53 2082/2092/56 2072/2125/95
f 2072/2125/95 2082/2092/56 2081/2091/1036 2071/2126/96
f 2071/2126/96 2081/2091/1036 2080/2097/63 2070/2127/97
f 2069/2129/99 2079/2106/72 2078/2105/71 2068/2130/100
f 2068/2130/100 2078/2105/71 2077/2109/77 2067/2132/102
f 2090/2114/82 2094/2100/66 2093/2099/65 2089/2115/83
f 2089/2115/83 2093/2099/65 2092/2103/69 2088/2121/89
f 2088/2121/89 2092/2103/69 2091/772/567 2087/791/586
f 2096/2078/39 2026/2066/25 2025/2070/30 2097/2079/40
f 2027/2073/33 2099/2076/37 2097/2079/40 2025/2070/30
f 2098/2077/38 2017/1518/133 2095/1400/41 2096/2078/39
f 2297/2183/134 2305/2184/135 2102/2185/136 2103/2186/137
f 2217/2187/138 2297/2183/134 2103/2186/137 2101/2188/139
f 2301/2189/140 2217/2187/138 2101/2188/139 2100/2190/141
f 2100/2190/141 2101/2188/139 2107/2191/142 2212/2192/143
f 2114/2040/9 2225/2157/116 2030/2156/116 1961/2041/9
f 1959/2143/105 2031/2142/105 2228/2158/104 2115/2193/104
f 1974/2148/111 2046/2172/124 2047/2173/1042 1975/2147/110
f 1963/2042/10 2032/2162/115 2230/2161/115 2113/2043/10
f 1976/2032/1029 2048/2168/121 2049/2167/120 1977/2194/144
f 1977/2194/144 2049/2167/120 2050/2182/131 1978/2151/114
f 1979/2035/1030 2051/2169/122 2052/2171/123 1980/2195/145
f 1953/2048/10 2033/2152/115 2034/2153/115 1951/2050/10
f 1982/2144/107 2055/2163/1041 2056/2075/1034 1973/2074/1033
f 1955/705/10 2035/853/115 2033/2152/115 1953/2048/10
f 1983/2031/1 2057/2165/119 2048/2168/121 1976/2032/1029
f 1952/2141/106 2036/2140/106 2037/854/106 1954/868/106
f 1984/2150/113 2058/2177/1043 2112/2176/127 2109/2196/146
f 1985/2145/108 2059/2178/1044 2060/2181/130 1986/2146/1040
f 2221/2197/106 2309/2160/106 2041/2159/106 1960/2198/106
f 1956/2054/9 2038/2154/116 2039/2155/116 1957/2052/9
f 1988/2149/112 2061/2174/126 2058/2177/1043 1984/2150/113
f 1957/2052/9 2039/2155/116 2040/832/116 1958/714/9
f 2005/2088/52 2004/2093/57 2082/2092/56 2066/2089/53
f 2028/2033/3 2065/2112/80 2072/2125/95 1994/2034/4
f 2220/1536/147 2310/1517/132 2076/2118/86 1998/2117/85
f 1981/2037/1031 2063/2072/1032 2051/2169/122 1979/2035/1030
f 1975/2147/110 2047/2173/1042 2055/2163/1041 1982/2144/107
f 1978/2151/114 2050/2182/131 2046/2172/124 1974/2148/111
f 1980/2195/145 2052/2171/123 2057/2165/119 1983/2031/1
f 1986/2146/1040 2060/2181/130 2061/2174/126 1988/2149/112
f 1987/2069/29 2064/2068/28 2059/2178/1044 1985/2145/108
f 1960/2198/106 2041/2159/106 2042/2139/106 1964/2138/106
f 1951/2050/10 2034/2153/115 2032/2162/115 1963/2042/10
f 1961/2041/9 2030/2156/116 2038/2154/116 1956/2054/9
f 2186/2199/1045 2187/2200/149 2273/2201/150 2272/2202/151
f 2101/2188/139 2103/2186/137 2208/2203/152 2107/2191/142
f 2103/2186/137 2102/2185/136 2216/2204/153 2208/2203/152
f 2118/2205/8 2153/2206/9 2114/2040/9 2117/2039/8
f 2155/2207/10 2119/2208/11 2116/2044/11 2113/2043/10
f 2207/2209/154 2106/2210/155 2107/2191/142 2208/2203/152
f 2141/2211/10 2169/2212/11 2168/2213/11 2129/2214/10
f 2129/2214/10 2168/2213/11 2167/2215/11 2127/2216/10
f 2127/2216/10 2167/2215/11 2166/2217/11 2126/2218/10
f 2313/1557/10 2315/1560/11 2172/2219/11 2147/2220/10
f 2126/2218/10 2166/2217/11 2165/2221/11 2124/2222/10
f 2147/2220/10 2172/2219/11 2171/2223/11 2145/2224/10
f 2124/2222/10 2165/2221/11 2164/2225/11 2122/2226/10
f 2145/2224/10 2171/2223/11 2170/2227/11 2143/2228/10
f 2143/2228/10 2170/2227/11 2169/2212/11 2141/2211/10
f 2122/2226/10 2164/2225/11 2163/2229/11 2120/2230/10
f 2134/2231/9 2177/2232/8 2178/2233/8 2135/2234/9
f 2139/2235/9 2182/2236/8 2316/1577/8 2312/1576/9
f 2133/2237/9 2176/2238/8 2177/2232/8 2134/2231/9
f 2138/2239/9 2181/2240/8 2182/2236/8 2139/2235/9
f 2132/2241/9 2175/2242/8 2176/2238/8 2133/2237/9
f 2131/2243/9 2174/2244/8 2175/2242/8 2132/2241/9
f 2137/2245/9 2180/2246/8 2181/2240/8 2138/2239/9
f 2130/2247/9 2173/2248/8 2174/2244/8 2131/2243/9
f 2136/2249/9 2179/2250/8 2180/2246/8 2137/2245/9
f 2135/2234/9 2178/2233/8 2179/2250/8 2136/2249/9
f 2206/2251/156 2105/2252/157 2106/2210/155 2207/2209/154
f 2205/1595/158 2104/1596/159 2105/2252/157 2206/2251/156
f 2184/2253/160 2185/2254/161 2271/2255/162 2270/2256/163
f 2215/2257/164 2207/2209/154 2208/2203/152 2216/2204/153
f 2317/2258/165 2183/2259/166 2269/2260/167 2321/2261/168
f 2214/2262/169 2206/2251/156 2207/2209/154 2215/2257/164
f 2213/1607/170 2205/1595/158 2206/2251/156 2214/2262/169
f 2110/2060/19 2202/2263/171 2292/2264/172 2329/2067/27
f 2212/2192/143 2107/2191/142 2106/2210/155 2211/2265/173
f 2222/2057/16 2196/2056/15 2291/2266/174 2311/2267/1046
f 2173/2248/8 2130/2247/9 2153/2206/9 2118/2205/8
f 2120/2230/10 2163/2229/11 2119/2208/11 2155/2207/10
f 2211/2265/173 2106/2210/155 2105/2252/157 2210/2268/176
f 2188/2269/177 2222/2057/16 2311/2267/1046 2284/2270/178
f 2299/2271/179 2295/2272/180 2296/1618/181 2300/1617/182
f 2298/2273/183 2218/2274/184 2295/2272/180 2299/2271/179
f 2297/2183/134 2217/2187/138 2218/2274/184 2298/2273/183
f 2219/2275/106 2128/2276/106 2253/2277/106 2294/2278/106
f 2159/2279/104 2160/2280/104 2266/2281/104 2268/2282/104
f 2154/2283/104 2159/2279/104 2268/2282/104 2267/2284/104
f 2158/2285/106 2121/2286/106 2235/2287/106 2265/2288/106
f 2151/2289/105 2154/2283/104 2267/2284/104 2224/2290/105
f 2160/2280/104 2148/2291/104 2227/2292/104 2266/2281/104
f 2188/2269/177 2202/2263/171 2110/2060/19 2222/2057/16
f 2197/2293/185 2200/2294/186 2202/2263/171 2188/2269/177
f 2200/2294/186 2197/2293/185 2190/2295/187 2201/2296/1047
f 2189/2297/189 2203/2298/190 2201/2296/1047 2190/2295/187
f 2203/2298/190 2189/2297/189 2193/2299/191 2199/2300/192
f 2244/2301/116 2245/2302/116 2255/2303/104 2263/2304/104
f 2232/2305/115 2233/2306/115 2265/2288/106 2235/2287/106
f 2251/2307/116 2324/1657/116 2325/1656/105 2231/2308/105
f 2241/2309/116 2242/2310/116 2268/2282/104 2266/2281/104
f 2226/2311/116 2227/2292/104 2228/2158/104 2225/2157/116
f 2264/2312/106 2229/2313/115 2230/2161/115 2309/2160/106
f 2242/2310/116 2243/2314/116 2267/2284/104 2268/2282/104
f 2248/2315/116 2250/2316/116 2247/2317/105 2249/2318/105
f 2270/2256/163 2477/2319/25 2322/2320/25 2273/2201/150
f 2272/2202/151 2320/2321/25 2321/2261/168 2269/2260/167
f 2283/2322/193 2284/2270/178 2311/2267/1046 2290/2323/25
f 2285/2324/1048 2276/2325/1049 2277/2326/196 2281/2327/25
f 2279/2328/197 2280/2329/1050 2282/2330/25 2290/2323/25
f 2274/2331/199 2275/2332/200 2282/2330/25 2281/2327/25
f 2289/2333/201 2286/2334/202 2112/2176/127 2111/2175/25
f 2287/2335/203 2288/2336/1051 2330/2180/25 2323/2179/25
f 2271/2255/162 2327/2337/205 2477/2319/25 2270/2256/163
f 2273/2201/150 2322/2320/25 2320/2321/25 2272/2202/151
f 2291/2266/174 2279/2328/197 2290/2323/25 2311/2267/1046
f 2275/2332/200 2283/2322/193 2290/2323/25 2282/2330/25
f 2278/2338/206 2274/2331/199 2281/2327/25 2277/2326/196
f 2280/2329/1050 2285/2324/1048 2281/2327/25 2282/2330/25
f 2288/2336/1051 2289/2333/201 2111/2175/25 2330/2180/25
f 2292/2264/172 2287/2335/203 2323/2179/25 2329/2067/27
f 2234/2339/115 2232/2305/115 2235/2287/106 2236/2340/106
f 2265/2288/106 2233/2306/115 2229/2313/115 2264/2312/106
f 2237/2341/115 2234/2339/115 2236/2340/106 2238/2342/106
f 2239/2343/115 2237/2341/115 2238/2342/106 2294/2278/106
f 2241/2309/116 2266/2281/104 2227/2292/104 2226/2311/116
f 2250/2316/116 2251/2307/116 2231/2308/105 2247/2317/105
f 2239/2343/115 2294/2278/106 2253/2277/106 2240/2344/115
f 2253/2277/106 2254/2345/106 2257/2346/115 2240/2344/115
f 2243/2314/116 2223/2347/116 2224/2290/105 2267/2284/104
f 2256/2348/115 2257/2346/115 2254/2345/106 2258/2349/106
f 2259/2350/115 2256/2348/115 2258/2349/106 2260/2351/106
f 2261/2352/115 2259/2350/115 2260/2351/106 2262/2353/106
f 2223/2347/116 2244/2301/116 2263/2304/104 2224/2290/105
f 2245/2302/116 2246/2354/116 2252/2355/105 2255/2303/104
f 2326/1705/115 2261/2352/115 2262/2353/106 2328/1706/106
f 2246/2354/116 2248/2315/116 2249/2318/105 2252/2355/105
f 2307/2356/207 2299/2271/179 2300/1617/182 2308/1708/208
f 2306/2357/209 2298/2273/183 2299/2271/179 2307/2356/207
f 2305/2184/135 2297/2183/134 2298/2273/183 2306/2357/209
f 2304/1710/210 2296/1618/181 2295/2272/180 2303/2358/211
f 2303/2358/211 2295/2272/180 2218/2274/184 2302/2359/212
f 2302/2359/212 2218/2274/184 2217/2187/138 2301/2189/140
f 2210/2268/176 2105/2252/157 2104/1596/159 2209/1713/213
f 2114/2040/9 2153/2206/9 2226/2311/116 2225/2157/116
f 2148/2291/104 2115/2193/104 2228/2158/104 2227/2292/104
f 2189/2297/189 2190/2295/187 2275/2332/200 2274/2331/199
f 2155/2207/10 2113/2043/10 2230/2161/115 2229/2313/115
f 2125/2360/106 2219/2275/106 2294/2278/106 2238/2342/106
f 2191/2361/214 2192/2362/215 2277/2326/196 2276/2325/1049
f 2192/2362/215 2193/2299/191 2278/2338/206 2277/2326/196
f 2194/2363/216 2195/2364/217 2280/2329/1050 2279/2328/197
f 2314/1719/105 2156/2365/105 2231/2308/105 2325/1656/105
f 2122/2226/10 2120/2230/10 2233/2306/115 2232/2305/115
f 2197/2293/185 2188/2269/177 2284/2270/178 2283/2322/193
f 2124/2222/10 2122/2226/10 2232/2305/115 2234/2339/115
f 2198/2366/1052 2191/2361/214 2276/2325/1049 2285/2324/1048
f 2121/2286/106 2123/2367/106 2236/2340/106 2235/2287/106
f 2126/2218/10 2124/2222/10 2234/2339/115 2237/2341/115
f 2123/2367/106 2125/2360/106 2238/2342/106 2236/2340/106
f 2199/2300/192 2109/2196/146 2112/2176/127 2286/2334/202
f 2127/2216/10 2126/2218/10 2237/2341/115 2239/2343/115
f 2200/2294/186 2201/2296/1047 2288/2336/1051 2287/2335/203
f 2129/2214/10 2127/2216/10 2239/2343/115 2240/2344/115
f 2221/2197/106 2152/2368/106 2264/2312/106 2309/2160/106
f 2130/2247/9 2131/2243/9 2242/2310/116 2241/2309/116
f 2203/2298/190 2199/2300/192 2286/2334/202 2289/2333/201
f 2146/2369/106 2319/1725/106 2328/1706/106 2262/2353/106
f 2131/2243/9 2132/2241/9 2243/2314/116 2242/2310/116
f 2185/2254/161 2318/2370/219 2327/2337/205 2271/2255/162
f 2187/2200/149 2184/2253/160 2270/2256/163 2273/2201/150
f 2132/2241/9 2133/2237/9 2223/2347/116 2243/2314/116
f 2183/2259/166 2186/2199/1045 2272/2202/151 2269/2260/167
f 2133/2237/9 2134/2231/9 2244/2301/116 2223/2347/116
f 2134/2231/9 2135/2234/9 2245/2302/116 2244/2301/116
f 2135/2234/9 2136/2249/9 2246/2354/116 2245/2302/116
f 2156/2365/105 2157/2371/105 2247/2317/105 2231/2308/105
f 2196/2056/15 2194/2363/216 2279/2328/197 2291/2266/174
f 2136/2249/9 2137/2245/9 2248/2315/116 2246/2354/116
f 2190/2295/187 2197/2293/185 2283/2322/193 2275/2332/200
f 2157/2371/105 2161/2372/105 2249/2318/105 2247/2317/105
f 2137/2245/9 2138/2239/9 2250/2316/116 2248/2315/116
f 2138/2239/9 2139/2235/9 2251/2307/116 2250/2316/116
f 2193/2299/191 2189/2297/189 2274/2331/199 2278/2338/206
f 2139/2235/9 2312/1576/9 2324/1657/116 2251/2307/116
f 2161/2372/105 2162/2373/105 2252/2355/105 2249/2318/105
f 2195/2364/217 2198/2366/1052 2285/2324/1048 2280/2329/1050
f 2128/2276/106 2140/2374/106 2254/2345/106 2253/2277/106
f 2162/2373/105 2149/2375/104 2255/2303/104 2252/2355/105
f 2143/2228/10 2141/2211/10 2257/2346/115 2256/2348/115
f 2201/2296/1047 2203/2298/190 2289/2333/201 2288/2336/1051
f 2140/2374/106 2142/2376/106 2258/2349/106 2254/2345/106
f 2145/2224/10 2143/2228/10 2256/2348/115 2259/2350/115
f 2202/2263/171 2200/2294/186 2287/2335/203 2292/2264/172
f 2142/2376/106 2144/2377/106 2260/2351/106 2258/2349/106
f 2147/2220/10 2145/2224/10 2259/2350/115 2261/2352/115
f 2144/2377/106 2146/2369/106 2262/2353/106 2260/2351/106
f 2313/1557/10 2147/2220/10 2261/2352/115 2326/1705/115
f 2141/2211/10 2129/2214/10 2240/2344/115 2257/2346/115
f 2149/2375/104 2150/2378/104 2263/2304/104 2255/2303/104
f 2150/2378/104 2151/2289/105 2224/2290/105 2263/2304/104
f 2152/2368/106 2158/2285/106 2265/2288/106 2264/2312/106
f 2120/2230/10 2155/2207/10 2229/2313/115 2233/2306/115
f 2153/2206/9 2130/2247/9 2241/2309/116 2226/2311/116
f 2353/2379/220 2369/2380/221 2343/2381/222 2344/2382/223
f 2351/2383/224 2335/2384/225 2360/2385/1053 2352/2386/227
f 2348/2387/228 2349/1746/229 2374/1745/230 2373/2388/1054
f 2347/2389/232 2348/2387/228 2373/2388/1054 2372/2390/233
f 2346/2391/234 2347/2389/232 2372/2390/233 2371/2392/235
f 2345/2393/236 2346/2391/234 2371/2392/235 2370/2394/237
f 2344/2382/223 2345/2393/236 2370/2394/237 2353/2379/220
f 2342/2395/238 2343/2381/222 2369/2380/221 2368/2396/239
f 2504/2397/240 2342/2395/238 2368/2396/239 2367/2398/241
f 2509/2399/1055 2512/2400/243 2516/2401/244 2356/2402/245
f 2458/2403/246 2468/2404/247 2516/2401/244 2514/2405/248
f 2341/2406/249 2505/2407/1056 2509/2399/1055 2366/2408/251
f 2340/2409/252 2341/2406/249 2366/2408/251 2365/2410/253
f 2336/2411/254 2351/2383/224 2352/2386/227 2361/2412/255
f 2339/2413/256 2338/2414/257 2363/2415/258 2364/2416/259
f 2338/2414/257 2337/2417/260 2362/2418/261 2363/2415/258
f 2337/2417/260 2336/2411/254 2361/2412/255 2362/2418/261
f 2335/2384/225 2334/2419/262 2359/2420/263 2360/2385/1053
f 2334/2419/262 2506/2421/264 2358/2422/265 2359/2420/263
f 2367/2398/241 2358/2422/265 2514/2405/248 2508/2423/266
f 2357/2424/1057 2333/2425/268 2508/2423/266 2512/2400/243
f 2507/2426/269 2332/2427/270 2355/2428/271 2356/2402/245
f 2332/2427/270 2331/2429/272 2354/2430/273 2355/2428/271
f 2375/1789/274 2364/2416/259 2373/2388/1054 2374/1745/230
f 2364/2416/259 2363/2415/258 2372/2390/233 2373/2388/1054
f 2363/2415/258 2362/2418/261 2371/2392/235 2372/2390/233
f 2362/2418/261 2361/2412/255 2370/2394/237 2371/2392/235
f 2361/2412/255 2352/2386/227 2353/2379/220 2370/2394/237
f 2352/2386/227 2360/2385/1053 2369/2380/221 2353/2379/220
f 2360/2385/1053 2359/2420/263 2368/2396/239 2369/2380/221
f 2359/2420/263 2358/2422/265 2367/2398/241 2368/2396/239
f 2505/2407/1056 2511/2431/1058 2512/2400/243 2509/2399/1055
f 2458/2403/246 2514/2405/248 2513/2432/276 2444/2433/277
f 2356/2402/245 2355/2428/271 2366/2408/251 2509/2399/1055
f 2355/2428/271 2354/2430/273 2365/2410/253 2366/2408/251
f 2350/1793/278 2339/2413/256 2364/2416/259 2375/1789/274
f 2067/2132/102 2077/2109/77 2379/2434/279 2378/2435/280
f 1989/2133/103 2067/2132/102 2378/2435/280 2376/2436/281
f 2077/2109/77 1999/2108/76 2377/2437/1059 2379/2434/279
f 2378/2435/280 2379/2434/279 2383/2438/283 2382/2439/1060
f 2376/2436/281 2378/2435/280 2382/2439/1060 2380/2440/285
f 2379/2434/279 2377/2437/1059 2381/2441/1061 2383/2438/283
f 2382/2439/1060 2383/2438/283 2365/2410/253 2354/2430/273
f 2380/2440/285 2382/2439/1060 2354/2430/273 2331/2429/272
f 2383/2438/283 2381/2441/1061 2340/2409/252 2365/2410/253
f 2408/2442/287 2426/2443/288 2399/2444/289 2400/2445/290
f 2406/2446/291 2389/2447/292 2415/2448/293 2407/2449/294
f 2404/2450/1062 2405/1126/769 2431/1125/768 2430/2451/298
f 2403/2452/299 2404/2450/1062 2430/2451/298 2429/2453/300
f 2402/2454/301 2403/2452/299 2429/2453/300 2428/2455/302
f 2401/2456/303 2402/2454/301 2428/2455/302 2427/2457/304
f 2400/2445/290 2401/2456/303 2427/2457/304 2408/2442/287
f 2398/2458/305 2399/2444/289 2426/2443/288 2425/2459/306
f 2397/2460/307 2398/2458/305 2425/2459/306 2424/2461/1063
f 2395/2462/563 2396/2463/310 2422/2464/311 2421/2465/312
f 2394/2466/313 2395/2462/563 2421/2465/312 2420/2467/314
f 2390/2468/315 2406/2446/291 2407/2449/294 2416/2469/316
f 2393/2470/1064 2392/2471/318 2418/2472/319 2419/2473/320
f 2392/2471/318 2391/2474/321 2417/2475/322 2418/2472/319
f 2391/2474/321 2390/2468/315 2416/2469/316 2417/2475/322
f 2389/2447/292 2388/2059/18 2414/2476/323 2415/2448/293
f 2388/2059/18 2387/2058/17 2413/2477/324 2414/2476/323
f 2423/2478/325 2386/2479/326 2411/2480/327 2412/2481/328
f 2080/2097/63 2002/2096/62 2423/2478/325 2412/2481/328
f 2386/2479/326 2385/2482/329 2410/2483/330 2411/2480/327
f 2385/2482/329 2384/2484/331 2409/2485/332 2410/2483/330
f 2432/1161/802 2419/2473/320 2430/2451/298 2431/1125/768
f 2419/2473/320 2418/2472/319 2429/2453/300 2430/2451/298
f 2418/2472/319 2417/2475/322 2428/2455/302 2429/2453/300
f 2417/2475/322 2416/2469/316 2427/2457/304 2428/2455/302
f 2416/2469/316 2407/2449/294 2408/2442/287 2427/2457/304
f 2407/2449/294 2415/2448/293 2426/2443/288 2408/2442/287
f 2415/2448/293 2414/2476/323 2425/2459/306 2426/2443/288
f 2414/2476/323 2413/2477/324 2424/2461/1063 2425/2459/306
f 2411/2480/327 2410/2483/330 2421/2465/312 2422/2464/311
f 2410/2483/330 2409/2485/332 2420/2467/314 2421/2465/312
f 2621/1162/803 2393/2470/1064 2419/2473/320 2432/1161/802
f 2451/2486/335 2474/2487/1065 2480/1165/806 2475/1164/805
f 2450/2488/339 2473/2489/340 2474/2487/1065 2451/2486/335
f 2449/2490/341 2472/2491/342 2473/2489/340 2450/2488/339
f 2448/2492/343 2471/2493/344 2472/2491/342 2449/2490/341
f 2447/2494/345 2454/2495/346 2471/2493/344 2448/2492/343
f 2445/2496/347 2469/2497/348 2470/2498/349 2446/2499/350
f 2467/2500/1066 2468/2404/247 2469/2497/348 2445/2496/347
f 2507/2426/269 2356/2402/245 2516/2401/244 2515/2501/352
f 2468/2404/247 2467/2500/1066 2515/2501/352 2516/2401/244
f 2443/2502/353 2466/2503/354 2357/2424/1057 2457/2504/355
f 2442/2505/356 2465/2506/357 2466/2503/354 2443/2502/353
f 2438/2507/358 2461/2508/359 2453/2509/360 2452/2510/361
f 2441/2511/1067 2464/2512/1068 2463/2513/364 2440/2514/365
f 2440/2514/365 2463/2513/364 2462/2515/366 2439/2516/367
f 2439/2516/367 2462/2515/366 2461/2508/359 2438/2507/358
f 2437/2517/368 2460/2518/369 2459/2519/370 2436/2520/371
f 2436/2520/371 2459/2519/370 2458/2403/246 2444/2433/277
f 2358/2422/265 2506/2421/264 2513/2432/276 2514/2405/248
f 2457/2504/355 2357/2424/1057 2512/2400/243 2511/2431/1058
f 2435/2521/372 2333/2425/268 2456/2522/373 2434/2523/374
f 2434/2523/374 2456/2522/373 2455/2524/375 2433/2525/376
f 2481/1205/846 2480/1165/806 2474/2487/1065 2464/2512/1068
f 2464/2512/1068 2474/2487/1065 2473/2489/340 2463/2513/364
f 2463/2513/364 2473/2489/340 2472/2491/342 2462/2515/366
f 2462/2515/366 2472/2491/342 2471/2493/344 2461/2508/359
f 2461/2508/359 2471/2493/344 2454/2495/346 2453/2509/360
f 2453/2509/360 2454/2495/346 2470/2498/349 2460/2518/369
f 2460/2518/369 2470/2498/349 2469/2497/348 2459/2519/370
f 2459/2519/370 2469/2497/348 2468/2404/247 2458/2403/246
f 2333/2425/268 2435/2521/372 2510/2526/378 2508/2423/266
f 2510/2526/378 2504/2397/240 2367/2398/241 2508/2423/266
f 2333/2425/268 2357/2424/1057 2466/2503/354 2456/2522/373
f 2456/2522/373 2466/2503/354 2465/2506/357 2455/2524/375
f 2447/2494/345 2446/2499/350 2470/2498/349 2454/2495/346
f 2452/2510/361 2453/2509/360 2460/2518/369 2437/2517/368
f 2476/1207/848 2481/1205/846 2464/2512/1068 2441/2511/1067
f 2497/2527/380 2494/2528/381 2479/2529/382 2492/2530/383
f 2433/2525/376 2455/2524/375 2483/2531/384 2482/2532/385
f 2482/2532/385 2483/2531/384 2485/2533/386 2484/2534/387
f 2484/2534/387 2485/2533/386 2409/2485/332 2384/2484/331
f 2394/2466/313 2420/2467/314 2487/2535/388 2486/2536/389
f 2486/2536/389 2487/2535/388 2489/2537/390 2488/2538/1069
f 2488/2538/1069 2489/2537/390 2465/2506/357 2442/2505/356
f 2409/2485/332 2485/2533/386 2487/2535/388 2420/2467/314
f 2483/2531/384 2489/2537/390 2487/2535/388 2485/2533/386
f 2465/2506/357 2489/2537/390 2483/2531/384 2455/2524/375
f 2493/2539/392 2496/2540/393 2491/2541/394 2478/2542/395
f 2495/2543/396 2317/2258/165 2321/2261/168 2490/2544/397
f 2478/2542/395 2322/2320/25 2477/2319/25 2479/2529/382
f 2490/2544/397 2321/2261/168 2320/2321/25 2491/2541/394
f 2479/2529/382 2477/2319/25 2327/2337/205 2492/2530/383
f 2491/2541/394 2320/2321/25 2322/2320/25 2478/2542/395
f 2318/2370/219 2497/2527/380 2492/2530/383 2327/2337/205
f 2496/2540/393 2495/2543/396 2490/2544/397 2491/2541/394
f 2494/2528/381 2493/2539/392 2478/2542/395 2479/2529/382
f 1992/2046/12 2070/2127/97 2499/2545/398 2498/2061/20
f 2422/2464/311 2396/2463/310 2500/2546/399 2501/2547/400
f 2069/2129/99 1991/2128/98 2502/2548/1070 2503/2549/402
f 2397/2460/307 2424/2461/1063 2503/2549/402 2502/2548/1070
f 2079/2106/72 2501/2547/400 2500/2546/399 2001/2107/73
f 2387/2058/17 2498/2061/20 2499/2545/398 2413/2477/324
f 2070/2127/97 2080/2097/63 2412/2481/328 2499/2545/398
f 2411/2480/327 2422/2464/311 2501/2547/400 2412/2481/328
f 2079/2106/72 2069/2129/99 2503/2549/402 2501/2547/400
f 2413/2477/324 2499/2545/398 2503/2549/402 2424/2461/1063
f 2412/2481/328 2501/2547/400 2503/2549/402 2499/2545/398
f 2508/2423/266 2514/2405/248 2516/2401/244 2512/2400/243
f 2555/2550/403 2596/2551/404 2552/2552/1071 2531/2553/406
f 2533/2554/407 2553/2555/408 2551/2556/409 2525/2557/410
f 2517/2558/1072 2544/2559/412 2553/2555/408 2533/2554/407
f 2517/2558/1072 2533/2554/407 2555/2550/403 2531/2553/406
f 2526/2560/413 2517/2558/1072 2531/2553/406 2529/2561/414
f 2529/2561/414 2530/2562/1073 2519/2563/1074 2526/2560/413
f 2518/2564/417 2519/2563/1074 2530/2562/1073 2532/2565/418
f 2532/2565/418 2528/2566/419 2522/2567/420 2518/2564/417
f 2543/2568/421 2550/2569/25 2553/2555/408 2544/2559/412
f 2545/2570/422 2541/2571/25 2537/2572/423 2536/2573/424
f 2539/2574/425 2550/2569/25 2542/2575/25 2540/2576/426
f 2534/2577/1075 2541/2571/25 2542/2575/25 2535/2578/428
f 2549/2579/429 2556/2580/25 2557/2581/430 2546/2582/431
f 2547/2583/432 2595/2584/25 2597/2585/25 2548/2586/433
f 2551/2556/409 2553/2555/408 2550/2569/25 2539/2574/425
f 2535/2578/428 2542/2575/25 2550/2569/25 2543/2568/421
f 2538/2587/434 2537/2572/423 2541/2571/25 2534/2577/1075
f 2540/2576/426 2542/2575/25 2541/2571/25 2545/2570/422
f 2548/2586/433 2597/2585/25 2556/2580/25 2549/2579/429
f 2552/2552/1071 2596/2551/404 2595/2584/25 2547/2583/432
f 2518/2564/417 2534/2577/1075 2535/2578/428 2519/2563/1074
f 2520/2588/435 2536/2573/424 2537/2572/423 2521/2589/436
f 2521/2589/436 2537/2572/423 2538/2587/434 2522/2567/420
f 2523/2590/437 2539/2574/425 2540/2576/426 2524/2591/438
f 2526/2560/413 2543/2568/421 2544/2559/412 2517/2558/1072
f 2527/2592/439 2545/2570/422 2536/2573/424 2520/2588/435
f 2528/2566/419 2546/2582/431 2557/2581/430 2554/2593/440
f 2529/2561/414 2547/2583/432 2548/2586/433 2530/2562/1073
f 2532/2565/418 2549/2579/429 2546/2582/431 2528/2566/419
f 2525/2557/410 2551/2556/409 2539/2574/425 2523/2590/437
f 2519/2563/1074 2535/2578/428 2543/2568/421 2526/2560/413
f 2522/2567/420 2538/2587/434 2534/2577/1075 2518/2564/417
f 2524/2591/438 2540/2576/426 2545/2570/422 2527/2592/439
f 2530/2562/1073 2548/2586/433 2549/2579/429 2532/2565/418
f 2531/2553/406 2552/2552/1071 2547/2583/432 2529/2561/414
f 2555/2550/403 2572/2594/441 2593/2595/442 2596/2551/404
f 2574/2596/443 2566/2597/444 2592/2598/445 2594/2599/446
f 2558/2600/447 2574/2596/443 2594/2599/446 2585/2601/448
f 2558/2600/447 2572/2594/441 2555/2550/403 2574/2596/443
f 2567/2602/1076 2570/2603/450 2572/2594/441 2558/2600/447
f 2570/2603/450 2567/2602/1076 2560/2604/451 2571/2605/1077
f 2559/2606/453 2573/2607/454 2571/2605/1077 2560/2604/451
f 2573/2607/454 2559/2606/453 2563/2608/455 2569/2609/456
f 2584/2610/457 2585/2601/448 2594/2599/446 2591/2611/25
f 2586/2612/458 2577/2613/459 2578/2614/460 2582/2615/25
f 2580/2616/461 2581/2617/462 2583/2618/25 2591/2611/25
f 2575/2619/463 2576/2620/464 2583/2618/25 2582/2615/25
f 2590/2621/465 2587/2622/466 2557/2581/430 2556/2580/25
f 2588/2623/467 2589/2624/468 2597/2585/25 2595/2584/25
f 2592/2598/445 2580/2616/461 2591/2611/25 2594/2599/446
f 2576/2620/464 2584/2610/457 2591/2611/25 2583/2618/25
f 2579/2625/469 2575/2619/463 2582/2615/25 2578/2614/460
f 2581/2617/462 2586/2612/458 2582/2615/25 2583/2618/25
f 2589/2624/468 2590/2621/465 2556/2580/25 2597/2585/25
f 2593/2595/442 2588/2623/467 2595/2584/25 2596/2551/404
f 2559/2606/453 2560/2604/451 2576/2620/464 2575/2619/463
f 2561/2626/470 2562/2627/471 2578/2614/460 2577/2613/459
f 2562/2627/471 2563/2608/455 2579/2625/469 2578/2614/460
f 2564/2628/472 2565/2629/473 2581/2617/462 2580/2616/461
f 2567/2602/1076 2558/2600/447 2585/2601/448 2584/2610/457
f 2568/2630/474 2561/2626/470 2577/2613/459 2586/2612/458
f 2569/2609/456 2554/2593/440 2557/2581/430 2587/2622/466
f 2570/2603/450 2571/2605/1077 2589/2624/468 2588/2623/467
f 2573/2607/454 2569/2609/456 2587/2622/466 2590/2621/465
f 2566/2597/444 2564/2628/472 2580/2616/461 2592/2598/445
f 2560/2604/451 2567/2602/1076 2584/2610/457 2576/2620/464
f 2563/2608/455 2559/2606/453 2575/2619/463 2579/2625/469
f 2565/2629/473 2568/2630/474 2586/2612/458 2581/2617/462
f 2571/2605/1077 2573/2607/454 2590/2621/465 2589/2624/468
f 2572/2594/441 2570/2603/450 2588/2623/467 2593/2595/442
f 2603/2631/475 2610/2632/476 2611/2095/1037 2604/2094/58
f 2602/2633/477 2609/2634/478 2610/2632/476 2603/2631/475
f 2601/1316/948 2608/1319/951 2607/2635/1078 2600/2636/1079
f 2600/2636/1079 2607/2635/1078 2606/2637/483 2599/2638/484
f 2599/2638/484 2606/2637/483 2605/2639/485 2598/2640/486
f 2608/1319/951 2612/757/553 2611/2095/1037 2607/2635/1078
f 2607/2635/1078 2611/2095/1037 2610/2632/476 2606/2637/483
f 2606/2637/483 2610/2632/476 2609/2634/478 2605/2639/485
f 2613/2641/487 2614/2642/488 2598/2640/486 2605/2639/485
f 2615/2643/489 2613/2641/487 2605/2639/485 2609/2634/478
f 2616/2644/490 2615/2643/489 2609/2634/478 2602/2633/477
f 2016/2101/67 2094/2100/66 2615/2643/489 2616/2644/490
f 2094/2100/66 2090/2114/82 2613/2641/487 2615/2643/489
f 2090/2114/82 2012/2113/81 2614/2642/488 2613/2641/487
f 2618/2645/1080 2619/1331/963 2623/1330/962 2622/2646/1081
f 2199/2300/192 2193/2299/191 2160/2280/104 2159/2279/104
f 2624/2647/495 2617/2648/496 2620/2649/497 2627/2650/498
f 2150/2378/104 1978/2151/114 1984/2150/113 2151/2289/105
f 2622/2646/1081 2626/2651/25 2627/2650/498 2620/2649/497
f 2159/2279/104 2154/2283/104 2109/2196/146 2199/2300/192
f 2623/1330/962 2628/1337/25 2626/2651/25 2622/2646/1081
f 1984/2150/113 2109/2196/146 2154/2283/104 2151/2289/105
f 2191/2361/214 2198/2366/1052 2389/2447/292 2406/2446/291
f 2617/2648/496 2618/2645/1080 2622/2646/1081 2620/2649/497
f 2388/2059/18 2389/2447/292 2194/2363/216 2196/2056/15
f 2629/1338/968 2635/2652/1082 2633/2653/1083 2631/1339/969
f 2634/2654/1084 2624/2647/495 2627/2650/498 2632/2655/504
f 1980/2195/145 1983/2031/1 1994/2034/4
f 2632/2655/504 2627/2650/498 2626/2651/25 2633/2653/1083
f 1979/2035/1030 1980/2195/145 1994/2034/4
f 2633/2653/1083 2626/2651/25 2628/1337/25 2631/1339/969
f 2198/2366/1052 2195/2364/217 2389/2447/292
f 2635/2652/1082 2634/2654/1084 2632/2655/504 2633/2653/1083
f 2389/2447/292 2195/2364/217 2194/2363/216
f 2500/2546/399 2396/2463/310 2497/2527/380 2318/2370/219
f 2318/2370/219 2185/2254/161 2001/2107/73 2500/2546/399
f 2395/2462/563 2394/2466/313 2494/2528/381 2497/2527/380
f 2000/2104/70 2185/2254/161 2184/2253/160 1999/2108/76
f 2394/2466/313 2486/2536/389 2493/2539/392 2494/2528/381
f 2187/2200/149 2377/2437/1059 1999/2108/76 2184/2253/160
f 2486/2536/389 2488/2538/1069 2496/2540/393 2493/2539/392
f 2186/2199/1045 2381/2441/1061 2377/2437/1059 2187/2200/149
f 2488/2538/1069 2442/2505/356 2495/2543/396 2496/2540/393
f 2183/2259/166 2340/2409/252 2381/2441/1061 2186/2199/1045
f 2457/2504/355 2511/2431/1058 2317/2258/165 2495/2543/396
f 2183/2259/166 2317/2258/165 2511/2431/1058 2505/2407/1056
f 2442/2505/356 2443/2502/353 2457/2504/355 2495/2543/396
f 2341/2406/249 2340/2409/252 2183/2259/166 2505/2407/1056
f 2395/2462/563 2497/2527/380 2396/2463/310
f 2001/2107/73 2185/2254/161 2000/2104/70
f 2513/2432/276 2506/2421/264 2574/2596/443 2555/2550/403
f 2444/2433/277 2513/2432/276 2555/2550/403 2533/2554/407
f 2506/2421/264 2334/2419/262 2566/2597/444 2574/2596/443
f 2436/2520/371 2444/2433/277 2533/2554/407 2525/2557/410
f 2125/2360/106 2123/2367/106 2554/2593/440 2569/2609/456
f 2123/2367/106 2121/2286/106 2528/2566/419 2554/2593/440
f 2219/2275/106 2125/2360/106 2569/2609/456 2563/2608/455
f 2121/2286/106 2158/2285/106 2522/2567/420 2528/2566/419
f 2335/2384/225 2351/2383/224 2561/2626/470 2568/2630/474
f 2437/2517/368 2436/2520/371 2525/2557/410 2523/2590/437
f 2335/2384/225 2565/2629/473 2564/2628/472
f 2565/2629/473 2335/2384/225 2568/2630/474
f 2334/2419/262 2335/2384/225 2564/2628/472 2566/2597/444
f 2437/2517/368 2524/2591/438 2527/2592/439
f 2452/2510/361 2437/2517/368 2527/2592/439 2520/2588/435
f 2524/2591/438 2437/2517/368 2523/2590/437
f 2220/1536/147 1998/2117/85 2156/2365/105 2314/1719/105
f 1998/2117/85 1997/2120/88 2157/2371/105 2156/2365/105
f 1997/2120/88 1996/2124/92 2161/2372/105 2157/2371/105
f 1996/2124/92 1995/2110/78 2162/2373/105 2161/2372/105
f 1995/2110/78 2028/2033/3 2149/2375/104 2162/2373/105
f 1977/2194/144 1978/2151/114 2150/2378/104
f 1976/2032/1029 1977/2194/144 2028/2033/3
f 1962/805/105 1965/2134/105 2393/2470/1064 2621/1162/803
f 1965/2134/105 1966/2137/105 2392/2471/318 2393/2470/1064
f 1966/2137/105 1959/2143/105 2391/2474/321 2392/2471/318
f 1959/2143/105 2115/2193/104 2390/2468/315 2391/2474/321
f 2115/2193/104 2148/2291/104 2406/2446/291 2390/2468/315
f 2192/2362/215 2160/2280/104 2193/2299/191
f 2191/2361/214 2406/2446/291 2192/2362/215
f 2406/2446/291 2148/2291/104 2160/2280/104 2192/2362/215
f 2028/2033/3 1977/2194/144 2150/2378/104 2149/2375/104
f 2319/1725/106 2146/2369/106 2339/2413/256 2350/1793/278
f 2146/2369/106 2144/2377/106 2338/2414/257 2339/2413/256
f 2144/2377/106 2142/2376/106 2337/2417/260 2338/2414/257
f 2142/2376/106 2140/2374/106 2336/2411/254 2337/2417/260
f 2140/2374/106 2128/2276/106 2351/2383/224 2336/2411/254
f 2219/2275/106 2563/2608/455 2562/2627/471
f 1952/2141/106 1954/868/106 2476/1207/848 2441/2511/1067
f 1964/2138/106 1952/2141/106 2441/2511/1067 2440/2514/365
f 1960/2198/106 1964/2138/106 2440/2514/365 2439/2516/367
f 2221/2197/106 1960/2198/106 2439/2516/367 2438/2507/358
f 2152/2368/106 2221/2197/106 2438/2507/358 2452/2510/361
f 2521/2589/436 2452/2510/361 2520/2588/435
f 2351/2383/224 2562/2627/471 2561/2626/470
f 2128/2276/106 2219/2275/106 2562/2627/471 2351/2383/224
f 2522/2567/420 2158/2285/106 2521/2589/436
f 2158/2285/106 2152/2368/106 2452/2510/361 2521/2589/436
f 2099/2076/37 2027/2073/33 2100/2190/141 2212/2192/143
f 2027/2073/33 2019/2063/22 2301/2189/140 2100/2190/141
f 2211/2265/173 2099/2076/37 2212/2192/143
f 2209/1713/213 2017/1518/133 2098/2077/38 2210/2268/176
f 2210/2268/176 2098/2077/38 2099/2076/37 2211/2265/173
f 2018/2062/21 2020/1395/36 2304/1710/210 2303/2358/211
f 2019/2063/22 2018/2062/21 2303/2358/211 2302/2359/212
f 2302/2359/212 2301/2189/140 2019/2063/22
f 2016/2101/67 2616/2644/490 2624/2647/495 2634/2654/1084
f 2616/2644/490 2602/2633/477 2617/2648/496 2624/2647/495
f 2630/756/552 2619/1331/963 2618/2645/1080 2604/2094/58
f 2629/1338/968 2013/771/566 2014/2102/68 2635/2652/1082
f 2014/2102/68 2015/2098/64 2634/2654/1084 2635/2652/1082
f 2603/2631/475 2604/2094/58 2618/2645/1080 2617/2648/496
f 2603/2631/475 2617/2648/496 2602/2633/477
f 2016/2101/67 2634/2654/1084 2015/2098/64
f 2451/2486/335 2475/1164/805 2601/1316/948 2600/2636/1079
f 2404/2450/1062 2010/2122/1039 2625/790/585 2405/1126/769
f 2011/2116/1038 2010/2122/1039 2404/2450/1062 2403/2452/299
f 2450/2488/339 2451/2486/335 2600/2636/1079 2599/2638/484
f 2331/2429/272 2598/2640/486 2614/2642/488 2380/2440/285
f 2380/2440/285 2614/2642/488 2012/2113/81 2376/2436/281
f 2331/2429/272 2332/2427/270 2599/2638/484 2598/2640/486
f 2011/2116/1038 1989/2133/103 2376/2436/281 2012/2113/81
f 2216/2204/153 2102/2185/136 2484/2534/387 2384/2484/331
f 2102/2185/136 2305/2184/135 2482/2532/385 2484/2534/387
f 2305/2184/135 2306/2357/209 2433/2525/376 2482/2532/385
f 2215/2257/164 2216/2204/153 2384/2484/331 2385/2482/329
f 2009/2080/42 2204/1402/45 2213/1607/170 2214/2262/169
f 2008/2082/46 2009/2080/42 2214/2262/169 2215/2257/164
f 2307/2356/207 2308/1708/208 2349/1746/229 2348/2387/228
f 2306/2357/209 2307/2356/207 2348/2387/228 2347/2389/232
f 2342/2395/238 2504/2397/240 2435/2521/372 2434/2523/374
f 2343/2381/222 2342/2395/238 2434/2523/374 2433/2525/376
f 2510/2526/378 2435/2521/372 2504/2397/240
f 2515/2501/352 2467/2500/1066 2507/2426/269
f 2332/2427/270 2507/2426/269 2467/2500/1066 2445/2496/347
f 2449/2490/341 2450/2488/339 2599/2638/484
f 2346/2391/234 2306/2357/209 2347/2389/232
f 2423/2478/325 2002/2096/62 2386/2479/326
f 2002/2096/62 2003/2090/54 2385/2482/329 2386/2479/326
f 2502/2548/1070 1991/2128/98 2397/2460/307
f 1991/2128/98 1990/2131/101 2398/2458/305 2397/2460/307
f 1990/2131/101 1989/2133/103 2399/2444/289 2398/2458/305
f 2400/2445/290 2399/2444/289 1989/2133/103
f 2215/2257/164 2007/2084/48 2008/2082/46
f 2215/2257/164 2006/2086/50 2007/2084/48
f 2005/2088/52 2006/2086/50 2215/2257/164 2385/2482/329
f 2004/2093/57 2005/2088/52 2385/2482/329
f 2003/2090/54 2004/2093/57 2385/2482/329
f 2401/2456/303 2400/2445/290 1989/2133/103 2011/2116/1038
f 2402/2454/301 2401/2456/303 2011/2116/1038
f 2403/2452/299 2402/2454/301 2011/2116/1038
f 2344/2382/223 2343/2381/222 2433/2525/376
f 2346/2391/234 2345/2393/236 2306/2357/209
f 2445/2496/347 2446/2499/350 2332/2427/270
f 2446/2499/350 2447/2494/345 2332/2427/270
f 2447/2494/345 2448/2492/343 2599/2638/484 2332/2427/270
f 2448/2492/343 2449/2490/341 2599/2638/484
f 2344/2382/223 2433/2525/376 2306/2357/209 2345/2393/236
f 2670/2656/505 2681/2657/506 2711/2658/507 2663/2659/508
f 2666/2660/1085 2668/2661/510 2680/2662/511 2681/2657/506
f 2636/2663/8 2648/2664/9 2795/2665/9 2798/2666/8
f 2650/2667/10 2637/2668/11 2797/2669/11 2794/2670/10
f 2680/2662/511 2668/2661/510 2712/2671/512 2679/2672/513
f 2642/2673/10 2656/2674/11 2655/2675/11 2640/2676/10
f 2640/2676/10 2655/2675/11 2654/2677/11 2638/2678/10
f 2644/2679/9 2658/2680/8 2659/2681/8 2645/2682/14
f 2643/2683/9 2657/2684/8 2658/2680/8 2644/2679/9
f 2877/2685/514 3044/2686/515 3043/2687/516 2898/2688/517
f 2791/2689/518 2898/2688/517 3043/2687/516 3154/2690/519
f 2712/2671/512 2791/2689/518 3154/2690/519 2679/2672/513
f 2704/2691/520 2706/2692/521 2707/2693/522 2705/2694/523
f 2706/2692/521 3363/2695/26 3364/2696/25 2709/2697/25
f 2791/2689/518 2674/2698/524 2747/2699/525 2989/2700/526
f 2707/2693/522 2706/2692/521 2709/2697/25 2708/2701/527
f 2712/2671/512 2668/2661/510 2746/2702/528 2789/2703/529
f 2657/2684/8 2643/2683/9 2648/2664/9 2636/2663/8
f 2638/2678/10 2654/2677/11 2637/2668/11 2650/2667/10
f 2705/2694/523 2707/2693/522 2708/2701/527 2710/2704/530
f 2660/2705/531 2712/2671/512 2789/2703/529 2739/2706/975
f 3360/2707/36 3363/2695/26 2706/2692/521 2704/2691/520
f 2781/2708/533 2779/2709/534 2778/2710/535 2780/2711/536
f 3434/2712/41 2778/2710/535 2709/2697/25 3364/2696/25
f 2696/2713/537 3543/2714/45 3632/2715/44 2769/2716/538
f 2695/2717/539 2696/2713/537 2769/2716/538 2768/2718/540
f 2694/2719/541 2695/2717/539 2768/2718/540 2767/2720/542
f 2693/2721/543 2694/2719/541 2767/2720/542 2766/2722/544
f 2692/2723/545 2693/2721/543 2766/2722/544 2749/2724/546
f 2690/2725/547 2691/2726/548 2765/2727/549 2764/2728/550
f 3260/2729/551 3286/2730/1086 3268/2731/1087 3267/2732/976
f 2689/2733/555 2690/2725/547 2764/2728/550 2763/2734/556
f 2702/2735/977 2703/2736/558 2777/2737/559 2776/2738/560
f 2701/2739/561 2702/2735/977 2776/2738/560 2775/2740/562
f 2687/2741/563 2688/2742/564 2762/2743/565 2761/2744/312
f 2700/2745/1088 2701/2739/561 2775/2740/562 2774/2746/1089
f 2686/2747/568 2687/2741/563 2761/2744/312 2760/2748/569
f 2682/2749/570 2711/2658/507 2748/2750/571 2756/2751/572
f 2699/2752/573 2698/2753/574 2772/2754/575 2773/2755/576
f 2685/2756/577 2684/2757/578 2758/2758/1090 2759/2759/580
f 2698/2753/574 2697/2760/979 2771/2761/582 2772/2754/575
f 2684/2757/578 2683/2762/583 2757/2763/584 2758/2758/1090
f 2697/2760/979 3281/2764/1091 2770/2765/1092 2771/2761/582
f 2683/2762/583 2682/2749/570 2756/2751/572 2757/2763/584
f 2681/2657/506 2680/2662/511 2754/2766/587 2755/2767/588
f 2680/2662/511 2679/2672/513 2753/2768/589 2754/2766/587
f 2678/2769/590 2677/2770/591 2751/2771/592 2752/2772/593
f 2677/2770/591 2676/2773/594 2750/2774/595 2751/2771/592
f 2652/2775/104 2653/2776/104 2726/2777/104 2728/2778/104
f 2649/2779/104 2652/2775/104 2728/2778/104 2727/2780/104
f 2651/2781/106 2639/2782/106 2719/2783/106 2725/2784/106
f 2653/2776/104 2646/2785/105 2714/2786/105 2726/2777/104
f 2660/2705/531 2674/2698/524 2791/2689/518 2712/2671/512
f 2669/2787/596 2672/2788/597 2674/2698/524 2660/2705/531
f 2672/2788/597 2669/2787/596 2662/2789/598 2673/2790/982
f 2661/2791/600 2675/2792/601 2673/2790/982 2662/2789/598
f 2675/2792/601 2661/2791/600 2665/2793/602 2671/2794/603
f 2716/2795/115 2717/2796/115 2725/2784/106 2719/2783/106
f 2721/2797/1093 2722/2798/1093 2728/2778/104 2726/2777/104
f 2713/2799/1093 2714/2786/105 2904/2800/105 2901/2801/1093
f 2724/2802/106 2715/2803/115 2906/2804/115 2980/2805/106
f 2722/2798/1093 2723/2806/117 2727/2780/104 2728/2778/104
f 2738/2807/604 2739/2706/975 2789/2703/529 2745/2808/25
f 2740/2809/605 2731/2810/606 2732/2811/607 2736/2812/25
f 2734/2813/608 2735/2814/609 2737/2815/25 2745/2808/25
f 2729/2816/610 2730/2817/984 2737/2815/25 2736/2812/25
f 2744/2818/985 2741/2819/613 2793/2820/614 2792/2821/25
f 2742/2822/615 2743/2823/616 2990/2824/25 2987/2825/25
f 2746/2702/528 2734/2813/608 2745/2808/25 2789/2703/529
f 2730/2817/984 2738/2807/604 2745/2808/25 2737/2815/25
f 2733/2826/617 2729/2816/610 2736/2812/25 2732/2811/607
f 2735/2814/609 2740/2809/605 2736/2812/25 2737/2815/25
f 2743/2823/616 2744/2818/985 2792/2821/25 2990/2824/25
f 2747/2699/525 2742/2822/615 2987/2825/25 2989/2700/526
f 2718/2827/115 2716/2795/115 2719/2783/106 2720/2828/106
f 2725/2784/106 2717/2796/115 2715/2803/115 2724/2802/106
f 2721/2797/1093 2726/2777/104 2714/2786/105 2713/2799/1093
f 3649/2829/132 2759/2759/580 2769/2716/538 3632/2715/44
f 2759/2759/580 2758/2758/1090 2768/2718/540 2769/2716/538
f 2758/2758/1090 2757/2763/584 2767/2720/542 2768/2718/540
f 2757/2763/584 2756/2751/572 2766/2722/544 2767/2720/542
f 2756/2751/572 2748/2750/571 2749/2724/546 2766/2722/544
f 2748/2750/571 2755/2767/588 2765/2727/549 2749/2724/546
f 2755/2767/588 2754/2766/587 2764/2728/550 2765/2727/549
f 2754/2766/587 2753/2768/589 2763/2734/556 2764/2728/550
f 2752/2772/593 2751/2771/592 2761/2744/312 2762/2743/565
f 2751/2771/592 2750/2774/595 2760/2748/569 2761/2744/312
f 2773/2755/576 2772/2754/575 2776/2738/560 2777/2737/559
f 2772/2754/575 2771/2761/582 2775/2740/562 2776/2738/560
f 2771/2761/582 2770/2765/1092 2774/2746/1089 2775/2740/562
f 2778/2710/535 2779/2709/534 2708/2701/527 2709/2697/25
f 2710/2704/530 2708/2701/527 2779/2709/534 2781/2708/533
f 2780/2711/536 2778/2710/535 3434/2712/41 3357/2830/133
f 2971/2831/618 2785/2832/619 2784/2833/620 2977/2834/621
f 2894/2835/622 2783/2836/623 2785/2832/619 2971/2831/618
f 2974/2837/624 2782/2838/625 2783/2836/623 2894/2835/622
f 2782/2838/625 2890/2839/626 2788/2840/627 2783/2836/623
f 2795/2665/9 2648/2664/9 2713/2799/1093 2901/2801/1093
f 2646/2785/105 2796/2841/105 2904/2800/105 2714/2786/105
f 2661/2791/600 2662/2789/598 2730/2817/984 2729/2816/610
f 2650/2667/10 2794/2670/10 2906/2804/115 2715/2803/115
f 2663/2659/508 2664/2842/628 2732/2811/607 2731/2810/606
f 2664/2842/628 2665/2793/602 2733/2826/617 2732/2811/607
f 2666/2660/1085 2667/2843/629 2735/2814/609 2734/2813/608
f 2640/2676/10 2638/2678/10 2717/2796/115 2716/2795/115
f 2669/2787/596 2660/2705/531 2739/2706/975 2738/2807/604
f 2642/2673/10 2640/2676/10 2716/2795/115 2718/2827/115
f 2670/2656/505 2663/2659/508 2731/2810/606 2740/2809/605
f 2639/2782/106 2641/2844/106 2720/2828/106 2719/2783/106
f 2671/2794/603 2790/2845/630 2793/2820/614 2741/2819/613
f 2672/2788/597 2673/2790/982 2743/2823/616 2742/2822/615
f 2897/2846/106 2647/2847/106 2724/2802/106 2980/2805/106
f 2643/2683/9 2644/2679/9 2722/2798/1093 2721/2797/1093
f 2675/2792/601 2671/2794/603 2741/2819/613 2744/2818/985
f 2644/2679/9 2645/2682/14 2723/2806/117 2722/2798/1093
f 2692/2723/545 2749/2724/546 2765/2727/549 2691/2726/548
f 2711/2658/507 2681/2657/506 2755/2767/588 2748/2750/571
f 3559/2848/147 2685/2756/577 2759/2759/580 3649/2829/132
f 2662/2789/598 2669/2787/596 2738/2807/604 2730/2817/984
f 2665/2793/602 2661/2791/600 2729/2816/610 2733/2826/617
f 2667/2843/629 2670/2656/505 2740/2809/605 2735/2814/609
f 2673/2790/982 2675/2792/601 2744/2818/985 2743/2823/616
f 2674/2698/524 2672/2788/597 2742/2822/615 2747/2699/525
f 2647/2847/106 2651/2781/106 2725/2784/106 2724/2802/106
f 2638/2678/10 2650/2667/10 2715/2803/115 2717/2796/115
f 2648/2664/9 2643/2683/9 2721/2797/1093 2713/2799/1093
f 2867/2849/631 2948/2850/632 2949/2851/633 2868/2852/634
f 2783/2836/623 2788/2840/627 2887/2853/635 2785/2832/619
f 2785/2832/619 2887/2853/635 2893/2854/636 2784/2833/620
f 2799/2855/8 2798/2666/8 2795/2665/9 2834/2856/9
f 2836/2857/10 2794/2670/10 2797/2669/11 2800/2858/11
f 2886/2859/637 2887/2853/635 2788/2840/627 2787/2860/638
f 2822/2861/10 2810/2862/10 2849/2863/11 2850/2864/11
f 2810/2862/10 2808/2865/10 2848/2866/11 2849/2863/11
f 2808/2865/10 2807/2867/10 2847/2868/11 2848/2866/11
f 3652/2869/10 2828/2870/10 2853/2871/11 3654/2872/11
f 2807/2867/10 2805/2873/10 2846/2874/11 2847/2868/11
f 2828/2870/10 2826/2875/10 2852/2876/11 2853/2871/11
f 2805/2873/10 2803/2877/10 2845/2878/11 2846/2874/11
f 2826/2875/10 2824/2879/10 2851/2880/11 2852/2876/11
f 2824/2879/10 2822/2861/10 2850/2864/11 2851/2880/11
f 2803/2877/10 2801/2881/10 2844/2882/11 2845/2878/11
f 2815/2883/9 2816/2884/9 2859/2885/8 2858/2886/8
f 2820/2887/9 3651/2888/9 3655/2889/8 2863/2890/8
f 2814/2891/9 2815/2883/9 2858/2886/8 2857/2892/8
f 2819/2893/9 2820/2887/9 2863/2890/8 2862/2894/8
f 2813/2895/9 2814/2891/9 2857/2892/8 2856/2896/8
f 2812/2897/9 2813/2895/9 2856/2896/8 2855/2898/8
f 2818/2899/9 2819/2893/9 2862/2894/8 2861/2900/8
f 2811/2901/9 2812/2897/9 2855/2898/8 2854/2902/8
f 2817/2903/9 2818/2899/9 2861/2900/8 2860/2904/8
f 2816/2884/9 2817/2903/9 2860/2904/8 2859/2885/8
f 2885/2905/639 2886/2859/637 2787/2860/638 2786/2906/640
f 3544/2907/158 2885/2905/639 2786/2906/640 3443/2908/159
f 2865/2909/641 2946/2910/642 2947/2911/643 2866/2912/644
f 2892/2913/645 2893/2854/636 2887/2853/635 2886/2859/637
f 2982/2914/646 2985/2915/647 2945/2916/648 2864/2917/649
f 2891/2918/650 2892/2913/645 2886/2859/637 2885/2905/639
f 3552/2919/170 2891/2918/650 2885/2905/639 3544/2907/158
f 2791/2689/518 2989/2700/526 2968/2920/651 2883/2921/652
f 2890/2839/626 2889/2922/653 2787/2860/638 2788/2840/627
f 2898/2688/517 2981/2923/988 2967/2924/655 2877/2685/514
f 2854/2902/8 2799/2855/8 2834/2856/9 2811/2901/9
f 2801/2881/10 2836/2857/10 2800/2858/11 2844/2882/11
f 2889/2922/653 2888/2925/656 2786/2906/640 2787/2860/638
f 2869/2926/657 2960/2927/658 2981/2923/988 2898/2688/517
f 2973/2928/659 3639/2929/182 3635/2930/181 2970/2931/660
f 2972/2932/661 2973/2928/659 2970/2931/660 2895/2933/662
f 2971/2831/618 2972/2932/661 2895/2933/662 2894/2835/622
f 2896/2934/106 2969/2935/106 2929/2936/106 2809/2937/106
f 2840/2938/105 2944/2939/105 2942/2940/104 2841/2941/104
f 2835/2942/104 2943/2943/105 2944/2939/105 2840/2938/105
f 2839/2944/106 2941/2945/106 2911/2946/106 2802/2947/106
f 2832/2948/105 2900/2949/105 2943/2943/105 2835/2942/104
f 2841/2941/104 2942/2940/104 2903/2950/105 2829/2951/105
f 2869/2926/657 2898/2688/517 2791/2689/518 2883/2921/652
f 2878/2952/663 2869/2926/657 2883/2921/652 2881/2953/664
f 2881/2953/664 2882/2954/665 2871/2955/666 2878/2952/663
f 2870/2956/667 2871/2955/666 2882/2954/665 2884/2957/668
f 2884/2957/668 2880/2958/669 2874/2959/670 2870/2956/667
f 2920/2960/1093 2939/2961/105 2931/2962/105 2921/2963/1093
f 2908/2964/115 2911/2946/106 2941/2945/106 2909/2965/115
f 2927/2966/1093 2907/2967/104 3664/2968/104 3663/2969/1093
f 2917/2970/1093 2942/2940/104 2944/2939/105 2918/2971/1093
f 2902/2972/1093 2901/2801/1093 2904/2800/105 2903/2950/105
f 2940/2973/106 2980/2805/106 2906/2804/115 2905/2974/115
f 2918/2971/1093 2944/2939/105 2943/2943/105 2919/2975/1093
f 2924/2976/1093 2925/2977/104 2923/2978/104 2926/2979/1093
f 2946/2910/642 2949/2851/633 2986/2980/25 3133/2981/25
f 2948/2850/632 2945/2916/648 2985/2915/647 2984/2982/25
f 2959/2983/671 2966/2984/25 2981/2923/988 2960/2927/658
f 2961/2985/990 2957/2986/25 2953/2987/1094 2952/2988/991
f 2955/2989/675 2966/2984/25 2958/2990/25 2956/2991/1095
f 2950/2992/677 2957/2986/25 2958/2990/25 2951/2993/678
f 2965/2994/679 2792/2821/25 2793/2820/614 2962/2995/680
f 2963/2996/681 2987/2825/25 2990/2824/25 2964/2997/1096
f 2947/2911/643 2946/2910/642 3133/2981/25 2988/2998/683
f 2949/2851/633 2948/2850/632 2984/2982/25 2986/2980/25
f 2967/2924/655 2981/2923/988 2966/2984/25 2955/2989/675
f 2951/2993/678 2958/2990/25 2966/2984/25 2959/2983/671
f 2954/2999/684 2953/2987/1094 2957/2986/25 2950/2992/677
f 2956/2991/1095 2958/2990/25 2957/2986/25 2961/2985/990
f 2964/2997/1096 2990/2824/25 2792/2821/25 2965/2994/679
f 2968/2920/651 2989/2700/526 2987/2825/25 2963/2996/681
f 2910/3000/115 2912/3001/106 2911/2946/106 2908/2964/115
f 2941/2945/106 2940/2973/106 2905/2974/115 2909/2965/115
f 2913/3002/115 2914/3003/106 2912/3001/106 2910/3000/115
f 2915/3004/115 2969/2935/106 2914/3003/106 2913/3002/115
f 2917/2970/1093 2902/2972/1093 2903/2950/105 2942/2940/104
f 2926/2979/1093 2923/2978/104 2907/2967/104 2927/2966/1093
f 2915/3004/115 2916/3005/115 2929/2936/106 2969/2935/106
f 2929/2936/106 2916/3005/115 2933/3006/115 2930/3007/106
f 2919/2975/1093 2943/2943/105 2900/2949/105 2899/3008/1093
f 2932/3009/115 2934/3010/106 2930/3007/106 2933/3006/115
f 2935/3011/115 2936/3012/106 2934/3010/106 2932/3009/115
f 2937/3013/115 2938/3014/106 2936/3012/106 2935/3011/115
f 2899/3008/1093 2900/2949/105 2939/2961/105 2920/2960/1093
f 2921/2963/1093 2931/2962/105 2928/3015/105 2922/3016/1093
f 3665/3017/115 3667/3018/106 2938/3014/106 2937/3013/115
f 2922/3016/1093 2928/3015/105 2925/2977/104 2924/2976/1093
f 2979/3019/685 3647/3020/208 3639/2929/182 2973/2928/659
f 2978/3021/686 2979/3019/685 2973/2928/659 2972/2932/661
f 2977/2834/621 2978/3021/686 2972/2932/661 2971/2831/618
f 3643/3022/210 2976/3023/687 2970/2931/660 3635/2930/181
f 2976/3023/687 2975/3024/688 2895/2933/662 2970/2931/660
f 2975/3024/688 2974/2837/624 2894/2835/622 2895/2933/662
f 2888/2925/656 3548/3025/213 3443/2908/159 2786/2906/640
f 2795/2665/9 2901/2801/1093 2902/2972/1093 2834/2856/9
f 2829/2951/105 2903/2950/105 2904/2800/105 2796/2841/105
f 2870/2956/667 2950/2992/677 2951/2993/678 2871/2955/666
f 2836/2857/10 2905/2974/115 2906/2804/115 2794/2670/10
f 2806/3026/106 2914/3003/106 2969/2935/106 2896/2934/106
f 2872/3027/689 2952/2988/991 2953/2987/1094 2873/3028/690
f 2873/3028/690 2953/2987/1094 2954/2999/684 2874/2959/670
f 3653/3029/104 3664/2968/104 2907/2967/104 2837/3030/104
f 2803/2877/10 2908/2964/115 2909/2965/115 2801/2881/10
f 2878/2952/663 2959/2983/671 2960/2927/658 2869/2926/657
f 2805/2873/10 2910/3000/115 2908/2964/115 2803/2877/10
f 2879/3031/1097 2961/2985/990 2952/2988/991 2872/3027/689
f 2802/2947/106 2911/2946/106 2912/3001/106 2804/3032/106
f 2807/2867/10 2913/3002/115 2910/3000/115 2805/2873/10
f 2804/3032/106 2912/3001/106 2914/3003/106 2806/3026/106
f 2880/2958/669 2962/2995/680 2793/2820/614 2790/2845/630
f 2808/2865/10 2915/3004/115 2913/3002/115 2807/2867/10
f 2881/2953/664 2963/2996/681 2964/2997/1096 2882/2954/665
f 2810/2862/10 2916/3005/115 2915/3004/115 2808/2865/10
f 2897/2846/106 2980/2805/106 2940/2973/106 2833/3033/106
f 2811/2901/9 2917/2970/1093 2918/2971/1093 2812/2897/9
f 2884/2957/668 2965/2994/679 2962/2995/680 2880/2958/669
f 2827/3034/106 2938/3014/106 3667/3018/106 3658/3035/106
f 2812/2897/9 2918/2971/1093 2919/2975/1093 2813/2895/9
f 2866/2912/644 2947/2911/643 2988/2998/683 2983/3036/694
f 2868/2852/634 2949/2851/633 2946/2910/642 2865/2909/641
f 2813/2895/9 2919/2975/1093 2899/3008/1093 2814/2891/9
f 2864/2917/649 2945/2916/648 2948/2850/632 2867/2849/631
f 2814/2891/9 2899/3008/1093 2920/2960/1093 2815/2883/9
f 2815/2883/9 2920/2960/1093 2921/2963/1093 2816/2884/9
f 2816/2884/9 2921/2963/1093 2922/3016/1093 2817/2903/9
f 2837/3030/104 2907/2967/104 2923/2978/104 2838/3037/104
f 2877/2685/514 2967/2924/655 2955/2989/675 2875/3038/691
f 2817/2903/9 2922/3016/1093 2924/2976/1093 2818/2899/9
f 2871/2955/666 2951/2993/678 2959/2983/671 2878/2952/663
f 2838/3037/104 2923/2978/104 2925/2977/104 2842/3039/104
f 2818/2899/9 2924/2976/1093 2926/2979/1093 2819/2893/9
f 2819/2893/9 2926/2979/1093 2927/2966/1093 2820/2887/9
f 2874/2959/670 2954/2999/684 2950/2992/677 2870/2956/667
f 2820/2887/9 2927/2966/1093 3663/2969/1093 3651/2888/9
f 2842/3039/104 2925/2977/104 2928/3015/105 2843/3040/105
f 2876/3041/692 2956/2991/1095 2961/2985/990 2879/3031/1097
f 2809/2937/106 2929/2936/106 2930/3007/106 2821/3042/106
f 2843/3040/105 2928/3015/105 2931/2962/105 2830/3043/105
f 2824/2879/10 2932/3009/115 2933/3006/115 2822/2861/10
f 2882/2954/665 2964/2997/1096 2965/2994/679 2884/2957/668
f 2821/3042/106 2930/3007/106 2934/3010/106 2823/3044/106
f 2826/2875/10 2935/3011/115 2932/3009/115 2824/2879/10
f 2883/2921/652 2968/2920/651 2963/2996/681 2881/2953/664
f 2823/3044/106 2934/3010/106 2936/3012/106 2825/3045/106
f 2828/2870/10 2937/3013/115 2935/3011/115 2826/2875/10
f 2825/3045/106 2936/3012/106 2938/3014/106 2827/3034/106
f 3652/2869/10 3665/3017/115 2937/3013/115 2828/2870/10
f 2822/2861/10 2933/3006/115 2916/3005/115 2810/2862/10
f 2830/3043/105 2931/2962/105 2939/2961/105 2831/3046/105
f 2831/3046/105 2939/2961/105 2900/2949/105 2832/2948/105
f 2833/3033/106 2940/2973/106 2941/2945/106 2839/2944/106
f 2801/2881/10 2909/2965/115 2905/2974/115 2836/2857/10
f 2834/2856/9 2902/2972/1093 2917/2970/1093 2811/2901/9
f 3011/3047/695 3004/3048/696 3003/3049/697 3027/3050/698
f 3009/3051/699 3010/3052/992 3018/3053/701 2995/3054/993
f 3008/3055/703 3031/3056/704 3713/3057/230 3688/3058/229
f 3007/3059/705 3030/3060/706 3031/3056/704 3008/3055/703
f 3006/3061/707 3029/3062/708 3030/3060/706 3007/3059/705
f 3005/3063/709 3028/3064/710 3029/3062/708 3006/3061/707
f 3004/3048/696 3011/3047/695 3028/3064/710 3005/3063/709
f 3002/3065/711 3026/3066/712 3027/3050/698 3003/3049/697
f 3160/3067/713 3025/3068/714 3026/3066/712 3002/3065/711
f 3165/3069/1098 3014/3070/716 3172/3071/717 3168/3072/718
f 3114/3073/719 3170/3074/720 3172/3071/717 3124/3075/721
f 3001/3076/722 3024/3077/723 3165/3069/1098 3161/3078/724
f 3000/3079/725 3023/3080/726 3024/3077/723 3001/3076/722
f 2996/3081/727 3019/3082/728 3010/3052/992 3009/3051/699
f 2999/3083/729 3022/3084/730 3021/3085/731 2998/3086/732
f 2998/3086/732 3021/3085/731 3020/3087/733 2997/3088/734
f 2997/3088/734 3020/3087/733 3019/3082/728 2996/3081/727
f 2995/3054/993 3018/3053/701 3017/3089/735 2994/3090/736
f 2994/3090/736 3017/3089/735 3016/3091/737 3162/3092/738
f 3025/3068/714 3164/3093/739 3170/3074/720 3016/3091/737
f 3015/3094/740 3168/3072/718 3164/3093/739 2993/3095/741
f 3163/3096/742 3014/3070/716 3013/3097/995 2992/3098/744
f 2992/3098/744 3013/3097/995 3012/3099/745 2991/3100/746
f 3714/3101/274 3713/3057/230 3031/3056/704 3022/3084/730
f 3022/3084/730 3031/3056/704 3030/3060/706 3021/3085/731
f 3021/3085/731 3030/3060/706 3029/3062/708 3020/3087/733
f 3020/3087/733 3029/3062/708 3028/3064/710 3019/3082/728
f 3019/3082/728 3028/3064/710 3011/3047/695 3010/3052/992
f 3010/3052/992 3011/3047/695 3027/3050/698 3018/3053/701
f 3018/3053/701 3027/3050/698 3026/3066/712 3017/3089/735
f 3017/3089/735 3026/3066/712 3025/3068/714 3016/3091/737
f 3161/3078/724 3165/3069/1098 3168/3072/718 3167/3102/747
f 3114/3073/719 3100/3103/748 3169/3104/749 3170/3074/720
f 3014/3070/716 3165/3069/1098 3024/3077/723 3013/3097/995
f 3013/3097/995 3024/3077/723 3023/3080/726 3012/3099/745
f 3689/3105/278 3714/3101/274 3022/3084/730 2999/3083/729
f 2750/2774/595 3034/3106/750 3035/3107/751 2760/2748/569
f 2676/2773/594 3032/3108/752 3034/3106/750 2750/2774/595
f 2760/2748/569 3035/3107/751 3033/3109/1099 2686/2747/568
f 3034/3106/750 3038/3110/1100 3039/3111/755 3035/3107/751
f 3032/3108/752 3036/3112/756 3038/3110/1100 3034/3106/750
f 3035/3107/751 3039/3111/755 3037/3113/757 3033/3109/1099
f 3038/3110/1100 3012/3099/745 3023/3080/726 3039/3111/755
f 3036/3112/756 2991/3100/746 3012/3099/745 3038/3110/1100
f 3039/3111/755 3023/3080/726 3000/3079/725 3037/3113/757
f 3064/3114/758 3056/3115/759 3055/3116/760 3082/3117/761
f 3062/3118/996 3063/3119/763 3071/3120/764 3045/3121/765
f 3060/3122/997 3086/3123/767 3087/3124/1101 3061/3125/1102
f 3059/3126/770 3085/3127/771 3086/3123/767 3060/3122/997
f 3058/3128/772 3084/3129/773 3085/3127/771 3059/3126/770
f 3057/3130/774 3083/3131/775 3084/3129/773 3058/3128/772
f 3056/3115/759 3064/3114/758 3083/3131/775 3057/3130/774
f 3054/3132/776 3081/3133/777 3082/3117/761 3055/3116/760
f 3053/3134/778 3080/3135/779 3081/3133/777 3054/3132/776
f 3051/3136/70 3077/3137/71 3078/3138/780 3052/3139/781
f 3050/3140/782 3076/3141/783 3077/3137/71 3051/3136/70
f 3046/3142/784 3072/3143/785 3063/3119/763 3062/3118/996
f 3049/3144/1000 3075/3145/787 3074/3146/788 3048/3147/789
f 3048/3147/789 3074/3146/788 3073/3148/790 3047/3149/791
f 3047/3149/791 3073/3148/790 3072/3143/785 3046/3142/784
f 3045/3121/765 3071/3120/764 3070/3150/792 3044/2686/515
f 3044/2686/515 3070/3150/792 3069/3151/793 3043/2687/516
f 3079/3152/794 3068/3153/795 3067/3154/796 3042/3155/797
f 2763/2734/556 3068/3153/795 3079/3152/794 2689/2733/555
f 3042/3155/797 3067/3154/796 3066/3156/1001 3041/3157/799
f 3041/3157/799 3066/3156/1001 3065/3158/800 3040/3159/1002
f 3088/3160/1103 3087/3124/1101 3086/3123/767 3075/3145/787
f 3075/3145/787 3086/3123/767 3085/3127/771 3074/3146/788
f 3074/3146/788 3085/3127/771 3084/3129/773 3073/3148/790
f 3073/3148/790 3084/3129/773 3083/3131/775 3072/3143/785
f 3072/3143/785 3083/3131/775 3064/3114/758 3063/3119/763
f 3063/3119/763 3064/3114/758 3082/3117/761 3071/3120/764
f 3071/3120/764 3082/3117/761 3081/3133/777 3070/3150/792
f 3070/3150/792 3081/3133/777 3080/3135/779 3069/3151/793
f 3067/3154/796 3078/3138/780 3077/3137/71 3066/3156/1001
f 3066/3156/1001 3077/3137/71 3076/3141/783 3065/3158/800
f 3277/3161/1104 3088/3160/1103 3075/3145/787 3049/3144/1000
f 3107/3162/804 3131/3163/1105 3136/3164/1106 3130/3165/1107
f 3106/3166/808 3107/3162/804 3130/3165/1107 3129/3167/809
f 3105/3168/810 3106/3166/808 3129/3167/809 3128/3169/811
f 3104/3170/812 3105/3168/810 3128/3169/811 3127/3171/813
f 3103/3172/814 3104/3170/812 3127/3171/813 3110/3173/815
f 3101/3174/1004 3102/3175/817 3126/3176/1005 3125/3177/819
f 3123/3178/820 3101/3174/1004 3125/3177/819 3124/3075/721
f 3163/3096/742 3171/3179/821 3172/3071/717 3014/3070/716
f 3124/3075/721 3172/3071/717 3171/3179/821 3123/3178/820
f 3099/3180/822 3113/3181/823 3015/3094/740 3122/3182/824
f 3098/3183/825 3099/3180/822 3122/3182/824 3121/3184/826
f 3094/3185/827 3108/3186/828 3109/3187/829 3117/3188/830
f 3097/3189/1108 3096/3190/832 3119/3191/833 3120/3192/1109
f 3096/3190/832 3095/3193/835 3118/3194/836 3119/3191/833
f 3095/3193/835 3094/3185/827 3117/3188/830 3118/3194/836
f 3093/3195/837 3092/3196/838 3115/3197/839 3116/3198/840
f 3092/3196/838 3100/3103/748 3114/3073/719 3115/3197/839
f 3016/3091/737 3170/3074/720 3169/3104/749 3162/3092/738
f 3113/3181/823 3167/3102/747 3168/3072/718 3015/3094/740
f 3091/3199/841 3090/3200/842 3112/3201/843 2993/3095/741
f 3090/3200/842 3089/3202/844 3111/3203/845 3112/3201/843
f 3137/3204/1110 3120/3192/1109 3130/3165/1107 3136/3164/1106
f 3120/3192/1109 3119/3191/833 3129/3167/809 3130/3165/1107
f 3119/3191/833 3118/3194/836 3128/3169/811 3129/3167/809
f 3118/3194/836 3117/3188/830 3127/3171/813 3128/3169/811
f 3117/3188/830 3109/3187/829 3110/3173/815 3127/3171/813
f 3109/3187/829 3116/3198/840 3126/3176/1005 3110/3173/815
f 3116/3198/840 3115/3197/839 3125/3177/819 3126/3176/1005
f 3115/3197/839 3114/3073/719 3124/3075/721 3125/3177/819
f 2993/3095/741 3164/3093/739 3166/3205/847 3091/3199/841
f 3166/3205/847 3164/3093/739 3025/3068/714 3160/3067/713
f 2993/3095/741 3112/3201/843 3122/3182/824 3015/3094/740
f 3112/3201/843 3111/3203/845 3121/3184/826 3122/3182/824
f 3103/3172/814 3110/3173/815 3126/3176/1005 3102/3175/817
f 3108/3186/828 3093/3195/837 3116/3198/840 3109/3187/829
f 3132/3206/1111 3097/3189/1108 3120/3192/1109 3137/3204/1110
f 3153/3207/849 3148/3208/850 3135/3209/851 3150/3210/1112
f 3089/3202/844 3138/3211/853 3139/3212/854 3111/3203/845
f 3138/3211/853 3140/3213/855 3141/3214/856 3139/3212/854
f 3140/3213/855 3040/3159/1002 3065/3158/800 3141/3214/856
f 3050/3140/782 3142/3215/857 3143/3216/858 3076/3141/783
f 3142/3215/857 3144/3217/1007 3145/3218/860 3143/3216/858
f 3144/3217/1007 3098/3183/825 3121/3184/826 3145/3218/860
f 3065/3158/800 3076/3141/783 3143/3216/858 3141/3214/856
f 3139/3212/854 3141/3214/856 3143/3216/858 3145/3218/860
f 3121/3184/826 3111/3203/845 3139/3212/854 3145/3218/860
f 3149/3219/861 3134/3220/862 3147/3221/863 3152/3222/864
f 3151/3223/865 3146/3224/866 2985/2915/647 2982/2914/646
f 3134/3220/862 3135/3209/851 3133/2981/25 2986/2980/25
f 3146/3224/866 3147/3221/863 2984/2982/25 2985/2915/647
f 3135/3209/851 3148/3208/850 2988/2998/683 3133/2981/25
f 3147/3221/863 3134/3220/862 2986/2980/25 2984/2982/25
f 2983/3036/694 2988/2998/683 3148/3208/850 3153/3207/849
f 3152/3222/864 3147/3221/863 3146/3224/866 3151/3223/865
f 3150/3210/1112 3135/3209/851 3134/3220/862 3149/3219/861
f 2679/2672/513 3154/2690/519 3155/3225/867 2753/2768/589
f 3078/3138/780 3157/3226/868 3156/3227/869 3052/3139/781
f 2752/2772/593 3159/3228/870 3158/3229/871 2678/2769/590
f 3053/3134/778 3158/3229/871 3159/3228/870 3080/3135/779
f 2762/2743/565 2688/2742/564 3156/3227/869 3157/3226/868
f 3043/2687/516 3069/3151/793 3155/3225/867 3154/2690/519
f 2753/2768/589 3155/3225/867 3068/3153/795 2763/2734/556
f 3067/3154/796 3068/3153/795 3157/3226/868 3078/3138/780
f 2762/2743/565 3157/3226/868 3159/3228/870 2752/2772/593
f 3069/3151/793 3080/3135/779 3159/3228/870 3155/3225/867
f 3068/3153/795 3155/3225/867 3159/3228/870 3157/3226/868
f 3164/3093/739 3168/3072/718 3172/3071/717 3170/3074/720
f 3211/3230/872 3187/3231/873 3208/3232/1009 3252/3233/875
f 3189/3234/876 3181/3235/877 3207/3236/878 3209/3237/1113
f 3173/3238/880 3189/3234/876 3209/3237/1113 3200/3239/881
f 3173/3238/880 3187/3231/873 3211/3230/872 3189/3234/876
f 3182/3240/882 3185/3241/883 3187/3231/873 3173/3238/880
f 3185/3241/883 3182/3240/882 3175/3242/884 3186/3243/1114
f 3174/3244/886 3188/3245/887 3186/3243/1114 3175/3242/884
f 3188/3245/887 3174/3244/886 3178/3246/888 3184/3247/889
f 3199/3248/890 3200/3239/881 3209/3237/1113 3206/3249/25
f 3201/3250/891 3192/3251/1011 3193/3252/893 3197/3253/25
f 3195/3254/894 3196/3255/1115 3198/3256/25 3206/3249/25
f 3190/3257/896 3191/3258/1012 3198/3256/25 3197/3253/25
f 3205/3259/898 3202/3260/899 3213/3261/900 3212/3262/25
f 3203/3263/1013 3204/3264/902 3253/3265/25 3251/3266/25
f 3207/3236/878 3195/3254/894 3206/3249/25 3209/3237/1113
f 3191/3258/1012 3199/3248/890 3206/3249/25 3198/3256/25
f 3194/3267/903 3190/3257/896 3197/3253/25 3193/3252/893
f 3196/3255/1115 3201/3250/891 3197/3253/25 3198/3256/25
f 3204/3264/902 3205/3259/898 3212/3262/25 3253/3265/25
f 3208/3232/1009 3203/3263/1013 3251/3266/25 3252/3233/875
f 3174/3244/886 3175/3242/884 3191/3258/1012 3190/3257/896
f 3176/3268/1116 3177/3269/905 3193/3252/893 3192/3251/1011
f 3177/3269/905 3178/3246/888 3194/3267/903 3193/3252/893
f 3182/3240/882 3173/3238/880 3200/3239/881 3199/3248/890
f 3183/3270/908 3176/3268/1116 3192/3251/1011 3201/3250/891
f 3184/3247/889 3210/3271/909 3213/3261/900 3202/3260/899
f 3185/3241/883 3186/3243/1114 3204/3264/902 3203/3263/1013
f 3188/3245/887 3184/3247/889 3202/3260/899 3205/3259/898
f 3181/3235/877 3179/3272/1015 3195/3254/894 3207/3236/878
f 3175/3242/884 3182/3240/882 3199/3248/890 3191/3258/1012
f 3178/3246/888 3174/3244/886 3190/3257/896 3194/3267/903
f 3180/3273/907 3183/3270/908 3201/3250/891 3196/3255/1115
f 3186/3243/1114 3188/3245/887 3205/3259/898 3204/3264/902
f 3187/3231/873 3185/3241/883 3203/3263/1013 3208/3232/1009
f 3211/3230/872 3252/3233/875 3249/3274/910 3228/3275/911
f 3230/3276/912 3250/3277/913 3248/3278/914 3222/3279/915
f 3214/3280/916 3230/3276/912 3211/3230/872 3228/3275/911
f 3223/3281/1016 3214/3280/916 3228/3275/911 3226/3282/919
f 3226/3282/919 3227/3283/1117 3216/3284/921 3223/3281/1016
f 3215/3285/922 3216/3284/921 3227/3283/1117 3229/3286/923
f 3229/3286/923 3225/3287/924 3219/3288/925 3215/3285/922
f 3240/3289/926 3247/3290/25 3250/3277/913 3241/3291/917
f 3242/3292/927 3238/3293/25 3234/3294/928 3233/3295/929
f 3236/3296/930 3247/3290/25 3239/3297/25 3237/3298/931
f 3231/3299/932 3238/3293/25 3239/3297/25 3232/3300/933
f 3246/3301/934 3212/3262/25 3213/3261/900 3243/3302/935
f 3244/3303/936 3251/3266/25 3253/3265/25 3245/3304/937
f 3248/3278/914 3250/3277/913 3247/3290/25 3236/3296/930
f 3232/3300/933 3239/3297/25 3247/3290/25 3240/3289/926
f 3235/3305/1118 3234/3294/928 3238/3293/25 3231/3299/932
f 3237/3298/931 3239/3297/25 3238/3293/25 3242/3292/927
f 3245/3304/937 3253/3265/25 3212/3262/25 3246/3301/934
f 3249/3274/910 3252/3233/875 3251/3266/25 3244/3303/936
f 3217/3306/939 3233/3295/929 3234/3294/928 3218/3307/1119
f 3218/3307/1119 3234/3294/928 3235/3305/1118 3219/3288/925
f 3220/3308/941 3236/3296/930 3237/3298/931 3221/3309/942
f 3224/3310/943 3242/3292/927 3233/3295/929 3217/3306/939
f 3225/3287/924 3243/3302/935 3213/3261/900 3210/3271/909
f 3226/3282/919 3244/3303/936 3245/3304/937 3227/3283/1117
f 3229/3286/923 3246/3301/934 3243/3302/935 3225/3287/924
f 3222/3279/915 3248/3278/914 3236/3296/930 3220/3308/941
f 3216/3284/921 3232/3300/933 3240/3289/926 3223/3281/1016
f 3219/3288/925 3235/3305/1118 3231/3299/932 3215/3285/922
f 3221/3309/942 3237/3298/931 3242/3292/927 3224/3310/943
f 3227/3283/1117 3245/3304/937 3246/3301/934 3229/3286/923
f 3228/3275/911 3249/3274/910 3244/3303/936 3226/3282/919
f 3259/3311/944 3260/2729/551 3267/2732/976 3266/3312/945
f 3258/3313/946 3259/3311/944 3266/3312/945 3265/3314/947
f 3257/3315/1120 3256/3316/1017 3263/3317/1018 3264/3318/1121
f 3256/3316/1017 3255/3319/952 3262/3320/1019 3263/3317/1018
f 3255/3319/952 3254/3321/954 3261/3322/955 3262/3320/1019
f 3264/3318/1121 3263/3317/1018 3267/2732/976 3268/2731/1087
f 3263/3317/1018 3262/3320/1019 3266/3312/945 3267/2732/976
f 3262/3320/1019 3261/3322/955 3265/3314/947 3266/3312/945
f 3269/3323/956 3261/3322/955 3254/3321/954 3270/3324/957
f 3271/3325/958 3265/3314/947 3261/3322/955 3269/3323/956
f 3272/3326/959 3258/3313/946 3265/3314/947 3271/3325/958
f 2703/2736/558 3272/3326/959 3271/3325/958 2777/2737/559
f 2777/2737/559 3271/3325/958 3269/3323/956 2773/2755/576
f 2773/2755/576 3269/3323/956 3270/3324/957 2699/2752/573
f 3274/3327/1020 3278/3328/1021 3279/3329/1122 3275/3330/1123
f 2880/2958/669 2840/2938/105 2841/2941/104 2874/2959/670
f 3280/3331/964 3283/3332/965 3276/3333/966 3273/3334/967
f 2831/3046/105 2832/2948/105 2671/2794/603 2665/2793/602
f 3278/3328/1021 3276/3333/966 3283/3332/965 3282/3335/25
f 2840/2938/105 2880/2958/669 2790/2845/630 2835/2942/104
f 3279/3329/1122 3278/3328/1021 3282/3335/25 3284/3336/25
f 2671/2794/603 2832/2948/105 2835/2942/104 2790/2845/630
f 2872/3027/689 3062/3118/996 3045/3121/765 2879/3031/1097
f 3273/3334/967 3276/3333/966 3278/3328/1021 3274/3327/1020
f 3044/2686/515 2877/2685/514 2875/3038/691 3045/3121/765
f 3285/3337/1124 3287/3338/1125 3289/3339/1026 3291/3340/1027
f 3290/3341/972 3288/3342/973 3283/3332/965 3280/3331/964
f 2667/2843/629 2681/2657/506 2670/2656/505
f 3288/3342/973 3289/3339/1026 3282/3335/25 3283/3332/965
f 2666/2660/1085 2681/2657/506 2667/2843/629
f 3289/3339/1026 3287/3338/1125 3284/3336/25 3282/3335/25
f 2879/3031/1097 3045/3121/765 2876/3041/692
f 3291/3340/1027 3289/3339/1026 3288/3342/973 3290/3341/972
f 3045/3121/765 2875/3038/691 2876/3041/692
f 3156/3227/869 2983/3036/694 3153/3207/849 3052/3139/781
f 2983/3036/694 3156/3227/869 2688/2742/564 2866/2912/644
f 3051/3136/70 3153/3207/849 3150/3210/1112 3050/3140/782
f 2687/2741/563 2686/2747/568 2865/2909/641 2866/2912/644
f 3050/3140/782 3150/3210/1112 3149/3219/861 3142/3215/857
f 2868/2852/634 2865/2909/641 2686/2747/568 3033/3109/1099
f 3142/3215/857 3149/3219/861 3152/3222/864 3144/3217/1007
f 2867/2849/631 2868/2852/634 3033/3109/1099 3037/3113/757
f 3144/3217/1007 3152/3222/864 3151/3223/865 3098/3183/825
f 2864/2917/649 2867/2849/631 3037/3113/757 3000/3079/725
f 3113/3181/823 3151/3223/865 2982/2914/646 3167/3102/747
f 2864/2917/649 3161/3078/724 3167/3102/747 2982/2914/646
f 3098/3183/825 3151/3223/865 3113/3181/823 3099/3180/822
f 3001/3076/722 3161/3078/724 2864/2917/649 3000/3079/725
f 3051/3136/70 3052/3139/781 3153/3207/849
f 2688/2742/564 2687/2741/563 2866/2912/644
f 3169/3104/749 3211/3230/872 3230/3276/912 3162/3092/738
f 3100/3103/748 3189/3234/876 3211/3230/872 3169/3104/749
f 3162/3092/738 3230/3276/912 3222/3279/915 2994/3090/736
f 3092/3196/838 3181/3235/877 3189/3234/876 3100/3103/748
f 2806/3026/106 3225/3287/924 3210/3271/909 2804/3032/106
f 2804/3032/106 3210/3271/909 3184/3247/889 2802/2947/106
f 2896/2934/106 3219/3288/925 3225/3287/924 2806/3026/106
f 2802/2947/106 3184/3247/889 3178/3246/888 2839/2944/106
f 2995/3054/993 3224/3310/943 3217/3306/939 3009/3051/699
f 3093/3195/837 3179/3272/1015 3181/3235/877 3092/3196/838
f 2995/3054/993 3220/3308/941 3221/3309/942
f 3221/3309/942 3224/3310/943 2995/3054/993
f 2994/3090/736 3222/3279/915 3220/3308/941 2995/3054/993
f 3093/3195/837 3183/3270/908 3180/3273/907
f 3108/3186/828 3176/3268/1116 3183/3270/908 3093/3195/837
f 3180/3273/907 3179/3272/1015 3093/3195/837
f 3559/2848/147 3653/3029/104 2837/3030/104 2685/2756/577
f 2685/2756/577 2837/3030/104 2838/3037/104 2684/2757/578
f 2684/2757/578 2838/3037/104 2842/3039/104 2683/2762/583
f 2683/2762/583 2842/3039/104 2843/3040/105 2682/2749/570
f 2682/2749/570 2843/3040/105 2830/3043/105 2711/2658/507
f 2664/2842/628 2831/3046/105 2665/2793/602
f 2663/2659/508 2711/2658/507 2664/2842/628
f 2649/2779/104 3277/3161/1104 3049/3144/1000 2652/2775/104
f 2652/2775/104 3049/3144/1000 3048/3147/789 2653/2776/104
f 2653/2776/104 3048/3147/789 3047/3149/791 2646/2785/105
f 2646/2785/105 3047/3149/791 3046/3142/784 2796/2841/105
f 2796/2841/105 3046/3142/784 3062/3118/996 2829/2951/105
f 2873/3028/690 2874/2959/670 2841/2941/104
f 2872/3027/689 2873/3028/690 3062/3118/996
f 3062/3118/996 2873/3028/690 2841/2941/104 2829/2951/105
f 2711/2658/507 2830/3043/105 2831/3046/105 2664/2842/628
f 3658/3035/106 3689/3105/278 2999/3083/729 2827/3034/106
f 2827/3034/106 2999/3083/729 2998/3086/732 2825/3045/106
f 2825/3045/106 2998/3086/732 2997/3088/734 2823/3044/106
f 2823/3044/106 2997/3088/734 2996/3081/727 2821/3042/106
f 2821/3042/106 2996/3081/727 3009/3051/699 2809/2937/106
f 2896/2934/106 3218/3307/1119 3219/3288/925
f 2639/2782/106 3097/3189/1108 3132/3206/1111 2641/2844/106
f 2651/2781/106 3096/3190/832 3097/3189/1108 2639/2782/106
f 2647/2847/106 3095/3193/835 3096/3190/832 2651/2781/106
f 2897/2846/106 3094/3185/827 3095/3193/835 2647/2847/106
f 2833/3033/106 3108/3186/828 3094/3185/827 2897/2846/106
f 3177/3269/905 3176/3268/1116 3108/3186/828
f 3009/3051/699 3217/3306/939 3218/3307/1119
f 2809/2937/106 3009/3051/699 3218/3307/1119 2896/2934/106
f 3178/3246/888 3177/3269/905 2839/2944/106
f 2839/2944/106 3177/3269/905 3108/3186/828 2833/3033/106
f 2781/2708/533 2890/2839/626 2782/2838/625 2710/2704/530
f 2710/2704/530 2782/2838/625 2974/2837/624 2705/2694/523
f 2889/2922/653 2890/2839/626 2781/2708/533
f 3548/3025/213 2888/2925/656 2780/2711/536 3357/2830/133
f 2888/2925/656 2889/2922/653 2781/2708/533 2780/2711/536
f 2704/2691/520 2976/3023/687 3643/3022/210 3360/2707/36
f 2705/2694/523 2975/3024/688 2976/3023/687 2704/2691/520
f 2975/3024/688 2705/2694/523 2974/2837/624
f 2703/2736/558 3290/3341/972 3280/3331/964 3272/3326/959
f 3272/3326/959 3280/3331/964 3273/3334/967 3258/3313/946
f 3286/2730/1086 3260/2729/551 3274/3327/1020 3275/3330/1123
f 3285/3337/1124 3291/3340/1027 2701/2739/561 2700/2745/1088
f 2701/2739/561 3291/3340/1027 3290/3341/972 2702/2735/977
f 3259/3311/944 3273/3334/967 3274/3327/1020 3260/2729/551
f 3259/3311/944 3258/3313/946 3273/3334/967
f 2703/2736/558 2702/2735/977 3290/3341/972
f 3107/3162/804 3256/3316/1017 3257/3315/1120 3131/3163/1105
f 3060/3122/997 3061/3125/1102 3281/2764/1091 2697/2760/979
f 2698/2753/574 3059/3126/770 3060/3122/997 2697/2760/979
f 3106/3166/808 3255/3319/952 3256/3316/1017 3107/3162/804
f 2991/3100/746 3036/3112/756 3270/3324/957 3254/3321/954
f 3036/3112/756 3032/3108/752 2699/2752/573 3270/3324/957
f 2991/3100/746 3254/3321/954 3255/3319/952 2992/3098/744
f 2698/2753/574 2699/2752/573 3032/3108/752 2676/2773/594
f 2893/2854/636 3040/3159/1002 3140/3213/855 2784/2833/620
f 2784/2833/620 3140/3213/855 3138/3211/853 2977/2834/621
f 2977/2834/621 3138/3211/853 3089/3202/844 2978/3021/686
f 2892/2913/645 3041/3157/799 3040/3159/1002 2893/2854/636
f 2696/2713/537 2891/2918/650 3552/2919/170 3543/2714/45
f 2695/2717/539 2892/2913/645 2891/2918/650 2696/2713/537
f 2979/3019/685 3008/3055/703 3688/3058/229 3647/3020/208
f 2978/3021/686 3007/3059/705 3008/3055/703 2979/3019/685
f 3002/3065/711 3090/3200/842 3091/3199/841 3160/3067/713
f 3003/3049/697 3089/3202/844 3090/3200/842 3002/3065/711
f 3166/3205/847 3160/3067/713 3091/3199/841
f 3171/3179/821 3163/3096/742 3123/3178/820
f 2992/3098/744 3101/3174/1004 3123/3178/820 3163/3096/742
f 3105/3168/810 3255/3319/952 3106/3166/808
f 3006/3061/707 3007/3059/705 2978/3021/686
f 3079/3152/794 3042/3155/797 2689/2733/555
f 2689/2733/555 3042/3155/797 3041/3157/799 2690/2725/547
f 3158/3229/871 3053/3134/778 2678/2769/590
f 2678/2769/590 3053/3134/778 3054/3132/776 2677/2770/591
f 2677/2770/591 3054/3132/776 3055/3116/760 2676/2773/594
f 3056/3115/759 2676/2773/594 3055/3116/760
f 2892/2913/645 2695/2717/539 2694/2719/541
f 2892/2913/645 2694/2719/541 2693/2721/543
f 2692/2723/545 3041/3157/799 2892/2913/645 2693/2721/543
f 2691/2726/548 3041/3157/799 2692/2723/545
f 2690/2725/547 3041/3157/799 2691/2726/548
f 3057/3130/774 2698/2753/574 2676/2773/594 3056/3115/759
f 3058/3128/772 2698/2753/574 3057/3130/774
f 3059/3126/770 2698/2753/574 3058/3128/772
f 3004/3048/696 3089/3202/844 3003/3049/697
f 3006/3061/707 2978/3021/686 3005/3063/709
f 3101/3174/1004 2992/3098/744 3102/3175/817
f 3102/3175/817 2992/3098/744 3103/3172/814
f 3103/3172/814 2992/3098/744 3255/3319/952 3104/3170/812
f 3104/3170/812 3255/3319/952 3105/3168/810
f 3004/3048/696 3005/3063/709 2978/3021/686 3089/3202/844
f 3324/3343/1 3317/3344/2 3368/3345/3 3335/3346/4
f 3320/3347/1030 3335/3346/4 3334/3348/515 3322/3349/1031
f 3292/3350/8 3456/3351/8 3453/3352/9 3303/3353/9
f 3305/3354/10 3452/3355/10 3455/3356/11 3293/3357/11
f 3334/3348/515 3333/3358/12 3369/3359/13 3322/3349/1031
f 3297/1361/10 3296/3360/10 3310/3361/11 3311/1362/11
f 3296/3360/10 3294/3362/10 3309/3363/11 3310/3361/11
f 3299/3364/9 3300/1370/9 1332/1369/8 3313/3365/8
f 3298/3366/9 3299/3364/9 3313/3365/8 3312/3367/8
f 3535/3368/15 3561/3369/16 3726/3370/17 3727/3371/18
f 3449/3372/19 3835/3373/20 3726/3370/17 3561/3369/16
f 3369/3359/13 3333/3358/12 3835/3373/20 3449/3372/19
f 3358/3374/21 3359/3375/22 3362/3376/23 3361/3377/24
f 3361/3377/24 3366/3378/25 3364/2696/25 3363/2695/26
f 3449/3372/19 3668/3379/27 3403/3380/28 3328/3381/29
f 3362/3376/23 3365/3382/30 3366/3378/25 3361/3377/24
f 3369/3359/13 3447/3383/31 3402/3384/1032 3322/3349/1031
f 3312/3367/8 3292/3350/8 3303/3353/9 3298/3366/9
f 3294/3362/10 3305/3354/10 3293/3357/11 3309/3363/11
f 3359/3375/22 3367/3385/33 3365/3382/30 3362/3376/23
f 3314/3386/1033 3395/3387/35 3447/3383/31 3369/3359/13
f 3360/2707/36 3358/3374/21 3361/3377/24 3363/2695/26
f 3438/3388/37 3437/3389/38 3435/3390/39 3436/3391/40
f 3434/2712/41 3364/2696/25 3366/3378/25 3435/3390/39
f 3350/3392/42 3425/3393/43 3632/2715/44 3543/2714/45
f 3349/3394/46 3424/3395/47 3425/3393/43 3350/3392/42
f 3348/3396/48 3423/3397/49 3424/3395/47 3349/3394/46
f 3347/3398/50 3422/3399/1035 3423/3397/49 3348/3396/48
f 3346/3400/52 3405/3401/53 3422/3399/1035 3347/3398/50
f 3344/3402/54 3420/3403/1036 3421/3404/56 3345/3405/57
f 3941/3406/58 3948/3407/1037 3949/1419/553 3963/1418/552
f 3343/3408/62 3419/3409/63 3420/3403/1036 3344/3402/54
f 3355/3410/64 3432/3411/65 3433/3412/66 3356/3413/67
f 3354/3414/68 3431/3415/69 3432/3411/65 3355/3410/64
f 3341/3416/70 3417/3417/71 3418/3418/72 3342/3419/73
f 1373/1433/978 3430/1434/567 3431/3415/69 3354/3414/68
f 3340/3420/76 3416/3421/77 3417/3417/71 3341/3416/70
f 3336/3422/78 3412/3423/79 3404/3424/80 3368/3345/3
f 3353/3425/81 3429/3426/82 3428/3427/83 3352/3428/1038
f 3339/3429/85 3415/3430/86 3414/3431/87 3338/3432/88
f 3352/3428/1038 3428/3427/83 3427/3433/89 3351/3434/1039
f 3338/3432/88 3414/3431/87 3413/3435/91 3337/3436/92
f 3351/3434/1039 3427/3433/89 3426/1453/586 3959/1452/980
f 3337/3436/92 3413/3435/91 3412/3423/79 3336/3422/78
f 3335/3346/4 3411/3437/95 3410/3438/96 3334/3348/515
f 3334/3348/515 3410/3438/96 3409/3439/97 3333/3358/12
f 3332/3440/98 3408/3441/99 3407/3442/100 3331/3443/101
f 3331/3443/101 3407/3442/100 3406/3444/102 3330/3445/103
f 3307/3446/104 3384/3447/104 3382/3448/104 3308/3449/104
f 3304/1467/105 3383/1468/105 3384/3447/104 3307/3446/104
f 3306/3450/106 3381/3451/106 3376/3452/106 3295/3453/106
f 3308/3449/104 3382/3448/104 3371/3454/104 3301/3455/104
f 3314/3386/1033 3369/3359/13 3449/3372/19 3328/3381/29
f 3323/3456/107 3314/3386/1033 3328/3381/29 3326/3457/108
f 3326/3457/108 3327/3458/1040 3316/3459/110 3323/3456/107
f 3315/3460/111 3316/3459/110 3327/3458/1040 3329/3461/112
f 3329/3461/112 3325/3462/113 3319/3463/114 3315/3460/111
f 3373/3464/115 3376/3452/106 3381/3451/106 3374/3465/115
f 3378/3466/116 3382/3448/104 3384/3447/104 3379/3467/116
f 3370/3468/116 3564/3469/116 3567/3470/104 3371/3454/104
f 3380/3471/106 3648/3472/106 3569/3473/115 3372/3474/115
f 3379/3467/116 3384/3447/104 3383/1468/105 1394/1494/116
f 3394/3475/1126 3401/3476/25 3447/3383/31 3395/3387/35
f 3396/3477/119 3392/3478/25 3388/3479/120 3387/3480/121
f 3390/3481/122 3401/3476/25 3393/3482/25 3391/3483/123
f 3385/3484/1127 3392/3478/25 3393/3482/25 3386/3485/1042
f 3400/3486/126 3450/3487/25 3451/3488/127 3397/3489/128
f 3398/3490/1044 3662/3491/25 3669/3492/25 3399/3493/130
f 3402/3384/1032 3447/3383/31 3401/3476/25 3390/3481/122
f 3386/3485/1042 3393/3482/25 3401/3476/25 3394/3475/1126
f 3389/3494/131 3388/3479/120 3392/3478/25 3385/3484/1127
f 3391/3483/123 3393/3482/25 3392/3478/25 3396/3477/119
f 3399/3493/130 3669/3492/25 3450/3487/25 3400/3486/126
f 3403/3380/28 3668/3379/27 3662/3491/25 3398/3490/1044
f 3375/1515/115 3377/1516/106 3376/3452/106 3373/3464/115
f 3381/3451/106 3380/3471/106 3372/3474/115 3374/3465/115
f 3378/3466/116 3370/3468/116 3371/3454/104 3382/3448/104
f 3649/2829/132 3632/2715/44 3425/3393/43 3415/3430/86
f 3415/3430/86 3425/3393/43 3424/3395/47 3414/3431/87
f 3414/3431/87 3424/3395/47 3423/3397/49 3413/3435/91
f 3413/3435/91 3423/3397/49 3422/3399/1035 3412/3423/79
f 3412/3423/79 3422/3399/1035 3405/3401/53 3404/3424/80
f 3404/3424/80 3405/3401/53 3421/3404/56 3411/3437/95
f 3411/3437/95 3421/3404/56 3420/3403/1036 3410/3438/96
f 3410/3438/96 3420/3403/1036 3419/3409/63 3409/3439/97
f 3408/3441/99 3418/3418/72 3417/3417/71 3407/3442/100
f 3407/3442/100 3417/3417/71 3416/3421/77 3406/3444/102
f 3429/3426/82 3433/3412/66 3432/3411/65 3428/3427/83
f 3428/3427/83 3432/3411/65 3431/3415/69 3427/3433/89
f 3427/3433/89 3431/3415/69 3430/1434/567 3426/1453/586
f 3435/3390/39 3366/3378/25 3365/3382/30 3436/3391/40
f 3367/3385/33 3438/3388/37 3436/3391/40 3365/3382/30
f 3437/3389/38 3357/2830/133 3434/2712/41 3435/3390/39
f 3636/3495/134 3644/3496/135 3441/3497/136 3442/3498/137
f 3556/3499/138 3636/3495/134 3442/3498/137 3440/3500/139
f 3640/3501/140 3556/3499/138 3440/3500/139 3439/3502/141
f 3439/3502/141 3440/3500/139 3446/3503/142 3551/3504/143
f 3453/3352/9 3564/3469/116 3370/3468/116 3303/3353/9
f 3301/3455/104 3371/3454/104 3567/3470/104 3454/3505/104
f 3315/3460/111 3385/3484/1127 3386/3485/1042 3316/3459/110
f 3305/3354/10 3372/3474/115 3569/3473/115 3452/3355/10
f 3317/3344/2 3387/3480/121 3388/3479/120 3318/3506/144
f 3318/3506/144 3388/3479/120 3389/3494/131 3319/3463/114
f 3320/3347/1030 3390/3481/122 3391/3483/123 3321/3507/145
f 3296/3360/10 3373/3464/115 3374/3465/115 3294/3362/10
f 3323/3456/107 3394/3475/1126 3395/3387/35 3314/3386/1033
f 3297/1361/10 3375/1515/115 3373/3464/115 3296/3360/10
f 3324/3343/1 3396/3477/119 3387/3480/121 3317/3344/2
f 3295/3453/106 3376/3452/106 3377/1516/106 1318/1532/106
f 3325/3462/113 3397/3489/128 3451/3488/127 3448/3508/146
f 3326/3457/108 3398/3490/1044 3399/3493/130 3327/3458/1040
f 3560/3509/106 3648/3472/106 3380/3471/106 3302/3510/106
f 3298/3366/9 3378/3466/116 3379/3467/116 3299/3364/9
f 3329/3461/112 3400/3486/126 3397/3489/128 3325/3462/113
f 3299/3364/9 3379/3467/116 1394/1494/116 3300/1370/9
f 3346/3400/52 3345/3405/57 3421/3404/56 3405/3401/53
f 3368/3345/3 3404/3424/80 3411/3437/95 3335/3346/4
f 3559/2848/147 3649/2829/132 3415/3430/86 3339/3429/85
f 3322/3349/1031 3402/3384/1032 3390/3481/122 3320/3347/1030
f 3316/3459/110 3386/3485/1042 3394/3475/1126 3323/3456/107
f 3319/3463/114 3389/3494/131 3385/3484/1127 3315/3460/111
f 3327/3458/1040 3399/3493/130 3400/3486/126 3329/3461/112
f 3328/3381/29 3403/3380/28 3398/3490/1044 3326/3457/108
f 3302/3510/106 3380/3471/106 3381/3451/106 3306/3450/106
f 3294/3362/10 3374/3465/115 3372/3474/115 3305/3354/10
f 3303/3353/9 3370/3468/116 3378/3466/116 3298/3366/9
f 3525/3511/148 3526/3512/149 3612/3513/150 3611/3514/151
f 3440/3500/139 3442/3498/137 3547/3515/152 3446/3503/142
f 3442/3498/137 3441/3497/136 3555/3516/153 3547/3515/152
f 3457/3517/8 3492/3518/9 3453/3352/9 3456/3351/8
f 3494/3519/10 3458/3520/11 3455/3356/11 3452/3355/10
f 3546/3521/154 3445/3522/155 3446/3503/142 3547/3515/152
f 3480/3523/10 3508/3524/11 3507/3525/11 3468/3526/10
f 3468/3526/10 3507/3525/11 3506/3527/11 3466/3528/10
f 3466/3528/10 3506/3527/11 3505/3529/11 3465/3530/10
f 3652/2869/10 3654/2872/11 3511/3531/11 3486/3532/10
f 3465/3530/10 3505/3529/11 3504/3533/11 3463/3534/10
f 3486/3532/10 3511/3531/11 3510/3535/11 3484/3536/10
f 3463/3534/10 3504/3533/11 3503/3537/11 3461/3538/10
f 3484/3536/10 3510/3535/11 3509/3539/11 3482/3540/10
f 3482/3540/10 3509/3539/11 3508/3524/11 3480/3523/10
f 3461/3538/10 3503/3537/11 3502/3541/11 3459/3542/10
f 3473/3543/9 3516/3544/8 3517/3545/8 3474/3546/9
f 3478/3547/9 3521/3548/8 3655/2889/8 3651/2888/9
f 3472/3549/9 3515/3550/8 3516/3544/8 3473/3543/9
f 3477/3551/9 3520/3552/8 3521/3548/8 3478/3547/9
f 3471/3553/9 3514/3554/8 3515/3550/8 3472/3549/9
f 3470/3555/9 3513/3556/8 3514/3554/8 3471/3553/9
f 3476/3557/9 3519/3558/8 3520/3552/8 3477/3551/9
f 3469/3559/9 3512/3560/8 3513/3556/8 3470/3555/9
f 3475/3561/9 3518/3562/8 3519/3558/8 3476/3557/9
f 3474/3546/9 3517/3545/8 3518/3562/8 3475/3561/9
f 3545/3563/156 3444/3564/157 3445/3522/155 3546/3521/154
f 3544/2907/158 3443/2908/159 3444/3564/157 3545/3563/156
f 3523/3565/160 3524/3566/161 3610/3567/162 3609/3568/163
f 3554/3569/164 3546/3521/154 3547/3515/152 3555/3516/153
f 3656/3570/165 3522/3571/166 3608/3572/167 3660/3573/168
f 3553/3574/169 3545/3563/156 3546/3521/154 3554/3569/164
f 3552/2919/170 3544/2907/158 3545/3563/156 3553/3574/169
f 3449/3372/19 3541/3575/171 3631/3576/172 3668/3379/27
f 3551/3504/143 3446/3503/142 3445/3522/155 3550/3577/173
f 3561/3369/16 3535/3368/15 3630/3578/174 3650/3579/1046
f 3512/3560/8 3469/3559/9 3492/3518/9 3457/3517/8
f 3459/3542/10 3502/3541/11 3458/3520/11 3494/3519/10
f 3550/3577/173 3445/3522/155 3444/3564/157 3549/3580/176
f 3527/3581/177 3561/3369/16 3650/3579/1046 3623/3582/178
f 3638/3583/179 3634/3584/180 3635/2930/181 3639/2929/182
f 3637/3585/183 3557/3586/184 3634/3584/180 3638/3583/179
f 3636/3495/134 3556/3499/138 3557/3586/184 3637/3585/183
f 3558/3587/106 3467/3588/106 3592/3589/106 3633/3590/106
f 3498/3591/105 3499/3592/105 3605/3593/105 3607/3594/105
f 3493/3595/105 3498/3591/105 3607/3594/105 3606/3596/105
f 3497/3597/106 3460/3598/106 3574/3599/106 3604/3600/106
f 3490/3601/105 3493/3595/105 3606/3596/105 3563/3602/105
f 3499/3592/105 3487/3603/105 3566/3604/105 3605/3593/105
f 3527/3581/177 3541/3575/171 3449/3372/19 3561/3369/16
f 3536/3605/185 3539/3606/186 3541/3575/171 3527/3581/177
f 3539/3606/186 3536/3605/185 3529/3607/187 3540/3608/1047
f 3528/3609/189 3542/3610/190 3540/3608/1047 3529/3607/187
f 3542/3610/190 3528/3609/189 3532/3611/191 3538/3612/192
f 3583/3613/1093 3584/3614/1093 3594/3615/105 3602/3616/105
f 3571/3617/115 3572/3618/115 3604/3600/106 3574/3599/106
f 3590/3619/1093 3663/2969/1093 3664/2968/104 3570/3620/105
f 3580/3621/116 3581/3622/116 3607/3594/105 3605/3593/105
f 3565/3623/116 3566/3604/105 3567/3470/104 3564/3469/116
f 3603/3624/106 3568/3625/115 3569/3473/115 3648/3472/106
f 3581/3622/116 3582/3626/116 3606/3596/105 3607/3594/105
f 3587/3627/1093 3589/3628/1093 3586/3629/105 3588/3630/105
f 3609/3568/163 3814/3631/25 3661/3632/25 3612/3513/150
f 3611/3514/151 3659/3633/25 3660/3573/168 3608/3572/167
f 3622/3634/193 3623/3582/178 3650/3579/1046 3629/3635/25
f 3624/3636/1048 3615/3637/1049 3616/3638/1128 3620/3639/25
f 3618/3640/197 3619/3641/1050 3621/3642/25 3629/3635/25
f 3613/3643/199 3614/3644/200 3621/3642/25 3620/3639/25
f 3628/3645/201 3625/3646/202 3451/3488/127 3450/3487/25
f 3626/3647/203 3627/3648/1129 3669/3492/25 3662/3491/25
f 3610/3567/162 3666/3649/205 3814/3631/25 3609/3568/163
f 3612/3513/150 3661/3632/25 3659/3633/25 3611/3514/151
f 3630/3578/174 3618/3640/197 3629/3635/25 3650/3579/1046
f 3614/3644/200 3622/3634/193 3629/3635/25 3621/3642/25
f 3617/3650/206 3613/3643/199 3620/3639/25 3616/3638/1128
f 3619/3641/1050 3624/3636/1048 3620/3639/25 3621/3642/25
f 3627/3648/1129 3628/3645/201 3450/3487/25 3669/3492/25
f 3631/3576/172 3626/3647/203 3662/3491/25 3668/3379/27
f 3573/3651/115 3571/3617/115 3574/3599/106 3575/3652/106
f 3604/3600/106 3572/3618/115 3568/3625/115 3603/3624/106
f 3576/3653/115 3573/3651/115 3575/3652/106 3577/3654/106
f 3578/3655/115 3576/3653/115 3577/3654/106 3633/3590/106
f 3580/3621/116 3605/3593/105 3566/3604/105 3565/3623/116
f 3589/3628/1093 3590/3619/1093 3570/3620/105 3586/3629/105
f 3578/3655/115 3633/3590/106 3592/3589/106 3579/3656/115
f 3592/3589/106 3593/3657/106 3596/3658/115 3579/3656/115
f 3582/3626/116 3562/3659/116 3563/3602/105 3606/3596/105
f 3595/3660/115 3596/3658/115 3593/3657/106 3597/3661/106
f 3598/3662/115 3595/3660/115 3597/3661/106 3599/3663/106
f 3600/3664/115 3598/3662/115 3599/3663/106 3601/3665/106
f 3562/3659/116 3583/3613/1093 3602/3616/105 3563/3602/105
f 3584/3614/1093 3585/3666/1093 3591/3667/105 3594/3615/105
f 3665/3017/115 3600/3664/115 3601/3665/106 3667/3018/106
f 3585/3666/1093 3587/3627/1093 3588/3630/105 3591/3667/105
f 3646/3668/207 3638/3583/179 3639/2929/182 3647/3020/208
f 3645/3669/209 3637/3585/183 3638/3583/179 3646/3668/207
f 3644/3496/135 3636/3495/134 3637/3585/183 3645/3669/209
f 3643/3022/210 3635/2930/181 3634/3584/180 3642/3670/211
f 3642/3670/211 3634/3584/180 3557/3586/184 3641/3671/212
f 3641/3671/212 3557/3586/184 3556/3499/138 3640/3501/140
f 3549/3580/176 3444/3564/157 3443/2908/159 3548/3025/213
f 3453/3352/9 3492/3518/9 3565/3623/116 3564/3469/116
f 3487/3603/105 3454/3505/104 3567/3470/104 3566/3604/105
f 3528/3609/189 3529/3607/187 3614/3644/200 3613/3643/199
f 3494/3519/10 3452/3355/10 3569/3473/115 3568/3625/115
f 3464/3672/106 3558/3587/106 3633/3590/106 3577/3654/106
f 3530/3673/214 3531/3674/215 3616/3638/1128 3615/3637/1049
f 3531/3674/215 3532/3611/191 3617/3650/206 3616/3638/1128
f 3533/3675/216 3534/3676/217 3619/3641/1050 3618/3640/197
f 3653/3029/104 3495/3677/105 3570/3620/105 3664/2968/104
f 3461/3538/10 3459/3542/10 3572/3618/115 3571/3617/115
f 3536/3605/185 3527/3581/177 3623/3582/178 3622/3634/193
f 3463/3534/10 3461/3538/10 3571/3617/115 3573/3651/115
f 3537/3678/1052 3530/3673/214 3615/3637/1049 3624/3636/1048
f 3460/3598/106 3462/3679/106 3575/3652/106 3574/3599/106
f 3465/3530/10 3463/3534/10 3573/3651/115 3576/3653/115
f 3462/3679/106 3464/3672/106 3577/3654/106 3575/3652/106
f 3538/3612/192 3448/3508/146 3451/3488/127 3625/3646/202
f 3466/3528/10 3465/3530/10 3576/3653/115 3578/3655/115
f 3539/3606/186 3540/3608/1047 3627/3648/1129 3626/3647/203
f 3468/3526/10 3466/3528/10 3578/3655/115 3579/3656/115
f 3560/3509/106 3491/3680/106 3603/3624/106 3648/3472/106
f 3469/3559/9 3470/3555/9 3581/3622/116 3580/3621/116
f 3542/3610/190 3538/3612/192 3625/3646/202 3628/3645/201
f 3485/3681/106 3658/3035/106 3667/3018/106 3601/3665/106
f 3470/3555/9 3471/3553/9 3582/3626/116 3581/3622/116
f 3524/3566/161 3657/3682/219 3666/3649/205 3610/3567/162
f 3526/3512/149 3523/3565/160 3609/3568/163 3612/3513/150
f 3471/3553/9 3472/3549/9 3562/3659/116 3582/3626/116
f 3522/3571/166 3525/3511/148 3611/3514/151 3608/3572/167
f 3472/3549/9 3473/3543/9 3583/3613/1093 3562/3659/116
f 3473/3543/9 3474/3546/9 3584/3614/1093 3583/3613/1093
f 3474/3546/9 3475/3561/9 3585/3666/1093 3584/3614/1093
f 3495/3677/105 3496/3683/105 3586/3629/105 3570/3620/105
f 3535/3368/15 3533/3675/216 3618/3640/197 3630/3578/174
f 3475/3561/9 3476/3557/9 3587/3627/1093 3585/3666/1093
f 3529/3607/187 3536/3605/185 3622/3634/193 3614/3644/200
f 3496/3683/105 3500/3684/105 3588/3630/105 3586/3629/105
f 3476/3557/9 3477/3551/9 3589/3628/1093 3587/3627/1093
f 3477/3551/9 3478/3547/9 3590/3619/1093 3589/3628/1093
f 3532/3611/191 3528/3609/189 3613/3643/199 3617/3650/206
f 3478/3547/9 3651/2888/9 3663/2969/1093 3590/3619/1093
f 3500/3684/105 3501/3685/105 3591/3667/105 3588/3630/105
f 3534/3676/217 3537/3678/1052 3624/3636/1048 3619/3641/1050
f 3467/3588/106 3479/3686/106 3593/3657/106 3592/3589/106
f 3501/3685/105 3488/3687/105 3594/3615/105 3591/3667/105
f 3482/3540/10 3480/3523/10 3596/3658/115 3595/3660/115
f 3540/3608/1047 3542/3610/190 3628/3645/201 3627/3648/1129
f 3479/3686/106 3481/3688/106 3597/3661/106 3593/3657/106
f 3484/3536/10 3482/3540/10 3595/3660/115 3598/3662/115
f 3541/3575/171 3539/3606/186 3626/3647/203 3631/3576/172
f 3481/3688/106 3483/3689/106 3599/3663/106 3597/3661/106
f 3486/3532/10 3484/3536/10 3598/3662/115 3600/3664/115
f 3483/3689/106 3485/3681/106 3601/3665/106 3599/3663/106
f 3652/2869/10 3486/3532/10 3600/3664/115 3665/3017/115
f 3480/3523/10 3468/3526/10 3579/3656/115 3596/3658/115
f 3488/3687/105 3489/3690/105 3602/3616/105 3594/3615/105
f 3489/3690/105 3490/3601/105 3563/3602/105 3602/3616/105
f 3491/3680/106 3497/3597/106 3604/3600/106 3603/3624/106
f 3459/3542/10 3494/3519/10 3568/3625/115 3572/3618/115
f 3492/3518/9 3469/3559/9 3580/3621/116 3565/3623/116
f 3692/3691/220 3708/3692/221 3682/3693/222 3683/3694/223
f 3690/3695/224 3674/3696/225 3699/3697/226 3691/3698/227
f 3687/3699/228 3688/3058/229 3713/3057/230 3712/3700/1054
f 3686/3701/232 3687/3699/228 3712/3700/1054 3711/3702/233
f 3685/3703/234 3686/3701/232 3711/3702/233 3710/3704/235
f 3684/3705/236 3685/3703/234 3710/3704/235 3709/3706/237
f 3683/3694/223 3684/3705/236 3709/3706/237 3692/3691/220
f 3681/3707/238 3682/3693/222 3708/3692/221 3707/3708/239
f 3841/3709/240 3681/3707/238 3707/3708/239 3706/3710/241
f 3846/3711/1055 3849/3712/243 3853/3713/244 3695/3714/245
f 3796/3715/246 3806/3716/247 3853/3713/244 3851/3717/248
f 3680/3718/249 3842/3719/250 3846/3711/1055 3705/3720/251
f 3679/3721/252 3680/3718/249 3705/3720/251 3704/3722/253
f 3675/3723/254 3690/3695/224 3691/3698/227 3700/3724/255
f 3678/3725/256 3677/3726/257 3702/3727/258 3703/3728/259
f 3677/3726/257 3676/3729/260 3701/3730/261 3702/3727/258
f 3676/3729/260 3675/3723/254 3700/3724/255 3701/3730/261
f 3674/3696/225 3673/3731/262 3698/3732/263 3699/3697/226
f 3673/3731/262 3843/3733/264 3697/3734/265 3698/3732/263
f 3706/3710/241 3697/3734/265 3851/3717/248 3845/3735/266
f 3696/3736/1057 3672/3737/268 3845/3735/266 3849/3712/243
f 3844/3738/269 3671/3739/270 3694/3740/271 3695/3714/245
f 3671/3739/270 3670/3741/272 3693/3742/273 3694/3740/271
f 3714/3101/274 3703/3728/259 3712/3700/1054 3713/3057/230
f 3703/3728/259 3702/3727/258 3711/3702/233 3712/3700/1054
f 3702/3727/258 3701/3730/261 3710/3704/235 3711/3702/233
f 3701/3730/261 3700/3724/255 3709/3706/237 3710/3704/235
f 3700/3724/255 3691/3698/227 3692/3691/220 3709/3706/237
f 3691/3698/227 3699/3697/226 3708/3692/221 3692/3691/220
f 3699/3697/226 3698/3732/263 3707/3708/239 3708/3692/221
f 3698/3732/263 3697/3734/265 3706/3710/241 3707/3708/239
f 3842/3719/250 3848/3743/1058 3849/3712/243 3846/3711/1055
f 3796/3715/246 3851/3717/248 3850/3744/276 3782/3745/277
f 3695/3714/245 3694/3740/271 3705/3720/251 3846/3711/1055
f 3694/3740/271 3693/3742/273 3704/3722/253 3705/3720/251
f 3689/3105/278 3678/3725/256 3703/3728/259 3714/3101/274
f 3406/3444/102 3416/3421/77 3718/3746/279 3717/3747/280
f 3330/3445/103 3406/3444/102 3717/3747/280 3715/3748/281
f 3416/3421/77 3340/3420/76 3716/3749/282 3718/3746/279
f 3717/3747/280 3718/3746/279 3722/3750/283 3721/3751/1060
f 3715/3748/281 3717/3747/280 3721/3751/1060 3719/3752/285
f 3718/3746/279 3716/3749/282 3720/3753/1061 3722/3750/283
f 3721/3751/1060 3722/3750/283 3704/3722/253 3693/3742/273
f 3719/3752/285 3721/3751/1060 3693/3742/273 3670/3741/272
f 3722/3750/283 3720/3753/1061 3679/3721/252 3704/3722/253
f 3746/3754/287 3764/3755/288 3738/3756/289 3739/3757/290
f 3744/3758/291 3728/3759/292 3753/3760/293 3745/3761/294
f 3743/3762/1062 1729/1813/769 3769/1812/998 3768/3763/298
f 3742/3764/299 3743/3762/1062 3768/3763/298 3767/3765/300
f 3741/3766/301 3742/3764/299 3767/3765/300 3766/3767/302
f 3740/3768/303 3741/3766/301 3766/3767/302 3765/3769/304
f 3739/3757/290 3740/3768/303 3765/3769/304 3746/3754/287
f 3737/3770/305 3738/3756/289 3764/3755/288 3763/3771/306
f 3736/3772/307 3737/3770/305 3763/3771/306 3762/3773/308
f 3734/3774/563 3735/3775/310 3760/3776/311 3759/3777/312
f 3733/3778/313 3734/3774/563 3759/3777/312 3758/3779/314
f 3729/3780/315 3744/3758/291 3745/3761/294 3754/3781/316
f 3732/3782/1064 3731/3783/318 3756/3784/319 3757/3785/320
f 3731/3783/318 3730/3786/321 3755/3787/322 3756/3784/319
f 3730/3786/321 3729/3780/315 3754/3781/316 3755/3787/322
f 3728/3759/292 3727/3371/18 3752/3788/323 3753/3760/293
f 3727/3371/18 3726/3370/17 3751/3789/324 3752/3788/323
f 3761/3790/325 3725/3791/326 3749/3792/327 3750/3793/328
f 3419/3409/63 3343/3408/62 3761/3790/325 3750/3793/328
f 3725/3791/326 3724/3794/329 3748/3795/330 3749/3792/327
f 3724/3794/329 3723/3796/331 3747/3797/332 3748/3795/330
f 3770/1848/802 3757/3785/320 3768/3763/298 3769/1812/998
f 3757/3785/320 3756/3784/319 3767/3765/300 3768/3763/298
f 3756/3784/319 3755/3787/322 3766/3767/302 3767/3765/300
f 3755/3787/322 3754/3781/316 3765/3769/304 3766/3767/302
f 3754/3781/316 3745/3761/294 3746/3754/287 3765/3769/304
f 3745/3761/294 3753/3760/293 3764/3755/288 3746/3754/287
f 3753/3760/293 3752/3788/323 3763/3771/306 3764/3755/288
f 3752/3788/323 3751/3789/324 3762/3773/308 3763/3771/306
f 3749/3792/327 3748/3795/330 3759/3777/312 3760/3776/311
f 3748/3795/330 3747/3797/332 3758/3779/314 3759/3777/312
f 1937/1849/803 3732/3782/1064 3757/3785/320 3770/1848/802
f 3789/3798/335 3812/3799/1065 3817/1852/806 1797/1851/805
f 3788/3800/339 3811/3801/340 3812/3799/1065 3789/3798/335
f 3787/3802/341 3810/3803/342 3811/3801/340 3788/3800/339
f 3786/3804/343 3809/3805/344 3810/3803/342 3787/3802/341
f 3785/3806/345 3792/3807/346 3809/3805/344 3786/3804/343
f 3783/3808/347 3807/3809/348 3808/3810/349 3784/3811/350
f 3805/3812/1066 3806/3716/247 3807/3809/348 3783/3808/347
f 3844/3738/269 3695/3714/245 3853/3713/244 3852/3813/352
f 3806/3716/247 3805/3812/1066 3852/3813/352 3853/3713/244
f 3781/3814/353 3804/3815/354 3696/3736/1057 3795/3816/355
f 3780/3817/356 3803/3818/1130 3804/3815/354 3781/3814/353
f 3776/3819/358 3799/3820/359 3791/3821/360 3790/3822/361
f 3779/3823/1067 3802/3824/1068 3801/3825/364 3778/3826/365
f 3778/3826/365 3801/3825/364 3800/3827/366 3777/3828/367
f 3777/3828/367 3800/3827/366 3799/3820/359 3776/3819/358
f 3775/3829/368 3798/3830/369 3797/3831/370 3774/3832/371
f 3774/3832/371 3797/3831/370 3796/3715/246 3782/3745/277
f 3697/3734/265 3843/3733/264 3850/3744/276 3851/3717/248
f 3795/3816/355 3696/3736/1057 3849/3712/243 3848/3743/1058
f 3773/3833/372 3672/3737/268 3794/3834/373 3772/3835/374
f 3772/3835/374 3794/3834/373 3793/3836/375 3771/3837/376
f 3818/1892/846 3817/1852/806 3812/3799/1065 3802/3824/1068
f 3802/3824/1068 3812/3799/1065 3811/3801/340 3801/3825/364
f 3801/3825/364 3811/3801/340 3810/3803/342 3800/3827/366
f 3800/3827/366 3810/3803/342 3809/3805/344 3799/3820/359
f 3799/3820/359 3809/3805/344 3792/3807/346 3791/3821/360
f 3791/3821/360 3792/3807/346 3808/3810/349 3798/3830/369
f 3798/3830/369 3808/3810/349 3807/3809/348 3797/3831/370
f 3797/3831/370 3807/3809/348 3806/3716/247 3796/3715/246
f 3672/3737/268 3773/3833/372 3847/3838/378 3845/3735/266
f 3847/3838/378 3841/3709/240 3706/3710/241 3845/3735/266
f 3672/3737/268 3696/3736/1057 3804/3815/354 3794/3834/373
f 3794/3834/373 3804/3815/354 3803/3818/1130 3793/3836/375
f 3785/3806/345 3784/3811/350 3808/3810/349 3792/3807/346
f 3790/3822/361 3791/3821/360 3798/3830/369 3775/3829/368
f 3813/1894/848 3818/1892/846 3802/3824/1068 3779/3823/1067
f 3834/3839/380 3831/3840/1131 3816/3841/382 3829/3842/383
f 3771/3837/376 3793/3836/375 3820/3843/384 3819/3844/385
f 3819/3844/385 3820/3843/384 3822/3845/386 3821/3846/387
f 3821/3846/387 3822/3845/386 3747/3797/332 3723/3796/331
f 3733/3778/313 3758/3779/314 3824/3847/388 3823/3848/389
f 3823/3848/389 3824/3847/388 3826/3849/390 3825/3850/391
f 3825/3850/391 3826/3849/390 3803/3818/1130 3780/3817/356
f 3747/3797/332 3822/3845/386 3824/3847/388 3758/3779/314
f 3820/3843/384 3826/3849/390 3824/3847/388 3822/3845/386
f 3803/3818/1130 3826/3849/390 3820/3843/384 3793/3836/375
f 3830/3851/392 3833/3852/393 3828/3853/394 3815/3854/395
f 3832/3855/396 3656/3570/165 3660/3573/168 3827/3856/397
f 3815/3854/395 3661/3632/25 3814/3631/25 3816/3841/382
f 3827/3856/397 3660/3573/168 3659/3633/25 3828/3853/394
f 3816/3841/382 3814/3631/25 3666/3649/205 3829/3842/383
f 3828/3853/394 3659/3633/25 3661/3632/25 3815/3854/395
f 3657/3682/219 3834/3839/380 3829/3842/383 3666/3649/205
f 3833/3852/393 3832/3855/396 3827/3856/397 3828/3853/394
f 3831/3840/1131 3830/3851/392 3815/3854/395 3816/3841/382
f 3333/3358/12 3409/3439/97 3836/3857/398 3835/3373/20
f 3760/3776/311 3735/3775/310 3837/3858/399 3838/3859/400
f 3408/3441/99 3332/3440/98 3839/3860/401 3840/3861/402
f 3736/3772/307 3762/3773/308 3840/3861/402 3839/3860/401
f 3418/3418/72 3838/3859/400 3837/3858/399 3342/3419/73
f 3726/3370/17 3835/3373/20 3836/3857/398 3751/3789/324
f 3409/3439/97 3419/3409/63 3750/3793/328 3836/3857/398
f 3749/3792/327 3760/3776/311 3838/3859/400 3750/3793/328
f 3418/3418/72 3408/3441/99 3840/3861/402 3838/3859/400
f 3751/3789/324 3836/3857/398 3840/3861/402 3762/3773/308
f 3750/3793/328 3838/3859/400 3840/3861/402 3836/3857/398
f 3845/3735/266 3851/3717/248 3853/3713/244 3849/3712/243
f 3892/3862/403 3933/3863/404 3889/3864/1071 3868/3865/406
f 3870/3866/407 3890/3867/1132 3888/3868/409 3862/3869/410
f 3854/3870/1072 3881/3871/412 3890/3867/1132 3870/3866/407
f 3854/3870/1072 3870/3866/407 3892/3862/403 3868/3865/406
f 3863/3872/413 3854/3870/1072 3868/3865/406 3866/3873/414
f 3866/3873/414 3867/3874/1073 3856/3875/1074 3863/3872/413
f 3855/3876/417 3856/3875/1074 3867/3874/1073 3869/3877/418
f 3869/3877/418 3865/3878/419 3859/3879/420 3855/3876/417
f 3880/3880/421 3887/3881/25 3890/3867/1132 3881/3871/412
f 3882/3882/1133 3878/3883/25 3874/3884/423 3873/3885/424
f 3876/3886/425 3887/3881/25 3879/3887/25 3877/3888/426
f 3871/3889/1075 3878/3883/25 3879/3887/25 3872/3890/428
f 3886/3891/429 3893/3892/25 3894/3893/430 3883/3894/431
f 3884/3895/432 3932/3896/25 3934/3897/25 3885/3898/433
f 3888/3868/409 3890/3867/1132 3887/3881/25 3876/3886/425
f 3872/3890/428 3879/3887/25 3887/3881/25 3880/3880/421
f 3875/3899/434 3874/3884/423 3878/3883/25 3871/3889/1075
f 3877/3888/426 3879/3887/25 3878/3883/25 3882/3882/1133
f 3885/3898/433 3934/3897/25 3893/3892/25 3886/3891/429
f 3889/3864/1071 3933/3863/404 3932/3896/25 3884/3895/432
f 3855/3876/417 3871/3889/1075 3872/3890/428 3856/3875/1074
f 3857/3900/1134 3873/3885/424 3874/3884/423 3858/3901/436
f 3858/3901/436 3874/3884/423 3875/3899/434 3859/3879/420
f 3860/3902/437 3876/3886/425 3877/3888/426 3861/3903/438
f 3863/3872/413 3880/3880/421 3881/3871/412 3854/3870/1072
f 3864/3904/439 3882/3882/1133 3873/3885/424 3857/3900/1134
f 3865/3878/419 3883/3894/431 3894/3893/430 3891/3905/440
f 3866/3873/414 3884/3895/432 3885/3898/433 3867/3874/1073
f 3869/3877/418 3886/3891/429 3883/3894/431 3865/3878/419
f 3856/3875/1074 3872/3890/428 3880/3880/421 3863/3872/413
f 3859/3879/420 3875/3899/434 3871/3889/1075 3855/3876/417
f 3867/3874/1073 3885/3898/433 3886/3891/429 3869/3877/418
f 3868/3865/406 3889/3864/1071 3884/3895/432 3866/3873/414
f 3892/3862/403 3909/3906/441 3930/3907/442 3933/3863/404
f 3911/3908/443 3903/3909/444 3929/3910/445 3931/3911/446
f 3895/3912/447 3911/3908/443 3931/3911/446 3922/3913/448
f 3895/3912/447 3909/3906/441 3892/3862/403 3911/3908/443
f 3904/3914/1076 3907/3915/450 3909/3906/441 3895/3912/447
f 3907/3915/450 3904/3914/1076 3897/3916/451 3908/3917/1077
f 3896/3918/453 3910/3919/454 3908/3917/1077 3897/3916/451
f 3910/3919/454 3896/3918/453 3900/3920/455 3906/3921/456
f 3921/3922/457 3922/3913/448 3931/3911/446 3928/3923/25
f 3923/3924/458 3914/3925/459 3915/3926/460 3919/3927/25
f 3917/3928/461 3918/3929/462 3920/3930/25 3928/3923/25
f 3912/3931/1135 3913/3932/464 3920/3930/25 3919/3927/25
f 3927/3933/465 3924/3934/466 3894/3893/430 3893/3892/25
f 3925/3935/467 3926/3936/468 3934/3897/25 3932/3896/25
f 3929/3910/445 3917/3928/461 3928/3923/25 3931/3911/446
f 3913/3932/464 3921/3922/457 3928/3923/25 3920/3930/25
f 3916/3937/1136 3912/3931/1135 3919/3927/25 3915/3926/460
f 3918/3929/462 3923/3924/458 3919/3927/25 3920/3930/25
f 3926/3936/468 3927/3933/465 3893/3892/25 3934/3897/25
f 3930/3907/442 3925/3935/467 3932/3896/25 3933/3863/404
f 3896/3918/453 3897/3916/451 3913/3932/464 3912/3931/1135
f 3898/3938/470 3899/3939/1137 3915/3926/460 3914/3925/459
f 3899/3939/1137 3900/3920/455 3916/3937/1136 3915/3926/460
f 3901/3940/472 3902/3941/473 3918/3929/462 3917/3928/461
f 3904/3914/1076 3895/3912/447 3922/3913/448 3921/3922/457
f 3905/3942/474 3898/3938/470 3914/3925/459 3923/3924/458
f 3906/3921/456 3891/3905/440 3894/3893/430 3924/3934/466
f 3907/3915/450 3908/3917/1077 3926/3936/468 3925/3935/467
f 3910/3919/454 3906/3921/456 3924/3934/466 3927/3933/465
f 3903/3909/444 3901/3940/472 3917/3928/461 3929/3910/445
f 3897/3916/451 3904/3914/1076 3921/3922/457 3913/3932/464
f 3900/3920/455 3896/3918/453 3912/3931/1135 3916/3937/1136
f 3902/3941/473 3905/3942/474 3923/3924/458 3918/3929/462
f 3908/3917/1077 3910/3919/454 3927/3933/465 3926/3936/468
f 3909/3906/441 3907/3915/450 3925/3935/467 3930/3907/442
f 3940/3943/475 3947/3944/476 3948/3407/1037 3941/3406/58
f 3939/3945/477 3946/3946/478 3947/3944/476 3940/3943/475
f 3938/2003/948 3945/2006/951 3944/3947/1078 3937/3948/1079
f 3937/3948/1079 3944/3947/1078 3943/3949/483 3936/3950/484
f 3936/3950/484 3943/3949/483 3942/3951/485 3935/3952/486
f 3945/2006/951 3949/1419/553 3948/3407/1037 3944/3947/1078
f 3944/3947/1078 3948/3407/1037 3947/3944/476 3943/3949/483
f 3943/3949/483 3947/3944/476 3946/3946/478 3942/3951/485
f 3950/3953/487 3951/3954/488 3935/3952/486 3942/3951/485
f 3952/3955/489 3950/3953/487 3942/3951/485 3946/3946/478
f 3953/3956/490 3952/3955/489 3946/3946/478 3939/3945/477
f 3356/3413/67 3433/3412/66 3952/3955/489 3953/3956/490
f 3433/3412/66 3429/3426/82 3950/3953/487 3952/3955/489
f 3429/3426/82 3353/3425/81 3951/3954/488 3950/3953/487
f 3955/3957/1138 1935/2018/1023 1939/2017/1022 3957/3958/1139
f 3538/3612/192 3532/3611/191 3499/3592/105 3498/3591/105
f 3958/3959/495 3954/3960/496 3956/3961/497 3961/3962/498
f 3489/3690/105 3319/3463/114 3325/3462/113 3490/3601/105
f 3957/3958/1139 3960/3963/25 3961/3962/498 3956/3961/497
f 3498/3591/105 3493/3595/105 3448/3508/146 3538/3612/192
f 1939/2017/1022 1943/2024/25 3960/3963/25 3957/3958/1139
f 3325/3462/113 3448/3508/146 3493/3595/105 3490/3601/105
f 3530/3673/214 3537/3678/1052 3728/3759/292 3744/3758/291
f 3954/3960/496 3955/3957/1138 3957/3958/1139 3956/3961/497
f 3727/3371/18 3728/3759/292 3533/3675/216 3535/3368/15
f 3962/2025/1024 3967/3964/1082 3965/3965/1140 1944/2026/1025
f 3966/3966/1084 3958/3959/495 3961/3962/498 3964/3967/504
f 3321/3507/145 3324/3343/1 3335/3346/4
f 3964/3967/504 3961/3962/498 3960/3963/25 3965/3965/1140
f 3320/3347/1030 3321/3507/145 3335/3346/4
f 3965/3965/1140 3960/3963/25 1943/2024/25 1944/2026/1025
f 3537/3678/1052 3534/3676/217 3728/3759/292
f 3967/3964/1082 3966/3966/1084 3964/3967/504 3965/3965/1140
f 3728/3759/292 3534/3676/217 3533/3675/216
f 3837/3858/399 3735/3775/310 3834/3839/380 3657/3682/219
f 3657/3682/219 3524/3566/161 3342/3419/73 3837/3858/399
f 3734/3774/563 3733/3778/313 3831/3840/1131 3834/3839/380
f 3341/3416/70 3524/3566/161 3523/3565/160 3340/3420/76
f 3733/3778/313 3823/3848/389 3830/3851/392 3831/3840/1131
f 3526/3512/149 3716/3749/282 3340/3420/76 3523/3565/160
f 3823/3848/389 3825/3850/391 3833/3852/393 3830/3851/392
f 3525/3511/148 3720/3753/1061 3716/3749/282 3526/3512/149
f 3825/3850/391 3780/3817/356 3832/3855/396 3833/3852/393
f 3522/3571/166 3679/3721/252 3720/3753/1061 3525/3511/148
f 3795/3816/355 3848/3743/1058 3656/3570/165 3832/3855/396
f 3522/3571/166 3656/3570/165 3848/3743/1058 3842/3719/250
f 3780/3817/356 3781/3814/353 3795/3816/355 3832/3855/396
f 3680/3718/249 3679/3721/252 3522/3571/166 3842/3719/250
f 3734/3774/563 3834/3839/380 3735/3775/310
f 3342/3419/73 3524/3566/161 3341/3416/70
f 3850/3744/276 3843/3733/264 3911/3908/443 3892/3862/403
f 3782/3745/277 3850/3744/276 3892/3862/403 3870/3866/407
f 3843/3733/264 3673/3731/262 3903/3909/444 3911/3908/443
f 3774/3832/371 3782/3745/277 3870/3866/407 3862/3869/410
f 3464/3672/106 3462/3679/106 3891/3905/440 3906/3921/456
f 3462/3679/106 3460/3598/106 3865/3878/419 3891/3905/440
f 3558/3587/106 3464/3672/106 3906/3921/456 3900/3920/455
f 3460/3598/106 3497/3597/106 3859/3879/420 3865/3878/419
f 3674/3696/225 3690/3695/224 3898/3938/470 3905/3942/474
f 3775/3829/368 3774/3832/371 3862/3869/410 3860/3902/437
f 3674/3696/225 3902/3941/473 3901/3940/472
f 3902/3941/473 3674/3696/225 3905/3942/474
f 3673/3731/262 3674/3696/225 3901/3940/472 3903/3909/444
f 3775/3829/368 3861/3903/438 3864/3904/439
f 3790/3822/361 3775/3829/368 3864/3904/439 3857/3900/1134
f 3861/3903/438 3775/3829/368 3860/3902/437
f 3559/2848/147 3339/3429/85 3495/3677/105 3653/3029/104
f 3339/3429/85 3338/3432/88 3496/3683/105 3495/3677/105
f 3338/3432/88 3337/3436/92 3500/3684/105 3496/3683/105
f 3337/3436/92 3336/3422/78 3501/3685/105 3500/3684/105
f 3336/3422/78 3368/3345/3 3488/3687/105 3501/3685/105
f 3318/3506/144 3319/3463/114 3489/3690/105
f 3317/3344/2 3318/3506/144 3368/3345/3
f 3304/1467/105 3307/3446/104 3732/3782/1064 1937/1849/803
f 3307/3446/104 3308/3449/104 3731/3783/318 3732/3782/1064
f 3308/3449/104 3301/3455/104 3730/3786/321 3731/3783/318
f 3301/3455/104 3454/3505/104 3729/3780/315 3730/3786/321
f 3454/3505/104 3487/3603/105 3744/3758/291 3729/3780/315
f 3531/3674/215 3499/3592/105 3532/3611/191
f 3530/3673/214 3744/3758/291 3531/3674/215
f 3744/3758/291 3487/3603/105 3499/3592/105 3531/3674/215
f 3368/3345/3 3318/3506/144 3489/3690/105 3488/3687/105
f 3658/3035/106 3485/3681/106 3678/3725/256 3689/3105/278
f 3485/3681/106 3483/3689/106 3677/3726/257 3678/3725/256
f 3483/3689/106 3481/3688/106 3676/3729/260 3677/3726/257
f 3481/3688/106 3479/3686/106 3675/3723/254 3676/3729/260
f 3479/3686/106 3467/3588/106 3690/3695/224 3675/3723/254
f 3558/3587/106 3900/3920/455 3899/3939/1137
f 3295/3453/106 1318/1532/106 3813/1894/848 3779/3823/1067
f 3306/3450/106 3295/3453/106 3779/3823/1067 3778/3826/365
f 3302/3510/106 3306/3450/106 3778/3826/365 3777/3828/367
f 3560/3509/106 3302/3510/106 3777/3828/367 3776/3819/358
f 3491/3680/106 3560/3509/106 3776/3819/358 3790/3822/361
f 3858/3901/436 3790/3822/361 3857/3900/1134
f 3690/3695/224 3899/3939/1137 3898/3938/470
f 3467/3588/106 3558/3587/106 3899/3939/1137 3690/3695/224
f 3859/3879/420 3497/3597/106 3858/3901/436
f 3497/3597/106 3491/3680/106 3790/3822/361 3858/3901/436
f 3438/3388/37 3367/3385/33 3439/3502/141 3551/3504/143
f 3367/3385/33 3359/3375/22 3640/3501/140 3439/3502/141
f 3550/3577/173 3438/3388/37 3551/3504/143
f 3548/3025/213 3357/2830/133 3437/3389/38 3549/3580/176
f 3549/3580/176 3437/3389/38 3438/3388/37 3550/3577/173
f 3358/3374/21 3360/2707/36 3643/3022/210 3642/3670/211
f 3359/3375/22 3358/3374/21 3642/3670/211 3641/3671/212
f 3641/3671/212 3640/3501/140 3359/3375/22
f 3356/3413/67 3953/3956/490 3958/3959/495 3966/3966/1084
f 3953/3956/490 3939/3945/477 3954/3960/496 3958/3959/495
f 3963/1418/552 1935/2018/1023 3955/3957/1138 3941/3406/58
f 3962/2025/1024 1373/1433/978 3354/3414/68 3967/3964/1082
f 3354/3414/68 3355/3410/64 3966/3966/1084 3967/3964/1082
f 3940/3943/475 3941/3406/58 3955/3957/1138 3954/3960/496
f 3940/3943/475 3954/3960/496 3939/3945/477
f 3356/3413/67 3966/3966/1084 3355/3410/64
f 3789/3798/335 1797/1851/805 3938/2003/948 3937/3948/1079
f 3743/3762/1062 3351/3434/1039 3959/1452/980 1729/1813/769
f 3352/3428/1038 3351/3434/1039 3743/3762/1062 3742/3764/299
f 3788/3800/339 3789/3798/335 3937/3948/1079 3936/3950/484
f 3670/3741/272 3935/3952/486 3951/3954/488 3719/3752/285
f 3719/3752/285 3951/3954/488 3353/3425/81 3715/3748/281
f 3670/3741/272 3671/3739/270 3936/3950/484 3935/3952/486
f 3352/3428/1038 3330/3445/103 3715/3748/281 3353/3425/81
f 3555/3516/153 3441/3497/136 3821/3846/387 3723/3796/331
f 3441/3497/136 3644/3496/135 3819/3844/385 3821/3846/387
f 3644/3496/135 3645/3669/209 3771/3837/376 3819/3844/385
f 3554/3569/164 3555/3516/153 3723/3796/331 3724/3794/329
f 3350/3392/42 3543/2714/45 3552/2919/170 3553/3574/169
f 3349/3394/46 3350/3392/42 3553/3574/169 3554/3569/164
f 3646/3668/207 3647/3020/208 3688/3058/229 3687/3699/228
f 3645/3669/209 3646/3668/207 3687/3699/228 3686/3701/232
f 3681/3707/238 3841/3709/240 3773/3833/372 3772/3835/374
f 3682/3693/222 3681/3707/238 3772/3835/374 3771/3837/376
f 3847/3838/378 3773/3833/372 3841/3709/240
f 3852/3813/352 3805/3812/1066 3844/3738/269
f 3671/3739/270 3844/3738/269 3805/3812/1066 3783/3808/347
f 3787/3802/341 3788/3800/339 3936/3950/484
f 3685/3703/234 3645/3669/209 3686/3701/232
f 3761/3790/325 3343/3408/62 3725/3791/326
f 3343/3408/62 3344/3402/54 3724/3794/329 3725/3791/326
f 3839/3860/401 3332/3440/98 3736/3772/307
f 3332/3440/98 3331/3443/101 3737/3770/305 3736/3772/307
f 3331/3443/101 3330/3445/103 3738/3756/289 3737/3770/305
f 3739/3757/290 3738/3756/289 3330/3445/103
f 3554/3569/164 3348/3396/48 3349/3394/46
f 3554/3569/164 3347/3398/50 3348/3396/48
f 3346/3400/52 3347/3398/50 3554/3569/164 3724/3794/329
f 3345/3405/57 3346/3400/52 3724/3794/329
f 3344/3402/54 3345/3405/57 3724/3794/329
f 3740/3768/303 3739/3757/290 3330/3445/103 3352/3428/1038
f 3741/3766/301 3740/3768/303 3352/3428/1038
f 3742/3764/299 3741/3766/301 3352/3428/1038
f 3683/3694/223 3682/3693/222 3771/3837/376
f 3685/3703/234 3684/3705/236 3645/3669/209
f 3783/3808/347 3784/3811/350 3671/3739/270
f 3784/3811/350 3785/3806/345 3671/3739/270
f 3785/3806/345 3786/3804/343 3936/3950/484 3671/3739/270
f 3786/3804/343 3787/3802/341 3936/3950/484
f 3683/3694/223 3771/3837/376 3645/3669/209 3684/3705/236
f 3862/3869/410 3888/3868/409 3876/3886/425 3860/3902/437
f 3864/3904/439 3861/3903/438 3877/3888/426 3882/3882/1133
f 3216/3284/921 3215/3285/922 3231/3299/932 3232/3300/933
f 3214/3280/916 3223/3281/1016 3240/3289/926 3241/3291/917
f 3250/3277/913 3230/3276/912 3214/3280/916 3241/3291/917
f 3180/3273/907 3196/3255/1115 3195/3254/894 3179/3272/1015
f 2668/2661/510 2666/2660/1085 2734/2813/608 2746/2702/528
f 2876/3041/692 2875/3038/691 2955/2989/675 2956/2991/1095
f 3324/3343/1 3321/3507/145 3391/3483/123 3396/3477/119
