# Blender v2.93.3 OBJ File: 'molduras1.blend'
# www.blender.org
mtllib molduraave.mtl
o AVE.002_Plane.016
v 1.687313 1.757587 0.071181
v 1.676443 1.803466 0.071181
v 1.711554 1.870052 0.071181
v 1.691473 1.848735 0.071181
v 1.810450 1.841282 0.071181
v 1.783763 1.878645 0.071181
v 1.738278 1.890855 0.071181
v 1.766438 1.778253 0.071181
v 1.786070 1.793952 0.071181
v 1.741710 1.762947 0.071181
v 1.681412 1.826298 0.071181
v 1.801583 1.817360 0.071181
v 1.569839 1.919519 0.071181
v 1.578066 1.835214 0.071181
v 1.583533 1.862228 0.071181
v 1.561567 1.808199 0.071181
v 1.582598 1.890874 0.071181
v 1.655120 1.188533 0.071181
v 1.647463 1.288452 0.071181
v 1.604222 0.988699 0.071181
v 1.645897 1.088617 0.071181
v 1.607353 1.388368 0.071181
v 2.933562 0.761322 0.071181
v 2.895016 1.061075 0.071181
v 2.936691 1.160992 0.071181
v 2.893451 0.861240 0.071181
v 2.885794 0.961157 0.071181
v 2.879101 0.147959 0.071181
v 2.751489 0.147959 0.071181
v 2.618994 0.147959 0.071181
v 2.479525 0.147959 0.071181
v 2.344706 0.147959 0.071181
v 2.879101 0.000006 0.125881
v 2.751489 0.000006 0.125881
v 2.618994 0.000006 0.125881
v 2.479525 0.000006 0.125881
v 2.344707 0.000006 0.125881
v 2.207525 0.000006 0.125881
v 2.072667 0.000006 0.125881
v 1.940173 0.000006 0.125881
v 1.800705 0.000006 0.125881
v 1.665885 0.000006 0.125881
v 2.879101 2.128701 0.125883
v 2.751489 2.128701 0.125883
v 2.618994 2.128701 0.125883
v 2.479525 2.128701 0.125883
v 2.344707 2.128701 0.125883
v 2.207525 2.128701 0.125883
v 2.072667 2.128701 0.125883
v 1.940173 2.128701 0.125883
v 1.800705 2.128701 0.125883
v 1.665885 2.128701 0.125883
v 2.207524 1.980746 0.071181
v 2.072667 1.980746 0.071181
v 1.940173 1.980746 0.071181
v 1.800704 1.980746 0.071181
v 1.665885 1.980746 0.071181
v 2.160603 1.560828 0.071181
v 2.098526 1.479050 0.071181
v 2.036809 1.391276 0.071181
v 1.971842 1.298881 0.071181
v 1.909040 1.209568 0.071181
v 1.845137 1.118688 0.071181
v 1.782319 1.029348 0.071181
v 1.720601 0.941574 0.071181
v 1.592832 0.759865 0.071181
v 1.627437 1.562713 0.071181
v 1.764489 1.562231 0.071181
v 1.886665 1.561721 0.071181
v 2.025753 1.561229 0.071181
v 1.668041 1.671676 0.071181
v 1.844323 1.671030 0.071181
v 2.007794 1.670349 0.071181
v 2.186801 1.669691 0.071181
v 2.442381 0.657452 0.071181
v 2.914124 0.576777 0.071181
v 2.777072 0.576392 0.071181
v 2.654895 0.576126 0.071181
v 2.515805 0.575736 0.071181
v 2.874388 0.467560 0.071181
v 2.698105 0.467089 0.071181
v 2.534633 0.466734 0.071181
v 2.355625 0.466257 0.071181
v 2.300219 1.084985 0.071181
v 2.210403 1.263113 0.071181
v 2.139440 1.155903 0.071181
v 2.070843 1.052265 0.071181
v 1.999585 0.944608 0.071181
v 2.371181 1.192196 0.071181
v 2.300308 1.215665 0.071181
v 2.229346 1.108454 0.071181
v 2.160749 1.004818 0.071181
v 2.089491 0.897161 0.071181
v 2.231621 0.981348 0.071181
v 2.160363 0.873691 0.071181
v 2.461086 1.144748 0.071181
v 2.390124 1.037537 0.071181
v 2.321527 0.933901 0.071181
v 2.250269 0.826244 0.071181
v 2.851417 0.400366 0.071181
v 2.862287 0.354484 0.071181
v 2.827176 0.287899 0.071181
v 2.847257 0.309215 0.071181
v 2.728280 0.316670 0.071181
v 2.754967 0.279306 0.071181
v 2.800452 0.267097 0.071181
v 2.772293 0.379699 0.071181
v 2.752659 0.364000 0.071181
v 2.797020 0.395004 0.071181
v 2.857319 0.331653 0.071181
v 2.737148 0.340592 0.071181
v 2.968890 0.238434 0.071181
v 2.960663 0.322738 0.071181
v 2.955198 0.295723 0.071181
v 2.977163 0.349752 0.071181
v 2.956132 0.267078 0.071181
v 2.879101 0.000006 0.016481
v 2.751489 0.000006 0.016481
v 2.618994 0.000006 0.016481
v 2.479525 0.000006 0.016481
v 2.344707 0.000006 0.016481
v 2.207525 0.000006 0.016481
v 2.072667 0.000006 0.016481
v 1.940173 0.000006 0.016481
v 1.800705 0.000006 0.016481
v 1.665885 0.000006 0.016481
v 2.879101 2.128701 0.016483
v 2.751489 2.128701 0.016483
v 2.618994 2.128701 0.016483
v 2.479525 2.128701 0.016483
v 2.344707 2.128701 0.016483
v 2.207525 2.128701 0.016483
v 2.072667 2.128701 0.016483
v 1.940173 2.128701 0.016483
v 1.800705 2.128701 0.016483
v 1.665885 2.128701 0.016483
v 2.363076 1.669691 0.071181
v 2.249814 1.520398 0.071181
v 2.171949 1.409660 0.071181
v 2.089985 1.293094 0.071181
v 2.010754 1.180413 0.071181
v 1.930134 1.065757 0.071181
v 1.850881 0.953047 0.071181
v 1.773015 0.842308 0.071181
v 1.611820 0.613062 0.071181
v 2.072667 0.147959 0.071181
v 1.940173 0.147959 0.071181
v 1.800704 0.147959 0.071181
v 1.665885 0.147959 0.071181
v 2.879101 1.982214 0.071181
v 2.751489 1.982214 0.071181
v 2.618994 1.982214 0.071181
v 2.479525 1.982214 0.071181
v 2.344706 1.982214 0.071181
v 2.207524 0.147959 0.071181
v 2.380957 0.575283 0.071181
v 2.503400 0.745615 0.071181
v 2.567630 0.838419 0.071181
v 2.629720 0.928129 0.071181
v 2.692898 1.019412 0.071181
v 2.755005 1.109148 0.071181
v 2.816023 1.197311 0.071181
v 2.942344 1.379825 0.071181
v 2.163457 0.466257 0.071181
v 2.296245 0.649954 0.071181
v 2.374110 0.760690 0.071181
v 2.456073 0.877256 0.071181
v 2.535305 0.989938 0.071181
v 2.615925 1.104593 0.071181
v 2.695179 1.217305 0.071181
v 2.773043 1.328043 0.071181
v 2.934238 1.557289 0.071181
v 1.715262 1.792230 0.096936
v 1.695916 1.768248 0.096936
v 1.686869 1.806438 0.096936
v 1.716094 1.861864 0.096936
v 1.699379 1.844121 0.096936
v 1.798414 1.837915 0.096936
v 1.776199 1.869016 0.096936
v 1.738339 1.879180 0.096936
v 1.761778 1.785451 0.096936
v 1.778121 1.798519 0.096936
v 1.755404 1.842614 0.096936
v 1.734608 1.816211 0.096936
v 1.741196 1.772710 0.096936
v 1.691004 1.825443 0.096936
v 1.791033 1.818002 0.096936
v 1.570234 1.842492 0.096936
v 1.574221 1.862194 0.096936
v 1.558200 1.822790 0.096936
v 1.573538 1.883084 0.096936
v 1.564234 1.903974 0.096936
v 1.622432 1.102568 0.096936
v 1.630363 1.188485 0.096936
v 2.953520 0.786449 0.096936
v 2.919813 1.048578 0.096936
v 2.956258 1.135954 0.096936
v 2.918445 0.873825 0.096936
v 2.911748 0.961201 0.096936
v 1.586597 1.016653 0.096936
v 1.623778 1.274401 0.096936
v 1.589289 1.360318 0.096936
v 2.879101 0.129982 0.096936
v 2.879101 0.072686 0.096936
v 2.751489 0.129982 0.096936
v 2.618994 0.129982 0.096936
v 2.479525 0.129982 0.096936
v 2.344706 0.129982 0.096936
v 2.751489 0.072686 0.096936
v 2.618994 0.072686 0.096936
v 2.479525 0.072686 0.096936
v 2.344706 0.072686 0.096936
v 2.207524 0.072686 0.096936
v 1.940173 0.072686 0.096936
v 2.072667 0.072686 0.096936
v 1.800704 0.072686 0.096936
v 1.665885 0.072686 0.096936
v 2.207524 0.129982 0.096936
v 2.751489 2.061840 0.096936
v 2.879101 2.061840 0.096936
v 2.618994 2.061840 0.096936
v 2.479525 2.061840 0.096936
v 2.344706 2.061840 0.096936
v 2.207524 2.061840 0.096936
v 1.940173 2.061840 0.096936
v 2.072667 2.061840 0.096936
v 1.800704 2.061840 0.096936
v 1.665885 2.061840 0.096936
v 2.072667 1.993098 0.096936
v 1.940173 1.993098 0.096936
v 1.800704 1.993098 0.096936
v 1.665885 1.993098 0.096936
v 2.207524 1.993098 0.096936
v 2.344706 1.994178 0.096936
v 2.119447 1.479050 0.096936
v 2.200982 1.579169 0.096936
v 2.057729 1.391276 0.096936
v 1.992762 1.298881 0.096936
v 1.929960 1.209568 0.096936
v 1.866058 1.118688 0.096936
v 1.741521 0.941574 0.096936
v 1.803239 1.029348 0.096936
v 1.613752 0.759865 0.096936
v 1.764489 1.580108 0.096936
v 1.627437 1.580433 0.096936
v 1.886665 1.579768 0.096936
v 2.025753 1.579439 0.096936
v 1.668041 1.653428 0.096936
v 1.844323 1.652994 0.096936
v 2.007794 1.652538 0.096936
v 2.186801 1.652097 0.096936
v 2.342155 1.652097 0.096936
v 2.749178 0.558119 0.096936
v 2.886231 0.558376 0.096936
v 2.627001 0.557942 0.096936
v 2.487912 0.557682 0.096936
v 2.902283 0.485570 0.096936
v 2.725999 0.485256 0.096936
v 2.562528 0.485019 0.096936
v 2.383518 0.484701 0.096936
v 2.353064 0.557380 0.096936
v 2.082118 1.056249 0.096936
v 2.021006 0.963922 0.096936
v 2.242167 0.985075 0.096936
v 2.301628 1.074909 0.096936
v 2.140947 1.145130 0.096936
v 2.201805 1.237074 0.096936
v 2.320098 0.943947 0.096936
v 2.258331 0.850630 0.096936
v 2.363139 1.167839 0.096936
v 2.278908 1.196382 0.096936
v 2.218050 1.104437 0.096936
v 2.159221 1.015558 0.096936
v 2.098110 0.923231 0.096936
v 2.180400 0.891758 0.096936
v 2.441069 1.126711 0.096936
v 2.379559 1.033781 0.096936
v 2.822541 0.364574 0.096936
v 2.841121 0.387605 0.096936
v 2.849811 0.350928 0.096936
v 2.821743 0.297699 0.096936
v 2.837795 0.314739 0.096936
v 2.742684 0.320699 0.096936
v 2.764018 0.290830 0.096936
v 2.800379 0.281069 0.096936
v 2.777868 0.371084 0.096936
v 2.762173 0.358535 0.096936
v 2.783990 0.316187 0.096936
v 2.803962 0.341543 0.096936
v 2.797636 0.383320 0.096936
v 2.845839 0.332677 0.096936
v 2.749773 0.339822 0.096936
v 2.971212 0.244871 0.096936
v 2.963907 0.319724 0.096936
v 2.959054 0.295738 0.096936
v 2.959885 0.270303 0.096936
v 2.978557 0.343710 0.096936
v 1.989833 1.180413 0.096936
v 2.069065 1.293094 0.096936
v 2.151029 1.409660 0.096936
v 2.228894 1.520398 0.096936
v 1.909214 1.065757 0.096936
v 1.752095 0.842308 0.096936
v 1.829960 0.953047 0.096936
v 1.590900 0.613062 0.096936
v 1.940173 0.129982 0.096936
v 2.072667 0.129982 0.096936
v 1.800704 0.129982 0.096936
v 1.665885 0.129982 0.096936
v 2.751489 1.994178 0.096936
v 2.879101 1.994178 0.096936
v 2.618994 1.994178 0.096936
v 2.479525 1.994178 0.096936
v 2.539737 0.838419 0.096936
v 2.475506 0.745615 0.096936
v 2.601826 0.928129 0.096936
v 2.665004 1.019412 0.096936
v 2.788129 1.197311 0.096936
v 2.727111 1.109148 0.096936
v 2.914449 1.379825 0.096936
v 2.483968 0.877256 0.096936
v 2.563199 0.989938 0.096936
v 2.402004 0.760690 0.096936
v 2.324138 0.649954 0.096936
v 2.191351 0.484701 0.096936
v 2.643819 1.104593 0.096936
v 2.723072 1.217305 0.096936
v 2.800938 1.328043 0.096936
v 2.962132 1.557289 0.096936
v 2.414486 0.657452 0.096936
v 1.359166 1.757587 0.071181
v 1.370036 1.803466 0.071181
v 1.334925 1.870052 0.071181
v 1.355005 1.848735 0.071181
v 1.236029 1.841282 0.071181
v 1.262716 1.878645 0.071181
v 1.308201 1.890855 0.071181
v 1.280041 1.778253 0.071181
v 1.260409 1.793952 0.071181
v 1.304769 1.762947 0.071181
v 1.365068 1.826298 0.071181
v 1.244896 1.817360 0.071181
v 1.476639 1.919519 0.071181
v 1.468412 1.835214 0.071181
v 1.462946 1.862228 0.071181
v 1.523239 1.787307 0.071181
v 1.484912 1.808199 0.071181
v 1.463882 1.890874 0.071181
v 1.391358 1.188533 0.071181
v 1.399016 1.288452 0.071181
v 1.442257 0.988699 0.071181
v 1.400582 1.088617 0.071181
v 1.439126 1.388368 0.071181
v 1.523239 1.425701 0.071181
v 0.015106 0.723989 0.071182
v 0.098518 0.761322 0.071182
v 0.137062 1.061075 0.071182
v 0.095387 1.160992 0.071182
v 0.138627 0.861240 0.071182
v 0.146285 0.961157 0.071182
v 0.152978 0.147959 0.071182
v 0.280590 0.147959 0.071182
v 0.413085 0.147959 0.071182
v 0.552553 0.147959 0.071182
v 0.687371 0.147959 0.071182
v 0.152979 0.000006 0.125881
v 0.280590 0.000006 0.125881
v 0.413085 0.000006 0.125881
v 0.552554 0.000006 0.125881
v 0.687372 0.000006 0.125881
v 0.824554 0.000006 0.125881
v 0.973813 0.000006 0.125881
v 1.106307 0.000006 0.125881
v 1.245776 0.000006 0.125881
v 1.380595 0.000006 0.125881
v 1.523240 0.000006 0.125881
v 0.152979 2.128701 0.125883
v 0.280590 2.128701 0.125883
v 0.413085 2.128701 0.125883
v 0.552554 2.128701 0.125883
v 0.687372 2.128701 0.125883
v 0.824554 2.128701 0.125883
v 0.973813 2.128701 0.125883
v 1.106307 2.128701 0.125883
v 1.245776 2.128701 0.125883
v 1.380595 2.128701 0.125883
v 1.523240 2.128701 0.125883
v 0.824554 1.980746 0.071182
v 0.973812 1.980746 0.071182
v 1.106306 1.980746 0.071182
v 1.245775 1.980746 0.071182
v 1.380594 1.980746 0.071181
v 1.523239 1.980746 0.071181
v 0.885876 1.560828 0.071182
v 0.947952 1.479050 0.071182
v 1.009670 1.391276 0.071182
v 1.074637 1.298881 0.071182
v 1.137439 1.209568 0.071182
v 1.201341 1.118688 0.071182
v 1.264160 1.029348 0.071182
v 1.325879 0.941574 0.071181
v 1.453647 0.759865 0.071181
v 1.523239 0.667085 0.071181
v 0.016408 0.147959 0.071182
v 1.523239 1.563206 0.071181
v 1.419042 1.562713 0.071181
v 1.281990 1.562231 0.071182
v 1.159814 1.561721 0.071182
v 1.020726 1.561229 0.071182
v 1.523239 1.672335 0.071181
v 1.378438 1.671676 0.071181
v 1.202156 1.671030 0.071182
v 1.038685 1.670349 0.071182
v 0.845276 1.669691 0.071182
v 0.589697 0.657452 0.071182
v 0.012986 0.576950 0.071182
v 0.117953 0.576777 0.071182
v 0.255006 0.576392 0.071182
v 0.377183 0.576126 0.071182
v 0.516272 0.575736 0.071182
v 0.012792 0.467820 0.071182
v 0.157690 0.467560 0.071182
v 0.333974 0.467089 0.071182
v 0.497445 0.466734 0.071182
v 0.676452 0.466257 0.071182
v 0.016409 0.000006 0.125881
v 0.016409 2.128701 0.125883
v 0.731859 1.084985 0.071182
v 0.836076 1.263113 0.071182
v 0.907038 1.155903 0.071182
v 0.975635 1.052265 0.071182
v 1.046894 0.944608 0.071182
v 0.660897 1.192196 0.071182
v 0.731770 1.215665 0.071182
v 0.802732 1.108454 0.071182
v 0.885730 1.004818 0.071182
v 0.956988 0.897161 0.071182
v 0.814858 0.981348 0.071182
v 0.871714 0.873691 0.071182
v 0.570992 1.144748 0.071182
v 0.641954 1.037537 0.071182
v 0.710551 0.933901 0.071182
v 0.781809 0.826244 0.071182
v 1.523239 0.949970 0.071181
v 0.180662 0.400366 0.071182
v 0.169791 0.354484 0.071182
v 0.204902 0.287899 0.071182
v 0.184821 0.309215 0.071182
v 0.303798 0.316670 0.071182
v 0.277111 0.279306 0.071182
v 0.231626 0.267097 0.071182
v 0.259786 0.379699 0.071182
v 0.279418 0.364000 0.071182
v 0.235058 0.395004 0.071182
v 0.174759 0.331653 0.071182
v 0.294931 0.340592 0.071182
v 0.063188 0.238434 0.071182
v 0.016493 0.225834 0.071182
v 0.071414 0.322738 0.071182
v 0.076880 0.295723 0.071182
v 0.054915 0.349752 0.071182
v 0.075946 0.267078 0.071182
v 0.152979 0.000006 0.016481
v 0.280590 0.000006 0.016481
v 0.413085 0.000006 0.016481
v 0.552554 0.000006 0.016481
v 0.687372 0.000006 0.016481
v 0.824554 0.000006 0.016481
v 0.973813 0.000006 0.016481
v 1.106307 0.000006 0.016481
v 1.245776 0.000006 0.016481
v 1.380595 0.000006 0.016481
v 1.523240 0.000006 0.016481
v 0.152979 2.128701 0.016483
v 0.280590 2.128701 0.016483
v 0.413085 2.128701 0.016483
v 0.552554 2.128701 0.016483
v 0.687372 2.128701 0.016483
v 0.824554 2.128701 0.016483
v 0.973813 2.128701 0.016483
v 1.106307 2.128701 0.016483
v 1.245776 2.128701 0.016483
v 1.380595 2.128701 0.016483
v 1.523240 2.128701 0.016483
v 0.016409 0.000006 0.016481
v 0.016409 2.128701 0.016483
v 1.523239 1.932117 0.071181
v 0.016493 0.370644 0.071182
v 0.015106 1.199722 0.071182
v 0.669002 1.669691 0.071182
v 0.782264 1.520398 0.071182
v 0.860129 1.409660 0.071182
v 0.956494 1.293094 0.071182
v 1.035725 1.180413 0.071182
v 1.116345 1.065757 0.071182
v 1.195598 0.953047 0.071182
v 1.273463 0.842308 0.071182
v 1.434658 0.613062 0.071181
v 1.523239 0.496010 0.071181
v 0.973812 0.147959 0.071182
v 1.106306 0.147959 0.071182
v 1.245775 0.147959 0.071182
v 1.380594 0.147959 0.071181
v 1.523239 0.147959 0.071181
v 0.152978 1.982214 0.071182
v 0.280590 1.982214 0.071182
v 0.413085 1.982214 0.071182
v 0.552553 1.982214 0.071182
v 0.687371 1.982214 0.071182
v 0.016408 1.982214 0.071182
v 0.824554 0.147959 0.071182
v 0.651121 0.575283 0.071182
v 0.528678 0.745615 0.071182
v 0.464447 0.838419 0.071182
v 0.402359 0.928129 0.071182
v 0.339180 1.019412 0.071182
v 0.277073 1.109148 0.071182
v 0.216054 1.197311 0.071182
v 0.089734 1.379825 0.071182
v 0.013614 1.485469 0.071182
v 0.868621 0.466257 0.071182
v 0.735833 0.649954 0.071182
v 0.657968 0.760690 0.071182
v 0.576005 0.877256 0.071182
v 0.496774 0.989938 0.071182
v 0.416153 1.104593 0.071182
v 0.336900 1.217305 0.071182
v 0.259035 1.328043 0.071182
v 0.097839 1.557289 0.071182
v 0.013614 1.674342 0.071182
v 1.331217 1.792230 0.096936
v 1.350562 1.768248 0.096936
v 1.359610 1.806438 0.096936
v 1.330385 1.861864 0.096936
v 1.347099 1.844121 0.096936
v 1.248064 1.837915 0.096936
v 1.270279 1.869016 0.096936
v 1.308140 1.879180 0.096936
v 1.284700 1.785451 0.096936
v 1.268358 1.798519 0.096936
v 1.291075 1.842614 0.096936
v 1.311871 1.816211 0.096936
v 1.305283 1.772710 0.096936
v 1.355475 1.825443 0.096936
v 1.255445 1.818002 0.096936
v 1.523239 1.887928 0.096936
v 1.523239 1.862692 0.096936
v 1.476245 1.842492 0.096936
v 1.472259 1.862194 0.096936
v 1.523239 1.807554 0.096936
v 1.488278 1.822790 0.096936
v 1.523239 1.835123 0.096936
v 1.472941 1.883084 0.096936
v 1.482245 1.903974 0.096936
v 1.424046 1.102568 0.096936
v 1.523239 1.085617 0.096936
v 1.523239 0.983350 0.096936
v 1.416116 1.188485 0.096936
v 1.523239 1.187884 0.096936
v 0.021888 0.753803 0.096937
v 0.078559 0.786449 0.096937
v 0.112265 1.048578 0.096937
v 0.075820 1.135954 0.096937
v 0.113634 0.873825 0.096937
v 0.120331 0.961201 0.096937
v 0.021888 0.857807 0.096937
v 0.021888 0.961813 0.096937
v 0.021888 1.065817 0.096937
v 1.459881 1.016653 0.096936
v 1.523239 1.290151 0.096936
v 1.523239 1.392419 0.096936
v 1.422700 1.274401 0.096936
v 1.457190 1.360318 0.096936
v 0.152978 0.129982 0.096937
v 0.152978 0.072686 0.096937
v 0.280590 0.129982 0.096937
v 0.413085 0.129982 0.096937
v 0.552553 0.129982 0.096937
v 0.687371 0.129982 0.096937
v 0.280590 0.072686 0.096937
v 0.413085 0.072686 0.096937
v 0.552553 0.072686 0.096937
v 0.687371 0.072686 0.096937
v 0.824554 0.072686 0.096936
v 1.106306 0.072686 0.096936
v 0.973812 0.072686 0.096936
v 1.245775 0.072686 0.096936
v 1.380594 0.072686 0.096936
v 1.523239 0.072686 0.096936
v 0.824554 0.129982 0.096936
v 1.523239 1.993098 0.096936
v 1.523239 2.061840 0.096936
v 0.280590 2.061840 0.096937
v 0.152978 2.061840 0.096937
v 0.413085 2.061840 0.096937
v 0.552553 2.061840 0.096937
v 0.687371 2.061840 0.096937
v 0.824554 2.061840 0.096936
v 1.106306 2.061840 0.096936
v 0.973812 2.061840 0.096936
v 1.245775 2.061840 0.096936
v 1.380594 2.061840 0.096936
v 0.973812 1.993098 0.096936
v 1.106306 1.993098 0.096936
v 1.245775 1.993098 0.096936
v 1.380594 1.993098 0.096936
v 0.824554 1.993098 0.096936
v 0.687371 1.994178 0.096937
v 0.912630 1.479050 0.096936
v 0.831095 1.579169 0.096936
v 0.988750 1.391276 0.096936
v 1.053717 1.298881 0.096936
v 1.116519 1.209568 0.096936
v 1.180420 1.118688 0.096936
v 1.304958 0.941574 0.096936
v 1.243239 1.029348 0.096936
v 1.432726 0.759865 0.096936
v 1.523239 0.635952 0.096936
v 0.016408 0.129982 0.096937
v 0.016408 0.072686 0.096937
v 1.281990 1.580108 0.096936
v 1.419042 1.580433 0.096936
v 1.159814 1.579768 0.096936
v 1.006325 1.579439 0.096936
v 1.523239 1.580763 0.096936
v 1.378438 1.653428 0.096936
v 1.202156 1.652994 0.096936
v 1.038685 1.652538 0.096936
v 0.845276 1.652097 0.096936
v 1.523239 1.653869 0.096936
v 0.689922 1.652097 0.096937
v 0.282900 0.558119 0.096937
v 0.145847 0.558376 0.096937
v 0.405077 0.557942 0.096937
v 0.544166 0.557682 0.096937
v 0.012986 0.558491 0.096937
v 0.129795 0.485570 0.096937
v 0.306079 0.485256 0.096937
v 0.469550 0.485019 0.096937
v 0.648559 0.484701 0.096937
v 0.012986 0.485742 0.096937
v 0.679014 0.557380 0.096937
v 0.016408 2.061840 0.096937
v 0.964361 1.056249 0.096936
v 1.025473 0.963922 0.096936
v 0.789910 0.985075 0.096936
v 0.730449 1.074909 0.096937
v 0.905531 1.145130 0.096936
v 0.844674 1.237074 0.096936
v 0.711979 0.943947 0.096937
v 0.773747 0.850630 0.096936
v 0.668939 1.167839 0.096937
v 0.767571 1.196382 0.096936
v 0.828428 1.104437 0.096936
v 0.887257 1.015558 0.096936
v 0.948368 0.923231 0.096936
v 0.851678 0.891758 0.096936
v 0.591009 1.126711 0.096937
v 0.652519 1.033781 0.096937
v 0.209536 0.364574 0.096937
v 0.190957 0.387605 0.096937
v 0.182268 0.350928 0.096937
v 0.210336 0.297699 0.096937
v 0.194282 0.314739 0.096937
v 0.289394 0.320699 0.096937
v 0.268060 0.290830 0.096937
v 0.231699 0.281069 0.096937
v 0.254210 0.371084 0.096937
v 0.269905 0.358535 0.096937
v 0.248088 0.316187 0.096937
v 0.228116 0.341543 0.096937
v 0.234443 0.383320 0.096937
v 0.186239 0.332677 0.096937
v 0.282305 0.339822 0.096937
v 0.019406 0.264408 0.096937
v 0.019406 0.295132 0.096937
v 0.060866 0.244871 0.096937
v 0.019406 0.233684 0.096937
v 0.068171 0.319724 0.096937
v 0.073024 0.295738 0.096937
v 0.072194 0.270303 0.096937
v 0.053521 0.343710 0.096937
v 0.019406 0.328695 0.096937
v 1.523239 1.913164 0.096936
v 0.021888 1.169821 0.096937
v 1.056645 1.180413 0.096936
v 0.977414 1.293094 0.096936
v 0.019406 0.362259 0.096937
v 0.895451 1.409660 0.096936
v 0.803185 1.520398 0.096936
v 1.137265 1.065757 0.096936
v 1.294384 0.842308 0.096936
v 1.216519 0.953047 0.096936
v 1.455579 0.613062 0.096936
v 1.523239 0.520917 0.096936
v 1.106306 0.129982 0.096936
v 0.973812 0.129982 0.096936
v 1.245775 0.129982 0.096936
v 1.380594 0.129982 0.096936
v 1.523239 0.129982 0.096936
v 0.280590 1.994178 0.096937
v 0.152978 1.994178 0.096937
v 0.413085 1.994178 0.096937
v 0.552553 1.994178 0.096937
v 0.016408 1.994178 0.096937
v 0.492341 0.838419 0.096937
v 0.556571 0.745615 0.096937
v 0.430252 0.928129 0.096937
v 0.367074 1.019412 0.096937
v 0.243949 1.197311 0.096937
v 0.304968 1.109148 0.096937
v 0.117628 1.379825 0.096937
v 0.013614 1.522831 0.096937
v 0.548111 0.877256 0.096937
v 0.468879 0.989938 0.096937
v 0.630074 0.760690 0.096937
v 0.707939 0.649954 0.096937
v 0.840727 0.484701 0.096936
v 0.388259 1.104593 0.096937
v 0.309006 1.217305 0.096937
v 0.231141 1.328043 0.096937
v 0.069946 1.557289 0.096937
v 0.013614 1.634491 0.096937
v 0.617592 0.657452 0.096937
v 4.352852 1.757587 0.071181
v 4.363721 1.803466 0.071181
v 4.328611 1.870052 0.071181
v 4.348692 1.848735 0.071181
v 4.229715 1.841282 0.071181
v 4.256402 1.878645 0.071181
v 4.301887 1.890855 0.071181
v 4.273727 1.778253 0.071181
v 4.254094 1.793952 0.071181
v 4.298455 1.762947 0.071181
v 4.358754 1.826298 0.071181
v 4.238583 1.817360 0.071181
v 4.470325 1.919519 0.071181
v 4.462098 1.835214 0.071181
v 4.456633 1.862228 0.071181
v 4.478598 1.808199 0.071181
v 4.457568 1.890874 0.071181
v 4.385045 1.188533 0.071181
v 4.392702 1.288452 0.071181
v 4.435943 0.988699 0.071181
v 4.394268 1.088617 0.071181
v 4.432812 1.388368 0.071181
v 3.020083 0.723989 0.071181
v 3.106604 0.761322 0.071181
v 3.145149 1.061075 0.071181
v 3.103474 1.160992 0.071181
v 3.146714 0.861240 0.071181
v 3.154372 0.961157 0.071181
v 3.161065 0.147959 0.071181
v 3.288677 0.147959 0.071181
v 3.421171 0.147959 0.071181
v 3.560640 0.147959 0.071181
v 3.695459 0.147959 0.071181
v 3.161066 0.000006 0.125881
v 3.288677 0.000006 0.125881
v 3.421172 0.000006 0.125881
v 3.560640 0.000006 0.125881
v 3.695459 0.000006 0.125881
v 3.832641 0.000006 0.125881
v 3.967498 0.000006 0.125881
v 4.099993 0.000006 0.125881
v 4.239461 0.000006 0.125881
v 4.374280 0.000006 0.125881
v 3.161066 2.128701 0.125883
v 3.288677 2.128701 0.125883
v 3.421172 2.128701 0.125883
v 3.560640 2.128701 0.125883
v 3.695459 2.128701 0.125883
v 3.832641 2.128701 0.125883
v 3.967498 2.128701 0.125883
v 4.099993 2.128701 0.125883
v 4.239461 2.128701 0.125883
v 4.374280 2.128701 0.125883
v 3.832641 1.980746 0.071181
v 3.967498 1.980746 0.071181
v 4.099993 1.980746 0.071181
v 4.239461 1.980746 0.071181
v 4.374280 1.980746 0.071181
v 3.879562 1.560828 0.071181
v 3.941638 1.479050 0.071181
v 4.003356 1.391276 0.071181
v 4.068324 1.298881 0.071181
v 4.131125 1.209568 0.071181
v 4.195027 1.118688 0.071181
v 4.257845 1.029348 0.071181
v 4.319564 0.941574 0.071181
v 4.447333 0.759865 0.071181
v 3.020083 0.147959 0.071181
v 4.412729 1.562713 0.071181
v 4.275676 1.562231 0.071181
v 4.153501 1.561721 0.071181
v 4.014411 1.561229 0.071181
v 4.372124 1.671676 0.071181
v 4.195842 1.671030 0.071181
v 4.032371 1.670349 0.071181
v 3.853364 1.669691 0.071181
v 3.597785 0.657452 0.071181
v 3.020083 0.576950 0.071181
v 3.126041 0.576777 0.071181
v 3.263093 0.576392 0.071181
v 3.385270 0.576126 0.071181
v 3.524359 0.575736 0.071181
v 3.020083 0.467820 0.071181
v 3.165777 0.467560 0.071181
v 3.342061 0.467089 0.071181
v 3.505532 0.466734 0.071181
v 3.684541 0.466257 0.071181
v 3.020083 0.000006 0.125881
v 3.020083 2.128701 0.125883
v 3.739947 1.084985 0.071181
v 3.829762 1.263113 0.071181
v 3.900724 1.155903 0.071181
v 3.969321 1.052265 0.071181
v 4.040579 0.944608 0.071181
v 3.668984 1.192196 0.071181
v 3.739856 1.215665 0.071181
v 3.810819 1.108454 0.071181
v 3.879416 1.004818 0.071181
v 3.950674 0.897161 0.071181
v 3.808544 0.981348 0.071181
v 3.879802 0.873691 0.071181
v 3.579079 1.144748 0.071181
v 3.650041 1.037537 0.071181
v 3.718638 0.933901 0.071181
v 3.789896 0.826244 0.071181
v 3.188749 0.400366 0.071181
v 3.177879 0.354484 0.071181
v 3.212989 0.287899 0.071181
v 3.192909 0.309215 0.071181
v 3.311886 0.316670 0.071181
v 3.285198 0.279306 0.071181
v 3.239714 0.267097 0.071181
v 3.267873 0.379699 0.071181
v 3.287506 0.364000 0.071181
v 3.243145 0.395004 0.071181
v 3.182847 0.331653 0.071181
v 3.303018 0.340592 0.071181
v 3.071275 0.238434 0.071181
v 3.020083 0.225834 0.071181
v 3.079502 0.322738 0.071181
v 3.084968 0.295723 0.071181
v 3.063002 0.349752 0.071181
v 3.084032 0.267078 0.071181
v 3.161066 0.000006 0.016481
v 3.288677 0.000006 0.016481
v 3.421172 0.000006 0.016481
v 3.560640 0.000006 0.016481
v 3.695459 0.000006 0.016481
v 3.832641 0.000006 0.016481
v 3.967498 0.000006 0.016481
v 4.099993 0.000006 0.016481
v 4.239461 0.000006 0.016481
v 4.374280 0.000006 0.016481
v 3.161066 2.128701 0.016483
v 3.288677 2.128701 0.016483
v 3.421172 2.128701 0.016483
v 3.560640 2.128701 0.016483
v 3.695459 2.128701 0.016483
v 3.832641 2.128701 0.016483
v 3.967498 2.128701 0.016483
v 4.099993 2.128701 0.016483
v 4.239461 2.128701 0.016483
v 4.374280 2.128701 0.016483
v 3.020083 0.000006 0.016481
v 3.020083 2.128701 0.016483
v 3.020083 0.370644 0.071181
v 3.020083 1.199722 0.071181
v 3.677089 1.669691 0.071181
v 3.790351 1.520398 0.071181
v 3.868216 1.409660 0.071181
v 3.950180 1.293094 0.071181
v 4.029411 1.180413 0.071181
v 4.110031 1.065757 0.071181
v 4.189284 0.953047 0.071181
v 4.267149 0.842308 0.071181
v 4.428345 0.613062 0.071181
v 3.967498 0.147959 0.071181
v 4.099993 0.147959 0.071181
v 4.239461 0.147959 0.071181
v 4.374280 0.147959 0.071181
v 3.161065 1.982214 0.071181
v 3.288677 1.982214 0.071181
v 3.421171 1.982214 0.071181
v 3.560640 1.982214 0.071181
v 3.695459 1.982214 0.071181
v 3.020083 1.982214 0.071181
v 3.832641 0.147959 0.071181
v 3.659208 0.575283 0.071181
v 3.536765 0.745615 0.071181
v 3.472535 0.838419 0.071181
v 3.410445 0.928129 0.071181
v 3.347267 1.019412 0.071181
v 3.285161 1.109148 0.071181
v 3.224142 1.197311 0.071181
v 3.097821 1.379825 0.071181
v 3.020083 1.485469 0.071181
v 3.876708 0.466257 0.071181
v 3.743920 0.649954 0.071181
v 3.666055 0.760690 0.071181
v 3.584092 0.877256 0.071181
v 3.504861 0.989938 0.071181
v 3.424241 1.104593 0.071181
v 3.344987 1.217305 0.071181
v 3.267122 1.328043 0.071181
v 3.105927 1.557289 0.071181
v 3.020083 1.674342 0.071181
v 4.324903 1.792230 0.096936
v 4.344249 1.768248 0.096936
v 4.353297 1.806438 0.096936
v 4.324071 1.861864 0.096936
v 4.340786 1.844121 0.096936
v 4.241751 1.837915 0.096936
v 4.263965 1.869016 0.096936
v 4.301826 1.879180 0.096936
v 4.278387 1.785451 0.096936
v 4.262044 1.798519 0.096936
v 4.284761 1.842614 0.096936
v 4.305557 1.816211 0.096936
v 4.298970 1.772710 0.096936
v 4.349162 1.825443 0.096936
v 4.249132 1.818002 0.096936
v 4.469931 1.842492 0.096936
v 4.465945 1.862194 0.096936
v 4.481965 1.822790 0.096936
v 4.466627 1.883084 0.096936
v 4.475931 1.903974 0.096936
v 4.417733 1.102568 0.096936
v 4.409802 1.188485 0.096936
v 3.020083 0.753803 0.096936
v 3.086645 0.786449 0.096936
v 3.120351 1.048578 0.096936
v 3.083908 1.135954 0.096936
v 3.121721 0.873825 0.096936
v 3.128417 0.961201 0.096936
v 3.020083 0.857807 0.096936
v 3.020083 0.961813 0.096936
v 3.020083 1.065817 0.096936
v 4.453568 1.016653 0.096936
v 4.416387 1.274401 0.096936
v 4.450876 1.360318 0.096936
v 3.161065 0.129982 0.096936
v 3.161065 0.072686 0.096936
v 3.288677 0.129982 0.096936
v 3.421171 0.129982 0.096936
v 3.560640 0.129982 0.096936
v 3.695459 0.129982 0.096936
v 3.288677 0.072686 0.096936
v 3.421171 0.072686 0.096936
v 3.560640 0.072686 0.096936
v 3.695459 0.072686 0.096936
v 3.832641 0.072686 0.096936
v 4.099993 0.072686 0.096936
v 3.967498 0.072686 0.096936
v 4.239461 0.072686 0.096936
v 4.374280 0.072686 0.096936
v 3.832641 0.129982 0.096936
v 3.288677 2.061840 0.096936
v 3.161065 2.061840 0.096936
v 3.421171 2.061840 0.096936
v 3.560640 2.061840 0.096936
v 3.695459 2.061840 0.096936
v 3.832641 2.061840 0.096936
v 4.099993 2.061840 0.096936
v 3.967498 2.061840 0.096936
v 4.239461 2.061840 0.096936
v 4.374280 2.061840 0.096936
v 3.967498 1.993098 0.096936
v 4.099993 1.993098 0.096936
v 4.239461 1.993098 0.096936
v 4.374280 1.993098 0.096936
v 3.832641 1.993098 0.096936
v 3.695459 1.994178 0.096936
v 3.920718 1.479050 0.096936
v 3.839183 1.579169 0.096936
v 3.982436 1.391276 0.096936
v 4.047403 1.298881 0.096936
v 4.110204 1.209568 0.096936
v 4.174107 1.118688 0.096936
v 4.298644 0.941574 0.096936
v 4.236925 1.029348 0.096936
v 4.426412 0.759865 0.096936
v 3.020083 0.129982 0.096936
v 3.020083 0.072686 0.096936
v 4.275676 1.580108 0.096936
v 4.412729 1.580433 0.096936
v 4.153501 1.579768 0.096936
v 4.014411 1.579439 0.096936
v 4.372124 1.653428 0.096936
v 4.195842 1.652994 0.096936
v 4.032371 1.652538 0.096936
v 3.853364 1.652097 0.096936
v 3.698009 1.652097 0.096936
v 3.290987 0.558119 0.096936
v 3.153934 0.558376 0.096936
v 3.413164 0.557942 0.096936
v 3.552253 0.557682 0.096936
v 3.020083 0.558491 0.096936
v 3.137883 0.485570 0.096936
v 3.314167 0.485256 0.096936
v 3.477638 0.485019 0.096936
v 3.656646 0.484701 0.096936
v 3.020083 0.485742 0.096936
v 3.687102 0.557380 0.096936
v 3.020083 2.061840 0.096936
v 3.958047 1.056249 0.096936
v 4.019158 0.963922 0.096936
v 3.797998 0.985075 0.096936
v 3.738537 1.074909 0.096936
v 3.899218 1.145130 0.096936
v 3.838360 1.237074 0.096936
v 3.720067 0.943947 0.096936
v 3.781834 0.850630 0.096936
v 3.677027 1.167839 0.096936
v 3.761257 1.196382 0.096936
v 3.822115 1.104437 0.096936
v 3.880944 1.015558 0.096936
v 3.942055 0.923231 0.096936
v 3.859765 0.891758 0.096936
v 3.599096 1.126711 0.096936
v 3.660607 1.033781 0.096936
v 3.217623 0.364574 0.096936
v 3.199044 0.387605 0.096936
v 3.190355 0.350928 0.096936
v 3.218423 0.297699 0.096936
v 3.202370 0.314739 0.096936
v 3.297481 0.320699 0.096936
v 3.276147 0.290830 0.096936
v 3.239786 0.281069 0.096936
v 3.262297 0.371084 0.096936
v 3.277992 0.358535 0.096936
v 3.256175 0.316187 0.096936
v 3.236203 0.341543 0.096936
v 3.242530 0.383320 0.096936
v 3.194326 0.332677 0.096936
v 3.290392 0.339822 0.096936
v 3.020083 0.264408 0.096936
v 3.020083 0.295132 0.096936
v 3.068954 0.244871 0.096936
v 3.020083 0.233684 0.096936
v 3.076258 0.319724 0.096936
v 3.081111 0.295738 0.096936
v 3.080281 0.270303 0.096936
v 3.061608 0.343710 0.096936
v 3.020083 0.328695 0.096936
v 3.020083 1.169821 0.096936
v 4.050332 1.180413 0.096936
v 3.971100 1.293094 0.096936
v 3.020083 0.362259 0.096936
v 3.889137 1.409660 0.096936
v 3.811271 1.520398 0.096936
v 4.130951 1.065757 0.096936
v 4.288070 0.842308 0.096936
v 4.210205 0.953047 0.096936
v 4.449265 0.613062 0.096936
v 4.099993 0.129982 0.096936
v 3.967498 0.129982 0.096936
v 4.239461 0.129982 0.096936
v 4.374280 0.129982 0.096936
v 3.288677 1.994178 0.096936
v 3.161065 1.994178 0.096936
v 3.421171 1.994178 0.096936
v 3.560640 1.994178 0.096936
v 3.020083 1.994178 0.096936
v 3.500429 0.838419 0.096936
v 3.564659 0.745615 0.096936
v 3.438339 0.928129 0.096936
v 3.375161 1.019412 0.096936
v 3.252036 1.197311 0.096936
v 3.313054 1.109148 0.096936
v 3.125715 1.379825 0.096936
v 3.020083 1.522831 0.096936
v 3.556198 0.877256 0.096936
v 3.476966 0.989938 0.096936
v 3.638161 0.760690 0.096936
v 3.716026 0.649954 0.096936
v 3.848814 0.484701 0.096936
v 3.396347 1.104593 0.096936
v 3.317093 1.217305 0.096936
v 3.239228 1.328043 0.096936
v 3.078033 1.557289 0.096936
v 3.020083 1.634491 0.096936
v 3.625679 0.657452 0.096936
v 4.681000 1.757587 0.071181
v 4.670130 1.803466 0.071181
v 4.705240 1.870052 0.071181
v 4.685160 1.848735 0.071181
v 4.804137 1.841282 0.071181
v 4.777449 1.878645 0.071181
v 4.731965 1.890855 0.071181
v 4.760124 1.778253 0.071181
v 4.779757 1.793952 0.071181
v 4.735396 1.762947 0.071181
v 4.675097 1.826298 0.071181
v 4.795269 1.817360 0.071181
v 4.563526 1.919519 0.071181
v 4.571753 1.835214 0.071181
v 4.577219 1.862228 0.071181
v 4.516925 1.787307 0.071181
v 4.555253 1.808199 0.071181
v 4.576283 1.890874 0.071181
v 4.648807 1.188533 0.071181
v 4.641149 1.288452 0.071181
v 4.597908 0.988699 0.071181
v 4.639584 1.088617 0.071181
v 4.601038 1.388368 0.071181
v 4.516925 1.425701 0.071181
v 5.927247 0.761322 0.071181
v 5.888702 1.061075 0.071181
v 5.930377 1.160992 0.071181
v 5.887137 0.861240 0.071181
v 5.879479 0.961157 0.071181
v 5.872786 0.147959 0.071181
v 5.745174 0.147959 0.071181
v 5.612679 0.147959 0.071181
v 5.473211 0.147959 0.071181
v 5.338392 0.147959 0.071181
v 5.872786 0.000006 0.125881
v 5.745174 0.000006 0.125881
v 5.612679 0.000006 0.125881
v 5.473211 0.000006 0.125881
v 5.338392 0.000006 0.125881
v 5.201210 0.000006 0.125881
v 5.066353 0.000006 0.125881
v 4.933858 0.000006 0.125881
v 4.794390 0.000006 0.125881
v 4.659571 0.000006 0.125881
v 4.516925 0.000006 0.125881
v 5.872786 2.128701 0.125883
v 5.745174 2.128701 0.125883
v 5.612679 2.128701 0.125883
v 5.473211 2.128701 0.125883
v 5.338392 2.128701 0.125883
v 5.201210 2.128701 0.125883
v 5.066353 2.128701 0.125883
v 4.933858 2.128701 0.125883
v 4.794390 2.128701 0.125883
v 4.659571 2.128701 0.125883
v 4.516925 2.128701 0.125883
v 5.201210 1.980746 0.071181
v 5.066353 1.980746 0.071181
v 4.933858 1.980746 0.071181
v 4.794390 1.980746 0.071181
v 4.659571 1.980746 0.071181
v 4.516925 1.980746 0.071181
v 5.154288 1.560828 0.071181
v 5.092213 1.479050 0.071181
v 5.030494 1.391276 0.071181
v 4.965528 1.298881 0.071181
v 4.902726 1.209568 0.071181
v 4.838824 1.118688 0.071181
v 4.776005 1.029348 0.071181
v 4.714287 0.941574 0.071181
v 4.586518 0.759865 0.071181
v 4.516925 0.667085 0.071181
v 4.516925 1.563206 0.071181
v 4.621123 1.562713 0.071181
v 4.758175 1.562231 0.071181
v 4.880351 1.561721 0.071181
v 5.019439 1.561229 0.071181
v 4.516925 1.672335 0.071181
v 4.661727 1.671676 0.071181
v 4.838009 1.671030 0.071181
v 5.001481 1.670349 0.071181
v 5.180488 1.669691 0.071181
v 5.436067 0.657452 0.071181
v 5.907811 0.576777 0.071181
v 5.770758 0.576392 0.071181
v 5.648581 0.576126 0.071181
v 5.509492 0.575736 0.071181
v 5.868074 0.467560 0.071181
v 5.691791 0.467089 0.071181
v 5.528319 0.466734 0.071181
v 5.349311 0.466257 0.071181
v 5.293905 1.084985 0.071181
v 5.204089 1.263113 0.071181
v 5.133127 1.155903 0.071181
v 5.064529 1.052265 0.071181
v 4.993271 0.944608 0.071181
v 5.364867 1.192196 0.071181
v 5.293994 1.215665 0.071181
v 5.223032 1.108454 0.071181
v 5.154435 1.004818 0.071181
v 5.083177 0.897161 0.071181
v 5.225307 0.981348 0.071181
v 5.154049 0.873691 0.071181
v 5.454772 1.144748 0.071181
v 5.383810 1.037537 0.071181
v 5.315213 0.933901 0.071181
v 5.243955 0.826244 0.071181
v 4.516925 0.949970 0.071181
v 5.845103 0.400366 0.071181
v 5.855973 0.354484 0.071181
v 5.820862 0.287899 0.071181
v 5.840942 0.309215 0.071181
v 5.721966 0.316670 0.071181
v 5.748653 0.279306 0.071181
v 5.794137 0.267097 0.071181
v 5.765978 0.379699 0.071181
v 5.746345 0.364000 0.071181
v 5.790706 0.395004 0.071181
v 5.851005 0.331653 0.071181
v 5.730834 0.340592 0.071181
v 5.962576 0.238434 0.071181
v 5.954349 0.322738 0.071181
v 5.948884 0.295723 0.071181
v 5.970849 0.349752 0.071181
v 5.949819 0.267078 0.071181
v 5.872786 0.000006 0.016481
v 5.745174 0.000006 0.016481
v 5.612679 0.000006 0.016481
v 5.473211 0.000006 0.016481
v 5.338392 0.000006 0.016481
v 5.201210 0.000006 0.016481
v 5.066353 0.000006 0.016481
v 4.933858 0.000006 0.016481
v 4.794390 0.000006 0.016481
v 4.659571 0.000006 0.016481
v 4.516925 0.000006 0.016481
v 5.872786 2.128701 0.016483
v 5.745174 2.128701 0.016483
v 5.612679 2.128701 0.016483
v 5.473211 2.128701 0.016483
v 5.338392 2.128701 0.016483
v 5.201210 2.128701 0.016483
v 5.066353 2.128701 0.016483
v 4.933858 2.128701 0.016483
v 4.794390 2.128701 0.016483
v 4.659571 2.128701 0.016483
v 4.516925 2.128701 0.016483
v 4.516925 1.932117 0.071181
v 5.356762 1.669691 0.071181
v 5.243500 1.520398 0.071181
v 5.165635 1.409660 0.071181
v 5.083671 1.293094 0.071181
v 5.004440 1.180413 0.071181
v 4.923820 1.065757 0.071181
v 4.844566 0.953047 0.071181
v 4.766701 0.842308 0.071181
v 4.605506 0.613062 0.071181
v 4.516925 0.496010 0.071181
v 5.066353 0.147959 0.071181
v 4.933858 0.147959 0.071181
v 4.794390 0.147959 0.071181
v 4.659571 0.147959 0.071181
v 4.516925 0.147959 0.071181
v 5.872786 1.982214 0.071181
v 5.745174 1.982214 0.071181
v 5.612679 1.982214 0.071181
v 5.473211 1.982214 0.071181
v 5.338392 1.982214 0.071181
v 5.201210 0.147959 0.071181
v 5.374643 0.575283 0.071181
v 5.497086 0.745615 0.071181
v 5.561316 0.838419 0.071181
v 5.623406 0.928129 0.071181
v 5.686584 1.019412 0.071181
v 5.748690 1.109148 0.071181
v 5.809710 1.197311 0.071181
v 5.936029 1.379825 0.071181
v 5.157143 0.466257 0.071181
v 5.289930 0.649954 0.071181
v 5.367796 0.760690 0.071181
v 5.449759 0.877256 0.071181
v 5.528991 0.989938 0.071181
v 5.609610 1.104593 0.071181
v 5.688864 1.217305 0.071181
v 5.766729 1.328043 0.071181
v 5.927924 1.557289 0.071181
v 4.708948 1.792230 0.096936
v 4.689602 1.768248 0.096936
v 4.680555 1.806438 0.096936
v 4.709780 1.861864 0.096936
v 4.693065 1.844121 0.096936
v 4.792101 1.837915 0.096936
v 4.769886 1.869016 0.096936
v 4.732026 1.879180 0.096936
v 4.755465 1.785451 0.096936
v 4.771807 1.798519 0.096936
v 4.749090 1.842614 0.096936
v 4.728293 1.816211 0.096936
v 4.734882 1.772710 0.096936
v 4.684690 1.825443 0.096936
v 4.784719 1.818002 0.096936
v 4.516925 1.887928 0.096936
v 4.516925 1.862692 0.096936
v 4.563920 1.842492 0.096936
v 4.567906 1.862194 0.096936
v 4.516925 1.807554 0.096936
v 4.551887 1.822790 0.096936
v 4.516925 1.835123 0.096936
v 4.567225 1.883084 0.096936
v 4.557920 1.903974 0.096936
v 4.616118 1.102568 0.096936
v 4.516925 1.085617 0.096936
v 4.516925 0.983350 0.096936
v 4.624049 1.188485 0.096936
v 4.516925 1.187884 0.096936
v 5.947206 0.786449 0.096936
v 5.913499 1.048578 0.096936
v 5.949943 1.135954 0.096936
v 5.912130 0.873825 0.096936
v 5.905434 0.961201 0.096936
v 4.580284 1.016653 0.096936
v 4.516925 1.290151 0.096936
v 4.516925 1.392419 0.096936
v 4.617465 1.274401 0.096936
v 4.582975 1.360318 0.096936
v 5.872786 0.129982 0.096936
v 5.872786 0.072686 0.096936
v 5.745174 0.129982 0.096936
v 5.612679 0.129982 0.096936
v 5.473211 0.129982 0.096936
v 5.338392 0.129982 0.096936
v 5.745174 0.072686 0.096936
v 5.612679 0.072686 0.096936
v 5.473211 0.072686 0.096936
v 5.338392 0.072686 0.096936
v 5.201210 0.072686 0.096936
v 4.933858 0.072686 0.096936
v 5.066353 0.072686 0.096936
v 4.794390 0.072686 0.096936
v 4.659571 0.072686 0.096936
v 4.516925 0.072686 0.096936
v 5.201210 0.129982 0.096936
v 4.516925 1.993098 0.096936
v 4.516925 2.061840 0.096936
v 5.745174 2.061840 0.096936
v 5.872786 2.061840 0.096936
v 5.612679 2.061840 0.096936
v 5.473211 2.061840 0.096936
v 5.338392 2.061840 0.096936
v 5.201210 2.061840 0.096936
v 4.933858 2.061840 0.096936
v 5.066353 2.061840 0.096936
v 4.794390 2.061840 0.096936
v 4.659571 2.061840 0.096936
v 5.066353 1.993098 0.096936
v 4.933858 1.993098 0.096936
v 4.794390 1.993098 0.096936
v 4.659571 1.993098 0.096936
v 5.201210 1.993098 0.096936
v 5.338392 1.994178 0.096936
v 5.113133 1.479050 0.096936
v 5.194669 1.579169 0.096936
v 5.051415 1.391276 0.096936
v 4.986448 1.298881 0.096936
v 4.923647 1.209568 0.096936
v 4.859745 1.118688 0.096936
v 4.735207 0.941574 0.096936
v 4.796926 1.029348 0.096936
v 4.607439 0.759865 0.096936
v 4.516925 0.635952 0.096936
v 4.758175 1.580108 0.096936
v 4.621123 1.580433 0.096936
v 4.880351 1.579768 0.096936
v 5.019439 1.579439 0.096936
v 4.516925 1.580763 0.096936
v 4.661727 1.653428 0.096936
v 4.838009 1.652994 0.096936
v 5.001481 1.652538 0.096936
v 5.180488 1.652097 0.096936
v 4.516925 1.653869 0.096936
v 5.335842 1.652097 0.096936
v 5.742864 0.558119 0.096936
v 5.879916 0.558376 0.096936
v 5.620687 0.557942 0.096936
v 5.481598 0.557682 0.096936
v 5.895968 0.485570 0.096936
v 5.719685 0.485256 0.096936
v 5.556213 0.485019 0.096936
v 5.377204 0.484701 0.096936
v 5.346749 0.557380 0.096936
v 5.075804 1.056249 0.096936
v 5.014693 0.963922 0.096936
v 5.235853 0.985075 0.096936
v 5.295313 1.074909 0.096936
v 5.134633 1.145130 0.096936
v 5.195491 1.237074 0.096936
v 5.313784 0.943947 0.096936
v 5.252017 0.850630 0.096936
v 5.356824 1.167839 0.096936
v 5.272594 1.196382 0.096936
v 5.211736 1.104437 0.096936
v 5.152907 1.015558 0.096936
v 5.091796 0.923231 0.096936
v 5.174086 0.891758 0.096936
v 5.434755 1.126711 0.096936
v 5.373244 1.033781 0.096936
v 5.816228 0.364574 0.096936
v 5.834807 0.387605 0.096936
v 5.843496 0.350928 0.096936
v 5.815428 0.297699 0.096936
v 5.831481 0.314739 0.096936
v 5.736370 0.320699 0.096936
v 5.757704 0.290830 0.096936
v 5.794065 0.281069 0.096936
v 5.771554 0.371084 0.096936
v 5.755859 0.358535 0.096936
v 5.777676 0.316187 0.096936
v 5.797648 0.341543 0.096936
v 5.791321 0.383320 0.096936
v 5.839525 0.332677 0.096936
v 5.743459 0.339822 0.096936
v 5.964898 0.244871 0.096936
v 5.957593 0.319724 0.096936
v 5.952740 0.295738 0.096936
v 5.953571 0.270303 0.096936
v 5.972243 0.343710 0.096936
v 4.516925 1.913164 0.096936
v 4.983520 1.180413 0.096936
v 5.062751 1.293094 0.096936
v 5.144714 1.409660 0.096936
v 5.222579 1.520398 0.096936
v 4.902900 1.065757 0.096936
v 4.745781 0.842308 0.096936
v 4.823646 0.953047 0.096936
v 4.584586 0.613062 0.096936
v 4.516925 0.520917 0.096936
v 4.933858 0.129982 0.096936
v 5.066353 0.129982 0.096936
v 4.794390 0.129982 0.096936
v 4.659571 0.129982 0.096936
v 4.516925 0.129982 0.096936
v 5.745174 1.994178 0.096936
v 5.872786 1.994178 0.096936
v 5.612679 1.994178 0.096936
v 5.473211 1.994178 0.096936
v 5.533422 0.838419 0.096936
v 5.469192 0.745615 0.096936
v 5.595511 0.928129 0.096936
v 5.658689 1.019412 0.096936
v 5.781815 1.197311 0.096936
v 5.720797 1.109148 0.096936
v 5.908136 1.379825 0.096936
v 5.477654 0.877256 0.096936
v 5.556885 0.989938 0.096936
v 5.395690 0.760690 0.096936
v 5.317825 0.649954 0.096936
v 5.185037 0.484701 0.096936
v 5.637505 1.104593 0.096936
v 5.716758 1.217305 0.096936
v 5.794623 1.328043 0.096936
v 5.955818 1.557289 0.096936
v 5.408173 0.657452 0.096936
v 10.340228 1.757587 0.071181
v 10.351098 1.803466 0.071181
v 10.315988 1.870052 0.071181
v 10.336067 1.848735 0.071181
v 10.217091 1.841282 0.071181
v 10.243778 1.878645 0.071181
v 10.289264 1.890855 0.071181
v 10.261104 1.778253 0.071181
v 10.241470 1.793952 0.071181
v 10.285831 1.762947 0.071181
v 10.346129 1.826298 0.071181
v 10.225958 1.817360 0.071181
v 10.457703 1.919519 0.071181
v 10.449474 1.835214 0.071181
v 10.444008 1.862228 0.071181
v 10.465975 1.808199 0.071181
v 10.444943 1.890874 0.071181
v 10.372420 1.188533 0.071181
v 10.380078 1.288452 0.071181
v 10.423318 0.988699 0.071181
v 10.381643 1.088617 0.071181
v 10.420189 1.388368 0.071181
v 9.093981 0.761322 0.071181
v 9.132524 1.061075 0.071181
v 9.090849 1.160992 0.071181
v 9.134089 0.861240 0.071181
v 9.141747 0.961157 0.071181
v 9.148441 0.147959 0.071181
v 9.276052 0.147959 0.071181
v 9.408547 0.147959 0.071181
v 9.548016 0.147959 0.071181
v 9.682835 0.147959 0.071181
v 9.148440 0.000007 0.125881
v 9.276052 0.000007 0.125881
v 9.408546 0.000007 0.125881
v 9.548015 0.000007 0.125881
v 9.682835 0.000007 0.125881
v 9.820017 0.000007 0.125881
v 9.954873 0.000007 0.125881
v 10.087369 0.000007 0.125881
v 10.226837 0.000007 0.125881
v 10.361655 0.000007 0.125881
v 9.148440 2.128701 0.125883
v 9.276052 2.128701 0.125883
v 9.408546 2.128701 0.125883
v 9.548015 2.128701 0.125883
v 9.682835 2.128701 0.125883
v 9.820017 2.128701 0.125883
v 9.954873 2.128701 0.125883
v 10.087369 2.128701 0.125883
v 10.226837 2.128701 0.125883
v 10.361655 2.128701 0.125883
v 9.820017 1.980746 0.071181
v 9.954874 1.980746 0.071181
v 10.087369 1.980746 0.071181
v 10.226837 1.980746 0.071181
v 10.361656 1.980746 0.071181
v 9.866939 1.560828 0.071181
v 9.929014 1.479050 0.071181
v 9.990732 1.391276 0.071181
v 10.055699 1.298881 0.071181
v 10.118501 1.209568 0.071181
v 10.182404 1.118688 0.071181
v 10.245222 1.029348 0.071181
v 10.306939 0.941574 0.071181
v 10.434709 0.759865 0.071181
v 10.400105 1.562713 0.071181
v 10.263053 1.562231 0.071181
v 10.140876 1.561721 0.071181
v 10.001788 1.561229 0.071181
v 10.359500 1.671676 0.071181
v 10.183218 1.671030 0.071181
v 10.019748 1.670349 0.071181
v 9.840739 1.669691 0.071181
v 9.585160 0.657452 0.071181
v 9.113417 0.576777 0.071181
v 9.250469 0.576392 0.071181
v 9.372646 0.576126 0.071181
v 9.511735 0.575736 0.071181
v 9.153153 0.467560 0.071181
v 9.329436 0.467089 0.071181
v 9.492909 0.466734 0.071181
v 9.671916 0.466257 0.071181
v 9.727323 1.084985 0.071181
v 9.817138 1.263113 0.071181
v 9.888101 1.155903 0.071181
v 9.956698 1.052265 0.071181
v 10.027955 0.944608 0.071181
v 9.656361 1.192196 0.071181
v 9.727232 1.215665 0.071181
v 9.798195 1.108454 0.071181
v 9.866792 1.004818 0.071181
v 9.938049 0.897161 0.071181
v 9.795920 0.981348 0.071181
v 9.867178 0.873691 0.071181
v 9.566455 1.144748 0.071181
v 9.637418 1.037537 0.071181
v 9.706015 0.933901 0.071181
v 9.777272 0.826244 0.071181
v 9.176125 0.400366 0.071181
v 9.165255 0.354484 0.071181
v 9.200365 0.287899 0.071181
v 9.180285 0.309215 0.071181
v 9.299262 0.316670 0.071181
v 9.272573 0.279306 0.071181
v 9.227090 0.267097 0.071181
v 9.255248 0.379699 0.071181
v 9.274882 0.364000 0.071181
v 9.230521 0.395004 0.071181
v 9.170223 0.331653 0.071181
v 9.290394 0.340592 0.071181
v 9.058651 0.238434 0.071181
v 9.066877 0.322738 0.071181
v 9.072344 0.295723 0.071181
v 9.050378 0.349752 0.071181
v 9.071408 0.267078 0.071181
v 9.148440 0.000007 0.016481
v 9.276052 0.000007 0.016481
v 9.408546 0.000007 0.016481
v 9.548015 0.000007 0.016481
v 9.682835 0.000007 0.016481
v 9.820017 0.000007 0.016481
v 9.954873 0.000007 0.016481
v 10.087369 0.000007 0.016481
v 10.226837 0.000007 0.016481
v 10.361655 0.000007 0.016481
v 9.148440 2.128701 0.016483
v 9.276052 2.128701 0.016483
v 9.408546 2.128701 0.016483
v 9.548015 2.128701 0.016483
v 9.682835 2.128701 0.016483
v 9.820017 2.128701 0.016483
v 9.954873 2.128701 0.016483
v 10.087369 2.128701 0.016483
v 10.226837 2.128701 0.016483
v 10.361655 2.128700 0.016483
v 9.664465 1.669691 0.071181
v 9.777726 1.520398 0.071181
v 9.855593 1.409660 0.071181
v 9.937556 1.293094 0.071181
v 10.016788 1.180413 0.071181
v 10.097407 1.065757 0.071181
v 10.176661 0.953047 0.071181
v 10.254525 0.842308 0.071181
v 10.415720 0.613062 0.071181
v 9.954874 0.147959 0.071181
v 10.087369 0.147959 0.071181
v 10.226837 0.147959 0.071181
v 10.361656 0.147959 0.071181
v 9.148441 1.982214 0.071181
v 9.276052 1.982214 0.071181
v 9.408547 1.982214 0.071181
v 9.548016 1.982214 0.071181
v 9.682835 1.982214 0.071181
v 9.820017 0.147959 0.071181
v 9.646584 0.575283 0.071181
v 9.524141 0.745615 0.071181
v 9.459911 0.838419 0.071181
v 9.397821 0.928129 0.071181
v 9.334642 1.019412 0.071181
v 9.272537 1.109148 0.071181
v 9.211518 1.197311 0.071181
v 9.085197 1.379825 0.071181
v 9.864083 0.466257 0.071181
v 9.731297 0.649954 0.071181
v 9.653431 0.760690 0.071181
v 9.571467 0.877256 0.071181
v 9.492236 0.989938 0.071181
v 9.411616 1.104593 0.071181
v 9.332363 1.217305 0.071181
v 9.254498 1.328043 0.071181
v 9.093302 1.557289 0.071181
v 10.312280 1.792230 0.096936
v 10.331625 1.768248 0.096936
v 10.340673 1.806438 0.096936
v 10.311447 1.861864 0.096936
v 10.328162 1.844121 0.096936
v 10.229127 1.837915 0.096936
v 10.251341 1.869016 0.096936
v 10.289202 1.879180 0.096936
v 10.265761 1.785451 0.096936
v 10.249420 1.798519 0.096936
v 10.272138 1.842614 0.096936
v 10.292933 1.816211 0.096936
v 10.286345 1.772710 0.096936
v 10.336538 1.825443 0.096936
v 10.236508 1.818002 0.096936
v 10.457308 1.842492 0.096936
v 10.453321 1.862194 0.096936
v 10.469341 1.822790 0.096936
v 10.454003 1.883084 0.096936
v 10.463306 1.903974 0.096936
v 10.405109 1.102568 0.096936
v 10.397178 1.188485 0.096936
v 9.074020 0.786449 0.096936
v 9.107728 1.048578 0.096936
v 9.071283 1.135954 0.096936
v 9.109097 0.873825 0.096936
v 9.115793 0.961201 0.096936
v 10.440944 1.016653 0.096936
v 10.403762 1.274401 0.096936
v 10.438252 1.360318 0.096936
v 9.148441 0.129982 0.096936
v 9.148441 0.072686 0.096936
v 9.276052 0.129982 0.096936
v 9.408547 0.129982 0.096936
v 9.548016 0.129982 0.096936
v 9.682835 0.129982 0.096936
v 9.276052 0.072686 0.096936
v 9.408547 0.072686 0.096936
v 9.548016 0.072686 0.096936
v 9.682835 0.072686 0.096936
v 9.820017 0.072686 0.096936
v 10.087369 0.072686 0.096936
v 9.954874 0.072686 0.096936
v 10.226837 0.072686 0.096936
v 10.361656 0.072686 0.096936
v 9.820017 0.129982 0.096936
v 9.276052 2.061840 0.096936
v 9.148441 2.061840 0.096936
v 9.408547 2.061840 0.096936
v 9.548016 2.061840 0.096936
v 9.682835 2.061840 0.096936
v 9.820017 2.061840 0.096936
v 10.087369 2.061840 0.096936
v 9.954874 2.061840 0.096936
v 10.226837 2.061840 0.096936
v 10.361656 2.061840 0.096936
v 9.954874 1.993098 0.096936
v 10.087369 1.993098 0.096936
v 10.226837 1.993098 0.096936
v 10.361656 1.993098 0.096936
v 9.820017 1.993098 0.096936
v 9.682835 1.994178 0.096936
v 9.908093 1.479050 0.096936
v 9.826558 1.579169 0.096936
v 9.969812 1.391276 0.096936
v 10.034779 1.298881 0.096936
v 10.097581 1.209568 0.096936
v 10.161483 1.118688 0.096936
v 10.286019 0.941574 0.096936
v 10.224301 1.029348 0.096936
v 10.413789 0.759865 0.096936
v 10.263053 1.580108 0.096936
v 10.400105 1.580433 0.096936
v 10.140876 1.579768 0.096936
v 10.001788 1.579439 0.096936
v 10.359500 1.653428 0.096936
v 10.183218 1.652994 0.096936
v 10.019748 1.652538 0.096936
v 9.840739 1.652097 0.096936
v 9.685386 1.652097 0.096936
v 9.278363 0.558119 0.096936
v 9.141311 0.558376 0.096936
v 9.400540 0.557942 0.096936
v 9.539628 0.557682 0.096936
v 9.125258 0.485570 0.096936
v 9.301543 0.485256 0.096936
v 9.465014 0.485019 0.096936
v 9.644022 0.484701 0.096936
v 9.674478 0.557380 0.096936
v 9.945423 1.056249 0.096936
v 10.006534 0.963922 0.096936
v 9.785374 0.985075 0.096936
v 9.725914 1.074909 0.096936
v 9.886594 1.145130 0.096936
v 9.825736 1.237074 0.096936
v 9.707442 0.943947 0.096936
v 9.769211 0.850630 0.096936
v 9.664403 1.167839 0.096936
v 9.748632 1.196382 0.096936
v 9.809491 1.104437 0.096936
v 9.868320 1.015558 0.096936
v 9.929431 0.923231 0.096936
v 9.847141 0.891758 0.096936
v 9.586471 1.126711 0.096936
v 9.647983 1.033781 0.096936
v 9.204999 0.364574 0.096936
v 9.186419 0.387605 0.096936
v 9.177731 0.350928 0.096936
v 9.205798 0.297699 0.096936
v 9.189746 0.314739 0.096936
v 9.284858 0.320699 0.096936
v 9.263523 0.290830 0.096936
v 9.227163 0.281069 0.096936
v 9.249673 0.371084 0.096936
v 9.265368 0.358535 0.096936
v 9.243552 0.316187 0.096936
v 9.223577 0.341543 0.096936
v 9.229905 0.383320 0.096936
v 9.181703 0.332677 0.096936
v 9.277769 0.339822 0.096936
v 9.056330 0.244871 0.096936
v 9.063634 0.319724 0.096936
v 9.068487 0.295738 0.096936
v 9.067656 0.270303 0.096936
v 9.048984 0.343710 0.096936
v 10.037708 1.180413 0.096936
v 9.958477 1.293094 0.096936
v 9.876512 1.409660 0.096936
v 9.798647 1.520398 0.096936
v 10.118327 1.065757 0.096936
v 10.275446 0.842308 0.096936
v 10.197581 0.953047 0.096936
v 10.436641 0.613062 0.096936
v 10.087369 0.129982 0.096936
v 9.954874 0.129982 0.096936
v 10.226837 0.129982 0.096936
v 10.361656 0.129982 0.096936
v 9.276052 1.994178 0.096936
v 9.148441 1.994178 0.096936
v 9.408547 1.994178 0.096936
v 9.548016 1.994178 0.096936
v 9.487804 0.838419 0.096936
v 9.552035 0.745615 0.096936
v 9.425715 0.928129 0.096936
v 9.362537 1.019412 0.096936
v 9.239412 1.197311 0.096936
v 9.300430 1.109148 0.096936
v 9.113091 1.379825 0.096936
v 9.543573 0.877256 0.096936
v 9.464342 0.989938 0.096936
v 9.625537 0.760690 0.096936
v 9.703402 0.649954 0.096936
v 9.836190 0.484701 0.096936
v 9.383722 1.104593 0.096936
v 9.304468 1.217305 0.096936
v 9.226604 1.328043 0.096936
v 9.065409 1.557289 0.096936
v 9.613054 0.657452 0.096936
v 10.668375 1.757587 0.071181
v 10.657506 1.803466 0.071181
v 10.692616 1.870052 0.071181
v 10.672536 1.848735 0.071181
v 10.791513 1.841282 0.071181
v 10.764825 1.878645 0.071181
v 10.719341 1.890855 0.071181
v 10.747499 1.778253 0.071181
v 10.767134 1.793952 0.071181
v 10.722772 1.762947 0.071181
v 10.662473 1.826298 0.071181
v 10.782644 1.817360 0.071181
v 10.550902 1.919519 0.071181
v 10.559129 1.835214 0.071181
v 10.564595 1.862228 0.071181
v 10.504303 1.787307 0.071181
v 10.542629 1.808199 0.071181
v 10.563660 1.890874 0.071181
v 10.636183 1.188533 0.071181
v 10.628525 1.288452 0.071181
v 10.585284 0.988699 0.071181
v 10.626960 1.088617 0.071181
v 10.588414 1.388368 0.071181
v 10.504303 1.425701 0.071181
v 11.998035 0.723989 0.071181
v 11.914623 0.761322 0.071181
v 11.876079 1.061075 0.071181
v 11.917753 1.160992 0.071181
v 11.874513 0.861240 0.071181
v 11.866855 0.961157 0.071181
v 11.860162 0.147959 0.071181
v 11.732552 0.147959 0.071181
v 11.600056 0.147959 0.071181
v 11.460587 0.147959 0.071181
v 11.325768 0.147959 0.071181
v 11.860161 0.000007 0.125881
v 11.732551 0.000007 0.125881
v 11.600055 0.000007 0.125881
v 11.460587 0.000007 0.125881
v 11.325767 0.000007 0.125881
v 11.188585 0.000007 0.125881
v 11.053728 0.000007 0.125881
v 10.921233 0.000007 0.125881
v 10.781765 0.000007 0.125881
v 10.646946 0.000007 0.125881
v 10.504302 0.000007 0.125881
v 11.860161 2.128700 0.125883
v 11.732551 2.128700 0.125883
v 11.600055 2.128700 0.125883
v 11.460587 2.128700 0.125883
v 11.325767 2.128700 0.125883
v 11.188585 2.128700 0.125883
v 11.053728 2.128700 0.125883
v 10.921233 2.128700 0.125883
v 10.781765 2.128700 0.125883
v 10.646946 2.128700 0.125883
v 10.504302 2.128700 0.125883
v 11.188585 1.980746 0.071181
v 11.053729 1.980746 0.071181
v 10.921234 1.980746 0.071181
v 10.781766 1.980746 0.071181
v 10.646947 1.980746 0.071181
v 10.504303 1.980746 0.071181
v 11.141665 1.560828 0.071181
v 11.079589 1.479050 0.071181
v 11.017870 1.391276 0.071181
v 10.952904 1.298881 0.071181
v 10.890101 1.209568 0.071181
v 10.826200 1.118688 0.071181
v 10.763381 1.029348 0.071181
v 10.701663 0.941574 0.071181
v 10.573894 0.759865 0.071181
v 10.504303 0.667085 0.071181
v 11.996731 0.147959 0.071181
v 10.504303 1.563206 0.071181
v 10.608498 1.562713 0.071181
v 10.745551 1.562231 0.071181
v 10.867726 1.561721 0.071181
v 11.006816 1.561229 0.071181
v 10.504303 1.672335 0.071181
v 10.649103 1.671676 0.071181
v 10.825386 1.671030 0.071181
v 10.988855 1.670349 0.071181
v 11.167865 1.669691 0.071181
v 11.423443 0.657452 0.071181
v 12.000154 0.576950 0.071181
v 11.895187 0.576777 0.071181
v 11.758134 0.576392 0.071181
v 11.635958 0.576126 0.071181
v 11.496868 0.575736 0.071181
v 12.000347 0.467820 0.071181
v 11.855451 0.467560 0.071181
v 11.679166 0.467089 0.071181
v 11.515695 0.466734 0.071181
v 11.336687 0.466257 0.071181
v 11.996730 0.000007 0.125881
v 11.996730 2.128700 0.125883
v 11.281281 1.084985 0.071181
v 11.191464 1.263113 0.071181
v 11.120502 1.155903 0.071181
v 11.051906 1.052265 0.071181
v 10.980647 0.944608 0.071181
v 11.352244 1.192196 0.071181
v 11.281371 1.215665 0.071181
v 11.210408 1.108454 0.071181
v 11.141812 1.004818 0.071181
v 11.070553 0.897161 0.071181
v 11.212684 0.981348 0.071181
v 11.141425 0.873691 0.071181
v 11.442148 1.144748 0.071181
v 11.371185 1.037537 0.071181
v 11.302589 0.933901 0.071181
v 11.231332 0.826244 0.071181
v 10.504303 0.949970 0.071181
v 11.832479 0.400366 0.071181
v 11.843348 0.354484 0.071181
v 11.808239 0.287899 0.071181
v 11.828319 0.309215 0.071181
v 11.709343 0.316670 0.071181
v 11.736031 0.279306 0.071181
v 11.781513 0.267097 0.071181
v 11.753353 0.379699 0.071181
v 11.733722 0.364000 0.071181
v 11.778081 0.395004 0.071181
v 11.838381 0.331653 0.071181
v 11.718209 0.340592 0.071181
v 11.949953 0.238434 0.071181
v 11.996648 0.225834 0.071181
v 11.941726 0.322738 0.071181
v 11.936259 0.295723 0.071181
v 11.958226 0.349752 0.071181
v 11.937195 0.267078 0.071181
v 11.860161 0.000007 0.016481
v 11.732551 0.000007 0.016481
v 11.600055 0.000007 0.016481
v 11.460587 0.000007 0.016481
v 11.325767 0.000007 0.016481
v 11.188585 0.000007 0.016481
v 11.053728 0.000007 0.016481
v 10.921233 0.000007 0.016481
v 10.781765 0.000007 0.016481
v 10.646946 0.000007 0.016481
v 10.504302 0.000007 0.016481
v 11.860161 2.128700 0.016483
v 11.732551 2.128700 0.016483
v 11.600055 2.128700 0.016483
v 11.460587 2.128700 0.016483
v 11.325767 2.128700 0.016483
v 11.188585 2.128700 0.016483
v 11.053728 2.128700 0.016483
v 10.921233 2.128700 0.016483
v 10.781765 2.128700 0.016483
v 10.646946 2.128700 0.016483
v 10.504302 2.128700 0.016483
v 11.996730 0.000007 0.016481
v 11.996730 2.128700 0.016483
v 10.504303 1.932117 0.071181
v 11.996648 0.370644 0.071181
v 11.998035 1.199722 0.071181
v 11.344138 1.669691 0.071181
v 11.230876 1.520398 0.071181
v 11.153011 1.409660 0.071181
v 11.071048 1.293094 0.071181
v 10.991816 1.180413 0.071181
v 10.911196 1.065757 0.071181
v 10.831942 0.953047 0.071181
v 10.754078 0.842308 0.071181
v 10.592883 0.613062 0.071181
v 10.504303 0.496010 0.071181
v 11.053729 0.147959 0.071181
v 10.921234 0.147959 0.071181
v 10.781766 0.147959 0.071181
v 10.646947 0.147959 0.071181
v 10.504303 0.147959 0.071181
v 11.860162 1.982214 0.071181
v 11.732552 1.982214 0.071181
v 11.600056 1.982214 0.071181
v 11.460587 1.982214 0.071181
v 11.325768 1.982214 0.071181
v 11.996731 1.982214 0.071181
v 11.188585 0.147959 0.071181
v 11.362020 0.575283 0.071181
v 11.484463 0.745615 0.071181
v 11.548693 0.838419 0.071181
v 11.610781 0.928129 0.071181
v 11.673959 1.019412 0.071181
v 11.736068 1.109148 0.071181
v 11.797086 1.197311 0.071181
v 11.923407 1.379825 0.071181
v 11.999527 1.485469 0.071181
v 11.144519 0.466257 0.071181
v 11.277308 0.649954 0.071181
v 11.355172 0.760690 0.071181
v 11.437134 0.877256 0.071181
v 11.516367 0.989938 0.071181
v 11.596988 1.104593 0.071181
v 11.676240 1.217305 0.071181
v 11.754106 1.328043 0.071181
v 11.915300 1.557289 0.071181
v 11.999527 1.674342 0.071181
v 10.696324 1.792230 0.096936
v 10.676978 1.768248 0.096936
v 10.667930 1.806438 0.096936
v 10.697156 1.861864 0.096936
v 10.680442 1.844121 0.096936
v 10.779477 1.837915 0.096936
v 10.757261 1.869016 0.096936
v 10.719401 1.879180 0.096936
v 10.742840 1.785451 0.096936
v 10.759182 1.798519 0.096936
v 10.736466 1.842614 0.096936
v 10.715670 1.816211 0.096936
v 10.722257 1.772710 0.096936
v 10.672066 1.825443 0.096936
v 10.772095 1.818002 0.096936
v 10.504303 1.887928 0.096936
v 10.504303 1.862692 0.096936
v 10.551297 1.842492 0.096936
v 10.555282 1.862194 0.096936
v 10.504303 1.807554 0.096936
v 10.539263 1.822790 0.096936
v 10.504303 1.835123 0.096936
v 10.554601 1.883084 0.096936
v 10.545296 1.903974 0.096936
v 10.603495 1.102568 0.096936
v 10.504303 1.085617 0.096936
v 10.504303 0.983350 0.096936
v 10.611425 1.188485 0.096936
v 10.504303 1.187884 0.096936
v 11.998353 0.753803 0.096936
v 11.934582 0.786449 0.096936
v 11.900875 1.048578 0.096936
v 11.937320 1.135954 0.096936
v 11.899507 0.873825 0.096936
v 11.892810 0.961201 0.096936
v 11.998353 0.857807 0.096936
v 11.998353 0.961813 0.096936
v 11.998353 1.065817 0.096936
v 10.567660 1.016653 0.096936
v 10.504303 1.290151 0.096936
v 10.504303 1.392419 0.096936
v 10.604840 1.274401 0.096936
v 10.570352 1.360318 0.096936
v 11.860162 0.129982 0.096936
v 11.860162 0.072686 0.096936
v 11.732552 0.129982 0.096936
v 11.600056 0.129982 0.096936
v 11.460587 0.129982 0.096936
v 11.325768 0.129982 0.096936
v 11.732552 0.072686 0.096936
v 11.600056 0.072686 0.096936
v 11.460587 0.072686 0.096936
v 11.325768 0.072686 0.096936
v 11.188585 0.072686 0.096936
v 10.921234 0.072686 0.096936
v 11.053729 0.072686 0.096936
v 10.781766 0.072686 0.096936
v 10.646947 0.072686 0.096936
v 10.504303 0.072686 0.096936
v 11.188585 0.129982 0.096936
v 10.504303 1.993098 0.096936
v 10.504303 2.061840 0.096936
v 11.732552 2.061840 0.096936
v 11.860162 2.061840 0.096936
v 11.600056 2.061840 0.096936
v 11.460587 2.061840 0.096936
v 11.325768 2.061840 0.096936
v 11.188585 2.061840 0.096936
v 10.921234 2.061840 0.096936
v 11.053729 2.061840 0.096936
v 10.781766 2.061840 0.096936
v 10.646947 2.061840 0.096936
v 11.053729 1.993098 0.096936
v 10.921234 1.993098 0.096936
v 10.781766 1.993098 0.096936
v 10.646947 1.993098 0.096936
v 11.188585 1.993098 0.096936
v 11.325768 1.994178 0.096936
v 11.100510 1.479050 0.096936
v 11.182044 1.579169 0.096936
v 11.038792 1.391276 0.096936
v 10.973825 1.298881 0.096936
v 10.911023 1.209568 0.096936
v 10.847120 1.118688 0.096936
v 10.722584 0.941574 0.096936
v 10.784302 1.029348 0.096936
v 10.594815 0.759865 0.096936
v 10.504303 0.635952 0.096936
v 11.996731 0.129982 0.096936
v 11.996731 0.072686 0.096936
v 10.745551 1.580108 0.096936
v 10.608498 1.580433 0.096936
v 10.867726 1.579768 0.096936
v 11.006816 1.579439 0.096936
v 10.504303 1.580763 0.096936
v 10.649103 1.653428 0.096936
v 10.825386 1.652994 0.096936
v 10.988855 1.652538 0.096936
v 11.167865 1.652097 0.096936
v 10.504303 1.653869 0.096936
v 11.323217 1.652097 0.096936
v 11.730240 0.558119 0.096936
v 11.867292 0.558376 0.096936
v 11.608063 0.557942 0.096936
v 11.468974 0.557682 0.096936
v 12.000154 0.558491 0.096936
v 11.883345 0.485570 0.096936
v 11.707061 0.485256 0.096936
v 11.543589 0.485019 0.096936
v 11.364581 0.484701 0.096936
v 12.000154 0.485742 0.096936
v 11.334126 0.557380 0.096936
v 11.996731 2.061840 0.096936
v 11.063179 1.056249 0.096936
v 11.002069 0.963922 0.096936
v 11.223228 0.985075 0.096936
v 11.282689 1.074909 0.096936
v 11.122009 1.145130 0.096936
v 11.182867 1.237074 0.096936
v 11.301161 0.943947 0.096936
v 11.239392 0.850630 0.096936
v 11.344199 1.167839 0.096936
v 11.259970 1.196382 0.096936
v 11.199113 1.104437 0.096936
v 11.140284 1.015558 0.096936
v 11.079172 0.923231 0.096936
v 11.161462 0.891758 0.096936
v 11.422131 1.126711 0.096936
v 11.360620 1.033781 0.096936
v 11.803605 0.364574 0.096936
v 11.822184 0.387605 0.096936
v 11.830872 0.350928 0.096936
v 11.802805 0.297699 0.096936
v 11.818856 0.314739 0.096936
v 11.723746 0.320699 0.096936
v 11.745080 0.290830 0.096936
v 11.781441 0.281069 0.096936
v 11.758929 0.371084 0.096936
v 11.743235 0.358535 0.096936
v 11.765053 0.316187 0.096936
v 11.785025 0.341543 0.096936
v 11.778698 0.383320 0.096936
v 11.826900 0.332677 0.096936
v 11.730835 0.339822 0.096936
v 11.996648 0.264408 0.096936
v 11.996648 0.295132 0.096936
v 11.952273 0.244871 0.096936
v 11.996648 0.233684 0.096936
v 11.944968 0.319724 0.096936
v 11.940116 0.295738 0.096936
v 11.940948 0.270303 0.096936
v 11.959620 0.343710 0.096936
v 11.996648 0.328695 0.096936
v 10.504303 1.913164 0.096936
v 11.998353 1.169821 0.096936
v 10.970895 1.180413 0.096936
v 11.050127 1.293094 0.096936
v 11.996648 0.362259 0.096936
v 11.132090 1.409660 0.096936
v 11.209956 1.520398 0.096936
v 10.890277 1.065757 0.096936
v 10.733157 0.842308 0.096936
v 10.811022 0.953047 0.096936
v 10.571962 0.613062 0.096936
v 10.504303 0.520917 0.096936
v 10.921234 0.129982 0.096936
v 11.053729 0.129982 0.096936
v 10.781766 0.129982 0.096936
v 10.646947 0.129982 0.096936
v 10.504303 0.129982 0.096936
v 11.732552 1.994178 0.096936
v 11.860162 1.994178 0.096936
v 11.600056 1.994178 0.096936
v 11.460587 1.994178 0.096936
v 11.996731 1.994178 0.096936
v 11.520798 0.838419 0.096936
v 11.456568 0.745615 0.096936
v 11.582888 0.928129 0.096936
v 11.646067 1.019412 0.096936
v 11.769192 1.197311 0.096936
v 11.708173 1.109148 0.096936
v 11.895512 1.379825 0.096936
v 11.999527 1.522831 0.096936
v 11.465030 0.877256 0.096936
v 11.544262 0.989938 0.096936
v 11.383066 0.760690 0.096936
v 11.305201 0.649954 0.096936
v 11.172415 0.484701 0.096936
v 11.624880 1.104593 0.096936
v 11.704135 1.217305 0.096936
v 11.782001 1.328043 0.096936
v 11.943194 1.557289 0.096936
v 11.999527 1.634491 0.096936
v 11.395549 0.657452 0.096936
v 7.674690 1.757587 0.071181
v 7.663820 1.803466 0.071181
v 7.698931 1.870052 0.071181
v 7.678850 1.848735 0.071181
v 7.797827 1.841282 0.071181
v 7.771140 1.878645 0.071181
v 7.725656 1.890855 0.071181
v 7.753814 1.778253 0.071181
v 7.773448 1.793952 0.071181
v 7.729086 1.762947 0.071181
v 7.668788 1.826298 0.071181
v 7.788960 1.817360 0.071181
v 7.557217 1.919519 0.071181
v 7.565444 1.835214 0.071181
v 7.570910 1.862228 0.071181
v 7.548944 1.808199 0.071181
v 7.569974 1.890874 0.071181
v 7.642497 1.188533 0.071181
v 7.634839 1.288452 0.071181
v 7.591599 0.988699 0.071181
v 7.633275 1.088617 0.071181
v 7.594729 1.388368 0.071181
v 9.007458 0.723989 0.071181
v 8.920938 0.761322 0.071181
v 8.882392 1.061075 0.071181
v 8.924067 1.160992 0.071181
v 8.880827 0.861240 0.071181
v 8.873169 0.961157 0.071181
v 8.866477 0.147959 0.071181
v 8.738864 0.147959 0.071181
v 8.606370 0.147959 0.071181
v 8.466902 0.147959 0.071181
v 8.332082 0.147959 0.071181
v 8.866477 0.000007 0.125881
v 8.738864 0.000007 0.125881
v 8.606370 0.000007 0.125881
v 8.466902 0.000007 0.125881
v 8.332082 0.000007 0.125881
v 8.194901 0.000007 0.125881
v 8.060042 0.000007 0.125881
v 7.927548 0.000007 0.125881
v 7.788080 0.000007 0.125881
v 7.653261 0.000007 0.125881
v 8.866477 2.128701 0.125883
v 8.738864 2.128701 0.125883
v 8.606370 2.128701 0.125883
v 8.466902 2.128701 0.125883
v 8.332082 2.128701 0.125883
v 8.194901 2.128701 0.125883
v 8.060042 2.128701 0.125883
v 7.927548 2.128701 0.125883
v 7.788080 2.128701 0.125883
v 7.653261 2.128701 0.125883
v 8.194901 1.980746 0.071181
v 8.060042 1.980746 0.071181
v 7.927549 1.980746 0.071181
v 7.788081 1.980746 0.071181
v 7.653261 1.980746 0.071181
v 8.147978 1.560828 0.071181
v 8.085903 1.479050 0.071181
v 8.024185 1.391276 0.071181
v 7.959218 1.298881 0.071181
v 7.896417 1.209568 0.071181
v 7.832515 1.118688 0.071181
v 7.769696 1.029348 0.071181
v 7.707977 0.941574 0.071181
v 7.580209 0.759865 0.071181
v 9.007458 0.147959 0.071181
v 7.614813 1.562713 0.071181
v 7.751866 1.562231 0.071181
v 7.874041 1.561721 0.071181
v 8.013129 1.561229 0.071181
v 7.655417 1.671676 0.071181
v 7.831699 1.671030 0.071181
v 7.995172 1.670349 0.071181
v 8.174177 1.669691 0.071181
v 8.429757 0.657452 0.071181
v 9.007458 0.576950 0.071181
v 8.901502 0.576777 0.071181
v 8.764448 0.576392 0.071181
v 8.642272 0.576126 0.071181
v 8.503182 0.575736 0.071181
v 9.007458 0.467820 0.071181
v 8.861764 0.467560 0.071181
v 8.685481 0.467089 0.071181
v 8.522009 0.466734 0.071181
v 8.343001 0.466257 0.071181
v 9.007458 0.000007 0.125881
v 9.007458 2.128701 0.125883
v 8.287595 1.084985 0.071181
v 8.197780 1.263113 0.071181
v 8.126817 1.155903 0.071181
v 8.058221 1.052265 0.071181
v 7.986962 0.944608 0.071181
v 8.358557 1.192196 0.071181
v 8.287684 1.215665 0.071181
v 8.216722 1.108454 0.071181
v 8.148126 1.004818 0.071181
v 8.076866 0.897161 0.071181
v 8.218998 0.981348 0.071181
v 8.147739 0.873691 0.071181
v 8.448462 1.144748 0.071181
v 8.377500 1.037537 0.071181
v 8.308903 0.933901 0.071181
v 8.237645 0.826244 0.071181
v 8.838794 0.400366 0.071181
v 8.849664 0.354484 0.071181
v 8.814552 0.287899 0.071181
v 8.834633 0.309215 0.071181
v 8.715656 0.316670 0.071181
v 8.742344 0.279306 0.071181
v 8.787827 0.267097 0.071181
v 8.759668 0.379699 0.071181
v 8.740035 0.364000 0.071181
v 8.784396 0.395004 0.071181
v 8.844694 0.331653 0.071181
v 8.724524 0.340592 0.071181
v 8.956266 0.238434 0.071181
v 9.007458 0.225834 0.071181
v 8.948039 0.322738 0.071181
v 8.942573 0.295723 0.071181
v 8.964540 0.349752 0.071181
v 8.943508 0.267078 0.071181
v 8.866477 0.000007 0.016481
v 8.738864 0.000007 0.016481
v 8.606370 0.000007 0.016481
v 8.466902 0.000007 0.016481
v 8.332082 0.000007 0.016481
v 8.194901 0.000007 0.016481
v 8.060042 0.000007 0.016481
v 7.927548 0.000007 0.016481
v 7.788080 0.000007 0.016481
v 7.653261 0.000007 0.016481
v 8.866477 2.128701 0.016483
v 8.738864 2.128701 0.016483
v 8.606370 2.128701 0.016483
v 8.466902 2.128701 0.016483
v 8.332082 2.128701 0.016483
v 8.194901 2.128701 0.016483
v 8.060042 2.128701 0.016483
v 7.927548 2.128701 0.016483
v 7.788080 2.128701 0.016483
v 7.653261 2.128701 0.016483
v 9.007458 0.000007 0.016481
v 9.007458 2.128701 0.016483
v 9.007458 0.370644 0.071181
v 9.007458 1.199722 0.071181
v 8.350452 1.669691 0.071181
v 8.237190 1.520398 0.071181
v 8.159325 1.409660 0.071181
v 8.077361 1.293094 0.071181
v 7.998131 1.180413 0.071181
v 7.917511 1.065757 0.071181
v 7.838257 0.953047 0.071181
v 7.760392 0.842308 0.071181
v 7.599197 0.613062 0.071181
v 8.060042 0.147959 0.071181
v 7.927549 0.147959 0.071181
v 7.788081 0.147959 0.071181
v 7.653261 0.147959 0.071181
v 8.866477 1.982214 0.071181
v 8.738864 1.982214 0.071181
v 8.606370 1.982214 0.071181
v 8.466902 1.982214 0.071181
v 8.332082 1.982214 0.071181
v 9.007458 1.982214 0.071181
v 8.194901 0.147959 0.071181
v 8.368333 0.575283 0.071181
v 8.490776 0.745615 0.071181
v 8.555007 0.838419 0.071181
v 8.617097 0.928129 0.071181
v 8.680273 1.019412 0.071181
v 8.742380 1.109148 0.071181
v 8.803399 1.197311 0.071181
v 8.929720 1.379825 0.071181
v 9.007458 1.485469 0.071181
v 8.150833 0.466257 0.071181
v 8.283621 0.649954 0.071181
v 8.361485 0.760690 0.071181
v 8.443449 0.877256 0.071181
v 8.522681 0.989938 0.071181
v 8.603300 1.104593 0.071181
v 8.682554 1.217305 0.071181
v 8.760419 1.328043 0.071181
v 8.921614 1.557289 0.071181
v 9.007458 1.674342 0.071181
v 7.702639 1.792230 0.096936
v 7.683293 1.768248 0.096936
v 7.674245 1.806438 0.096936
v 7.703470 1.861864 0.096936
v 7.686756 1.844121 0.096936
v 7.785791 1.837915 0.096936
v 7.763577 1.869016 0.096936
v 7.725716 1.879180 0.096936
v 7.749156 1.785451 0.096936
v 7.765498 1.798519 0.096936
v 7.742781 1.842614 0.096936
v 7.721985 1.816211 0.096936
v 7.728572 1.772710 0.096936
v 7.678380 1.825443 0.096936
v 7.778409 1.818002 0.096936
v 7.557611 1.842492 0.096936
v 7.561597 1.862194 0.096936
v 7.545578 1.822790 0.096936
v 7.560915 1.883084 0.096936
v 7.551611 1.903974 0.096936
v 7.609809 1.102568 0.096936
v 7.617741 1.188485 0.096936
v 9.007458 0.753803 0.096936
v 8.940896 0.786449 0.096936
v 8.907190 1.048578 0.096936
v 8.943634 1.135954 0.096936
v 8.905820 0.873825 0.096936
v 8.899125 0.961201 0.096936
v 9.007458 0.857807 0.096936
v 9.007458 0.961813 0.096936
v 9.007458 1.065817 0.096936
v 7.573975 1.016653 0.096936
v 7.611156 1.274401 0.096936
v 7.576666 1.360318 0.096936
v 8.866477 0.129982 0.096936
v 8.866477 0.072686 0.096936
v 8.738864 0.129982 0.096936
v 8.606370 0.129982 0.096936
v 8.466902 0.129982 0.096936
v 8.332082 0.129982 0.096936
v 8.738864 0.072686 0.096936
v 8.606370 0.072686 0.096936
v 8.466902 0.072686 0.096936
v 8.332082 0.072686 0.096936
v 8.194901 0.072686 0.096936
v 7.927549 0.072686 0.096936
v 8.060042 0.072686 0.096936
v 7.788081 0.072686 0.096936
v 7.653261 0.072686 0.096936
v 8.194901 0.129982 0.096936
v 8.738864 2.061840 0.096936
v 8.866477 2.061840 0.096936
v 8.606370 2.061840 0.096936
v 8.466902 2.061840 0.096936
v 8.332082 2.061840 0.096936
v 8.194901 2.061840 0.096936
v 7.927549 2.061840 0.096936
v 8.060042 2.061840 0.096936
v 7.788081 2.061840 0.096936
v 7.653261 2.061840 0.096936
v 8.060042 1.993098 0.096936
v 7.927549 1.993098 0.096936
v 7.788081 1.993098 0.096936
v 7.653261 1.993098 0.096936
v 8.194901 1.993098 0.096936
v 8.332082 1.994178 0.096936
v 8.106825 1.479050 0.096936
v 8.188358 1.579169 0.096936
v 8.045105 1.391276 0.096936
v 7.980138 1.298881 0.096936
v 7.917337 1.209568 0.096936
v 7.853436 1.118688 0.096936
v 7.728898 0.941574 0.096936
v 7.790617 1.029348 0.096936
v 7.601130 0.759865 0.096936
v 9.007458 0.129982 0.096936
v 9.007458 0.072686 0.096936
v 7.751866 1.580108 0.096936
v 7.614813 1.580433 0.096936
v 7.874041 1.579768 0.096936
v 8.013129 1.579439 0.096936
v 7.655417 1.653428 0.096936
v 7.831699 1.652994 0.096936
v 7.995172 1.652538 0.096936
v 8.174177 1.652097 0.096936
v 8.329532 1.652097 0.096936
v 8.736554 0.558119 0.096936
v 8.873608 0.558376 0.096936
v 8.614378 0.557942 0.096936
v 8.475288 0.557682 0.096936
v 9.007458 0.558491 0.096936
v 8.889659 0.485570 0.096936
v 8.713375 0.485256 0.096936
v 8.549904 0.485019 0.096936
v 8.370894 0.484701 0.096936
v 9.007458 0.485742 0.096936
v 8.340440 0.557380 0.096936
v 9.007458 2.061840 0.096936
v 8.069493 1.056249 0.096936
v 8.008384 0.963922 0.096936
v 8.229543 0.985075 0.096936
v 8.289004 1.074909 0.096936
v 8.128324 1.145130 0.096936
v 8.189181 1.237074 0.096936
v 8.307474 0.943947 0.096936
v 8.245707 0.850630 0.096936
v 8.350515 1.167839 0.096936
v 8.266284 1.196382 0.096936
v 8.205426 1.104437 0.096936
v 8.146598 1.015558 0.096936
v 8.085486 0.923231 0.096936
v 8.167776 0.891758 0.096936
v 8.428446 1.126711 0.096936
v 8.366934 1.033781 0.096936
v 8.809917 0.364574 0.096936
v 8.828496 0.387605 0.096936
v 8.837186 0.350928 0.096936
v 8.809120 0.297699 0.096936
v 8.825171 0.314739 0.096936
v 8.730061 0.320699 0.096936
v 8.751395 0.290830 0.096936
v 8.787756 0.281069 0.096936
v 8.765244 0.371084 0.096936
v 8.749549 0.358535 0.096936
v 8.771366 0.316187 0.096936
v 8.791339 0.341543 0.096936
v 8.785012 0.383320 0.096936
v 8.833216 0.332677 0.096936
v 8.737149 0.339822 0.096936
v 9.007458 0.264408 0.096936
v 9.007458 0.295132 0.096936
v 8.958588 0.244871 0.096936
v 9.007458 0.233684 0.096936
v 8.951283 0.319724 0.096936
v 8.946430 0.295738 0.096936
v 8.947260 0.270303 0.096936
v 8.965934 0.343710 0.096936
v 9.007458 0.328695 0.096936
v 9.007458 1.169821 0.096936
v 7.977210 1.180413 0.096936
v 8.056441 1.293094 0.096936
v 9.007458 0.362259 0.096936
v 8.138404 1.409660 0.096936
v 8.216269 1.520398 0.096936
v 7.896590 1.065757 0.096936
v 7.739471 0.842308 0.096936
v 7.817337 0.953047 0.096936
v 7.578277 0.613062 0.096936
v 7.927549 0.129982 0.096936
v 8.060042 0.129982 0.096936
v 7.788081 0.129982 0.096936
v 7.653261 0.129982 0.096936
v 8.738864 1.994178 0.096936
v 8.866477 1.994178 0.096936
v 8.606370 1.994178 0.096936
v 8.466902 1.994178 0.096936
v 9.007458 1.994178 0.096936
v 8.527113 0.838419 0.096936
v 8.462881 0.745615 0.096936
v 8.589202 0.928129 0.096936
v 8.652380 1.019412 0.096936
v 8.775505 1.197311 0.096936
v 8.714486 1.109148 0.096936
v 8.901827 1.379825 0.096936
v 9.007458 1.522831 0.096936
v 8.471343 0.877256 0.096936
v 8.550575 0.989938 0.096936
v 8.389380 0.760690 0.096936
v 8.311515 0.649954 0.096936
v 8.178727 0.484701 0.096936
v 8.631194 1.104593 0.096936
v 8.710448 1.217305 0.096936
v 8.788314 1.328043 0.096936
v 8.949509 1.557289 0.096936
v 9.007458 1.634491 0.096936
v 8.401862 0.657452 0.096936
v 7.346543 1.757587 0.071181
v 7.357412 1.803466 0.071181
v 7.322302 1.870052 0.071181
v 7.342382 1.848735 0.071181
v 7.223405 1.841282 0.071181
v 7.250093 1.878645 0.071181
v 7.295577 1.890855 0.071181
v 7.267418 1.778253 0.071181
v 7.247785 1.793952 0.071181
v 7.292145 1.762947 0.071181
v 7.352445 1.826298 0.071181
v 7.232273 1.817360 0.071181
v 7.464016 1.919519 0.071181
v 7.455789 1.835214 0.071181
v 7.450324 1.862228 0.071181
v 7.510616 1.787307 0.071181
v 7.472289 1.808199 0.071181
v 7.451258 1.890874 0.071181
v 7.378735 1.188533 0.071181
v 7.386393 1.288452 0.071181
v 7.429633 0.988699 0.071181
v 7.387959 1.088617 0.071181
v 7.426503 1.388368 0.071181
v 7.510616 1.425701 0.071181
v 6.013771 0.723989 0.071181
v 6.100295 0.761322 0.071181
v 6.138839 1.061075 0.071181
v 6.097164 1.160992 0.071181
v 6.140405 0.861240 0.071181
v 6.148062 0.961157 0.071181
v 6.154756 0.147959 0.071181
v 6.282367 0.147959 0.071181
v 6.414862 0.147959 0.071181
v 6.554330 0.147959 0.071181
v 6.689149 0.147959 0.071181
v 6.154756 0.000006 0.125881
v 6.282367 0.000006 0.125881
v 6.414862 0.000006 0.125881
v 6.554330 0.000006 0.125881
v 6.689149 0.000006 0.125881
v 6.826331 0.000006 0.125881
v 6.961189 0.000006 0.125881
v 7.093683 0.000006 0.125881
v 7.233151 0.000006 0.125881
v 7.367971 0.000007 0.125881
v 7.510616 0.000007 0.125881
v 6.154756 2.128701 0.125883
v 6.282367 2.128701 0.125883
v 6.414862 2.128701 0.125883
v 6.554330 2.128701 0.125883
v 6.689149 2.128701 0.125883
v 6.826331 2.128701 0.125883
v 6.961189 2.128701 0.125883
v 7.093683 2.128701 0.125883
v 7.233151 2.128701 0.125883
v 7.367971 2.128701 0.125883
v 7.510616 2.128701 0.125883
v 6.826331 1.980746 0.071181
v 6.961189 1.980746 0.071181
v 7.093683 1.980746 0.071181
v 7.233151 1.980746 0.071181
v 7.367971 1.980746 0.071181
v 7.510616 1.980746 0.071181
v 6.873253 1.560828 0.071181
v 6.935328 1.479050 0.071181
v 6.997047 1.391276 0.071181
v 7.062014 1.298881 0.071181
v 7.124816 1.209568 0.071181
v 7.188717 1.118688 0.071181
v 7.251536 1.029348 0.071181
v 7.313255 0.941574 0.071181
v 7.441023 0.759865 0.071181
v 7.510616 0.667085 0.071181
v 6.013771 0.147959 0.071181
v 7.510616 1.563206 0.071181
v 7.406419 1.562713 0.071181
v 7.269366 1.562231 0.071181
v 7.147191 1.561721 0.071181
v 7.008102 1.561229 0.071181
v 7.510616 1.672335 0.071181
v 7.365815 1.671676 0.071181
v 7.189532 1.671030 0.071181
v 7.026061 1.670349 0.071181
v 6.847054 1.669691 0.071181
v 6.591475 0.657452 0.071181
v 6.013771 0.576950 0.071181
v 6.119730 0.576777 0.071181
v 6.256783 0.576392 0.071181
v 6.378961 0.576126 0.071181
v 6.518049 0.575736 0.071181
v 6.013771 0.467820 0.071181
v 6.159468 0.467560 0.071181
v 6.335751 0.467089 0.071181
v 6.499223 0.466734 0.071181
v 6.678231 0.466257 0.071181
v 6.013771 0.000006 0.125881
v 6.013771 2.128701 0.125883
v 6.733637 1.084985 0.071181
v 6.823452 1.263113 0.071181
v 6.894415 1.155903 0.071181
v 6.963012 1.052265 0.071181
v 7.034270 0.944608 0.071181
v 6.662675 1.192196 0.071181
v 6.733547 1.215665 0.071181
v 6.804510 1.108454 0.071181
v 6.873106 1.004818 0.071181
v 6.944365 0.897161 0.071181
v 6.802234 0.981348 0.071181
v 6.873493 0.873691 0.071181
v 6.572770 1.144748 0.071181
v 6.643732 1.037537 0.071181
v 6.712328 0.933901 0.071181
v 6.783587 0.826244 0.071181
v 7.510616 0.949970 0.071181
v 6.182438 0.400366 0.071181
v 6.171569 0.354484 0.071181
v 6.206680 0.287899 0.071181
v 6.186599 0.309215 0.071181
v 6.305576 0.316670 0.071181
v 6.278888 0.279306 0.071181
v 6.233404 0.267097 0.071181
v 6.261563 0.379699 0.071181
v 6.281197 0.364000 0.071181
v 6.236836 0.395004 0.071181
v 6.176537 0.331653 0.071181
v 6.296708 0.340592 0.071181
v 6.064965 0.238434 0.071181
v 6.013771 0.225834 0.071181
v 6.073193 0.322738 0.071181
v 6.078658 0.295723 0.071181
v 6.056693 0.349752 0.071181
v 6.077723 0.267078 0.071181
v 6.154756 0.000006 0.016481
v 6.282367 0.000006 0.016481
v 6.414862 0.000006 0.016481
v 6.554330 0.000006 0.016481
v 6.689149 0.000006 0.016481
v 6.826331 0.000006 0.016481
v 6.961189 0.000006 0.016481
v 7.093683 0.000006 0.016481
v 7.233151 0.000007 0.016481
v 7.367971 0.000007 0.016481
v 7.510616 0.000007 0.016481
v 6.154756 2.128701 0.016483
v 6.282367 2.128701 0.016483
v 6.414862 2.128701 0.016483
v 6.554330 2.128701 0.016483
v 6.689149 2.128701 0.016483
v 6.826331 2.128701 0.016483
v 6.961189 2.128701 0.016483
v 7.093683 2.128701 0.016483
v 7.233151 2.128701 0.016483
v 7.367971 2.128701 0.016483
v 7.510616 2.128701 0.016483
v 6.013771 0.000006 0.016481
v 6.013771 2.128701 0.016483
v 7.510616 1.932117 0.071181
v 6.013771 0.370644 0.071181
v 6.013771 1.199722 0.071181
v 6.670779 1.669691 0.071181
v 6.784041 1.520398 0.071181
v 6.861907 1.409660 0.071181
v 6.943871 1.293094 0.071181
v 7.023102 1.180413 0.071181
v 7.103721 1.065757 0.071181
v 7.182975 0.953047 0.071181
v 7.260840 0.842308 0.071181
v 7.422035 0.613062 0.071181
v 7.510616 0.496010 0.071181
v 6.961189 0.147959 0.071181
v 7.093683 0.147959 0.071181
v 7.233151 0.147959 0.071181
v 7.367971 0.147959 0.071181
v 7.510616 0.147959 0.071181
v 6.154756 1.982214 0.071181
v 6.282367 1.982214 0.071181
v 6.414862 1.982214 0.071181
v 6.554330 1.982214 0.071181
v 6.689149 1.982214 0.071181
v 6.013771 1.982214 0.071181
v 6.826331 0.147959 0.071181
v 6.652898 0.575283 0.071181
v 6.530456 0.745615 0.071181
v 6.466225 0.838419 0.071181
v 6.404136 0.928129 0.071181
v 6.340958 1.019412 0.071181
v 6.278851 1.109148 0.071181
v 6.217832 1.197311 0.071181
v 6.091512 1.379825 0.071181
v 6.013771 1.485469 0.071181
v 6.870399 0.466257 0.071181
v 6.737611 0.649954 0.071181
v 6.659746 0.760690 0.071181
v 6.577782 0.877256 0.071181
v 6.498551 0.989938 0.071181
v 6.417931 1.104593 0.071181
v 6.338678 1.217305 0.071181
v 6.260812 1.328043 0.071181
v 6.099617 1.557289 0.071181
v 6.013771 1.674342 0.071181
v 7.318594 1.792230 0.096936
v 7.337940 1.768248 0.096936
v 7.346987 1.806438 0.096936
v 7.317762 1.861864 0.096936
v 7.334476 1.844121 0.096936
v 7.235441 1.837915 0.096936
v 7.257656 1.869016 0.096936
v 7.295516 1.879180 0.096936
v 7.272077 1.785451 0.096936
v 7.255734 1.798519 0.096936
v 7.278452 1.842614 0.096936
v 7.299248 1.816211 0.096936
v 7.292660 1.772710 0.096936
v 7.342853 1.825443 0.096936
v 7.242822 1.818002 0.096936
v 7.510616 1.887928 0.096936
v 7.510616 1.862692 0.096936
v 7.463622 1.842492 0.096936
v 7.459635 1.862194 0.096936
v 7.510616 1.807554 0.096936
v 7.475655 1.822790 0.096936
v 7.510616 1.835123 0.096936
v 7.460318 1.883084 0.096936
v 7.469622 1.903974 0.096936
v 7.411423 1.102568 0.096936
v 7.510616 1.085617 0.096936
v 7.510616 0.983350 0.096936
v 7.403492 1.188485 0.096936
v 7.510616 1.187884 0.096936
v 6.013771 0.753803 0.096936
v 6.080336 0.786449 0.096936
v 6.114042 1.048578 0.096936
v 6.077598 1.135954 0.096936
v 6.115411 0.873825 0.096936
v 6.122108 0.961201 0.096936
v 6.013771 0.857807 0.096936
v 6.013771 0.961813 0.096936
v 6.013771 1.065817 0.096936
v 7.447258 1.016653 0.096936
v 7.510616 1.290151 0.096936
v 7.510616 1.392419 0.096936
v 7.410077 1.274401 0.096936
v 7.444566 1.360318 0.096936
v 6.154756 0.129982 0.096936
v 6.154756 0.072686 0.096936
v 6.282367 0.129982 0.096936
v 6.414862 0.129982 0.096936
v 6.554330 0.129982 0.096936
v 6.689149 0.129982 0.096936
v 6.282367 0.072686 0.096936
v 6.414862 0.072686 0.096936
v 6.554330 0.072686 0.096936
v 6.689149 0.072686 0.096936
v 6.826331 0.072686 0.096936
v 7.093683 0.072686 0.096936
v 6.961189 0.072686 0.096936
v 7.233151 0.072686 0.096936
v 7.367971 0.072686 0.096936
v 7.510616 0.072686 0.096936
v 6.826331 0.129982 0.096936
v 7.510616 1.993098 0.096936
v 7.510616 2.061840 0.096936
v 6.282367 2.061840 0.096936
v 6.154756 2.061840 0.096936
v 6.414862 2.061840 0.096936
v 6.554330 2.061840 0.096936
v 6.689149 2.061840 0.096936
v 6.826331 2.061840 0.096936
v 7.093683 2.061840 0.096936
v 6.961189 2.061840 0.096936
v 7.233151 2.061840 0.096936
v 7.367971 2.061840 0.096936
v 6.961189 1.993098 0.096936
v 7.093683 1.993098 0.096936
v 7.233151 1.993098 0.096936
v 7.367971 1.993098 0.096936
v 6.826331 1.993098 0.096936
v 6.689149 1.994178 0.096936
v 6.914408 1.479050 0.096936
v 6.832873 1.579169 0.096936
v 6.976127 1.391276 0.096936
v 7.041093 1.298881 0.096936
v 7.103895 1.209568 0.096936
v 7.167797 1.118688 0.096936
v 7.292334 0.941574 0.096936
v 7.230616 1.029348 0.096936
v 7.420104 0.759865 0.096936
v 7.510616 0.635952 0.096936
v 6.013771 0.129982 0.096936
v 6.013771 0.072686 0.096936
v 7.269366 1.580108 0.096936
v 7.406419 1.580433 0.096936
v 7.147191 1.579768 0.096936
v 7.008102 1.579439 0.096936
v 7.510616 1.580763 0.096936
v 7.365815 1.653428 0.096936
v 7.189532 1.652994 0.096936
v 7.026061 1.652538 0.096936
v 6.847054 1.652097 0.096936
v 7.510616 1.653869 0.096936
v 6.691700 1.652097 0.096936
v 6.284678 0.558119 0.096936
v 6.147625 0.558376 0.096936
v 6.406855 0.557942 0.096936
v 6.545943 0.557682 0.096936
v 6.013771 0.558491 0.096936
v 6.131574 0.485570 0.096936
v 6.307857 0.485256 0.096936
v 6.471329 0.485019 0.096936
v 6.650337 0.484701 0.096936
v 6.013771 0.485742 0.096936
v 6.680792 0.557380 0.096936
v 6.013771 2.061840 0.096936
v 6.951737 1.056249 0.096936
v 7.012849 0.963922 0.096936
v 6.791688 0.985075 0.096936
v 6.732228 1.074909 0.096936
v 6.892909 1.145130 0.096936
v 6.832051 1.237074 0.096936
v 6.713758 0.943947 0.096936
v 6.775524 0.850630 0.096936
v 6.670717 1.167839 0.096936
v 6.754948 1.196382 0.096936
v 6.815805 1.104437 0.096936
v 6.874634 1.015558 0.096936
v 6.935745 0.923231 0.096936
v 6.853456 0.891758 0.096936
v 6.592787 1.126711 0.096936
v 6.654297 1.033781 0.096936
v 6.211314 0.364574 0.096936
v 6.192734 0.387605 0.096936
v 6.184045 0.350928 0.096936
v 6.212113 0.297699 0.096936
v 6.196061 0.314739 0.096936
v 6.291172 0.320699 0.096936
v 6.269837 0.290830 0.096936
v 6.233477 0.281069 0.096936
v 6.255988 0.371084 0.096936
v 6.271683 0.358535 0.096936
v 6.249866 0.316187 0.096936
v 6.229893 0.341543 0.096936
v 6.236220 0.383320 0.096936
v 6.188017 0.332677 0.096936
v 6.284083 0.339822 0.096936
v 6.013771 0.264408 0.096936
v 6.013771 0.295132 0.096936
v 6.062644 0.244871 0.096936
v 6.013771 0.233684 0.096936
v 6.069949 0.319724 0.096936
v 6.074801 0.295738 0.096936
v 6.073971 0.270303 0.096936
v 6.055298 0.343710 0.096936
v 6.013771 0.328695 0.096936
v 7.510616 1.913164 0.096936
v 6.013771 1.169821 0.096936
v 7.044022 1.180413 0.096936
v 6.964790 1.293094 0.096936
v 6.013771 0.362259 0.096936
v 6.882827 1.409660 0.096936
v 6.804962 1.520398 0.096936
v 7.124641 1.065757 0.096936
v 7.281761 0.842308 0.096936
v 7.203895 0.953047 0.096936
v 7.442956 0.613062 0.096936
v 7.510616 0.520917 0.096936
v 7.093683 0.129982 0.096936
v 6.961189 0.129982 0.096936
v 7.233151 0.129982 0.096936
v 7.367971 0.129982 0.096936
v 7.510616 0.129982 0.096936
v 6.282367 1.994178 0.096936
v 6.154756 1.994178 0.096936
v 6.414862 1.994178 0.096936
v 6.554330 1.994178 0.096936
v 6.013771 1.994178 0.096936
v 6.494119 0.838419 0.096936
v 6.558350 0.745615 0.096936
v 6.432030 0.928129 0.096936
v 6.368852 1.019412 0.096936
v 6.245726 1.197311 0.096936
v 6.306745 1.109148 0.096936
v 6.119406 1.379825 0.096936
v 6.013771 1.522831 0.096936
v 6.549888 0.877256 0.096936
v 6.470657 0.989938 0.096936
v 6.631852 0.760690 0.096936
v 6.709717 0.649954 0.096936
v 6.842505 0.484701 0.096936
v 6.390037 1.104593 0.096936
v 6.310783 1.217305 0.096936
v 6.232918 1.328043 0.096936
v 6.071723 1.557289 0.096936
v 6.013771 1.634491 0.096936
v 6.619369 0.657452 0.096936
vt 0.130121 0.187793
vt 0.124474 0.191054
vt 0.124191 0.188371
vt 0.131927 0.185010
vt 0.171044 0.223134
vt 0.170716 0.233563
vt 0.168380 0.233471
vt 0.168708 0.223075
vt 0.026751 0.148027
vt 0.026556 0.157763
vt 0.024444 0.157746
vt 0.024612 0.147982
vt 0.138734 0.171457
vt 0.139817 0.185075
vt 0.137513 0.187149
vt 0.136953 0.174580
vt 0.161839 0.233214
vt 0.162147 0.222913
vt 0.164466 0.222970
vt 0.164152 0.233305
vt 0.017217 0.167666
vt 0.017223 0.157705
vt 0.019345 0.157715
vt 0.019327 0.167665
vt 0.016561 0.227882
vt 0.016860 0.217385
vt 0.018998 0.217436
vt 0.018700 0.227955
vt 0.017660 0.127214
vt 0.017996 0.116417
vt 0.020165 0.116500
vt 0.019828 0.127269
vt 0.130188 0.196443
vt 0.132441 0.194507
vt 0.148124 0.212192
vt 0.148485 0.213934
vt 0.147434 0.214596
vt 0.146438 0.213161
vt 0.017452 0.137409
vt 0.019612 0.137449
vt 0.038045 0.121394
vt 0.037193 0.119798
vt 0.038342 0.119197
vt 0.040039 0.120188
vt 0.017309 0.147869
vt 0.019450 0.147896
vt 0.152127 0.218956
vt 0.150694 0.217916
vt 0.151571 0.216755
vt 0.153516 0.216913
vt 0.034010 0.121524
vt 0.034886 0.119888
vt 0.036064 0.119962
vt 0.036084 0.121750
vt 0.017265 0.177723
vt 0.019376 0.177717
vt 0.017271 0.187650
vt 0.019397 0.187654
vt 0.149006 0.220952
vt 0.148709 0.219195
vt 0.149706 0.218758
vt 0.150614 0.220311
vt 0.017184 0.198025
vt 0.019321 0.198048
vt 0.139283 0.221750
vt 0.138978 0.232323
vt 0.136682 0.232234
vt 0.136959 0.223719
vt 0.039245 0.137902
vt 0.038863 0.136186
vt 0.039972 0.135500
vt 0.040973 0.136923
vt 0.103482 0.145430
vt 0.095194 0.150494
vt 0.094762 0.148216
vt 0.103033 0.143108
vt 0.145292 0.214436
vt 0.146711 0.215450
vt 0.146019 0.216529
vt 0.144266 0.216168
vt 0.017041 0.207899
vt 0.019177 0.207937
vt 0.139619 0.197832
vt 0.137366 0.199747
vt 0.136207 0.122424
vt 0.128208 0.129058
vt 0.127566 0.126720
vt 0.133407 0.122243
vt 0.139358 0.209252
vt 0.137113 0.211166
vt 0.035172 0.130939
vt 0.036576 0.132005
vt 0.035654 0.133222
vt 0.033724 0.133040
vt 0.111670 0.140235
vt 0.111178 0.137925
vt 0.083603 0.205572
vt 0.091893 0.200313
vt 0.092242 0.202985
vt 0.083964 0.208284
vt 0.155486 0.229413
vt 0.154026 0.230389
vt 0.152749 0.229776
vt 0.153406 0.228218
vt 0.095381 0.159863
vt 0.103491 0.156395
vt 0.050391 0.229050
vt 0.058751 0.222465
vt 0.059302 0.225188
vt 0.054080 0.229180
vt 0.129095 0.231942
vt 0.129363 0.224359
vt 0.131701 0.222431
vt 0.131389 0.232030
vt 0.086932 0.155592
vt 0.086476 0.153357
vt 0.151356 0.227983
vt 0.151410 0.229677
vt 0.150128 0.229883
vt 0.149433 0.228375
vt 0.075270 0.210937
vt 0.075709 0.213644
vt 0.129886 0.206023
vt 0.132150 0.204145
vt 0.038371 0.128945
vt 0.038665 0.130683
vt 0.037620 0.131130
vt 0.036728 0.129576
vt 0.062301 0.171772
vt 0.050901 0.178438
vt 0.052537 0.175561
vt 0.061846 0.169307
vt 0.156345 0.232999
vt 0.154755 0.232937
vt 0.129628 0.214593
vt 0.131923 0.212686
vt 0.042158 0.135626
vt 0.040736 0.134605
vt 0.041458 0.133472
vt 0.043198 0.133850
vt 0.070739 0.166437
vt 0.070245 0.164142
vt 0.100291 0.195150
vt 0.100627 0.197771
vt 0.162738 0.184070
vt 0.162784 0.174149
vt 0.165062 0.174169
vt 0.165020 0.184078
vt 0.171525 0.164554
vt 0.171609 0.155088
vt 0.179468 0.155210
vt 0.179389 0.164601
vt 0.009131 0.137282
vt 0.009295 0.127013
vt 0.171820 0.145078
vt 0.179704 0.145329
vt 0.008681 0.217186
vt 0.008867 0.207751
vt 0.179221 0.223327
vt 0.178916 0.233885
vt 0.009606 0.116100
vt 0.172199 0.135343
vt 0.180117 0.135746
vt 0.009016 0.197925
vt 0.171225 0.213704
vt 0.179360 0.213819
vt 0.009099 0.167685
vt 0.009050 0.157696
vt 0.172819 0.124991
vt 0.180761 0.125556
vt 0.009133 0.187617
vt 0.171341 0.203979
vt 0.179417 0.204045
vt 0.171486 0.174207
vt 0.179391 0.174220
vt 0.009157 0.177739
vt 0.171436 0.193847
vt 0.179436 0.193869
vt 0.171467 0.184096
vt 0.179420 0.184097
vt 0.008375 0.227601
vt 0.009058 0.147803
vt 0.093675 0.176823
vt 0.086521 0.181605
vt 0.084818 0.176317
vt 0.092477 0.172434
vt 0.100655 0.172697
vt 0.099454 0.168312
vt 0.106664 0.163536
vt 0.108363 0.168829
vt 0.065413 0.229582
vt 0.072367 0.224410
vt 0.088041 0.224392
vt 0.085168 0.230295
vt 0.118415 0.231534
vt 0.116096 0.225298
vt 0.085619 0.215665
vt 0.102214 0.221071
vt 0.095176 0.221520
vt 0.092047 0.211540
vt 0.098582 0.207415
vt 0.109212 0.221964
vt 0.105195 0.203276
vt 0.111651 0.199208
vt 0.118249 0.194988
vt 0.070129 0.118627
vt 0.072420 0.124818
vt 0.059761 0.125732
vt 0.060036 0.118154
vt 0.100563 0.126090
vt 0.103546 0.120411
vt 0.122756 0.121567
vt 0.116772 0.125991
vt 0.103656 0.134568
vt 0.093415 0.128838
vt 0.097238 0.138645
vt 0.086367 0.129220
vt 0.090742 0.142748
vt 0.079348 0.128246
vt 0.084167 0.146907
vt 0.077772 0.151056
vt 0.071209 0.155387
vt 0.064968 0.159477
vt 0.059516 0.135684
vt 0.059297 0.144443
vt 0.059351 0.163121
vt 0.059078 0.154235
vt 0.124779 0.179422
vt 0.125124 0.182173
vt 0.057488 0.166751
vt 0.056784 0.154252
vt 0.169212 0.174197
vt 0.169261 0.164539
vt 0.116688 0.184614
vt 0.117048 0.187244
vt 0.049524 0.165964
vt 0.051870 0.165845
vt 0.031907 0.120348
vt 0.033732 0.119359
vt 0.149916 0.211767
vt 0.149547 0.213601
vt 0.169902 0.135232
vt 0.170517 0.124828
vt 0.108395 0.190065
vt 0.108751 0.192661
vt 0.147351 0.221193
vt 0.147693 0.219371
vt 0.169537 0.145012
vt 0.039374 0.117260
vt 0.041567 0.117351
vt 0.145769 0.218812
vt 0.144103 0.219982
vt 0.169339 0.155056
vt 0.091678 0.208871
vt 0.098228 0.204765
vt 0.061878 0.229455
vt 0.071872 0.221725
vt 0.169183 0.184090
vt 0.085224 0.212977
vt 0.151148 0.214793
vt 0.152667 0.213605
vt 0.169144 0.193833
vt 0.026510 0.177678
vt 0.026514 0.167697
vt 0.049691 0.128377
vt 0.049938 0.117705
vt 0.052299 0.117808
vt 0.052016 0.128435
vt 0.104992 0.181037
vt 0.112018 0.175682
vt 0.163942 0.124363
vt 0.163351 0.134936
vt 0.162861 0.164496
vt 0.162896 0.154986
vt 0.163038 0.144848
vt 0.088175 0.164149
vt 0.081178 0.169478
vt 0.079015 0.160872
vt 0.097759 0.185321
vt 0.089692 0.188657
vt 0.026244 0.217596
vt 0.025963 0.228205
vt 0.026395 0.208075
vt 0.026547 0.198123
vt 0.026596 0.187621
vt 0.043283 0.130007
vt 0.049550 0.141212
vt 0.034578 0.136428
vt 0.037391 0.138313
vt 0.026968 0.137614
vt 0.049289 0.152956
vt 0.040055 0.128725
vt 0.027513 0.116784
vt 0.031050 0.116923
vt 0.027203 0.127449
vt 0.147509 0.229595
vt 0.146146 0.232601
vt 0.162341 0.213538
vt 0.162505 0.203836
vt 0.162696 0.193783
vt 0.039725 0.130513
vt 0.041699 0.131112
vt 0.040405 0.132076
vt 0.037749 0.136522
vt 0.036083 0.135270
vt 0.037596 0.134178
vt 0.039075 0.133085
vt 0.033122 0.117006
vt 0.034675 0.117068
vt 0.036142 0.117128
vt 0.037736 0.117193
vt 0.096168 0.223969
vt 0.102119 0.223624
vt 0.101805 0.230909
vt 0.094791 0.230649
vt 0.108036 0.224341
vt 0.113758 0.227011
vt 0.115723 0.231432
vt 0.108825 0.231172
vt 0.090248 0.226275
vt 0.087887 0.230395
vt 0.086489 0.126716
vt 0.080653 0.125942
vt 0.079945 0.119121
vt 0.086900 0.119485
vt 0.098210 0.124293
vt 0.092353 0.126449
vt 0.093823 0.119861
vt 0.100638 0.120244
vt 0.074984 0.123246
vt 0.073053 0.118771
vt 0.164975 0.193803
vt 0.169030 0.203950
vt 0.164813 0.203882
vt 0.168896 0.213665
vt 0.164661 0.213584
vt 0.024407 0.167686
vt 0.024406 0.177691
vt 0.025359 0.116699
vt 0.025042 0.127397
vt 0.024810 0.137563
vt 0.057471 0.125655
vt 0.057744 0.118051
vt 0.051565 0.152960
vt 0.057032 0.144387
vt 0.051828 0.141252
vt 0.057235 0.135621
vt 0.095671 0.161803
vt 0.098076 0.167078
vt 0.092142 0.170563
vt 0.089628 0.165378
vt 0.086172 0.173861
vt 0.084125 0.169296
vt 0.103572 0.179792
vt 0.101023 0.174545
vt 0.107073 0.171226
vt 0.109133 0.175829
vt 0.097448 0.183400
vt 0.095025 0.178067
vt 0.091136 0.186356
vt 0.089376 0.181638
vt 0.147024 0.217872
vt 0.149709 0.215845
vt 0.148299 0.216898
vt 0.152980 0.232868
vt 0.151338 0.232804
vt 0.149568 0.232735
vt 0.148859 0.230588
vt 0.147772 0.232665
vt 0.104129 0.136881
vt 0.117336 0.128283
vt 0.078259 0.153315
vt 0.084631 0.149172
vt 0.078515 0.158614
vt 0.065447 0.161773
vt 0.125880 0.121758
vt 0.091194 0.145028
vt 0.071702 0.157644
vt 0.097696 0.140945
vt 0.024402 0.198101
vt 0.024257 0.208035
vt 0.165347 0.144902
vt 0.165681 0.135038
vt 0.024099 0.217551
vt 0.023811 0.228131
vt 0.024464 0.187633
vt 0.166282 0.124528
vt 0.165127 0.164510
vt 0.165181 0.155007
vt 0.111290 0.196597
vt 0.104843 0.200646
vt 0.117887 0.192387
vt 0.101961 0.158795
vt 0.103724 0.163528
vt 0.139218 0.054547
vt 0.140641 0.057687
vt 0.133153 0.053043
vt 0.133847 0.050290
vt 0.187927 0.026589
vt 0.185644 0.026064
vt 0.188011 0.016270
vt 0.190269 0.016816
vt 0.029166 0.085452
vt 0.027015 0.085335
vt 0.027580 0.075503
vt 0.029710 0.075643
vt 0.145511 0.072526
vt 0.144178 0.069097
vt 0.146706 0.056379
vt 0.148715 0.058873
vt 0.181649 0.014693
vt 0.183905 0.015266
vt 0.181441 0.025079
vt 0.179123 0.024530
vt 0.021079 0.063907
vt 0.023209 0.064055
vt 0.022440 0.075160
vt 0.020304 0.075018
vt 0.024479 0.002720
vt 0.026682 0.002818
vt 0.026206 0.013308
vt 0.024005 0.013206
vt 0.018482 0.105614
vt 0.020652 0.105724
vt 0.140692 0.045562
vt 0.142722 0.047954
vt 0.162288 0.032282
vt 0.160725 0.030950
vt 0.162046 0.029649
vt 0.163007 0.030549
vt 0.019042 0.095400
vt 0.021207 0.095523
vt 0.038387 0.113028
vt 0.040278 0.114395
vt 0.038504 0.115244
vt 0.037407 0.114551
vt 0.019674 0.084906
vt 0.021825 0.085037
vt 0.167883 0.026083
vt 0.168862 0.028536
vt 0.166808 0.028266
vt 0.166146 0.026858
vt 0.034370 0.112570
vt 0.036459 0.112512
vt 0.036294 0.114295
vt 0.035113 0.114273
vt 0.021814 0.053747
vt 0.023951 0.053896
vt 0.022474 0.043680
vt 0.024637 0.043815
vt 0.165018 0.023275
vt 0.166592 0.024308
vt 0.165291 0.025757
vt 0.164331 0.025083
vt 0.023052 0.033102
vt 0.025235 0.033217
vt 0.154736 0.020433
vt 0.152624 0.017911
vt 0.153907 0.008886
vt 0.156350 0.009219
vt 0.040942 0.096590
vt 0.042599 0.097717
vt 0.041475 0.099065
vt 0.040418 0.098285
vt 0.106390 0.095385
vt 0.105664 0.097669
vt 0.097921 0.091556
vt 0.098619 0.089301
vt 0.159771 0.029394
vt 0.159033 0.027373
vt 0.160951 0.027341
vt 0.161460 0.028612
vt 0.023550 0.022985
vt 0.025744 0.023091
vt 0.148762 0.043335
vt 0.150768 0.045728
vt 0.128182 0.117043
vt 0.129119 0.114796
vt 0.150528 0.031284
vt 0.152562 0.033723
vt 0.036290 0.103248
vt 0.035009 0.101029
vt 0.036957 0.101001
vt 0.037782 0.102294
vt 0.113214 0.103847
vt 0.113988 0.101594
vt 0.092342 0.029872
vt 0.092962 0.027030
vt 0.101244 0.033477
vt 0.100586 0.036284
vt 0.174076 0.015701
vt 0.171540 0.016350
vt 0.171287 0.014399
vt 0.172962 0.014148
vt 0.099898 0.079788
vt 0.107747 0.084308
vt 0.058092 0.004054
vt 0.061715 0.003478
vt 0.067507 0.007988
vt 0.066897 0.010836
vt 0.145792 0.007715
vt 0.148256 0.008071
vt 0.146782 0.018319
vt 0.144635 0.015828
vt 0.090094 0.085426
vt 0.090799 0.083205
vt 0.169178 0.016060
vt 0.167071 0.015172
vt 0.168182 0.013553
vt 0.169674 0.014126
vt 0.084611 0.020768
vt 0.083995 0.023602
vt 0.141974 0.035441
vt 0.144043 0.037811
vt 0.039331 0.105505
vt 0.037738 0.104739
vt 0.038757 0.103256
vt 0.039769 0.103789
vt 0.067130 0.063162
vt 0.066428 0.065631
vt 0.057481 0.058468
vt 0.056047 0.055392
vt 0.176354 0.012879
vt 0.174769 0.011984
vt 0.143176 0.026298
vt 0.145283 0.028734
vt 0.043681 0.099119
vt 0.044576 0.100991
vt 0.042799 0.101224
vt 0.042169 0.100026
vt 0.075266 0.069566
vt 0.074637 0.072727
vt 0.109586 0.039988
vt 0.108917 0.042731
vt 0.171713 0.063649
vt 0.174001 0.064030
vt 0.172404 0.073943
vt 0.170121 0.073597
vt 0.177202 0.085562
vt 0.185006 0.086698
vt 0.183707 0.096002
vt 0.175897 0.094981
vt 0.010110 0.105188
vt 0.010705 0.094912
vt 0.182522 0.105823
vt 0.174673 0.104945
vt 0.015136 0.022600
vt 0.015561 0.012830
vt 0.198097 0.018670
vt 0.195821 0.028380
vt 0.181568 0.115375
vt 0.173667 0.114650
vt 0.014694 0.032690
vt 0.193820 0.037484
vt 0.185906 0.035814
vt 0.012085 0.074449
vt 0.012895 0.063336
vt 0.014197 0.043198
vt 0.191885 0.046941
vt 0.183977 0.045395
vt 0.178815 0.074935
vt 0.186643 0.076183
vt 0.013609 0.053202
vt 0.189994 0.056873
vt 0.182115 0.055432
vt 0.188280 0.066459
vt 0.180424 0.065110
vt 0.016020 0.002349
vt 0.011394 0.084374
vt 0.099820 0.061246
vt 0.098150 0.065811
vt 0.090594 0.060738
vt 0.092890 0.055428
vt 0.106878 0.067109
vt 0.105127 0.071612
vt 0.114360 0.071170
vt 0.111850 0.077453
vt 0.073647 0.003167
vt 0.095441 0.003767
vt 0.098567 0.009959
vt 0.081530 0.009150
vt 0.134299 0.006198
vt 0.130313 0.012207
vt 0.095319 0.019260
vt 0.114157 0.014848
vt 0.108525 0.029421
vt 0.101906 0.024271
vt 0.106302 0.013623
vt 0.122133 0.014748
vt 0.115136 0.034673
vt 0.121491 0.039868
vt 0.127886 0.045252
vt 0.060453 0.110567
vt 0.073026 0.112679
vt 0.101230 0.114415
vt 0.117349 0.116443
vt 0.105287 0.106307
vt 0.094406 0.110872
vt 0.099324 0.101482
vt 0.087408 0.109726
vt 0.093248 0.096627
vt 0.080293 0.109961
vt 0.087061 0.091716
vt 0.081020 0.086848
vt 0.074801 0.081782
vt 0.068847 0.076920
vt 0.061113 0.100570
vt 0.061697 0.091724
vt 0.062372 0.081762
vt 0.063358 0.072475
vt 0.132479 0.062355
vt 0.133223 0.059580
vt 0.060142 0.080515
vt 0.061771 0.067820
vt 0.174947 0.085236
vt 0.176552 0.074581
vt 0.124824 0.055900
vt 0.125552 0.053208
vt 0.056012 0.068307
vt 0.053638 0.068001
vt 0.032176 0.113575
vt 0.033918 0.114709
vt 0.164054 0.033068
vt 0.164041 0.031108
vt 0.171375 0.114436
vt 0.116849 0.049112
vt 0.117556 0.046419
vt 0.163299 0.022676
vt 0.163293 0.024686
vt 0.172398 0.104686
vt 0.159639 0.023328
vt 0.161150 0.024889
vt 0.173637 0.094684
vt 0.107841 0.032232
vt 0.101247 0.027114
vt 0.080930 0.011993
vt 0.070267 0.003804
vt 0.178153 0.064726
vt 0.094697 0.022116
vt 0.167254 0.031754
vt 0.165942 0.030210
vt 0.179838 0.055023
vt 0.031181 0.054428
vt 0.030473 0.064536
vt 0.050612 0.107026
vt 0.052946 0.107170
vt 0.112168 0.058194
vt 0.118850 0.064602
vt 0.164841 0.113806
vt 0.168550 0.084321
vt 0.167218 0.093827
vt 0.165925 0.103928
vt 0.092983 0.074560
vt 0.086348 0.068432
vt 0.083308 0.077008
vt 0.105091 0.052820
vt 0.096988 0.048380
vt 0.033636 0.013655
vt 0.034124 0.003151
vt 0.033156 0.023457
vt 0.032617 0.033624
vt 0.031964 0.044333
vt 0.051584 0.094126
vt 0.044338 0.104849
vt 0.036133 0.097699
vt 0.028591 0.095916
vt 0.039109 0.096025
vt 0.052317 0.082245
vt 0.040999 0.105865
vt 0.028038 0.106111
vt 0.165123 0.013455
vt 0.163845 0.010527
vt 0.177077 0.033981
vt 0.175176 0.043735
vt 0.173379 0.053875
vt 0.041627 0.102537
vt 0.042843 0.103610
vt 0.040817 0.104047
vt 0.038982 0.100198
vt 0.037551 0.098980
vt 0.039325 0.097856
vt 0.040376 0.101415
vt 0.107621 0.010955
vt 0.106541 0.003925
vt 0.114768 0.004280
vt 0.114343 0.011960
vt 0.121162 0.011902
vt 0.123044 0.004880
vt 0.131217 0.005858
vt 0.128095 0.009841
vt 0.101059 0.007945
vt 0.098476 0.003842
vt 0.087262 0.112240
vt 0.081357 0.112397
vt 0.098681 0.115941
vt 0.093083 0.113140
vt 0.075425 0.114507
vt 0.175671 0.054279
vt 0.177491 0.044163
vt 0.181689 0.044956
vt 0.179403 0.034460
vt 0.183613 0.035334
vt 0.028341 0.064395
vt 0.029048 0.054268
vt 0.025873 0.105996
vt 0.026424 0.095802
vt 0.058155 0.110436
vt 0.059408 0.091577
vt 0.054625 0.082425
vt 0.058816 0.100425
vt 0.053882 0.094282
vt 0.100426 0.077834
vt 0.094614 0.073450
vt 0.097815 0.068333
vt 0.103547 0.072708
vt 0.089289 0.068830
vt 0.091820 0.064062
vt 0.110531 0.059330
vt 0.115883 0.064125
vt 0.113241 0.068671
vt 0.107219 0.064563
vt 0.101375 0.060109
vt 0.104538 0.054803
vt 0.095882 0.055713
vt 0.098248 0.050967
vt 0.162279 0.026131
vt 0.164672 0.028813
vt 0.163418 0.027417
vt 0.172585 0.011154
vt 0.168013 0.010278
vt 0.170414 0.010630
vt 0.166758 0.012453
vt 0.165610 0.010152
vt 0.106032 0.104047
vt 0.118189 0.114229
vt 0.081748 0.084609
vt 0.082562 0.079250
vt 0.087771 0.089474
vt 0.069452 0.073776
vt 0.093956 0.094377
vt 0.075543 0.079540
vt 0.100046 0.099224
vt 0.030962 0.023347
vt 0.030428 0.033502
vt 0.167165 0.114032
vt 0.168225 0.104201
vt 0.031923 0.003051
vt 0.031438 0.013551
vt 0.029794 0.044175
vt 0.169497 0.094133
vt 0.170820 0.084645
vt 0.120757 0.042592
vt 0.114428 0.037443
vt 0.127139 0.047938
vt 0.106484 0.081681
vt 0.108864 0.077086
vt 0.126726 0.275966
vt 0.128306 0.278871
vt 0.120879 0.274935
vt 0.121367 0.272291
vt 0.170225 0.243985
vt 0.167892 0.243860
vt 0.021374 0.308106
vt 0.019244 0.308017
vt 0.019694 0.298297
vt 0.021795 0.298415
vt 0.134008 0.292860
vt 0.132484 0.289621
vt 0.134022 0.277180
vt 0.136151 0.279421
vt 0.163655 0.243632
vt 0.161339 0.243507
vt 0.013142 0.287954
vt 0.015243 0.288093
vt 0.014618 0.298002
vt 0.012505 0.297877
vt 0.018276 0.238469
vt 0.016140 0.238373
vt 0.011074 0.328248
vt 0.013232 0.328319
vt 0.012952 0.339036
vt 0.010793 0.338998
vt 0.127461 0.267373
vt 0.129552 0.269472
vt 0.146529 0.253091
vt 0.144927 0.251995
vt 0.146030 0.250644
vt 0.147024 0.251384
vt 0.011472 0.318094
vt 0.013623 0.318185
vt 0.030949 0.335212
vt 0.032848 0.336523
vt 0.031112 0.337402
vt 0.030012 0.336740
vt 0.011971 0.307675
vt 0.014104 0.307781
vt 0.151044 0.246666
vt 0.152269 0.248810
vt 0.150318 0.248816
vt 0.149535 0.247591
vt 0.026964 0.334845
vt 0.029030 0.334744
vt 0.028905 0.336512
vt 0.027736 0.336515
vt 0.013852 0.277938
vt 0.015954 0.278085
vt 0.014522 0.268047
vt 0.016640 0.268186
vt 0.148090 0.244435
vt 0.149643 0.245199
vt 0.148617 0.246674
vt 0.147658 0.246162
vt 0.015139 0.257700
vt 0.017270 0.257822
vt 0.138464 0.242884
vt 0.136300 0.240743
vt 0.033141 0.318942
vt 0.034791 0.320020
vt 0.033711 0.321368
vt 0.032655 0.320619
vt 0.097105 0.315890
vt 0.096490 0.318148
vt 0.088704 0.312498
vt 0.089297 0.310280
vt 0.143884 0.250636
vt 0.142997 0.248832
vt 0.144771 0.248608
vt 0.145376 0.249737
vt 0.015670 0.247846
vt 0.017803 0.247954
vt 0.134853 0.264642
vt 0.136946 0.266721
vt 0.127563 0.341105
vt 0.124788 0.341054
vt 0.119400 0.336172
vt 0.120218 0.333921
vt 0.135485 0.253259
vt 0.137573 0.255338
vt 0.028676 0.325592
vt 0.027367 0.323422
vt 0.029292 0.323359
vt 0.030131 0.324621
vt 0.104130 0.323870
vt 0.104791 0.321631
vt 0.081807 0.254812
vt 0.082364 0.252140
vt 0.090214 0.258016
vt 0.089671 0.260648
vt 0.155208 0.236507
vt 0.153042 0.237536
vt 0.152509 0.235932
vt 0.153829 0.235421
vt 0.090168 0.301034
vt 0.097934 0.305062
vt 0.059006 0.233528
vt 0.058264 0.236204
vt 0.130962 0.241622
vt 0.128781 0.239520
vt 0.080889 0.306820
vt 0.081501 0.304643
vt 0.150980 0.237610
vt 0.149094 0.237070
vt 0.149904 0.235621
vt 0.151166 0.235927
vt 0.074532 0.246207
vt 0.073900 0.248871
vt 0.127895 0.257822
vt 0.130003 0.259865
vt 0.031723 0.327760
vt 0.030135 0.327036
vt 0.031112 0.325551
vt 0.032121 0.326057
vt 0.058233 0.286879
vt 0.057612 0.289294
vt 0.048798 0.282448
vt 0.047369 0.279477
vt 0.128294 0.249270
vt 0.130433 0.251345
vt 0.035883 0.321379
vt 0.036801 0.323203
vt 0.035056 0.323468
vt 0.034412 0.322301
vt 0.066234 0.292756
vt 0.065585 0.294997
vt 0.098168 0.263819
vt 0.097640 0.266399
vt 0.158866 0.282244
vt 0.161138 0.282420
vt 0.160383 0.292281
vt 0.158117 0.292117
vt 0.166025 0.302371
vt 0.173852 0.302978
vt 0.173141 0.312329
vt 0.165315 0.311787
vt 0.002736 0.327962
vt 0.003179 0.317720
vt 0.172532 0.322177
vt 0.164675 0.321749
vt 0.007509 0.247435
vt 0.007968 0.238012
vt 0.178391 0.244435
vt 0.002428 0.338849
vt 0.172111 0.331741
vt 0.164211 0.331449
vt 0.006988 0.257244
vt 0.177782 0.253924
vt 0.169664 0.253398
vt 0.004360 0.297365
vt 0.005052 0.287408
vt 0.171850 0.341924
vt 0.163916 0.341777
vt 0.006406 0.267532
vt 0.177068 0.263673
vt 0.169014 0.263100
vt 0.166777 0.292765
vt 0.174648 0.293398
vt 0.005771 0.277385
vt 0.176280 0.273819
vt 0.168305 0.273203
vt 0.175480 0.283557
vt 0.167557 0.282918
vt 0.003748 0.307229
vt 0.089722 0.284109
vt 0.088213 0.288373
vt 0.080902 0.283967
vt 0.082972 0.278843
vt 0.096339 0.288714
vt 0.094823 0.292970
vt 0.103688 0.293123
vt 0.101605 0.298236
vt 0.087601 0.236391
vt 0.071977 0.235239
vt 0.115632 0.237574
vt 0.084548 0.244910
vt 0.101481 0.240747
vt 0.096848 0.254076
vt 0.090647 0.249488
vt 0.094501 0.239778
vt 0.108522 0.240380
vt 0.103119 0.258684
vt 0.109236 0.263214
vt 0.115476 0.267907
vt 0.062382 0.339920
vt 0.052439 0.339741
vt 0.052647 0.332262
vt 0.065045 0.333986
vt 0.092801 0.334716
vt 0.108721 0.336050
vt 0.114257 0.340861
vt 0.095308 0.340515
vt 0.096468 0.326609
vt 0.085974 0.331494
vt 0.090447 0.322120
vt 0.079069 0.330617
vt 0.084340 0.317604
vt 0.072096 0.331085
vt 0.078147 0.313029
vt 0.072120 0.308477
vt 0.065930 0.303736
vt 0.060032 0.299256
vt 0.053050 0.322427
vt 0.053410 0.313755
vt 0.053846 0.304048
vt 0.054715 0.295260
vt 0.120776 0.283867
vt 0.121331 0.281162
vt 0.051574 0.303878
vt 0.053113 0.291533
vt 0.163772 0.302200
vt 0.164514 0.292590
vt 0.113140 0.278095
vt 0.113697 0.275510
vt 0.047477 0.292051
vt 0.045157 0.291774
vt 0.024812 0.335886
vt 0.026562 0.336972
vt 0.148280 0.253654
vt 0.148056 0.251799
vt 0.161618 0.341735
vt 0.161921 0.331359
vt 0.105313 0.272056
vt 0.105862 0.269503
vt 0.146461 0.244065
vt 0.146660 0.245907
vt 0.162402 0.321619
vt 0.034188 0.339415
vt 0.032019 0.339376
vt 0.143130 0.245020
vt 0.144699 0.246315
vt 0.163057 0.311628
vt 0.096299 0.256686
vt 0.090084 0.252118
vt 0.071289 0.237880
vt 0.165283 0.282741
vt 0.083959 0.247558
vt 0.151164 0.252039
vt 0.149744 0.250737
vt 0.166021 0.273035
vt 0.023056 0.278598
vt 0.022400 0.288532
vt 0.042878 0.329016
vt 0.045179 0.329105
vt 0.044799 0.339604
vt 0.042467 0.339563
vt 0.101261 0.280766
vt 0.107830 0.286606
vt 0.155398 0.331084
vt 0.155061 0.341613
vt 0.157411 0.301717
vt 0.156653 0.311155
vt 0.155938 0.321227
vt 0.083348 0.296267
vt 0.076802 0.290485
vt 0.074043 0.298854
vt 0.094399 0.275976
vt 0.086633 0.272071
vt 0.025513 0.238807
vt 0.025008 0.248312
vt 0.024477 0.258242
vt 0.023808 0.268704
vt 0.043555 0.316318
vt 0.036647 0.327008
vt 0.028422 0.320114
vt 0.020944 0.318469
vt 0.031329 0.318418
vt 0.044057 0.304666
vt 0.033376 0.328080
vt 0.020255 0.339166
vt 0.020565 0.328574
vt 0.023767 0.339229
vt 0.147272 0.235704
vt 0.160798 0.252865
vt 0.160198 0.262546
vt 0.159596 0.272573
vt 0.033928 0.324785
vt 0.035148 0.325818
vt 0.033159 0.326291
vt 0.031275 0.322530
vt 0.029843 0.321355
vt 0.031572 0.320217
vt 0.032673 0.323704
vt 0.027363 0.339293
vt 0.025823 0.339266
vt 0.030396 0.339347
vt 0.028817 0.339319
vt 0.095671 0.237411
vt 0.101576 0.238196
vt 0.107527 0.237923
vt 0.113430 0.235691
vt 0.089940 0.234676
vt 0.079013 0.333088
vt 0.078907 0.340218
vt 0.072054 0.340094
vt 0.073220 0.333441
vt 0.090357 0.336310
vt 0.092442 0.340463
vt 0.085728 0.340341
vt 0.084758 0.333767
vt 0.065263 0.339972
vt 0.067460 0.335705
vt 0.161866 0.272734
vt 0.162501 0.262682
vt 0.166708 0.262946
vt 0.163113 0.253002
vt 0.167340 0.253254
vt 0.020302 0.288404
vt 0.020962 0.278445
vt 0.018417 0.328498
vt 0.018115 0.339128
vt 0.018797 0.318387
vt 0.050384 0.332192
vt 0.050177 0.339701
vt 0.051166 0.313661
vt 0.046314 0.304812
vt 0.050793 0.322341
vt 0.045812 0.316425
vt 0.090598 0.299135
vt 0.084876 0.295156
vt 0.087744 0.290203
vt 0.093367 0.294091
vt 0.079709 0.290877
vt 0.082067 0.286501
vt 0.099758 0.281895
vt 0.104979 0.286244
vt 0.102590 0.290652
vt 0.096840 0.286910
vt 0.091151 0.282974
vt 0.093948 0.277860
vt 0.085808 0.279018
vt 0.087900 0.274463
vt 0.145876 0.247349
vt 0.148393 0.249577
vt 0.147070 0.248418
vt 0.148694 0.234819
vt 0.097107 0.324367
vt 0.109452 0.333839
vt 0.072760 0.306278
vt 0.073388 0.301053
vt 0.078766 0.310824
vt 0.060664 0.297014
vt 0.117344 0.340918
vt 0.084950 0.315386
vt 0.066575 0.301535
vt 0.091067 0.319887
vt 0.022875 0.248204
vt 0.022338 0.258117
vt 0.157718 0.331185
vt 0.158234 0.321370
vt 0.023371 0.238704
vt 0.021686 0.268548
vt 0.157394 0.341657
vt 0.158924 0.311327
vt 0.159663 0.301888
vt 0.108680 0.265783
vt 0.102574 0.261274
vt 0.114920 0.270465
vt 0.096599 0.302576
vt 0.098695 0.298025
vt 0.124328 0.406146
vt 0.118841 0.409617
vt 0.118452 0.406958
vt 0.126013 0.403303
vt 0.166559 0.439721
vt 0.166647 0.450151
vt 0.164311 0.450152
vt 0.164224 0.439756
vt 0.020268 0.370245
vt 0.020345 0.379943
vt 0.018242 0.379987
vt 0.018137 0.370258
vt 0.132227 0.389544
vt 0.133868 0.403046
vt 0.131659 0.405205
vt 0.130584 0.392722
vt 0.157769 0.450155
vt 0.157666 0.439858
vt 0.159984 0.439821
vt 0.160082 0.450154
vt 0.011329 0.390090
vt 0.011043 0.380153
vt 0.013159 0.380102
vt 0.013433 0.390025
vt 0.012665 0.450220
vt 0.012601 0.439727
vt 0.014737 0.439704
vt 0.014804 0.450219
vt 0.010691 0.349751
vt 0.012850 0.349756
vt 0.124741 0.414752
vt 0.126907 0.412735
vt 0.143242 0.429724
vt 0.143672 0.431447
vt 0.142652 0.432149
vt 0.141601 0.430758
vt 0.010728 0.359912
vt 0.012880 0.359898
vt 0.030801 0.343499
vt 0.029920 0.341939
vt 0.031042 0.341317
vt 0.032746 0.342257
vt 0.010857 0.370342
vt 0.012992 0.370312
vt 0.147507 0.436311
vt 0.146035 0.435329
vt 0.146864 0.434136
vt 0.148812 0.434216
vt 0.026806 0.343724
vt 0.027636 0.342082
vt 0.028805 0.342128
vt 0.028867 0.343899
vt 0.011686 0.400123
vt 0.013792 0.400050
vt 0.012009 0.410029
vt 0.014131 0.409963
vt 0.144472 0.438426
vt 0.144107 0.436685
vt 0.145083 0.436210
vt 0.146052 0.437722
vt 0.012266 0.420386
vt 0.014399 0.420338
vt 0.134807 0.439608
vt 0.134918 0.450165
vt 0.132624 0.450166
vt 0.132566 0.441662
vt 0.032412 0.359836
vt 0.031986 0.358142
vt 0.033067 0.357432
vt 0.034099 0.358817
vt 0.096208 0.365186
vt 0.088204 0.370507
vt 0.087692 0.368269
vt 0.095676 0.362908
vt 0.140510 0.432076
vt 0.141965 0.433030
vt 0.141318 0.434133
vt 0.139555 0.433843
vt 0.012457 0.430249
vt 0.014591 0.430214
vt 0.134187 0.415757
vt 0.132019 0.417755
vt 0.119960 0.348015
vt 0.119224 0.345735
vt 0.134385 0.427145
vt 0.132224 0.429141
vt 0.028187 0.353032
vt 0.029606 0.354054
vt 0.028723 0.355285
vt 0.026801 0.355154
vt 0.104096 0.359731
vt 0.103517 0.357469
vt 0.078719 0.425616
vt 0.086778 0.420077
vt 0.087224 0.422723
vt 0.079178 0.428302
vt 0.151275 0.446612
vt 0.149857 0.447643
vt 0.148558 0.447082
vt 0.149152 0.445501
vt 0.088738 0.379774
vt 0.096641 0.376033
vt 0.046468 0.450205
vt 0.054571 0.443342
vt 0.055218 0.446037
vt 0.050153 0.450203
vt 0.125045 0.450170
vt 0.125017 0.442598
vt 0.127273 0.440584
vt 0.127336 0.450168
vt 0.080212 0.375855
vt 0.079680 0.373658
vt 0.147097 0.445348
vt 0.147218 0.447036
vt 0.145947 0.447293
vt 0.145193 0.445815
vt 0.070617 0.431261
vt 0.071152 0.433941
vt 0.124818 0.424302
vt 0.126999 0.422342
vt 0.031309 0.350974
vt 0.031645 0.352689
vt 0.030620 0.353159
vt 0.029696 0.351641
vt 0.056335 0.392761
vt 0.045222 0.399766
vt 0.046754 0.396850
vt 0.055801 0.390326
vt 0.152276 0.450157
vt 0.150685 0.450158
vt 0.124898 0.432852
vt 0.127110 0.430861
vt 0.035238 0.357498
vt 0.033801 0.356524
vt 0.034486 0.355381
vt 0.036220 0.355709
vt 0.064535 0.387177
vt 0.063967 0.384916
vt 0.094940 0.414626
vt 0.095373 0.417221
vt 0.156661 0.401073
vt 0.156281 0.391183
vt 0.158552 0.391103
vt 0.158937 0.400983
vt 0.164563 0.381232
vt 0.164204 0.371797
vt 0.172044 0.371545
vt 0.172407 0.380916
vt 0.002427 0.359992
vt 0.002349 0.349741
vt 0.163933 0.361820
vt 0.171800 0.361683
vt 0.004426 0.439809
vt 0.004289 0.430378
vt 0.174735 0.439586
vt 0.174853 0.450147
vt 0.163828 0.352110
vt 0.171734 0.352110
vt 0.004107 0.420560
vt 0.166359 0.430296
vt 0.174490 0.430080
vt 0.003226 0.390351
vt 0.002886 0.380376
vt 0.003883 0.410261
vt 0.166078 0.420579
vt 0.174147 0.420313
vt 0.164957 0.390858
vt 0.172846 0.390519
vt 0.003592 0.400392
vt 0.165752 0.410460
vt 0.173743 0.410145
vt 0.165369 0.400725
vt 0.173310 0.400384
vt 0.004479 0.450223
vt 0.002623 0.370496
vt 0.087679 0.396659
vt 0.080749 0.401673
vt 0.078867 0.396482
vt 0.086326 0.392347
vt 0.094453 0.392301
vt 0.093095 0.387996
vt 0.100059 0.382984
vt 0.101953 0.388167
vt 0.061468 0.450198
vt 0.068213 0.444790
vt 0.083834 0.444199
vt 0.081188 0.450189
vt 0.114380 0.450174
vt 0.111830 0.444047
vt 0.081097 0.435594
vt 0.097834 0.440360
vt 0.090838 0.441072
vt 0.087347 0.431247
vt 0.093701 0.426895
vt 0.104842 0.440985
vt 0.100126 0.422526
vt 0.106397 0.418230
vt 0.112799 0.413776
vt 0.064829 0.345945
vt 0.052379 0.347223
vt 0.092592 0.346220
vt 0.108549 0.345467
vt 0.095962 0.354454
vt 0.085653 0.349191
vt 0.089783 0.358720
vt 0.078722 0.349818
vt 0.083517 0.363011
vt 0.071771 0.349098
vt 0.077165 0.367357
vt 0.070980 0.371686
vt 0.064626 0.376199
vt 0.058574 0.380463
vt 0.052429 0.357065
vt 0.052478 0.365742
vt 0.053121 0.384264
vt 0.052566 0.375455
vt 0.118678 0.398036
vt 0.119132 0.400758
vt 0.051387 0.387930
vt 0.050290 0.375544
vt 0.162690 0.390949
vt 0.162307 0.381320
vt 0.110840 0.403519
vt 0.111302 0.406119
vt 0.043449 0.387405
vt 0.045777 0.387212
vt 0.024693 0.342607
vt 0.026480 0.341584
vt 0.145012 0.429228
vt 0.144718 0.431072
vt 0.161537 0.352114
vt 0.102806 0.409260
vt 0.103260 0.411829
vt 0.142832 0.438732
vt 0.143101 0.436901
vt 0.161657 0.361865
vt 0.141159 0.436420
vt 0.139544 0.437653
vt 0.161942 0.371873
vt 0.086881 0.428603
vt 0.093248 0.424271
vt 0.057939 0.450199
vt 0.067622 0.442132
vt 0.163090 0.400817
vt 0.080605 0.432930
vt 0.146363 0.432196
vt 0.147831 0.430950
vt 0.163464 0.410542
vt 0.020905 0.399787
vt 0.020600 0.389839
vt 0.042501 0.350116
vt 0.044803 0.350110
vt 0.099078 0.400417
vt 0.105850 0.394827
vt 0.155009 0.352148
vt 0.155933 0.381566
vt 0.155525 0.372108
vt 0.155183 0.362018
vt 0.081754 0.384288
vt 0.075008 0.389826
vt 0.072554 0.381368
vt 0.092053 0.404949
vt 0.084159 0.408565
vt 0.021977 0.439613
vt 0.022065 0.450216
vt 0.021799 0.430105
vt 0.021612 0.420170
vt 0.021309 0.409696
vt 0.036203 0.351900
vt 0.042724 0.362829
vt 0.027738 0.358496
vt 0.030582 0.360295
vt 0.020207 0.359875
vt 0.042809 0.374488
vt 0.032973 0.350713
vt 0.020188 0.349763
vt 0.143322 0.447109
vt 0.142081 0.450162
vt 0.157482 0.430491
vt 0.157250 0.420799
vt 0.157028 0.410761
vt 0.032692 0.352493
vt 0.034663 0.353037
vt 0.033406 0.354025
vt 0.030889 0.358506
vt 0.029202 0.357307
vt 0.030675 0.356184
vt 0.032114 0.355061
vt 0.091918 0.443475
vt 0.097836 0.442908
vt 0.097796 0.450182
vt 0.090795 0.450185
vt 0.103760 0.443399
vt 0.109565 0.445843
vt 0.111692 0.450175
vt 0.104805 0.450179
vt 0.086104 0.445994
vt 0.083903 0.450188
vt 0.078755 0.347347
vt 0.072979 0.346785
vt 0.090207 0.344538
vt 0.084520 0.346877
vt 0.067305 0.344314
vt 0.159302 0.410686
vt 0.163768 0.420646
vt 0.159556 0.420751
vt 0.164032 0.430352
vt 0.159800 0.430443
vt 0.018499 0.389893
vt 0.018808 0.399866
vt 0.018039 0.349762
vt 0.018059 0.359880
vt 0.050115 0.347212
vt 0.045069 0.374423
vt 0.050233 0.365756
vt 0.044983 0.362803
vt 0.050171 0.357070
vt 0.089098 0.381686
vt 0.091681 0.386825
vt 0.085925 0.390503
vt 0.083240 0.385453
vt 0.080121 0.393995
vt 0.077925 0.389539
vt 0.097619 0.399235
vt 0.094888 0.394122
vt 0.100766 0.390594
vt 0.102990 0.395084
vt 0.091672 0.403052
vt 0.089065 0.397844
vt 0.085510 0.406224
vt 0.083586 0.401601
vt 0.142374 0.435433
vt 0.144970 0.433303
vt 0.143606 0.434410
vt 0.148911 0.450159
vt 0.147270 0.450160
vt 0.145501 0.450160
vt 0.144708 0.448046
vt 0.143706 0.450161
vt 0.096518 0.356717
vt 0.109199 0.347703
vt 0.071541 0.373907
vt 0.077704 0.369582
vt 0.071979 0.379148
vt 0.059125 0.382725
vt 0.084047 0.365248
vt 0.065192 0.378421
vt 0.090321 0.360974
vt 0.019472 0.420220
vt 0.019665 0.430139
vt 0.157483 0.361959
vt 0.157330 0.352133
vt 0.019834 0.439643
vt 0.019913 0.450217
vt 0.019183 0.409778
vt 0.158189 0.381478
vt 0.157800 0.372021
vt 0.105937 0.415646
vt 0.099677 0.419921
vt 0.112337 0.411202
vt 0.095217 0.378467
vt 0.097146 0.383090
vt 0.130348 0.712526
vt 0.132156 0.715307
vt 0.124420 0.711953
vt 0.124701 0.709270
vt 0.171238 0.677160
vt 0.168903 0.677220
vt 0.168567 0.666825
vt 0.170902 0.666732
vt 0.027061 0.752391
vt 0.024922 0.752440
vt 0.024738 0.742679
vt 0.026849 0.742658
vt 0.138972 0.728852
vt 0.137189 0.725730
vt 0.137739 0.713164
vt 0.140045 0.715236
vt 0.162026 0.667087
vt 0.164339 0.666995
vt 0.164661 0.677329
vt 0.162342 0.677387
vt 0.017496 0.732771
vt 0.019606 0.732768
vt 0.019639 0.742719
vt 0.017517 0.742732
vt 0.016767 0.672554
vt 0.018907 0.672479
vt 0.019216 0.682998
vt 0.017078 0.683051
vt 0.018016 0.773219
vt 0.020183 0.773158
vt 0.020548 0.783922
vt 0.018380 0.784011
vt 0.130409 0.703878
vt 0.132663 0.705812
vt 0.148329 0.688118
vt 0.146643 0.687150
vt 0.147638 0.685715
vt 0.148689 0.686375
vt 0.017785 0.763026
vt 0.019944 0.762982
vt 0.038401 0.778987
vt 0.040395 0.780188
vt 0.038702 0.781181
vt 0.037554 0.780583
vt 0.017621 0.752568
vt 0.019761 0.752537
vt 0.152326 0.681351
vt 0.153717 0.683393
vt 0.151772 0.683553
vt 0.150894 0.682393
vt 0.034370 0.778866
vt 0.036441 0.778635
vt 0.036425 0.780422
vt 0.035249 0.780498
vt 0.017529 0.722713
vt 0.019640 0.722717
vt 0.017522 0.712786
vt 0.019648 0.712780
vt 0.149204 0.679359
vt 0.150812 0.679998
vt 0.149905 0.681551
vt 0.148909 0.681115
vt 0.017423 0.702411
vt 0.019560 0.702385
vt 0.139482 0.678568
vt 0.137156 0.676602
vt 0.136873 0.668087
vt 0.139168 0.667997
vt 0.039568 0.762490
vt 0.041296 0.763465
vt 0.040298 0.764890
vt 0.039189 0.764206
vt 0.103752 0.754896
vt 0.103306 0.757218
vt 0.095034 0.752118
vt 0.095465 0.749840
vt 0.145496 0.685876
vt 0.144469 0.684146
vt 0.146221 0.683783
vt 0.146914 0.684861
vt 0.017269 0.692537
vt 0.019405 0.692497
vt 0.137583 0.700569
vt 0.139837 0.702482
vt 0.136480 0.777877
vt 0.133680 0.778060
vt 0.127839 0.773587
vt 0.128480 0.771249
vt 0.137321 0.689153
vt 0.139567 0.691064
vt 0.035511 0.769456
vt 0.034059 0.767360
vt 0.035988 0.767174
vt 0.036911 0.768388
vt 0.111451 0.762393
vt 0.111941 0.760084
vt 0.083826 0.694793
vt 0.084185 0.692081
vt 0.092465 0.697370
vt 0.092120 0.700042
vt 0.155676 0.670893
vt 0.153598 0.672090
vt 0.152940 0.670533
vt 0.154216 0.669919
vt 0.095643 0.740476
vt 0.103753 0.743935
vt 0.050595 0.671351
vt 0.054284 0.671218
vt 0.059510 0.675204
vt 0.058961 0.677927
vt 0.129287 0.668386
vt 0.131581 0.668296
vt 0.131900 0.677894
vt 0.129561 0.675967
vt 0.086748 0.746986
vt 0.087202 0.744752
vt 0.151548 0.672326
vt 0.149625 0.671936
vt 0.150319 0.670427
vt 0.151601 0.670633
vt 0.075926 0.686730
vt 0.075489 0.689436
vt 0.130099 0.694300
vt 0.132364 0.696176
vt 0.038711 0.771442
vt 0.037069 0.770815
vt 0.037956 0.769261
vt 0.039002 0.769705
vt 0.062565 0.728604
vt 0.062113 0.731069
vt 0.052799 0.724828
vt 0.051161 0.721953
vt 0.156533 0.667306
vt 0.154943 0.667370
vt 0.129834 0.685732
vt 0.132130 0.687637
vt 0.042482 0.764759
vt 0.043524 0.766533
vt 0.041787 0.766913
vt 0.041064 0.765782
vt 0.071005 0.733928
vt 0.070515 0.736222
vt 0.100854 0.702576
vt 0.100520 0.705196
vt 0.162961 0.716224
vt 0.165243 0.716216
vt 0.165291 0.726122
vt 0.163014 0.726144
vt 0.171760 0.735731
vt 0.179622 0.735680
vt 0.179707 0.745068
vt 0.171849 0.745195
vt 0.009653 0.773440
vt 0.009465 0.763171
vt 0.179949 0.754946
vt 0.172068 0.755202
vt 0.009095 0.692694
vt 0.008899 0.683259
vt 0.179102 0.666403
vt 0.179415 0.676961
vt 0.009994 0.784352
vt 0.180367 0.764526
vt 0.172452 0.764933
vt 0.009255 0.702520
vt 0.179560 0.686468
vt 0.171426 0.686588
vt 0.009343 0.742755
vt 0.009377 0.732764
vt 0.181016 0.774711
vt 0.173079 0.775280
vt 0.009383 0.712829
vt 0.179624 0.696241
vt 0.171549 0.696313
vt 0.171714 0.726080
vt 0.179617 0.726062
vt 0.009420 0.722709
vt 0.179651 0.706416
vt 0.171651 0.706443
vt 0.179640 0.716187
vt 0.171689 0.716193
vt 0.008581 0.672843
vt 0.009370 0.752649
vt 0.093923 0.723524
vt 0.092729 0.727913
vt 0.085070 0.724038
vt 0.086767 0.718750
vt 0.100905 0.727642
vt 0.099708 0.732027
vt 0.108613 0.731502
vt 0.106918 0.736795
vt 0.065615 0.670804
vt 0.085367 0.670072
vt 0.088245 0.675971
vt 0.072574 0.675968
vt 0.118608 0.668803
vt 0.116295 0.675040
vt 0.085832 0.684699
vt 0.102419 0.679279
vt 0.098801 0.692936
vt 0.092262 0.688817
vt 0.095382 0.678836
vt 0.109416 0.678380
vt 0.105415 0.697067
vt 0.111874 0.701129
vt 0.118474 0.705343
vt 0.070446 0.781699
vt 0.060368 0.782182
vt 0.060083 0.774615
vt 0.072729 0.775514
vt 0.100847 0.774227
vt 0.117048 0.774321
vt 0.123032 0.778742
vt 0.103830 0.779903
vt 0.103933 0.765753
vt 0.093702 0.771485
vt 0.097516 0.761682
vt 0.086659 0.771108
vt 0.091020 0.757587
vt 0.079647 0.772085
vt 0.084446 0.753435
vt 0.078050 0.749294
vt 0.071487 0.744972
vt 0.065245 0.740891
vt 0.059826 0.764675
vt 0.059595 0.755923
vt 0.059365 0.746138
vt 0.059627 0.737255
vt 0.125015 0.720898
vt 0.125358 0.718148
vt 0.057072 0.746124
vt 0.057759 0.733630
vt 0.169496 0.735748
vt 0.169441 0.726092
vt 0.116922 0.715715
vt 0.117280 0.713086
vt 0.052145 0.734542
vt 0.049800 0.734426
vt 0.032271 0.780045
vt 0.034097 0.781030
vt 0.150122 0.688541
vt 0.149751 0.686708
vt 0.170778 0.775445
vt 0.170156 0.765046
vt 0.108626 0.710272
vt 0.108980 0.707677
vt 0.147550 0.679118
vt 0.147893 0.680940
vt 0.169785 0.755270
vt 0.041927 0.783018
vt 0.039738 0.783113
vt 0.144303 0.680332
vt 0.145969 0.681501
vt 0.169580 0.745229
vt 0.098449 0.695585
vt 0.091896 0.691486
vt 0.072081 0.678654
vt 0.062081 0.670934
vt 0.169405 0.716201
vt 0.085439 0.687387
vt 0.152871 0.686701
vt 0.151350 0.685515
vt 0.169360 0.706459
vt 0.026774 0.722746
vt 0.026792 0.732726
vt 0.050020 0.771989
vt 0.052343 0.771927
vt 0.052643 0.782540
vt 0.050286 0.782646
vt 0.105233 0.719301
vt 0.112261 0.724648
vt 0.163609 0.765347
vt 0.164208 0.775914
vt 0.163097 0.735796
vt 0.163139 0.745304
vt 0.163288 0.755438
vt 0.088437 0.736198
vt 0.081438 0.730877
vt 0.079284 0.739482
vt 0.097997 0.715024
vt 0.089930 0.711697
vt 0.026462 0.682830
vt 0.026170 0.672221
vt 0.026622 0.692351
vt 0.026785 0.702303
vt 0.026846 0.712803
vt 0.049860 0.759166
vt 0.043617 0.770372
vt 0.034906 0.763972
vt 0.027298 0.762801
vt 0.037714 0.762082
vt 0.049582 0.747429
vt 0.040394 0.771659
vt 0.027890 0.783618
vt 0.027554 0.772961
vt 0.031424 0.783469
vt 0.147701 0.670717
vt 0.146336 0.667713
vt 0.162543 0.686761
vt 0.162714 0.696462
vt 0.162912 0.706514
vt 0.040737 0.768310
vt 0.042031 0.769270
vt 0.040061 0.769873
vt 0.037927 0.766214
vt 0.036412 0.765126
vt 0.038075 0.763872
vt 0.039407 0.767304
vt 0.035045 0.783315
vt 0.033493 0.783382
vt 0.038101 0.783184
vt 0.036510 0.783253
vt 0.096372 0.676387
vt 0.094989 0.669709
vt 0.102001 0.669442
vt 0.102322 0.676726
vt 0.108237 0.676004
vt 0.109020 0.669174
vt 0.115917 0.668908
vt 0.113956 0.673330
vt 0.090451 0.674087
vt 0.088086 0.669969
vt 0.086783 0.773609
vt 0.087197 0.780833
vt 0.080249 0.781200
vt 0.080952 0.774386
vt 0.098496 0.776025
vt 0.100924 0.780071
vt 0.094114 0.780455
vt 0.092642 0.773873
vt 0.073366 0.781553
vt 0.075291 0.777083
vt 0.165191 0.706492
vt 0.165022 0.696415
vt 0.169238 0.696344
vt 0.164863 0.686713
vt 0.169098 0.686629
vt 0.024685 0.732740
vt 0.024670 0.722736
vt 0.025394 0.773018
vt 0.025738 0.783708
vt 0.025141 0.762857
vt 0.057796 0.774696
vt 0.058080 0.782289
vt 0.057332 0.755982
vt 0.051857 0.747422
vt 0.057547 0.764740
vt 0.052137 0.759122
vt 0.095932 0.738536
vt 0.089888 0.734968
vt 0.092396 0.729783
vt 0.098331 0.733261
vt 0.084384 0.731056
vt 0.086426 0.726492
vt 0.103813 0.720547
vt 0.109377 0.724504
vt 0.107321 0.729107
vt 0.101270 0.725794
vt 0.095271 0.722279
vt 0.097688 0.716945
vt 0.089621 0.718714
vt 0.091376 0.713996
vt 0.147225 0.682439
vt 0.149911 0.684464
vt 0.148500 0.683413
vt 0.153168 0.667441
vt 0.149757 0.667577
vt 0.151527 0.667506
vt 0.149050 0.669723
vt 0.147961 0.667648
vt 0.104405 0.763442
vt 0.117611 0.772030
vt 0.078535 0.747035
vt 0.078786 0.741739
vt 0.084907 0.751171
vt 0.065721 0.738596
vt 0.126156 0.778549
vt 0.091470 0.755306
vt 0.071978 0.742715
vt 0.097972 0.759383
vt 0.024485 0.692393
vt 0.024641 0.702327
vt 0.165938 0.765243
vt 0.165597 0.755383
vt 0.024017 0.672297
vt 0.024316 0.682877
vt 0.024715 0.712794
vt 0.166546 0.775747
vt 0.165424 0.745281
vt 0.165363 0.735780
vt 0.111515 0.703740
vt 0.105066 0.699697
vt 0.118114 0.707943
vt 0.102222 0.741538
vt 0.103980 0.736805
vt 0.139461 0.844573
vt 0.134119 0.848826
vt 0.133420 0.846086
vt 0.140873 0.841439
vt 0.187978 0.872431
vt 0.190284 0.882183
vt 0.188030 0.882720
vt 0.185700 0.872949
vt 0.029645 0.814907
vt 0.030225 0.824701
vt 0.028099 0.824849
vt 0.027496 0.815032
vt 0.145709 0.826617
vt 0.148924 0.840244
vt 0.146924 0.842734
vt 0.144383 0.830046
vt 0.181680 0.884272
vt 0.179200 0.874459
vt 0.181510 0.873919
vt 0.183932 0.883709
vt 0.021573 0.835381
vt 0.020836 0.825361
vt 0.022968 0.825210
vt 0.023700 0.835225
vt 0.025167 0.896486
vt 0.024663 0.886012
vt 0.026862 0.885904
vt 0.027368 0.896381
vt 0.018899 0.794805
vt 0.021068 0.794689
vt 0.140945 0.853521
vt 0.142963 0.851137
vt 0.162456 0.866722
vt 0.163172 0.868448
vt 0.162215 0.869343
vt 0.160900 0.868048
vt 0.019495 0.805008
vt 0.021657 0.804878
vt 0.038762 0.787342
vt 0.037779 0.785824
vt 0.038873 0.785129
vt 0.040647 0.785973
vt 0.020167 0.815488
vt 0.022315 0.815350
vt 0.168021 0.872891
vt 0.166294 0.872120
vt 0.166953 0.870720
vt 0.168996 0.870453
vt 0.034751 0.787809
vt 0.035489 0.786106
vt 0.036668 0.786082
vt 0.036837 0.787862
vt 0.022345 0.845523
vt 0.024479 0.845367
vt 0.023041 0.855576
vt 0.025200 0.855433
vt 0.165172 0.875681
vt 0.164489 0.873884
vt 0.165443 0.873214
vt 0.166737 0.874654
vt 0.023651 0.866140
vt 0.025832 0.866018
vt 0.154952 0.878515
vt 0.156575 0.889669
vt 0.154145 0.890004
vt 0.152854 0.881026
vt 0.041356 0.803744
vt 0.040828 0.802054
vt 0.041880 0.801272
vt 0.043006 0.802614
vt 0.106672 0.804917
vt 0.098901 0.810987
vt 0.098206 0.808735
vt 0.105948 0.802634
vt 0.159951 0.869598
vt 0.161633 0.870375
vt 0.161127 0.871640
vt 0.159218 0.871609
vt 0.024179 0.876245
vt 0.026371 0.876133
vt 0.150980 0.853344
vt 0.148984 0.855729
vt 0.129398 0.785508
vt 0.128460 0.783262
vt 0.152775 0.865294
vt 0.150753 0.867723
vt 0.036694 0.797112
vt 0.038186 0.798060
vt 0.037366 0.799354
vt 0.035420 0.799332
vt 0.114270 0.798715
vt 0.113497 0.796462
vt 0.092870 0.869202
vt 0.101076 0.862817
vt 0.101732 0.865609
vt 0.093490 0.872034
vt 0.174158 0.883206
vt 0.173044 0.884737
vt 0.171388 0.884487
vt 0.171642 0.882555
vt 0.100159 0.820469
vt 0.108001 0.816000
vt 0.058741 0.895055
vt 0.067515 0.888256
vt 0.068133 0.891098
vt 0.062361 0.895620
vt 0.146068 0.891181
vt 0.144908 0.883109
vt 0.147041 0.880627
vt 0.148520 0.890824
vt 0.091096 0.817066
vt 0.090392 0.814850
vt 0.169301 0.882840
vt 0.169792 0.884756
vt 0.168315 0.885323
vt 0.167214 0.883720
vt 0.084551 0.875469
vt 0.085171 0.878295
vt 0.142236 0.863596
vt 0.144293 0.861234
vt 0.039723 0.794851
vt 0.040165 0.796563
vt 0.039156 0.797098
vt 0.038135 0.795620
vt 0.067600 0.835979
vt 0.056537 0.843742
vt 0.057962 0.840670
vt 0.066920 0.833504
vt 0.176385 0.886036
vt 0.174910 0.887061
vt 0.143444 0.872693
vt 0.145538 0.870267
vt 0.044081 0.801212
vt 0.042570 0.800311
vt 0.043195 0.799115
vt 0.044969 0.799343
vt 0.075728 0.829757
vt 0.075006 0.827466
vt 0.109350 0.856403
vt 0.110019 0.859128
vt 0.171860 0.835481
vt 0.170276 0.825565
vt 0.172551 0.825221
vt 0.174140 0.835102
vt 0.177485 0.814661
vt 0.176174 0.805260
vt 0.183971 0.804236
vt 0.185270 0.813521
vt 0.011167 0.805528
vt 0.010534 0.795260
vt 0.174945 0.795309
vt 0.182785 0.794428
vt 0.016229 0.886413
vt 0.015776 0.876654
vt 0.195852 0.870664
vt 0.198097 0.880355
vt 0.173934 0.785613
vt 0.181828 0.784885
vt 0.015305 0.866578
vt 0.185982 0.863232
vt 0.193874 0.861580
vt 0.013404 0.835983
vt 0.012633 0.825962
vt 0.014775 0.856085
vt 0.184071 0.853681
vt 0.191955 0.852148
vt 0.178941 0.824233
vt 0.186746 0.822992
vt 0.014154 0.846098
vt 0.182223 0.843675
vt 0.190078 0.842244
vt 0.180542 0.834028
vt 0.188374 0.832687
vt 0.016719 0.896881
vt 0.011900 0.816054
vt 0.100336 0.838047
vt 0.093455 0.843777
vt 0.091149 0.838486
vt 0.098610 0.833658
vt 0.107051 0.832985
vt 0.105298 0.828626
vt 0.112087 0.822880
vt 0.114494 0.828071
vt 0.074280 0.895895
vt 0.082130 0.889895
vt 0.099110 0.889023
vt 0.096037 0.895216
vt 0.134624 0.892697
vt 0.130676 0.886712
vt 0.095851 0.879773
vt 0.114610 0.884124
vt 0.106795 0.885359
vt 0.102401 0.874770
vt 0.108978 0.869635
vt 0.122543 0.884205
vt 0.115543 0.864402
vt 0.121851 0.859226
vt 0.128198 0.853856
vt 0.073342 0.787636
vt 0.060794 0.789755
vt 0.101517 0.785896
vt 0.117629 0.783865
vt 0.105573 0.794001
vt 0.094699 0.789438
vt 0.099613 0.798821
vt 0.087707 0.790583
vt 0.093543 0.803669
vt 0.080600 0.790349
vt 0.087364 0.808573
vt 0.081334 0.813434
vt 0.075126 0.818477
vt 0.069203 0.823220
vt 0.061466 0.799725
vt 0.062062 0.808538
vt 0.063827 0.827427
vt 0.062758 0.818443
vt 0.132714 0.836805
vt 0.133467 0.839570
vt 0.062258 0.831283
vt 0.060439 0.818668
vt 0.176686 0.824586
vt 0.175235 0.814988
vt 0.125118 0.843271
vt 0.125853 0.845947
vt 0.054101 0.831165
vt 0.056471 0.830845
vt 0.032557 0.786811
vt 0.034295 0.785674
vt 0.164214 0.865939
vt 0.164201 0.867891
vt 0.171644 0.785829
vt 0.117215 0.850051
vt 0.117925 0.852724
vt 0.163464 0.876277
vt 0.163457 0.874279
vt 0.172673 0.795569
vt 0.161326 0.874079
vt 0.159823 0.875633
vt 0.173919 0.805558
vt 0.101741 0.871941
vt 0.108294 0.866840
vt 0.070902 0.895269
vt 0.081523 0.887060
vt 0.178278 0.834409
vt 0.095226 0.876928
vt 0.166093 0.868785
vt 0.167399 0.867249
vt 0.179953 0.844082
vt 0.031698 0.844809
vt 0.030952 0.834716
vt 0.050980 0.793306
vt 0.053308 0.793157
vt 0.112541 0.841073
vt 0.119129 0.834645
vt 0.165115 0.786464
vt 0.168853 0.815911
vt 0.167510 0.806420
vt 0.166207 0.796333
vt 0.093291 0.825643
vt 0.086705 0.831832
vt 0.083606 0.823265
vt 0.105542 0.846395
vt 0.097506 0.850785
vt 0.034282 0.885535
vt 0.034801 0.896026
vt 0.033774 0.875745
vt 0.033205 0.865589
vt 0.032519 0.854891
vt 0.044722 0.795493
vt 0.051976 0.806171
vt 0.036554 0.802653
vt 0.039529 0.804313
vt 0.029031 0.804459
vt 0.052745 0.818019
vt 0.041387 0.794488
vt 0.028445 0.794278
vt 0.165286 0.885426
vt 0.164033 0.888349
vt 0.177181 0.865044
vt 0.175299 0.855326
vt 0.173516 0.845222
vt 0.041210 0.796302
vt 0.043233 0.796734
vt 0.042022 0.797808
vt 0.039739 0.802485
vt 0.037965 0.801369
vt 0.039389 0.800150
vt 0.040777 0.798930
vt 0.108114 0.888013
vt 0.114801 0.886997
vt 0.115280 0.895197
vt 0.107066 0.895565
vt 0.121585 0.887037
vt 0.128475 0.889064
vt 0.131702 0.893530
vt 0.123538 0.894569
vt 0.101597 0.891016
vt 0.098994 0.895625
vt 0.087561 0.788071
vt 0.081662 0.787916
vt 0.098970 0.784371
vt 0.093377 0.787172
vt 0.075737 0.785810
vt 0.175800 0.844821
vt 0.181790 0.854117
vt 0.177606 0.854902
vt 0.183695 0.863707
vt 0.179499 0.864571
vt 0.028824 0.834866
vt 0.029569 0.844977
vt 0.026283 0.794400
vt 0.026867 0.804581
vt 0.058501 0.789889
vt 0.055044 0.817824
vt 0.059779 0.808691
vt 0.054267 0.806009
vt 0.059176 0.799873
vt 0.100677 0.822413
vt 0.103742 0.827523
vt 0.098058 0.831773
vt 0.094909 0.826738
vt 0.092281 0.835810
vt 0.089700 0.831335
vt 0.110916 0.839956
vt 0.107650 0.834844
vt 0.113469 0.830687
vt 0.116170 0.835161
vt 0.104995 0.844432
vt 0.101870 0.839178
vt 0.098760 0.848219
vt 0.096416 0.843500
vt 0.162449 0.872842
vt 0.164828 0.870175
vt 0.163581 0.871563
vt 0.172724 0.887889
vt 0.170563 0.888411
vt 0.168169 0.888761
vt 0.166909 0.886407
vt 0.165752 0.888874
vt 0.106318 0.796259
vt 0.118469 0.786079
vt 0.082060 0.815671
vt 0.088074 0.810811
vt 0.082866 0.821021
vt 0.069902 0.825507
vt 0.094249 0.805917
vt 0.075850 0.820717
vt 0.100334 0.801078
vt 0.031018 0.865718
vt 0.031582 0.875861
vt 0.168505 0.796058
vt 0.167437 0.786236
vt 0.032087 0.885645
vt 0.032603 0.896133
vt 0.030351 0.855056
vt 0.171118 0.815584
vt 0.169785 0.806112
vt 0.121115 0.856519
vt 0.114835 0.861650
vt 0.127448 0.851186
vt 0.106729 0.818616
vt 0.109089 0.823224
vt 0.126880 0.624368
vt 0.121525 0.628048
vt 0.121035 0.625404
vt 0.128457 0.621462
vt 0.170403 0.656311
vt 0.168070 0.656437
vt 0.021503 0.592326
vt 0.021933 0.602016
vt 0.019832 0.602136
vt 0.019373 0.592417
vt 0.134147 0.607469
vt 0.136302 0.620905
vt 0.134175 0.623148
vt 0.132626 0.610709
vt 0.161519 0.656796
vt 0.163834 0.656668
vt 0.013289 0.612485
vt 0.012643 0.602563
vt 0.014756 0.602436
vt 0.015390 0.612344
vt 0.016336 0.662064
vt 0.018471 0.661966
vt 0.011184 0.572193
vt 0.010893 0.561443
vt 0.013052 0.561403
vt 0.013342 0.572120
vt 0.127622 0.632960
vt 0.129712 0.630859
vt 0.146701 0.647225
vt 0.147198 0.648931
vt 0.146204 0.649672
vt 0.145100 0.648322
vt 0.011592 0.582346
vt 0.013742 0.582253
vt 0.031053 0.565211
vt 0.030115 0.563684
vt 0.031214 0.563021
vt 0.032951 0.563898
vt 0.012100 0.592765
vt 0.014233 0.592657
vt 0.151222 0.653646
vt 0.149712 0.652722
vt 0.150494 0.651496
vt 0.152445 0.651500
vt 0.027068 0.565581
vt 0.027838 0.563911
vt 0.029007 0.563913
vt 0.029134 0.565681
vt 0.014009 0.622500
vt 0.016111 0.622352
vt 0.014688 0.632391
vt 0.016807 0.632250
vt 0.148269 0.655879
vt 0.147836 0.654152
vt 0.148794 0.653639
vt 0.149821 0.655114
vt 0.015316 0.642737
vt 0.017447 0.642613
vt 0.138646 0.657437
vt 0.136484 0.659580
vt 0.033260 0.581479
vt 0.032772 0.579802
vt 0.033827 0.579052
vt 0.034909 0.580399
vt 0.097225 0.584472
vt 0.089423 0.590089
vt 0.088828 0.587872
vt 0.096608 0.582215
vt 0.144059 0.649682
vt 0.145551 0.650580
vt 0.144947 0.651709
vt 0.143173 0.651486
vt 0.015857 0.652591
vt 0.017989 0.652480
vt 0.137108 0.633603
vt 0.135017 0.635685
vt 0.127660 0.559231
vt 0.120322 0.566422
vt 0.119501 0.564171
vt 0.124885 0.559284
vt 0.137744 0.644986
vt 0.135658 0.647066
vt 0.028788 0.574833
vt 0.030245 0.575803
vt 0.029407 0.577065
vt 0.027481 0.577004
vt 0.104906 0.578725
vt 0.104243 0.576486
vt 0.081984 0.645561
vt 0.089842 0.639718
vt 0.090387 0.642350
vt 0.082543 0.648233
vt 0.155393 0.663800
vt 0.154015 0.664887
vt 0.152695 0.664377
vt 0.153226 0.662773
vt 0.090302 0.599334
vt 0.098063 0.595299
vt 0.058461 0.664190
vt 0.059206 0.666865
vt 0.128966 0.660809
vt 0.131145 0.658706
vt 0.081631 0.595733
vt 0.081018 0.593557
vt 0.151165 0.662701
vt 0.151352 0.664384
vt 0.150091 0.664690
vt 0.149279 0.663242
vt 0.074083 0.651509
vt 0.074717 0.654172
vt 0.128064 0.642510
vt 0.130171 0.640465
vt 0.031834 0.572662
vt 0.032233 0.574365
vt 0.031225 0.574871
vt 0.030247 0.573388
vt 0.058381 0.613518
vt 0.047524 0.620930
vt 0.048950 0.617958
vt 0.057758 0.611103
vt 0.128472 0.651060
vt 0.130609 0.648984
vt 0.035999 0.579039
vt 0.034528 0.578118
vt 0.035171 0.576951
vt 0.036916 0.577215
vt 0.066376 0.607633
vt 0.065725 0.605394
vt 0.097805 0.633960
vt 0.098335 0.636539
vt 0.159013 0.618063
vt 0.158256 0.608191
vt 0.160522 0.608025
vt 0.161285 0.617885
vt 0.166154 0.597930
vt 0.165437 0.588516
vt 0.173262 0.587966
vt 0.173981 0.597317
vt 0.003299 0.582728
vt 0.002847 0.572487
vt 0.164788 0.578554
vt 0.172644 0.578120
vt 0.008164 0.662433
vt 0.007695 0.653010
vt 0.178569 0.655854
vt 0.002528 0.561600
vt 0.164315 0.568855
vt 0.172215 0.568556
vt 0.007165 0.643201
vt 0.169834 0.646898
vt 0.177952 0.646366
vt 0.005200 0.613039
vt 0.004499 0.603082
vt 0.164011 0.558527
vt 0.171945 0.558373
vt 0.006573 0.632914
vt 0.169176 0.637198
vt 0.177230 0.636618
vt 0.166915 0.607536
vt 0.174786 0.606896
vt 0.005928 0.623061
vt 0.168460 0.627096
vt 0.176433 0.626473
vt 0.167704 0.617381
vt 0.175626 0.616735
vt 0.003877 0.593219
vt 0.089871 0.616259
vt 0.083126 0.621531
vt 0.081051 0.616409
vt 0.088358 0.611996
vt 0.096483 0.611648
vt 0.094964 0.607393
vt 0.101741 0.602122
vt 0.103828 0.607232
vt 0.072173 0.665141
vt 0.087794 0.663975
vt 0.115821 0.662766
vt 0.084734 0.655460
vt 0.101668 0.659606
vt 0.094691 0.660581
vt 0.090828 0.650876
vt 0.097024 0.646283
vt 0.108709 0.659967
vt 0.103290 0.641669
vt 0.109402 0.637135
vt 0.115638 0.632437
vt 0.062481 0.560475
vt 0.065149 0.566406
vt 0.052753 0.568141
vt 0.052538 0.560662
vt 0.092904 0.565651
vt 0.095406 0.559849
vt 0.114355 0.559486
vt 0.108823 0.564303
vt 0.096579 0.573755
vt 0.086080 0.568879
vt 0.090562 0.578249
vt 0.079177 0.569762
vt 0.084459 0.582770
vt 0.072203 0.569300
vt 0.078271 0.587351
vt 0.072247 0.591907
vt 0.066062 0.596654
vt 0.060169 0.601140
vt 0.053165 0.577975
vt 0.053533 0.586647
vt 0.054856 0.605140
vt 0.053978 0.596353
vt 0.120924 0.616473
vt 0.121480 0.619177
vt 0.053256 0.608869
vt 0.051707 0.596526
vt 0.164652 0.607713
vt 0.163902 0.598104
vt 0.113293 0.622251
vt 0.113852 0.624835
vt 0.045300 0.608635
vt 0.047621 0.608356
vt 0.024916 0.564543
vt 0.026665 0.563455
vt 0.148452 0.646660
vt 0.148229 0.648515
vt 0.162026 0.568947
vt 0.161713 0.558571
vt 0.105473 0.628297
vt 0.106023 0.630849
vt 0.146640 0.656250
vt 0.146838 0.654408
vt 0.162515 0.578686
vt 0.032119 0.561046
vt 0.034288 0.561005
vt 0.144877 0.654002
vt 0.143310 0.655298
vt 0.163179 0.588677
vt 0.090263 0.648247
vt 0.096473 0.643674
vt 0.071483 0.662501
vt 0.165429 0.617561
vt 0.084142 0.652812
vt 0.149918 0.649576
vt 0.151337 0.648272
vt 0.166176 0.627266
vt 0.023212 0.621832
vt 0.022547 0.611899
vt 0.042988 0.571396
vt 0.042566 0.560850
vt 0.044899 0.560806
vt 0.045288 0.571305
vt 0.101412 0.619591
vt 0.107976 0.613746
vt 0.155157 0.558698
vt 0.155503 0.569227
vt 0.157541 0.598592
vt 0.156775 0.589154
vt 0.156051 0.579084
vt 0.083487 0.604107
vt 0.076946 0.609895
vt 0.074179 0.601529
vt 0.094555 0.624387
vt 0.086793 0.628299
vt 0.025709 0.661620
vt 0.025194 0.652116
vt 0.024653 0.642187
vt 0.023974 0.631725
vt 0.036759 0.573409
vt 0.043676 0.584093
vt 0.028539 0.580311
vt 0.031448 0.582005
vt 0.021063 0.581963
vt 0.044189 0.595745
vt 0.033487 0.572341
vt 0.020355 0.561266
vt 0.023867 0.561201
vt 0.020675 0.571859
vt 0.147458 0.664609
vt 0.160969 0.647439
vt 0.160361 0.637759
vt 0.159751 0.627733
vt 0.033271 0.574130
vt 0.035261 0.574601
vt 0.034041 0.575635
vt 0.031689 0.580206
vt 0.029959 0.579069
vt 0.031391 0.577893
vt 0.032787 0.576717
vt 0.025923 0.561162
vt 0.027463 0.561133
vt 0.028917 0.561106
vt 0.030496 0.561076
vt 0.095862 0.662947
vt 0.101766 0.662157
vt 0.107716 0.662425
vt 0.113621 0.664651
vt 0.090134 0.665687
vt 0.079118 0.567291
vt 0.073325 0.566943
vt 0.072153 0.560292
vt 0.079006 0.560161
vt 0.090459 0.564059
vt 0.084862 0.566607
vt 0.085827 0.560032
vt 0.092540 0.559904
vt 0.067563 0.564684
vt 0.065362 0.560420
vt 0.162021 0.627570
vt 0.166871 0.637353
vt 0.162664 0.637621
vt 0.167511 0.647045
vt 0.163284 0.647300
vt 0.020449 0.612028
vt 0.021119 0.621987
vt 0.018215 0.561306
vt 0.018527 0.571936
vt 0.018916 0.582047
vt 0.050491 0.568213
vt 0.050277 0.560705
vt 0.046446 0.595597
vt 0.051289 0.586743
vt 0.045933 0.583984
vt 0.050908 0.578064
vt 0.090733 0.601232
vt 0.093507 0.606274
vt 0.087888 0.610167
vt 0.085016 0.605217
vt 0.082214 0.613874
vt 0.079852 0.609500
vt 0.099909 0.618463
vt 0.096986 0.613452
vt 0.102732 0.609704
vt 0.105125 0.614110
vt 0.094103 0.622503
vt 0.091302 0.617392
vt 0.088058 0.625906
vt 0.085962 0.621353
vt 0.146054 0.652967
vt 0.148568 0.650736
vt 0.147246 0.651896
vt 0.148881 0.665493
vt 0.097219 0.575996
vt 0.109556 0.566513
vt 0.072890 0.594106
vt 0.078891 0.589554
vt 0.073522 0.599330
vt 0.060803 0.603381
vt 0.117441 0.559427
vt 0.085071 0.584987
vt 0.066709 0.598854
vt 0.091184 0.580481
vt 0.022514 0.642314
vt 0.023061 0.652225
vt 0.158347 0.578938
vt 0.157823 0.569125
vt 0.023566 0.661725
vt 0.021852 0.631883
vt 0.157489 0.558653
vt 0.159793 0.598418
vt 0.159046 0.588981
vt 0.108845 0.634567
vt 0.102743 0.639080
vt 0.115080 0.629879
vt 0.096731 0.597786
vt 0.098831 0.602336
vt 0.124367 0.494194
vt 0.126055 0.497035
vt 0.118490 0.493387
vt 0.118877 0.490728
vt 0.166568 0.460581
vt 0.164233 0.460548
vt 0.020340 0.530187
vt 0.018209 0.530176
vt 0.018305 0.520447
vt 0.020408 0.520489
vt 0.132280 0.510789
vt 0.130635 0.507611
vt 0.131699 0.495128
vt 0.133910 0.497285
vt 0.159993 0.460487
vt 0.157675 0.460452
vt 0.011383 0.510351
vt 0.013488 0.510414
vt 0.013222 0.520337
vt 0.011106 0.520289
vt 0.014747 0.460734
vt 0.012610 0.460713
vt 0.010781 0.550690
vt 0.012941 0.550683
vt 0.124773 0.485587
vt 0.126941 0.487603
vt 0.143260 0.470598
vt 0.141618 0.469566
vt 0.142668 0.468175
vt 0.143689 0.468875
vt 0.010809 0.540529
vt 0.012962 0.540542
vt 0.030897 0.556924
vt 0.032843 0.558164
vt 0.031141 0.559106
vt 0.030017 0.558485
vt 0.010929 0.530099
vt 0.013064 0.530128
vt 0.147519 0.464009
vt 0.148826 0.466102
vt 0.146878 0.466183
vt 0.146049 0.464991
vt 0.026902 0.556703
vt 0.028963 0.556526
vt 0.028902 0.558297
vt 0.027734 0.558344
vt 0.011731 0.500318
vt 0.013837 0.500389
vt 0.012045 0.490411
vt 0.014167 0.490475
vt 0.144483 0.461896
vt 0.146063 0.462598
vt 0.145096 0.464112
vt 0.144119 0.463637
vt 0.012293 0.480054
vt 0.014426 0.480100
vt 0.134816 0.460723
vt 0.132574 0.458670
vt 0.032493 0.540586
vt 0.034181 0.541603
vt 0.033151 0.542989
vt 0.032069 0.542280
vt 0.096284 0.535178
vt 0.095754 0.537457
vt 0.087765 0.532103
vt 0.088275 0.529865
vt 0.140526 0.468250
vt 0.139570 0.466483
vt 0.141332 0.466191
vt 0.141980 0.467295
vt 0.012475 0.470191
vt 0.014609 0.470224
vt 0.132048 0.482578
vt 0.134217 0.484574
vt 0.119317 0.554608
vt 0.120051 0.552328
vt 0.132243 0.471192
vt 0.134406 0.473186
vt 0.028274 0.547394
vt 0.026887 0.545273
vt 0.028809 0.545140
vt 0.029693 0.546371
vt 0.103600 0.542888
vt 0.104177 0.540626
vt 0.078741 0.474765
vt 0.079198 0.472077
vt 0.087248 0.477650
vt 0.086805 0.480297
vt 0.151279 0.453704
vt 0.149156 0.454817
vt 0.148561 0.453237
vt 0.149859 0.452674
vt 0.088801 0.520597
vt 0.096707 0.524331
vt 0.055221 0.454364
vt 0.054577 0.457060
vt 0.127281 0.459753
vt 0.125024 0.457741
vt 0.079748 0.526721
vt 0.080278 0.524524
vt 0.147101 0.454971
vt 0.145197 0.454506
vt 0.145949 0.453028
vt 0.147221 0.453284
vt 0.071167 0.466446
vt 0.070634 0.469127
vt 0.124841 0.476037
vt 0.127024 0.477995
vt 0.031399 0.549449
vt 0.029785 0.548783
vt 0.030707 0.547264
vt 0.031733 0.547733
vt 0.056386 0.507639
vt 0.055854 0.510074
vt 0.046802 0.503559
vt 0.045267 0.500644
vt 0.124913 0.467487
vt 0.127127 0.469476
vt 0.035322 0.542921
vt 0.036306 0.544709
vt 0.034572 0.545039
vt 0.033886 0.543896
vt 0.064592 0.513216
vt 0.064026 0.515477
vt 0.095402 0.483145
vt 0.094972 0.485739
vt 0.156705 0.499238
vt 0.158981 0.499326
vt 0.158604 0.509206
vt 0.156334 0.509129
vt 0.164624 0.519072
vt 0.172468 0.519381
vt 0.172113 0.528752
vt 0.164273 0.528507
vt 0.002439 0.550709
vt 0.002508 0.540457
vt 0.171878 0.538614
vt 0.164011 0.538485
vt 0.004307 0.470069
vt 0.004435 0.460638
vt 0.174745 0.460709
vt 0.171820 0.548187
vt 0.163915 0.548195
vt 0.004133 0.479887
vt 0.174508 0.470215
vt 0.166376 0.470006
vt 0.002949 0.520073
vt 0.003279 0.510097
vt 0.003918 0.490187
vt 0.174173 0.479983
vt 0.166104 0.479723
vt 0.165010 0.509446
vt 0.172899 0.509777
vt 0.003636 0.500055
vt 0.173778 0.490151
vt 0.165787 0.489843
vt 0.173354 0.499913
vt 0.165413 0.499578
vt 0.002695 0.529953
vt 0.087726 0.503713
vt 0.086378 0.508026
vt 0.078915 0.503898
vt 0.080792 0.498705
vt 0.094505 0.508065
vt 0.093150 0.512371
vt 0.102008 0.512193
vt 0.100119 0.517377
vt 0.083839 0.456177
vt 0.068218 0.455600
vt 0.111836 0.456304
vt 0.081110 0.464785
vt 0.097843 0.460003
vt 0.093721 0.473472
vt 0.087364 0.469126
vt 0.090846 0.459298
vt 0.104851 0.459372
vt 0.100151 0.477835
vt 0.106425 0.482125
vt 0.112831 0.486574
vt 0.052472 0.553181
vt 0.064923 0.554447
vt 0.092685 0.554148
vt 0.108642 0.554886
vt 0.096047 0.545910
vt 0.085743 0.551182
vt 0.089865 0.541649
vt 0.078812 0.550562
vt 0.083595 0.537365
vt 0.071861 0.551288
vt 0.077240 0.533024
vt 0.071050 0.528701
vt 0.064693 0.524193
vt 0.058637 0.519935
vt 0.052513 0.543339
vt 0.052554 0.534662
vt 0.052633 0.524949
vt 0.053180 0.516139
vt 0.118725 0.502308
vt 0.119176 0.499587
vt 0.050358 0.524862
vt 0.051443 0.512475
vt 0.162368 0.518986
vt 0.162742 0.509357
vt 0.110882 0.496833
vt 0.111341 0.494232
vt 0.045833 0.513198
vt 0.043505 0.513007
vt 0.024790 0.557822
vt 0.026578 0.558843
vt 0.145031 0.471093
vt 0.144735 0.469250
vt 0.161623 0.548192
vt 0.102842 0.491098
vt 0.103294 0.488530
vt 0.142842 0.461591
vt 0.143112 0.463422
vt 0.161735 0.538441
vt 0.139555 0.462673
vt 0.141171 0.463905
vt 0.162011 0.528433
vt 0.093271 0.476096
vt 0.086900 0.471770
vt 0.067629 0.458259
vt 0.163134 0.499488
vt 0.080621 0.467449
vt 0.147848 0.469369
vt 0.146379 0.468124
vt 0.163499 0.489763
vt 0.020950 0.500645
vt 0.020654 0.510593
vt 0.042591 0.550296
vt 0.044893 0.550300
vt 0.099123 0.499945
vt 0.105900 0.505529
vt 0.155095 0.548164
vt 0.155994 0.518746
vt 0.155594 0.528204
vt 0.155261 0.538294
vt 0.081813 0.516090
vt 0.075062 0.510558
vt 0.072616 0.519018
vt 0.092093 0.495419
vt 0.084196 0.491810
vt 0.021987 0.460818
vt 0.021817 0.470326
vt 0.021639 0.480262
vt 0.021345 0.490735
vt 0.042802 0.537583
vt 0.036292 0.548518
vt 0.027820 0.541930
vt 0.020289 0.540558
vt 0.030663 0.540129
vt 0.042877 0.525924
vt 0.033062 0.549708
vt 0.020279 0.550669
vt 0.143325 0.453214
vt 0.157500 0.469819
vt 0.157276 0.479511
vt 0.157063 0.489550
vt 0.033493 0.546396
vt 0.034750 0.547383
vt 0.032780 0.547928
vt 0.030760 0.544239
vt 0.029285 0.543117
vt 0.030971 0.541917
vt 0.032199 0.545361
vt 0.091924 0.456894
vt 0.097842 0.457455
vt 0.103766 0.456959
vt 0.109569 0.454510
vt 0.086108 0.454380
vt 0.078847 0.553033
vt 0.073072 0.553600
vt 0.090302 0.555831
vt 0.084613 0.553498
vt 0.067400 0.556076
vt 0.159337 0.489623
vt 0.159582 0.479558
vt 0.163795 0.479659
vt 0.159817 0.469865
vt 0.164050 0.469953
vt 0.018553 0.510542
vt 0.018853 0.500568
vt 0.018129 0.550673
vt 0.018140 0.540555
vt 0.050208 0.553194
vt 0.050309 0.534650
vt 0.045137 0.525987
vt 0.050255 0.543335
vt 0.045061 0.537608
vt 0.089160 0.518685
vt 0.083298 0.514923
vt 0.085978 0.509871
vt 0.091738 0.513544
vt 0.077979 0.510842
vt 0.080172 0.506384
vt 0.097664 0.501128
vt 0.103039 0.505275
vt 0.100819 0.509766
vt 0.094938 0.506244
vt 0.089112 0.502527
vt 0.091714 0.497317
vt 0.083630 0.498775
vt 0.085549 0.494151
vt 0.142387 0.464891
vt 0.144985 0.467018
vt 0.143620 0.465913
vt 0.144710 0.452275
vt 0.096602 0.543647
vt 0.109290 0.552649
vt 0.071609 0.526480
vt 0.072043 0.521238
vt 0.077776 0.530799
vt 0.059186 0.517672
vt 0.084123 0.535127
vt 0.065256 0.521971
vt 0.090401 0.539396
vt 0.019683 0.470295
vt 0.019499 0.480213
vt 0.157417 0.548177
vt 0.157561 0.538351
vt 0.019843 0.460790
vt 0.019220 0.490656
vt 0.157869 0.528289
vt 0.158250 0.518832
vt 0.105967 0.484710
vt 0.099704 0.480440
vt 0.112372 0.489149
vt 0.095281 0.521898
vt 0.097205 0.517274
vn 0.4014 0.1952 0.8948
vn 0.3492 -0.2393 0.9059
vn 0.3598 -0.2448 0.9003
vn 0.0846 0.0539 0.9949
vn 0.0000 -0.5612 0.8276
vn 0.0000 0.1884 0.9821
vn 0.0000 -0.5327 0.8463
vn -0.0786 -0.0504 0.9956
vn 0.0002 -0.4571 0.8894
vn 0.0007 -0.4584 0.8887
vn -0.4109 -0.1594 0.8976
vn 0.0000 0.4624 0.8867
vn 0.0000 0.5489 0.8358
vn 0.0000 -0.2029 0.9792
vn -0.0011 0.4619 0.8869
vn -0.0012 0.4628 0.8864
vn -0.4599 0.2266 0.8585
vn -0.5051 0.2653 0.8212
vn -0.4326 0.4028 0.8066
vn -0.3824 0.3441 0.8575
vn 0.4803 -0.1967 0.8547
vn 0.5679 -0.2121 0.7953
vn 0.4168 -0.4110 0.8108
vn 0.2835 -0.3344 0.8987
vn 0.3569 -0.3956 0.8462
vn 0.3861 -0.4203 0.8211
vn 0.1404 -0.5939 0.7922
vn 0.0683 -0.3804 0.9223
vn 0.4889 0.1240 0.8634
vn 0.5907 0.1197 0.7980
vn 0.5998 -0.0516 0.7984
vn 0.5433 -0.0443 0.8384
vn 0.4963 -0.1601 0.8533
vn 0.5426 -0.1824 0.8199
vn 0.4899 -0.3289 0.8073
vn 0.4235 -0.2813 0.8611
vn 0.0009 -0.4622 0.8868
vn 0.0000 -0.4632 0.8862
vn 0.0000 -0.4624 0.8866
vn 0.0008 -0.4625 0.8866
vn 0.4830 -0.2390 0.8423
vn 0.5288 -0.2764 0.8025
vn 0.4510 -0.4187 0.7882
vn 0.4001 -0.3608 0.8424
vn 0.3865 -0.2718 0.8813
vn -0.3146 0.4465 0.8376
vn -0.3321 0.4702 0.8177
vn -0.2019 0.5640 0.8007
vn -0.1490 0.4630 0.8737
vn 0.0009 -0.4591 0.8884
vn 0.0009 -0.4597 0.8881
vn 0.0000 -0.1643 0.9864
vn 0.3849 -0.2770 0.8804
vn 0.3913 -0.2857 0.8748
vn 0.0000 -0.5297 0.8481
vn 0.0009 -0.4605 0.8876
vn 0.0009 -0.4614 0.8872
vn -0.3738 0.4139 0.8300
vn -0.4026 0.4389 0.8032
vn -0.1438 0.6230 0.7689
vn -0.0739 0.4059 0.9109
vn -0.3357 0.2360 0.9119
vn -0.3357 0.2361 0.9119
vn -0.2958 -0.3728 0.8795
vn -0.4640 -0.5284 0.7110
vn -0.6715 -0.1465 0.7263
vn -0.5771 -0.1389 0.8047
vn -0.5040 0.3336 0.7966
vn -0.1705 -0.0648 0.9832
vn 0.0000 0.1189 0.9929
vn -0.3312 0.2372 0.9133
vn -0.3334 0.2423 0.9111
vn 0.0000 0.4242 0.9056
vn 0.0000 0.4570 0.8894
vn -0.0007 0.4577 0.8891
vn -0.0009 0.4587 0.8886
vn 0.0000 0.4576 0.8892
vn -0.6213 0.0514 0.7819
vn -0.6764 0.0573 0.7342
vn -0.6413 0.2465 0.7266
vn -0.5599 0.2240 0.7977
vn -0.0009 0.4604 0.8877
vn -0.0010 0.4612 0.8873
vn -0.5203 0.1683 0.8372
vn -0.5670 0.1900 0.8015
vn -0.5108 0.3426 0.7885
vn -0.4440 0.2950 0.8460
vn 0.4180 -0.3212 0.8498
vn 0.0898 0.0570 0.9943
vn 0.4910 0.1185 0.8630
vn 0.3935 -0.2922 0.8716
vn 0.0000 -0.5356 0.8445
vn 0.0000 -0.6509 0.7591
vn -0.0010 0.4594 0.8882
vn -0.0009 0.4597 0.8880
vn 0.3283 -0.4658 0.8217
vn 0.3457 -0.4895 0.8005
vn 0.2089 -0.5883 0.7812
vn 0.1576 -0.4865 0.8593
vn 0.0000 -1.0000 0.0000
vn 0.0000 1.0000 0.0000
vn -0.5096 0.3373 0.7915
vn -0.0298 0.2261 0.9736
vn 0.1707 0.0648 0.9832
vn 0.5040 -0.3336 0.7966
vn 0.0279 -0.2165 0.9759
vn -0.1786 -0.0673 0.9816
vn 0.0000 -0.4340 0.9009
vn 0.3377 -0.2435 0.9092
vn -0.1915 0.1896 0.9630
vn 0.0000 0.2451 0.9695
vn 0.0000 -0.2522 0.9677
vn -0.1853 -0.1859 0.9649
vn 0.3365 -0.2329 0.9124
vn -0.3631 0.0027 0.9317
vn -0.3275 0.0864 0.9409
vn -0.3274 -0.0816 0.9413
vn 0.0000 0.2347 0.9720
vn 0.1794 0.1841 0.9664
vn -0.0016 -0.4653 0.8852
vn 0.0000 -0.4674 0.8840
vn 0.1858 -0.1878 0.9644
vn 0.0000 -0.2281 0.9736
vn 0.0000 0.4979 0.8672
vn -0.3822 0.2771 0.8816
vn -0.3865 0.2718 0.8813
vn 0.3341 -0.0896 0.9382
vn 0.3737 -0.0028 0.9275
vn 0.3340 0.0848 0.9387
vn -0.3728 0.2738 0.8865
vn -0.0015 -0.4636 0.8860
vn -0.0015 -0.4615 0.8871
vn -0.3752 -0.1896 0.9073
vn -0.0012 -0.4595 0.8881
vn -0.3657 0.2711 0.8904
vn -0.3455 0.2504 0.9044
vn -0.0708 -0.0317 0.9970
vn -0.0012 -0.4596 0.8881
vn 0.0007 0.4667 0.8844
vn 0.0007 0.4659 0.8848
vn 0.2228 0.2888 0.9311
vn 0.4067 0.4226 0.8099
vn -0.3628 -0.0548 0.9302
vn -0.5966 -0.0633 0.8000
vn 0.4714 0.0116 0.8819
vn 0.5815 -0.0054 0.8135
vn 0.0000 -0.5420 0.8403
vn 0.0000 -0.3300 0.9440
vn 0.3469 0.5070 0.7890
vn 0.1653 0.2267 0.9598
vn 0.0000 -0.1232 0.9924
vn 0.3330 -0.2358 0.9129
vn -0.3249 -0.4761 0.8171
vn -0.2366 -0.3372 0.9112
vn 0.0025 -0.5379 0.8430
vn 0.0025 -0.5327 0.8463
vn 0.0016 0.4593 0.8882
vn 0.0000 0.4570 0.8895
vn 0.0000 0.4587 0.8885
vn 0.0016 0.4592 0.8883
vn 0.5096 -0.3373 0.7915
vn 0.0298 -0.2259 0.9737
vn -0.5040 0.3336 0.7967
vn -0.0303 0.2350 0.9715
vn 0.1787 0.0674 0.9816
vn 0.0000 -0.5379 0.8430
vn -0.1787 -0.2456 0.9527
vn 0.0015 0.4617 0.8870
vn 0.2528 0.3608 0.8977
vn 0.3894 0.0580 0.9192
vn 0.0015 0.4643 0.8856
vn -0.4985 -0.0113 0.8668
vn 0.0000 0.3974 0.9176
vn -0.3549 0.4123 0.8390
vn 0.0000 0.4651 0.8852
vn -0.6091 0.0040 0.7930
vn -0.3674 -0.5329 0.7622
vn 0.0000 0.0000 1.0000
vn 0.6273 0.0694 0.7757
vn 0.3433 0.5017 0.7940
vn 0.0000 0.5105 0.8599
vn -0.3919 0.0902 0.9156
vn -0.3981 0.0032 0.9173
vn -0.3926 -0.0838 0.9159
vn -0.3040 -0.2733 0.9126
vn 0.0000 -0.4118 0.9112
vn -0.3064 0.2705 0.9126
vn 0.0000 0.4148 0.9099
vn 0.4093 -0.0033 0.9124
vn 0.4021 0.0837 0.9117
vn 0.3106 -0.2589 0.9146
vn 0.4014 -0.0902 0.9114
vn 0.0000 -0.3923 0.9198
vn 0.3083 0.2610 0.9148
vn 0.0000 0.3891 0.9212
vn 0.0025 -0.5350 0.8448
vn 0.0025 -0.5356 0.8444
vn -0.0016 -0.4655 0.8850
vn 0.0000 -0.4656 0.8850
vn 0.0015 0.4642 0.8857
vn -0.0015 -0.4617 0.8870
vn 0.0015 0.4618 0.8870
vn -0.0015 -0.4635 0.8861
vn 0.5875 -0.0346 0.8084
vn -0.3045 0.5172 0.7998
vn -0.5986 0.0249 0.8007
vn 0.3017 -0.5304 0.7922
vn 0.5987 -0.0246 0.8006
vn -0.3015 0.5306 0.7922
vn -0.4704 0.5025 0.7254
vn 0.0000 0.6839 0.7296
vn -0.3804 0.2725 0.8837
vn -0.3760 0.2841 0.8820
vn 0.0000 0.1444 0.9895
vn -0.5875 0.0349 0.8085
vn 0.3047 -0.5170 0.7999
vn -0.4014 0.1952 0.8948
vn -0.0846 0.0539 0.9949
vn -0.3598 -0.2448 0.9003
vn -0.3492 -0.2393 0.9059
vn 0.0786 -0.0504 0.9956
vn 0.4109 -0.1594 0.8976
vn -0.0007 -0.4584 0.8887
vn -0.0002 -0.4571 0.8894
vn 0.0000 0.4625 0.8866
vn 0.0011 0.4619 0.8869
vn 0.0012 0.4628 0.8864
vn 0.4599 0.2266 0.8585
vn 0.3824 0.3441 0.8575
vn 0.4326 0.4028 0.8066
vn 0.5051 0.2653 0.8212
vn -0.4804 -0.1967 0.8547
vn -0.2835 -0.3344 0.8987
vn -0.4168 -0.4110 0.8108
vn -0.5679 -0.2121 0.7953
vn -0.3569 -0.3956 0.8462
vn -0.0683 -0.3804 0.9223
vn -0.1404 -0.5939 0.7922
vn -0.3861 -0.4203 0.8211
vn -0.4890 0.1240 0.8634
vn -0.5433 -0.0443 0.8384
vn -0.5998 -0.0516 0.7984
vn -0.5907 0.1197 0.7980
vn -0.4963 -0.1600 0.8533
vn -0.4235 -0.2813 0.8611
vn -0.4900 -0.3289 0.8073
vn -0.5426 -0.1824 0.8199
vn -0.0009 -0.4622 0.8868
vn -0.0008 -0.4625 0.8866
vn -0.0008 -0.4633 0.8862
vn -0.0008 -0.4680 0.8837
vn -0.4830 -0.2390 0.8423
vn -0.4001 -0.3608 0.8424
vn -0.4510 -0.4187 0.7882
vn -0.5288 -0.2764 0.8025
vn -0.3865 -0.2718 0.8813
vn 0.3146 0.4465 0.8376
vn 0.1490 0.4630 0.8737
vn 0.2019 0.5640 0.8007
vn 0.3321 0.4702 0.8177
vn -0.0009 -0.4597 0.8881
vn -0.0009 -0.4591 0.8884
vn -0.3913 -0.2857 0.8748
vn -0.3849 -0.2770 0.8804
vn -0.0009 -0.4614 0.8872
vn -0.0009 -0.4605 0.8876
vn 0.3738 0.4139 0.8300
vn 0.0739 0.4059 0.9109
vn 0.1438 0.6230 0.7689
vn 0.4026 0.4389 0.8032
vn 0.3357 0.2360 0.9119
vn 0.3058 -0.3744 0.8754
vn 0.5771 -0.1389 0.8047
vn 0.6715 -0.1465 0.7263
vn 0.4720 -0.5220 0.7104
vn 0.5040 0.3336 0.7966
vn 0.1705 -0.0648 0.9832
vn 0.1592 0.1152 0.9805
vn 0.5044 0.3649 0.7825
vn 0.3344 0.2394 0.9115
vn 0.3331 0.2366 0.9127
vn 0.0005 0.4591 0.8884
vn 0.0005 0.4576 0.8892
vn 0.0009 0.4587 0.8886
vn 0.0007 0.4577 0.8891
vn 0.6213 0.0514 0.7819
vn 0.5599 0.2240 0.7977
vn 0.6413 0.2464 0.7266
vn 0.6764 0.0573 0.7342
vn 0.3357 0.2361 0.9119
vn 0.0009 0.4604 0.8877
vn 0.0010 0.4612 0.8873
vn 0.5203 0.1683 0.8372
vn 0.4440 0.2951 0.8460
vn 0.5108 0.3426 0.7885
vn 0.5670 0.1900 0.8015
vn -0.3954 -0.3136 0.8633
vn -0.3644 -0.2856 0.8863
vn -0.4910 0.1185 0.8630
vn -0.0898 0.0570 0.9943
vn 0.1362 -0.5048 0.8524
vn 0.1808 -0.6702 0.7198
vn 0.0010 0.4594 0.8882
vn 0.0009 0.4597 0.8880
vn -0.3283 -0.4658 0.8217
vn -0.1576 -0.4865 0.8593
vn -0.2089 -0.5883 0.7812
vn -0.3457 -0.4895 0.8005
vn -0.3225 -0.2474 0.9136
vn -0.3222 -0.2469 0.9139
vn 0.4834 0.3340 0.8091
vn -0.3808 -0.2619 0.8867
vn -0.1272 0.0458 0.9908
vn 0.0298 0.2261 0.9736
vn 0.4164 0.2658 0.8694
vn -0.4785 -0.3305 0.8135
vn 0.1734 -0.0754 0.9820
vn -0.0279 -0.2165 0.9759
vn -0.5135 -0.3720 0.7732
vn 0.1210 0.2238 0.9671
vn 0.2005 0.1935 0.9604
vn -0.3385 -0.2412 0.9095
vn 0.1150 -0.2303 0.9663
vn 0.1932 -0.1896 0.9626
vn -0.3365 -0.2329 0.9124
vn 0.3631 0.0027 0.9317
vn 0.3275 0.0864 0.9409
vn 0.3274 -0.0816 0.9413
vn 0.0016 -0.4653 0.8852
vn -0.1794 0.1841 0.9664
vn -0.1858 -0.1878 0.9644
vn 0.3822 0.2771 0.8816
vn 0.3865 0.2718 0.8813
vn -0.3341 -0.0896 0.9382
vn -0.3737 -0.0028 0.9275
vn -0.3340 0.0848 0.9387
vn 0.3641 0.2665 0.8924
vn 0.3067 0.2412 0.9207
vn 0.0015 -0.4636 0.8860
vn 0.0014 -0.4614 0.8872
vn 0.0012 -0.4595 0.8881
vn 0.2723 -0.2491 0.9294
vn 0.3657 0.2711 0.8904
vn 0.3455 0.2504 0.9044
vn 0.0011 -0.4590 0.8884
vn 0.0570 -0.0236 0.9981
vn -0.0006 0.4660 0.8848
vn -0.0006 0.4666 0.8844
vn -0.2228 0.2888 0.9311
vn -0.4067 0.4226 0.8099
vn 0.3628 -0.0548 0.9302
vn 0.5966 -0.0633 0.8000
vn -0.4714 0.0116 0.8819
vn -0.5815 -0.0054 0.8135
vn -0.1653 0.2267 0.9598
vn -0.3469 0.5070 0.7890
vn -0.3345 -0.2354 0.9125
vn -0.1649 -0.1195 0.9790
vn 0.2366 -0.3372 0.9112
vn 0.3249 -0.4761 0.8171
vn -0.0025 -0.5379 0.8430
vn -0.0025 -0.5327 0.8463
vn -0.0016 0.4593 0.8882
vn -0.0016 0.4592 0.8883
vn -0.5096 -0.3373 0.7915
vn -0.0298 -0.2259 0.9737
vn 0.5040 0.3336 0.7967
vn 0.0371 0.2273 0.9731
vn -0.3577 -0.2646 0.8956
vn -0.1787 0.0674 0.9816
vn 0.0000 -0.5363 0.8440
vn -0.0015 0.4617 0.8870
vn 0.1787 -0.2456 0.9527
vn -0.2528 0.3608 0.8977
vn -0.3894 0.0580 0.9192
vn -0.0015 0.4644 0.8856
vn 0.4985 -0.0113 0.8668
vn 0.3771 0.4118 0.8295
vn 0.2261 0.4158 0.8809
vn 0.3674 -0.5329 0.7622
vn 0.6091 0.0040 0.7930
vn -0.3433 0.5017 0.7940
vn -0.6273 0.0694 0.7756
vn 0.3919 0.0902 0.9156
vn 0.3981 0.0032 0.9173
vn 0.3926 -0.0838 0.9159
vn 0.2177 -0.4357 0.8733
vn 0.3103 -0.2703 0.9114
vn 0.3130 0.2670 0.9114
vn 0.2368 0.4378 0.8673
vn -0.4093 -0.0033 0.9124
vn -0.4021 0.0837 0.9117
vn -0.3106 -0.2589 0.9146
vn -0.4014 -0.0902 0.9114
vn -0.3083 0.2610 0.9148
vn -0.0025 -0.5350 0.8448
vn -0.0025 -0.5356 0.8444
vn 0.0016 -0.4655 0.8850
vn 0.0014 -0.4616 0.8871
vn -0.0015 0.4642 0.8857
vn 0.0015 -0.4635 0.8861
vn -0.0015 0.4618 0.8870
vn -0.4057 -0.2890 0.8671
vn -0.4548 -0.3204 0.8309
vn 0.3156 0.5023 0.8050
vn -0.4402 0.0279 0.8974
vn -0.3017 -0.5304 0.7922
vn 0.5258 -0.0216 0.8503
vn 0.4327 0.2961 0.8515
vn 0.4604 0.3240 0.8264
vn 0.3015 0.5306 0.7922
vn -0.5987 -0.0246 0.8006
vn 0.4841 0.4884 0.7260
vn 0.3659 0.6730 0.6428
vn 0.3804 0.2725 0.8838
vn -0.3646 -0.2643 0.8928
vn 0.2893 0.2280 0.9297
vn 0.3587 0.2696 0.8936
vn 0.5875 0.0349 0.8085
vn -0.3047 -0.5170 0.7999
vn -0.4803 -0.1967 0.8547
vn -0.4889 0.1240 0.8634
vn -0.5998 -0.0515 0.7984
vn -0.4963 -0.1601 0.8533
vn -0.4236 -0.2813 0.8611
vn -0.4899 -0.3289 0.8073
vn -0.4000 -0.3608 0.8424
vn 0.2958 -0.3728 0.8795
vn 0.5771 -0.1390 0.8047
vn 0.4640 -0.5284 0.7110
vn 0.3334 0.2423 0.9111
vn 0.3312 0.2372 0.9133
vn 0.6413 0.2465 0.7266
vn 0.4440 0.2950 0.8460
vn -0.4180 -0.3212 0.8498
vn -0.3935 -0.2922 0.8716
vn 0.5096 0.3373 0.7915
vn -0.5040 -0.3336 0.7966
vn -0.1707 0.0648 0.9832
vn 0.1786 -0.0673 0.9816
vn 0.1915 0.1896 0.9630
vn -0.3377 -0.2435 0.9092
vn 0.1853 -0.1859 0.9649
vn 0.3821 0.2771 0.8816
vn 0.3728 0.2739 0.8865
vn 0.0015 -0.4615 0.8871
vn 0.3752 -0.1896 0.9073
vn 0.0012 -0.4596 0.8881
vn 0.0708 -0.0317 0.9970
vn -0.0007 0.4659 0.8848
vn -0.0007 0.4667 0.8844
vn -0.3330 -0.2358 0.9129
vn 0.3249 -0.4761 0.8172
vn 0.0303 0.2350 0.9715
vn -0.0015 0.4643 0.8856
vn 0.3549 0.4123 0.8390
vn 0.3040 -0.2733 0.9126
vn 0.3064 0.2705 0.9126
vn 0.0015 -0.4617 0.8871
vn 0.3045 0.5172 0.7998
vn -0.5875 -0.0346 0.8084
vn 0.5986 0.0249 0.8007
vn 0.4704 0.5025 0.7254
vn 0.3760 0.2841 0.8820
vn 0.5998 -0.0515 0.7984
vn 0.4236 -0.2813 0.8611
vn 0.4000 -0.3608 0.8424
vn -0.4440 0.2951 0.8460
vn -0.3276 0.0864 0.9409
vn 0.4713 0.0116 0.8819
vn 0.5814 -0.0054 0.8135
vn 0.6273 0.0694 0.7756
vn -0.0015 -0.4617 0.8871
vn -0.2835 -0.3344 0.8988
vn -0.5432 -0.0443 0.8384
vn -0.5998 -0.0516 0.7985
vn -0.5040 -0.3336 0.7967
vn 0.1915 0.1897 0.9630
vn 0.3632 0.0027 0.9317
vn 0.3276 0.0864 0.9409
vn 0.3728 0.2738 0.8865
vn -0.4068 0.4226 0.8099
vn -0.6273 0.0694 0.7757
vn 0.3804 0.2725 0.8837
vn 0.5874 0.0349 0.8085
vn -0.4599 0.2265 0.8585
vn 0.4804 -0.1967 0.8547
vn 0.5998 -0.0515 0.7985
vn 0.4962 -0.1600 0.8533
vn 0.0008 -0.4680 0.8837
vn 0.0008 -0.4633 0.8862
vn 0.5287 -0.2764 0.8025
vn 0.4000 -0.3608 0.8425
vn -0.3026 -0.3730 0.8771
vn -0.4692 -0.5224 0.7119
vn -0.5771 -0.1390 0.8047
vn -0.1592 0.1152 0.9805
vn -0.3331 0.2366 0.9127
vn -0.3344 0.2394 0.9115
vn -0.5044 0.3649 0.7826
vn -0.0005 0.4591 0.8884
vn -0.0005 0.4576 0.8892
vn -0.1367 -0.5234 0.8411
vn -0.1686 -0.6454 0.7450
vn 0.5040 -0.3336 0.7967
vn 0.5135 -0.3720 0.7732
vn 0.3385 -0.2412 0.9095
vn -0.1944 0.1897 0.9624
vn -0.1230 0.2394 0.9631
vn -0.1170 -0.2462 0.9621
vn -0.1879 -0.1860 0.9644
vn -0.3821 0.2771 0.8816
vn 0.3737 -0.0027 0.9275
vn -0.5966 -0.0634 0.8000
vn 0.4714 0.0116 0.8818
vn 0.5814 -0.0055 0.8135
vn 0.1649 -0.1195 0.9790
vn 0.3345 -0.2354 0.9125
vn -0.3250 -0.4761 0.8171
vn -0.3698 0.4103 0.8336
vn -0.2258 0.4319 0.8732
vn 0.6273 0.0693 0.7757
vn -0.3925 -0.0838 0.9159
vn -0.3057 -0.2702 0.9130
vn -0.1922 -0.4042 0.8943
vn -0.3082 0.2672 0.9130
vn -0.2084 0.4057 0.8899
vn -0.3016 0.5306 0.7922
vn -0.4791 0.4905 0.7278
vn -0.3393 0.6491 0.6808
vn -0.3804 0.2725 0.8838
vn 0.5814 -0.0054 0.8136
vn -0.3249 -0.4761 0.8172
vn 0.5966 -0.0634 0.8000
usemtl None
s 1
f 156/1/1 75/2/2 330/3/3 261/4/4
f 33/5/5 812/6/5 987/7/6 204/8/6
f 55/9/7 54/10/7 229/11/7 230/12/7
f 164/13/8 83/14/9 260/15/10 325/16/11
f 792/17/12 28/18/12 203/19/12 986/20/12
f 48/21/13 49/22/13 226/23/14 224/24/14
f 813/25/13 43/26/13 220/27/14 1008/28/14
f 52/29/13 387/30/13 592/31/14 228/32/14
f 79/33/15 156/1/1 261/4/4 256/34/16
f 111/35/17 292/36/18 287/37/19 108/38/20
f 51/39/13 52/29/13 228/32/14 227/40/14
f 14/41/21 188/42/22 190/43/23 16/44/24
f 50/45/13 51/39/13 227/40/14 225/46/14
f 102/47/25 281/48/26 285/49/27 106/50/28
f 49/22/13 50/45/13 225/46/14 226/23/14
f 17/51/29 191/52/30 189/53/31 15/54/32
f 47/55/13 48/21/13 224/24/14 223/56/14
f 46/57/13 47/55/13 223/56/14 222/58/14
f 110/59/33 291/60/34 282/61/35 103/62/36
f 45/63/13 46/57/13 222/58/14 221/64/14
f 80/65/37 807/66/38 1006/67/39 257/68/40
f 12/69/41 187/70/42 182/71/43 9/72/44
f 143/73/45 142/74/45 302/75/45 304/76/45
f 107/77/46 286/78/47 290/79/48 109/80/49
f 44/81/13 45/63/13 221/64/14 219/82/14
f 83/14/9 82/83/50 259/84/51 260/15/10
f 499/85/52 145/86/53 305/87/54 695/88/55
f 43/26/13 44/81/13 219/82/14 220/27/14
f 82/83/50 81/89/56 258/90/57 259/84/51
f 3/91/58 176/92/59 180/93/60 7/94/61
f 145/86/53 144/95/45 303/96/45 305/87/54
f 170/97/62 169/98/63 326/99/63 327/100/62
f 81/89/56 80/65/37 257/68/40 258/90/57
f 144/95/45 143/73/45 304/76/45 303/96/45
f 112/101/64 293/102/65 296/103/66 116/104/67
f 87/105/68 142/74/45 143/73/45 88/106/69
f 910/107/70 172/108/71 329/109/72 1085/110/73
f 802/111/74 76/112/75 254/113/76 1001/114/77
f 142/74/45 141/115/45 298/116/45 302/75/45
f 114/117/78 295/118/79 294/119/80 113/120/81
f 172/108/71 171/121/62 328/122/62 329/109/72
f 78/123/82 79/33/15 256/34/16 255/124/83
f 11/125/84 186/126/85 177/127/86 4/128/87
f 138/129/88 137/130/89 252/131/90 301/132/91
f 843/133/92 1043/134/93 293/102/65 112/101/64
f 171/121/62 170/97/62 327/100/62 328/122/62
f 77/135/94 78/123/82 255/124/83 253/136/95
f 8/137/96 181/138/97 185/139/98 10/140/99
f 139/141/45 138/129/88 301/132/91 300/142/45
f 169/98/63 168/143/62 322/144/62 326/99/63
f 76/112/75 77/135/94 253/136/95 254/113/76
f 32/145/12 155/146/12 218/147/12 208/148/12
f 39/149/5 40/150/5 124/151/100 123/152/100
f 52/29/13 51/39/13 135/153/101 136/154/101
f 40/150/5 41/155/5 125/156/100 124/151/100
f 44/81/13 43/26/13 127/157/101 128/158/101
f 812/6/5 33/5/5 117/159/100 868/160/100
f 387/30/13 52/29/13 136/154/101 484/161/101
f 41/155/5 42/162/5 126/163/100 125/156/100
f 45/63/13 44/81/13 128/158/101 129/164/101
f 33/5/5 34/165/5 118/166/100 117/159/100
f 49/22/13 48/21/13 132/167/101 133/168/101
f 42/162/5 376/169/5 473/170/100 126/163/100
f 46/57/13 45/63/13 129/164/101 130/171/101
f 34/165/5 35/172/5 119/173/100 118/166/100
f 38/174/5 39/149/5 123/152/100 122/175/100
f 47/55/13 46/57/13 130/171/101 131/176/101
f 35/172/5 36/177/5 120/178/100 119/173/100
f 48/21/13 47/55/13 131/176/101 132/167/101
f 36/177/5 37/179/5 121/180/100 120/178/100
f 43/26/13 813/25/13 869/181/101 127/157/101
f 50/45/13 49/22/13 133/168/101 134/182/101
f 37/179/5 38/174/5 122/175/100 121/180/100
f 51/39/13 50/45/13 134/182/101 135/153/101
f 84/183/102 89/184/103 90/185/104 91/186/105
f 94/187/102 84/183/102 91/186/105 92/188/105
f 92/188/105 93/189/106 95/190/107 94/187/102
f 900/191/108 163/192/109 25/193/110 871/194/111
f 747/195/112 23/196/113 76/112/75 802/111/74
f 25/193/110 163/192/109 162/197/114
f 27/198/115 24/199/116 161/200/114 160/201/114
f 24/199/116 25/193/110 162/197/114 161/200/114
f 26/202/117 27/198/115 160/201/114 159/203/114
f 23/196/113 26/202/117 159/203/114 158/204/114
f 23/196/113 158/204/114 157/205/114
f 76/112/75 23/196/113 77/135/94
f 77/135/94 23/196/113 78/123/82
f 23/196/113 157/205/114 75/2/2
f 23/196/113 75/2/2 156/1/1 79/33/15
f 78/123/82 23/196/113 79/33/15
f 354/206/118 22/207/119 67/208/120 405/209/121
f 20/210/122 444/211/123 403/212/124 66/213/125
f 65/214/126 20/210/122 66/213/125
f 21/215/127 20/210/122 65/214/126 64/216/126
f 18/217/128 21/215/127 64/216/126 63/218/126
f 19/219/129 18/217/128 63/218/126 62/220/126
f 22/207/119 19/219/129 62/220/126 61/221/126
f 22/207/119 61/221/126 60/222/126
f 22/207/119 60/222/126 59/223/130
f 67/208/120 22/207/119 68/224/131
f 68/224/131 22/207/119 69/225/132
f 22/207/119 59/223/130 58/226/133 70/227/134
f 69/225/132 22/207/119 70/227/134
f 165/228/135 164/13/8 325/16/11 324/229/136
f 144/95/45 93/189/106 88/106/69 143/73/45
f 70/227/134 58/226/133 236/230/137 247/231/138
f 39/149/5 38/174/5 213/232/6 215/233/6
f 166/234/63 165/228/135 324/229/136 323/235/63
f 137/130/89 74/236/139 251/237/140 252/131/90
f 13/238/141 192/239/142 191/52/30 17/51/29
f 104/240/143 283/241/144 292/36/18 111/35/17
f 376/169/5 42/162/5 217/242/6 589/243/6
f 167/244/62 166/234/63 323/235/63 321/245/62
f 101/246/145 280/247/146 291/60/34 110/59/33
f 42/162/5 41/155/5 216/248/6 217/242/6
f 168/143/62 167/244/62 321/245/62 322/144/62
f 16/44/24 190/43/23 550/249/147 346/250/148
f 109/80/49 290/79/48 279/251/149 100/252/150
f 41/155/5 40/150/5 214/253/6 216/248/6
f 160/201/114 161/200/114 319/254/114 317/255/114
f 15/54/32 189/53/31 188/42/22 14/41/21
f 40/150/5 39/149/5 215/233/6 214/253/6
f 163/192/109 900/191/108 1075/256/151 320/257/152
f 108/38/20 287/37/19 286/78/47 107/77/46
f 38/174/5 37/179/5 212/258/6 213/232/6
f 162/197/114 163/192/109 320/257/152 318/259/114
f 106/50/28 285/49/27 284/260/153 105/261/154
f 37/179/5 36/177/5 211/262/6 212/258/6
f 161/200/114 162/197/114 318/259/114 319/254/114
f 154/263/155 53/264/156 74/236/139 137/130/89
f 155/146/12 32/145/12 83/14/9 164/13/8
f 71/265/157 410/266/158 630/267/159 248/268/160
f 98/269/161 99/270/162 166/234/63 167/244/62
f 499/85/52 504/271/12 149/272/12
f 99/270/162 95/190/107 165/228/135 166/234/63
f 95/190/107 93/189/106 144/95/45 165/228/135
f 165/228/135 144/95/45 145/86/53 164/13/8
f 164/13/8 145/86/53 499/85/52 146/273/12 155/146/12
f 146/273/12 499/85/52 147/274/12
f 147/274/12 499/85/52 148/275/12
f 148/275/12 499/85/52 149/272/12
f 86/276/163 141/115/45 142/74/45 87/105/68
f 85/277/164 140/278/45 141/115/45 86/276/163
f 97/279/161 98/269/161 167/244/62 168/143/62
f 96/280/165 97/279/161 168/143/62 169/98/63
f 89/184/103 96/280/165 169/98/63 170/97/62
f 150/281/166 910/107/70 890/282/166
f 90/185/104 89/184/103 170/97/62 139/141/45
f 139/141/45 170/97/62 171/121/62 138/129/88
f 138/129/88 171/121/62 172/108/71 137/130/89
f 172/108/71 910/107/70 150/281/166 151/283/166
f 172/108/71 151/283/166 152/284/166
f 172/108/71 152/284/166 153/285/166
f 137/130/89 172/108/71 153/285/166 154/263/155
f 10/140/99 1/286/167 71/265/157 72/287/168
f 6/288/169 5/289/170 55/9/7 56/290/7
f 54/10/7 55/9/7 5/289/170
f 8/137/96 72/287/168 73/291/171 9/72/44
f 12/69/41 73/291/171 74/236/139 53/264/156 54/10/7 5/289/170
f 10/140/99 72/287/168 8/137/96
f 9/72/44 73/291/171 12/69/41
f 17/51/29 3/91/58 7/94/61 13/238/141
f 3/91/58 17/51/29 15/54/32 4/128/87
f 14/41/21 11/125/84 4/128/87 15/54/32
f 11/125/84 14/41/21 16/44/24 2/292/172
f 2/292/172 16/44/24 346/250/148 1/286/167
f 410/266/158 71/265/157 1/286/167 346/250/148
f 393/293/7 487/294/173 13/238/141 57/295/7
f 7/94/61 57/295/7 13/238/141
f 116/104/67 102/47/25 106/50/28 112/101/64
f 102/47/25 116/104/67 114/117/78 103/62/36
f 113/120/81 110/59/33 103/62/36 114/117/78
f 110/59/33 113/120/81 115/296/174 101/246/145
f 101/246/145 115/296/174 870/297/175 100/252/150
f 807/66/38 80/65/37 100/252/150 870/297/175
f 792/17/12 843/133/92 112/101/64 28/18/12
f 29/298/12 28/18/12 112/101/64 106/50/28
f 81/89/56 109/80/49 100/252/150 80/65/37
f 82/83/50 107/77/46 109/80/49 81/89/56
f 29/298/12 106/50/28 105/261/154 30/299/12
f 83/14/9 108/38/20 107/77/46 82/83/50
f 30/299/12 105/261/154 104/240/143 31/300/12
f 83/14/9 111/35/17 108/38/20
f 104/240/143 111/35/17 83/14/9
f 31/300/12 104/240/143 83/14/9 32/145/12
f 186/126/85 175/301/176 174/302/177 173/303/178
f 187/70/42 178/304/179 179/305/180 183/306/178
f 181/138/97 182/71/43 184/307/178 173/303/178
f 176/92/59 177/127/86 184/307/178 183/306/178
f 191/52/30 192/239/142 684/308/181 546/309/178
f 188/42/22 189/53/31 547/310/178 552/311/178
f 185/139/98 181/138/97 173/303/178 174/302/177
f 177/127/86 186/126/85 173/303/178 184/307/178
f 180/93/60 176/92/59 183/306/178 179/305/180
f 182/71/43 187/70/42 183/306/178 184/307/178
f 189/53/31 191/52/30 546/309/178 547/310/178
f 190/43/23 188/42/22 552/311/178 550/249/147
f 196/312/182 199/313/183 940/314/178 941/315/178
f 198/316/184 195/317/185 933/318/186 939/319/178
f 197/320/187 196/312/182 941/315/178 1049/321/188
f 199/313/183 198/316/184 939/319/178 940/314/178
f 194/322/189 201/323/190 570/324/178 559/325/178
f 200/326/191 193/327/192 556/328/178 557/329/193
f 201/323/190 202/330/194 571/331/195 570/324/178
f 193/327/192 194/322/189 559/325/178 556/328/178
f 213/232/6 212/258/6 208/148/12 218/147/12
f 208/148/12 212/258/6 211/262/6 207/332/12
f 207/332/12 211/262/6 210/333/6 206/334/12
f 206/334/12 210/333/6 209/335/6 205/336/12
f 205/336/12 209/335/6 204/8/6 203/19/12
f 226/23/14 229/11/7 233/337/196 224/24/14
f 223/56/14 224/24/14 233/337/196 234/338/197
f 592/31/14 591/339/7 232/340/7 228/32/14
f 228/32/14 232/340/7 231/341/7 227/40/14
f 227/40/14 231/341/7 230/12/7 225/46/14
f 225/46/14 230/12/7 229/11/7 226/23/14
f 245/342/198 248/268/160 630/267/159 625/343/199
f 247/231/138 251/237/140 250/344/200 246/345/201
f 246/345/201 250/344/200 249/346/202 244/347/203
f 244/347/203 249/346/202 248/268/160 245/342/198
f 247/231/138 236/230/137 252/131/90 251/237/140
f 254/113/76 257/68/40 1006/67/39 1001/114/77
f 256/34/16 260/15/10 259/84/51 255/124/83
f 255/124/83 259/84/51 258/90/57 253/136/95
f 253/136/95 258/90/57 257/68/40 254/113/76
f 256/34/16 261/4/4 325/16/11 260/15/10
f 203/19/12 204/8/6 987/7/6 986/20/12
f 262/348/163 273/349/105 272/350/105 266/351/163
f 266/351/163 272/350/105 271/352/204 267/353/205
f 268/354/161 264/355/102 275/356/206 269/357/207
f 264/355/102 268/354/161 277/358/161 265/359/102
f 265/359/102 277/358/161 276/360/208 270/361/209
f 291/60/34 280/247/146 279/251/149 278/362/178
f 292/36/18 283/241/144 284/260/153 288/363/178
f 286/78/47 287/37/19 289/364/178 278/362/178
f 281/48/26 282/61/35 289/364/178 288/363/178
f 296/103/66 293/102/65 1043/134/93 1040/365/178
f 294/119/80 295/118/79 1041/366/178 1048/367/178
f 290/79/48 286/78/47 278/362/178 279/251/149
f 282/61/35 291/60/34 278/362/178 289/364/178
f 285/49/27 281/48/26 288/363/178 284/260/153
f 287/37/19 292/36/18 288/363/178 289/364/178
f 295/118/79 296/103/66 1040/365/178 1041/366/178
f 297/368/210 294/119/80 1048/367/178 1052/369/211
f 241/370/126 243/371/212 305/87/54 303/96/45
f 238/372/126 239/373/126 298/116/45 299/374/45
f 236/230/137 235/375/213 301/132/91 252/131/90
f 243/371/212 618/376/214 695/88/55 305/87/54
f 239/373/126 240/377/126 302/75/45 298/116/45
f 235/375/213 237/378/126 300/142/45 301/132/91
f 240/377/126 242/379/126 304/76/45 302/75/45
f 242/379/126 241/370/126 303/96/45 304/76/45
f 237/378/126 238/372/126 299/374/45 300/142/45
f 219/82/14 221/64/14 312/380/166 310/381/166
f 217/242/6 216/248/6 308/382/12 309/383/12
f 1008/28/14 220/27/14 311/384/166 1067/385/166
f 221/64/14 222/58/14 313/386/166 312/380/166
f 589/243/6 217/242/6 309/383/12 700/387/12
f 214/253/6 215/233/6 307/388/12 306/389/12
f 222/58/14 223/56/14 234/338/197 313/386/166
f 220/27/14 219/82/14 310/381/166 311/384/166
f 216/248/6 214/253/6 306/389/12 308/382/12
f 213/232/6 218/147/12 307/388/12 215/233/6
f 318/259/114 320/257/152 329/109/72 328/122/62
f 314/390/114 316/391/114 322/144/62 321/245/62
f 261/4/4 330/3/3 324/229/136 325/16/11
f 320/257/152 1075/256/151 1085/110/73 329/109/72
f 316/391/114 317/255/114 326/99/63 322/144/62
f 330/3/3 315/392/114 323/235/63 324/229/136
f 317/255/114 319/254/114 327/100/62 326/99/63
f 319/254/114 318/259/114 328/122/62 327/100/62
f 315/392/114 314/390/114 321/245/62 323/235/63
f 263/393/215 274/394/216 273/349/105 262/348/163
f 56/290/7 55/9/7 230/12/7 231/341/7
f 116/104/67 296/103/66 295/118/79 114/117/78
f 21/215/127 18/217/128 194/322/189 193/327/192
f 87/105/68 88/106/69 263/393/215 262/348/163
f 75/2/2 157/205/114 315/392/114 330/3/3
f 57/295/7 56/290/7 231/341/7 232/340/7
f 146/273/12 147/274/12 306/389/12 307/388/12
f 84/183/102 94/187/102 264/355/102 265/359/102
f 393/293/7 57/295/7 232/340/7 591/339/7
f 113/120/81 294/119/80 297/368/210 115/296/174
f 147/274/12 148/275/12 308/382/12 306/389/12
f 23/196/113 747/195/112 933/318/186 195/317/185
f 85/277/164 86/276/163 266/351/163 267/353/205
f 54/10/7 53/264/156 233/337/196 229/11/7
f 148/275/12 149/272/12 309/383/12 308/382/12
f 25/193/110 24/199/116 196/312/182 197/320/187
f 86/276/163 87/105/68 262/348/163 266/351/163
f 149/272/12 504/271/12 700/387/12 309/383/12
f 27/198/115 26/202/117 198/316/184 199/313/183
f 99/270/162 98/269/161 268/354/161 269/357/207
f 151/283/166 150/281/166 311/384/166 310/381/166
f 89/184/103 84/183/102 265/359/102 270/361/209
f 487/294/173 684/308/181 192/239/142 13/238/141
f 53/264/156 154/263/155 234/338/197 233/337/196
f 152/284/166 151/283/166 310/381/166 312/380/166
f 91/186/105 90/185/104 271/352/204 272/350/105
f 153/285/166 152/284/166 312/380/166 313/386/166
f 92/188/105 91/186/105 272/350/105 273/349/105
f 871/194/111 25/193/110 197/320/187 1049/321/188
f 154/263/155 153/285/166 313/386/166 234/338/197
f 24/199/116 27/198/115 199/313/183 196/312/182
f 93/189/106 92/188/105 273/349/105 274/394/216
f 150/281/166 890/282/166 1067/385/166 311/384/166
f 95/190/107 99/270/162 269/357/207 275/356/206
f 141/115/45 140/278/45 299/374/45 298/116/45
f 58/226/133 59/223/130 235/375/213 236/230/137
f 26/202/117 23/196/113 195/317/185 198/316/184
f 115/296/174 297/368/210 1052/369/211 870/297/175
f 59/223/130 60/222/126 237/378/126 235/375/213
f 60/222/126 61/221/126 238/372/126 237/378/126
f 90/185/104 85/277/164 267/353/205 271/352/204
f 61/221/126 62/220/126 239/373/126 238/372/126
f 444/211/123 20/210/122 200/326/191 557/329/193
f 94/187/102 95/190/107 275/356/206 264/355/102
f 62/220/126 63/218/126 240/377/126 239/373/126
f 97/279/161 96/280/165 276/360/208 277/358/161
f 64/216/126 65/214/126 241/370/126 242/379/126
f 98/269/161 97/279/161 277/358/161 268/354/161
f 140/278/45 139/141/45 300/142/45 299/374/45
f 65/214/126 66/213/125 243/371/212 241/370/126
f 18/217/128 19/219/129 201/323/190 194/322/189
f 88/106/69 93/189/106 274/394/216 263/393/215
f 66/213/125 403/212/124 618/376/214 243/371/212
f 20/210/122 21/215/127 193/327/192 200/326/191
f 1/286/167 174/302/177 175/301/176 2/292/172
f 63/218/126 64/216/126 242/379/126 240/377/126
f 22/207/119 354/206/118 571/331/195 202/330/194
f 4/128/87 177/127/86 176/92/59 3/91/58
f 96/280/165 89/184/103 270/361/209 276/360/208
f 6/288/169 179/305/180 178/304/179 5/289/170
f 67/208/120 68/224/131 244/347/203 245/342/198
f 28/18/12 29/298/12 205/336/12 203/19/12
f 19/219/129 22/207/119 202/330/194 201/323/190
f 7/94/61 180/93/60 179/305/180 6/288/169
f 68/224/131 69/225/132 246/345/201 244/347/203
f 29/298/12 30/299/12 206/334/12 205/336/12
f 9/72/44 182/71/43 181/138/97 8/137/96
f 69/225/132 70/227/134 247/231/138 246/345/201
f 155/146/12 146/273/12 307/388/12 218/147/12
f 30/299/12 31/300/12 207/332/12 206/334/12
f 405/209/121 67/208/120 245/342/198 625/343/199
f 31/300/12 32/145/12 208/148/12 207/332/12
f 10/140/99 185/139/98 174/302/177 1/286/167
f 72/287/168 71/265/157 248/268/160 249/346/202
f 157/205/114 158/204/114 314/390/114 315/392/114
f 34/165/5 33/5/5 204/8/6 209/335/6
f 100/252/150 279/251/149 280/247/146 101/246/145
f 2/292/172 175/301/176 186/126/85 11/125/84
f 73/291/171 72/287/168 249/346/202 250/344/200
f 158/204/114 159/203/114 316/391/114 314/390/114
f 35/172/5 34/165/5 209/335/6 210/333/6
f 103/62/36 282/61/35 281/48/26 102/47/25
f 5/289/170 178/304/179 187/70/42 12/69/41
f 74/236/139 73/291/171 250/344/200 251/237/140
f 159/203/114 160/201/114 317/255/114 316/391/114
f 36/177/5 35/172/5 210/333/6 211/262/6
f 105/261/154 284/260/153 283/241/144 104/240/143
f 6/288/169 56/290/7 57/295/7 7/94/61
f 85/277/164 90/185/104 139/141/45 140/278/45
f 512/395/217 642/396/218 724/397/219 415/398/220
f 366/399/5 575/400/6 620/401/6 426/402/5
f 390/403/7 604/404/7 603/405/7 389/406/7
f 521/407/221 718/408/222 640/409/223 425/410/224
f 404/411/225 619/412/12 574/413/12 361/414/12
f 382/415/13 598/416/14 600/417/14 383/418/13
f 427/419/13 643/420/14 594/421/14 377/422/13
f 386/423/13 602/424/14 592/31/14 387/30/13
f 420/425/226 635/426/227 642/396/218 512/395/217
f 456/427/228 453/428/229 669/429/230 674/430/231
f 385/431/13 601/432/14 602/424/14 386/423/13
f 344/433/232 347/434/233 551/435/234 548/436/235
f 384/437/13 599/438/14 601/432/14 385/431/13
f 447/439/236 451/440/237 667/441/238 663/442/239
f 383/418/13 600/417/14 599/438/14 384/437/13
f 348/443/240 345/444/241 549/445/242 553/446/243
f 381/447/13 597/448/14 598/416/14 382/415/13
f 380/449/13 596/450/14 597/448/14 381/447/13
f 455/451/244 448/452/245 664/453/246 673/454/247
f 379/455/13 595/456/14 596/450/14 380/449/13
f 422/457/248 637/458/249 641/459/250 421/460/251
f 342/461/252 339/462/253 540/463/254 545/464/255
f 496/465/256 693/466/256 691/467/256 495/468/256
f 452/469/257 454/470/258 672/471/259 668/472/260
f 378/473/13 593/474/14 595/456/14 379/455/13
f 425/410/224 640/409/223 639/475/261 424/476/262
f 499/85/52 695/88/55 694/477/263 498/478/264
f 377/422/13 594/421/14 593/474/14 378/473/13
f 424/476/262 639/475/261 638/479/265 423/480/266
f 333/481/267 337/482/268 538/483/269 534/484/270
f 498/478/264 694/477/263 692/485/256 497/486/256
f 527/487/271 720/488/271 719/489/271 526/490/271
f 423/480/266 638/479/265 637/458/249 422/457/248
f 497/486/256 692/485/256 693/466/256 496/465/256
f 457/491/272 462/492/273 681/493/274 677/494/275
f 431/495/276 432/496/277 496/465/256 495/468/256
f 530/497/278 723/498/279 722/499/280 529/500/281
f 416/501/282 636/502/283 633/503/284 417/504/285
f 495/468/256 691/467/256 686/505/256 494/506/256
f 460/507/286 459/508/287 679/509/288 680/510/289
f 529/500/281 722/499/280 721/511/290 528/512/271
f 419/513/291 634/514/292 635/426/227 420/425/226
f 341/515/293 334/516/294 535/517/295 544/518/296
f 491/519/297 690/520/298 631/521/299 490/522/300
f 458/523/301 457/491/272 677/494/275 678/524/302
f 528/512/271 721/511/290 720/488/271 527/487/271
f 418/525/303 632/526/304 634/514/292 419/513/291
f 338/527/305 340/528/306 543/529/307 539/530/308
f 492/531/309 689/532/310 690/520/298 491/519/297
f 526/490/271 719/489/271 715/533/271 525/534/271
f 417/504/285 633/503/284 632/526/304 418/525/303
f 365/535/12 579/536/12 590/537/12 511/538/12
f 372/539/5 469/540/100 470/541/100 373/542/5
f 386/423/13 483/543/101 482/544/101 385/431/13
f 373/542/5 470/541/100 471/545/100 374/546/5
f 378/473/13 475/547/101 474/548/101 377/422/13
f 426/402/5 485/549/100 463/550/100 366/399/5
f 387/30/13 484/161/101 483/543/101 386/423/13
f 374/546/5 471/545/100 472/551/100 375/552/5
f 379/455/13 476/553/101 475/547/101 378/473/13
f 366/399/5 463/550/100 464/554/100 367/555/5
f 383/418/13 480/556/101 479/557/101 382/415/13
f 375/552/5 472/551/100 473/170/100 376/169/5
f 380/449/13 477/558/101 476/553/101 379/455/13
f 367/555/5 464/554/100 465/559/100 368/560/5
f 371/561/5 468/562/100 469/540/100 372/539/5
f 381/447/13 478/563/101 477/558/101 380/449/13
f 368/560/5 465/559/100 466/564/100 369/565/5
f 382/415/13 479/557/101 478/563/101 381/447/13
f 369/565/5 466/564/100 467/566/100 370/567/5
f 377/422/13 474/548/101 486/568/101 427/419/13
f 384/437/13 481/569/101 480/556/101 383/418/13
f 370/567/5 467/566/100 468/562/100 371/561/5
f 385/431/13 482/544/101 481/569/101 384/437/13
f 428/570/311 435/571/312 434/572/313 433/573/314
f 438/574/315 436/575/316 435/571/312 428/570/311
f 436/575/316 438/574/315 439/576/317 437/577/318
f 520/578/319 489/579/320 358/580/321 519/581/322
f 355/582/323 416/501/282 417/504/285 356/583/324
f 358/580/321 518/584/325 519/581/322
f 360/585/326 516/586/325 517/587/325 357/588/327
f 357/588/327 517/587/325 518/584/325 358/580/321
f 359/589/328 515/590/325 516/586/325 360/585/326
f 356/583/324 514/591/325 515/590/325 359/589/328
f 356/583/324 513/592/325 514/591/325
f 417/504/285 418/525/303 356/583/324
f 418/525/303 419/513/291 356/583/324
f 356/583/324 415/398/220 513/592/325
f 356/583/324 420/425/226 512/395/217 415/398/220
f 419/513/291 420/425/226 356/583/324
f 354/206/118 405/209/121 406/593/329 353/594/330
f 351/595/331 402/596/332 403/212/124 444/211/123
f 401/597/333 402/596/332 351/595/331
f 352/598/334 400/599/333 401/597/333 351/595/331
f 349/600/335 399/601/333 400/599/333 352/598/334
f 350/602/336 398/603/333 399/601/333 349/600/335
f 353/594/330 397/604/333 398/603/333 350/602/336
f 353/594/330 396/605/337 397/604/333
f 353/594/330 395/606/338 396/605/337
f 406/593/329 407/607/339 353/594/330
f 407/607/339 408/608/340 353/594/330
f 353/594/330 409/609/341 394/610/342 395/606/338
f 408/608/340 409/609/341 353/594/330
f 522/611/343 717/612/344 718/408/222 521/407/221
f 497/486/256 496/465/256 432/496/277 437/577/318
f 409/609/341 624/613/345 610/614/346 394/610/342
f 372/539/5 586/615/6 584/616/6 371/561/5
f 523/617/290 716/618/290 717/612/344 522/611/343
f 490/522/300 631/521/299 629/619/347 414/620/348
f 343/621/349 348/443/240 553/446/243 554/622/350
f 449/623/351 456/427/228 674/430/231 665/624/352
f 376/169/5 589/243/6 588/625/6 375/552/5
f 524/626/271 714/627/271 716/618/290 523/617/290
f 446/628/353 455/451/244 673/454/247 662/629/354
f 375/552/5 588/625/6 587/630/6 374/546/5
f 525/534/271 715/533/271 714/627/271 524/626/271
f 347/434/233 346/250/148 550/249/147 551/435/234
f 454/470/258 445/631/355 661/632/356 672/471/259
f 374/546/5 587/630/6 585/633/6 373/542/5
f 516/586/325 709/634/325 711/635/325 517/587/325
f 345/444/241 344/433/232 548/436/235 549/445/242
f 373/542/5 585/633/6 586/615/6 372/539/5
f 519/581/322 712/636/357 713/637/358 520/578/319
f 453/428/229 452/469/257 668/472/260 669/429/230
f 371/561/5 584/616/6 583/638/6 370/567/5
f 518/584/325 710/639/325 712/636/357 519/581/322
f 451/440/237 450/640/359 666/641/360 667/441/238
f 370/567/5 583/638/6 582/642/6 369/565/5
f 517/587/325 711/635/325 710/639/325 518/584/325
f 509/643/361 490/522/300 414/620/348 388/644/362
f 511/538/12 521/407/221 425/410/224 365/535/12
f 411/645/363 626/646/364 630/267/159 410/266/158
f 442/647/365 524/626/271 523/617/290 443/648/366
f 499/85/52 503/649/12 504/271/12
f 443/648/366 523/617/290 522/611/343 439/576/317
f 439/576/317 522/611/343 497/486/256 437/577/318
f 522/611/343 521/407/221 498/478/264 497/486/256
f 521/407/221 511/538/12 500/650/12 499/85/52 498/478/264
f 500/650/12 501/651/12 499/85/52
f 501/651/12 502/652/12 499/85/52
f 502/652/12 503/649/12 499/85/52
f 430/653/367 431/495/276 495/468/256 494/506/256
f 429/654/368 430/653/367 494/506/256 493/655/369
f 441/656/365 525/534/271 524/626/271 442/647/365
f 440/657/370 526/490/271 525/534/271 441/656/365
f 433/573/314 527/487/271 526/490/271 440/657/370
f 505/658/166 510/659/371 530/497/278
f 434/572/313 492/531/309 527/487/271 433/573/314
f 492/531/309 491/519/297 528/512/271 527/487/271
f 491/519/297 490/522/300 529/500/281 528/512/271
f 529/500/281 506/660/166 505/658/166 530/497/278
f 529/500/281 507/661/166 506/660/166
f 529/500/281 508/662/166 507/661/166
f 490/522/300 509/643/361 508/662/166 529/500/281
f 340/528/306 412/663/372 411/645/363 331/664/373
f 336/665/374 391/666/7 390/403/7 335/667/375
f 389/406/7 335/667/375 390/403/7
f 338/527/305 339/462/253 413/668/376 412/663/372
f 342/461/252 335/667/375 389/406/7 388/644/362 414/620/348 413/668/376
f 340/528/306 338/527/305 412/663/372
f 339/462/253 342/461/252 413/668/376
f 348/443/240 343/621/349 337/482/268 333/481/267
f 333/481/267 334/516/294 345/444/241 348/443/240
f 344/433/232 345/444/241 334/516/294 341/515/293
f 341/515/293 332/669/377 347/434/233 344/433/232
f 332/669/377 331/664/373 346/250/148 347/434/233
f 410/266/158 346/250/148 331/664/373 411/645/363
f 393/293/7 392/670/7 343/621/349 487/294/173
f 337/482/268 343/621/349 392/670/7
f 462/492/273 457/491/272 451/440/237 447/439/236
f 447/439/236 448/452/245 460/507/286 462/492/273
f 459/508/287 460/507/286 448/452/245 455/451/244
f 455/451/244 446/628/353 461/671/378 459/508/287
f 446/628/353 445/631/355 488/672/379 461/671/378
f 421/460/251 488/672/379 445/631/355 422/457/248
f 404/411/225 361/414/12 457/491/272 458/523/301
f 362/673/12 451/440/237 457/491/272 361/414/12
f 423/480/266 422/457/248 445/631/355 454/470/258
f 424/476/262 423/480/266 454/470/258 452/469/257
f 362/673/12 363/674/12 450/640/359 451/440/237
f 425/410/224 424/476/262 452/469/257 453/428/229
f 363/674/12 364/675/12 449/623/351 450/640/359
f 425/410/224 453/428/229 456/427/228
f 449/623/351 425/410/224 456/427/228
f 364/675/12 365/535/12 425/410/224 449/623/351
f 544/518/296 531/676/178 532/677/380 533/678/381
f 545/464/255 541/679/178 537/680/382 536/681/383
f 539/530/308 531/676/178 542/682/178 540/463/254
f 534/484/270 541/679/178 542/682/178 535/517/295
f 553/446/243 546/309/178 684/308/181 554/622/350
f 548/436/235 552/311/178 547/310/178 549/445/242
f 543/529/307 532/677/380 531/676/178 539/530/308
f 535/517/295 542/682/178 531/676/178 544/518/296
f 538/483/269 537/680/382 541/679/178 534/484/270
f 540/463/254 542/682/178 541/679/178 545/464/255
f 549/445/242 547/310/178 546/309/178 553/446/243
f 551/435/234 550/249/147 552/311/178 548/436/235
f 562/683/384 568/684/178 567/685/178 565/686/385
f 564/687/386 566/688/178 560/689/387 561/690/388
f 563/691/389 685/692/390 568/684/178 562/683/384
f 565/686/385 567/685/178 566/688/178 564/687/386
f 558/693/391 559/325/178 570/324/178 572/694/392
f 569/695/393 557/329/193 556/328/178 555/696/394
f 572/694/392 570/324/178 571/331/195 573/697/395
f 555/696/394 556/328/178 559/325/178 558/693/391
f 584/616/6 590/537/12 579/536/12 583/638/6
f 579/536/12 578/698/12 582/642/6 583/638/6
f 578/698/12 577/699/12 581/700/6 582/642/6
f 577/699/12 576/701/12 580/702/6 581/700/6
f 576/701/12 574/413/12 575/400/6 580/702/6
f 600/417/14 598/416/14 607/703/396 603/405/7
f 597/448/14 608/704/397 607/703/396 598/416/14
f 592/31/14 602/424/14 606/705/7 591/339/7
f 602/424/14 601/432/14 605/706/7 606/705/7
f 601/432/14 599/438/14 604/404/7 605/706/7
f 599/438/14 600/417/14 603/405/7 604/404/7
f 622/707/398 625/343/199 630/267/159 626/646/364
f 624/613/345 623/708/399 628/709/400 629/619/347
f 623/708/399 621/710/401 627/711/402 628/709/400
f 621/710/401 622/707/398 626/646/364 627/711/402
f 624/613/345 629/619/347 631/521/299 610/614/346
f 633/503/284 636/502/283 641/459/250 637/458/249
f 635/426/227 634/514/292 639/475/261 640/409/223
f 634/514/292 632/526/304 638/479/265 639/475/261
f 632/526/304 633/503/284 637/458/249 638/479/265
f 635/426/227 640/409/223 718/408/222 642/396/218
f 574/413/12 619/412/12 620/401/6 575/400/6
f 644/712/276 648/713/276 654/714/403 655/715/404
f 648/713/276 649/716/405 653/717/406 654/714/403
f 650/718/365 651/719/407 657/720/408 646/721/409
f 646/721/409 647/722/410 659/723/365 650/718/365
f 647/722/410 652/724/411 658/725/412 659/723/365
f 673/454/247 660/726/178 661/632/356 662/629/354
f 674/430/231 670/727/178 666/641/360 665/624/352
f 668/472/260 660/726/178 671/728/178 669/429/230
f 663/442/239 670/727/178 671/728/178 664/453/246
f 681/493/274 675/729/178 678/524/302 677/494/275
f 679/509/288 683/730/178 676/731/178 680/510/289
f 672/471/259 661/632/356 660/726/178 668/472/260
f 664/453/246 671/728/178 660/726/178 673/454/247
f 667/441/238 666/641/360 670/727/178 663/442/239
f 669/429/230 671/728/178 670/727/178 674/430/231
f 680/510/289 676/731/178 675/729/178 681/493/274
f 682/732/413 688/733/414 683/730/178 679/509/288
f 615/734/333 692/485/256 694/477/263 617/735/415
f 612/736/333 687/737/416 686/505/256 613/738/333
f 610/614/346 631/521/299 690/520/298 609/739/417
f 617/735/415 694/477/263 695/88/55 618/376/214
f 613/738/333 686/505/256 691/467/256 614/740/333
f 609/739/417 690/520/298 689/532/310 611/741/418
f 614/740/333 691/467/256 693/466/256 616/742/333
f 616/742/333 693/466/256 692/485/256 615/734/333
f 611/741/418 689/532/310 687/737/416 612/736/333
f 593/474/14 701/743/166 703/744/166 595/456/14
f 588/625/6 699/745/12 698/746/12 587/630/6
f 643/420/14 705/747/166 702/748/166 594/421/14
f 595/456/14 703/744/166 704/749/166 596/450/14
f 589/243/6 700/387/12 699/745/12 588/625/6
f 585/633/6 696/750/12 697/751/12 586/615/6
f 596/450/14 704/749/166 608/704/397 597/448/14
f 594/421/14 702/748/166 701/743/166 593/474/14
f 587/630/6 698/746/12 696/750/12 585/633/6
f 584/616/6 586/615/6 697/751/12 590/537/12
f 710/639/325 721/511/290 722/499/280 712/636/357
f 706/752/325 714/627/271 715/533/271 708/753/325
f 642/396/218 718/408/222 717/612/344 724/397/219
f 712/636/357 722/499/280 723/498/279 713/637/358
f 708/753/325 715/533/271 719/489/271 709/634/325
f 724/397/219 717/612/344 716/618/290 707/754/325
f 709/634/325 719/489/271 720/488/271 711/635/325
f 711/635/325 720/488/271 721/511/290 710/639/325
f 707/754/325 716/618/290 714/627/271 706/752/325
f 645/755/419 644/712/276 655/715/404 656/756/420
f 391/666/7 605/706/7 604/404/7 390/403/7
f 462/492/273 460/507/286 680/510/289 681/493/274
f 352/598/334 555/696/394 558/693/391 349/600/335
f 431/495/276 644/712/276 645/755/419 432/496/277
f 415/398/220 724/397/219 707/754/325 513/592/325
f 392/670/7 606/705/7 605/706/7 391/666/7
f 500/650/12 697/751/12 696/750/12 501/651/12
f 428/570/311 647/722/410 646/721/409 438/574/315
f 393/293/7 591/339/7 606/705/7 392/670/7
f 459/508/287 461/671/378 682/732/413 679/509/288
f 501/651/12 696/750/12 698/746/12 502/652/12
f 356/583/324 561/690/388 560/689/387 355/582/323
f 429/654/368 649/716/405 648/713/276 430/653/367
f 389/406/7 603/405/7 607/703/396 388/644/362
f 502/652/12 698/746/12 699/745/12 503/649/12
f 358/580/321 563/691/389 562/683/384 357/588/327
f 430/653/367 648/713/276 644/712/276 431/495/276
f 503/649/12 699/745/12 700/387/12 504/271/12
f 360/585/326 565/686/385 564/687/386 359/589/328
f 443/648/366 651/719/407 650/718/365 442/647/365
f 506/660/166 701/743/166 702/748/166 505/658/166
f 433/573/314 652/724/411 647/722/410 428/570/311
f 487/294/173 343/621/349 554/622/350 684/308/181
f 388/644/362 607/703/396 608/704/397 509/643/361
f 507/661/166 703/744/166 701/743/166 506/660/166
f 435/571/312 654/714/403 653/717/406 434/572/313
f 508/662/166 704/749/166 703/744/166 507/661/166
f 436/575/316 655/715/404 654/714/403 435/571/312
f 489/579/320 685/692/390 563/691/389 358/580/321
f 509/643/361 608/704/397 704/749/166 508/662/166
f 357/588/327 562/683/384 565/686/385 360/585/326
f 437/577/318 656/756/420 655/715/404 436/575/316
f 505/658/166 702/748/166 705/747/166 510/659/371
f 439/576/317 657/720/408 651/719/407 443/648/366
f 494/506/256 686/505/256 687/737/416 493/655/369
f 394/610/342 610/614/346 609/739/417 395/606/338
f 359/589/328 564/687/386 561/690/388 356/583/324
f 461/671/378 488/672/379 688/733/414 682/732/413
f 395/606/338 609/739/417 611/741/418 396/605/337
f 396/605/337 611/741/418 612/736/333 397/604/333
f 434/572/313 653/717/406 649/716/405 429/654/368
f 397/604/333 612/736/333 613/738/333 398/603/333
f 444/211/123 557/329/193 569/695/393 351/595/331
f 438/574/315 646/721/409 657/720/408 439/576/317
f 398/603/333 613/738/333 614/740/333 399/601/333
f 441/656/365 659/723/365 658/725/412 440/657/370
f 400/599/333 616/742/333 615/734/333 401/597/333
f 442/647/365 650/718/365 659/723/365 441/656/365
f 493/655/369 687/737/416 689/532/310 492/531/309
f 401/597/333 615/734/333 617/735/415 402/596/332
f 349/600/335 558/693/391 572/694/392 350/602/336
f 432/496/277 645/755/419 656/756/420 437/577/318
f 402/596/332 617/735/415 618/376/214 403/212/124
f 351/595/331 569/695/393 555/696/394 352/598/334
f 331/664/373 332/669/377 533/678/381 532/677/380
f 399/601/333 614/740/333 616/742/333 400/599/333
f 353/594/330 573/697/395 571/331/195 354/206/118
f 334/516/294 333/481/267 534/484/270 535/517/295
f 440/657/370 658/725/412 652/724/411 433/573/314
f 336/665/374 335/667/375 536/681/383 537/680/382
f 406/593/329 622/707/398 621/710/401 407/607/339
f 361/414/12 574/413/12 576/701/12 362/673/12
f 350/602/336 572/694/392 573/697/395 353/594/330
f 337/482/268 336/665/374 537/680/382 538/483/269
f 407/607/339 621/710/401 623/708/399 408/608/340
f 362/673/12 576/701/12 577/699/12 363/674/12
f 339/462/253 338/527/305 539/530/308 540/463/254
f 408/608/340 623/708/399 624/613/345 409/609/341
f 511/538/12 590/537/12 697/751/12 500/650/12
f 363/674/12 577/699/12 578/698/12 364/675/12
f 405/209/121 625/343/199 622/707/398 406/593/329
f 364/675/12 578/698/12 579/536/12 365/535/12
f 340/528/306 331/664/373 532/677/380 543/529/307
f 412/663/372 627/711/402 626/646/364 411/645/363
f 513/592/325 707/754/325 706/752/325 514/591/325
f 367/555/5 580/702/6 575/400/6 366/399/5
f 445/631/355 446/628/353 662/629/354 661/632/356
f 332/669/377 341/515/293 544/518/296 533/678/381
f 413/668/376 628/709/400 627/711/402 412/663/372
f 514/591/325 706/752/325 708/753/325 515/590/325
f 368/560/5 581/700/6 580/702/6 367/555/5
f 448/452/245 447/439/236 663/442/239 664/453/246
f 335/667/375 342/461/252 545/464/255 536/681/383
f 414/620/348 629/619/347 628/709/400 413/668/376
f 515/590/325 708/753/325 709/634/325 516/586/325
f 369/565/5 582/642/6 581/700/6 368/560/5
f 450/640/359 449/623/351 665/624/352 666/641/360
f 336/665/374 337/482/268 392/670/7 391/666/7
f 429/654/368 493/655/369 492/531/309 434/572/313
f 892/757/217 1007/758/218 1086/759/219 801/760/220
f 758/761/5 946/762/6 987/7/6 812/6/5
f 780/763/7 972/764/7 971/765/7 779/766/7
f 901/767/221 1080/768/222 1005/769/223 811/770/224
f 792/17/12 986/20/12 945/771/12 753/772/12
f 773/773/13 966/774/14 968/775/14 774/776/13
f 813/25/13 1008/28/14 962/777/14 768/778/13
f 777/779/13 970/780/14 1330/781/14 1142/782/13
f 806/783/226 1000/784/227 1007/758/218 892/757/217
f 841/785/228 838/786/229 1034/787/230 1039/788/231
f 776/789/13 969/790/14 970/780/14 777/779/13
f 738/791/421 740/792/233 928/793/234 926/794/235
f 775/795/13 967/796/14 969/790/14 776/789/13
f 832/797/236 836/798/237 1032/799/238 1028/800/239
f 774/776/13 968/775/14 967/796/14 775/795/13
f 741/801/422 739/802/241 927/803/423 929/804/243
f 772/805/13 965/806/14 966/774/14 773/773/13
f 771/807/13 964/808/14 965/806/14 772/805/13
f 840/809/424 833/810/425 1029/811/426 1038/812/247
f 770/813/13 963/814/14 964/808/14 771/807/13
f 808/815/248 1002/816/249 1006/67/39 807/66/38
f 736/817/252 733/818/427 920/819/254 925/820/255
f 878/821/256 1057/822/256 1055/823/256 877/824/256
f 837/825/257 839/826/258 1037/827/259 1033/828/260
f 769/829/13 961/830/14 963/814/14 770/813/13
f 811/770/224 1005/769/223 1004/831/261 810/832/262
f 1244/833/52 1422/834/55 1058/835/263 880/836/264
f 768/778/13 962/777/14 961/830/14 769/829/13
f 810/832/262 1004/831/261 1003/837/265 809/838/266
f 727/839/267 731/840/268 918/841/269 914/842/270
f 880/836/264 1058/835/263 1056/843/256 879/844/256
f 907/845/271 1082/846/271 1081/847/271 906/848/290
f 809/838/266 1003/837/265 1002/816/249 808/815/248
f 879/844/256 1056/843/256 1057/822/256 878/821/256
f 842/849/428 847/850/429 1046/851/274 1042/852/430
f 817/853/276 818/854/277 878/821/256 877/824/256
f 910/107/70 1085/110/73 1084/855/431 909/856/432
f 802/111/74 1001/114/77 998/857/284 803/858/285
f 877/824/256 1055/823/256 1050/859/256 876/860/256
f 845/861/286 844/862/287 1044/863/433 1045/864/289
f 909/856/432 1084/855/431 1083/865/290 908/866/290
f 805/867/291 999/868/292 1000/784/227 806/783/226
f 735/869/293 728/870/434 915/871/295 924/872/296
f 873/873/435 1054/874/436 996/875/299 872/876/300
f 843/133/92 842/849/428 1042/852/430 1043/134/93
f 908/866/290 1083/865/290 1082/846/271 907/845/271
f 804/877/303 997/878/304 999/868/292 805/867/291
f 732/879/305 734/880/306 923/881/307 919/882/308
f 874/883/256 1053/884/256 1054/874/436 873/873/435
f 906/848/290 1081/847/271 1077/885/271 905/886/271
f 803/858/285 998/857/284 997/878/304 804/877/303
f 757/887/12 950/888/12 960/889/12 891/890/12
f 764/891/5 854/892/100 855/893/100 765/894/5
f 777/779/13 867/895/101 866/896/101 776/789/13
f 765/894/5 855/893/100 856/897/100 766/898/5
f 769/829/13 859/899/101 858/900/101 768/778/13
f 812/6/5 868/160/100 848/901/100 758/761/5
f 1142/782/13 1233/902/101 867/895/101 777/779/13
f 766/898/5 856/897/100 857/903/100 767/904/5
f 770/813/13 860/905/101 859/899/101 769/829/13
f 758/761/5 848/901/100 849/906/100 759/907/5
f 774/776/13 864/908/101 863/909/101 773/773/13
f 767/904/5 857/903/100 1222/910/100 1131/911/5
f 771/807/13 861/912/101 860/905/101 770/813/13
f 759/907/5 849/906/100 850/913/100 760/914/5
f 763/915/5 853/916/100 854/892/100 764/891/5
f 772/805/13 862/917/101 861/912/101 771/807/13
f 760/914/5 850/913/100 851/918/100 761/919/5
f 773/773/13 863/909/101 862/917/101 772/805/13
f 761/919/5 851/918/100 852/920/100 762/921/5
f 768/778/13 858/900/101 869/181/101 813/25/13
f 775/795/13 865/922/101 864/908/101 774/776/13
f 762/921/5 852/920/100 853/916/100 763/915/5
f 776/789/13 866/896/101 865/922/101 775/795/13
f 814/923/437 821/924/438 820/925/439 819/926/314
f 824/927/437 822/928/438 821/924/438 814/923/437
f 822/928/438 824/927/437 825/929/440 823/930/318
f 900/191/108 871/194/111 750/931/441 899/932/442
f 747/195/112 802/111/74 803/858/285 748/933/443
f 750/931/441 898/934/325 899/932/442
f 752/935/326 896/936/325 897/937/325 749/938/327
f 749/938/327 897/937/325 898/934/325 750/931/441
f 751/939/328 895/940/325 896/936/325 752/935/326
f 748/933/443 894/941/325 895/940/325 751/939/328
f 748/933/443 893/942/325 894/941/325
f 803/858/285 804/877/303 748/933/443
f 804/877/303 805/867/291 748/933/443
f 748/933/443 801/760/220 893/942/325
f 748/933/443 806/783/226 892/757/217 801/760/220
f 805/867/291 806/783/226 748/933/443
f 1110/943/118 1159/944/121 793/945/329 746/946/330
f 744/947/331 791/948/444 1158/949/124 1194/950/123
f 790/951/333 791/948/444 744/947/331
f 745/952/334 789/953/333 790/951/333 744/947/331
f 742/954/335 788/955/333 789/953/333 745/952/334
f 743/956/336 787/957/333 788/955/333 742/954/335
f 746/946/330 786/958/333 787/957/333 743/956/336
f 746/946/330 785/959/333 786/958/333
f 746/946/330 784/960/445 785/959/333
f 793/945/329 794/961/339 746/946/330
f 794/961/339 795/962/446 746/946/330
f 746/946/330 796/963/341 783/964/447 784/960/445
f 795/962/446 796/963/341 746/946/330
f 902/965/343 1079/966/344 1080/768/222 901/767/221
f 879/844/256 878/821/256 818/854/277 823/930/318
f 796/963/341 991/967/448 978/968/449 783/964/447
f 764/891/5 957/969/6 955/970/6 763/915/5
f 903/971/271 1078/972/271 1079/966/344 902/965/343
f 872/876/300 996/875/299 995/973/450 800/974/451
f 737/975/349 741/801/422 929/804/243 930/976/350
f 834/977/351 841/785/228 1039/788/231 1030/978/352
f 1131/911/5 1327/979/6 959/980/6 767/904/5
f 904/981/271 1076/982/271 1078/972/271 903/971/271
f 831/983/353 840/809/424 1038/812/247 1027/984/354
f 767/904/5 959/980/6 958/985/6 766/898/5
f 905/886/271 1077/885/271 1076/982/271 904/981/271
f 740/792/233 1102/986/148 1292/987/147 928/793/234
f 839/826/258 830/988/355 1026/989/356 1037/827/259
f 766/898/5 958/985/6 956/990/6 765/894/5
f 896/936/325 1071/991/325 1073/992/325 897/937/325
f 739/802/241 738/791/421 926/794/235 927/803/423
f 765/894/5 956/990/6 957/969/6 764/891/5
f 899/932/442 1074/993/452 1075/256/151 900/191/108
f 838/786/229 837/825/257 1033/828/260 1034/787/230
f 763/915/5 955/970/6 954/994/6 762/921/5
f 898/934/325 1072/995/325 1074/993/452 899/932/442
f 836/798/237 835/996/359 1031/997/453 1032/799/238
f 762/921/5 954/994/6 953/998/6 761/919/5
f 897/937/325 1073/992/325 1072/995/325 898/934/325
f 889/999/361 872/876/300 800/974/451 778/1000/362
f 891/890/12 901/767/221 811/770/224 757/887/12
f 797/1001/363 992/1002/364 1366/1003/159 1164/1004/158
f 828/1005/365 904/981/271 903/971/271 829/1006/366
f 1244/833/52 884/1007/12 1249/1008/12
f 829/1006/366 903/971/271 902/965/343 825/929/440
f 825/929/440 902/965/343 879/844/256 823/930/318
f 902/965/343 901/767/221 880/836/264 879/844/256
f 901/767/221 891/890/12 881/1009/12 1244/833/52 880/836/264
f 881/1009/12 882/1010/12 1244/833/52
f 882/1010/12 883/1011/12 1244/833/52
f 883/1011/12 884/1007/12 1244/833/52
f 816/1012/276 817/853/276 877/824/256 876/860/256
f 815/1013/454 816/1012/276 876/860/256 875/1014/256
f 827/1015/365 905/886/271 904/981/271 828/1005/365
f 826/1016/370 906/848/290 905/886/271 827/1015/365
f 819/926/314 907/845/271 906/848/290 826/1016/370
f 885/1017/166 890/282/166 910/107/70
f 820/925/439 874/883/256 907/845/271 819/926/314
f 874/883/256 873/873/435 908/866/290 907/845/271
f 873/873/435 872/876/300 909/856/432 908/866/290
f 909/856/432 886/1018/166 885/1017/166 910/107/70
f 909/856/432 887/1019/166 886/1018/166
f 909/856/432 888/1020/166 887/1019/166
f 872/876/300 889/999/361 888/1020/166 909/856/432
f 734/880/306 798/1021/372 797/1001/363 725/1022/373
f 730/1023/374 781/1024/7 780/763/7 729/1025/375
f 779/766/7 729/1025/375 780/763/7
f 732/879/305 733/818/427 799/1026/455 798/1021/372
f 736/817/252 729/1025/375 779/766/7 778/1000/362 800/974/451 799/1026/455
f 734/880/306 732/879/305 798/1021/372
f 733/818/427 736/817/252 799/1026/455
f 741/801/422 737/975/349 731/840/268 727/839/267
f 727/839/267 728/870/434 739/802/241 741/801/422
f 738/791/421 739/802/241 728/870/434 735/869/293
f 735/869/293 726/1027/377 740/792/233 738/791/421
f 726/1027/377 725/1022/373 1102/986/148 740/792/233
f 1164/1004/158 1102/986/148 725/1022/373 797/1001/363
f 1148/1028/7 782/1029/7 737/975/349 1234/1030/173
f 731/840/268 737/975/349 782/1029/7
f 847/850/429 842/849/428 836/798/237 832/797/236
f 832/797/236 833/810/425 845/861/286 847/850/429
f 844/862/287 845/861/286 833/810/425 840/809/424
f 840/809/424 831/983/353 846/1031/456 844/862/287
f 831/983/353 830/988/355 870/297/175 846/1031/456
f 807/66/38 870/297/175 830/988/355 808/815/248
f 792/17/12 753/772/12 842/849/428 843/133/92
f 754/1032/12 836/798/237 842/849/428 753/772/12
f 809/838/266 808/815/248 830/988/355 839/826/258
f 810/832/262 809/838/266 839/826/258 837/825/257
f 754/1032/12 755/1033/12 835/996/359 836/798/237
f 811/770/224 810/832/262 837/825/257 838/786/229
f 755/1033/12 756/1034/12 834/977/351 835/996/359
f 811/770/224 838/786/229 841/785/228
f 834/977/351 811/770/224 841/785/228
f 756/1034/12 757/887/12 811/770/224 834/977/351
f 924/872/296 911/1035/178 912/1036/380 913/1037/381
f 925/820/255 921/1038/178 917/1039/382 916/1040/383
f 919/882/308 911/1035/178 922/1041/178 920/819/254
f 914/842/270 921/1038/178 922/1041/178 915/871/295
f 929/804/243 1288/1042/178 1413/1043/181 930/976/350
f 926/794/235 1294/1044/178 1289/1045/178 927/803/423
f 923/881/307 912/1036/380 911/1035/178 919/882/308
f 915/871/295 922/1041/178 911/1035/178 924/872/296
f 918/841/269 917/1039/382 921/1038/178 914/842/270
f 920/819/254 922/1041/178 921/1038/178 925/820/255
f 927/803/423 1289/1045/178 1288/1042/178 929/804/243
f 928/793/234 1292/987/147 1294/1044/178 926/794/235
f 935/1046/384 941/315/178 940/314/178 938/1047/385
f 937/1048/386 939/319/178 933/318/186 934/1049/457
f 936/1050/458 1049/321/188 941/315/178 935/1046/384
f 938/1047/385 940/314/178 939/319/178 937/1048/386
f 932/1051/391 1301/1052/178 1308/1053/178 943/1054/392
f 942/1055/393 1299/1056/193 1298/1057/178 931/1058/394
f 943/1054/392 1308/1053/178 1309/1059/195 944/1060/395
f 931/1058/394 1298/1057/178 1301/1052/178 932/1051/391
f 955/970/6 960/889/12 950/888/12 954/994/6
f 950/888/12 949/1061/12 953/998/6 954/994/6
f 949/1061/12 948/1062/12 952/1063/6 953/998/6
f 948/1062/12 947/1064/12 951/1065/6 952/1063/6
f 947/1064/12 945/771/12 946/762/6 951/1065/6
f 968/775/14 966/774/14 975/1066/396 971/765/7
f 965/806/14 976/1067/397 975/1066/396 966/774/14
f 1330/781/14 970/780/14 974/1068/7 1329/1069/7
f 970/780/14 969/790/14 973/1070/7 974/1068/7
f 969/790/14 967/796/14 972/764/7 973/1070/7
f 967/796/14 968/775/14 971/765/7 972/764/7
f 989/1071/398 1361/1072/199 1366/1003/159 992/1002/364
f 991/967/448 990/1073/459 994/1074/400 995/973/450
f 990/1073/459 988/1075/401 993/1076/402 994/1074/400
f 988/1075/401 989/1071/398 992/1002/364 993/1076/402
f 991/967/448 995/973/450 996/875/299 978/968/449
f 998/857/284 1001/114/77 1006/67/39 1002/816/249
f 1000/784/227 999/868/292 1004/831/261 1005/769/223
f 999/868/292 997/878/304 1003/837/265 1004/831/261
f 997/878/304 998/857/284 1002/816/249 1003/837/265
f 1000/784/227 1005/769/223 1080/768/222 1007/758/218
f 945/771/12 986/20/12 987/7/6 946/762/6
f 1009/1077/276 1013/1078/276 1019/1079/438 1020/1080/438
f 1013/1078/276 1014/1081/460 1018/1082/461 1019/1079/438
f 1015/1083/365 1016/1084/407 1022/1085/462 1011/1086/437
f 1011/1086/437 1012/1087/437 1024/1088/365 1015/1083/365
f 1012/1087/437 1017/1089/411 1023/1090/412 1024/1088/365
f 1038/812/247 1025/1091/178 1026/989/356 1027/984/354
f 1039/788/231 1035/1092/178 1031/997/453 1030/978/352
f 1033/828/260 1025/1091/178 1036/1093/178 1034/787/230
f 1028/800/239 1035/1092/178 1036/1093/178 1029/811/426
f 1046/851/274 1040/365/178 1043/134/93 1042/852/430
f 1044/863/433 1048/367/178 1041/366/178 1045/864/289
f 1037/827/259 1026/989/356 1025/1091/178 1033/828/260
f 1029/811/426 1036/1093/178 1025/1091/178 1038/812/247
f 1032/799/238 1031/997/453 1035/1092/178 1028/800/239
f 1034/787/230 1036/1093/178 1035/1092/178 1039/788/231
f 1045/864/289 1041/366/178 1040/365/178 1046/851/274
f 1047/1094/463 1052/369/211 1048/367/178 1044/863/433
f 983/1095/333 1056/843/256 1058/835/263 985/1096/415
f 980/1097/333 1051/1098/256 1050/859/256 981/1099/333
f 978/968/449 996/875/299 1054/874/436 977/1100/464
f 985/1096/415 1058/835/263 1422/834/55 1356/1101/214
f 981/1099/333 1050/859/256 1055/823/256 982/1102/333
f 977/1100/464 1054/874/436 1053/884/256 979/1103/333
f 982/1102/333 1055/823/256 1057/822/256 984/1104/333
f 984/1104/333 1057/822/256 1056/843/256 983/1095/333
f 979/1103/333 1053/884/256 1051/1098/256 980/1097/333
f 961/830/14 1063/1105/166 1065/1106/166 963/814/14
f 959/980/6 1062/1107/12 1061/1108/12 958/985/6
f 1008/28/14 1067/385/166 1064/1109/166 962/777/14
f 963/814/14 1065/1106/166 1066/1110/166 964/808/14
f 1327/979/6 1427/1111/12 1062/1107/12 959/980/6
f 956/990/6 1059/1112/12 1060/1113/12 957/969/6
f 964/808/14 1066/1110/166 976/1067/397 965/806/14
f 962/777/14 1064/1109/166 1063/1105/166 961/830/14
f 958/985/6 1061/1108/12 1059/1112/12 956/990/6
f 955/970/6 957/969/6 1060/1113/12 960/889/12
f 1072/995/325 1083/865/290 1084/855/431 1074/993/452
f 1068/1114/325 1076/982/271 1077/885/271 1070/1115/325
f 1007/758/218 1080/768/222 1079/966/344 1086/759/219
f 1074/993/452 1084/855/431 1085/110/73 1075/256/151
f 1070/1115/325 1077/885/271 1081/847/271 1071/991/325
f 1086/759/219 1079/966/344 1078/972/271 1069/1116/325
f 1071/991/325 1081/847/271 1082/846/271 1073/992/325
f 1073/992/325 1082/846/271 1083/865/290 1072/995/325
f 1069/1116/325 1078/972/271 1076/982/271 1068/1114/325
f 1010/1117/419 1009/1077/276 1020/1080/438 1021/1118/420
f 781/1024/7 973/1070/7 972/764/7 780/763/7
f 847/850/429 845/861/286 1045/864/289 1046/851/274
f 745/952/334 931/1058/394 932/1051/391 742/954/335
f 817/853/276 1009/1077/276 1010/1117/419 818/854/277
f 801/760/220 1086/759/219 1069/1116/325 893/942/325
f 782/1029/7 974/1068/7 973/1070/7 781/1024/7
f 881/1009/12 1060/1113/12 1059/1112/12 882/1010/12
f 814/923/437 1012/1087/437 1011/1086/437 824/927/437
f 1148/1028/7 1329/1069/7 974/1068/7 782/1029/7
f 844/862/287 846/1031/456 1047/1094/463 1044/863/433
f 882/1010/12 1059/1112/12 1061/1108/12 883/1011/12
f 748/933/443 934/1049/457 933/318/186 747/195/112
f 815/1013/454 1014/1081/460 1013/1078/276 816/1012/276
f 779/766/7 971/765/7 975/1066/396 778/1000/362
f 883/1011/12 1061/1108/12 1062/1107/12 884/1007/12
f 750/931/441 936/1050/458 935/1046/384 749/938/327
f 816/1012/276 1013/1078/276 1009/1077/276 817/853/276
f 884/1007/12 1062/1107/12 1427/1111/12 1249/1008/12
f 752/935/326 938/1047/385 937/1048/386 751/939/328
f 829/1006/366 1016/1084/407 1015/1083/365 828/1005/365
f 886/1018/166 1063/1105/166 1064/1109/166 885/1017/166
f 819/926/314 1017/1089/411 1012/1087/437 814/923/437
f 1234/1030/173 737/975/349 930/976/350 1413/1043/181
f 778/1000/362 975/1066/396 976/1067/397 889/999/361
f 887/1019/166 1065/1106/166 1063/1105/166 886/1018/166
f 821/924/438 1019/1079/438 1018/1082/461 820/925/439
f 888/1020/166 1066/1110/166 1065/1106/166 887/1019/166
f 822/928/438 1020/1080/438 1019/1079/438 821/924/438
f 871/194/111 1049/321/188 936/1050/458 750/931/441
f 889/999/361 976/1067/397 1066/1110/166 888/1020/166
f 749/938/327 935/1046/384 938/1047/385 752/935/326
f 823/930/318 1021/1118/420 1020/1080/438 822/928/438
f 885/1017/166 1064/1109/166 1067/385/166 890/282/166
f 825/929/440 1022/1085/462 1016/1084/407 829/1006/366
f 876/860/256 1050/859/256 1051/1098/256 875/1014/256
f 783/964/447 978/968/449 977/1100/464 784/960/445
f 751/939/328 937/1048/386 934/1049/457 748/933/443
f 846/1031/456 870/297/175 1052/369/211 1047/1094/463
f 784/960/445 977/1100/464 979/1103/333 785/959/333
f 785/959/333 979/1103/333 980/1097/333 786/958/333
f 820/925/439 1018/1082/461 1014/1081/460 815/1013/454
f 786/958/333 980/1097/333 981/1099/333 787/957/333
f 1194/950/123 1299/1056/193 942/1055/393 744/947/331
f 824/927/437 1011/1086/437 1022/1085/462 825/929/440
f 787/957/333 981/1099/333 982/1102/333 788/955/333
f 827/1015/365 1024/1088/365 1023/1090/412 826/1016/370
f 789/953/333 984/1104/333 983/1095/333 790/951/333
f 828/1005/365 1015/1083/365 1024/1088/365 827/1015/365
f 875/1014/256 1051/1098/256 1053/884/256 874/883/256
f 790/951/333 983/1095/333 985/1096/415 791/948/444
f 742/954/335 932/1051/391 943/1054/392 743/956/336
f 818/854/277 1010/1117/419 1021/1118/420 823/930/318
f 791/948/444 985/1096/415 1356/1101/214 1158/949/124
f 744/947/331 942/1055/393 931/1058/394 745/952/334
f 725/1022/373 726/1027/377 913/1037/381 912/1036/380
f 788/955/333 982/1102/333 984/1104/333 789/953/333
f 746/946/330 944/1060/395 1309/1059/195 1110/943/118
f 728/870/434 727/839/267 914/842/270 915/871/295
f 826/1016/370 1023/1090/412 1017/1089/411 819/926/314
f 730/1023/374 729/1025/375 916/1040/383 917/1039/382
f 793/945/329 989/1071/398 988/1075/401 794/961/339
f 753/772/12 945/771/12 947/1064/12 754/1032/12
f 743/956/336 943/1054/392 944/1060/395 746/946/330
f 731/840/268 730/1023/374 917/1039/382 918/841/269
f 794/961/339 988/1075/401 990/1073/459 795/962/446
f 754/1032/12 947/1064/12 948/1062/12 755/1033/12
f 733/818/427 732/879/305 919/882/308 920/819/254
f 795/962/446 990/1073/459 991/967/448 796/963/341
f 891/890/12 960/889/12 1060/1113/12 881/1009/12
f 755/1033/12 948/1062/12 949/1061/12 756/1034/12
f 1159/944/121 1361/1072/199 989/1071/398 793/945/329
f 756/1034/12 949/1061/12 950/888/12 757/887/12
f 734/880/306 725/1022/373 912/1036/380 923/881/307
f 798/1021/372 993/1076/402 992/1002/364 797/1001/363
f 893/942/325 1069/1116/325 1068/1114/325 894/941/325
f 759/907/5 951/1065/6 946/762/6 758/761/5
f 830/988/355 831/983/353 1027/984/354 1026/989/356
f 726/1027/377 735/869/293 924/872/296 913/1037/381
f 799/1026/455 994/1074/400 993/1076/402 798/1021/372
f 894/941/325 1068/1114/325 1070/1115/325 895/940/325
f 760/914/5 952/1063/6 951/1065/6 759/907/5
f 833/810/425 832/797/236 1028/800/239 1029/811/426
f 729/1025/375 736/817/252 925/820/255 916/1040/383
f 800/974/451 995/973/450 994/1074/400 799/1026/455
f 895/940/325 1070/1115/325 1071/991/325 896/936/325
f 761/919/5 953/998/6 952/1063/6 760/914/5
f 835/996/359 834/977/351 1030/978/352 1031/997/453
f 730/1023/374 731/840/268 782/1029/7 781/1024/7
f 815/1013/454 875/1014/256 874/883/256 820/925/439
f 1256/1119/1 1169/1120/2 1448/1121/3 1376/1122/4
f 1121/1123/5 2630/1124/5 2824/1125/6 1313/1126/6
f 1145/1127/7 1144/1128/7 1341/1129/7 1342/1130/7
f 1264/1131/8 1177/1132/9 1375/1133/10 1443/1134/11
f 2608/1135/12 1116/1136/12 1312/1137/12 2823/1138/12
f 1137/1139/13 1138/1140/13 1338/1141/14 1336/1142/14
f 2631/1143/13 1132/1144/13 1332/1145/14 2847/1146/14
f 1141/1147/13 1142/782/13 1330/781/14 1340/1148/14
f 1173/1149/15 1256/1119/1 1376/1122/4 1371/1150/16
f 1206/1151/17 1407/1152/18 1402/1153/19 1203/1154/20
f 1140/1155/13 1141/1147/13 1340/1148/14 1339/1156/14
f 1100/1157/21 1290/1158/22 1293/1159/23 1103/1160/24
f 1139/1161/13 1140/1155/13 1339/1156/14 1337/1162/14
f 1197/1163/25 1396/1164/26 1400/1165/27 1201/1166/28
f 1138/1140/13 1139/1161/13 1337/1162/14 1338/1141/14
f 1104/1167/29 1295/1168/30 1291/1169/465 1101/1170/32
f 1136/1171/13 1137/1139/13 1336/1142/14 1335/1172/14
f 1135/1173/13 1136/1171/13 1335/1172/14 1334/1174/14
f 1205/1175/33 1406/1176/34 1397/1177/35 1198/1178/466
f 1134/1179/13 1135/1173/13 1334/1174/14 1333/1180/14
f 1174/1181/37 2625/1182/38 2845/1183/39 1372/1184/40
f 1098/1185/41 1287/1186/42 1282/1187/43 1095/1188/467
f 1241/1189/45 1240/1190/45 1418/1191/45 1420/1192/45
f 1202/1193/46 1401/1194/47 1405/1195/48 1204/1196/49
f 1133/1197/13 1134/1179/13 1333/1180/14 1331/1198/14
f 1177/1132/9 1176/1199/50 1374/1200/51 1375/1133/10
f 1244/833/52 1243/1201/53 1421/1202/54 1422/834/55
f 1132/1144/13 1133/1197/13 1331/1198/14 1332/1145/14
f 1176/1199/50 1175/1203/56 1373/1204/57 1374/1200/51
f 1089/1205/58 1276/1206/59 1280/1207/60 1093/1208/61
f 1243/1201/53 1242/1209/45 1419/1210/45 1421/1202/54
f 1270/1211/62 1269/1212/62 1444/1213/62 1445/1214/62
f 1175/1203/56 1174/1181/37 1372/1184/40 1373/1204/57
f 1242/1209/45 1241/1189/45 1420/1192/45 1419/1210/45
f 1207/1215/64 1408/1216/65 1411/1217/66 1211/1218/67
f 1181/1219/163 1240/1190/45 1241/1189/45 1182/1220/69
f 2734/1221/70 1272/1222/71 1447/1223/72 2927/1224/73
f 2620/1225/74 1170/1226/75 1369/1227/76 2840/1228/77
f 1240/1190/45 1239/1229/45 1414/1230/45 1418/1191/45
f 1209/1231/78 1410/1232/79 1409/1233/80 1208/1234/81
f 1272/1222/71 1271/1235/62 1446/1236/62 1447/1223/72
f 1172/1237/82 1173/1149/15 1371/1150/16 1370/1238/83
f 1097/1239/84 1286/1240/85 1277/1241/86 1090/1242/468
f 1236/1243/88 1235/1244/89 1367/1245/90 1417/1246/91
f 2662/1247/92 2882/1248/93 1408/1216/65 1207/1215/64
f 1271/1235/62 1270/1211/62 1445/1214/62 1446/1236/62
f 1171/1249/94 1172/1237/82 1370/1238/83 1368/1250/95
f 1094/1251/96 1281/1252/97 1285/1253/98 1096/1254/99
f 1237/1255/45 1236/1243/88 1417/1246/91 1416/1256/45
f 1269/1212/62 1268/1257/62 1440/1258/62 1444/1213/62
f 1170/1226/75 1171/1249/94 1368/1250/95 1369/1227/76
f 1120/1259/12 1255/1260/12 1328/1261/12 1317/1262/12
f 1127/1263/5 1128/1264/5 1219/1265/100 1218/1266/100
f 1141/1147/13 1140/1155/13 1231/1267/101 1232/1268/101
f 1128/1264/5 1129/1269/5 1220/1270/100 1219/1265/100
f 1133/1197/13 1132/1144/13 1223/1271/101 1224/1272/101
f 2630/1124/5 1121/1123/5 1212/1273/100 2689/1274/100
f 1142/782/13 1141/1147/13 1232/1268/101 1233/902/101
f 1129/1269/5 1130/1275/5 1221/1276/100 1220/1270/100
f 1134/1179/13 1133/1197/13 1224/1272/101 1225/1277/101
f 1121/1123/5 1122/1278/5 1213/1279/100 1212/1273/100
f 1138/1140/13 1137/1139/13 1228/1280/101 1229/1281/101
f 1130/1275/5 1131/911/5 1222/910/100 1221/1276/100
f 1135/1173/13 1134/1179/13 1225/1277/101 1226/1282/101
f 1122/1278/5 1123/1283/5 1214/1284/100 1213/1279/100
f 1126/1285/5 1127/1263/5 1218/1266/100 1217/1286/100
f 1136/1171/13 1135/1173/13 1226/1282/101 1227/1287/101
f 1123/1283/5 1124/1288/5 1215/1289/100 1214/1284/100
f 1137/1139/13 1136/1171/13 1227/1287/101 1228/1280/101
f 1124/1288/5 1125/1290/5 1216/1291/100 1215/1289/100
f 1132/1144/13 2631/1143/13 2690/1292/101 1223/1271/101
f 1139/1161/13 1138/1140/13 1229/1281/101 1230/1293/101
f 1125/1290/5 1126/1285/5 1217/1286/100 1216/1291/100
f 1140/1155/13 1139/1161/13 1230/1293/101 1231/1267/101
f 1178/1294/102 1183/1295/103 1184/1296/104 1185/1297/105
f 1188/1298/102 1178/1294/102 1185/1297/105 1186/1299/105
f 1186/1299/105 1187/1300/106 1189/1301/107 1188/1298/102
f 2724/1302/108 1263/1303/109 1113/1304/110 2693/1305/111
f 2559/1306/112 1111/1307/113 1170/1226/75 2620/1225/74
f 1113/1304/110 1263/1303/109 1262/1308/114
f 1115/1309/115 1112/1310/469 1261/1311/114 1260/1312/114
f 1112/1310/469 1113/1304/110 1262/1308/114 1261/1311/114
f 1114/1313/117 1115/1309/115 1260/1312/114 1259/1314/114
f 1111/1307/113 1114/1313/117 1259/1314/114 1258/1315/114
f 1111/1307/113 1258/1315/114 1257/1316/114
f 1170/1226/75 1111/1307/113 1171/1249/94
f 1171/1249/94 1111/1307/113 1172/1237/82
f 1111/1307/113 1257/1316/114 1169/1120/2
f 1111/1307/113 1169/1120/2 1256/1119/1 1173/1149/15
f 1172/1237/82 1111/1307/113 1173/1149/15
f 1110/943/118 1109/1317/119 1160/1318/120 1159/944/121
f 1107/1319/122 1194/950/123 1158/949/124 1157/1320/125
f 1156/1321/126 1107/1319/122 1157/1320/125
f 1108/1322/127 1107/1319/122 1156/1321/126 1155/1323/126
f 1105/1324/128 1108/1322/127 1155/1323/126 1154/1325/126
f 1106/1326/129 1105/1324/128 1154/1325/126 1153/1327/126
f 1109/1317/119 1106/1326/129 1153/1327/126 1152/1328/126
f 1109/1317/119 1152/1328/126 1151/1329/126
f 1109/1317/119 1151/1329/126 1150/1330/130
f 1160/1318/120 1109/1317/119 1161/1331/131
f 1161/1331/131 1109/1317/119 1162/1332/132
f 1109/1317/119 1150/1330/130 1149/1333/133 1163/1334/134
f 1162/1332/132 1109/1317/119 1163/1334/134
f 1265/1335/135 1264/1131/8 1443/1134/11 1442/1336/136
f 1242/1209/45 1187/1300/106 1182/1220/69 1241/1189/45
f 1163/1334/134 1149/1333/133 1348/1337/137 1360/1338/138
f 1127/1263/5 1126/1285/5 1322/1339/6 1324/1340/6
f 1266/1341/62 1265/1335/135 1442/1336/136 1441/1342/62
f 1235/1244/89 1168/1343/139 1365/1344/140 1367/1245/90
f 1099/1345/141 1296/1346/142 1295/1168/30 1104/1167/29
f 1199/1347/143 1398/1348/144 1407/1152/18 1206/1151/17
f 1131/911/5 1130/1275/5 1326/1349/6 1327/979/6
f 1267/1350/62 1266/1341/62 1441/1342/62 1439/1351/62
f 1196/1352/470 1395/1353/471 1406/1176/34 1205/1175/33
f 1130/1275/5 1129/1269/5 1325/1354/6 1326/1349/6
f 1268/1257/62 1267/1350/62 1439/1351/62 1440/1258/62
f 1103/1160/24 1293/1159/23 1292/987/147 1102/986/148
f 1204/1196/49 1405/1195/48 1394/1355/149 1195/1356/150
f 1129/1269/5 1128/1264/5 1323/1357/6 1325/1354/6
f 1260/1312/114 1261/1311/114 1437/1358/114 1435/1359/114
f 1101/1170/32 1291/1169/465 1290/1158/22 1100/1157/21
f 1128/1264/5 1127/1263/5 1324/1340/6 1323/1357/6
f 1263/1303/109 2724/1302/108 2917/1360/151 1438/1361/152
f 1203/1154/20 1402/1153/19 1401/1194/47 1202/1193/46
f 1126/1285/5 1125/1290/5 1321/1362/6 1322/1339/6
f 1262/1308/114 1263/1303/109 1438/1361/152 1436/1363/114
f 1201/1166/28 1400/1165/27 1399/1364/153 1200/1365/154
f 1125/1290/5 1124/1288/5 1320/1366/6 1321/1362/6
f 1261/1311/114 1262/1308/114 1436/1363/114 1437/1358/114
f 1254/1367/155 1143/1368/156 1168/1343/139 1235/1244/89
f 1255/1260/12 1120/1259/12 1177/1132/9 1264/1131/8
f 1165/1369/157 1164/1004/158 1366/1003/159 1362/1370/160
f 1192/1371/161 1193/1372/162 1266/1341/62 1267/1350/62
f 1244/833/52 1249/1008/12 1248/1373/12
f 1193/1372/162 1189/1301/107 1265/1335/135 1266/1341/62
f 1189/1301/107 1187/1300/106 1242/1209/45 1265/1335/135
f 1265/1335/135 1242/1209/45 1243/1201/53 1264/1131/8
f 1264/1131/8 1243/1201/53 1244/833/52 1245/1374/12 1255/1260/12
f 1245/1374/12 1244/833/52 1246/1375/12
f 1246/1375/12 1244/833/52 1247/1376/12
f 1247/1376/12 1244/833/52 1248/1373/12
f 1180/1377/68 1239/1229/45 1240/1190/45 1181/1219/163
f 1179/1378/164 1238/1379/45 1239/1229/45 1180/1377/68
f 1191/1380/161 1192/1371/161 1267/1350/62 1268/1257/62
f 1190/1381/165 1191/1380/161 1268/1257/62 1269/1212/62
f 1183/1295/103 1190/1381/165 1269/1212/62 1270/1211/62
f 1250/1382/166 2734/1221/70 2714/1383/166
f 1184/1296/104 1183/1295/103 1270/1211/62 1237/1255/45
f 1237/1255/45 1270/1211/62 1271/1235/62 1236/1243/88
f 1236/1243/88 1271/1235/62 1272/1222/71 1235/1244/89
f 1272/1222/71 2734/1221/70 1250/1382/166 1251/1384/166
f 1272/1222/71 1251/1384/166 1252/1385/166
f 1272/1222/71 1252/1385/166 1253/1386/166
f 1235/1244/89 1272/1222/71 1253/1386/166 1254/1367/155
f 1096/1254/99 1087/1387/167 1165/1369/157 1166/1388/168
f 1092/1389/169 1091/1390/170 1145/1127/7 1146/1391/7
f 1144/1128/7 1145/1127/7 1091/1390/170
f 1094/1251/96 1166/1388/168 1167/1392/171 1095/1188/467
f 1098/1185/41 1167/1392/171 1168/1343/139 1143/1368/156 1144/1128/7 1091/1390/170
f 1096/1254/99 1166/1388/168 1094/1251/96
f 1095/1188/467 1167/1392/171 1098/1185/41
f 1104/1167/29 1089/1205/58 1093/1208/61 1099/1345/141
f 1089/1205/58 1104/1167/29 1101/1170/32 1090/1242/468
f 1100/1157/21 1097/1239/84 1090/1242/468 1101/1170/32
f 1097/1239/84 1100/1157/21 1103/1160/24 1088/1393/172
f 1088/1393/172 1103/1160/24 1102/986/148 1087/1387/167
f 1164/1004/158 1165/1369/157 1087/1387/167 1102/986/148
f 1148/1028/7 1234/1030/173 1099/1345/141 1147/1394/7
f 1093/1208/61 1147/1394/7 1099/1345/141
f 1211/1218/67 1197/1163/25 1201/1166/28 1207/1215/64
f 1197/1163/25 1211/1218/67 1209/1231/78 1198/1178/466
f 1208/1234/81 1205/1175/33 1198/1178/466 1209/1231/78
f 1205/1175/33 1208/1234/81 1210/1395/174 1196/1352/470
f 1196/1352/470 1210/1395/174 2692/1396/175 1195/1356/150
f 2625/1182/38 1174/1181/37 1195/1356/150 2692/1396/175
f 2608/1135/12 2662/1247/92 1207/1215/64 1116/1136/12
f 1117/1397/12 1116/1136/12 1207/1215/64 1201/1166/28
f 1175/1203/56 1204/1196/49 1195/1356/150 1174/1181/37
f 1176/1199/50 1202/1193/46 1204/1196/49 1175/1203/56
f 1117/1397/12 1201/1166/28 1200/1365/154 1118/1398/12
f 1177/1132/9 1203/1154/20 1202/1193/46 1176/1199/50
f 1118/1398/12 1200/1365/154 1199/1347/143 1119/1399/12
f 1177/1132/9 1206/1151/17 1203/1154/20
f 1199/1347/143 1206/1151/17 1177/1132/9
f 1119/1399/12 1199/1347/143 1177/1132/9 1120/1259/12
f 1286/1240/85 1275/1400/176 1274/1401/177 1273/1402/178
f 1287/1186/42 1278/1403/472 1279/1404/180 1283/1405/178
f 1281/1252/97 1282/1187/43 1284/1406/178 1273/1402/178
f 1276/1206/59 1277/1241/86 1284/1406/178 1283/1405/178
f 1295/1168/30 1296/1346/142 1413/1043/181 1288/1042/178
f 1290/1158/22 1291/1169/465 1289/1045/178 1294/1044/178
f 1285/1253/98 1281/1252/97 1273/1402/178 1274/1401/177
f 1277/1241/86 1286/1240/85 1273/1402/178 1284/1406/178
f 1280/1207/60 1276/1206/59 1283/1405/178 1279/1404/180
f 1282/1187/43 1287/1186/42 1283/1405/178 1284/1406/178
f 1291/1169/465 1295/1168/30 1288/1042/178 1289/1045/178
f 1293/1159/23 1290/1158/22 1294/1044/178 1292/987/147
f 1303/1407/182 1306/1408/183 2771/1409/178 2772/1410/178
f 1305/1411/184 1302/1412/185 2764/1413/186 2770/1414/178
f 1304/1415/187 1303/1407/182 2772/1410/178 2889/1416/188
f 1306/1408/183 1305/1411/184 2770/1414/178 2771/1409/178
f 1300/1417/189 1310/1418/190 1308/1053/178 1301/1052/178
f 1307/1419/191 1297/1420/192 1298/1057/178 1299/1056/193
f 1310/1418/190 1311/1421/194 1309/1059/195 1308/1053/178
f 1297/1420/192 1300/1417/189 1301/1052/178 1298/1057/178
f 1322/1339/6 1321/1362/6 1317/1262/12 1328/1261/12
f 1317/1262/12 1321/1362/6 1320/1366/6 1316/1422/12
f 1316/1422/12 1320/1366/6 1319/1423/6 1315/1424/12
f 1315/1424/12 1319/1423/6 1318/1425/6 1314/1426/12
f 1314/1426/12 1318/1425/6 1313/1126/6 1312/1137/12
f 1338/1141/14 1341/1129/7 1345/1427/196 1336/1142/14
f 1335/1172/14 1336/1142/14 1345/1427/196 1346/1428/197
f 1330/781/14 1329/1069/7 1344/1429/7 1340/1148/14
f 1340/1148/14 1344/1429/7 1343/1430/7 1339/1156/14
f 1339/1156/14 1343/1430/7 1342/1130/7 1337/1162/14
f 1337/1162/14 1342/1130/7 1341/1129/7 1338/1141/14
f 1358/1431/198 1362/1370/160 1366/1003/159 1361/1072/199
f 1360/1338/138 1365/1344/140 1364/1432/200 1359/1433/473
f 1359/1433/473 1364/1432/200 1363/1434/202 1357/1435/203
f 1357/1435/203 1363/1434/202 1362/1370/160 1358/1431/198
f 1360/1338/138 1348/1337/137 1367/1245/90 1365/1344/140
f 1369/1227/76 1372/1184/40 2845/1183/39 2840/1228/77
f 1371/1150/16 1375/1133/10 1374/1200/51 1370/1238/83
f 1370/1238/83 1374/1200/51 1373/1204/57 1368/1250/95
f 1368/1250/95 1373/1204/57 1372/1184/40 1369/1227/76
f 1371/1150/16 1376/1122/4 1443/1134/11 1375/1133/10
f 1312/1137/12 1313/1126/6 2824/1125/6 2823/1138/12
f 1377/1436/163 1388/1437/105 1387/1438/105 1381/1439/68
f 1381/1439/68 1387/1438/105 1386/1440/204 1382/1441/205
f 1383/1442/161 1379/1443/102 1390/1444/206 1384/1445/207
f 1379/1443/102 1383/1442/161 1392/1446/161 1380/1447/102
f 1380/1447/102 1392/1446/161 1391/1448/208 1385/1449/209
f 1406/1176/34 1395/1353/471 1394/1355/149 1393/1450/178
f 1407/1152/18 1398/1348/144 1399/1364/153 1403/1451/178
f 1401/1194/47 1402/1153/19 1404/1452/178 1393/1450/178
f 1396/1164/26 1397/1177/35 1404/1452/178 1403/1451/178
f 1411/1217/66 1408/1216/65 2882/1248/93 2879/1453/178
f 1409/1233/80 1410/1232/79 2880/1454/178 2887/1455/178
f 1405/1195/48 1401/1194/47 1393/1450/178 1394/1355/149
f 1397/1177/35 1406/1176/34 1393/1450/178 1404/1452/178
f 1400/1165/27 1396/1164/26 1403/1451/178 1399/1364/153
f 1402/1153/19 1407/1152/18 1403/1451/178 1404/1452/178
f 1410/1232/79 1411/1217/66 2879/1453/178 2880/1454/178
f 1412/1456/210 1409/1233/80 2887/1455/178 2892/1457/211
f 1353/1458/126 1355/1459/212 1421/1202/54 1419/1210/45
f 1350/1460/126 1351/1461/126 1414/1230/45 1415/1462/45
f 1348/1337/137 1347/1463/213 1417/1246/91 1367/1245/90
f 1355/1459/212 1356/1101/214 1422/834/55 1421/1202/54
f 1351/1461/126 1352/1464/126 1418/1191/45 1414/1230/45
f 1347/1463/213 1349/1465/126 1416/1256/45 1417/1246/91
f 1352/1464/126 1354/1466/126 1420/1192/45 1418/1191/45
f 1354/1466/126 1353/1458/126 1419/1210/45 1420/1192/45
f 1349/1465/126 1350/1460/126 1415/1462/45 1416/1256/45
f 1331/1198/14 1333/1180/14 1430/1467/166 1428/1468/166
f 1326/1349/6 1325/1354/6 1425/1469/12 1426/1470/12
f 2847/1146/14 1332/1145/14 1429/1471/166 2909/1472/166
f 1333/1180/14 1334/1174/14 1431/1473/166 1430/1467/166
f 1327/979/6 1326/1349/6 1426/1470/12 1427/1111/12
f 1323/1357/6 1324/1340/6 1424/1474/12 1423/1475/12
f 1334/1174/14 1335/1172/14 1346/1428/197 1431/1473/166
f 1332/1145/14 1331/1198/14 1428/1468/166 1429/1471/166
f 1325/1354/6 1323/1357/6 1423/1475/12 1425/1469/12
f 1322/1339/6 1328/1261/12 1424/1474/12 1324/1340/6
f 1436/1363/114 1438/1361/152 1447/1223/72 1446/1236/62
f 1432/1476/114 1434/1477/114 1440/1258/62 1439/1351/62
f 1376/1122/4 1448/1121/3 1442/1336/136 1443/1134/11
f 1438/1361/152 2917/1360/151 2927/1224/73 1447/1223/72
f 1434/1477/114 1435/1359/114 1444/1213/62 1440/1258/62
f 1448/1121/3 1433/1478/114 1441/1342/62 1442/1336/136
f 1435/1359/114 1437/1358/114 1445/1214/62 1444/1213/62
f 1437/1358/114 1436/1363/114 1446/1236/62 1445/1214/62
f 1433/1478/114 1432/1476/114 1439/1351/62 1441/1342/62
f 1378/1479/215 1389/1480/216 1388/1437/105 1377/1436/163
f 1146/1391/7 1145/1127/7 1342/1130/7 1343/1430/7
f 1211/1218/67 1411/1217/66 1410/1232/79 1209/1231/78
f 1108/1322/127 1105/1324/128 1300/1417/189 1297/1420/192
f 1181/1219/163 1182/1220/69 1378/1479/215 1377/1436/163
f 1169/1120/2 1257/1316/114 1433/1478/114 1448/1121/3
f 1147/1394/7 1146/1391/7 1343/1430/7 1344/1429/7
f 1245/1374/12 1246/1375/12 1423/1475/12 1424/1474/12
f 1178/1294/102 1188/1298/102 1379/1443/102 1380/1447/102
f 1148/1028/7 1147/1394/7 1344/1429/7 1329/1069/7
f 1208/1234/81 1409/1233/80 1412/1456/210 1210/1395/174
f 1246/1375/12 1247/1376/12 1425/1469/12 1423/1475/12
f 1111/1307/113 2559/1306/112 2764/1413/186 1302/1412/185
f 1179/1378/164 1180/1377/68 1381/1439/68 1382/1441/205
f 1144/1128/7 1143/1368/156 1345/1427/196 1341/1129/7
f 1247/1376/12 1248/1373/12 1426/1470/12 1425/1469/12
f 1113/1304/110 1112/1310/469 1303/1407/182 1304/1415/187
f 1180/1377/68 1181/1219/163 1377/1436/163 1381/1439/68
f 1248/1373/12 1249/1008/12 1427/1111/12 1426/1470/12
f 1115/1309/115 1114/1313/117 1305/1411/184 1306/1408/183
f 1193/1372/162 1192/1371/161 1383/1442/161 1384/1445/207
f 1251/1384/166 1250/1382/166 1429/1471/166 1428/1468/166
f 1183/1295/103 1178/1294/102 1380/1447/102 1385/1449/209
f 1234/1030/173 1413/1043/181 1296/1346/142 1099/1345/141
f 1143/1368/156 1254/1367/155 1346/1428/197 1345/1427/196
f 1252/1385/166 1251/1384/166 1428/1468/166 1430/1467/166
f 1185/1297/105 1184/1296/104 1386/1440/204 1387/1438/105
f 1253/1386/166 1252/1385/166 1430/1467/166 1431/1473/166
f 1186/1299/105 1185/1297/105 1387/1438/105 1388/1437/105
f 2693/1305/111 1113/1304/110 1304/1415/187 2889/1416/188
f 1254/1367/155 1253/1386/166 1431/1473/166 1346/1428/197
f 1112/1310/469 1115/1309/115 1306/1408/183 1303/1407/182
f 1187/1300/106 1186/1299/105 1388/1437/105 1389/1480/216
f 1250/1382/166 2714/1383/166 2909/1472/166 1429/1471/166
f 1189/1301/107 1193/1372/162 1384/1445/207 1390/1444/206
f 1239/1229/45 1238/1379/45 1415/1462/45 1414/1230/45
f 1149/1333/133 1150/1330/130 1347/1463/213 1348/1337/137
f 1114/1313/117 1111/1307/113 1302/1412/185 1305/1411/184
f 1210/1395/174 1412/1456/210 2892/1457/211 2692/1396/175
f 1150/1330/130 1151/1329/126 1349/1465/126 1347/1463/213
f 1151/1329/126 1152/1328/126 1350/1460/126 1349/1465/126
f 1184/1296/104 1179/1378/164 1382/1441/205 1386/1440/204
f 1152/1328/126 1153/1327/126 1351/1461/126 1350/1460/126
f 1194/950/123 1107/1319/122 1307/1419/191 1299/1056/193
f 1188/1298/102 1189/1301/107 1390/1444/206 1379/1443/102
f 1153/1327/126 1154/1325/126 1352/1464/126 1351/1461/126
f 1191/1380/161 1190/1381/165 1391/1448/208 1392/1446/161
f 1155/1323/126 1156/1321/126 1353/1458/126 1354/1466/126
f 1192/1371/161 1191/1380/161 1392/1446/161 1383/1442/161
f 1238/1379/45 1237/1255/45 1416/1256/45 1415/1462/45
f 1156/1321/126 1157/1320/125 1355/1459/212 1353/1458/126
f 1105/1324/128 1106/1326/129 1310/1418/190 1300/1417/189
f 1182/1220/69 1187/1300/106 1389/1480/216 1378/1479/215
f 1157/1320/125 1158/949/124 1356/1101/214 1355/1459/212
f 1107/1319/122 1108/1322/127 1297/1420/192 1307/1419/191
f 1087/1387/167 1274/1401/177 1275/1400/176 1088/1393/172
f 1154/1325/126 1155/1323/126 1354/1466/126 1352/1464/126
f 1109/1317/119 1110/943/118 1309/1059/195 1311/1421/194
f 1090/1242/468 1277/1241/86 1276/1206/59 1089/1205/58
f 1190/1381/165 1183/1295/103 1385/1449/209 1391/1448/208
f 1092/1389/169 1279/1404/180 1278/1403/472 1091/1390/170
f 1160/1318/120 1161/1331/131 1357/1435/203 1358/1431/198
f 1116/1136/12 1117/1397/12 1314/1426/12 1312/1137/12
f 1106/1326/129 1109/1317/119 1311/1421/194 1310/1418/190
f 1093/1208/61 1280/1207/60 1279/1404/180 1092/1389/169
f 1161/1331/131 1162/1332/132 1359/1433/473 1357/1435/203
f 1117/1397/12 1118/1398/12 1315/1424/12 1314/1426/12
f 1095/1188/467 1282/1187/43 1281/1252/97 1094/1251/96
f 1162/1332/132 1163/1334/134 1360/1338/138 1359/1433/473
f 1255/1260/12 1245/1374/12 1424/1474/12 1328/1261/12
f 1118/1398/12 1119/1399/12 1316/1422/12 1315/1424/12
f 1159/944/121 1160/1318/120 1358/1431/198 1361/1072/199
f 1119/1399/12 1120/1259/12 1317/1262/12 1316/1422/12
f 1096/1254/99 1285/1253/98 1274/1401/177 1087/1387/167
f 1166/1388/168 1165/1369/157 1362/1370/160 1363/1434/202
f 1257/1316/114 1258/1315/114 1432/1476/114 1433/1478/114
f 1122/1278/5 1121/1123/5 1313/1126/6 1318/1425/6
f 1195/1356/150 1394/1355/149 1395/1353/471 1196/1352/470
f 1088/1393/172 1275/1400/176 1286/1240/85 1097/1239/84
f 1167/1392/171 1166/1388/168 1363/1434/202 1364/1432/200
f 1258/1315/114 1259/1314/114 1434/1477/114 1432/1476/114
f 1123/1283/5 1122/1278/5 1318/1425/6 1319/1423/6
f 1198/1178/466 1397/1177/35 1396/1164/26 1197/1163/25
f 1091/1390/170 1278/1403/472 1287/1186/42 1098/1185/41
f 1168/1343/139 1167/1392/171 1364/1432/200 1365/1344/140
f 1259/1314/114 1260/1312/114 1435/1359/114 1434/1477/114
f 1124/1288/5 1123/1283/5 1319/1423/6 1320/1366/6
f 1200/1365/154 1399/1364/153 1398/1348/144 1199/1347/143
f 1092/1389/169 1146/1391/7 1147/1394/7 1093/1208/61
f 1179/1378/164 1184/1296/104 1237/1255/45 1238/1379/45
f 1604/1481/217 1709/1482/218 1778/1483/219 1523/1484/220
f 1481/1485/5 1652/1486/6 2435/1487/6 2260/1488/5
f 1503/1489/7 1678/1490/7 1677/1491/7 1502/1492/7
f 1612/1493/221 1773/1494/222 1708/1495/223 1531/1496/224
f 2240/1497/12 2434/1498/12 1651/1499/12 1476/1500/12
f 1496/1501/13 1672/1502/14 1674/1503/14 1497/1504/13
f 2261/1505/13 2456/1506/14 1668/1507/14 1491/1508/13
f 1500/1509/13 1676/1510/14 2040/1511/14 1835/1512/13
f 1527/1513/226 1704/1514/227 1709/1482/218 1604/1481/217
f 1559/1515/228 1556/1516/229 1735/1517/230 1740/1518/231
f 1499/1519/13 1675/1520/14 1676/1510/14 1500/1509/13
f 1462/1521/421 1464/1522/474 1638/1523/234 1636/1524/235
f 1498/1525/13 1673/1526/14 1675/1520/14 1499/1519/13
f 1550/1527/236 1554/1528/237 1733/1529/238 1729/1530/239
f 1497/1504/13 1674/1503/14 1673/1526/14 1498/1525/13
f 1465/1531/422 1463/1532/475 1637/1533/476 1639/1534/243
f 1495/1535/13 1671/1536/14 1672/1502/14 1496/1501/13
f 1494/1537/13 1670/1538/14 1671/1536/14 1495/1535/13
f 1558/1539/424 1551/1540/425 1730/1541/246 1739/1542/247
f 1493/1543/13 1669/1544/14 1670/1538/14 1494/1537/13
f 1528/1545/248 1705/1546/249 2454/1547/39 2255/1548/38
f 1460/1549/252 1457/1550/427 1630/1551/254 1635/1552/255
f 1591/1553/256 1752/1554/256 1750/1555/256 1590/1556/256
f 1555/1557/257 1557/1558/258 1738/1559/259 1734/1560/260
f 1492/1561/13 1667/1562/14 1669/1544/14 1493/1543/13
f 1531/1496/224 1708/1495/223 1707/1563/261 1530/1564/262
f 1947/1565/52 2143/1566/55 1753/1567/263 1593/1568/264
f 1491/1508/13 1668/1507/14 1667/1562/14 1492/1561/13
f 1530/1564/262 1707/1563/261 1706/1569/265 1529/1570/266
f 1451/1571/267 1455/1572/268 1628/1573/269 1624/1574/270
f 1593/1568/264 1753/1567/263 1751/1575/256 1592/1576/256
f 1618/1577/271 1775/1578/271 1774/1579/271 1617/1580/271
f 1529/1570/266 1706/1569/265 1705/1546/249 1528/1545/248
f 1592/1576/256 1751/1575/256 1752/1554/256 1591/1553/256
f 1560/1581/428 1564/1582/273 1744/1583/274 1741/1584/430
f 1535/1585/367 1536/1586/277 1591/1553/256 1590/1556/256
f 2358/1587/70 2533/1588/73 1777/1589/431 1620/1590/432
f 2250/1591/74 2449/1592/77 1702/1593/284 1524/1594/285
f 1590/1556/256 1750/1555/256 1746/1595/256 1589/1596/256
f 1562/1597/286 1561/1598/287 1742/1599/433 1743/1600/289
f 1620/1590/432 1777/1589/431 1776/1601/290 1619/1602/271
f 1526/1603/291 1703/1604/292 1704/1514/227 1527/1513/226
f 1459/1605/293 1452/1606/294 1625/1607/295 1634/1608/296
f 1586/1609/435 1749/1610/436 1700/1611/299 1585/1612/300
f 2291/1613/92 1560/1581/428 1741/1584/430 2491/1614/93
f 1619/1602/271 1776/1601/290 1775/1578/271 1618/1577/271
f 1525/1615/303 1701/1616/304 1703/1604/292 1526/1603/291
f 1456/1617/305 1458/1618/306 1633/1619/307 1629/1620/308
f 1587/1621/256 1748/1622/256 1749/1610/436 1586/1609/435
f 1617/1580/271 1774/1579/271 1770/1623/271 1616/1624/271
f 1524/1594/285 1702/1593/284 1701/1616/304 1525/1615/303
f 1480/1625/12 1656/1626/12 1666/1627/12 1603/1628/12
f 1487/1629/5 1571/1630/100 1572/1631/100 1488/1632/5
f 1500/1509/13 1584/1633/101 1583/1634/101 1499/1519/13
f 1488/1632/5 1572/1631/100 1573/1635/100 1489/1636/5
f 1492/1561/13 1576/1637/101 1575/1638/101 1491/1508/13
f 2260/1488/5 2316/1639/100 1565/1640/100 1481/1485/5
f 1835/1512/13 1932/1641/101 1584/1633/101 1500/1509/13
f 1489/1636/5 1573/1635/100 1574/1642/100 1490/1643/5
f 1493/1543/13 1577/1644/101 1576/1637/101 1492/1561/13
f 1481/1485/5 1565/1640/100 1566/1645/100 1482/1646/5
f 1497/1504/13 1581/1647/101 1580/1648/101 1496/1501/13
f 1490/1643/5 1574/1642/100 1921/1649/100 1824/1650/5
f 1494/1537/13 1578/1651/101 1577/1644/101 1493/1543/13
f 1482/1646/5 1566/1645/100 1567/1652/100 1483/1653/5
f 1486/1654/5 1570/1655/100 1571/1630/100 1487/1629/5
f 1495/1535/13 1579/1656/101 1578/1651/101 1494/1537/13
f 1483/1653/5 1567/1652/100 1568/1657/100 1484/1658/5
f 1496/1501/13 1580/1648/101 1579/1656/101 1495/1535/13
f 1484/1658/5 1568/1657/100 1569/1659/100 1485/1660/5
f 1491/1508/13 1575/1638/101 2317/1661/101 2261/1505/13
f 1498/1525/13 1582/1662/101 1581/1647/101 1497/1504/13
f 1485/1660/5 1569/1659/100 1570/1655/100 1486/1654/5
f 1499/1519/13 1583/1634/101 1582/1662/101 1498/1525/13
f 1532/1663/437 1539/1664/477 1538/1665/439 1537/1666/314
f 1542/1667/437 1540/1668/477 1539/1664/477 1532/1663/437
f 1540/1668/477 1542/1667/437 1543/1669/440 1541/1670/318
f 2348/1671/108 2319/1672/111 1473/1673/478 1611/1674/442
f 2195/1675/112 2250/1591/74 1524/1594/285 1471/1676/443
f 1473/1673/478 1610/1677/325 1611/1674/442
f 1475/1678/479 1608/1679/325 1609/1680/325 1472/1681/480
f 1472/1681/480 1609/1680/325 1610/1677/325 1473/1673/478
f 1474/1682/328 1607/1683/325 1608/1679/325 1475/1678/479
f 1471/1676/443 1606/1684/325 1607/1683/325 1474/1682/328
f 1471/1676/443 1605/1685/325 1606/1684/325
f 1524/1594/285 1525/1615/303 1471/1676/443
f 1525/1615/303 1526/1603/291 1471/1676/443
f 1471/1676/443 1523/1484/220 1605/1685/325
f 1471/1676/443 1527/1513/226 1604/1481/217 1523/1484/220
f 1526/1603/291 1527/1513/226 1471/1676/443
f 1802/1686/118 1853/1687/121 1515/1688/329 1470/1689/330
f 1468/1690/331 1514/1691/332 1851/1692/124 1892/1693/123
f 1513/1694/333 1514/1691/332 1468/1690/331
f 1469/1695/334 1512/1696/333 1513/1694/333 1468/1690/331
f 1466/1697/335 1511/1698/333 1512/1696/333 1469/1695/334
f 1467/1699/336 1510/1700/333 1511/1698/333 1466/1697/335
f 1470/1689/330 1509/1701/333 1510/1700/333 1467/1699/336
f 1470/1689/330 1508/1702/333 1509/1701/333
f 1470/1689/330 1507/1703/481 1508/1702/333
f 1515/1688/329 1516/1704/339 1470/1689/330
f 1516/1704/339 1517/1705/446 1470/1689/330
f 1470/1689/330 1518/1706/341 1506/1707/447 1507/1703/481
f 1517/1705/446 1518/1706/341 1470/1689/330
f 1613/1708/343 1772/1709/344 1773/1494/222 1612/1493/221
f 1592/1576/256 1591/1553/256 1536/1586/277 1541/1670/318
f 1518/1706/341 1695/1710/448 1684/1711/449 1506/1707/447
f 1487/1629/5 1663/1712/6 1661/1713/6 1486/1654/5
f 1614/1714/271 1771/1715/290 1772/1709/344 1613/1708/343
f 1585/1612/300 1700/1611/299 1699/1716/450 1522/1717/451
f 1461/1718/349 1465/1531/422 1639/1534/243 1640/1719/482
f 1552/1720/351 1559/1515/228 1740/1518/231 1731/1721/352
f 1824/1650/5 2037/1722/6 1665/1723/6 1490/1643/5
f 1615/1724/290 1769/1725/271 1771/1715/290 1614/1714/271
f 1549/1726/353 1558/1539/424 1739/1542/247 1728/1727/354
f 1490/1643/5 1665/1723/6 1664/1728/6 1489/1636/5
f 1616/1624/271 1770/1623/271 1769/1725/271 1615/1724/290
f 1464/1522/474 1794/1729/148 1998/1730/147 1638/1523/234
f 1557/1558/258 1548/1731/355 1727/1732/356 1738/1559/259
f 1489/1636/5 1664/1728/6 1662/1733/6 1488/1632/5
f 1608/1679/325 1765/1734/325 1767/1735/325 1609/1680/325
f 1463/1532/475 1462/1521/421 1636/1524/235 1637/1533/476
f 1488/1632/5 1662/1733/6 1663/1712/6 1487/1629/5
f 1611/1674/442 1768/1736/452 2523/1737/151 2348/1671/108
f 1556/1516/229 1555/1557/257 1734/1560/260 1735/1517/230
f 1486/1654/5 1661/1713/6 1660/1738/6 1485/1660/5
f 1610/1677/325 1766/1739/325 1768/1736/452 1611/1674/442
f 1554/1528/237 1553/1740/359 1732/1741/360 1733/1529/238
f 1485/1660/5 1660/1738/6 1659/1742/6 1484/1658/5
f 1609/1680/325 1767/1735/325 1766/1739/325 1610/1677/325
f 1602/1743/361 1585/1612/300 1522/1717/451 1501/1744/362
f 1603/1628/12 1612/1493/221 1531/1496/224 1480/1625/12
f 1519/1745/363 1696/1746/364 2078/1747/159 1858/1748/158
f 1546/1749/365 1615/1724/290 1614/1714/271 1547/1750/366
f 1947/1565/52 1597/1751/12 1952/1752/12
f 1547/1750/366 1614/1714/271 1613/1708/343 1543/1669/440
f 1543/1669/440 1613/1708/343 1592/1576/256 1541/1670/318
f 1613/1708/343 1612/1493/221 1593/1568/264 1592/1576/256
f 1612/1493/221 1603/1628/12 1594/1753/12 1947/1565/52 1593/1568/264
f 1594/1753/12 1595/1754/12 1947/1565/52
f 1595/1754/12 1596/1755/12 1947/1565/52
f 1596/1755/12 1597/1751/12 1947/1565/52
f 1534/1756/367 1535/1585/367 1590/1556/256 1589/1596/256
f 1533/1757/454 1534/1756/367 1589/1596/256 1588/1758/256
f 1545/1759/365 1616/1624/271 1615/1724/290 1546/1749/365
f 1544/1760/370 1617/1580/271 1616/1624/271 1545/1759/365
f 1537/1666/314 1618/1577/271 1617/1580/271 1544/1760/370
f 1598/1761/166 2338/1762/166 2358/1587/70
f 1538/1665/439 1587/1621/256 1618/1577/271 1537/1666/314
f 1587/1621/256 1586/1609/435 1619/1602/271 1618/1577/271
f 1586/1609/435 1585/1612/300 1620/1590/432 1619/1602/271
f 1620/1590/432 1599/1763/166 1598/1761/166 2358/1587/70
f 1620/1590/432 1600/1764/166 1599/1763/166
f 1620/1590/432 1601/1765/166 1600/1764/166
f 1585/1612/300 1602/1743/361 1601/1765/166 1620/1590/432
f 1458/1618/306 1520/1766/372 1519/1745/363 1449/1767/373
f 1454/1768/374 1504/1769/7 1503/1489/7 1453/1770/375
f 1502/1492/7 1453/1770/375 1503/1489/7
f 1456/1617/305 1457/1550/427 1521/1771/455 1520/1766/372
f 1460/1549/252 1453/1770/375 1502/1492/7 1501/1744/362 1522/1717/451 1521/1771/455
f 1458/1618/306 1456/1617/305 1520/1766/372
f 1457/1550/427 1460/1549/252 1521/1771/455
f 1465/1531/422 1461/1718/349 1455/1572/268 1451/1571/267
f 1451/1571/267 1452/1606/294 1463/1532/475 1465/1531/422
f 1462/1521/421 1463/1532/475 1452/1606/294 1459/1605/293
f 1459/1605/293 1450/1772/377 1464/1522/474 1462/1521/421
f 1450/1772/377 1449/1767/373 1794/1729/148 1464/1522/474
f 1858/1748/158 1794/1729/148 1449/1767/373 1519/1745/363
f 1841/1773/7 1505/1774/7 1461/1718/349 1935/1775/173
f 1455/1572/268 1461/1718/349 1505/1774/7
f 1564/1582/273 1560/1581/428 1554/1528/237 1550/1527/236
f 1550/1527/236 1551/1540/425 1562/1597/286 1564/1582/273
f 1561/1598/287 1562/1597/286 1551/1540/425 1558/1539/424
f 1558/1539/424 1549/1726/353 1563/1776/456 1561/1598/287
f 1549/1726/353 1548/1731/355 2318/1777/175 1563/1776/456
f 2255/1548/38 2318/1777/175 1548/1731/355 1528/1545/248
f 2240/1497/12 1476/1500/12 1560/1581/428 2291/1613/92
f 1477/1778/12 1554/1528/237 1560/1581/428 1476/1500/12
f 1529/1570/266 1528/1545/248 1548/1731/355 1557/1558/258
f 1530/1564/262 1529/1570/266 1557/1558/258 1555/1557/257
f 1477/1778/12 1478/1779/12 1553/1740/359 1554/1528/237
f 1531/1496/224 1530/1564/262 1555/1557/257 1556/1516/229
f 1478/1779/12 1479/1780/12 1552/1720/351 1553/1740/359
f 1531/1496/224 1556/1516/229 1559/1515/228
f 1552/1720/351 1531/1496/224 1559/1515/228
f 1479/1780/12 1480/1625/12 1531/1496/224 1552/1720/351
f 1634/1608/296 1621/1781/178 1622/1782/380 1623/1783/381
f 1635/1552/255 1631/1784/178 1627/1785/382 1626/1786/483
f 1629/1620/308 1621/1781/178 1632/1787/178 1630/1551/254
f 1624/1574/270 1631/1784/178 1632/1787/178 1625/1607/295
f 1639/1534/243 1994/1788/178 2132/1789/181 1640/1719/482
f 1636/1524/235 2000/1790/178 1995/1791/178 1637/1533/476
f 1633/1619/307 1622/1782/380 1621/1781/178 1629/1620/308
f 1625/1607/295 1632/1787/178 1621/1781/178 1634/1608/296
f 1628/1573/269 1627/1785/382 1631/1784/178 1624/1574/270
f 1630/1551/254 1632/1787/178 1631/1784/178 1635/1552/255
f 1637/1533/476 1995/1791/178 1994/1788/178 1639/1534/243
f 1638/1523/234 1998/1730/147 2000/1790/178 1636/1524/235
f 1644/1792/384 2389/1793/178 2388/1794/178 1647/1795/385
f 1646/1796/386 2387/1797/178 2381/1798/186 1643/1799/457
f 1645/1800/458 2497/1801/188 2389/1793/178 1644/1792/384
f 1647/1795/385 2388/1794/178 2387/1797/178 1646/1796/386
f 1642/1802/391 2007/1803/178 2018/1804/178 1649/1805/392
f 1648/1806/393 2005/1807/193 2004/1808/178 1641/1809/394
f 1649/1805/392 2018/1804/178 2019/1810/195 1650/1811/395
f 1641/1809/394 2004/1808/178 2007/1803/178 1642/1802/391
f 1661/1713/6 1666/1627/12 1656/1626/12 1660/1738/6
f 1656/1626/12 1655/1812/12 1659/1742/6 1660/1738/6
f 1655/1812/12 1654/1813/12 1658/1814/6 1659/1742/6
f 1654/1813/12 1653/1815/12 1657/1816/6 1658/1814/6
f 1653/1815/12 1651/1499/12 1652/1486/6 1657/1816/6
f 1674/1503/14 1672/1502/14 1681/1817/396 1677/1491/7
f 1671/1536/14 1682/1818/397 1681/1817/396 1672/1502/14
f 2040/1511/14 1676/1510/14 1680/1819/7 2039/1820/7
f 1676/1510/14 1675/1520/14 1679/1821/7 1680/1819/7
f 1675/1520/14 1673/1526/14 1678/1490/7 1679/1821/7
f 1673/1526/14 1674/1503/14 1677/1491/7 1678/1490/7
f 1693/1822/398 2073/1823/199 2078/1747/159 1696/1746/364
f 1695/1710/448 1694/1824/459 1698/1825/400 1699/1716/450
f 1694/1824/459 1692/1826/401 1697/1827/402 1698/1825/400
f 1692/1826/401 1693/1822/398 1696/1746/364 1697/1827/402
f 1695/1710/448 1699/1716/450 1700/1611/299 1684/1711/449
f 1702/1593/284 2449/1592/77 2454/1547/39 1705/1546/249
f 1704/1514/227 1703/1604/292 1707/1563/261 1708/1495/223
f 1703/1604/292 1701/1616/304 1706/1569/265 1707/1563/261
f 1701/1616/304 1702/1593/284 1705/1546/249 1706/1569/265
f 1704/1514/227 1708/1495/223 1773/1494/222 1709/1482/218
f 1651/1499/12 2434/1498/12 2435/1487/6 1652/1486/6
f 1710/1828/367 1714/1829/367 1720/1830/477 1721/1831/477
f 1714/1829/367 1715/1832/460 1719/1833/461 1720/1830/477
f 1716/1834/365 1717/1835/407 1723/1836/462 1712/1837/437
f 1712/1837/437 1713/1838/437 1725/1839/365 1716/1834/365
f 1713/1838/437 1718/1840/411 1724/1841/412 1725/1839/365
f 1739/1542/247 1726/1842/178 1727/1732/356 1728/1727/354
f 1740/1518/231 1736/1843/178 1732/1741/360 1731/1721/352
f 1734/1560/260 1726/1842/178 1737/1844/178 1735/1517/230
f 1729/1530/239 1736/1843/178 1737/1844/178 1730/1541/246
f 1744/1583/274 2488/1845/178 2491/1614/93 1741/1584/430
f 1742/1599/433 2496/1846/178 2489/1847/178 1743/1600/289
f 1738/1559/259 1727/1732/356 1726/1842/178 1734/1560/260
f 1730/1541/246 1737/1844/178 1726/1842/178 1739/1542/247
f 1733/1529/238 1732/1741/360 1736/1843/178 1729/1530/239
f 1735/1517/230 1737/1844/178 1736/1843/178 1740/1518/231
f 1743/1600/289 2489/1847/178 2488/1845/178 1744/1583/274
f 1745/1848/463 2500/1849/211 2496/1846/178 1742/1599/433
f 1689/1850/333 1751/1575/256 1753/1567/263 1691/1851/484
f 1686/1852/333 1747/1853/256 1746/1595/256 1687/1854/333
f 1684/1711/449 1700/1611/299 1749/1610/436 1683/1855/464
f 1691/1851/484 1753/1567/263 2143/1566/55 2066/1856/214
f 1687/1854/333 1746/1595/256 1750/1555/256 1688/1857/333
f 1683/1855/464 1749/1610/436 1748/1622/256 1685/1858/333
f 1688/1857/333 1750/1555/256 1752/1554/256 1690/1859/333
f 1690/1859/333 1752/1554/256 1751/1575/256 1689/1850/333
f 1685/1858/333 1748/1622/256 1747/1853/256 1686/1852/333
f 1667/1562/14 1758/1860/166 1760/1861/166 1669/1544/14
f 1665/1723/6 1757/1862/12 1756/1863/12 1664/1728/6
f 2456/1506/14 2515/1864/166 1759/1865/166 1668/1507/14
f 1669/1544/14 1760/1861/166 1761/1866/166 1670/1538/14
f 2037/1722/6 2148/1867/12 1757/1862/12 1665/1723/6
f 1662/1733/6 1754/1868/12 1755/1869/12 1663/1712/6
f 1670/1538/14 1761/1866/166 1682/1818/397 1671/1536/14
f 1668/1507/14 1759/1865/166 1758/1860/166 1667/1562/14
f 1664/1728/6 1756/1863/12 1754/1868/12 1662/1733/6
f 1661/1713/6 1663/1712/6 1755/1869/12 1666/1627/12
f 1766/1739/325 1776/1601/290 1777/1589/431 1768/1736/452
f 1762/1870/325 1769/1725/271 1770/1623/271 1764/1871/325
f 1709/1482/218 1773/1494/222 1772/1709/344 1778/1483/219
f 1768/1736/452 1777/1589/431 2533/1588/73 2523/1737/151
f 1764/1871/325 1770/1623/271 1774/1579/271 1765/1734/325
f 1778/1483/219 1772/1709/344 1771/1715/290 1763/1872/325
f 1765/1734/325 1774/1579/271 1775/1578/271 1767/1735/325
f 1767/1735/325 1775/1578/271 1776/1601/290 1766/1739/325
f 1763/1872/325 1771/1715/290 1769/1725/271 1762/1870/325
f 1711/1873/485 1710/1828/367 1721/1831/477 1722/1874/420
f 1504/1769/7 1679/1821/7 1678/1490/7 1503/1489/7
f 1564/1582/273 1562/1597/286 1743/1600/289 1744/1583/274
f 1469/1695/334 1641/1809/394 1642/1802/391 1466/1697/335
f 1535/1585/367 1710/1828/367 1711/1873/485 1536/1586/277
f 1523/1484/220 1778/1483/219 1763/1872/325 1605/1685/325
f 1505/1774/7 1680/1819/7 1679/1821/7 1504/1769/7
f 1594/1753/12 1755/1869/12 1754/1868/12 1595/1754/12
f 1532/1663/437 1713/1838/437 1712/1837/437 1542/1667/437
f 1841/1773/7 2039/1820/7 1680/1819/7 1505/1774/7
f 1561/1598/287 1563/1776/456 1745/1848/463 1742/1599/433
f 1595/1754/12 1754/1868/12 1756/1863/12 1596/1755/12
f 1471/1676/443 1643/1799/457 2381/1798/186 2195/1675/112
f 1533/1757/454 1715/1832/460 1714/1829/367 1534/1756/367
f 1502/1492/7 1677/1491/7 1681/1817/396 1501/1744/362
f 1596/1755/12 1756/1863/12 1757/1862/12 1597/1751/12
f 1473/1673/478 1645/1800/458 1644/1792/384 1472/1681/480
f 1534/1756/367 1714/1829/367 1710/1828/367 1535/1585/367
f 1597/1751/12 1757/1862/12 2148/1867/12 1952/1752/12
f 1475/1678/479 1647/1795/385 1646/1796/386 1474/1682/328
f 1547/1750/366 1717/1835/407 1716/1834/365 1546/1749/365
f 1599/1763/166 1758/1860/166 1759/1865/166 1598/1761/166
f 1537/1666/314 1718/1840/411 1713/1838/437 1532/1663/437
f 1935/1775/173 1461/1718/349 1640/1719/482 2132/1789/181
f 1501/1744/362 1681/1817/396 1682/1818/397 1602/1743/361
f 1600/1764/166 1760/1861/166 1758/1860/166 1599/1763/166
f 1539/1664/477 1720/1830/477 1719/1833/461 1538/1665/439
f 1601/1765/166 1761/1866/166 1760/1861/166 1600/1764/166
f 1540/1668/477 1721/1831/477 1720/1830/477 1539/1664/477
f 2319/1672/111 2497/1801/188 1645/1800/458 1473/1673/478
f 1602/1743/361 1682/1818/397 1761/1866/166 1601/1765/166
f 1472/1681/480 1644/1792/384 1647/1795/385 1475/1678/479
f 1541/1670/318 1722/1874/420 1721/1831/477 1540/1668/477
f 1598/1761/166 1759/1865/166 2515/1864/166 2338/1762/166
f 1543/1669/440 1723/1836/462 1717/1835/407 1547/1750/366
f 1589/1596/256 1746/1595/256 1747/1853/256 1588/1758/256
f 1506/1707/447 1684/1711/449 1683/1855/464 1507/1703/481
f 1474/1682/328 1646/1796/386 1643/1799/457 1471/1676/443
f 1563/1776/456 2318/1777/175 2500/1849/211 1745/1848/463
f 1507/1703/481 1683/1855/464 1685/1858/333 1508/1702/333
f 1508/1702/333 1685/1858/333 1686/1852/333 1509/1701/333
f 1538/1665/439 1719/1833/461 1715/1832/460 1533/1757/454
f 1509/1701/333 1686/1852/333 1687/1854/333 1510/1700/333
f 1892/1693/123 2005/1807/193 1648/1806/393 1468/1690/331
f 1542/1667/437 1712/1837/437 1723/1836/462 1543/1669/440
f 1510/1700/333 1687/1854/333 1688/1857/333 1511/1698/333
f 1545/1759/365 1725/1839/365 1724/1841/412 1544/1760/370
f 1512/1696/333 1690/1859/333 1689/1850/333 1513/1694/333
f 1546/1749/365 1716/1834/365 1725/1839/365 1545/1759/365
f 1588/1758/256 1747/1853/256 1748/1622/256 1587/1621/256
f 1513/1694/333 1689/1850/333 1691/1851/484 1514/1691/332
f 1466/1697/335 1642/1802/391 1649/1805/392 1467/1699/336
f 1536/1586/277 1711/1873/485 1722/1874/420 1541/1670/318
f 1514/1691/332 1691/1851/484 2066/1856/214 1851/1692/124
f 1468/1690/331 1648/1806/393 1641/1809/394 1469/1695/334
f 1449/1767/373 1450/1772/377 1623/1783/381 1622/1782/380
f 1511/1698/333 1688/1857/333 1690/1859/333 1512/1696/333
f 1470/1689/330 1650/1811/395 2019/1810/195 1802/1686/118
f 1452/1606/294 1451/1571/267 1624/1574/270 1625/1607/295
f 1544/1760/370 1724/1841/412 1718/1840/411 1537/1666/314
f 1454/1768/374 1453/1770/375 1626/1786/483 1627/1785/382
f 1515/1688/329 1693/1822/398 1692/1826/401 1516/1704/339
f 1476/1500/12 1651/1499/12 1653/1815/12 1477/1778/12
f 1467/1699/336 1649/1805/392 1650/1811/395 1470/1689/330
f 1455/1572/268 1454/1768/374 1627/1785/382 1628/1573/269
f 1516/1704/339 1692/1826/401 1694/1824/459 1517/1705/446
f 1477/1778/12 1653/1815/12 1654/1813/12 1478/1779/12
f 1457/1550/427 1456/1617/305 1629/1620/308 1630/1551/254
f 1517/1705/446 1694/1824/459 1695/1710/448 1518/1706/341
f 1603/1628/12 1666/1627/12 1755/1869/12 1594/1753/12
f 1478/1779/12 1654/1813/12 1655/1812/12 1479/1780/12
f 1853/1687/121 2073/1823/199 1693/1822/398 1515/1688/329
f 1479/1780/12 1655/1812/12 1656/1626/12 1480/1625/12
f 1458/1618/306 1449/1767/373 1622/1782/380 1633/1619/307
f 1520/1766/372 1697/1827/402 1696/1746/364 1519/1745/363
f 1605/1685/325 1763/1872/325 1762/1870/325 1606/1684/325
f 1482/1646/5 1657/1816/6 1652/1486/6 1481/1485/5
f 1548/1731/355 1549/1726/353 1728/1727/354 1727/1732/356
f 1450/1772/377 1459/1605/293 1634/1608/296 1623/1783/381
f 1521/1771/455 1698/1825/400 1697/1827/402 1520/1766/372
f 1606/1684/325 1762/1870/325 1764/1871/325 1607/1683/325
f 1483/1653/5 1658/1814/6 1657/1816/6 1482/1646/5
f 1551/1540/425 1550/1527/236 1729/1530/239 1730/1541/246
f 1453/1770/375 1460/1549/252 1635/1552/255 1626/1786/483
f 1522/1717/451 1699/1716/450 1698/1825/400 1521/1771/455
f 1607/1683/325 1764/1871/325 1765/1734/325 1608/1679/325
f 1484/1658/5 1659/1742/6 1658/1814/6 1483/1653/5
f 1553/1740/359 1552/1720/351 1731/1721/352 1732/1741/360
f 1454/1768/374 1455/1572/268 1505/1774/7 1504/1769/7
f 1533/1757/454 1588/1758/256 1587/1621/256 1538/1665/439
f 1960/1875/1 1863/1876/2 2172/1877/3 2090/1878/4
f 1814/1879/5 1874/1880/5 2068/1881/6 2023/1882/6
f 1838/1883/7 1837/1884/7 2051/1885/7 2052/1886/7
f 1969/1887/8 1873/1888/9 2088/1889/10 2166/1890/11
f 1852/1891/225 1809/1892/12 2022/1893/12 2067/1894/12
f 1830/1895/13 1831/1896/13 2048/1897/14 2046/1898/14
f 1875/1899/13 1825/1900/13 2042/1901/14 2091/1902/14
f 1834/1903/13 1835/1512/13 2040/1511/14 2050/1904/14
f 1868/1905/15 1960/1875/1 2090/1878/4 2083/1906/16
f 1904/1907/486 2122/1908/18 2117/1909/19 1901/1910/20
f 1833/1911/13 1834/1903/13 2050/1904/14 2049/1912/14
f 1792/1913/487 1996/1914/22 1999/1915/23 1795/1916/24
f 1832/1917/13 1833/1911/13 2049/1912/14 2047/1918/14
f 1895/1919/25 2111/1920/26 2115/1921/27 1899/1922/28
f 1831/1896/13 1832/1917/13 2047/1918/14 2048/1897/14
f 1796/1923/29 2001/1924/30 1997/1925/488 1793/1926/32
f 1829/1927/13 1830/1895/13 2046/1898/14 2045/1928/14
f 1828/1929/13 1829/1927/13 2045/1928/14 2044/1930/14
f 1903/1931/489 2121/1932/34 2112/1933/35 1896/1934/466
f 1827/1935/13 1828/1929/13 2044/1930/14 2043/1936/14
f 1870/1937/37 1869/1938/490 2089/1939/491 2085/1940/40
f 1790/1941/41 1993/1942/492 1988/1943/43 1787/1944/493
f 1944/1945/45 1943/1946/45 2139/1947/45 2141/1948/45
f 1900/1949/46 2116/1950/47 2120/1951/48 1902/1952/49
f 1826/1953/13 1827/1935/13 2043/1936/14 2041/1954/14
f 1873/1888/9 1872/1955/50 2087/1956/51 2088/1889/10
f 1947/1565/52 1946/1957/53 2142/1958/54 2143/1566/55
f 1825/1900/13 1826/1953/13 2041/1954/14 2042/1901/14
f 1872/1955/50 1871/1959/56 2086/1960/57 2087/1956/51
f 1781/1961/58 1982/1962/59 1986/1963/60 1785/1964/61
f 1946/1957/53 1945/1965/45 2140/1966/45 2142/1958/54
f 1975/1967/63 1974/1968/63 2167/1969/63 2168/1970/62
f 1871/1959/56 1870/1937/37 2085/1940/40 2086/1960/57
f 1945/1965/45 1944/1945/45 2141/1948/45 2140/1966/45
f 1905/1971/494 2125/1972/495 2129/1973/66 1910/1974/496
f 1879/1975/68 1943/1946/45 1944/1945/45 1880/1976/69
f 1978/1977/497 1977/1978/498 2170/1979/499 2171/1980/500
f 1864/1981/501 1865/1982/75 2081/1983/76 2084/1984/502
f 1943/1946/45 1942/1985/45 2134/1986/45 2139/1947/45
f 1908/1987/78 2128/1988/79 2127/1989/80 1907/1990/81
f 1977/1978/498 1976/1991/62 2169/1992/62 2170/1979/499
f 1867/1993/82 1868/1905/15 2083/1906/16 2082/1994/83
f 1789/1995/84 1992/1996/85 1983/1997/86 1782/1998/468
f 1939/1999/88 1938/2000/89 2079/2001/90 2138/2002/91
f 1906/2003/503 2126/2004/504 2125/1972/495 1905/1971/494
f 1976/1991/62 1975/1967/63 2168/1970/62 2169/1992/62
f 1866/2005/94 1867/1993/82 2082/1994/83 2080/2006/95
f 1786/2007/96 1987/2008/97 1991/2009/98 1788/2010/99
f 1940/2011/45 1939/1999/88 2138/2002/91 2137/2012/45
f 1974/1968/63 1973/2013/62 2163/2014/62 2167/1969/63
f 1865/1982/75 1866/2005/94 2080/2006/95 2081/1983/76
f 1813/2015/12 1959/2016/12 2038/2017/12 2027/2018/12
f 1820/2019/5 1821/2020/5 1918/2021/100 1917/2022/100
f 1834/1903/13 1833/1911/13 1930/2023/101 1931/2024/101
f 1821/2020/5 1822/2025/5 1919/2026/100 1918/2021/100
f 1826/1953/13 1825/1900/13 1922/2027/101 1923/2028/101
f 1874/1880/5 1814/1879/5 1911/2029/100 1933/2030/100
f 1835/1512/13 1834/1903/13 1931/2024/101 1932/1641/101
f 1822/2025/5 1823/2031/5 1920/2032/100 1919/2026/100
f 1827/1935/13 1826/1953/13 1923/2028/101 1924/2033/101
f 1814/1879/5 1815/2034/5 1912/2035/100 1911/2029/100
f 1831/1896/13 1830/1895/13 1927/2036/101 1928/2037/101
f 1823/2031/5 1824/1650/5 1921/1649/100 1920/2032/100
f 1828/1929/13 1827/1935/13 1924/2033/101 1925/2038/101
f 1815/2034/5 1816/2039/5 1913/2040/100 1912/2035/100
f 1819/2041/5 1820/2019/5 1917/2022/100 1916/2042/100
f 1829/1927/13 1828/1929/13 1925/2038/101 1926/2043/101
f 1816/2039/5 1817/2044/5 1914/2045/100 1913/2040/100
f 1830/1895/13 1829/1927/13 1926/2043/101 1927/2036/101
f 1817/2044/5 1818/2046/5 1915/2047/100 1914/2045/100
f 1825/1900/13 1875/1899/13 1934/2048/101 1922/2027/101
f 1832/1917/13 1831/1896/13 1928/2037/101 1929/2049/101
f 1818/2046/5 1819/2041/5 1916/2042/100 1915/2047/100
f 1833/1911/13 1832/1917/13 1929/2049/101 1930/2023/101
f 1876/2050/102 1881/2051/103 1882/2052/104 1883/2053/505
f 1886/2054/102 1876/2050/102 1883/2053/505 1884/2055/505
f 1884/2055/505 1885/2056/106 1887/2057/107 1886/2054/102
f 1968/2058/506 1967/2059/507 1806/2060/508 1937/2061/509
f 1803/2062/510 1804/2063/511 1865/1982/75 1864/1981/501
f 1806/2060/508 1967/2059/507 1966/2064/114
f 1808/2065/115 1805/2066/469 1965/2067/114 1964/2068/114
f 1805/2066/469 1806/2060/508 1966/2064/114 1965/2067/114
f 1807/2069/117 1808/2065/115 1964/2068/114 1963/2070/114
f 1804/2063/511 1807/2069/117 1963/2070/114 1962/2071/114
f 1804/2063/511 1962/2071/114 1961/2072/114
f 1865/1982/75 1804/2063/511 1866/2005/94
f 1866/2005/94 1804/2063/511 1867/1993/82
f 1804/2063/511 1961/2072/114 1863/1876/2
f 1804/2063/511 1863/1876/2 1960/1875/1 1868/1905/15
f 1867/1993/82 1804/2063/511 1868/1905/15
f 1802/1686/118 1801/2073/119 1854/2074/120 1853/1687/121
f 1799/2075/122 1892/1693/123 1851/1692/124 1850/2076/512
f 1849/2077/126 1799/2075/122 1850/2076/512
f 1800/2078/127 1799/2075/122 1849/2077/126 1848/2079/126
f 1797/2080/513 1800/2078/127 1848/2079/126 1847/2081/126
f 1798/2082/129 1797/2080/513 1847/2081/126 1846/2083/126
f 1801/2073/119 1798/2082/129 1846/2083/126 1845/2084/126
f 1801/2073/119 1845/2084/126 1844/2085/126
f 1801/2073/119 1844/2085/126 1843/2086/130
f 1854/2074/120 1801/2073/119 1855/2087/131
f 1855/2087/131 1801/2073/119 1856/2088/132
f 1801/2073/119 1843/2086/130 1842/2089/133 1857/2090/134
f 1856/2088/132 1801/2073/119 1857/2090/134
f 1970/2091/135 1969/1887/8 2166/1890/11 2165/2092/136
f 1945/1965/45 1885/2056/106 1880/1976/69 1944/1945/45
f 1857/2090/134 1842/2089/133 2058/2093/137 2072/2094/138
f 1820/2019/5 1819/2041/5 2032/2095/6 2034/2096/6
f 1971/2097/63 1970/2091/135 2165/2092/136 2164/2098/62
f 1938/2000/89 1862/2099/139 2077/2100/140 2079/2001/90
f 1791/2101/141 2002/2102/142 2001/1924/30 1796/1923/29
f 1897/2103/143 2113/2104/514 2122/1908/18 1904/1907/486
f 1824/1650/5 1823/2031/5 2036/2105/6 2037/1722/6
f 1972/2106/62 1971/2097/63 2164/2098/62 2162/2107/62
f 1894/2108/515 2110/2109/516 2121/1932/34 1903/1931/489
f 1823/2031/5 1822/2025/5 2035/2110/6 2036/2105/6
f 1973/2013/62 1972/2106/62 2162/2107/62 2163/2014/62
f 1795/1916/24 1999/1915/23 1998/1730/147 1794/1729/148
f 1902/1952/49 2120/1951/48 2109/2111/149 1893/2112/150
f 1822/2025/5 1821/2020/5 2033/2113/6 2035/2110/6
f 1964/2068/114 1965/2067/114 2159/2114/114 2157/2115/114
f 1793/1926/32 1997/1925/488 1996/1914/22 1792/1913/487
f 1821/2020/5 1820/2019/5 2034/2096/6 2033/2113/6
f 1967/2059/507 1968/2058/506 2161/2116/517 2160/2117/518
f 1901/1910/20 2117/1909/19 2116/1950/47 1900/1949/46
f 1819/2041/5 1818/2046/5 2031/2118/6 2032/2095/6
f 1966/2064/114 1967/2059/507 2160/2117/518 2158/2119/114
f 1899/1922/28 2115/1921/27 2114/2120/519 1898/2121/154
f 1818/2046/5 1817/2044/5 2030/2122/6 2031/2118/6
f 1965/2067/114 1966/2064/114 2158/2119/114 2159/2114/114
f 1957/2123/155 1836/2124/156 1862/2099/139 1938/2000/89
f 1959/2016/12 1813/2015/12 1873/1888/9 1969/1887/8
f 1859/2125/157 1858/1748/158 2078/1747/159 2074/2126/160
f 1890/2127/161 1891/2128/162 1971/2097/63 1972/2106/62
f 1947/1565/52 1952/1752/12 1951/2129/12
f 1891/2128/162 1887/2057/107 1970/2091/135 1971/2097/63
f 1887/2057/107 1885/2056/106 1945/1965/45 1970/2091/135
f 1970/2091/135 1945/1965/45 1946/1957/53 1969/1887/8
f 1969/1887/8 1946/1957/53 1947/1565/52 1948/2130/12 1959/2016/12
f 1948/2130/12 1947/1565/52 1949/2131/12
f 1949/2131/12 1947/1565/52 1950/2132/12
f 1950/2132/12 1947/1565/52 1951/2129/12
f 1878/2133/163 1942/1985/45 1943/1946/45 1879/1975/68
f 1877/2134/164 1941/2135/45 1942/1985/45 1878/2133/163
f 1889/2136/161 1890/2127/161 1972/2106/62 1973/2013/62
f 1888/2137/165 1889/2136/161 1973/2013/62 1974/1968/63
f 1881/2051/103 1888/2137/165 1974/1968/63 1975/1967/63
f 1953/2138/166 1978/1977/497 1958/2139/371
f 1882/2052/104 1881/2051/103 1975/1967/63 1940/2011/45
f 1940/2011/45 1975/1967/63 1976/1991/62 1939/1999/88
f 1939/1999/88 1976/1991/62 1977/1978/498 1938/2000/89
f 1977/1978/498 1978/1977/497 1953/2138/166 1954/2140/166
f 1977/1978/498 1954/2140/166 1955/2141/166
f 1977/1978/498 1955/2141/166 1956/2142/166
f 1938/2000/89 1977/1978/498 1956/2142/166 1957/2123/155
f 1788/2010/99 1779/2143/167 1859/2125/157 1860/2144/168
f 1784/2145/169 1783/2146/170 1838/1883/7 1839/2147/7
f 1837/1884/7 1838/1883/7 1783/2146/170
f 1786/2007/96 1860/2144/168 1861/2148/171 1787/1944/493
f 1790/1941/41 1861/2148/171 1862/2099/139 1836/2124/156 1837/1884/7 1783/2146/170
f 1788/2010/99 1860/2144/168 1786/2007/96
f 1787/1944/493 1861/2148/171 1790/1941/41
f 1796/1923/29 1781/1961/58 1785/1964/61 1791/2101/141
f 1781/1961/58 1796/1923/29 1793/1926/32 1782/1998/468
f 1792/1913/487 1789/1995/84 1782/1998/468 1793/1926/32
f 1789/1995/84 1792/1913/487 1795/1916/24 1780/2149/172
f 1780/2149/172 1795/1916/24 1794/1729/148 1779/2143/167
f 1858/1748/158 1859/2125/157 1779/2143/167 1794/1729/148
f 1841/1773/7 1935/1775/173 1791/2101/141 1840/2150/7
f 1785/1964/61 1840/2150/7 1791/2101/141
f 1910/1974/496 1895/1919/25 1899/1922/28 1905/1971/494
f 1895/1919/25 1910/1974/496 1908/1987/78 1896/1934/466
f 1907/1990/81 1903/1931/489 1896/1934/466 1908/1987/78
f 1903/1931/489 1907/1990/81 1909/2151/520 1894/2108/515
f 1894/2108/515 1909/2151/520 1936/2152/521 1893/2112/150
f 1869/1938/490 1870/1937/37 1893/2112/150 1936/2152/521
f 1852/1891/225 1906/2003/503 1905/1971/494 1809/1892/12
f 1810/2153/12 1809/1892/12 1905/1971/494 1899/1922/28
f 1871/1959/56 1902/1952/49 1893/2112/150 1870/1937/37
f 1872/1955/50 1900/1949/46 1902/1952/49 1871/1959/56
f 1810/2153/12 1899/1922/28 1898/2121/154 1811/2154/12
f 1873/1888/9 1901/1910/20 1900/1949/46 1872/1955/50
f 1811/2154/12 1898/2121/154 1897/2103/143 1812/2155/12
f 1873/1888/9 1904/1907/486 1901/1910/20
f 1897/2103/143 1904/1907/486 1873/1888/9
f 1812/2155/12 1897/2103/143 1873/1888/9 1813/2015/12
f 1992/1996/85 1981/2156/176 1980/2157/177 1979/2158/178
f 1993/1942/492 1984/2159/522 1985/2160/180 1989/2161/178
f 1987/2008/97 1988/1943/43 1990/2162/178 1979/2158/178
f 1982/1962/59 1983/1997/86 1990/2162/178 1989/2161/178
f 2001/1924/30 2002/2102/142 2132/1789/181 1994/1788/178
f 1996/1914/22 1997/1925/488 1995/1791/178 2000/1790/178
f 1991/2009/98 1987/2008/97 1979/2158/178 1980/2157/177
f 1983/1997/86 1992/1996/85 1979/2158/178 1990/2162/178
f 1986/1963/60 1982/1962/59 1989/2161/178 1985/2160/180
f 1988/1943/43 1993/1942/492 1989/2161/178 1990/2162/178
f 1997/1925/488 2001/1924/30 1994/1788/178 1995/1791/178
f 1999/1915/23 1996/1914/22 2000/1790/178 1998/1730/147
f 2010/2163/182 2013/2164/183 2015/2165/178 2016/2166/178
f 2012/2167/523 2009/2168/524 2008/2169/525 2014/2170/178
f 2011/2171/526 2010/2163/182 2016/2166/178 2133/2172/527
f 2013/2164/183 2012/2167/523 2014/2170/178 2015/2165/178
f 2006/2173/189 2020/2174/190 2018/1804/178 2007/1803/178
f 2017/2175/191 2003/2176/192 2004/1808/178 2005/1807/193
f 2020/2174/190 2021/2177/194 2019/1810/195 2018/1804/178
f 2003/2176/192 2006/2173/189 2007/1803/178 2004/1808/178
f 2032/2095/6 2031/2118/6 2027/2018/12 2038/2017/12
f 2027/2018/12 2031/2118/6 2030/2122/6 2026/2178/12
f 2026/2178/12 2030/2122/6 2029/2179/6 2025/2180/12
f 2025/2180/12 2029/2179/6 2028/2181/6 2024/2182/12
f 2024/2182/12 2028/2181/6 2023/1882/6 2022/1893/12
f 2048/1897/14 2051/1885/7 2055/2183/196 2046/1898/14
f 2045/1928/14 2046/1898/14 2055/2183/196 2056/2184/197
f 2040/1511/14 2039/1820/7 2054/2185/7 2050/1904/14
f 2050/1904/14 2054/2185/7 2053/2186/7 2049/1912/14
f 2049/1912/14 2053/2186/7 2052/1886/7 2047/1918/14
f 2047/1918/14 2052/1886/7 2051/1885/7 2048/1897/14
f 2070/2187/198 2074/2126/160 2078/1747/159 2073/1823/199
f 2072/2094/138 2077/2100/140 2076/2188/200 2071/2189/201
f 2071/2189/201 2076/2188/200 2075/2190/202 2069/2191/203
f 2069/2191/203 2075/2190/202 2074/2126/160 2070/2187/198
f 2072/2094/138 2058/2093/137 2079/2001/90 2077/2100/140
f 2081/1983/76 2085/1940/40 2089/1939/491 2084/1984/502
f 2083/1906/16 2088/1889/10 2087/1956/51 2082/1994/83
f 2082/1994/83 2087/1956/51 2086/1960/57 2080/2006/95
f 2080/2006/95 2086/1960/57 2085/1940/40 2081/1983/76
f 2083/1906/16 2090/1878/4 2166/1890/11 2088/1889/10
f 2022/1893/12 2023/1882/6 2068/1881/6 2067/1894/12
f 2092/2192/68 2103/2193/105 2102/2194/505 2096/2195/68
f 2096/2195/68 2102/2194/505 2101/2196/204 2097/2197/205
f 2098/2198/161 2094/2199/102 2105/2200/206 2099/2201/207
f 2094/2199/102 2098/2198/161 2107/2202/161 2095/2203/102
f 2095/2203/102 2107/2202/161 2106/2204/208 2100/2205/528
f 2121/1932/34 2110/2109/516 2109/2111/149 2108/2206/178
f 2122/1908/18 2113/2104/514 2114/2120/519 2118/2207/178
f 2116/1950/47 2117/1909/19 2119/2208/178 2108/2206/178
f 2111/1920/26 2112/1933/35 2119/2208/178 2118/2207/178
f 2129/1973/66 2125/1972/495 2126/2004/504 2123/2209/178
f 2127/1989/80 2128/1988/79 2124/2210/178 2131/2211/178
f 2120/1951/48 2116/1950/47 2108/2206/178 2109/2111/149
f 2112/1933/35 2121/1932/34 2108/2206/178 2119/2208/178
f 2115/1921/27 2111/1920/26 2118/2207/178 2114/2120/519
f 2117/1909/19 2122/1908/18 2118/2207/178 2119/2208/178
f 2128/1988/79 2129/1973/66 2123/2209/178 2124/2210/178
f 2130/2212/529 2127/1989/80 2131/2211/178 2136/2213/530
f 2063/2214/126 2065/2215/531 2142/1958/54 2140/1966/45
f 2060/2216/126 2061/2217/126 2134/1986/45 2135/2218/45
f 2058/2093/137 2057/2219/213 2138/2002/91 2079/2001/90
f 2065/2215/531 2066/1856/214 2143/1566/55 2142/1958/54
f 2061/2217/126 2062/2220/126 2139/1947/45 2134/1986/45
f 2057/2219/213 2059/2221/126 2137/2012/45 2138/2002/91
f 2062/2220/126 2064/2222/126 2141/1948/45 2139/1947/45
f 2064/2222/126 2063/2214/126 2140/1966/45 2141/1948/45
f 2059/2221/126 2060/2216/126 2135/2218/45 2137/2012/45
f 2041/1954/14 2043/1936/14 2151/2223/166 2149/2224/166
f 2036/2105/6 2035/2110/6 2146/2225/12 2147/2226/12
f 2091/1902/14 2042/1901/14 2150/2227/166 2153/2228/166
f 2043/1936/14 2044/1930/14 2152/2229/166 2151/2223/166
f 2037/1722/6 2036/2105/6 2147/2226/12 2148/1867/12
f 2033/2113/6 2034/2096/6 2145/2230/12 2144/2231/12
f 2044/1930/14 2045/1928/14 2056/2184/197 2152/2229/166
f 2042/1901/14 2041/1954/14 2149/2224/166 2150/2227/166
f 2035/2110/6 2033/2113/6 2144/2231/12 2146/2225/12
f 2032/2095/6 2038/2017/12 2145/2230/12 2034/2096/6
f 2158/2119/114 2160/2117/518 2170/1979/499 2169/1992/62
f 2154/2232/114 2156/2233/114 2163/2014/62 2162/2107/62
f 2090/1878/4 2172/1877/3 2165/2092/136 2166/1890/11
f 2160/2117/518 2161/2116/517 2171/1980/500 2170/1979/499
f 2156/2233/114 2157/2115/114 2167/1969/63 2163/2014/62
f 2172/1877/3 2155/2234/114 2164/2098/62 2165/2092/136
f 2157/2115/114 2159/2114/114 2168/1970/62 2167/1969/63
f 2159/2114/114 2158/2119/114 2169/1992/62 2168/1970/62
f 2155/2234/114 2154/2232/114 2162/2107/62 2164/2098/62
f 2093/2235/215 2104/2236/216 2103/2193/105 2092/2192/68
f 1839/2147/7 1838/1883/7 2052/1886/7 2053/2186/7
f 1910/1974/496 2129/1973/66 2128/1988/79 1908/1987/78
f 1800/2078/127 1797/2080/513 2006/2173/189 2003/2176/192
f 1879/1975/68 1880/1976/69 2093/2235/215 2092/2192/68
f 1863/1876/2 1961/2072/114 2155/2234/114 2172/1877/3
f 1840/2150/7 1839/2147/7 2053/2186/7 2054/2185/7
f 1948/2130/12 1949/2131/12 2144/2231/12 2145/2230/12
f 1876/2050/102 1886/2054/102 2094/2199/102 2095/2203/102
f 1841/1773/7 1840/2150/7 2054/2185/7 2039/1820/7
f 1907/1990/81 2127/1989/80 2130/2212/529 1909/2151/520
f 1949/2131/12 1950/2132/12 2146/2225/12 2144/2231/12
f 1804/2063/511 1803/2062/510 2008/2169/525 2009/2168/524
f 1877/2134/164 1878/2133/163 2096/2195/68 2097/2197/205
f 1837/1884/7 1836/2124/156 2055/2183/196 2051/1885/7
f 1950/2132/12 1951/2129/12 2147/2226/12 2146/2225/12
f 1806/2060/508 1805/2066/469 2010/2163/182 2011/2171/526
f 1878/2133/163 1879/1975/68 2092/2192/68 2096/2195/68
f 1951/2129/12 1952/1752/12 2148/1867/12 2147/2226/12
f 1808/2065/115 1807/2069/117 2012/2167/523 2013/2164/183
f 1891/2128/162 1890/2127/161 2098/2198/161 2099/2201/207
f 1954/2140/166 1953/2138/166 2150/2227/166 2149/2224/166
f 1881/2051/103 1876/2050/102 2095/2203/102 2100/2205/528
f 1935/1775/173 2132/1789/181 2002/2102/142 1791/2101/141
f 1836/2124/156 1957/2123/155 2056/2184/197 2055/2183/196
f 1955/2141/166 1954/2140/166 2149/2224/166 2151/2223/166
f 1883/2053/505 1882/2052/104 2101/2196/204 2102/2194/505
f 1956/2142/166 1955/2141/166 2151/2223/166 2152/2229/166
f 1884/2055/505 1883/2053/505 2102/2194/505 2103/2193/105
f 1937/2061/509 1806/2060/508 2011/2171/526 2133/2172/527
f 1957/2123/155 1956/2142/166 2152/2229/166 2056/2184/197
f 1805/2066/469 1808/2065/115 2013/2164/183 2010/2163/182
f 1885/2056/106 1884/2055/505 2103/2193/105 2104/2236/216
f 1953/2138/166 1958/2139/371 2153/2228/166 2150/2227/166
f 1887/2057/107 1891/2128/162 2099/2201/207 2105/2200/206
f 1942/1985/45 1941/2135/45 2135/2218/45 2134/1986/45
f 1842/2089/133 1843/2086/130 2057/2219/213 2058/2093/137
f 1807/2069/117 1804/2063/511 2009/2168/524 2012/2167/523
f 1909/2151/520 2130/2212/529 2136/2213/530 1936/2152/521
f 1843/2086/130 1844/2085/126 2059/2221/126 2057/2219/213
f 1844/2085/126 1845/2084/126 2060/2216/126 2059/2221/126
f 1882/2052/104 1877/2134/164 2097/2197/205 2101/2196/204
f 1845/2084/126 1846/2083/126 2061/2217/126 2060/2216/126
f 1892/1693/123 1799/2075/122 2017/2175/191 2005/1807/193
f 1886/2054/102 1887/2057/107 2105/2200/206 2094/2199/102
f 1846/2083/126 1847/2081/126 2062/2220/126 2061/2217/126
f 1889/2136/161 1888/2137/165 2106/2204/208 2107/2202/161
f 1848/2079/126 1849/2077/126 2063/2214/126 2064/2222/126
f 1890/2127/161 1889/2136/161 2107/2202/161 2098/2198/161
f 1941/2135/45 1940/2011/45 2137/2012/45 2135/2218/45
f 1849/2077/126 1850/2076/512 2065/2215/531 2063/2214/126
f 1797/2080/513 1798/2082/129 2020/2174/190 2006/2173/189
f 1880/1976/69 1885/2056/106 2104/2236/216 2093/2235/215
f 1850/2076/512 1851/1692/124 2066/1856/214 2065/2215/531
f 1799/2075/122 1800/2078/127 2003/2176/192 2017/2175/191
f 1779/2143/167 1980/2157/177 1981/2156/176 1780/2149/172
f 1847/2081/126 1848/2079/126 2064/2222/126 2062/2220/126
f 1801/2073/119 1802/1686/118 2019/1810/195 2021/2177/194
f 1782/1998/468 1983/1997/86 1982/1962/59 1781/1961/58
f 1888/2137/165 1881/2051/103 2100/2205/528 2106/2204/208
f 1784/2145/169 1985/2160/180 1984/2159/522 1783/2146/170
f 1854/2074/120 1855/2087/131 2069/2191/203 2070/2187/198
f 1809/1892/12 1810/2153/12 2024/2182/12 2022/1893/12
f 1798/2082/129 1801/2073/119 2021/2177/194 2020/2174/190
f 1785/1964/61 1986/1963/60 1985/2160/180 1784/2145/169
f 1855/2087/131 1856/2088/132 2071/2189/201 2069/2191/203
f 1810/2153/12 1811/2154/12 2025/2180/12 2024/2182/12
f 1787/1944/493 1988/1943/43 1987/2008/97 1786/2007/96
f 1856/2088/132 1857/2090/134 2072/2094/138 2071/2189/201
f 1959/2016/12 1948/2130/12 2145/2230/12 2038/2017/12
f 1811/2154/12 1812/2155/12 2026/2178/12 2025/2180/12
f 1853/1687/121 1854/2074/120 2070/2187/198 2073/1823/199
f 1812/2155/12 1813/2015/12 2027/2018/12 2026/2178/12
f 1788/2010/99 1991/2009/98 1980/2157/177 1779/2143/167
f 1860/2144/168 1859/2125/157 2074/2126/160 2075/2190/202
f 1961/2072/114 1962/2071/114 2154/2232/114 2155/2234/114
f 1815/2034/5 1814/1879/5 2023/1882/6 2028/2181/6
f 1893/2112/150 2109/2111/149 2110/2109/516 1894/2108/515
f 1780/2149/172 1981/2156/176 1992/1996/85 1789/1995/84
f 1861/2148/171 1860/2144/168 2075/2190/202 2076/2188/200
f 1962/2071/114 1963/2070/114 2156/2233/114 2154/2232/114
f 1816/2039/5 1815/2034/5 2028/2181/6 2029/2179/6
f 1896/1934/466 2112/1933/35 2111/1920/26 1895/1919/25
f 1783/2146/170 1984/2159/522 1993/1942/492 1790/1941/41
f 1862/2099/139 1861/2148/171 2076/2188/200 2077/2100/140
f 1963/2070/114 1964/2068/114 2157/2115/114 2156/2233/114
f 1817/2044/5 1816/2039/5 2029/2179/6 2030/2122/6
f 1898/2121/154 2114/2120/519 2113/2104/514 1897/2103/143
f 1784/2145/169 1839/2147/7 1840/2150/7 1785/1964/61
f 1877/2134/164 1882/2052/104 1940/2011/45 1941/2135/45
f 2340/2237/1 2249/2238/2 2534/2239/3 2455/2240/4
f 2206/2241/5 2260/1488/5 2435/1487/6 2394/2242/6
f 2228/2243/7 2227/2244/7 2419/2245/7 2420/2246/7
f 2349/2247/8 2259/2248/9 2453/2249/10 2528/2250/11
f 2240/1497/12 2201/2251/12 2393/2252/12 2434/1498/12
f 2221/2253/13 2222/2254/13 2416/2255/14 2414/2256/14
f 2261/1505/13 2216/2257/13 2410/2258/14 2456/1506/14
f 2225/2259/13 2591/2260/13 2796/2261/14 2418/2262/14
f 2254/2263/15 2340/2237/1 2455/2240/4 2448/2264/16
f 2289/2265/17 2487/2266/18 2482/2267/19 2286/2268/20
f 2224/2269/13 2225/2259/13 2418/2262/14 2417/2270/14
f 2186/2271/21 2374/2272/22 2376/2273/23 2188/2274/24
f 2223/2275/13 2224/2269/13 2417/2270/14 2415/2276/14
f 2280/2277/25 2476/2278/26 2480/2279/27 2284/2280/28
f 2222/2254/13 2223/2275/13 2415/2276/14 2416/2255/14
f 2189/2281/29 2377/2282/30 2375/2283/465 2187/2284/32
f 2220/2285/13 2221/2253/13 2414/2256/14 2413/2286/14
f 2219/2287/13 2220/2285/13 2413/2286/14 2412/2288/14
f 2288/2289/33 2486/2290/34 2477/2291/35 2281/2292/466
f 2218/2293/13 2219/2287/13 2412/2288/14 2411/2294/14
f 2256/2295/37 2255/1548/38 2454/1547/39 2450/2296/40
f 2184/2297/41 2373/2298/42 2368/2299/43 2181/2300/467
f 2326/2301/45 2325/2302/45 2503/2303/45 2505/2304/45
f 2285/2305/46 2481/2306/47 2485/2307/48 2287/2308/49
f 2217/2309/13 2218/2293/13 2411/2294/14 2409/2310/14
f 2259/2248/9 2258/2311/50 2452/2312/51 2453/2249/10
f 2703/2313/52 2328/2314/53 2506/2315/54 2899/2316/55
f 2216/2257/13 2217/2309/13 2409/2310/14 2410/2258/14
f 2258/2311/50 2257/2317/56 2451/2318/57 2452/2312/51
f 2175/2319/58 2362/2320/59 2366/2321/60 2179/2322/61
f 2328/2314/53 2327/2323/45 2504/2324/45 2506/2315/54
f 2355/2325/63 2354/2326/62 2529/2327/63 2530/2328/63
f 2257/2317/56 2256/2295/37 2450/2296/40 2451/2318/57
f 2327/2323/45 2326/2301/45 2505/2304/45 2504/2324/45
f 2290/2329/64 2490/2330/65 2494/2331/66 2295/2332/67
f 2265/2333/68 2325/2302/45 2326/2301/45 2266/2334/69
f 2358/1587/70 2357/2335/71 2532/2336/72 2533/1588/73
f 2250/1591/74 2251/2337/75 2446/2338/76 2449/1592/77
f 2325/2302/45 2324/2339/45 2498/2340/45 2503/2303/45
f 2293/2341/78 2493/2342/79 2492/2343/80 2292/2344/81
f 2357/2335/71 2356/2345/62 2531/2346/62 2532/2336/72
f 2253/2347/82 2254/2263/15 2448/2264/16 2447/2348/83
f 2183/2349/84 2372/2350/85 2363/2351/86 2176/2352/87
f 2321/2353/88 2320/2354/89 2444/2355/90 2502/2356/91
f 2291/1613/92 2491/1614/93 2490/2330/65 2290/2329/64
f 2356/2345/62 2355/2325/63 2530/2328/63 2531/2346/62
f 2252/2357/94 2253/2347/82 2447/2348/83 2445/2358/95
f 2180/2359/96 2367/2360/97 2371/2361/98 2182/2362/99
f 2322/2363/45 2321/2353/88 2502/2356/91 2501/2364/45
f 2354/2326/62 2353/2365/62 2525/2366/62 2529/2327/63
f 2251/2337/75 2252/2357/94 2445/2358/95 2446/2338/76
f 2205/2367/12 2339/2368/12 2408/2369/12 2398/2370/12
f 2212/2371/5 2213/2372/5 2303/2373/100 2302/2374/100
f 2225/2259/13 2224/2269/13 2314/2375/101 2315/2376/101
f 2213/2372/5 2214/2377/5 2304/2378/100 2303/2373/100
f 2217/2309/13 2216/2257/13 2306/2379/101 2307/2380/101
f 2260/1488/5 2206/2241/5 2296/2381/100 2316/1639/100
f 2591/2260/13 2225/2259/13 2315/2376/101 2688/2382/101
f 2214/2377/5 2215/2383/5 2305/2384/100 2304/2378/100
f 2218/2293/13 2217/2309/13 2307/2380/101 2308/2385/101
f 2206/2241/5 2207/2386/5 2297/2387/100 2296/2381/100
f 2222/2254/13 2221/2253/13 2311/2388/101 2312/2389/101
f 2215/2383/5 2580/2390/5 2677/2391/100 2305/2384/100
f 2219/2287/13 2218/2293/13 2308/2385/101 2309/2392/101
f 2207/2386/5 2208/2393/5 2298/2394/100 2297/2387/100
f 2211/2395/5 2212/2371/5 2302/2374/100 2301/2396/100
f 2220/2285/13 2219/2287/13 2309/2392/101 2310/2397/101
f 2208/2393/5 2209/2398/5 2299/2399/100 2298/2394/100
f 2221/2253/13 2220/2285/13 2310/2397/101 2311/2388/101
f 2209/2398/5 2210/2400/5 2300/2401/100 2299/2399/100
f 2216/2257/13 2261/1505/13 2317/1661/101 2306/2379/101
f 2223/2275/13 2222/2254/13 2312/2389/101 2313/2402/101
f 2210/2400/5 2211/2395/5 2301/2396/100 2300/2401/100
f 2224/2269/13 2223/2275/13 2313/2402/101 2314/2375/101
f 2262/2403/102 2267/2404/103 2268/2405/104 2269/2406/505
f 2272/2407/102 2262/2403/102 2269/2406/505 2270/2408/105
f 2270/2408/105 2271/2409/106 2273/2410/107 2272/2407/102
f 2348/1671/108 2347/2411/109 2198/2412/110 2319/1672/111
f 2195/1675/112 2196/2413/113 2251/2337/75 2250/1591/74
f 2198/2412/110 2347/2411/109 2346/2414/114
f 2200/2415/115 2197/2416/116 2345/2417/114 2344/2418/114
f 2197/2416/116 2198/2412/110 2346/2414/114 2345/2417/114
f 2199/2419/117 2200/2415/115 2344/2418/114 2343/2420/114
f 2196/2413/113 2199/2419/117 2343/2420/114 2342/2421/114
f 2196/2413/113 2342/2421/114 2341/2422/114
f 2251/2337/75 2196/2413/113 2252/2357/94
f 2252/2357/94 2196/2413/113 2253/2347/82
f 2196/2413/113 2341/2422/114 2249/2238/2
f 2196/2413/113 2249/2238/2 2340/2237/1 2254/2263/15
f 2253/2347/82 2196/2413/113 2254/2263/15
f 2558/2423/118 2194/2424/119 2241/2425/120 2609/2426/121
f 2192/2427/122 2648/2428/123 2607/2429/124 2239/2430/512
f 2238/2431/126 2192/2427/122 2239/2430/512
f 2193/2432/127 2192/2427/122 2238/2431/126 2237/2433/126
f 2190/2434/128 2193/2432/127 2237/2433/126 2236/2435/126
f 2191/2436/129 2190/2434/128 2236/2435/126 2235/2437/126
f 2194/2424/119 2191/2436/129 2235/2437/126 2234/2438/126
f 2194/2424/119 2234/2438/126 2233/2439/126
f 2194/2424/119 2233/2439/126 2232/2440/130
f 2241/2425/120 2194/2424/119 2242/2441/131
f 2242/2441/131 2194/2424/119 2243/2442/132
f 2194/2424/119 2232/2440/130 2231/2443/133 2244/2444/134
f 2243/2442/132 2194/2424/119 2244/2444/134
f 2350/2445/135 2349/2247/8 2528/2250/11 2527/2446/136
f 2327/2323/45 2271/2409/106 2266/2334/69 2326/2301/45
f 2244/2444/134 2231/2443/133 2426/2447/137 2439/2448/138
f 2212/2371/5 2211/2395/5 2403/2449/6 2405/2450/6
f 2351/2451/62 2350/2445/135 2527/2446/136 2526/2452/62
f 2320/2354/89 2248/2453/139 2443/2454/140 2444/2355/90
f 2185/2455/141 2378/2456/142 2377/2282/30 2189/2281/29
f 2282/2457/143 2478/2458/514 2487/2266/18 2289/2265/17
f 2580/2390/5 2215/2383/5 2407/2459/6 2793/2460/6
f 2352/2461/62 2351/2451/62 2526/2452/62 2524/2462/62
f 2279/2463/470 2475/2464/532 2486/2290/34 2288/2289/33
f 2215/2383/5 2214/2377/5 2406/2465/6 2407/2459/6
f 2353/2365/62 2352/2461/62 2524/2462/62 2525/2366/62
f 2188/2274/24 2376/2273/23 2754/2466/147 2550/2467/148
f 2287/2308/49 2485/2307/48 2474/2468/149 2278/2469/150
f 2214/2377/5 2213/2372/5 2404/2470/6 2406/2465/6
f 2344/2418/114 2345/2417/114 2521/2471/114 2519/2472/114
f 2187/2284/32 2375/2283/465 2374/2272/22 2186/2271/21
f 2213/2372/5 2212/2371/5 2405/2450/6 2404/2470/6
f 2347/2411/109 2348/1671/108 2523/1737/151 2522/2473/152
f 2286/2268/20 2482/2267/19 2481/2306/47 2285/2305/46
f 2211/2395/5 2210/2400/5 2402/2474/6 2403/2449/6
f 2346/2414/114 2347/2411/109 2522/2473/152 2520/2475/114
f 2284/2280/28 2480/2279/27 2479/2476/533 2283/2477/154
f 2210/2400/5 2209/2398/5 2401/2478/6 2402/2474/6
f 2345/2417/114 2346/2414/114 2520/2475/114 2521/2471/114
f 2337/2479/155 2226/2480/156 2248/2453/139 2320/2354/89
f 2339/2368/12 2205/2367/12 2259/2248/9 2349/2247/8
f 2245/2481/157 2614/2482/158 2834/2483/159 2440/2484/160
f 2276/2485/161 2277/2486/162 2351/2451/62 2352/2461/62
f 2703/2313/52 2708/2487/12 2332/2488/12
f 2277/2486/162 2273/2410/107 2350/2445/135 2351/2451/62
f 2273/2410/107 2271/2409/106 2327/2323/45 2350/2445/135
f 2350/2445/135 2327/2323/45 2328/2314/53 2349/2247/8
f 2349/2247/8 2328/2314/53 2703/2313/52 2329/2489/12 2339/2368/12
f 2329/2489/12 2703/2313/52 2330/2490/12
f 2330/2490/12 2703/2313/52 2331/2491/12
f 2331/2491/12 2703/2313/52 2332/2488/12
f 2264/2492/68 2324/2339/45 2325/2302/45 2265/2333/68
f 2263/2493/164 2323/2494/45 2324/2339/45 2264/2492/68
f 2275/2495/161 2276/2485/161 2352/2461/62 2353/2365/62
f 2274/2496/165 2275/2495/161 2353/2365/62 2354/2326/62
f 2267/2404/103 2274/2496/165 2354/2326/62 2355/2325/63
f 2333/2497/166 2358/1587/70 2338/1762/166
f 2268/2405/104 2267/2404/103 2355/2325/63 2322/2363/45
f 2322/2363/45 2355/2325/63 2356/2345/62 2321/2353/88
f 2321/2353/88 2356/2345/62 2357/2335/71 2320/2354/89
f 2357/2335/71 2358/1587/70 2333/2497/166 2334/2498/166
f 2357/2335/71 2334/2498/166 2335/2499/166
f 2357/2335/71 2335/2499/166 2336/2500/166
f 2320/2354/89 2357/2335/71 2336/2500/166 2337/2479/155
f 2182/2362/99 2173/2501/167 2245/2481/157 2246/2502/168
f 2178/2503/169 2177/2504/170 2228/2243/7 2229/2505/7
f 2227/2244/7 2228/2243/7 2177/2504/170
f 2180/2359/96 2246/2502/168 2247/2506/171 2181/2300/467
f 2184/2297/41 2247/2506/171 2248/2453/139 2226/2480/156 2227/2244/7 2177/2504/170
f 2182/2362/99 2246/2502/168 2180/2359/96
f 2181/2300/467 2247/2506/171 2184/2297/41
f 2189/2281/29 2175/2319/58 2179/2322/61 2185/2455/141
f 2175/2319/58 2189/2281/29 2187/2284/32 2176/2352/87
f 2186/2271/21 2183/2349/84 2176/2352/87 2187/2284/32
f 2183/2349/84 2186/2271/21 2188/2274/24 2174/2507/172
f 2174/2507/172 2188/2274/24 2550/2467/148 2173/2501/167
f 2614/2482/158 2245/2481/157 2173/2501/167 2550/2467/148
f 2597/2508/7 2691/2509/173 2185/2455/141 2230/2510/7
f 2179/2322/61 2230/2510/7 2185/2455/141
f 2295/2332/67 2280/2277/25 2284/2280/28 2290/2329/64
f 2280/2277/25 2295/2332/67 2293/2341/78 2281/2292/466
f 2292/2344/81 2288/2289/33 2281/2292/466 2293/2341/78
f 2288/2289/33 2292/2344/81 2294/2511/174 2279/2463/470
f 2279/2463/470 2294/2511/174 2318/1777/175 2278/2469/150
f 2255/1548/38 2256/2295/37 2278/2469/150 2318/1777/175
f 2240/1497/12 2291/1613/92 2290/2329/64 2201/2251/12
f 2202/2512/12 2201/2251/12 2290/2329/64 2284/2280/28
f 2257/2317/56 2287/2308/49 2278/2469/150 2256/2295/37
f 2258/2311/50 2285/2305/46 2287/2308/49 2257/2317/56
f 2202/2512/12 2284/2280/28 2283/2477/154 2203/2513/12
f 2259/2248/9 2286/2268/20 2285/2305/46 2258/2311/50
f 2203/2513/12 2283/2477/154 2282/2457/143 2204/2514/12
f 2259/2248/9 2289/2265/17 2286/2268/20
f 2282/2457/143 2289/2265/17 2259/2248/9
f 2204/2514/12 2282/2457/143 2259/2248/9 2205/2367/12
f 2372/2350/85 2361/2515/176 2360/2516/177 2359/2517/178
f 2373/2298/42 2364/2518/179 2365/2519/180 2369/2520/178
f 2367/2360/97 2368/2299/43 2370/2521/178 2359/2517/178
f 2362/2320/59 2363/2351/86 2370/2521/178 2369/2520/178
f 2377/2282/30 2378/2456/142 2888/2522/181 2750/2523/178
f 2374/2272/22 2375/2283/465 2751/2524/178 2756/2525/178
f 2371/2361/98 2367/2360/97 2359/2517/178 2360/2516/177
f 2363/2351/86 2372/2350/85 2359/2517/178 2370/2521/178
f 2366/2321/60 2362/2320/59 2369/2520/178 2365/2519/180
f 2368/2299/43 2373/2298/42 2369/2520/178 2370/2521/178
f 2375/2283/465 2377/2282/30 2750/2523/178 2751/2524/178
f 2376/2273/23 2374/2272/22 2756/2525/178 2754/2466/147
f 2383/2526/182 2386/2527/183 2388/1794/178 2389/1793/178
f 2385/2528/184 2382/2529/185 2381/1798/186 2387/1797/178
f 2384/2530/187 2383/2526/182 2389/1793/178 2497/1801/188
f 2386/2527/183 2385/2528/184 2387/1797/178 2388/1794/178
f 2380/2531/189 2391/2532/190 2774/2533/178 2763/2534/178
f 2390/2535/191 2379/2536/192 2760/2537/178 2761/2538/193
f 2391/2532/190 2392/2539/194 2775/2540/195 2774/2533/178
f 2379/2536/192 2380/2531/189 2763/2534/178 2760/2537/178
f 2403/2449/6 2402/2474/6 2398/2370/12 2408/2369/12
f 2398/2370/12 2402/2474/6 2401/2478/6 2397/2541/12
f 2397/2541/12 2401/2478/6 2400/2542/6 2396/2543/12
f 2396/2543/12 2400/2542/6 2399/2544/6 2395/2545/12
f 2395/2545/12 2399/2544/6 2394/2242/6 2393/2252/12
f 2416/2255/14 2419/2245/7 2423/2546/196 2414/2256/14
f 2413/2286/14 2414/2256/14 2423/2546/196 2424/2547/197
f 2796/2261/14 2795/2548/7 2422/2549/7 2418/2262/14
f 2418/2262/14 2422/2549/7 2421/2550/7 2417/2270/14
f 2417/2270/14 2421/2550/7 2420/2246/7 2415/2276/14
f 2415/2276/14 2420/2246/7 2419/2245/7 2416/2255/14
f 2437/2551/198 2440/2484/160 2834/2483/159 2829/2552/199
f 2439/2448/138 2443/2454/140 2442/2553/200 2438/2554/473
f 2438/2554/473 2442/2553/200 2441/2555/202 2436/2556/203
f 2436/2556/203 2441/2555/202 2440/2484/160 2437/2551/198
f 2439/2448/138 2426/2447/137 2444/2355/90 2443/2454/140
f 2446/2338/76 2450/2296/40 2454/1547/39 2449/1592/77
f 2448/2264/16 2453/2249/10 2452/2312/51 2447/2348/83
f 2447/2348/83 2452/2312/51 2451/2318/57 2445/2358/95
f 2445/2358/95 2451/2318/57 2450/2296/40 2446/2338/76
f 2448/2264/16 2455/2240/4 2528/2250/11 2453/2249/10
f 2393/2252/12 2394/2242/6 2435/1487/6 2434/1498/12
f 2457/2557/68 2468/2558/105 2467/2559/505 2461/2560/68
f 2461/2560/68 2467/2559/505 2466/2561/204 2462/2562/205
f 2463/2563/161 2459/2564/102 2470/2565/206 2464/2566/207
f 2459/2564/102 2463/2563/161 2472/2567/161 2460/2568/102
f 2460/2568/102 2472/2567/161 2471/2569/208 2465/2570/209
f 2486/2290/34 2475/2464/532 2474/2468/149 2473/2571/178
f 2487/2266/18 2478/2458/514 2479/2476/533 2483/2572/178
f 2481/2306/47 2482/2267/19 2484/2573/178 2473/2571/178
f 2476/2278/26 2477/2291/35 2484/2573/178 2483/2572/178
f 2494/2331/66 2490/2330/65 2491/1614/93 2488/1845/178
f 2492/2343/80 2493/2342/79 2489/1847/178 2496/1846/178
f 2485/2307/48 2481/2306/47 2473/2571/178 2474/2468/149
f 2477/2291/35 2486/2290/34 2473/2571/178 2484/2573/178
f 2480/2279/27 2476/2278/26 2483/2572/178 2479/2476/533
f 2482/2267/19 2487/2266/18 2483/2572/178 2484/2573/178
f 2493/2342/79 2494/2331/66 2488/1845/178 2489/1847/178
f 2495/2574/210 2492/2343/80 2496/1846/178 2500/1849/211
f 2431/2575/126 2433/2576/531 2506/2315/54 2504/2324/45
f 2428/2577/126 2429/2578/126 2498/2340/45 2499/2579/45
f 2426/2447/137 2425/2580/213 2502/2356/91 2444/2355/90
f 2433/2576/531 2822/2581/214 2899/2316/55 2506/2315/54
f 2429/2578/126 2430/2582/126 2503/2303/45 2498/2340/45
f 2425/2580/213 2427/2583/126 2501/2364/45 2502/2356/91
f 2430/2582/126 2432/2584/126 2505/2304/45 2503/2303/45
f 2432/2584/126 2431/2575/126 2504/2324/45 2505/2304/45
f 2427/2583/126 2428/2577/126 2499/2579/45 2501/2364/45
f 2409/2310/14 2411/2294/14 2513/2585/166 2511/2586/166
f 2407/2459/6 2406/2465/6 2509/2587/12 2510/2588/12
f 2456/1506/14 2410/2258/14 2512/2589/166 2515/1864/166
f 2411/2294/14 2412/2288/14 2514/2590/166 2513/2585/166
f 2793/2460/6 2407/2459/6 2510/2588/12 2904/2591/12
f 2404/2470/6 2405/2450/6 2508/2592/12 2507/2593/12
f 2412/2288/14 2413/2286/14 2424/2547/197 2514/2590/166
f 2410/2258/14 2409/2310/14 2511/2586/166 2512/2589/166
f 2406/2465/6 2404/2470/6 2507/2593/12 2509/2587/12
f 2403/2449/6 2408/2369/12 2508/2592/12 2405/2450/6
f 2520/2475/114 2522/2473/152 2532/2336/72 2531/2346/62
f 2516/2594/114 2518/2595/114 2525/2366/62 2524/2462/62
f 2455/2240/4 2534/2239/3 2527/2446/136 2528/2250/11
f 2522/2473/152 2523/1737/151 2533/1588/73 2532/2336/72
f 2518/2595/114 2519/2472/114 2529/2327/63 2525/2366/62
f 2534/2239/3 2517/2596/114 2526/2452/62 2527/2446/136
f 2519/2472/114 2521/2471/114 2530/2328/63 2529/2327/63
f 2521/2471/114 2520/2475/114 2531/2346/62 2530/2328/63
f 2517/2596/114 2516/2594/114 2524/2462/62 2526/2452/62
f 2458/2597/215 2469/2598/216 2468/2558/105 2457/2557/68
f 2229/2505/7 2228/2243/7 2420/2246/7 2421/2550/7
f 2295/2332/67 2494/2331/66 2493/2342/79 2293/2341/78
f 2193/2432/127 2190/2434/128 2380/2531/189 2379/2536/192
f 2265/2333/68 2266/2334/69 2458/2597/215 2457/2557/68
f 2249/2238/2 2341/2422/114 2517/2596/114 2534/2239/3
f 2230/2510/7 2229/2505/7 2421/2550/7 2422/2549/7
f 2329/2489/12 2330/2490/12 2507/2593/12 2508/2592/12
f 2262/2403/102 2272/2407/102 2459/2564/102 2460/2568/102
f 2597/2508/7 2230/2510/7 2422/2549/7 2795/2548/7
f 2292/2344/81 2492/2343/80 2495/2574/210 2294/2511/174
f 2330/2490/12 2331/2491/12 2509/2587/12 2507/2593/12
f 2196/2413/113 2195/1675/112 2381/1798/186 2382/2529/185
f 2263/2493/164 2264/2492/68 2461/2560/68 2462/2562/205
f 2227/2244/7 2226/2480/156 2423/2546/196 2419/2245/7
f 2331/2491/12 2332/2488/12 2510/2588/12 2509/2587/12
f 2198/2412/110 2197/2416/116 2383/2526/182 2384/2530/187
f 2264/2492/68 2265/2333/68 2457/2557/68 2461/2560/68
f 2332/2488/12 2708/2487/12 2904/2591/12 2510/2588/12
f 2200/2415/115 2199/2419/117 2385/2528/184 2386/2527/183
f 2277/2486/162 2276/2485/161 2463/2563/161 2464/2566/207
f 2334/2498/166 2333/2497/166 2512/2589/166 2511/2586/166
f 2267/2404/103 2262/2403/102 2460/2568/102 2465/2570/209
f 2691/2509/173 2888/2522/181 2378/2456/142 2185/2455/141
f 2226/2480/156 2337/2479/155 2424/2547/197 2423/2546/196
f 2335/2499/166 2334/2498/166 2511/2586/166 2513/2585/166
f 2269/2406/505 2268/2405/104 2466/2561/204 2467/2559/505
f 2336/2500/166 2335/2499/166 2513/2585/166 2514/2590/166
f 2270/2408/105 2269/2406/505 2467/2559/505 2468/2558/105
f 2319/1672/111 2198/2412/110 2384/2530/187 2497/1801/188
f 2337/2479/155 2336/2500/166 2514/2590/166 2424/2547/197
f 2197/2416/116 2200/2415/115 2386/2527/183 2383/2526/182
f 2271/2409/106 2270/2408/105 2468/2558/105 2469/2598/216
f 2333/2497/166 2338/1762/166 2515/1864/166 2512/2589/166
f 2273/2410/107 2277/2486/162 2464/2566/207 2470/2565/206
f 2324/2339/45 2323/2494/45 2499/2579/45 2498/2340/45
f 2231/2443/133 2232/2440/130 2425/2580/213 2426/2447/137
f 2199/2419/117 2196/2413/113 2382/2529/185 2385/2528/184
f 2294/2511/174 2495/2574/210 2500/1849/211 2318/1777/175
f 2232/2440/130 2233/2439/126 2427/2583/126 2425/2580/213
f 2233/2439/126 2234/2438/126 2428/2577/126 2427/2583/126
f 2268/2405/104 2263/2493/164 2462/2562/205 2466/2561/204
f 2234/2438/126 2235/2437/126 2429/2578/126 2428/2577/126
f 2648/2428/123 2192/2427/122 2390/2535/191 2761/2538/193
f 2272/2407/102 2273/2410/107 2470/2565/206 2459/2564/102
f 2235/2437/126 2236/2435/126 2430/2582/126 2429/2578/126
f 2275/2495/161 2274/2496/165 2471/2569/208 2472/2567/161
f 2237/2433/126 2238/2431/126 2431/2575/126 2432/2584/126
f 2276/2485/161 2275/2495/161 2472/2567/161 2463/2563/161
f 2323/2494/45 2322/2363/45 2501/2364/45 2499/2579/45
f 2238/2431/126 2239/2430/512 2433/2576/531 2431/2575/126
f 2190/2434/128 2191/2436/129 2391/2532/190 2380/2531/189
f 2266/2334/69 2271/2409/106 2469/2598/216 2458/2597/215
f 2239/2430/512 2607/2429/124 2822/2581/214 2433/2576/531
f 2192/2427/122 2193/2432/127 2379/2536/192 2390/2535/191
f 2173/2501/167 2360/2516/177 2361/2515/176 2174/2507/172
f 2236/2435/126 2237/2433/126 2432/2584/126 2430/2582/126
f 2194/2424/119 2558/2423/118 2775/2540/195 2392/2539/194
f 2176/2352/87 2363/2351/86 2362/2320/59 2175/2319/58
f 2274/2496/165 2267/2404/103 2465/2570/209 2471/2569/208
f 2178/2503/169 2365/2519/180 2364/2518/179 2177/2504/170
f 2241/2425/120 2242/2441/131 2436/2556/203 2437/2551/198
f 2201/2251/12 2202/2512/12 2395/2545/12 2393/2252/12
f 2191/2436/129 2194/2424/119 2392/2539/194 2391/2532/190
f 2179/2322/61 2366/2321/60 2365/2519/180 2178/2503/169
f 2242/2441/131 2243/2442/132 2438/2554/473 2436/2556/203
f 2202/2512/12 2203/2513/12 2396/2543/12 2395/2545/12
f 2181/2300/467 2368/2299/43 2367/2360/97 2180/2359/96
f 2243/2442/132 2244/2444/134 2439/2448/138 2438/2554/473
f 2339/2368/12 2329/2489/12 2508/2592/12 2408/2369/12
f 2203/2513/12 2204/2514/12 2397/2541/12 2396/2543/12
f 2609/2426/121 2241/2425/120 2437/2551/198 2829/2552/199
f 2204/2514/12 2205/2367/12 2398/2370/12 2397/2541/12
f 2182/2362/99 2371/2361/98 2360/2516/177 2173/2501/167
f 2246/2502/168 2245/2481/157 2440/2484/160 2441/2555/202
f 2341/2422/114 2342/2421/114 2516/2594/114 2517/2596/114
f 2207/2386/5 2206/2241/5 2394/2242/6 2399/2544/6
f 2278/2469/150 2474/2468/149 2475/2464/532 2279/2463/470
f 2174/2507/172 2361/2515/176 2372/2350/85 2183/2349/84
f 2247/2506/171 2246/2502/168 2441/2555/202 2442/2553/200
f 2342/2421/114 2343/2420/114 2518/2595/114 2516/2594/114
f 2208/2393/5 2207/2386/5 2399/2544/6 2400/2542/6
f 2281/2292/466 2477/2291/35 2476/2278/26 2280/2277/25
f 2177/2504/170 2364/2518/179 2373/2298/42 2184/2297/41
f 2248/2453/139 2247/2506/171 2442/2553/200 2443/2454/140
f 2343/2420/114 2344/2418/114 2519/2472/114 2518/2595/114
f 2209/2398/5 2208/2393/5 2400/2542/6 2401/2478/6
f 2283/2477/154 2479/2476/533 2478/2458/514 2282/2457/143
f 2178/2503/169 2229/2505/7 2230/2510/7 2179/2322/61
f 2263/2493/164 2268/2405/104 2322/2363/45 2323/2494/45
f 2716/2599/217 2846/2600/218 2928/2601/219 2619/2602/220
f 2570/2603/5 2779/2604/6 2824/1125/6 2630/1124/5
f 2594/2605/7 2808/2606/7 2807/2607/7 2593/2608/7
f 2725/2609/221 2922/2610/222 2844/2611/223 2629/2612/224
f 2608/1135/12 2823/1138/12 2778/2613/12 2565/2614/12
f 2586/2615/13 2802/2616/14 2804/2617/14 2587/2618/13
f 2631/1143/13 2847/1146/14 2798/2619/14 2581/2620/13
f 2590/2621/13 2806/2622/14 2796/2261/14 2591/2260/13
f 2624/2623/226 2839/2624/227 2846/2600/218 2716/2599/217
f 2660/2625/228 2657/2626/229 2873/2627/230 2878/2628/231
f 2589/2629/13 2805/2630/14 2806/2622/14 2590/2621/13
f 2548/2631/421 2551/2632/233 2755/2633/234 2752/2634/235
f 2588/2635/13 2803/2636/14 2805/2630/14 2589/2629/13
f 2651/2637/236 2655/2638/237 2871/2639/238 2867/2640/239
f 2587/2618/13 2804/2617/14 2803/2636/14 2588/2635/13
f 2552/2641/422 2549/2642/241 2753/2643/242 2757/2644/243
f 2585/2645/13 2801/2646/14 2802/2616/14 2586/2615/13
f 2584/2647/13 2800/2648/14 2801/2646/14 2585/2645/13
f 2659/2649/424 2652/2650/425 2868/2651/426 2877/2652/247
f 2583/2653/13 2799/2654/14 2800/2648/14 2584/2647/13
f 2626/2655/248 2841/2656/249 2845/1183/39 2625/1182/38
f 2546/2657/252 2543/2658/253 2744/2659/254 2749/2660/255
f 2700/2661/256 2897/2662/256 2895/2663/256 2699/2664/256
f 2656/2665/257 2658/2666/258 2876/2667/259 2872/2668/260
f 2582/2669/13 2797/2670/14 2799/2654/14 2583/2653/13
f 2629/2612/224 2844/2611/223 2843/2671/261 2628/2672/262
f 2703/2313/52 2899/2316/55 2898/2673/263 2702/2674/264
f 2581/2620/13 2798/2619/14 2797/2670/14 2582/2669/13
f 2628/2672/262 2843/2671/261 2842/2675/265 2627/2676/266
f 2537/2677/267 2541/2678/268 2742/2679/269 2738/2680/270
f 2702/2674/264 2898/2673/263 2896/2681/256 2701/2682/256
f 2731/2683/271 2924/2684/271 2923/2685/271 2730/2686/290
f 2627/2676/266 2842/2675/265 2841/2656/249 2626/2655/248
f 2701/2682/256 2896/2681/256 2897/2662/256 2700/2661/256
f 2661/2687/428 2666/2688/429 2885/2689/274 2881/2690/430
f 2635/2691/276 2636/2692/277 2700/2661/256 2699/2664/256
f 2734/1221/70 2927/1224/73 2926/2693/431 2733/2694/432
f 2620/1225/74 2840/1228/77 2837/2695/284 2621/2696/285
f 2699/2664/256 2895/2663/256 2890/2697/256 2698/2698/256
f 2664/2699/286 2663/2700/287 2883/2701/433 2884/2702/289
f 2733/2694/432 2926/2693/431 2925/2703/271 2732/2704/271
f 2623/2705/291 2838/2706/292 2839/2624/227 2624/2623/226
f 2545/2707/293 2538/2708/294 2739/2709/295 2748/2710/296
f 2695/2711/435 2894/2712/436 2835/2713/299 2694/2714/300
f 2662/1247/92 2661/2687/428 2881/2690/430 2882/1248/93
f 2732/2704/271 2925/2703/271 2924/2684/271 2731/2683/271
f 2622/2715/303 2836/2716/304 2838/2706/292 2623/2705/291
f 2542/2717/305 2544/2718/306 2747/2719/307 2743/2720/308
f 2696/2721/256 2893/2722/256 2894/2712/436 2695/2711/435
f 2730/2686/290 2923/2685/271 2919/2723/271 2729/2724/271
f 2621/2696/285 2837/2695/284 2836/2716/304 2622/2715/303
f 2569/2725/12 2783/2726/12 2794/2727/12 2715/2728/12
f 2576/2729/5 2673/2730/100 2674/2731/100 2577/2732/5
f 2590/2621/13 2687/2733/101 2686/2734/101 2589/2629/13
f 2577/2732/5 2674/2731/100 2675/2735/100 2578/2736/5
f 2582/2669/13 2679/2737/101 2678/2738/101 2581/2620/13
f 2630/1124/5 2689/1274/100 2667/2739/100 2570/2603/5
f 2591/2260/13 2688/2382/101 2687/2733/101 2590/2621/13
f 2578/2736/5 2675/2735/100 2676/2740/100 2579/2741/5
f 2583/2653/13 2680/2742/101 2679/2737/101 2582/2669/13
f 2570/2603/5 2667/2739/100 2668/2743/100 2571/2744/5
f 2587/2618/13 2684/2745/101 2683/2746/101 2586/2615/13
f 2579/2741/5 2676/2740/100 2677/2391/100 2580/2390/5
f 2584/2647/13 2681/2747/101 2680/2742/101 2583/2653/13
f 2571/2744/5 2668/2743/100 2669/2748/100 2572/2749/5
f 2575/2750/5 2672/2751/100 2673/2730/100 2576/2729/5
f 2585/2645/13 2682/2752/101 2681/2747/101 2584/2647/13
f 2572/2749/5 2669/2748/100 2670/2753/100 2573/2754/5
f 2586/2615/13 2683/2746/101 2682/2752/101 2585/2645/13
f 2573/2754/5 2670/2753/100 2671/2755/100 2574/2756/5
f 2581/2620/13 2678/2738/101 2690/1292/101 2631/1143/13
f 2588/2635/13 2685/2757/101 2684/2745/101 2587/2618/13
f 2574/2756/5 2671/2755/100 2672/2751/100 2575/2750/5
f 2589/2629/13 2686/2734/101 2685/2757/101 2588/2635/13
f 2632/2758/437 2639/2759/438 2638/2760/439 2637/2761/314
f 2642/2762/437 2640/2763/438 2639/2759/438 2632/2758/437
f 2640/2763/438 2642/2762/437 2643/2764/440 2641/2765/318
f 2724/1302/108 2693/1305/111 2562/2766/441 2723/2767/442
f 2559/1306/112 2620/1225/74 2621/2696/285 2560/2768/443
f 2562/2766/441 2722/2769/325 2723/2767/442
f 2564/2770/326 2720/2771/325 2721/2772/325 2561/2773/480
f 2561/2773/480 2721/2772/325 2722/2769/325 2562/2766/441
f 2563/2774/328 2719/2775/325 2720/2771/325 2564/2770/326
f 2560/2768/443 2718/2776/325 2719/2775/325 2563/2774/328
f 2560/2768/443 2717/2777/325 2718/2776/325
f 2621/2696/285 2622/2715/303 2560/2768/443
f 2622/2715/303 2623/2705/291 2560/2768/443
f 2560/2768/443 2619/2602/220 2717/2777/325
f 2560/2768/443 2624/2623/226 2716/2599/217 2619/2602/220
f 2623/2705/291 2624/2623/226 2560/2768/443
f 2558/2423/118 2609/2426/121 2610/2778/329 2557/2779/330
f 2555/2780/331 2606/2781/332 2607/2429/124 2648/2428/123
f 2605/2782/333 2606/2781/332 2555/2780/331
f 2556/2783/334 2604/2784/333 2605/2782/333 2555/2780/331
f 2553/2785/335 2603/2786/333 2604/2784/333 2556/2783/334
f 2554/2787/336 2602/2788/333 2603/2786/333 2553/2785/335
f 2557/2779/330 2601/2789/333 2602/2788/333 2554/2787/336
f 2557/2779/330 2600/2790/333 2601/2789/333
f 2557/2779/330 2599/2791/445 2600/2790/333
f 2610/2778/329 2611/2792/339 2557/2779/330
f 2611/2792/339 2612/2793/446 2557/2779/330
f 2557/2779/330 2613/2794/341 2598/2795/447 2599/2791/445
f 2612/2793/446 2613/2794/341 2557/2779/330
f 2726/2796/343 2921/2797/344 2922/2610/222 2725/2609/221
f 2701/2682/256 2700/2661/256 2636/2692/277 2641/2765/318
f 2613/2794/341 2828/2798/448 2814/2799/449 2598/2795/447
f 2576/2729/5 2790/2800/6 2788/2801/6 2575/2750/5
f 2727/2802/290 2920/2803/290 2921/2797/344 2726/2796/343
f 2694/2714/300 2835/2713/299 2833/2804/450 2618/2805/451
f 2547/2806/349 2552/2641/422 2757/2644/243 2758/2807/350
f 2653/2808/351 2660/2625/228 2878/2628/231 2869/2809/534
f 2580/2390/5 2793/2460/6 2792/2810/6 2579/2741/5
f 2728/2811/271 2918/2812/271 2920/2803/290 2727/2802/290
f 2650/2813/353 2659/2649/424 2877/2652/247 2866/2814/354
f 2579/2741/5 2792/2810/6 2791/2815/6 2578/2736/5
f 2729/2724/271 2919/2723/271 2918/2812/271 2728/2811/271
f 2551/2632/233 2550/2467/148 2754/2466/147 2755/2633/234
f 2658/2666/258 2649/2816/355 2865/2817/356 2876/2667/259
f 2578/2736/5 2791/2815/6 2789/2818/6 2577/2732/5
f 2720/2771/325 2913/2819/325 2915/2820/325 2721/2772/325
f 2549/2642/241 2548/2631/421 2752/2634/235 2753/2643/242
f 2577/2732/5 2789/2818/6 2790/2800/6 2576/2729/5
f 2723/2767/442 2916/2821/452 2917/1360/151 2724/1302/108
f 2657/2626/229 2656/2665/257 2872/2668/260 2873/2627/230
f 2575/2750/5 2788/2801/6 2787/2822/6 2574/2756/5
f 2722/2769/325 2914/2823/325 2916/2821/452 2723/2767/442
f 2655/2638/237 2654/2824/359 2870/2825/360 2871/2639/238
f 2574/2756/5 2787/2822/6 2786/2826/6 2573/2754/5
f 2721/2772/325 2915/2820/325 2914/2823/325 2722/2769/325
f 2713/2827/361 2694/2714/300 2618/2805/451 2592/2828/362
f 2715/2728/12 2725/2609/221 2629/2612/224 2569/2725/12
f 2615/2829/363 2830/2830/364 2834/2483/159 2614/2482/158
f 2646/2831/365 2728/2811/271 2727/2802/290 2647/2832/366
f 2703/2313/52 2707/2833/12 2708/2487/12
f 2647/2832/366 2727/2802/290 2726/2796/343 2643/2764/440
f 2643/2764/440 2726/2796/343 2701/2682/256 2641/2765/318
f 2726/2796/343 2725/2609/221 2702/2674/264 2701/2682/256
f 2725/2609/221 2715/2728/12 2704/2834/12 2703/2313/52 2702/2674/264
f 2704/2834/12 2705/2835/12 2703/2313/52
f 2705/2835/12 2706/2836/12 2703/2313/52
f 2706/2836/12 2707/2833/12 2703/2313/52
f 2634/2837/276 2635/2691/276 2699/2664/256 2698/2698/256
f 2633/2838/454 2634/2837/276 2698/2698/256 2697/2839/256
f 2645/2840/365 2729/2724/271 2728/2811/271 2646/2831/365
f 2644/2841/370 2730/2686/290 2729/2724/271 2645/2840/365
f 2637/2761/314 2731/2683/271 2730/2686/290 2644/2841/370
f 2709/2842/166 2714/1383/166 2734/1221/70
f 2638/2760/439 2696/2721/256 2731/2683/271 2637/2761/314
f 2696/2721/256 2695/2711/435 2732/2704/271 2731/2683/271
f 2695/2711/435 2694/2714/300 2733/2694/432 2732/2704/271
f 2733/2694/432 2710/2843/166 2709/2842/166 2734/1221/70
f 2733/2694/432 2711/2844/166 2710/2843/166
f 2733/2694/432 2712/2845/166 2711/2844/166
f 2694/2714/300 2713/2827/361 2712/2845/166 2733/2694/432
f 2544/2718/306 2616/2846/372 2615/2829/363 2535/2847/373
f 2540/2848/374 2595/2849/7 2594/2605/7 2539/2850/375
f 2593/2608/7 2539/2850/375 2594/2605/7
f 2542/2717/305 2543/2658/253 2617/2851/455 2616/2846/372
f 2546/2657/252 2539/2850/375 2593/2608/7 2592/2828/362 2618/2805/451 2617/2851/455
f 2544/2718/306 2542/2717/305 2616/2846/372
f 2543/2658/253 2546/2657/252 2617/2851/455
f 2552/2641/422 2547/2806/349 2541/2678/268 2537/2677/267
f 2537/2677/267 2538/2708/294 2549/2642/241 2552/2641/422
f 2548/2631/421 2549/2642/241 2538/2708/294 2545/2707/293
f 2545/2707/293 2536/2852/377 2551/2632/233 2548/2631/421
f 2536/2852/377 2535/2847/373 2550/2467/148 2551/2632/233
f 2614/2482/158 2550/2467/148 2535/2847/373 2615/2829/363
f 2597/2508/7 2596/2853/7 2547/2806/349 2691/2509/173
f 2541/2678/268 2547/2806/349 2596/2853/7
f 2666/2688/429 2661/2687/428 2655/2638/237 2651/2637/236
f 2651/2637/236 2652/2650/425 2664/2699/286 2666/2688/429
f 2663/2700/287 2664/2699/286 2652/2650/425 2659/2649/424
f 2659/2649/424 2650/2813/353 2665/2854/456 2663/2700/287
f 2650/2813/353 2649/2816/355 2692/1396/175 2665/2854/456
f 2625/1182/38 2692/1396/175 2649/2816/355 2626/2655/248
f 2608/1135/12 2565/2614/12 2661/2687/428 2662/1247/92
f 2566/2855/12 2655/2638/237 2661/2687/428 2565/2614/12
f 2627/2676/266 2626/2655/248 2649/2816/355 2658/2666/258
f 2628/2672/262 2627/2676/266 2658/2666/258 2656/2665/257
f 2566/2855/12 2567/2856/12 2654/2824/359 2655/2638/237
f 2629/2612/224 2628/2672/262 2656/2665/257 2657/2626/229
f 2567/2856/12 2568/2857/12 2653/2808/351 2654/2824/359
f 2629/2612/224 2657/2626/229 2660/2625/228
f 2653/2808/351 2629/2612/224 2660/2625/228
f 2568/2857/12 2569/2725/12 2629/2612/224 2653/2808/351
f 2748/2710/296 2735/2858/178 2736/2859/380 2737/2860/381
f 2749/2660/255 2745/2861/178 2741/2862/382 2740/2863/383
f 2743/2720/308 2735/2858/178 2746/2864/178 2744/2659/254
f 2738/2680/270 2745/2861/178 2746/2864/178 2739/2709/295
f 2757/2644/243 2750/2523/178 2888/2522/181 2758/2807/350
f 2752/2634/235 2756/2525/178 2751/2524/178 2753/2643/242
f 2747/2719/307 2736/2859/380 2735/2858/178 2743/2720/308
f 2739/2709/295 2746/2864/178 2735/2858/178 2748/2710/296
f 2742/2679/269 2741/2862/382 2745/2861/178 2738/2680/270
f 2744/2659/254 2746/2864/178 2745/2861/178 2749/2660/255
f 2753/2643/242 2751/2524/178 2750/2523/178 2757/2644/243
f 2755/2633/234 2754/2466/147 2756/2525/178 2752/2634/235
f 2766/2865/384 2772/1410/178 2771/1409/178 2769/2866/385
f 2768/2867/386 2770/1414/178 2764/1413/186 2765/2868/457
f 2767/2869/458 2889/1416/188 2772/1410/178 2766/2865/384
f 2769/2866/385 2771/1409/178 2770/1414/178 2768/2867/386
f 2762/2870/391 2763/2534/178 2774/2533/178 2776/2871/392
f 2773/2872/393 2761/2538/193 2760/2537/178 2759/2873/394
f 2776/2871/392 2774/2533/178 2775/2540/195 2777/2874/395
f 2759/2873/394 2760/2537/178 2763/2534/178 2762/2870/391
f 2788/2801/6 2794/2727/12 2783/2726/12 2787/2822/6
f 2783/2726/12 2782/2875/12 2786/2826/6 2787/2822/6
f 2782/2875/12 2781/2876/12 2785/2877/6 2786/2826/6
f 2781/2876/12 2780/2878/12 2784/2879/6 2785/2877/6
f 2780/2878/12 2778/2613/12 2779/2604/6 2784/2879/6
f 2804/2617/14 2802/2616/14 2811/2880/396 2807/2607/7
f 2801/2646/14 2812/2881/397 2811/2880/396 2802/2616/14
f 2796/2261/14 2806/2622/14 2810/2882/7 2795/2548/7
f 2806/2622/14 2805/2630/14 2809/2883/7 2810/2882/7
f 2805/2630/14 2803/2636/14 2808/2606/7 2809/2883/7
f 2803/2636/14 2804/2617/14 2807/2607/7 2808/2606/7
f 2826/2884/398 2829/2552/199 2834/2483/159 2830/2830/364
f 2828/2798/448 2827/2885/459 2832/2886/400 2833/2804/450
f 2827/2885/459 2825/2887/401 2831/2888/402 2832/2886/400
f 2825/2887/401 2826/2884/398 2830/2830/364 2831/2888/402
f 2828/2798/448 2833/2804/450 2835/2713/299 2814/2799/449
f 2837/2695/284 2840/1228/77 2845/1183/39 2841/2656/249
f 2839/2624/227 2838/2706/292 2843/2671/261 2844/2611/223
f 2838/2706/292 2836/2716/304 2842/2675/265 2843/2671/261
f 2836/2716/304 2837/2695/284 2841/2656/249 2842/2675/265
f 2839/2624/227 2844/2611/223 2922/2610/222 2846/2600/218
f 2778/2613/12 2823/1138/12 2824/1125/6 2779/2604/6
f 2848/2889/276 2852/2890/276 2858/2891/438 2859/2892/438
f 2852/2890/276 2853/2893/460 2857/2894/461 2858/2891/438
f 2854/2895/365 2855/2896/407 2861/2897/462 2850/2898/437
f 2850/2898/437 2851/2899/437 2863/2900/365 2854/2895/365
f 2851/2899/437 2856/2901/411 2862/2902/412 2863/2900/365
f 2877/2652/247 2864/2903/178 2865/2817/356 2866/2814/354
f 2878/2628/231 2874/2904/178 2870/2825/360 2869/2809/534
f 2872/2668/260 2864/2903/178 2875/2905/178 2873/2627/230
f 2867/2640/239 2874/2904/178 2875/2905/178 2868/2651/426
f 2885/2689/274 2879/1453/178 2882/1248/93 2881/2690/430
f 2883/2701/433 2887/1455/178 2880/1454/178 2884/2702/289
f 2876/2667/259 2865/2817/356 2864/2903/178 2872/2668/260
f 2868/2651/426 2875/2905/178 2864/2903/178 2877/2652/247
f 2871/2639/238 2870/2825/360 2874/2904/178 2867/2640/239
f 2873/2627/230 2875/2905/178 2874/2904/178 2878/2628/231
f 2884/2702/289 2880/1454/178 2879/1453/178 2885/2689/274
f 2886/2906/463 2892/1457/211 2887/1455/178 2883/2701/433
f 2819/2907/333 2896/2681/256 2898/2673/263 2821/2908/484
f 2816/2909/333 2891/2910/256 2890/2697/256 2817/2911/333
f 2814/2799/449 2835/2713/299 2894/2712/436 2813/2912/464
f 2821/2908/484 2898/2673/263 2899/2316/55 2822/2581/214
f 2817/2911/333 2890/2697/256 2895/2663/256 2818/2913/333
f 2813/2912/464 2894/2712/436 2893/2722/256 2815/2914/333
f 2818/2913/333 2895/2663/256 2897/2662/256 2820/2915/333
f 2820/2915/333 2897/2662/256 2896/2681/256 2819/2907/333
f 2815/2914/333 2893/2722/256 2891/2910/256 2816/2909/333
f 2797/2670/14 2905/2916/166 2907/2917/166 2799/2654/14
f 2792/2810/6 2903/2918/12 2902/2919/12 2791/2815/6
f 2847/1146/14 2909/1472/166 2906/2920/166 2798/2619/14
f 2799/2654/14 2907/2917/166 2908/2921/166 2800/2648/14
f 2793/2460/6 2904/2591/12 2903/2918/12 2792/2810/6
f 2789/2818/6 2900/2922/12 2901/2923/12 2790/2800/6
f 2800/2648/14 2908/2921/166 2812/2881/397 2801/2646/14
f 2798/2619/14 2906/2920/166 2905/2916/166 2797/2670/14
f 2791/2815/6 2902/2919/12 2900/2922/12 2789/2818/6
f 2788/2801/6 2790/2800/6 2901/2923/12 2794/2727/12
f 2914/2823/325 2925/2703/271 2926/2693/431 2916/2821/452
f 2910/2924/325 2918/2812/271 2919/2723/271 2912/2925/325
f 2846/2600/218 2922/2610/222 2921/2797/344 2928/2601/219
f 2916/2821/452 2926/2693/431 2927/1224/73 2917/1360/151
f 2912/2925/325 2919/2723/271 2923/2685/271 2913/2819/325
f 2928/2601/219 2921/2797/344 2920/2803/290 2911/2926/325
f 2913/2819/325 2923/2685/271 2924/2684/271 2915/2820/325
f 2915/2820/325 2924/2684/271 2925/2703/271 2914/2823/325
f 2911/2926/325 2920/2803/290 2918/2812/271 2910/2924/325
f 2849/2927/419 2848/2889/276 2859/2892/438 2860/2928/420
f 2595/2849/7 2809/2883/7 2808/2606/7 2594/2605/7
f 2666/2688/429 2664/2699/286 2884/2702/289 2885/2689/274
f 2556/2783/334 2759/2873/394 2762/2870/391 2553/2785/335
f 2635/2691/276 2848/2889/276 2849/2927/419 2636/2692/277
f 2619/2602/220 2928/2601/219 2911/2926/325 2717/2777/325
f 2596/2853/7 2810/2882/7 2809/2883/7 2595/2849/7
f 2704/2834/12 2901/2923/12 2900/2922/12 2705/2835/12
f 2632/2758/437 2851/2899/437 2850/2898/437 2642/2762/437
f 2597/2508/7 2795/2548/7 2810/2882/7 2596/2853/7
f 2663/2700/287 2665/2854/456 2886/2906/463 2883/2701/433
f 2705/2835/12 2900/2922/12 2902/2919/12 2706/2836/12
f 2560/2768/443 2765/2868/457 2764/1413/186 2559/1306/112
f 2633/2838/454 2853/2893/460 2852/2890/276 2634/2837/276
f 2593/2608/7 2807/2607/7 2811/2880/396 2592/2828/362
f 2706/2836/12 2902/2919/12 2903/2918/12 2707/2833/12
f 2562/2766/441 2767/2869/458 2766/2865/384 2561/2773/480
f 2634/2837/276 2852/2890/276 2848/2889/276 2635/2691/276
f 2707/2833/12 2903/2918/12 2904/2591/12 2708/2487/12
f 2564/2770/326 2769/2866/385 2768/2867/386 2563/2774/328
f 2647/2832/366 2855/2896/407 2854/2895/365 2646/2831/365
f 2710/2843/166 2905/2916/166 2906/2920/166 2709/2842/166
f 2637/2761/314 2856/2901/411 2851/2899/437 2632/2758/437
f 2691/2509/173 2547/2806/349 2758/2807/350 2888/2522/181
f 2592/2828/362 2811/2880/396 2812/2881/397 2713/2827/361
f 2711/2844/166 2907/2917/166 2905/2916/166 2710/2843/166
f 2639/2759/438 2858/2891/438 2857/2894/461 2638/2760/439
f 2712/2845/166 2908/2921/166 2907/2917/166 2711/2844/166
f 2640/2763/438 2859/2892/438 2858/2891/438 2639/2759/438
f 2693/1305/111 2889/1416/188 2767/2869/458 2562/2766/441
f 2713/2827/361 2812/2881/397 2908/2921/166 2712/2845/166
f 2561/2773/480 2766/2865/384 2769/2866/385 2564/2770/326
f 2641/2765/318 2860/2928/420 2859/2892/438 2640/2763/438
f 2709/2842/166 2906/2920/166 2909/1472/166 2714/1383/166
f 2643/2764/440 2861/2897/462 2855/2896/407 2647/2832/366
f 2698/2698/256 2890/2697/256 2891/2910/256 2697/2839/256
f 2598/2795/447 2814/2799/449 2813/2912/464 2599/2791/445
f 2563/2774/328 2768/2867/386 2765/2868/457 2560/2768/443
f 2665/2854/456 2692/1396/175 2892/1457/211 2886/2906/463
f 2599/2791/445 2813/2912/464 2815/2914/333 2600/2790/333
f 2600/2790/333 2815/2914/333 2816/2909/333 2601/2789/333
f 2638/2760/439 2857/2894/461 2853/2893/460 2633/2838/454
f 2601/2789/333 2816/2909/333 2817/2911/333 2602/2788/333
f 2648/2428/123 2761/2538/193 2773/2872/393 2555/2780/331
f 2642/2762/437 2850/2898/437 2861/2897/462 2643/2764/440
f 2602/2788/333 2817/2911/333 2818/2913/333 2603/2786/333
f 2645/2840/365 2863/2900/365 2862/2902/412 2644/2841/370
f 2604/2784/333 2820/2915/333 2819/2907/333 2605/2782/333
f 2646/2831/365 2854/2895/365 2863/2900/365 2645/2840/365
f 2697/2839/256 2891/2910/256 2893/2722/256 2696/2721/256
f 2605/2782/333 2819/2907/333 2821/2908/484 2606/2781/332
f 2553/2785/335 2762/2870/391 2776/2871/392 2554/2787/336
f 2636/2692/277 2849/2927/419 2860/2928/420 2641/2765/318
f 2606/2781/332 2821/2908/484 2822/2581/214 2607/2429/124
f 2555/2780/331 2773/2872/393 2759/2873/394 2556/2783/334
f 2535/2847/373 2536/2852/377 2737/2860/381 2736/2859/380
f 2603/2786/333 2818/2913/333 2820/2915/333 2604/2784/333
f 2557/2779/330 2777/2874/395 2775/2540/195 2558/2423/118
f 2538/2708/294 2537/2677/267 2738/2680/270 2739/2709/295
f 2644/2841/370 2862/2902/412 2856/2901/411 2637/2761/314
f 2540/2848/374 2539/2850/375 2740/2863/383 2741/2862/382
f 2610/2778/329 2826/2884/398 2825/2887/401 2611/2792/339
f 2565/2614/12 2778/2613/12 2780/2878/12 2566/2855/12
f 2554/2787/336 2776/2871/392 2777/2874/395 2557/2779/330
f 2541/2678/268 2540/2848/374 2741/2862/382 2742/2679/269
f 2611/2792/339 2825/2887/401 2827/2885/459 2612/2793/446
f 2566/2855/12 2780/2878/12 2781/2876/12 2567/2856/12
f 2543/2658/253 2542/2717/305 2743/2720/308 2744/2659/254
f 2612/2793/446 2827/2885/459 2828/2798/448 2613/2794/341
f 2715/2728/12 2794/2727/12 2901/2923/12 2704/2834/12
f 2567/2856/12 2781/2876/12 2782/2875/12 2568/2857/12
f 2609/2426/121 2829/2552/199 2826/2884/398 2610/2778/329
f 2568/2857/12 2782/2875/12 2783/2726/12 2569/2725/12
f 2544/2718/306 2535/2847/373 2736/2859/380 2747/2719/307
f 2616/2846/372 2831/2888/402 2830/2830/364 2615/2829/363
f 2717/2777/325 2911/2926/325 2910/2924/325 2718/2776/325
f 2571/2744/5 2784/2879/6 2779/2604/6 2570/2603/5
f 2649/2816/355 2650/2813/353 2866/2814/354 2865/2817/356
f 2536/2852/377 2545/2707/293 2748/2710/296 2737/2860/381
f 2617/2851/455 2832/2886/400 2831/2888/402 2616/2846/372
f 2718/2776/325 2910/2924/325 2912/2925/325 2719/2775/325
f 2572/2749/5 2785/2877/6 2784/2879/6 2571/2744/5
f 2652/2650/425 2651/2637/236 2867/2640/239 2868/2651/426
f 2539/2850/375 2546/2657/252 2749/2660/255 2740/2863/383
f 2618/2805/451 2833/2804/450 2832/2886/400 2617/2851/455
f 2719/2775/325 2912/2925/325 2913/2819/325 2720/2771/325
f 2573/2754/5 2786/2826/6 2785/2877/6 2572/2749/5
f 2654/2824/359 2653/2808/351 2869/2809/534 2870/2825/360
f 2540/2848/374 2541/2678/268 2596/2853/7 2595/2849/7
f 2633/2838/454 2697/2839/256 2696/2721/256 2638/2760/439
