# Blender v2.93.3 OBJ File: 'cosas nuevas.blend'
# www.blender.org
mtllib CADENA_LOW.mtl
o cadena_low_Torus.016
v 0.004205 5.683678 0.178619
v 0.028240 5.683703 0.172421
v 0.046127 5.683823 0.155133
v 0.053162 5.684012 0.131103
v 0.047224 5.684227 0.106534
v 0.029533 5.684405 0.088089
v 0.004742 5.684490 0.081148
v -0.020122 5.684453 0.087816
v -0.038017 5.684308 0.106066
v -0.044225 5.684105 0.130567
v -0.037457 5.683903 0.154673
v -0.019760 5.683749 0.172157
v 0.004196 5.655836 0.175340
v 0.028222 5.656889 0.169270
v 0.046104 5.659825 0.152343
v 0.053154 5.663907 0.128810
v 0.047251 5.668087 0.104721
v 0.029570 5.671230 0.086597
v 0.004739 5.672416 0.079764
v -0.020168 5.671278 0.086323
v -0.038055 5.668167 0.104253
v -0.044230 5.663999 0.128274
v -0.037449 5.659904 0.151879
v -0.019758 5.656934 0.169006
v 0.004224 5.628809 0.165737
v 0.028247 5.630881 0.160031
v 0.046128 5.636618 0.144095
v 0.053174 5.644576 0.121945
v 0.047265 5.652712 0.099256
v 0.029584 5.658819 0.082190
v 0.004750 5.661106 0.075744
v -0.020158 5.658866 0.081916
v -0.038039 5.652793 0.098790
v -0.044210 5.644670 0.121407
v -0.037426 5.636699 0.143633
v -0.019731 5.630927 0.159767
v 0.004286 5.603918 0.150189
v 0.028305 5.606928 0.145068
v 0.046180 5.615244 0.130746
v 0.053218 5.626771 0.110821
v 0.047299 5.638555 0.090409
v 0.029612 5.647388 0.075052
v 0.004776 5.650692 0.069236
v -0.020128 5.647435 0.074776
v -0.038002 5.638635 0.089939
v -0.044166 5.626864 0.110285
v -0.037372 5.615324 0.130284
v -0.019670 5.606973 0.144804
v 0.004380 5.582117 0.129290
v 0.028394 5.585949 0.124959
v 0.046259 5.596522 0.112806
v 0.053285 5.611178 0.095873
v 0.047353 5.626152 0.078519
v 0.029652 5.637377 0.065451
v 0.004815 5.641567 0.060493
v -0.020082 5.637424 0.065177
v -0.037949 5.626232 0.078051
v -0.044098 5.611271 0.095337
v -0.037290 5.596602 0.112343
v -0.019578 5.585996 0.124695
v 0.004503 5.564243 0.103845
v 0.028513 5.568751 0.100475
v 0.046366 5.581174 0.090954
v 0.053373 5.598397 0.077673
v 0.047422 5.615986 0.064046
v 0.029708 5.629169 0.053767
v 0.004867 5.634089 0.049846
v -0.020025 5.629217 0.053493
v -0.037878 5.616065 0.063578
v -0.044010 5.598490 0.077137
v -0.037184 5.581256 0.090493
v -0.019459 5.568796 0.100211
v 0.004650 5.550988 0.074833
v 0.028653 5.555993 0.072555
v 0.046492 5.569791 0.066042
v 0.053479 5.588915 0.056922
v 0.047506 5.608445 0.047542
v 0.029776 5.623082 0.040445
v 0.004928 5.628542 0.037705
v -0.019959 5.623129 0.040171
v -0.037794 5.608524 0.047072
v -0.043905 5.589007 0.056385
v -0.037058 5.569873 0.065582
v -0.019316 5.556039 0.072290
v 0.004816 5.542856 0.043366
v 0.028809 5.548165 0.042278
v 0.046634 5.562808 0.039022
v 0.053597 5.583097 0.034416
v 0.047600 5.603821 0.029642
v 0.029850 5.619349 0.025996
v 0.004998 5.625139 0.024538
v -0.019880 5.619396 0.025722
v -0.037700 5.603899 0.029172
v -0.043786 5.583190 0.033879
v -0.036916 5.562889 0.038562
v -0.019153 5.548211 0.042014
v 0.004993 5.540162 0.010656
v 0.028978 5.545571 0.010801
v 0.046787 5.560494 0.010933
v 0.053724 5.581170 0.011019
v 0.047701 5.602287 0.011035
v 0.029930 5.618112 0.010974
v 0.005072 5.624010 0.010851
v -0.019797 5.618159 0.010700
v -0.037599 5.602367 0.010565
v -0.043659 5.581263 0.010483
v -0.036763 5.560575 0.010473
v -0.018981 5.545617 0.010537
v 0.005176 5.543008 -0.022041
v 0.029156 5.548311 -0.020664
v 0.046944 5.562938 -0.017144
v 0.053855 5.583206 -0.012368
v 0.047805 5.603907 -0.007564
v 0.030016 5.619418 -0.004042
v 0.005148 5.625202 -0.002832
v -0.019714 5.619466 -0.004316
v -0.037495 5.603986 -0.008034
v -0.043529 5.583299 -0.012904
v -0.036606 5.563019 -0.017604
v -0.018807 5.548357 -0.020928
v 0.005357 5.551285 -0.053470
v 0.029333 5.556279 -0.050904
v 0.047099 5.570047 -0.044132
v 0.053984 5.589128 -0.034846
v 0.047908 5.608614 -0.025442
v 0.030101 5.623219 -0.018472
v 0.005224 5.628666 -0.015982
v -0.019633 5.623265 -0.018746
v -0.037393 5.608693 -0.025912
v -0.043399 5.589220 -0.035383
v -0.036451 5.570128 -0.044592
v -0.018636 5.556325 -0.051168
v 0.005529 5.564674 -0.082420
v 0.029501 5.569167 -0.078765
v 0.047247 5.581546 -0.068991
v 0.054107 5.598704 -0.055554
v 0.048006 5.616231 -0.041912
v 0.030180 5.629368 -0.031767
v 0.005296 5.634269 -0.028097
v -0.019554 5.629416 -0.032041
v -0.037295 5.616310 -0.042383
v -0.043276 5.598798 -0.056090
v -0.036303 5.581627 -0.069450
v -0.018472 5.569212 -0.079029
v 0.005686 5.582666 -0.107782
v 0.029653 5.586478 -0.103168
v 0.047382 5.596994 -0.090767
v 0.054219 5.611571 -0.073696
v 0.048096 5.626465 -0.056338
v 0.030252 5.637630 -0.043413
v 0.005362 5.641797 -0.038710
v -0.019482 5.637676 -0.043687
v -0.037206 5.626545 -0.056809
v -0.043164 5.611664 -0.074232
v -0.036169 5.597075 -0.091227
v -0.018322 5.586524 -0.103432
v 0.005821 5.604564 -0.128579
v 0.029784 5.607549 -0.123181
v 0.047499 5.615798 -0.108622
v 0.054316 5.627233 -0.088572
v 0.048173 5.638922 -0.068170
v 0.030317 5.647684 -0.052966
v 0.005418 5.650961 -0.047410
v -0.019423 5.647731 -0.053240
v -0.037129 5.639002 -0.068640
v -0.043067 5.627326 -0.089108
v -0.036053 5.615879 -0.109082
v -0.018193 5.607594 -0.123445
v 0.005930 5.629526 -0.144012
v 0.029889 5.631571 -0.138032
v 0.047593 5.637234 -0.121874
v 0.054394 5.645089 -0.099611
v 0.048236 5.653120 -0.076951
v 0.030365 5.659148 -0.060051
v 0.005464 5.661407 -0.053870
v -0.019370 5.659195 -0.060323
v -0.037068 5.653201 -0.077421
v -0.042989 5.645182 -0.100147
v -0.035961 5.637314 -0.122332
v -0.018089 5.631617 -0.138297
v 0.006008 5.656597 -0.153490
v 0.029965 5.657621 -0.147151
v 0.047660 5.660479 -0.130014
v 0.054450 5.664451 -0.106390
v 0.048279 5.668520 -0.082338
v 0.030395 5.671581 -0.064398
v 0.005497 5.672734 -0.057837
v -0.019329 5.671628 -0.064672
v -0.037023 5.668601 -0.082808
v -0.042934 5.664544 -0.106928
v -0.035894 5.660559 -0.130472
v -0.018015 5.657667 -0.147415
v 0.006052 5.684453 -0.156639
v 0.030017 5.684450 -0.150177
v 0.047713 5.684489 -0.132693
v 0.054483 5.684567 -0.108588
v 0.048272 5.684669 -0.084078
v 0.030373 5.684762 -0.065830
v 0.005515 5.684815 -0.059166
v -0.019266 5.684809 -0.066103
v -0.036966 5.684750 -0.084547
v -0.042904 5.684660 -0.109124
v -0.035872 5.684569 -0.133153
v -0.017983 5.684496 -0.150441
v 0.006212 5.873798 -0.153042
v 0.030153 5.872732 -0.146710
v 0.047838 5.869855 -0.129590
v 0.054637 5.865899 -0.105979
v 0.048490 5.861882 -0.081914
v 0.030606 5.858891 -0.063932
v 0.005670 5.857797 -0.057345
v -0.019189 5.858938 -0.064206
v -0.036870 5.861964 -0.082385
v -0.042742 5.865992 -0.106516
v -0.035678 5.869935 -0.130047
v -0.017799 5.872778 -0.146974
v 0.006185 5.901097 -0.143381
v 0.030140 5.898979 -0.137412
v 0.047833 5.893209 -0.121280
v 0.054620 5.885238 -0.099054
v 0.048446 5.877113 -0.076431
v 0.030564 5.871041 -0.059559
v 0.005659 5.868801 -0.053389
v -0.019172 5.871088 -0.059831
v -0.036858 5.877195 -0.076901
v -0.042764 5.885331 -0.099590
v -0.035720 5.893288 -0.121740
v -0.017838 5.899024 -0.137678
v 0.006123 5.925989 -0.127833
v 0.030079 5.922935 -0.122449
v 0.047780 5.914583 -0.107929
v 0.054575 5.903042 -0.087930
v 0.048410 5.891272 -0.067584
v 0.030538 5.882473 -0.052423
v 0.005633 5.879216 -0.046881
v -0.019203 5.882519 -0.052695
v -0.036892 5.891354 -0.068054
v -0.042808 5.903134 -0.088466
v -0.035773 5.914662 -0.108389
v -0.017896 5.922980 -0.122713
v 0.006029 5.947790 -0.106933
v 0.029986 5.943912 -0.102340
v 0.047697 5.933306 -0.089988
v 0.054508 5.918635 -0.072983
v 0.048356 5.903674 -0.055696
v 0.030493 5.892482 -0.042824
v 0.005593 5.888338 -0.038138
v -0.019244 5.892529 -0.043096
v -0.036946 5.903757 -0.056166
v -0.042876 5.918728 -0.073518
v -0.035852 5.933384 -0.090446
v -0.017984 5.943957 -0.102604
v 0.005906 5.965662 -0.081490
v 0.029866 5.961110 -0.077857
v 0.047590 5.948655 -0.068143
v 0.054420 5.931418 -0.054782
v 0.048287 5.913841 -0.041223
v 0.030435 5.900689 -0.031138
v 0.005542 5.895817 -0.027490
v -0.019300 5.900736 -0.031412
v -0.037016 5.913923 -0.041693
v -0.042964 5.931512 -0.055318
v -0.035957 5.948733 -0.068601
v -0.018101 5.961156 -0.078122
v 0.005758 5.978920 -0.052480
v 0.029725 5.973867 -0.049935
v 0.047464 5.960039 -0.043228
v 0.054314 5.940901 -0.034030
v 0.048202 5.921380 -0.024717
v 0.030366 5.906777 -0.017814
v 0.005480 5.901365 -0.015349
v -0.019366 5.906825 -0.018088
v -0.037099 5.921463 -0.025187
v -0.043069 5.940993 -0.034566
v -0.036084 5.960116 -0.043687
v -0.018244 5.973913 -0.050199
v 0.005593 5.987052 -0.021011
v 0.029566 5.981693 -0.019659
v 0.047323 5.967018 -0.016206
v 0.054196 5.946715 -0.011524
v 0.048106 5.926003 -0.006817
v 0.030289 5.910511 -0.003367
v 0.005411 5.904768 -0.002183
v -0.019441 5.910559 -0.003641
v -0.037192 5.926085 -0.007287
v -0.043187 5.946808 -0.012060
v -0.036227 5.967097 -0.016667
v -0.018403 5.981739 -0.019923
v 0.005415 5.989746 0.011699
v 0.029395 5.984286 0.011819
v 0.047171 5.969333 0.011882
v 0.054069 5.948644 0.011872
v 0.048006 5.927539 0.011790
v 0.030207 5.911747 0.011655
v 0.005337 5.905895 0.011505
v -0.019522 5.911794 0.011381
v -0.037293 5.927621 0.011320
v -0.043314 5.948735 0.011336
v -0.036380 5.969411 0.011422
v -0.018574 5.984332 0.011555
v 0.005233 5.986900 0.044397
v 0.029219 5.981547 0.043284
v 0.047014 5.966888 0.039959
v 0.053938 5.946608 0.035259
v 0.047901 5.925917 0.030389
v 0.030123 5.910441 0.026671
v 0.005260 5.904705 0.025187
v -0.019606 5.910489 0.026398
v -0.037397 5.926000 0.029919
v -0.043445 5.946700 0.034723
v -0.036536 5.966968 0.039499
v -0.018750 5.981593 0.043019
v 0.005052 5.978622 0.075827
v 0.029045 5.973581 0.073524
v 0.046857 5.959784 0.066948
v 0.053809 5.940689 0.057738
v 0.047799 5.921211 0.048267
v 0.030042 5.906641 0.041103
v 0.005184 5.901240 0.038337
v -0.019691 5.906689 0.040829
v -0.037500 5.921293 0.047798
v -0.043575 5.940781 0.057202
v -0.036691 5.959861 0.066487
v -0.018924 5.973627 0.073259
v 0.004879 5.965231 0.104776
v 0.028877 5.960695 0.101386
v 0.046708 5.948285 0.091810
v 0.053686 5.931109 0.078445
v 0.047703 5.913595 0.064738
v 0.029964 5.900491 0.054397
v 0.005112 5.895637 0.050453
v -0.019771 5.900538 0.054122
v -0.037600 5.913678 0.064269
v -0.043698 5.931202 0.077909
v -0.036838 5.948363 0.091348
v -0.019088 5.960741 0.101122
v 0.004723 5.947241 0.130136
v 0.028727 5.943385 0.125789
v 0.046575 5.932835 0.113587
v 0.053574 5.918242 0.096586
v 0.047613 5.903361 0.079164
v 0.029893 5.892230 0.066044
v 0.005047 5.888109 0.061065
v -0.019844 5.892278 0.065769
v -0.037689 5.903444 0.078695
v -0.043810 5.918335 0.096049
v -0.036973 5.932914 0.113127
v -0.019239 5.943431 0.125525
v 0.004587 5.925344 0.150934
v 0.028600 5.922314 0.145800
v 0.046461 5.914029 0.131439
v 0.053477 5.902579 0.111461
v 0.047536 5.890904 0.090994
v 0.029833 5.882176 0.075597
v 0.004990 5.878945 0.069765
v -0.019909 5.882223 0.075323
v -0.037765 5.890986 0.090525
v -0.043907 5.902672 0.110925
v -0.037092 5.914107 0.130977
v -0.019372 5.922359 0.145536
v 0.004479 5.900380 0.166367
v 0.028498 5.898290 0.160652
v 0.046368 5.892593 0.144689
v 0.053399 5.884724 0.122501
v 0.047475 5.876705 0.099776
v 0.029783 5.870712 0.082682
v 0.004945 5.868501 0.076225
v -0.019959 5.870759 0.082408
v -0.037829 5.876788 0.099309
v -0.043985 5.884817 0.121964
v -0.037186 5.892672 0.144227
v -0.019480 5.898335 0.160389
v 0.004400 5.873036 0.175900
v 0.028409 5.871999 0.169828
v 0.046281 5.869201 0.152891
v 0.053341 5.865354 0.129335
v 0.047461 5.861450 0.105195
v 0.029781 5.858541 0.087000
v 0.004913 5.857480 0.080131
v -0.020028 5.858589 0.086726
v -0.037903 5.861532 0.104727
v -0.044039 5.865446 0.128799
v -0.037234 5.869281 0.152427
v -0.019543 5.872045 0.169564
v 0.173756 5.969156 0.017123
v 0.167558 5.969252 -0.006912
v 0.150270 5.969406 -0.024800
v 0.126240 5.969585 -0.031833
v 0.101671 5.969747 -0.025894
v 0.083226 5.969842 -0.008203
v 0.076284 5.969836 0.016588
v 0.082952 5.969727 0.041453
v 0.101203 5.969549 0.059347
v 0.125704 5.969360 0.065553
v 0.149810 5.969213 0.058785
v 0.167294 5.969141 0.041088
v 0.170516 5.941310 0.017041
v 0.164445 5.942433 -0.006982
v 0.147513 5.945405 -0.024853
v 0.123975 5.949477 -0.031890
v 0.099880 5.953604 -0.025973
v 0.081751 5.956666 -0.008282
v 0.074916 5.957760 0.016553
v 0.081477 5.956551 0.041454
v 0.099412 5.953406 0.059331
v 0.123438 5.949251 0.065492
v 0.147049 5.945211 0.058700
v 0.164180 5.942322 0.040999
v 0.160950 5.914270 0.016926
v 0.155242 5.916413 -0.007091
v 0.139297 5.922186 -0.024954
v 0.117136 5.930137 -0.031973
v 0.094436 5.938222 -0.026039
v 0.077362 5.944248 -0.008337
v 0.070913 5.946445 0.016504
v 0.077088 5.944133 0.041403
v 0.093970 5.938025 0.059266
v 0.116598 5.929912 0.065410
v 0.138835 5.921994 0.058601
v 0.154977 5.916302 0.040887
v 0.145436 5.889359 0.016783
v 0.140312 5.892439 -0.007227
v 0.125978 5.900794 -0.025075
v 0.106037 5.912317 -0.032075
v 0.085609 5.924052 -0.026118
v 0.070239 5.932807 -0.008403
v 0.064419 5.936022 0.016444
v 0.069964 5.932692 0.041338
v 0.085139 5.923854 0.059182
v 0.105501 5.912092 0.065308
v 0.125516 5.900601 0.058476
v 0.140047 5.892328 0.040747
v 0.124568 5.867529 0.016617
v 0.120232 5.871433 -0.007384
v 0.108064 5.882048 -0.025217
v 0.091111 5.896704 -0.032193
v 0.073736 5.911633 -0.026213
v 0.060652 5.922783 -0.008477
v 0.055688 5.926886 0.016375
v 0.060378 5.922668 0.041258
v 0.073268 5.911436 0.059088
v 0.090574 5.896479 0.065189
v 0.107601 5.881855 0.058334
v 0.119967 5.871323 0.040586
v 0.099147 5.849621 0.016434
v 0.095771 5.854203 -0.007559
v 0.086233 5.866671 -0.025373
v 0.072928 5.883898 -0.032323
v 0.059277 5.901448 -0.026316
v 0.048979 5.914559 -0.008559
v 0.045052 5.919393 0.016299
v 0.048706 5.914444 0.041175
v 0.058809 5.901249 0.058985
v 0.072392 5.883672 0.065059
v 0.085772 5.866479 0.058178
v 0.095507 5.854091 0.040411
v 0.070154 5.836326 0.016245
v 0.067869 5.841406 -0.007742
v 0.061336 5.855253 -0.025536
v 0.052190 5.874387 -0.032459
v 0.042783 5.893885 -0.026424
v 0.035666 5.908454 -0.008648
v 0.032918 5.913829 0.016219
v 0.035392 5.908339 0.041089
v 0.042313 5.893685 0.058876
v 0.051653 5.874162 0.064923
v 0.060876 5.855062 0.058014
v 0.067604 5.841295 0.040226
v 0.038698 5.828151 0.016053
v 0.037603 5.833538 -0.007924
v 0.034326 5.848233 -0.025701
v 0.029692 5.868539 -0.032597
v 0.024889 5.889235 -0.026533
v 0.021222 5.904701 -0.008732
v 0.019756 5.910408 0.016139
v 0.020948 5.904586 0.040997
v 0.024420 5.889036 0.058767
v 0.029156 5.868314 0.064786
v 0.033866 5.848041 0.057849
v 0.037339 5.833426 0.040038
v 0.005992 5.825412 0.015866
v 0.006129 5.830900 -0.008102
v 0.006241 5.845881 -0.025862
v 0.006298 5.866579 -0.032730
v 0.006285 5.887677 -0.026639
v 0.006202 5.903444 -0.008816
v 0.006070 5.909261 0.016061
v 0.005928 5.903329 0.040909
v 0.005815 5.887479 0.058661
v 0.005762 5.866354 0.064652
v 0.005781 5.845689 0.057689
v 0.005865 5.830790 0.039858
v -0.026710 5.828214 0.015693
v -0.025340 5.833597 -0.008270
v -0.021840 5.848287 -0.026011
v -0.017091 5.868584 -0.032855
v -0.012317 5.889271 -0.026738
v -0.008816 5.904730 -0.008898
v -0.007614 5.910434 0.015988
v -0.009090 5.904614 0.040832
v -0.012787 5.889071 0.058562
v -0.017628 5.868358 0.064528
v -0.022300 5.848094 0.057540
v -0.025604 5.833487 0.039691
v -0.058150 5.836448 0.015539
v -0.055591 5.841524 -0.008422
v -0.048837 5.855359 -0.026143
v -0.039578 5.874475 -0.032965
v -0.030202 5.893954 -0.026826
v -0.023251 5.908510 -0.008970
v -0.020769 5.913880 0.015924
v -0.023526 5.908395 0.040763
v -0.030671 5.893754 0.058475
v -0.040115 5.874249 0.064418
v -0.049297 5.855167 0.057408
v -0.055855 5.841413 0.039546
v -0.087119 5.849798 0.015410
v -0.083470 5.854374 -0.008548
v -0.073712 5.866824 -0.026254
v -0.060299 5.884023 -0.033057
v -0.046681 5.901549 -0.026899
v -0.036555 5.914642 -0.009029
v -0.032892 5.919466 0.015870
v -0.036829 5.914527 0.040704
v -0.047153 5.901350 0.058401
v -0.060835 5.883799 0.064326
v -0.074171 5.866632 0.057297
v -0.083734 5.854262 0.039426
v -0.112505 5.867755 0.015312
v -0.107896 5.871652 -0.008643
v -0.095510 5.882242 -0.026338
v -0.078459 5.896865 -0.033127
v -0.061121 5.911762 -0.026955
v -0.048212 5.922887 -0.009076
v -0.043515 5.926980 0.015829
v -0.048486 5.922771 0.040658
v -0.061593 5.911564 0.058345
v -0.078995 5.896640 0.064255
v -0.095970 5.882051 0.057213
v -0.108160 5.871540 0.039332
v -0.133333 5.889625 0.015248
v -0.127938 5.892694 -0.008706
v -0.113391 5.901022 -0.026393
v -0.093356 5.912507 -0.033173
v -0.072970 5.924203 -0.026992
v -0.057779 5.932928 -0.009108
v -0.052227 5.936131 0.015802
v -0.058053 5.932814 0.040632
v -0.073440 5.924005 0.058309
v -0.093893 5.912281 0.064210
v -0.113851 5.900829 0.057158
v -0.128202 5.892583 0.039270
v -0.148799 5.914565 0.015220
v -0.142823 5.916697 -0.008733
v -0.126672 5.922440 -0.026418
v -0.104420 5.930347 -0.033193
v -0.081771 5.938389 -0.027009
v -0.064879 5.944383 -0.009119
v -0.058702 5.946568 0.015791
v -0.065152 5.944268 0.040616
v -0.082241 5.938192 0.058295
v -0.104957 5.930122 0.064190
v -0.127131 5.922247 0.057136
v -0.143087 5.916585 0.039245
v -0.158315 5.941624 0.015230
v -0.151977 5.942735 -0.008725
v -0.134844 5.945674 -0.026408
v -0.111225 5.949700 -0.033185
v -0.087180 5.953782 -0.027002
v -0.069244 5.956810 -0.009108
v -0.062685 5.957891 0.015795
v -0.069518 5.956695 0.040616
v -0.087650 5.953585 0.058299
v -0.111764 5.949475 0.064197
v -0.135303 5.945480 0.057145
v -0.152241 5.942623 0.039257
v -0.161503 5.969476 0.015277
v -0.155040 5.969559 -0.008689
v -0.137556 5.969680 -0.026385
v -0.113451 5.969814 -0.033153
v -0.088942 5.969928 -0.026942
v -0.070694 5.969989 -0.009044
v -0.064030 5.969970 0.015815
v -0.070967 5.969873 0.040596
v -0.089411 5.969731 0.058295
v -0.113988 5.969588 0.064233
v -0.138017 5.969487 0.057200
v -0.155305 5.969448 0.039312
v -0.158167 6.158824 0.015734
v -0.151834 6.157845 -0.008210
v -0.134710 6.155050 -0.025904
v -0.111094 6.151149 -0.032716
v -0.087023 6.147144 -0.026582
v -0.069037 6.144119 -0.008709
v -0.062448 6.142954 0.016225
v -0.069311 6.144004 0.041086
v -0.087493 6.146947 0.058776
v -0.111630 6.150923 0.064662
v -0.135167 6.154856 0.057610
v -0.152098 6.157734 0.039740
v -0.148544 6.186137 0.015850
v -0.142572 6.184104 -0.008112
v -0.126432 6.178415 -0.025824
v -0.104195 6.170496 -0.032635
v -0.081561 6.162383 -0.026489
v -0.064680 6.156276 -0.008627
v -0.058507 6.153963 0.016272
v -0.064953 6.156160 0.041108
v -0.082031 6.162187 0.058815
v -0.104731 6.170271 0.064747
v -0.126892 6.178220 0.057730
v -0.142838 6.183993 0.039866
v -0.133031 6.211050 0.015993
v -0.127642 6.208081 -0.007973
v -0.113111 6.199807 -0.025700
v -0.093095 6.188315 -0.032533
v -0.072733 6.176554 -0.026406
v -0.057560 6.167717 -0.008563
v -0.052013 6.164387 0.016332
v -0.057833 6.167602 0.041178
v -0.073203 6.176357 0.058895
v -0.093632 6.188089 0.064850
v -0.113571 6.199613 0.057851
v -0.127906 6.207970 0.040002
v -0.112161 6.232879 0.016159
v -0.107562 6.229085 -0.007811
v -0.095196 6.218554 -0.025558
v -0.078170 6.203929 -0.032415
v -0.060863 6.188972 -0.026312
v -0.047975 6.177740 -0.008485
v -0.043283 6.173521 0.016401
v -0.048247 6.177625 0.041252
v -0.061333 6.188776 0.058989
v -0.078705 6.203704 0.064968
v -0.095654 6.218359 0.057991
v -0.107826 6.228974 0.040159
v -0.086742 6.250785 0.016340
v -0.083103 6.246317 -0.007635
v -0.073371 6.233933 -0.025400
v -0.059986 6.216737 -0.032285
v -0.046404 6.199159 -0.026210
v -0.036300 6.185963 -0.008402
v -0.032646 6.181015 0.016477
v -0.036574 6.185847 0.041333
v -0.046873 6.198963 0.059094
v -0.060523 6.216512 0.065098
v -0.073830 6.233738 0.058147
v -0.083368 6.246206 0.040332
v -0.057750 6.264082 0.016531
v -0.055199 6.259112 -0.007452
v -0.048473 6.245351 -0.025236
v -0.039248 6.226248 -0.032149
v -0.029908 6.206720 -0.026100
v -0.022985 6.192069 -0.008312
v -0.020513 6.186579 0.016557
v -0.023259 6.191954 0.041421
v -0.030378 6.206525 0.059200
v -0.039785 6.226022 0.065234
v -0.048931 6.245155 0.058311
v -0.055463 6.259001 0.040517
v -0.026293 6.272258 0.016723
v -0.024933 6.266979 -0.007268
v -0.021461 6.252367 -0.025073
v -0.016750 6.232094 -0.032011
v -0.012014 6.211368 -0.025989
v -0.008543 6.195823 -0.008222
v -0.007351 6.190000 0.016637
v -0.008817 6.195707 0.041507
v -0.012484 6.211172 0.059308
v -0.017287 6.231867 0.065371
v -0.021921 6.252173 0.058478
v -0.025197 6.266868 0.040702
v 0.006414 6.274997 0.016910
v 0.006541 6.269615 -0.007089
v 0.006625 6.254720 -0.024913
v 0.006643 6.234053 -0.031878
v 0.006590 6.212929 -0.025885
v 0.006477 6.197080 -0.008137
v 0.006335 6.191146 0.016715
v 0.006204 6.196963 0.041592
v 0.006120 6.212732 0.059416
v 0.006107 6.233827 0.065505
v 0.006164 6.254525 0.058638
v 0.006276 6.269505 0.040880
v 0.039115 6.272195 0.017083
v 0.038009 6.266919 -0.006922
v 0.034706 6.252314 -0.024764
v 0.030033 6.232049 -0.031753
v 0.025192 6.211332 -0.025784
v 0.021495 6.195794 -0.008057
v 0.020019 6.189974 0.016788
v 0.021221 6.195679 0.041672
v 0.024722 6.211137 0.059513
v 0.029497 6.231824 0.065629
v 0.034245 6.252120 0.058787
v 0.037745 6.266808 0.041049
v 0.070557 6.263960 0.017237
v 0.068260 6.258995 -0.006772
v 0.061704 6.245246 -0.024630
v 0.052520 6.226161 -0.031643
v 0.043077 6.206651 -0.025698
v 0.035932 6.192013 -0.007988
v 0.033174 6.186527 0.016852
v 0.035658 6.191897 0.041745
v 0.042607 6.206454 0.059602
v 0.051984 6.225935 0.065739
v 0.061242 6.245050 0.058918
v 0.067996 6.258883 0.041197
v 0.099524 6.250609 0.017366
v 0.096141 6.246147 -0.006648
v 0.086582 6.233782 -0.024519
v 0.073241 6.216610 -0.031551
v 0.059558 6.199058 -0.025627
v 0.049234 6.185881 -0.007931
v 0.045297 6.180941 0.016906
v 0.048960 6.185766 0.041804
v 0.059088 6.198861 0.059675
v 0.072704 6.216385 0.065831
v 0.086120 6.233586 0.059028
v 0.095877 6.246036 0.041319
v 0.124909 6.232653 0.017464
v 0.120567 6.228869 -0.006553
v 0.108380 6.218360 -0.024435
v 0.091399 6.203767 -0.031481
v 0.073998 6.188844 -0.025569
v 0.060893 6.177636 -0.007886
v 0.055920 6.173427 0.016947
v 0.060618 6.177521 0.041851
v 0.073528 6.188647 0.059731
v 0.090863 6.203542 0.065902
v 0.107920 6.218166 0.059112
v 0.120303 6.228758 0.041414
v 0.145738 6.210784 0.017529
v 0.140608 6.207826 -0.006495
v 0.126258 6.199579 -0.024382
v 0.106296 6.188125 -0.031435
v 0.085845 6.176403 -0.025533
v 0.070460 6.167595 -0.007858
v 0.064633 6.164275 0.016974
v 0.070186 6.167480 0.041883
v 0.085376 6.176206 0.059768
v 0.105760 6.187900 0.065948
v 0.125796 6.199385 0.059169
v 0.140344 6.207715 0.041477
v 0.161205 6.185842 0.017556
v 0.155493 6.183822 -0.006471
v 0.139538 6.178162 -0.024360
v 0.117360 6.170285 -0.031415
v 0.094646 6.162215 -0.025519
v 0.077560 6.156140 -0.007845
v 0.071107 6.153840 0.016986
v 0.077286 6.156025 0.041895
v 0.094180 6.162019 0.059785
v 0.116824 6.170059 0.065967
v 0.139076 6.177968 0.059195
v 0.155230 6.183711 0.041507
v 0.170776 6.158511 0.017545
v 0.164705 6.157544 -0.006467
v 0.147772 6.154781 -0.024348
v 0.124221 6.150924 -0.031420
v 0.100087 6.146967 -0.025553
v 0.081896 6.143976 -0.007884
v 0.075028 6.142824 0.016982
v 0.081622 6.143861 0.041925
v 0.099619 6.146770 0.059809
v 0.123685 6.150698 0.065958
v 0.147308 6.154588 0.059167
v 0.164441 6.157433 0.041484
v 0.003663 5.106548 0.177280
v 0.027698 5.106574 0.171082
v 0.045586 5.106693 0.153794
v 0.052621 5.106883 0.129764
v 0.046682 5.107098 0.105195
v 0.028991 5.107276 0.086750
v 0.004201 5.107361 0.079809
v -0.020664 5.107323 0.086477
v -0.038559 5.107179 0.104727
v -0.044767 5.106976 0.129228
v -0.037999 5.106773 0.153333
v -0.020302 5.106619 0.170817
v 0.003655 5.078706 0.174001
v 0.027680 5.079760 0.167931
v 0.045562 5.082696 0.151003
v 0.052612 5.086778 0.127471
v 0.046709 5.090957 0.103382
v 0.029028 5.094101 0.085258
v 0.004197 5.095286 0.078424
v -0.020710 5.094148 0.084984
v -0.038597 5.091037 0.102914
v -0.044771 5.086870 0.126935
v -0.037991 5.082775 0.150540
v -0.020300 5.079805 0.167667
v 0.003682 5.051679 0.164397
v 0.027706 5.053751 0.158692
v 0.045586 5.059489 0.142756
v 0.052632 5.067447 0.120606
v 0.046723 5.075583 0.097917
v 0.029042 5.081689 0.080851
v 0.004208 5.083977 0.074405
v -0.020700 5.081737 0.080577
v -0.038581 5.075663 0.097450
v -0.044752 5.067540 0.120068
v -0.037968 5.059569 0.142294
v -0.020273 5.053797 0.158428
v 0.003744 5.026789 0.148849
v 0.027763 5.029798 0.143729
v 0.045638 5.038115 0.129407
v 0.052676 5.049642 0.109482
v 0.046757 5.061425 0.089070
v 0.029070 5.070258 0.073713
v 0.004234 5.073562 0.067897
v -0.020670 5.070306 0.073437
v -0.038544 5.061505 0.088600
v -0.044707 5.049735 0.108946
v -0.037914 5.038195 0.128945
v -0.020212 5.029843 0.143465
v 0.003838 5.004988 0.127951
v 0.027852 5.008820 0.123620
v 0.045718 5.019392 0.111467
v 0.052743 5.034049 0.094534
v 0.046811 5.049023 0.077180
v 0.029111 5.060247 0.064112
v 0.004273 5.064438 0.059154
v -0.020624 5.060295 0.063838
v -0.038490 5.049103 0.076712
v -0.044640 5.034142 0.093998
v -0.037831 5.019473 0.111004
v -0.020119 5.008866 0.123356
v 0.003962 4.987113 0.102506
v 0.027971 4.991622 0.099136
v 0.045824 5.004045 0.089615
v 0.052831 5.021267 0.076334
v 0.046881 5.038857 0.062707
v 0.029167 5.052040 0.052428
v 0.004325 5.056959 0.048506
v -0.020567 5.052087 0.052154
v -0.038420 5.038936 0.062239
v -0.044552 5.021360 0.075797
v -0.037726 5.004127 0.089154
v -0.020001 4.991667 0.098872
v 0.004108 4.973858 0.073494
v 0.028111 4.978864 0.071215
v 0.045951 4.992662 0.064703
v 0.052937 5.011786 0.055582
v 0.046964 5.031315 0.046202
v 0.029235 5.045952 0.039106
v 0.004387 5.051413 0.036365
v -0.020501 5.046000 0.038832
v -0.038336 5.031394 0.045733
v -0.044447 5.011878 0.055046
v -0.037600 4.992743 0.064242
v -0.019858 4.978909 0.070951
v 0.004274 4.965727 0.042027
v 0.028267 4.971036 0.040939
v 0.046092 4.985678 0.037683
v 0.053055 5.005968 0.033076
v 0.047058 5.026691 0.028303
v 0.029308 5.042219 0.024656
v 0.004456 5.048009 0.023199
v -0.020422 5.042266 0.024383
v -0.038242 5.026770 0.027833
v -0.044328 5.006061 0.032540
v -0.037458 4.985759 0.037222
v -0.019695 4.971082 0.040675
v 0.004451 4.963032 0.009317
v 0.028436 4.968442 0.009461
v 0.046245 4.983365 0.009594
v 0.053182 5.004040 0.009680
v 0.047159 5.025157 0.009696
v 0.029388 5.040982 0.009635
v 0.004530 5.046881 0.009511
v -0.020338 5.041029 0.009361
v -0.038141 5.025238 0.009226
v -0.044201 5.004133 0.009144
v -0.037305 4.983445 0.009134
v -0.019523 4.968487 0.009197
v 0.004634 4.965878 -0.023381
v 0.028614 4.971182 -0.022003
v 0.046402 4.985808 -0.018483
v 0.053313 5.006076 -0.013707
v 0.047263 5.026777 -0.008903
v 0.029474 5.042289 -0.005381
v 0.004607 5.048073 -0.004171
v -0.020256 5.042336 -0.005655
v -0.038037 5.026856 -0.009373
v -0.044071 5.006169 -0.014243
v -0.037148 4.985889 -0.018943
v -0.019348 4.971228 -0.022268
v 0.004815 4.974155 -0.054810
v 0.028791 4.979149 -0.052243
v 0.046557 4.992918 -0.045471
v 0.053442 5.011998 -0.036186
v 0.047366 5.031484 -0.026782
v 0.029559 5.046089 -0.019812
v 0.004682 5.051537 -0.017321
v -0.020175 5.046136 -0.020086
v -0.037934 5.031563 -0.027252
v -0.043941 5.012091 -0.036722
v -0.036993 4.992999 -0.045931
v -0.019178 4.979195 -0.052508
v 0.004987 4.987545 -0.083760
v 0.028960 4.992038 -0.080104
v 0.046705 5.004416 -0.070330
v 0.053565 5.021574 -0.056893
v 0.047464 5.039102 -0.043251
v 0.029638 5.052238 -0.033106
v 0.004754 5.057139 -0.029437
v -0.020096 5.052286 -0.033381
v -0.037837 5.039181 -0.043723
v -0.043818 5.021668 -0.057429
v -0.036845 5.004497 -0.070789
v -0.019014 4.992083 -0.080369
v 0.005144 5.005537 -0.109122
v 0.029111 5.009348 -0.104507
v 0.046840 5.019865 -0.092106
v 0.053678 5.034442 -0.075035
v 0.047554 5.049335 -0.057677
v 0.029710 5.060500 -0.044752
v 0.004820 5.064667 -0.040049
v -0.020024 5.060547 -0.045026
v -0.037747 5.049415 -0.058148
v -0.043706 5.034534 -0.075571
v -0.036711 5.019946 -0.092566
v -0.018864 5.009394 -0.104771
v 0.005279 5.027434 -0.129919
v 0.029242 5.030419 -0.124520
v 0.046957 5.038669 -0.109962
v 0.053774 5.050104 -0.089911
v 0.047631 5.061792 -0.069509
v 0.029775 5.070554 -0.054305
v 0.004877 5.073831 -0.048749
v -0.019964 5.070602 -0.054579
v -0.037671 5.061872 -0.069979
v -0.043609 5.050196 -0.090447
v -0.036595 5.038749 -0.110421
v -0.018734 5.030465 -0.124784
v 0.005388 5.052396 -0.145351
v 0.029348 5.054441 -0.139372
v 0.047051 5.060104 -0.123213
v 0.053852 5.067959 -0.100950
v 0.047694 5.075990 -0.078290
v 0.029823 5.082019 -0.061390
v 0.004922 5.084277 -0.055209
v -0.019912 5.082066 -0.061662
v -0.037610 5.076071 -0.078760
v -0.043531 5.068052 -0.101486
v -0.036503 5.060184 -0.123672
v -0.018631 5.054487 -0.139636
v 0.005466 5.079467 -0.154829
v 0.029423 5.080492 -0.148490
v 0.047118 5.083350 -0.131353
v 0.053908 5.087321 -0.107729
v 0.047737 5.091391 -0.083677
v 0.029853 5.094451 -0.065738
v 0.004955 5.095605 -0.059176
v -0.019871 5.094499 -0.066011
v -0.037565 5.091472 -0.084147
v -0.043475 5.087414 -0.108267
v -0.036435 5.083429 -0.131811
v -0.018557 5.080537 -0.148754
v 0.005510 5.107324 -0.157978
v 0.029475 5.107321 -0.151516
v 0.047171 5.107360 -0.134032
v 0.053941 5.107438 -0.109927
v 0.047730 5.107539 -0.085417
v 0.029831 5.107633 -0.067169
v 0.004974 5.107686 -0.060505
v -0.019808 5.107679 -0.067442
v -0.037507 5.107620 -0.085886
v -0.043446 5.107531 -0.110463
v -0.036414 5.107439 -0.134492
v -0.018524 5.107366 -0.151780
v 0.005670 5.296669 -0.154381
v 0.029611 5.295603 -0.148049
v 0.047296 5.292726 -0.130929
v 0.054095 5.288770 -0.107319
v 0.047948 5.284752 -0.083253
v 0.030065 5.281761 -0.065271
v 0.005128 5.280668 -0.058684
v -0.019731 5.281808 -0.065545
v -0.037411 5.284834 -0.083724
v -0.043284 5.288862 -0.107855
v -0.036220 5.292805 -0.131386
v -0.018341 5.295648 -0.148314
v 0.005643 5.323968 -0.144721
v 0.029598 5.321849 -0.138751
v 0.047291 5.316079 -0.122619
v 0.054078 5.308108 -0.100393
v 0.047904 5.299984 -0.077770
v 0.030022 5.293911 -0.060898
v 0.005117 5.291672 -0.054728
v -0.019713 5.293959 -0.061171
v -0.037399 5.300066 -0.078240
v -0.043306 5.308201 -0.100929
v -0.036262 5.316158 -0.123079
v -0.018380 5.321895 -0.139017
v 0.005581 5.348860 -0.129173
v 0.029537 5.345805 -0.123788
v 0.047238 5.337454 -0.109268
v 0.054034 5.325912 -0.089269
v 0.047868 5.314142 -0.068923
v 0.029996 5.305343 -0.053762
v 0.005091 5.302086 -0.048220
v -0.019745 5.305390 -0.054034
v -0.037434 5.314224 -0.069393
v -0.043350 5.326004 -0.089805
v -0.036315 5.337533 -0.109728
v -0.018438 5.345851 -0.124052
v 0.005487 5.370661 -0.108273
v 0.029444 5.366782 -0.103679
v 0.047155 5.356176 -0.091327
v 0.053966 5.341506 -0.074323
v 0.047815 5.326544 -0.057035
v 0.029951 5.315352 -0.044163
v 0.005051 5.311209 -0.039477
v -0.019786 5.315400 -0.044435
v -0.037488 5.326627 -0.057505
v -0.043418 5.341599 -0.074857
v -0.036394 5.356255 -0.091786
v -0.018526 5.366828 -0.103943
v 0.005364 5.388533 -0.082829
v 0.029324 5.383981 -0.079197
v 0.047048 5.371526 -0.069482
v 0.053878 5.354289 -0.056121
v 0.047745 5.336711 -0.042562
v 0.029893 5.323560 -0.032477
v 0.005000 5.318688 -0.028830
v -0.019842 5.323606 -0.032751
v -0.037558 5.336794 -0.043032
v -0.043506 5.354383 -0.056657
v -0.036499 5.371603 -0.069940
v -0.018643 5.384027 -0.079461
v 0.005217 5.401790 -0.053819
v 0.029183 5.396738 -0.051274
v 0.046922 5.382909 -0.044567
v 0.053773 5.363771 -0.035369
v 0.047660 5.344251 -0.026056
v 0.029824 5.329648 -0.019154
v 0.004938 5.324235 -0.016688
v -0.019908 5.329695 -0.019427
v -0.037641 5.344334 -0.026526
v -0.043611 5.363863 -0.035906
v -0.036626 5.382986 -0.045026
v -0.018786 5.396783 -0.051539
v 0.005051 5.409922 -0.022350
v 0.029024 5.404563 -0.020998
v 0.046781 5.389889 -0.017546
v 0.053654 5.369586 -0.012863
v 0.047565 5.348874 -0.008156
v 0.029747 5.333382 -0.004706
v 0.004869 5.327638 -0.003523
v -0.019983 5.333429 -0.004980
v -0.037734 5.348956 -0.008626
v -0.043729 5.369678 -0.013400
v -0.036769 5.389968 -0.018006
v -0.018945 5.404609 -0.021262
v 0.004873 5.412617 0.010360
v 0.028853 5.407156 0.010479
v 0.046629 5.392203 0.010543
v 0.053527 5.371514 0.010533
v 0.047464 5.350410 0.010451
v 0.029665 5.334618 0.010316
v 0.004795 5.328766 0.010165
v -0.020064 5.334664 0.010042
v -0.037835 5.350492 0.009981
v -0.043856 5.371606 0.009997
v -0.036922 5.392281 0.010083
v -0.019116 5.407203 0.010215
v 0.004691 5.409771 0.043057
v 0.028677 5.404418 0.041944
v 0.046472 5.389759 0.038620
v 0.053396 5.369478 0.033920
v 0.047359 5.348787 0.029050
v 0.029582 5.333312 0.025332
v 0.004718 5.327575 0.023848
v -0.020148 5.333360 0.025058
v -0.037938 5.348870 0.028580
v -0.043987 5.369571 0.033384
v -0.037078 5.389838 0.038160
v -0.019292 5.404464 0.041680
v 0.004510 5.401493 0.074488
v 0.028503 5.396452 0.072184
v 0.046315 5.382654 0.065609
v 0.053267 5.363559 0.056399
v 0.047257 5.344081 0.046928
v 0.029500 5.329512 0.039764
v 0.004643 5.324111 0.036998
v -0.020233 5.329559 0.039490
v -0.038042 5.344163 0.046458
v -0.044116 5.363651 0.055862
v -0.037232 5.382731 0.065148
v -0.019466 5.396498 0.071920
v 0.004338 5.388102 0.103436
v 0.028336 5.383566 0.100047
v 0.046167 5.371156 0.090471
v 0.053144 5.353980 0.077106
v 0.047161 5.336466 0.063399
v 0.029422 5.323361 0.053057
v 0.004571 5.318507 0.049113
v -0.020313 5.323409 0.052783
v -0.038142 5.336548 0.062930
v -0.044240 5.354073 0.076570
v -0.037380 5.371234 0.090009
v -0.019630 5.383612 0.099783
v 0.004181 5.370111 0.128797
v 0.028185 5.366256 0.124450
v 0.046033 5.355705 0.112248
v 0.053032 5.341112 0.095247
v 0.047072 5.326232 0.077825
v 0.029351 5.315101 0.064705
v 0.004505 5.310979 0.059726
v -0.020386 5.315148 0.064429
v -0.038231 5.326315 0.077356
v -0.044352 5.341205 0.094710
v -0.037515 5.355784 0.111788
v -0.019781 5.366302 0.124185
v 0.004045 5.348214 0.149595
v 0.028058 5.345184 0.144461
v 0.045919 5.336900 0.130100
v 0.052935 5.325450 0.110122
v 0.046994 5.313775 0.089655
v 0.029291 5.305046 0.074258
v 0.004448 5.301815 0.068426
v -0.020451 5.305093 0.073984
v -0.038307 5.313857 0.089186
v -0.044449 5.325542 0.109586
v -0.037633 5.336978 0.129638
v -0.019914 5.345230 0.144197
v 0.003937 5.323251 0.165027
v 0.027956 5.321160 0.159313
v 0.045826 5.315464 0.143350
v 0.052857 5.307595 0.121161
v 0.046933 5.299575 0.098436
v 0.029241 5.293582 0.081342
v 0.004403 5.291371 0.074886
v -0.020501 5.293630 0.081068
v -0.038370 5.299658 0.097970
v -0.044527 5.307687 0.120625
v -0.037728 5.315542 0.142888
v -0.020022 5.321206 0.159050
v 0.003858 5.295907 0.174561
v 0.027868 5.294870 0.168489
v 0.045740 5.292071 0.151552
v 0.052799 5.288224 0.127996
v 0.046919 5.284320 0.103856
v 0.029240 5.281412 0.085661
v 0.004371 5.280350 0.078791
v -0.020570 5.281459 0.085387
v -0.038444 5.284402 0.103388
v -0.044581 5.288316 0.127459
v -0.037776 5.292151 0.151088
v -0.020084 5.294915 0.168225
v 0.173214 5.392027 0.015784
v 0.167016 5.392123 -0.008251
v 0.149728 5.392277 -0.026139
v 0.125698 5.392456 -0.033172
v 0.101129 5.392617 -0.027233
v 0.082684 5.392713 -0.009543
v 0.075742 5.392706 0.015249
v 0.082410 5.392597 0.040113
v 0.100661 5.392420 0.058007
v 0.125162 5.392231 0.064214
v 0.149268 5.392083 0.057446
v 0.166752 5.392012 0.039749
v 0.169974 5.364181 0.015702
v 0.163903 5.365304 -0.008321
v 0.146971 5.368276 -0.026192
v 0.123433 5.372348 -0.033229
v 0.099338 5.376474 -0.027312
v 0.081210 5.379536 -0.009622
v 0.074375 5.380630 0.015213
v 0.080936 5.379421 0.040115
v 0.098870 5.376276 0.057992
v 0.122897 5.372121 0.064153
v 0.146507 5.368082 0.057360
v 0.163638 5.365192 0.039660
v 0.160408 5.337141 0.015587
v 0.154700 5.339284 -0.008431
v 0.138756 5.345057 -0.026293
v 0.116595 5.353007 -0.033312
v 0.093894 5.361093 -0.027378
v 0.076820 5.367118 -0.009676
v 0.070371 5.369316 0.015165
v 0.076546 5.367003 0.040064
v 0.093428 5.360895 0.057927
v 0.116056 5.352782 0.064071
v 0.138293 5.344864 0.057261
v 0.154435 5.339172 0.039547
v 0.144894 5.312229 0.015443
v 0.139770 5.315310 -0.008566
v 0.125436 5.323665 -0.026414
v 0.105495 5.335187 -0.033414
v 0.085067 5.346923 -0.027458
v 0.069698 5.355678 -0.009742
v 0.063877 5.358892 0.015105
v 0.069422 5.355562 0.039998
v 0.084597 5.346725 0.057843
v 0.104959 5.334962 0.063968
v 0.124974 5.323472 0.057137
v 0.139505 5.315198 0.039408
v 0.124026 5.290400 0.015278
v 0.119690 5.294304 -0.008724
v 0.107522 5.304918 -0.026556
v 0.090569 5.319574 -0.033533
v 0.073194 5.334504 -0.027552
v 0.060110 5.345654 -0.009816
v 0.055147 5.349756 0.015036
v 0.059836 5.345538 0.039919
v 0.072726 5.334306 0.057749
v 0.090032 5.319349 0.063850
v 0.107059 5.304726 0.056994
v 0.119426 5.294194 0.039247
v 0.098606 5.272491 0.015095
v 0.095230 5.277073 -0.008898
v 0.085692 5.289541 -0.026712
v 0.072386 5.306768 -0.033662
v 0.058735 5.324319 -0.027655
v 0.048438 5.337430 -0.009898
v 0.044510 5.342263 0.014960
v 0.048164 5.337315 0.039835
v 0.058267 5.324119 0.057646
v 0.071850 5.306542 0.063720
v 0.085230 5.289350 0.056839
v 0.094965 5.276961 0.039072
v 0.069612 5.259196 0.014906
v 0.067327 5.264277 -0.009082
v 0.060795 5.278124 -0.026876
v 0.051648 5.297257 -0.033799
v 0.042241 5.316755 -0.027763
v 0.035124 5.331324 -0.009987
v 0.032376 5.336699 0.014880
v 0.034850 5.331209 0.039750
v 0.041771 5.316556 0.057537
v 0.051112 5.297032 0.063584
v 0.060334 5.277933 0.056675
v 0.067062 5.264165 0.038887
v 0.038156 5.251022 0.014714
v 0.037061 5.256408 -0.009263
v 0.033784 5.271104 -0.027041
v 0.029150 5.291409 -0.033936
v 0.024347 5.312106 -0.027873
v 0.020680 5.327571 -0.010071
v 0.019214 5.333279 0.014800
v 0.020406 5.327456 0.039658
v 0.023878 5.311906 0.057428
v 0.028614 5.291184 0.063446
v 0.033324 5.270911 0.056510
v 0.036797 5.256297 0.038698
v 0.005450 5.248282 0.014527
v 0.005587 5.253771 -0.009441
v 0.005699 5.268752 -0.027201
v 0.005757 5.289450 -0.034070
v 0.005743 5.310547 -0.027979
v 0.005660 5.326314 -0.010155
v 0.005529 5.332131 0.014722
v 0.005386 5.326199 0.039570
v 0.005273 5.310349 0.057322
v 0.005220 5.289225 0.063313
v 0.005239 5.268559 0.056350
v 0.005323 5.253660 0.038519
v -0.027251 5.251084 0.014354
v -0.025882 5.256468 -0.009610
v -0.022382 5.271157 -0.027350
v -0.017633 5.291454 -0.034194
v -0.012858 5.312141 -0.028077
v -0.009358 5.327600 -0.010237
v -0.008156 5.333304 0.014649
v -0.009632 5.327485 0.039492
v -0.013328 5.311942 0.057223
v -0.018170 5.291228 0.063189
v -0.022842 5.270965 0.056201
v -0.026146 5.256357 0.038352
v -0.058692 5.259318 0.014199
v -0.056133 5.264394 -0.009762
v -0.049379 5.278230 -0.027482
v -0.040120 5.297345 -0.034304
v -0.030743 5.316824 -0.028165
v -0.023793 5.331380 -0.010310
v -0.021310 5.336750 0.014585
v -0.024067 5.331265 0.039423
v -0.031213 5.316625 0.057135
v -0.040657 5.297120 0.063079
v -0.049839 5.278038 0.056068
v -0.056397 5.264283 0.038207
v -0.087660 5.272668 0.014071
v -0.084011 5.277244 -0.009887
v -0.074254 5.289695 -0.027593
v -0.060841 5.306893 -0.034396
v -0.047223 5.324419 -0.028239
v -0.037097 5.337512 -0.010369
v -0.033434 5.342337 0.014531
v -0.037371 5.337397 0.039364
v -0.047695 5.324220 0.057062
v -0.061377 5.306669 0.062986
v -0.074713 5.289502 0.055958
v -0.084276 5.277133 0.038087
v -0.113047 5.290626 0.013972
v -0.108438 5.294522 -0.009982
v -0.096051 5.305113 -0.027677
v -0.079001 5.319736 -0.034466
v -0.061663 5.334633 -0.028294
v -0.048754 5.345757 -0.010415
v -0.044057 5.349850 0.014490
v -0.049028 5.345642 0.039319
v -0.062135 5.334435 0.057006
v -0.079537 5.319510 0.062916
v -0.096512 5.304921 0.055873
v -0.108702 5.294411 0.037992
v -0.133874 5.312495 0.013908
v -0.128480 5.315565 -0.010045
v -0.113933 5.323893 -0.027732
v -0.093898 5.335377 -0.034512
v -0.073512 5.347074 -0.028331
v -0.058321 5.355799 -0.010447
v -0.052769 5.359002 0.014463
v -0.058595 5.355684 0.039293
v -0.073982 5.346875 0.056970
v -0.094434 5.335152 0.062870
v -0.114393 5.323699 0.055819
v -0.128744 5.315454 0.037931
v -0.149341 5.337436 0.013881
v -0.143365 5.339567 -0.010072
v -0.127214 5.345310 -0.027758
v -0.104962 5.353218 -0.034532
v -0.082313 5.361259 -0.028348
v -0.065421 5.367253 -0.010458
v -0.059243 5.369439 0.014451
v -0.065693 5.367139 0.039277
v -0.082783 5.361062 0.056956
v -0.105498 5.352993 0.062851
v -0.127673 5.345117 0.055797
v -0.143629 5.339456 0.037906
v -0.158857 5.364494 0.013891
v -0.152519 5.365605 -0.010064
v -0.135386 5.368544 -0.027747
v -0.111767 5.372571 -0.034525
v -0.087721 5.376653 -0.028341
v -0.069786 5.379680 -0.010447
v -0.063226 5.380762 0.014456
v -0.070060 5.379565 0.039276
v -0.088191 5.376455 0.056960
v -0.112306 5.372345 0.062858
v -0.135844 5.368351 0.055805
v -0.152783 5.365494 0.037918
v -0.162044 5.392346 0.013938
v -0.155582 5.392429 -0.010028
v -0.138098 5.392550 -0.027724
v -0.113993 5.392684 -0.034492
v -0.089483 5.392798 -0.028281
v -0.071236 5.392859 -0.010383
v -0.064571 5.392840 0.014476
v -0.071509 5.392744 0.039257
v -0.089953 5.392601 0.056956
v -0.114530 5.392459 0.062894
v -0.138558 5.392357 0.055860
v -0.155847 5.392319 0.037973
v -0.158709 5.581695 0.014395
v -0.152376 5.580716 -0.009550
v -0.135252 5.577920 -0.027243
v -0.111635 5.574018 -0.034056
v -0.087565 5.570015 -0.027921
v -0.069578 5.566990 -0.010048
v -0.062990 5.565825 0.014885
v -0.069853 5.566875 0.039747
v -0.088035 5.569818 0.057437
v -0.112172 5.573793 0.063323
v -0.135708 5.577726 0.056271
v -0.152640 5.580605 0.038401
v -0.149086 5.609007 0.014511
v -0.143114 5.606975 -0.009451
v -0.126974 5.601285 -0.027164
v -0.104736 5.593367 -0.033975
v -0.082103 5.585253 -0.027829
v -0.065222 5.579146 -0.009966
v -0.059049 5.576834 0.014933
v -0.065494 5.579031 0.039769
v -0.082573 5.585057 0.057476
v -0.105273 5.593142 0.063408
v -0.127434 5.601090 0.056391
v -0.143380 5.606864 0.038527
v -0.133573 5.633920 0.014654
v -0.128184 5.630951 -0.009312
v -0.113652 5.622677 -0.027039
v -0.093637 5.611186 -0.033872
v -0.073275 5.599424 -0.027745
v -0.058102 5.590588 -0.009902
v -0.052555 5.587257 0.014992
v -0.058374 5.590471 0.039838
v -0.073745 5.599227 0.057555
v -0.094174 5.610960 0.063510
v -0.114112 5.622483 0.056512
v -0.128448 5.630840 0.038663
v -0.112703 5.655749 0.014820
v -0.108104 5.651956 -0.009151
v -0.095737 5.641424 -0.026897
v -0.078712 5.626800 -0.033754
v -0.061405 5.611842 -0.027651
v -0.048516 5.600610 -0.009824
v -0.043825 5.596392 0.015062
v -0.048789 5.600495 0.039912
v -0.061875 5.611646 0.057649
v -0.079247 5.626575 0.063629
v -0.096196 5.641230 0.056652
v -0.108368 5.651845 0.038820
v -0.087284 5.673656 0.015001
v -0.083645 5.669188 -0.008974
v -0.073913 5.656804 -0.026739
v -0.060528 5.639607 -0.033624
v -0.046945 5.622029 -0.027550
v -0.036842 5.608833 -0.009741
v -0.033188 5.603885 0.015138
v -0.037116 5.608718 0.039994
v -0.047415 5.621833 0.057755
v -0.061065 5.639383 0.063759
v -0.074372 5.656609 0.056808
v -0.083909 5.669076 0.038993
v -0.058292 5.686953 0.015192
v -0.055741 5.681983 -0.008791
v -0.049014 5.668221 -0.026576
v -0.039790 5.649118 -0.033488
v -0.030449 5.629591 -0.027439
v -0.023527 5.614939 -0.009652
v -0.021054 5.609449 0.015217
v -0.023801 5.614824 0.040081
v -0.030920 5.629395 0.057861
v -0.040326 5.648892 0.063895
v -0.049473 5.668025 0.056972
v -0.056005 5.681871 0.039178
v -0.026835 5.695128 0.015384
v -0.025475 5.689850 -0.008608
v -0.022002 5.675238 -0.026412
v -0.017292 5.654964 -0.033350
v -0.012556 5.634238 -0.027328
v -0.009085 5.618693 -0.009562
v -0.007893 5.612870 0.015298
v -0.009359 5.618578 0.040168
v -0.013026 5.634042 0.057969
v -0.017828 5.654737 0.064032
v -0.022463 5.675043 0.057138
v -0.025739 5.689738 0.039363
v 0.005872 5.697867 0.015570
v 0.005999 5.692485 -0.008428
v 0.006083 5.677590 -0.026252
v 0.006102 5.656923 -0.033217
v 0.006048 5.635799 -0.027224
v 0.005936 5.619949 -0.009476
v 0.005793 5.614016 0.015376
v 0.005662 5.619834 0.040253
v 0.005579 5.635602 0.058076
v 0.005565 5.656697 0.064166
v 0.005623 5.677395 0.057298
v 0.005735 5.692375 0.039541
v 0.038573 5.695066 0.015744
v 0.037468 5.689790 -0.008261
v 0.034164 5.675184 -0.026103
v 0.029491 5.654920 -0.033093
v 0.024650 5.634202 -0.027123
v 0.020954 5.618664 -0.009396
v 0.019477 5.612844 0.015449
v 0.020680 5.618549 0.040333
v 0.024180 5.634007 0.058174
v 0.028955 5.654694 0.064290
v 0.033703 5.674990 0.057448
v 0.037203 5.689679 0.039709
v 0.070015 5.686831 0.015898
v 0.067719 5.681865 -0.008111
v 0.061163 5.668116 -0.025969
v 0.051978 5.649031 -0.032982
v 0.042535 5.629521 -0.027037
v 0.035390 5.614883 -0.009327
v 0.032632 5.609398 0.015513
v 0.035116 5.614768 0.040406
v 0.042065 5.629324 0.058263
v 0.051442 5.648805 0.064400
v 0.060700 5.667921 0.057578
v 0.067454 5.681754 0.039858
v 0.098982 5.673480 0.016027
v 0.095599 5.669017 -0.007987
v 0.086040 5.656651 -0.025858
v 0.072699 5.639481 -0.032890
v 0.059016 5.621928 -0.026966
v 0.048693 5.608751 -0.009270
v 0.044755 5.603811 0.015567
v 0.048419 5.608636 0.040465
v 0.058546 5.621731 0.058336
v 0.072162 5.639256 0.064492
v 0.085578 5.656457 0.057689
v 0.095335 5.668906 0.039980
v 0.124367 5.655523 0.016125
v 0.120025 5.651740 -0.007893
v 0.107838 5.641231 -0.025774
v 0.090857 5.626637 -0.032820
v 0.073457 5.611714 -0.026909
v 0.060351 5.600507 -0.009225
v 0.055378 5.596297 0.015608
v 0.060076 5.600391 0.040512
v 0.072987 5.611518 0.058392
v 0.090321 5.626412 0.064562
v 0.107378 5.641037 0.057773
v 0.119761 5.651628 0.040074
v 0.145196 5.633655 0.016189
v 0.140066 5.630696 -0.007835
v 0.125716 5.622450 -0.025721
v 0.105754 5.610995 -0.032774
v 0.085304 5.599273 -0.026872
v 0.069918 5.590466 -0.009197
v 0.064091 5.587146 0.015635
v 0.069644 5.590350 0.040543
v 0.084834 5.599076 0.058429
v 0.105218 5.610770 0.064608
v 0.125254 5.622255 0.057830
v 0.139802 5.630585 0.040138
v 0.160663 5.608712 0.016217
v 0.154951 5.606693 -0.007810
v 0.138996 5.601032 -0.025699
v 0.116818 5.593155 -0.032755
v 0.094105 5.585085 -0.026858
v 0.077019 5.579011 -0.009185
v 0.070565 5.576710 0.015646
v 0.076745 5.578896 0.040556
v 0.093638 5.584889 0.058446
v 0.116282 5.592930 0.064628
v 0.138534 5.600838 0.057855
v 0.154688 5.606582 0.040168
v 0.170234 5.581382 0.016206
v 0.164164 5.580414 -0.007806
v 0.147230 5.577651 -0.025688
v 0.123679 5.573794 -0.032760
v 0.099546 5.569838 -0.026892
v 0.081354 5.566847 -0.009223
v 0.074486 5.565694 0.015642
v 0.081080 5.566731 0.040585
v 0.099077 5.569640 0.058470
v 0.123143 5.573568 0.064619
v 0.146766 5.577457 0.057828
v 0.163899 5.580303 0.040144
v 0.003121 4.529418 0.175940
v 0.027156 4.529444 0.169743
v 0.045044 4.529564 0.152455
v 0.052079 4.529754 0.128425
v 0.046140 4.529968 0.103856
v 0.028450 4.530146 0.085411
v 0.003659 4.530231 0.078470
v -0.021206 4.530193 0.085137
v -0.039101 4.530049 0.103388
v -0.045308 4.529846 0.127889
v -0.038541 4.529644 0.151994
v -0.020844 4.529490 0.169478
v 0.003113 4.501576 0.172662
v 0.027138 4.502630 0.166592
v 0.045020 4.505567 0.149664
v 0.052071 4.509648 0.126132
v 0.046167 4.513827 0.102043
v 0.028486 4.516972 0.083918
v 0.003655 4.518157 0.077085
v -0.021251 4.517019 0.083645
v -0.039139 4.513908 0.101575
v -0.045313 4.509740 0.125595
v -0.038533 4.505646 0.149201
v -0.020842 4.502675 0.166328
v 0.003140 4.474549 0.163058
v 0.027164 4.476622 0.157353
v 0.045044 4.482359 0.141417
v 0.052090 4.490317 0.119267
v 0.046182 4.498453 0.096578
v 0.028501 4.504560 0.079511
v 0.003666 4.506847 0.073066
v -0.021241 4.504607 0.079238
v -0.039123 4.498534 0.096111
v -0.045294 4.490410 0.118729
v -0.038510 4.482440 0.140955
v -0.020815 4.476667 0.157089
v 0.003202 4.449659 0.147510
v 0.027221 4.452669 0.142390
v 0.045096 4.460985 0.128067
v 0.052134 4.472512 0.108143
v 0.046215 4.484295 0.087731
v 0.028528 4.493129 0.072374
v 0.003692 4.496432 0.066557
v -0.021212 4.493176 0.072098
v -0.039086 4.484375 0.087261
v -0.045249 4.472605 0.107607
v -0.038455 4.461065 0.127605
v -0.020753 4.452713 0.142126
v 0.003296 4.427858 0.126612
v 0.027311 4.431690 0.122281
v 0.045176 4.442263 0.110128
v 0.052202 4.456920 0.093195
v 0.046269 4.471893 0.075841
v 0.028569 4.483118 0.062772
v 0.003732 4.487309 0.057814
v -0.021165 4.483165 0.062498
v -0.039032 4.471973 0.075373
v -0.045182 4.457012 0.092659
v -0.038373 4.442343 0.109665
v -0.020661 4.431736 0.122017
v 0.003420 4.409984 0.101167
v 0.027429 4.414492 0.097797
v 0.045282 4.426915 0.088276
v 0.052290 4.444138 0.074994
v 0.046339 4.461727 0.061368
v 0.028625 4.474911 0.051088
v 0.003783 4.479829 0.047167
v -0.021109 4.474958 0.050815
v -0.038962 4.461806 0.060900
v -0.045094 4.444231 0.074458
v -0.038268 4.426997 0.087814
v -0.020543 4.414537 0.097532
v 0.003567 4.396729 0.072155
v 0.027569 4.401734 0.069876
v 0.045409 4.415532 0.063364
v 0.052395 4.434656 0.054243
v 0.046422 4.454186 0.044863
v 0.028693 4.468822 0.037767
v 0.003845 4.474283 0.035026
v -0.021042 4.468870 0.037493
v -0.038878 4.454265 0.044394
v -0.044988 4.434749 0.053707
v -0.038142 4.415614 0.062903
v -0.020400 4.401780 0.069612
v 0.003732 4.388597 0.040688
v 0.027725 4.393907 0.039600
v 0.045551 4.408548 0.036343
v 0.052513 4.428838 0.031737
v 0.046516 4.449562 0.026963
v 0.028767 4.465090 0.023317
v 0.003914 4.470880 0.021860
v -0.020964 4.465137 0.023043
v -0.038783 4.449640 0.026494
v -0.044870 4.428931 0.031201
v -0.037999 4.408629 0.035883
v -0.020237 4.393952 0.039335
v 0.003910 4.385902 0.007978
v 0.027895 4.391312 0.008122
v 0.045703 4.406235 0.008255
v 0.052640 4.426910 0.008341
v 0.046617 4.448028 0.008357
v 0.028847 4.463853 0.008295
v 0.003988 4.469751 0.008172
v -0.020880 4.463900 0.008022
v -0.038682 4.448109 0.007887
v -0.044743 4.427003 0.007805
v -0.037847 4.406315 0.007795
v -0.020064 4.391358 0.007858
v 0.004092 4.388748 -0.024720
v 0.028072 4.394053 -0.023343
v 0.045860 4.408679 -0.019823
v 0.052771 4.428946 -0.015046
v 0.046721 4.449648 -0.010242
v 0.028932 4.465159 -0.006721
v 0.004065 4.470943 -0.005510
v -0.020798 4.465207 -0.006994
v -0.038579 4.449727 -0.010712
v -0.044612 4.429039 -0.015582
v -0.037690 4.408760 -0.020283
v -0.019890 4.394098 -0.023607
v 0.004273 4.397026 -0.056149
v 0.028250 4.402020 -0.053583
v 0.046016 4.415788 -0.046810
v 0.052900 4.434869 -0.037525
v 0.046824 4.454355 -0.028121
v 0.029017 4.468959 -0.021151
v 0.004140 4.474407 -0.018660
v -0.020717 4.469007 -0.021425
v -0.038476 4.454433 -0.028591
v -0.044483 4.434961 -0.038061
v -0.037535 4.415869 -0.047270
v -0.019719 4.402065 -0.053847
v 0.004445 4.410416 -0.085099
v 0.028418 4.414908 -0.081444
v 0.046164 4.427287 -0.071669
v 0.053024 4.444445 -0.058232
v 0.046923 4.461972 -0.044590
v 0.029096 4.475109 -0.034446
v 0.004213 4.480010 -0.030776
v -0.020638 4.475156 -0.034720
v -0.038378 4.462051 -0.045062
v -0.044360 4.444539 -0.058768
v -0.037387 4.427368 -0.072128
v -0.019556 4.414953 -0.081708
v 0.004602 4.428407 -0.110461
v 0.028569 4.432219 -0.105846
v 0.046298 4.442735 -0.093445
v 0.053136 4.457312 -0.076374
v 0.047012 4.472205 -0.059016
v 0.029168 4.483370 -0.046092
v 0.004278 4.487538 -0.041388
v -0.020566 4.483418 -0.046365
v -0.038289 4.472286 -0.059488
v -0.044248 4.457405 -0.076911
v -0.037253 4.442816 -0.093905
v -0.019406 4.432264 -0.106110
v 0.004738 4.450305 -0.131258
v 0.028700 4.453290 -0.125859
v 0.046416 4.461539 -0.111301
v 0.053233 4.472974 -0.091250
v 0.047089 4.484663 -0.070848
v 0.029233 4.493424 -0.055645
v 0.004335 4.496702 -0.050088
v -0.020506 4.493472 -0.055918
v -0.038212 4.484743 -0.071318
v -0.044151 4.473067 -0.091786
v -0.037137 4.461619 -0.111761
v -0.019276 4.453335 -0.126123
v 0.004846 4.475266 -0.146690
v 0.028806 4.477312 -0.140711
v 0.046509 4.482975 -0.124552
v 0.053310 4.490830 -0.102289
v 0.047152 4.498860 -0.079629
v 0.029281 4.504889 -0.062729
v 0.004380 4.507147 -0.056548
v -0.020454 4.504936 -0.063001
v -0.038152 4.498941 -0.080099
v -0.044073 4.490922 -0.102826
v -0.037044 4.483055 -0.125011
v -0.019173 4.477358 -0.140975
v 0.004924 4.502338 -0.156168
v 0.028882 4.503362 -0.149829
v 0.046576 4.506220 -0.132692
v 0.053366 4.510192 -0.109068
v 0.047196 4.514261 -0.085016
v 0.029311 4.517322 -0.067077
v 0.004413 4.518476 -0.060515
v -0.020412 4.517369 -0.067351
v -0.038106 4.514342 -0.085486
v -0.044017 4.510284 -0.109606
v -0.036977 4.506299 -0.133151
v -0.019099 4.503408 -0.150093
v 0.004968 4.530195 -0.159317
v 0.028933 4.530191 -0.152855
v 0.046629 4.530231 -0.135371
v 0.053399 4.530309 -0.111266
v 0.047188 4.530409 -0.086756
v 0.029290 4.530503 -0.068508
v 0.004432 4.530556 -0.061844
v -0.020350 4.530550 -0.068782
v -0.038049 4.530490 -0.087226
v -0.043988 4.530401 -0.111802
v -0.036955 4.530310 -0.135831
v -0.019066 4.530237 -0.153120
v 0.005129 4.719539 -0.155720
v 0.029070 4.718473 -0.149389
v 0.046754 4.715596 -0.132269
v 0.053553 4.711640 -0.108658
v 0.047406 4.707623 -0.084593
v 0.029523 4.704632 -0.066610
v 0.004586 4.703538 -0.060024
v -0.020273 4.704679 -0.066884
v -0.037953 4.707705 -0.085063
v -0.043826 4.711733 -0.109194
v -0.036762 4.715675 -0.132725
v -0.018883 4.718518 -0.149653
v 0.005101 4.746838 -0.146060
v 0.029056 4.744720 -0.140090
v 0.046749 4.738950 -0.123958
v 0.053536 4.730979 -0.101732
v 0.047362 4.722854 -0.079109
v 0.029480 4.716782 -0.062237
v 0.004575 4.714542 -0.056067
v -0.020255 4.716829 -0.062510
v -0.037941 4.722937 -0.079580
v -0.043848 4.731071 -0.102268
v -0.036804 4.739028 -0.124418
v -0.018921 4.744765 -0.140356
v 0.005039 4.771730 -0.130512
v 0.028996 4.768676 -0.125127
v 0.046696 4.760324 -0.110607
v 0.053492 4.748783 -0.090608
v 0.047326 4.737013 -0.070262
v 0.029455 4.728213 -0.055102
v 0.004549 4.724957 -0.049559
v -0.020287 4.728260 -0.055374
v -0.037975 4.737095 -0.070732
v -0.043892 4.748875 -0.091145
v -0.036857 4.760403 -0.111067
v -0.018980 4.768722 -0.125391
v 0.004945 4.793531 -0.109612
v 0.028902 4.789653 -0.105018
v 0.046613 4.779047 -0.092667
v 0.053424 4.764376 -0.075662
v 0.047273 4.749415 -0.058375
v 0.029409 4.738223 -0.045502
v 0.004510 4.734079 -0.040816
v -0.020328 4.738270 -0.045774
v -0.038030 4.749497 -0.058845
v -0.043959 4.764469 -0.076196
v -0.036936 4.779125 -0.093125
v -0.019068 4.789699 -0.105283
v 0.004822 4.811403 -0.084168
v 0.028782 4.806851 -0.080536
v 0.046506 4.794396 -0.070821
v 0.053336 4.777159 -0.057460
v 0.047203 4.759582 -0.043901
v 0.029352 4.746430 -0.033816
v 0.004458 4.741558 -0.030169
v -0.020383 4.746477 -0.034090
v -0.038100 4.759665 -0.044371
v -0.044047 4.777253 -0.057996
v -0.037040 4.794474 -0.071279
v -0.019185 4.806897 -0.080800
v 0.004675 4.824660 -0.055158
v 0.028641 4.819608 -0.052614
v 0.046380 4.805779 -0.045907
v 0.053231 4.786642 -0.036709
v 0.047118 4.767121 -0.027395
v 0.029282 4.752518 -0.020493
v 0.004397 4.747106 -0.018028
v -0.020450 4.752565 -0.020767
v -0.038182 4.767204 -0.027865
v -0.044153 4.786734 -0.037245
v -0.037168 4.805857 -0.046365
v -0.019328 4.819654 -0.052878
v 0.004509 4.832793 -0.023689
v 0.028482 4.827434 -0.022337
v 0.046240 4.812759 -0.018885
v 0.053112 4.792457 -0.014203
v 0.047023 4.771744 -0.009495
v 0.029205 4.756252 -0.006045
v 0.004327 4.750509 -0.004862
v -0.020524 4.756299 -0.006319
v -0.038276 4.771827 -0.009965
v -0.044271 4.792549 -0.014739
v -0.037311 4.812839 -0.019345
v -0.019487 4.827480 -0.022601
v 0.004332 4.835487 0.009021
v 0.028311 4.830027 0.009140
v 0.046087 4.815074 0.009204
v 0.052985 4.794384 0.009194
v 0.046922 4.773280 0.009111
v 0.029123 4.757488 0.008977
v 0.004253 4.751637 0.008826
v -0.020606 4.757535 0.008703
v -0.038377 4.773362 0.008642
v -0.044398 4.794477 0.008657
v -0.037463 4.815152 0.008743
v -0.019658 4.830073 0.008876
v 0.004149 4.832641 0.041718
v 0.028136 4.827288 0.040605
v 0.045930 4.812629 0.037281
v 0.052855 4.792348 0.032581
v 0.046818 4.771657 0.027710
v 0.029040 4.756183 0.023993
v 0.004176 4.750445 0.022509
v -0.020690 4.756230 0.023719
v -0.038480 4.771740 0.027241
v -0.044529 4.792441 0.032044
v -0.037620 4.812708 0.036821
v -0.019834 4.827334 0.040341
v 0.003968 4.824364 0.073149
v 0.027961 4.819322 0.070845
v 0.045773 4.805525 0.064270
v 0.052725 4.786429 0.055059
v 0.046716 4.766952 0.045589
v 0.028958 4.752382 0.038424
v 0.004101 4.746981 0.035658
v -0.020775 4.752429 0.038151
v -0.038584 4.767034 0.045119
v -0.044658 4.786521 0.054523
v -0.037774 4.805602 0.063808
v -0.020008 4.819368 0.070581
v 0.003796 4.810972 0.102097
v 0.027794 4.806436 0.098708
v 0.045625 4.794026 0.089131
v 0.052602 4.776851 0.075767
v 0.046619 4.759336 0.062060
v 0.028881 4.746232 0.051718
v 0.004029 4.741378 0.047774
v -0.020855 4.746279 0.051444
v -0.038683 4.759418 0.061590
v -0.044781 4.776943 0.075230
v -0.037921 4.794104 0.088670
v -0.020172 4.806482 0.098444
v 0.003639 4.792982 0.127457
v 0.027643 4.789126 0.123110
v 0.045491 4.778575 0.110909
v 0.052490 4.763983 0.093907
v 0.046530 4.749103 0.076486
v 0.028810 4.737971 0.063366
v 0.003963 4.733850 0.058387
v -0.020928 4.738018 0.063090
v -0.038773 4.749186 0.076016
v -0.044894 4.764075 0.093371
v -0.038057 4.778655 0.110449
v -0.020323 4.789172 0.122846
v 0.003504 4.771085 0.148256
v 0.027517 4.768055 0.143122
v 0.045377 4.759770 0.128761
v 0.052393 4.748321 0.108783
v 0.046452 4.736646 0.088316
v 0.028749 4.727917 0.072918
v 0.003906 4.724686 0.067087
v -0.020992 4.727963 0.072645
v -0.038849 4.736727 0.087847
v -0.044990 4.748413 0.108247
v -0.038175 4.759849 0.128299
v -0.020456 4.768100 0.142858
v 0.003395 4.746121 0.163688
v 0.027414 4.744031 0.157973
v 0.045284 4.738334 0.142011
v 0.052315 4.730465 0.119822
v 0.046391 4.722446 0.097097
v 0.028699 4.716453 0.080003
v 0.003861 4.714242 0.073547
v -0.021043 4.716500 0.079729
v -0.038912 4.722528 0.096631
v -0.045068 4.730558 0.119286
v -0.038269 4.738413 0.141549
v -0.020563 4.744077 0.157711
v 0.003316 4.718777 0.173222
v 0.027326 4.717740 0.167150
v 0.045198 4.714942 0.150212
v 0.052257 4.711094 0.126656
v 0.046377 4.707191 0.102517
v 0.028698 4.704283 0.084322
v 0.003829 4.703220 0.077452
v -0.021111 4.704330 0.084048
v -0.038986 4.707273 0.102049
v -0.045122 4.711186 0.126120
v -0.038318 4.715021 0.149749
v -0.020626 4.717786 0.166886
v 0.172672 4.814898 0.014445
v 0.166475 4.814993 -0.009591
v 0.149186 4.815147 -0.027478
v 0.125156 4.815327 -0.034511
v 0.100587 4.815487 -0.028573
v 0.082142 4.815583 -0.010882
v 0.075201 4.815577 0.013910
v 0.081868 4.815468 0.038774
v 0.100119 4.815290 0.056668
v 0.124620 4.815101 0.062875
v 0.148726 4.814953 0.056106
v 0.166210 4.814882 0.038410
v 0.169432 4.787051 0.014363
v 0.163361 4.788174 -0.009661
v 0.146429 4.791146 -0.027532
v 0.122891 4.795218 -0.034569
v 0.098797 4.799345 -0.028652
v 0.080668 4.802406 -0.010961
v 0.073833 4.803501 0.013874
v 0.080394 4.802291 0.038776
v 0.098328 4.799147 0.056653
v 0.122355 4.794991 0.062814
v 0.145966 4.790953 0.056021
v 0.163097 4.788063 0.038321
v 0.159866 4.760011 0.014247
v 0.154158 4.762154 -0.009770
v 0.138214 4.767927 -0.027632
v 0.116053 4.775877 -0.034651
v 0.093353 4.783963 -0.028717
v 0.076278 4.789989 -0.011015
v 0.069829 4.792186 0.013826
v 0.076004 4.789874 0.038725
v 0.092886 4.783765 0.056587
v 0.115514 4.775653 0.062732
v 0.137752 4.767735 0.055922
v 0.153894 4.762043 0.038208
v 0.144352 4.735100 0.014104
v 0.139228 4.738180 -0.009906
v 0.124894 4.746535 -0.027753
v 0.104954 4.758058 -0.034753
v 0.084525 4.769793 -0.028797
v 0.069156 4.778548 -0.011081
v 0.063335 4.781763 0.013766
v 0.068880 4.778433 0.038659
v 0.084055 4.769595 0.056504
v 0.104417 4.757833 0.062629
v 0.124432 4.746343 0.055798
v 0.138964 4.738069 0.038069
v 0.123484 4.713270 0.013939
v 0.119148 4.717175 -0.010063
v 0.106981 4.727789 -0.027895
v 0.090027 4.742445 -0.034872
v 0.072653 4.757375 -0.028891
v 0.059569 4.768524 -0.011155
v 0.054605 4.772626 0.013697
v 0.059294 4.768409 0.038579
v 0.072184 4.757176 0.056410
v 0.089491 4.742219 0.062511
v 0.106517 4.727596 0.055655
v 0.118884 4.717064 0.037908
v 0.098064 4.695362 0.013756
v 0.094688 4.699944 -0.010238
v 0.085150 4.712411 -0.028051
v 0.071844 4.729639 -0.035002
v 0.058193 4.747189 -0.028994
v 0.047896 4.760301 -0.011237
v 0.043968 4.765133 0.013621
v 0.047622 4.760185 0.038496
v 0.057725 4.746989 0.056306
v 0.071308 4.729413 0.062381
v 0.084688 4.712220 0.055499
v 0.094423 4.699831 0.037733
v 0.069070 4.682067 0.013567
v 0.066785 4.687147 -0.010421
v 0.060253 4.700994 -0.028215
v 0.051106 4.720128 -0.035138
v 0.041699 4.739625 -0.029102
v 0.034583 4.754195 -0.011326
v 0.031834 4.759570 0.013541
v 0.034309 4.754080 0.038410
v 0.041230 4.739426 0.056198
v 0.050570 4.719903 0.062245
v 0.059793 4.700803 0.055336
v 0.066520 4.687036 0.037548
v 0.037614 4.673892 0.013375
v 0.036519 4.679278 -0.010602
v 0.033243 4.693974 -0.028380
v 0.028608 4.714280 -0.035275
v 0.023806 4.734977 -0.029212
v 0.020138 4.750442 -0.011411
v 0.018673 4.756149 0.013461
v 0.019864 4.750327 0.038319
v 0.023336 4.734777 0.056088
v 0.028072 4.714054 0.062107
v 0.032782 4.693782 0.055171
v 0.036255 4.679167 0.037359
v 0.004908 4.671153 0.013188
v 0.005045 4.676641 -0.010780
v 0.005157 4.691622 -0.028540
v 0.005215 4.712320 -0.035409
v 0.005201 4.733418 -0.029318
v 0.005118 4.749185 -0.011495
v 0.004987 4.755002 0.013383
v 0.004844 4.749069 0.038231
v 0.004731 4.733220 0.055982
v 0.004678 4.712095 0.061974
v 0.004697 4.691430 0.055011
v 0.004781 4.676530 0.037180
v -0.027793 4.673954 0.013014
v -0.026423 4.679338 -0.010949
v -0.022924 4.694027 -0.028689
v -0.018175 4.714324 -0.035533
v -0.013400 4.735012 -0.029417
v -0.009900 4.750471 -0.011576
v -0.008697 4.756175 0.013310
v -0.010174 4.750355 0.038153
v -0.013870 4.734812 0.055884
v -0.018712 4.714099 0.061850
v -0.023384 4.693835 0.054861
v -0.026688 4.679227 0.037013
v -0.059234 4.682189 0.012860
v -0.056675 4.687264 -0.011101
v -0.049921 4.701100 -0.028822
v -0.040662 4.720216 -0.035643
v -0.031285 4.739695 -0.029504
v -0.024335 4.754251 -0.011649
v -0.021852 4.759621 0.013245
v -0.024609 4.754136 0.038084
v -0.031755 4.739495 0.055796
v -0.041198 4.719990 0.061739
v -0.050381 4.700908 0.054729
v -0.056939 4.687153 0.036868
v -0.088202 4.695539 0.012732
v -0.084553 4.700115 -0.011226
v -0.074796 4.712565 -0.028932
v -0.061382 4.729764 -0.035735
v -0.047765 4.747290 -0.029578
v -0.037638 4.760383 -0.011708
v -0.033975 4.765207 0.013192
v -0.037913 4.760267 0.038025
v -0.048237 4.747090 0.055723
v -0.061919 4.729540 0.061647
v -0.075255 4.712373 0.054619
v -0.084817 4.700003 0.036748
v -0.113589 4.713496 0.012633
v -0.108980 4.717392 -0.011321
v -0.096593 4.727983 -0.029016
v -0.079542 4.742606 -0.035806
v -0.062205 4.757503 -0.029634
v -0.049296 4.768628 -0.011755
v -0.044598 4.772721 0.013150
v -0.049570 4.768512 0.037980
v -0.062676 4.757305 0.055667
v -0.080079 4.742381 0.061577
v -0.097053 4.727791 0.054534
v -0.109244 4.717281 0.036653
v -0.134416 4.735365 0.012569
v -0.129022 4.738436 -0.011385
v -0.114474 4.746763 -0.029072
v -0.094440 4.758247 -0.035851
v -0.074054 4.769944 -0.029670
v -0.058863 4.778669 -0.011786
v -0.053311 4.781873 0.013124
v -0.059137 4.778554 0.037954
v -0.074524 4.769746 0.055631
v -0.094976 4.758022 0.061531
v -0.114935 4.746570 0.054479
v -0.129286 4.738324 0.036592
v -0.149883 4.760306 0.012542
v -0.143907 4.762437 -0.011411
v -0.127756 4.768180 -0.029097
v -0.105504 4.776088 -0.035871
v -0.082855 4.784130 -0.029688
v -0.065963 4.790124 -0.011797
v -0.059785 4.792309 0.013112
v -0.066235 4.790009 0.037938
v -0.083325 4.783933 0.055617
v -0.106040 4.775863 0.061511
v -0.128214 4.767988 0.054458
v -0.144171 4.762326 0.036567
v -0.159398 4.787364 0.012552
v -0.153061 4.788475 -0.011403
v -0.135928 4.791414 -0.029086
v -0.112309 4.795441 -0.035864
v -0.088263 4.799523 -0.029680
v -0.070328 4.802551 -0.011787
v -0.063768 4.803632 0.013116
v -0.070602 4.802436 0.037937
v -0.088733 4.799325 0.055621
v -0.112847 4.795216 0.061519
v -0.136386 4.791221 0.054466
v -0.153325 4.788364 0.036579
v -0.162586 4.815217 0.012599
v -0.156124 4.815300 -0.011367
v -0.138640 4.815421 -0.029063
v -0.114535 4.815555 -0.035831
v -0.090025 4.815669 -0.029621
v -0.071778 4.815730 -0.011722
v -0.065113 4.815711 0.013137
v -0.072051 4.815615 0.037918
v -0.090495 4.815472 0.055616
v -0.115072 4.815329 0.061555
v -0.139100 4.815228 0.054521
v -0.156388 4.815189 0.036633
v -0.159251 5.004565 0.013056
v -0.152918 5.003586 -0.010889
v -0.135794 5.000790 -0.028582
v -0.112177 4.996889 -0.035395
v -0.088107 4.992886 -0.029260
v -0.070120 4.989861 -0.011388
v -0.063532 4.988695 0.013546
v -0.070394 4.989745 0.038408
v -0.088577 4.992688 0.056098
v -0.112714 4.996664 0.061984
v -0.136250 5.000597 0.054932
v -0.153182 5.003475 0.037062
v -0.149628 5.031878 0.013172
v -0.143655 5.029845 -0.010791
v -0.127515 5.024156 -0.028503
v -0.105278 5.016237 -0.035314
v -0.082645 5.008123 -0.029168
v -0.065764 5.002017 -0.011305
v -0.059591 4.999704 0.013593
v -0.066036 5.001901 0.038430
v -0.083115 5.007927 0.056136
v -0.105815 5.016012 0.062069
v -0.127976 5.023961 0.055052
v -0.143921 5.029734 0.037187
v -0.134114 5.056790 0.013315
v -0.128726 5.053822 -0.010651
v -0.114194 5.045547 -0.028378
v -0.094179 5.034056 -0.035211
v -0.073817 5.022295 -0.029085
v -0.058644 5.013458 -0.011242
v -0.053097 5.010128 0.013653
v -0.058916 5.013342 0.038499
v -0.074287 5.022098 0.056216
v -0.094716 5.033830 0.062171
v -0.114654 5.045354 0.055173
v -0.128990 5.053711 0.037323
v -0.113245 5.078620 0.013480
v -0.108646 5.074826 -0.010490
v -0.096279 5.064295 -0.028236
v -0.079254 5.049670 -0.035093
v -0.061946 5.034713 -0.028990
v -0.049058 5.023480 -0.011164
v -0.044367 5.019262 0.013723
v -0.049330 5.023365 0.038573
v -0.062416 5.034517 0.056310
v -0.079789 5.049445 0.062290
v -0.096738 5.064100 0.055313
v -0.108910 5.074715 0.037481
v -0.087826 5.096527 0.013662
v -0.084187 5.092058 -0.010313
v -0.074455 5.079674 -0.028078
v -0.061070 5.062478 -0.034963
v -0.047487 5.044899 -0.028889
v -0.037384 5.031703 -0.011080
v -0.033730 5.026756 0.013798
v -0.037658 5.031588 0.038655
v -0.047957 5.044703 0.056415
v -0.061607 5.062253 0.062419
v -0.074913 5.079479 0.055469
v -0.084451 5.091947 0.037653
v -0.058834 5.109824 0.013852
v -0.056283 5.104853 -0.010130
v -0.049556 5.091092 -0.027915
v -0.040332 5.071989 -0.034827
v -0.030991 5.052461 -0.028779
v -0.024069 5.037810 -0.010991
v -0.021596 5.032320 0.013878
v -0.024343 5.037695 0.038742
v -0.031461 5.052266 0.056522
v -0.040868 5.071763 0.062556
v -0.050015 5.090896 0.055632
v -0.056547 5.104742 0.037839
v -0.027376 5.117999 0.014045
v -0.026017 5.112720 -0.009947
v -0.022544 5.098108 -0.027752
v -0.017834 5.077834 -0.034690
v -0.013098 5.057109 -0.028667
v -0.009627 5.041564 -0.010901
v -0.008435 5.035741 0.013959
v -0.009900 5.041448 0.038829
v -0.013568 5.056912 0.056629
v -0.018370 5.077608 0.062693
v -0.023004 5.097914 0.055799
v -0.026281 5.112609 0.038024
v 0.005330 5.120738 0.014231
v 0.005457 5.115355 -0.009767
v 0.005541 5.100461 -0.027591
v 0.005560 5.079794 -0.034556
v 0.005507 5.058670 -0.028563
v 0.005394 5.042820 -0.010815
v 0.005251 5.036887 0.014037
v 0.005120 5.042704 0.038914
v 0.005037 5.058473 0.056737
v 0.005023 5.079568 0.062826
v 0.005081 5.100266 0.055959
v 0.005193 5.115245 0.038201
v 0.038031 5.117936 0.014405
v 0.036926 5.112660 -0.009600
v 0.033622 5.098055 -0.027442
v 0.028950 5.077790 -0.034432
v 0.024108 5.057073 -0.028463
v 0.020412 5.041535 -0.010735
v 0.018936 5.035715 0.014109
v 0.020138 5.041420 0.038994
v 0.023638 5.056877 0.056834
v 0.028413 5.077564 0.062951
v 0.033162 5.097860 0.056108
v 0.036662 5.112549 0.038370
v 0.069473 5.109702 0.014559
v 0.067177 5.104735 -0.009450
v 0.060621 5.090987 -0.027308
v 0.051437 5.071901 -0.034322
v 0.041993 5.052392 -0.028377
v 0.034849 5.037754 -0.010666
v 0.032090 5.032268 0.014174
v 0.034575 5.037639 0.039067
v 0.041523 5.052195 0.056924
v 0.050900 5.071675 0.063061
v 0.060159 5.090791 0.056239
v 0.066912 5.104624 0.038518
v 0.098440 5.096350 0.014688
v 0.095057 5.091887 -0.009326
v 0.085498 5.079522 -0.027198
v 0.072157 5.062351 -0.034230
v 0.058475 5.044798 -0.028305
v 0.048151 5.031622 -0.010609
v 0.044213 5.026681 0.014228
v 0.047877 5.031507 0.039126
v 0.058005 5.044601 0.056997
v 0.071621 5.062126 0.063153
v 0.085036 5.079327 0.056349
v 0.094793 5.091776 0.038641
v 0.123825 5.078394 0.014786
v 0.119484 5.074610 -0.009232
v 0.107297 5.064101 -0.027113
v 0.090315 5.049508 -0.034159
v 0.072915 5.034585 -0.028248
v 0.059810 5.023377 -0.010564
v 0.054836 5.019168 0.014269
v 0.059534 5.023262 0.039173
v 0.072445 5.034389 0.057053
v 0.089779 5.049282 0.063223
v 0.106836 5.063908 0.056434
v 0.119219 5.074499 0.038735
v 0.144654 5.056525 0.014850
v 0.139524 5.053566 -0.009174
v 0.125175 5.045320 -0.027060
v 0.105213 5.033866 -0.034113
v 0.084762 5.022143 -0.028211
v 0.069376 5.013336 -0.010537
v 0.063549 5.010016 0.014296
v 0.069102 5.013220 0.039204
v 0.084292 5.021946 0.057089
v 0.104676 5.033640 0.063269
v 0.124712 5.045126 0.056491
v 0.139260 5.053455 0.038799
v 0.160121 5.031583 0.014878
v 0.154409 5.029563 -0.009149
v 0.138454 5.023902 -0.027038
v 0.116276 5.016026 -0.034094
v 0.093563 5.007956 -0.028197
v 0.076477 5.001882 -0.010524
v 0.070024 4.999580 0.014307
v 0.076203 5.001766 0.039217
v 0.093096 5.007760 0.057107
v 0.115740 5.015800 0.063289
v 0.137992 5.023708 0.056516
v 0.154146 5.029452 0.038829
v 0.169692 5.004252 0.014867
v 0.163622 5.003284 -0.009146
v 0.146688 5.000522 -0.027027
v 0.123138 4.996665 -0.034099
v 0.099004 4.992708 -0.028232
v 0.080812 4.989717 -0.010562
v 0.073944 4.988564 0.014303
v 0.080538 4.989602 0.039246
v 0.098535 4.992511 0.057130
v 0.122601 4.996439 0.063280
v 0.146225 5.000328 0.056489
v 0.163357 5.003174 0.038805
v 0.002579 3.952289 0.174601
v 0.026614 3.952315 0.168403
v 0.044502 3.952435 0.151116
v 0.051537 3.952624 0.127086
v 0.045598 3.952839 0.102516
v 0.027908 3.953017 0.084072
v 0.003117 3.953102 0.077130
v -0.021748 3.953064 0.083798
v -0.039643 3.952920 0.102049
v -0.045850 3.952717 0.126549
v -0.039083 3.952514 0.150655
v -0.021385 3.952361 0.168139
v 0.002571 3.924447 0.171323
v 0.026597 3.925500 0.165253
v 0.044479 3.928437 0.148325
v 0.051529 3.932519 0.124793
v 0.045625 3.936698 0.100704
v 0.027944 3.939842 0.082579
v 0.003113 3.941028 0.075746
v -0.021793 3.939890 0.082305
v -0.039681 3.936779 0.100236
v -0.045855 3.932611 0.124256
v -0.039075 3.928516 0.147862
v -0.021384 3.925546 0.164988
v 0.002598 3.897420 0.161719
v 0.026622 3.899493 0.156014
v 0.044502 3.905230 0.140078
v 0.051548 3.913188 0.117927
v 0.045640 3.921324 0.095238
v 0.027959 3.927431 0.078172
v 0.003124 3.929718 0.071726
v -0.021783 3.927478 0.077898
v -0.039665 3.921404 0.094772
v -0.045836 3.913281 0.117389
v -0.039051 3.905310 0.139616
v -0.021357 3.899538 0.155749
v 0.002660 3.872530 0.146171
v 0.026680 3.875539 0.141051
v 0.044554 3.883856 0.126728
v 0.051592 3.895383 0.106804
v 0.045674 3.907166 0.086391
v 0.027987 3.916000 0.071034
v 0.003150 3.919303 0.065218
v -0.021754 3.916047 0.070759
v -0.039628 3.907246 0.085922
v -0.045791 3.895476 0.106268
v -0.038997 3.883936 0.126266
v -0.021295 3.875584 0.140786
v 0.002755 3.850729 0.125273
v 0.026769 3.854561 0.120942
v 0.044634 3.865134 0.108789
v 0.051660 3.879790 0.091856
v 0.045727 3.894764 0.074502
v 0.028027 3.905989 0.061433
v 0.003190 3.910179 0.056475
v -0.021707 3.906036 0.061159
v -0.039574 3.894844 0.074034
v -0.045724 3.879883 0.091319
v -0.038915 3.865214 0.108325
v -0.021203 3.854607 0.120677
v 0.002878 3.832855 0.099827
v 0.026887 3.837363 0.096457
v 0.044740 3.849786 0.086937
v 0.051748 3.867009 0.073655
v 0.045797 3.884598 0.060028
v 0.028083 3.897781 0.049749
v 0.003241 3.902700 0.045828
v -0.021651 3.897829 0.049475
v -0.039504 3.884677 0.059561
v -0.045636 3.867101 0.073119
v -0.038810 3.849868 0.086475
v -0.021085 3.837408 0.096193
v 0.003025 3.819599 0.070816
v 0.027027 3.824605 0.068537
v 0.044867 3.838403 0.062024
v 0.051853 3.857527 0.052904
v 0.045880 3.877057 0.043524
v 0.028151 3.891694 0.036428
v 0.003303 3.897154 0.033687
v -0.021584 3.891741 0.036154
v -0.039420 3.877136 0.043054
v -0.045530 3.857620 0.052368
v -0.038684 3.838485 0.061564
v -0.020941 3.824650 0.068273
v 0.003190 3.811468 0.039348
v 0.027183 3.816777 0.038260
v 0.045009 3.831419 0.035004
v 0.051971 3.851709 0.030398
v 0.045974 3.872432 0.025624
v 0.028225 3.887960 0.021978
v 0.003372 3.893750 0.020520
v -0.021505 3.888008 0.021704
v -0.039325 3.872511 0.025154
v -0.045412 3.851802 0.029862
v -0.038541 3.831500 0.034544
v -0.020779 3.816823 0.037996
v 0.003368 3.808773 0.006638
v 0.027353 3.814183 0.006783
v 0.045161 3.829106 0.006916
v 0.052098 3.849782 0.007002
v 0.046075 3.870899 0.007017
v 0.028305 3.886724 0.006956
v 0.003446 3.892622 0.006833
v -0.021422 3.886771 0.006682
v -0.039224 3.870979 0.006548
v -0.045285 3.849874 0.006465
v -0.038389 3.829186 0.006456
v -0.020606 3.814229 0.006519
v 0.003551 3.811619 -0.026059
v 0.027530 3.816923 -0.024682
v 0.045318 3.831549 -0.021162
v 0.052229 3.851817 -0.016385
v 0.046179 3.872519 -0.011582
v 0.028390 3.888030 -0.008060
v 0.003523 3.893814 -0.006850
v -0.021340 3.888077 -0.008334
v -0.039120 3.872597 -0.012052
v -0.045154 3.851910 -0.016922
v -0.038232 3.831630 -0.021622
v -0.020432 3.816968 -0.024946
v 0.003731 3.819896 -0.057488
v 0.027708 3.824891 -0.054922
v 0.045474 3.838659 -0.048149
v 0.052359 3.857739 -0.038864
v 0.046282 3.877225 -0.029460
v 0.028475 3.891830 -0.022490
v 0.003599 3.897277 -0.020000
v -0.021259 3.891877 -0.022764
v -0.039018 3.877305 -0.029930
v -0.045025 3.857832 -0.039400
v -0.038077 3.838740 -0.048609
v -0.020261 3.824936 -0.055186
v 0.003904 3.833286 -0.086438
v 0.027876 3.837779 -0.082783
v 0.045622 3.850158 -0.073009
v 0.052482 3.867316 -0.059571
v 0.046381 3.884843 -0.045929
v 0.028554 3.897980 -0.035785
v 0.003671 3.902881 -0.032115
v -0.021179 3.898027 -0.036059
v -0.038920 3.884922 -0.046401
v -0.044902 3.867410 -0.060107
v -0.037929 3.850238 -0.073467
v -0.020098 3.837824 -0.083047
v 0.004060 3.851278 -0.111800
v 0.028027 3.855090 -0.107185
v 0.045756 3.865606 -0.094784
v 0.052594 3.880183 -0.077714
v 0.046470 3.895076 -0.060355
v 0.028627 3.906241 -0.047431
v 0.003736 3.910409 -0.042728
v -0.021108 3.906288 -0.047705
v -0.038831 3.895156 -0.060827
v -0.044789 3.880276 -0.078250
v -0.037795 3.865687 -0.095245
v -0.019948 3.855135 -0.107449
v 0.004196 3.873176 -0.132597
v 0.028159 3.876160 -0.127198
v 0.045874 3.884410 -0.112640
v 0.052691 3.895845 -0.092589
v 0.046547 3.907533 -0.072187
v 0.028691 3.916295 -0.056984
v 0.003793 3.919572 -0.051428
v -0.021048 3.916343 -0.057257
v -0.038754 3.907614 -0.072657
v -0.044693 3.895937 -0.093125
v -0.037679 3.884490 -0.113100
v -0.019818 3.876206 -0.127463
v 0.004305 3.898137 -0.148029
v 0.028264 3.900183 -0.142050
v 0.045967 3.905846 -0.125892
v 0.052769 3.913701 -0.103629
v 0.046611 3.921731 -0.080969
v 0.028739 3.927760 -0.064068
v 0.003838 3.930018 -0.057887
v -0.020996 3.927807 -0.064340
v -0.038694 3.921813 -0.081439
v -0.044615 3.913793 -0.104165
v -0.037586 3.905926 -0.126350
v -0.019715 3.900228 -0.142314
v 0.004382 3.925209 -0.157507
v 0.028340 3.926233 -0.151168
v 0.046034 3.929091 -0.134031
v 0.052824 3.933063 -0.110407
v 0.046654 3.937131 -0.086355
v 0.028769 3.940193 -0.068416
v 0.003871 3.941346 -0.061855
v -0.020954 3.940240 -0.068690
v -0.038648 3.937213 -0.086825
v -0.044559 3.933155 -0.110945
v -0.037519 3.929170 -0.134490
v -0.019641 3.926279 -0.151432
v 0.004426 3.953065 -0.160657
v 0.028392 3.953062 -0.154194
v 0.046088 3.953101 -0.136710
v 0.052857 3.953179 -0.112605
v 0.046646 3.953280 -0.088095
v 0.028748 3.953373 -0.069848
v 0.003890 3.953427 -0.063183
v -0.020892 3.953421 -0.070121
v -0.038591 3.953361 -0.088565
v -0.044530 3.953272 -0.113142
v -0.037497 3.953181 -0.137170
v -0.019608 3.953108 -0.154459
v 0.004587 4.142410 -0.157060
v 0.028528 4.141344 -0.150728
v 0.046212 4.138467 -0.133608
v 0.053012 4.134511 -0.109997
v 0.046864 4.130494 -0.085932
v 0.028981 4.127502 -0.067950
v 0.004044 4.126409 -0.061363
v -0.020815 4.127549 -0.068224
v -0.038495 4.130576 -0.086402
v -0.044368 4.134604 -0.110533
v -0.037304 4.138546 -0.134064
v -0.019424 4.141389 -0.150992
v 0.004559 4.169709 -0.147399
v 0.028514 4.167590 -0.141430
v 0.046208 4.161820 -0.125298
v 0.052994 4.153850 -0.103071
v 0.046820 4.145725 -0.080449
v 0.028938 4.139653 -0.063577
v 0.004033 4.137413 -0.057406
v -0.020797 4.139700 -0.063849
v -0.038483 4.145807 -0.080919
v -0.044390 4.153942 -0.103608
v -0.037346 4.161900 -0.125758
v -0.019463 4.167636 -0.141695
v 0.004498 4.194601 -0.131851
v 0.028454 4.191546 -0.126467
v 0.046154 4.183195 -0.111947
v 0.052950 4.171653 -0.091947
v 0.046784 4.159883 -0.071602
v 0.028913 4.151084 -0.056441
v 0.004007 4.147827 -0.050898
v -0.020828 4.151131 -0.056713
v -0.038517 4.159966 -0.072072
v -0.044434 4.171745 -0.092484
v -0.037398 4.183274 -0.112406
v -0.019521 4.191592 -0.126731
v 0.004403 4.216402 -0.110951
v 0.028360 4.212523 -0.106358
v 0.046071 4.201917 -0.094006
v 0.052882 4.187247 -0.077001
v 0.046731 4.172286 -0.059714
v 0.028867 4.161094 -0.046841
v 0.003968 4.156950 -0.042156
v -0.020870 4.161141 -0.047113
v -0.038572 4.172369 -0.060184
v -0.044501 4.187340 -0.077536
v -0.037478 4.201996 -0.094464
v -0.019610 4.212569 -0.106622
v 0.004280 4.234274 -0.085508
v 0.028240 4.229722 -0.081875
v 0.045964 4.217267 -0.072160
v 0.052794 4.200030 -0.058799
v 0.046661 4.182453 -0.045241
v 0.028810 4.169301 -0.035156
v 0.003916 4.164429 -0.031508
v -0.020925 4.169348 -0.035429
v -0.038642 4.182535 -0.045710
v -0.044589 4.200123 -0.059336
v -0.037582 4.217345 -0.072619
v -0.019727 4.229768 -0.082139
v 0.004133 4.247531 -0.056497
v 0.028099 4.242479 -0.053953
v 0.045838 4.228651 -0.047246
v 0.052689 4.209513 -0.038048
v 0.046576 4.189991 -0.028734
v 0.028741 4.175389 -0.021832
v 0.003855 4.169977 -0.019367
v -0.020991 4.175436 -0.022106
v -0.038724 4.190075 -0.029204
v -0.044695 4.209605 -0.038584
v -0.037709 4.228728 -0.047704
v -0.019870 4.242525 -0.054217
v 0.003967 4.255663 -0.025029
v 0.027940 4.250305 -0.023676
v 0.045698 4.235630 -0.020224
v 0.052570 4.215327 -0.015542
v 0.046481 4.194615 -0.010834
v 0.028663 4.179123 -0.007385
v 0.003785 4.173379 -0.006201
v -0.021066 4.179170 -0.007658
v -0.038817 4.194697 -0.011304
v -0.044813 4.215419 -0.016078
v -0.037852 4.235709 -0.020684
v -0.020029 4.250350 -0.023940
v 0.003790 4.258358 0.007682
v 0.027770 4.252898 0.007801
v 0.045546 4.237945 0.007864
v 0.052443 4.217255 0.007854
v 0.046381 4.196151 0.007772
v 0.028581 4.180359 0.007638
v 0.003711 4.174507 0.007487
v -0.021147 4.180406 0.007364
v -0.038919 4.196233 0.007302
v -0.044940 4.217347 0.007318
v -0.038005 4.238022 0.007404
v -0.020199 4.252944 0.007537
v 0.003607 4.255512 0.040379
v 0.027594 4.250159 0.039266
v 0.045388 4.235500 0.035942
v 0.052313 4.215219 0.031242
v 0.046276 4.194528 0.026371
v 0.028498 4.179053 0.022653
v 0.003635 4.173316 0.021170
v -0.021232 4.179101 0.022380
v -0.039022 4.194612 0.025902
v -0.045071 4.215312 0.030705
v -0.038162 4.235579 0.035482
v -0.020375 4.250205 0.039002
v 0.003426 4.247234 0.071810
v 0.027419 4.242193 0.069506
v 0.045231 4.228395 0.062931
v 0.052183 4.209300 0.053720
v 0.046174 4.189823 0.044250
v 0.028417 4.175253 0.037085
v 0.003559 4.169852 0.034319
v -0.021316 4.175300 0.036811
v -0.039126 4.189905 0.043780
v -0.045200 4.209392 0.053184
v -0.038316 4.228473 0.062469
v -0.020550 4.242239 0.069242
v 0.003254 4.233843 0.100758
v 0.027252 4.229307 0.097369
v 0.045083 4.216897 0.087792
v 0.052060 4.199721 0.074428
v 0.046077 4.182207 0.060721
v 0.028339 4.169103 0.050379
v 0.003487 4.164248 0.046435
v -0.021397 4.169150 0.050105
v -0.039225 4.182289 0.060251
v -0.045323 4.199814 0.073891
v -0.038463 4.216975 0.087330
v -0.020714 4.229353 0.097104
v 0.003097 4.215853 0.126118
v 0.027102 4.211997 0.121771
v 0.044949 4.201446 0.109569
v 0.051948 4.186853 0.092568
v 0.045988 4.171973 0.075147
v 0.028268 4.160842 0.062026
v 0.003421 4.156720 0.057048
v -0.021470 4.160889 0.061751
v -0.039314 4.172056 0.074677
v -0.045435 4.186946 0.092032
v -0.038598 4.201526 0.109109
v -0.020864 4.212042 0.121507
v 0.002962 4.193955 0.146917
v 0.026975 4.190926 0.141783
v 0.044835 4.182641 0.127421
v 0.051851 4.171191 0.107444
v 0.045911 4.159516 0.086977
v 0.028208 4.150787 0.071579
v 0.003365 4.147557 0.065748
v -0.021534 4.150835 0.071305
v -0.039391 4.159598 0.086507
v -0.045532 4.171284 0.106907
v -0.038717 4.182719 0.126960
v -0.020998 4.190971 0.141519
v 0.002853 4.168992 0.162349
v 0.026872 4.166902 0.156634
v 0.044743 4.161205 0.140672
v 0.051774 4.153336 0.118483
v 0.045849 4.145317 0.095758
v 0.028158 4.139323 0.078664
v 0.003319 4.137113 0.072208
v -0.021585 4.139370 0.078390
v -0.039454 4.145399 0.095292
v -0.045610 4.153429 0.117947
v -0.038811 4.161283 0.140209
v -0.021105 4.166947 0.156371
v 0.002775 4.141648 0.171883
v 0.026784 4.140611 0.165810
v 0.044656 4.137813 0.148873
v 0.051716 4.133965 0.125317
v 0.045835 4.130061 0.101178
v 0.028156 4.127153 0.082983
v 0.003287 4.126091 0.076113
v -0.021653 4.127201 0.082708
v -0.039528 4.130143 0.100709
v -0.045664 4.134058 0.124781
v -0.038860 4.137892 0.148410
v -0.021168 4.140656 0.165546
v 0.172131 4.237768 0.013106
v 0.165933 4.237864 -0.010930
v 0.148645 4.238018 -0.028818
v 0.124615 4.238197 -0.035850
v 0.100045 4.238358 -0.029912
v 0.081600 4.238453 -0.012221
v 0.074659 4.238448 0.012570
v 0.081327 4.238338 0.037435
v 0.099577 4.238161 0.055329
v 0.124078 4.237972 0.061535
v 0.148184 4.237824 0.054767
v 0.165668 4.237752 0.037071
v 0.168890 4.209922 0.013023
v 0.162819 4.211045 -0.011000
v 0.145887 4.214016 -0.028871
v 0.122349 4.218089 -0.035908
v 0.098255 4.222216 -0.029991
v 0.080126 4.225277 -0.012300
v 0.073291 4.226372 0.012535
v 0.079852 4.225162 0.037437
v 0.097787 4.222017 0.055314
v 0.121813 4.217863 0.061475
v 0.145424 4.213823 0.054682
v 0.162555 4.210934 0.036982
v 0.159324 4.182882 0.012908
v 0.153616 4.185025 -0.011109
v 0.137672 4.190798 -0.028971
v 0.115511 4.198748 -0.035990
v 0.092811 4.206834 -0.030056
v 0.075736 4.212859 -0.012355
v 0.069287 4.215057 0.012487
v 0.075462 4.212744 0.037386
v 0.092344 4.206636 0.055248
v 0.114973 4.198524 0.061392
v 0.137210 4.190606 0.054583
v 0.153352 4.184914 0.036869
v 0.143811 4.157970 0.012765
v 0.138686 4.161051 -0.011245
v 0.124352 4.169406 -0.029092
v 0.104412 4.180929 -0.036093
v 0.083983 4.192664 -0.030136
v 0.068614 4.201419 -0.012421
v 0.062793 4.204633 0.012427
v 0.068338 4.201303 0.037320
v 0.083513 4.192466 0.055165
v 0.103875 4.180703 0.061290
v 0.123890 4.169213 0.054458
v 0.138422 4.160939 0.036730
v 0.122942 4.136141 0.012600
v 0.118606 4.140045 -0.011402
v 0.106439 4.150660 -0.029234
v 0.089485 4.165316 -0.036211
v 0.072111 4.180245 -0.030230
v 0.059027 4.191395 -0.012494
v 0.054063 4.195497 0.012357
v 0.058752 4.191279 0.037240
v 0.071642 4.180048 0.055070
v 0.088949 4.165091 0.061172
v 0.105975 4.150467 0.054316
v 0.118342 4.139935 0.036568
v 0.097522 4.118232 0.012416
v 0.094146 4.122814 -0.011577
v 0.084608 4.135283 -0.029390
v 0.071303 4.152509 -0.036341
v 0.057652 4.170060 -0.030334
v 0.047354 4.183171 -0.012576
v 0.043426 4.188004 0.012282
v 0.047080 4.183056 0.037157
v 0.057183 4.169860 0.054967
v 0.070766 4.152284 0.061042
v 0.084146 4.135091 0.054160
v 0.093881 4.122703 0.036394
v 0.068529 4.104938 0.012228
v 0.066243 4.110018 -0.011760
v 0.059711 4.123865 -0.029554
v 0.050564 4.142999 -0.036477
v 0.041158 4.162496 -0.030442
v 0.034041 4.177065 -0.012665
v 0.031293 4.182441 0.012202
v 0.033767 4.176950 0.037071
v 0.040688 4.162296 0.054859
v 0.050028 4.142774 0.060905
v 0.059251 4.123674 0.053997
v 0.065979 4.109907 0.036209
v 0.037073 4.096763 0.012035
v 0.035977 4.102149 -0.011942
v 0.032701 4.116845 -0.029719
v 0.028067 4.137151 -0.036615
v 0.023264 4.157847 -0.030551
v 0.019596 4.173313 -0.012750
v 0.018131 4.179019 0.012121
v 0.019323 4.173198 0.036979
v 0.022794 4.157648 0.054749
v 0.027530 4.136925 0.060768
v 0.032241 4.116652 0.053832
v 0.035713 4.102038 0.036020
v 0.004366 4.094024 0.011849
v 0.004503 4.099512 -0.012119
v 0.004615 4.114493 -0.029879
v 0.004673 4.135191 -0.036748
v 0.004659 4.156289 -0.030657
v 0.004576 4.172055 -0.012834
v 0.004445 4.177872 0.012043
v 0.004302 4.171940 0.036892
v 0.004190 4.156091 0.054643
v 0.004136 4.134965 0.060635
v 0.004155 4.114300 0.053671
v 0.004239 4.099401 0.035840
v -0.028335 4.096825 0.011675
v -0.026965 4.102209 -0.012288
v -0.023465 4.116898 -0.030028
v -0.018717 4.137195 -0.036872
v -0.013942 4.157883 -0.030756
v -0.010441 4.173341 -0.012915
v -0.009239 4.179046 0.011971
v -0.010715 4.173226 0.036814
v -0.014412 4.157683 0.054544
v -0.019253 4.136970 0.060510
v -0.023926 4.116706 0.053522
v -0.027230 4.102098 0.035673
v -0.059776 4.105060 0.011521
v -0.057216 4.110135 -0.012440
v -0.050462 4.123971 -0.030161
v -0.041204 4.143086 -0.036982
v -0.031827 4.162566 -0.030844
v -0.024877 4.177122 -0.012988
v -0.022394 4.182491 0.011906
v -0.025151 4.177007 0.036745
v -0.032297 4.162366 0.054457
v -0.041740 4.142861 0.060400
v -0.050923 4.123779 0.053390
v -0.057480 4.110024 0.035529
v -0.088744 4.118410 0.011392
v -0.085095 4.122985 -0.012566
v -0.075338 4.135436 -0.030271
v -0.061924 4.152635 -0.037075
v -0.048307 4.170161 -0.030917
v -0.038180 4.183253 -0.013047
v -0.034517 4.188078 0.011852
v -0.038454 4.183138 0.036686
v -0.048778 4.169961 0.054384
v -0.062461 4.152411 0.060308
v -0.075797 4.135243 0.053279
v -0.085359 4.122874 0.035409
v -0.114131 4.136367 0.011294
v -0.109521 4.140263 -0.012660
v -0.097135 4.150854 -0.030356
v -0.080084 4.165477 -0.037145
v -0.062747 4.180374 -0.030973
v -0.049838 4.191498 -0.013094
v -0.045140 4.195591 0.011811
v -0.050111 4.191383 0.036641
v -0.063218 4.180175 0.054328
v -0.080621 4.165252 0.060238
v -0.097595 4.150662 0.053195
v -0.109786 4.140152 0.035314
v -0.134958 4.158237 0.011230
v -0.129563 4.161306 -0.012724
v -0.115016 4.169633 -0.030411
v -0.094982 4.181118 -0.037191
v -0.074596 4.192815 -0.031009
v -0.059404 4.201540 -0.013126
v -0.053853 4.204743 0.011784
v -0.059678 4.201425 0.036615
v -0.075066 4.192616 0.054291
v -0.095518 4.180893 0.060192
v -0.115477 4.169441 0.053140
v -0.129828 4.161195 0.035252
v -0.150425 4.183177 0.011202
v -0.144448 4.185308 -0.012750
v -0.128298 4.191051 -0.030436
v -0.106045 4.198959 -0.037210
v -0.083397 4.207001 -0.031027
v -0.066505 4.212995 -0.013136
v -0.060327 4.215180 0.011773
v -0.066777 4.212880 0.036599
v -0.083867 4.206803 0.054277
v -0.106582 4.198734 0.060172
v -0.128756 4.190858 0.053118
v -0.144713 4.185197 0.035228
v -0.159940 4.210235 0.011213
v -0.153603 4.211346 -0.012742
v -0.136469 4.214285 -0.030426
v -0.112851 4.218312 -0.037203
v -0.088805 4.222394 -0.031019
v -0.070870 4.225421 -0.013126
v -0.064310 4.226503 0.011777
v -0.071144 4.225307 0.036598
v -0.089275 4.222196 0.054282
v -0.113389 4.218086 0.060180
v -0.136928 4.214092 0.053127
v -0.153867 4.211235 0.035239
v -0.163128 4.238087 0.011260
v -0.156666 4.238171 -0.012706
v -0.139182 4.238292 -0.030403
v -0.115077 4.238425 -0.037170
v -0.090567 4.238540 -0.030960
v -0.072320 4.238600 -0.013061
v -0.065655 4.238582 0.011798
v -0.072593 4.238485 0.036578
v -0.091037 4.238342 0.054277
v -0.115613 4.238200 0.060216
v -0.139642 4.238099 0.053182
v -0.156930 4.238060 0.035294
v -0.159793 4.427436 0.011716
v -0.153460 4.426457 -0.012228
v -0.136335 4.423661 -0.029922
v -0.112719 4.419760 -0.036734
v -0.088649 4.415756 -0.030599
v -0.070662 4.412731 -0.012727
v -0.064074 4.411566 0.012207
v -0.070936 4.412616 0.037068
v -0.089119 4.415559 0.054759
v -0.113256 4.419534 0.060645
v -0.136792 4.423468 0.053593
v -0.153724 4.426346 0.035723
v -0.150170 4.454748 0.011833
v -0.144197 4.452716 -0.012130
v -0.128057 4.447026 -0.029842
v -0.105820 4.439108 -0.036653
v -0.083186 4.430995 -0.030507
v -0.066306 4.424888 -0.012644
v -0.060132 4.422575 0.012254
v -0.066578 4.424772 0.037090
v -0.083656 4.430798 0.054797
v -0.106357 4.438883 0.060730
v -0.128518 4.446832 0.053712
v -0.144463 4.452605 0.035848
v -0.134656 4.479661 0.011976
v -0.129267 4.476692 -0.011990
v -0.114736 4.468418 -0.029718
v -0.094721 4.456927 -0.036551
v -0.074359 4.445165 -0.030424
v -0.059186 4.436329 -0.012581
v -0.053639 4.432998 0.012314
v -0.059458 4.436213 0.037160
v -0.074829 4.444968 0.054877
v -0.095257 4.456701 0.060832
v -0.115196 4.468225 0.053834
v -0.129532 4.476582 0.035984
v -0.113786 4.501491 0.012141
v -0.109188 4.497697 -0.011829
v -0.096821 4.487165 -0.029575
v -0.079796 4.472541 -0.036432
v -0.062488 4.457583 -0.030330
v -0.049600 4.446352 -0.012503
v -0.044909 4.442133 0.012383
v -0.049872 4.446236 0.037234
v -0.062958 4.457388 0.054971
v -0.080331 4.472315 0.060950
v -0.097280 4.486971 0.053974
v -0.109452 4.497586 0.036142
v -0.088368 4.519397 0.012323
v -0.084729 4.514929 -0.011652
v -0.074997 4.502545 -0.029417
v -0.061612 4.485349 -0.036302
v -0.048029 4.467770 -0.030228
v -0.037926 4.454574 -0.012419
v -0.034272 4.449626 0.012459
v -0.038200 4.454459 0.037315
v -0.048499 4.467574 0.055076
v -0.062148 4.485124 0.061080
v -0.075455 4.502349 0.054129
v -0.084993 4.514818 0.036314
v -0.059376 4.532694 0.012513
v -0.056824 4.527723 -0.011469
v -0.050098 4.513962 -0.029254
v -0.040874 4.494860 -0.036166
v -0.031533 4.475332 -0.030118
v -0.024611 4.460680 -0.012330
v -0.022138 4.455191 0.012539
v -0.024885 4.460566 0.037403
v -0.032003 4.475136 0.055183
v -0.041410 4.494634 0.061216
v -0.050557 4.513766 0.054293
v -0.057088 4.527613 0.036499
v -0.027918 4.540869 0.012706
v -0.026558 4.535591 -0.011286
v -0.023086 4.520979 -0.029091
v -0.018376 4.500705 -0.036029
v -0.013639 4.479980 -0.030007
v -0.010168 4.464434 -0.012240
v -0.008977 4.458611 0.012619
v -0.010442 4.464319 0.037489
v -0.014110 4.479784 0.055290
v -0.018912 4.500479 0.061354
v -0.023546 4.520784 0.054460
v -0.026823 4.535480 0.036684
v 0.004788 4.543609 0.012892
v 0.004915 4.538227 -0.011107
v 0.004999 4.523331 -0.028931
v 0.005018 4.502665 -0.035895
v 0.004965 4.481541 -0.029902
v 0.004852 4.465691 -0.012154
v 0.004710 4.459757 0.012697
v 0.004578 4.465575 0.037575
v 0.004495 4.481344 0.055398
v 0.004481 4.502439 0.061487
v 0.004539 4.523136 0.054620
v 0.004651 4.538116 0.036862
v 0.037489 4.540807 0.013066
v 0.036384 4.535531 -0.010939
v 0.033080 4.520926 -0.028781
v 0.028408 4.500661 -0.035771
v 0.023566 4.479943 -0.029802
v 0.019870 4.464406 -0.012075
v 0.018394 4.458585 0.012770
v 0.019596 4.464291 0.037655
v 0.023097 4.479748 0.055495
v 0.027871 4.500435 0.061611
v 0.032620 4.520731 0.054769
v 0.036120 4.535420 0.037031
v 0.068932 4.532572 0.013220
v 0.066635 4.527606 -0.010789
v 0.060079 4.513857 -0.028647
v 0.050895 4.494772 -0.035661
v 0.041451 4.475263 -0.029716
v 0.034307 4.460625 -0.012006
v 0.031548 4.455139 0.012835
v 0.034033 4.460509 0.037727
v 0.040981 4.475066 0.055584
v 0.050358 4.494546 0.061722
v 0.059617 4.513662 0.054900
v 0.066371 4.527495 0.037179
v 0.097898 4.519220 0.013349
v 0.094515 4.514758 -0.010666
v 0.084956 4.502393 -0.028537
v 0.071615 4.485222 -0.035569
v 0.057933 4.467669 -0.029644
v 0.047609 4.454493 -0.011948
v 0.043672 4.449553 0.012888
v 0.047335 4.454378 0.037786
v 0.057463 4.467473 0.055658
v 0.071079 4.484996 0.061814
v 0.084494 4.502198 0.055010
v 0.094251 4.514647 0.037301
v 0.123284 4.501265 0.013447
v 0.118942 4.497481 -0.010571
v 0.106755 4.486972 -0.028452
v 0.089774 4.472379 -0.035499
v 0.072373 4.457455 -0.029587
v 0.059268 4.446248 -0.011903
v 0.054295 4.442039 0.012930
v 0.058992 4.446133 0.037833
v 0.071903 4.457259 0.055714
v 0.089237 4.472153 0.061884
v 0.106294 4.486778 0.055095
v 0.118678 4.497370 0.037396
v 0.144112 4.479396 0.013511
v 0.138982 4.476437 -0.010513
v 0.124633 4.468191 -0.028399
v 0.104671 4.456737 -0.035453
v 0.084220 4.445014 -0.029551
v 0.068834 4.436206 -0.011876
v 0.063007 4.432887 0.012956
v 0.068561 4.436091 0.037865
v 0.083750 4.444818 0.055750
v 0.104134 4.456511 0.061930
v 0.124171 4.467997 0.055152
v 0.138718 4.476326 0.037460
v 0.159579 4.454453 0.013538
v 0.153867 4.452434 -0.010488
v 0.137912 4.446774 -0.028377
v 0.115735 4.438897 -0.035433
v 0.093021 4.430827 -0.029537
v 0.075935 4.424752 -0.011863
v 0.069482 4.422451 0.012968
v 0.075661 4.424637 0.037877
v 0.092554 4.430631 0.055768
v 0.115198 4.438671 0.061950
v 0.137450 4.446579 0.055177
v 0.153604 4.452323 0.037490
v 0.169151 4.427123 0.013528
v 0.163080 4.426156 -0.010485
v 0.146146 4.423392 -0.028366
v 0.122596 4.419535 -0.035438
v 0.098462 4.415579 -0.029571
v 0.080271 4.412588 -0.011901
v 0.073402 4.411436 0.012964
v 0.079996 4.412473 0.037907
v 0.097993 4.415382 0.055791
v 0.122059 4.419309 0.061941
v 0.145683 4.423199 0.055150
v 0.162816 4.426044 0.037466
v 0.002038 3.375160 0.173262
v 0.026073 3.375185 0.167064
v 0.043960 3.375305 0.149776
v 0.050995 3.375495 0.125746
v 0.045056 3.375709 0.101177
v 0.027366 3.375887 0.082732
v 0.002575 3.375972 0.075791
v -0.022290 3.375935 0.082459
v -0.040185 3.375790 0.100709
v -0.046392 3.375587 0.125210
v -0.039625 3.375385 0.149316
v -0.021927 3.375231 0.166800
v 0.002029 3.347318 0.169983
v 0.026055 3.348371 0.163913
v 0.043937 3.351307 0.146986
v 0.050987 3.355389 0.123453
v 0.045083 3.359569 0.099364
v 0.027402 3.362713 0.081240
v 0.002571 3.363898 0.074407
v -0.022335 3.362760 0.080966
v -0.040223 3.359649 0.098896
v -0.046397 3.355481 0.122917
v -0.039617 3.351387 0.146522
v -0.021926 3.348416 0.163649
v 0.002056 3.320291 0.160380
v 0.026080 3.322363 0.154674
v 0.043960 3.328100 0.138738
v 0.051006 3.336058 0.116588
v 0.045098 3.344194 0.093899
v 0.027417 3.350301 0.076833
v 0.002583 3.352588 0.070387
v -0.022325 3.350348 0.076559
v -0.040207 3.344275 0.093433
v -0.046377 3.336151 0.116050
v -0.039593 3.328181 0.138277
v -0.021898 3.322409 0.154410
v 0.002118 3.295400 0.144832
v 0.026138 3.298410 0.139711
v 0.044013 3.306726 0.125389
v 0.051050 3.318254 0.105465
v 0.045132 3.330036 0.085052
v 0.027445 3.338870 0.069695
v 0.002609 3.342174 0.063879
v -0.022295 3.338917 0.069420
v -0.040170 3.330117 0.084583
v -0.046333 3.318346 0.104928
v -0.039539 3.306806 0.124927
v -0.021837 3.298455 0.139447
v 0.002213 3.273599 0.123933
v 0.026227 3.277431 0.119603
v 0.044092 3.288004 0.107450
v 0.051118 3.302661 0.090516
v 0.045185 3.317634 0.073163
v 0.027485 3.328859 0.060094
v 0.002648 3.333049 0.055136
v -0.022249 3.328907 0.059820
v -0.040116 3.317714 0.072694
v -0.046265 3.302753 0.089980
v -0.039457 3.288085 0.106986
v -0.021745 3.277478 0.119338
v 0.002336 3.255725 0.098488
v 0.026346 3.260233 0.095118
v 0.044198 3.272656 0.085598
v 0.051206 3.289879 0.072316
v 0.045255 3.307468 0.058689
v 0.027541 3.320652 0.048410
v 0.002700 3.325571 0.044489
v -0.022193 3.320699 0.048136
v -0.040046 3.307547 0.058221
v -0.046177 3.289972 0.071780
v -0.039352 3.272738 0.085136
v -0.021626 3.260278 0.094854
v 0.002483 3.242470 0.069477
v 0.026486 3.247475 0.067198
v 0.044325 3.261273 0.060685
v 0.051311 3.280397 0.051565
v 0.045338 3.299927 0.042185
v 0.027609 3.314564 0.035088
v 0.002761 3.320024 0.032348
v -0.022126 3.314611 0.034814
v -0.039962 3.300006 0.041715
v -0.046072 3.280490 0.051028
v -0.039226 3.261355 0.060225
v -0.021483 3.247521 0.066934
v 0.002648 3.234338 0.038009
v 0.026641 3.239648 0.036921
v 0.044467 3.254290 0.033665
v 0.051430 3.274580 0.029059
v 0.045432 3.295303 0.024285
v 0.027683 3.310831 0.020639
v 0.002830 3.316621 0.019181
v -0.022047 3.310878 0.020365
v -0.039867 3.295382 0.023815
v -0.045954 3.274672 0.028523
v -0.039083 3.254371 0.033205
v -0.021321 3.239693 0.036657
v 0.002826 3.231644 0.005299
v 0.026811 3.237053 0.005444
v 0.044620 3.251976 0.005576
v 0.051557 3.272652 0.005663
v 0.045534 3.293769 0.005678
v 0.027763 3.309594 0.005617
v 0.002905 3.315492 0.005494
v -0.021964 3.309641 0.005343
v -0.039766 3.293850 0.005208
v -0.045827 3.272744 0.005126
v -0.038931 3.252057 0.005116
v -0.021148 3.237099 0.005180
v 0.003009 3.234490 -0.027398
v 0.026988 3.239793 -0.026021
v 0.044776 3.254420 -0.022501
v 0.051687 3.274688 -0.017725
v 0.045637 3.295389 -0.012921
v 0.027848 3.310900 -0.009399
v 0.002981 3.316684 -0.008189
v -0.021882 3.310948 -0.009673
v -0.039662 3.295468 -0.013391
v -0.045696 3.274781 -0.018261
v -0.038774 3.254501 -0.022961
v -0.020974 3.239839 -0.026285
v 0.003190 3.242767 -0.058827
v 0.027166 3.247761 -0.056261
v 0.044932 3.261529 -0.049489
v 0.051817 3.280610 -0.040203
v 0.045741 3.300096 -0.030799
v 0.027933 3.314701 -0.023829
v 0.003057 3.320148 -0.021339
v -0.021801 3.314748 -0.024103
v -0.039560 3.300175 -0.031269
v -0.045567 3.280702 -0.040740
v -0.038619 3.261610 -0.049948
v -0.020803 3.247807 -0.056525
v 0.003362 3.256156 -0.087777
v 0.027334 3.260649 -0.084122
v 0.045080 3.273028 -0.074348
v 0.051940 3.290186 -0.060911
v 0.045839 3.307714 -0.047269
v 0.028012 3.320850 -0.037124
v 0.003129 3.325751 -0.033454
v -0.021721 3.320898 -0.037398
v -0.039462 3.307792 -0.047740
v -0.045443 3.290280 -0.061447
v -0.038471 3.273109 -0.074806
v -0.020640 3.260694 -0.084386
v 0.003519 3.274148 -0.113139
v 0.027486 3.277960 -0.108524
v 0.045215 3.288476 -0.096124
v 0.052052 3.303053 -0.079053
v 0.045929 3.317947 -0.061695
v 0.028085 3.329111 -0.048770
v 0.003195 3.333279 -0.044067
v -0.021649 3.329159 -0.049044
v -0.039373 3.318027 -0.062166
v -0.045331 3.303146 -0.079589
v -0.038336 3.288557 -0.096584
v -0.020490 3.278006 -0.108789
v 0.003654 3.296046 -0.133936
v 0.027617 3.299031 -0.128538
v 0.045332 3.307280 -0.113979
v 0.052149 3.318715 -0.093928
v 0.046006 3.330404 -0.073527
v 0.028150 3.339166 -0.058323
v 0.003251 3.342443 -0.052767
v -0.021590 3.339214 -0.058597
v -0.039296 3.330484 -0.073996
v -0.045234 3.318808 -0.094465
v -0.038221 3.307361 -0.114439
v -0.020360 3.299076 -0.128802
v 0.003763 3.321008 -0.149368
v 0.027722 3.323053 -0.143389
v 0.045426 3.328716 -0.127231
v 0.052227 3.336571 -0.104968
v 0.046069 3.344602 -0.082308
v 0.028198 3.350630 -0.065408
v 0.003297 3.352888 -0.059227
v -0.021537 3.350678 -0.065680
v -0.039235 3.344683 -0.082778
v -0.045157 3.336664 -0.105504
v -0.038128 3.328796 -0.127689
v -0.020256 3.323099 -0.143653
v 0.003841 3.348079 -0.158847
v 0.027798 3.349103 -0.152507
v 0.045492 3.351961 -0.135371
v 0.052282 3.355933 -0.111746
v 0.046112 3.360002 -0.087695
v 0.028228 3.363063 -0.069755
v 0.003329 3.364217 -0.063194
v -0.021496 3.363111 -0.070029
v -0.039190 3.360083 -0.088165
v -0.045101 3.356026 -0.112284
v -0.038061 3.352041 -0.135829
v -0.020183 3.349149 -0.152772
v 0.003885 3.375936 -0.161996
v 0.027850 3.375932 -0.155534
v 0.045546 3.375971 -0.138049
v 0.052315 3.376050 -0.113945
v 0.046105 3.376150 -0.089435
v 0.028206 3.376244 -0.071187
v 0.003348 3.376297 -0.064522
v -0.021434 3.376291 -0.071460
v -0.039133 3.376231 -0.089904
v -0.045071 3.376143 -0.114481
v -0.038039 3.376051 -0.138510
v -0.020150 3.375978 -0.155798
v 0.004045 3.565280 -0.158399
v 0.027986 3.564214 -0.152067
v 0.045670 3.561337 -0.134947
v 0.052470 3.557381 -0.111336
v 0.046322 3.553364 -0.087271
v 0.028439 3.550373 -0.069289
v 0.003503 3.549279 -0.062702
v -0.021356 3.550420 -0.069563
v -0.039037 3.553446 -0.087741
v -0.044910 3.557474 -0.111872
v -0.037845 3.561417 -0.135404
v -0.019966 3.564260 -0.152331
v 0.004018 3.592579 -0.148738
v 0.027973 3.590461 -0.142769
v 0.045666 3.584691 -0.126637
v 0.052452 3.576720 -0.104410
v 0.046279 3.568595 -0.081788
v 0.028396 3.562523 -0.064916
v 0.003491 3.560283 -0.058745
v -0.021339 3.562570 -0.065188
v -0.039025 3.568678 -0.082258
v -0.044931 3.576813 -0.104947
v -0.037888 3.584770 -0.127097
v -0.020005 3.590506 -0.143035
v 0.003956 3.617471 -0.133190
v 0.027912 3.614417 -0.127806
v 0.045612 3.606065 -0.113286
v 0.052408 3.594524 -0.093287
v 0.046242 3.582754 -0.072941
v 0.028371 3.573955 -0.057780
v 0.003465 3.570698 -0.052237
v -0.021370 3.574001 -0.058052
v -0.039059 3.582836 -0.073411
v -0.044976 3.594616 -0.093823
v -0.037940 3.606144 -0.113746
v -0.020063 3.614463 -0.128070
v 0.003861 3.639272 -0.112290
v 0.027818 3.635394 -0.107697
v 0.045530 3.624788 -0.095345
v 0.052340 3.610117 -0.078340
v 0.046189 3.595156 -0.061053
v 0.028325 3.583964 -0.048180
v 0.003426 3.579821 -0.043495
v -0.021412 3.584012 -0.048453
v -0.039113 3.595239 -0.061523
v -0.045043 3.610210 -0.078875
v -0.038020 3.624866 -0.095803
v -0.020151 3.635440 -0.107961
v 0.003738 3.657144 -0.086847
v 0.027698 3.652592 -0.083214
v 0.045423 3.640138 -0.073500
v 0.052252 3.622900 -0.060139
v 0.046119 3.605323 -0.046580
v 0.028268 3.592171 -0.036495
v 0.003374 3.587300 -0.032847
v -0.021467 3.592218 -0.036768
v -0.039184 3.605406 -0.047050
v -0.045131 3.622994 -0.060675
v -0.038124 3.640215 -0.073958
v -0.020269 3.652638 -0.083478
v 0.003591 3.670402 -0.057837
v 0.027557 3.665349 -0.055292
v 0.045297 3.651521 -0.048585
v 0.052147 3.632383 -0.039387
v 0.046034 3.612862 -0.030074
v 0.028199 3.598259 -0.023171
v 0.003313 3.592847 -0.020706
v -0.021533 3.598307 -0.023445
v -0.039266 3.612945 -0.030543
v -0.045236 3.632475 -0.039923
v -0.038251 3.651598 -0.049043
v -0.020411 3.665395 -0.055556
v 0.003426 3.678534 -0.026368
v 0.027399 3.673175 -0.025015
v 0.045156 3.658501 -0.021563
v 0.052029 3.638198 -0.016881
v 0.045939 3.617485 -0.012173
v 0.028122 3.601993 -0.008724
v 0.003244 3.596250 -0.007540
v -0.021608 3.602041 -0.008998
v -0.039359 3.617568 -0.012643
v -0.045355 3.638290 -0.017417
v -0.038394 3.658580 -0.022023
v -0.020570 3.673221 -0.025280
v 0.003248 3.681228 0.006342
v 0.027228 3.675768 0.006462
v 0.045004 3.660815 0.006525
v 0.051902 3.640126 0.006515
v 0.045839 3.619021 0.006433
v 0.028040 3.603230 0.006298
v 0.003169 3.597378 0.006148
v -0.021689 3.603276 0.006024
v -0.039461 3.619103 0.005963
v -0.045482 3.640217 0.005979
v -0.038547 3.660893 0.006065
v -0.020741 3.675814 0.006198
v 0.003065 3.678382 0.039040
v 0.027052 3.673029 0.037927
v 0.044847 3.658371 0.034603
v 0.051771 3.638090 0.029902
v 0.045734 3.617399 0.025032
v 0.027956 3.601924 0.021314
v 0.003093 3.596187 0.019830
v -0.021774 3.601971 0.021041
v -0.039564 3.617482 0.024563
v -0.045612 3.638182 0.029366
v -0.038704 3.658449 0.034142
v -0.020917 3.673075 0.037663
v 0.002884 3.670105 0.070470
v 0.026877 3.665063 0.068167
v 0.044689 3.651266 0.061592
v 0.051642 3.632171 0.052381
v 0.045632 3.612693 0.042910
v 0.027875 3.598123 0.035746
v 0.003017 3.592722 0.032980
v -0.021858 3.598171 0.035472
v -0.039667 3.612775 0.042441
v -0.045742 3.632263 0.051845
v -0.038858 3.651343 0.061130
v -0.021092 3.665109 0.067903
v 0.002712 3.656713 0.099419
v 0.026710 3.652178 0.096029
v 0.044541 3.639767 0.086453
v 0.051518 3.622592 0.073088
v 0.045535 3.605078 0.059381
v 0.027797 3.591973 0.049040
v 0.002945 3.587119 0.045096
v -0.021938 3.592021 0.048766
v -0.039767 3.605160 0.058912
v -0.045865 3.622684 0.072552
v -0.039005 3.639845 0.085991
v -0.021255 3.652223 0.095765
v 0.002555 3.638723 0.124779
v 0.026560 3.634867 0.120432
v 0.044408 3.624316 0.108230
v 0.051406 3.609724 0.091229
v 0.045446 3.594844 0.073807
v 0.027726 3.583712 0.060687
v 0.002879 3.579591 0.055708
v -0.022011 3.583760 0.060412
v -0.039856 3.594927 0.073338
v -0.045977 3.609817 0.090693
v -0.039140 3.624396 0.107770
v -0.021406 3.634913 0.120168
v 0.002420 3.616826 0.145578
v 0.026433 3.613796 0.140443
v 0.044293 3.605511 0.126082
v 0.051309 3.594062 0.106104
v 0.045369 3.582387 0.085638
v 0.027666 3.573658 0.070240
v 0.002823 3.570427 0.064409
v -0.022076 3.573705 0.069966
v -0.039933 3.582469 0.085168
v -0.046074 3.594154 0.105568
v -0.039259 3.605590 0.125620
v -0.021540 3.613842 0.140179
v 0.002311 3.591862 0.161010
v 0.026331 3.589772 0.155295
v 0.044201 3.584075 0.139332
v 0.051232 3.576206 0.117144
v 0.045308 3.568187 0.094419
v 0.027616 3.562194 0.077325
v 0.002777 3.559983 0.070868
v -0.022126 3.562241 0.077051
v -0.039996 3.568270 0.093953
v -0.046152 3.576299 0.116607
v -0.039353 3.584154 0.138870
v -0.021647 3.589818 0.155032
v 0.002233 3.564518 0.170544
v 0.026242 3.563481 0.164471
v 0.044114 3.560683 0.147534
v 0.051174 3.556836 0.123978
v 0.045293 3.552932 0.099839
v 0.027614 3.550024 0.081643
v 0.002745 3.548962 0.074774
v -0.022195 3.550071 0.081369
v -0.040070 3.553014 0.099370
v -0.046206 3.556928 0.123442
v -0.039402 3.560763 0.147071
v -0.021710 3.563527 0.164207
v 0.171589 3.660639 0.011767
v 0.165391 3.660734 -0.012269
v 0.148103 3.660888 -0.030157
v 0.124073 3.661068 -0.037190
v 0.099504 3.661229 -0.031251
v 0.081058 3.661324 -0.013560
v 0.074117 3.661318 0.011231
v 0.080785 3.661209 0.036096
v 0.099035 3.661031 0.053990
v 0.123536 3.660842 0.060196
v 0.147642 3.660695 0.053428
v 0.165127 3.660623 0.035731
v 0.168349 3.632792 0.011684
v 0.162277 3.633915 -0.012339
v 0.145346 3.636887 -0.030210
v 0.121808 3.640959 -0.037247
v 0.097713 3.645086 -0.031330
v 0.079584 3.648147 -0.013639
v 0.072749 3.649242 0.011196
v 0.079310 3.648032 0.036097
v 0.097245 3.644888 0.053974
v 0.121271 3.640733 0.060136
v 0.144882 3.636694 0.053343
v 0.162013 3.633804 0.035643
v 0.158782 3.605752 0.011569
v 0.153074 3.607895 -0.012448
v 0.137130 3.613668 -0.030311
v 0.114969 3.621619 -0.037329
v 0.092269 3.629704 -0.031396
v 0.075194 3.635730 -0.013694
v 0.068745 3.637927 0.011147
v 0.074920 3.635615 0.036047
v 0.091802 3.629506 0.053909
v 0.114431 3.621394 0.060053
v 0.136668 3.613476 0.053244
v 0.152810 3.607784 0.035530
v 0.143269 3.580841 0.011426
v 0.138145 3.583921 -0.012584
v 0.123810 3.592276 -0.030432
v 0.103870 3.603799 -0.037432
v 0.083442 3.615534 -0.031475
v 0.068072 3.624289 -0.013760
v 0.062251 3.627504 0.011088
v 0.067797 3.624174 0.035981
v 0.082972 3.615336 0.053825
v 0.103333 3.603574 0.059951
v 0.123348 3.592084 0.053119
v 0.137880 3.583810 0.035390
v 0.122400 3.559011 0.011260
v 0.118064 3.562916 -0.012741
v 0.105897 3.573530 -0.030574
v 0.088943 3.588186 -0.037550
v 0.071569 3.603116 -0.031569
v 0.058485 3.614265 -0.013834
v 0.053521 3.618368 0.011018
v 0.058211 3.614150 0.035901
v 0.071101 3.602918 0.053731
v 0.088407 3.587961 0.059832
v 0.105433 3.573337 0.052977
v 0.117800 3.562805 0.035229
v 0.096980 3.541103 0.011077
v 0.093604 3.545685 -0.012916
v 0.084066 3.558153 -0.030730
v 0.070761 3.575380 -0.037680
v 0.057110 3.592930 -0.031673
v 0.046812 3.606042 -0.013915
v 0.042884 3.610874 0.010942
v 0.046538 3.605927 0.035818
v 0.056642 3.592731 0.053628
v 0.070224 3.575154 0.059703
v 0.083604 3.557961 0.052821
v 0.093340 3.545573 0.035055
v 0.067987 3.527808 0.010888
v 0.065701 3.532888 -0.013099
v 0.059169 3.546736 -0.030893
v 0.050023 3.565869 -0.037816
v 0.040616 3.585366 -0.031781
v 0.033499 3.599936 -0.014005
v 0.030751 3.605311 0.010863
v 0.033225 3.599821 0.035732
v 0.040146 3.585167 0.053520
v 0.049486 3.565644 0.059566
v 0.058709 3.546544 0.052657
v 0.065437 3.532777 0.034869
v 0.036531 3.519634 0.010696
v 0.035435 3.525019 -0.013281
v 0.032159 3.539715 -0.031058
v 0.027525 3.560021 -0.037954
v 0.022722 3.580718 -0.031890
v 0.019055 3.596183 -0.014089
v 0.017589 3.601890 0.010782
v 0.018781 3.596068 0.035640
v 0.022252 3.580518 0.053410
v 0.026988 3.559796 0.059429
v 0.031699 3.539523 0.052492
v 0.035171 3.524908 0.034681
v 0.003824 3.516894 0.010510
v 0.003962 3.522382 -0.013458
v 0.004074 3.537364 -0.031218
v 0.004131 3.558062 -0.038087
v 0.004118 3.579159 -0.031996
v 0.004035 3.594926 -0.014173
v 0.003903 3.600743 0.010704
v 0.003761 3.594810 0.035552
v 0.003648 3.578961 0.053304
v 0.003595 3.557836 0.059295
v 0.003613 3.537171 0.052332
v 0.003697 3.522271 0.034501
v -0.028877 3.519696 0.010336
v -0.027507 3.525079 -0.013627
v -0.024007 3.539769 -0.031368
v -0.019259 3.560066 -0.038211
v -0.014484 3.580753 -0.032095
v -0.010983 3.596212 -0.014255
v -0.009781 3.601916 0.010631
v -0.011257 3.596097 0.035475
v -0.014954 3.580554 0.053205
v -0.019795 3.559840 0.059171
v -0.024468 3.539577 0.052183
v -0.027772 3.524968 0.034334
v -0.060317 3.527930 0.010182
v -0.057758 3.533006 -0.013779
v -0.051004 3.546841 -0.031500
v -0.041746 3.565957 -0.038322
v -0.032369 3.585436 -0.032183
v -0.025419 3.599992 -0.014327
v -0.022936 3.605362 0.010567
v -0.025693 3.599877 0.035406
v -0.032839 3.585236 0.053118
v -0.042282 3.565731 0.059061
v -0.051465 3.546649 0.052051
v -0.058022 3.532895 0.034190
v -0.089286 3.541280 0.010053
v -0.085637 3.545856 -0.013905
v -0.075880 3.558306 -0.031610
v -0.062466 3.575505 -0.038414
v -0.048848 3.593031 -0.032256
v -0.038722 3.606124 -0.014386
v -0.035059 3.610949 0.010513
v -0.038996 3.606009 0.035347
v -0.049320 3.592831 0.053044
v -0.063002 3.575281 0.058969
v -0.076338 3.558114 0.051940
v -0.085901 3.545744 0.034069
v -0.114673 3.559237 0.009955
v -0.110063 3.563133 -0.014000
v -0.097677 3.573725 -0.031695
v -0.080626 3.588347 -0.038484
v -0.063289 3.603244 -0.032312
v -0.050379 3.614369 -0.014433
v -0.045682 3.618462 0.010472
v -0.050653 3.614254 0.035302
v -0.063760 3.603046 0.052989
v -0.081163 3.588122 0.058899
v -0.098137 3.573532 0.051856
v -0.110327 3.563022 0.033975
v -0.135500 3.581107 0.009891
v -0.130105 3.584177 -0.014063
v -0.115558 3.592504 -0.031750
v -0.095523 3.603989 -0.038530
v -0.075138 3.615685 -0.032349
v -0.059946 3.624410 -0.014465
v -0.054395 3.627614 0.010445
v -0.060220 3.624295 0.035276
v -0.075608 3.615487 0.052952
v -0.096060 3.603763 0.058853
v -0.116018 3.592311 0.051801
v -0.130370 3.584065 0.033913
v -0.150966 3.606047 0.009863
v -0.144990 3.608179 -0.014090
v -0.128839 3.613922 -0.031775
v -0.106587 3.621830 -0.038550
v -0.083938 3.629871 -0.032366
v -0.067047 3.635865 -0.014475
v -0.060869 3.638051 0.010434
v -0.067319 3.635750 0.035259
v -0.084409 3.629674 0.052938
v -0.107124 3.621604 0.058833
v -0.129298 3.613729 0.051779
v -0.145254 3.608068 0.033888
v -0.160482 3.633105 0.009873
v -0.154144 3.634217 -0.014081
v -0.137011 3.637156 -0.031765
v -0.113393 3.641182 -0.038542
v -0.089347 3.645264 -0.032358
v -0.071411 3.648292 -0.014465
v -0.064852 3.649373 0.010438
v -0.071685 3.648177 0.035259
v -0.089817 3.645067 0.052942
v -0.113931 3.640957 0.058840
v -0.137470 3.636962 0.051788
v -0.154409 3.634105 0.033900
v -0.163670 3.660958 0.009920
v -0.157208 3.661041 -0.014046
v -0.139723 3.661162 -0.031742
v -0.115618 3.661296 -0.038510
v -0.091109 3.661410 -0.032299
v -0.072861 3.661471 -0.014401
v -0.066197 3.661452 0.010459
v -0.073135 3.661356 0.035239
v -0.091578 3.661213 0.052938
v -0.116155 3.661070 0.058876
v -0.140184 3.660969 0.051843
v -0.157472 3.660930 0.033955
v -0.160334 3.850306 0.010377
v -0.154001 3.849327 -0.013567
v -0.136877 3.846532 -0.031261
v -0.113261 3.842630 -0.038073
v -0.089191 3.838627 -0.031938
v -0.071204 3.835602 -0.014066
v -0.064616 3.834436 0.010868
v -0.071478 3.835486 0.035729
v -0.089661 3.838430 0.053419
v -0.113798 3.842405 0.059306
v -0.137334 3.846338 0.052253
v -0.154265 3.849216 0.034384
v -0.150712 3.877619 0.010493
v -0.144739 3.875587 -0.013469
v -0.128599 3.869897 -0.031181
v -0.106362 3.861979 -0.037992
v -0.083728 3.853865 -0.031846
v -0.066848 3.847758 -0.013984
v -0.060674 3.845445 0.010915
v -0.067120 3.847642 0.035751
v -0.084198 3.853668 0.053458
v -0.106898 3.861753 0.059390
v -0.129059 3.869702 0.052373
v -0.145005 3.875475 0.034509
v -0.135198 3.902532 0.010637
v -0.129809 3.899563 -0.013329
v -0.115278 3.891289 -0.031057
v -0.095263 3.879797 -0.037890
v -0.074901 3.868036 -0.031763
v -0.059727 3.859200 -0.013920
v -0.054181 3.855869 0.010975
v -0.060000 3.859083 0.035821
v -0.075371 3.867839 0.053538
v -0.095799 3.879571 0.059493
v -0.115738 3.891095 0.052494
v -0.130074 3.899452 0.034645
v -0.114328 3.924361 0.010802
v -0.109729 3.920567 -0.013168
v -0.097363 3.910036 -0.030914
v -0.080338 3.895411 -0.037772
v -0.063030 3.880454 -0.031669
v -0.050142 3.869222 -0.013842
v -0.045451 3.865003 0.011044
v -0.050414 3.869107 0.035895
v -0.063500 3.880258 0.053632
v -0.080873 3.895186 0.059611
v -0.097821 3.909842 0.052635
v -0.109994 3.920456 0.034802
v -0.088909 3.942268 0.010984
v -0.085271 3.937799 -0.012992
v -0.075538 3.925416 -0.030757
v -0.062154 3.908219 -0.037642
v -0.048571 3.890641 -0.031567
v -0.038468 3.877445 -0.013759
v -0.034813 3.872497 0.011120
v -0.038741 3.877329 0.035976
v -0.049041 3.890445 0.053737
v -0.062690 3.907995 0.059741
v -0.075997 3.925220 0.052790
v -0.085535 3.937688 0.034975
v -0.059918 3.955565 0.011174
v -0.057366 3.950594 -0.012808
v -0.050640 3.936833 -0.030593
v -0.041415 3.917730 -0.037505
v -0.032075 3.898202 -0.031457
v -0.025152 3.883551 -0.013669
v -0.022680 3.878061 0.011200
v -0.025426 3.883436 0.036064
v -0.032545 3.898007 0.053843
v -0.041952 3.917504 0.059877
v -0.051098 3.936637 0.052954
v -0.057631 3.950483 0.035160
v -0.028460 3.963740 0.011366
v -0.027100 3.958461 -0.012625
v -0.023628 3.943850 -0.030430
v -0.018917 3.923576 -0.037368
v -0.014181 3.902850 -0.031346
v -0.010710 3.887305 -0.013579
v -0.009519 3.881482 0.011280
v -0.010984 3.887189 0.036150
v -0.014651 3.902654 0.053951
v -0.019454 3.923349 0.060015
v -0.024088 3.943655 0.053121
v -0.027364 3.958350 0.035345
v 0.004246 3.966479 0.011553
v 0.004373 3.961097 -0.012446
v 0.004457 3.946202 -0.030270
v 0.004476 3.925535 -0.037235
v 0.004423 3.904411 -0.031242
v 0.004310 3.888561 -0.013493
v 0.004168 3.882628 0.011358
v 0.004036 3.888445 0.036236
v 0.003953 3.904214 0.054059
v 0.003940 3.925309 0.060148
v 0.003997 3.946007 0.053281
v 0.004109 3.960987 0.035523
v 0.036948 3.963677 0.011726
v 0.035842 3.958401 -0.012279
v 0.032538 3.943796 -0.030121
v 0.027866 3.923531 -0.037110
v 0.023024 3.902814 -0.031141
v 0.019328 3.887276 -0.013414
v 0.017852 3.881456 0.011431
v 0.019054 3.887161 0.036316
v 0.022555 3.902619 0.054156
v 0.027330 3.923306 0.060272
v 0.032078 3.943602 0.053430
v 0.035578 3.958290 0.035692
v 0.068390 3.955442 0.011881
v 0.066093 3.950477 -0.012129
v 0.059537 3.936728 -0.029986
v 0.050353 3.917643 -0.037000
v 0.040909 3.898133 -0.031055
v 0.033765 3.883495 -0.013345
v 0.031006 3.878009 0.011495
v 0.033491 3.883380 0.036388
v 0.040440 3.897936 0.054245
v 0.049816 3.917417 0.060383
v 0.059075 3.936532 0.053561
v 0.065829 3.950366 0.035840
v 0.097357 3.942091 0.012009
v 0.093974 3.937629 -0.012005
v 0.084414 3.925263 -0.029876
v 0.071073 3.908092 -0.036908
v 0.057391 3.890540 -0.030984
v 0.047067 3.877363 -0.013288
v 0.043130 3.872423 0.011549
v 0.046793 3.877248 0.036447
v 0.056921 3.890343 0.054319
v 0.070537 3.907867 0.060475
v 0.083952 3.925068 0.053671
v 0.093709 3.937518 0.035962
v 0.122742 3.924135 0.012108
v 0.118400 3.920352 -0.011910
v 0.106213 3.909842 -0.029792
v 0.089232 3.895249 -0.036838
v 0.071831 3.880326 -0.030926
v 0.058726 3.869118 -0.013242
v 0.053753 3.864909 0.011590
v 0.058450 3.869003 0.036494
v 0.071361 3.880130 0.054374
v 0.088695 3.895024 0.060545
v 0.105753 3.909649 0.053755
v 0.118136 3.920241 0.036057
v 0.143571 3.902266 0.012172
v 0.138440 3.899308 -0.011852
v 0.124091 3.891061 -0.029739
v 0.104129 3.879607 -0.036792
v 0.083678 3.867885 -0.030890
v 0.068293 3.859077 -0.013215
v 0.062466 3.855757 0.011617
v 0.068019 3.858962 0.036526
v 0.083209 3.867688 0.054411
v 0.103592 3.879382 0.060591
v 0.123629 3.890867 0.053812
v 0.138176 3.899197 0.036120
v 0.159037 3.877324 0.012199
v 0.153325 3.875304 -0.011828
v 0.137370 3.869644 -0.029717
v 0.115193 3.861767 -0.036772
v 0.092479 3.853697 -0.030876
v 0.075393 3.847622 -0.013202
v 0.068940 3.845322 0.011629
v 0.075119 3.847507 0.036538
v 0.092013 3.853501 0.054428
v 0.114656 3.861542 0.060610
v 0.136908 3.869450 0.053838
v 0.153063 3.875193 0.036150
v 0.168609 3.849993 0.012189
v 0.162538 3.849026 -0.011824
v 0.145604 3.846263 -0.029705
v 0.122054 3.842406 -0.036777
v 0.097920 3.838449 -0.030910
v 0.079729 3.835459 -0.013240
v 0.072860 3.834306 0.011625
v 0.079455 3.835343 0.036568
v 0.097451 3.838252 0.054452
v 0.121517 3.842180 0.060601
v 0.145141 3.846069 0.053810
v 0.162274 3.848915 0.036127
v 0.001496 2.798030 0.171923
v 0.025531 2.798056 0.165725
v 0.043418 2.798176 0.148437
v 0.050453 2.798365 0.124407
v 0.044515 2.798579 0.099838
v 0.026824 2.798758 0.081393
v 0.002033 2.798843 0.074452
v -0.022831 2.798805 0.081120
v -0.040727 2.798661 0.099370
v -0.046934 2.798458 0.123871
v -0.040166 2.798255 0.147977
v -0.022469 2.798101 0.165461
v 0.001487 2.770188 0.168644
v 0.025513 2.771241 0.162574
v 0.043395 2.774178 0.145647
v 0.050445 2.778260 0.122114
v 0.044541 2.782439 0.098025
v 0.026861 2.785583 0.079901
v 0.002029 2.786768 0.073067
v -0.022877 2.785630 0.079627
v -0.040764 2.782520 0.097557
v -0.046939 2.778352 0.121578
v -0.040158 2.774257 0.145183
v -0.022468 2.771287 0.162310
v 0.001514 2.743161 0.159040
v 0.025538 2.745234 0.153335
v 0.043419 2.750971 0.137399
v 0.050465 2.758929 0.115249
v 0.044556 2.767065 0.092560
v 0.026875 2.773171 0.075494
v 0.002041 2.775459 0.069048
v -0.022867 2.773219 0.075220
v -0.040748 2.767145 0.092094
v -0.046919 2.759022 0.114711
v -0.040135 2.751051 0.136937
v -0.022440 2.745279 0.153071
v 0.001576 2.718271 0.143493
v 0.025596 2.721280 0.138372
v 0.043471 2.729596 0.124050
v 0.050509 2.741124 0.104125
v 0.044590 2.752907 0.083713
v 0.026903 2.761740 0.068356
v 0.002067 2.765044 0.062540
v -0.022837 2.761788 0.068080
v -0.040711 2.752987 0.083243
v -0.046875 2.741217 0.103589
v -0.040081 2.729677 0.123588
v -0.022379 2.721325 0.138108
v 0.001671 2.696470 0.122594
v 0.025685 2.700302 0.118263
v 0.043550 2.710875 0.106110
v 0.050576 2.725531 0.089177
v 0.044644 2.740505 0.071823
v 0.026943 2.751729 0.058755
v 0.002106 2.755920 0.053797
v -0.022791 2.751777 0.058481
v -0.040658 2.740585 0.071355
v -0.046807 2.725624 0.088641
v -0.039999 2.710955 0.105647
v -0.022287 2.700348 0.117999
v 0.001794 2.678596 0.097149
v 0.025804 2.683104 0.093779
v 0.043657 2.695527 0.084258
v 0.050664 2.712749 0.070977
v 0.044713 2.730339 0.057350
v 0.026999 2.743522 0.047071
v 0.002158 2.748441 0.043150
v -0.022734 2.743569 0.046797
v -0.040587 2.730417 0.056882
v -0.046719 2.712842 0.070441
v -0.039894 2.695609 0.083797
v -0.022168 2.683149 0.093515
v 0.001941 2.665340 0.068137
v 0.025944 2.670346 0.065858
v 0.043783 2.684144 0.059346
v 0.050769 2.703268 0.050226
v 0.044797 2.722797 0.040845
v 0.027067 2.737434 0.033749
v 0.002219 2.742895 0.031009
v -0.022668 2.737482 0.033475
v -0.040504 2.722876 0.040376
v -0.046614 2.703360 0.049689
v -0.039767 2.684226 0.058886
v -0.022025 2.670391 0.065594
v 0.002107 2.657209 0.036670
v 0.026100 2.662518 0.035582
v 0.043925 2.677160 0.032326
v 0.050888 2.697450 0.027720
v 0.044891 2.718173 0.022946
v 0.027141 2.733701 0.019300
v 0.002289 2.739491 0.017842
v -0.022589 2.733749 0.019026
v -0.040409 2.718252 0.022476
v -0.046496 2.697543 0.027183
v -0.039625 2.677241 0.031866
v -0.021862 2.662564 0.035318
v 0.002284 2.654514 0.003960
v 0.026269 2.659924 0.004105
v 0.044078 2.674847 0.004237
v 0.051015 2.695522 0.004323
v 0.044992 2.716640 0.004339
v 0.027221 2.732464 0.004278
v 0.002363 2.738363 0.004154
v -0.022506 2.732512 0.004004
v -0.040308 2.716720 0.003869
v -0.046369 2.695615 0.003787
v -0.039473 2.674927 0.003777
v -0.021690 2.659970 0.003840
v 0.002467 2.657360 -0.028737
v 0.026446 2.662664 -0.027360
v 0.044235 2.677290 -0.023840
v 0.051146 2.697558 -0.019064
v 0.045096 2.718259 -0.014260
v 0.027306 2.733771 -0.010738
v 0.002439 2.739555 -0.009528
v -0.022423 2.733818 -0.011012
v -0.040204 2.718338 -0.014730
v -0.046238 2.697651 -0.019600
v -0.039315 2.677371 -0.024300
v -0.021516 2.662709 -0.027624
v 0.002648 2.665637 -0.060167
v 0.026624 2.670631 -0.057600
v 0.044390 2.684400 -0.050828
v 0.051275 2.703480 -0.041542
v 0.045199 2.722966 -0.032138
v 0.027392 2.737571 -0.025168
v 0.002515 2.743018 -0.022678
v -0.022342 2.737618 -0.025442
v -0.040102 2.723045 -0.032608
v -0.046108 2.703573 -0.042079
v -0.039160 2.684481 -0.051288
v -0.021345 2.670677 -0.057864
v 0.002820 2.679027 -0.089116
v 0.026792 2.683520 -0.085461
v 0.044538 2.695899 -0.075687
v 0.051398 2.713057 -0.062250
v 0.045297 2.730584 -0.048608
v 0.027470 2.743721 -0.038463
v 0.002587 2.748621 -0.034793
v -0.022263 2.743768 -0.038737
v -0.040004 2.730663 -0.049079
v -0.045985 2.713151 -0.062786
v -0.039012 2.695979 -0.076146
v -0.021182 2.683565 -0.085725
v 0.002977 2.697019 -0.114479
v 0.026944 2.700831 -0.109864
v 0.044673 2.711347 -0.097463
v 0.051510 2.725924 -0.080392
v 0.045387 2.740817 -0.063034
v 0.027543 2.751982 -0.050109
v 0.002653 2.756150 -0.045406
v -0.022191 2.752029 -0.050383
v -0.039915 2.740897 -0.063505
v -0.045873 2.726017 -0.080928
v -0.038878 2.711428 -0.097923
v -0.021032 2.700876 -0.110128
v 0.003112 2.718917 -0.135275
v 0.027075 2.721901 -0.129877
v 0.044790 2.730151 -0.115318
v 0.051607 2.741586 -0.095268
v 0.045464 2.753274 -0.074866
v 0.027608 2.762036 -0.059662
v 0.002709 2.765313 -0.054106
v -0.022132 2.762084 -0.059936
v -0.039838 2.753354 -0.075336
v -0.045776 2.741678 -0.095804
v -0.038762 2.730231 -0.115778
v -0.020902 2.721947 -0.130141
v 0.003221 2.743878 -0.150708
v 0.027180 2.745924 -0.144728
v 0.044884 2.751586 -0.128570
v 0.051685 2.759442 -0.106307
v 0.045527 2.767472 -0.083647
v 0.027656 2.773501 -0.066747
v 0.002755 2.775759 -0.060566
v -0.022079 2.773548 -0.067019
v -0.039777 2.767553 -0.084117
v -0.045699 2.759534 -0.106843
v -0.038670 2.751667 -0.129028
v -0.020798 2.745969 -0.144993
v 0.003299 2.770949 -0.160186
v 0.027256 2.771974 -0.153847
v 0.044950 2.774832 -0.136710
v 0.051740 2.778804 -0.113086
v 0.045570 2.782872 -0.089034
v 0.027686 2.785934 -0.071094
v 0.002787 2.787087 -0.064533
v -0.022038 2.785981 -0.071368
v -0.039732 2.782954 -0.089504
v -0.045643 2.778896 -0.113624
v -0.038603 2.774911 -0.137168
v -0.020724 2.772019 -0.154111
v 0.003343 2.798806 -0.163335
v 0.027308 2.798803 -0.156873
v 0.045004 2.798842 -0.139389
v 0.051774 2.798920 -0.115284
v 0.045563 2.799021 -0.090774
v 0.027664 2.799114 -0.072526
v 0.002806 2.799168 -0.065862
v -0.021975 2.799162 -0.072799
v -0.039675 2.799102 -0.091243
v -0.045613 2.799013 -0.115820
v -0.038581 2.798921 -0.139849
v -0.020692 2.798848 -0.157137
v 0.003503 2.988151 -0.159738
v 0.027444 2.987085 -0.153406
v 0.045129 2.984208 -0.136286
v 0.051928 2.980252 -0.112675
v 0.045780 2.976235 -0.088610
v 0.027897 2.973243 -0.070628
v 0.002961 2.972150 -0.064041
v -0.021898 2.973290 -0.070902
v -0.039579 2.976317 -0.089081
v -0.045451 2.980344 -0.113212
v -0.038387 2.984287 -0.136743
v -0.020508 2.987130 -0.153670
v 0.003476 3.015450 -0.150077
v 0.027431 3.013331 -0.144108
v 0.045124 3.007561 -0.127976
v 0.051911 2.999590 -0.105750
v 0.045737 2.991466 -0.083127
v 0.027855 2.985394 -0.066255
v 0.002950 2.983154 -0.060085
v -0.021881 2.985441 -0.066527
v -0.039567 2.991548 -0.083597
v -0.045473 2.999683 -0.106286
v -0.038429 3.007640 -0.128436
v -0.020547 3.013377 -0.144374
v 0.003414 3.040342 -0.134530
v 0.027370 3.037287 -0.129145
v 0.045071 3.028936 -0.114625
v 0.051866 3.017394 -0.094626
v 0.045700 3.005624 -0.074280
v 0.027829 2.996825 -0.059119
v 0.002924 2.993568 -0.053577
v -0.021912 2.996872 -0.059391
v -0.039601 3.005706 -0.074750
v -0.045518 3.017486 -0.095162
v -0.038482 3.029015 -0.115085
v -0.020605 3.037333 -0.129409
v 0.003320 3.062143 -0.113630
v 0.027277 3.058264 -0.109036
v 0.044988 3.047658 -0.096684
v 0.051799 3.032988 -0.079679
v 0.045647 3.018027 -0.062392
v 0.027784 3.006835 -0.049520
v 0.002884 3.002691 -0.044834
v -0.021954 3.006882 -0.049792
v -0.039655 3.018109 -0.062862
v -0.045585 3.033080 -0.080214
v -0.038561 3.047737 -0.097143
v -0.020693 3.058310 -0.109300
v 0.003196 3.080015 -0.088186
v 0.027157 3.075463 -0.084553
v 0.044881 3.063008 -0.074839
v 0.051711 3.045771 -0.061478
v 0.045578 3.028193 -0.047919
v 0.027726 3.015042 -0.037834
v 0.002833 3.010170 -0.034187
v -0.022009 3.015089 -0.038108
v -0.039726 3.028276 -0.048389
v -0.045673 3.045864 -0.062014
v -0.038666 3.063085 -0.075297
v -0.020811 3.075509 -0.084818
v 0.003049 3.093272 -0.059176
v 0.027015 3.088220 -0.056631
v 0.044755 3.074391 -0.049924
v 0.051605 3.055254 -0.040726
v 0.045492 3.035733 -0.031413
v 0.027657 3.021130 -0.024510
v 0.002771 3.015718 -0.022045
v -0.022075 3.021177 -0.024784
v -0.039808 3.035816 -0.031883
v -0.045778 3.055346 -0.041262
v -0.038793 3.074468 -0.050383
v -0.020953 3.088265 -0.056895
v 0.002884 3.101404 -0.027707
v 0.026857 3.096046 -0.026355
v 0.044614 3.081371 -0.022903
v 0.051487 3.061068 -0.018220
v 0.045397 3.040356 -0.013513
v 0.027580 3.024864 -0.010063
v 0.002702 3.019120 -0.008879
v -0.022150 3.024911 -0.010337
v -0.039901 3.040438 -0.013983
v -0.045897 3.061160 -0.018757
v -0.038936 3.081450 -0.023363
v -0.021112 3.096091 -0.026619
v 0.002706 3.104099 0.005003
v 0.026686 3.098639 0.005123
v 0.044462 3.083685 0.005186
v 0.051360 3.062996 0.005176
v 0.045297 3.041892 0.005094
v 0.027498 3.026100 0.004959
v 0.002627 3.020248 0.004809
v -0.022231 3.026147 0.004685
v -0.040002 3.041974 0.004624
v -0.046024 3.063088 0.004640
v -0.039089 3.083763 0.004726
v -0.021283 3.098685 0.004858
v 0.002523 3.101253 0.037700
v 0.026510 3.095900 0.036588
v 0.044305 3.081241 0.033263
v 0.051229 3.060960 0.028563
v 0.045192 3.040269 0.023693
v 0.027414 3.024794 0.019975
v 0.002551 3.019057 0.018491
v -0.022315 3.024841 0.019701
v -0.040106 3.040352 0.023223
v -0.046154 3.061053 0.028027
v -0.039245 3.081320 0.032803
v -0.021459 3.095946 0.036323
v 0.002342 3.092975 0.069131
v 0.026336 3.087934 0.066827
v 0.044148 3.074136 0.060252
v 0.051100 3.055041 0.051042
v 0.045090 3.035563 0.041571
v 0.027333 3.020994 0.034407
v 0.002475 3.015593 0.031641
v -0.022400 3.021041 0.034133
v -0.040209 3.035645 0.041102
v -0.046284 3.055133 0.050506
v -0.039400 3.074214 0.059791
v -0.021633 3.087980 0.066563
v 0.002170 3.079584 0.098080
v 0.026168 3.075048 0.094690
v 0.043999 3.062638 0.085114
v 0.050977 3.045462 0.071749
v 0.044994 3.027948 0.058042
v 0.027255 3.014843 0.047700
v 0.002403 3.009990 0.043756
v -0.022480 3.014891 0.047426
v -0.040309 3.028030 0.057573
v -0.046407 3.045555 0.071213
v -0.039547 3.062716 0.084652
v -0.021797 3.075094 0.094426
v 0.002014 3.061594 0.123440
v 0.026018 3.057738 0.119093
v 0.043866 3.047187 0.106891
v 0.050864 3.032594 0.089890
v 0.044904 3.017714 0.072468
v 0.027184 3.006583 0.059348
v 0.002338 3.002461 0.054369
v -0.022553 3.006630 0.059073
v -0.040398 3.017797 0.071999
v -0.046519 3.032687 0.089353
v -0.039682 3.047266 0.106431
v -0.021948 3.057783 0.118829
v 0.001878 3.039696 0.144238
v 0.025891 3.036666 0.139104
v 0.043751 3.028381 0.124743
v 0.050768 3.016932 0.104765
v 0.044827 3.005257 0.084298
v 0.027124 2.996528 0.068901
v 0.002281 2.993298 0.063069
v -0.022618 2.996575 0.068627
v -0.040474 3.005339 0.083829
v -0.046616 3.017025 0.104229
v -0.039801 3.028460 0.124281
v -0.022082 3.036712 0.138840
v 0.001769 3.014733 0.159671
v 0.025789 3.012643 0.153956
v 0.043659 3.006946 0.137993
v 0.050690 2.999077 0.115804
v 0.044766 2.991057 0.093080
v 0.027074 2.985064 0.075985
v 0.002235 2.982853 0.069529
v -0.022668 2.985111 0.075712
v -0.040538 2.991140 0.092613
v -0.046694 2.999169 0.115268
v -0.039895 3.007024 0.137531
v -0.022189 3.012688 0.153693
v 0.001691 2.987389 0.169204
v 0.025700 2.986352 0.163132
v 0.043572 2.983554 0.146195
v 0.050632 2.979706 0.122639
v 0.044751 2.975802 0.098499
v 0.027072 2.972894 0.080304
v 0.002204 2.971832 0.073434
v -0.022737 2.972942 0.080030
v -0.040612 2.975884 0.098031
v -0.046748 2.979798 0.122102
v -0.039944 2.983633 0.145731
v -0.022252 2.986397 0.162868
v 0.171047 3.083509 0.010427
v 0.164849 3.083605 -0.013608
v 0.147561 3.083759 -0.031496
v 0.123531 3.083938 -0.038529
v 0.098962 3.084099 -0.032590
v 0.080517 3.084194 -0.014899
v 0.073575 3.084189 0.009892
v 0.080243 3.084080 0.034757
v 0.098494 3.083902 0.052651
v 0.122995 3.083713 0.058857
v 0.147101 3.083565 0.052089
v 0.164585 3.083493 0.034392
v 0.167807 3.055663 0.010345
v 0.161735 3.056786 -0.013678
v 0.144804 3.059757 -0.031549
v 0.121266 3.063830 -0.038586
v 0.097171 3.067956 -0.032669
v 0.079042 3.071018 -0.014978
v 0.072207 3.072113 0.009856
v 0.078768 3.070903 0.034758
v 0.096703 3.067758 0.052635
v 0.120729 3.063603 0.058796
v 0.144340 3.059564 0.052004
v 0.161471 3.056675 0.034303
v 0.158240 3.028623 0.010230
v 0.152532 3.030766 -0.013787
v 0.136588 3.036539 -0.031650
v 0.114427 3.044489 -0.038669
v 0.091727 3.052575 -0.032735
v 0.074652 3.058600 -0.015033
v 0.068203 3.060798 0.009808
v 0.074378 3.058485 0.034707
v 0.091260 3.052377 0.052570
v 0.113889 3.044264 0.058714
v 0.136126 3.036346 0.051905
v 0.152268 3.030654 0.034191
v 0.142727 3.003711 0.010087
v 0.137603 3.006792 -0.013923
v 0.123269 3.015147 -0.031771
v 0.103328 3.026670 -0.038771
v 0.082900 3.038405 -0.032815
v 0.067530 3.047160 -0.015099
v 0.061710 3.050374 0.009748
v 0.067255 3.047044 0.034642
v 0.082430 3.038207 0.052486
v 0.102792 3.026444 0.058611
v 0.122807 3.014954 0.051780
v 0.137338 3.006680 0.034051
v 0.121859 2.981882 0.009921
v 0.117523 2.985786 -0.014081
v 0.105355 2.996400 -0.031913
v 0.088402 3.011057 -0.038889
v 0.071027 3.025986 -0.032909
v 0.057943 3.037136 -0.015173
v 0.052979 3.041238 0.009679
v 0.057669 3.037020 0.034562
v 0.070559 3.025788 0.052392
v 0.087865 3.010831 0.058493
v 0.104892 2.996208 0.051638
v 0.117258 2.985676 0.033890
v 0.096438 2.963973 0.009738
v 0.093062 2.968555 -0.014255
v 0.083524 2.981023 -0.032069
v 0.070219 2.998250 -0.039019
v 0.056568 3.015801 -0.033012
v 0.046270 3.028912 -0.015255
v 0.042343 3.033745 0.009603
v 0.045997 3.028797 0.034478
v 0.056100 3.015601 0.052289
v 0.069682 2.998025 0.058363
v 0.083062 2.980832 0.051482
v 0.092798 2.968443 0.033715
v 0.067445 2.950678 0.009549
v 0.065159 2.955759 -0.014439
v 0.058627 2.969606 -0.032232
v 0.049481 2.988740 -0.039156
v 0.040074 3.008237 -0.033120
v 0.032957 3.022806 -0.015344
v 0.030209 3.028182 0.009523
v 0.032683 3.022691 0.034393
v 0.039604 3.008037 0.052180
v 0.048944 2.988514 0.058227
v 0.058167 2.969415 0.051318
v 0.064895 2.955648 0.033530
v 0.035989 2.942504 0.009357
v 0.034893 2.947890 -0.014620
v 0.031617 2.962586 -0.032398
v 0.026983 2.982892 -0.039293
v 0.022180 3.003588 -0.033229
v 0.018513 3.019053 -0.015428
v 0.017047 3.024760 0.009443
v 0.018239 3.018939 0.034301
v 0.021710 3.003388 0.052071
v 0.026446 2.982666 0.058090
v 0.031157 2.962394 0.051153
v 0.034629 2.947779 0.033342
v 0.003283 2.939764 0.009170
v 0.003420 2.945253 -0.014798
v 0.003532 2.960234 -0.032558
v 0.003589 2.980932 -0.039426
v 0.003576 3.002029 -0.033336
v 0.003493 3.017796 -0.015512
v 0.003361 3.023613 0.009365
v 0.003219 3.017681 0.034213
v 0.003106 3.001831 0.051965
v 0.003053 2.980706 0.057956
v 0.003072 2.960041 0.050993
v 0.003156 2.945142 0.033162
v -0.029419 2.942566 0.008997
v -0.028049 2.947950 -0.014967
v -0.024549 2.962639 -0.032707
v -0.019801 2.982936 -0.039551
v -0.015026 3.003624 -0.033434
v -0.011525 3.019082 -0.015594
v -0.010323 3.024786 0.009292
v -0.011799 3.018967 0.034136
v -0.015496 3.003424 0.051866
v -0.020337 2.982711 0.057832
v -0.025010 2.962447 0.050844
v -0.028313 2.947839 0.032995
v -0.060859 2.950800 0.008843
v -0.058300 2.955876 -0.015118
v -0.051546 2.969712 -0.032839
v -0.042287 2.988827 -0.039661
v -0.032911 3.008307 -0.033522
v -0.025960 3.022862 -0.015667
v -0.023478 3.028232 0.009228
v -0.026235 3.022748 0.034067
v -0.033381 3.008107 0.051778
v -0.042824 2.988602 0.057722
v -0.052006 2.969520 0.050711
v -0.058564 2.955765 0.032850
v -0.089828 2.964150 0.008714
v -0.086179 2.968726 -0.015244
v -0.076421 2.981177 -0.032950
v -0.063008 2.998375 -0.039753
v -0.049390 3.015902 -0.033595
v -0.039264 3.028994 -0.015725
v -0.035601 3.033819 0.009174
v -0.039538 3.028879 0.034007
v -0.049862 3.015702 0.051705
v -0.063544 2.998152 0.057630
v -0.076880 2.980984 0.050601
v -0.086443 2.968615 0.032730
v -0.115215 2.982108 0.008616
v -0.110605 2.986004 -0.015339
v -0.098219 2.996595 -0.033034
v -0.081168 3.011218 -0.039823
v -0.063830 3.026115 -0.033651
v -0.050921 3.037239 -0.015772
v -0.046224 3.041332 0.009133
v -0.051195 3.037124 0.033962
v -0.064302 3.025916 0.051649
v -0.081704 3.010992 0.057559
v -0.098679 2.996403 0.050517
v -0.110869 2.985893 0.032636
v -0.136042 3.003977 0.008551
v -0.130647 3.007047 -0.015402
v -0.116100 3.015374 -0.033089
v -0.096065 3.026859 -0.039869
v -0.075680 3.038556 -0.033688
v -0.060488 3.047281 -0.015804
v -0.054936 3.050484 0.009106
v -0.060762 3.047166 0.033936
v -0.076149 3.038357 0.051613
v -0.096602 3.026634 0.057513
v -0.116560 3.015182 0.050462
v -0.130911 3.006936 0.032574
v -0.151508 3.028918 0.008524
v -0.145532 3.031049 -0.015429
v -0.129381 3.036792 -0.033114
v -0.107129 3.044700 -0.039889
v -0.084480 3.052742 -0.033705
v -0.067588 3.058736 -0.015815
v -0.061411 3.060921 0.009094
v -0.067861 3.058621 0.033920
v -0.084951 3.052544 0.051599
v -0.107666 3.044475 0.057494
v -0.129840 3.036599 0.050440
v -0.145796 3.030938 0.032549
v -0.161024 3.055976 0.008534
v -0.154686 3.057087 -0.015421
v -0.137553 3.060026 -0.033104
v -0.113935 3.064053 -0.039881
v -0.089889 3.068135 -0.033698
v -0.071953 3.071162 -0.015804
v -0.065394 3.072244 0.009099
v -0.072227 3.071047 0.033920
v -0.090359 3.067937 0.051603
v -0.114473 3.063827 0.057501
v -0.138012 3.059833 0.050449
v -0.154950 3.056976 0.032561
v -0.164212 3.083828 0.008581
v -0.157749 3.083912 -0.015385
v -0.140265 3.084033 -0.033081
v -0.116160 3.084166 -0.039849
v -0.091651 3.084281 -0.033638
v -0.073403 3.084341 -0.015740
v -0.066739 3.084322 0.009119
v -0.073676 3.084226 0.033900
v -0.092120 3.084083 0.051599
v -0.116697 3.083941 0.057537
v -0.140726 3.083839 0.050504
v -0.158014 3.083801 0.032616
v -0.160876 3.273177 0.009038
v -0.154543 3.272198 -0.014906
v -0.137419 3.269402 -0.032600
v -0.113803 3.265501 -0.039412
v -0.089732 3.261497 -0.033278
v -0.071746 3.258472 -0.015405
v -0.065157 3.257307 0.009529
v -0.072020 3.258357 0.034390
v -0.090203 3.261300 0.052080
v -0.114339 3.265275 0.057966
v -0.137876 3.269208 0.050914
v -0.154807 3.272086 0.033044
v -0.151253 3.300489 0.009154
v -0.145281 3.298457 -0.014808
v -0.129141 3.292767 -0.032520
v -0.106904 3.284849 -0.039331
v -0.084270 3.276735 -0.033185
v -0.067390 3.270628 -0.015323
v -0.061216 3.268316 0.009576
v -0.067662 3.270513 0.034412
v -0.084740 3.276539 0.052119
v -0.107440 3.284623 0.058051
v -0.129601 3.292573 0.051034
v -0.145547 3.298346 0.033170
v -0.135740 3.325402 0.009297
v -0.130351 3.322433 -0.014669
v -0.115820 3.314159 -0.032396
v -0.095804 3.302668 -0.039229
v -0.075442 3.290906 -0.033102
v -0.060269 3.282070 -0.015259
v -0.054722 3.278739 0.009636
v -0.060542 3.281954 0.034481
v -0.075913 3.290709 0.052198
v -0.096341 3.302442 0.058153
v -0.116280 3.313965 0.051155
v -0.130615 3.322322 0.033306
v -0.114870 3.347232 0.009463
v -0.110271 3.343438 -0.014507
v -0.097905 3.332906 -0.032254
v -0.080880 3.318282 -0.039111
v -0.063572 3.303324 -0.033008
v -0.050684 3.292092 -0.015181
v -0.045992 3.287874 0.009705
v -0.050956 3.291977 0.034555
v -0.064042 3.303128 0.052293
v -0.081415 3.318056 0.058272
v -0.098363 3.332712 0.051295
v -0.110535 3.343327 0.033463
v -0.089451 3.365138 0.009644
v -0.085812 3.360670 -0.014331
v -0.076080 3.348286 -0.032096
v -0.062696 3.331089 -0.038981
v -0.049113 3.313511 -0.032906
v -0.039009 3.300315 -0.015098
v -0.035355 3.295367 0.009781
v -0.039283 3.300200 0.034637
v -0.049583 3.313315 0.052398
v -0.063232 3.330865 0.058402
v -0.076539 3.348090 0.051451
v -0.086077 3.360559 0.033636
v -0.060459 3.378435 0.009835
v -0.057908 3.373465 -0.014148
v -0.051182 3.359703 -0.031932
v -0.041957 3.340600 -0.038845
v -0.032617 3.321073 -0.032796
v -0.025694 3.306422 -0.015009
v -0.023222 3.300931 0.009861
v -0.025968 3.306306 0.034725
v -0.033087 3.320877 0.052504
v -0.042494 3.340374 0.058538
v -0.051640 3.359507 0.051615
v -0.058172 3.373353 0.033821
v -0.029002 3.386610 0.010027
v -0.027642 3.381332 -0.013964
v -0.024170 3.366720 -0.031769
v -0.019459 3.346446 -0.038707
v -0.014723 3.325721 -0.032685
v -0.011252 3.310175 -0.014919
v -0.010061 3.304352 0.009941
v -0.011526 3.310060 0.034811
v -0.015193 3.325524 0.052612
v -0.019996 3.346220 0.058675
v -0.024630 3.366526 0.051781
v -0.027906 3.381221 0.034006
v 0.003705 3.389349 0.010214
v 0.003832 3.383967 -0.013785
v 0.003916 3.369072 -0.031609
v 0.003934 3.348406 -0.038574
v 0.003881 3.327281 -0.032581
v 0.003768 3.311432 -0.014833
v 0.003626 3.305498 0.010019
v 0.003494 3.311316 0.034896
v 0.003411 3.327085 0.052719
v 0.003398 3.348179 0.058809
v 0.003455 3.368877 0.051942
v 0.003567 3.383857 0.034184
v 0.036406 3.386548 0.010387
v 0.035300 3.381272 -0.013618
v 0.031996 3.366666 -0.031460
v 0.027324 3.346401 -0.038450
v 0.022483 3.325684 -0.032480
v 0.018786 3.310146 -0.014753
v 0.017310 3.304326 0.010092
v 0.018512 3.310031 0.034976
v 0.022013 3.325489 0.052817
v 0.026788 3.346176 0.058933
v 0.031536 3.366472 0.052091
v 0.035036 3.381161 0.034353
v 0.067848 3.378313 0.010541
v 0.065551 3.373347 -0.013468
v 0.058995 3.359598 -0.031326
v 0.049811 3.340513 -0.038339
v 0.040367 3.321003 -0.032394
v 0.033223 3.306365 -0.014684
v 0.030465 3.300880 0.010156
v 0.032949 3.306250 0.035049
v 0.039898 3.320807 0.052906
v 0.049275 3.340287 0.059043
v 0.058533 3.359403 0.052222
v 0.065287 3.373236 0.034501
v 0.096815 3.364962 0.010670
v 0.093432 3.360499 -0.013344
v 0.083872 3.348134 -0.031215
v 0.070532 3.330963 -0.038247
v 0.056849 3.313410 -0.032323
v 0.046525 3.300234 -0.014627
v 0.042588 3.295293 0.010210
v 0.046251 3.300118 0.035108
v 0.056379 3.313213 0.052979
v 0.069995 3.330737 0.059135
v 0.083410 3.347939 0.052332
v 0.093167 3.360388 0.034623
v 0.122200 3.347006 0.010768
v 0.117858 3.343222 -0.013249
v 0.105671 3.332713 -0.031131
v 0.088690 3.318120 -0.038177
v 0.071289 3.303196 -0.032265
v 0.058184 3.291989 -0.014582
v 0.053211 3.287779 0.010251
v 0.057909 3.291873 0.035155
v 0.070819 3.303000 0.053035
v 0.088153 3.317894 0.059206
v 0.105211 3.332519 0.052416
v 0.117594 3.343111 0.034717
v 0.143029 3.325137 0.010832
v 0.137899 3.322178 -0.013191
v 0.123549 3.313932 -0.031078
v 0.103587 3.302478 -0.038131
v 0.083136 3.290755 -0.032229
v 0.067751 3.281947 -0.014554
v 0.061924 3.278628 0.010278
v 0.067477 3.281832 0.035186
v 0.082667 3.290558 0.053072
v 0.103051 3.302252 0.059251
v 0.123087 3.313737 0.052473
v 0.137635 3.322067 0.034781
v 0.158495 3.300195 0.010860
v 0.152783 3.298175 -0.013167
v 0.136829 3.292514 -0.031056
v 0.114651 3.284637 -0.038111
v 0.091937 3.276567 -0.032215
v 0.074851 3.270493 -0.014541
v 0.068398 3.268192 0.010289
v 0.074577 3.270378 0.035199
v 0.091471 3.276371 0.053089
v 0.114114 3.284412 0.059271
v 0.136367 3.292320 0.052499
v 0.152521 3.298064 0.034811
v 0.168067 3.272864 0.010849
v 0.161996 3.271896 -0.013163
v 0.145063 3.269133 -0.031044
v 0.121512 3.265276 -0.038117
v 0.097378 3.261320 -0.032249
v 0.079187 3.258329 -0.014580
v 0.072319 3.257176 0.010286
v 0.078913 3.258214 0.035228
v 0.096910 3.261123 0.053113
v 0.120976 3.265050 0.059262
v 0.144599 3.268940 0.052471
v 0.161732 3.271785 0.034787
v 0.000954 2.220901 0.170584
v 0.024989 2.220926 0.164386
v 0.042877 2.221046 0.147098
v 0.049911 2.221236 0.123068
v 0.043973 2.221450 0.098499
v 0.026282 2.221628 0.080054
v 0.001491 2.221713 0.073113
v -0.023373 2.221675 0.079781
v -0.041268 2.221531 0.098031
v -0.047476 2.221328 0.122532
v -0.040708 2.221126 0.146637
v -0.023011 2.220972 0.164121
v 0.000946 2.193058 0.167305
v 0.024971 2.194112 0.161235
v 0.042853 2.197048 0.144307
v 0.049903 2.201130 0.120775
v 0.044000 2.205309 0.096686
v 0.026319 2.208454 0.078562
v 0.001488 2.209639 0.071728
v -0.023419 2.208501 0.078288
v -0.041306 2.205390 0.096218
v -0.047480 2.201222 0.120239
v -0.040700 2.197128 0.143844
v -0.023009 2.194157 0.160971
v 0.000973 2.166031 0.157701
v 0.024996 2.168104 0.151996
v 0.042877 2.173841 0.136060
v 0.049923 2.181799 0.113910
v 0.044014 2.189935 0.091221
v 0.026333 2.196042 0.074155
v 0.001499 2.198329 0.067709
v -0.023409 2.196089 0.073881
v -0.041290 2.190016 0.090754
v -0.047461 2.181892 0.113372
v -0.040677 2.173922 0.135598
v -0.022982 2.168149 0.151732
v 0.001035 2.141141 0.142153
v 0.025054 2.144151 0.137033
v 0.042929 2.152467 0.122710
v 0.049967 2.163994 0.102786
v 0.044048 2.175777 0.082374
v 0.026361 2.184611 0.067017
v 0.001525 2.187914 0.061200
v -0.023379 2.184658 0.066741
v -0.041253 2.175858 0.081904
v -0.047417 2.164087 0.102250
v -0.040623 2.152547 0.122249
v -0.022921 2.144196 0.136769
v 0.001129 2.119340 0.121255
v 0.025143 2.123172 0.116924
v 0.043009 2.133745 0.104771
v 0.050034 2.148402 0.087838
v 0.044102 2.163375 0.070484
v 0.026401 2.174600 0.057416
v 0.001564 2.178790 0.052458
v -0.023333 2.174647 0.057141
v -0.041199 2.163455 0.070016
v -0.047349 2.148494 0.087302
v -0.040540 2.133825 0.104308
v -0.022828 2.123219 0.116660
v 0.001252 2.101466 0.095810
v 0.025262 2.105974 0.092440
v 0.043115 2.118397 0.082919
v 0.050122 2.135620 0.069638
v 0.044171 2.153209 0.056011
v 0.026458 2.166393 0.045731
v 0.001616 2.171311 0.041810
v -0.023276 2.166440 0.045458
v -0.041129 2.153288 0.055543
v -0.047261 2.135713 0.069101
v -0.040435 2.118479 0.082457
v -0.022710 2.106019 0.092176
v 0.001399 2.088211 0.066798
v 0.025402 2.093216 0.064519
v 0.043241 2.107014 0.058007
v 0.050228 2.126138 0.048886
v 0.044255 2.145668 0.039506
v 0.026526 2.160305 0.032410
v 0.001677 2.165765 0.029669
v -0.023210 2.160352 0.032136
v -0.041045 2.145747 0.039037
v -0.047156 2.126231 0.048350
v -0.040309 2.107096 0.057546
v -0.022567 2.093262 0.064255
v 0.001565 2.080079 0.035331
v 0.025558 2.085389 0.034243
v 0.043383 2.100030 0.030986
v 0.050346 2.120320 0.026380
v 0.044349 2.141044 0.021606
v 0.026599 2.156572 0.017960
v 0.001747 2.162362 0.016503
v -0.023131 2.156619 0.017687
v -0.040951 2.141122 0.021137
v -0.047037 2.120413 0.025844
v -0.040167 2.100111 0.030526
v -0.022404 2.085434 0.033979
v 0.001742 2.077384 0.002621
v 0.025727 2.082794 0.002765
v 0.043536 2.097717 0.002898
v 0.050473 2.118393 0.002984
v 0.044450 2.139510 0.003000
v 0.026679 2.155335 0.002939
v 0.001821 2.161233 0.002815
v -0.023048 2.155382 0.002665
v -0.040850 2.139591 0.002530
v -0.046910 2.118485 0.002448
v -0.040014 2.097797 0.002438
v -0.022232 2.082840 0.002501
v 0.001925 2.080231 -0.030077
v 0.025905 2.085534 -0.028700
v 0.043693 2.100161 -0.025179
v 0.050604 2.120429 -0.020403
v 0.044554 2.141130 -0.015599
v 0.026765 2.156641 -0.012077
v 0.001898 2.162425 -0.010867
v -0.022965 2.156689 -0.012351
v -0.040746 2.141209 -0.016069
v -0.046780 2.120522 -0.020939
v -0.039857 2.100242 -0.025640
v -0.022057 2.085580 -0.028964
v 0.002106 2.088508 -0.061506
v 0.026082 2.093502 -0.058940
v 0.043848 2.107270 -0.052167
v 0.050733 2.126351 -0.042882
v 0.044657 2.145837 -0.033478
v 0.026850 2.160441 -0.026508
v 0.001973 2.165889 -0.024017
v -0.022884 2.160489 -0.026782
v -0.040643 2.145916 -0.033948
v -0.046650 2.126443 -0.043418
v -0.039702 2.107351 -0.052627
v -0.021887 2.093547 -0.059204
v 0.002278 2.101897 -0.090456
v 0.026251 2.106390 -0.086800
v 0.043996 2.118769 -0.077026
v 0.050856 2.135927 -0.063589
v 0.044755 2.153454 -0.049947
v 0.026929 2.166591 -0.039803
v 0.002045 2.171492 -0.036133
v -0.022805 2.166639 -0.040077
v -0.040546 2.153533 -0.050419
v -0.046527 2.136021 -0.064125
v -0.039554 2.118850 -0.077485
v -0.021723 2.106435 -0.087065
v 0.002435 2.119889 -0.115818
v 0.026402 2.123701 -0.111203
v 0.044131 2.134217 -0.098802
v 0.050968 2.148794 -0.081731
v 0.044845 2.163687 -0.064373
v 0.027001 2.174852 -0.051448
v 0.002111 2.179020 -0.046745
v -0.022733 2.174900 -0.051722
v -0.040457 2.163768 -0.064844
v -0.046415 2.148887 -0.082267
v -0.039420 2.134298 -0.099262
v -0.021573 2.123747 -0.111467
v 0.002570 2.141787 -0.136615
v 0.026533 2.144772 -0.131216
v 0.044248 2.153021 -0.116658
v 0.051065 2.164456 -0.096607
v 0.044922 2.176145 -0.076205
v 0.027066 2.184906 -0.061001
v 0.002168 2.188184 -0.055445
v -0.022673 2.184955 -0.061275
v -0.040380 2.176225 -0.076675
v -0.046318 2.164549 -0.097143
v -0.039304 2.153101 -0.117117
v -0.021443 2.144817 -0.131480
v 0.002679 2.166749 -0.152047
v 0.026638 2.168794 -0.146068
v 0.044342 2.174457 -0.129909
v 0.051143 2.182312 -0.107646
v 0.044985 2.190343 -0.084986
v 0.027114 2.196371 -0.068086
v 0.002213 2.198629 -0.061905
v -0.022621 2.196419 -0.068358
v -0.040319 2.190424 -0.085456
v -0.046240 2.182405 -0.108182
v -0.039212 2.174537 -0.130368
v -0.021340 2.168840 -0.146332
v 0.002757 2.193820 -0.161525
v 0.026714 2.194844 -0.155186
v 0.044409 2.197702 -0.138049
v 0.051199 2.201674 -0.114425
v 0.045028 2.205743 -0.090373
v 0.027144 2.208804 -0.072434
v 0.002246 2.209958 -0.065872
v -0.022580 2.208851 -0.072707
v -0.040274 2.205824 -0.090843
v -0.046185 2.201767 -0.114963
v -0.039144 2.197782 -0.138507
v -0.021266 2.194890 -0.155450
v 0.002801 2.221677 -0.164674
v 0.026766 2.221673 -0.158212
v 0.044462 2.221712 -0.140728
v 0.051232 2.221791 -0.116623
v 0.045021 2.221891 -0.092113
v 0.027122 2.221985 -0.073865
v 0.002264 2.222038 -0.067201
v -0.022517 2.222032 -0.074138
v -0.040216 2.221972 -0.092582
v -0.046155 2.221883 -0.117159
v -0.039123 2.221792 -0.141188
v -0.021234 2.221719 -0.158476
v 0.002961 2.411021 -0.161077
v 0.026902 2.409955 -0.154746
v 0.044587 2.407078 -0.137625
v 0.051386 2.403122 -0.114015
v 0.045239 2.399105 -0.089950
v 0.027355 2.396113 -0.071967
v 0.002419 2.395020 -0.065380
v -0.022440 2.396161 -0.072241
v -0.040120 2.399187 -0.090420
v -0.045993 2.403215 -0.114551
v -0.038929 2.407157 -0.138082
v -0.021050 2.410001 -0.155010
v 0.002934 2.438320 -0.151417
v 0.026889 2.436202 -0.145447
v 0.044582 2.430432 -0.129315
v 0.051369 2.422461 -0.107089
v 0.045195 2.414336 -0.084466
v 0.027313 2.408264 -0.067594
v 0.002408 2.406024 -0.061424
v -0.022423 2.408311 -0.067867
v -0.040109 2.414419 -0.084936
v -0.046015 2.422554 -0.107625
v -0.038971 2.430511 -0.129775
v -0.021089 2.436247 -0.145713
v 0.002872 2.463212 -0.135869
v 0.026828 2.460158 -0.130484
v 0.044529 2.451806 -0.115964
v 0.051324 2.440265 -0.095965
v 0.045159 2.428495 -0.075619
v 0.027287 2.419696 -0.060458
v 0.002382 2.416439 -0.054916
v -0.022454 2.419742 -0.060730
v -0.040143 2.428577 -0.076089
v -0.046059 2.440357 -0.096501
v -0.039024 2.451885 -0.116424
v -0.021147 2.460203 -0.130748
v 0.002778 2.485013 -0.114969
v 0.026735 2.481135 -0.110375
v 0.044446 2.470529 -0.098023
v 0.051257 2.455858 -0.081019
v 0.045105 2.440897 -0.063731
v 0.027242 2.429705 -0.050859
v 0.002342 2.425561 -0.046173
v -0.022495 2.429753 -0.051131
v -0.040197 2.440980 -0.064201
v -0.046127 2.455951 -0.081553
v -0.039103 2.470607 -0.098482
v -0.021235 2.481181 -0.110639
v 0.002655 2.502885 -0.089525
v 0.026615 2.498333 -0.085893
v 0.044339 2.485878 -0.076178
v 0.051169 2.468641 -0.062817
v 0.045036 2.451064 -0.049258
v 0.027184 2.437912 -0.039173
v 0.002291 2.433040 -0.035526
v -0.022551 2.437959 -0.039447
v -0.040267 2.451147 -0.049728
v -0.046215 2.468735 -0.063353
v -0.039208 2.485956 -0.076636
v -0.021352 2.498379 -0.086157
v 0.002508 2.516142 -0.060515
v 0.026474 2.511090 -0.057971
v 0.044213 2.497262 -0.051264
v 0.051063 2.478124 -0.042065
v 0.044951 2.458603 -0.032752
v 0.027115 2.444000 -0.025850
v 0.002229 2.438588 -0.023384
v -0.022617 2.444047 -0.026123
v -0.040350 2.458686 -0.033222
v -0.046320 2.478216 -0.042602
v -0.039335 2.497339 -0.051722
v -0.021495 2.511136 -0.058235
v 0.002342 2.524275 -0.029046
v 0.026315 2.518916 -0.027694
v 0.044072 2.504241 -0.024242
v 0.050945 2.483939 -0.019559
v 0.044855 2.463226 -0.014852
v 0.027038 2.447734 -0.011402
v 0.002160 2.441991 -0.010219
v -0.022692 2.447781 -0.011676
v -0.040443 2.463309 -0.015322
v -0.046438 2.484031 -0.020096
v -0.039478 2.504320 -0.024702
v -0.021654 2.518962 -0.027958
v 0.002164 2.526969 0.003664
v 0.026144 2.521509 0.003783
v 0.043920 2.506556 0.003847
v 0.050818 2.485867 0.003837
v 0.044755 2.464762 0.003755
v 0.026956 2.448970 0.003620
v 0.002086 2.443118 0.003469
v -0.022773 2.449017 0.003346
v -0.040544 2.464844 0.003285
v -0.046565 2.485958 0.003301
v -0.039631 2.506634 0.003387
v -0.021825 2.521555 0.003519
v 0.001982 2.524123 0.036361
v 0.025968 2.518770 0.035248
v 0.043763 2.504112 0.031924
v 0.050687 2.483830 0.027224
v 0.044650 2.463140 0.022354
v 0.026872 2.447664 0.018636
v 0.002009 2.441927 0.017152
v -0.022857 2.447712 0.018362
v -0.040648 2.463223 0.021884
v -0.046696 2.483923 0.026688
v -0.039787 2.504190 0.031464
v -0.022001 2.518816 0.034984
v 0.001801 2.515845 0.067792
v 0.025794 2.510804 0.065488
v 0.043606 2.497007 0.058913
v 0.050558 2.477911 0.049703
v 0.044548 2.458434 0.040232
v 0.026791 2.443864 0.033068
v 0.001933 2.438463 0.030302
v -0.022942 2.443911 0.032794
v -0.040751 2.458516 0.039762
v -0.046826 2.478004 0.049166
v -0.039941 2.497084 0.058452
v -0.022175 2.510850 0.065224
v 0.001629 2.502454 0.096740
v 0.025626 2.497918 0.093351
v 0.043458 2.485508 0.083775
v 0.050435 2.468333 0.070410
v 0.044452 2.450819 0.056703
v 0.026713 2.437714 0.046361
v 0.001861 2.432860 0.042417
v -0.023022 2.437761 0.046087
v -0.040851 2.450901 0.056233
v -0.046949 2.468426 0.069874
v -0.040089 2.485586 0.083313
v -0.022339 2.497964 0.093087
v 0.001472 2.484464 0.122101
v 0.025476 2.480608 0.117753
v 0.043324 2.470057 0.105552
v 0.050323 2.455465 0.088550
v 0.044362 2.440585 0.071129
v 0.026642 2.429453 0.058009
v 0.001796 2.425332 0.053030
v -0.023095 2.429501 0.057733
v -0.040940 2.440667 0.070659
v -0.047061 2.455558 0.088014
v -0.040224 2.470137 0.105092
v -0.022490 2.480654 0.117489
v 0.001336 2.462567 0.142899
v 0.025349 2.459537 0.137765
v 0.043210 2.451252 0.123404
v 0.050226 2.439802 0.103426
v 0.044285 2.428128 0.082959
v 0.026582 2.419399 0.067561
v 0.001739 2.416168 0.061730
v -0.023160 2.419446 0.067288
v -0.041016 2.428209 0.082490
v -0.047158 2.439895 0.102890
v -0.040343 2.451330 0.122942
v -0.022623 2.459582 0.137501
v 0.001228 2.437603 0.158331
v 0.025247 2.435513 0.152616
v 0.043117 2.429816 0.136654
v 0.050148 2.421947 0.114465
v 0.044224 2.413928 0.091740
v 0.026532 2.407935 0.074646
v 0.001694 2.405724 0.068190
v -0.023210 2.407982 0.074372
v -0.041080 2.414011 0.091274
v -0.047236 2.422040 0.113929
v -0.040437 2.429895 0.136192
v -0.022731 2.435559 0.152354
v 0.001149 2.410259 0.167865
v 0.025159 2.409222 0.161793
v 0.043031 2.406424 0.144855
v 0.050090 2.402577 0.121300
v 0.044210 2.398673 0.097160
v 0.026531 2.395765 0.078965
v 0.001662 2.394702 0.072095
v -0.023279 2.395812 0.078691
v -0.041153 2.398755 0.096692
v -0.047290 2.402669 0.120763
v -0.040485 2.406503 0.144392
v -0.022794 2.409268 0.161529
v 0.170505 2.506380 0.009088
v 0.164307 2.506475 -0.014947
v 0.147019 2.506629 -0.032835
v 0.122989 2.506809 -0.039868
v 0.098420 2.506969 -0.033930
v 0.079975 2.507065 -0.016239
v 0.073033 2.507059 0.008553
v 0.079701 2.506950 0.033417
v 0.097952 2.506772 0.051311
v 0.122453 2.506583 0.057518
v 0.146559 2.506436 0.050750
v 0.164043 2.506364 0.033053
v 0.167265 2.478533 0.009006
v 0.161194 2.479656 -0.015017
v 0.144262 2.482628 -0.032888
v 0.120724 2.486700 -0.039925
v 0.096629 2.490827 -0.034008
v 0.078500 2.493888 -0.016318
v 0.071665 2.494983 0.008517
v 0.078226 2.493773 0.033419
v 0.096161 2.490629 0.051296
v 0.120187 2.486474 0.057457
v 0.143798 2.482435 0.050664
v 0.160929 2.479545 0.032964
v 0.157699 2.451493 0.008891
v 0.151991 2.453636 -0.015127
v 0.136046 2.459409 -0.032989
v 0.113885 2.467360 -0.040008
v 0.091185 2.475446 -0.034074
v 0.074111 2.481471 -0.016372
v 0.067662 2.483668 0.008469
v 0.073837 2.481356 0.033368
v 0.090719 2.475247 0.051230
v 0.113347 2.467135 0.057375
v 0.135584 2.459217 0.050565
v 0.151726 2.453525 0.032851
v 0.142185 2.426582 0.008747
v 0.137061 2.429662 -0.015263
v 0.122727 2.438017 -0.033110
v 0.102786 2.449540 -0.040110
v 0.082358 2.461275 -0.034154
v 0.066988 2.470030 -0.016438
v 0.061168 2.473245 0.008409
v 0.066713 2.469915 0.033302
v 0.081888 2.461077 0.051147
v 0.102250 2.449315 0.057272
v 0.122265 2.437825 0.050441
v 0.136796 2.429551 0.032712
v 0.121317 2.404752 0.008582
v 0.116981 2.408657 -0.015420
v 0.104813 2.419271 -0.033252
v 0.087860 2.433927 -0.040229
v 0.070485 2.448857 -0.034248
v 0.057401 2.460006 -0.016512
v 0.052437 2.464108 0.008340
v 0.057127 2.459891 0.033223
v 0.070017 2.448659 0.051053
v 0.087323 2.433702 0.057154
v 0.104350 2.419078 0.050298
v 0.116717 2.408546 0.032551
v 0.095897 2.386844 0.008399
v 0.092520 2.391425 -0.015594
v 0.082982 2.403894 -0.033408
v 0.069677 2.421121 -0.040359
v 0.056026 2.438671 -0.034351
v 0.045728 2.451783 -0.016594
v 0.041801 2.456615 0.008264
v 0.045455 2.451668 0.033139
v 0.055558 2.438471 0.050950
v 0.069141 2.420895 0.057024
v 0.082521 2.403702 0.050143
v 0.092256 2.391314 0.032376
v 0.066903 2.373549 0.008210
v 0.064618 2.378629 -0.015778
v 0.058086 2.392477 -0.033572
v 0.048939 2.411610 -0.040495
v 0.039532 2.431107 -0.034459
v 0.032415 2.445677 -0.016683
v 0.029667 2.451052 0.008184
v 0.032141 2.445562 0.033054
v 0.039062 2.430908 0.050841
v 0.048402 2.411385 0.056888
v 0.057625 2.392285 0.049979
v 0.064353 2.378518 0.032191
v 0.035447 2.365374 0.008018
v 0.034352 2.370760 -0.015959
v 0.031075 2.385456 -0.033737
v 0.026441 2.405762 -0.040632
v 0.021638 2.426459 -0.034569
v 0.017971 2.441924 -0.016768
v 0.016505 2.447631 0.008104
v 0.017697 2.441809 0.032962
v 0.021169 2.426259 0.050732
v 0.025905 2.405537 0.056750
v 0.030615 2.385264 0.049814
v 0.034088 2.370649 0.032002
v 0.002741 2.362635 0.007831
v 0.002878 2.368123 -0.016137
v 0.002990 2.383104 -0.033897
v 0.003047 2.403802 -0.040766
v 0.003034 2.424900 -0.034675
v 0.002951 2.440667 -0.016851
v 0.002819 2.446484 0.008026
v 0.002677 2.440552 0.032874
v 0.002564 2.424702 0.050625
v 0.002511 2.403577 0.056617
v 0.002530 2.382912 0.049654
v 0.002614 2.368012 0.031823
v -0.029960 2.365437 0.007657
v -0.028591 2.370820 -0.016306
v -0.025091 2.385509 -0.034046
v -0.020342 2.405807 -0.040890
v -0.015568 2.426494 -0.034774
v -0.012067 2.441953 -0.016933
v -0.010865 2.447657 0.007953
v -0.012341 2.441838 0.032796
v -0.016037 2.426294 0.050527
v -0.020879 2.405581 0.056493
v -0.025551 2.385317 0.049505
v -0.028855 2.370709 0.031656
v -0.061401 2.373671 0.007503
v -0.058842 2.378747 -0.016458
v -0.052088 2.392582 -0.034178
v -0.042829 2.411698 -0.041000
v -0.033452 2.431177 -0.034861
v -0.026502 2.445733 -0.017006
v -0.024019 2.451103 0.007889
v -0.026776 2.445618 0.032727
v -0.033922 2.430977 0.050439
v -0.043366 2.411472 0.056382
v -0.052548 2.392390 0.049372
v -0.059106 2.378635 0.031511
v -0.090369 2.387021 0.007375
v -0.086721 2.391597 -0.016583
v -0.076963 2.404047 -0.034289
v -0.063550 2.421246 -0.041092
v -0.049932 2.438772 -0.034935
v -0.039806 2.451865 -0.017065
v -0.036143 2.456689 0.007835
v -0.040080 2.451750 0.032668
v -0.050404 2.438572 0.050366
v -0.064086 2.421022 0.056290
v -0.077422 2.403855 0.049262
v -0.086985 2.391485 0.031391
v -0.115756 2.404978 0.007276
v -0.111147 2.408875 -0.016678
v -0.098760 2.419465 -0.034373
v -0.081710 2.434088 -0.041162
v -0.064372 2.448985 -0.034991
v -0.051463 2.460109 -0.017112
v -0.046766 2.464203 0.007794
v -0.051737 2.459994 0.032623
v -0.064844 2.448787 0.050310
v -0.082246 2.433863 0.056220
v -0.099221 2.419273 0.049177
v -0.111411 2.408763 0.031296
v -0.136583 2.426848 0.007212
v -0.131189 2.429918 -0.016742
v -0.116642 2.438245 -0.034429
v -0.096607 2.449730 -0.041208
v -0.076221 2.461426 -0.035027
v -0.061030 2.470151 -0.017143
v -0.055478 2.473355 0.007767
v -0.061304 2.470037 0.032597
v -0.076691 2.461228 0.050274
v -0.097144 2.449504 0.056174
v -0.117102 2.438052 0.049123
v -0.131453 2.429806 0.031235
v -0.152050 2.451788 0.007185
v -0.146074 2.453920 -0.016768
v -0.129923 2.459662 -0.034454
v -0.107671 2.467570 -0.041228
v -0.085022 2.475612 -0.035044
v -0.068130 2.481606 -0.017154
v -0.061953 2.483791 0.007755
v -0.068402 2.481491 0.032581
v -0.085492 2.475415 0.050260
v -0.108207 2.467345 0.056155
v -0.130382 2.459470 0.049101
v -0.146338 2.453808 0.031210
v -0.161566 2.478846 0.007195
v -0.155228 2.479957 -0.016760
v -0.138095 2.482897 -0.034443
v -0.114476 2.486923 -0.041221
v -0.090431 2.491005 -0.035037
v -0.072495 2.494033 -0.017144
v -0.065935 2.495114 0.007760
v -0.072769 2.493918 0.032580
v -0.090901 2.490808 0.050264
v -0.115015 2.486698 0.056162
v -0.138553 2.482703 0.049109
v -0.155492 2.479846 0.031222
v -0.164754 2.506699 0.007242
v -0.158291 2.506782 -0.016724
v -0.140807 2.506903 -0.034420
v -0.116702 2.507037 -0.041188
v -0.092193 2.507151 -0.034977
v -0.073945 2.507212 -0.017079
v -0.067281 2.507193 0.007780
v -0.074218 2.507097 0.032561
v -0.092662 2.506954 0.050260
v -0.117239 2.506811 0.056198
v -0.141268 2.506710 0.049164
v -0.158556 2.506671 0.031276
v -0.161418 2.696047 0.007699
v -0.155085 2.695068 -0.016246
v -0.137961 2.692272 -0.033939
v -0.114344 2.688371 -0.040752
v -0.090274 2.684368 -0.034617
v -0.072288 2.681342 -0.016744
v -0.065699 2.680177 0.008189
v -0.072562 2.681227 0.033051
v -0.090744 2.684171 0.050741
v -0.114881 2.688146 0.056627
v -0.138418 2.692079 0.049575
v -0.155349 2.694957 0.031705
v -0.151795 2.723360 0.007815
v -0.145823 2.721327 -0.016147
v -0.129683 2.715638 -0.033860
v -0.107446 2.707719 -0.040671
v -0.084812 2.699606 -0.034525
v -0.067931 2.693499 -0.016662
v -0.061758 2.691186 0.008236
v -0.068204 2.693383 0.033073
v -0.085282 2.699409 0.050780
v -0.107982 2.707494 0.056712
v -0.130143 2.715443 0.049695
v -0.146089 2.721216 0.031831
v -0.136282 2.748272 0.007958
v -0.130893 2.745304 -0.016008
v -0.116361 2.737030 -0.033735
v -0.096346 2.725538 -0.040568
v -0.075984 2.713777 -0.034441
v -0.060811 2.704940 -0.016598
v -0.055264 2.701610 0.008296
v -0.061083 2.704824 0.033142
v -0.076454 2.713580 0.050859
v -0.096883 2.725312 0.056814
v -0.116821 2.736836 0.049816
v -0.131157 2.745193 0.031967
v -0.115412 2.770102 0.008124
v -0.110813 2.766308 -0.015847
v -0.098446 2.755777 -0.033593
v -0.081421 2.741152 -0.040450
v -0.064114 2.726195 -0.034347
v -0.051226 2.714963 -0.016520
v -0.046534 2.710744 0.008366
v -0.051498 2.714848 0.033216
v -0.064584 2.725999 0.050953
v -0.081956 2.740927 0.056933
v -0.098905 2.755583 0.049956
v -0.111077 2.766197 0.032124
v -0.089993 2.788008 0.008305
v -0.086354 2.783540 -0.015670
v -0.076622 2.771156 -0.033435
v -0.063237 2.753960 -0.040320
v -0.049654 2.736382 -0.034246
v -0.039551 2.723186 -0.016437
v -0.035897 2.718238 0.008442
v -0.039825 2.723070 0.033298
v -0.050124 2.736186 0.051058
v -0.063774 2.753736 0.057062
v -0.077081 2.770961 0.050112
v -0.086618 2.783429 0.032297
v -0.061001 2.801306 0.008496
v -0.058450 2.796335 -0.015487
v -0.051724 2.782574 -0.033272
v -0.042499 2.763471 -0.040184
v -0.033159 2.743943 -0.034135
v -0.026236 2.729292 -0.016348
v -0.023763 2.723802 0.008521
v -0.026510 2.729177 0.033385
v -0.033629 2.743748 0.051165
v -0.043035 2.763245 0.057199
v -0.052182 2.782378 0.050276
v -0.058714 2.796224 0.032482
v -0.029544 2.809481 0.008688
v -0.028184 2.804202 -0.015304
v -0.024711 2.789590 -0.033108
v -0.020001 2.769316 -0.040046
v -0.015265 2.748591 -0.034024
v -0.011794 2.733045 -0.016258
v -0.010602 2.727223 0.008602
v -0.012068 2.732930 0.033472
v -0.015735 2.748395 0.051273
v -0.020538 2.769090 0.057336
v -0.025172 2.789396 0.050442
v -0.028448 2.804091 0.032667
v 0.003163 2.812220 0.008874
v 0.003290 2.806838 -0.015124
v 0.003374 2.791943 -0.032948
v 0.003392 2.771276 -0.039913
v 0.003339 2.750152 -0.033920
v 0.003227 2.734302 -0.016172
v 0.003084 2.728369 0.008680
v 0.002953 2.734186 0.033557
v 0.002869 2.749955 0.051380
v 0.002856 2.771050 0.057470
v 0.002914 2.791748 0.050602
v 0.003026 2.806727 0.032845
v 0.035864 2.809418 0.009048
v 0.034758 2.804142 -0.014957
v 0.031455 2.789537 -0.032799
v 0.026782 2.769272 -0.039789
v 0.021941 2.748555 -0.033819
v 0.018245 2.733017 -0.016092
v 0.016768 2.727197 0.008752
v 0.017971 2.732902 0.033637
v 0.021471 2.748360 0.051477
v 0.026246 2.769047 0.057594
v 0.030994 2.789342 0.050752
v 0.034494 2.804031 0.033013
v 0.067306 2.801183 0.009202
v 0.065009 2.796217 -0.014807
v 0.058453 2.782469 -0.032665
v 0.049269 2.763384 -0.039678
v 0.039826 2.743874 -0.033734
v 0.032681 2.729236 -0.016023
v 0.029923 2.723750 0.008817
v 0.032407 2.729121 0.033710
v 0.039356 2.743677 0.051567
v 0.048733 2.763157 0.057704
v 0.057991 2.782273 0.050882
v 0.064745 2.796106 0.033162
v 0.096273 2.787832 0.009331
v 0.092890 2.783370 -0.014683
v 0.083331 2.771004 -0.032554
v 0.069990 2.753833 -0.039586
v 0.056307 2.736281 -0.033662
v 0.045983 2.723104 -0.015966
v 0.042046 2.718163 0.008871
v 0.045709 2.722989 0.033769
v 0.055837 2.736084 0.051640
v 0.069453 2.753608 0.057796
v 0.082869 2.770809 0.050993
v 0.092626 2.783258 0.033284
v 0.121658 2.769876 0.009429
v 0.117316 2.766093 -0.014589
v 0.105129 2.755583 -0.032470
v 0.088148 2.740990 -0.039516
v 0.070747 2.726067 -0.033605
v 0.057642 2.714859 -0.015921
v 0.052669 2.710650 0.008912
v 0.057367 2.714744 0.033816
v 0.070277 2.725871 0.051696
v 0.087612 2.740765 0.057866
v 0.104669 2.755390 0.051077
v 0.117052 2.765981 0.033378
v 0.142487 2.748007 0.009493
v 0.137357 2.745049 -0.014531
v 0.123007 2.736802 -0.032417
v 0.103045 2.725348 -0.039470
v 0.082595 2.713626 -0.033568
v 0.067209 2.704818 -0.015893
v 0.061382 2.701498 0.008939
v 0.066935 2.704702 0.033847
v 0.082125 2.713429 0.051733
v 0.102509 2.725122 0.057912
v 0.122545 2.736608 0.051134
v 0.137093 2.744937 0.033442
v 0.157954 2.723065 0.009521
v 0.152242 2.721045 -0.014506
v 0.136287 2.715384 -0.032395
v 0.114109 2.707508 -0.039451
v 0.091396 2.699438 -0.033554
v 0.074310 2.693363 -0.015881
v 0.067856 2.691063 0.008950
v 0.074036 2.693248 0.033860
v 0.090929 2.699242 0.051750
v 0.113573 2.707283 0.057932
v 0.135825 2.715190 0.051159
v 0.151979 2.720934 0.033472
v 0.167525 2.695734 0.009510
v 0.161454 2.694767 -0.014503
v 0.144521 2.692004 -0.032384
v 0.120970 2.688147 -0.039456
v 0.096836 2.684190 -0.033589
v 0.078645 2.681200 -0.015919
v 0.071777 2.680047 0.008946
v 0.078371 2.681084 0.033889
v 0.096368 2.683993 0.051773
v 0.120434 2.687920 0.057923
v 0.144057 2.691810 0.051132
v 0.161190 2.694656 0.033448
v 0.000412 1.643771 0.169244
v 0.024447 1.643797 0.163047
v 0.042335 1.643916 0.145759
v 0.049370 1.644106 0.121729
v 0.043431 1.644320 0.097159
v 0.025740 1.644499 0.078715
v 0.000950 1.644584 0.071774
v -0.023915 1.644546 0.078441
v -0.041810 1.644402 0.096692
v -0.048017 1.644199 0.121192
v -0.041250 1.643996 0.145298
v -0.023553 1.643842 0.162782
v 0.000404 1.615929 0.165966
v 0.024429 1.616982 0.159896
v 0.042311 1.619919 0.142968
v 0.049361 1.624000 0.119436
v 0.043458 1.628180 0.095347
v 0.025777 1.631324 0.077222
v 0.000946 1.632509 0.070389
v -0.023961 1.631371 0.076948
v -0.041848 1.628260 0.094879
v -0.048022 1.624093 0.118899
v -0.041242 1.619998 0.142505
v -0.023551 1.617028 0.159632
v 0.000431 1.588902 0.156362
v 0.024455 1.590974 0.150657
v 0.042335 1.596712 0.134721
v 0.049381 1.604669 0.112571
v 0.043472 1.612806 0.089882
v 0.025791 1.618912 0.072815
v 0.000957 1.621200 0.066370
v -0.023951 1.618960 0.072541
v -0.041832 1.612886 0.089415
v -0.048003 1.604763 0.112032
v -0.041219 1.596792 0.134259
v -0.023524 1.591020 0.150393
v 0.000493 1.564012 0.140814
v 0.024512 1.567021 0.135694
v 0.042387 1.575337 0.121371
v 0.049425 1.586865 0.101447
v 0.043506 1.598648 0.081035
v 0.025819 1.607481 0.065677
v 0.000983 1.610785 0.059861
v -0.023921 1.607529 0.065402
v -0.041795 1.598728 0.080565
v -0.047958 1.586958 0.100911
v -0.041164 1.575418 0.120909
v -0.023462 1.567066 0.135430
v 0.000587 1.542211 0.119916
v 0.024601 1.546042 0.115585
v 0.042467 1.556615 0.103432
v 0.049493 1.571272 0.086499
v 0.043560 1.586246 0.069145
v 0.025860 1.597471 0.056076
v 0.001023 1.601661 0.051118
v -0.023875 1.597518 0.055802
v -0.041741 1.586326 0.068677
v -0.047891 1.571365 0.085962
v -0.041082 1.556696 0.102969
v -0.023370 1.546089 0.115320
v 0.000711 1.524337 0.094471
v 0.024720 1.528845 0.091100
v 0.042573 1.541268 0.081580
v 0.049581 1.558490 0.068298
v 0.043630 1.576080 0.054672
v 0.025916 1.589263 0.044392
v 0.001074 1.594182 0.040471
v -0.023818 1.589310 0.044119
v -0.041671 1.576158 0.054204
v -0.047803 1.558583 0.067762
v -0.040977 1.541350 0.081118
v -0.023252 1.528890 0.090836
v 0.000858 1.511081 0.065459
v 0.024860 1.516087 0.063180
v 0.042700 1.529885 0.056667
v 0.049686 1.549008 0.047547
v 0.043713 1.568538 0.038167
v 0.025984 1.583175 0.031071
v 0.001136 1.588636 0.028330
v -0.023751 1.583223 0.030797
v -0.041587 1.568617 0.037698
v -0.047698 1.549101 0.047011
v -0.040851 1.529966 0.056207
v -0.023109 1.516132 0.062916
v 0.001023 1.502950 0.033992
v 0.025016 1.508259 0.032903
v 0.042842 1.522901 0.029647
v 0.049804 1.543191 0.025041
v 0.043807 1.563914 0.020267
v 0.026058 1.579442 0.016621
v 0.001205 1.585232 0.015164
v -0.023673 1.579489 0.016347
v -0.041493 1.563993 0.019798
v -0.047579 1.543284 0.024505
v -0.040708 1.522982 0.029187
v -0.022946 1.508305 0.032639
v 0.001200 1.500255 0.001281
v 0.025185 1.505665 0.001426
v 0.042994 1.520588 0.001559
v 0.049931 1.541263 0.001645
v 0.043908 1.562381 0.001661
v 0.026138 1.578205 0.001599
v 0.001279 1.584103 0.001476
v -0.023589 1.578253 0.001325
v -0.041392 1.562461 0.001191
v -0.047452 1.541356 0.001109
v -0.040556 1.520668 0.001099
v -0.022774 1.505710 0.001162
v 0.001383 1.503101 -0.031416
v 0.025363 1.508405 -0.030039
v 0.043151 1.523031 -0.026519
v 0.050062 1.543299 -0.021742
v 0.044012 1.564000 -0.016939
v 0.026223 1.579512 -0.013417
v 0.001356 1.585295 -0.012206
v -0.023507 1.579559 -0.013690
v -0.041288 1.564079 -0.017409
v -0.047321 1.543392 -0.022278
v -0.040399 1.523112 -0.026979
v -0.022599 1.508450 -0.030303
v 0.001564 1.511378 -0.062845
v 0.025540 1.516372 -0.060279
v 0.043307 1.530140 -0.053506
v 0.050191 1.549221 -0.044221
v 0.044115 1.568707 -0.034817
v 0.026308 1.583312 -0.027847
v 0.001431 1.588759 -0.025356
v -0.023426 1.583359 -0.028121
v -0.041185 1.568786 -0.035287
v -0.047192 1.549314 -0.044757
v -0.040244 1.530221 -0.053966
v -0.022429 1.516418 -0.060543
v 0.001736 1.524768 -0.091795
v 0.025709 1.529261 -0.088140
v 0.043454 1.541640 -0.078365
v 0.050315 1.558797 -0.064928
v 0.044214 1.576325 -0.051286
v 0.026387 1.589462 -0.041142
v 0.001503 1.594362 -0.037472
v -0.023347 1.589509 -0.041416
v -0.041088 1.576404 -0.051758
v -0.047069 1.558892 -0.065464
v -0.040096 1.541720 -0.078824
v -0.022265 1.529305 -0.088404
v 0.001893 1.542760 -0.117157
v 0.025860 1.546571 -0.112542
v 0.043589 1.557088 -0.100141
v 0.050427 1.571665 -0.083070
v 0.044303 1.586558 -0.065712
v 0.026459 1.597723 -0.052788
v 0.001569 1.601890 -0.048085
v -0.023275 1.597770 -0.053062
v -0.040998 1.586638 -0.066184
v -0.046957 1.571757 -0.083607
v -0.039962 1.557168 -0.100601
v -0.022115 1.546617 -0.112806
v 0.002029 1.564658 -0.137954
v 0.025991 1.567642 -0.132555
v 0.043706 1.575891 -0.117997
v 0.050523 1.587327 -0.097946
v 0.044380 1.599015 -0.077544
v 0.026524 1.607777 -0.062341
v 0.001626 1.611054 -0.056784
v -0.023215 1.607825 -0.062614
v -0.040922 1.599095 -0.078014
v -0.046860 1.587419 -0.098482
v -0.039846 1.575972 -0.118457
v -0.021985 1.567688 -0.132819
v 0.002137 1.589619 -0.153386
v 0.026097 1.591664 -0.147407
v 0.043800 1.597327 -0.131248
v 0.050601 1.605182 -0.108985
v 0.044443 1.613213 -0.086325
v 0.026572 1.619242 -0.069425
v 0.001671 1.621500 -0.063244
v -0.023163 1.619289 -0.069697
v -0.040861 1.613294 -0.086795
v -0.046782 1.605275 -0.109522
v -0.039753 1.597407 -0.131707
v -0.021882 1.591710 -0.147671
v 0.002215 1.616690 -0.162864
v 0.026172 1.617715 -0.156525
v 0.043867 1.620573 -0.139388
v 0.050657 1.624544 -0.115764
v 0.044487 1.628613 -0.091712
v 0.026602 1.631674 -0.073773
v 0.001704 1.632828 -0.067212
v -0.023122 1.631722 -0.074047
v -0.040816 1.628695 -0.092182
v -0.046726 1.624637 -0.116302
v -0.039686 1.620652 -0.139847
v -0.021808 1.617760 -0.156789
v 0.002259 1.644547 -0.166014
v 0.026224 1.644544 -0.159551
v 0.043920 1.644583 -0.142067
v 0.050690 1.644661 -0.117962
v 0.044479 1.644762 -0.093452
v 0.026580 1.644855 -0.075205
v 0.001723 1.644909 -0.068540
v -0.023059 1.644903 -0.075478
v -0.040758 1.644843 -0.093922
v -0.046697 1.644754 -0.118498
v -0.039664 1.644662 -0.142527
v -0.021775 1.644589 -0.159816
v 0.002419 1.833891 -0.162416
v 0.026361 1.832826 -0.156085
v 0.044045 1.829949 -0.138965
v 0.050844 1.825993 -0.115354
v 0.044697 1.821975 -0.091289
v 0.026814 1.818984 -0.073307
v 0.001877 1.817891 -0.066720
v -0.022982 1.819031 -0.073580
v -0.040662 1.822057 -0.091759
v -0.046535 1.826085 -0.115890
v -0.039471 1.830028 -0.139421
v -0.021592 1.832871 -0.156349
v 0.002392 1.861191 -0.152756
v 0.026347 1.859072 -0.146786
v 0.044040 1.853302 -0.130654
v 0.050827 1.845331 -0.108428
v 0.044653 1.837207 -0.085805
v 0.026771 1.831134 -0.068934
v 0.001866 1.828895 -0.062763
v -0.022964 1.831182 -0.069206
v -0.040650 1.837289 -0.086276
v -0.046557 1.845424 -0.108964
v -0.039513 1.853381 -0.131114
v -0.021631 1.859118 -0.147052
v 0.002330 1.886083 -0.137208
v 0.026287 1.883028 -0.131823
v 0.043987 1.874677 -0.117303
v 0.050783 1.863135 -0.097304
v 0.044617 1.851365 -0.076958
v 0.026746 1.842566 -0.061798
v 0.001840 1.839309 -0.056255
v -0.022996 1.842613 -0.062070
v -0.040684 1.851447 -0.077428
v -0.046601 1.863227 -0.097841
v -0.039566 1.874755 -0.117763
v -0.021689 1.883074 -0.132088
v 0.002236 1.907884 -0.116308
v 0.026193 1.904005 -0.111715
v 0.043904 1.893399 -0.099363
v 0.050715 1.878729 -0.082358
v 0.044564 1.863767 -0.065071
v 0.026700 1.852576 -0.052198
v 0.001801 1.848432 -0.047512
v -0.023037 1.852623 -0.052470
v -0.040739 1.863850 -0.065541
v -0.046668 1.878821 -0.082893
v -0.039645 1.893478 -0.099821
v -0.021777 1.904051 -0.111979
v 0.002113 1.925756 -0.090864
v 0.026073 1.921204 -0.087232
v 0.043797 1.908749 -0.077517
v 0.050627 1.891512 -0.064156
v 0.044494 1.873934 -0.050597
v 0.026642 1.860782 -0.040512
v 0.001749 1.855911 -0.036865
v -0.023093 1.860830 -0.040786
v -0.040809 1.874017 -0.051067
v -0.046757 1.891605 -0.064692
v -0.039750 1.908826 -0.077975
v -0.021894 1.921249 -0.087496
v 0.001966 1.939013 -0.061854
v 0.025932 1.933961 -0.059310
v 0.043671 1.920132 -0.052603
v 0.050522 1.900994 -0.043405
v 0.044409 1.881473 -0.034091
v 0.026573 1.866871 -0.027189
v 0.001687 1.861458 -0.024724
v -0.023159 1.866918 -0.027463
v -0.040891 1.881557 -0.034561
v -0.046862 1.901086 -0.043941
v -0.039877 1.920209 -0.053061
v -0.022037 1.934006 -0.059574
v 0.001800 1.947145 -0.030385
v 0.025773 1.941787 -0.029033
v 0.043531 1.927112 -0.025581
v 0.050403 1.906809 -0.020899
v 0.044314 1.886097 -0.016191
v 0.026496 1.870605 -0.012741
v 0.001618 1.864861 -0.011558
v -0.023234 1.870652 -0.013015
v -0.040985 1.886179 -0.016661
v -0.046980 1.906901 -0.021435
v -0.040020 1.927191 -0.026041
v -0.022196 1.941832 -0.029297
v 0.001623 1.949840 0.002325
v 0.025602 1.944379 0.002444
v 0.043378 1.929426 0.002507
v 0.050276 1.908737 0.002498
v 0.044213 1.887632 0.002415
v 0.026414 1.871841 0.002281
v 0.001544 1.865989 0.002130
v -0.023315 1.871887 0.002007
v -0.041086 1.887714 0.001946
v -0.047107 1.908829 0.001961
v -0.040173 1.929504 0.002047
v -0.022367 1.944426 0.002180
v 0.001440 1.946994 0.035022
v 0.025426 1.941641 0.033909
v 0.043221 1.926982 0.030585
v 0.050145 1.906701 0.025885
v 0.044108 1.886010 0.021014
v 0.026331 1.870535 0.017297
v 0.001467 1.864798 0.015813
v -0.023399 1.870582 0.017023
v -0.041189 1.886093 0.020545
v -0.047238 1.906793 0.025348
v -0.040329 1.927061 0.030125
v -0.022543 1.941687 0.033645
v 0.001259 1.938716 0.066453
v 0.025252 1.933675 0.064149
v 0.043064 1.919877 0.057574
v 0.050016 1.900782 0.048363
v 0.044007 1.881304 0.038893
v 0.026249 1.866734 0.031728
v 0.001392 1.861333 0.028962
v -0.023484 1.866782 0.031455
v -0.041293 1.881386 0.038423
v -0.047367 1.900874 0.047827
v -0.040483 1.919954 0.057112
v -0.022717 1.933720 0.063885
v 0.001087 1.925325 0.095401
v 0.025085 1.920789 0.092012
v 0.042916 1.908379 0.082435
v 0.049893 1.891203 0.069071
v 0.043910 1.873689 0.055364
v 0.026171 1.860584 0.045022
v 0.001320 1.855730 0.041078
v -0.023564 1.860632 0.044748
v -0.041392 1.873771 0.054894
v -0.047490 1.891296 0.068534
v -0.040631 1.908457 0.081973
v -0.022881 1.920834 0.091748
v 0.000930 1.907334 0.120761
v 0.024934 1.903478 0.116414
v 0.042782 1.892928 0.104213
v 0.049781 1.878335 0.087211
v 0.043821 1.863455 0.069790
v 0.026100 1.852324 0.056670
v 0.001254 1.848202 0.051691
v -0.023637 1.852371 0.056394
v -0.041482 1.863538 0.069320
v -0.047603 1.878428 0.086675
v -0.040766 1.893007 0.103753
v -0.023032 1.903524 0.116150
v 0.000795 1.885437 0.141560
v 0.024808 1.882407 0.136426
v 0.042668 1.874122 0.122065
v 0.049684 1.862673 0.102087
v 0.043743 1.850998 0.081620
v 0.026040 1.842269 0.066222
v 0.001197 1.839038 0.060391
v -0.023701 1.842316 0.065949
v -0.041558 1.851080 0.081150
v -0.047699 1.862765 0.101550
v -0.040884 1.874201 0.121603
v -0.023165 1.882453 0.136162
v 0.000686 1.860474 0.156992
v 0.024705 1.858384 0.151277
v 0.042575 1.852687 0.135315
v 0.049606 1.844818 0.113126
v 0.043682 1.836798 0.090401
v 0.025990 1.830805 0.073307
v 0.001152 1.828594 0.066851
v -0.023752 1.830852 0.073033
v -0.041621 1.836881 0.089935
v -0.047777 1.844910 0.112590
v -0.040979 1.852765 0.134853
v -0.023272 1.858429 0.151015
v 0.000607 1.833130 0.166526
v 0.024617 1.832093 0.160454
v 0.042489 1.829294 0.143516
v 0.049548 1.825447 0.119960
v 0.043668 1.821543 0.095821
v 0.025989 1.818635 0.077626
v 0.001120 1.817573 0.070756
v -0.023821 1.818682 0.077351
v -0.041695 1.821625 0.095353
v -0.047832 1.825539 0.119424
v -0.041027 1.829374 0.143053
v -0.023335 1.832138 0.160190
v 0.169963 1.929250 0.007749
v 0.163766 1.929345 -0.016287
v 0.146477 1.929500 -0.034174
v 0.122447 1.929679 -0.041207
v 0.097878 1.929840 -0.035269
v 0.079433 1.929935 -0.017578
v 0.072491 1.929930 0.007214
v 0.079159 1.929820 0.032078
v 0.097410 1.929643 0.049972
v 0.121911 1.929454 0.056179
v 0.146017 1.929306 0.049410
v 0.163501 1.929234 0.031714
v 0.166723 1.901404 0.007667
v 0.160652 1.902527 -0.016357
v 0.143720 1.905498 -0.034228
v 0.120182 1.909570 -0.041265
v 0.096087 1.913697 -0.035348
v 0.077959 1.916759 -0.017657
v 0.071124 1.917854 0.007178
v 0.077685 1.916644 0.032080
v 0.095619 1.913499 0.049957
v 0.119646 1.909344 0.056118
v 0.143257 1.905305 0.049325
v 0.160388 1.902416 0.031625
v 0.157157 1.874364 0.007551
v 0.151449 1.876506 -0.016466
v 0.135505 1.882280 -0.034328
v 0.113344 1.890230 -0.041347
v 0.090643 1.898316 -0.035413
v 0.073569 1.904341 -0.017712
v 0.067120 1.906538 0.007130
v 0.073295 1.904226 0.032029
v 0.090177 1.898118 0.049891
v 0.112805 1.890005 0.056035
v 0.135043 1.882087 0.049226
v 0.151184 1.876395 0.031512
v 0.141643 1.849452 0.007408
v 0.136519 1.852533 -0.016602
v 0.122185 1.860888 -0.034449
v 0.102244 1.872411 -0.041450
v 0.081816 1.884145 -0.035493
v 0.066447 1.892900 -0.017778
v 0.060626 1.896115 0.007070
v 0.066171 1.892785 0.031963
v 0.081346 1.883947 0.049808
v 0.101708 1.872185 0.055933
v 0.121723 1.860695 0.049101
v 0.136255 1.852421 0.031373
v 0.120775 1.827623 0.007243
v 0.116439 1.831527 -0.016759
v 0.104272 1.842141 -0.034591
v 0.087318 1.856798 -0.041568
v 0.069944 1.871727 -0.035587
v 0.056859 1.882877 -0.017851
v 0.051896 1.886979 0.007001
v 0.056585 1.882761 0.031883
v 0.069475 1.871529 0.049714
v 0.086782 1.856572 0.055815
v 0.103808 1.841949 0.048959
v 0.116175 1.831417 0.031212
v 0.095355 1.809714 0.007060
v 0.091979 1.814296 -0.016934
v 0.082441 1.826764 -0.034747
v 0.069135 1.843991 -0.041698
v 0.055484 1.861542 -0.035690
v 0.045187 1.874653 -0.017933
v 0.041259 1.879486 0.006925
v 0.044913 1.874538 0.031800
v 0.055016 1.861342 0.049610
v 0.068599 1.843765 0.055685
v 0.081979 1.826573 0.048803
v 0.091714 1.814184 0.031037
v 0.066361 1.796419 0.006871
v 0.064076 1.801500 -0.017117
v 0.057544 1.815347 -0.034911
v 0.048397 1.834481 -0.041834
v 0.038990 1.853978 -0.035799
v 0.031874 1.868547 -0.018022
v 0.029125 1.873923 0.006845
v 0.031600 1.868432 0.031714
v 0.038520 1.853778 0.049502
v 0.047861 1.834255 0.055549
v 0.057083 1.815156 0.048640
v 0.063811 1.801389 0.030852
v 0.034905 1.788245 0.006678
v 0.033810 1.793631 -0.017298
v 0.030533 1.808327 -0.035076
v 0.025899 1.828632 -0.041971
v 0.021097 1.849329 -0.035908
v 0.017429 1.864794 -0.018107
v 0.015964 1.870501 0.006765
v 0.017155 1.864679 0.031622
v 0.020627 1.849129 0.049392
v 0.025363 1.828407 0.055411
v 0.030073 1.808134 0.048475
v 0.033546 1.793520 0.030663
v 0.002199 1.785506 0.006492
v 0.002336 1.790994 -0.017476
v 0.002448 1.805975 -0.035236
v 0.002506 1.826673 -0.042105
v 0.002492 1.847770 -0.036014
v 0.002409 1.863537 -0.018191
v 0.002278 1.869354 0.006686
v 0.002135 1.863422 0.031535
v 0.002022 1.847572 0.049286
v 0.001969 1.826447 0.055278
v 0.001988 1.805782 0.048314
v 0.002072 1.790883 0.030484
v -0.030502 1.788307 0.006318
v -0.029133 1.793691 -0.017645
v -0.025633 1.808380 -0.035385
v -0.020884 1.828677 -0.042229
v -0.016109 1.849365 -0.036113
v -0.012609 1.864823 -0.018272
v -0.011406 1.870527 0.006614
v -0.012883 1.864708 0.031457
v -0.016579 1.849165 0.049187
v -0.021421 1.828452 0.055153
v -0.026093 1.808188 0.048165
v -0.029397 1.793580 0.030316
v -0.061943 1.796541 0.006164
v -0.059384 1.801617 -0.017797
v -0.052630 1.815453 -0.035518
v -0.043371 1.834568 -0.042339
v -0.033994 1.854047 -0.036200
v -0.027044 1.868603 -0.018345
v -0.024561 1.873973 0.006549
v -0.027318 1.868488 0.031388
v -0.034464 1.853848 0.049100
v -0.043908 1.834342 0.055043
v -0.053090 1.815260 0.048033
v -0.059648 1.801506 0.030172
v -0.090911 1.809891 0.006035
v -0.087262 1.814467 -0.017922
v -0.077505 1.826918 -0.035628
v -0.064092 1.844116 -0.042431
v -0.050474 1.861642 -0.036274
v -0.040348 1.874735 -0.018404
v -0.036684 1.879560 0.006495
v -0.040622 1.874620 0.031329
v -0.050946 1.861443 0.049027
v -0.064628 1.843892 0.054951
v -0.077964 1.826725 0.047923
v -0.087526 1.814355 0.030052
v -0.116298 1.827848 0.005937
v -0.111689 1.831745 -0.018017
v -0.099302 1.842336 -0.035712
v -0.082251 1.856959 -0.042502
v -0.064914 1.871856 -0.036330
v -0.052005 1.882980 -0.018451
v -0.047308 1.887073 0.006454
v -0.052279 1.882865 0.031284
v -0.065386 1.871657 0.048971
v -0.082788 1.856733 0.054881
v -0.099763 1.842144 0.047838
v -0.111953 1.831634 0.029957
v -0.137125 1.849718 0.005873
v -0.131731 1.852788 -0.018081
v -0.117184 1.861115 -0.035768
v -0.097149 1.872600 -0.042548
v -0.076763 1.884296 -0.036366
v -0.061572 1.893022 -0.018482
v -0.056020 1.896225 0.006428
v -0.061846 1.892907 0.031258
v -0.077233 1.884098 0.048934
v -0.097685 1.872375 0.054835
v -0.117644 1.860923 0.047783
v -0.131995 1.852677 0.029895
v -0.152592 1.874659 0.005846
v -0.146616 1.876790 -0.018107
v -0.130465 1.882533 -0.035793
v -0.108213 1.890441 -0.042567
v -0.085564 1.898483 -0.036384
v -0.068672 1.904476 -0.018493
v -0.062494 1.906662 0.006416
v -0.068944 1.904361 0.031242
v -0.086034 1.898285 0.048921
v -0.108749 1.890215 0.054815
v -0.130924 1.882340 0.047762
v -0.146880 1.876679 0.029871
v -0.162108 1.901717 0.005856
v -0.155770 1.902828 -0.018099
v -0.138637 1.905767 -0.035783
v -0.115018 1.909794 -0.042560
v -0.090972 1.913876 -0.036376
v -0.073037 1.916903 -0.018483
v -0.066477 1.917984 0.006420
v -0.073311 1.916788 0.031241
v -0.091442 1.913678 0.048925
v -0.115556 1.909568 0.054823
v -0.139095 1.905573 0.047770
v -0.156034 1.902717 0.029882
v -0.165295 1.929569 0.005903
v -0.158833 1.929652 -0.018063
v -0.141349 1.929774 -0.035759
v -0.117244 1.929907 -0.042527
v -0.092734 1.930022 -0.036317
v -0.074487 1.930082 -0.018418
v -0.067822 1.930063 0.006441
v -0.074760 1.929967 0.031221
v -0.093204 1.929824 0.048920
v -0.117781 1.929682 0.054859
v -0.141809 1.929580 0.047825
v -0.159097 1.929541 0.029937
v -0.161960 2.118918 0.006360
v -0.155627 2.117939 -0.017585
v -0.138503 2.115143 -0.035278
v -0.114886 2.111242 -0.042091
v -0.090816 2.107238 -0.035956
v -0.072829 2.104213 -0.018084
v -0.066241 2.103047 0.006850
v -0.073103 2.104097 0.031712
v -0.091286 2.107041 0.049402
v -0.115423 2.111016 0.055288
v -0.138959 2.114949 0.048236
v -0.155891 2.117827 0.030366
v -0.152337 2.146230 0.006476
v -0.146365 2.144198 -0.017487
v -0.130224 2.138508 -0.035199
v -0.107987 2.130590 -0.042010
v -0.085354 2.122476 -0.035864
v -0.068473 2.116369 -0.018001
v -0.062300 2.114057 0.006897
v -0.068745 2.116254 0.031734
v -0.085824 2.122280 0.049440
v -0.108524 2.130364 0.055373
v -0.130685 2.138314 0.048356
v -0.146630 2.144087 0.030491
v -0.136824 2.171143 0.006619
v -0.131435 2.168174 -0.017347
v -0.116903 2.159900 -0.035074
v -0.096888 2.148409 -0.041908
v -0.076526 2.136647 -0.035781
v -0.061353 2.127811 -0.017938
v -0.055806 2.124480 0.006957
v -0.061625 2.127695 0.031803
v -0.076996 2.136450 0.049520
v -0.097425 2.148183 0.055475
v -0.117363 2.159706 0.048477
v -0.131699 2.168063 0.030627
v -0.115954 2.192973 0.006784
v -0.111355 2.189178 -0.017186
v -0.098988 2.178647 -0.034932
v -0.081963 2.164022 -0.041789
v -0.064656 2.149065 -0.035687
v -0.051767 2.137833 -0.017860
v -0.047076 2.133615 0.007026
v -0.052040 2.137718 0.031877
v -0.065125 2.148870 0.049614
v -0.082498 2.163797 0.055593
v -0.099447 2.178453 0.048617
v -0.111619 2.189067 0.030785
v -0.090535 2.210879 0.006966
v -0.086896 2.206410 -0.017009
v -0.077164 2.194027 -0.034774
v -0.063779 2.176830 -0.041659
v -0.050196 2.159252 -0.035585
v -0.040093 2.146056 -0.017776
v -0.036439 2.141108 0.007102
v -0.040367 2.145941 0.031959
v -0.050666 2.159056 0.049719
v -0.064316 2.176606 0.055723
v -0.077623 2.193831 0.048773
v -0.087160 2.206299 0.030957
v -0.061543 2.224176 0.007156
v -0.058992 2.219205 -0.016826
v -0.052265 2.205444 -0.034611
v -0.043041 2.186342 -0.041523
v -0.033700 2.166814 -0.035475
v -0.026778 2.152162 -0.017687
v -0.024305 2.146672 0.007182
v -0.027052 2.152047 0.032046
v -0.034171 2.166618 0.049826
v -0.043577 2.186115 0.055860
v -0.052724 2.205248 0.048936
v -0.059256 2.219094 0.031143
v -0.030085 2.232351 0.007349
v -0.028726 2.227073 -0.016643
v -0.025253 2.212461 -0.034448
v -0.020543 2.192187 -0.041386
v -0.015807 2.171461 -0.035364
v -0.012336 2.155916 -0.017597
v -0.011144 2.150093 0.007263
v -0.012610 2.155801 0.032133
v -0.016277 2.171265 0.049933
v -0.021079 2.191961 0.055997
v -0.025714 2.212266 0.049103
v -0.028990 2.226962 0.031327
v 0.002621 2.235090 0.007535
v 0.002748 2.229708 -0.016463
v 0.002832 2.214813 -0.034287
v 0.002851 2.194146 -0.041252
v 0.002798 2.173022 -0.035259
v 0.002685 2.157173 -0.017511
v 0.002542 2.151239 0.007341
v 0.002411 2.157057 0.032218
v 0.002328 2.172826 0.050041
v 0.002314 2.193920 0.056130
v 0.002372 2.214618 0.049263
v 0.002484 2.229598 0.031505
v 0.035322 2.232289 0.007709
v 0.034217 2.227013 -0.016296
v 0.030913 2.212407 -0.034138
v 0.026241 2.192142 -0.041128
v 0.021399 2.171425 -0.035159
v 0.017703 2.155887 -0.017432
v 0.016227 2.150067 0.007413
v 0.017429 2.155772 0.032298
v 0.020929 2.171230 0.050138
v 0.025704 2.191917 0.056255
v 0.030452 2.212213 0.049412
v 0.033952 2.226902 0.031674
v 0.066764 2.224054 0.007863
v 0.064468 2.219088 -0.016146
v 0.057912 2.205339 -0.034004
v 0.048727 2.186254 -0.041018
v 0.039284 2.166744 -0.035073
v 0.032139 2.152106 -0.017363
v 0.029381 2.146621 0.007478
v 0.031866 2.151991 0.032371
v 0.038814 2.166547 0.050227
v 0.048191 2.186028 0.056365
v 0.057450 2.205143 0.049543
v 0.064203 2.218977 0.031822
v 0.095731 2.210702 0.007992
v 0.092348 2.206240 -0.016022
v 0.082789 2.193875 -0.033894
v 0.069448 2.176704 -0.040926
v 0.055765 2.159151 -0.035001
v 0.045442 2.145974 -0.017305
v 0.041504 2.141034 0.007532
v 0.045168 2.145859 0.032430
v 0.055296 2.158954 0.050301
v 0.068911 2.176478 0.056457
v 0.082327 2.193680 0.049653
v 0.092084 2.206129 0.031944
v 0.121116 2.192747 0.008090
v 0.116775 2.188963 -0.015928
v 0.104587 2.178454 -0.033809
v 0.087606 2.163861 -0.040855
v 0.070206 2.148937 -0.034944
v 0.057100 2.137730 -0.017260
v 0.052127 2.133520 0.007573
v 0.056825 2.137614 0.032477
v 0.069736 2.148741 0.050357
v 0.087070 2.163635 0.056527
v 0.104127 2.178260 0.049738
v 0.116510 2.188852 0.032039
v 0.141945 2.170878 0.008154
v 0.136815 2.167919 -0.015870
v 0.122465 2.159673 -0.033756
v 0.102503 2.148219 -0.040810
v 0.082053 2.136496 -0.034907
v 0.066667 2.127688 -0.017233
v 0.060840 2.124368 0.007600
v 0.066393 2.127573 0.032508
v 0.081583 2.136299 0.050393
v 0.101967 2.147993 0.056573
v 0.122003 2.159478 0.049795
v 0.136551 2.167808 0.032103
v 0.157412 2.145935 0.008181
v 0.151700 2.143916 -0.015845
v 0.135745 2.138255 -0.033734
v 0.113567 2.130378 -0.040790
v 0.090854 2.122308 -0.034894
v 0.073768 2.116234 -0.017220
v 0.067314 2.113933 0.007611
v 0.073494 2.116119 0.032521
v 0.090387 2.122112 0.050411
v 0.113031 2.130153 0.056593
v 0.135283 2.138061 0.049820
v 0.151437 2.143805 0.032133
v 0.166983 2.118605 0.008171
v 0.160913 2.117637 -0.015842
v 0.143979 2.114874 -0.033723
v 0.120428 2.111017 -0.040795
v 0.096295 2.107061 -0.034928
v 0.078103 2.104070 -0.017258
v 0.071235 2.102917 0.007607
v 0.077829 2.103955 0.032550
v 0.095826 2.106863 0.050434
v 0.119892 2.110791 0.056584
v 0.143516 2.114681 0.049793
v 0.160648 2.117526 0.032109
v -0.000130 1.066641 0.167905
v 0.023905 1.066667 0.161707
v 0.041793 1.066787 0.144419
v 0.048828 1.066977 0.120390
v 0.042889 1.067191 0.095820
v 0.025199 1.067369 0.077376
v 0.000408 1.067454 0.070434
v -0.024457 1.067416 0.077102
v -0.042352 1.067272 0.095353
v -0.048559 1.067069 0.119853
v -0.041792 1.066866 0.143959
v -0.024095 1.066713 0.161443
v -0.000138 1.038800 0.164626
v 0.023887 1.039853 0.158557
v 0.041769 1.042789 0.141629
v 0.048820 1.046871 0.118096
v 0.042916 1.051050 0.094008
v 0.025235 1.054194 0.075883
v 0.000404 1.055380 0.069050
v -0.024502 1.054242 0.075609
v -0.042390 1.051131 0.093540
v -0.048564 1.046963 0.117560
v -0.041784 1.042869 0.141165
v -0.024093 1.039898 0.158292
v -0.000111 1.011773 0.155023
v 0.023913 1.013845 0.149318
v 0.041793 1.019582 0.133382
v 0.048839 1.027540 0.111231
v 0.042931 1.035676 0.088542
v 0.025250 1.041783 0.071476
v 0.000415 1.044070 0.065030
v -0.024492 1.041830 0.071202
v -0.042374 1.035757 0.088076
v -0.048545 1.027633 0.110693
v -0.041760 1.019662 0.132920
v -0.024066 1.013891 0.149053
v -0.000049 0.986882 0.139475
v 0.023970 0.989892 0.134355
v 0.041845 0.998208 0.120032
v 0.048883 1.009735 0.100108
v 0.042965 1.021518 0.079695
v 0.025277 1.030352 0.064338
v 0.000441 1.033655 0.058522
v -0.024463 1.030399 0.064063
v -0.042337 1.021599 0.079226
v -0.048500 1.009828 0.099571
v -0.041706 0.998288 0.119570
v -0.024004 0.989937 0.134090
v 0.000045 0.965081 0.118576
v 0.024060 0.968913 0.114246
v 0.041925 0.979486 0.102093
v 0.048951 0.994143 0.085159
v 0.043018 1.009116 0.067806
v 0.025318 1.020341 0.054737
v 0.000481 1.024531 0.049779
v -0.024416 1.020388 0.054463
v -0.042283 1.009196 0.067338
v -0.048433 0.994235 0.084623
v -0.041624 0.979566 0.101629
v -0.023912 0.968960 0.113981
v 0.000169 0.947207 0.093131
v 0.024178 0.951715 0.089761
v 0.042031 0.964138 0.080241
v 0.049039 0.981361 0.066959
v 0.043088 0.998950 0.053332
v 0.025374 1.012133 0.043053
v 0.000532 1.017052 0.039132
v -0.024360 1.012181 0.042779
v -0.042213 0.999029 0.052864
v -0.048345 0.981454 0.066423
v -0.041519 0.964220 0.079779
v -0.023794 0.951760 0.089497
v 0.000316 0.933952 0.064120
v 0.024318 0.938957 0.061841
v 0.042158 0.952755 0.055328
v 0.049144 0.971879 0.046208
v 0.043171 0.991409 0.036828
v 0.025442 1.006046 0.029731
v 0.000594 1.011506 0.026991
v -0.024293 1.006093 0.029458
v -0.042129 0.991488 0.036358
v -0.048239 0.971972 0.045672
v -0.041393 0.952837 0.054868
v -0.023650 0.939003 0.061577
v 0.000481 0.925820 0.032652
v 0.024474 0.931129 0.031564
v 0.042300 0.945771 0.028308
v 0.049262 0.966061 0.023702
v 0.043265 0.986785 0.018928
v 0.025516 1.002312 0.015282
v 0.000663 1.008103 0.013824
v -0.024214 1.002360 0.015008
v -0.042034 0.986863 0.018458
v -0.048121 0.966154 0.023166
v -0.041250 0.945853 0.027848
v -0.023488 0.931175 0.031300
v 0.000659 0.923126 -0.000058
v 0.024644 0.928535 0.000087
v 0.042452 0.943458 0.000220
v 0.049389 0.964134 0.000306
v 0.043366 0.985251 0.000321
v 0.025596 1.001076 0.000260
v 0.000737 1.006974 0.000137
v -0.024131 1.001123 -0.000014
v -0.041933 0.985332 -0.000148
v -0.047994 0.964226 -0.000231
v -0.041098 0.943538 -0.000241
v -0.023315 0.928581 -0.000177
v 0.000841 0.925972 -0.032755
v 0.024821 0.931275 -0.031378
v 0.042609 0.945901 -0.027858
v 0.049520 0.966170 -0.023081
v 0.043470 0.986871 -0.018278
v 0.025681 1.002382 -0.014756
v 0.000814 1.008166 -0.013546
v -0.024049 1.002429 -0.015030
v -0.041829 0.986949 -0.018748
v -0.047863 0.966262 -0.023618
v -0.040941 0.945983 -0.028318
v -0.023141 0.931321 -0.031642
v 0.001022 0.934248 -0.064184
v 0.024999 0.939243 -0.061618
v 0.042765 0.953011 -0.054845
v 0.049650 0.972091 -0.045560
v 0.043573 0.991578 -0.036156
v 0.025766 1.006182 -0.029186
v 0.000890 1.011630 -0.026696
v -0.023968 1.006229 -0.029460
v -0.041727 0.991657 -0.036626
v -0.047734 0.972184 -0.046096
v -0.040786 0.953092 -0.055305
v -0.022970 0.939289 -0.061882
v 0.001195 0.947638 -0.093134
v 0.025167 0.952131 -0.089479
v 0.042913 0.964510 -0.079705
v 0.049773 0.981668 -0.066267
v 0.043672 0.999195 -0.052626
v 0.025845 1.012332 -0.042481
v 0.000962 1.017233 -0.038811
v -0.023888 1.012379 -0.042755
v -0.041629 0.999274 -0.053097
v -0.047611 0.981762 -0.066803
v -0.040638 0.964591 -0.080163
v -0.022807 0.952176 -0.089743
v 0.001351 0.965630 -0.118496
v 0.025318 0.969442 -0.113881
v 0.043047 0.979958 -0.101480
v 0.049885 0.994535 -0.084410
v 0.043761 1.009428 -0.067052
v 0.025918 1.020593 -0.054127
v 0.001027 1.024761 -0.049424
v -0.023817 1.020640 -0.054401
v -0.041540 1.009509 -0.067523
v -0.047499 0.994628 -0.084946
v -0.040504 0.980039 -0.101941
v -0.022657 0.969488 -0.114146
v 0.001487 0.987528 -0.139293
v 0.025449 0.990513 -0.133894
v 0.043165 0.998762 -0.119336
v 0.049982 1.010197 -0.099285
v 0.043838 1.021885 -0.078883
v 0.025982 1.030648 -0.063680
v 0.001084 1.033925 -0.058124
v -0.023757 1.030695 -0.063954
v -0.041463 1.021966 -0.079353
v -0.047402 1.010290 -0.099822
v -0.040388 0.998842 -0.119796
v -0.022527 0.990558 -0.134159
v 0.001595 1.012490 -0.154725
v 0.025555 1.014535 -0.148746
v 0.043258 1.020198 -0.132588
v 0.050059 1.028053 -0.110325
v 0.043901 1.036083 -0.087665
v 0.026030 1.042112 -0.070764
v 0.001129 1.044370 -0.064584
v -0.023705 1.042159 -0.071037
v -0.041403 1.036165 -0.088135
v -0.047324 1.028146 -0.110861
v -0.040295 1.020278 -0.133046
v -0.022424 1.014581 -0.149010
v 0.001673 1.039561 -0.164203
v 0.025631 1.040585 -0.157864
v 0.043325 1.043443 -0.140728
v 0.050115 1.047415 -0.117103
v 0.043945 1.051484 -0.093052
v 0.026060 1.054545 -0.075112
v 0.001162 1.055698 -0.068551
v -0.023663 1.054592 -0.075386
v -0.041357 1.051565 -0.093522
v -0.047268 1.047508 -0.117641
v -0.040228 1.043522 -0.141186
v -0.022350 1.040631 -0.158129
v 0.001717 1.067417 -0.167353
v 0.025683 1.067414 -0.160890
v 0.043379 1.067453 -0.143406
v 0.050148 1.067532 -0.119301
v 0.043937 1.067632 -0.094791
v 0.026039 1.067726 -0.076544
v 0.001181 1.067779 -0.069879
v -0.023601 1.067773 -0.076817
v -0.041300 1.067713 -0.095261
v -0.047239 1.067624 -0.119838
v -0.040206 1.067533 -0.143867
v -0.022317 1.067460 -0.161155
v 0.001878 1.256762 -0.163756
v 0.025819 1.255696 -0.157424
v 0.043503 1.252819 -0.140304
v 0.050303 1.248863 -0.116693
v 0.044155 1.244846 -0.092628
v 0.026272 1.241854 -0.074646
v 0.001335 1.240761 -0.068059
v -0.023524 1.241902 -0.074920
v -0.041204 1.244928 -0.093098
v -0.047077 1.248955 -0.117229
v -0.040013 1.252898 -0.140760
v -0.022134 1.255741 -0.157688
v 0.001850 1.284061 -0.154095
v 0.025805 1.281943 -0.148126
v 0.043499 1.276173 -0.131994
v 0.050285 1.268202 -0.109767
v 0.044111 1.260077 -0.087145
v 0.026229 1.254005 -0.070273
v 0.001324 1.251765 -0.064102
v -0.023506 1.254052 -0.070545
v -0.041192 1.260159 -0.087615
v -0.047099 1.268295 -0.110304
v -0.040055 1.276252 -0.132454
v -0.022172 1.281988 -0.148391
v 0.001788 1.308953 -0.138547
v 0.025745 1.305898 -0.133163
v 0.043445 1.297547 -0.118643
v 0.050241 1.286005 -0.098644
v 0.044075 1.274235 -0.078298
v 0.026204 1.265436 -0.063137
v 0.001298 1.262180 -0.057594
v -0.023537 1.265483 -0.063409
v -0.041226 1.274318 -0.078768
v -0.047143 1.286098 -0.099180
v -0.040108 1.297626 -0.119103
v -0.022230 1.305944 -0.133427
v 0.001694 1.330754 -0.117647
v 0.025651 1.326876 -0.113054
v 0.043362 1.316270 -0.100702
v 0.050173 1.301599 -0.083697
v 0.044022 1.286638 -0.066410
v 0.026158 1.275446 -0.053537
v 0.001259 1.271302 -0.048852
v -0.023579 1.275493 -0.053809
v -0.041281 1.286721 -0.066880
v -0.047210 1.301692 -0.084232
v -0.040187 1.316348 -0.101160
v -0.022319 1.326921 -0.113318
v 0.001571 1.348626 -0.092204
v 0.025531 1.344074 -0.088571
v 0.043255 1.331619 -0.078856
v 0.050085 1.314382 -0.065495
v 0.043952 1.296805 -0.051937
v 0.026101 1.283653 -0.041852
v 0.001207 1.278781 -0.038204
v -0.023634 1.283700 -0.042125
v -0.041351 1.296887 -0.052406
v -0.047298 1.314476 -0.066032
v -0.040291 1.331697 -0.079315
v -0.022436 1.344120 -0.088835
v 0.001424 1.361884 -0.063193
v 0.025390 1.356831 -0.060649
v 0.043129 1.343003 -0.053942
v 0.049980 1.323865 -0.044744
v 0.043867 1.304344 -0.035430
v 0.026032 1.289741 -0.028528
v 0.001146 1.284329 -0.026063
v -0.023701 1.289788 -0.028802
v -0.041433 1.304427 -0.035900
v -0.047404 1.323957 -0.045280
v -0.040419 1.343080 -0.054400
v -0.022579 1.356877 -0.060913
v 0.001258 1.370016 -0.031725
v 0.025231 1.364657 -0.030372
v 0.042989 1.349982 -0.026920
v 0.049861 1.329680 -0.022238
v 0.043772 1.308967 -0.017530
v 0.025954 1.293475 -0.014081
v 0.001076 1.287732 -0.012897
v -0.023775 1.293522 -0.014354
v -0.041526 1.309050 -0.018000
v -0.047522 1.329772 -0.022774
v -0.040562 1.350061 -0.027380
v -0.022738 1.364703 -0.030636
v 0.001081 1.372710 0.000985
v 0.025061 1.367250 0.001105
v 0.042836 1.352297 0.001168
v 0.049734 1.331607 0.001158
v 0.043671 1.310503 0.001076
v 0.025872 1.294711 0.000941
v 0.001002 1.288859 0.000791
v -0.023856 1.294758 0.000668
v -0.041628 1.310585 0.000606
v -0.047649 1.331699 0.000622
v -0.040714 1.352375 0.000708
v -0.022908 1.367296 0.000841
v 0.000898 1.369864 0.033683
v 0.024885 1.364511 0.032570
v 0.042679 1.349852 0.029246
v 0.049604 1.329571 0.024545
v 0.043567 1.308880 0.019675
v 0.025789 1.293405 0.015957
v 0.000926 1.287668 0.014474
v -0.023941 1.293453 0.015684
v -0.041731 1.308964 0.019206
v -0.047780 1.329664 0.024009
v -0.040871 1.349931 0.028786
v -0.023085 1.364557 0.032306
v 0.000717 1.361586 0.065113
v 0.024710 1.356545 0.062810
v 0.042522 1.342748 0.056235
v 0.049474 1.323652 0.047024
v 0.043465 1.304175 0.037554
v 0.025708 1.289605 0.030389
v 0.000850 1.284204 0.027623
v -0.024026 1.289652 0.030115
v -0.041835 1.304257 0.037084
v -0.047909 1.323744 0.046488
v -0.041025 1.342825 0.055773
v -0.023259 1.356591 0.062546
v 0.000545 1.348195 0.094062
v 0.024543 1.343659 0.090673
v 0.042374 1.331249 0.081096
v 0.049351 1.314074 0.067731
v 0.043368 1.296559 0.054025
v 0.025630 1.283455 0.043683
v 0.000778 1.278601 0.039739
v -0.024106 1.283502 0.043409
v -0.041934 1.296641 0.053555
v -0.048032 1.314166 0.067195
v -0.041172 1.331327 0.080634
v -0.023423 1.343705 0.090408
v 0.000388 1.330205 0.119422
v 0.024393 1.326349 0.115075
v 0.042240 1.315798 0.102873
v 0.049239 1.301206 0.085872
v 0.043279 1.286325 0.068451
v 0.025559 1.275194 0.055330
v 0.000712 1.271073 0.050351
v -0.024179 1.275241 0.055055
v -0.042023 1.286408 0.067981
v -0.048144 1.301299 0.085336
v -0.041308 1.315878 0.102413
v -0.023574 1.326395 0.114811
v 0.000253 1.308308 0.140221
v 0.024266 1.305278 0.135087
v 0.042126 1.296993 0.120725
v 0.049142 1.285543 0.100748
v 0.043201 1.273868 0.080281
v 0.025498 1.265140 0.064883
v 0.000656 1.261909 0.059052
v -0.024243 1.265187 0.064609
v -0.042100 1.273950 0.079811
v -0.048241 1.285636 0.100211
v -0.041426 1.297071 0.120264
v -0.023707 1.305323 0.134822
v 0.000144 1.283344 0.155653
v 0.024163 1.281254 0.149938
v 0.042033 1.275557 0.133976
v 0.049065 1.267688 0.111787
v 0.043140 1.259669 0.089062
v 0.025449 1.253676 0.071968
v 0.000610 1.251465 0.065512
v -0.024294 1.253723 0.071694
v -0.042163 1.259752 0.088596
v -0.048319 1.267781 0.111251
v -0.041520 1.275636 0.133513
v -0.023814 1.281300 0.149675
v 0.000065 1.256000 0.165187
v 0.024075 1.254963 0.159114
v 0.041947 1.252165 0.142177
v 0.049007 1.248318 0.118621
v 0.043126 1.244414 0.094482
v 0.025447 1.241505 0.076287
v 0.000578 1.240443 0.069417
v -0.024362 1.241553 0.076012
v -0.042237 1.244496 0.094013
v -0.048373 1.248410 0.118085
v -0.041569 1.252244 0.141714
v -0.023877 1.255008 0.158850
v 0.169422 1.352120 0.006410
v 0.163224 1.352216 -0.017626
v 0.145936 1.352370 -0.035514
v 0.121906 1.352550 -0.042547
v 0.097336 1.352710 -0.036608
v 0.078891 1.352806 -0.018917
v 0.071950 1.352800 0.005874
v 0.078618 1.352691 0.030739
v 0.096868 1.352513 0.048633
v 0.121369 1.352324 0.054839
v 0.145475 1.352176 0.048071
v 0.162959 1.352105 0.030374
v 0.166181 1.324274 0.006327
v 0.160110 1.325397 -0.017696
v 0.143178 1.328369 -0.035567
v 0.119640 1.332441 -0.042604
v 0.095546 1.336568 -0.036687
v 0.077417 1.339629 -0.018996
v 0.070582 1.340724 0.005839
v 0.077143 1.339514 0.030741
v 0.095077 1.336370 0.048618
v 0.119104 1.332215 0.054779
v 0.142715 1.328176 0.047986
v 0.159846 1.325286 0.030286
v 0.156615 1.297234 0.006212
v 0.150907 1.299377 -0.017805
v 0.134963 1.305150 -0.035667
v 0.112802 1.313101 -0.042686
v 0.090102 1.321186 -0.036753
v 0.073027 1.327211 -0.019051
v 0.066578 1.329409 0.005791
v 0.072753 1.327097 0.030690
v 0.089635 1.320988 0.048552
v 0.112264 1.312876 0.054696
v 0.134501 1.304958 0.047887
v 0.150643 1.299266 0.030173
v 0.141102 1.272323 0.006069
v 0.135977 1.275403 -0.017941
v 0.121643 1.283758 -0.035789
v 0.101703 1.295281 -0.042789
v 0.081274 1.307016 -0.036832
v 0.065905 1.315771 -0.019117
v 0.060084 1.318986 0.005731
v 0.065629 1.315656 0.030624
v 0.080804 1.306818 0.048469
v 0.101166 1.295056 0.054594
v 0.121181 1.283565 0.047762
v 0.135713 1.275291 0.030033
v 0.120233 1.250493 0.005903
v 0.115897 1.254397 -0.018098
v 0.103730 1.265012 -0.035930
v 0.086776 1.279668 -0.042907
v 0.069402 1.294598 -0.036926
v 0.056318 1.305747 -0.019190
v 0.051354 1.309849 0.005661
v 0.056043 1.305632 0.030544
v 0.068933 1.294399 0.048374
v 0.086240 1.279443 0.054475
v 0.103266 1.264819 0.047620
v 0.115633 1.254287 0.029872
v 0.094813 1.232585 0.005720
v 0.091437 1.237166 -0.018273
v 0.081899 1.249635 -0.036087
v 0.068594 1.266861 -0.043037
v 0.054942 1.284412 -0.037030
v 0.044645 1.297523 -0.019272
v 0.040717 1.302356 0.005585
v 0.044371 1.297408 0.030461
v 0.054474 1.284213 0.048271
v 0.068057 1.266636 0.054346
v 0.081437 1.249443 0.047464
v 0.091172 1.237055 0.029698
v 0.065819 1.219290 0.005531
v 0.063534 1.224370 -0.018456
v 0.057002 1.238217 -0.036250
v 0.047855 1.257351 -0.043173
v 0.038449 1.276848 -0.037138
v 0.031332 1.291418 -0.019362
v 0.028584 1.296793 0.005506
v 0.031058 1.291302 0.030375
v 0.037979 1.276649 0.048163
v 0.047319 1.257126 0.054209
v 0.056542 1.238026 0.047300
v 0.063270 1.224259 0.029513
v 0.034363 1.211115 0.005339
v 0.033268 1.216501 -0.018638
v 0.029992 1.231197 -0.036415
v 0.025357 1.251503 -0.043311
v 0.020555 1.272200 -0.037247
v 0.016887 1.287665 -0.019446
v 0.015422 1.293372 0.005425
v 0.016613 1.287550 0.030283
v 0.020085 1.272000 0.048053
v 0.024821 1.251277 0.054072
v 0.029532 1.231005 0.047135
v 0.033004 1.216390 0.029324
v 0.001657 1.208376 0.005153
v 0.001794 1.213864 -0.018815
v 0.001906 1.228845 -0.036575
v 0.001964 1.249543 -0.043444
v 0.001950 1.270641 -0.037353
v 0.001867 1.286407 -0.019530
v 0.001736 1.292224 0.005347
v 0.001593 1.286292 0.030196
v 0.001480 1.270443 0.047947
v 0.001427 1.249318 0.053938
v 0.001446 1.228652 0.046975
v 0.001530 1.213753 0.029144
v -0.031044 1.211177 0.004979
v -0.029674 1.216561 -0.018984
v -0.026174 1.231251 -0.036724
v -0.021426 1.251548 -0.043568
v -0.016651 1.272235 -0.037452
v -0.013150 1.287694 -0.019611
v -0.011948 1.293398 0.005275
v -0.013424 1.287578 0.030118
v -0.017121 1.272035 0.047848
v -0.021962 1.251322 0.053814
v -0.026635 1.231058 0.046826
v -0.029939 1.216450 0.028977
v -0.062485 1.219412 0.004825
v -0.059926 1.224488 -0.019136
v -0.053172 1.238323 -0.036857
v -0.043913 1.257438 -0.043679
v -0.034536 1.276918 -0.037540
v -0.027586 1.291474 -0.019684
v -0.025103 1.296844 0.005210
v -0.027860 1.291359 0.030049
v -0.035006 1.276718 0.047761
v -0.044449 1.257213 0.053704
v -0.053632 1.238131 0.046694
v -0.060190 1.224376 0.028833
v -0.091453 1.232762 0.004696
v -0.087804 1.237338 -0.019262
v -0.078047 1.249788 -0.036967
v -0.064633 1.266987 -0.043771
v -0.051016 1.284513 -0.037613
v -0.040889 1.297606 -0.019743
v -0.037226 1.302430 0.005156
v -0.041164 1.297491 0.029990
v -0.051487 1.284313 0.047688
v -0.065170 1.266763 0.053612
v -0.078506 1.249596 0.046583
v -0.088068 1.237226 0.028712
v -0.116840 1.250719 0.004598
v -0.112230 1.254615 -0.019356
v -0.099844 1.265206 -0.037052
v -0.082793 1.279829 -0.043841
v -0.065456 1.294726 -0.037669
v -0.052547 1.305851 -0.019790
v -0.047849 1.309944 0.005115
v -0.052820 1.305735 0.029945
v -0.065927 1.294528 0.047632
v -0.083330 1.279604 0.053542
v -0.100304 1.265014 0.046499
v -0.112495 1.254504 0.028618
v -0.137667 1.272588 0.004534
v -0.132273 1.275659 -0.019420
v -0.117725 1.283986 -0.037107
v -0.097691 1.295470 -0.043887
v -0.077305 1.307167 -0.037705
v -0.062114 1.315892 -0.019822
v -0.056562 1.319095 0.005088
v -0.062388 1.315777 0.029919
v -0.077775 1.306969 0.047595
v -0.098227 1.295245 0.053496
v -0.118186 1.283793 0.046444
v -0.132537 1.275547 0.028556
v -0.153134 1.297529 0.004506
v -0.147157 1.299660 -0.019446
v -0.131007 1.305403 -0.037132
v -0.108755 1.313311 -0.043906
v -0.086106 1.321353 -0.037723
v -0.069214 1.327347 -0.019832
v -0.063036 1.329532 0.005077
v -0.069486 1.327232 0.029903
v -0.086576 1.321156 0.047581
v -0.109291 1.313086 0.053476
v -0.131465 1.305211 0.046422
v -0.147422 1.299549 0.028532
v -0.162649 1.324587 0.004517
v -0.156312 1.325698 -0.019438
v -0.139179 1.328637 -0.037122
v -0.115560 1.332664 -0.043899
v -0.091514 1.336746 -0.037715
v -0.073579 1.339774 -0.019822
v -0.067019 1.340855 0.005081
v -0.073853 1.339659 0.029902
v -0.091984 1.336549 0.047585
v -0.116098 1.332439 0.053483
v -0.139637 1.328444 0.046431
v -0.156576 1.325587 0.028543
v -0.165837 1.352439 0.004564
v -0.159375 1.352523 -0.019402
v -0.141891 1.352644 -0.037099
v -0.117786 1.352778 -0.043866
v -0.093276 1.352892 -0.037656
v -0.075029 1.352952 -0.019757
v -0.068364 1.352934 0.005102
v -0.075302 1.352838 0.029882
v -0.093746 1.352695 0.047581
v -0.118322 1.352552 0.053519
v -0.142351 1.352451 0.046486
v -0.159639 1.352412 0.028598
v -0.162502 1.541788 0.005020
v -0.156169 1.540809 -0.018924
v -0.139044 1.538013 -0.036618
v -0.115428 1.534112 -0.043430
v -0.091358 1.530108 -0.037295
v -0.073371 1.527083 -0.019423
v -0.066783 1.525918 0.005511
v -0.073645 1.526968 0.030372
v -0.091828 1.529911 0.048063
v -0.115965 1.533887 0.053949
v -0.139501 1.537820 0.046896
v -0.156433 1.540698 0.029027
v -0.152879 1.569100 0.005137
v -0.146906 1.567068 -0.018826
v -0.130766 1.561378 -0.036538
v -0.108529 1.553460 -0.043349
v -0.085895 1.545347 -0.037203
v -0.069015 1.539240 -0.019341
v -0.062842 1.536927 0.005558
v -0.069287 1.539124 0.030394
v -0.086365 1.545150 0.048101
v -0.109066 1.553235 0.054033
v -0.131227 1.561184 0.047016
v -0.147172 1.566957 0.029152
v -0.137365 1.594013 0.005280
v -0.131977 1.591044 -0.018686
v -0.117445 1.582771 -0.036414
v -0.097430 1.571279 -0.043247
v -0.077068 1.559518 -0.037120
v -0.061895 1.550681 -0.019277
v -0.056348 1.547350 0.005618
v -0.062167 1.550565 0.030464
v -0.077538 1.559321 0.048181
v -0.097966 1.571053 0.054136
v -0.117905 1.582577 0.047137
v -0.132241 1.590934 0.029288
v -0.116495 1.615843 0.005445
v -0.111897 1.612049 -0.018525
v -0.099530 1.601518 -0.036271
v -0.082505 1.586893 -0.043128
v -0.065197 1.571936 -0.037026
v -0.052309 1.560704 -0.019199
v -0.047618 1.556485 0.005687
v -0.052581 1.560588 0.030538
v -0.065667 1.571740 0.048275
v -0.083040 1.586668 0.054254
v -0.099989 1.601323 0.047278
v -0.112161 1.611938 0.029446
v -0.091077 1.633749 0.005627
v -0.087438 1.629281 -0.018348
v -0.077706 1.616897 -0.036113
v -0.064321 1.599701 -0.042999
v -0.050738 1.582122 -0.036924
v -0.040635 1.568926 -0.019115
v -0.036981 1.563979 0.005763
v -0.040909 1.568811 0.030619
v -0.051208 1.581926 0.048380
v -0.064858 1.599476 0.054384
v -0.078164 1.616702 0.047433
v -0.087702 1.629170 0.029618
v -0.062085 1.647047 0.005817
v -0.059534 1.642076 -0.018165
v -0.052807 1.628314 -0.035950
v -0.043583 1.609212 -0.042862
v -0.034242 1.589684 -0.036814
v -0.027320 1.575033 -0.019026
v -0.024847 1.569543 0.005843
v -0.027594 1.574918 0.030707
v -0.034712 1.589489 0.048487
v -0.044119 1.608986 0.054520
v -0.053266 1.628119 0.047597
v -0.059798 1.641965 0.029803
v -0.030627 1.655222 0.006009
v -0.029268 1.649943 -0.017982
v -0.025795 1.635331 -0.035787
v -0.021085 1.615057 -0.042725
v -0.016349 1.594332 -0.036703
v -0.012877 1.578786 -0.018936
v -0.011686 1.572964 0.005923
v -0.013151 1.578671 0.030793
v -0.016819 1.594136 0.048594
v -0.021621 1.614831 0.054658
v -0.026255 1.635137 0.047764
v -0.029532 1.649832 0.029988
v 0.002079 1.657961 0.006196
v 0.002206 1.652579 -0.017803
v 0.002290 1.637684 -0.035627
v 0.002309 1.617017 -0.042591
v 0.002256 1.595893 -0.036598
v 0.002143 1.580043 -0.018850
v 0.002000 1.574110 0.006001
v 0.001869 1.579927 0.030879
v 0.001786 1.595696 0.048702
v 0.001772 1.616791 0.054791
v 0.001830 1.637488 0.047924
v 0.001942 1.652468 0.030166
v 0.034780 1.655159 0.006370
v 0.033675 1.649883 -0.017636
v 0.030371 1.635278 -0.035478
v 0.025699 1.615013 -0.042467
v 0.020857 1.594296 -0.036498
v 0.017161 1.578758 -0.018771
v 0.015685 1.572937 0.006074
v 0.016887 1.578643 0.030959
v 0.020387 1.594100 0.048799
v 0.025162 1.614787 0.054915
v 0.029911 1.635083 0.048073
v 0.033411 1.649772 0.030335
v 0.066222 1.646924 0.006524
v 0.063926 1.641958 -0.017485
v 0.057370 1.628210 -0.035343
v 0.048186 1.609125 -0.042357
v 0.038742 1.589615 -0.036412
v 0.031598 1.574977 -0.018702
v 0.028839 1.569491 0.006139
v 0.031324 1.574862 0.031031
v 0.038272 1.589418 0.048888
v 0.047649 1.608898 0.055026
v 0.056908 1.628014 0.048204
v 0.063662 1.641847 0.030483
v 0.095189 1.633573 0.006652
v 0.091806 1.629110 -0.017362
v 0.082247 1.616745 -0.035233
v 0.068906 1.599574 -0.042265
v 0.055224 1.582021 -0.036341
v 0.044900 1.568845 -0.018644
v 0.040962 1.563905 0.006192
v 0.044626 1.568730 0.031090
v 0.054754 1.581825 0.048962
v 0.068370 1.599349 0.055118
v 0.081785 1.616550 0.048314
v 0.091542 1.628999 0.030605
v 0.120574 1.615617 0.006751
v 0.116233 1.611833 -0.017267
v 0.104046 1.601324 -0.035148
v 0.087064 1.586731 -0.042195
v 0.069664 1.571807 -0.036283
v 0.056559 1.560600 -0.018599
v 0.051586 1.556391 0.006234
v 0.056283 1.560485 0.031137
v 0.069194 1.571611 0.049018
v 0.086528 1.586505 0.055188
v 0.103585 1.601131 0.048399
v 0.115968 1.611722 0.030700
v 0.141403 1.593748 0.006815
v 0.136273 1.590790 -0.017209
v 0.121924 1.582543 -0.035095
v 0.101962 1.571089 -0.042149
v 0.081511 1.559367 -0.036247
v 0.066125 1.550559 -0.018572
v 0.060298 1.547239 0.006260
v 0.065852 1.550443 0.031169
v 0.081041 1.559170 0.049054
v 0.101425 1.570863 0.055234
v 0.121462 1.582349 0.048456
v 0.136009 1.590678 0.030763
v 0.156870 1.568806 0.006842
v 0.151158 1.566786 -0.017184
v 0.135203 1.561125 -0.035073
v 0.113026 1.553249 -0.042129
v 0.090312 1.545179 -0.036233
v 0.073226 1.539104 -0.018559
v 0.066773 1.536804 0.006272
v 0.072952 1.538989 0.031181
v 0.089845 1.544983 0.049072
v 0.112489 1.553023 0.055253
v 0.134741 1.560931 0.048481
v 0.150895 1.566675 0.030793
v 0.166442 1.541475 0.006832
v 0.160371 1.540508 -0.017181
v 0.143437 1.537744 -0.035062
v 0.119887 1.533887 -0.042134
v 0.095753 1.529931 -0.036267
v 0.077561 1.526940 -0.018597
v 0.070693 1.525788 0.006268
v 0.077287 1.526825 0.031211
v 0.095284 1.529734 0.049095
v 0.119350 1.533661 0.055245
v 0.142974 1.537551 0.048454
v 0.160106 1.540397 0.030770
v -0.000672 0.489512 0.166566
v 0.023364 0.489537 0.160368
v 0.041251 0.489657 0.143080
v 0.048286 0.489847 0.119050
v 0.042347 0.490061 0.094481
v 0.024657 0.490239 0.076036
v -0.000134 0.490324 0.069095
v -0.024999 0.490287 0.075763
v -0.042894 0.490142 0.094013
v -0.049101 0.489940 0.118514
v -0.042334 0.489737 0.142620
v -0.024636 0.489583 0.160104
v -0.000680 0.461670 0.163287
v 0.023346 0.462723 0.157217
v 0.041228 0.465660 0.140290
v 0.048278 0.469741 0.116757
v 0.042374 0.473921 0.092668
v 0.024693 0.477065 0.074544
v -0.000138 0.478250 0.067711
v -0.025044 0.477113 0.074270
v -0.042932 0.474001 0.092200
v -0.049106 0.469833 0.116221
v -0.042326 0.465739 0.139826
v -0.024635 0.462769 0.156953
v -0.000653 0.434643 0.153684
v 0.023371 0.436715 0.147978
v 0.041251 0.442452 0.132042
v 0.048297 0.450410 0.109892
v 0.042389 0.458546 0.087203
v 0.024708 0.464653 0.070137
v -0.000126 0.466940 0.063691
v -0.025034 0.464701 0.069863
v -0.042916 0.458627 0.086737
v -0.049087 0.450504 0.109354
v -0.042302 0.442533 0.131580
v -0.024608 0.436761 0.147714
v -0.000591 0.409752 0.138136
v 0.023429 0.412762 0.133015
v 0.041304 0.421078 0.118693
v 0.048341 0.432606 0.098769
v 0.042423 0.444389 0.078356
v 0.024736 0.453222 0.062999
v -0.000101 0.456526 0.057183
v -0.025005 0.453269 0.062724
v -0.042879 0.444469 0.077886
v -0.049042 0.432699 0.098232
v -0.042248 0.421159 0.118231
v -0.024546 0.412807 0.132751
v -0.000496 0.387951 0.117237
v 0.023518 0.391783 0.112906
v 0.041383 0.402356 0.100754
v 0.048409 0.417013 0.083820
v 0.042476 0.431987 0.066467
v 0.024776 0.443211 0.053398
v -0.000061 0.447402 0.048440
v -0.024958 0.443259 0.053124
v -0.042825 0.432067 0.065998
v -0.048975 0.417106 0.083284
v -0.042166 0.402437 0.100290
v -0.024454 0.391830 0.112642
v -0.000373 0.370078 0.091792
v 0.023636 0.374586 0.088422
v 0.041489 0.387009 0.078901
v 0.048497 0.404231 0.065620
v 0.042546 0.421820 0.051993
v 0.024832 0.435004 0.041714
v -0.000010 0.439923 0.037793
v -0.024902 0.435051 0.041440
v -0.042755 0.421899 0.051525
v -0.048886 0.404324 0.065084
v -0.042061 0.387091 0.078440
v -0.024335 0.374631 0.088158
v -0.000226 0.356822 0.062780
v 0.023776 0.361827 0.060502
v 0.041616 0.375626 0.053989
v 0.048602 0.394750 0.044869
v 0.042629 0.414279 0.035489
v 0.024900 0.428916 0.028392
v 0.000052 0.434376 0.025652
v -0.024835 0.428963 0.028118
v -0.042671 0.414358 0.035019
v -0.048781 0.394842 0.044332
v -0.041935 0.375707 0.053529
v -0.024192 0.361873 0.060237
v -0.000061 0.348691 0.031313
v 0.023932 0.354000 0.030225
v 0.041758 0.368642 0.026969
v 0.048721 0.388932 0.022363
v 0.042723 0.409655 0.017589
v 0.024974 0.425183 0.013943
v 0.000121 0.430973 0.012485
v -0.024756 0.425231 0.013669
v -0.042576 0.409734 0.017119
v -0.048663 0.389024 0.021826
v -0.041792 0.368723 0.026509
v -0.024030 0.354046 0.029961
v 0.000117 0.345996 -0.001397
v 0.024102 0.351406 -0.001252
v 0.041911 0.366329 -0.001120
v 0.048848 0.387004 -0.001034
v 0.042824 0.408121 -0.001018
v 0.025054 0.423946 -0.001079
v 0.000196 0.429844 -0.001202
v -0.024673 0.423993 -0.001353
v -0.042475 0.408202 -0.001488
v -0.048536 0.387097 -0.001570
v -0.041640 0.366409 -0.001580
v -0.023857 0.351451 -0.001516
v 0.000300 0.348842 -0.034094
v 0.024279 0.354146 -0.032717
v 0.042067 0.368772 -0.029197
v 0.048978 0.389040 -0.024421
v 0.042928 0.409741 -0.019617
v 0.025139 0.425253 -0.016095
v 0.000272 0.431036 -0.014885
v -0.024591 0.425300 -0.016369
v -0.042371 0.409820 -0.020087
v -0.048405 0.389133 -0.024957
v -0.041483 0.368853 -0.029657
v -0.023683 0.354191 -0.032981
v 0.000481 0.357119 -0.065523
v 0.024457 0.362113 -0.062957
v 0.042223 0.375881 -0.056185
v 0.049108 0.394962 -0.046899
v 0.043032 0.414448 -0.037495
v 0.025224 0.429052 -0.030525
v 0.000348 0.434500 -0.028035
v -0.024510 0.429100 -0.030799
v -0.042269 0.414527 -0.037965
v -0.048276 0.395055 -0.047436
v -0.041328 0.375962 -0.056644
v -0.023512 0.362159 -0.063221
v 0.000653 0.370509 -0.094473
v 0.024625 0.375001 -0.090818
v 0.042371 0.387381 -0.081044
v 0.049231 0.404538 -0.067607
v 0.043130 0.422065 -0.053965
v 0.025303 0.435203 -0.043820
v 0.000420 0.440103 -0.040150
v -0.024430 0.435250 -0.044094
v -0.042171 0.422145 -0.054436
v -0.048153 0.404633 -0.068143
v -0.041180 0.387461 -0.081502
v -0.023349 0.375046 -0.091082
v 0.000810 0.388500 -0.119835
v 0.024777 0.392313 -0.115221
v 0.042506 0.402829 -0.102820
v 0.049343 0.417406 -0.085749
v 0.043219 0.432299 -0.068391
v 0.025376 0.443463 -0.055466
v 0.000485 0.447631 -0.050763
v -0.024358 0.443511 -0.055740
v -0.042082 0.432379 -0.068862
v -0.048040 0.417498 -0.086285
v -0.041045 0.402910 -0.103280
v -0.023199 0.392358 -0.115485
v 0.000945 0.410398 -0.140632
v 0.024908 0.413383 -0.135234
v 0.042623 0.421633 -0.120675
v 0.049440 0.433068 -0.100625
v 0.043297 0.444756 -0.080223
v 0.025440 0.453518 -0.065019
v 0.000542 0.456795 -0.059463
v -0.024299 0.453566 -0.065293
v -0.042005 0.444836 -0.080692
v -0.047944 0.433160 -0.101161
v -0.040930 0.421713 -0.121135
v -0.023069 0.413429 -0.135498
v 0.001054 0.435360 -0.156064
v 0.025013 0.437405 -0.150085
v 0.042717 0.443068 -0.133927
v 0.049518 0.450923 -0.111664
v 0.043360 0.458954 -0.089004
v 0.025488 0.464983 -0.072104
v 0.000588 0.467241 -0.065923
v -0.024247 0.465030 -0.072376
v -0.041945 0.459035 -0.089474
v -0.047866 0.451016 -0.112200
v -0.040837 0.443148 -0.134385
v -0.022965 0.437451 -0.150350
v 0.001132 0.462431 -0.165543
v 0.025089 0.463456 -0.159204
v 0.042783 0.466314 -0.142067
v 0.049573 0.470285 -0.118442
v 0.043403 0.474354 -0.094391
v 0.025518 0.477415 -0.076451
v 0.000620 0.478569 -0.069890
v -0.024205 0.477463 -0.076725
v -0.041899 0.474435 -0.094861
v -0.047810 0.470378 -0.118981
v -0.040770 0.466393 -0.142525
v -0.022892 0.463501 -0.159468
v 0.001175 0.490288 -0.168692
v 0.025141 0.490284 -0.162230
v 0.042837 0.490324 -0.144745
v 0.049606 0.490402 -0.120641
v 0.043396 0.490503 -0.096131
v 0.025497 0.490596 -0.077883
v 0.000639 0.490649 -0.071218
v -0.024143 0.490644 -0.078156
v -0.041842 0.490584 -0.096600
v -0.047780 0.490495 -0.121177
v -0.040748 0.490403 -0.145206
v -0.022859 0.490330 -0.162494
v 0.001336 0.679632 -0.165095
v 0.025277 0.678566 -0.158763
v 0.042961 0.675689 -0.141643
v 0.049761 0.671734 -0.118032
v 0.043613 0.667717 -0.093967
v 0.025730 0.664725 -0.075985
v 0.000794 0.663631 -0.069398
v -0.024065 0.664772 -0.076259
v -0.041746 0.667798 -0.094437
v -0.047619 0.671826 -0.118568
v -0.040554 0.675769 -0.142100
v -0.022675 0.678612 -0.159027
v 0.001309 0.706932 -0.155434
v 0.025263 0.704813 -0.149465
v 0.042957 0.699043 -0.133333
v 0.049743 0.691072 -0.111107
v 0.043569 0.682947 -0.088484
v 0.025687 0.676875 -0.071612
v 0.000782 0.674635 -0.065442
v -0.024048 0.676922 -0.071884
v -0.041734 0.683030 -0.088954
v -0.047641 0.691165 -0.111643
v -0.040597 0.699122 -0.133793
v -0.022714 0.704859 -0.149731
v 0.001247 0.731823 -0.139886
v 0.025203 0.728769 -0.134502
v 0.042903 0.720417 -0.119982
v 0.049699 0.708876 -0.099983
v 0.043533 0.697106 -0.079637
v 0.025662 0.688307 -0.064476
v 0.000756 0.685050 -0.058933
v -0.024079 0.688354 -0.064748
v -0.041768 0.697188 -0.080107
v -0.047685 0.708968 -0.100519
v -0.040649 0.720496 -0.120442
v -0.022772 0.728815 -0.134766
v 0.001152 0.753625 -0.118986
v 0.025109 0.749746 -0.114393
v 0.042821 0.739140 -0.102041
v 0.049631 0.724470 -0.085036
v 0.043480 0.709508 -0.067749
v 0.025616 0.698317 -0.054877
v 0.000717 0.694173 -0.050191
v -0.024121 0.698364 -0.055149
v -0.041823 0.709591 -0.068219
v -0.047752 0.724562 -0.085571
v -0.040729 0.739219 -0.102499
v -0.022860 0.749792 -0.114657
v 0.001029 0.771496 -0.093543
v 0.024989 0.766945 -0.089910
v 0.042713 0.754490 -0.080196
v 0.049543 0.737252 -0.066835
v 0.043410 0.719675 -0.053276
v 0.025559 0.706523 -0.043191
v 0.000665 0.701652 -0.039543
v -0.024176 0.706571 -0.043464
v -0.041893 0.719758 -0.053746
v -0.047840 0.737346 -0.067371
v -0.040833 0.754567 -0.080654
v -0.022978 0.766990 -0.090174
v 0.000882 0.784754 -0.064533
v 0.024848 0.779701 -0.061988
v 0.042587 0.765873 -0.055281
v 0.049438 0.746735 -0.046083
v 0.043325 0.727214 -0.036770
v 0.025490 0.712611 -0.029867
v 0.000604 0.707199 -0.027402
v -0.024242 0.712659 -0.030141
v -0.041975 0.727298 -0.037240
v -0.047945 0.746827 -0.046619
v -0.040960 0.765950 -0.055739
v -0.023121 0.779747 -0.062252
v 0.000716 0.792886 -0.033064
v 0.024690 0.787527 -0.031712
v 0.042447 0.772853 -0.028259
v 0.049320 0.752550 -0.023577
v 0.043230 0.731838 -0.018870
v 0.025412 0.716346 -0.015420
v 0.000535 0.710602 -0.014236
v -0.024317 0.716393 -0.015694
v -0.042068 0.731920 -0.019340
v -0.048064 0.752642 -0.024113
v -0.041103 0.772932 -0.028720
v -0.023280 0.787573 -0.031976
v 0.000539 0.795581 -0.000354
v 0.024519 0.790120 -0.000234
v 0.042295 0.775167 -0.000171
v 0.049193 0.754478 -0.000181
v 0.043130 0.733373 -0.000263
v 0.025331 0.717582 -0.000398
v 0.000460 0.711730 -0.000548
v -0.024398 0.717628 -0.000672
v -0.042170 0.733455 -0.000733
v -0.048191 0.754570 -0.000717
v -0.041256 0.775245 -0.000631
v -0.023450 0.790166 -0.000498
v 0.000356 0.792735 0.032344
v 0.024343 0.787382 0.031231
v 0.042137 0.772723 0.027906
v 0.049062 0.752442 0.023206
v 0.043025 0.731751 0.018336
v 0.025247 0.716276 0.014618
v 0.000384 0.710539 0.013134
v -0.024483 0.716323 0.014345
v -0.042273 0.731834 0.017867
v -0.048322 0.752534 0.022670
v -0.041413 0.772802 0.027446
v -0.023626 0.787427 0.030967
v 0.000175 0.784457 0.063774
v 0.024168 0.779416 0.061471
v 0.041980 0.765618 0.054896
v 0.048932 0.746523 0.045685
v 0.042923 0.727045 0.036214
v 0.025166 0.712475 0.029050
v 0.000308 0.707074 0.026284
v -0.024567 0.712523 0.028776
v -0.042377 0.727127 0.035745
v -0.048451 0.746615 0.045149
v -0.041567 0.765695 0.054434
v -0.023801 0.779461 0.061206
v 0.000003 0.771066 0.092723
v 0.024001 0.766530 0.089333
v 0.041832 0.754119 0.079757
v 0.048809 0.736944 0.066392
v 0.042826 0.719430 0.052685
v 0.025088 0.706325 0.042344
v 0.000236 0.701471 0.038400
v -0.024648 0.706372 0.042070
v -0.042476 0.719512 0.052216
v -0.048574 0.737037 0.065856
v -0.041714 0.754198 0.079295
v -0.023965 0.766575 0.089069
v -0.000154 0.753075 0.118083
v 0.023851 0.749219 0.113736
v 0.041698 0.738669 0.101534
v 0.048697 0.724076 0.084533
v 0.042737 0.709196 0.067111
v 0.025017 0.698065 0.053991
v 0.000170 0.693943 0.049012
v -0.024721 0.698112 0.053716
v -0.042565 0.709279 0.066642
v -0.048686 0.724169 0.083997
v -0.041849 0.738748 0.101074
v -0.024115 0.749265 0.113472
v -0.000289 0.731178 0.138882
v 0.023724 0.728148 0.133747
v 0.041584 0.719863 0.119386
v 0.048600 0.708414 0.099408
v 0.042660 0.696739 0.078942
v 0.024957 0.688010 0.063544
v 0.000114 0.684779 0.057712
v -0.024785 0.688057 0.063270
v -0.042642 0.696821 0.078472
v -0.048783 0.708507 0.098872
v -0.041968 0.719942 0.118924
v -0.024249 0.728194 0.133483
v -0.000398 0.706214 0.154314
v 0.023621 0.704124 0.148599
v 0.041492 0.698427 0.132636
v 0.048523 0.690558 0.110448
v 0.042599 0.682539 0.087723
v 0.024907 0.676546 0.070629
v 0.000068 0.674335 0.064172
v -0.024835 0.676593 0.070355
v -0.042705 0.682622 0.087256
v -0.048861 0.690651 0.109911
v -0.042062 0.698506 0.132174
v -0.024356 0.704170 0.148336
v -0.000476 0.678871 0.163848
v 0.023533 0.677834 0.157775
v 0.041405 0.675035 0.140838
v 0.048465 0.671188 0.117282
v 0.042584 0.667284 0.093142
v 0.024905 0.664376 0.074947
v 0.000036 0.663314 0.068078
v -0.024904 0.664423 0.074673
v -0.042779 0.667366 0.092674
v -0.048915 0.671280 0.116746
v -0.042111 0.675115 0.140375
v -0.024419 0.677879 0.157511
v 0.168880 0.774991 0.005071
v 0.162682 0.775086 -0.018965
v 0.145394 0.775240 -0.036853
v 0.121364 0.775420 -0.043886
v 0.096794 0.775581 -0.037947
v 0.078349 0.775676 -0.020256
v 0.071408 0.775670 0.004535
v 0.078076 0.775561 0.029400
v 0.096326 0.775383 0.047294
v 0.120827 0.775194 0.053500
v 0.144933 0.775047 0.046732
v 0.162417 0.774975 0.029035
v 0.165640 0.747145 0.004988
v 0.159568 0.748268 -0.019035
v 0.142637 0.751239 -0.036906
v 0.119098 0.755311 -0.043943
v 0.095004 0.759438 -0.038026
v 0.076875 0.762500 -0.020335
v 0.070040 0.763595 0.004500
v 0.076601 0.762385 0.029401
v 0.094536 0.759240 0.047278
v 0.118562 0.755085 0.053439
v 0.142173 0.751046 0.046647
v 0.159304 0.748157 0.028946
v 0.156073 0.720105 0.004873
v 0.150365 0.722247 -0.019144
v 0.134421 0.728021 -0.037007
v 0.112260 0.735971 -0.044026
v 0.089560 0.744057 -0.038092
v 0.072485 0.750082 -0.020390
v 0.066036 0.752280 0.004451
v 0.072211 0.749967 0.029350
v 0.089093 0.743859 0.047213
v 0.111722 0.735746 0.053357
v 0.133959 0.727828 0.046548
v 0.150101 0.722136 0.028834
v 0.140560 0.695193 0.004730
v 0.135435 0.698274 -0.019280
v 0.121101 0.706628 -0.037128
v 0.101161 0.718151 -0.044128
v 0.080732 0.729887 -0.038171
v 0.065363 0.738641 -0.020456
v 0.059542 0.741856 0.004391
v 0.065087 0.738526 0.029285
v 0.080262 0.729688 0.047129
v 0.100624 0.717926 0.053255
v 0.120639 0.706436 0.046423
v 0.135171 0.698162 0.028694
v 0.119691 0.673364 0.004564
v 0.115355 0.677268 -0.019437
v 0.103188 0.687882 -0.037270
v 0.086234 0.702538 -0.044246
v 0.068860 0.717468 -0.038266
v 0.055776 0.728617 -0.020530
v 0.050812 0.732720 0.004322
v 0.055502 0.728502 0.029205
v 0.068392 0.717270 0.047035
v 0.085698 0.702313 0.053136
v 0.102724 0.687690 0.046281
v 0.115091 0.677157 0.028533
v 0.094271 0.655455 0.004381
v 0.090895 0.660037 -0.019612
v 0.081357 0.672505 -0.037426
v 0.068052 0.689732 -0.044376
v 0.054401 0.707283 -0.038369
v 0.044103 0.720394 -0.020612
v 0.040175 0.725227 0.004246
v 0.043829 0.720279 0.029122
v 0.053932 0.707083 0.046932
v 0.067515 0.689507 0.053006
v 0.080895 0.672313 0.046125
v 0.090630 0.659925 0.028359
v 0.065278 0.642160 0.004192
v 0.062992 0.647240 -0.019795
v 0.056460 0.661088 -0.037589
v 0.047314 0.680222 -0.044512
v 0.037907 0.699719 -0.038477
v 0.030790 0.714288 -0.020701
v 0.028042 0.719664 0.004167
v 0.030516 0.714173 0.029036
v 0.037437 0.699519 0.046824
v 0.046777 0.679996 0.052870
v 0.056000 0.660897 0.045961
v 0.062728 0.647129 0.028173
v 0.033822 0.633986 0.004000
v 0.032726 0.639372 -0.019977
v 0.029450 0.654068 -0.037754
v 0.024816 0.674373 -0.044650
v 0.020013 0.695070 -0.038586
v 0.016346 0.710535 -0.020785
v 0.014880 0.716242 0.004086
v 0.016072 0.710420 0.028944
v 0.019543 0.694870 0.046714
v 0.024279 0.674148 0.052733
v 0.028990 0.653875 0.045796
v 0.032462 0.639261 0.027985
v 0.001115 0.631246 0.003813
v 0.001252 0.636734 -0.020155
v 0.001365 0.651716 -0.037915
v 0.001422 0.672414 -0.044783
v 0.001409 0.693511 -0.038692
v 0.001325 0.709278 -0.020869
v 0.001194 0.715095 0.004008
v 0.001051 0.709163 0.028856
v 0.000939 0.693313 0.046608
v 0.000886 0.672188 0.052599
v 0.000904 0.651523 0.045636
v 0.000988 0.636624 0.027805
v -0.031586 0.634048 0.003640
v -0.030216 0.639432 -0.020323
v -0.026716 0.654121 -0.038064
v -0.021968 0.674418 -0.044908
v -0.017193 0.695106 -0.038791
v -0.013692 0.710564 -0.020951
v -0.012490 0.716268 0.003935
v -0.013966 0.710449 0.028779
v -0.017663 0.694906 0.046509
v -0.022504 0.674192 0.052475
v -0.027177 0.653929 0.045487
v -0.030481 0.639321 0.027638
v -0.063027 0.642282 0.003486
v -0.060467 0.647358 -0.020475
v -0.053713 0.661193 -0.038196
v -0.044455 0.680309 -0.045018
v -0.035078 0.699788 -0.038879
v -0.028128 0.714344 -0.021023
v -0.025645 0.719714 0.003871
v -0.028402 0.714229 0.028710
v -0.035548 0.699589 0.046422
v -0.044991 0.680084 0.052365
v -0.054174 0.661001 0.045355
v -0.060731 0.647247 0.027494
v -0.091995 0.655632 0.003357
v -0.088346 0.660208 -0.020601
v -0.078589 0.672658 -0.038307
v -0.065175 0.689857 -0.045110
v -0.051558 0.707383 -0.038952
v -0.041431 0.720476 -0.021082
v -0.037768 0.725301 0.003817
v -0.041705 0.720361 0.028651
v -0.052029 0.707184 0.046348
v -0.065711 0.689633 0.052273
v -0.079048 0.672466 0.045244
v -0.088610 0.660096 0.027373
v -0.117382 0.673589 0.003259
v -0.112772 0.677486 -0.020696
v -0.100386 0.688077 -0.038391
v -0.083335 0.702700 -0.045180
v -0.065998 0.717597 -0.039008
v -0.053088 0.728721 -0.021129
v -0.048391 0.732814 0.003776
v -0.053362 0.728606 0.028605
v -0.066469 0.717398 0.046292
v -0.083872 0.702474 0.052202
v -0.100846 0.687885 0.045160
v -0.113037 0.677375 0.027279
v -0.138209 0.695459 0.003195
v -0.132814 0.698529 -0.020759
v -0.118267 0.706856 -0.038446
v -0.098232 0.718341 -0.045226
v -0.077847 0.730037 -0.039045
v -0.062655 0.738762 -0.021161
v -0.057104 0.741966 0.003749
v -0.062929 0.738648 0.028580
v -0.078317 0.729839 0.046256
v -0.098769 0.718116 0.052157
v -0.118727 0.706663 0.045105
v -0.133079 0.698418 0.027217
v -0.153676 0.720400 0.003167
v -0.147699 0.722531 -0.020786
v -0.131548 0.728274 -0.038471
v -0.109296 0.736182 -0.045246
v -0.086648 0.744224 -0.039062
v -0.069756 0.750217 -0.021171
v -0.063578 0.752403 0.003738
v -0.070028 0.750103 0.028563
v -0.087118 0.744026 0.046242
v -0.109833 0.735956 0.052137
v -0.132007 0.728081 0.045083
v -0.147964 0.722420 0.027192
v -0.163191 0.747458 0.003177
v -0.156853 0.748569 -0.020778
v -0.139720 0.751508 -0.038461
v -0.116102 0.755535 -0.045238
v -0.092056 0.759617 -0.039054
v -0.074121 0.762644 -0.021161
v -0.067561 0.763726 0.003742
v -0.074394 0.762529 0.028563
v -0.092526 0.759419 0.046246
v -0.116640 0.755309 0.052144
v -0.140179 0.751314 0.045092
v -0.157118 0.748458 0.027204
v -0.166379 0.775310 0.003224
v -0.159917 0.775393 -0.020742
v -0.142433 0.775514 -0.038438
v -0.118328 0.775648 -0.045206
v -0.093818 0.775763 -0.038995
v -0.075570 0.775823 -0.021097
v -0.068906 0.775804 0.003762
v -0.075844 0.775708 0.028543
v -0.094288 0.775565 0.046242
v -0.118864 0.775423 0.052180
v -0.142893 0.775321 0.045147
v -0.160181 0.775282 0.027259
v -0.163043 0.964658 0.003681
v -0.156711 0.963680 -0.020263
v -0.139586 0.960884 -0.037957
v -0.115970 0.956983 -0.044769
v -0.091900 0.952979 -0.038635
v -0.073913 0.949954 -0.020762
v -0.067325 0.948788 0.004172
v -0.074187 0.949838 0.029033
v -0.092370 0.952782 0.046723
v -0.116507 0.956757 0.052610
v -0.140043 0.960690 0.045557
v -0.156974 0.963568 0.027687
v -0.153421 0.991971 0.003797
v -0.147448 0.989939 -0.020165
v -0.131308 0.984249 -0.037877
v -0.109071 0.976331 -0.044688
v -0.086437 0.968217 -0.038542
v -0.069557 0.962110 -0.020680
v -0.063383 0.959798 0.004219
v -0.069829 0.961995 0.029055
v -0.086907 0.968021 0.046762
v -0.109607 0.976105 0.052694
v -0.131768 0.984055 0.045677
v -0.147714 0.989828 0.027813
v -0.137907 1.016884 0.003940
v -0.132518 1.013915 -0.020026
v -0.117987 1.005641 -0.037753
v -0.097972 0.994150 -0.044586
v -0.077610 0.982388 -0.038459
v -0.062436 0.973552 -0.020616
v -0.056890 0.970221 0.004279
v -0.062709 0.973435 0.029125
v -0.078080 0.982191 0.046842
v -0.098508 0.993923 0.052797
v -0.118447 1.005447 0.045798
v -0.132783 1.013804 0.027949
v -0.117037 1.038713 0.004106
v -0.112438 1.034920 -0.019864
v -0.100072 1.024388 -0.037611
v -0.083047 1.009764 -0.044468
v -0.065739 0.994806 -0.038365
v -0.052851 0.983574 -0.020538
v -0.048160 0.979356 0.004348
v -0.053123 0.983459 0.029199
v -0.066209 0.994610 0.046936
v -0.083582 1.009538 0.052915
v -0.100530 1.024194 0.045939
v -0.112703 1.034809 0.028106
v -0.091618 1.056620 0.004287
v -0.087980 1.052151 -0.019688
v -0.078247 1.039768 -0.037453
v -0.064863 1.022571 -0.044338
v -0.051280 1.004993 -0.038263
v -0.041177 0.991797 -0.020455
v -0.037523 0.986849 0.004424
v -0.041450 0.991682 0.029280
v -0.051750 1.004797 0.047041
v -0.065399 1.022346 0.053045
v -0.078706 1.039572 0.046094
v -0.088244 1.052040 0.028279
v -0.062627 1.069917 0.004478
v -0.060075 1.064946 -0.019505
v -0.053349 1.051185 -0.037289
v -0.044124 1.032082 -0.044201
v -0.034784 1.012554 -0.038153
v -0.027862 0.997903 -0.020365
v -0.025389 0.992413 0.004504
v -0.028136 0.997788 0.029368
v -0.035254 1.012359 0.047147
v -0.044661 1.031856 0.053181
v -0.053807 1.050989 0.046258
v -0.060340 1.064835 0.028464
v -0.031169 1.078092 0.004670
v -0.029809 1.072814 -0.019321
v -0.026337 1.058202 -0.037126
v -0.021627 1.037928 -0.044064
v -0.016890 1.017202 -0.038042
v -0.013419 1.001657 -0.020275
v -0.012228 0.995834 0.004584
v -0.013693 1.001542 0.029454
v -0.017361 1.017006 0.047255
v -0.022163 1.037701 0.053319
v -0.026797 1.058007 0.046425
v -0.030074 1.072702 0.028649
v 0.001537 1.080831 0.004857
v 0.001664 1.075449 -0.019142
v 0.001748 1.060554 -0.036966
v 0.001767 1.039887 -0.043931
v 0.001714 1.018763 -0.037938
v 0.001601 1.002913 -0.020190
v 0.001459 0.996980 0.004662
v 0.001327 1.002798 0.029540
v 0.001244 1.018566 0.047363
v 0.001231 1.039661 0.053452
v 0.001288 1.060359 0.046585
v 0.001400 1.075339 0.028827
v 0.034239 1.078030 0.005030
v 0.033133 1.072754 -0.018975
v 0.029829 1.058148 -0.036817
v 0.025157 1.037883 -0.043806
v 0.020315 1.017166 -0.037837
v 0.016619 1.001628 -0.020110
v 0.015143 0.995808 0.004735
v 0.016345 1.001513 0.029620
v 0.019846 1.016971 0.047460
v 0.024620 1.037658 0.053576
v 0.029369 1.057954 0.046734
v 0.032869 1.072643 0.028996
v 0.065681 1.069795 0.005185
v 0.063384 1.064829 -0.018825
v 0.056828 1.051080 -0.036683
v 0.047644 1.031995 -0.043696
v 0.038200 1.012485 -0.037751
v 0.031056 0.997847 -0.020041
v 0.028297 0.992361 0.004799
v 0.030782 0.997732 0.029692
v 0.037730 1.012288 0.047549
v 0.047107 1.031769 0.053686
v 0.056366 1.050884 0.046865
v 0.063120 1.064718 0.029144
v 0.094648 1.056443 0.005313
v 0.091264 1.051981 -0.018701
v 0.081705 1.039616 -0.036572
v 0.068364 1.022444 -0.043604
v 0.054682 1.004892 -0.037680
v 0.044358 0.991715 -0.019984
v 0.040421 0.986775 0.004853
v 0.044084 0.991600 0.029751
v 0.054212 1.004695 0.047623
v 0.067828 1.022219 0.053778
v 0.081243 1.039421 0.046975
v 0.091000 1.051870 0.029266
v 0.120033 1.038487 0.005411
v 0.115691 1.034704 -0.018606
v 0.103504 1.024194 -0.036488
v 0.086523 1.009602 -0.043534
v 0.069122 0.994678 -0.037622
v 0.056017 0.983470 -0.019939
v 0.051044 0.979261 0.004894
v 0.055741 0.983355 0.029798
v 0.068652 0.994482 0.047678
v 0.085986 1.009376 0.053849
v 0.103044 1.024001 0.047059
v 0.115427 1.034593 0.029361
v 0.140861 1.016618 0.005476
v 0.135731 1.013660 -0.018548
v 0.121382 1.005413 -0.036435
v 0.101420 0.993959 -0.043488
v 0.080969 0.982237 -0.037586
v 0.065583 0.973429 -0.019911
v 0.059757 0.970109 0.004921
v 0.065310 0.973314 0.029830
v 0.080499 0.982040 0.047715
v 0.100883 0.993734 0.053895
v 0.120920 1.005219 0.047116
v 0.135467 1.013549 0.029424
v 0.156328 0.991676 0.005503
v 0.150616 0.989657 -0.018524
v 0.134661 0.983996 -0.036413
v 0.112484 0.976119 -0.043468
v 0.089770 0.968049 -0.037572
v 0.072684 0.961975 -0.019898
v 0.066231 0.959674 0.004933
v 0.072410 0.961860 0.029842
v 0.089303 0.967853 0.047732
v 0.111947 0.975894 0.053914
v 0.134199 0.983802 0.047142
v 0.150353 0.989546 0.029454
v 0.165900 0.964345 0.005493
v 0.159829 0.963378 -0.018520
v 0.142895 0.960615 -0.036401
v 0.119345 0.956758 -0.043473
v 0.095211 0.952801 -0.037606
v 0.077020 0.949811 -0.019937
v 0.070151 0.948658 0.004929
v 0.076745 0.949695 0.029872
v 0.094742 0.952604 0.047756
v 0.118808 0.956532 0.053905
v 0.142432 0.960422 0.047114
v 0.159565 0.963267 0.029431
vt 0.776976 0.217515
vt 0.777035 0.224758
vt 0.771648 0.224289
vt 0.771589 0.217314
vt 0.251723 0.088719
vt 0.250928 0.095819
vt 0.246549 0.094987
vt 0.247254 0.088632
vt 0.241025 0.093841
vt 0.241606 0.088517
vt 0.235786 0.092678
vt 0.236247 0.088404
vt 0.837482 0.150338
vt 0.837513 0.146137
vt 0.841779 0.147429
vt 0.841757 0.150857
vt 0.847522 0.147898
vt 0.847493 0.151040
vt 0.853104 0.147400
vt 0.853063 0.150828
vt 0.409564 0.045291
vt 0.409193 0.041801
vt 0.413843 0.040905
vt 0.414295 0.045180
vt 0.419458 0.039741
vt 0.420031 0.045066
vt 0.424533 0.038624
vt 0.425229 0.044979
vt 0.786782 0.216873
vt 0.786829 0.223117
vt 0.782572 0.224331
vt 0.782518 0.217355
vt 0.777170 0.231619
vt 0.771778 0.230892
vt 0.248760 0.102691
vt 0.244613 0.101118
vt 0.239414 0.098949
vt 0.234504 0.096740
vt 0.837595 0.142234
vt 0.841845 0.144278
vt 0.847583 0.145027
vt 0.853171 0.144249
vt 0.408165 0.038520
vt 0.412569 0.036840
vt 0.417857 0.034630
vt 0.422609 0.032488
vt 0.786945 0.229008
vt 0.782702 0.230933
vt 0.777377 0.237759
vt 0.771978 0.236801
vt 0.245304 0.109003
vt 0.241530 0.106751
vt 0.236845 0.103641
vt 0.232461 0.100471
vt 0.229581 0.098103
vt 0.231229 0.095091
vt 0.841944 0.141458
vt 0.847673 0.142458
vt 0.853269 0.141429
vt 0.406523 0.035504
vt 0.410534 0.033105
vt 0.415299 0.029932
vt 0.419540 0.026848
vt 0.787123 0.234281
vt 0.782901 0.236843
vt 0.662835 0.922843
vt 0.662538 0.916762
vt 0.668071 0.916016
vt 0.668358 0.921867
vt 0.240695 0.114514
vt 0.237419 0.111669
vt 0.233419 0.107737
vt 0.229735 0.103729
vt 0.227381 0.100733
vt 0.839043 0.095695
vt 0.838906 0.098489
vt 0.833328 0.099248
vt 0.833452 0.096704
vt 0.827588 0.098444
vt 0.827724 0.095651
vt 0.404331 0.032869
vt 0.407818 0.029840
vt 0.411885 0.025828
vt 0.415442 0.021921
vt 0.417584 0.019121
vt 0.422178 0.024643
vt 0.657440 0.921911
vt 0.657154 0.916060
vt 0.662317 0.909944
vt 0.667859 0.909455
vt 0.235109 0.119012
vt 0.232433 0.115683
vt 0.229266 0.111080
vt 0.226433 0.106388
vt 0.224715 0.102880
vt 0.838804 0.101620
vt 0.833235 0.102101
vt 0.827486 0.101575
vt 0.401673 0.030716
vt 0.404526 0.027174
vt 0.407744 0.022476
vt 0.410471 0.017896
vt 0.412015 0.014610
vt 0.656942 0.909499
vt 0.662181 0.902650
vt 0.667727 0.902437
vt 0.672019 0.901895
vt 0.672136 0.908158
vt 0.226769 0.118639
vt 0.224548 0.113542
vt 0.222681 0.108346
vt 0.221686 0.104461
vt 0.838742 0.104968
vt 0.833179 0.105153
vt 0.827424 0.104924
vt 0.398651 0.029128
vt 0.400782 0.025207
vt 0.403038 0.020003
vt 0.404821 0.014927
vt 0.653122 0.908233
vt 0.653005 0.901971
vt 0.656811 0.902480
vt 0.662135 0.895162
vt 0.667682 0.895231
vt 0.671979 0.895465
vt 0.220641 0.120423
vt 0.219444 0.115028
vt 0.218621 0.109527
vt 0.218409 0.105414
vt 0.838721 0.108407
vt 0.833159 0.108287
vt 0.827403 0.108363
vt 0.395382 0.028167
vt 0.396732 0.024016
vt 0.397945 0.018505
vt 0.398707 0.013128
vt 0.652966 0.895540
vt 0.656768 0.895274
vt 0.662181 0.887766
vt 0.667726 0.888114
vt 0.672019 0.889114
vt 0.214287 0.120967
vt 0.214152 0.115481
vt 0.214412 0.109888
vt 0.215011 0.105705
vt 0.838741 0.111804
vt 0.833179 0.111382
vt 0.827425 0.111759
vt 0.823120 0.112818
vt 0.823094 0.108612
vt 0.392530 0.023646
vt 0.392663 0.018040
vt 0.392365 0.012570
vt 0.391724 0.008641
vt 0.398831 0.009267
vt 0.656812 0.888157
vt 0.662317 0.880747
vt 0.667858 0.881360
vt 0.672136 0.883087
vt 0.207950 0.120249
vt 0.208873 0.114884
vt 0.210215 0.109412
vt 0.211622 0.105321
vt 0.838804 0.115027
vt 0.833236 0.114319
vt 0.827487 0.114982
vt 0.391990 0.027869
vt 0.388606 0.028244
vt 0.388339 0.024112
vt 0.387393 0.018625
vt 0.386038 0.013273
vt 0.384634 0.009429
vt 0.656943 0.881403
vt 0.662538 0.874375
vt 0.668071 0.875229
vt 0.207673 0.124130
vt 0.200864 0.121943
vt 0.201874 0.118298
vt 0.203812 0.113258
vt 0.206189 0.108120
vt 0.208373 0.104278
vt 0.838906 0.117953
vt 0.833328 0.116985
vt 0.827588 0.117908
vt 0.385362 0.029280
vt 0.384320 0.025395
vt 0.382339 0.020239
vt 0.379971 0.015210
vt 0.377835 0.011600
vt 0.657155 0.875272
vt 0.662835 0.868894
vt 0.668358 0.869954
vt 0.194609 0.118457
vt 0.196293 0.115188
vt 0.199163 0.110668
vt 0.202491 0.106060
vt 0.205388 0.102615
vt 0.839043 0.120470
vt 0.833453 0.119279
vt 0.827725 0.120425
vt 0.382380 0.030936
vt 0.380625 0.027446
vt 0.377694 0.022818
vt 0.374395 0.018307
vt 0.371586 0.015071
vt 0.657440 0.869997
vt 0.416000 0.761904
vt 0.415701 0.756494
vt 0.421220 0.755583
vt 0.421507 0.760788
vt 0.189149 0.113808
vt 0.191420 0.111039
vt 0.195104 0.107212
vt 0.199264 0.103311
vt 0.202782 0.100396
vt 0.886970 0.536302
vt 0.886836 0.538786
vt 0.881237 0.539734
vt 0.881359 0.537470
vt 0.875512 0.538757
vt 0.875646 0.536273
vt 0.379776 0.033149
vt 0.377399 0.030187
vt 0.373637 0.026264
vt 0.369525 0.022444
vt 0.366129 0.019708
vt 0.410584 0.760830
vt 0.410296 0.755624
vt 0.415460 0.750177
vt 0.420989 0.749504
vt 0.425221 0.747696
vt 0.425427 0.753121
vt 0.187444 0.106010
vt 0.191791 0.103024
vt 0.196629 0.099980
vt 0.200655 0.097707
vt 0.886729 0.541687
vt 0.881140 0.542378
vt 0.875404 0.541658
vt 0.377648 0.035833
vt 0.374765 0.033513
vt 0.370325 0.030445
vt 0.365549 0.027464
vt 0.361672 0.025333
vt 0.410065 0.749546
vt 0.415288 0.743195
vt 0.420823 0.742785
vt 0.425073 0.741701
vt 0.184516 0.100295
vt 0.189352 0.098263
vt 0.194689 0.096195
vt 0.199089 0.094651
vt 0.886654 0.544893
vt 0.881071 0.545299
vt 0.875330 0.544864
vt 0.871066 0.543722
vt 0.871160 0.539751
vt 0.372823 0.037294
vt 0.367884 0.035200
vt 0.362619 0.033172
vt 0.358388 0.031730
vt 0.409899 0.742827
vt 0.415190 0.735816
vt 0.420729 0.735685
vt 0.424989 0.735365
vt 0.182749 0.094113
vt 0.187880 0.093114
vt 0.193519 0.092099
vt 0.198146 0.091344
vt 0.886612 0.548282
vt 0.881034 0.548387
vt 0.875290 0.548253
vt 0.871016 0.547920
vt 0.371650 0.041386
vt 0.366407 0.040346
vt 0.360847 0.039350
vt 0.356403 0.038653
vt 0.409804 0.735726
vt 0.415169 0.728399
vt 0.420711 0.728541
vt 0.424975 0.728972
vt 0.182218 0.087741
vt 0.187446 0.087776
vt 0.193177 0.087814
vt 0.197865 0.087847
vt 0.886598 0.551790
vt 0.881030 0.551603
vt 0.875295 0.551761
vt 0.871018 0.552218
vt 0.371301 0.045671
vt 0.365967 0.045683
vt 0.360308 0.045720
vt 0.355794 0.045771
vt 0.409783 0.728583
vt 0.415339 0.678645
vt 0.420873 0.679063
vt 0.425128 0.680253
vt 0.183496 0.038612
vt 0.188599 0.039714
vt 0.194215 0.040843
vt 0.198832 0.041693
vt 0.886812 0.597583
vt 0.881224 0.597096
vt 0.875474 0.597554
vt 0.871207 0.598816
vt 0.372276 0.092642
vt 0.367052 0.093745
vt 0.361515 0.094850
vt 0.357091 0.095674
vt 0.409955 0.679105
vt 0.415475 0.671714
vt 0.421007 0.672400
vt 0.425250 0.674325
vt 0.185446 0.032442
vt 0.190224 0.034605
vt 0.195502 0.036819
vt 0.199859 0.038483
vt 0.886870 0.600666
vt 0.881283 0.599888
vt 0.875546 0.600637
vt 0.871295 0.602681
vt 0.373554 0.096669
vt 0.368667 0.098858
vt 0.363454 0.101025
vt 0.359260 0.102613
vt 0.410083 0.672442
vt 0.415682 0.665574
vt 0.421206 0.666491
vt 0.425427 0.669052
vt 0.188529 0.026809
vt 0.192793 0.029913
vt 0.197545 0.033088
vt 0.201507 0.035470
vt 0.886970 0.603486
vt 0.881373 0.602457
vt 0.875644 0.603457
vt 0.376773 0.095053
vt 0.378414 0.098070
vt 0.375588 0.100405
vt 0.371225 0.103555
vt 0.366524 0.106664
vt 0.362701 0.108934
vt 0.410283 0.666532
vt 0.957307 0.855682
vt 0.956972 0.861761
vt 0.951585 0.862429
vt 0.951907 0.856580
vt 0.185837 0.024571
vt 0.190446 0.019060
vt 0.192641 0.021890
vt 0.196219 0.025817
vt 0.200270 0.029830
vt 0.203707 0.032841
vt 0.975343 0.636341
vt 0.975207 0.633548
vt 0.980948 0.632743
vt 0.981072 0.635287
vt 0.986526 0.633503
vt 0.986663 0.636296
vt 0.380607 0.100704
vt 0.378304 0.103670
vt 0.374639 0.107660
vt 0.370622 0.111592
vt 0.367294 0.114455
vt 0.962824 0.856691
vt 0.962501 0.862540
vt 0.956709 0.868577
vt 0.951331 0.868988
vt 0.196032 0.014562
vt 0.197625 0.017876
vt 0.200371 0.022473
vt 0.203572 0.027171
vt 0.206373 0.030694
vt 0.975106 0.630417
vt 0.980855 0.629890
vt 0.986424 0.630372
vt 0.383265 0.102857
vt 0.381596 0.106336
vt 0.378779 0.111013
vt 0.375592 0.115618
vt 0.372864 0.118966
vt 0.962247 0.869099
vt 0.956527 0.875869
vt 0.951157 0.876006
vt 0.947348 0.876492
vt 0.947504 0.870230
vt 0.203290 0.014920
vt 0.205090 0.020011
vt 0.207325 0.025213
vt 0.209403 0.029113
vt 0.975044 0.627067
vt 0.980799 0.626838
vt 0.986362 0.627023
vt 0.386287 0.104445
vt 0.385340 0.108303
vt 0.383486 0.113486
vt 0.381243 0.118587
vt 0.379197 0.122293
vt 0.962072 0.876118
vt 0.956435 0.883358
vt 0.951068 0.883211
vt 0.947268 0.882922
vt 0.209418 0.013137
vt 0.210194 0.018526
vt 0.211384 0.024032
vt 0.970740 0.627640
vt 0.970714 0.623380
vt 0.975023 0.623629
vt 0.980779 0.623705
vt 0.986340 0.623584
vt 0.389556 0.105406
vt 0.389390 0.109493
vt 0.388579 0.114983
vt 0.387356 0.120385
vt 0.966361 0.876686
vt 0.966281 0.883116
vt 0.961983 0.883323
vt 0.956435 0.890754
vt 0.951067 0.890329
vt 0.209247 0.009251
vt 0.216368 0.008641
vt 0.215772 0.012593
vt 0.215486 0.018073
vt 0.215594 0.023671
vt 0.970740 0.619173
vt 0.975045 0.620233
vt 0.980799 0.620610
vt 0.986362 0.620188
vt 0.392947 0.105704
vt 0.393591 0.109863
vt 0.393861 0.115448
vt 0.393698 0.120943
vt 0.966281 0.889467
vt 0.961983 0.890440
vt 0.956527 0.897773
vt 0.951156 0.897084
vt 0.223469 0.009445
vt 0.222109 0.013311
vt 0.220765 0.018670
vt 0.219791 0.024147
vt 0.219466 0.028252
vt 0.216077 0.027869
vt 0.975107 0.617009
vt 0.980856 0.617673
vt 0.986424 0.616964
vt 0.396331 0.105329
vt 0.397782 0.109397
vt 0.399131 0.114863
vt 0.400025 0.120240
vt 0.966361 0.895494
vt 0.962072 0.897195
vt 0.956708 0.904147
vt 0.951331 0.903216
vt 0.230277 0.011632
vt 0.228185 0.015261
vt 0.225826 0.020295
vt 0.223816 0.025439
vt 0.222716 0.029296
vt 0.975208 0.614083
vt 0.980948 0.615007
vt 0.986526 0.614038
vt 0.399576 0.104293
vt 0.401802 0.108115
vt 0.404185 0.113250
vt 0.406093 0.118303
vt 0.407044 0.121976
vt 0.400245 0.124147
vt 0.962247 0.903327
vt 0.956972 0.909629
vt 0.951585 0.908493
vt 0.236533 0.015117
vt 0.233767 0.018371
vt 0.230475 0.022886
vt 0.227515 0.027499
vt 0.225700 0.030959
vt 0.975345 0.611566
vt 0.981073 0.612713
vt 0.986663 0.611522
vt 0.402558 0.102637
vt 0.405496 0.106064
vt 0.408830 0.110670
vt 0.411669 0.115207
vt 0.413293 0.118505
vt 0.962500 0.908604
vt 0.777695 0.141429
vt 0.777396 0.146839
vt 0.771993 0.147708
vt 0.772280 0.142503
vt 0.241994 0.019766
vt 0.238640 0.022520
vt 0.234534 0.026342
vt 0.230743 0.030247
vt 0.228307 0.033178
vt 0.841945 0.208642
vt 0.841811 0.206158
vt 0.847536 0.205180
vt 0.847658 0.207444
vt 0.853135 0.206129
vt 0.853269 0.208613
vt 0.405162 0.100424
vt 0.408722 0.103323
vt 0.412886 0.107224
vt 0.416539 0.111069
vt 0.418750 0.113869
vt 0.783202 0.142545
vt 0.782914 0.147750
vt 0.777156 0.153156
vt 0.771761 0.153787
vt 0.246450 0.025401
vt 0.242616 0.027550
vt 0.237847 0.030531
vt 0.233377 0.033579
vt 0.230434 0.035866
vt 0.841703 0.203257
vt 0.847439 0.202537
vt 0.853029 0.203228
vt 0.407290 0.097740
vt 0.411357 0.099997
vt 0.416199 0.103043
vt 0.420514 0.106049
vt 0.787123 0.150212
vt 0.786917 0.155637
vt 0.782683 0.153829
vt 0.776983 0.160138
vt 0.771594 0.160506
vt 0.249731 0.031807
vt 0.245543 0.033265
vt 0.240286 0.035291
vt 0.235317 0.037365
vt 0.837460 0.205163
vt 0.837366 0.201191
vt 0.841628 0.200050
vt 0.847371 0.199615
vt 0.852954 0.200021
vt 0.408856 0.094688
vt 0.413299 0.096216
vt 0.418640 0.098288
vt 0.423444 0.100341
vt 0.786769 0.161632
vt 0.782518 0.160548
vt 0.776884 0.167589
vt 0.771502 0.167671
vt 0.251723 0.038799
vt 0.247324 0.039486
vt 0.241770 0.040443
vt 0.236493 0.041422
vt 0.837308 0.197031
vt 0.841580 0.196732
vt 0.847334 0.196610
vt 0.852921 0.196702
vt 0.409798 0.091453
vt 0.414481 0.092161
vt 0.420128 0.093140
vt 0.425229 0.094124
vt 0.786680 0.168008
vt 0.782420 0.167713
vt 0.555088 0.740162
vt 0.555186 0.747545
vt 0.549953 0.747264
vt 0.549857 0.740153
vt 0.512414 0.612112
vt 0.511612 0.619166
vt 0.507533 0.617885
vt 0.508243 0.611571
vt 0.502096 0.616594
vt 0.502681 0.611305
vt 0.496704 0.615635
vt 0.497168 0.611389
vt 0.737538 0.786392
vt 0.737590 0.782110
vt 0.742202 0.782906
vt 0.742163 0.786402
vt 0.748035 0.783206
vt 0.747990 0.786410
vt 0.753422 0.782917
vt 0.753364 0.786412
vt 0.631603 0.352728
vt 0.631887 0.356204
vt 0.627545 0.357412
vt 0.627200 0.353154
vt 0.621975 0.358547
vt 0.621537 0.353244
vt 0.616681 0.359313
vt 0.616145 0.352983
vt 0.565254 0.740128
vt 0.565334 0.746491
vt 0.560796 0.747264
vt 0.560704 0.740153
vt 0.555476 0.754716
vt 0.550233 0.754164
vt 0.509427 0.626001
vt 0.505582 0.623984
vt 0.500472 0.621675
vt 0.495412 0.619675
vt 0.737771 0.778023
vt 0.742348 0.779607
vt 0.748168 0.780200
vt 0.753568 0.779618
vt 0.632839 0.359494
vt 0.628724 0.361487
vt 0.623457 0.363670
vt 0.618461 0.365464
vt 0.565583 0.752648
vt 0.561075 0.754164
vt 0.555948 0.761324
vt 0.550687 0.760523
vt 0.505945 0.632289
vt 0.502476 0.629595
vt 0.497884 0.626348
vt 0.493353 0.623392
vt 0.738065 0.774252
vt 0.742585 0.776563
vt 0.748384 0.777426
vt 0.753805 0.776573
vt 0.634416 0.362540
vt 0.630679 0.365259
vt 0.625914 0.368414
vt 0.621410 0.371159
vt 0.565988 0.758323
vt 0.561528 0.760523
vt 0.556582 0.767116
vt 0.551298 0.766097
vt 0.501301 0.637789
vt 0.498332 0.634502
vt 0.494432 0.630436
vt 0.490607 0.626643
vt 0.156002 0.974524
vt 0.155229 0.971606
vt 0.159978 0.968881
vt 0.160602 0.971237
vt 0.742904 0.773890
vt 0.748675 0.774990
vt 0.754123 0.773900
vt 0.636559 0.365225
vt 0.633334 0.368586
vt 0.629252 0.372596
vt 0.625416 0.376180
vt 0.722211 0.864004
vt 0.721044 0.868408
vt 0.716338 0.865836
vt 0.717646 0.860900
vt 0.562138 0.766097
vt 0.710767 0.864932
vt 0.709698 0.871029
vt 0.704739 0.871793
vt 0.705766 0.865927
vt 0.495672 0.642288
vt 0.493309 0.638518
vt 0.490247 0.633780
vt 0.487280 0.629303
vt 0.154621 0.968138
vt 0.159488 0.966081
vt 0.165321 0.965351
vt 0.165768 0.967902
vt 0.170449 0.966175
vt 0.170939 0.968975
vt 0.639184 0.367446
vt 0.636585 0.371337
vt 0.633341 0.376056
vt 0.630325 0.380333
vt 0.720128 0.873644
vt 0.715311 0.871702
vt 0.708964 0.877858
vt 0.704031 0.878365
vt 0.489275 0.645616
vt 0.487601 0.641487
vt 0.485493 0.636253
vt 0.483498 0.631269
vt 0.154203 0.964253
vt 0.159150 0.962945
vt 0.165014 0.962493
vt 0.170112 0.963040
vt 0.642191 0.369118
vt 0.640311 0.373408
vt 0.638025 0.378660
vt 0.635948 0.383460
vt 0.719496 0.879508
vt 0.714603 0.878275
vt 0.708589 0.885158
vt 0.703671 0.885389
vt 0.482357 0.647643
vt 0.481427 0.643295
vt 0.480350 0.637760
vt 0.479408 0.632467
vt 0.153990 0.960100
vt 0.158979 0.959593
vt 0.164857 0.959439
vt 0.169939 0.959688
vt 0.645465 0.370176
vt 0.644366 0.374720
vt 0.643124 0.380309
vt 0.642069 0.385440
vt 0.719174 0.885776
vt 0.714241 0.885298
vt 0.708589 0.892647
vt 0.703671 0.892596
vt 0.475182 0.648291
vt 0.475024 0.643874
vt 0.475017 0.638242
vt 0.475167 0.632850
vt 0.153990 0.955840
vt 0.158979 0.956154
vt 0.164857 0.956305
vt 0.169939 0.956248
vt 0.648879 0.370580
vt 0.648596 0.375220
vt 0.648441 0.380939
vt 0.648454 0.386196
vt 0.719174 0.892207
vt 0.714241 0.892505
vt 0.708964 0.900038
vt 0.704032 0.899709
vt 0.468026 0.647536
vt 0.468639 0.643200
vt 0.469698 0.637680
vt 0.470937 0.632404
vt 0.154203 0.951636
vt 0.159151 0.952760
vt 0.165014 0.953212
vt 0.170111 0.952854
vt 0.652303 0.370315
vt 0.652836 0.374892
vt 0.653774 0.380526
vt 0.654855 0.385700
vt 0.719496 0.898554
vt 0.714602 0.899618
vt 0.709699 0.907047
vt 0.704739 0.906453
vt 0.461166 0.645406
vt 0.462516 0.641299
vt 0.464599 0.636097
vt 0.466881 0.631145
vt 0.154621 0.947649
vt 0.159488 0.949542
vt 0.165321 0.950280
vt 0.170449 0.949636
vt 0.655604 0.369391
vt 0.656926 0.373747
vt 0.658915 0.379085
vt 0.661028 0.383970
vt 0.720128 0.904572
vt 0.715311 0.906362
vt 0.710767 0.913404
vt 0.705766 0.912571
vt 0.454862 0.641984
vt 0.456892 0.638246
vt 0.459914 0.633554
vt 0.463155 0.629122
vt 0.155229 0.944032
vt 0.159979 0.946622
vt 0.165768 0.947619
vt 0.170939 0.946716
vt 0.658656 0.367842
vt 0.660707 0.371828
vt 0.663669 0.376673
vt 0.666735 0.381075
vt 0.721044 0.910031
vt 0.716339 0.912480
vt 0.277559 0.641263
vt 0.276679 0.636550
vt 0.282232 0.635490
vt 0.283079 0.640025
vt 0.449360 0.637401
vt 0.451982 0.634156
vt 0.455823 0.630148
vt 0.459902 0.626414
vt 0.156002 0.940926
vt 0.160602 0.944114
vt 0.166337 0.945334
vt 0.508114 0.780482
vt 0.507791 0.782471
vt 0.502025 0.781370
vt 0.502380 0.779187
vt 0.661341 0.365729
vt 0.664033 0.369211
vt 0.667853 0.373382
vt 0.671757 0.377123
vt 0.722211 0.914721
vt 0.717646 0.917735
vt 0.712126 0.918866
vt 0.275944 0.630792
vt 0.281525 0.629949
vt 0.444870 0.631833
vt 0.447976 0.629188
vt 0.452485 0.626010
vt 0.457247 0.623122
vt 0.460971 0.621323
vt 0.463115 0.623979
vt 0.513264 0.781370
vt 0.512973 0.784029
vt 0.507525 0.784895
vt 0.501732 0.784029
vt 0.663558 0.363133
vt 0.666779 0.365994
vt 0.671305 0.369339
vt 0.675900 0.372268
vt 0.679383 0.374040
vt 0.674739 0.379481
vt 0.271411 0.635557
vt 0.270703 0.630016
vt 0.275381 0.624209
vt 0.280983 0.623615
vt 0.285519 0.622048
vt 0.286002 0.627701
vt 0.445025 0.623532
vt 0.450028 0.621298
vt 0.455292 0.619376
vt 0.459394 0.618298
vt 0.512756 0.787064
vt 0.507328 0.787660
vt 0.501517 0.787064
vt 0.665218 0.360153
vt 0.668837 0.362303
vt 0.673892 0.364697
vt 0.679006 0.366696
vt 0.682864 0.367796
vt 0.270161 0.623681
vt 0.275013 0.617054
vt 0.280629 0.616729
vt 0.285203 0.615905
vt 0.443245 0.617405
vt 0.448545 0.616195
vt 0.454114 0.615317
vt 0.458443 0.615021
vt 0.512621 0.790357
vt 0.507206 0.790661
vt 0.501385 0.790357
vt 0.496816 0.789539
vt 0.496980 0.785460
vt 0.670128 0.358279
vt 0.675517 0.359637
vt 0.680956 0.360622
vt 0.685049 0.360988
vt 0.269806 0.616796
vt 0.274854 0.609677
vt 0.280478 0.609624
vt 0.285070 0.609546
vt 0.442710 0.611082
vt 0.448108 0.610898
vt 0.453769 0.611066
vt 0.458159 0.611551
vt 0.512567 0.793851
vt 0.507165 0.793863
vt 0.501350 0.793851
vt 0.496769 0.793819
vt 0.670592 0.354037
vt 0.676101 0.354354
vt 0.681667 0.354317
vt 0.685850 0.353944
vt 0.269651 0.609691
vt 0.274603 0.559476
vt 0.280220 0.559706
vt 0.284803 0.560401
vt 0.443998 0.562300
vt 0.449270 0.563176
vt 0.454816 0.564425
vt 0.459135 0.565722
vt 0.512630 0.840013
vt 0.507208 0.839721
vt 0.501378 0.840013
vt 0.496809 0.840800
vt 0.670841 0.307389
vt 0.676267 0.306618
vt 0.681737 0.305516
vt 0.685850 0.304373
vt 0.269404 0.559773
vt 0.274872 0.552218
vt 0.280482 0.552728
vt 0.285039 0.554192
vt 0.445963 0.556162
vt 0.450907 0.558094
vt 0.456112 0.560423
vt 0.460170 0.562530
vt 0.512756 0.843237
vt 0.507328 0.842641
vt 0.501517 0.843237
vt 0.496980 0.844841
vt 0.669657 0.303350
vt 0.674772 0.301492
vt 0.679944 0.299327
vt 0.683844 0.297417
vt 0.269659 0.552794
vt 0.275341 0.545585
vt 0.280933 0.546344
vt 0.285441 0.548496
vt 0.449070 0.550552
vt 0.453496 0.553421
vt 0.458171 0.556707
vt 0.461830 0.559529
vt 0.512973 0.846272
vt 0.507525 0.845406
vt 0.501732 0.846272
vt 0.497249 0.848600
vt 0.667703 0.299578
vt 0.672314 0.296749
vt 0.676994 0.293631
vt 0.680538 0.291034
vt 0.270111 0.546411
vt 0.275994 0.539760
vt 0.281561 0.540738
vt 0.286002 0.543493
vt 0.453213 0.545644
vt 0.456948 0.549333
vt 0.460917 0.553456
vt 0.464047 0.556905
vt 0.513264 0.848932
vt 0.507791 0.847830
vt 0.502024 0.848932
vt 0.294677 0.942923
vt 0.294053 0.945279
vt 0.289303 0.942553
vt 0.290076 0.939635
vt 0.665048 0.296251
vt 0.668977 0.292566
vt 0.672988 0.288610
vt 0.676048 0.285408
vt 0.270740 0.540805
vt 0.955059 0.980862
vt 0.953838 0.974795
vt 0.959431 0.973980
vt 0.960606 0.979819
vt 0.964196 0.971919
vt 0.965245 0.977129
vt 0.458235 0.541628
vt 0.461132 0.545988
vt 0.464244 0.550796
vt 0.466734 0.554758
vt 0.305015 0.945184
vt 0.304524 0.947984
vt 0.299396 0.948808
vt 0.299843 0.946257
vt 0.293563 0.948078
vt 0.288695 0.946021
vt 0.661796 0.293500
vt 0.664887 0.289106
vt 0.668080 0.284456
vt 0.670547 0.280753
vt 0.950035 0.979994
vt 0.948861 0.974156
vt 0.952931 0.967987
vt 0.958558 0.967428
vt 0.963418 0.966072
vt 0.463944 0.538659
vt 0.465887 0.543515
vt 0.468026 0.548829
vt 0.469787 0.553170
vt 0.304186 0.951120
vt 0.299088 0.951666
vt 0.293225 0.951215
vt 0.288277 0.949907
vt 0.658071 0.291429
vt 0.660203 0.286502
vt 0.662456 0.281330
vt 0.664245 0.277250
vt 0.947987 0.967603
vt 0.952372 0.960698
vt 0.958021 0.960415
vt 0.962939 0.959814
vt 0.470118 0.536851
vt 0.471030 0.542009
vt 0.472116 0.547632
vt 0.473088 0.552203
vt 0.304014 0.954472
vt 0.298931 0.954720
vt 0.293054 0.954566
vt 0.288065 0.954059
vt 0.654015 0.290118
vt 0.655105 0.284854
vt 0.656335 0.279351
vt 0.657386 0.275031
vt 0.947450 0.960591
vt 0.952183 0.953211
vt 0.957839 0.953211
vt 0.962777 0.953385
vt 0.476521 0.536273
vt 0.476363 0.541527
vt 0.476358 0.547248
vt 0.476512 0.551894
vt 0.304014 0.957911
vt 0.298931 0.957854
vt 0.293054 0.958006
vt 0.288064 0.958319
vt 0.649786 0.289617
vt 0.649787 0.284224
vt 0.649950 0.278594
vt 0.650231 0.274184
vt 0.947268 0.953386
vt 0.952372 0.945813
vt 0.958021 0.946092
vt 0.962939 0.947032
vt 0.482906 0.536947
vt 0.481681 0.542089
vt 0.480587 0.547695
vt 0.479927 0.552254
vt 0.304186 0.961306
vt 0.299088 0.960947
vt 0.293226 0.961400
vt 0.288278 0.962523
vt 0.645546 0.289946
vt 0.644455 0.284637
vt 0.643549 0.279090
vt 0.643057 0.274740
vt 0.947450 0.946267
vt 0.952931 0.938787
vt 0.958558 0.939332
vt 0.963418 0.940999
vt 0.489029 0.538846
vt 0.486781 0.543671
vt 0.484643 0.548953
vt 0.483201 0.553270
vt 0.304524 0.964524
vt 0.299396 0.963880
vt 0.293563 0.964618
vt 0.288696 0.966511
vt 0.641456 0.291091
vt 0.639313 0.286077
vt 0.637376 0.280819
vt 0.636140 0.276677
vt 0.947987 0.939507
vt 0.953838 0.932406
vt 0.959431 0.933189
vt 0.964197 0.935518
vt 0.494654 0.541899
vt 0.491466 0.546214
vt 0.488370 0.550976
vt 0.486209 0.554903
vt 0.305015 0.967443
vt 0.299843 0.966540
vt 0.294053 0.967538
vt 0.289303 0.970128
vt 0.637675 0.293009
vt 0.634559 0.288489
vt 0.631669 0.283715
vt 0.629744 0.279922
vt 0.948861 0.933365
vt 0.955059 0.926912
vt 0.960606 0.927903
vt 0.965245 0.930800
vt 0.499564 0.545990
vt 0.495556 0.549621
vt 0.491622 0.553685
vt 0.488835 0.557090
vt 0.743293 0.843617
vt 0.742904 0.841451
vt 0.748675 0.840347
vt 0.749029 0.842322
vt 0.300411 0.968826
vt 0.294677 0.970046
vt 0.290076 0.973234
vt 0.634348 0.295626
vt 0.630376 0.291781
vt 0.626646 0.287666
vt 0.624116 0.284350
vt 0.562882 0.666766
vt 0.562138 0.671340
vt 0.556582 0.670321
vt 0.557356 0.665568
vt 0.555948 0.676113
vt 0.550687 0.676914
vt 0.551299 0.671340
vt 0.502610 0.543716
vt 0.507100 0.549284
vt 0.503570 0.550958
vt 0.498894 0.553759
vt 0.494277 0.556976
vt 0.490978 0.559747
vt 0.742584 0.838804
vt 0.748384 0.837935
vt 0.753805 0.838814
vt 0.754123 0.841461
vt 0.637492 0.298150
vt 0.635275 0.300746
vt 0.631603 0.298843
vt 0.626924 0.295825
vt 0.622504 0.292522
vt 0.619473 0.289791
vt 0.561528 0.676914
vt 0.555476 0.682722
vt 0.550233 0.683273
vt 0.510407 0.555623
vt 0.506519 0.556614
vt 0.501351 0.558471
vt 0.496232 0.560723
vt 0.492555 0.562772
vt 0.742348 0.835779
vt 0.748168 0.835180
vt 0.753568 0.835790
vt 0.633614 0.303726
vt 0.629544 0.302534
vt 0.624336 0.300466
vt 0.619398 0.298094
vt 0.565988 0.679115
vt 0.565583 0.684789
vt 0.561075 0.683273
vt 0.555184 0.689965
vt 0.549955 0.690237
vt 0.512414 0.562553
vt 0.508314 0.562780
vt 0.502847 0.563576
vt 0.497418 0.564743
vt 0.737771 0.837403
vt 0.737583 0.833370
vt 0.742195 0.832562
vt 0.748037 0.832266
vt 0.753430 0.832572
vt 0.632580 0.306907
vt 0.628247 0.306521
vt 0.622700 0.305528
vt 0.617434 0.304206
vt 0.565328 0.690985
vt 0.560791 0.690237
vt 0.795594 0.350270
vt 0.795653 0.357513
vt 0.790266 0.357044
vt 0.790207 0.350068
vt 0.164935 0.088719
vt 0.164140 0.095819
vt 0.159761 0.094987
vt 0.160466 0.088632
vt 0.154237 0.093841
vt 0.154818 0.088517
vt 0.148998 0.092678
vt 0.149459 0.088404
vt 0.322471 0.786285
vt 0.322502 0.782084
vt 0.326768 0.783376
vt 0.326746 0.786805
vt 0.332511 0.783845
vt 0.332482 0.786987
vt 0.338093 0.783347
vt 0.338052 0.786776
vt 0.409494 0.310833
vt 0.409123 0.307344
vt 0.413773 0.306447
vt 0.414225 0.310723
vt 0.419388 0.305283
vt 0.419960 0.310609
vt 0.424463 0.304166
vt 0.425159 0.310522
vt 0.805400 0.349628
vt 0.805447 0.355872
vt 0.801190 0.357086
vt 0.801136 0.350110
vt 0.795788 0.364373
vt 0.790396 0.363646
vt 0.161972 0.102691
vt 0.157825 0.101118
vt 0.152626 0.098949
vt 0.147715 0.096740
vt 0.322584 0.778182
vt 0.326834 0.780225
vt 0.332571 0.780974
vt 0.338159 0.780196
vt 0.408095 0.304062
vt 0.412498 0.302383
vt 0.417786 0.300173
vt 0.422539 0.298030
vt 0.805563 0.361763
vt 0.801320 0.363688
vt 0.795995 0.370514
vt 0.790596 0.369555
vt 0.158516 0.109003
vt 0.154742 0.106751
vt 0.150057 0.103641
vt 0.145672 0.100471
vt 0.142793 0.098103
vt 0.144441 0.095091
vt 0.326932 0.777406
vt 0.332661 0.778405
vt 0.338258 0.777377
vt 0.406453 0.301046
vt 0.410463 0.298647
vt 0.415229 0.295475
vt 0.419469 0.292391
vt 0.805741 0.367036
vt 0.801519 0.369597
vt 0.200312 0.923643
vt 0.200014 0.917562
vt 0.205548 0.916817
vt 0.205834 0.922668
vt 0.153907 0.114514
vt 0.150631 0.111669
vt 0.146631 0.107737
vt 0.142947 0.103729
vt 0.140592 0.100733
vt 0.919651 0.494043
vt 0.919514 0.496836
vt 0.913935 0.497596
vt 0.914060 0.495052
vt 0.908195 0.496792
vt 0.908331 0.493999
vt 0.404260 0.298411
vt 0.407748 0.295383
vt 0.411814 0.291371
vt 0.415371 0.287463
vt 0.417514 0.284664
vt 0.422107 0.290185
vt 0.194917 0.922711
vt 0.194631 0.916860
vt 0.199793 0.910744
vt 0.205335 0.910256
vt 0.148321 0.119012
vt 0.145645 0.115683
vt 0.142478 0.111080
vt 0.139645 0.106388
vt 0.137927 0.102880
vt 0.919412 0.499967
vt 0.913843 0.500449
vt 0.908094 0.499922
vt 0.401602 0.296258
vt 0.404455 0.292716
vt 0.407674 0.288018
vt 0.410401 0.283438
vt 0.411944 0.280152
vt 0.194418 0.910299
vt 0.199657 0.903451
vt 0.205204 0.903237
vt 0.209495 0.902696
vt 0.209612 0.908959
vt 0.139980 0.118639
vt 0.137760 0.113542
vt 0.135892 0.108346
vt 0.134898 0.104461
vt 0.919350 0.503316
vt 0.913786 0.503501
vt 0.908032 0.503271
vt 0.398581 0.294671
vt 0.400711 0.290749
vt 0.402967 0.285545
vt 0.404750 0.280469
vt 0.190599 0.909034
vt 0.190482 0.902771
vt 0.194288 0.903280
vt 0.199611 0.895962
vt 0.205159 0.896032
vt 0.209456 0.896266
vt 0.133853 0.120423
vt 0.132656 0.115028
vt 0.131833 0.109527
vt 0.131621 0.105414
vt 0.919328 0.506755
vt 0.913767 0.506634
vt 0.908011 0.506710
vt 0.395311 0.293710
vt 0.396661 0.289558
vt 0.397875 0.284047
vt 0.398637 0.278671
vt 0.190442 0.896341
vt 0.194244 0.896075
vt 0.199657 0.888567
vt 0.205203 0.888915
vt 0.209495 0.889915
vt 0.127499 0.120967
vt 0.127363 0.115481
vt 0.127624 0.109888
vt 0.128223 0.105705
vt 0.919349 0.510151
vt 0.913786 0.509729
vt 0.908033 0.510107
vt 0.903728 0.511166
vt 0.903701 0.506959
vt 0.392460 0.289189
vt 0.392592 0.283582
vt 0.392295 0.278112
vt 0.391653 0.274184
vt 0.398760 0.274810
vt 0.194289 0.888958
vt 0.199793 0.881548
vt 0.205334 0.882160
vt 0.209612 0.883888
vt 0.121162 0.120249
vt 0.122085 0.114884
vt 0.123426 0.109412
vt 0.124834 0.105321
vt 0.919412 0.513374
vt 0.913844 0.512666
vt 0.908095 0.513330
vt 0.391919 0.293411
vt 0.388536 0.293787
vt 0.388269 0.289654
vt 0.387323 0.284167
vt 0.385968 0.278815
vt 0.384563 0.274972
vt 0.194419 0.882204
vt 0.200014 0.875175
vt 0.205547 0.876029
vt 0.120885 0.124130
vt 0.114076 0.121943
vt 0.115086 0.118298
vt 0.117024 0.113258
vt 0.119401 0.108120
vt 0.121585 0.104278
vt 0.919514 0.516300
vt 0.913936 0.515332
vt 0.908196 0.516256
vt 0.385291 0.294822
vt 0.384249 0.290937
vt 0.382268 0.285781
vt 0.379900 0.280752
vt 0.377764 0.277143
vt 0.194631 0.876072
vt 0.200312 0.869695
vt 0.205834 0.870755
vt 0.107821 0.118457
vt 0.109504 0.115188
vt 0.112375 0.110668
vt 0.115703 0.106060
vt 0.118600 0.102615
vt 0.919651 0.518817
vt 0.914061 0.517626
vt 0.908333 0.518773
vt 0.382309 0.296479
vt 0.380555 0.292988
vt 0.377624 0.288361
vt 0.374325 0.283849
vt 0.371515 0.280614
vt 0.194917 0.870798
vt 0.448927 0.761905
vt 0.448628 0.756494
vt 0.454147 0.755583
vt 0.454435 0.760788
vt 0.102360 0.113808
vt 0.104632 0.111039
vt 0.108315 0.107212
vt 0.112475 0.103311
vt 0.115994 0.100396
vt 0.886969 0.407001
vt 0.886835 0.409485
vt 0.881236 0.410433
vt 0.881358 0.408169
vt 0.875511 0.409456
vt 0.875645 0.406972
vt 0.379705 0.298691
vt 0.377329 0.295730
vt 0.373567 0.291807
vt 0.369455 0.287987
vt 0.366058 0.285250
vt 0.443512 0.760830
vt 0.443224 0.755625
vt 0.448388 0.750177
vt 0.453916 0.749504
vt 0.458149 0.747696
vt 0.458355 0.753121
vt 0.100655 0.106010
vt 0.105003 0.103024
vt 0.109840 0.099980
vt 0.113866 0.097707
vt 0.886729 0.412385
vt 0.881139 0.413076
vt 0.875403 0.412357
vt 0.377578 0.301375
vt 0.374695 0.299055
vt 0.370254 0.295987
vt 0.365479 0.293006
vt 0.361602 0.290875
vt 0.442993 0.749546
vt 0.448215 0.743195
vt 0.453750 0.742785
vt 0.458001 0.741701
vt 0.097728 0.100295
vt 0.102564 0.098263
vt 0.107900 0.096195
vt 0.112301 0.094651
vt 0.886653 0.415592
vt 0.881070 0.415998
vt 0.875329 0.415563
vt 0.871065 0.414421
vt 0.871159 0.410450
vt 0.372753 0.302836
vt 0.367813 0.300742
vt 0.362549 0.298714
vt 0.358318 0.297272
vt 0.442826 0.742827
vt 0.448117 0.735816
vt 0.453656 0.735685
vt 0.457916 0.735365
vt 0.095961 0.094113
vt 0.101092 0.093114
vt 0.106731 0.092099
vt 0.111358 0.091344
vt 0.886611 0.418981
vt 0.881033 0.419086
vt 0.875289 0.418952
vt 0.871015 0.418619
vt 0.371580 0.306929
vt 0.366337 0.305888
vt 0.360776 0.304892
vt 0.356332 0.304195
vt 0.442731 0.735726
vt 0.448097 0.728399
vt 0.453639 0.728541
vt 0.457903 0.728972
vt 0.095429 0.087741
vt 0.100658 0.087776
vt 0.106389 0.087814
vt 0.111076 0.087847
vt 0.886597 0.422489
vt 0.881029 0.422302
vt 0.875295 0.422460
vt 0.871017 0.422916
vt 0.371231 0.311213
vt 0.365896 0.311225
vt 0.360238 0.311262
vt 0.355724 0.311313
vt 0.442710 0.728583
vt 0.448266 0.678645
vt 0.453800 0.679063
vt 0.458056 0.680253
vt 0.096708 0.038612
vt 0.101811 0.039714
vt 0.107427 0.040843
vt 0.112044 0.041693
vt 0.886811 0.468282
vt 0.881223 0.467795
vt 0.875473 0.468253
vt 0.871206 0.469515
vt 0.372206 0.358185
vt 0.366981 0.359287
vt 0.361445 0.360393
vt 0.357020 0.361216
vt 0.442882 0.679105
vt 0.448403 0.671714
vt 0.453935 0.672400
vt 0.458177 0.674325
vt 0.098657 0.032442
vt 0.103436 0.034605
vt 0.108714 0.036819
vt 0.113071 0.038483
vt 0.886869 0.471365
vt 0.881282 0.470587
vt 0.875545 0.471336
vt 0.871294 0.473379
vt 0.373483 0.362212
vt 0.368596 0.364400
vt 0.363383 0.366567
vt 0.359190 0.368155
vt 0.443011 0.672442
vt 0.448610 0.665574
vt 0.454134 0.666491
vt 0.458355 0.669053
vt 0.101741 0.026809
vt 0.106005 0.029913
vt 0.110757 0.033088
vt 0.114719 0.035470
vt 0.886969 0.474185
vt 0.881372 0.473156
vt 0.875643 0.474156
vt 0.376703 0.360596
vt 0.378344 0.363612
vt 0.375518 0.365947
vt 0.371154 0.369098
vt 0.366453 0.372207
vt 0.362631 0.374476
vt 0.443210 0.666533
vt 0.968819 0.274184
vt 0.968484 0.280263
vt 0.963096 0.280931
vt 0.963418 0.275082
vt 0.099049 0.024571
vt 0.103658 0.019060
vt 0.105853 0.021890
vt 0.109431 0.025817
vt 0.113482 0.029830
vt 0.116919 0.032841
vt 0.962302 0.113470
vt 0.962166 0.110678
vt 0.967907 0.109873
vt 0.968031 0.112417
vt 0.973485 0.110633
vt 0.973622 0.113425
vt 0.380536 0.366247
vt 0.378233 0.369212
vt 0.374569 0.373202
vt 0.370552 0.377135
vt 0.367224 0.379998
vt 0.974336 0.275193
vt 0.974012 0.281042
vt 0.968221 0.287079
vt 0.962843 0.287490
vt 0.109244 0.014562
vt 0.110837 0.017876
vt 0.113583 0.022473
vt 0.116784 0.027171
vt 0.119585 0.030694
vt 0.962065 0.107546
vt 0.967815 0.107020
vt 0.973383 0.107502
vt 0.383194 0.368399
vt 0.381526 0.371879
vt 0.378709 0.376555
vt 0.375521 0.381160
vt 0.372793 0.384509
vt 0.973759 0.287601
vt 0.968039 0.294371
vt 0.962669 0.294508
vt 0.958860 0.294994
vt 0.959016 0.288731
vt 0.116502 0.014920
vt 0.118302 0.020011
vt 0.120537 0.025213
vt 0.122615 0.029113
vt 0.962003 0.104197
vt 0.967758 0.103968
vt 0.973321 0.104152
vt 0.386216 0.369987
vt 0.385269 0.373845
vt 0.383416 0.379028
vt 0.381172 0.384129
vt 0.379126 0.387836
vt 0.973584 0.294620
vt 0.967947 0.301860
vt 0.962579 0.301713
vt 0.958780 0.301424
vt 0.122630 0.013137
vt 0.123405 0.018526
vt 0.124596 0.024032
vt 0.957699 0.104770
vt 0.957673 0.100510
vt 0.961982 0.100759
vt 0.967739 0.100834
vt 0.973299 0.100714
vt 0.389485 0.370949
vt 0.389320 0.375035
vt 0.388508 0.380525
vt 0.387286 0.385927
vt 0.977872 0.295188
vt 0.977793 0.301618
vt 0.973495 0.301825
vt 0.967947 0.309255
vt 0.962579 0.308831
vt 0.122459 0.009250
vt 0.129579 0.008641
vt 0.128984 0.012593
vt 0.128698 0.018073
vt 0.128805 0.023671
vt 0.957699 0.096303
vt 0.962004 0.097362
vt 0.967758 0.097740
vt 0.973321 0.097318
vt 0.392877 0.371247
vt 0.393521 0.375406
vt 0.393791 0.380990
vt 0.393628 0.386485
vt 0.977793 0.307968
vt 0.973495 0.308942
vt 0.968039 0.316275
vt 0.962668 0.315586
vt 0.136681 0.009445
vt 0.135321 0.013311
vt 0.133976 0.018670
vt 0.133003 0.024147
vt 0.132678 0.028252
vt 0.129289 0.027869
vt 0.962066 0.094139
vt 0.967815 0.094802
vt 0.973383 0.094094
vt 0.396261 0.370871
vt 0.397712 0.374940
vt 0.399060 0.380405
vt 0.399955 0.385782
vt 0.977872 0.313996
vt 0.973584 0.315697
vt 0.968220 0.322649
vt 0.962843 0.321718
vt 0.143489 0.011632
vt 0.141397 0.015261
vt 0.139037 0.020295
vt 0.137028 0.025439
vt 0.135927 0.029296
vt 0.962167 0.091213
vt 0.967907 0.092136
vt 0.973485 0.091168
vt 0.399505 0.369836
vt 0.401731 0.373657
vt 0.404115 0.378792
vt 0.406022 0.383846
vt 0.406973 0.387518
vt 0.400174 0.389689
vt 0.973759 0.321829
vt 0.968484 0.328131
vt 0.963096 0.326995
vt 0.149745 0.015117
vt 0.146979 0.018371
vt 0.143687 0.022886
vt 0.140726 0.027499
vt 0.138912 0.030959
vt 0.962304 0.088696
vt 0.968032 0.089843
vt 0.973622 0.088652
vt 0.402487 0.368179
vt 0.405426 0.371606
vt 0.408759 0.376212
vt 0.411599 0.380749
vt 0.413223 0.384048
vt 0.974012 0.327106
vt 0.796313 0.274184
vt 0.796014 0.279593
vt 0.790611 0.280462
vt 0.790899 0.275257
vt 0.155205 0.019766
vt 0.151852 0.022521
vt 0.147746 0.026342
vt 0.143954 0.030247
vt 0.141518 0.033178
vt 0.326933 0.844589
vt 0.326799 0.842105
vt 0.332525 0.841128
vt 0.332647 0.843392
vt 0.338124 0.842076
vt 0.338258 0.844560
vt 0.405091 0.365967
vt 0.408652 0.368865
vt 0.412816 0.372766
vt 0.416469 0.376611
vt 0.418680 0.379411
vt 0.801820 0.275299
vt 0.801532 0.280504
vt 0.795774 0.285910
vt 0.790379 0.286541
vt 0.159662 0.025402
vt 0.155827 0.027550
vt 0.151058 0.030531
vt 0.146589 0.033579
vt 0.143646 0.035867
vt 0.326692 0.839204
vt 0.332428 0.838484
vt 0.338018 0.839175
vt 0.407219 0.363283
vt 0.411286 0.365540
vt 0.416128 0.368585
vt 0.420444 0.371591
vt 0.805741 0.282967
vt 0.805535 0.288392
vt 0.801302 0.286583
vt 0.795601 0.292892
vt 0.790212 0.293260
vt 0.162943 0.031807
vt 0.158755 0.033265
vt 0.153497 0.035291
vt 0.148529 0.037365
vt 0.322448 0.841110
vt 0.322355 0.837139
vt 0.326617 0.835998
vt 0.332359 0.835563
vt 0.337943 0.835969
vt 0.408786 0.360230
vt 0.413229 0.361759
vt 0.418569 0.363830
vt 0.423374 0.365883
vt 0.805387 0.294387
vt 0.801136 0.293302
vt 0.795502 0.300344
vt 0.790120 0.300425
vt 0.164935 0.038799
vt 0.160536 0.039486
vt 0.154982 0.040443
vt 0.149705 0.041422
vt 0.322297 0.832978
vt 0.326568 0.832679
vt 0.332322 0.832557
vt 0.337909 0.832650
vt 0.409728 0.356996
vt 0.414410 0.357704
vt 0.420058 0.358682
vt 0.425159 0.359666
vt 0.805298 0.300763
vt 0.801038 0.300467
vt 0.708902 0.729653
vt 0.709000 0.737036
vt 0.703767 0.736755
vt 0.703671 0.729644
vt 0.425498 0.217269
vt 0.424697 0.224323
vt 0.420617 0.223041
vt 0.421327 0.216728
vt 0.415180 0.221751
vt 0.415765 0.216462
vt 0.409788 0.220791
vt 0.410252 0.216546
vt 0.009109 0.789862
vt 0.009161 0.785579
vt 0.013773 0.786376
vt 0.013733 0.789872
vt 0.019606 0.786676
vt 0.019561 0.789879
vt 0.024992 0.786386
vt 0.024934 0.789882
vt 0.631674 0.087186
vt 0.631958 0.090662
vt 0.627615 0.091870
vt 0.627271 0.087611
vt 0.622046 0.093005
vt 0.621608 0.087701
vt 0.616751 0.093771
vt 0.616216 0.087441
vt 0.719068 0.729619
vt 0.719148 0.735982
vt 0.714610 0.736755
vt 0.714518 0.729644
vt 0.709290 0.744207
vt 0.704047 0.743655
vt 0.422511 0.231158
vt 0.418666 0.229140
vt 0.413557 0.226831
vt 0.408496 0.224831
vt 0.009342 0.781493
vt 0.013918 0.783077
vt 0.019739 0.783670
vt 0.025138 0.783087
vt 0.632909 0.093952
vt 0.628794 0.095945
vt 0.623528 0.098128
vt 0.618531 0.099921
vt 0.719397 0.742139
vt 0.714889 0.743655
vt 0.709762 0.750815
vt 0.704501 0.750014
vt 0.419030 0.237446
vt 0.415560 0.234751
vt 0.410968 0.231505
vt 0.406437 0.228548
vt 0.009636 0.777722
vt 0.014155 0.780033
vt 0.019955 0.780896
vt 0.025375 0.780043
vt 0.634486 0.096997
vt 0.630750 0.099717
vt 0.625985 0.102872
vt 0.621481 0.105616
vt 0.719801 0.747814
vt 0.715342 0.750015
vt 0.710396 0.756607
vt 0.705112 0.755588
vt 0.414385 0.242945
vt 0.411417 0.239659
vt 0.407516 0.235592
vt 0.403691 0.231799
vt 0.654978 0.973724
vt 0.654205 0.970805
vt 0.658954 0.968080
vt 0.659578 0.970437
vt 0.014475 0.777360
vt 0.020246 0.778460
vt 0.025694 0.777370
vt 0.636630 0.099682
vt 0.633404 0.103043
vt 0.629322 0.107054
vt 0.625486 0.110638
vt 0.374264 0.869301
vt 0.373097 0.873705
vt 0.368391 0.871133
vt 0.369699 0.866197
vt 0.715952 0.755588
vt 0.362819 0.870229
vt 0.361751 0.876326
vt 0.356791 0.877090
vt 0.357819 0.871224
vt 0.408756 0.247445
vt 0.406393 0.243675
vt 0.403332 0.238937
vt 0.400364 0.234459
vt 0.653597 0.967337
vt 0.658464 0.965281
vt 0.664297 0.964551
vt 0.664744 0.967102
vt 0.669425 0.965375
vt 0.669915 0.968174
vt 0.639255 0.101904
vt 0.636656 0.105795
vt 0.633412 0.110513
vt 0.630396 0.114791
vt 0.372180 0.878941
vt 0.367364 0.876999
vt 0.361016 0.883155
vt 0.356084 0.883662
vt 0.402359 0.250772
vt 0.400685 0.246643
vt 0.398577 0.241410
vt 0.396582 0.236426
vt 0.653179 0.963452
vt 0.658126 0.962145
vt 0.663990 0.961693
vt 0.669088 0.962239
vt 0.642262 0.103576
vt 0.640382 0.107866
vt 0.638096 0.113118
vt 0.636019 0.117917
vt 0.371549 0.884805
vt 0.366656 0.883572
vt 0.360641 0.890455
vt 0.355724 0.890686
vt 0.395441 0.252800
vt 0.394511 0.248452
vt 0.393434 0.242916
vt 0.392492 0.237623
vt 0.652966 0.959300
vt 0.657955 0.958793
vt 0.663833 0.958638
vt 0.668915 0.958887
vt 0.645535 0.104634
vt 0.644437 0.109177
vt 0.643194 0.114767
vt 0.642140 0.119897
vt 0.371227 0.891073
vt 0.366294 0.890595
vt 0.360642 0.897944
vt 0.355724 0.897893
vt 0.388266 0.253448
vt 0.388108 0.249030
vt 0.388101 0.243398
vt 0.388251 0.238007
vt 0.652966 0.955040
vt 0.657955 0.955353
vt 0.663833 0.955505
vt 0.668914 0.955448
vt 0.648950 0.105038
vt 0.648666 0.109678
vt 0.648512 0.115397
vt 0.648524 0.120654
vt 0.371227 0.897504
vt 0.366294 0.897802
vt 0.361016 0.905335
vt 0.356084 0.905006
vt 0.381110 0.252693
vt 0.381723 0.248356
vt 0.382783 0.242837
vt 0.384021 0.237560
vt 0.653179 0.950836
vt 0.658127 0.951959
vt 0.663990 0.952412
vt 0.669087 0.952053
vt 0.652373 0.104773
vt 0.652907 0.109350
vt 0.653844 0.114984
vt 0.654926 0.120158
vt 0.371549 0.903851
vt 0.366655 0.904915
vt 0.361752 0.912344
vt 0.356791 0.911750
vt 0.374250 0.250562
vt 0.375600 0.246456
vt 0.377683 0.241254
vt 0.379965 0.236302
vt 0.653597 0.946848
vt 0.658464 0.948741
vt 0.664297 0.949479
vt 0.669425 0.948835
vt 0.655674 0.103849
vt 0.656996 0.108204
vt 0.658986 0.113543
vt 0.661099 0.118428
vt 0.372181 0.909869
vt 0.367363 0.911659
vt 0.362819 0.918701
vt 0.357819 0.917868
vt 0.367946 0.247140
vt 0.369976 0.243402
vt 0.372998 0.238711
vt 0.376239 0.234279
vt 0.654205 0.943232
vt 0.658955 0.945822
vt 0.664744 0.946819
vt 0.669915 0.945916
vt 0.658726 0.102300
vt 0.660777 0.106286
vt 0.663740 0.111131
vt 0.666805 0.115532
vt 0.373097 0.915328
vt 0.368392 0.917777
vt 0.069634 0.641246
vt 0.068754 0.636533
vt 0.074306 0.635474
vt 0.075153 0.640008
vt 0.362444 0.242557
vt 0.365066 0.239313
vt 0.368908 0.235304
vt 0.372986 0.231570
vt 0.654978 0.940125
vt 0.659578 0.943313
vt 0.665313 0.944533
vt 0.193762 0.783963
vt 0.193439 0.785952
vt 0.187672 0.784850
vt 0.188027 0.782667
vt 0.661412 0.100187
vt 0.664104 0.103668
vt 0.667923 0.107840
vt 0.671827 0.111581
vt 0.374264 0.920018
vt 0.369699 0.923032
vt 0.364178 0.924163
vt 0.068018 0.630775
vt 0.073599 0.629933
vt 0.357954 0.236990
vt 0.361060 0.234344
vt 0.365570 0.231166
vt 0.370331 0.228279
vt 0.374055 0.226479
vt 0.376199 0.229136
vt 0.198911 0.784850
vt 0.198620 0.787510
vt 0.193173 0.788376
vt 0.187380 0.787510
vt 0.663628 0.097591
vt 0.666849 0.100452
vt 0.671375 0.103796
vt 0.675970 0.106726
vt 0.679453 0.108498
vt 0.674810 0.113938
vt 0.063485 0.635540
vt 0.062777 0.630000
vt 0.067456 0.624192
vt 0.073058 0.623598
vt 0.077594 0.622032
vt 0.078077 0.627684
vt 0.358110 0.228688
vt 0.363112 0.226455
vt 0.368376 0.224532
vt 0.372478 0.223454
vt 0.198403 0.790545
vt 0.192976 0.791141
vt 0.187165 0.790545
vt 0.665289 0.094611
vt 0.668907 0.096761
vt 0.673963 0.099155
vt 0.679076 0.101154
vt 0.682935 0.102254
vt 0.062235 0.623665
vt 0.067087 0.617037
vt 0.072704 0.616713
vt 0.077277 0.615888
vt 0.356329 0.222562
vt 0.361629 0.221351
vt 0.367198 0.220473
vt 0.371527 0.220177
vt 0.198269 0.793838
vt 0.192854 0.794141
vt 0.187033 0.793838
vt 0.182464 0.793020
vt 0.182628 0.788940
vt 0.670198 0.092736
vt 0.675587 0.094095
vt 0.681027 0.095079
vt 0.685120 0.095446
vt 0.061881 0.616780
vt 0.066928 0.609660
vt 0.072552 0.609607
vt 0.077145 0.609529
vt 0.355794 0.216239
vt 0.361192 0.216054
vt 0.366853 0.216222
vt 0.371243 0.216708
vt 0.198215 0.797331
vt 0.192813 0.797343
vt 0.186998 0.797331
vt 0.182417 0.797300
vt 0.670662 0.088495
vt 0.676172 0.088812
vt 0.681737 0.088775
vt 0.685921 0.088401
vt 0.061725 0.609674
vt 0.066678 0.559460
vt 0.072294 0.559689
vt 0.076878 0.560384
vt 0.357082 0.167457
vt 0.362354 0.168333
vt 0.367900 0.169582
vt 0.372220 0.170879
vt 0.198278 0.843494
vt 0.192856 0.843202
vt 0.187025 0.843494
vt 0.182456 0.844280
vt 0.670912 0.041846
vt 0.676338 0.041076
vt 0.681807 0.039973
vt 0.685921 0.038831
vt 0.061478 0.559756
vt 0.066946 0.552202
vt 0.072556 0.552711
vt 0.077113 0.554175
vt 0.359047 0.161319
vt 0.363991 0.163251
vt 0.369196 0.165580
vt 0.373254 0.167687
vt 0.198403 0.846718
vt 0.192976 0.846121
vt 0.187165 0.846718
vt 0.182628 0.848322
vt 0.669728 0.037808
vt 0.674842 0.035950
vt 0.680014 0.033784
vt 0.683914 0.031875
vt 0.061734 0.552778
vt 0.067415 0.545569
vt 0.073007 0.546327
vt 0.077516 0.548479
vt 0.362154 0.155708
vt 0.366580 0.158577
vt 0.371255 0.161863
vt 0.374914 0.164686
vt 0.198620 0.849753
vt 0.193173 0.848886
vt 0.187380 0.849752
vt 0.182897 0.852081
vt 0.667773 0.034036
vt 0.672385 0.031206
vt 0.677064 0.028089
vt 0.680608 0.025492
vt 0.062185 0.546394
vt 0.068069 0.539743
vt 0.073635 0.540721
vt 0.078077 0.543476
vt 0.366297 0.150800
vt 0.370032 0.154489
vt 0.374001 0.158612
vt 0.377131 0.162062
vt 0.198911 0.852412
vt 0.193439 0.851310
vt 0.187672 0.852412
vt 0.015356 0.918539
vt 0.014732 0.920895
vt 0.009982 0.918169
vt 0.010755 0.915251
vt 0.665119 0.030709
vt 0.669047 0.027024
vt 0.673059 0.023068
vt 0.676119 0.019866
vt 0.062814 0.540788
vt 0.980749 0.709010
vt 0.979528 0.702942
vt 0.985121 0.702128
vt 0.986296 0.707966
vt 0.989887 0.700066
vt 0.990936 0.705276
vt 0.371320 0.146784
vt 0.374216 0.151145
vt 0.377328 0.155952
vt 0.379818 0.159915
vt 0.025694 0.920800
vt 0.025203 0.923600
vt 0.020075 0.924424
vt 0.020522 0.921873
vt 0.014242 0.923694
vt 0.009374 0.921637
vt 0.661867 0.027958
vt 0.664958 0.023564
vt 0.668150 0.018914
vt 0.670618 0.015211
vt 0.975725 0.708141
vt 0.974551 0.702303
vt 0.978621 0.696134
vt 0.984248 0.695575
vt 0.989108 0.694219
vt 0.377028 0.143815
vt 0.378971 0.148672
vt 0.381110 0.153986
vt 0.382871 0.158327
vt 0.024865 0.926736
vt 0.019767 0.927282
vt 0.013905 0.926831
vt 0.008956 0.925523
vt 0.658141 0.025887
vt 0.660274 0.020960
vt 0.662526 0.015787
vt 0.664315 0.011707
vt 0.973678 0.695750
vt 0.978062 0.688845
vt 0.983711 0.688563
vt 0.988629 0.687961
vt 0.383202 0.142008
vt 0.384114 0.147166
vt 0.385200 0.152789
vt 0.386172 0.157360
vt 0.024693 0.930088
vt 0.019610 0.930336
vt 0.013733 0.930182
vt 0.008744 0.929675
vt 0.654086 0.024576
vt 0.655175 0.019312
vt 0.656405 0.013808
vt 0.657456 0.009489
vt 0.973140 0.688738
vt 0.977874 0.681359
vt 0.983530 0.681358
vt 0.988467 0.681532
vt 0.389605 0.141429
vt 0.389447 0.146684
vt 0.389442 0.152405
vt 0.389596 0.157051
vt 0.024693 0.933527
vt 0.019610 0.933470
vt 0.013733 0.933621
vt 0.008743 0.933935
vt 0.649857 0.024075
vt 0.649857 0.018682
vt 0.650021 0.013052
vt 0.650302 0.008641
vt 0.972959 0.681533
vt 0.978063 0.673960
vt 0.983711 0.674239
vt 0.988629 0.675179
vt 0.395990 0.142103
vt 0.394765 0.147245
vt 0.393671 0.152852
vt 0.393011 0.157411
vt 0.024865 0.936922
vt 0.019767 0.936563
vt 0.013905 0.937016
vt 0.008957 0.938139
vt 0.645616 0.024404
vt 0.644525 0.019095
vt 0.643619 0.013548
vt 0.643128 0.009197
vt 0.973140 0.674414
vt 0.978621 0.666935
vt 0.984249 0.667479
vt 0.989108 0.669146
vt 0.402113 0.144003
vt 0.399865 0.148828
vt 0.397727 0.154110
vt 0.396285 0.158427
vt 0.025203 0.940140
vt 0.020075 0.939496
vt 0.014242 0.940234
vt 0.009375 0.942127
vt 0.641527 0.025549
vt 0.639383 0.020535
vt 0.637446 0.015277
vt 0.636211 0.011135
vt 0.973678 0.667654
vt 0.979528 0.660553
vt 0.985122 0.661336
vt 0.989887 0.663665
vt 0.407738 0.147056
vt 0.404550 0.151371
vt 0.401454 0.156132
vt 0.399293 0.160060
vt 0.025694 0.943059
vt 0.020522 0.942156
vt 0.014733 0.943154
vt 0.009982 0.945744
vt 0.637745 0.027467
vt 0.634630 0.022947
vt 0.631739 0.018172
vt 0.629814 0.014380
vt 0.974551 0.661512
vt 0.980749 0.655059
vt 0.986296 0.656050
vt 0.990936 0.658947
vt 0.412648 0.151146
vt 0.408640 0.154778
vt 0.404706 0.158841
vt 0.401919 0.162247
vt 0.014863 0.847087
vt 0.014474 0.844920
vt 0.020245 0.843817
vt 0.020599 0.845792
vt 0.021090 0.944442
vt 0.015356 0.945662
vt 0.010755 0.948850
vt 0.634419 0.030084
vt 0.630446 0.026238
vt 0.626717 0.022124
vt 0.624187 0.018808
vt 0.716696 0.656258
vt 0.715952 0.660831
vt 0.710396 0.659812
vt 0.711169 0.655059
vt 0.709762 0.665605
vt 0.704501 0.666405
vt 0.705112 0.660831
vt 0.415694 0.148873
vt 0.420184 0.154440
vt 0.416654 0.156115
vt 0.411978 0.158916
vt 0.407361 0.162133
vt 0.404062 0.164903
vt 0.014155 0.842274
vt 0.019955 0.841405
vt 0.025375 0.842284
vt 0.025694 0.844931
vt 0.637563 0.032608
vt 0.635346 0.035204
vt 0.631674 0.033301
vt 0.626995 0.030282
vt 0.622575 0.026980
vt 0.619543 0.024249
vt 0.715342 0.666405
vt 0.709290 0.672213
vt 0.704047 0.672765
vt 0.423491 0.160779
vt 0.419604 0.161771
vt 0.414436 0.163627
vt 0.409316 0.165880
vt 0.405640 0.167928
vt 0.013918 0.839249
vt 0.019739 0.838649
vt 0.025138 0.839259
vt 0.633685 0.038184
vt 0.629615 0.036991
vt 0.624407 0.034923
vt 0.619469 0.032552
vt 0.719801 0.668606
vt 0.719397 0.674280
vt 0.714889 0.672764
vt 0.708998 0.679456
vt 0.703769 0.679729
vt 0.425498 0.167709
vt 0.421398 0.167937
vt 0.415931 0.168733
vt 0.410502 0.169900
vt 0.009341 0.840873
vt 0.009153 0.836839
vt 0.013766 0.836032
vt 0.019608 0.835736
vt 0.025001 0.836042
vt 0.632650 0.041365
vt 0.628317 0.040979
vt 0.622770 0.039986
vt 0.617504 0.038664
vt 0.719142 0.680476
vt 0.714604 0.679729
vt 0.776906 0.483058
vt 0.776964 0.490301
vt 0.771577 0.489832
vt 0.771519 0.482856
vt 0.338512 0.088719
vt 0.337717 0.095819
vt 0.333337 0.094986
vt 0.334042 0.088632
vt 0.327813 0.093841
vt 0.328394 0.088517
vt 0.322575 0.092678
vt 0.323035 0.088404
vt 0.870279 0.663967
vt 0.870310 0.659766
vt 0.874576 0.661058
vt 0.874554 0.664487
vt 0.880319 0.661527
vt 0.880290 0.664669
vt 0.885901 0.661029
vt 0.885860 0.664458
vt 0.149200 0.310833
vt 0.148828 0.307344
vt 0.153479 0.306448
vt 0.153931 0.310723
vt 0.159094 0.305283
vt 0.159666 0.310609
vt 0.164168 0.304166
vt 0.164865 0.310522
vt 0.786712 0.482416
vt 0.786758 0.488660
vt 0.782502 0.489874
vt 0.782448 0.482898
vt 0.777100 0.497161
vt 0.771708 0.496434
vt 0.335548 0.102690
vt 0.331402 0.101118
vt 0.326202 0.098949
vt 0.321292 0.096740
vt 0.870392 0.655864
vt 0.874642 0.657908
vt 0.880379 0.658657
vt 0.885967 0.657879
vt 0.147801 0.304062
vt 0.152204 0.302383
vt 0.157492 0.300173
vt 0.162245 0.298030
vt 0.786875 0.494551
vt 0.782632 0.496476
vt 0.777307 0.503302
vt 0.771907 0.502343
vt 0.332093 0.109003
vt 0.328319 0.106751
vt 0.323633 0.103641
vt 0.319249 0.100471
vt 0.316369 0.098103
vt 0.318018 0.095091
vt 0.874740 0.655088
vt 0.880469 0.656088
vt 0.886066 0.655059
vt 0.146159 0.301046
vt 0.150169 0.298647
vt 0.154935 0.295475
vt 0.159175 0.292391
vt 0.787052 0.499824
vt 0.782831 0.502385
vt 0.163859 0.923643
vt 0.163562 0.917562
vt 0.169095 0.916817
vt 0.169382 0.922668
vt 0.327484 0.114514
vt 0.324207 0.111669
vt 0.320207 0.107737
vt 0.316524 0.103729
vt 0.314169 0.100733
vt 0.872275 0.095695
vt 0.872138 0.098489
vt 0.866560 0.099248
vt 0.866684 0.096704
vt 0.860820 0.098444
vt 0.860955 0.095651
vt 0.143966 0.298411
vt 0.147453 0.295383
vt 0.151520 0.291371
vt 0.155077 0.287463
vt 0.157220 0.284664
vt 0.161813 0.290185
vt 0.158464 0.922711
vt 0.158178 0.916860
vt 0.163341 0.910744
vt 0.168883 0.910256
vt 0.321898 0.119012
vt 0.319221 0.115683
vt 0.316055 0.111080
vt 0.313222 0.106388
vt 0.311503 0.102880
vt 0.872036 0.101619
vt 0.866467 0.102101
vt 0.860718 0.101575
vt 0.141308 0.296258
vt 0.144161 0.292716
vt 0.147380 0.288018
vt 0.150106 0.283438
vt 0.151650 0.280152
vt 0.157966 0.910299
vt 0.163205 0.903451
vt 0.168752 0.903237
vt 0.173043 0.902696
vt 0.173160 0.908959
vt 0.313557 0.118639
vt 0.311336 0.113542
vt 0.309469 0.108346
vt 0.308474 0.104461
vt 0.871974 0.104968
vt 0.866410 0.105153
vt 0.860655 0.104924
vt 0.138286 0.294671
vt 0.140417 0.290749
vt 0.142673 0.285545
vt 0.144456 0.280469
vt 0.154146 0.909034
vt 0.154029 0.902771
vt 0.157835 0.903280
vt 0.163159 0.895962
vt 0.168706 0.896032
vt 0.173003 0.896265
vt 0.307429 0.120423
vt 0.306233 0.115028
vt 0.305410 0.109527
vt 0.305197 0.105414
vt 0.871952 0.108407
vt 0.866391 0.108287
vt 0.860635 0.108363
vt 0.135017 0.293709
vt 0.136367 0.289558
vt 0.137581 0.284047
vt 0.138342 0.278671
vt 0.153990 0.896341
vt 0.157792 0.896075
vt 0.163205 0.888567
vt 0.168750 0.888914
vt 0.173043 0.889915
vt 0.301075 0.120967
vt 0.300940 0.115481
vt 0.301200 0.109888
vt 0.301799 0.105705
vt 0.871973 0.111804
vt 0.866410 0.111382
vt 0.860657 0.111759
vt 0.856352 0.112818
vt 0.856326 0.108612
vt 0.132166 0.289189
vt 0.132298 0.283582
vt 0.132000 0.278112
vt 0.131359 0.274184
vt 0.138466 0.274810
vt 0.157836 0.888958
vt 0.163341 0.881548
vt 0.168882 0.882160
vt 0.173160 0.883887
vt 0.294738 0.120249
vt 0.295662 0.114884
vt 0.297003 0.109412
vt 0.298410 0.105321
vt 0.872036 0.115027
vt 0.866468 0.114319
vt 0.860719 0.114982
vt 0.131625 0.293411
vt 0.128242 0.293787
vt 0.127975 0.289654
vt 0.127028 0.284167
vt 0.125674 0.278815
vt 0.124269 0.274972
vt 0.157967 0.882204
vt 0.163562 0.875175
vt 0.169095 0.876029
vt 0.294461 0.124130
vt 0.287653 0.121943
vt 0.288662 0.118298
vt 0.290601 0.113258
vt 0.292978 0.108120
vt 0.295161 0.104278
vt 0.872138 0.117953
vt 0.866560 0.116985
vt 0.860820 0.117908
vt 0.124997 0.294822
vt 0.123955 0.290937
vt 0.121974 0.285781
vt 0.119606 0.280752
vt 0.117470 0.277143
vt 0.158179 0.876072
vt 0.163859 0.869695
vt 0.169382 0.870755
vt 0.281397 0.118457
vt 0.283081 0.115188
vt 0.285951 0.110668
vt 0.289280 0.106060
vt 0.292176 0.102615
vt 0.872275 0.120470
vt 0.866685 0.119279
vt 0.860957 0.120425
vt 0.122015 0.296479
vt 0.120261 0.292988
vt 0.117330 0.288361
vt 0.114030 0.283849
vt 0.111221 0.280614
vt 0.158464 0.870798
vt 0.101646 0.765385
vt 0.101348 0.759975
vt 0.106867 0.759063
vt 0.107154 0.764269
vt 0.275937 0.113808
vt 0.278208 0.111039
vt 0.281892 0.107212
vt 0.286052 0.103311
vt 0.289570 0.100396
vt 0.906158 0.008670
vt 0.906024 0.011154
vt 0.900425 0.012102
vt 0.900547 0.009839
vt 0.894700 0.011125
vt 0.894834 0.008641
vt 0.119411 0.298691
vt 0.117035 0.295730
vt 0.113273 0.291807
vt 0.109161 0.287987
vt 0.105764 0.285250
vt 0.096231 0.764311
vt 0.095943 0.759105
vt 0.101107 0.753657
vt 0.106636 0.752984
vt 0.110868 0.751177
vt 0.111074 0.756601
vt 0.274232 0.106010
vt 0.278579 0.103024
vt 0.283417 0.099980
vt 0.287443 0.097707
vt 0.905918 0.014055
vt 0.900328 0.014746
vt 0.894593 0.014026
vt 0.117284 0.301375
vt 0.114400 0.299055
vt 0.109960 0.295987
vt 0.105185 0.293006
vt 0.101308 0.290875
vt 0.095712 0.753026
vt 0.100935 0.746676
vt 0.106470 0.746266
vt 0.110720 0.745181
vt 0.271304 0.100295
vt 0.276140 0.098263
vt 0.281477 0.096195
vt 0.285878 0.094651
vt 0.905842 0.017262
vt 0.900259 0.017668
vt 0.894518 0.017233
vt 0.890255 0.016091
vt 0.890348 0.012119
vt 0.112459 0.302836
vt 0.107519 0.300742
vt 0.102255 0.298714
vt 0.098024 0.297272
vt 0.095546 0.746307
vt 0.100836 0.739297
vt 0.106376 0.739165
vt 0.110636 0.738845
vt 0.269537 0.094113
vt 0.274669 0.093114
vt 0.280307 0.092099
vt 0.284934 0.091344
vt 0.905800 0.020650
vt 0.900222 0.020755
vt 0.894478 0.020621
vt 0.890204 0.020288
vt 0.111286 0.306929
vt 0.106043 0.305888
vt 0.100482 0.304892
vt 0.096038 0.304195
vt 0.095451 0.739207
vt 0.100816 0.731879
vt 0.106358 0.732021
vt 0.110622 0.732453
vt 0.269006 0.087741
vt 0.274234 0.087775
vt 0.279965 0.087814
vt 0.284653 0.087847
vt 0.905786 0.024159
vt 0.900218 0.023971
vt 0.894484 0.024130
vt 0.890206 0.024586
vt 0.110936 0.311213
vt 0.105602 0.311225
vt 0.099944 0.311262
vt 0.095429 0.311313
vt 0.095429 0.732063
vt 0.100986 0.682125
vt 0.106520 0.682544
vt 0.110775 0.683733
vt 0.270284 0.038612
vt 0.275387 0.039714
vt 0.281003 0.040843
vt 0.285620 0.041693
vt 0.906000 0.069952
vt 0.900412 0.069465
vt 0.894662 0.069923
vt 0.890395 0.071185
vt 0.111912 0.358185
vt 0.106687 0.359287
vt 0.101151 0.360393
vt 0.096726 0.361216
vt 0.095602 0.682586
vt 0.101122 0.675195
vt 0.106654 0.675881
vt 0.110897 0.677806
vt 0.272234 0.032442
vt 0.277012 0.034605
vt 0.282290 0.036819
vt 0.286647 0.038483
vt 0.906058 0.073035
vt 0.900471 0.072257
vt 0.894734 0.073005
vt 0.890483 0.075049
vt 0.113189 0.362212
vt 0.108302 0.364400
vt 0.103089 0.366567
vt 0.098895 0.368155
vt 0.095730 0.675923
vt 0.101329 0.669055
vt 0.106853 0.669971
vt 0.111074 0.672533
vt 0.275317 0.026809
vt 0.279581 0.029913
vt 0.284333 0.033088
vt 0.288295 0.035470
vt 0.906158 0.075855
vt 0.900561 0.074826
vt 0.894832 0.075825
vt 0.116409 0.360596
vt 0.118050 0.363612
vt 0.115224 0.365947
vt 0.110860 0.369098
vt 0.106159 0.372207
vt 0.102336 0.374476
vt 0.095930 0.670013
vt 0.932445 0.274184
vt 0.932109 0.280263
vt 0.926722 0.280931
vt 0.927044 0.275082
vt 0.272626 0.024571
vt 0.277235 0.019060
vt 0.279429 0.021890
vt 0.283007 0.025817
vt 0.287058 0.029830
vt 0.290495 0.032841
vt 0.975886 0.237478
vt 0.975750 0.234685
vt 0.981490 0.233881
vt 0.981615 0.236425
vt 0.987068 0.234640
vt 0.987205 0.237433
vt 0.120242 0.366247
vt 0.117939 0.369212
vt 0.114275 0.373202
vt 0.110257 0.377135
vt 0.106930 0.379998
vt 0.937961 0.275193
vt 0.937638 0.281042
vt 0.931846 0.287079
vt 0.926469 0.287490
vt 0.282820 0.014562
vt 0.284413 0.017876
vt 0.287160 0.022473
vt 0.290360 0.027171
vt 0.293161 0.030694
vt 0.975648 0.231554
vt 0.981398 0.231028
vt 0.986967 0.231509
vt 0.122900 0.368399
vt 0.121231 0.371879
vt 0.118415 0.376555
vt 0.115227 0.381160
vt 0.112499 0.384509
vt 0.937384 0.287601
vt 0.931665 0.294371
vt 0.926294 0.294508
vt 0.922486 0.294994
vt 0.922642 0.288731
vt 0.290078 0.014920
vt 0.291878 0.020011
vt 0.294113 0.025213
vt 0.296191 0.029113
vt 0.975586 0.228205
vt 0.981341 0.227976
vt 0.986904 0.228160
vt 0.125922 0.369987
vt 0.124975 0.373845
vt 0.123122 0.379028
vt 0.120878 0.384129
vt 0.118832 0.387836
vt 0.937210 0.294620
vt 0.931572 0.301860
vt 0.926205 0.301713
vt 0.922406 0.301424
vt 0.296206 0.013137
vt 0.296982 0.018526
vt 0.298173 0.024032
vt 0.971282 0.228777
vt 0.971257 0.224518
vt 0.975566 0.224766
vt 0.981322 0.224842
vt 0.986883 0.224722
vt 0.129191 0.370949
vt 0.129025 0.375035
vt 0.128214 0.380525
vt 0.126992 0.385927
vt 0.941498 0.295188
vt 0.941419 0.301618
vt 0.937121 0.301825
vt 0.931572 0.309255
vt 0.926205 0.308831
vt 0.296035 0.009250
vt 0.303156 0.008641
vt 0.302560 0.012593
vt 0.302275 0.018073
vt 0.302382 0.023671
vt 0.971283 0.220311
vt 0.975587 0.221370
vt 0.981341 0.221747
vt 0.986904 0.221325
vt 0.132583 0.371247
vt 0.133227 0.375406
vt 0.133497 0.380990
vt 0.133334 0.386485
vt 0.941419 0.307968
vt 0.937121 0.308942
vt 0.931664 0.316275
vt 0.926294 0.315586
vt 0.310257 0.009445
vt 0.308897 0.013311
vt 0.307553 0.018670
vt 0.306579 0.024147
vt 0.306255 0.028252
vt 0.302866 0.027869
vt 0.975649 0.218147
vt 0.981398 0.218810
vt 0.986966 0.218102
vt 0.135966 0.370871
vt 0.137418 0.374940
vt 0.138766 0.380405
vt 0.139660 0.385782
vt 0.941498 0.313996
vt 0.937210 0.315697
vt 0.931846 0.322649
vt 0.926468 0.321718
vt 0.317066 0.011632
vt 0.314974 0.015261
vt 0.312614 0.020295
vt 0.310605 0.025439
vt 0.309504 0.029296
vt 0.975751 0.215220
vt 0.981491 0.216144
vt 0.987068 0.215176
vt 0.139211 0.369836
vt 0.141437 0.373657
vt 0.143820 0.378792
vt 0.145728 0.383846
vt 0.146679 0.387518
vt 0.139880 0.389689
vt 0.937384 0.321829
vt 0.932109 0.328131
vt 0.926722 0.326995
vt 0.323322 0.015117
vt 0.320556 0.018371
vt 0.317263 0.022886
vt 0.314303 0.027499
vt 0.312489 0.030959
vt 0.975887 0.212704
vt 0.981615 0.213850
vt 0.987205 0.212659
vt 0.142193 0.368179
vt 0.145132 0.371606
vt 0.148465 0.376212
vt 0.151304 0.380749
vt 0.152929 0.384048
vt 0.937637 0.327106
vt 0.777624 0.406972
vt 0.777326 0.412381
vt 0.771922 0.413250
vt 0.772210 0.408045
vt 0.328782 0.019766
vt 0.325428 0.022520
vt 0.321322 0.026342
vt 0.317531 0.030247
vt 0.315095 0.033178
vt 0.874741 0.722272
vt 0.874607 0.719787
vt 0.880333 0.718810
vt 0.880455 0.721074
vt 0.885932 0.719758
vt 0.886066 0.722243
vt 0.144797 0.365967
vt 0.148358 0.368865
vt 0.152522 0.372766
vt 0.156175 0.376611
vt 0.158386 0.379411
vt 0.783131 0.408087
vt 0.782844 0.413292
vt 0.777085 0.418698
vt 0.771690 0.419329
vt 0.333238 0.025401
vt 0.329404 0.027550
vt 0.324635 0.030531
vt 0.320165 0.033579
vt 0.317222 0.035866
vt 0.874500 0.716886
vt 0.880236 0.716166
vt 0.885826 0.716857
vt 0.146925 0.363283
vt 0.150992 0.365540
vt 0.155834 0.368585
vt 0.160150 0.371591
vt 0.787052 0.415755
vt 0.786846 0.421180
vt 0.782613 0.419371
vt 0.776913 0.425680
vt 0.771524 0.426048
vt 0.336519 0.031807
vt 0.332331 0.033265
vt 0.327074 0.035291
vt 0.322105 0.037365
vt 0.870256 0.718793
vt 0.870163 0.714821
vt 0.874425 0.713680
vt 0.880167 0.713245
vt 0.885751 0.713651
vt 0.148492 0.360230
vt 0.152935 0.361759
vt 0.158275 0.363830
vt 0.163080 0.365883
vt 0.786698 0.427175
vt 0.782447 0.426090
vt 0.776814 0.433132
vt 0.771431 0.433213
vt 0.338512 0.038799
vt 0.334112 0.039486
vt 0.328558 0.040443
vt 0.323282 0.041422
vt 0.870105 0.710661
vt 0.874377 0.710361
vt 0.880130 0.710240
vt 0.885718 0.710332
vt 0.149434 0.356996
vt 0.154116 0.357704
vt 0.159764 0.358682
vt 0.164865 0.359666
vt 0.786609 0.433551
vt 0.782349 0.433255
vt 0.293661 0.733140
vt 0.293758 0.740523
vt 0.288526 0.740241
vt 0.288430 0.733131
vt 0.598863 0.350023
vt 0.598062 0.357077
vt 0.593982 0.355796
vt 0.594692 0.349482
vt 0.588545 0.354505
vt 0.589130 0.349216
vt 0.583153 0.353545
vt 0.583617 0.349300
vt 0.823094 0.021143
vt 0.823146 0.016861
vt 0.827758 0.017658
vt 0.827718 0.021153
vt 0.833591 0.017957
vt 0.833546 0.021161
vt 0.838977 0.017668
vt 0.838919 0.021163
vt 0.718661 0.087186
vt 0.718945 0.090662
vt 0.714602 0.091870
vt 0.714258 0.087611
vt 0.709033 0.093005
vt 0.708595 0.087701
vt 0.703739 0.093771
vt 0.703203 0.087441
vt 0.303827 0.733105
vt 0.303907 0.739469
vt 0.299369 0.740241
vt 0.299277 0.733131
vt 0.294049 0.747694
vt 0.288806 0.747142
vt 0.595877 0.363912
vt 0.592031 0.361895
vt 0.586922 0.359585
vt 0.581861 0.357586
vt 0.823327 0.012775
vt 0.827903 0.014359
vt 0.833724 0.014951
vt 0.839123 0.014369
vt 0.719896 0.093952
vt 0.715782 0.095945
vt 0.710515 0.098128
vt 0.705519 0.099921
vt 0.304156 0.745626
vt 0.299648 0.747142
vt 0.294520 0.754302
vt 0.289260 0.753501
vt 0.592395 0.370200
vt 0.588925 0.367505
vt 0.584333 0.364259
vt 0.579802 0.361302
vt 0.823621 0.009004
vt 0.828140 0.011314
vt 0.833940 0.012178
vt 0.839360 0.011324
vt 0.721474 0.096997
vt 0.717737 0.099717
vt 0.712972 0.102872
vt 0.708468 0.105616
vt 0.304560 0.751301
vt 0.300101 0.753501
vt 0.295155 0.760094
vt 0.289871 0.759075
vt 0.587750 0.375700
vt 0.584782 0.372413
vt 0.580881 0.368347
vt 0.577056 0.364554
vt 0.393559 0.975044
vt 0.392785 0.972126
vt 0.397535 0.969401
vt 0.398159 0.971757
vt 0.828460 0.008641
vt 0.834231 0.009741
vt 0.839679 0.008651
vt 0.723617 0.099682
vt 0.720391 0.103043
vt 0.716309 0.107054
vt 0.712473 0.110638
vt 0.922793 0.539378
vt 0.921626 0.543781
vt 0.916920 0.541209
vt 0.918228 0.536273
vt 0.300711 0.759075
vt 0.911348 0.540305
vt 0.910280 0.546402
vt 0.905320 0.547166
vt 0.906347 0.541300
vt 0.582122 0.380199
vt 0.579758 0.376429
vt 0.576697 0.371691
vt 0.573729 0.367213
vt 0.392178 0.968658
vt 0.397045 0.966601
vt 0.402878 0.965871
vt 0.403325 0.968422
vt 0.408006 0.966695
vt 0.408496 0.969495
vt 0.726242 0.101904
vt 0.723643 0.105795
vt 0.720399 0.110513
vt 0.717383 0.114791
vt 0.920709 0.549017
vt 0.915892 0.547075
vt 0.909545 0.553231
vt 0.904612 0.553738
vt 0.575724 0.383527
vt 0.574050 0.379398
vt 0.571942 0.374164
vt 0.569947 0.369180
vt 0.391760 0.964773
vt 0.396707 0.963465
vt 0.402570 0.963013
vt 0.407669 0.963560
vt 0.729249 0.103576
vt 0.727369 0.107866
vt 0.725083 0.113118
vt 0.723006 0.117917
vt 0.920078 0.554881
vt 0.915184 0.553648
vt 0.909170 0.560531
vt 0.904252 0.560762
vt 0.568806 0.385554
vt 0.567876 0.381206
vt 0.566799 0.375671
vt 0.565857 0.370378
vt 0.391547 0.960621
vt 0.396536 0.960113
vt 0.402414 0.959959
vt 0.407496 0.960208
vt 0.732523 0.104634
vt 0.731424 0.109177
vt 0.730182 0.114767
vt 0.729127 0.119897
vt 0.919756 0.561149
vt 0.914823 0.560671
vt 0.909170 0.568020
vt 0.904253 0.567969
vt 0.561631 0.386202
vt 0.561473 0.381784
vt 0.561466 0.376152
vt 0.561616 0.370761
vt 0.391547 0.956360
vt 0.396536 0.956674
vt 0.402413 0.956825
vt 0.407495 0.956768
vt 0.735937 0.105038
vt 0.735653 0.109678
vt 0.735499 0.115397
vt 0.735511 0.120654
vt 0.919756 0.567580
vt 0.914822 0.567878
vt 0.909545 0.575411
vt 0.904613 0.575082
vt 0.554475 0.385447
vt 0.555088 0.381111
vt 0.556148 0.375591
vt 0.557386 0.370315
vt 0.391760 0.952156
vt 0.396708 0.953280
vt 0.402570 0.953732
vt 0.407668 0.953374
vt 0.739361 0.104773
vt 0.739894 0.109350
vt 0.740831 0.114984
vt 0.741913 0.120158
vt 0.920077 0.573927
vt 0.915183 0.574991
vt 0.910280 0.582420
vt 0.905320 0.581826
vt 0.547615 0.383317
vt 0.548965 0.379210
vt 0.551048 0.374008
vt 0.553330 0.369056
vt 0.392178 0.948169
vt 0.397045 0.950062
vt 0.402878 0.950800
vt 0.408006 0.950156
vt 0.742661 0.103849
vt 0.743983 0.108204
vt 0.745973 0.113543
vt 0.748086 0.118428
vt 0.920709 0.579945
vt 0.915892 0.581735
vt 0.911348 0.588777
vt 0.906347 0.587944
vt 0.541312 0.379894
vt 0.543341 0.376157
vt 0.546363 0.371465
vt 0.549604 0.367033
vt 0.392785 0.944552
vt 0.397536 0.947142
vt 0.403325 0.948139
vt 0.408496 0.947236
vt 0.745713 0.102300
vt 0.747764 0.106286
vt 0.750727 0.111131
vt 0.753793 0.115532
vt 0.921626 0.585404
vt 0.916920 0.587853
vt 0.711825 0.508475
vt 0.710945 0.503762
vt 0.716498 0.502702
vt 0.717345 0.507237
vt 0.535810 0.375312
vt 0.538431 0.372067
vt 0.542273 0.368059
vt 0.546351 0.364324
vt 0.393558 0.941446
vt 0.398159 0.944634
vt 0.403893 0.945854
vt 0.227539 0.783963
vt 0.227216 0.785952
vt 0.221450 0.784850
vt 0.221805 0.782667
vt 0.748399 0.100187
vt 0.751091 0.103668
vt 0.754911 0.107840
vt 0.758815 0.111581
vt 0.922793 0.590094
vt 0.918228 0.593108
vt 0.912707 0.594239
vt 0.710210 0.498004
vt 0.715791 0.497162
vt 0.531319 0.369744
vt 0.534425 0.367099
vt 0.538935 0.363921
vt 0.543696 0.361033
vt 0.547420 0.359233
vt 0.549564 0.361890
vt 0.232689 0.784850
vt 0.232398 0.787510
vt 0.226950 0.788376
vt 0.221157 0.787510
vt 0.750616 0.097591
vt 0.753836 0.100452
vt 0.758362 0.103796
vt 0.762958 0.106726
vt 0.766441 0.108498
vt 0.761797 0.113939
vt 0.705677 0.502769
vt 0.704969 0.497228
vt 0.709647 0.491421
vt 0.715249 0.490827
vt 0.719785 0.489260
vt 0.720268 0.494913
vt 0.531475 0.361443
vt 0.536477 0.359209
vt 0.541741 0.357287
vt 0.545843 0.356208
vt 0.232181 0.790545
vt 0.226753 0.791141
vt 0.220942 0.790545
vt 0.752276 0.094611
vt 0.755895 0.096761
vt 0.760950 0.099155
vt 0.766064 0.101154
vt 0.769922 0.102254
vt 0.704427 0.490894
vt 0.709279 0.484266
vt 0.714895 0.483941
vt 0.719468 0.483117
vt 0.529694 0.355316
vt 0.534994 0.354106
vt 0.540563 0.353228
vt 0.544892 0.352932
vt 0.232046 0.793838
vt 0.226631 0.794141
vt 0.220810 0.793838
vt 0.216241 0.793020
vt 0.216405 0.788940
vt 0.757185 0.092736
vt 0.762575 0.094095
vt 0.768014 0.095079
vt 0.772107 0.095446
vt 0.704072 0.484008
vt 0.709120 0.476889
vt 0.714744 0.476836
vt 0.719336 0.476758
vt 0.529159 0.348993
vt 0.534557 0.348809
vt 0.540218 0.348976
vt 0.544608 0.349462
vt 0.231992 0.797331
vt 0.226590 0.797343
vt 0.220775 0.797331
vt 0.216194 0.797300
vt 0.757649 0.088495
vt 0.763159 0.088812
vt 0.768725 0.088775
vt 0.772908 0.088401
vt 0.703917 0.476903
vt 0.708869 0.426689
vt 0.714486 0.426918
vt 0.719069 0.427613
vt 0.530447 0.300211
vt 0.535719 0.301087
vt 0.541265 0.302336
vt 0.545585 0.303633
vt 0.232055 0.843494
vt 0.226633 0.843202
vt 0.220803 0.843494
vt 0.216234 0.844280
vt 0.757899 0.041846
vt 0.763325 0.041076
vt 0.768795 0.039973
vt 0.772908 0.038831
vt 0.703670 0.426985
vt 0.709138 0.419430
vt 0.714747 0.419940
vt 0.719305 0.421404
vt 0.532412 0.294073
vt 0.537356 0.296005
vt 0.542562 0.298334
vt 0.546619 0.300441
vt 0.232181 0.846718
vt 0.226753 0.846121
vt 0.220942 0.846718
vt 0.216405 0.848322
vt 0.756715 0.037808
vt 0.761829 0.035950
vt 0.767001 0.033785
vt 0.770902 0.031875
vt 0.703925 0.420006
vt 0.709607 0.412797
vt 0.715199 0.413556
vt 0.719707 0.415708
vt 0.535519 0.288463
vt 0.539945 0.291331
vt 0.544620 0.294618
vt 0.548279 0.297440
vt 0.232398 0.849753
vt 0.226950 0.848886
vt 0.221157 0.849752
vt 0.216674 0.852081
vt 0.754760 0.034036
vt 0.759372 0.031207
vt 0.764052 0.028089
vt 0.767595 0.025492
vt 0.704377 0.413623
vt 0.710260 0.406972
vt 0.715827 0.407950
vt 0.720268 0.410705
vt 0.539662 0.283555
vt 0.543397 0.287243
vt 0.547366 0.291366
vt 0.550497 0.294816
vt 0.232689 0.852412
vt 0.227216 0.851310
vt 0.221449 0.852412
vt 0.930053 0.083159
vt 0.929429 0.085515
vt 0.924679 0.082789
vt 0.925452 0.079871
vt 0.752106 0.030709
vt 0.756034 0.027024
vt 0.760046 0.023068
vt 0.763106 0.019866
vt 0.705006 0.408017
vt 0.981172 0.822622
vt 0.979951 0.816555
vt 0.985544 0.815740
vt 0.986719 0.821579
vt 0.990310 0.813679
vt 0.991359 0.818889
vt 0.544685 0.279538
vt 0.547581 0.283899
vt 0.550693 0.288706
vt 0.553183 0.292669
vt 0.940391 0.085420
vt 0.939901 0.088220
vt 0.934772 0.089044
vt 0.935219 0.086493
vt 0.928939 0.088314
vt 0.924071 0.086257
vt 0.748854 0.027958
vt 0.751945 0.023564
vt 0.755137 0.018914
vt 0.757605 0.015211
vt 0.976148 0.821754
vt 0.974974 0.815916
vt 0.979044 0.809747
vt 0.984671 0.809188
vt 0.989531 0.807832
vt 0.550393 0.276570
vt 0.552336 0.281426
vt 0.554475 0.286740
vt 0.556236 0.291081
vt 0.939562 0.091356
vt 0.934464 0.091902
vt 0.928602 0.091451
vt 0.923653 0.090143
vt 0.745128 0.025887
vt 0.747261 0.020960
vt 0.749514 0.015787
vt 0.751302 0.011707
vt 0.974100 0.809363
vt 0.978485 0.802458
vt 0.984134 0.802175
vt 0.989052 0.801574
vt 0.556567 0.274762
vt 0.557479 0.279920
vt 0.558565 0.285543
vt 0.559537 0.290114
vt 0.939390 0.094708
vt 0.934307 0.094956
vt 0.928430 0.094802
vt 0.923441 0.094295
vt 0.741073 0.024576
vt 0.742162 0.019312
vt 0.743392 0.013808
vt 0.744443 0.009489
vt 0.973563 0.802351
vt 0.978297 0.794971
vt 0.983953 0.794971
vt 0.988890 0.795145
vt 0.562970 0.274184
vt 0.562812 0.279438
vt 0.562807 0.285159
vt 0.562961 0.289805
vt 0.939390 0.098147
vt 0.934307 0.098090
vt 0.928430 0.098242
vt 0.923440 0.098555
vt 0.736844 0.024075
vt 0.736845 0.018682
vt 0.737008 0.013052
vt 0.737289 0.008641
vt 0.973382 0.795146
vt 0.978485 0.787573
vt 0.984134 0.787851
vt 0.989052 0.788792
vt 0.569356 0.274858
vt 0.568130 0.279999
vt 0.567037 0.285606
vt 0.566376 0.290165
vt 0.939562 0.101542
vt 0.934464 0.101183
vt 0.928602 0.101636
vt 0.923654 0.102759
vt 0.732603 0.024404
vt 0.731512 0.019095
vt 0.730607 0.013548
vt 0.730115 0.009197
vt 0.973563 0.788027
vt 0.979044 0.780547
vt 0.984672 0.781092
vt 0.989531 0.782759
vt 0.575478 0.276757
vt 0.573230 0.281582
vt 0.571092 0.286864
vt 0.569650 0.291181
vt 0.939900 0.104760
vt 0.934772 0.104116
vt 0.928939 0.104854
vt 0.924072 0.106747
vt 0.728514 0.025549
vt 0.726371 0.020535
vt 0.724434 0.015277
vt 0.723198 0.011135
vt 0.974101 0.781267
vt 0.979951 0.774166
vt 0.985545 0.774949
vt 0.990310 0.777278
vt 0.581103 0.279810
vt 0.577915 0.284125
vt 0.574819 0.288886
vt 0.572658 0.292814
vt 0.940391 0.107679
vt 0.935219 0.106776
vt 0.929430 0.107774
vt 0.924679 0.110364
vt 0.724733 0.027467
vt 0.721617 0.022947
vt 0.718726 0.018172
vt 0.716801 0.014380
vt 0.974974 0.775125
vt 0.981172 0.768672
vt 0.986719 0.769663
vt 0.991359 0.772560
vt 0.586013 0.283900
vt 0.582005 0.287532
vt 0.578072 0.291596
vt 0.575284 0.295001
vt 0.828848 0.078369
vt 0.828459 0.076202
vt 0.834230 0.075099
vt 0.834584 0.077073
vt 0.935787 0.109062
vt 0.930053 0.110282
vt 0.925452 0.113470
vt 0.721406 0.030084
vt 0.717434 0.026239
vt 0.713704 0.022124
vt 0.711174 0.018808
vt 0.301455 0.659744
vt 0.300711 0.664318
vt 0.295155 0.663299
vt 0.295928 0.658546
vt 0.294520 0.669091
vt 0.289260 0.669892
vt 0.289871 0.664318
vt 0.589059 0.281627
vt 0.593549 0.287195
vt 0.590019 0.288869
vt 0.585343 0.291670
vt 0.580726 0.294887
vt 0.577427 0.297658
vt 0.828140 0.073556
vt 0.833940 0.072687
vt 0.839360 0.073566
vt 0.839679 0.076212
vt 0.724550 0.032608
vt 0.722333 0.035204
vt 0.718661 0.033301
vt 0.713982 0.030282
vt 0.709562 0.026980
vt 0.706531 0.024249
vt 0.300100 0.669892
vt 0.294049 0.675700
vt 0.288806 0.676251
vt 0.596856 0.293534
vt 0.592969 0.294525
vt 0.587801 0.296382
vt 0.582681 0.298634
vt 0.579005 0.300683
vt 0.827903 0.070531
vt 0.833724 0.069931
vt 0.839123 0.070541
vt 0.720672 0.038184
vt 0.716602 0.036992
vt 0.711394 0.034924
vt 0.706456 0.032552
vt 0.304560 0.672093
vt 0.304156 0.677767
vt 0.299647 0.676251
vt 0.293757 0.682943
vt 0.288527 0.683215
vt 0.598863 0.300463
vt 0.594763 0.300691
vt 0.589296 0.301487
vt 0.583867 0.302654
vt 0.823326 0.072154
vt 0.823138 0.068121
vt 0.827751 0.067313
vt 0.833593 0.067017
vt 0.838986 0.067323
vt 0.719638 0.041365
vt 0.715304 0.040979
vt 0.709757 0.039986
vt 0.704491 0.038664
vt 0.303901 0.683963
vt 0.299363 0.683215
vt 0.809879 0.217515
vt 0.809938 0.224758
vt 0.804551 0.224289
vt 0.804492 0.217313
vt 0.078147 0.354261
vt 0.077352 0.361361
vt 0.072973 0.360529
vt 0.073677 0.354174
vt 0.067449 0.359384
vt 0.068029 0.354060
vt 0.062210 0.358220
vt 0.062671 0.353946
vt 0.650441 0.793307
vt 0.650472 0.789106
vt 0.654738 0.790398
vt 0.654716 0.793827
vt 0.660481 0.790867
vt 0.660452 0.794009
vt 0.666062 0.790369
vt 0.666022 0.793798
vt 0.149200 0.443621
vt 0.148828 0.440132
vt 0.153479 0.439236
vt 0.153931 0.443511
vt 0.159094 0.438071
vt 0.159666 0.443397
vt 0.164168 0.436954
vt 0.164865 0.443310
vt 0.819686 0.216873
vt 0.819732 0.223117
vt 0.815475 0.224331
vt 0.815421 0.217355
vt 0.810073 0.231619
vt 0.804681 0.230891
vt 0.075183 0.368233
vt 0.071037 0.366660
vt 0.065837 0.364491
vt 0.060927 0.362282
vt 0.650554 0.785204
vt 0.654803 0.787247
vt 0.660541 0.787997
vt 0.666129 0.787218
vt 0.147801 0.436850
vt 0.152204 0.435171
vt 0.157492 0.432961
vt 0.162245 0.430818
vt 0.819849 0.229008
vt 0.815606 0.230933
vt 0.810280 0.237759
vt 0.804881 0.236801
vt 0.071728 0.374545
vt 0.067954 0.372293
vt 0.063269 0.369183
vt 0.058884 0.366013
vt 0.056005 0.363646
vt 0.057653 0.360633
vt 0.654902 0.784428
vt 0.660631 0.785428
vt 0.666227 0.784399
vt 0.146159 0.433834
vt 0.150169 0.431435
vt 0.154935 0.428263
vt 0.159175 0.425179
vt 0.820026 0.234281
vt 0.815804 0.236843
vt 0.506638 0.920163
vt 0.506341 0.914082
vt 0.511874 0.913337
vt 0.512161 0.919188
vt 0.067119 0.380056
vt 0.063842 0.377211
vt 0.059842 0.373279
vt 0.056159 0.369271
vt 0.053804 0.366275
vt 0.853258 0.225969
vt 0.853121 0.228762
vt 0.847542 0.229522
vt 0.847667 0.226977
vt 0.841802 0.228717
vt 0.841938 0.225924
vt 0.143966 0.431199
vt 0.147453 0.428171
vt 0.151520 0.424159
vt 0.155077 0.420251
vt 0.157220 0.417452
vt 0.161813 0.422973
vt 0.501243 0.919231
vt 0.500957 0.913380
vt 0.506120 0.907264
vt 0.511662 0.906776
vt 0.061533 0.384554
vt 0.058857 0.381225
vt 0.055690 0.376622
vt 0.052857 0.371930
vt 0.051138 0.368422
vt 0.853019 0.231893
vt 0.847450 0.232375
vt 0.841701 0.231848
vt 0.141308 0.429046
vt 0.144161 0.425504
vt 0.147380 0.420806
vt 0.150106 0.416226
vt 0.151650 0.412940
vt 0.500745 0.906819
vt 0.505984 0.899971
vt 0.511531 0.899757
vt 0.515822 0.899216
vt 0.515939 0.905478
vt 0.053192 0.384181
vt 0.050972 0.379084
vt 0.049104 0.373888
vt 0.048109 0.370003
vt 0.852957 0.235242
vt 0.847393 0.235427
vt 0.841638 0.235197
vt 0.138287 0.427459
vt 0.140417 0.423537
vt 0.142673 0.418333
vt 0.144456 0.413257
vt 0.496925 0.905553
vt 0.496808 0.899291
vt 0.500614 0.899800
vt 0.505938 0.892482
vt 0.511486 0.892551
vt 0.515782 0.892785
vt 0.047065 0.385965
vt 0.045868 0.380571
vt 0.045045 0.375070
vt 0.044833 0.370957
vt 0.852935 0.238680
vt 0.847374 0.238560
vt 0.841618 0.238636
vt 0.135017 0.426498
vt 0.136367 0.422346
vt 0.137581 0.416835
vt 0.138342 0.411459
vt 0.496769 0.892861
vt 0.500571 0.892595
vt 0.505984 0.885086
vt 0.511529 0.885434
vt 0.515822 0.886434
vt 0.040711 0.386509
vt 0.040575 0.381024
vt 0.040836 0.375430
vt 0.041435 0.371247
vt 0.852956 0.242077
vt 0.847393 0.241655
vt 0.841640 0.242032
vt 0.837335 0.243092
vt 0.837308 0.238885
vt 0.132166 0.421977
vt 0.132298 0.416370
vt 0.132000 0.410900
vt 0.131359 0.406972
vt 0.138466 0.407598
vt 0.500615 0.885477
vt 0.506120 0.878067
vt 0.511661 0.878680
vt 0.515939 0.880407
vt 0.034374 0.385791
vt 0.035297 0.380426
vt 0.036638 0.374954
vt 0.038046 0.370864
vt 0.853019 0.245300
vt 0.847450 0.244592
vt 0.841702 0.245256
vt 0.131625 0.426199
vt 0.128242 0.426575
vt 0.127975 0.422442
vt 0.127028 0.416955
vt 0.125674 0.411603
vt 0.124269 0.407760
vt 0.500746 0.878723
vt 0.506341 0.871695
vt 0.511874 0.872549
vt 0.034097 0.389672
vt 0.027288 0.387485
vt 0.028298 0.383840
vt 0.030236 0.378800
vt 0.032613 0.373662
vt 0.034797 0.369820
vt 0.853121 0.248226
vt 0.847543 0.247258
vt 0.841803 0.248182
vt 0.124997 0.427610
vt 0.123955 0.423725
vt 0.121974 0.418569
vt 0.119606 0.413540
vt 0.117470 0.409931
vt 0.500958 0.872592
vt 0.506638 0.866214
vt 0.512161 0.867274
vt 0.021032 0.383999
vt 0.022716 0.380730
vt 0.025587 0.376210
vt 0.028915 0.371602
vt 0.031812 0.368157
vt 0.853258 0.250743
vt 0.847668 0.249552
vt 0.841940 0.250699
vt 0.122015 0.429267
vt 0.120261 0.425776
vt 0.117330 0.421149
vt 0.114030 0.416637
vt 0.111221 0.413402
vt 0.501243 0.867318
vt 0.254488 0.765385
vt 0.254190 0.759975
vt 0.259709 0.759063
vt 0.259996 0.764269
vt 0.015572 0.379350
vt 0.017844 0.376581
vt 0.021527 0.372754
vt 0.025687 0.368854
vt 0.029206 0.365939
vt 0.920205 0.407001
vt 0.920071 0.409485
vt 0.914472 0.410433
vt 0.914594 0.408169
vt 0.908747 0.409456
vt 0.908881 0.406972
vt 0.119411 0.431479
vt 0.117035 0.428518
vt 0.113273 0.424595
vt 0.109161 0.420775
vt 0.105764 0.418038
vt 0.249073 0.764311
vt 0.248786 0.759105
vt 0.253949 0.753657
vt 0.259478 0.752984
vt 0.263710 0.751177
vt 0.263916 0.756601
vt 0.013867 0.371552
vt 0.018214 0.368566
vt 0.023052 0.365522
vt 0.027078 0.363250
vt 0.919965 0.412385
vt 0.914375 0.413076
vt 0.908639 0.412357
vt 0.117284 0.434163
vt 0.114400 0.431843
vt 0.109960 0.428775
vt 0.105185 0.425794
vt 0.101308 0.423663
vt 0.248554 0.753026
vt 0.253777 0.746676
vt 0.259312 0.746266
vt 0.263562 0.745181
vt 0.010940 0.365837
vt 0.015775 0.363805
vt 0.021112 0.361737
vt 0.025513 0.360193
vt 0.919889 0.415592
vt 0.914306 0.415998
vt 0.908565 0.415563
vt 0.904301 0.414421
vt 0.904395 0.410450
vt 0.112459 0.435624
vt 0.107519 0.433530
vt 0.102255 0.431502
vt 0.098024 0.430060
vt 0.248388 0.746307
vt 0.253679 0.739297
vt 0.259218 0.739165
vt 0.263478 0.738845
vt 0.009172 0.359655
vt 0.014304 0.358656
vt 0.019943 0.357641
vt 0.024569 0.356886
vt 0.919847 0.418981
vt 0.914269 0.419086
vt 0.908525 0.418952
vt 0.904251 0.418619
vt 0.111286 0.439717
vt 0.106043 0.438676
vt 0.100482 0.437680
vt 0.096038 0.436983
vt 0.248293 0.739207
vt 0.253658 0.731879
vt 0.259200 0.732021
vt 0.263464 0.732453
vt 0.008641 0.353283
vt 0.013870 0.353318
vt 0.019601 0.353356
vt 0.024288 0.353389
vt 0.919833 0.422489
vt 0.914265 0.422301
vt 0.908530 0.422460
vt 0.904253 0.422916
vt 0.110936 0.444001
vt 0.105602 0.444013
vt 0.099944 0.444050
vt 0.095429 0.444101
vt 0.248272 0.732063
vt 0.253828 0.682126
vt 0.259362 0.682544
vt 0.263617 0.683733
vt 0.009919 0.304154
vt 0.015023 0.305257
vt 0.020638 0.306385
vt 0.025256 0.307235
vt 0.920047 0.468282
vt 0.914459 0.467795
vt 0.908709 0.468253
vt 0.904442 0.469515
vt 0.111912 0.490973
vt 0.106687 0.492075
vt 0.101151 0.493181
vt 0.096726 0.494004
vt 0.248444 0.682586
vt 0.253964 0.675195
vt 0.259496 0.675881
vt 0.263739 0.677806
vt 0.011869 0.297984
vt 0.016648 0.300147
vt 0.021926 0.302361
vt 0.026283 0.304025
vt 0.920105 0.471365
vt 0.914518 0.470587
vt 0.908781 0.471336
vt 0.904530 0.473379
vt 0.113189 0.495000
vt 0.108302 0.497188
vt 0.103089 0.499355
vt 0.098895 0.500943
vt 0.248572 0.675923
vt 0.254171 0.669055
vt 0.259695 0.669971
vt 0.263916 0.672533
vt 0.014952 0.292351
vt 0.019217 0.295455
vt 0.023969 0.298630
vt 0.027930 0.301012
vt 0.920205 0.474185
vt 0.914608 0.473156
vt 0.908879 0.474156
vt 0.116409 0.493384
vt 0.118050 0.496400
vt 0.115224 0.498735
vt 0.110860 0.501886
vt 0.106159 0.504995
vt 0.102336 0.507264
vt 0.248772 0.670013
vt 0.920933 0.855682
vt 0.920598 0.861761
vt 0.915210 0.862429
vt 0.915532 0.856580
vt 0.012261 0.290114
vt 0.016870 0.284603
vt 0.019065 0.287433
vt 0.022642 0.291359
vt 0.026694 0.295372
vt 0.030131 0.298383
vt 0.893799 0.383498
vt 0.893663 0.380705
vt 0.899403 0.379900
vt 0.899528 0.382444
vt 0.904981 0.380660
vt 0.905118 0.383453
vt 0.120242 0.499035
vt 0.117939 0.502000
vt 0.114275 0.505990
vt 0.110257 0.509923
vt 0.106930 0.512786
vt 0.926449 0.856691
vt 0.926126 0.862541
vt 0.920334 0.868577
vt 0.914957 0.868988
vt 0.022456 0.280104
vt 0.024049 0.283418
vt 0.026795 0.288016
vt 0.029996 0.292713
vt 0.032797 0.296236
vt 0.893562 0.377574
vt 0.899311 0.377047
vt 0.904880 0.377529
vt 0.122900 0.501187
vt 0.121231 0.504667
vt 0.118415 0.509343
vt 0.115227 0.513948
vt 0.112499 0.517297
vt 0.925872 0.869099
vt 0.920153 0.875869
vt 0.914782 0.876006
vt 0.910974 0.876492
vt 0.911130 0.870230
vt 0.029714 0.280462
vt 0.031514 0.285553
vt 0.033749 0.290755
vt 0.035826 0.294656
vt 0.893500 0.374224
vt 0.899254 0.373995
vt 0.904817 0.374180
vt 0.125922 0.502775
vt 0.124975 0.506633
vt 0.123122 0.511816
vt 0.120878 0.516917
vt 0.118832 0.520624
vt 0.925698 0.876118
vt 0.920060 0.883358
vt 0.914693 0.883212
vt 0.910894 0.882922
vt 0.035841 0.278679
vt 0.036617 0.284068
vt 0.037808 0.289574
vt 0.889196 0.374797
vt 0.889170 0.370537
vt 0.893479 0.370786
vt 0.899235 0.370862
vt 0.904796 0.370741
vt 0.129191 0.503737
vt 0.129025 0.507823
vt 0.128214 0.513313
vt 0.126992 0.518715
vt 0.929986 0.876686
vt 0.929907 0.883116
vt 0.925609 0.883323
vt 0.920060 0.890754
vt 0.914693 0.890329
vt 0.035670 0.274793
vt 0.042791 0.274184
vt 0.042196 0.278135
vt 0.041910 0.283615
vt 0.042017 0.289213
vt 0.889196 0.366330
vt 0.893500 0.367390
vt 0.899254 0.367767
vt 0.904817 0.367345
vt 0.132583 0.504035
vt 0.133227 0.508194
vt 0.133497 0.513778
vt 0.133334 0.519273
vt 0.929907 0.889467
vt 0.925609 0.890440
vt 0.920153 0.897773
vt 0.914782 0.897084
vt 0.049893 0.274988
vt 0.048532 0.278853
vt 0.047188 0.284213
vt 0.046215 0.289690
vt 0.045890 0.293795
vt 0.042501 0.293411
vt 0.893563 0.364166
vt 0.899311 0.364830
vt 0.904880 0.364121
vt 0.135966 0.503659
vt 0.137418 0.507728
vt 0.138766 0.513193
vt 0.139660 0.518570
vt 0.929986 0.895494
vt 0.925698 0.897195
vt 0.920334 0.904147
vt 0.914956 0.903216
vt 0.056701 0.277174
vt 0.054609 0.280803
vt 0.052249 0.285837
vt 0.050240 0.290981
vt 0.049139 0.294838
vt 0.893664 0.361240
vt 0.899404 0.362164
vt 0.904981 0.361195
vt 0.139211 0.502624
vt 0.141437 0.506445
vt 0.143820 0.511580
vt 0.145728 0.516634
vt 0.146679 0.520306
vt 0.139880 0.522477
vt 0.925872 0.903327
vt 0.920597 0.909629
vt 0.915210 0.908493
vt 0.062957 0.280659
vt 0.060191 0.283913
vt 0.056899 0.288428
vt 0.053938 0.293041
vt 0.052124 0.296501
vt 0.893800 0.358723
vt 0.899528 0.359870
vt 0.905118 0.358679
vt 0.142193 0.500967
vt 0.145132 0.504394
vt 0.148465 0.509000
vt 0.151304 0.513537
vt 0.152929 0.516836
vt 0.926125 0.908604
vt 0.810598 0.141429
vt 0.810299 0.146839
vt 0.804896 0.147708
vt 0.805184 0.142503
vt 0.068417 0.285308
vt 0.065064 0.288063
vt 0.060958 0.291884
vt 0.057166 0.295789
vt 0.054730 0.298720
vt 0.654903 0.851611
vt 0.654769 0.849127
vt 0.660495 0.848150
vt 0.660617 0.850414
vt 0.666094 0.849098
vt 0.666227 0.851582
vt 0.144797 0.498755
vt 0.148358 0.501653
vt 0.152522 0.505554
vt 0.156175 0.509399
vt 0.158386 0.512199
vt 0.816105 0.142545
vt 0.815817 0.147750
vt 0.810059 0.153156
vt 0.804664 0.153787
vt 0.072874 0.290944
vt 0.069039 0.293092
vt 0.064270 0.296073
vt 0.059801 0.299121
vt 0.056857 0.301409
vt 0.654662 0.846226
vt 0.660397 0.845506
vt 0.665987 0.846197
vt 0.146925 0.496071
vt 0.150992 0.498328
vt 0.155834 0.501373
vt 0.160150 0.504379
vt 0.820026 0.150212
vt 0.819820 0.155637
vt 0.815587 0.153828
vt 0.809886 0.160137
vt 0.804497 0.160506
vt 0.076155 0.297349
vt 0.071967 0.298807
vt 0.066709 0.300833
vt 0.061741 0.302907
vt 0.650418 0.848133
vt 0.650325 0.844161
vt 0.654587 0.843020
vt 0.660329 0.842585
vt 0.665912 0.842991
vt 0.148492 0.493018
vt 0.152935 0.494547
vt 0.158275 0.496618
vt 0.163080 0.498671
vt 0.819672 0.161632
vt 0.815421 0.160547
vt 0.809788 0.167589
vt 0.804405 0.167671
vt 0.078147 0.304341
vt 0.073748 0.305028
vt 0.068193 0.305985
vt 0.062917 0.306964
vt 0.650267 0.840001
vt 0.654538 0.839701
vt 0.660292 0.839580
vt 0.665879 0.839672
vt 0.149434 0.489784
vt 0.154116 0.490492
vt 0.159764 0.491470
vt 0.164865 0.492454
vt 0.819583 0.168008
vt 0.815323 0.167713
vt 0.655328 0.740162
vt 0.655426 0.747545
vt 0.650193 0.747264
vt 0.650097 0.740153
vt 0.599471 0.217269
vt 0.598669 0.224323
vt 0.594590 0.223041
vt 0.595300 0.216728
vt 0.589153 0.221751
vt 0.589738 0.216462
vt 0.583761 0.220791
vt 0.584225 0.216546
vt 0.409783 0.791689
vt 0.409835 0.787407
vt 0.414447 0.788203
vt 0.414407 0.791699
vt 0.420280 0.788503
vt 0.420234 0.791707
vt 0.425666 0.788214
vt 0.425608 0.791709
vt 0.632211 0.219974
vt 0.632495 0.223450
vt 0.628152 0.224658
vt 0.627808 0.220399
vt 0.622583 0.225793
vt 0.622145 0.220489
vt 0.617289 0.226559
vt 0.616753 0.220229
vt 0.665494 0.740128
vt 0.665574 0.746491
vt 0.661036 0.747264
vt 0.660944 0.740153
vt 0.655716 0.754716
vt 0.650473 0.754164
vt 0.596484 0.231158
vt 0.592639 0.229140
vt 0.587529 0.226831
vt 0.582468 0.224831
vt 0.410015 0.783320
vt 0.414592 0.784904
vt 0.420413 0.785497
vt 0.425812 0.784915
vt 0.633446 0.226740
vt 0.629332 0.228732
vt 0.624065 0.230916
vt 0.619068 0.232709
vt 0.665823 0.752648
vt 0.661315 0.754164
vt 0.656187 0.761324
vt 0.650927 0.760523
vt 0.593002 0.237446
vt 0.589532 0.234751
vt 0.584941 0.231505
vt 0.580410 0.228548
vt 0.410310 0.779549
vt 0.414829 0.781860
vt 0.420629 0.782723
vt 0.426049 0.781870
vt 0.635023 0.229785
vt 0.631287 0.232505
vt 0.626522 0.235660
vt 0.622018 0.238404
vt 0.666227 0.758323
vt 0.661768 0.760523
vt 0.656822 0.767116
vt 0.651538 0.766097
vt 0.588358 0.242945
vt 0.585389 0.239659
vt 0.581488 0.235592
vt 0.577664 0.231799
vt 0.121770 0.974524
vt 0.120997 0.971606
vt 0.125746 0.968881
vt 0.126370 0.971237
vt 0.415149 0.779187
vt 0.420919 0.780287
vt 0.426367 0.779197
vt 0.637167 0.232470
vt 0.633941 0.235831
vt 0.629859 0.239842
vt 0.626023 0.243426
vt 0.821965 0.858786
vt 0.820798 0.863190
vt 0.816092 0.860618
vt 0.817400 0.855682
vt 0.662378 0.766097
vt 0.810520 0.859714
vt 0.809452 0.865811
vt 0.804493 0.866575
vt 0.805520 0.860709
vt 0.582729 0.247445
vt 0.580366 0.243674
vt 0.577304 0.238937
vt 0.574336 0.234459
vt 0.120389 0.968138
vt 0.125256 0.966081
vt 0.131089 0.965351
vt 0.131536 0.967902
vt 0.136217 0.966175
vt 0.136707 0.968975
vt 0.639792 0.234692
vt 0.637193 0.238583
vt 0.633949 0.243301
vt 0.630933 0.247579
vt 0.819881 0.868426
vt 0.815065 0.866484
vt 0.808717 0.872640
vt 0.803785 0.873147
vt 0.576332 0.250772
vt 0.574658 0.246643
vt 0.572550 0.241409
vt 0.570555 0.236426
vt 0.119971 0.964253
vt 0.124918 0.962945
vt 0.130782 0.962493
vt 0.135880 0.963040
vt 0.642799 0.236364
vt 0.640919 0.240654
vt 0.638633 0.245906
vt 0.636556 0.250705
vt 0.819250 0.874290
vt 0.814357 0.873057
vt 0.808343 0.879940
vt 0.803425 0.880171
vt 0.569414 0.252799
vt 0.568483 0.248452
vt 0.567407 0.242916
vt 0.566465 0.237623
vt 0.119758 0.960100
vt 0.124747 0.959593
vt 0.130625 0.959439
vt 0.135707 0.959688
vt 0.646073 0.237422
vt 0.644974 0.241965
vt 0.643731 0.247555
vt 0.642677 0.252685
vt 0.818928 0.880558
vt 0.813995 0.880080
vt 0.808343 0.887429
vt 0.803425 0.887378
vt 0.562239 0.253448
vt 0.562081 0.249030
vt 0.562074 0.243398
vt 0.562223 0.238007
vt 0.119758 0.955840
vt 0.124747 0.956154
vt 0.130625 0.956305
vt 0.135706 0.956248
vt 0.649487 0.237826
vt 0.649203 0.242466
vt 0.649049 0.248185
vt 0.649061 0.253442
vt 0.818928 0.886989
vt 0.813995 0.887287
vt 0.808717 0.894820
vt 0.803786 0.894491
vt 0.555083 0.252692
vt 0.555695 0.248356
vt 0.556755 0.242837
vt 0.557994 0.237560
vt 0.119971 0.951636
vt 0.124919 0.952760
vt 0.130782 0.953212
vt 0.135879 0.952854
vt 0.652910 0.237561
vt 0.653444 0.242138
vt 0.654381 0.247772
vt 0.655463 0.252946
vt 0.819250 0.893336
vt 0.814356 0.894400
vt 0.809453 0.901829
vt 0.804493 0.901235
vt 0.548222 0.250562
vt 0.549573 0.246456
vt 0.551656 0.241254
vt 0.553937 0.236302
vt 0.120389 0.947649
vt 0.125256 0.949542
vt 0.131089 0.950280
vt 0.136217 0.949636
vt 0.656211 0.236637
vt 0.657533 0.240992
vt 0.659523 0.246331
vt 0.661636 0.251216
vt 0.819882 0.899354
vt 0.815064 0.901144
vt 0.810520 0.908186
vt 0.805520 0.907353
vt 0.541919 0.247140
vt 0.543949 0.243402
vt 0.546971 0.238711
vt 0.550211 0.234279
vt 0.120997 0.944032
vt 0.125747 0.946622
vt 0.131536 0.947619
vt 0.136707 0.946716
vt 0.659263 0.235088
vt 0.661314 0.239074
vt 0.664277 0.243919
vt 0.667342 0.248320
vt 0.820798 0.904813
vt 0.816093 0.907262
vt 0.745707 0.637776
vt 0.744827 0.633063
vt 0.750380 0.632004
vt 0.751226 0.636538
vt 0.536417 0.242557
vt 0.539039 0.239313
vt 0.542880 0.235304
vt 0.546959 0.231570
vt 0.121770 0.940926
vt 0.126370 0.944114
vt 0.132105 0.945334
vt 0.261316 0.783963
vt 0.260993 0.785952
vt 0.255227 0.784850
vt 0.255582 0.782667
vt 0.661949 0.232975
vt 0.664641 0.236456
vt 0.668460 0.240628
vt 0.672364 0.244369
vt 0.821965 0.909503
vt 0.817400 0.912517
vt 0.811879 0.913648
vt 0.744092 0.627305
vt 0.749673 0.626463
vt 0.531926 0.236990
vt 0.535032 0.234344
vt 0.539542 0.231166
vt 0.544304 0.228279
vt 0.548028 0.226479
vt 0.550171 0.229136
vt 0.266466 0.784850
vt 0.266175 0.787510
vt 0.260727 0.788376
vt 0.254934 0.787510
vt 0.664165 0.230379
vt 0.667386 0.233240
vt 0.671912 0.236584
vt 0.676508 0.239514
vt 0.679991 0.241286
vt 0.675347 0.246726
vt 0.739558 0.632070
vt 0.738851 0.626530
vt 0.743529 0.620722
vt 0.749131 0.620128
vt 0.753667 0.618562
vt 0.754150 0.624214
vt 0.532082 0.228688
vt 0.537085 0.226455
vt 0.542349 0.224532
vt 0.546451 0.223454
vt 0.265958 0.790545
vt 0.260530 0.791141
vt 0.254719 0.790545
vt 0.665826 0.227399
vt 0.669445 0.229549
vt 0.674500 0.231943
vt 0.679613 0.233942
vt 0.683472 0.235042
vt 0.738309 0.620195
vt 0.743161 0.613567
vt 0.748777 0.613243
vt 0.753350 0.612418
vt 0.530302 0.222562
vt 0.535602 0.221351
vt 0.541171 0.220473
vt 0.545500 0.220177
vt 0.265823 0.793838
vt 0.260409 0.794141
vt 0.254587 0.793838
vt 0.250018 0.793020
vt 0.250183 0.788940
vt 0.670735 0.225524
vt 0.676124 0.226883
vt 0.681564 0.227867
vt 0.685657 0.228234
vt 0.737954 0.613309
vt 0.743001 0.606190
vt 0.748626 0.606137
vt 0.753218 0.606059
vt 0.529767 0.216239
vt 0.535164 0.216054
vt 0.540826 0.216222
vt 0.545216 0.216708
vt 0.265769 0.797331
vt 0.260367 0.797343
vt 0.254552 0.797331
vt 0.249971 0.797299
vt 0.671199 0.221283
vt 0.676709 0.221600
vt 0.682274 0.221563
vt 0.686458 0.221189
vt 0.737799 0.606204
vt 0.742751 0.555990
vt 0.748368 0.556219
vt 0.752951 0.556914
vt 0.531054 0.167457
vt 0.536327 0.168333
vt 0.541873 0.169582
vt 0.546192 0.170879
vt 0.265832 0.843494
vt 0.260410 0.843202
vt 0.254580 0.843494
vt 0.250011 0.844280
vt 0.671449 0.174634
vt 0.676875 0.173864
vt 0.682344 0.172761
vt 0.686458 0.171619
vt 0.737552 0.556286
vt 0.743019 0.548732
vt 0.748629 0.549241
vt 0.753187 0.550705
vt 0.533020 0.161319
vt 0.537964 0.163251
vt 0.543169 0.165580
vt 0.547226 0.167687
vt 0.265958 0.846718
vt 0.260530 0.846121
vt 0.254719 0.846718
vt 0.250183 0.848322
vt 0.670265 0.170596
vt 0.675379 0.168738
vt 0.680551 0.166572
vt 0.684451 0.164663
vt 0.737807 0.549308
vt 0.743488 0.542099
vt 0.749080 0.542857
vt 0.753589 0.545009
vt 0.536126 0.155708
vt 0.540553 0.158577
vt 0.545228 0.161863
vt 0.548887 0.164686
vt 0.266175 0.849753
vt 0.260727 0.848886
vt 0.254934 0.849752
vt 0.250451 0.852080
vt 0.668310 0.166824
vt 0.672922 0.163994
vt 0.677601 0.160877
vt 0.681145 0.158280
vt 0.738259 0.542924
vt 0.744142 0.536273
vt 0.749708 0.537251
vt 0.754150 0.540006
vt 0.540270 0.150800
vt 0.544005 0.154489
vt 0.547974 0.158612
vt 0.551104 0.162062
vt 0.266466 0.852412
vt 0.260993 0.851310
vt 0.255226 0.852412
vt 0.944100 0.481489
vt 0.943476 0.483845
vt 0.938726 0.481120
vt 0.939499 0.478202
vt 0.665656 0.163497
vt 0.669584 0.159812
vt 0.673596 0.155856
vt 0.676656 0.152654
vt 0.738888 0.537318
vt 0.747284 0.990099
vt 0.746063 0.984032
vt 0.751656 0.983217
vt 0.752832 0.989056
vt 0.756422 0.981156
vt 0.757471 0.986366
vt 0.545292 0.146784
vt 0.548189 0.151145
vt 0.551301 0.155952
vt 0.553791 0.159915
vt 0.954438 0.483750
vt 0.953947 0.486550
vt 0.948819 0.487375
vt 0.949266 0.484823
vt 0.942986 0.486645
vt 0.938118 0.484588
vt 0.662404 0.160745
vt 0.665495 0.156352
vt 0.668687 0.151702
vt 0.671155 0.147999
vt 0.742260 0.989231
vt 0.741086 0.983393
vt 0.745156 0.977224
vt 0.750783 0.976665
vt 0.755643 0.975309
vt 0.551001 0.143815
vt 0.552944 0.148671
vt 0.555083 0.153986
vt 0.556843 0.158327
vt 0.953609 0.489687
vt 0.948511 0.490232
vt 0.942649 0.489781
vt 0.937700 0.488473
vt 0.658678 0.158675
vt 0.660811 0.153748
vt 0.663064 0.148575
vt 0.664852 0.144495
vt 0.740213 0.976840
vt 0.744597 0.969935
vt 0.750246 0.969652
vt 0.755164 0.969051
vt 0.557175 0.142008
vt 0.558086 0.147166
vt 0.559173 0.152789
vt 0.560145 0.157360
vt 0.953437 0.493038
vt 0.948354 0.493287
vt 0.942477 0.493132
vt 0.937488 0.492625
vt 0.654623 0.157364
vt 0.655712 0.152100
vt 0.656942 0.146596
vt 0.657993 0.142277
vt 0.739675 0.969828
vt 0.744409 0.962448
vt 0.750065 0.962448
vt 0.755002 0.962622
vt 0.563578 0.141429
vt 0.563419 0.146684
vt 0.563414 0.152405
vt 0.563569 0.157051
vt 0.953437 0.496478
vt 0.948354 0.496421
vt 0.942477 0.496572
vt 0.937487 0.496885
vt 0.650394 0.156863
vt 0.650394 0.151470
vt 0.650558 0.145840
vt 0.650839 0.141429
vt 0.739494 0.962623
vt 0.744598 0.955050
vt 0.750246 0.955328
vt 0.755164 0.956269
vt 0.569963 0.142103
vt 0.568738 0.147245
vt 0.567644 0.152852
vt 0.566984 0.157411
vt 0.953609 0.499872
vt 0.948511 0.499514
vt 0.942649 0.499966
vt 0.937701 0.501090
vt 0.646153 0.157192
vt 0.645062 0.151883
vt 0.644156 0.146336
vt 0.643665 0.141985
vt 0.739675 0.955504
vt 0.745156 0.948024
vt 0.750784 0.948569
vt 0.755643 0.950236
vt 0.576086 0.144002
vt 0.573838 0.148827
vt 0.571700 0.154110
vt 0.570258 0.158427
vt 0.953947 0.503090
vt 0.948819 0.502446
vt 0.942986 0.503185
vt 0.938119 0.505077
vt 0.642064 0.158337
vt 0.639921 0.153323
vt 0.637984 0.148065
vt 0.636748 0.143923
vt 0.740213 0.948744
vt 0.746063 0.941643
vt 0.751657 0.942426
vt 0.756422 0.944755
vt 0.581711 0.147056
vt 0.578523 0.151371
vt 0.575427 0.156132
vt 0.573265 0.160060
vt 0.954438 0.506010
vt 0.949266 0.505107
vt 0.943477 0.506104
vt 0.938726 0.508694
vt 0.638283 0.160255
vt 0.635167 0.155735
vt 0.632276 0.150960
vt 0.630351 0.147168
vt 0.741086 0.942602
vt 0.747284 0.936149
vt 0.752831 0.937140
vt 0.757471 0.940037
vt 0.586621 0.151146
vt 0.582613 0.154777
vt 0.578679 0.158841
vt 0.575891 0.162247
vt 0.415537 0.848914
vt 0.415148 0.846748
vt 0.420919 0.845644
vt 0.421273 0.847619
vt 0.949834 0.507392
vt 0.944100 0.508612
vt 0.939499 0.511801
vt 0.634956 0.162872
vt 0.630983 0.159026
vt 0.627254 0.154912
vt 0.624724 0.151596
vt 0.663122 0.666766
vt 0.662378 0.671340
vt 0.656822 0.670321
vt 0.657595 0.665568
vt 0.656187 0.676113
vt 0.650927 0.676914
vt 0.651538 0.671340
vt 0.589667 0.148873
vt 0.594157 0.154440
vt 0.590627 0.156115
vt 0.585951 0.158916
vt 0.581334 0.162133
vt 0.578035 0.164903
vt 0.414829 0.844101
vt 0.420628 0.843232
vt 0.426049 0.844112
vt 0.426367 0.846758
vt 0.638100 0.165396
vt 0.635883 0.167992
vt 0.632211 0.166089
vt 0.627532 0.163070
vt 0.623112 0.159768
vt 0.620080 0.157036
vt 0.661768 0.676914
vt 0.655716 0.682722
vt 0.650473 0.683273
vt 0.597463 0.160779
vt 0.593576 0.161771
vt 0.588408 0.163627
vt 0.583289 0.165879
vt 0.579612 0.167928
vt 0.414592 0.841076
vt 0.420412 0.840477
vt 0.425812 0.841087
vt 0.634222 0.170972
vt 0.630152 0.169779
vt 0.624944 0.167711
vt 0.620006 0.165340
vt 0.666227 0.679115
vt 0.665823 0.684789
vt 0.661315 0.683273
vt 0.655424 0.689965
vt 0.650195 0.690238
vt 0.599471 0.167709
vt 0.595371 0.167937
vt 0.589904 0.168733
vt 0.584475 0.169900
vt 0.410015 0.842700
vt 0.409827 0.838667
vt 0.414439 0.837859
vt 0.420281 0.837563
vt 0.425675 0.837869
vt 0.633187 0.174153
vt 0.628854 0.173767
vt 0.623307 0.172774
vt 0.618041 0.171452
vt 0.665568 0.690985
vt 0.661030 0.690237
vt 0.809810 0.612359
vt 0.809868 0.619602
vt 0.804481 0.619133
vt 0.804423 0.612157
vt 0.251723 0.221490
vt 0.250928 0.228590
vt 0.246549 0.227758
vt 0.247254 0.221403
vt 0.241025 0.226613
vt 0.241606 0.221289
vt 0.235786 0.225449
vt 0.236247 0.221175
vt 0.856100 0.283092
vt 0.856131 0.278891
vt 0.860398 0.280183
vt 0.860375 0.283612
vt 0.866141 0.280652
vt 0.866112 0.283794
vt 0.871722 0.280154
vt 0.871681 0.283583
vt 0.235988 0.443604
vt 0.235617 0.440115
vt 0.240267 0.439219
vt 0.240719 0.443494
vt 0.245882 0.438054
vt 0.246454 0.443380
vt 0.250957 0.436937
vt 0.251653 0.443293
vt 0.819616 0.611717
vt 0.819663 0.617961
vt 0.815406 0.619175
vt 0.815352 0.612199
vt 0.810004 0.626462
vt 0.804612 0.625735
vt 0.248760 0.235462
vt 0.244613 0.233889
vt 0.239414 0.231720
vt 0.234504 0.229511
vt 0.856214 0.274989
vt 0.860463 0.277032
vt 0.866201 0.277781
vt 0.871789 0.277003
vt 0.234589 0.436833
vt 0.238992 0.435154
vt 0.244280 0.432944
vt 0.249033 0.430802
vt 0.819779 0.623852
vt 0.815536 0.625777
vt 0.810211 0.632603
vt 0.804812 0.631644
vt 0.245304 0.241774
vt 0.241530 0.239522
vt 0.236845 0.236412
vt 0.232461 0.233242
vt 0.229581 0.230875
vt 0.231229 0.227862
vt 0.860562 0.274213
vt 0.866291 0.275212
vt 0.871887 0.274184
vt 0.232947 0.433817
vt 0.236957 0.431418
vt 0.241723 0.428246
vt 0.245963 0.425162
vt 0.819956 0.629125
vt 0.815735 0.631686
vt 0.090955 0.923643
vt 0.090657 0.917562
vt 0.096191 0.916817
vt 0.096477 0.922668
vt 0.240695 0.247285
vt 0.237419 0.244440
vt 0.233419 0.240508
vt 0.229735 0.236500
vt 0.227381 0.233504
vt 0.886419 0.494043
vt 0.886282 0.496836
vt 0.880704 0.497596
vt 0.880828 0.495052
vt 0.874964 0.496792
vt 0.875100 0.493999
vt 0.230754 0.431182
vt 0.234242 0.428154
vt 0.238308 0.424142
vt 0.241865 0.420234
vt 0.244008 0.417435
vt 0.248601 0.422956
vt 0.085560 0.922711
vt 0.085274 0.916860
vt 0.090436 0.910744
vt 0.095978 0.910256
vt 0.235109 0.251783
vt 0.232433 0.248454
vt 0.229266 0.243851
vt 0.226433 0.239159
vt 0.224715 0.235651
vt 0.886180 0.499967
vt 0.880611 0.500449
vt 0.874862 0.499923
vt 0.228096 0.429029
vt 0.230949 0.425487
vt 0.234168 0.420789
vt 0.236895 0.416209
vt 0.238438 0.412924
vt 0.085061 0.910299
vt 0.090300 0.903451
vt 0.095847 0.903237
vt 0.100138 0.902696
vt 0.100255 0.908959
vt 0.226769 0.251410
vt 0.224548 0.246313
vt 0.222681 0.241117
vt 0.221686 0.237232
vt 0.886118 0.503316
vt 0.880554 0.503501
vt 0.874800 0.503271
vt 0.225075 0.427442
vt 0.227205 0.423520
vt 0.229461 0.418316
vt 0.231244 0.413240
vt 0.081242 0.909034
vt 0.081125 0.902771
vt 0.084931 0.903280
vt 0.090254 0.895962
vt 0.095802 0.896032
vt 0.100099 0.896265
vt 0.220641 0.253194
vt 0.219444 0.247800
vt 0.218621 0.242299
vt 0.218409 0.238185
vt 0.886097 0.506755
vt 0.880535 0.506634
vt 0.874779 0.506710
vt 0.221805 0.426481
vt 0.223155 0.422329
vt 0.224369 0.416818
vt 0.225131 0.411442
vt 0.081085 0.896341
vt 0.084887 0.896075
vt 0.090300 0.888567
vt 0.095846 0.888915
vt 0.100138 0.889915
vt 0.214287 0.253738
vt 0.214152 0.248253
vt 0.214412 0.242659
vt 0.215011 0.238476
vt 0.886117 0.510151
vt 0.880555 0.509729
vt 0.874801 0.510107
vt 0.870496 0.511166
vt 0.870470 0.506959
vt 0.218954 0.421960
vt 0.219086 0.416353
vt 0.218789 0.410883
vt 0.218147 0.406955
vt 0.225255 0.407581
vt 0.084932 0.888958
vt 0.090436 0.881548
vt 0.095977 0.882160
vt 0.100255 0.883888
vt 0.207950 0.253020
vt 0.208873 0.247655
vt 0.210215 0.242183
vt 0.211622 0.238092
vt 0.886180 0.513374
vt 0.880612 0.512666
vt 0.874863 0.513330
vt 0.218413 0.426182
vt 0.215030 0.426558
vt 0.214763 0.422425
vt 0.213817 0.416938
vt 0.212462 0.411586
vt 0.211057 0.407743
vt 0.085062 0.882204
vt 0.090657 0.875175
vt 0.096190 0.876029
vt 0.207673 0.256901
vt 0.200864 0.254714
vt 0.201874 0.251069
vt 0.203812 0.246029
vt 0.206189 0.240891
vt 0.208373 0.237049
vt 0.886282 0.516300
vt 0.880704 0.515332
vt 0.874964 0.516256
vt 0.211785 0.427593
vt 0.210743 0.423708
vt 0.208762 0.418552
vt 0.206394 0.413523
vt 0.204258 0.409914
vt 0.085274 0.876072
vt 0.090955 0.869695
vt 0.096477 0.870755
vt 0.194609 0.251228
vt 0.196293 0.247959
vt 0.199163 0.243439
vt 0.202492 0.238831
vt 0.205388 0.235386
vt 0.886419 0.518817
vt 0.880829 0.517626
vt 0.875101 0.518773
vt 0.208803 0.429250
vt 0.207049 0.425759
vt 0.204118 0.421132
vt 0.200819 0.416620
vt 0.198009 0.413385
vt 0.085560 0.870798
vt 0.134574 0.765385
vt 0.134275 0.759975
vt 0.139794 0.759063
vt 0.140082 0.764269
vt 0.189149 0.246579
vt 0.191420 0.243810
vt 0.195104 0.239983
vt 0.199264 0.236083
vt 0.202782 0.233167
vt 0.919725 0.768701
vt 0.919591 0.771185
vt 0.913992 0.772133
vt 0.914114 0.769869
vt 0.908267 0.771156
vt 0.908401 0.768672
vt 0.206199 0.431462
vt 0.203823 0.428501
vt 0.200061 0.424578
vt 0.195949 0.420758
vt 0.192553 0.418021
vt 0.129159 0.764311
vt 0.128871 0.759105
vt 0.134035 0.753657
vt 0.139563 0.752984
vt 0.143796 0.751177
vt 0.144002 0.756601
vt 0.187444 0.238781
vt 0.191791 0.235795
vt 0.196629 0.232751
vt 0.200655 0.230478
vt 0.919485 0.774086
vt 0.913895 0.774777
vt 0.908159 0.774057
vt 0.204072 0.434146
vt 0.201189 0.431826
vt 0.196748 0.428759
vt 0.191973 0.425777
vt 0.188096 0.423646
vt 0.128639 0.753026
vt 0.133862 0.746676
vt 0.139397 0.746265
vt 0.143648 0.745181
vt 0.184516 0.233066
vt 0.189352 0.231034
vt 0.194689 0.228966
vt 0.199089 0.227422
vt 0.919409 0.777292
vt 0.913826 0.777698
vt 0.908085 0.777263
vt 0.903822 0.776121
vt 0.903915 0.772150
vt 0.199247 0.435607
vt 0.194307 0.433513
vt 0.189043 0.431485
vt 0.184812 0.430043
vt 0.128473 0.746307
vt 0.133764 0.739297
vt 0.139303 0.739165
vt 0.143563 0.738845
vt 0.182749 0.226884
vt 0.187880 0.225885
vt 0.193519 0.224870
vt 0.198146 0.224115
vt 0.919367 0.780681
vt 0.913789 0.780786
vt 0.908045 0.780652
vt 0.903771 0.780319
vt 0.198074 0.439700
vt 0.192831 0.438659
vt 0.187270 0.437663
vt 0.182826 0.436966
vt 0.128378 0.739207
vt 0.133744 0.731879
vt 0.139286 0.732021
vt 0.143550 0.732453
vt 0.182218 0.220512
vt 0.187446 0.220547
vt 0.193177 0.220585
vt 0.197865 0.220618
vt 0.919353 0.784189
vt 0.913785 0.784002
vt 0.908051 0.784160
vt 0.903773 0.784617
vt 0.197725 0.443984
vt 0.192391 0.443996
vt 0.186732 0.444033
vt 0.182218 0.444084
vt 0.128357 0.732063
vt 0.133913 0.682126
vt 0.139447 0.682544
vt 0.143703 0.683733
vt 0.183496 0.171383
vt 0.188599 0.172485
vt 0.194215 0.173614
vt 0.198832 0.174464
vt 0.919567 0.829982
vt 0.913979 0.829495
vt 0.908229 0.829953
vt 0.903962 0.831215
vt 0.198700 0.490956
vt 0.193475 0.492058
vt 0.187939 0.493164
vt 0.183514 0.493987
vt 0.128529 0.682586
vt 0.134049 0.675195
vt 0.139582 0.675881
vt 0.143824 0.677806
vt 0.185446 0.165213
vt 0.190224 0.167376
vt 0.195502 0.169590
vt 0.199859 0.171254
vt 0.919625 0.833065
vt 0.914038 0.832287
vt 0.908301 0.833036
vt 0.904050 0.835080
vt 0.199977 0.494983
vt 0.195091 0.497171
vt 0.189877 0.499338
vt 0.185684 0.500926
vt 0.128658 0.675923
vt 0.134256 0.669054
vt 0.139781 0.669971
vt 0.144002 0.672533
vt 0.188529 0.159580
vt 0.192793 0.162684
vt 0.197545 0.165859
vt 0.201507 0.168241
vt 0.919725 0.835885
vt 0.914128 0.834856
vt 0.908399 0.835856
vt 0.203197 0.493367
vt 0.204838 0.496383
vt 0.202012 0.498719
vt 0.197648 0.501869
vt 0.192947 0.504978
vt 0.189125 0.507247
vt 0.128857 0.670013
vt 0.947063 0.141429
vt 0.946727 0.147508
vt 0.941340 0.148177
vt 0.941662 0.142328
vt 0.185837 0.157342
vt 0.190446 0.151832
vt 0.192641 0.154662
vt 0.196219 0.158588
vt 0.200270 0.162601
vt 0.203707 0.165612
vt 0.941213 0.751108
vt 0.941077 0.748315
vt 0.946818 0.747510
vt 0.946942 0.750054
vt 0.952396 0.748270
vt 0.952533 0.751063
vt 0.207030 0.499018
vt 0.204727 0.501983
vt 0.201063 0.505973
vt 0.197046 0.509906
vt 0.193718 0.512769
vt 0.952579 0.142439
vt 0.952256 0.148288
vt 0.946464 0.154325
vt 0.941087 0.154736
vt 0.196032 0.147333
vt 0.197625 0.150647
vt 0.200371 0.155244
vt 0.203572 0.159942
vt 0.206373 0.163465
vt 0.940976 0.745184
vt 0.946725 0.744657
vt 0.952294 0.745139
vt 0.209688 0.501170
vt 0.208020 0.504650
vt 0.205203 0.509326
vt 0.202015 0.513932
vt 0.199287 0.517280
vt 0.952002 0.154847
vt 0.946282 0.161617
vt 0.940912 0.161754
vt 0.937103 0.162239
vt 0.937259 0.155977
vt 0.203290 0.147691
vt 0.205090 0.152782
vt 0.207325 0.157984
vt 0.209403 0.161885
vt 0.940914 0.741834
vt 0.946669 0.741605
vt 0.952232 0.741790
vt 0.212710 0.502758
vt 0.211763 0.506616
vt 0.209910 0.511799
vt 0.207666 0.516900
vt 0.205620 0.520607
vt 0.951828 0.161865
vt 0.946190 0.169105
vt 0.940823 0.168959
vt 0.937024 0.168670
vt 0.209418 0.145908
vt 0.210194 0.151297
vt 0.211384 0.156803
vt 0.936610 0.742407
vt 0.936584 0.738147
vt 0.940893 0.738396
vt 0.946649 0.738472
vt 0.952210 0.738351
vt 0.215979 0.503720
vt 0.215814 0.507806
vt 0.215002 0.513296
vt 0.213780 0.518698
vt 0.956116 0.162433
vt 0.956036 0.168863
vt 0.951739 0.169070
vt 0.946190 0.176501
vt 0.940823 0.176076
vt 0.209247 0.142022
vt 0.216368 0.141412
vt 0.215772 0.145364
vt 0.215486 0.150844
vt 0.215594 0.156442
vt 0.936610 0.733940
vt 0.940915 0.735000
vt 0.946669 0.735377
vt 0.952231 0.734955
vt 0.219371 0.504018
vt 0.220015 0.508177
vt 0.220285 0.513761
vt 0.220122 0.519256
vt 0.956037 0.175214
vt 0.951738 0.176187
vt 0.946282 0.183521
vt 0.940911 0.182831
vt 0.223469 0.142216
vt 0.222109 0.146082
vt 0.220765 0.151442
vt 0.219791 0.156918
vt 0.219466 0.161024
vt 0.216077 0.160640
vt 0.940977 0.731776
vt 0.946726 0.732440
vt 0.952294 0.731732
vt 0.222755 0.503642
vt 0.224206 0.507711
vt 0.225555 0.513176
vt 0.226449 0.518553
vt 0.956116 0.181242
vt 0.951827 0.182942
vt 0.946464 0.189895
vt 0.941086 0.188964
vt 0.230277 0.144403
vt 0.228185 0.148032
vt 0.225826 0.153066
vt 0.223816 0.158210
vt 0.222716 0.162067
vt 0.941078 0.728850
vt 0.946818 0.729774
vt 0.952396 0.728805
vt 0.225999 0.502607
vt 0.228225 0.506428
vt 0.230609 0.511563
vt 0.232516 0.516617
vt 0.233467 0.520289
vt 0.226668 0.522460
vt 0.952002 0.189075
vt 0.946727 0.195377
vt 0.941340 0.194240
vt 0.236533 0.147888
vt 0.233767 0.151142
vt 0.230475 0.155657
vt 0.227515 0.160270
vt 0.225700 0.163730
vt 0.941215 0.726333
vt 0.946943 0.727480
vt 0.952533 0.726289
vt 0.228981 0.500950
vt 0.231920 0.504377
vt 0.235253 0.508983
vt 0.238093 0.513520
vt 0.239717 0.516819
vt 0.952255 0.194351
vt 0.810529 0.536273
vt 0.810230 0.541682
vt 0.804827 0.542552
vt 0.805114 0.537347
vt 0.241994 0.152537
vt 0.238640 0.155292
vt 0.234534 0.159113
vt 0.230743 0.163018
vt 0.228307 0.165949
vt 0.860563 0.341396
vt 0.860429 0.338912
vt 0.866154 0.337935
vt 0.866277 0.340199
vt 0.871753 0.338883
vt 0.871887 0.341367
vt 0.231586 0.498738
vt 0.235146 0.501636
vt 0.239310 0.505537
vt 0.242963 0.509382
vt 0.245174 0.512182
vt 0.816035 0.537388
vt 0.815748 0.542593
vt 0.809989 0.547999
vt 0.804594 0.548630
vt 0.246450 0.158173
vt 0.242616 0.160321
vt 0.237847 0.163302
vt 0.233377 0.166350
vt 0.230434 0.168638
vt 0.860322 0.336011
vt 0.866057 0.335291
vt 0.871647 0.335982
vt 0.233713 0.496054
vt 0.237780 0.498311
vt 0.242622 0.501356
vt 0.246938 0.504362
vt 0.819956 0.545056
vt 0.819751 0.550481
vt 0.815517 0.548672
vt 0.809817 0.554981
vt 0.804428 0.555349
vt 0.249731 0.164578
vt 0.245543 0.166036
vt 0.240286 0.168062
vt 0.235317 0.170136
vt 0.856078 0.337917
vt 0.855985 0.333946
vt 0.860246 0.332805
vt 0.865989 0.332370
vt 0.871572 0.332776
vt 0.235280 0.493001
vt 0.239723 0.494530
vt 0.245064 0.496601
vt 0.249868 0.498654
vt 0.819603 0.556476
vt 0.815352 0.555391
vt 0.809718 0.562433
vt 0.804336 0.562514
vt 0.251723 0.171570
vt 0.247324 0.172257
vt 0.241770 0.173214
vt 0.236493 0.174193
vt 0.855927 0.329785
vt 0.860198 0.329486
vt 0.865952 0.329364
vt 0.871539 0.329457
vt 0.236222 0.489767
vt 0.240904 0.490475
vt 0.246552 0.491453
vt 0.251653 0.492437
vt 0.819513 0.562852
vt 0.815254 0.562556
vt 0.014340 0.733123
vt 0.014438 0.740506
vt 0.009205 0.740225
vt 0.009109 0.733114
vt 0.599400 0.482811
vt 0.598599 0.489865
vt 0.594519 0.488584
vt 0.595229 0.482270
vt 0.589083 0.487293
vt 0.589668 0.482004
vt 0.583691 0.486333
vt 0.584154 0.482088
vt 0.443650 0.791689
vt 0.443702 0.787407
vt 0.448314 0.788203
vt 0.448274 0.791699
vt 0.454147 0.788503
vt 0.454102 0.791707
vt 0.459533 0.788214
vt 0.459475 0.791709
vt 0.632141 0.614817
vt 0.632425 0.618294
vt 0.628083 0.619501
vt 0.627738 0.615243
vt 0.622513 0.620636
vt 0.622075 0.615333
vt 0.617219 0.621402
vt 0.616684 0.615072
vt 0.024506 0.733089
vt 0.024586 0.739452
vt 0.020048 0.740225
vt 0.019956 0.733114
vt 0.014728 0.747677
vt 0.009485 0.747125
vt 0.596414 0.496700
vt 0.592568 0.494682
vt 0.587459 0.492373
vt 0.582398 0.490374
vt 0.443883 0.783320
vt 0.448460 0.784904
vt 0.454280 0.785497
vt 0.459680 0.784915
vt 0.633377 0.621583
vt 0.629262 0.623576
vt 0.623995 0.625759
vt 0.618999 0.627553
vt 0.024835 0.745609
vt 0.020327 0.747125
vt 0.015200 0.754285
vt 0.009939 0.753484
vt 0.592932 0.502988
vt 0.589462 0.500293
vt 0.584870 0.497047
vt 0.580339 0.494090
vt 0.444177 0.779549
vt 0.448696 0.781860
vt 0.454496 0.782723
vt 0.459917 0.781870
vt 0.634954 0.624629
vt 0.631217 0.627349
vt 0.626452 0.630504
vt 0.621948 0.633248
vt 0.025239 0.751284
vt 0.020780 0.753484
vt 0.015834 0.760077
vt 0.010550 0.759058
vt 0.588287 0.508488
vt 0.585319 0.505201
vt 0.581418 0.501135
vt 0.577593 0.497342
vt 0.551869 0.973724
vt 0.551096 0.970805
vt 0.555846 0.968080
vt 0.556469 0.970437
vt 0.449016 0.779187
vt 0.454787 0.780287
vt 0.460235 0.779197
vt 0.637097 0.627314
vt 0.633871 0.630675
vt 0.629790 0.634686
vt 0.625954 0.638269
vt 0.758035 0.864004
vt 0.756867 0.868408
vt 0.752162 0.865836
vt 0.753469 0.860900
vt 0.021390 0.759058
vt 0.746590 0.864932
vt 0.745522 0.871029
vt 0.740562 0.871793
vt 0.741589 0.865927
vt 0.582659 0.512987
vt 0.580295 0.509217
vt 0.577234 0.504479
vt 0.574266 0.500001
vt 0.550489 0.967337
vt 0.555356 0.965281
vt 0.561189 0.964551
vt 0.561635 0.967102
vt 0.566316 0.965375
vt 0.566807 0.968174
vt 0.639722 0.629535
vt 0.637123 0.633427
vt 0.633879 0.638145
vt 0.630863 0.642423
vt 0.755951 0.873644
vt 0.751134 0.871702
vt 0.744787 0.877858
vt 0.739854 0.878365
vt 0.576262 0.516315
vt 0.574587 0.512186
vt 0.572479 0.506952
vt 0.570484 0.501968
vt 0.550070 0.963452
vt 0.555018 0.962145
vt 0.560881 0.961693
vt 0.565979 0.962239
vt 0.642729 0.631207
vt 0.640849 0.635498
vt 0.638563 0.640749
vt 0.636486 0.645549
vt 0.755319 0.879508
vt 0.750426 0.878275
vt 0.744412 0.885158
vt 0.739494 0.885389
vt 0.569343 0.518342
vt 0.568413 0.513994
vt 0.567337 0.508458
vt 0.566394 0.503166
vt 0.549857 0.959300
vt 0.554846 0.958793
vt 0.560724 0.958638
vt 0.565806 0.958887
vt 0.646003 0.632265
vt 0.644904 0.636809
vt 0.643662 0.642398
vt 0.642607 0.647529
vt 0.754997 0.885776
vt 0.750064 0.885298
vt 0.744412 0.892647
vt 0.739494 0.892596
vt 0.562168 0.518990
vt 0.562010 0.514572
vt 0.562003 0.508940
vt 0.562153 0.503549
vt 0.549857 0.955040
vt 0.554847 0.955353
vt 0.560724 0.955505
vt 0.565806 0.955448
vt 0.649417 0.632670
vt 0.649134 0.637309
vt 0.648980 0.643028
vt 0.648992 0.648285
vt 0.754997 0.892207
vt 0.750064 0.892505
vt 0.744787 0.900038
vt 0.739855 0.899709
vt 0.555012 0.518235
vt 0.555625 0.513899
vt 0.556685 0.508379
vt 0.557923 0.503102
vt 0.550070 0.950836
vt 0.555018 0.951959
vt 0.560881 0.952412
vt 0.565978 0.952053
vt 0.652841 0.632405
vt 0.653374 0.636981
vt 0.654312 0.642615
vt 0.655393 0.647789
vt 0.755319 0.898554
vt 0.750425 0.899618
vt 0.745522 0.907047
vt 0.740562 0.906453
vt 0.548152 0.516105
vt 0.549502 0.511998
vt 0.551585 0.506796
vt 0.553867 0.501844
vt 0.550489 0.946848
vt 0.555356 0.948741
vt 0.561189 0.949479
vt 0.566316 0.948835
vt 0.656142 0.631480
vt 0.657464 0.635836
vt 0.659453 0.641175
vt 0.661566 0.646060
vt 0.755951 0.904572
vt 0.751134 0.906362
vt 0.746590 0.913404
vt 0.741589 0.912571
vt 0.541849 0.512682
vt 0.543878 0.508945
vt 0.546900 0.504253
vt 0.550141 0.499821
vt 0.551096 0.943232
vt 0.555846 0.945822
vt 0.561635 0.946819
vt 0.566807 0.945916
vt 0.659194 0.629931
vt 0.661245 0.633918
vt 0.664207 0.638762
vt 0.667273 0.643164
vt 0.756868 0.910031
vt 0.752162 0.912480
vt 0.745776 0.242933
vt 0.744897 0.238220
vt 0.750449 0.237160
vt 0.751296 0.241695
vt 0.536347 0.508100
vt 0.538969 0.504855
vt 0.542810 0.500847
vt 0.546888 0.497112
vt 0.551869 0.940125
vt 0.556470 0.943313
vt 0.562204 0.944533
vt 0.847673 0.656354
vt 0.847350 0.658343
vt 0.841584 0.657242
vt 0.841939 0.655059
vt 0.661879 0.627818
vt 0.664571 0.631300
vt 0.668391 0.635472
vt 0.672295 0.639212
vt 0.758035 0.914721
vt 0.753470 0.917735
vt 0.747949 0.918866
vt 0.744161 0.232461
vt 0.749742 0.231619
vt 0.531856 0.502532
vt 0.534962 0.499887
vt 0.539472 0.496708
vt 0.544233 0.493821
vt 0.547957 0.492021
vt 0.550101 0.494678
vt 0.852823 0.657242
vt 0.852532 0.659901
vt 0.847084 0.660767
vt 0.841291 0.659901
vt 0.664096 0.625222
vt 0.667317 0.628083
vt 0.671843 0.631428
vt 0.676438 0.634357
vt 0.679921 0.636130
vt 0.675277 0.641570
vt 0.739628 0.237227
vt 0.738920 0.231686
vt 0.743599 0.225879
vt 0.749201 0.225284
vt 0.753737 0.223718
vt 0.754219 0.229371
vt 0.532012 0.494231
vt 0.537014 0.491997
vt 0.542279 0.490074
vt 0.546380 0.488996
vt 0.852315 0.662936
vt 0.846887 0.663532
vt 0.841076 0.662936
vt 0.665756 0.622242
vt 0.669375 0.624393
vt 0.674430 0.626786
vt 0.679544 0.628785
vt 0.683402 0.629886
vt 0.738378 0.225351
vt 0.743230 0.218724
vt 0.748846 0.218399
vt 0.753420 0.217574
vt 0.530231 0.488104
vt 0.535531 0.486894
vt 0.541100 0.486015
vt 0.545429 0.485720
vt 0.852180 0.666229
vt 0.846765 0.666533
vt 0.840944 0.666229
vt 0.836375 0.665411
vt 0.836539 0.661332
vt 0.670666 0.620368
vt 0.676055 0.621726
vt 0.681494 0.622711
vt 0.685587 0.623078
vt 0.738023 0.218466
vt 0.743071 0.211347
vt 0.748695 0.211294
vt 0.753287 0.211215
vt 0.529696 0.481781
vt 0.535094 0.481597
vt 0.540755 0.481764
vt 0.545145 0.482250
vt 0.852126 0.669723
vt 0.846724 0.669735
vt 0.840909 0.669723
vt 0.836328 0.669691
vt 0.671130 0.616126
vt 0.676639 0.616444
vt 0.682205 0.616406
vt 0.686388 0.616033
vt 0.737868 0.211361
vt 0.742821 0.161146
vt 0.748437 0.161376
vt 0.753020 0.162071
vt 0.530984 0.432999
vt 0.536256 0.433875
vt 0.541802 0.435124
vt 0.546122 0.436421
vt 0.852189 0.715885
vt 0.846767 0.715593
vt 0.840937 0.715885
vt 0.836368 0.716672
vt 0.671379 0.569478
vt 0.676805 0.568708
vt 0.682275 0.567605
vt 0.686388 0.566463
vt 0.737621 0.161442
vt 0.743089 0.153888
vt 0.748699 0.154397
vt 0.753256 0.155862
vt 0.532949 0.426861
vt 0.537894 0.428793
vt 0.543099 0.431122
vt 0.547156 0.433229
vt 0.852315 0.719109
vt 0.846887 0.718513
vt 0.841076 0.719109
vt 0.836540 0.720713
vt 0.670195 0.565440
vt 0.675310 0.563582
vt 0.680482 0.561416
vt 0.684382 0.559507
vt 0.737876 0.154464
vt 0.743558 0.147255
vt 0.749150 0.148013
vt 0.753659 0.150166
vt 0.536056 0.421250
vt 0.540482 0.424119
vt 0.545158 0.427406
vt 0.548817 0.430228
vt 0.852532 0.722144
vt 0.847084 0.721278
vt 0.841291 0.722144
vt 0.836808 0.724472
vt 0.668241 0.561667
vt 0.672852 0.558838
vt 0.677532 0.555721
vt 0.681076 0.553123
vt 0.738328 0.148080
vt 0.744211 0.141429
vt 0.749778 0.142408
vt 0.754219 0.145163
vt 0.540200 0.416342
vt 0.543934 0.420031
vt 0.547903 0.424154
vt 0.551034 0.427604
vt 0.852823 0.724804
vt 0.847350 0.723702
vt 0.841583 0.724804
vt 0.015356 0.867657
vt 0.014732 0.870013
vt 0.009982 0.867288
vt 0.010755 0.864370
vt 0.665586 0.558341
vt 0.669515 0.554656
vt 0.673526 0.550699
vt 0.676586 0.547497
vt 0.738957 0.142475
vt 0.811215 0.984881
vt 0.809994 0.978814
vt 0.815587 0.977999
vt 0.816762 0.983838
vt 0.820353 0.975938
vt 0.821402 0.981148
vt 0.545222 0.412326
vt 0.548119 0.416687
vt 0.551230 0.421494
vt 0.553720 0.425457
vt 0.025694 0.869919
vt 0.025203 0.872719
vt 0.020075 0.873543
vt 0.020522 0.870991
vt 0.014242 0.872813
vt 0.009374 0.870756
vt 0.662334 0.555589
vt 0.665425 0.551196
vt 0.668618 0.546545
vt 0.671085 0.542843
vt 0.806191 0.984013
vt 0.805017 0.978175
vt 0.809087 0.972006
vt 0.814714 0.971447
vt 0.819574 0.970091
vt 0.550930 0.409358
vt 0.552873 0.414214
vt 0.555012 0.419528
vt 0.556773 0.423869
vt 0.024865 0.875855
vt 0.019767 0.876401
vt 0.013905 0.875949
vt 0.008956 0.874641
vt 0.658609 0.553518
vt 0.660741 0.548592
vt 0.662994 0.543419
vt 0.664783 0.539339
vt 0.804143 0.971622
vt 0.808528 0.964717
vt 0.814177 0.964434
vt 0.819095 0.963833
vt 0.557105 0.407550
vt 0.558016 0.412708
vt 0.559103 0.418331
vt 0.560074 0.422902
vt 0.024693 0.879206
vt 0.019610 0.879455
vt 0.013733 0.879301
vt 0.008744 0.878793
vt 0.654553 0.552208
vt 0.655643 0.546943
vt 0.656873 0.541440
vt 0.657924 0.537120
vt 0.803606 0.964610
vt 0.808340 0.957230
vt 0.813996 0.957230
vt 0.818933 0.957404
vt 0.563507 0.406972
vt 0.563349 0.412226
vt 0.563344 0.417947
vt 0.563498 0.422593
vt 0.024693 0.882646
vt 0.019610 0.882589
vt 0.013733 0.882740
vt 0.008743 0.883054
vt 0.650324 0.551706
vt 0.650325 0.546313
vt 0.650488 0.540684
vt 0.650769 0.536273
vt 0.803425 0.957405
vt 0.808528 0.949832
vt 0.814177 0.950110
vt 0.819095 0.951051
vt 0.569893 0.407645
vt 0.568668 0.412787
vt 0.567574 0.418394
vt 0.566913 0.422953
vt 0.024865 0.886040
vt 0.019767 0.885682
vt 0.013905 0.886134
vt 0.008957 0.887258
vt 0.646084 0.552035
vt 0.644993 0.546726
vt 0.644087 0.541180
vt 0.643595 0.536829
vt 0.803606 0.950286
vt 0.809087 0.942806
vt 0.814714 0.943351
vt 0.819574 0.945018
vt 0.576016 0.409545
vt 0.573767 0.414370
vt 0.571630 0.419652
vt 0.570187 0.423969
vt 0.025203 0.889259
vt 0.020075 0.888614
vt 0.014242 0.889353
vt 0.009375 0.891245
vt 0.641994 0.553180
vt 0.639851 0.548166
vt 0.637914 0.542908
vt 0.636678 0.538767
vt 0.804144 0.943526
vt 0.809994 0.936425
vt 0.815587 0.937208
vt 0.820353 0.939537
vt 0.581640 0.412598
vt 0.578452 0.416913
vt 0.575356 0.421674
vt 0.573195 0.425602
vt 0.025694 0.892178
vt 0.020522 0.891275
vt 0.014733 0.892272
vt 0.009982 0.894862
vt 0.638213 0.555098
vt 0.635097 0.550578
vt 0.632207 0.545804
vt 0.630282 0.542012
vt 0.805017 0.937384
vt 0.811215 0.930931
vt 0.816762 0.931922
vt 0.821402 0.934819
vt 0.586550 0.416688
vt 0.582542 0.420320
vt 0.578609 0.424384
vt 0.575821 0.427789
vt 0.449404 0.848914
vt 0.449016 0.846748
vt 0.454786 0.845644
vt 0.455140 0.847619
vt 0.021090 0.893560
vt 0.015356 0.894780
vt 0.010755 0.897969
vt 0.634886 0.557716
vt 0.630914 0.553870
vt 0.627184 0.549756
vt 0.624654 0.546439
vt 0.022134 0.659727
vt 0.021390 0.664301
vt 0.015834 0.663282
vt 0.016607 0.658529
vt 0.015200 0.669074
vt 0.009939 0.669875
vt 0.010550 0.664301
vt 0.589596 0.414415
vt 0.594087 0.419983
vt 0.590556 0.421657
vt 0.585880 0.424458
vt 0.581263 0.427675
vt 0.577965 0.430446
vt 0.448696 0.844101
vt 0.454496 0.843232
vt 0.459916 0.844111
vt 0.460235 0.846758
vt 0.638030 0.560239
vt 0.635813 0.562835
vt 0.632141 0.560932
vt 0.627462 0.557914
vt 0.623042 0.554611
vt 0.620011 0.551880
vt 0.020780 0.669875
vt 0.014728 0.675683
vt 0.009485 0.676234
vt 0.597393 0.426321
vt 0.593506 0.427313
vt 0.588338 0.429170
vt 0.583218 0.431422
vt 0.579542 0.433471
vt 0.448459 0.841076
vt 0.454280 0.840477
vt 0.459679 0.841087
vt 0.634152 0.565815
vt 0.630082 0.564623
vt 0.624874 0.562555
vt 0.619936 0.560183
vt 0.025239 0.672076
vt 0.024835 0.677750
vt 0.020327 0.676234
vt 0.014436 0.682926
vt 0.009207 0.683198
vt 0.599400 0.433251
vt 0.595300 0.433479
vt 0.589833 0.434275
vt 0.584404 0.435442
vt 0.443882 0.842700
vt 0.443694 0.838667
vt 0.448307 0.837859
vt 0.454149 0.837563
vt 0.459542 0.837869
vt 0.633118 0.568996
vt 0.628785 0.568610
vt 0.623238 0.567617
vt 0.617972 0.566296
vt 0.024580 0.683946
vt 0.020042 0.683198
vt 0.809809 0.483058
vt 0.809867 0.490301
vt 0.804480 0.489832
vt 0.804422 0.482856
vt 0.338512 0.221490
vt 0.337717 0.228590
vt 0.333337 0.227758
vt 0.334042 0.221403
vt 0.327813 0.226613
vt 0.328394 0.221289
vt 0.322574 0.225449
vt 0.323035 0.221175
vt 0.616687 0.793307
vt 0.616718 0.789106
vt 0.620984 0.790398
vt 0.620962 0.793827
vt 0.626727 0.790867
vt 0.626698 0.794009
vt 0.632309 0.790369
vt 0.632268 0.793798
vt 0.496282 0.045291
vt 0.495911 0.041801
vt 0.500561 0.040905
vt 0.501013 0.045180
vt 0.506176 0.039741
vt 0.506749 0.045066
vt 0.511251 0.038624
vt 0.511947 0.044979
vt 0.819615 0.482416
vt 0.819662 0.488660
vt 0.815405 0.489874
vt 0.815351 0.482898
vt 0.810003 0.497161
vt 0.804611 0.496434
vt 0.335548 0.235462
vt 0.331402 0.233889
vt 0.326202 0.231720
vt 0.321292 0.229511
vt 0.616800 0.785204
vt 0.621050 0.787247
vt 0.626788 0.787997
vt 0.632376 0.787218
vt 0.494883 0.038520
vt 0.499286 0.036840
vt 0.504574 0.034630
vt 0.509327 0.032488
vt 0.819778 0.494550
vt 0.815535 0.496476
vt 0.810210 0.503302
vt 0.804811 0.502343
vt 0.332093 0.241774
vt 0.328319 0.239522
vt 0.323633 0.236412
vt 0.319249 0.233242
vt 0.316369 0.230874
vt 0.318018 0.227862
vt 0.621149 0.784428
vt 0.626878 0.785428
vt 0.632474 0.784399
vt 0.493241 0.035504
vt 0.497251 0.033105
vt 0.502017 0.029932
vt 0.506258 0.026848
vt 0.819956 0.499824
vt 0.815734 0.502385
vt 0.559727 0.922843
vt 0.559429 0.916762
vt 0.564963 0.916016
vt 0.565249 0.921867
vt 0.327484 0.247285
vt 0.324207 0.244440
vt 0.320207 0.240508
vt 0.316524 0.236500
vt 0.314169 0.233504
vt 0.871876 0.358723
vt 0.871739 0.361516
vt 0.866161 0.362276
vt 0.866285 0.359732
vt 0.860421 0.361472
vt 0.860556 0.358679
vt 0.491048 0.032869
vt 0.494536 0.029840
vt 0.498603 0.025828
vt 0.502159 0.021921
vt 0.504302 0.019121
vt 0.508896 0.024643
vt 0.554332 0.921911
vt 0.554046 0.916060
vt 0.559208 0.909944
vt 0.564750 0.909455
vt 0.321898 0.251783
vt 0.319221 0.248454
vt 0.316055 0.243851
vt 0.313222 0.239159
vt 0.311503 0.235651
vt 0.871637 0.364647
vt 0.866068 0.365129
vt 0.860319 0.364603
vt 0.488390 0.030716
vt 0.491243 0.027174
vt 0.494462 0.022476
vt 0.497189 0.017896
vt 0.498732 0.014610
vt 0.553833 0.909499
vt 0.559072 0.902650
vt 0.564619 0.902437
vt 0.568910 0.901895
vt 0.569027 0.908158
vt 0.313557 0.251410
vt 0.311336 0.246313
vt 0.309469 0.241117
vt 0.308474 0.237232
vt 0.871575 0.367996
vt 0.866011 0.368181
vt 0.860257 0.367952
vt 0.485369 0.029128
vt 0.487500 0.025207
vt 0.489756 0.020003
vt 0.491539 0.014927
vt 0.550013 0.908233
vt 0.549897 0.901971
vt 0.553702 0.902480
vt 0.559026 0.895162
vt 0.564574 0.895231
vt 0.568871 0.895465
vt 0.307429 0.253194
vt 0.306233 0.247800
vt 0.305410 0.242298
vt 0.305197 0.238185
vt 0.871553 0.371435
vt 0.865992 0.371314
vt 0.860236 0.371390
vt 0.482099 0.028167
vt 0.483449 0.024016
vt 0.484663 0.018505
vt 0.485425 0.013128
vt 0.549857 0.895540
vt 0.553659 0.895274
vt 0.559072 0.887766
vt 0.564618 0.888114
vt 0.568910 0.889114
vt 0.301075 0.253738
vt 0.300940 0.248252
vt 0.301200 0.242659
vt 0.301799 0.238476
vt 0.871574 0.374831
vt 0.866012 0.374409
vt 0.860258 0.374787
vt 0.855953 0.375846
vt 0.855927 0.371639
vt 0.479248 0.023646
vt 0.479380 0.018040
vt 0.479083 0.012570
vt 0.478441 0.008641
vt 0.485549 0.009267
vt 0.553704 0.888157
vt 0.559208 0.880747
vt 0.564749 0.881360
vt 0.569027 0.883087
vt 0.294738 0.253020
vt 0.295662 0.247655
vt 0.297003 0.242183
vt 0.298410 0.238092
vt 0.871637 0.378055
vt 0.866069 0.377346
vt 0.860320 0.378010
vt 0.478707 0.027869
vt 0.475324 0.028244
vt 0.475057 0.024112
vt 0.474111 0.018625
vt 0.472756 0.013273
vt 0.471352 0.009429
vt 0.553834 0.881403
vt 0.559429 0.874375
vt 0.564962 0.875229
vt 0.294461 0.256901
vt 0.287653 0.254714
vt 0.288662 0.251069
vt 0.290601 0.246029
vt 0.292978 0.240891
vt 0.295161 0.237049
vt 0.871739 0.380980
vt 0.866161 0.380013
vt 0.860421 0.380936
vt 0.472080 0.029280
vt 0.471037 0.025395
vt 0.469057 0.020239
vt 0.466688 0.015210
vt 0.464553 0.011600
vt 0.554046 0.875272
vt 0.559727 0.868894
vt 0.565249 0.869954
vt 0.281397 0.251228
vt 0.283081 0.247959
vt 0.285951 0.243439
vt 0.289280 0.238831
vt 0.292176 0.235386
vt 0.871876 0.383497
vt 0.866286 0.382306
vt 0.860558 0.383453
vt 0.469098 0.030936
vt 0.467343 0.027446
vt 0.464412 0.022818
vt 0.461113 0.018307
vt 0.458304 0.015071
vt 0.554332 0.869997
vt 0.221561 0.765385
vt 0.221262 0.759975
vt 0.226781 0.759063
vt 0.227069 0.764269
vt 0.275937 0.246579
vt 0.278208 0.243810
vt 0.281892 0.239983
vt 0.286052 0.236083
vt 0.289570 0.233167
vt 0.919302 0.655088
vt 0.919168 0.657572
vt 0.913569 0.658520
vt 0.913691 0.656256
vt 0.907844 0.657543
vt 0.907978 0.655059
vt 0.466493 0.033149
vt 0.464117 0.030187
vt 0.460355 0.026264
vt 0.456243 0.022445
vt 0.452847 0.019708
vt 0.216146 0.764311
vt 0.215858 0.759105
vt 0.221022 0.753657
vt 0.226550 0.752984
vt 0.230783 0.751176
vt 0.230989 0.756601
vt 0.274232 0.238781
vt 0.278579 0.235795
vt 0.283417 0.232751
vt 0.287443 0.230478
vt 0.919062 0.660473
vt 0.913472 0.661164
vt 0.907737 0.660444
vt 0.464366 0.035833
vt 0.461483 0.033513
vt 0.457043 0.030445
vt 0.452267 0.027464
vt 0.448390 0.025333
vt 0.215627 0.753026
vt 0.220849 0.746676
vt 0.226384 0.746265
vt 0.230635 0.745181
vt 0.271304 0.233066
vt 0.276140 0.231034
vt 0.281477 0.228966
vt 0.285878 0.227422
vt 0.918986 0.663679
vt 0.913403 0.664085
vt 0.907662 0.663650
vt 0.903399 0.662508
vt 0.903492 0.658537
vt 0.459541 0.037294
vt 0.454601 0.035200
vt 0.449337 0.033172
vt 0.445106 0.031730
vt 0.215460 0.746307
vt 0.220751 0.739297
vt 0.226290 0.739165
vt 0.230550 0.738845
vt 0.269537 0.226884
vt 0.274669 0.225885
vt 0.280307 0.224870
vt 0.284934 0.224115
vt 0.918944 0.667068
vt 0.913366 0.667173
vt 0.907622 0.667039
vt 0.903348 0.666706
vt 0.458368 0.041386
vt 0.453125 0.040346
vt 0.447565 0.039350
vt 0.443121 0.038653
vt 0.215366 0.739207
vt 0.220731 0.731879
vt 0.226273 0.732021
vt 0.230537 0.732453
vt 0.269006 0.220512
vt 0.274234 0.220547
vt 0.279965 0.220585
vt 0.284653 0.220618
vt 0.918930 0.670576
vt 0.913362 0.670389
vt 0.907628 0.670547
vt 0.903350 0.671004
vt 0.458019 0.045671
vt 0.452685 0.045683
vt 0.447026 0.045720
vt 0.442512 0.045771
vt 0.215344 0.732063
vt 0.220900 0.682125
vt 0.226435 0.682544
vt 0.230690 0.683733
vt 0.270284 0.171383
vt 0.275387 0.172485
vt 0.281003 0.173614
vt 0.285620 0.174464
vt 0.919144 0.716369
vt 0.913556 0.715882
vt 0.907806 0.716340
vt 0.903539 0.717602
vt 0.458994 0.092642
vt 0.453769 0.093745
vt 0.448233 0.094850
vt 0.443809 0.095674
vt 0.215516 0.682586
vt 0.221037 0.675195
vt 0.226569 0.675881
vt 0.230811 0.677806
vt 0.272234 0.165213
vt 0.277012 0.167376
vt 0.282290 0.169590
vt 0.286647 0.171254
vt 0.919203 0.719452
vt 0.913615 0.718674
vt 0.907878 0.719423
vt 0.903628 0.721467
vt 0.460272 0.096669
vt 0.455385 0.098858
vt 0.450171 0.101025
vt 0.445978 0.102613
vt 0.215645 0.675923
vt 0.221244 0.669054
vt 0.226768 0.669971
vt 0.230989 0.672533
vt 0.275317 0.159580
vt 0.279581 0.162684
vt 0.284333 0.165859
vt 0.288295 0.168241
vt 0.919302 0.722272
vt 0.913705 0.721243
vt 0.907976 0.722243
vt 0.463491 0.095053
vt 0.465132 0.098070
vt 0.462306 0.100405
vt 0.457943 0.103555
vt 0.453241 0.106664
vt 0.449419 0.108934
vt 0.215844 0.670013
vt 0.947046 0.768672
vt 0.946711 0.774751
vt 0.941323 0.775419
vt 0.941645 0.769570
vt 0.272626 0.157342
vt 0.277235 0.151832
vt 0.279429 0.154662
vt 0.283007 0.158588
vt 0.287058 0.162601
vt 0.290495 0.165612
vt 0.326926 0.928792
vt 0.326790 0.925999
vt 0.332531 0.925194
vt 0.332655 0.927738
vt 0.338109 0.925954
vt 0.338246 0.928747
vt 0.467325 0.100704
vt 0.465021 0.103670
vt 0.461357 0.107660
vt 0.457340 0.111592
vt 0.454012 0.114455
vt 0.952563 0.769681
vt 0.952239 0.775531
vt 0.946448 0.781567
vt 0.941070 0.781978
vt 0.282820 0.147333
vt 0.284413 0.150647
vt 0.287160 0.155244
vt 0.290360 0.159942
vt 0.293161 0.163465
vt 0.326689 0.922868
vt 0.332438 0.922341
vt 0.338007 0.922823
vt 0.469983 0.102857
vt 0.468314 0.106336
vt 0.465497 0.111013
vt 0.462309 0.115618
vt 0.459581 0.118966
vt 0.951986 0.782089
vt 0.946266 0.788859
vt 0.940895 0.788997
vt 0.937087 0.789482
vt 0.937243 0.783220
vt 0.290078 0.147691
vt 0.291878 0.152782
vt 0.294113 0.157984
vt 0.296191 0.161884
vt 0.326627 0.919518
vt 0.332381 0.919289
vt 0.337944 0.919474
vt 0.473004 0.104445
vt 0.472058 0.108303
vt 0.470204 0.113486
vt 0.467960 0.118587
vt 0.465915 0.122293
vt 0.951811 0.789108
vt 0.946174 0.796348
vt 0.940806 0.796202
vt 0.937007 0.795912
vt 0.296206 0.145908
vt 0.296982 0.151297
vt 0.298173 0.156803
vt 0.322323 0.920091
vt 0.322297 0.915831
vt 0.326606 0.916080
vt 0.332362 0.916156
vt 0.337923 0.916035
vt 0.476273 0.105406
vt 0.476108 0.109493
vt 0.475296 0.114983
vt 0.474074 0.120384
vt 0.956099 0.789676
vt 0.956020 0.796106
vt 0.951722 0.796313
vt 0.946173 0.803744
vt 0.940806 0.803319
vt 0.296035 0.142022
vt 0.303156 0.141412
vt 0.302560 0.145364
vt 0.302274 0.150844
vt 0.302382 0.156442
vt 0.322323 0.911624
vt 0.326627 0.912683
vt 0.332381 0.913061
vt 0.337944 0.912639
vt 0.479665 0.105704
vt 0.480309 0.109863
vt 0.480579 0.115448
vt 0.480416 0.120943
vt 0.956020 0.802457
vt 0.951722 0.803430
vt 0.946266 0.810763
vt 0.940895 0.810074
vt 0.310257 0.142216
vt 0.308897 0.146082
vt 0.307553 0.151442
vt 0.306579 0.156918
vt 0.306255 0.161024
vt 0.302866 0.160640
vt 0.326690 0.909460
vt 0.332438 0.910124
vt 0.338007 0.909415
vt 0.483049 0.105329
vt 0.484500 0.109397
vt 0.485849 0.114863
vt 0.486743 0.120240
vt 0.956099 0.808484
vt 0.951811 0.810185
vt 0.946447 0.817137
vt 0.941070 0.816206
vt 0.317066 0.144403
vt 0.314974 0.148032
vt 0.312614 0.153066
vt 0.310605 0.158210
vt 0.309504 0.162067
vt 0.326791 0.906534
vt 0.332531 0.907458
vt 0.338109 0.906489
vt 0.486294 0.104293
vt 0.488520 0.108115
vt 0.490903 0.113250
vt 0.492811 0.118303
vt 0.493762 0.121976
vt 0.486962 0.124147
vt 0.951986 0.816317
vt 0.946710 0.822619
vt 0.941323 0.821483
vt 0.323322 0.147888
vt 0.320556 0.151142
vt 0.317263 0.155657
vt 0.314303 0.160270
vt 0.312488 0.163730
vt 0.326927 0.904017
vt 0.332656 0.905164
vt 0.338246 0.903973
vt 0.489275 0.102637
vt 0.492214 0.106064
vt 0.495547 0.110670
vt 0.498387 0.115207
vt 0.500011 0.118505
vt 0.952239 0.821594
vt 0.810528 0.406972
vt 0.810229 0.412381
vt 0.804826 0.413250
vt 0.805113 0.408045
vt 0.328782 0.152537
vt 0.325428 0.155292
vt 0.321322 0.159113
vt 0.317531 0.163018
vt 0.315095 0.165949
vt 0.621150 0.851611
vt 0.621016 0.849127
vt 0.626741 0.848150
vt 0.626863 0.850414
vt 0.632340 0.849098
vt 0.632474 0.851582
vt 0.491880 0.100424
vt 0.495440 0.103323
vt 0.499604 0.107224
vt 0.503257 0.111069
vt 0.505468 0.113869
vt 0.816034 0.408087
vt 0.815747 0.413292
vt 0.809988 0.418698
vt 0.804594 0.419329
vt 0.333238 0.158173
vt 0.329404 0.160321
vt 0.324635 0.163302
vt 0.320165 0.166350
vt 0.317222 0.168638
vt 0.620908 0.846226
vt 0.626644 0.845506
vt 0.632234 0.846197
vt 0.494007 0.097740
vt 0.498074 0.099997
vt 0.502917 0.103043
vt 0.507232 0.106049
vt 0.819956 0.415755
vt 0.819750 0.421180
vt 0.815516 0.419371
vt 0.809816 0.425680
vt 0.804427 0.426048
vt 0.336519 0.164578
vt 0.332331 0.166036
vt 0.327074 0.168062
vt 0.322105 0.170136
vt 0.616665 0.848132
vt 0.616571 0.844161
vt 0.620833 0.843020
vt 0.626576 0.842585
vt 0.632159 0.842991
vt 0.495574 0.094688
vt 0.500017 0.096216
vt 0.505358 0.098288
vt 0.510162 0.100341
vt 0.819602 0.427175
vt 0.815351 0.426090
vt 0.809717 0.433132
vt 0.804335 0.433213
vt 0.338512 0.171570
vt 0.334112 0.172257
vt 0.328558 0.173214
vt 0.323282 0.174193
vt 0.616513 0.840001
vt 0.620785 0.839701
vt 0.626539 0.839580
vt 0.632126 0.839672
vt 0.496516 0.091453
vt 0.501198 0.092161
vt 0.506846 0.093140
vt 0.511947 0.094124
vt 0.819512 0.433551
vt 0.815253 0.433255
vt 0.327074 0.733140
vt 0.327172 0.740523
vt 0.321939 0.740241
vt 0.321843 0.733131
vt 0.512414 0.482811
vt 0.511612 0.489865
vt 0.507533 0.488584
vt 0.508243 0.482270
vt 0.502096 0.487293
vt 0.502681 0.482004
vt 0.496704 0.486333
vt 0.497168 0.482088
vt 0.355724 0.791689
vt 0.355776 0.787407
vt 0.360388 0.788203
vt 0.360348 0.791699
vt 0.366221 0.788503
vt 0.366176 0.791707
vt 0.371607 0.788214
vt 0.371549 0.791709
vt 0.718591 0.352728
vt 0.718875 0.356204
vt 0.714532 0.357412
vt 0.714187 0.353154
vt 0.708962 0.358547
vt 0.708525 0.353244
vt 0.703668 0.359313
vt 0.703133 0.352983
vt 0.337240 0.733105
vt 0.337320 0.739469
vt 0.332782 0.740241
vt 0.332690 0.733131
vt 0.327462 0.747694
vt 0.322219 0.747142
vt 0.509427 0.496700
vt 0.505582 0.494683
vt 0.500472 0.492373
vt 0.495412 0.490374
vt 0.355957 0.783320
vt 0.360533 0.784904
vt 0.366354 0.785497
vt 0.371753 0.784915
vt 0.719826 0.359494
vt 0.715711 0.361487
vt 0.710444 0.363670
vt 0.705448 0.365464
vt 0.337569 0.745626
vt 0.333061 0.747142
vt 0.327934 0.754302
vt 0.322673 0.753501
vt 0.505945 0.502988
vt 0.502476 0.500293
vt 0.497884 0.497047
vt 0.493353 0.494090
vt 0.356251 0.779549
vt 0.360770 0.781860
vt 0.366570 0.782723
vt 0.371990 0.781870
vt 0.721403 0.362540
vt 0.717667 0.365259
vt 0.712902 0.368414
vt 0.708397 0.371159
vt 0.337974 0.751301
vt 0.333514 0.753501
vt 0.328568 0.760094
vt 0.323284 0.759075
vt 0.501301 0.508488
vt 0.498332 0.505201
vt 0.494432 0.501135
vt 0.490607 0.497342
vt 0.958651 0.379012
vt 0.957878 0.376094
vt 0.962627 0.373369
vt 0.963251 0.375725
vt 0.361090 0.779187
vt 0.366860 0.780287
vt 0.372308 0.779197
vt 0.723547 0.365225
vt 0.720321 0.368586
vt 0.716239 0.372596
vt 0.712403 0.376180
vt 0.893611 0.858786
vt 0.892444 0.863190
vt 0.887738 0.860618
vt 0.889046 0.855682
vt 0.334124 0.759075
vt 0.882167 0.859714
vt 0.881099 0.865811
vt 0.876139 0.866575
vt 0.877166 0.860709
vt 0.495672 0.512987
vt 0.493309 0.509217
vt 0.490247 0.504479
vt 0.487280 0.500001
vt 0.957270 0.372626
vt 0.962137 0.370569
vt 0.967970 0.369839
vt 0.968417 0.372390
vt 0.973098 0.370663
vt 0.973588 0.373463
vt 0.726172 0.367446
vt 0.723573 0.371337
vt 0.720328 0.376056
vt 0.717312 0.380333
vt 0.891528 0.868426
vt 0.886711 0.866484
vt 0.880364 0.872640
vt 0.875431 0.873147
vt 0.489275 0.516315
vt 0.487601 0.512186
vt 0.485493 0.506952
vt 0.483498 0.501968
vt 0.956852 0.368741
vt 0.961799 0.367433
vt 0.967663 0.366981
vt 0.972761 0.367528
vt 0.729179 0.369118
vt 0.727298 0.373409
vt 0.725012 0.378660
vt 0.722935 0.383460
vt 0.890896 0.874290
vt 0.886003 0.873057
vt 0.879989 0.879940
vt 0.875071 0.880171
vt 0.482357 0.518342
vt 0.481427 0.513994
vt 0.480350 0.508458
vt 0.479408 0.503166
vt 0.956639 0.364588
vt 0.961628 0.364081
vt 0.967506 0.363927
vt 0.972588 0.364176
vt 0.732452 0.370176
vt 0.731354 0.374720
vt 0.730111 0.380309
vt 0.729057 0.385440
vt 0.890574 0.880558
vt 0.885641 0.880080
vt 0.879989 0.887429
vt 0.875071 0.887378
vt 0.475182 0.518990
vt 0.475024 0.514572
vt 0.475017 0.508940
vt 0.475167 0.503549
vt 0.956639 0.360328
vt 0.961628 0.360642
vt 0.967506 0.360793
vt 0.972587 0.360736
vt 0.735867 0.370580
vt 0.735583 0.375220
vt 0.735429 0.380939
vt 0.735441 0.386196
vt 0.890574 0.886989
vt 0.885641 0.887287
vt 0.880364 0.894820
vt 0.875432 0.894491
vt 0.468026 0.518235
vt 0.468639 0.513899
vt 0.469698 0.508379
vt 0.470937 0.503102
vt 0.956852 0.356124
vt 0.961800 0.357248
vt 0.967663 0.357700
vt 0.972760 0.357342
vt 0.739290 0.370315
vt 0.739823 0.374892
vt 0.740761 0.380526
vt 0.741842 0.385700
vt 0.890896 0.893336
vt 0.886002 0.894400
vt 0.881099 0.901829
vt 0.876139 0.901235
vt 0.461166 0.516105
vt 0.462516 0.511998
vt 0.464599 0.506796
vt 0.466881 0.501844
vt 0.957270 0.352137
vt 0.962137 0.354030
vt 0.967970 0.354768
vt 0.973098 0.354124
vt 0.742591 0.369391
vt 0.743913 0.373747
vt 0.745903 0.379085
vt 0.748015 0.383970
vt 0.891528 0.899354
vt 0.886711 0.901144
vt 0.882167 0.908186
vt 0.877166 0.907353
vt 0.454862 0.512682
vt 0.456892 0.508945
vt 0.459914 0.504253
vt 0.463155 0.499821
vt 0.957878 0.348520
vt 0.962628 0.351110
vt 0.968417 0.352107
vt 0.973588 0.351204
vt 0.745643 0.367842
vt 0.747694 0.371828
vt 0.750656 0.376673
vt 0.753722 0.381075
vt 0.892444 0.904813
vt 0.887739 0.907262
vt 0.711896 0.242933
vt 0.711016 0.238220
vt 0.716569 0.237160
vt 0.717415 0.241694
vt 0.449360 0.508100
vt 0.451982 0.504855
vt 0.455823 0.500847
vt 0.459902 0.497112
vt 0.958651 0.345414
vt 0.963251 0.348602
vt 0.968986 0.349822
vt 0.848583 0.408267
vt 0.848260 0.410256
vt 0.842494 0.409154
vt 0.842849 0.406972
vt 0.748328 0.365729
vt 0.751021 0.369211
vt 0.754840 0.373382
vt 0.758744 0.377123
vt 0.893611 0.909503
vt 0.889047 0.912517
vt 0.883526 0.913648
vt 0.710281 0.232461
vt 0.715861 0.231619
vt 0.444870 0.502532
vt 0.447976 0.499887
vt 0.452485 0.496708
vt 0.457247 0.493821
vt 0.460971 0.492021
vt 0.463115 0.494678
vt 0.853733 0.409154
vt 0.853442 0.411814
vt 0.847994 0.412680
vt 0.842201 0.411814
vt 0.750545 0.363133
vt 0.753766 0.365994
vt 0.758292 0.369339
vt 0.762887 0.372268
vt 0.766370 0.374041
vt 0.761726 0.379481
vt 0.705747 0.237227
vt 0.705040 0.231686
vt 0.709718 0.225879
vt 0.715320 0.225284
vt 0.719856 0.223718
vt 0.720339 0.229371
vt 0.445025 0.494231
vt 0.450028 0.491997
vt 0.455292 0.490074
vt 0.459394 0.488996
vt 0.853225 0.414849
vt 0.847797 0.415445
vt 0.841986 0.414849
vt 0.752205 0.360153
vt 0.755824 0.362304
vt 0.760880 0.364697
vt 0.765993 0.366696
vt 0.769852 0.367796
vt 0.704498 0.225351
vt 0.709349 0.218724
vt 0.714966 0.218399
vt 0.719539 0.217574
vt 0.443245 0.488104
vt 0.448545 0.486894
vt 0.454114 0.486015
vt 0.458443 0.485720
vt 0.853090 0.418142
vt 0.847676 0.418446
vt 0.841854 0.418142
vt 0.837285 0.417324
vt 0.837450 0.413244
vt 0.757115 0.358279
vt 0.762504 0.359637
vt 0.767943 0.360622
vt 0.772036 0.360988
vt 0.704143 0.218466
vt 0.709190 0.211347
vt 0.714815 0.211294
vt 0.719407 0.211215
vt 0.442710 0.481781
vt 0.448108 0.481597
vt 0.453769 0.481764
vt 0.458159 0.482250
vt 0.853036 0.421635
vt 0.847634 0.421647
vt 0.841819 0.421635
vt 0.837238 0.421604
vt 0.757579 0.354037
vt 0.763088 0.354354
vt 0.768654 0.354317
vt 0.772837 0.353944
vt 0.703987 0.211361
vt 0.708940 0.161146
vt 0.714557 0.161375
vt 0.719140 0.162071
vt 0.443998 0.432999
vt 0.449270 0.433875
vt 0.454816 0.435124
vt 0.459135 0.436421
vt 0.853099 0.467798
vt 0.847677 0.467506
vt 0.841847 0.467798
vt 0.837278 0.468585
vt 0.757828 0.307389
vt 0.763254 0.306618
vt 0.768724 0.305516
vt 0.772837 0.304373
vt 0.703740 0.161442
vt 0.709208 0.153888
vt 0.714818 0.154397
vt 0.719375 0.155862
vt 0.445963 0.426861
vt 0.450907 0.428793
vt 0.456112 0.431122
vt 0.460170 0.433229
vt 0.853225 0.471022
vt 0.847797 0.470426
vt 0.841986 0.471022
vt 0.837450 0.472626
vt 0.756644 0.303351
vt 0.761759 0.301493
vt 0.766931 0.299327
vt 0.770831 0.297417
vt 0.703996 0.154464
vt 0.709677 0.147255
vt 0.715269 0.148013
vt 0.719778 0.150166
vt 0.449070 0.421251
vt 0.453496 0.424119
vt 0.458171 0.427406
vt 0.461830 0.430228
vt 0.853442 0.474057
vt 0.847994 0.473191
vt 0.842201 0.474057
vt 0.837718 0.476385
vt 0.754690 0.299578
vt 0.759301 0.296749
vt 0.763981 0.293631
vt 0.767525 0.291034
vt 0.704448 0.148080
vt 0.710331 0.141429
vt 0.715897 0.142408
vt 0.720339 0.145163
vt 0.453213 0.416343
vt 0.456948 0.420031
vt 0.460917 0.424154
vt 0.464047 0.427604
vt 0.853733 0.476716
vt 0.848260 0.475614
vt 0.842493 0.476716
vt 0.929018 0.348701
vt 0.928395 0.351057
vt 0.923645 0.348332
vt 0.924418 0.345414
vt 0.752036 0.296251
vt 0.755964 0.292566
vt 0.759975 0.288610
vt 0.763035 0.285408
vt 0.705077 0.142475
vt 0.919799 0.980862
vt 0.918578 0.974795
vt 0.924172 0.973980
vt 0.925347 0.979819
vt 0.928937 0.971919
vt 0.929986 0.977129
vt 0.458235 0.412326
vt 0.461132 0.416687
vt 0.464244 0.421494
vt 0.466734 0.425457
vt 0.939356 0.350963
vt 0.938866 0.353762
vt 0.933737 0.354587
vt 0.934184 0.352035
vt 0.927905 0.353857
vt 0.923037 0.351800
vt 0.748784 0.293500
vt 0.751875 0.289107
vt 0.755067 0.284456
vt 0.757535 0.280753
vt 0.914775 0.979994
vt 0.913601 0.974156
vt 0.917671 0.967987
vt 0.923299 0.967428
vt 0.928158 0.966072
vt 0.463944 0.409358
vt 0.465887 0.414214
vt 0.468026 0.419528
vt 0.469787 0.423869
vt 0.938528 0.356899
vt 0.933430 0.357445
vt 0.927567 0.356993
vt 0.922619 0.355685
vt 0.745058 0.291429
vt 0.747191 0.286502
vt 0.749443 0.281330
vt 0.751232 0.277250
vt 0.912728 0.967603
vt 0.917113 0.960698
vt 0.922762 0.960415
vt 0.927679 0.959814
vt 0.470118 0.407550
vt 0.471030 0.412708
vt 0.472116 0.418331
vt 0.473088 0.422902
vt 0.938355 0.360250
vt 0.933273 0.360499
vt 0.927395 0.360344
vt 0.922406 0.359837
vt 0.741003 0.290118
vt 0.742092 0.284854
vt 0.743322 0.279351
vt 0.744373 0.275031
vt 0.912190 0.960591
vt 0.916924 0.953212
vt 0.922580 0.953211
vt 0.927517 0.953385
vt 0.476521 0.406972
vt 0.476363 0.412226
vt 0.476358 0.417947
vt 0.476512 0.422593
vt 0.938355 0.363690
vt 0.933273 0.363633
vt 0.927396 0.363784
vt 0.922406 0.364097
vt 0.736774 0.289617
vt 0.736774 0.284224
vt 0.736938 0.278595
vt 0.737218 0.274184
vt 0.912009 0.953386
vt 0.917113 0.945813
vt 0.922762 0.946092
vt 0.927679 0.947032
vt 0.482906 0.407645
vt 0.481681 0.412787
vt 0.480587 0.418394
vt 0.479927 0.422953
vt 0.938527 0.367084
vt 0.933430 0.366726
vt 0.927567 0.367178
vt 0.922620 0.368302
vt 0.732533 0.289946
vt 0.731442 0.284637
vt 0.730536 0.279090
vt 0.730044 0.274740
vt 0.912190 0.946267
vt 0.917672 0.938788
vt 0.923299 0.939332
vt 0.928159 0.940999
vt 0.489029 0.409545
vt 0.486781 0.414370
vt 0.484643 0.419652
vt 0.483201 0.423969
vt 0.938866 0.370302
vt 0.933737 0.369658
vt 0.927905 0.370397
vt 0.923037 0.372289
vt 0.728444 0.291091
vt 0.726300 0.286077
vt 0.724363 0.280819
vt 0.723127 0.276677
vt 0.912728 0.939507
vt 0.918579 0.932406
vt 0.924172 0.933189
vt 0.928937 0.935518
vt 0.494654 0.412598
vt 0.491466 0.416913
vt 0.488370 0.421674
vt 0.486209 0.425602
vt 0.939356 0.373222
vt 0.934184 0.372319
vt 0.928395 0.373316
vt 0.923645 0.375906
vt 0.724662 0.293009
vt 0.721546 0.288489
vt 0.718656 0.283715
vt 0.716731 0.279923
vt 0.913602 0.933365
vt 0.919800 0.926912
vt 0.925347 0.927903
vt 0.929986 0.930800
vt 0.499564 0.416688
vt 0.495556 0.420320
vt 0.491622 0.424384
vt 0.488835 0.427789
vt 0.361478 0.848914
vt 0.361089 0.846748
vt 0.366860 0.845644
vt 0.367214 0.847619
vt 0.934753 0.374604
vt 0.929019 0.375824
vt 0.924417 0.379013
vt 0.721336 0.295626
vt 0.717363 0.291781
vt 0.713633 0.287666
vt 0.711104 0.284350
vt 0.334868 0.659744
vt 0.334124 0.664318
vt 0.328568 0.663299
vt 0.329341 0.658546
vt 0.327934 0.669091
vt 0.322673 0.669892
vt 0.323284 0.664318
vt 0.502610 0.414415
vt 0.507100 0.419983
vt 0.503570 0.421657
vt 0.498894 0.424458
vt 0.494277 0.427675
vt 0.490978 0.430446
vt 0.360770 0.844101
vt 0.366569 0.843232
vt 0.371990 0.844111
vt 0.372308 0.846758
vt 0.724479 0.298150
vt 0.722262 0.300746
vt 0.718590 0.298843
vt 0.713911 0.295825
vt 0.709491 0.292522
vt 0.706460 0.289791
vt 0.333514 0.669892
vt 0.327462 0.675700
vt 0.322219 0.676251
vt 0.510407 0.426322
vt 0.506519 0.427313
vt 0.501351 0.429170
vt 0.496232 0.431422
vt 0.492555 0.433471
vt 0.360533 0.841076
vt 0.366353 0.840477
vt 0.371753 0.841087
vt 0.720602 0.303726
vt 0.716531 0.302534
vt 0.711324 0.300466
vt 0.706385 0.298094
vt 0.337974 0.672093
vt 0.337569 0.677767
vt 0.333061 0.676251
vt 0.327170 0.682942
vt 0.321941 0.683215
vt 0.512414 0.433251
vt 0.508314 0.433479
vt 0.502847 0.434275
vt 0.497418 0.435442
vt 0.355956 0.842700
vt 0.355768 0.838667
vt 0.360381 0.837859
vt 0.366223 0.837563
vt 0.371616 0.837869
vt 0.719567 0.306907
vt 0.715234 0.306521
vt 0.709687 0.305528
vt 0.704421 0.304207
vt 0.337314 0.683963
vt 0.332776 0.683215
vt 0.808899 0.731145
vt 0.808957 0.738388
vt 0.803570 0.737919
vt 0.803512 0.730943
vt 0.164935 0.221490
vt 0.164140 0.228590
vt 0.159761 0.227758
vt 0.160466 0.221403
vt 0.154237 0.226613
vt 0.154818 0.221289
vt 0.148998 0.225449
vt 0.149459 0.221175
vt 0.857135 0.017550
vt 0.857166 0.013349
vt 0.861432 0.014641
vt 0.861410 0.018069
vt 0.867175 0.015110
vt 0.867146 0.018252
vt 0.872757 0.014612
vt 0.872716 0.018040
vt 0.062412 0.443604
vt 0.062040 0.440115
vt 0.066690 0.439219
vt 0.067142 0.443494
vt 0.072306 0.438054
vt 0.072878 0.443380
vt 0.077380 0.436937
vt 0.078077 0.443293
vt 0.818705 0.730503
vt 0.818752 0.736747
vt 0.814495 0.737961
vt 0.814441 0.730985
vt 0.809093 0.745249
vt 0.803701 0.744521
vt 0.161972 0.235462
vt 0.157825 0.233889
vt 0.152626 0.231720
vt 0.147715 0.229511
vt 0.857248 0.009446
vt 0.861498 0.011490
vt 0.867235 0.012239
vt 0.872823 0.011461
vt 0.061012 0.436833
vt 0.065416 0.435154
vt 0.070704 0.432944
vt 0.075457 0.430802
vt 0.818868 0.742638
vt 0.814625 0.744563
vt 0.809300 0.751389
vt 0.803901 0.750430
vt 0.158516 0.241774
vt 0.154742 0.239522
vt 0.150057 0.236412
vt 0.145672 0.233242
vt 0.142793 0.230875
vt 0.144441 0.227862
vt 0.861596 0.008670
vt 0.867325 0.009670
vt 0.872922 0.008641
vt 0.059371 0.433817
vt 0.063381 0.431418
vt 0.068146 0.428246
vt 0.072387 0.425162
vt 0.819045 0.747911
vt 0.814824 0.750472
vt 0.127407 0.923643
vt 0.127110 0.917562
vt 0.132643 0.916817
vt 0.132930 0.922668
vt 0.153907 0.247285
vt 0.150631 0.244440
vt 0.146631 0.240508
vt 0.142947 0.236500
vt 0.140592 0.233504
vt 0.338246 0.861916
vt 0.338109 0.864709
vt 0.332531 0.865469
vt 0.332655 0.862925
vt 0.326791 0.864665
vt 0.326927 0.861872
vt 0.057178 0.431182
vt 0.060665 0.428154
vt 0.064732 0.424142
vt 0.068289 0.420234
vt 0.070432 0.417435
vt 0.075025 0.422956
vt 0.122012 0.922711
vt 0.121726 0.916860
vt 0.126889 0.910744
vt 0.132431 0.910256
vt 0.148321 0.251783
vt 0.145645 0.248454
vt 0.142478 0.243851
vt 0.139645 0.239159
vt 0.137927 0.235651
vt 0.338008 0.867840
vt 0.332439 0.868322
vt 0.326690 0.867796
vt 0.054520 0.429030
vt 0.057373 0.425487
vt 0.060592 0.420789
vt 0.063318 0.416209
vt 0.064862 0.412924
vt 0.121513 0.910299
vt 0.126753 0.903451
vt 0.132299 0.903237
vt 0.136591 0.902696
vt 0.136707 0.908959
vt 0.139980 0.251410
vt 0.137760 0.246313
vt 0.135892 0.241117
vt 0.134898 0.237232
vt 0.337945 0.871189
vt 0.332382 0.871374
vt 0.326627 0.871145
vt 0.051498 0.427442
vt 0.053629 0.423520
vt 0.055885 0.418316
vt 0.057668 0.413240
vt 0.117694 0.909034
vt 0.117577 0.902771
vt 0.121383 0.903280
vt 0.126707 0.895962
vt 0.132254 0.896032
vt 0.136551 0.896265
vt 0.133853 0.253194
vt 0.132656 0.247800
vt 0.131833 0.242299
vt 0.131621 0.238185
vt 0.337924 0.874628
vt 0.332363 0.874507
vt 0.326607 0.874583
vt 0.048229 0.426481
vt 0.049579 0.422329
vt 0.050792 0.416818
vt 0.051554 0.411442
vt 0.117538 0.896341
vt 0.121339 0.896075
vt 0.126753 0.888567
vt 0.132298 0.888914
vt 0.136591 0.889915
vt 0.127499 0.253738
vt 0.127363 0.248253
vt 0.127624 0.242659
vt 0.128223 0.238476
vt 0.337945 0.878024
vt 0.332382 0.877602
vt 0.326628 0.877980
vt 0.322323 0.879039
vt 0.322297 0.874832
vt 0.045378 0.421960
vt 0.045510 0.416353
vt 0.045212 0.410883
vt 0.044571 0.406955
vt 0.051678 0.407581
vt 0.121384 0.888958
vt 0.126889 0.881548
vt 0.132429 0.882160
vt 0.136707 0.883888
vt 0.121162 0.253020
vt 0.122085 0.247655
vt 0.123426 0.242183
vt 0.124834 0.238093
vt 0.338008 0.881248
vt 0.332439 0.880539
vt 0.326691 0.881203
vt 0.044837 0.426182
vt 0.041453 0.426558
vt 0.041187 0.422425
vt 0.040240 0.416939
vt 0.038886 0.411586
vt 0.037481 0.407743
vt 0.121515 0.882204
vt 0.127110 0.875175
vt 0.132643 0.876029
vt 0.120885 0.256901
vt 0.114076 0.254714
vt 0.115086 0.251069
vt 0.117024 0.246029
vt 0.119401 0.240891
vt 0.121585 0.237049
vt 0.338110 0.884173
vt 0.332532 0.883206
vt 0.326792 0.884129
vt 0.038209 0.427593
vt 0.037167 0.423708
vt 0.035186 0.418552
vt 0.032818 0.413524
vt 0.030682 0.409914
vt 0.121726 0.876072
vt 0.127407 0.869695
vt 0.132930 0.870755
vt 0.107821 0.251228
vt 0.109504 0.247959
vt 0.112375 0.243439
vt 0.115703 0.238831
vt 0.118600 0.235386
vt 0.338246 0.886690
vt 0.332656 0.885499
vt 0.326928 0.886646
vt 0.035227 0.429250
vt 0.033473 0.425759
vt 0.030542 0.421132
vt 0.027242 0.416620
vt 0.024433 0.413385
vt 0.122012 0.870798
vt 0.188634 0.765385
vt 0.188335 0.759975
vt 0.193854 0.759063
vt 0.194141 0.764269
vt 0.102360 0.246579
vt 0.104632 0.243810
vt 0.108315 0.239983
vt 0.112475 0.236083
vt 0.115994 0.233167
vt 0.919741 0.141458
vt 0.919607 0.143942
vt 0.914008 0.144890
vt 0.914131 0.142627
vt 0.908283 0.143913
vt 0.908417 0.141429
vt 0.032623 0.431462
vt 0.030247 0.428501
vt 0.026484 0.424578
vt 0.022372 0.420758
vt 0.018976 0.418021
vt 0.183218 0.764311
vt 0.182931 0.759105
vt 0.188094 0.753657
vt 0.193623 0.752984
vt 0.197855 0.751177
vt 0.198062 0.756601
vt 0.100655 0.238781
vt 0.105003 0.235795
vt 0.109840 0.232751
vt 0.113866 0.230478
vt 0.919501 0.146843
vt 0.913911 0.147534
vt 0.908176 0.146814
vt 0.030496 0.434146
vt 0.027612 0.431826
vt 0.023172 0.428759
vt 0.018396 0.425777
vt 0.014520 0.423646
vt 0.182699 0.753026
vt 0.187922 0.746676
vt 0.193457 0.746265
vt 0.197707 0.745181
vt 0.097728 0.233066
vt 0.102564 0.231034
vt 0.107900 0.228966
vt 0.112301 0.227422
vt 0.919425 0.150050
vt 0.913843 0.150456
vt 0.908101 0.150021
vt 0.903838 0.148879
vt 0.903931 0.144907
vt 0.025670 0.435607
vt 0.020731 0.433513
vt 0.015466 0.431485
vt 0.011235 0.430043
vt 0.182533 0.746307
vt 0.187824 0.739297
vt 0.193363 0.739165
vt 0.197623 0.738845
vt 0.095961 0.226884
vt 0.101092 0.225885
vt 0.106731 0.224870
vt 0.111358 0.224115
vt 0.919383 0.153438
vt 0.913805 0.153543
vt 0.908062 0.153409
vt 0.903788 0.153076
vt 0.024497 0.439700
vt 0.019254 0.438659
vt 0.013694 0.437663
vt 0.009250 0.436966
vt 0.182438 0.739207
vt 0.187804 0.731879
vt 0.193346 0.732021
vt 0.197610 0.732453
vt 0.095429 0.220512
vt 0.100658 0.220547
vt 0.106389 0.220585
vt 0.111076 0.220618
vt 0.919369 0.156946
vt 0.913801 0.156759
vt 0.908067 0.156917
vt 0.903790 0.157374
vt 0.024148 0.443984
vt 0.018814 0.443996
vt 0.013156 0.444033
vt 0.008641 0.444084
vt 0.182417 0.732063
vt 0.187973 0.682126
vt 0.193507 0.682544
vt 0.197762 0.683733
vt 0.096708 0.171383
vt 0.101811 0.172485
vt 0.107427 0.173614
vt 0.112044 0.174464
vt 0.919583 0.202740
vt 0.913995 0.202253
vt 0.908245 0.202711
vt 0.903978 0.203973
vt 0.025123 0.490956
vt 0.019899 0.492058
vt 0.014363 0.493164
vt 0.009938 0.493987
vt 0.182589 0.682586
vt 0.188109 0.675195
vt 0.193641 0.675881
vt 0.197884 0.677806
vt 0.098657 0.165213
vt 0.103436 0.167376
vt 0.108714 0.169590
vt 0.113071 0.171254
vt 0.919642 0.205822
vt 0.914055 0.205045
vt 0.908318 0.205793
vt 0.904067 0.207837
vt 0.026401 0.494983
vt 0.021514 0.497171
vt 0.016301 0.499338
vt 0.012107 0.500926
vt 0.182717 0.675923
vt 0.188316 0.669054
vt 0.193840 0.669971
vt 0.198062 0.672533
vt 0.101741 0.159580
vt 0.106005 0.162684
vt 0.110757 0.165859
vt 0.114719 0.168241
vt 0.919741 0.208643
vt 0.914144 0.207614
vt 0.908416 0.208613
vt 0.029620 0.493367
vt 0.031261 0.496383
vt 0.028435 0.498719
vt 0.024072 0.501869
vt 0.019371 0.504978
vt 0.015548 0.507247
vt 0.182917 0.670013
vt 0.933479 0.008641
vt 0.933144 0.014720
vt 0.927756 0.015389
vt 0.928078 0.009540
vt 0.099049 0.157342
vt 0.103658 0.151832
vt 0.105853 0.154662
vt 0.109431 0.158588
vt 0.113482 0.162601
vt 0.116919 0.165612
vt 0.942112 0.636341
vt 0.941976 0.633548
vt 0.947717 0.632743
vt 0.947841 0.635287
vt 0.953295 0.633503
vt 0.953432 0.636296
vt 0.033454 0.499018
vt 0.031151 0.501983
vt 0.027486 0.505973
vt 0.023469 0.509906
vt 0.020141 0.512769
vt 0.938996 0.009651
vt 0.938672 0.015500
vt 0.932881 0.021537
vt 0.927503 0.021948
vt 0.109244 0.147333
vt 0.110837 0.150647
vt 0.113583 0.155244
vt 0.116784 0.159942
vt 0.119585 0.163465
vt 0.941875 0.630417
vt 0.947624 0.629890
vt 0.953193 0.630372
vt 0.036112 0.501170
vt 0.034443 0.504650
vt 0.031627 0.509326
vt 0.028439 0.513932
vt 0.025711 0.517280
vt 0.938419 0.022059
vt 0.932699 0.028829
vt 0.927329 0.028966
vt 0.923520 0.029451
vt 0.923676 0.023189
vt 0.116502 0.147691
vt 0.118302 0.152782
vt 0.120537 0.157984
vt 0.122615 0.161885
vt 0.941813 0.627067
vt 0.947568 0.626838
vt 0.953131 0.627023
vt 0.039134 0.502758
vt 0.038187 0.506616
vt 0.036333 0.511799
vt 0.034090 0.516900
vt 0.032044 0.520607
vt 0.938244 0.029077
vt 0.932607 0.036317
vt 0.927239 0.036171
vt 0.923440 0.035882
vt 0.122630 0.145908
vt 0.123405 0.151297
vt 0.124596 0.156803
vt 0.937509 0.627640
vt 0.937483 0.623380
vt 0.941792 0.623629
vt 0.947548 0.623705
vt 0.953109 0.623584
vt 0.042403 0.503720
vt 0.042237 0.507806
vt 0.041426 0.513296
vt 0.040204 0.518698
vt 0.942532 0.029645
vt 0.942453 0.036075
vt 0.938155 0.036282
vt 0.932607 0.043713
vt 0.927239 0.043288
vt 0.122459 0.142022
vt 0.129579 0.141412
vt 0.128984 0.145364
vt 0.128698 0.150844
vt 0.128805 0.156442
vt 0.937509 0.619173
vt 0.941814 0.620233
vt 0.947568 0.620610
vt 0.953130 0.620188
vt 0.045795 0.504018
vt 0.046438 0.508177
vt 0.046708 0.513761
vt 0.046546 0.519256
vt 0.942453 0.042426
vt 0.938155 0.043399
vt 0.932699 0.050733
vt 0.927328 0.050043
vt 0.136681 0.142216
vt 0.135321 0.146082
vt 0.133976 0.151442
vt 0.133003 0.156918
vt 0.132678 0.161024
vt 0.129289 0.160640
vt 0.941876 0.617009
vt 0.947625 0.617673
vt 0.953193 0.616964
vt 0.049178 0.503642
vt 0.050629 0.507711
vt 0.051978 0.513176
vt 0.052872 0.518553
vt 0.942532 0.048454
vt 0.938244 0.050154
vt 0.932880 0.057107
vt 0.927503 0.056176
vt 0.143489 0.144403
vt 0.141397 0.148032
vt 0.139037 0.153066
vt 0.137028 0.158210
vt 0.135927 0.162067
vt 0.941977 0.614083
vt 0.947717 0.615007
vt 0.953295 0.614038
vt 0.052423 0.502607
vt 0.054649 0.506428
vt 0.057032 0.511563
vt 0.058940 0.516617
vt 0.059891 0.520289
vt 0.053092 0.522460
vt 0.938419 0.056287
vt 0.933143 0.062589
vt 0.927756 0.061452
vt 0.149745 0.147888
vt 0.146979 0.151142
vt 0.143687 0.155657
vt 0.140726 0.160270
vt 0.138912 0.163730
vt 0.942114 0.611566
vt 0.947842 0.612713
vt 0.953432 0.611522
vt 0.055405 0.500950
vt 0.058344 0.504377
vt 0.061677 0.508983
vt 0.064516 0.513520
vt 0.066140 0.516819
vt 0.938672 0.061564
vt 0.809618 0.655059
vt 0.809319 0.660468
vt 0.803916 0.661338
vt 0.804203 0.656133
vt 0.155205 0.152537
vt 0.151852 0.155292
vt 0.147746 0.159113
vt 0.143954 0.163018
vt 0.141518 0.165949
vt 0.861598 0.075854
vt 0.861463 0.073370
vt 0.867189 0.072393
vt 0.867311 0.074657
vt 0.872788 0.073341
vt 0.872922 0.075825
vt 0.058009 0.498738
vt 0.061570 0.501636
vt 0.065733 0.505537
vt 0.069387 0.509382
vt 0.071597 0.512182
vt 0.815124 0.656175
vt 0.814837 0.661380
vt 0.809078 0.666785
vt 0.803683 0.667416
vt 0.159662 0.158173
vt 0.155827 0.160321
vt 0.151058 0.163302
vt 0.146589 0.166350
vt 0.143646 0.168638
vt 0.861356 0.070469
vt 0.867092 0.069749
vt 0.872682 0.070440
vt 0.060137 0.496054
vt 0.064204 0.498311
vt 0.069046 0.501356
vt 0.073362 0.504362
vt 0.819045 0.663842
vt 0.818840 0.669267
vt 0.814606 0.667458
vt 0.808906 0.673767
vt 0.803517 0.674135
vt 0.162943 0.164578
vt 0.158755 0.166036
vt 0.153497 0.168062
vt 0.148529 0.170136
vt 0.857112 0.072375
vt 0.857019 0.068403
vt 0.861281 0.067262
vt 0.867023 0.066827
vt 0.872607 0.067233
vt 0.061703 0.493001
vt 0.066146 0.494530
vt 0.071487 0.496601
vt 0.076292 0.498654
vt 0.818692 0.675262
vt 0.814441 0.674177
vt 0.808807 0.681219
vt 0.803425 0.681301
vt 0.164935 0.171570
vt 0.160536 0.172257
vt 0.154982 0.173214
vt 0.149705 0.174193
vt 0.856961 0.064243
vt 0.861233 0.063944
vt 0.866987 0.063822
vt 0.872574 0.063915
vt 0.062645 0.489767
vt 0.067328 0.490475
vt 0.072976 0.491453
vt 0.078077 0.492437
vt 0.818602 0.681638
vt 0.814343 0.681342
vt 0.621915 0.740162
vt 0.622012 0.747545
vt 0.616780 0.747264
vt 0.616684 0.740153
vt 0.598933 0.084481
vt 0.598132 0.091535
vt 0.594052 0.090253
vt 0.594763 0.083940
vt 0.588616 0.088963
vt 0.589201 0.083674
vt 0.583224 0.088003
vt 0.583688 0.083758
vt 0.288430 0.789879
vt 0.288482 0.785596
vt 0.293094 0.786393
vt 0.293054 0.789889
vt 0.298927 0.786693
vt 0.298882 0.789896
vt 0.304313 0.786403
vt 0.304255 0.789899
vt 0.632141 0.485516
vt 0.632425 0.488992
vt 0.628082 0.490200
vt 0.627737 0.485942
vt 0.622512 0.491335
vt 0.622074 0.486032
vt 0.617218 0.492101
vt 0.616683 0.485771
vt 0.632080 0.740128
vt 0.632160 0.746491
vt 0.627622 0.747264
vt 0.627531 0.740153
vt 0.622303 0.754716
vt 0.617059 0.754164
vt 0.595947 0.098370
vt 0.592102 0.096352
vt 0.586992 0.094043
vt 0.581931 0.092043
vt 0.288663 0.781510
vt 0.293239 0.783094
vt 0.299060 0.783687
vt 0.304459 0.783104
vt 0.633376 0.492282
vt 0.629261 0.494275
vt 0.623994 0.496458
vt 0.618998 0.498252
vt 0.632410 0.752648
vt 0.627901 0.754164
vt 0.622774 0.761324
vt 0.617514 0.760523
vt 0.592465 0.104658
vt 0.588995 0.101963
vt 0.584404 0.098717
vt 0.579873 0.095760
vt 0.288957 0.777739
vt 0.293476 0.780050
vt 0.299276 0.780913
vt 0.304696 0.780060
vt 0.634953 0.495328
vt 0.631216 0.498047
vt 0.626451 0.501202
vt 0.621947 0.503947
vt 0.632814 0.758323
vt 0.628355 0.760523
vt 0.623409 0.767116
vt 0.618125 0.766097
vt 0.587821 0.110157
vt 0.584852 0.106871
vt 0.580951 0.102804
vt 0.577127 0.099011
vt 0.588321 0.973724
vt 0.587548 0.970805
vt 0.592298 0.968080
vt 0.592921 0.970437
vt 0.293796 0.777377
vt 0.299566 0.778477
vt 0.305015 0.777387
vt 0.637096 0.498013
vt 0.633871 0.501374
vt 0.629789 0.505384
vt 0.625953 0.508968
vt 0.857788 0.858786
vt 0.856621 0.863190
vt 0.851915 0.860618
vt 0.853223 0.855682
vt 0.628965 0.766097
vt 0.846344 0.859714
vt 0.845275 0.865811
vt 0.840316 0.866575
vt 0.841343 0.860709
vt 0.582192 0.114657
vt 0.579829 0.110887
vt 0.576767 0.106149
vt 0.573799 0.101671
vt 0.586941 0.967337
vt 0.591808 0.965281
vt 0.597641 0.964551
vt 0.598088 0.967102
vt 0.602769 0.965375
vt 0.603259 0.968174
vt 0.639722 0.500234
vt 0.637123 0.504125
vt 0.633878 0.508844
vt 0.630862 0.513121
vt 0.855705 0.868426
vt 0.850888 0.866484
vt 0.844540 0.872640
vt 0.839608 0.873147
vt 0.575795 0.117984
vt 0.574120 0.113855
vt 0.572013 0.108622
vt 0.570018 0.103638
vt 0.586523 0.963452
vt 0.591470 0.962145
vt 0.597333 0.961693
vt 0.602431 0.962239
vt 0.642729 0.501906
vt 0.640848 0.506197
vt 0.638562 0.511448
vt 0.636485 0.516248
vt 0.855073 0.874290
vt 0.850180 0.873057
vt 0.844166 0.879940
vt 0.839248 0.880171
vt 0.568877 0.120011
vt 0.567946 0.115664
vt 0.566870 0.110128
vt 0.565928 0.104835
vt 0.586309 0.959300
vt 0.591299 0.958793
vt 0.597176 0.958638
vt 0.602259 0.958887
vt 0.646002 0.502964
vt 0.644904 0.507507
vt 0.643661 0.513097
vt 0.642606 0.518228
vt 0.854751 0.880558
vt 0.849818 0.880080
vt 0.844166 0.887429
vt 0.839248 0.887378
vt 0.561701 0.120660
vt 0.561544 0.116242
vt 0.561537 0.110610
vt 0.561686 0.105219
vt 0.586309 0.955040
vt 0.591299 0.955353
vt 0.597176 0.955505
vt 0.602258 0.955448
vt 0.649416 0.503368
vt 0.649133 0.508008
vt 0.648979 0.513727
vt 0.648991 0.518984
vt 0.854751 0.886989
vt 0.849818 0.887287
vt 0.844541 0.894820
vt 0.839609 0.894491
vt 0.554546 0.119904
vt 0.555158 0.115568
vt 0.556218 0.110049
vt 0.557456 0.104772
vt 0.586523 0.950836
vt 0.591471 0.951959
vt 0.597333 0.952412
vt 0.602431 0.952053
vt 0.652840 0.503103
vt 0.653373 0.507680
vt 0.654311 0.513314
vt 0.655392 0.518488
vt 0.855073 0.893336
vt 0.850179 0.894400
vt 0.845276 0.901829
vt 0.840316 0.901235
vt 0.547685 0.117774
vt 0.549036 0.113668
vt 0.551118 0.108466
vt 0.553400 0.103514
vt 0.586941 0.946848
vt 0.591808 0.948741
vt 0.597641 0.949479
vt 0.602769 0.948835
vt 0.656141 0.502179
vt 0.657463 0.506535
vt 0.659452 0.511873
vt 0.661565 0.516758
vt 0.855705 0.899354
vt 0.850888 0.901144
vt 0.846344 0.908186
vt 0.841343 0.907353
vt 0.541382 0.114352
vt 0.543412 0.110614
vt 0.546434 0.105923
vt 0.549674 0.101491
vt 0.587548 0.943232
vt 0.592298 0.945822
vt 0.598088 0.946819
vt 0.603259 0.945916
vt 0.659193 0.500630
vt 0.661244 0.504616
vt 0.664206 0.509461
vt 0.667272 0.513863
vt 0.856621 0.904813
vt 0.851916 0.907262
vt 0.711826 0.637776
vt 0.710946 0.633063
vt 0.716499 0.632004
vt 0.717345 0.636538
vt 0.535880 0.109769
vt 0.538502 0.106525
vt 0.542343 0.102516
vt 0.546422 0.098782
vt 0.588321 0.940125
vt 0.592922 0.943313
vt 0.598656 0.944533
vt 0.848584 0.537568
vt 0.848261 0.539557
vt 0.842495 0.538455
vt 0.842850 0.536273
vt 0.661878 0.498517
vt 0.664571 0.501999
vt 0.668390 0.506170
vt 0.672294 0.509911
vt 0.857788 0.909503
vt 0.853224 0.912517
vt 0.847703 0.913648
vt 0.710211 0.627305
vt 0.715792 0.626463
vt 0.531389 0.104202
vt 0.534495 0.101556
vt 0.539005 0.098378
vt 0.543767 0.095491
vt 0.547491 0.093691
vt 0.549634 0.096348
vt 0.853734 0.538455
vt 0.853443 0.541115
vt 0.847995 0.541981
vt 0.842202 0.541115
vt 0.664095 0.495921
vt 0.667316 0.498782
vt 0.671842 0.502127
vt 0.676437 0.505056
vt 0.679920 0.506828
vt 0.675276 0.512269
vt 0.705678 0.632070
vt 0.704970 0.626530
vt 0.709648 0.620723
vt 0.715250 0.620128
vt 0.719786 0.618562
vt 0.720269 0.624214
vt 0.531545 0.095900
vt 0.536548 0.093667
vt 0.541812 0.091744
vt 0.545913 0.090666
vt 0.853226 0.544150
vt 0.847798 0.544746
vt 0.841987 0.544150
vt 0.665755 0.492941
vt 0.669374 0.495091
vt 0.674429 0.497485
vt 0.679543 0.499484
vt 0.683402 0.500584
vt 0.704428 0.620195
vt 0.709280 0.613567
vt 0.714896 0.613243
vt 0.719469 0.612418
vt 0.529765 0.089774
vt 0.535065 0.088563
vt 0.540634 0.087685
vt 0.544963 0.087389
vt 0.853091 0.547443
vt 0.847677 0.547747
vt 0.841855 0.547443
vt 0.837286 0.546625
vt 0.837451 0.542546
vt 0.670665 0.491067
vt 0.676054 0.492425
vt 0.681493 0.493410
vt 0.685586 0.493776
vt 0.704073 0.613309
vt 0.709120 0.606190
vt 0.714745 0.606137
vt 0.719337 0.606059
vt 0.529230 0.083451
vt 0.534627 0.083266
vt 0.540288 0.083434
vt 0.544678 0.083920
vt 0.853037 0.550937
vt 0.847635 0.550949
vt 0.841820 0.550937
vt 0.837239 0.550905
vt 0.671129 0.486825
vt 0.676638 0.487142
vt 0.682204 0.487105
vt 0.686387 0.486732
vt 0.703918 0.606204
vt 0.708870 0.555990
vt 0.714487 0.556219
vt 0.719070 0.556914
vt 0.530517 0.034669
vt 0.535789 0.035545
vt 0.541336 0.036794
vt 0.545655 0.038091
vt 0.853100 0.597099
vt 0.847678 0.596807
vt 0.841848 0.597099
vt 0.837279 0.597886
vt 0.671378 0.440177
vt 0.676804 0.439406
vt 0.682274 0.438304
vt 0.686387 0.437161
vt 0.703671 0.556286
vt 0.709139 0.548732
vt 0.714748 0.549241
vt 0.719306 0.550705
vt 0.532482 0.028531
vt 0.537427 0.030463
vt 0.542632 0.032792
vt 0.546689 0.034899
vt 0.853226 0.600323
vt 0.847798 0.599727
vt 0.841987 0.600323
vt 0.837451 0.601927
vt 0.670194 0.436139
vt 0.675309 0.434281
vt 0.680481 0.432115
vt 0.684381 0.430205
vt 0.703926 0.549308
vt 0.709608 0.542099
vt 0.715199 0.542857
vt 0.719708 0.545009
vt 0.535589 0.022920
vt 0.540016 0.025789
vt 0.544691 0.029075
vt 0.548350 0.031898
vt 0.853443 0.603358
vt 0.847995 0.602492
vt 0.842202 0.603358
vt 0.837719 0.605686
vt 0.668240 0.432366
vt 0.672851 0.429537
vt 0.677531 0.426419
vt 0.681075 0.423822
vt 0.704378 0.542924
vt 0.710261 0.536273
vt 0.715828 0.537251
vt 0.720269 0.540006
vt 0.539733 0.018012
vt 0.543468 0.021701
vt 0.547436 0.025824
vt 0.550567 0.029274
vt 0.853734 0.606017
vt 0.848261 0.604916
vt 0.842494 0.606017
vt 0.452218 0.940715
vt 0.451594 0.943072
vt 0.446844 0.940346
vt 0.447617 0.937428
vt 0.665586 0.429039
vt 0.669514 0.425354
vt 0.673525 0.421398
vt 0.676585 0.418196
vt 0.705007 0.537318
vt 0.967605 0.062592
vt 0.966384 0.056524
vt 0.971977 0.055710
vt 0.973153 0.061548
vt 0.976743 0.053648
vt 0.977792 0.058858
vt 0.544755 0.013996
vt 0.547652 0.018357
vt 0.550764 0.023164
vt 0.553253 0.027127
vt 0.462556 0.942977
vt 0.462066 0.945777
vt 0.456937 0.946601
vt 0.457384 0.944050
vt 0.451105 0.945871
vt 0.446237 0.943814
vt 0.662333 0.426288
vt 0.665424 0.421894
vt 0.668617 0.417244
vt 0.671084 0.413541
vt 0.962581 0.061724
vt 0.961407 0.055885
vt 0.965477 0.049716
vt 0.971104 0.049157
vt 0.975964 0.047802
vt 0.550463 0.011027
vt 0.552407 0.015884
vt 0.554546 0.021198
vt 0.556306 0.025539
vt 0.461728 0.948913
vt 0.456629 0.949459
vt 0.450767 0.949007
vt 0.445819 0.947699
vt 0.658608 0.424217
vt 0.660740 0.419290
vt 0.662993 0.414118
vt 0.664782 0.410038
vt 0.960534 0.049333
vt 0.964918 0.042428
vt 0.970567 0.042145
vt 0.975485 0.041543
vt 0.556638 0.009220
vt 0.557549 0.014378
vt 0.558636 0.020001
vt 0.559608 0.024572
vt 0.461555 0.952265
vt 0.456473 0.952513
vt 0.450595 0.952359
vt 0.445606 0.951852
vt 0.654553 0.422906
vt 0.655642 0.417642
vt 0.656872 0.412139
vt 0.657923 0.407819
vt 0.959996 0.042320
vt 0.964730 0.034941
vt 0.970386 0.034940
vt 0.975323 0.035114
vt 0.563041 0.008641
vt 0.562882 0.013896
vt 0.562877 0.019617
vt 0.563032 0.024263
vt 0.461555 0.955704
vt 0.456473 0.955647
vt 0.450595 0.955798
vt 0.445606 0.956112
vt 0.650323 0.422405
vt 0.650324 0.417012
vt 0.650488 0.411383
vt 0.650768 0.406972
vt 0.959815 0.035116
vt 0.964919 0.027543
vt 0.970567 0.027821
vt 0.975485 0.028761
vt 0.569426 0.009315
vt 0.568201 0.014457
vt 0.567107 0.020064
vt 0.566447 0.024623
vt 0.461727 0.959098
vt 0.456629 0.958740
vt 0.450767 0.959193
vt 0.445819 0.960316
vt 0.646083 0.422734
vt 0.644992 0.417425
vt 0.644086 0.411878
vt 0.643594 0.407527
vt 0.959996 0.027996
vt 0.965477 0.020517
vt 0.971105 0.021061
vt 0.975964 0.022728
vt 0.575549 0.011214
vt 0.573301 0.016039
vt 0.571163 0.021322
vt 0.569721 0.025639
vt 0.462065 0.962317
vt 0.456937 0.961673
vt 0.451105 0.962411
vt 0.446237 0.964303
vt 0.641993 0.423879
vt 0.639850 0.418865
vt 0.637913 0.413607
vt 0.636677 0.409465
vt 0.960534 0.021237
vt 0.966384 0.014135
vt 0.971978 0.014919
vt 0.976743 0.017248
vt 0.581174 0.014268
vt 0.577985 0.018583
vt 0.574889 0.023344
vt 0.572728 0.027272
vt 0.462556 0.965236
vt 0.457384 0.964333
vt 0.451595 0.965330
vt 0.446844 0.967920
vt 0.638212 0.425797
vt 0.635096 0.421277
vt 0.632206 0.416503
vt 0.630281 0.412711
vt 0.961407 0.015094
vt 0.967605 0.008641
vt 0.973153 0.009632
vt 0.977792 0.012530
vt 0.586084 0.018358
vt 0.582076 0.021989
vt 0.578142 0.026053
vt 0.575354 0.029459
vt 0.294184 0.847104
vt 0.293795 0.844937
vt 0.299566 0.843834
vt 0.299920 0.845808
vt 0.457953 0.966619
vt 0.452218 0.967838
vt 0.447617 0.971027
vt 0.634885 0.428414
vt 0.630913 0.424569
vt 0.627183 0.420454
vt 0.624654 0.417138
vt 0.629708 0.666766
vt 0.628964 0.671340
vt 0.623409 0.670321
vt 0.624182 0.665568
vt 0.622774 0.676113
vt 0.617514 0.676914
vt 0.618125 0.671340
vt 0.589130 0.016085
vt 0.593620 0.021652
vt 0.590089 0.023327
vt 0.585414 0.026128
vt 0.580797 0.029345
vt 0.577498 0.032115
vt 0.293476 0.842291
vt 0.299276 0.841422
vt 0.304696 0.842301
vt 0.305015 0.844948
vt 0.638029 0.430938
vt 0.635812 0.433534
vt 0.632140 0.431631
vt 0.627461 0.428613
vt 0.623041 0.425310
vt 0.620010 0.422579
vt 0.628354 0.676914
vt 0.622303 0.682722
vt 0.617059 0.683273
vt 0.596926 0.027991
vt 0.593039 0.028983
vt 0.587871 0.030839
vt 0.582752 0.033092
vt 0.579075 0.035140
vt 0.293239 0.839266
vt 0.299060 0.838666
vt 0.304459 0.839276
vt 0.634152 0.436514
vt 0.630081 0.435322
vt 0.624874 0.433254
vt 0.619935 0.430882
vt 0.632814 0.679115
vt 0.632410 0.684789
vt 0.627901 0.683273
vt 0.622011 0.689965
vt 0.616781 0.690238
vt 0.598933 0.034921
vt 0.594834 0.035149
vt 0.589367 0.035945
vt 0.583937 0.037112
vt 0.288662 0.840890
vt 0.288474 0.836856
vt 0.293087 0.836049
vt 0.298929 0.835752
vt 0.304322 0.836059
vt 0.633117 0.439695
vt 0.628784 0.439309
vt 0.623237 0.438316
vt 0.617971 0.436995
vt 0.632154 0.690985
vt 0.627617 0.690237
vt 0.795665 0.084727
vt 0.795723 0.091970
vt 0.790336 0.091501
vt 0.790278 0.084525
vt 0.078147 0.221490
vt 0.077352 0.228590
vt 0.072973 0.227758
vt 0.073677 0.221403
vt 0.067449 0.226613
vt 0.068029 0.221289
vt 0.062210 0.225449
vt 0.062671 0.221175
vt 0.550031 0.793307
vt 0.550062 0.789106
vt 0.554328 0.790398
vt 0.554306 0.793827
vt 0.560071 0.790867
vt 0.560042 0.794009
vt 0.565653 0.790369
vt 0.565612 0.793798
vt 0.322776 0.443621
vt 0.322405 0.440132
vt 0.327055 0.439235
vt 0.327507 0.443511
vt 0.332670 0.438071
vt 0.333243 0.443396
vt 0.337745 0.436954
vt 0.338441 0.443310
vt 0.805471 0.084085
vt 0.805517 0.090329
vt 0.801261 0.091543
vt 0.801207 0.084567
vt 0.795859 0.098831
vt 0.790467 0.098104
vt 0.075183 0.235462
vt 0.071037 0.233889
vt 0.065837 0.231720
vt 0.060927 0.229511
vt 0.550144 0.785204
vt 0.554394 0.787247
vt 0.560131 0.787997
vt 0.565719 0.787219
vt 0.321377 0.436850
vt 0.325780 0.435171
vt 0.331068 0.432961
vt 0.335821 0.430818
vt 0.805634 0.096220
vt 0.801391 0.098145
vt 0.796066 0.104971
vt 0.790666 0.104013
vt 0.071728 0.241774
vt 0.067954 0.239522
vt 0.063269 0.236412
vt 0.058884 0.233242
vt 0.056005 0.230874
vt 0.057653 0.227862
vt 0.554492 0.784428
vt 0.560221 0.785428
vt 0.565818 0.784399
vt 0.319735 0.433834
vt 0.323745 0.431435
vt 0.328511 0.428263
vt 0.332752 0.425179
vt 0.805811 0.101493
vt 0.801590 0.104055
vt 0.626383 0.922843
vt 0.626086 0.916762
vt 0.631619 0.916016
vt 0.631906 0.921867
vt 0.067119 0.247285
vt 0.063842 0.244440
vt 0.059842 0.240508
vt 0.056159 0.236500
vt 0.053804 0.233504
vt 0.905119 0.232127
vt 0.904982 0.234920
vt 0.899404 0.235680
vt 0.899528 0.233136
vt 0.893664 0.234876
vt 0.893800 0.232083
vt 0.317542 0.431199
vt 0.321030 0.428171
vt 0.325097 0.424158
vt 0.328653 0.420251
vt 0.330796 0.417452
vt 0.335390 0.422973
vt 0.620988 0.921911
vt 0.620702 0.916060
vt 0.625865 0.909944
vt 0.631406 0.909455
vt 0.061533 0.251783
vt 0.058857 0.248454
vt 0.055690 0.243851
vt 0.052857 0.239159
vt 0.051138 0.235651
vt 0.904880 0.238051
vt 0.899311 0.238533
vt 0.893562 0.238006
vt 0.314884 0.429046
vt 0.317737 0.425504
vt 0.320956 0.420806
vt 0.323683 0.416226
vt 0.325226 0.412940
vt 0.620489 0.909499
vt 0.625728 0.902650
vt 0.631275 0.902437
vt 0.635567 0.901895
vt 0.635683 0.908158
vt 0.053192 0.251410
vt 0.050972 0.246313
vt 0.049104 0.241117
vt 0.048109 0.237232
vt 0.904818 0.241400
vt 0.899255 0.241585
vt 0.893500 0.241355
vt 0.311863 0.427459
vt 0.313994 0.423537
vt 0.316250 0.418333
vt 0.318033 0.413257
vt 0.616670 0.908233
vt 0.616553 0.901971
vt 0.620359 0.902480
vt 0.625682 0.895162
vt 0.631230 0.895231
vt 0.635527 0.895465
vt 0.047065 0.253194
vt 0.045868 0.247800
vt 0.045045 0.242298
vt 0.044833 0.238185
vt 0.904797 0.244839
vt 0.899235 0.244718
vt 0.893479 0.244794
vt 0.308593 0.426497
vt 0.309943 0.422346
vt 0.311157 0.416835
vt 0.311919 0.411459
vt 0.616513 0.895540
vt 0.620315 0.895274
vt 0.625728 0.887766
vt 0.631274 0.888114
vt 0.635566 0.889114
vt 0.040711 0.253738
vt 0.040575 0.248253
vt 0.040836 0.242659
vt 0.041435 0.238476
vt 0.904817 0.248235
vt 0.899255 0.247813
vt 0.893501 0.248190
vt 0.889196 0.249250
vt 0.889170 0.245043
vt 0.305742 0.421977
vt 0.305874 0.416370
vt 0.305577 0.410900
vt 0.304935 0.406972
vt 0.312043 0.407598
vt 0.620360 0.888157
vt 0.625865 0.880747
vt 0.631405 0.881360
vt 0.635683 0.883087
vt 0.034374 0.253020
vt 0.035297 0.247655
vt 0.036638 0.242183
vt 0.038046 0.238092
vt 0.904880 0.251458
vt 0.899312 0.250750
vt 0.893563 0.251414
vt 0.305202 0.426199
vt 0.301818 0.426575
vt 0.301551 0.422442
vt 0.300605 0.416955
vt 0.299250 0.411603
vt 0.297846 0.407759
vt 0.620490 0.881403
vt 0.626085 0.874375
vt 0.631619 0.875229
vt 0.034097 0.256901
vt 0.027288 0.254714
vt 0.028298 0.251069
vt 0.030236 0.246029
vt 0.032613 0.240891
vt 0.034797 0.237049
vt 0.904982 0.254384
vt 0.899404 0.253416
vt 0.893664 0.254340
vt 0.298574 0.427610
vt 0.297531 0.423725
vt 0.295551 0.418569
vt 0.293182 0.413540
vt 0.291047 0.409931
vt 0.620702 0.875272
vt 0.626383 0.868894
vt 0.631905 0.869954
vt 0.021032 0.251228
vt 0.022716 0.247959
vt 0.025587 0.243439
vt 0.028915 0.238831
vt 0.031812 0.235386
vt 0.905119 0.256901
vt 0.899529 0.255710
vt 0.893801 0.256857
vt 0.295592 0.429266
vt 0.293837 0.425776
vt 0.290906 0.421149
vt 0.287607 0.416637
vt 0.284798 0.413401
vt 0.620988 0.869997
vt 0.502986 0.761904
vt 0.502687 0.756494
vt 0.508206 0.755583
vt 0.508494 0.760788
vt 0.015572 0.246579
vt 0.017844 0.243810
vt 0.021527 0.239983
vt 0.025687 0.236083
vt 0.029206 0.233167
vt 0.886489 0.768701
vt 0.886355 0.771185
vt 0.880756 0.772133
vt 0.880878 0.769869
vt 0.875031 0.771156
vt 0.875165 0.768672
vt 0.292987 0.431479
vt 0.290611 0.428517
vt 0.286849 0.424595
vt 0.282737 0.420775
vt 0.279341 0.418038
vt 0.497571 0.760830
vt 0.497283 0.755624
vt 0.502447 0.750177
vt 0.507975 0.749504
vt 0.512208 0.747696
vt 0.512414 0.753121
vt 0.013867 0.238781
vt 0.018214 0.235795
vt 0.023052 0.232751
vt 0.027078 0.230478
vt 0.886249 0.774086
vt 0.880659 0.774777
vt 0.874923 0.774057
vt 0.290860 0.434163
vt 0.287977 0.431843
vt 0.283537 0.428775
vt 0.278761 0.425794
vt 0.274884 0.423663
vt 0.497052 0.749546
vt 0.502274 0.743195
vt 0.507809 0.742785
vt 0.512060 0.741701
vt 0.010940 0.233066
vt 0.015775 0.231034
vt 0.021112 0.228966
vt 0.025513 0.227422
vt 0.886173 0.777292
vt 0.880590 0.777698
vt 0.874849 0.777263
vt 0.870585 0.776121
vt 0.870679 0.772150
vt 0.286035 0.435624
vt 0.281095 0.433530
vt 0.275831 0.431502
vt 0.271600 0.430060
vt 0.496885 0.742827
vt 0.502176 0.735816
vt 0.507715 0.735685
vt 0.511975 0.735365
vt 0.009172 0.226884
vt 0.014304 0.225885
vt 0.019943 0.224870
vt 0.024569 0.224115
vt 0.886131 0.780681
vt 0.880553 0.780786
vt 0.874809 0.780652
vt 0.870535 0.780319
vt 0.284862 0.439717
vt 0.279619 0.438676
vt 0.274059 0.437680
vt 0.269615 0.436983
vt 0.496790 0.735726
vt 0.502156 0.728399
vt 0.507698 0.728541
vt 0.511962 0.728972
vt 0.008641 0.220512
vt 0.013870 0.220547
vt 0.019601 0.220585
vt 0.024288 0.220618
vt 0.886117 0.784189
vt 0.880549 0.784002
vt 0.874814 0.784160
vt 0.870537 0.784617
vt 0.284513 0.444001
vt 0.279179 0.444013
vt 0.273520 0.444050
vt 0.269006 0.444101
vt 0.496769 0.728583
vt 0.502325 0.678645
vt 0.507859 0.679063
vt 0.512115 0.680253
vt 0.009919 0.171383
vt 0.015023 0.172485
vt 0.020638 0.173614
vt 0.025256 0.174464
vt 0.886331 0.829982
vt 0.880743 0.829495
vt 0.874993 0.829953
vt 0.870726 0.831215
vt 0.285488 0.490973
vt 0.280263 0.492075
vt 0.274727 0.493181
vt 0.270303 0.494004
vt 0.496941 0.679105
vt 0.502461 0.671714
vt 0.507994 0.672400
vt 0.512236 0.674325
vt 0.011869 0.165213
vt 0.016648 0.167376
vt 0.021926 0.169590
vt 0.026283 0.171254
vt 0.886389 0.833065
vt 0.880802 0.832287
vt 0.875065 0.833036
vt 0.870814 0.835080
vt 0.286766 0.495000
vt 0.281879 0.497188
vt 0.276665 0.499355
vt 0.272472 0.500943
vt 0.497070 0.672442
vt 0.502668 0.665574
vt 0.508193 0.666491
vt 0.512414 0.669052
vt 0.014952 0.159580
vt 0.019217 0.162684
vt 0.023969 0.165859
vt 0.027930 0.168241
vt 0.886489 0.835885
vt 0.880892 0.834856
vt 0.875163 0.835856
vt 0.289985 0.493384
vt 0.291626 0.496400
vt 0.288800 0.498735
vt 0.284437 0.501886
vt 0.279735 0.504995
vt 0.275913 0.507264
vt 0.497269 0.666533
vt 0.947526 0.406972
vt 0.947191 0.413051
vt 0.941803 0.413719
vt 0.942125 0.407870
vt 0.012261 0.157342
vt 0.016870 0.151832
vt 0.019065 0.154662
vt 0.022642 0.158588
vt 0.026694 0.162601
vt 0.030131 0.165612
vt 0.908881 0.636341
vt 0.908745 0.633548
vt 0.914486 0.632743
vt 0.914610 0.635287
vt 0.920064 0.633503
vt 0.920201 0.636296
vt 0.293819 0.499035
vt 0.291515 0.502000
vt 0.287851 0.505990
vt 0.283834 0.509922
vt 0.280506 0.512786
vt 0.953043 0.407981
vt 0.952719 0.413830
vt 0.946928 0.419867
vt 0.941550 0.420278
vt 0.022456 0.147333
vt 0.024049 0.150647
vt 0.026795 0.155244
vt 0.029996 0.159942
vt 0.032797 0.163465
vt 0.908644 0.630417
vt 0.914393 0.629890
vt 0.919962 0.630372
vt 0.296477 0.501187
vt 0.294808 0.504667
vt 0.291991 0.509343
vt 0.288803 0.513948
vt 0.286075 0.517297
vt 0.952466 0.420389
vt 0.946746 0.427159
vt 0.941375 0.427296
vt 0.937567 0.427782
vt 0.937723 0.421519
vt 0.029714 0.147691
vt 0.031514 0.152782
vt 0.033749 0.157984
vt 0.035826 0.161885
vt 0.908582 0.627067
vt 0.914337 0.626838
vt 0.919900 0.627023
vt 0.299498 0.502775
vt 0.298552 0.506633
vt 0.296698 0.511816
vt 0.294454 0.516917
vt 0.292409 0.520624
vt 0.952291 0.427408
vt 0.946654 0.434648
vt 0.941286 0.434501
vt 0.937487 0.434212
vt 0.035841 0.145908
vt 0.036617 0.151297
vt 0.037808 0.156803
vt 0.904278 0.627640
vt 0.904252 0.623380
vt 0.908561 0.623629
vt 0.914317 0.623705
vt 0.919878 0.623584
vt 0.302767 0.503737
vt 0.302602 0.507823
vt 0.301790 0.513313
vt 0.300568 0.518715
vt 0.956579 0.427976
vt 0.956500 0.434406
vt 0.952202 0.434613
vt 0.946653 0.442043
vt 0.941286 0.441619
vt 0.035670 0.142022
vt 0.042791 0.141412
vt 0.042196 0.145364
vt 0.041910 0.150844
vt 0.042017 0.156442
vt 0.904278 0.619173
vt 0.908583 0.620232
vt 0.914337 0.620610
vt 0.919899 0.620188
vt 0.306159 0.504035
vt 0.306803 0.508194
vt 0.307073 0.513778
vt 0.306910 0.519273
vt 0.956500 0.440756
vt 0.952202 0.441730
vt 0.946746 0.449063
vt 0.941375 0.448374
vt 0.049893 0.142216
vt 0.048532 0.146082
vt 0.047188 0.151442
vt 0.046215 0.156918
vt 0.045890 0.161024
vt 0.042501 0.160640
vt 0.908645 0.617009
vt 0.914394 0.617673
vt 0.919962 0.616964
vt 0.309543 0.503659
vt 0.310994 0.507728
vt 0.312343 0.513193
vt 0.313237 0.518570
vt 0.956579 0.446784
vt 0.952291 0.448485
vt 0.946927 0.455437
vt 0.941550 0.454506
vt 0.056701 0.144403
vt 0.054609 0.148032
vt 0.052249 0.153066
vt 0.050240 0.158210
vt 0.049139 0.162067
vt 0.908746 0.614083
vt 0.914486 0.615007
vt 0.920064 0.614038
vt 0.312788 0.502624
vt 0.315014 0.506445
vt 0.317397 0.511580
vt 0.319305 0.516634
vt 0.320256 0.520306
vt 0.313456 0.522477
vt 0.952466 0.454617
vt 0.947190 0.460919
vt 0.941803 0.459783
vt 0.062957 0.147888
vt 0.060191 0.151142
vt 0.056899 0.155657
vt 0.053938 0.160270
vt 0.052124 0.163730
vt 0.908882 0.611566
vt 0.914611 0.612713
vt 0.920201 0.611522
vt 0.315769 0.500967
vt 0.318708 0.504394
vt 0.322041 0.509000
vt 0.324881 0.513537
vt 0.326505 0.516836
vt 0.952718 0.459894
vt 0.796384 0.008641
vt 0.796085 0.014051
vt 0.790681 0.014920
vt 0.790969 0.009715
vt 0.068417 0.152537
vt 0.065064 0.155292
vt 0.060958 0.159113
vt 0.057166 0.163018
vt 0.054730 0.165949
vt 0.554494 0.851611
vt 0.554359 0.849127
vt 0.560085 0.848150
vt 0.560207 0.850414
vt 0.565684 0.849098
vt 0.565818 0.851582
vt 0.318374 0.498755
vt 0.321934 0.501653
vt 0.326098 0.505554
vt 0.329751 0.509399
vt 0.331962 0.512199
vt 0.801890 0.009757
vt 0.801603 0.014962
vt 0.795844 0.020368
vt 0.790449 0.020999
vt 0.072874 0.158173
vt 0.069039 0.160321
vt 0.064270 0.163302
vt 0.059801 0.166350
vt 0.056857 0.168638
vt 0.554252 0.846226
vt 0.559988 0.845506
vt 0.565578 0.846197
vt 0.320501 0.496071
vt 0.324568 0.498327
vt 0.329411 0.501373
vt 0.333726 0.504379
vt 0.805811 0.017424
vt 0.805605 0.022849
vt 0.801372 0.021040
vt 0.795672 0.027350
vt 0.790283 0.027718
vt 0.076155 0.164578
vt 0.071967 0.166036
vt 0.066709 0.168062
vt 0.061741 0.170136
vt 0.550008 0.848133
vt 0.549915 0.844161
vt 0.554177 0.843020
vt 0.559919 0.842585
vt 0.565503 0.842991
vt 0.322068 0.493018
vt 0.326511 0.494546
vt 0.331852 0.496618
vt 0.336656 0.498671
vt 0.805457 0.028844
vt 0.801207 0.027760
vt 0.795573 0.034801
vt 0.790190 0.034883
vt 0.078147 0.171570
vt 0.073748 0.172257
vt 0.068193 0.173214
vt 0.062917 0.174193
vt 0.549857 0.840001
vt 0.554129 0.839701
vt 0.559883 0.839580
vt 0.565470 0.839672
vt 0.323010 0.489783
vt 0.327692 0.490492
vt 0.333340 0.491470
vt 0.338441 0.492454
vt 0.805368 0.035220
vt 0.801109 0.034925
vt 0.588501 0.740162
vt 0.588599 0.747545
vt 0.583366 0.747264
vt 0.583270 0.740153
vt 0.425427 0.612112
vt 0.424626 0.619166
vt 0.420546 0.617885
vt 0.421257 0.611572
vt 0.415110 0.616594
vt 0.415695 0.611305
vt 0.409718 0.615635
vt 0.410182 0.611390
vt 0.042976 0.789862
vt 0.043028 0.785579
vt 0.047640 0.786376
vt 0.047601 0.789872
vt 0.053473 0.786676
vt 0.053428 0.789879
vt 0.058860 0.786386
vt 0.058802 0.789882
vt 0.545154 0.614817
vt 0.545438 0.618294
vt 0.541095 0.619501
vt 0.540751 0.615243
vt 0.535526 0.620636
vt 0.535088 0.615333
vt 0.530232 0.621402
vt 0.529696 0.615072
vt 0.598667 0.740128
vt 0.598747 0.746491
vt 0.594209 0.747264
vt 0.594117 0.740153
vt 0.588890 0.754716
vt 0.583646 0.754164
vt 0.422441 0.626001
vt 0.418596 0.623984
vt 0.413486 0.621675
vt 0.408425 0.619675
vt 0.043209 0.781493
vt 0.047786 0.783077
vt 0.053606 0.783670
vt 0.059006 0.783087
vt 0.546389 0.621583
vt 0.542275 0.623576
vt 0.537008 0.625759
vt 0.532012 0.627553
vt 0.598997 0.752648
vt 0.594488 0.754164
vt 0.589361 0.761324
vt 0.584100 0.760523
vt 0.418959 0.632289
vt 0.415489 0.629595
vt 0.410898 0.626348
vt 0.406367 0.623392
vt 0.043503 0.777722
vt 0.048023 0.780033
vt 0.053822 0.780896
vt 0.059243 0.780043
vt 0.547967 0.624629
vt 0.544230 0.627349
vt 0.539465 0.630504
vt 0.534961 0.633248
vt 0.599401 0.758323
vt 0.594941 0.760523
vt 0.589996 0.767116
vt 0.584711 0.766097
vt 0.414315 0.637789
vt 0.411346 0.634503
vt 0.407445 0.630436
vt 0.403621 0.626643
vt 0.083097 0.974524
vt 0.082324 0.971606
vt 0.087074 0.968881
vt 0.087697 0.971237
vt 0.048342 0.777360
vt 0.054113 0.778460
vt 0.059561 0.777370
vt 0.550110 0.627314
vt 0.546884 0.630675
vt 0.542803 0.634686
vt 0.538966 0.638269
vt 0.305015 0.867491
vt 0.303848 0.871895
vt 0.299142 0.869322
vt 0.300450 0.864386
vt 0.595552 0.766097
vt 0.293570 0.868419
vt 0.292502 0.874515
vt 0.287542 0.875280
vt 0.288569 0.869413
vt 0.408686 0.642288
vt 0.406322 0.638518
vt 0.403261 0.633780
vt 0.400293 0.629303
vt 0.081717 0.968138
vt 0.086584 0.966081
vt 0.092417 0.965351
vt 0.092863 0.967902
vt 0.097545 0.966175
vt 0.098035 0.968975
vt 0.552735 0.629535
vt 0.550136 0.633427
vt 0.546892 0.638145
vt 0.543876 0.642423
vt 0.302931 0.877131
vt 0.298114 0.875189
vt 0.291767 0.881344
vt 0.286834 0.881852
vt 0.402289 0.645616
vt 0.400614 0.641487
vt 0.398507 0.636253
vt 0.396512 0.631269
vt 0.081298 0.964253
vt 0.086246 0.962945
vt 0.092109 0.962493
vt 0.097207 0.963040
vt 0.555742 0.631207
vt 0.553862 0.635498
vt 0.551576 0.640749
vt 0.549499 0.645549
vt 0.302299 0.882994
vt 0.297406 0.881761
vt 0.291392 0.888644
vt 0.286474 0.888876
vt 0.395371 0.647643
vt 0.394440 0.643295
vt 0.393364 0.637760
vt 0.392422 0.632467
vt 0.081085 0.960100
vt 0.086074 0.959593
vt 0.091952 0.959439
vt 0.097034 0.959688
vt 0.559016 0.632265
vt 0.557917 0.636809
vt 0.556675 0.642398
vt 0.555620 0.647529
vt 0.301977 0.889262
vt 0.297044 0.888785
vt 0.291392 0.896133
vt 0.286474 0.896083
vt 0.388195 0.648291
vt 0.388038 0.643874
vt 0.388031 0.638242
vt 0.388180 0.632850
vt 0.081085 0.955840
vt 0.086075 0.956154
vt 0.091952 0.956305
vt 0.097034 0.956248
vt 0.562430 0.632670
vt 0.562146 0.637309
vt 0.561992 0.643028
vt 0.562004 0.648285
vt 0.301977 0.895693
vt 0.297044 0.895992
vt 0.291767 0.903525
vt 0.286835 0.903195
vt 0.381040 0.647536
vt 0.381652 0.643200
vt 0.382712 0.637680
vt 0.383950 0.632404
vt 0.081299 0.951636
vt 0.086247 0.952760
vt 0.092109 0.953212
vt 0.097207 0.952854
vt 0.565854 0.632405
vt 0.566387 0.636981
vt 0.567325 0.642615
vt 0.568406 0.647789
vt 0.302299 0.902040
vt 0.297405 0.903104
vt 0.292502 0.910534
vt 0.287542 0.909939
vt 0.374179 0.645406
vt 0.375530 0.641299
vt 0.377612 0.636097
vt 0.379894 0.631145
vt 0.081717 0.947649
vt 0.086584 0.949542
vt 0.092417 0.950280
vt 0.097545 0.949636
vt 0.569154 0.631480
vt 0.570476 0.635836
vt 0.572466 0.641175
vt 0.574579 0.646060
vt 0.302931 0.908059
vt 0.298114 0.909848
vt 0.293570 0.916891
vt 0.288569 0.916057
vt 0.367876 0.641984
vt 0.369906 0.638246
vt 0.372928 0.633554
vt 0.376168 0.629122
vt 0.082324 0.944032
vt 0.087074 0.946622
vt 0.092863 0.947619
vt 0.098035 0.946716
vt 0.572207 0.629931
vt 0.574258 0.633918
vt 0.577220 0.638762
vt 0.580286 0.643164
vt 0.303848 0.913518
vt 0.299142 0.915966
vt 0.745706 0.508475
vt 0.744826 0.503762
vt 0.750379 0.502702
vt 0.751225 0.507237
vt 0.362374 0.637401
vt 0.364996 0.634156
vt 0.368837 0.630148
vt 0.372916 0.626414
vt 0.083097 0.940926
vt 0.087698 0.944114
vt 0.093432 0.945334
vt 0.159985 0.783963
vt 0.159661 0.785952
vt 0.153895 0.784850
vt 0.154250 0.782667
vt 0.574892 0.627818
vt 0.577584 0.631300
vt 0.581404 0.635472
vt 0.585308 0.639212
vt 0.305015 0.918207
vt 0.300450 0.921221
vt 0.294929 0.922353
vt 0.744091 0.498004
vt 0.749672 0.497161
vt 0.357883 0.631833
vt 0.360989 0.629188
vt 0.365499 0.626010
vt 0.370261 0.623122
vt 0.373985 0.621323
vt 0.376128 0.623979
vt 0.165134 0.784850
vt 0.164843 0.787510
vt 0.159396 0.788376
vt 0.153603 0.787510
vt 0.577109 0.625222
vt 0.580329 0.628084
vt 0.584855 0.631428
vt 0.589451 0.634357
vt 0.592934 0.636130
vt 0.588290 0.641570
vt 0.739557 0.502769
vt 0.738850 0.497228
vt 0.743528 0.491421
vt 0.749130 0.490827
vt 0.753666 0.489260
vt 0.754149 0.494913
vt 0.358039 0.623532
vt 0.363042 0.621298
vt 0.368306 0.619376
vt 0.372407 0.618298
vt 0.164626 0.790545
vt 0.159199 0.791141
vt 0.153387 0.790545
vt 0.578769 0.622242
vt 0.582388 0.624393
vt 0.587443 0.626786
vt 0.592557 0.628785
vt 0.596415 0.629885
vt 0.738308 0.490894
vt 0.743160 0.484266
vt 0.748776 0.483941
vt 0.753349 0.483117
vt 0.356259 0.617405
vt 0.361559 0.616195
vt 0.367128 0.615317
vt 0.371457 0.615021
vt 0.164492 0.793838
vt 0.159077 0.794141
vt 0.153255 0.793838
vt 0.148686 0.793020
vt 0.148851 0.788940
vt 0.583679 0.620368
vt 0.589068 0.621726
vt 0.594507 0.622711
vt 0.598600 0.623078
vt 0.737953 0.484008
vt 0.743000 0.476889
vt 0.748625 0.476836
vt 0.753217 0.476758
vt 0.355724 0.611082
vt 0.361121 0.610898
vt 0.366782 0.611066
vt 0.371172 0.611551
vt 0.164438 0.797331
vt 0.159036 0.797343
vt 0.153220 0.797331
vt 0.148640 0.797300
vt 0.584143 0.616126
vt 0.589652 0.616444
vt 0.595218 0.616406
vt 0.599401 0.616033
vt 0.737798 0.476903
vt 0.742750 0.426689
vt 0.748367 0.426918
vt 0.752950 0.427613
vt 0.357011 0.562301
vt 0.362283 0.563176
vt 0.367830 0.564425
vt 0.372149 0.565722
vt 0.164501 0.843494
vt 0.159079 0.843202
vt 0.153248 0.843494
vt 0.148679 0.844280
vt 0.584392 0.569478
vt 0.589818 0.568708
vt 0.595288 0.567605
vt 0.599401 0.566463
vt 0.737551 0.426985
vt 0.743018 0.419430
vt 0.748628 0.419940
vt 0.753186 0.421404
vt 0.358976 0.556163
vt 0.363921 0.558094
vt 0.369126 0.560424
vt 0.373183 0.562530
vt 0.164626 0.846718
vt 0.159199 0.846121
vt 0.153387 0.846718
vt 0.148851 0.848322
vt 0.583208 0.565440
vt 0.588322 0.563582
vt 0.593494 0.561416
vt 0.597395 0.559507
vt 0.737806 0.420006
vt 0.743488 0.412797
vt 0.749079 0.413556
vt 0.753588 0.415708
vt 0.362083 0.550552
vt 0.366509 0.553420
vt 0.371185 0.556707
vt 0.374844 0.559529
vt 0.164843 0.849753
vt 0.159396 0.848886
vt 0.153603 0.849752
vt 0.149120 0.852081
vt 0.581253 0.561667
vt 0.585865 0.558838
vt 0.590545 0.555721
vt 0.594089 0.553123
vt 0.738258 0.413623
vt 0.744141 0.406972
vt 0.749707 0.407950
vt 0.754149 0.410705
vt 0.366227 0.545644
vt 0.369962 0.549333
vt 0.373930 0.553456
vt 0.377061 0.556905
vt 0.165134 0.852412
vt 0.159661 0.851310
vt 0.153895 0.852412
vt 0.943636 0.215947
vt 0.943013 0.218303
vt 0.938262 0.215577
vt 0.939036 0.212659
vt 0.578599 0.558341
vt 0.582528 0.554656
vt 0.586539 0.550699
vt 0.589599 0.547497
vt 0.738887 0.408017
vt 0.847602 0.984881
vt 0.846381 0.978814
vt 0.851974 0.977999
vt 0.853149 0.983838
vt 0.856739 0.975938
vt 0.857788 0.981148
vt 0.371249 0.541628
vt 0.374146 0.545988
vt 0.377258 0.550796
vt 0.379747 0.554758
vt 0.953974 0.218208
vt 0.953484 0.221008
vt 0.948355 0.221832
vt 0.948802 0.219281
vt 0.942523 0.221102
vt 0.937655 0.219045
vt 0.575347 0.555589
vt 0.578438 0.551196
vt 0.581631 0.546545
vt 0.584098 0.542842
vt 0.842578 0.984013
vt 0.841404 0.978175
vt 0.845474 0.972006
vt 0.851101 0.971447
vt 0.855961 0.970091
vt 0.376958 0.538659
vt 0.378901 0.543515
vt 0.381040 0.548829
vt 0.382800 0.553170
vt 0.953146 0.224144
vt 0.948048 0.224690
vt 0.942185 0.224239
vt 0.937237 0.222931
vt 0.571621 0.553518
vt 0.573754 0.548592
vt 0.576007 0.543419
vt 0.577796 0.539339
vt 0.840530 0.971622
vt 0.844915 0.964717
vt 0.850564 0.964434
vt 0.855482 0.963833
vt 0.383132 0.536851
vt 0.384043 0.542009
vt 0.385130 0.547632
vt 0.386101 0.552203
vt 0.952973 0.227496
vt 0.947891 0.227744
vt 0.942013 0.227590
vt 0.937024 0.227083
vt 0.567566 0.552208
vt 0.568655 0.546943
vt 0.569885 0.541440
vt 0.570936 0.537120
vt 0.839993 0.964610
vt 0.844726 0.957230
vt 0.850382 0.957230
vt 0.855320 0.957404
vt 0.389535 0.536273
vt 0.389376 0.541527
vt 0.389371 0.547248
vt 0.389526 0.551894
vt 0.952973 0.230935
vt 0.947891 0.230878
vt 0.942013 0.231029
vt 0.937024 0.231343
vt 0.563337 0.551706
vt 0.563338 0.546313
vt 0.563501 0.540684
vt 0.563782 0.536273
vt 0.839812 0.957405
vt 0.844915 0.949832
vt 0.850564 0.950110
vt 0.855482 0.951051
vt 0.395920 0.536947
vt 0.394695 0.542089
vt 0.393601 0.547696
vt 0.392941 0.552254
vt 0.953145 0.234330
vt 0.948048 0.233971
vt 0.942185 0.234424
vt 0.937237 0.235547
vt 0.559097 0.552035
vt 0.558006 0.546726
vt 0.557100 0.541180
vt 0.556608 0.536829
vt 0.839993 0.950286
vt 0.845474 0.942806
vt 0.851101 0.943351
vt 0.855961 0.945018
vt 0.402043 0.538846
vt 0.399795 0.543671
vt 0.397657 0.548953
vt 0.396215 0.553270
vt 0.953483 0.237548
vt 0.948355 0.236904
vt 0.942523 0.237642
vt 0.937655 0.239535
vt 0.555007 0.553180
vt 0.552864 0.548166
vt 0.550927 0.542908
vt 0.549691 0.538767
vt 0.840530 0.943526
vt 0.846381 0.936425
vt 0.851974 0.937208
vt 0.856740 0.939537
vt 0.407668 0.541899
vt 0.404479 0.546215
vt 0.401383 0.550976
vt 0.399222 0.554903
vt 0.953974 0.240467
vt 0.948802 0.239564
vt 0.943013 0.240562
vt 0.938262 0.243152
vt 0.551226 0.555098
vt 0.548110 0.550578
vt 0.545219 0.545804
vt 0.543295 0.542012
vt 0.841404 0.937384
vt 0.847602 0.930931
vt 0.853149 0.931922
vt 0.857788 0.934819
vt 0.412578 0.545990
vt 0.408570 0.549621
vt 0.404636 0.553685
vt 0.401848 0.557090
vt 0.048731 0.847087
vt 0.048342 0.844920
vt 0.054113 0.843817
vt 0.054467 0.845792
vt 0.949371 0.241850
vt 0.943637 0.243070
vt 0.939035 0.246258
vt 0.547899 0.557716
vt 0.543927 0.553870
vt 0.540197 0.549756
vt 0.537667 0.546440
vt 0.596295 0.666766
vt 0.595551 0.671340
vt 0.589996 0.670321
vt 0.590769 0.665568
vt 0.589361 0.676113
vt 0.584100 0.676914
vt 0.584712 0.671340
vt 0.415624 0.543716
vt 0.420114 0.549284
vt 0.416583 0.550958
vt 0.411908 0.553759
vt 0.407291 0.556976
vt 0.403992 0.559747
vt 0.048022 0.842274
vt 0.053822 0.841405
vt 0.059242 0.842284
vt 0.059561 0.844931
vt 0.551043 0.560239
vt 0.548826 0.562835
vt 0.545154 0.560932
vt 0.540475 0.557914
vt 0.536055 0.554611
vt 0.533024 0.551880
vt 0.594941 0.676914
vt 0.588890 0.682722
vt 0.583646 0.683273
vt 0.423420 0.555623
vt 0.419533 0.556614
vt 0.414365 0.558471
vt 0.409245 0.560723
vt 0.405569 0.562772
vt 0.047786 0.839249
vt 0.053606 0.838649
vt 0.059006 0.839259
vt 0.547165 0.565815
vt 0.543095 0.564623
vt 0.537887 0.562555
vt 0.532949 0.560183
vt 0.599401 0.679115
vt 0.598997 0.684789
vt 0.594488 0.683273
vt 0.588597 0.689965
vt 0.583368 0.690237
vt 0.425427 0.562553
vt 0.421328 0.562780
vt 0.415861 0.563576
vt 0.410431 0.564743
vt 0.043209 0.840873
vt 0.043021 0.836839
vt 0.047633 0.836032
vt 0.053475 0.835735
vt 0.058868 0.836042
vt 0.546131 0.568996
vt 0.541797 0.568610
vt 0.536250 0.567617
vt 0.530985 0.566296
vt 0.598741 0.690985
vt 0.594204 0.690237
vt 0.776906 0.612359
vt 0.776965 0.619602
vt 0.771578 0.619133
vt 0.771519 0.612157
vt 0.078147 0.088719
vt 0.077352 0.095819
vt 0.072973 0.094987
vt 0.073677 0.088632
vt 0.067449 0.093841
vt 0.068029 0.088518
vt 0.062210 0.092678
vt 0.062671 0.088404
vt 0.583444 0.793307
vt 0.583475 0.789106
vt 0.587741 0.790398
vt 0.587719 0.793827
vt 0.593484 0.790867
vt 0.593455 0.794009
vt 0.599066 0.790369
vt 0.599025 0.793798
vt 0.496212 0.310833
vt 0.495840 0.307344
vt 0.500491 0.306447
vt 0.500943 0.310723
vt 0.506106 0.305283
vt 0.506678 0.310608
vt 0.511180 0.304166
vt 0.511877 0.310522
vt 0.786713 0.611717
vt 0.786759 0.617961
vt 0.782503 0.619175
vt 0.782448 0.612199
vt 0.777101 0.626463
vt 0.771709 0.625735
vt 0.075183 0.102691
vt 0.071037 0.101118
vt 0.065837 0.098949
vt 0.060927 0.096740
vt 0.583557 0.785204
vt 0.587807 0.787247
vt 0.593545 0.787996
vt 0.599133 0.787219
vt 0.494812 0.304062
vt 0.499216 0.302383
vt 0.504504 0.300173
vt 0.509257 0.298030
vt 0.786876 0.623852
vt 0.782633 0.625777
vt 0.777308 0.632603
vt 0.771908 0.631644
vt 0.071728 0.109003
vt 0.067954 0.106751
vt 0.063269 0.103641
vt 0.058884 0.100471
vt 0.056005 0.098103
vt 0.057653 0.095091
vt 0.587906 0.784428
vt 0.593634 0.785428
vt 0.599231 0.784399
vt 0.493171 0.301046
vt 0.497181 0.298647
vt 0.501947 0.295475
vt 0.506187 0.292391
vt 0.787053 0.629125
vt 0.782831 0.631686
vt 0.236764 0.923643
vt 0.236467 0.917563
vt 0.242000 0.916817
vt 0.242287 0.922668
vt 0.067119 0.114514
vt 0.063842 0.111669
vt 0.059842 0.107737
vt 0.056159 0.103729
vt 0.053804 0.100733
vt 0.905506 0.095695
vt 0.905369 0.098489
vt 0.899791 0.099248
vt 0.899916 0.096704
vt 0.894051 0.098444
vt 0.894187 0.095651
vt 0.490978 0.298411
vt 0.494465 0.295383
vt 0.498532 0.291371
vt 0.502089 0.287463
vt 0.504232 0.284664
vt 0.508825 0.290185
vt 0.231369 0.922711
vt 0.231083 0.916860
vt 0.236246 0.910744
vt 0.241788 0.910256
vt 0.061533 0.119012
vt 0.058857 0.115683
vt 0.055690 0.111080
vt 0.052857 0.106388
vt 0.051138 0.102880
vt 0.905268 0.101619
vt 0.899699 0.102101
vt 0.893950 0.101575
vt 0.488320 0.296258
vt 0.491173 0.292716
vt 0.494392 0.288018
vt 0.497118 0.283438
vt 0.498662 0.280152
vt 0.230871 0.910299
vt 0.236110 0.903451
vt 0.241656 0.903237
vt 0.245948 0.902696
vt 0.246064 0.908959
vt 0.053192 0.118639
vt 0.050972 0.113542
vt 0.049104 0.108346
vt 0.048109 0.104461
vt 0.905206 0.104968
vt 0.899642 0.105153
vt 0.893887 0.104924
vt 0.485298 0.294671
vt 0.487429 0.290749
vt 0.489685 0.285545
vt 0.491468 0.280469
vt 0.227051 0.909034
vt 0.226934 0.902771
vt 0.230740 0.903280
vt 0.236064 0.895962
vt 0.241611 0.896032
vt 0.245908 0.896266
vt 0.047065 0.120423
vt 0.045868 0.115028
vt 0.045045 0.109527
vt 0.044833 0.105414
vt 0.905184 0.108407
vt 0.899623 0.108287
vt 0.893867 0.108363
vt 0.482029 0.293709
vt 0.483379 0.289558
vt 0.484593 0.284047
vt 0.485354 0.278671
vt 0.226895 0.896341
vt 0.230696 0.896075
vt 0.236110 0.888567
vt 0.241655 0.888915
vt 0.245948 0.889915
vt 0.040711 0.120967
vt 0.040575 0.115481
vt 0.040836 0.109888
vt 0.041435 0.105705
vt 0.905205 0.111803
vt 0.899642 0.111382
vt 0.893889 0.111759
vt 0.889584 0.112818
vt 0.889557 0.108612
vt 0.479178 0.289189
vt 0.479310 0.283582
vt 0.479012 0.278112
vt 0.478371 0.274184
vt 0.485478 0.274810
vt 0.230741 0.888958
vt 0.236246 0.881548
vt 0.241786 0.882160
vt 0.246064 0.883888
vt 0.034374 0.120249
vt 0.035297 0.114884
vt 0.036638 0.109412
vt 0.038046 0.105321
vt 0.905268 0.115027
vt 0.899699 0.114319
vt 0.893951 0.114982
vt 0.478637 0.293411
vt 0.475254 0.293787
vt 0.474987 0.289654
vt 0.474040 0.284167
vt 0.472686 0.278815
vt 0.471281 0.274971
vt 0.230872 0.882204
vt 0.236467 0.875175
vt 0.242000 0.876029
vt 0.034097 0.124130
vt 0.027288 0.121943
vt 0.028298 0.118298
vt 0.030236 0.113258
vt 0.032613 0.108120
vt 0.034797 0.104278
vt 0.905370 0.117953
vt 0.899792 0.116985
vt 0.894052 0.117908
vt 0.472009 0.294822
vt 0.470967 0.290937
vt 0.468986 0.285781
vt 0.466618 0.280752
vt 0.464482 0.277143
vt 0.231083 0.876072
vt 0.236764 0.869695
vt 0.242287 0.870755
vt 0.021032 0.118457
vt 0.022716 0.115188
vt 0.025587 0.110668
vt 0.028915 0.106060
vt 0.031812 0.102615
vt 0.905506 0.120470
vt 0.899916 0.119279
vt 0.894189 0.120425
vt 0.469027 0.296479
vt 0.467273 0.292988
vt 0.464342 0.288361
vt 0.461042 0.283849
vt 0.458233 0.280613
vt 0.231369 0.870798
vt 0.361941 0.761904
vt 0.361642 0.756494
vt 0.367161 0.755583
vt 0.367448 0.760788
vt 0.015572 0.113808
vt 0.017844 0.111039
vt 0.021527 0.107212
vt 0.025687 0.103312
vt 0.029206 0.100396
vt 0.886505 0.141458
vt 0.886371 0.143942
vt 0.880772 0.144890
vt 0.880894 0.142627
vt 0.875047 0.143913
vt 0.875181 0.141429
vt 0.466423 0.298691
vt 0.464047 0.295729
vt 0.460285 0.291807
vt 0.456172 0.287987
vt 0.452776 0.285250
vt 0.356525 0.760830
vt 0.356238 0.755624
vt 0.361401 0.750177
vt 0.366930 0.749504
vt 0.371162 0.747696
vt 0.371369 0.753121
vt 0.013867 0.106010
vt 0.018214 0.103024
vt 0.023052 0.099980
vt 0.027078 0.097707
vt 0.886265 0.146843
vt 0.880675 0.147534
vt 0.874940 0.146814
vt 0.464296 0.301375
vt 0.461412 0.299055
vt 0.456972 0.295987
vt 0.452197 0.293006
vt 0.448320 0.290875
vt 0.356006 0.749546
vt 0.361229 0.743195
vt 0.366764 0.742785
vt 0.371014 0.741701
vt 0.010940 0.100295
vt 0.015775 0.098263
vt 0.021112 0.096195
vt 0.025513 0.094651
vt 0.886189 0.150050
vt 0.880606 0.150456
vt 0.874865 0.150021
vt 0.870602 0.148879
vt 0.870695 0.144907
vt 0.459471 0.302836
vt 0.454531 0.300742
vt 0.449266 0.298714
vt 0.445036 0.297272
vt 0.355840 0.742827
vt 0.361131 0.735816
vt 0.366670 0.735684
vt 0.370930 0.735365
vt 0.009172 0.094113
vt 0.014304 0.093114
vt 0.019943 0.092099
vt 0.024569 0.091344
vt 0.886147 0.153438
vt 0.880569 0.153543
vt 0.874826 0.153409
vt 0.870552 0.153076
vt 0.458298 0.306929
vt 0.453055 0.305888
vt 0.447494 0.304892
vt 0.443050 0.304195
vt 0.355745 0.735726
vt 0.361110 0.728399
vt 0.366653 0.728541
vt 0.370917 0.728972
vt 0.008641 0.087741
vt 0.013870 0.087776
vt 0.019601 0.087814
vt 0.024288 0.087847
vt 0.886133 0.156947
vt 0.880565 0.156759
vt 0.874831 0.156918
vt 0.870554 0.157374
vt 0.457948 0.311213
vt 0.452614 0.311225
vt 0.446956 0.311262
vt 0.442441 0.311313
vt 0.355724 0.728583
vt 0.361280 0.678645
vt 0.366814 0.679063
vt 0.371069 0.680253
vt 0.009919 0.038612
vt 0.015023 0.039714
vt 0.020638 0.040843
vt 0.025256 0.041693
vt 0.886347 0.202740
vt 0.880759 0.202253
vt 0.875009 0.202711
vt 0.870742 0.203973
vt 0.458924 0.358185
vt 0.453699 0.359287
vt 0.448163 0.360393
vt 0.443738 0.361216
vt 0.355896 0.679105
vt 0.361416 0.671714
vt 0.366948 0.672400
vt 0.371191 0.674325
vt 0.011869 0.032442
vt 0.016648 0.034605
vt 0.021926 0.036819
vt 0.026283 0.038483
vt 0.886406 0.205823
vt 0.880818 0.205045
vt 0.875082 0.205793
vt 0.870831 0.207837
vt 0.460201 0.362212
vt 0.455314 0.364400
vt 0.450101 0.366567
vt 0.445907 0.368155
vt 0.356024 0.672442
vt 0.361623 0.665574
vt 0.367147 0.666491
vt 0.371369 0.669052
vt 0.014952 0.026809
vt 0.019217 0.029913
vt 0.023969 0.033088
vt 0.027930 0.035470
vt 0.886505 0.208643
vt 0.880908 0.207614
vt 0.875180 0.208613
vt 0.463421 0.360596
vt 0.465062 0.363612
vt 0.462235 0.365947
vt 0.457872 0.369098
vt 0.453171 0.372207
vt 0.449348 0.374476
vt 0.356224 0.666532
vt 0.950114 0.536273
vt 0.949779 0.542352
vt 0.944391 0.543020
vt 0.944713 0.537171
vt 0.012261 0.024571
vt 0.016870 0.019060
vt 0.019065 0.021890
vt 0.022642 0.025817
vt 0.026694 0.029830
vt 0.030131 0.032841
vt 0.326926 0.970893
vt 0.326790 0.968100
vt 0.332531 0.967296
vt 0.332655 0.969840
vt 0.338109 0.968055
vt 0.338246 0.970848
vt 0.467254 0.366247
vt 0.464951 0.369212
vt 0.461287 0.373202
vt 0.457269 0.377135
vt 0.453942 0.379998
vt 0.955630 0.537282
vt 0.955307 0.543131
vt 0.949515 0.549168
vt 0.944138 0.549579
vt 0.022456 0.014562
vt 0.024049 0.017876
vt 0.026795 0.022473
vt 0.029996 0.027171
vt 0.032797 0.030694
vt 0.326689 0.964969
vt 0.332438 0.964442
vt 0.338007 0.964924
vt 0.469912 0.368399
vt 0.468243 0.371879
vt 0.465427 0.376555
vt 0.462239 0.381160
vt 0.459511 0.384509
vt 0.955054 0.549690
vt 0.949334 0.556460
vt 0.943963 0.556597
vt 0.940155 0.557083
vt 0.940311 0.550821
vt 0.029714 0.014920
vt 0.031514 0.020011
vt 0.033749 0.025213
vt 0.035826 0.029113
vt 0.326627 0.961619
vt 0.332381 0.961390
vt 0.337944 0.961575
vt 0.472934 0.369987
vt 0.471987 0.373845
vt 0.470134 0.379028
vt 0.467890 0.384129
vt 0.465844 0.387836
vt 0.954879 0.556709
vt 0.949241 0.563949
vt 0.943874 0.563803
vt 0.940075 0.563513
vt 0.035841 0.013137
vt 0.036617 0.018526
vt 0.037808 0.024032
vt 0.322323 0.962192
vt 0.322297 0.957932
vt 0.326606 0.958181
vt 0.332362 0.958257
vt 0.337923 0.958137
vt 0.476203 0.370949
vt 0.476037 0.375035
vt 0.475226 0.380525
vt 0.474004 0.385927
vt 0.959167 0.557277
vt 0.959088 0.563707
vt 0.954790 0.563914
vt 0.949241 0.571345
vt 0.943874 0.570920
vt 0.035670 0.009251
vt 0.042791 0.008641
vt 0.042196 0.012593
vt 0.041910 0.018073
vt 0.042017 0.023671
vt 0.322323 0.953725
vt 0.326627 0.954785
vt 0.332381 0.955162
vt 0.337944 0.954740
vt 0.479595 0.371247
vt 0.480239 0.375406
vt 0.480509 0.380990
vt 0.480346 0.386485
vt 0.959088 0.570058
vt 0.954790 0.571031
vt 0.949334 0.578364
vt 0.943963 0.577675
vt 0.049893 0.009445
vt 0.048532 0.013311
vt 0.047188 0.018670
vt 0.046215 0.024147
vt 0.045890 0.028252
vt 0.042501 0.027869
vt 0.326690 0.951561
vt 0.332438 0.952225
vt 0.338007 0.951517
vt 0.482978 0.370871
vt 0.484429 0.374940
vt 0.485778 0.380405
vt 0.486672 0.385782
vt 0.959167 0.576085
vt 0.954879 0.577786
vt 0.949515 0.584738
vt 0.944138 0.583807
vt 0.056701 0.011632
vt 0.054609 0.015261
vt 0.052249 0.020295
vt 0.050240 0.025439
vt 0.049139 0.029296
vt 0.326791 0.948635
vt 0.332531 0.949559
vt 0.338109 0.948591
vt 0.486223 0.369836
vt 0.488449 0.373657
vt 0.490832 0.378792
vt 0.492740 0.383846
vt 0.493691 0.387518
vt 0.486892 0.389689
vt 0.955053 0.583918
vt 0.949778 0.590220
vt 0.944391 0.589084
vt 0.062957 0.015117
vt 0.060191 0.018371
vt 0.056899 0.022886
vt 0.053938 0.027499
vt 0.052124 0.030959
vt 0.326927 0.946119
vt 0.332656 0.947265
vt 0.338246 0.946074
vt 0.489205 0.368179
vt 0.492144 0.371606
vt 0.495477 0.376212
vt 0.498316 0.380749
vt 0.499941 0.384048
vt 0.955306 0.589195
vt 0.777625 0.536273
vt 0.777327 0.541682
vt 0.771923 0.542552
vt 0.772211 0.537347
vt 0.068417 0.019766
vt 0.065064 0.022520
vt 0.060958 0.026342
vt 0.057166 0.030247
vt 0.054730 0.033178
vt 0.587907 0.851611
vt 0.587772 0.849127
vt 0.593498 0.848150
vt 0.593620 0.850414
vt 0.599097 0.849098
vt 0.599231 0.851582
vt 0.491809 0.365967
vt 0.495370 0.368865
vt 0.499534 0.372766
vt 0.503187 0.376611
vt 0.505397 0.379411
vt 0.783132 0.537389
vt 0.782845 0.542593
vt 0.777086 0.547999
vt 0.771691 0.548630
vt 0.072874 0.025401
vt 0.069039 0.027550
vt 0.064270 0.030531
vt 0.059801 0.033579
vt 0.056857 0.035866
vt 0.587665 0.846226
vt 0.593401 0.845506
vt 0.598991 0.846197
vt 0.493937 0.363283
vt 0.498004 0.365539
vt 0.502846 0.368585
vt 0.507162 0.371591
vt 0.787053 0.545056
vt 0.786847 0.550481
vt 0.782614 0.548672
vt 0.776914 0.554981
vt 0.771524 0.555349
vt 0.076155 0.031807
vt 0.071967 0.033265
vt 0.066709 0.035291
vt 0.061741 0.037365
vt 0.583422 0.848132
vt 0.583328 0.844161
vt 0.587590 0.843020
vt 0.593332 0.842585
vt 0.598916 0.842991
vt 0.495504 0.360230
vt 0.499947 0.361759
vt 0.505287 0.363830
vt 0.510092 0.365883
vt 0.786699 0.556476
vt 0.782448 0.555391
vt 0.776815 0.562433
vt 0.771432 0.562514
vt 0.078147 0.038799
vt 0.073748 0.039486
vt 0.068193 0.040443
vt 0.062917 0.041422
vt 0.583270 0.840001
vt 0.587542 0.839701
vt 0.593296 0.839580
vt 0.598883 0.839672
vt 0.496445 0.356995
vt 0.501128 0.357704
vt 0.506776 0.358682
vt 0.511877 0.359666
vt 0.786610 0.562852
vt 0.782350 0.562556
vt 0.047753 0.733123
vt 0.047851 0.740506
vt 0.042618 0.740225
vt 0.042522 0.733114
vt 0.425427 0.482811
vt 0.424626 0.489865
vt 0.420546 0.488584
vt 0.421257 0.482270
vt 0.415110 0.487293
vt 0.415695 0.482004
vt 0.409718 0.486333
vt 0.410182 0.482088
vt 0.803425 0.781174
vt 0.803477 0.776892
vt 0.808089 0.777688
vt 0.808049 0.781184
vt 0.813922 0.777988
vt 0.813877 0.781191
vt 0.819308 0.777698
vt 0.819250 0.781194
vt 0.197875 0.618304
vt 0.198159 0.621780
vt 0.193816 0.622988
vt 0.193471 0.618730
vt 0.188246 0.624123
vt 0.187809 0.618820
vt 0.182952 0.624889
vt 0.182417 0.618559
vt 0.057919 0.733089
vt 0.057999 0.739452
vt 0.053461 0.740225
vt 0.053369 0.733114
vt 0.048141 0.747677
vt 0.042898 0.747125
vt 0.422441 0.496700
vt 0.418596 0.494683
vt 0.413486 0.492373
vt 0.408425 0.490374
vt 0.803658 0.772805
vt 0.808234 0.774389
vt 0.814055 0.774982
vt 0.819454 0.774399
vt 0.199110 0.625070
vt 0.194995 0.627063
vt 0.189728 0.629246
vt 0.184732 0.631040
vt 0.058248 0.745609
vt 0.053740 0.747125
vt 0.048613 0.754285
vt 0.043352 0.753484
vt 0.418959 0.502988
vt 0.415489 0.500293
vt 0.410898 0.497047
vt 0.406367 0.494090
vt 0.803952 0.769034
vt 0.808471 0.771345
vt 0.814271 0.772208
vt 0.819691 0.771355
vt 0.200687 0.628116
vt 0.196950 0.630835
vt 0.192186 0.633990
vt 0.187681 0.636735
vt 0.058653 0.751284
vt 0.054193 0.753484
vt 0.049247 0.760077
vt 0.043963 0.759058
vt 0.414315 0.508488
vt 0.411346 0.505201
vt 0.407445 0.501135
vt 0.403621 0.497342
vt 0.228906 0.974524
vt 0.228133 0.971606
vt 0.232883 0.968881
vt 0.233507 0.971237
vt 0.808791 0.768672
vt 0.814561 0.769772
vt 0.820010 0.768682
vt 0.202830 0.630801
vt 0.199605 0.634162
vt 0.195523 0.638172
vt 0.191687 0.641756
vt 0.061517 0.867474
vt 0.060350 0.871878
vt 0.055644 0.869306
vt 0.056952 0.864370
vt 0.054803 0.759058
vt 0.050072 0.868402
vt 0.049004 0.874499
vt 0.044044 0.875263
vt 0.045071 0.869397
vt 0.408686 0.512987
vt 0.406322 0.509217
vt 0.403261 0.504479
vt 0.400293 0.500001
vt 0.227526 0.968138
vt 0.232393 0.966081
vt 0.238226 0.965351
vt 0.238673 0.967902
vt 0.243354 0.966175
vt 0.243844 0.968975
vt 0.205456 0.633022
vt 0.202857 0.636913
vt 0.199612 0.641632
vt 0.196596 0.645909
vt 0.059433 0.877114
vt 0.054616 0.875172
vt 0.048269 0.881328
vt 0.043336 0.881835
vt 0.402289 0.516315
vt 0.400614 0.512186
vt 0.398507 0.506952
vt 0.396512 0.501968
vt 0.227108 0.964253
vt 0.232055 0.962945
vt 0.237918 0.962493
vt 0.243017 0.963040
vt 0.208463 0.634694
vt 0.206582 0.638985
vt 0.204296 0.644236
vt 0.202219 0.649036
vt 0.058802 0.882978
vt 0.053908 0.881745
vt 0.047894 0.888628
vt 0.042976 0.888859
vt 0.395371 0.518342
vt 0.394440 0.513994
vt 0.393364 0.508458
vt 0.392422 0.503166
vt 0.226895 0.960101
vt 0.231884 0.959593
vt 0.237761 0.959439
vt 0.242844 0.959688
vt 0.211736 0.635752
vt 0.210638 0.640296
vt 0.209395 0.645885
vt 0.208341 0.651016
vt 0.058480 0.889246
vt 0.053547 0.888768
vt 0.047894 0.896117
vt 0.042977 0.896066
vt 0.388195 0.518990
vt 0.388038 0.514573
vt 0.388031 0.508940
vt 0.388180 0.503549
vt 0.226895 0.955840
vt 0.231884 0.956154
vt 0.237761 0.956305
vt 0.242843 0.956248
vt 0.215150 0.636156
vt 0.214867 0.640796
vt 0.214713 0.646515
vt 0.214725 0.651772
vt 0.058480 0.895677
vt 0.053546 0.895975
vt 0.048269 0.903508
vt 0.043337 0.903179
vt 0.381040 0.518235
vt 0.381652 0.513899
vt 0.382712 0.508379
vt 0.383950 0.503103
vt 0.227108 0.951636
vt 0.232056 0.952760
vt 0.237918 0.953212
vt 0.243016 0.952854
vt 0.218574 0.635891
vt 0.219107 0.640468
vt 0.220045 0.646102
vt 0.221126 0.651276
vt 0.058801 0.902024
vt 0.053907 0.903088
vt 0.049004 0.910517
vt 0.044044 0.909923
vt 0.374179 0.516105
vt 0.375530 0.511998
vt 0.377612 0.506796
vt 0.379894 0.501844
vt 0.227526 0.947649
vt 0.232393 0.949542
vt 0.238226 0.950280
vt 0.243354 0.949636
vt 0.221875 0.634967
vt 0.223197 0.639323
vt 0.225187 0.644661
vt 0.227299 0.649546
vt 0.059433 0.908042
vt 0.054616 0.909832
vt 0.050072 0.916874
vt 0.045071 0.916041
vt 0.367876 0.512682
vt 0.369906 0.508945
vt 0.372928 0.504253
vt 0.376168 0.499821
vt 0.228133 0.944032
vt 0.232883 0.946622
vt 0.238673 0.947619
vt 0.243844 0.946716
vt 0.224927 0.633418
vt 0.226978 0.637404
vt 0.229940 0.642249
vt 0.233006 0.646651
vt 0.060350 0.913501
vt 0.055644 0.915950
vt 0.329998 0.641263
vt 0.329118 0.636550
vt 0.334671 0.635490
vt 0.335517 0.640025
vt 0.362374 0.508100
vt 0.364996 0.504855
vt 0.368837 0.500847
vt 0.372916 0.497112
vt 0.228906 0.940926
vt 0.233507 0.944114
vt 0.239241 0.945334
vt 0.092431 0.783963
vt 0.092107 0.785952
vt 0.086341 0.784850
vt 0.086696 0.782667
vt 0.227612 0.631305
vt 0.230305 0.634787
vt 0.234124 0.638958
vt 0.238028 0.642699
vt 0.061517 0.918191
vt 0.056952 0.921205
vt 0.051431 0.922336
vt 0.328383 0.630792
vt 0.333964 0.629949
vt 0.357883 0.502532
vt 0.360989 0.499887
vt 0.365499 0.496708
vt 0.370261 0.493821
vt 0.373985 0.492021
vt 0.376128 0.494678
vt 0.097580 0.784850
vt 0.097289 0.787510
vt 0.091842 0.788376
vt 0.086049 0.787510
vt 0.229829 0.628709
vt 0.233050 0.631570
vt 0.237576 0.634915
vt 0.242171 0.637844
vt 0.245654 0.639616
vt 0.241010 0.645057
vt 0.323850 0.635557
vt 0.323142 0.630016
vt 0.327820 0.624209
vt 0.333422 0.623615
vt 0.337958 0.622048
vt 0.338441 0.627701
vt 0.358039 0.494231
vt 0.363042 0.491997
vt 0.368306 0.490075
vt 0.372407 0.488996
vt 0.097072 0.790545
vt 0.091644 0.791141
vt 0.085833 0.790545
vt 0.231489 0.625729
vt 0.235108 0.627880
vt 0.240164 0.630273
vt 0.245277 0.632272
vt 0.249136 0.633372
vt 0.322600 0.623681
vt 0.327452 0.617054
vt 0.333068 0.616729
vt 0.337641 0.615905
vt 0.356259 0.488104
vt 0.361559 0.486894
vt 0.367128 0.486016
vt 0.371457 0.485720
vt 0.096938 0.793838
vt 0.091523 0.794141
vt 0.085701 0.793838
vt 0.081132 0.793020
vt 0.081297 0.788940
vt 0.236399 0.623855
vt 0.241788 0.625213
vt 0.247227 0.626198
vt 0.251320 0.626564
vt 0.322245 0.616796
vt 0.327293 0.609677
vt 0.332917 0.609624
vt 0.337509 0.609546
vt 0.355724 0.481781
vt 0.361121 0.481597
vt 0.366782 0.481764
vt 0.371172 0.482250
vt 0.096884 0.797331
vt 0.091481 0.797343
vt 0.085666 0.797331
vt 0.081085 0.797300
vt 0.236863 0.619613
vt 0.242372 0.619930
vt 0.247938 0.619893
vt 0.252121 0.619520
vt 0.322090 0.609691
vt 0.327042 0.559476
vt 0.332659 0.559706
vt 0.337242 0.560401
vt 0.357011 0.432999
vt 0.362283 0.433875
vt 0.367829 0.435124
vt 0.372149 0.436421
vt 0.096947 0.843494
vt 0.091525 0.843202
vt 0.085694 0.843494
vt 0.081125 0.844280
vt 0.237112 0.572965
vt 0.242538 0.572194
vt 0.248008 0.571092
vt 0.252121 0.569949
vt 0.321843 0.559773
vt 0.327311 0.552218
vt 0.332920 0.552727
vt 0.337478 0.554192
vt 0.358976 0.426861
vt 0.363921 0.428793
vt 0.369126 0.431122
vt 0.373183 0.433229
vt 0.097072 0.846718
vt 0.091644 0.846121
vt 0.085833 0.846718
vt 0.081297 0.848322
vt 0.235928 0.568926
vt 0.241043 0.567068
vt 0.246215 0.564903
vt 0.250115 0.562993
vt 0.322098 0.552794
vt 0.327780 0.545585
vt 0.333371 0.546344
vt 0.337880 0.548496
vt 0.362083 0.421251
vt 0.366509 0.424119
vt 0.371185 0.427406
vt 0.374844 0.430228
vt 0.097289 0.849753
vt 0.091842 0.848886
vt 0.086049 0.849752
vt 0.081565 0.852081
vt 0.233974 0.565154
vt 0.238585 0.562325
vt 0.243265 0.559207
vt 0.246809 0.556610
vt 0.322550 0.546411
vt 0.328433 0.539760
vt 0.334000 0.540738
vt 0.338441 0.543493
vt 0.366227 0.416342
vt 0.369962 0.420031
vt 0.373930 0.424154
vt 0.377061 0.427604
vt 0.097580 0.852412
vt 0.092107 0.851310
vt 0.086341 0.852412
vt 0.505601 0.940733
vt 0.504977 0.943089
vt 0.500227 0.940363
vt 0.501000 0.937445
vt 0.231320 0.561827
vt 0.235248 0.558142
vt 0.239259 0.554186
vt 0.242319 0.550984
vt 0.323179 0.540805
vt 0.712024 0.990099
vt 0.710804 0.984032
vt 0.716397 0.983217
vt 0.717572 0.989056
vt 0.721162 0.981156
vt 0.722211 0.986366
vt 0.371249 0.412326
vt 0.374146 0.416687
vt 0.377258 0.421494
vt 0.379747 0.425457
vt 0.515939 0.942994
vt 0.515448 0.945794
vt 0.510320 0.946618
vt 0.510767 0.944067
vt 0.504487 0.945889
vt 0.499619 0.943831
vt 0.228068 0.559076
vt 0.231159 0.554683
vt 0.234351 0.550032
vt 0.236818 0.546329
vt 0.707001 0.989231
vt 0.705826 0.983393
vt 0.709897 0.977224
vt 0.715524 0.976665
vt 0.720384 0.975309
vt 0.376957 0.409358
vt 0.378901 0.414214
vt 0.381040 0.419528
vt 0.382800 0.423869
vt 0.515110 0.948930
vt 0.510012 0.949476
vt 0.504150 0.949025
vt 0.499201 0.947717
vt 0.224342 0.557005
vt 0.226475 0.552078
vt 0.228727 0.546906
vt 0.230516 0.542826
vt 0.704953 0.976840
vt 0.709338 0.969935
vt 0.714987 0.969652
vt 0.719905 0.969051
vt 0.383132 0.407550
vt 0.384043 0.412708
vt 0.385130 0.418331
vt 0.386101 0.422902
vt 0.514938 0.952282
vt 0.509855 0.952531
vt 0.503978 0.952376
vt 0.498989 0.951869
vt 0.220287 0.555694
vt 0.221376 0.550430
vt 0.222606 0.544927
vt 0.223657 0.540607
vt 0.704416 0.969828
vt 0.709149 0.962448
vt 0.714805 0.962448
vt 0.719743 0.962622
vt 0.389535 0.406972
vt 0.389376 0.412226
vt 0.389371 0.417947
vt 0.389526 0.422593
vt 0.514938 0.955721
vt 0.509855 0.955664
vt 0.503978 0.955816
vt 0.498988 0.956129
vt 0.216058 0.555193
vt 0.216058 0.549800
vt 0.216222 0.544171
vt 0.216502 0.539760
vt 0.704234 0.962623
vt 0.709338 0.955050
vt 0.714987 0.955328
vt 0.719905 0.956269
vt 0.395920 0.407646
vt 0.394695 0.412787
vt 0.393601 0.418394
vt 0.392941 0.422953
vt 0.515110 0.959116
vt 0.510012 0.958757
vt 0.504150 0.959210
vt 0.499202 0.960333
vt 0.211817 0.555522
vt 0.210726 0.550213
vt 0.209820 0.544666
vt 0.209328 0.540316
vt 0.704416 0.955504
vt 0.709897 0.948024
vt 0.715524 0.948569
vt 0.720384 0.950236
vt 0.402043 0.409545
vt 0.399795 0.414370
vt 0.397657 0.419652
vt 0.396215 0.423969
vt 0.515448 0.962334
vt 0.510320 0.961690
vt 0.504487 0.962428
vt 0.499620 0.964321
vt 0.207728 0.556667
vt 0.205584 0.551653
vt 0.203647 0.546395
vt 0.202411 0.542253
vt 0.704953 0.948744
vt 0.710804 0.941643
vt 0.716397 0.942426
vt 0.721163 0.944755
vt 0.407668 0.412598
vt 0.404479 0.416913
vt 0.401383 0.421674
vt 0.399222 0.425602
vt 0.515939 0.965253
vt 0.510767 0.964350
vt 0.504978 0.965348
vt 0.500227 0.967938
vt 0.203946 0.558585
vt 0.200830 0.554065
vt 0.197940 0.549291
vt 0.196015 0.545499
vt 0.705827 0.942602
vt 0.712025 0.936149
vt 0.717572 0.937140
vt 0.722211 0.940037
vt 0.412578 0.416688
vt 0.408570 0.420320
vt 0.404636 0.424384
vt 0.401848 0.427789
vt 0.809179 0.838399
vt 0.808790 0.836232
vt 0.814561 0.835129
vt 0.814915 0.837104
vt 0.511335 0.966636
vt 0.505601 0.967856
vt 0.501000 0.971044
vt 0.200620 0.561202
vt 0.196647 0.557357
vt 0.192917 0.553242
vt 0.190388 0.549926
vt 0.055547 0.659727
vt 0.054803 0.664301
vt 0.049247 0.663282
vt 0.050021 0.658529
vt 0.048613 0.669074
vt 0.043352 0.669875
vt 0.043963 0.664301
vt 0.415624 0.414415
vt 0.420114 0.419983
vt 0.416583 0.421657
vt 0.411908 0.424458
vt 0.407291 0.427675
vt 0.403992 0.430446
vt 0.808471 0.833586
vt 0.814270 0.832717
vt 0.819691 0.833596
vt 0.820010 0.836243
vt 0.203763 0.563726
vt 0.201546 0.566322
vt 0.197874 0.564419
vt 0.193195 0.561401
vt 0.188775 0.558098
vt 0.185744 0.555367
vt 0.054193 0.669875
vt 0.048141 0.675683
vt 0.042898 0.676234
vt 0.423420 0.426322
vt 0.419533 0.427313
vt 0.414365 0.429170
vt 0.409245 0.431422
vt 0.405569 0.433471
vt 0.808234 0.830561
vt 0.814054 0.829961
vt 0.819454 0.830571
vt 0.199886 0.569302
vt 0.195815 0.568110
vt 0.190608 0.566042
vt 0.185669 0.563670
vt 0.058653 0.672076
vt 0.058248 0.677750
vt 0.053740 0.676234
vt 0.047849 0.682926
vt 0.042620 0.683199
vt 0.425427 0.433251
vt 0.421328 0.433479
vt 0.415861 0.434275
vt 0.410431 0.435442
vt 0.803657 0.832185
vt 0.803469 0.828151
vt 0.808082 0.827344
vt 0.813924 0.827048
vt 0.819317 0.827354
vt 0.198851 0.572483
vt 0.194518 0.572097
vt 0.188971 0.571104
vt 0.183705 0.569783
vt 0.057993 0.683946
vt 0.053456 0.683198
vt 0.828497 0.350269
vt 0.828556 0.357513
vt 0.823169 0.357044
vt 0.823110 0.350068
vt 0.251723 0.354261
vt 0.250928 0.361362
vt 0.246549 0.360529
vt 0.247254 0.354174
vt 0.241025 0.359384
vt 0.241606 0.354060
vt 0.235786 0.358220
vt 0.236247 0.353946
vt 0.837466 0.777580
vt 0.837497 0.773379
vt 0.841763 0.774671
vt 0.841741 0.778100
vt 0.847506 0.775140
vt 0.847477 0.778282
vt 0.853088 0.774642
vt 0.853047 0.778071
vt 0.322776 0.310833
vt 0.322405 0.307344
vt 0.327055 0.306447
vt 0.327507 0.310723
vt 0.332670 0.305283
vt 0.333243 0.310609
vt 0.337745 0.304166
vt 0.338441 0.310522
vt 0.838304 0.349628
vt 0.838350 0.355872
vt 0.834094 0.357086
vt 0.834039 0.350110
vt 0.828692 0.364373
vt 0.823300 0.363646
vt 0.248760 0.368233
vt 0.244613 0.366660
vt 0.239414 0.364491
vt 0.234504 0.362282
vt 0.837579 0.769477
vt 0.841829 0.771521
vt 0.847566 0.772270
vt 0.853154 0.771492
vt 0.321377 0.304062
vt 0.325780 0.302383
vt 0.331068 0.300173
vt 0.335821 0.298030
vt 0.838467 0.361762
vt 0.834224 0.363688
vt 0.828899 0.370514
vt 0.823499 0.369555
vt 0.245304 0.374545
vt 0.241530 0.372293
vt 0.236845 0.369183
vt 0.232461 0.366013
vt 0.229581 0.363646
vt 0.231229 0.360633
vt 0.841927 0.768701
vt 0.847656 0.769701
vt 0.853253 0.768672
vt 0.319735 0.301046
vt 0.323745 0.298647
vt 0.328511 0.295475
vt 0.332752 0.292391
vt 0.838644 0.367035
vt 0.834422 0.369597
vt 0.455475 0.920146
vt 0.455178 0.914065
vt 0.460711 0.913319
vt 0.460998 0.919170
vt 0.240695 0.380057
vt 0.237419 0.377211
vt 0.233419 0.373279
vt 0.229735 0.369271
vt 0.227381 0.366276
vt 0.853187 0.494043
vt 0.853050 0.496836
vt 0.847472 0.497596
vt 0.847596 0.495052
vt 0.841732 0.496792
vt 0.841868 0.493999
vt 0.317542 0.298411
vt 0.321030 0.295383
vt 0.325097 0.291371
vt 0.328653 0.287463
vt 0.330796 0.284664
vt 0.335389 0.290185
vt 0.450080 0.919213
vt 0.449794 0.913362
vt 0.454957 0.907246
vt 0.460499 0.906758
vt 0.235109 0.384554
vt 0.232433 0.381226
vt 0.229266 0.376622
vt 0.226433 0.371930
vt 0.224715 0.368422
vt 0.852949 0.499967
vt 0.847380 0.500449
vt 0.841631 0.499923
vt 0.314884 0.296258
vt 0.317737 0.292716
vt 0.320956 0.288018
vt 0.323683 0.283438
vt 0.325226 0.280152
vt 0.449582 0.906802
vt 0.454821 0.899953
vt 0.460367 0.899739
vt 0.464659 0.899198
vt 0.464775 0.905461
vt 0.226769 0.384181
vt 0.224548 0.379084
vt 0.222681 0.373888
vt 0.221686 0.370003
vt 0.852886 0.503316
vt 0.847323 0.503501
vt 0.841568 0.503271
vt 0.311863 0.294671
vt 0.313994 0.290749
vt 0.316249 0.285545
vt 0.318033 0.280469
vt 0.445762 0.905536
vt 0.445645 0.899274
vt 0.449451 0.899783
vt 0.454775 0.892465
vt 0.460322 0.892534
vt 0.464619 0.892768
vt 0.220641 0.385965
vt 0.219444 0.380571
vt 0.218621 0.375070
vt 0.218409 0.370957
vt 0.852865 0.506755
vt 0.847304 0.506634
vt 0.841548 0.506710
vt 0.308593 0.293710
vt 0.309943 0.289558
vt 0.311157 0.284047
vt 0.311919 0.278671
vt 0.445606 0.892843
vt 0.449407 0.892577
vt 0.454821 0.885069
vt 0.460366 0.885417
vt 0.464659 0.886417
vt 0.214287 0.386509
vt 0.214152 0.381024
vt 0.214412 0.375430
vt 0.215011 0.371247
vt 0.852886 0.510151
vt 0.847323 0.509729
vt 0.841569 0.510107
vt 0.837264 0.511166
vt 0.837238 0.506959
vt 0.305742 0.289189
vt 0.305874 0.283582
vt 0.305577 0.278112
vt 0.304935 0.274184
vt 0.312043 0.274810
vt 0.449452 0.885460
vt 0.454957 0.878050
vt 0.460497 0.878662
vt 0.464775 0.880390
vt 0.207950 0.385791
vt 0.208873 0.380426
vt 0.210215 0.374954
vt 0.211622 0.370864
vt 0.852949 0.513374
vt 0.847380 0.512666
vt 0.841632 0.513330
vt 0.305201 0.293411
vt 0.301818 0.293787
vt 0.301551 0.289654
vt 0.300605 0.284168
vt 0.299250 0.278815
vt 0.297846 0.274972
vt 0.449583 0.878706
vt 0.455178 0.871677
vt 0.460711 0.872531
vt 0.207673 0.389672
vt 0.200864 0.387485
vt 0.201874 0.383840
vt 0.203812 0.378800
vt 0.206189 0.373662
vt 0.208373 0.369820
vt 0.853051 0.516300
vt 0.847473 0.515333
vt 0.841733 0.516256
vt 0.298574 0.294822
vt 0.297531 0.290937
vt 0.295551 0.285781
vt 0.293182 0.280753
vt 0.291047 0.277143
vt 0.449794 0.872575
vt 0.455475 0.866197
vt 0.460998 0.867257
vt 0.194609 0.383999
vt 0.196293 0.380730
vt 0.199163 0.376210
vt 0.202491 0.371602
vt 0.205388 0.368157
vt 0.853187 0.518817
vt 0.847597 0.517626
vt 0.841869 0.518773
vt 0.295592 0.296479
vt 0.293837 0.292988
vt 0.290906 0.288361
vt 0.287607 0.283849
vt 0.284798 0.280614
vt 0.450080 0.867300
vt 0.776714 0.751389
vt 0.776415 0.745979
vt 0.781935 0.745068
vt 0.782222 0.750273
vt 0.189149 0.379350
vt 0.191420 0.376581
vt 0.195104 0.372754
vt 0.199264 0.368854
vt 0.202782 0.365939
vt 0.905123 0.274213
vt 0.904989 0.276697
vt 0.899391 0.277645
vt 0.899513 0.275381
vt 0.893665 0.276668
vt 0.893800 0.274184
vt 0.292987 0.298691
vt 0.290611 0.295730
vt 0.286849 0.291807
vt 0.282737 0.287987
vt 0.279341 0.285250
vt 0.771299 0.750315
vt 0.771011 0.745109
vt 0.776175 0.739661
vt 0.781704 0.738989
vt 0.785936 0.737181
vt 0.786142 0.742606
vt 0.187444 0.371552
vt 0.191791 0.368566
vt 0.196629 0.365522
vt 0.200655 0.363250
vt 0.904883 0.279598
vt 0.899293 0.280288
vt 0.893558 0.279569
vt 0.290860 0.301375
vt 0.287977 0.299055
vt 0.283537 0.295988
vt 0.278761 0.293006
vt 0.274884 0.290875
vt 0.770780 0.739031
vt 0.776003 0.732680
vt 0.781538 0.732270
vt 0.785788 0.731186
vt 0.184516 0.365837
vt 0.189352 0.363805
vt 0.194688 0.361737
vt 0.199089 0.360193
vt 0.904808 0.282804
vt 0.899225 0.283210
vt 0.893483 0.282775
vt 0.889220 0.281633
vt 0.889314 0.277662
vt 0.286035 0.302836
vt 0.281095 0.300742
vt 0.275831 0.298714
vt 0.271600 0.297272
vt 0.770614 0.732312
vt 0.775904 0.725301
vt 0.781443 0.725169
vt 0.785704 0.724850
vt 0.182749 0.359655
vt 0.187880 0.358656
vt 0.193519 0.357641
vt 0.198146 0.356887
vt 0.904765 0.286193
vt 0.899188 0.286298
vt 0.893444 0.286164
vt 0.889170 0.285831
vt 0.284862 0.306929
vt 0.279619 0.305888
vt 0.274059 0.304892
vt 0.269615 0.304195
vt 0.770519 0.725211
vt 0.775884 0.717884
vt 0.781426 0.718026
vt 0.785690 0.718457
vt 0.182218 0.353284
vt 0.187446 0.353318
vt 0.193177 0.353356
vt 0.197865 0.353389
vt 0.904751 0.289701
vt 0.899183 0.289513
vt 0.893449 0.289672
vt 0.889172 0.290128
vt 0.284513 0.311213
vt 0.279179 0.311225
vt 0.273520 0.311262
vt 0.269006 0.311313
vt 0.770497 0.718068
vt 0.776053 0.668130
vt 0.781588 0.668548
vt 0.785843 0.669738
vt 0.183496 0.304154
vt 0.188599 0.305257
vt 0.194215 0.306385
vt 0.198832 0.307235
vt 0.904965 0.335494
vt 0.899377 0.335007
vt 0.893628 0.335465
vt 0.889361 0.336727
vt 0.285488 0.358185
vt 0.280263 0.359287
vt 0.274727 0.360393
vt 0.270303 0.361216
vt 0.770670 0.668590
vt 0.776190 0.661199
vt 0.781722 0.661885
vt 0.785964 0.663810
vt 0.185446 0.297984
vt 0.190224 0.300147
vt 0.195502 0.302361
vt 0.199859 0.304025
vt 0.905024 0.338577
vt 0.899437 0.337799
vt 0.893700 0.338548
vt 0.889449 0.340592
vt 0.286766 0.362212
vt 0.281879 0.364400
vt 0.276665 0.366567
vt 0.272472 0.368155
vt 0.770798 0.661927
vt 0.776397 0.655059
vt 0.781921 0.655976
vt 0.786142 0.658537
vt 0.188529 0.292351
vt 0.192793 0.295455
vt 0.197545 0.298630
vt 0.201507 0.301012
vt 0.905123 0.341397
vt 0.899527 0.340368
vt 0.893798 0.341368
vt 0.289985 0.360596
vt 0.291626 0.363612
vt 0.288800 0.365947
vt 0.284437 0.369098
vt 0.279735 0.372207
vt 0.275913 0.374476
vt 0.770998 0.656017
vt 0.946623 0.655059
vt 0.946288 0.661138
vt 0.940900 0.661806
vt 0.941222 0.655957
vt 0.185837 0.290114
vt 0.190446 0.284603
vt 0.192641 0.287433
vt 0.196219 0.291359
vt 0.200270 0.295372
vt 0.203707 0.298383
vt 0.362944 0.966265
vt 0.362809 0.963472
vt 0.368549 0.962667
vt 0.368673 0.965211
vt 0.374127 0.963427
vt 0.374264 0.966220
vt 0.293819 0.366247
vt 0.291515 0.369212
vt 0.287851 0.373202
vt 0.283834 0.377135
vt 0.280506 0.379998
vt 0.952140 0.656069
vt 0.951816 0.661918
vt 0.946025 0.667954
vt 0.940647 0.668365
vt 0.196032 0.280105
vt 0.197625 0.283418
vt 0.200371 0.288016
vt 0.203572 0.292713
vt 0.206373 0.296237
vt 0.362707 0.960341
vt 0.368457 0.959814
vt 0.374026 0.960296
vt 0.296477 0.368399
vt 0.294808 0.371879
vt 0.291991 0.376555
vt 0.288803 0.381160
vt 0.286075 0.384509
vt 0.951563 0.668477
vt 0.945843 0.675246
vt 0.940472 0.675384
vt 0.936664 0.675869
vt 0.936820 0.669607
vt 0.203290 0.280462
vt 0.205090 0.285553
vt 0.207325 0.290755
vt 0.209403 0.294656
vt 0.362645 0.956991
vt 0.368400 0.956762
vt 0.373963 0.956947
vt 0.299498 0.369987
vt 0.298552 0.373845
vt 0.296698 0.379028
vt 0.294454 0.384129
vt 0.292409 0.387836
vt 0.951388 0.675495
vt 0.945751 0.682735
vt 0.940383 0.682589
vt 0.936584 0.682299
vt 0.209418 0.278679
vt 0.210194 0.284068
vt 0.211384 0.289574
vt 0.358341 0.957564
vt 0.358316 0.953304
vt 0.362625 0.953553
vt 0.368381 0.953629
vt 0.373942 0.953508
vt 0.302767 0.370949
vt 0.302602 0.375035
vt 0.301790 0.380525
vt 0.300568 0.385927
vt 0.955676 0.676063
vt 0.955597 0.682493
vt 0.951299 0.682700
vt 0.945750 0.690131
vt 0.940383 0.689706
vt 0.209247 0.274793
vt 0.216368 0.274184
vt 0.215772 0.278135
vt 0.215486 0.283615
vt 0.215594 0.289213
vt 0.358342 0.949097
vt 0.362646 0.950156
vt 0.368400 0.950534
vt 0.373963 0.950112
vt 0.306159 0.371247
vt 0.306803 0.375406
vt 0.307073 0.380990
vt 0.306910 0.386485
vt 0.955597 0.688844
vt 0.951299 0.689817
vt 0.945843 0.697150
vt 0.940472 0.696461
vt 0.223469 0.274988
vt 0.222109 0.278853
vt 0.220765 0.284213
vt 0.219791 0.289690
vt 0.219466 0.293795
vt 0.216077 0.293411
vt 0.362708 0.946933
vt 0.368457 0.947597
vt 0.374025 0.946888
vt 0.309543 0.370871
vt 0.310994 0.374940
vt 0.312343 0.380405
vt 0.313237 0.385782
vt 0.955676 0.694872
vt 0.951388 0.696572
vt 0.946024 0.703524
vt 0.940647 0.702593
vt 0.230277 0.277174
vt 0.228185 0.280803
vt 0.225826 0.285837
vt 0.223816 0.290981
vt 0.222716 0.294838
vt 0.362809 0.944007
vt 0.368550 0.944931
vt 0.374127 0.943962
vt 0.312788 0.369836
vt 0.315014 0.373657
vt 0.317397 0.378792
vt 0.319305 0.383846
vt 0.320256 0.387518
vt 0.313456 0.389689
vt 0.951563 0.702705
vt 0.946287 0.709006
vt 0.940900 0.707870
vt 0.236533 0.280659
vt 0.233767 0.283913
vt 0.230475 0.288428
vt 0.227515 0.293041
vt 0.225700 0.296501
vt 0.362946 0.941490
vt 0.368674 0.942637
vt 0.374264 0.941446
vt 0.315769 0.368179
vt 0.318708 0.371606
vt 0.322041 0.376212
vt 0.324881 0.380749
vt 0.326505 0.384048
vt 0.951815 0.707981
vt 0.829216 0.274184
vt 0.828918 0.279593
vt 0.823514 0.280462
vt 0.823802 0.275257
vt 0.241994 0.285309
vt 0.238640 0.288063
vt 0.234534 0.291884
vt 0.230743 0.295789
vt 0.228306 0.298720
vt 0.841928 0.835885
vt 0.841794 0.833400
vt 0.847520 0.832423
vt 0.847642 0.834687
vt 0.853119 0.833371
vt 0.853253 0.835855
vt 0.318374 0.365967
vt 0.321934 0.368865
vt 0.326098 0.372766
vt 0.329751 0.376611
vt 0.331962 0.379411
vt 0.834723 0.275299
vt 0.834435 0.280504
vt 0.828677 0.285910
vt 0.823282 0.286541
vt 0.246450 0.290944
vt 0.242616 0.293092
vt 0.237847 0.296073
vt 0.233377 0.299121
vt 0.230434 0.301409
vt 0.841687 0.830499
vt 0.847423 0.829779
vt 0.853013 0.830470
vt 0.320501 0.363283
vt 0.324568 0.365540
vt 0.329411 0.368585
vt 0.333726 0.371591
vt 0.838644 0.282967
vt 0.838438 0.288392
vt 0.834205 0.286583
vt 0.828505 0.292892
vt 0.823115 0.293260
vt 0.249731 0.297349
vt 0.245543 0.298807
vt 0.240286 0.300833
vt 0.235317 0.302907
vt 0.837443 0.832406
vt 0.837350 0.828434
vt 0.841612 0.827293
vt 0.847354 0.826858
vt 0.852938 0.827264
vt 0.322068 0.360230
vt 0.326511 0.361759
vt 0.331852 0.363830
vt 0.336656 0.365883
vt 0.838290 0.294387
vt 0.834039 0.293302
vt 0.828406 0.300344
vt 0.823023 0.300425
vt 0.251723 0.304341
vt 0.247324 0.305028
vt 0.241770 0.305985
vt 0.236493 0.306964
vt 0.837292 0.824274
vt 0.841563 0.823974
vt 0.847317 0.823853
vt 0.852904 0.823945
vt 0.323010 0.356996
vt 0.327692 0.357704
vt 0.333340 0.358682
vt 0.338441 0.359666
vt 0.838201 0.300763
vt 0.833941 0.300467
vt 0.742315 0.729653
vt 0.742413 0.737036
vt 0.737180 0.736755
vt 0.737084 0.729644
vt 0.512484 0.217269
vt 0.511683 0.224323
vt 0.507603 0.223041
vt 0.508314 0.216728
vt 0.502167 0.221751
vt 0.502752 0.216462
vt 0.496775 0.220791
vt 0.497238 0.216546
vt 0.703671 0.786392
vt 0.703723 0.782110
vt 0.708335 0.782906
vt 0.708295 0.786402
vt 0.714168 0.783206
vt 0.714123 0.786409
vt 0.719554 0.782916
vt 0.719496 0.786412
vt 0.110887 0.618304
vt 0.111171 0.621780
vt 0.106829 0.622988
vt 0.106484 0.618730
vt 0.101259 0.624123
vt 0.100821 0.618820
vt 0.095965 0.624889
vt 0.095429 0.618559
vt 0.752481 0.729619
vt 0.752561 0.735982
vt 0.748023 0.736755
vt 0.747931 0.729644
vt 0.742703 0.744207
vt 0.737460 0.743655
vt 0.509498 0.231158
vt 0.505653 0.229140
vt 0.500543 0.226831
vt 0.495482 0.224831
vt 0.703904 0.778023
vt 0.708480 0.779607
vt 0.714301 0.780200
vt 0.719701 0.779617
vt 0.112123 0.625070
vt 0.108008 0.627063
vt 0.102741 0.629246
vt 0.097745 0.631040
vt 0.752810 0.742139
vt 0.748302 0.743655
vt 0.743175 0.750815
vt 0.737914 0.750014
vt 0.506016 0.237446
vt 0.502546 0.234751
vt 0.497954 0.231505
vt 0.493423 0.228548
vt 0.704198 0.774252
vt 0.708717 0.776563
vt 0.714517 0.777426
vt 0.719938 0.776573
vt 0.113700 0.628116
vt 0.109963 0.630835
vt 0.105198 0.633990
vt 0.100694 0.636735
vt 0.753215 0.747814
vt 0.748755 0.750015
vt 0.743809 0.756607
vt 0.738525 0.755588
vt 0.501372 0.242945
vt 0.498403 0.239659
vt 0.494502 0.235592
vt 0.490677 0.231799
vt 0.192454 0.974524
vt 0.191681 0.971606
vt 0.196431 0.968881
vt 0.197054 0.971237
vt 0.709037 0.773890
vt 0.714808 0.774990
vt 0.720256 0.773900
vt 0.115843 0.630801
vt 0.112617 0.634162
vt 0.108536 0.638172
vt 0.104700 0.641756
vt 0.428323 0.869301
vt 0.427156 0.873705
vt 0.422450 0.871133
vt 0.423758 0.866197
vt 0.749365 0.755588
vt 0.416878 0.870229
vt 0.415810 0.876326
vt 0.410850 0.877090
vt 0.411878 0.871224
vt 0.495743 0.247445
vt 0.493379 0.243675
vt 0.490318 0.238937
vt 0.487350 0.234459
vt 0.191074 0.968138
vt 0.195941 0.966081
vt 0.201774 0.965351
vt 0.202220 0.967902
vt 0.206902 0.966175
vt 0.207392 0.968975
vt 0.118468 0.633022
vt 0.115869 0.636913
vt 0.112625 0.641632
vt 0.109609 0.645909
vt 0.426239 0.878941
vt 0.421423 0.876999
vt 0.415075 0.883155
vt 0.410143 0.883662
vt 0.489346 0.250772
vt 0.487671 0.246643
vt 0.485563 0.241410
vt 0.483568 0.236426
vt 0.190655 0.964253
vt 0.195603 0.962945
vt 0.201466 0.962493
vt 0.206564 0.963040
vt 0.121475 0.634694
vt 0.119595 0.638985
vt 0.117309 0.644236
vt 0.115232 0.649036
vt 0.425608 0.884805
vt 0.420715 0.883572
vt 0.414700 0.890455
vt 0.409783 0.890686
vt 0.482427 0.252800
vt 0.481497 0.248452
vt 0.480421 0.242916
vt 0.479478 0.237623
vt 0.190442 0.960101
vt 0.195431 0.959593
vt 0.201309 0.959439
vt 0.206391 0.959688
vt 0.124749 0.635752
vt 0.123650 0.640296
vt 0.122408 0.645885
vt 0.121353 0.651016
vt 0.425286 0.891073
vt 0.420353 0.890595
vt 0.414700 0.897944
vt 0.409783 0.897893
vt 0.475252 0.253448
vt 0.475094 0.249030
vt 0.475087 0.243398
vt 0.475237 0.238007
vt 0.190442 0.955840
vt 0.195432 0.956154
vt 0.201309 0.956305
vt 0.206391 0.956248
vt 0.128163 0.636156
vt 0.127879 0.640796
vt 0.127725 0.646515
vt 0.127738 0.651772
vt 0.425286 0.897504
vt 0.420353 0.897802
vt 0.415075 0.905335
vt 0.410143 0.905006
vt 0.468096 0.252693
vt 0.468709 0.248356
vt 0.469769 0.242837
vt 0.471007 0.237560
vt 0.190656 0.951636
vt 0.195604 0.952760
vt 0.201466 0.953212
vt 0.206564 0.952854
vt 0.131587 0.635891
vt 0.132120 0.640468
vt 0.133058 0.646102
vt 0.134139 0.651276
vt 0.425608 0.903851
vt 0.420714 0.904915
vt 0.415811 0.912344
vt 0.410850 0.911750
vt 0.461236 0.250562
vt 0.462587 0.246456
vt 0.464669 0.241254
vt 0.466951 0.236302
vt 0.191074 0.947649
vt 0.195941 0.949542
vt 0.201774 0.950280
vt 0.206902 0.949636
vt 0.134888 0.634967
vt 0.136209 0.639323
vt 0.138199 0.644661
vt 0.140312 0.649546
vt 0.426239 0.909869
vt 0.421422 0.911659
vt 0.416878 0.918701
vt 0.411878 0.917868
vt 0.454933 0.247140
vt 0.456962 0.243402
vt 0.459984 0.238711
vt 0.463225 0.234279
vt 0.191681 0.944032
vt 0.196431 0.946622
vt 0.202220 0.947619
vt 0.207392 0.946716
vt 0.137940 0.633418
vt 0.139991 0.637404
vt 0.142953 0.642249
vt 0.146019 0.646651
vt 0.427156 0.915328
vt 0.422451 0.917777
vt 0.016797 0.641246
vt 0.015917 0.636533
vt 0.021469 0.635473
vt 0.022316 0.640008
vt 0.449431 0.242557
vt 0.452053 0.239313
vt 0.455894 0.235304
vt 0.459973 0.231570
vt 0.192454 0.940926
vt 0.197055 0.944114
vt 0.202789 0.945334
vt 0.126208 0.783963
vt 0.125884 0.785952
vt 0.120118 0.784850
vt 0.120473 0.782667
vt 0.140625 0.631305
vt 0.143317 0.634787
vt 0.147137 0.638958
vt 0.151041 0.642699
vt 0.428323 0.920018
vt 0.423758 0.923032
vt 0.418237 0.924163
vt 0.015181 0.630775
vt 0.020762 0.629933
vt 0.444940 0.236990
vt 0.448046 0.234344
vt 0.452556 0.231166
vt 0.457318 0.228279
vt 0.461041 0.226479
vt 0.463185 0.229136
vt 0.131357 0.784850
vt 0.131066 0.787510
vt 0.125619 0.788376
vt 0.119826 0.787510
vt 0.142842 0.628709
vt 0.146063 0.631570
vt 0.150589 0.634915
vt 0.155184 0.637844
vt 0.158667 0.639616
vt 0.154023 0.645057
vt 0.010648 0.635540
vt 0.009940 0.630000
vt 0.014619 0.624192
vt 0.020221 0.623598
vt 0.024757 0.622032
vt 0.025240 0.627684
vt 0.445096 0.228688
vt 0.450098 0.226455
vt 0.455363 0.224532
vt 0.459464 0.223454
vt 0.130849 0.790545
vt 0.125421 0.791141
vt 0.119610 0.790545
vt 0.144502 0.625729
vt 0.148121 0.627880
vt 0.153176 0.630273
vt 0.158290 0.632272
vt 0.162148 0.633372
vt 0.009398 0.623665
vt 0.014250 0.617037
vt 0.019867 0.616713
vt 0.024440 0.615888
vt 0.443315 0.222562
vt 0.448616 0.221351
vt 0.454184 0.220473
vt 0.458513 0.220177
vt 0.130715 0.793838
vt 0.125300 0.794141
vt 0.119478 0.793838
vt 0.114909 0.793020
vt 0.115074 0.788940
vt 0.149412 0.623855
vt 0.154801 0.625213
vt 0.160240 0.626198
vt 0.164333 0.626564
vt 0.009043 0.616779
vt 0.014091 0.609660
vt 0.019715 0.609607
vt 0.024308 0.609529
vt 0.442780 0.216239
vt 0.448178 0.216054
vt 0.453839 0.216222
vt 0.458229 0.216708
vt 0.130661 0.797331
vt 0.125259 0.797343
vt 0.119443 0.797331
vt 0.114862 0.797300
vt 0.149876 0.619613
vt 0.155385 0.619930
vt 0.160951 0.619893
vt 0.165134 0.619520
vt 0.008888 0.609674
vt 0.013841 0.559460
vt 0.019457 0.559689
vt 0.024041 0.560384
vt 0.444068 0.167457
vt 0.449340 0.168333
vt 0.454886 0.169582
vt 0.459206 0.170879
vt 0.130724 0.843494
vt 0.125302 0.843202
vt 0.119471 0.843494
vt 0.114902 0.844280
vt 0.150125 0.572965
vt 0.155551 0.572194
vt 0.161021 0.571092
vt 0.165134 0.569949
vt 0.008641 0.559756
vt 0.014109 0.552202
vt 0.019719 0.552711
vt 0.024276 0.554175
vt 0.446033 0.161319
vt 0.450978 0.163251
vt 0.456183 0.165580
vt 0.460240 0.167687
vt 0.130849 0.846718
vt 0.125421 0.846122
vt 0.119610 0.846718
vt 0.115074 0.848322
vt 0.148941 0.568927
vt 0.154056 0.567069
vt 0.159227 0.564903
vt 0.163128 0.562993
vt 0.008896 0.552778
vt 0.014578 0.545569
vt 0.020170 0.546327
vt 0.024679 0.548479
vt 0.449140 0.155708
vt 0.453566 0.158577
vt 0.458242 0.161863
vt 0.461901 0.164686
vt 0.131066 0.849753
vt 0.125619 0.848886
vt 0.119826 0.849752
vt 0.115343 0.852081
vt 0.146986 0.565154
vt 0.151598 0.562325
vt 0.156278 0.559207
vt 0.159822 0.556610
vt 0.009348 0.546394
vt 0.015232 0.539743
vt 0.020798 0.540721
vt 0.025240 0.543476
vt 0.453284 0.150800
vt 0.457018 0.154489
vt 0.460987 0.158612
vt 0.464118 0.162062
vt 0.131357 0.852412
vt 0.125884 0.851310
vt 0.120118 0.852412
vt 0.049589 0.942906
vt 0.048965 0.945262
vt 0.044215 0.942537
vt 0.044988 0.939619
vt 0.144332 0.561827
vt 0.148261 0.558142
vt 0.152272 0.554186
vt 0.155332 0.550984
vt 0.009977 0.540788
vt 0.882861 0.984881
vt 0.881640 0.978814
vt 0.887233 0.977999
vt 0.888408 0.983838
vt 0.891999 0.975938
vt 0.893048 0.981148
vt 0.458306 0.146784
vt 0.461203 0.151145
vt 0.464314 0.155952
vt 0.466804 0.159915
vt 0.059927 0.945168
vt 0.059436 0.947967
vt 0.054308 0.948792
vt 0.054755 0.946240
vt 0.048475 0.948062
vt 0.043607 0.946005
vt 0.141080 0.559076
vt 0.144171 0.554683
vt 0.147364 0.550032
vt 0.149831 0.546329
vt 0.877837 0.984013
vt 0.876663 0.978175
vt 0.880733 0.972006
vt 0.886360 0.971447
vt 0.891220 0.970091
vt 0.464014 0.143815
vt 0.465957 0.148672
vt 0.468096 0.153986
vt 0.469857 0.158327
vt 0.059098 0.951104
vt 0.054000 0.951650
vt 0.048137 0.951198
vt 0.043189 0.949890
vt 0.137355 0.557005
vt 0.139487 0.552078
vt 0.141740 0.546906
vt 0.143529 0.542826
vt 0.875790 0.971622
vt 0.880174 0.964717
vt 0.885823 0.964434
vt 0.890741 0.963833
vt 0.470189 0.142008
vt 0.471100 0.147166
vt 0.472187 0.152789
vt 0.473158 0.157360
vt 0.058926 0.954455
vt 0.053843 0.954704
vt 0.047966 0.954549
vt 0.042977 0.954042
vt 0.133299 0.555695
vt 0.134389 0.550430
vt 0.135619 0.544927
vt 0.136669 0.540607
vt 0.875252 0.964610
vt 0.879986 0.957230
vt 0.885642 0.957230
vt 0.890579 0.957404
vt 0.476591 0.141429
vt 0.476433 0.146684
vt 0.476428 0.152405
vt 0.476582 0.157051
vt 0.058926 0.957895
vt 0.053843 0.957838
vt 0.047966 0.957989
vt 0.042976 0.958302
vt 0.129070 0.555193
vt 0.129071 0.549800
vt 0.129234 0.544171
vt 0.129515 0.539760
vt 0.875071 0.957405
vt 0.880174 0.949832
vt 0.885823 0.950110
vt 0.890741 0.951051
vt 0.482977 0.142103
vt 0.481752 0.147245
vt 0.480658 0.152852
vt 0.479997 0.157411
vt 0.059098 0.961289
vt 0.054000 0.960931
vt 0.048138 0.961383
vt 0.043190 0.962507
vt 0.124830 0.555522
vt 0.123739 0.550213
vt 0.122833 0.544666
vt 0.122341 0.540316
vt 0.875252 0.950286
vt 0.880733 0.942806
vt 0.886361 0.943351
vt 0.891220 0.945018
vt 0.489100 0.144003
vt 0.486851 0.148828
vt 0.484714 0.154110
vt 0.483271 0.158427
vt 0.059436 0.964507
vt 0.054308 0.963863
vt 0.048475 0.964602
vt 0.043608 0.966494
vt 0.120740 0.556667
vt 0.118597 0.551653
vt 0.116660 0.546395
vt 0.115424 0.542253
vt 0.875790 0.943526
vt 0.881640 0.936425
vt 0.887234 0.937208
vt 0.891999 0.939537
vt 0.494724 0.147056
vt 0.491536 0.151371
vt 0.488440 0.156132
vt 0.486279 0.160060
vt 0.059927 0.967427
vt 0.054755 0.966524
vt 0.048965 0.967521
vt 0.044215 0.970111
vt 0.116959 0.558585
vt 0.113843 0.554065
vt 0.110952 0.549291
vt 0.109028 0.545499
vt 0.876663 0.937384
vt 0.882861 0.930931
vt 0.888408 0.931922
vt 0.893048 0.934819
vt 0.499634 0.151146
vt 0.495626 0.154778
vt 0.491693 0.158841
vt 0.488905 0.162247
vt 0.709425 0.843617
vt 0.709036 0.841451
vt 0.714807 0.840347
vt 0.715161 0.842322
vt 0.055323 0.968809
vt 0.049589 0.970029
vt 0.044988 0.973218
vt 0.113632 0.561202
vt 0.109660 0.557357
vt 0.105930 0.553242
vt 0.103400 0.549926
vt 0.750109 0.656258
vt 0.749365 0.660831
vt 0.743809 0.659812
vt 0.744583 0.655059
vt 0.743175 0.665605
vt 0.737914 0.666405
vt 0.738526 0.660831
vt 0.502680 0.148873
vt 0.507171 0.154440
vt 0.503640 0.156115
vt 0.498964 0.158916
vt 0.494347 0.162133
vt 0.491049 0.164903
vt 0.708717 0.838804
vt 0.714517 0.837935
vt 0.719937 0.838814
vt 0.720256 0.841461
vt 0.116776 0.563726
vt 0.114559 0.566322
vt 0.110887 0.564419
vt 0.106208 0.561401
vt 0.101788 0.558098
vt 0.098757 0.555367
vt 0.748755 0.666405
vt 0.742703 0.672213
vt 0.737460 0.672765
vt 0.510477 0.160779
vt 0.506590 0.161771
vt 0.501422 0.163627
vt 0.496302 0.165880
vt 0.492626 0.167928
vt 0.708480 0.835779
vt 0.714301 0.835180
vt 0.719700 0.835790
vt 0.112898 0.569302
vt 0.108828 0.568110
vt 0.103620 0.566042
vt 0.098682 0.563670
vt 0.753215 0.668606
vt 0.752810 0.674280
vt 0.748302 0.672764
vt 0.742411 0.679456
vt 0.737182 0.679729
vt 0.512484 0.167709
vt 0.508384 0.167937
vt 0.502917 0.168733
vt 0.497488 0.169900
vt 0.703903 0.837403
vt 0.703715 0.833369
vt 0.708328 0.832562
vt 0.714170 0.832266
vt 0.719563 0.832572
vt 0.111864 0.572483
vt 0.107530 0.572097
vt 0.101984 0.571104
vt 0.096718 0.569783
vt 0.752555 0.680476
vt 0.748018 0.679729
vn -0.0055 -0.0510 0.9987
vn -0.0056 -0.2263 0.9740
vn 0.4785 -0.1990 0.8552
vn 0.4822 -0.0453 0.8749
vn 0.8460 -0.1215 0.5190
vn 0.8499 -0.0281 0.5261
vn 0.9990 -0.0106 0.0423
vn 0.9994 -0.0028 0.0348
vn 0.8846 0.1055 -0.4542
vn 0.8808 0.0246 -0.4727
vn 0.5211 0.1936 -0.8312
vn 0.5169 0.0459 -0.8548
vn 0.0056 0.2267 -0.9739
vn 0.0055 0.0543 -0.9985
vn -0.5116 0.1946 -0.8369
vn -0.5073 0.0469 -0.8604
vn -0.8794 0.1072 -0.4639
vn -0.8755 0.0262 -0.4824
vn -0.9995 -0.0087 0.0313
vn -0.9997 -0.0009 0.0237
vn -0.8520 -0.1198 0.5097
vn -0.8557 -0.0265 0.5167
vn -0.4883 -0.1980 0.8499
vn -0.4919 -0.0444 0.8695
vn -0.0054 -0.4332 0.9012
vn 0.4731 -0.3818 0.7940
vn 0.8426 -0.2342 0.4850
vn 0.9990 -0.0193 0.0391
vn 0.8810 0.2064 -0.4257
vn 0.5143 0.3747 -0.7714
vn 0.0054 0.4366 -0.8996
vn -0.5051 0.3757 -0.7770
vn -0.8759 0.2080 -0.4353
vn -0.9995 -0.0174 0.0280
vn -0.8483 -0.2326 0.4757
vn -0.4826 -0.3809 0.7887
vn -0.0049 -0.6124 0.7905
vn 0.4655 -0.5418 0.6998
vn 0.8376 -0.3349 0.4315
vn 0.9991 -0.0264 0.0342
vn 0.8758 0.2976 -0.3800
vn 0.5047 0.5324 -0.6795
vn 0.0049 0.6160 -0.7877
vn -0.4962 0.5334 -0.6850
vn -0.8710 0.2993 -0.3896
vn -0.9994 -0.0245 0.0232
vn -0.8430 -0.3333 0.4222
vn -0.4742 -0.5409 0.6946
vn -0.0043 -0.7573 0.6530
vn 0.4571 -0.6731 0.5814
vn 0.8320 -0.4199 0.3625
vn 0.9991 -0.0317 0.0284
vn 0.8697 0.3760 -0.3197
vn 0.4940 0.6618 -0.5639
vn 0.0043 0.7602 -0.6496
vn -0.4865 0.6627 -0.5693
vn -0.8654 0.3776 -0.3292
vn -0.9994 -0.0298 0.0174
vn -0.8368 -0.4183 0.3533
vn -0.4647 -0.6722 0.5763
vn -0.0035 -0.8667 0.4988
vn 0.4492 -0.7737 0.4467
vn 0.8267 -0.4869 0.2818
vn 0.9991 -0.0352 0.0224
vn 0.8638 0.4387 -0.2479
vn 0.4838 0.7609 -0.4322
vn 0.0035 0.8686 -0.4956
vn -0.4776 0.7619 -0.4375
vn -0.8602 0.4403 -0.2574
vn -0.9994 -0.0333 0.0114
vn -0.8307 -0.4853 0.2726
vn -0.4556 -0.7728 0.4418
vn -0.0027 -0.9420 0.3354
vn 0.4431 -0.8440 0.3023
vn 0.8225 -0.5350 0.1930
vn 0.9991 -0.0374 0.0165
vn 0.8587 0.4842 -0.1677
vn 0.4756 0.8302 -0.2908
vn 0.0027 0.9430 -0.3328
vn -0.4708 0.8310 -0.2961
vn -0.8559 0.4858 -0.1772
vn -0.9993 -0.0355 0.0056
vn -0.8256 -0.5334 0.1839
vn -0.4480 -0.8431 0.2973
vn -0.0019 -0.9859 0.1674
vn 0.4394 -0.8853 0.1524
vn 0.8199 -0.5638 0.0993
vn 0.9992 -0.0385 0.0109
vn 0.8552 0.5117 -0.0822
vn 0.4699 0.8708 -0.1442
vn 0.0018 0.9861 -0.1660
vn -0.4667 0.8717 -0.1494
vn -0.8533 0.5132 -0.0916
vn -0.9993 -0.0366 -0.0001
vn -0.8220 -0.5622 0.0902
vn -0.4427 -0.8844 0.1476
vn -0.0009 -1.0000 -0.0023
vn 0.4386 -0.8986 0.0003
vn 0.8194 -0.5732 0.0032
vn 0.9992 -0.0389 0.0054
vn 0.8537 0.5207 0.0059
vn 0.4674 0.8840 0.0046
vn 0.0009 1.0000 0.0023
vn -0.4658 0.8849 -0.0005
vn -0.8527 0.5223 -0.0035
vn -0.9993 -0.0369 -0.0056
vn -0.8205 -0.5716 -0.0058
vn -0.4403 -0.8978 -0.0045
vn 0.0000 -0.9851 -0.1720
vn 0.4411 -0.8845 -0.1517
vn 0.8210 -0.5633 -0.0928
vn 0.9992 -0.0385 -0.0001
vn 0.8542 0.5112 0.0940
vn 0.4683 0.8701 0.1534
vn 0.0000 0.9853 0.1706
vn -0.4683 0.8710 0.1483
vn -0.8543 0.5128 0.0846
vn -0.9993 -0.0366 -0.0111
vn -0.8210 -0.5618 -0.1019
vn -0.4410 -0.8837 -0.1566
vn 0.0009 -0.9405 -0.3398
vn 0.4464 -0.8426 -0.3013
vn 0.8246 -0.5341 -0.1864
vn 0.9993 -0.0373 -0.0057
vn 0.8568 0.4834 0.1794
vn 0.4723 0.8288 0.2999
vn -0.0009 0.9414 0.3372
vn -0.4740 0.8297 0.2947
vn -0.8578 0.4850 0.1700
vn -0.9992 -0.0354 -0.0167
vn -0.8235 -0.5325 -0.1955
vn -0.4447 -0.8417 -0.3062
vn 0.0019 -0.8643 -0.5029
vn 0.4542 -0.7716 -0.4454
vn 0.8298 -0.4856 -0.2749
vn 0.9993 -0.0352 -0.0116
vn 0.8610 0.4375 0.2594
vn 0.4790 0.7589 0.4411
vn -0.0019 0.8663 0.4996
vn -0.4824 0.7598 0.4357
vn -0.8629 0.4391 0.2499
vn -0.9992 -0.0332 -0.0226
vn -0.8277 -0.4840 -0.2840
vn -0.4507 -0.7707 -0.4503
vn 0.0029 -0.7543 -0.6565
vn 0.4635 -0.6704 -0.5794
vn 0.8360 -0.4182 -0.3552
vn 0.9993 -0.0316 -0.0176
vn 0.8661 0.3745 0.3310
vn 0.4877 0.6592 0.5723
vn -0.0029 0.7572 0.6532
vn -0.4927 0.6601 0.5669
vn -0.8690 0.3761 0.3215
vn -0.9991 -0.0297 -0.0286
vn -0.8328 -0.4166 -0.3644
vn -0.4584 -0.6695 -0.5845
vn 0.0038 -0.6088 -0.7933
vn 0.4732 -0.5386 -0.6971
vn 0.8423 -0.3329 -0.4238
vn 0.9994 -0.0263 -0.0233
vn 0.8715 0.2959 0.3910
vn 0.4972 0.5293 0.6875
vn -0.0038 0.6123 0.7906
vn -0.5037 0.5302 0.6820
vn -0.8752 0.2975 0.3813
vn -0.9991 -0.0244 -0.0343
vn -0.8383 -0.3313 -0.4330
vn -0.4665 -0.5377 -0.7023
vn 0.0045 -0.4291 -0.9032
vn 0.4818 -0.3781 -0.7905
vn 0.8479 -0.2319 -0.4768
vn 0.9994 -0.0192 -0.0281
vn 0.8762 0.2044 0.4363
vn 0.5057 0.3711 0.7788
vn -0.0045 0.4324 0.9017
vn -0.5135 0.3721 0.7732
vn -0.8806 0.2060 0.4266
vn -0.9991 -0.0173 -0.0391
vn -0.8430 -0.2303 -0.4861
vn -0.4738 -0.3772 -0.7957
vn 0.0051 -0.2217 -0.9751
vn 0.4879 -0.1950 -0.8508
vn 0.8517 -0.1191 -0.5102
vn 0.9995 -0.0105 -0.0314
vn 0.8795 0.1034 0.4645
vn 0.5118 0.1897 0.8379
vn -0.0051 0.2222 0.9750
vn -0.5206 0.1907 0.8322
vn -0.8844 0.1050 0.4548
vn -0.9991 -0.0086 -0.0424
vn -0.8463 -0.1175 -0.5196
vn -0.4789 -0.1941 -0.8561
vn 0.0054 -0.0464 -0.9989
vn 0.4918 -0.0413 -0.8697
vn 0.8557 -0.0257 -0.5168
vn 0.9997 -0.0027 -0.0238
vn 0.8755 0.0224 0.4826
vn 0.5073 0.0420 0.8607
vn -0.0054 0.0497 0.9987
vn -0.5166 0.0430 0.8551
vn -0.8808 0.0240 0.4729
vn -0.9994 -0.0008 -0.0348
vn -0.8500 -0.0241 -0.5262
vn -0.4823 -0.0403 -0.8751
vn 0.0056 0.1782 -0.9839
vn 0.4867 0.1559 -0.8595
vn 0.8494 0.0945 -0.5192
vn 0.9991 0.0078 -0.0403
vn 0.8842 -0.0826 0.4596
vn 0.5179 -0.1516 0.8419
vn -0.0056 -0.1774 0.9841
vn -0.5274 -0.1506 0.8361
vn -0.8894 -0.0809 0.4498
vn -0.9986 0.0097 -0.0513
vn -0.8435 0.0960 -0.5285
vn -0.4770 0.1567 -0.8648
vn 0.0054 0.4327 -0.9015
vn 0.4824 0.3805 -0.7890
vn 0.8482 0.2325 -0.4759
vn 0.9995 0.0174 -0.0281
vn 0.8757 -0.2085 0.4354
vn 0.5047 -0.3769 0.7767
vn -0.0053 -0.4382 0.8988
vn -0.5139 -0.3760 0.7711
vn -0.8809 -0.2068 0.4257
vn -0.9990 0.0193 -0.0391
vn -0.8425 0.2340 -0.4852
vn -0.4730 0.3814 -0.7942
vn 0.0049 0.6124 -0.7905
vn 0.4742 0.5409 -0.6946
vn 0.8430 0.3333 -0.4223
vn 0.9994 0.0245 -0.0232
vn 0.8710 -0.2993 0.3896
vn 0.4962 -0.5333 0.6850
vn -0.0049 -0.6160 0.7877
vn -0.5047 -0.5324 0.6795
vn -0.8758 -0.2976 0.3800
vn -0.9991 0.0264 -0.0342
vn -0.8376 0.3349 -0.4315
vn -0.4655 0.5418 -0.6998
vn 0.0043 0.7573 -0.6530
vn 0.4647 0.6722 -0.5763
vn 0.8368 0.4183 -0.3533
vn 0.9994 0.0298 -0.0175
vn 0.8654 -0.3776 0.3292
vn 0.4865 -0.6627 0.5692
vn -0.0043 -0.7602 0.6496
vn -0.4940 -0.6618 0.5639
vn -0.8697 -0.3759 0.3197
vn -0.9991 0.0317 -0.0284
vn -0.8320 0.4199 -0.3625
vn -0.4570 0.6731 -0.5814
vn 0.0036 0.8667 -0.4989
vn 0.4555 0.7728 -0.4418
vn 0.8307 0.4854 -0.2727
vn 0.9994 0.0334 -0.0114
vn 0.8602 -0.4403 0.2574
vn 0.4776 -0.7619 0.4375
vn -0.0035 -0.8686 0.4956
vn -0.4839 -0.7609 0.4322
vn -0.8638 -0.4386 0.2479
vn -0.9991 0.0352 -0.0225
vn -0.8267 0.4869 -0.2818
vn -0.4492 0.7737 -0.4468
vn 0.0027 0.9420 -0.3354
vn 0.4480 0.8431 -0.2974
vn 0.8256 0.5335 -0.1840
vn 0.9993 0.0355 -0.0056
vn 0.8559 -0.4858 0.1772
vn 0.4707 -0.8311 0.2961
vn -0.0027 -0.9430 0.3328
vn -0.4755 -0.8302 0.2909
vn -0.8587 -0.4841 0.1677
vn -0.9991 0.0374 -0.0166
vn -0.8225 0.5350 -0.1930
vn -0.4431 0.8440 -0.3023
vn 0.0018 0.9859 -0.1674
vn 0.4428 0.8844 -0.1476
vn 0.8220 0.5622 -0.0902
vn 0.9993 0.0366 0.0001
vn 0.8533 -0.5133 0.0916
vn 0.4667 -0.8717 0.1494
vn -0.0018 -0.9861 0.1660
vn -0.4699 -0.8708 0.1442
vn -0.8552 -0.5117 0.0822
vn -0.9992 0.0385 -0.0109
vn -0.8199 0.5637 -0.0993
vn -0.4394 0.8852 -0.1524
vn 0.4404 0.8978 0.0045
vn 0.8205 0.5716 0.0058
vn 0.9993 0.0369 0.0056
vn 0.8527 -0.5223 0.0035
vn 0.4658 -0.8849 0.0005
vn -0.4675 -0.8840 -0.0046
vn -0.8537 -0.5207 -0.0059
vn -0.9992 0.0388 -0.0054
vn -0.8194 0.5732 -0.0032
vn -0.4387 0.8986 -0.0003
vn 0.0000 0.9851 0.1720
vn 0.4411 0.8837 0.1566
vn 0.8210 0.5618 0.1019
vn 0.9993 0.0366 0.0111
vn 0.8542 -0.5129 -0.0846
vn 0.4683 -0.8710 -0.1483
vn 0.0000 -0.9853 -0.1706
vn -0.4683 -0.8701 -0.1534
vn -0.8542 -0.5112 -0.0940
vn -0.9992 0.0385 0.0001
vn -0.8210 0.5633 0.0928
vn -0.4411 0.8845 0.1517
vn -0.0009 0.9405 0.3398
vn 0.4447 0.8417 0.3062
vn 0.8235 0.5326 0.1955
vn 0.9992 0.0355 0.0167
vn 0.8578 -0.4850 -0.1700
vn 0.4740 -0.8297 -0.2947
vn 0.0009 -0.9414 -0.3372
vn -0.4723 -0.8288 -0.2999
vn -0.8568 -0.4834 -0.1794
vn -0.9993 0.0374 0.0057
vn -0.8246 0.5341 0.1864
vn -0.4464 0.8426 0.3013
vn -0.0019 0.8643 0.5029
vn 0.4506 0.7708 0.4503
vn 0.8276 0.4841 0.2841
vn 0.9992 0.0333 0.0226
vn 0.8629 -0.4391 -0.2499
vn 0.4824 -0.7598 -0.4357
vn 0.0019 -0.8662 -0.4996
vn -0.4790 -0.7589 -0.4411
vn -0.8610 -0.4374 -0.2594
vn -0.9993 0.0352 0.0116
vn -0.8298 0.4857 0.2749
vn -0.4541 0.7716 0.4454
vn -0.0029 0.7543 0.6565
vn 0.4583 0.6695 0.5845
vn 0.8328 0.4167 0.3644
vn 0.9991 0.0297 0.0286
vn 0.8690 -0.3761 -0.3214
vn 0.4928 -0.6601 -0.5669
vn 0.0029 -0.7572 -0.6531
vn -0.4877 -0.6592 -0.5723
vn -0.8661 -0.3744 -0.3310
vn -0.9993 0.0316 0.0176
vn -0.8360 0.4183 0.3552
vn -0.4634 0.6704 0.5794
vn -0.0038 0.6088 0.7933
vn 0.4665 0.5377 0.7023
vn 0.8382 0.3313 0.4331
vn 0.9991 0.0244 0.0343
vn 0.8752 -0.2976 -0.3814
vn 0.5037 -0.5302 -0.6820
vn 0.0038 -0.6124 -0.7906
vn -0.4972 -0.5293 -0.6875
vn -0.8715 -0.2959 -0.3910
vn -0.9994 0.0263 0.0233
vn -0.8423 0.3329 0.4238
vn -0.4732 0.5386 0.6971
vn -0.0045 0.4285 0.9035
vn 0.4737 0.3768 0.7960
vn 0.8429 0.2302 0.4863
vn 0.9991 0.0172 0.0392
vn 0.8805 -0.2065 -0.4267
vn 0.5132 -0.3734 -0.7728
vn 0.0045 -0.4341 -0.9008
vn -0.5054 -0.3724 -0.7783
vn -0.8762 -0.2048 -0.4363
vn -0.9994 0.0191 0.0282
vn -0.8478 0.2318 0.4769
vn -0.4817 0.3777 0.7907
vn -0.0052 0.1737 0.9848
vn 0.4772 0.1519 0.8655
vn 0.8437 0.0920 0.5289
vn 0.9986 0.0076 0.0513
vn 0.8893 -0.0804 -0.4501
vn 0.5272 -0.1477 -0.8368
vn 0.0052 -0.1728 -0.9849
vn -0.5183 -0.1468 -0.8425
vn -0.8845 -0.0787 -0.4599
vn -0.9991 0.0095 0.0403
vn -0.8493 0.0936 0.5195
vn -0.4865 0.1527 0.8602
vn 0.9987 -0.0497 0.0054
vn 0.9743 -0.2249 0.0049
vn 0.8555 -0.1962 -0.4792
vn 0.8749 -0.0425 -0.4823
vn 0.5192 -0.1180 -0.8464
vn 0.5261 -0.0247 -0.8500
vn 0.0423 -0.0073 -0.9991
vn 0.0348 0.0005 -0.9994
vn -0.4543 0.1077 -0.8843
vn -0.4728 0.0268 -0.8808
vn -0.8315 0.1941 -0.5205
vn -0.8549 0.0464 -0.5167
vn -0.9742 0.2254 -0.0048
vn -0.9986 0.0529 -0.0053
vn -0.8372 0.1917 0.5122
vn -0.8605 0.0441 0.5075
vn -0.4640 0.1036 0.8797
vn -0.4824 0.0227 0.8756
vn 0.0313 -0.0119 0.9994
vn 0.0237 -0.0041 0.9997
vn 0.5098 -0.1219 0.8516
vn 0.5167 -0.0286 0.8556
vn 0.8502 -0.1985 0.4877
vn 0.8696 -0.0448 0.4917
vn 0.9018 -0.4320 0.0040
vn 0.7945 -0.3791 -0.4743
vn 0.4853 -0.2308 -0.8433
vn 0.0391 -0.0160 -0.9991
vn -0.4259 0.2087 -0.8803
vn -0.7719 0.3753 -0.5130
vn -0.9002 0.4353 -0.0039
vn -0.7775 0.3730 0.5063
vn -0.4356 0.2046 0.8766
vn 0.0280 -0.0206 0.9994
vn 0.4760 -0.2347 0.8476
vn 0.7892 -0.3814 0.4813
vn 0.7913 -0.6113 0.0029
vn 0.7006 -0.5393 -0.4673
vn 0.4320 -0.3316 -0.8387
vn 0.0342 -0.0231 -0.9991
vn -0.3804 0.3000 -0.8748
vn -0.6803 0.5331 -0.5030
vn -0.7886 0.6149 -0.0029
vn -0.6858 0.5308 0.4979
vn -0.3900 0.2959 0.8719
vn 0.0232 -0.0277 0.9993
vn 0.4227 -0.3355 0.8419
vn 0.6954 -0.5415 0.4725
vn 0.6540 -0.7564 0.0019
vn 0.5823 -0.6708 -0.4592
vn 0.3630 -0.4167 -0.8334
vn 0.0285 -0.0284 -0.9992
vn -0.3202 0.3783 -0.8685
vn -0.5648 0.6626 -0.4918
vn -0.6507 0.7593 -0.0018
vn -0.5702 0.6604 0.4886
vn -0.3298 0.3743 0.8667
vn 0.0175 -0.0330 0.9993
vn 0.3538 -0.4205 0.8354
vn 0.5772 -0.6729 0.4625
vn 0.5000 -0.8660 0.0007
vn 0.4478 -0.7716 -0.4517
vn 0.2824 -0.4838 -0.8283
vn 0.0225 -0.0319 -0.9992
vn -0.2485 0.4411 -0.8623
vn -0.4333 0.7619 -0.4814
vn -0.4967 0.8679 -0.0007
vn -0.4386 0.7597 0.4801
vn -0.2580 0.4371 0.8616
vn 0.0115 -0.0366 0.9992
vn 0.2733 -0.4877 0.8291
vn 0.4428 -0.7737 0.4531
vn 0.3367 -0.9416 -0.0003
vn 0.3034 -0.8421 -0.4458
vn 0.1938 -0.5320 -0.8242
vn 0.0166 -0.0341 -0.9993
vn -0.1684 0.4867 -0.8571
vn -0.2920 0.8313 -0.4729
vn -0.3341 0.9425 0.0003
vn -0.2972 0.8291 0.4735
vn -0.1778 0.4827 0.8575
vn 0.0056 -0.0387 0.9992
vn 0.1847 -0.5358 0.8238
vn 0.2985 -0.8441 0.4452
vn 0.1688 -0.9856 -0.0013
vn 0.1537 -0.8836 -0.4423
vn 0.1000 -0.5610 -0.8217
vn 0.0110 -0.0352 -0.9993
vn -0.0829 0.5143 -0.8536
vn -0.1455 0.8722 -0.4671
vn -0.1674 0.9859 0.0013
vn -0.1506 0.8700 0.4695
vn -0.0923 0.5103 0.8550
vn -0.0000 -0.0399 0.9992
vn 0.0910 -0.5647 0.8202
vn 0.1488 -0.8856 0.4398
vn 0.0016 -0.8972 -0.4416
vn 0.0040 -0.5705 -0.8213
vn 0.0055 -0.0356 -0.9993
vn 0.0052 0.5235 -0.8520
vn 0.0034 0.8855 -0.4645
vn -0.0017 0.8834 0.4686
vn -0.0042 0.5195 0.8544
vn -0.0055 -0.0402 0.9991
vn -0.0050 -0.5743 0.8186
vn -0.0033 -0.8992 0.4374
vn -0.1706 -0.9853 -0.0032
vn -0.1505 -0.8833 -0.4439
vn -0.0921 -0.5608 -0.8228
vn 0.0000 -0.0352 -0.9994
vn 0.0933 0.5141 -0.8526
vn 0.1523 0.8719 -0.4654
vn 0.1692 0.9856 0.0032
vn 0.1471 0.8697 0.4711
vn 0.0839 0.5102 0.8560
vn -0.0110 -0.0399 0.9991
vn -0.1011 -0.5646 0.8191
vn -0.1553 -0.8853 0.4382
vn -0.3385 -0.9409 -0.0040
vn -0.3001 -0.8415 -0.4491
vn -0.1857 -0.5317 -0.8263
vn -0.0057 -0.0341 -0.9994
vn 0.1787 0.4864 -0.8552
vn 0.2988 0.8308 -0.4696
vn 0.3359 0.9419 0.0040
vn 0.2936 0.8286 0.4767
vn 0.1693 0.4824 0.8594
vn -0.0167 -0.0387 0.9991
vn -0.1947 -0.5354 0.8218
vn -0.3050 -0.8436 0.4419
vn -0.5017 -0.8650 -0.0048
vn -0.4443 -0.7707 -0.4567
vn -0.2742 -0.4833 -0.8314
vn -0.0116 -0.0319 -0.9994
vn 0.2588 0.4406 -0.8595
vn 0.4400 0.7611 -0.4765
vn 0.4984 0.8669 0.0047
vn 0.4347 0.7589 0.4849
vn 0.2493 0.4366 0.8644
vn -0.0226 -0.0365 0.9991
vn -0.2833 -0.4871 0.8261
vn -0.4493 -0.7728 0.4482
vn -0.6555 -0.7552 -0.0053
vn -0.5784 -0.6697 -0.4657
vn -0.3546 -0.4160 -0.8373
vn -0.0175 -0.0284 -0.9994
vn 0.3305 0.3777 -0.8649
vn 0.5714 0.6615 -0.4855
vn 0.6521 0.7581 0.0053
vn 0.5660 0.6593 0.4949
vn 0.3209 0.3737 0.8702
vn -0.0286 -0.0330 0.9990
vn -0.3638 -0.4198 0.8315
vn -0.5835 -0.6718 0.4562
vn -0.7925 -0.6099 -0.0058
vn -0.6963 -0.5380 -0.4750
vn -0.4233 -0.3308 -0.8434
vn -0.0233 -0.0231 -0.9995
vn 0.3905 0.2993 -0.8706
vn 0.6868 0.5318 -0.4955
vn 0.7897 0.6134 0.0058
vn 0.6813 0.5295 0.5054
vn 0.3809 0.2952 0.8762
vn -0.0343 -0.0277 0.9990
vn -0.4326 -0.3347 0.8372
vn -0.7015 -0.5402 0.4648
vn -0.9026 -0.4303 -0.0060
vn -0.7899 -0.3776 -0.4830
vn -0.4764 -0.2298 -0.8486
vn -0.0281 -0.0160 -0.9995
vn 0.4360 0.2078 -0.8756
vn 0.7783 0.3739 -0.5045
vn 0.9011 0.4336 0.0060
vn 0.7727 0.3715 0.5147
vn 0.4263 0.2038 0.8813
vn -0.0391 -0.0206 0.9990
vn -0.4857 -0.2337 0.8422
vn -0.7952 -0.3798 0.4726
vn -0.9748 -0.2231 -0.0059
vn -0.8505 -0.1946 -0.4886
vn -0.5101 -0.1170 -0.8521
vn -0.0314 -0.0073 -0.9995
vn 0.4643 0.1069 -0.8791
vn 0.8376 0.1926 -0.5112
vn 0.9747 0.2235 0.0059
vn 0.8319 0.1902 0.5212
vn 0.4546 0.1028 0.8847
vn -0.0424 -0.0119 0.9990
vn -0.5194 -0.1209 0.8459
vn -0.8559 -0.1968 0.4783
vn -0.9988 -0.0478 -0.0056
vn -0.8697 -0.0409 -0.4919
vn -0.5168 -0.0237 -0.8558
vn -0.0238 0.0005 -0.9997
vn 0.4826 0.0259 -0.8755
vn 0.8607 0.0448 -0.5072
vn 0.9987 0.0510 0.0056
vn 0.8550 0.0425 0.5168
vn 0.4729 0.0218 0.8808
vn -0.0348 -0.0041 0.9994
vn -0.5262 -0.0276 0.8499
vn -0.8750 -0.0431 0.4821
vn -0.9842 0.1769 -0.0050
vn -0.8597 0.1563 -0.4863
vn -0.5193 0.0965 -0.8491
vn -0.0403 0.0110 -0.9991
vn 0.4597 -0.0790 -0.8845
vn 0.8421 -0.1488 -0.5184
vn 0.9843 -0.1760 0.0050
vn 0.8364 -0.1512 0.5269
vn 0.4500 -0.0832 0.8892
vn -0.0514 0.0064 0.9987
vn -0.5286 0.0925 0.8438
vn -0.8650 0.1540 0.4775
vn -0.9021 0.4315 -0.0040
vn -0.7895 0.3809 -0.4812
vn -0.4762 0.2346 -0.8474
vn -0.0281 0.0206 -0.9994
vn 0.4357 -0.2051 -0.8764
vn 0.7772 -0.3742 -0.5059
vn 0.8994 -0.4370 0.0039
vn 0.7716 -0.3766 0.5126
vn 0.4259 -0.2091 0.8802
vn -0.0391 0.0160 0.9991
vn -0.4855 0.2306 0.8432
vn -0.7948 0.3787 0.4742
vn -0.7913 0.6113 -0.0029
vn -0.6954 0.5415 -0.4725
vn -0.4227 0.3355 -0.8419
vn -0.0232 0.0277 -0.9993
vn 0.3900 -0.2959 -0.8719
vn 0.6858 -0.5307 -0.4979
vn 0.7886 -0.6149 0.0029
vn 0.6803 -0.5331 0.5030
vn 0.3804 -0.3000 0.8748
vn -0.0342 0.0231 0.9991
vn -0.4319 0.3316 0.8387
vn -0.7005 0.5394 0.4673
vn -0.6540 0.7564 -0.0018
vn -0.5772 0.6729 -0.4625
vn -0.3539 0.4205 -0.8354
vn -0.0175 0.0330 -0.9993
vn 0.3298 -0.3743 -0.8667
vn 0.5701 -0.6604 -0.4887
vn 0.6507 -0.7593 0.0018
vn 0.5648 -0.6626 0.4918
vn 0.3202 -0.3783 0.8685
vn -0.0285 0.0284 0.9992
vn -0.3630 0.4167 0.8334
vn -0.5823 0.6708 0.4593
vn -0.5000 0.8660 -0.0007
vn -0.4429 0.7737 -0.4530
vn -0.2733 0.4877 -0.8291
vn -0.0115 0.0366 -0.9992
vn 0.2580 -0.4371 -0.8616
vn 0.4386 -0.7597 -0.4801
vn 0.4967 -0.8679 0.0007
vn 0.4333 -0.7619 0.4814
vn 0.2485 -0.4411 0.8624
vn -0.0225 0.0320 0.9992
vn -0.2824 0.4838 0.8283
vn -0.4478 0.7716 0.4517
vn -0.3367 0.9416 0.0003
vn -0.2985 0.8442 -0.4452
vn -0.1847 0.5359 -0.8238
vn -0.0056 0.0388 -0.9992
vn 0.1779 -0.4827 -0.8575
vn 0.2972 -0.8291 -0.4735
vn 0.3341 -0.9425 -0.0003
vn 0.2920 -0.8313 0.4729
vn 0.1684 -0.4867 0.8571
vn -0.0166 0.0341 0.9993
vn -0.1938 0.5320 0.8242
vn -0.3034 0.8421 0.4458
vn -0.1688 0.9856 0.0014
vn -0.1488 0.8856 -0.4399
vn -0.0910 0.5647 -0.8202
vn 0.0000 0.0399 -0.9992
vn 0.0923 -0.5104 -0.8549
vn 0.1506 -0.8700 -0.4695
vn 0.1674 -0.9859 -0.0013
vn 0.1454 -0.8721 0.4671
vn 0.0829 -0.5143 0.8535
vn -0.0110 0.0352 0.9993
vn -0.1000 0.5609 0.8218
vn -0.1537 0.8836 0.4423
vn 0.0033 0.8992 -0.4375
vn 0.0050 0.5743 -0.8186
vn 0.0055 0.0402 -0.9992
vn 0.0042 -0.5195 -0.8544
vn 0.0017 -0.8834 -0.4687
vn -0.0034 -0.8855 0.4646
vn -0.0052 -0.5235 0.8520
vn -0.0055 0.0356 0.9993
vn -0.0040 0.5705 0.8213
vn -0.0016 0.8972 0.4416
vn 0.1706 0.9853 0.0032
vn 0.1553 0.8853 -0.4382
vn 0.1011 0.5646 -0.8191
vn 0.0110 0.0399 -0.9991
vn -0.0839 -0.5102 -0.8559
vn -0.1471 -0.8697 -0.4711
vn -0.1692 -0.9856 -0.0032
vn -0.1522 -0.8719 0.4655
vn -0.0933 -0.5141 0.8526
vn 0.0000 0.0352 0.9994
vn 0.0920 0.5607 0.8228
vn 0.1505 0.8833 0.4440
vn 0.3385 0.9409 0.0040
vn 0.3050 0.8436 -0.4419
vn 0.1948 0.5355 -0.8217
vn 0.0167 0.0388 -0.9991
vn -0.1693 -0.4824 -0.8594
vn -0.2936 -0.8285 -0.4767
vn -0.3359 -0.9419 -0.0040
vn -0.2988 -0.8307 0.4696
vn -0.1787 -0.4864 0.8552
vn 0.0057 0.0341 0.9994
vn 0.1857 0.5317 0.8263
vn 0.3001 0.8415 0.4491
vn 0.5017 0.8650 0.0048
vn 0.4493 0.7729 -0.4481
vn 0.2834 0.4872 -0.8260
vn 0.0226 0.0366 -0.9991
vn -0.2493 -0.4366 -0.8644
vn -0.4347 -0.7588 -0.4849
vn -0.4984 -0.8669 -0.0047
vn -0.4400 -0.7611 0.4766
vn -0.2588 -0.4406 0.8596
vn 0.0116 0.0319 0.9994
vn 0.2742 0.4833 0.8314
vn 0.4443 0.7707 0.4566
vn 0.6554 0.7552 0.0053
vn 0.5836 0.6718 -0.4561
vn 0.3639 0.4199 -0.8314
vn 0.0285 0.0330 -0.9990
vn -0.3209 -0.3737 -0.8702
vn -0.5660 -0.6593 -0.4949
vn -0.6521 -0.7581 -0.0053
vn -0.5714 -0.6615 0.4856
vn -0.3305 -0.3777 0.8649
vn 0.0175 0.0283 0.9994
vn 0.3547 0.4160 0.8373
vn 0.5785 0.6697 0.4656
vn 0.7925 0.6099 0.0058
vn 0.7016 0.5402 -0.4647
vn 0.4326 0.3347 -0.8372
vn 0.0342 0.0277 -0.9990
vn -0.3810 -0.2952 -0.8762
vn -0.6813 -0.5295 -0.5055
vn -0.7897 -0.6134 -0.0058
vn -0.6868 -0.5318 0.4955
vn -0.3905 -0.2993 0.8705
vn 0.0232 0.0230 0.9995
vn 0.4233 0.3308 0.8434
vn 0.6964 0.5380 0.4749
vn 0.9029 0.4298 0.0060
vn 0.7955 0.3794 -0.4725
vn 0.4859 0.2336 -0.8422
vn 0.0392 0.0205 -0.9990
vn -0.4264 -0.2042 -0.8812
vn -0.7722 -0.3728 -0.5144
vn -0.9002 -0.4353 -0.0060
vn -0.7779 -0.3751 0.5042
vn -0.4360 -0.2083 0.8755
vn 0.0281 0.0159 0.9995
vn 0.4766 0.2297 0.8485
vn 0.7902 0.3772 0.4830
vn 0.9845 0.1750 0.0058
vn 0.8653 0.1546 -0.4767
vn 0.5288 0.0955 -0.8433
vn 0.0513 0.0109 -0.9986
vn -0.4500 -0.0782 -0.8896
vn -0.8365 -0.1472 -0.5277
vn -0.9847 -0.1742 -0.0058
vn -0.8423 -0.1496 0.5178
vn -0.4598 -0.0823 0.8842
vn 0.0403 0.0063 0.9991
vn 0.5194 0.0916 0.8496
vn 0.8600 0.1523 0.4870
vn -0.4825 -0.3809 0.7887
vn 0.8758 0.2977 -0.3800
vn -0.4962 0.5333 -0.6850
vn -0.8654 0.3776 -0.3293
vn -0.0035 -0.8667 0.4989
vn 0.8637 0.4387 -0.2479
vn 0.0035 0.8686 -0.4955
vn -0.4480 -0.8431 0.2974
vn 0.4699 0.8708 -0.1443
vn 0.0018 0.9861 -0.1661
vn 0.4675 0.8840 0.0046
vn -0.9993 -0.0370 -0.0056
vn 0.4683 0.8701 0.1535
vn 0.4790 0.7589 0.4410
vn -0.0029 0.7572 0.6531
vn -0.8690 0.3761 0.3214
vn 0.4972 0.5292 0.6875
vn -0.8752 0.2975 0.3814
vn 0.8478 -0.2319 -0.4768
vn -0.8430 -0.2303 -0.4860
vn -0.8320 0.4199 -0.3624
vn -0.4571 0.6731 -0.5814
vn 0.4776 -0.7618 0.4375
vn -0.0035 -0.8686 0.4955
vn -0.0027 -0.9430 0.3329
vn 0.0019 0.9859 -0.1674
vn 0.4411 0.8837 0.1565
vn 0.4506 0.7707 0.4504
vn -0.5183 -0.1467 -0.8425
vn -0.9986 0.0529 -0.0054
vn 0.6953 -0.5415 0.4725
vn 0.6540 -0.7564 0.0018
vn 0.2985 -0.8442 0.4452
vn -0.0829 0.5143 -0.8535
vn 0.0034 0.8855 -0.4646
vn -0.0032 -0.8992 0.4374
vn 0.1693 0.9856 0.0032
vn -0.1553 -0.8854 0.4381
vn -0.1948 -0.5355 0.8218
vn -0.5017 -0.8650 -0.0047
vn 0.2588 0.4407 -0.8595
vn 0.4347 0.7588 0.4849
vn -0.5785 -0.6697 -0.4657
vn -0.3546 -0.4160 -0.8374
vn -0.0285 -0.0330 0.9990
vn -0.8558 -0.1968 0.4783
vn 0.4729 0.0219 0.8808
vn -0.0392 0.0160 0.9991
vn 0.6858 -0.5308 -0.4979
vn 0.2972 -0.8291 -0.4734
vn -0.0166 0.0342 0.9993
vn -0.1688 0.9856 0.0013
vn 0.1454 -0.8722 0.4671
vn -0.1522 -0.8719 0.4654
vn 0.3001 0.8415 0.4492
vn 0.0226 0.0365 -0.9991
vn 0.6554 0.7552 0.0054
vn -0.6813 -0.5295 -0.5054
vn 0.8461 -0.1215 0.5190
vn -0.0036 -0.8667 0.4989
vn -0.4776 0.7618 -0.4375
vn 0.0010 -0.9405 -0.3398
vn 0.5178 -0.1516 0.8419
vn 0.0035 0.8667 -0.4989
vn -0.4756 -0.8302 0.2909
vn -0.4674 -0.8840 -0.0046
vn 0.8328 0.4167 0.3645
vn 0.8690 -0.3761 -0.3215
vn 0.7005 -0.5393 -0.4672
vn 0.0115 -0.0365 0.9992
vn 0.2733 -0.4876 0.8292
vn 0.1537 -0.8836 -0.4422
vn 0.0040 -0.5705 -0.8212
vn -0.1857 -0.5316 -0.8263
vn 0.2988 0.8307 -0.4696
vn -0.1948 -0.5354 0.8218
vn -0.7925 -0.6099 -0.0057
vn -0.0237 0.0005 -0.9997
vn -0.4762 0.2345 -0.8474
vn 0.6507 -0.7594 0.0018
vn -0.5823 0.6708 0.4592
vn 0.1779 -0.4828 -0.8575
vn 0.2973 -0.8291 -0.4734
vn 0.0110 0.0398 -0.9991
vn -0.7897 -0.6134 -0.0057
vn -0.7778 -0.3751 0.5042
vn -0.9847 -0.1741 -0.0058
vn 0.8808 0.0246 -0.4728
vn -0.0018 -0.9859 0.1674
vn -0.0019 0.8662 0.4996
vn -0.0056 -0.1773 0.9841
vn 0.9994 0.0245 -0.0231
vn 0.8709 -0.2993 0.3896
vn 0.9994 0.0333 -0.0114
vn -0.0010 0.9405 0.3398
vn -0.8298 0.4856 0.2749
vn -0.4972 -0.5292 -0.6875
vn -0.5054 -0.3724 -0.7784
vn -0.4544 0.1077 -0.8843
vn 0.7006 -0.5393 -0.4672
vn 0.6813 0.5295 0.5055
vn -0.0342 -0.0277 0.9990
vn -0.8597 0.1563 -0.4862
vn -0.7895 0.3810 -0.4812
vn 0.0032 0.8992 -0.4375
vn -0.0016 0.8972 0.4417
vn 0.0286 0.0330 -0.9990
vn -0.4769 0.1567 -0.8648
vn 0.4506 0.7708 0.4504
vn 0.7005 -0.5393 -0.4673
vn 0.2936 0.8285 0.4767
vn 0.0167 0.0387 -0.9991
vn -0.3906 -0.2993 0.8705
vn -0.4756 -0.8302 0.2908
vn 0.0933 0.5142 -0.8526
vn 0.4984 0.8669 0.0048
vn 0.2973 -0.8291 -0.4735
vn 0.4357 -0.2050 -0.8764
vn -0.7913 0.6114 -0.0029
vn 0.8267 -0.4869 0.2817
vn -0.4708 0.8311 -0.2961
vn -0.8533 0.5133 -0.0916
usemtl None
s 1
f 1/1/1 13/2/2 14/3/3 2/4/4
f 2/5/4 14/6/3 15/7/5 3/8/6
f 3/8/6 15/7/5 16/9/7 4/10/8
f 4/10/8 16/9/7 17/11/9 5/12/10
f 5/13/10 17/14/9 18/15/11 6/16/12
f 6/16/12 18/15/11 19/17/13 7/18/14
f 7/18/14 19/17/13 20/19/15 8/20/16
f 8/21/16 20/22/15 21/23/17 9/24/18
f 9/24/18 21/23/17 22/25/19 10/26/20
f 10/26/20 22/25/19 23/27/21 11/28/22
f 11/29/22 23/30/21 24/31/23 12/32/24
f 12/32/24 24/31/23 13/2/2 1/1/1
f 13/2/2 25/33/25 26/34/26 14/3/3
f 14/6/3 26/35/26 27/36/27 15/7/5
f 15/7/5 27/36/27 28/37/28 16/9/7
f 16/9/7 28/37/28 29/38/29 17/11/9
f 17/14/9 29/39/29 30/40/30 18/15/11
f 18/15/11 30/40/30 31/41/31 19/17/13
f 19/17/13 31/41/31 32/42/32 20/19/15
f 20/22/15 32/43/32 33/44/33 21/23/17
f 21/23/17 33/44/33 34/45/34 22/25/19
f 22/25/19 34/45/34 35/46/35 23/27/21
f 23/30/21 35/47/35 36/48/36 24/31/23
f 24/31/23 36/48/36 25/33/25 13/2/2
f 25/33/25 37/49/37 38/50/38 26/34/26
f 26/35/26 38/51/38 39/52/39 27/36/27
f 27/36/27 39/52/39 40/53/40 28/37/28
f 28/37/28 40/53/40 41/54/41 29/38/29
f 29/38/29 41/54/41 42/55/42 30/56/30
f 30/40/30 42/57/42 43/58/43 31/41/31
f 31/41/31 43/58/43 44/59/44 32/42/32
f 32/43/32 44/60/44 45/61/45 33/44/33
f 33/44/33 45/61/45 46/62/46 34/45/34
f 34/45/34 46/62/46 47/63/47 35/46/35
f 35/47/35 47/64/47 48/65/48 36/48/36
f 36/48/36 48/65/48 37/49/37 25/33/25
f 37/66/37 49/67/49 50/68/50 38/69/38
f 38/51/38 50/70/50 51/71/51 39/52/39
f 39/52/39 51/71/51 52/72/52 40/53/40
f 40/53/40 52/72/52 53/73/53 41/54/41
f 41/54/41 53/73/53 54/74/54 42/55/42
f 42/75/42 54/76/54 55/77/55 43/78/43
f 43/78/43 55/77/55 56/79/56 44/80/44
f 44/60/44 56/81/56 57/82/57 45/61/45
f 45/61/45 57/82/57 58/83/58 46/62/46
f 46/62/46 58/83/58 59/84/59 47/63/47
f 47/63/47 59/84/59 60/85/60 48/86/48
f 48/87/48 60/88/60 49/67/49 37/66/37
f 49/67/49 61/89/61 62/90/62 50/68/50
f 50/70/50 62/91/62 63/92/63 51/71/51
f 51/71/51 63/92/63 64/93/64 52/72/52
f 52/72/52 64/93/64 65/94/65 53/73/53
f 53/73/53 65/94/65 66/95/66 54/74/54
f 54/76/54 66/96/66 67/97/67 55/77/55
f 55/77/55 67/97/67 68/98/68 56/79/56
f 56/81/56 68/99/68 69/100/69 57/82/57
f 57/82/57 69/100/69 70/101/70 58/83/58
f 58/83/58 70/101/70 71/102/71 59/84/59
f 59/84/59 71/102/71 72/103/72 60/85/60
f 60/88/60 72/104/72 61/89/61 49/67/49
f 61/89/61 73/105/73 74/106/74 62/90/62
f 62/90/62 74/106/74 75/107/75 63/108/63
f 63/92/63 75/109/75 76/110/76 64/93/64
f 64/93/64 76/110/76 77/111/77 65/94/65
f 65/94/65 77/111/77 78/112/78 66/95/66
f 66/96/66 78/113/78 79/114/79 67/97/67
f 67/97/67 79/114/79 80/115/80 68/98/68
f 68/99/68 80/116/80 81/117/81 69/100/69
f 69/100/69 81/117/81 82/118/82 70/101/70
f 70/101/70 82/118/82 83/119/83 71/102/71
f 71/120/71 83/121/83 84/122/84 72/104/72
f 72/104/72 84/122/84 73/105/73 61/89/61
f 73/105/73 85/123/85 86/124/86 74/106/74
f 74/106/74 86/124/86 87/125/87 75/107/75
f 75/109/75 87/126/87 88/127/88 76/110/76
f 76/110/76 88/127/88 89/128/89 77/111/77
f 77/111/77 89/128/89 90/129/90 78/112/78
f 78/113/78 90/130/90 91/131/91 79/114/79
f 79/114/79 91/131/91 92/132/92 80/115/80
f 80/116/80 92/133/92 93/134/93 81/117/81
f 81/117/81 93/134/93 94/135/94 82/118/82
f 82/118/82 94/135/94 95/136/95 83/119/83
f 83/121/83 95/137/95 96/138/96 84/122/84
f 84/122/84 96/138/96 85/123/85 73/105/73
f 85/123/85 97/139/97 98/140/98 86/124/86
f 86/124/86 98/140/98 99/141/99 87/125/87
f 87/126/87 99/142/99 100/143/100 88/127/88
f 88/127/88 100/143/100 101/144/101 89/128/89
f 89/128/89 101/144/101 102/145/102 90/129/90
f 90/130/90 102/146/102 103/147/103 91/131/91
f 91/131/91 103/147/103 104/148/104 92/132/92
f 92/132/92 104/148/104 105/149/105 93/150/93
f 93/134/93 105/151/105 106/152/106 94/135/94
f 94/135/94 106/152/106 107/153/107 95/136/95
f 95/136/95 107/153/107 108/154/108 96/155/96
f 96/138/96 108/156/108 97/139/97 85/123/85
f 97/139/97 109/157/109 110/158/110 98/140/98
f 98/140/98 110/158/110 111/159/111 99/141/99
f 99/142/99 111/160/111 112/161/112 100/143/100
f 100/143/100 112/161/112 113/162/113 101/144/101
f 101/144/101 113/162/113 114/163/114 102/145/102
f 102/146/102 114/164/114 115/165/115 103/147/103
f 103/147/103 115/165/115 116/166/116 104/148/104
f 104/167/104 116/168/116 117/169/117 105/151/105
f 105/151/105 117/169/117 118/170/118 106/152/106
f 106/152/106 118/170/118 119/171/119 107/153/107
f 107/153/107 119/171/119 120/172/120 108/154/108
f 108/156/108 120/173/120 109/157/109 97/139/97
f 109/157/109 121/174/121 122/175/122 110/158/110
f 110/176/110 122/177/122 123/178/123 111/160/111
f 111/160/111 123/178/123 124/179/124 112/161/112
f 112/161/112 124/179/124 125/180/125 113/162/113
f 113/162/113 125/180/125 126/181/126 114/163/114
f 114/164/114 126/182/126 127/183/127 115/165/115
f 115/165/115 127/183/127 128/184/128 116/166/116
f 116/168/116 128/185/128 129/186/129 117/169/117
f 117/169/117 129/186/129 130/187/130 118/170/118
f 118/170/118 130/187/130 131/188/131 119/171/119
f 119/171/119 131/188/131 132/189/132 120/172/120
f 120/173/120 132/190/132 121/174/121 109/157/109
f 121/174/121 133/191/133 134/192/134 122/175/122
f 122/177/122 134/193/134 135/194/135 123/178/123
f 123/178/123 135/194/135 136/195/136 124/179/124
f 124/179/124 136/195/136 137/196/137 125/180/125
f 125/180/125 137/196/137 138/197/138 126/181/126
f 126/182/126 138/198/138 139/199/139 127/183/127
f 127/183/127 139/199/139 140/200/140 128/184/128
f 128/185/128 140/201/140 141/202/141 129/186/129
f 129/186/129 141/202/141 142/203/142 130/187/130
f 130/187/130 142/203/142 143/204/143 131/188/131
f 131/188/131 143/204/143 144/205/144 132/189/132
f 132/190/132 144/206/144 133/191/133 121/174/121
f 133/207/133 145/208/145 146/209/146 134/210/134
f 134/193/134 146/211/146 147/212/147 135/194/135
f 135/194/135 147/212/147 148/213/148 136/195/136
f 136/195/136 148/213/148 149/214/149 137/196/137
f 137/196/137 149/214/149 150/215/150 138/197/138
f 138/216/138 150/217/150 151/218/151 139/219/139
f 139/219/139 151/218/151 152/220/152 140/221/140
f 140/201/140 152/222/152 153/223/153 141/202/141
f 141/202/141 153/223/153 154/224/154 142/203/142
f 142/203/142 154/224/154 155/225/155 143/204/143
f 143/204/143 155/225/155 156/226/156 144/205/144
f 144/227/144 156/228/156 145/208/145 133/207/133
f 145/208/145 157/229/157 158/230/158 146/209/146
f 146/209/146 158/230/158 159/231/159 147/232/147
f 147/212/147 159/233/159 160/234/160 148/213/148
f 148/213/148 160/234/160 161/235/161 149/214/149
f 149/214/149 161/235/161 162/236/162 150/215/150
f 150/217/150 162/237/162 163/238/163 151/218/151
f 151/218/151 163/238/163 164/239/164 152/220/152
f 152/222/152 164/240/164 165/241/165 153/223/153
f 153/223/153 165/241/165 166/242/166 154/224/154
f 154/224/154 166/242/166 167/243/167 155/225/155
f 155/225/155 167/243/167 168/244/168 156/226/156
f 156/228/156 168/245/168 157/229/157 145/208/145
f 157/229/157 169/246/169 170/247/170 158/230/158
f 158/230/158 170/247/170 171/248/171 159/231/159
f 159/233/159 171/249/171 172/250/172 160/234/160
f 160/234/160 172/250/172 173/251/173 161/235/161
f 161/235/161 173/251/173 174/252/174 162/236/162
f 162/237/162 174/253/174 175/254/175 163/238/163
f 163/238/163 175/254/175 176/255/176 164/239/164
f 164/239/164 176/255/176 177/256/177 165/257/165
f 165/241/165 177/258/177 178/259/178 166/242/166
f 166/242/166 178/259/178 179/260/179 167/243/167
f 167/243/167 179/260/179 180/261/180 168/244/168
f 168/245/168 180/262/180 169/246/169 157/229/157
f 169/246/169 181/263/181 182/264/182 170/247/170
f 170/247/170 182/264/182 183/265/183 171/248/171
f 171/249/171 183/266/183 184/267/184 172/250/172
f 172/250/172 184/267/184 185/268/185 173/251/173
f 173/251/173 185/268/185 186/269/186 174/252/174
f 174/253/174 186/270/186 187/271/187 175/254/175
f 175/254/175 187/271/187 188/272/188 176/255/176
f 176/255/176 188/272/188 189/273/189 177/256/177
f 177/258/177 189/274/189 190/275/190 178/259/178
f 178/259/178 190/275/190 191/276/191 179/260/179
f 179/260/179 191/276/191 192/277/192 180/261/180
f 180/262/180 192/278/192 181/263/181 169/246/169
f 181/263/181 193/279/193 194/280/194 182/264/182
f 182/264/182 194/280/194 195/281/195 183/265/183
f 183/266/183 195/282/195 196/283/196 184/267/184
f 184/267/184 196/283/196 197/284/197 185/268/185
f 185/268/185 197/284/197 198/285/198 186/269/186
f 186/270/186 198/286/198 199/287/199 187/271/187
f 187/271/187 199/287/199 200/288/200 188/272/188
f 188/272/188 200/288/200 201/289/201 189/273/189
f 189/274/189 201/290/201 202/291/202 190/275/190
f 190/275/190 202/291/202 203/292/203 191/276/191
f 191/276/191 203/292/203 204/293/204 192/277/192
f 192/278/192 204/294/204 193/279/193 181/263/181
f 193/279/193 205/295/205 206/296/206 194/280/194
f 194/280/194 206/296/206 207/297/207 195/281/195
f 195/282/195 207/298/207 208/299/208 196/283/196
f 196/283/196 208/299/208 209/300/209 197/284/197
f 197/284/197 209/300/209 210/301/210 198/285/198
f 198/286/198 210/302/210 211/303/211 199/287/199
f 199/287/199 211/303/211 212/304/212 200/288/200
f 200/288/200 212/304/212 213/305/213 201/289/201
f 201/290/201 213/306/213 214/307/214 202/291/202
f 202/291/202 214/307/214 215/308/215 203/292/203
f 203/292/203 215/308/215 216/309/216 204/293/204
f 204/294/204 216/310/216 205/295/205 193/279/193
f 205/295/205 217/311/217 218/312/218 206/296/206
f 206/296/206 218/312/218 219/313/219 207/297/207
f 207/298/207 219/314/219 220/315/220 208/299/208
f 208/299/208 220/315/220 221/316/221 209/300/209
f 209/300/209 221/316/221 222/317/222 210/301/210
f 210/302/210 222/318/222 223/319/223 211/303/211
f 211/303/211 223/319/223 224/320/224 212/304/212
f 212/304/212 224/320/224 225/321/225 213/305/213
f 213/306/213 225/322/225 226/323/226 214/307/214
f 214/307/214 226/323/226 227/324/227 215/308/215
f 215/308/215 227/324/227 228/325/228 216/309/216
f 216/310/216 228/326/228 217/311/217 205/295/205
f 217/311/217 229/327/229 230/328/230 218/312/218
f 218/312/218 230/328/230 231/329/231 219/313/219
f 219/314/219 231/330/231 232/331/232 220/315/220
f 220/315/220 232/331/232 233/332/233 221/316/221
f 221/316/221 233/332/233 234/333/234 222/317/222
f 222/318/222 234/334/234 235/335/235 223/319/223
f 223/319/223 235/335/235 236/336/236 224/320/224
f 224/337/224 236/338/236 237/339/237 225/322/225
f 225/322/225 237/339/237 238/340/238 226/323/226
f 226/323/226 238/340/238 239/341/239 227/324/227
f 227/324/227 239/341/239 240/342/240 228/325/228
f 228/326/228 240/343/240 229/327/229 217/311/217
f 229/344/229 241/345/241 242/346/242 230/347/230
f 230/348/230 242/349/242 243/350/243 231/330/231
f 231/330/231 243/350/243 244/351/244 232/331/232
f 232/331/232 244/351/244 245/352/245 233/332/233
f 233/332/233 245/352/245 246/353/246 234/333/234
f 234/354/234 246/355/246 247/356/247 235/357/235
f 235/357/235 247/356/247 248/358/248 236/359/236
f 236/338/236 248/360/248 249/361/249 237/339/237
f 237/339/237 249/361/249 250/362/250 238/340/238
f 238/340/238 250/362/250 251/363/251 239/341/239
f 239/341/239 251/363/251 252/364/252 240/342/240
f 240/365/240 252/366/252 241/345/241 229/344/229
f 241/345/241 253/367/253 254/368/254 242/346/242
f 242/349/242 254/369/254 255/370/255 243/350/243
f 243/350/243 255/370/255 256/371/256 244/351/244
f 244/351/244 256/371/256 257/372/257 245/352/245
f 245/352/245 257/372/257 258/373/258 246/353/246
f 246/355/246 258/374/258 259/375/259 247/356/247
f 247/356/247 259/375/259 260/376/260 248/358/248
f 248/360/248 260/377/260 261/378/261 249/361/249
f 249/361/249 261/378/261 262/379/262 250/362/250
f 250/362/250 262/379/262 263/380/263 251/363/251
f 251/363/251 263/380/263 264/381/264 252/364/252
f 252/366/252 264/382/264 253/367/253 241/345/241
f 253/367/253 265/383/265 266/384/266 254/368/254
f 254/368/254 266/384/266 267/385/267 255/386/255
f 255/370/255 267/387/267 268/388/268 256/371/256
f 256/371/256 268/388/268 269/389/269 257/372/257
f 257/372/257 269/389/269 270/390/270 258/373/258
f 258/374/258 270/391/270 271/392/271 259/375/259
f 259/375/259 271/392/271 272/393/272 260/376/260
f 260/377/260 272/394/272 273/395/273 261/378/261
f 261/378/261 273/395/273 274/396/274 262/379/262
f 262/379/262 274/396/274 275/397/275 263/380/263
f 263/380/263 275/397/275 276/398/276 264/381/264
f 264/382/264 276/399/276 265/383/265 253/367/253
f 265/383/265 277/400/277 278/401/278 266/384/266
f 266/384/266 278/401/278 279/402/279 267/385/267
f 267/387/267 279/403/279 280/404/280 268/388/268
f 268/388/268 280/404/280 281/405/281 269/389/269
f 269/406/269 281/407/281 282/408/282 270/391/270
f 270/391/270 282/408/282 283/409/283 271/392/271
f 271/392/271 283/409/283 284/410/284 272/393/272
f 272/394/272 284/411/284 285/412/285 273/395/273
f 273/395/273 285/412/285 286/413/286 274/396/274
f 274/396/274 286/413/286 287/414/287 275/397/275
f 275/415/275 287/416/287 288/417/288 276/399/276
f 276/399/276 288/417/288 277/400/277 265/383/265
f 277/400/277 289/418/103 290/419/289 278/401/278
f 278/420/278 290/421/289 291/422/290 279/403/279
f 279/403/279 291/422/290 292/423/291 280/404/280
f 280/404/280 292/423/291 293/424/292 281/405/281
f 281/407/281 293/425/292 294/426/293 282/408/282
f 282/408/282 294/426/293 295/427/97 283/409/283
f 283/409/283 295/427/97 296/428/294 284/410/284
f 284/411/284 296/429/294 297/430/295 285/412/285
f 285/412/285 297/430/295 298/431/296 286/413/286
f 286/413/286 298/431/296 299/432/297 287/414/287
f 287/416/287 299/433/297 300/434/298 288/417/288
f 288/417/288 300/434/298 289/418/103 277/400/277
f 289/418/103 301/435/299 302/436/300 290/419/289
f 290/421/289 302/437/300 303/438/301 291/422/290
f 291/422/290 303/438/301 304/439/302 292/423/291
f 292/423/291 304/439/302 305/440/303 293/424/292
f 293/424/292 305/440/303 306/441/304 294/442/293
f 294/426/293 306/443/304 307/444/305 295/427/97
f 295/427/97 307/444/305 308/445/306 296/428/294
f 296/429/294 308/446/306 309/447/307 297/430/295
f 297/430/295 309/447/307 310/448/308 298/431/296
f 298/431/296 310/448/308 311/449/309 299/432/297
f 299/433/297 311/450/309 312/451/310 300/434/298
f 300/434/298 312/451/310 301/435/299 289/418/103
f 301/435/299 313/452/311 314/453/312 302/436/300
f 302/437/300 314/454/312 315/455/313 303/438/301
f 303/438/301 315/455/313 316/456/314 304/439/302
f 304/439/302 316/456/314 317/457/315 305/440/303
f 305/440/303 317/457/315 318/458/316 306/441/304
f 306/443/304 318/459/316 319/460/317 307/444/305
f 307/444/305 319/460/317 320/461/318 308/445/306
f 308/446/306 320/462/318 321/463/319 309/447/307
f 309/447/307 321/463/319 322/464/320 310/448/308
f 310/448/308 322/464/320 323/465/321 311/449/309
f 311/449/309 323/465/321 324/466/322 312/467/310
f 312/451/310 324/468/322 313/452/311 301/435/299
f 313/452/311 325/469/323 326/470/324 314/453/312
f 314/454/312 326/471/324 327/472/325 315/455/313
f 315/455/313 327/472/325 328/473/326 316/456/314
f 316/456/314 328/473/326 329/474/327 317/457/315
f 317/457/315 329/474/327 330/475/328 318/458/316
f 318/459/316 330/476/328 331/477/329 319/460/317
f 319/460/317 331/477/329 332/478/330 320/461/318
f 320/462/318 332/479/330 333/480/331 321/463/319
f 321/463/319 333/480/331 334/481/332 322/464/320
f 322/464/320 334/481/332 335/482/333 323/465/321
f 323/465/321 335/482/333 336/483/334 324/466/322
f 324/468/322 336/484/334 325/469/323 313/452/311
f 325/485/323 337/486/335 338/487/336 326/488/324
f 326/471/324 338/489/336 339/490/337 327/472/325
f 327/472/325 339/490/337 340/491/338 328/473/326
f 328/473/326 340/491/338 341/492/339 329/474/327
f 329/474/327 341/492/339 342/493/340 330/475/328
f 330/494/328 342/495/340 343/496/341 331/497/329
f 331/497/329 343/496/341 344/498/342 332/499/330
f 332/479/330 344/500/342 345/501/343 333/480/331
f 333/480/331 345/501/343 346/502/344 334/481/332
f 334/481/332 346/502/344 347/503/345 335/482/333
f 335/482/333 347/503/345 348/504/346 336/483/334
f 336/505/334 348/506/346 337/486/335 325/485/323
f 337/486/335 349/507/347 350/508/348 338/487/336
f 338/489/336 350/509/348 351/510/349 339/490/337
f 339/490/337 351/510/349 352/511/350 340/491/338
f 340/491/338 352/511/350 353/512/351 341/492/339
f 341/492/339 353/512/351 354/513/352 342/493/340
f 342/495/340 354/514/352 355/515/353 343/496/341
f 343/496/341 355/515/353 356/516/354 344/498/342
f 344/500/342 356/517/354 357/518/355 345/501/343
f 345/501/343 357/518/355 358/519/356 346/502/344
f 346/502/344 358/519/356 359/520/357 347/503/345
f 347/521/345 359/522/357 360/523/358 348/506/346
f 348/506/346 360/523/358 349/507/347 337/486/335
f 349/507/347 361/524/359 362/525/360 350/508/348
f 350/509/348 362/526/360 363/527/361 351/510/349
f 351/510/349 363/527/361 364/528/362 352/511/350
f 352/511/350 364/528/362 365/529/363 353/512/351
f 353/530/351 365/531/363 366/532/364 354/514/352
f 354/514/352 366/532/364 367/533/365 355/515/353
f 355/515/353 367/533/365 368/534/366 356/516/354
f 356/517/354 368/535/366 369/536/367 357/518/355
f 357/518/355 369/536/367 370/537/368 358/519/356
f 358/519/356 370/537/368 371/538/369 359/520/357
f 359/522/357 371/539/369 372/540/370 360/523/358
f 360/523/358 372/540/370 361/524/359 349/507/347
f 361/524/359 373/541/371 374/542/372 362/525/360
f 362/526/360 374/543/372 375/544/373 363/527/361
f 363/527/361 375/544/373 376/545/374 364/528/362
f 364/528/362 376/545/374 377/546/375 365/529/363
f 365/531/363 377/547/375 378/548/376 366/532/364
f 366/532/364 378/548/376 379/549/377 367/533/365
f 367/533/365 379/549/377 380/550/378 368/534/366
f 368/535/366 380/551/378 381/552/379 369/536/367
f 369/536/367 381/552/379 382/553/380 370/537/368
f 370/537/368 382/553/380 383/554/381 371/538/369
f 371/539/369 383/555/381 384/556/382 372/540/370
f 372/540/370 384/556/382 373/541/371 361/524/359
f 373/541/371 1/1/1 2/4/4 374/542/372
f 374/543/372 2/5/4 3/8/6 375/544/373
f 375/544/373 3/8/6 4/10/8 376/545/374
f 376/545/374 4/10/8 5/12/10 377/546/375
f 377/547/375 5/13/10 6/16/12 378/548/376
f 378/548/376 6/16/12 7/18/14 379/549/377
f 379/549/377 7/18/14 8/20/16 380/550/378
f 380/551/378 8/21/16 9/24/18 381/552/379
f 381/552/379 9/24/18 10/26/20 382/553/380
f 382/553/380 10/26/20 11/28/22 383/554/381
f 383/555/381 11/29/22 12/32/24 384/556/382
f 384/556/382 12/32/24 1/1/1 373/541/371
f 385/557/383 397/558/384 398/559/385 386/560/386
f 386/561/386 398/562/385 399/563/387 387/564/388
f 387/564/388 399/563/387 400/565/389 388/566/390
f 388/566/390 400/565/389 401/567/391 389/568/392
f 389/569/392 401/570/391 402/571/393 390/572/394
f 390/572/394 402/571/393 403/573/395 391/574/396
f 391/574/396 403/573/395 404/575/397 392/576/398
f 392/577/398 404/578/397 405/579/399 393/580/400
f 393/580/400 405/579/399 406/581/401 394/582/402
f 394/582/402 406/581/401 407/583/403 395/584/404
f 395/585/404 407/586/403 408/587/405 396/588/406
f 396/588/406 408/587/405 397/558/384 385/557/383
f 397/558/384 409/589/407 410/590/408 398/559/385
f 398/562/385 410/591/408 411/592/409 399/563/387
f 399/563/387 411/592/409 412/593/410 400/565/389
f 400/565/389 412/593/410 413/594/411 401/567/391
f 401/570/391 413/595/411 414/596/412 402/571/393
f 402/571/393 414/596/412 415/597/413 403/573/395
f 403/573/395 415/597/413 416/598/414 404/575/397
f 404/578/397 416/599/414 417/600/415 405/579/399
f 405/579/399 417/600/415 418/601/416 406/581/401
f 406/581/401 418/601/416 419/602/417 407/583/403
f 407/586/403 419/603/417 420/604/418 408/587/405
f 408/587/405 420/604/418 409/589/407 397/558/384
f 409/589/407 421/605/419 422/606/420 410/590/408
f 410/591/408 422/607/420 423/608/421 411/592/409
f 411/592/409 423/608/421 424/609/422 412/593/410
f 412/593/410 424/609/422 425/610/423 413/594/411
f 413/595/411 425/611/423 426/612/424 414/596/412
f 414/596/412 426/612/424 427/613/425 415/597/413
f 415/597/413 427/613/425 428/614/426 416/598/414
f 416/599/414 428/615/426 429/616/427 417/600/415
f 417/600/415 429/616/427 430/617/428 418/601/416
f 418/601/416 430/617/428 431/618/429 419/602/417
f 419/603/417 431/619/429 432/620/430 420/604/418
f 420/604/418 432/620/430 421/605/419 409/589/407
f 421/605/419 433/621/431 434/622/432 422/606/420
f 422/607/420 434/623/432 435/624/433 423/608/421
f 423/608/421 435/624/433 436/625/434 424/609/422
f 424/609/422 436/625/434 437/626/435 425/610/423
f 425/627/423 437/628/435 438/629/436 426/630/424
f 426/612/424 438/631/436 439/632/437 427/613/425
f 427/613/425 439/632/437 440/633/438 428/614/426
f 428/615/426 440/634/438 441/635/439 429/616/427
f 429/616/427 441/635/439 442/636/440 430/617/428
f 430/617/428 442/636/440 443/637/441 431/618/429
f 431/638/429 443/639/441 444/640/442 432/641/430
f 432/620/430 444/642/442 433/621/431 421/605/419
f 433/643/431 445/644/443 446/645/444 434/646/432
f 434/623/432 446/647/444 447/648/445 435/624/433
f 435/624/433 447/648/445 448/649/446 436/625/434
f 436/625/434 448/649/446 449/650/447 437/626/435
f 437/628/435 449/651/447 450/652/448 438/629/436
f 438/629/436 450/652/448 451/653/449 439/654/437
f 439/654/437 451/653/449 452/655/450 440/656/438
f 440/634/438 452/657/450 453/658/451 441/635/439
f 441/635/439 453/658/451 454/659/452 442/636/440
f 442/636/440 454/659/452 455/660/453 443/637/441
f 443/639/441 455/661/453 456/662/454 444/640/442
f 444/640/442 456/662/454 445/644/443 433/643/431
f 445/644/443 457/663/455 458/664/456 446/645/444
f 446/647/444 458/665/456 459/666/457 447/648/445
f 447/648/445 459/666/457 460/667/458 448/649/446
f 448/649/446 460/667/458 461/668/459 449/650/447
f 449/651/447 461/669/459 462/670/460 450/652/448
f 450/652/448 462/670/460 463/671/461 451/653/449
f 451/653/449 463/671/461 464/672/462 452/655/450
f 452/657/450 464/673/462 465/674/463 453/658/451
f 453/658/451 465/674/463 466/675/464 454/659/452
f 454/659/452 466/675/464 467/676/465 455/660/453
f 455/661/453 467/677/465 468/678/466 456/662/454
f 456/662/454 468/678/466 457/663/455 445/644/443
f 457/663/455 469/679/467 470/680/468 458/664/456
f 458/665/456 470/681/468 471/682/469 459/666/457
f 459/666/457 471/682/469 472/683/470 460/667/458
f 460/667/458 472/683/470 473/684/471 461/668/459
f 461/669/459 473/685/471 474/686/472 462/670/460
f 462/670/460 474/686/472 475/687/473 463/671/461
f 463/671/461 475/687/473 476/688/474 464/672/462
f 464/673/462 476/689/474 477/690/475 465/674/463
f 465/674/463 477/690/475 478/691/476 466/675/464
f 466/675/464 478/691/476 479/692/477 467/676/465
f 467/677/465 479/693/477 480/694/478 468/678/466
f 468/678/466 480/694/478 469/679/467 457/663/455
f 469/679/467 481/695/97 482/696/479 470/680/468
f 470/681/468 482/697/479 483/698/480 471/682/469
f 471/682/469 483/698/480 484/699/481 472/683/470
f 472/683/470 484/699/481 485/700/482 473/684/471
f 473/685/471 485/701/482 486/702/483 474/686/472
f 474/686/472 486/702/483 487/703/103 475/687/473
f 475/687/473 487/703/103 488/704/484 476/688/474
f 476/689/474 488/705/484 489/706/485 477/690/475
f 477/690/475 489/706/485 490/707/486 478/691/476
f 478/691/476 490/707/486 491/708/487 479/692/477
f 479/693/477 491/709/487 492/710/488 480/694/478
f 480/694/478 492/710/488 481/695/97 469/679/467
f 481/695/97 493/711/489 494/712/490 482/696/479
f 482/697/479 494/713/490 495/714/491 483/698/480
f 483/698/480 495/714/491 496/715/492 484/699/481
f 484/699/481 496/715/492 497/716/493 485/700/482
f 485/701/482 497/717/493 498/718/494 486/702/483
f 486/702/483 498/718/494 499/719/495 487/703/103
f 487/703/103 499/719/495 500/720/496 488/704/484
f 488/705/484 500/721/496 501/722/497 489/706/485
f 489/706/485 501/722/497 502/723/498 490/707/486
f 490/707/486 502/723/498 503/724/499 491/708/487
f 491/709/487 503/725/499 504/726/500 492/710/488
f 492/710/488 504/726/500 493/711/489 481/695/97
f 493/711/489 505/727/501 506/728/502 494/712/490
f 494/713/490 506/729/502 507/730/503 495/714/491
f 495/714/491 507/730/503 508/731/504 496/715/492
f 496/715/492 508/731/504 509/732/505 497/716/493
f 497/717/493 509/733/505 510/734/506 498/718/494
f 498/718/494 510/734/506 511/735/507 499/719/495
f 499/719/495 511/735/507 512/736/508 500/720/496
f 500/721/496 512/737/508 513/738/509 501/722/497
f 501/722/497 513/738/509 514/739/510 502/723/498
f 502/723/498 514/739/510 515/740/511 503/724/499
f 503/725/499 515/741/511 516/742/512 504/726/500
f 504/726/500 516/742/512 505/727/501 493/711/489
f 505/727/501 517/743/513 518/744/514 506/728/502
f 506/729/502 518/745/514 519/746/515 507/730/503
f 507/730/503 519/746/515 520/747/516 508/731/504
f 508/731/504 520/747/516 521/748/517 509/732/505
f 509/733/505 521/749/517 522/750/518 510/734/506
f 510/734/506 522/750/518 523/751/519 511/735/507
f 511/735/507 523/751/519 524/752/520 512/736/508
f 512/737/508 524/753/520 525/754/521 513/738/509
f 513/738/509 525/754/521 526/755/522 514/739/510
f 514/739/510 526/755/522 527/756/523 515/740/511
f 515/741/511 527/757/523 528/758/524 516/742/512
f 516/742/512 528/758/524 517/743/513 505/727/501
f 517/759/513 529/760/525 530/761/526 518/762/514
f 518/745/514 530/763/526 531/764/527 519/746/515
f 519/746/515 531/764/527 532/765/528 520/747/516
f 520/747/516 532/765/528 533/766/529 521/748/517
f 521/749/517 533/767/529 534/768/530 522/750/518
f 522/750/518 534/768/530 535/769/531 523/751/519
f 523/770/519 535/771/531 536/772/532 524/773/520
f 524/753/520 536/774/532 537/775/533 525/754/521
f 525/754/521 537/775/533 538/776/534 526/755/522
f 526/755/522 538/776/534 539/777/535 527/756/523
f 527/757/523 539/778/535 540/779/536 528/758/524
f 528/758/524 540/779/536 529/780/525 517/743/513
f 529/760/525 541/781/537 542/782/538 530/761/526
f 530/763/526 542/783/538 543/784/539 531/764/527
f 531/764/527 543/784/539 544/785/540 532/765/528
f 532/765/528 544/785/540 545/786/541 533/766/529
f 533/766/529 545/786/541 546/787/542 534/788/530
f 534/789/530 546/790/542 547/791/543 535/771/531
f 535/771/531 547/791/543 548/792/544 536/772/532
f 536/774/532 548/793/544 549/794/545 537/775/533
f 537/775/533 549/794/545 550/795/546 538/776/534
f 538/776/534 550/795/546 551/796/547 539/777/535
f 539/777/535 551/796/547 552/797/548 540/798/536
f 540/799/536 552/800/548 541/781/537 529/760/525
f 541/781/537 553/801/549 554/802/550 542/782/538
f 542/782/538 554/802/550 555/803/551 543/804/539
f 543/784/539 555/805/551 556/806/552 544/785/540
f 544/785/540 556/806/552 557/807/553 545/786/541
f 545/786/541 557/807/553 558/808/554 546/787/542
f 546/790/542 558/809/554 559/810/555 547/791/543
f 547/791/543 559/810/555 560/811/556 548/792/544
f 548/793/544 560/812/556 561/813/557 549/794/545
f 549/794/545 561/813/557 562/814/558 550/795/546
f 550/795/546 562/814/558 563/815/559 551/796/547
f 551/796/547 563/815/559 564/816/560 552/797/548
f 552/800/548 564/817/560 553/801/549 541/781/537
f 553/801/549 565/818/561 566/819/562 554/802/550
f 554/802/550 566/819/562 567/820/563 555/803/551
f 555/805/551 567/821/563 568/822/564 556/806/552
f 556/806/552 568/822/564 569/823/565 557/807/553
f 557/807/553 569/823/565 570/824/566 558/808/554
f 558/809/554 570/825/566 571/826/567 559/810/555
f 559/810/555 571/826/567 572/827/568 560/811/556
f 560/811/556 572/827/568 573/828/569 561/829/557
f 561/813/557 573/830/569 574/831/570 562/814/558
f 562/814/558 574/831/570 575/832/571 563/815/559
f 563/815/559 575/832/571 576/833/572 564/816/560
f 564/817/560 576/834/572 565/818/561 553/801/549
f 565/818/561 577/835/573 578/836/574 566/819/562
f 566/819/562 578/836/574 579/837/575 567/820/563
f 567/821/563 579/838/575 580/839/576 568/822/564
f 568/822/564 580/839/576 581/840/577 569/823/565
f 569/823/565 581/840/577 582/841/578 570/824/566
f 570/825/566 582/842/578 583/843/579 571/826/567
f 571/826/567 583/843/579 584/844/580 572/827/568
f 572/827/568 584/844/580 585/845/581 573/828/569
f 573/830/569 585/846/581 586/847/582 574/831/570
f 574/831/570 586/847/582 587/848/583 575/832/571
f 575/832/571 587/848/583 588/849/584 576/833/572
f 576/834/572 588/850/584 577/835/573 565/818/561
f 577/835/573 589/851/585 590/852/586 578/836/574
f 578/836/574 590/852/586 591/853/587 579/837/575
f 579/838/575 591/854/587 592/855/588 580/839/576
f 580/839/576 592/855/588 593/856/589 581/840/577
f 581/840/577 593/856/589 594/857/590 582/841/578
f 582/842/578 594/858/590 595/859/591 583/843/579
f 583/843/579 595/859/591 596/860/592 584/844/580
f 584/844/580 596/860/592 597/861/593 585/845/581
f 585/846/581 597/862/593 598/863/594 586/847/582
f 586/847/582 598/863/594 599/864/595 587/848/583
f 587/848/583 599/864/595 600/865/596 588/849/584
f 588/850/584 600/866/596 589/851/585 577/835/573
f 589/851/585 601/867/597 602/868/598 590/852/586
f 590/852/586 602/868/598 603/869/599 591/853/587
f 591/854/587 603/870/599 604/871/600 592/855/588
f 592/855/588 604/871/600 605/872/601 593/856/589
f 593/856/589 605/872/601 606/873/602 594/857/590
f 594/858/590 606/874/602 607/875/603 595/859/591
f 595/859/591 607/875/603 608/876/604 596/860/592
f 596/860/592 608/876/604 609/877/605 597/861/593
f 597/862/593 609/878/605 610/879/606 598/863/594
f 598/863/594 610/879/606 611/880/607 599/864/595
f 599/864/595 611/880/607 612/881/608 600/865/596
f 600/866/596 612/882/608 601/867/597 589/851/585
f 601/867/597 613/883/609 614/884/610 602/868/598
f 602/868/598 614/884/610 615/885/611 603/869/599
f 603/870/599 615/886/611 616/887/612 604/871/600
f 604/871/600 616/887/612 617/888/613 605/872/601
f 605/872/601 617/888/613 618/889/614 606/873/602
f 606/874/602 618/890/614 619/891/615 607/875/603
f 607/875/603 619/891/615 620/892/616 608/876/604
f 608/876/604 620/892/616 621/893/617 609/877/605
f 609/878/605 621/894/617 622/895/618 610/879/606
f 610/879/606 622/895/618 623/896/619 611/880/607
f 611/880/607 623/896/619 624/897/620 612/881/608
f 612/882/608 624/898/620 613/883/609 601/867/597
f 613/883/609 625/899/621 626/900/622 614/884/610
f 614/884/610 626/900/622 627/901/623 615/885/611
f 615/886/611 627/902/623 628/903/624 616/887/612
f 616/887/612 628/903/624 629/904/625 617/888/613
f 617/888/613 629/904/625 630/905/626 618/889/614
f 618/890/614 630/906/626 631/907/627 619/891/615
f 619/891/615 631/907/627 632/908/628 620/892/616
f 620/909/616 632/910/628 633/911/629 621/912/617
f 621/894/617 633/913/629 634/914/630 622/895/618
f 622/895/618 634/914/630 635/915/631 623/896/619
f 623/896/619 635/915/631 636/916/632 624/897/620
f 624/898/620 636/917/632 625/899/621 613/883/609
f 625/918/621 637/919/633 638/920/634 626/921/622
f 626/921/622 638/920/634 639/922/635 627/923/623
f 627/902/623 639/924/635 640/925/636 628/903/624
f 628/903/624 640/925/636 641/926/637 629/904/625
f 629/904/625 641/926/637 642/927/638 630/905/626
f 630/928/626 642/929/638 643/930/639 631/931/627
f 631/931/627 643/930/639 644/932/640 632/910/628
f 632/910/628 644/932/640 645/933/641 633/911/629
f 633/913/629 645/934/641 646/935/642 634/914/630
f 634/914/630 646/935/642 647/936/643 635/915/631
f 635/915/631 647/936/643 648/937/644 636/916/632
f 636/938/632 648/939/644 637/919/633 625/918/621
f 637/919/633 649/940/645 650/941/646 638/920/634
f 638/920/634 650/941/646 651/942/647 639/922/635
f 639/924/635 651/943/647 652/944/648 640/925/636
f 640/925/636 652/944/648 653/945/649 641/926/637
f 641/926/637 653/945/649 654/946/650 642/927/638
f 642/929/638 654/947/650 655/948/651 643/930/639
f 643/930/639 655/948/651 656/949/652 644/932/640
f 644/932/640 656/949/652 657/950/653 645/933/641
f 645/934/641 657/951/653 658/952/654 646/935/642
f 646/935/642 658/952/654 659/953/655 647/936/643
f 647/936/643 659/953/655 660/954/656 648/937/644
f 648/939/644 660/955/656 649/940/645 637/919/633
f 649/940/645 661/956/657 662/957/658 650/941/646
f 650/941/646 662/957/658 663/958/659 651/942/647
f 651/943/647 663/959/659 664/960/660 652/944/648
f 652/944/648 664/960/660 665/961/661 653/945/649
f 653/945/649 665/961/661 666/962/662 654/946/650
f 654/947/650 666/963/662 667/964/663 655/948/651
f 655/948/651 667/964/663 668/965/664 656/949/652
f 656/949/652 668/965/664 669/966/665 657/950/653
f 657/951/653 669/967/665 670/968/666 658/952/654
f 658/952/654 670/968/666 671/969/667 659/953/655
f 659/953/655 671/969/667 672/970/668 660/954/656
f 660/955/656 672/971/668 661/956/657 649/940/645
f 661/956/657 673/972/103 674/973/669 662/957/658
f 662/957/658 674/973/669 675/974/670 663/958/659
f 663/959/659 675/975/670 676/976/671 664/960/660
f 664/960/660 676/976/671 677/977/672 665/961/661
f 665/961/661 677/977/672 678/978/673 666/962/662
f 666/963/662 678/979/673 679/980/97 667/964/663
f 667/964/663 679/980/97 680/981/674 668/965/664
f 668/965/664 680/981/674 681/982/675 669/966/665
f 669/967/665 681/983/675 682/984/676 670/968/666
f 670/968/666 682/984/676 683/985/677 671/969/667
f 671/969/667 683/985/677 684/986/678 672/970/668
f 672/971/668 684/987/678 673/972/103 661/956/657
f 673/972/103 685/988/679 686/989/680 674/973/669
f 674/973/669 686/989/680 687/990/681 675/974/670
f 675/975/670 687/991/681 688/992/682 676/976/671
f 676/976/671 688/992/682 689/993/683 677/977/672
f 677/977/672 689/993/683 690/994/684 678/978/673
f 678/979/673 690/995/684 691/996/685 679/980/97
f 679/980/97 691/996/685 692/997/686 680/981/674
f 680/981/674 692/997/686 693/998/687 681/982/675
f 681/983/675 693/999/687 694/1000/688 682/984/676
f 682/984/676 694/1000/688 695/1001/689 683/985/677
f 683/985/677 695/1001/689 696/1002/690 684/986/678
f 684/987/678 696/1003/690 685/988/679 673/972/103
f 685/988/679 697/1004/691 698/1005/692 686/989/680
f 686/989/680 698/1005/692 699/1006/693 687/990/681
f 687/991/681 699/1007/693 700/1008/694 688/992/682
f 688/992/682 700/1008/694 701/1009/695 689/993/683
f 689/993/683 701/1009/695 702/1010/696 690/994/684
f 690/995/684 702/1011/696 703/1012/697 691/996/685
f 691/996/685 703/1012/697 704/1013/698 692/997/686
f 692/997/686 704/1013/698 705/1014/699 693/998/687
f 693/999/687 705/1015/699 706/1016/700 694/1000/688
f 694/1000/688 706/1016/700 707/1017/701 695/1001/689
f 695/1001/689 707/1017/701 708/1018/702 696/1002/690
f 696/1003/690 708/1019/702 697/1004/691 685/988/679
f 697/1004/691 709/1020/703 710/1021/704 698/1005/692
f 698/1005/692 710/1021/704 711/1022/705 699/1006/693
f 699/1007/693 711/1023/705 712/1024/706 700/1008/694
f 700/1008/694 712/1024/706 713/1025/707 701/1009/695
f 701/1009/695 713/1025/707 714/1026/708 702/1010/696
f 702/1011/696 714/1027/708 715/1028/709 703/1012/697
f 703/1012/697 715/1028/709 716/1029/710 704/1013/698
f 704/1013/698 716/1029/710 717/1030/711 705/1014/699
f 705/1015/699 717/1031/711 718/1032/712 706/1016/700
f 706/1016/700 718/1032/712 719/1033/713 707/1017/701
f 707/1017/701 719/1033/713 720/1034/714 708/1018/702
f 708/1019/702 720/1035/714 709/1020/703 697/1004/691
f 709/1020/703 721/1036/715 722/1037/716 710/1021/704
f 710/1021/704 722/1037/716 723/1038/717 711/1022/705
f 711/1023/705 723/1039/717 724/1040/718 712/1024/706
f 712/1024/706 724/1040/718 725/1041/719 713/1025/707
f 713/1025/707 725/1041/719 726/1042/720 714/1026/708
f 714/1043/708 726/1044/720 727/1045/721 715/1046/709
f 715/1028/709 727/1047/721 728/1048/722 716/1029/710
f 716/1029/710 728/1048/722 729/1049/723 717/1030/711
f 717/1031/711 729/1050/723 730/1051/724 718/1032/712
f 718/1032/712 730/1051/724 731/1052/725 719/1033/713
f 719/1033/713 731/1052/725 732/1053/726 720/1034/714
f 720/1054/714 732/1055/726 721/1056/715 709/1057/703
f 721/1056/715 733/1058/727 734/1059/728 722/1060/716
f 722/1061/716 734/1062/728 735/1063/729 723/1039/717
f 723/1039/717 735/1063/729 736/1064/730 724/1040/718
f 724/1040/718 736/1064/730 737/1065/731 725/1041/719
f 725/1041/719 737/1065/731 738/1066/732 726/1042/720
f 726/1044/720 738/1067/732 739/1068/733 727/1045/721
f 727/1045/721 739/1068/733 740/1069/734 728/1070/722
f 728/1071/722 740/1072/734 741/1073/735 729/1050/723
f 729/1050/723 741/1073/735 742/1074/736 730/1051/724
f 730/1051/724 742/1074/736 743/1075/737 731/1052/725
f 731/1052/725 743/1075/737 744/1076/738 732/1053/726
f 732/1055/726 744/1077/738 733/1058/727 721/1056/715
f 733/1058/727 745/1078/739 746/1079/740 734/1059/728
f 734/1062/728 746/1080/740 747/1081/741 735/1063/729
f 735/1063/729 747/1081/741 748/1082/742 736/1064/730
f 736/1064/730 748/1082/742 749/1083/743 737/1065/731
f 737/1065/731 749/1083/743 750/1084/744 738/1066/732
f 738/1067/732 750/1085/744 751/1086/745 739/1068/733
f 739/1068/733 751/1086/745 752/1087/746 740/1069/734
f 740/1072/734 752/1088/746 753/1089/747 741/1073/735
f 741/1073/735 753/1089/747 754/1090/748 742/1074/736
f 742/1074/736 754/1090/748 755/1091/749 743/1075/737
f 743/1092/737 755/1093/749 756/1094/750 744/1077/738
f 744/1077/738 756/1094/750 745/1078/739 733/1058/727
f 745/1078/739 757/1095/751 758/1096/752 746/1079/740
f 746/1080/740 758/1097/752 759/1098/753 747/1081/741
f 747/1081/741 759/1098/753 760/1099/754 748/1082/742
f 748/1082/742 760/1099/754 761/1100/755 749/1083/743
f 749/1101/743 761/1102/755 762/1103/756 750/1085/744
f 750/1085/744 762/1103/756 763/1104/757 751/1086/745
f 751/1086/745 763/1104/757 764/1105/758 752/1087/746
f 752/1088/746 764/1106/758 765/1107/759 753/1089/747
f 753/1089/747 765/1107/759 766/1108/760 754/1090/748
f 754/1090/748 766/1108/760 767/1109/761 755/1091/749
f 755/1093/749 767/1110/761 768/1111/762 756/1094/750
f 756/1094/750 768/1111/762 757/1095/751 745/1078/739
f 757/1095/751 385/557/383 386/560/386 758/1096/752
f 758/1097/752 386/561/386 387/564/388 759/1098/753
f 759/1098/753 387/564/388 388/566/390 760/1099/754
f 760/1099/754 388/566/390 389/568/392 761/1100/755
f 761/1102/755 389/569/392 390/572/394 762/1103/756
f 762/1103/756 390/572/394 391/574/396 763/1104/757
f 763/1104/757 391/574/396 392/576/398 764/1105/758
f 764/1106/758 392/577/398 393/580/400 765/1107/759
f 765/1107/759 393/580/400 394/582/402 766/1108/760
f 766/1108/760 394/582/402 395/584/404 767/1109/761
f 767/1110/761 395/585/404 396/588/406 768/1111/762
f 768/1111/762 396/588/406 385/557/383 757/1095/751
f 769/1112/1 781/1113/2 782/1114/3 770/1115/4
f 770/1116/4 782/1117/3 783/1118/5 771/1119/6
f 771/1119/6 783/1118/5 784/1120/7 772/1121/8
f 772/1121/8 784/1120/7 785/1122/9 773/1123/10
f 773/1124/10 785/1125/9 786/1126/11 774/1127/12
f 774/1127/12 786/1126/11 787/1128/13 775/1129/14
f 775/1129/14 787/1128/13 788/1130/15 776/1131/16
f 776/1132/16 788/1133/15 789/1134/17 777/1135/18
f 777/1135/18 789/1134/17 790/1136/19 778/1137/20
f 778/1137/20 790/1136/19 791/1138/21 779/1139/22
f 779/1140/22 791/1141/21 792/1142/23 780/1143/24
f 780/1143/24 792/1142/23 781/1113/2 769/1112/1
f 781/1113/2 793/1144/25 794/1145/26 782/1114/3
f 782/1117/3 794/1146/26 795/1147/27 783/1118/5
f 783/1118/5 795/1147/27 796/1148/28 784/1120/7
f 784/1120/7 796/1148/28 797/1149/29 785/1122/9
f 785/1125/9 797/1150/29 798/1151/30 786/1126/11
f 786/1126/11 798/1151/30 799/1152/31 787/1128/13
f 787/1128/13 799/1152/31 800/1153/32 788/1130/15
f 788/1133/15 800/1154/32 801/1155/33 789/1134/17
f 789/1134/17 801/1155/33 802/1156/34 790/1136/19
f 790/1136/19 802/1156/34 803/1157/35 791/1138/21
f 791/1141/21 803/1158/35 804/1159/763 792/1142/23
f 792/1142/23 804/1159/763 793/1144/25 781/1113/2
f 793/1144/25 805/1160/37 806/1161/38 794/1145/26
f 794/1146/26 806/1162/38 807/1163/39 795/1147/27
f 795/1147/27 807/1163/39 808/1164/40 796/1148/28
f 796/1148/28 808/1164/40 809/1165/764 797/1149/29
f 797/1149/29 809/1165/764 810/1166/42 798/1167/30
f 798/1151/30 810/1168/42 811/1169/43 799/1152/31
f 799/1152/31 811/1169/43 812/1170/765 800/1153/32
f 800/1154/32 812/1171/765 813/1172/45 801/1155/33
f 801/1155/33 813/1172/45 814/1173/46 802/1156/34
f 802/1156/34 814/1173/46 815/1174/47 803/1157/35
f 803/1158/35 815/1175/47 816/1176/48 804/1159/763
f 804/1159/763 816/1176/48 805/1160/37 793/1144/25
f 805/1177/37 817/1178/49 818/1179/50 806/1180/38
f 806/1162/38 818/1181/50 819/1182/51 807/1163/39
f 807/1163/39 819/1182/51 820/1183/52 808/1164/40
f 808/1164/40 820/1183/52 821/1184/53 809/1165/764
f 809/1165/764 821/1184/53 822/1185/54 810/1166/42
f 810/1186/42 822/1187/54 823/1188/55 811/1189/43
f 811/1189/43 823/1188/55 824/1190/56 812/1191/765
f 812/1171/765 824/1192/56 825/1193/766 813/1172/45
f 813/1172/45 825/1193/766 826/1194/58 814/1173/46
f 814/1173/46 826/1194/58 827/1195/59 815/1174/47
f 815/1174/47 827/1195/59 828/1196/60 816/1197/48
f 816/1198/48 828/1199/60 817/1178/49 805/1177/37
f 817/1178/49 829/1200/767 830/1201/62 818/1179/50
f 818/1181/50 830/1202/62 831/1203/63 819/1182/51
f 819/1182/51 831/1203/63 832/1204/64 820/1183/52
f 820/1183/52 832/1204/64 833/1205/768 821/1184/53
f 821/1184/53 833/1205/768 834/1206/66 822/1185/54
f 822/1187/54 834/1207/66 835/1208/769 823/1188/55
f 823/1188/55 835/1208/769 836/1209/68 824/1190/56
f 824/1192/56 836/1210/68 837/1211/69 825/1193/766
f 825/1193/766 837/1211/69 838/1212/70 826/1194/58
f 826/1194/58 838/1212/70 839/1213/71 827/1195/59
f 827/1195/59 839/1213/71 840/1214/72 828/1196/60
f 828/1199/60 840/1215/72 829/1200/767 817/1178/49
f 829/1200/767 841/1216/73 842/1217/74 830/1201/62
f 830/1201/62 842/1217/74 843/1218/75 831/1219/63
f 831/1203/63 843/1220/75 844/1221/76 832/1204/64
f 832/1204/64 844/1221/76 845/1222/77 833/1205/768
f 833/1205/768 845/1222/77 846/1223/78 834/1206/66
f 834/1207/66 846/1224/78 847/1225/79 835/1208/769
f 835/1208/769 847/1225/79 848/1226/80 836/1209/68
f 836/1210/68 848/1227/80 849/1228/81 837/1211/69
f 837/1211/69 849/1228/81 850/1229/82 838/1212/70
f 838/1212/70 850/1229/82 851/1230/83 839/1213/71
f 839/1231/71 851/1232/83 852/1233/770 840/1215/72
f 840/1215/72 852/1233/770 841/1216/73 829/1200/767
f 841/1216/73 853/1234/85 854/1235/86 842/1217/74
f 842/1217/74 854/1235/86 855/1236/87 843/1218/75
f 843/1220/75 855/1237/87 856/1238/88 844/1221/76
f 844/1221/76 856/1238/88 857/1239/89 845/1222/77
f 845/1222/77 857/1239/89 858/1240/771 846/1223/78
f 846/1224/78 858/1241/771 859/1242/772 847/1225/79
f 847/1225/79 859/1242/772 860/1243/92 848/1226/80
f 848/1227/80 860/1244/92 861/1245/93 849/1228/81
f 849/1228/81 861/1245/93 862/1246/94 850/1229/82
f 850/1229/82 862/1246/94 863/1247/95 851/1230/83
f 851/1232/83 863/1248/95 864/1249/96 852/1233/770
f 852/1233/770 864/1249/96 853/1234/85 841/1216/73
f 853/1234/85 865/1250/97 866/1251/98 854/1235/86
f 854/1235/86 866/1251/98 867/1252/99 855/1236/87
f 855/1237/87 867/1253/99 868/1254/100 856/1238/88
f 856/1238/88 868/1254/100 869/1255/101 857/1239/89
f 857/1239/89 869/1255/101 870/1256/773 858/1240/771
f 858/1241/771 870/1257/773 871/1258/103 859/1242/772
f 859/1242/772 871/1258/103 872/1259/104 860/1243/92
f 860/1243/92 872/1259/104 873/1260/105 861/1261/93
f 861/1245/93 873/1262/105 874/1263/774 862/1246/94
f 862/1246/94 874/1263/774 875/1264/107 863/1247/95
f 863/1247/95 875/1264/107 876/1265/108 864/1266/96
f 864/1249/96 876/1267/108 865/1250/97 853/1234/85
f 865/1250/97 877/1268/109 878/1269/110 866/1251/98
f 866/1251/98 878/1269/110 879/1270/111 867/1252/99
f 867/1253/99 879/1271/111 880/1272/112 868/1254/100
f 868/1254/100 880/1272/112 881/1273/113 869/1255/101
f 869/1255/101 881/1273/113 882/1274/775 870/1256/773
f 870/1257/773 882/1275/775 883/1276/115 871/1258/103
f 871/1258/103 883/1276/115 884/1277/116 872/1259/104
f 872/1278/104 884/1279/116 885/1280/117 873/1262/105
f 873/1262/105 885/1280/117 886/1281/118 874/1263/774
f 874/1263/774 886/1281/118 887/1282/119 875/1264/107
f 875/1264/107 887/1282/119 888/1283/120 876/1265/108
f 876/1267/108 888/1284/120 877/1268/109 865/1250/97
f 877/1268/109 889/1285/121 890/1286/122 878/1269/110
f 878/1287/110 890/1288/122 891/1289/123 879/1271/111
f 879/1271/111 891/1289/123 892/1290/124 880/1272/112
f 880/1272/112 892/1290/124 893/1291/125 881/1273/113
f 881/1273/113 893/1291/125 894/1292/126 882/1274/775
f 882/1275/775 894/1293/126 895/1294/127 883/1276/115
f 883/1276/115 895/1294/127 896/1295/128 884/1277/116
f 884/1279/116 896/1296/128 897/1297/129 885/1280/117
f 885/1280/117 897/1297/129 898/1298/130 886/1281/118
f 886/1281/118 898/1298/130 899/1299/131 887/1282/119
f 887/1282/119 899/1299/131 900/1300/132 888/1283/120
f 888/1284/120 900/1301/132 889/1285/121 877/1268/109
f 889/1285/121 901/1302/133 902/1303/134 890/1286/122
f 890/1288/122 902/1304/134 903/1305/135 891/1289/123
f 891/1289/123 903/1305/135 904/1306/136 892/1290/124
f 892/1290/124 904/1306/136 905/1307/137 893/1291/125
f 893/1291/125 905/1307/137 906/1308/776 894/1292/126
f 894/1293/126 906/1309/776 907/1310/139 895/1294/127
f 895/1294/127 907/1310/139 908/1311/140 896/1295/128
f 896/1296/128 908/1312/140 909/1313/141 897/1297/129
f 897/1297/129 909/1313/141 910/1314/142 898/1298/130
f 898/1298/130 910/1314/142 911/1315/143 899/1299/131
f 899/1299/131 911/1315/143 912/1316/144 900/1300/132
f 900/1301/132 912/1317/144 901/1302/133 889/1285/121
f 901/1318/133 913/1319/145 914/1320/146 902/1321/134
f 902/1304/134 914/1322/146 915/1323/147 903/1305/135
f 903/1305/135 915/1323/147 916/1324/148 904/1306/136
f 904/1306/136 916/1324/148 917/1325/149 905/1307/137
f 905/1307/137 917/1325/149 918/1326/150 906/1308/776
f 906/1327/776 918/1328/150 919/1329/777 907/1330/139
f 907/1330/139 919/1329/777 920/1331/152 908/1332/140
f 908/1312/140 920/1333/152 921/1334/778 909/1313/141
f 909/1313/141 921/1334/778 922/1335/154 910/1314/142
f 910/1314/142 922/1335/154 923/1336/155 911/1315/143
f 911/1315/143 923/1336/155 924/1337/156 912/1316/144
f 912/1338/144 924/1339/156 913/1319/145 901/1318/133
f 913/1319/145 925/1340/157 926/1341/158 914/1320/146
f 914/1320/146 926/1341/158 927/1342/159 915/1343/147
f 915/1323/147 927/1344/159 928/1345/160 916/1324/148
f 916/1324/148 928/1345/160 929/1346/161 917/1325/149
f 917/1325/149 929/1346/161 930/1347/779 918/1326/150
f 918/1328/150 930/1348/779 931/1349/163 919/1329/777
f 919/1329/777 931/1349/163 932/1350/164 920/1331/152
f 920/1333/152 932/1351/164 933/1352/780 921/1334/778
f 921/1334/778 933/1352/780 934/1353/166 922/1335/154
f 922/1335/154 934/1353/166 935/1354/167 923/1336/155
f 923/1336/155 935/1354/167 936/1355/168 924/1337/156
f 924/1339/156 936/1356/168 925/1340/157 913/1319/145
f 925/1340/157 937/1357/169 938/1358/170 926/1341/158
f 926/1341/158 938/1358/170 939/1359/781 927/1342/159
f 927/1344/159 939/1360/781 940/1361/172 928/1345/160
f 928/1345/160 940/1361/172 941/1362/173 929/1346/161
f 929/1346/161 941/1362/173 942/1363/174 930/1347/779
f 930/1348/779 942/1364/174 943/1365/175 931/1349/163
f 931/1349/163 943/1365/175 944/1366/176 932/1350/164
f 932/1350/164 944/1366/176 945/1367/177 933/1368/780
f 933/1352/780 945/1369/177 946/1370/178 934/1353/166
f 934/1353/166 946/1370/178 947/1371/782 935/1354/167
f 935/1354/167 947/1371/782 948/1372/180 936/1355/168
f 936/1356/168 948/1373/180 937/1357/169 925/1340/157
f 937/1357/169 949/1374/181 950/1375/182 938/1358/170
f 938/1358/170 950/1375/182 951/1376/183 939/1359/781
f 939/1360/781 951/1377/183 952/1378/184 940/1361/172
f 940/1361/172 952/1378/184 953/1379/185 941/1362/173
f 941/1362/173 953/1379/185 954/1380/186 942/1363/174
f 942/1364/174 954/1381/186 955/1382/187 943/1365/175
f 943/1365/175 955/1382/187 956/1383/188 944/1366/176
f 944/1366/176 956/1383/188 957/1384/189 945/1367/177
f 945/1369/177 957/1385/189 958/1386/190 946/1370/178
f 946/1370/178 958/1386/190 959/1387/191 947/1371/782
f 947/1371/782 959/1387/191 960/1388/192 948/1372/180
f 948/1373/180 960/1389/192 949/1374/181 937/1357/169
f 949/1374/181 961/1390/193 962/1391/194 950/1375/182
f 950/1375/182 962/1391/194 963/1392/195 951/1376/183
f 951/1377/183 963/1393/195 964/1394/196 952/1378/184
f 952/1378/184 964/1394/196 965/1395/197 953/1379/185
f 953/1379/185 965/1395/197 966/1396/198 954/1380/186
f 954/1381/186 966/1397/198 967/1398/199 955/1382/187
f 955/1382/187 967/1398/199 968/1399/200 956/1383/188
f 956/1383/188 968/1399/200 969/1400/201 957/1384/189
f 957/1385/189 969/1401/201 970/1402/202 958/1386/190
f 958/1386/190 970/1402/202 971/1403/203 959/1387/191
f 959/1387/191 971/1403/203 972/1404/204 960/1388/192
f 960/1389/192 972/1405/204 961/1390/193 949/1374/181
f 961/1390/193 973/1406/205 974/1407/206 962/1391/194
f 962/1391/194 974/1407/206 975/1408/207 963/1392/195
f 963/1393/195 975/1409/207 976/1410/208 964/1394/196
f 964/1394/196 976/1410/208 977/1411/209 965/1395/197
f 965/1395/197 977/1411/209 978/1412/210 966/1396/198
f 966/1397/198 978/1413/210 979/1414/211 967/1398/199
f 967/1398/199 979/1414/211 980/1415/212 968/1399/200
f 968/1399/200 980/1415/212 981/1416/213 969/1400/201
f 969/1401/201 981/1417/213 982/1418/214 970/1402/202
f 970/1402/202 982/1418/214 983/1419/215 971/1403/203
f 971/1403/203 983/1419/215 984/1420/216 972/1404/204
f 972/1405/204 984/1421/216 973/1406/205 961/1390/193
f 973/1406/205 985/1422/217 986/1423/218 974/1407/206
f 974/1407/206 986/1423/218 987/1424/219 975/1408/207
f 975/1409/207 987/1425/219 988/1426/220 976/1410/208
f 976/1410/208 988/1426/220 989/1427/221 977/1411/209
f 977/1411/209 989/1427/221 990/1428/222 978/1412/210
f 978/1413/210 990/1429/222 991/1430/223 979/1414/211
f 979/1414/211 991/1430/223 992/1431/224 980/1415/212
f 980/1415/212 992/1431/224 993/1432/225 981/1416/213
f 981/1417/213 993/1433/225 994/1434/226 982/1418/214
f 982/1418/214 994/1434/226 995/1435/227 983/1419/215
f 983/1419/215 995/1435/227 996/1436/228 984/1420/216
f 984/1421/216 996/1437/228 985/1422/217 973/1406/205
f 985/1422/217 997/1438/229 998/1439/230 986/1423/218
f 986/1423/218 998/1439/230 999/1440/231 987/1424/219
f 987/1425/219 999/1441/231 1000/1442/232 988/1426/220
f 988/1426/220 1000/1442/232 1001/1443/233 989/1427/221
f 989/1427/221 1001/1443/233 1002/1444/234 990/1428/222
f 990/1429/222 1002/1445/234 1003/1446/235 991/1430/223
f 991/1430/223 1003/1446/235 1004/1447/236 992/1431/224
f 992/1448/224 1004/1449/236 1005/1450/237 993/1433/225
f 993/1433/225 1005/1450/237 1006/1451/238 994/1434/226
f 994/1434/226 1006/1451/238 1007/1452/239 995/1435/227
f 995/1435/227 1007/1452/239 1008/1453/240 996/1436/228
f 996/1437/228 1008/1454/240 997/1438/229 985/1422/217
f 997/1455/229 1009/1456/241 1010/1457/242 998/1458/230
f 998/1459/230 1010/1460/242 1011/1461/243 999/1441/231
f 999/1441/231 1011/1461/243 1012/1462/244 1000/1442/232
f 1000/1442/232 1012/1462/244 1013/1463/245 1001/1443/233
f 1001/1443/233 1013/1463/245 1014/1464/246 1002/1444/234
f 1002/1465/234 1014/1466/246 1015/1467/247 1003/1468/235
f 1003/1468/235 1015/1467/247 1016/1469/248 1004/1470/236
f 1004/1449/236 1016/1471/248 1017/1472/249 1005/1450/237
f 1005/1450/237 1017/1472/249 1018/1473/250 1006/1451/238
f 1006/1451/238 1018/1473/250 1019/1474/783 1007/1452/239
f 1007/1452/239 1019/1474/783 1020/1475/784 1008/1453/240
f 1008/1476/240 1020/1477/784 1009/1456/241 997/1455/229
f 1009/1456/241 1021/1478/253 1022/1479/254 1010/1457/242
f 1010/1460/242 1022/1480/254 1023/1481/255 1011/1461/243
f 1011/1461/243 1023/1481/255 1024/1482/256 1012/1462/244
f 1012/1462/244 1024/1482/256 1025/1483/257 1013/1463/245
f 1013/1463/245 1025/1483/257 1026/1484/785 1014/1464/246
f 1014/1466/246 1026/1485/785 1027/1486/786 1015/1467/247
f 1015/1467/247 1027/1486/786 1028/1487/260 1016/1469/248
f 1016/1471/248 1028/1488/260 1029/1489/261 1017/1472/249
f 1017/1472/249 1029/1489/261 1030/1490/262 1018/1473/250
f 1018/1473/250 1030/1490/262 1031/1491/263 1019/1474/783
f 1019/1474/783 1031/1491/263 1032/1492/264 1020/1475/784
f 1020/1477/784 1032/1493/264 1021/1478/253 1009/1456/241
f 1021/1478/253 1033/1494/265 1034/1495/266 1022/1479/254
f 1022/1479/254 1034/1495/266 1035/1496/267 1023/1497/255
f 1023/1481/255 1035/1498/267 1036/1499/268 1024/1482/256
f 1024/1482/256 1036/1499/268 1037/1500/269 1025/1483/257
f 1025/1483/257 1037/1500/269 1038/1501/270 1026/1484/785
f 1026/1485/785 1038/1502/270 1039/1503/787 1027/1486/786
f 1027/1486/786 1039/1503/787 1040/1504/272 1028/1487/260
f 1028/1488/260 1040/1505/272 1041/1506/273 1029/1489/261
f 1029/1489/261 1041/1506/273 1042/1507/274 1030/1490/262
f 1030/1490/262 1042/1507/274 1043/1508/275 1031/1491/263
f 1031/1491/263 1043/1508/275 1044/1509/276 1032/1492/264
f 1032/1493/264 1044/1510/276 1033/1494/265 1021/1478/253
f 1033/1494/265 1045/1511/788 1046/1512/278 1034/1495/266
f 1034/1495/266 1046/1512/278 1047/1513/279 1035/1496/267
f 1035/1498/267 1047/1514/279 1048/1515/280 1036/1499/268
f 1036/1499/268 1048/1515/280 1049/1516/281 1037/1500/269
f 1037/1517/269 1049/1518/281 1050/1519/282 1038/1502/270
f 1038/1502/270 1050/1519/282 1051/1520/283 1039/1503/787
f 1039/1503/787 1051/1520/283 1052/1521/284 1040/1504/272
f 1040/1505/272 1052/1522/284 1053/1523/285 1041/1506/273
f 1041/1506/273 1053/1523/285 1054/1524/286 1042/1507/274
f 1042/1507/274 1054/1524/286 1055/1525/287 1043/1508/275
f 1043/1526/275 1055/1527/287 1056/1528/288 1044/1510/276
f 1044/1510/276 1056/1528/288 1045/1511/788 1033/1494/265
f 1045/1511/788 1057/1529/103 1058/1530/289 1046/1512/278
f 1046/1531/278 1058/1532/289 1059/1533/290 1047/1514/279
f 1047/1514/279 1059/1533/290 1060/1534/291 1048/1515/280
f 1048/1515/280 1060/1534/291 1061/1535/292 1049/1516/281
f 1049/1518/281 1061/1536/292 1062/1537/293 1050/1519/282
f 1050/1519/282 1062/1537/293 1063/1538/97 1051/1520/283
f 1051/1520/283 1063/1538/97 1064/1539/294 1052/1521/284
f 1052/1522/284 1064/1540/294 1065/1541/295 1053/1523/285
f 1053/1523/285 1065/1541/295 1066/1542/296 1054/1524/286
f 1054/1524/286 1066/1542/296 1067/1543/297 1055/1525/287
f 1055/1527/287 1067/1544/297 1068/1545/298 1056/1528/288
f 1056/1528/288 1068/1545/298 1057/1529/103 1045/1511/788
f 1057/1529/103 1069/1546/299 1070/1547/789 1058/1530/289
f 1058/1532/289 1070/1548/789 1071/1549/301 1059/1533/290
f 1059/1533/290 1071/1549/301 1072/1550/302 1060/1534/291
f 1060/1534/291 1072/1550/302 1073/1551/303 1061/1535/292
f 1061/1535/292 1073/1551/303 1074/1552/304 1062/1553/293
f 1062/1537/293 1074/1554/304 1075/1555/305 1063/1538/97
f 1063/1538/97 1075/1555/305 1076/1556/306 1064/1539/294
f 1064/1540/294 1076/1557/306 1077/1558/307 1065/1541/295
f 1065/1541/295 1077/1558/307 1078/1559/308 1066/1542/296
f 1066/1542/296 1078/1559/308 1079/1560/309 1067/1543/297
f 1067/1544/297 1079/1561/309 1080/1562/310 1068/1545/298
f 1068/1545/298 1080/1562/310 1069/1546/299 1057/1529/103
f 1069/1546/299 1081/1563/311 1082/1564/312 1070/1547/789
f 1070/1548/789 1082/1565/312 1083/1566/313 1071/1549/301
f 1071/1549/301 1083/1566/313 1084/1567/314 1072/1550/302
f 1072/1550/302 1084/1567/314 1085/1568/315 1073/1551/303
f 1073/1551/303 1085/1568/315 1086/1569/316 1074/1552/304
f 1074/1554/304 1086/1570/316 1087/1571/317 1075/1555/305
f 1075/1555/305 1087/1571/317 1088/1572/318 1076/1556/306
f 1076/1557/306 1088/1573/318 1089/1574/319 1077/1558/307
f 1077/1558/307 1089/1574/319 1090/1575/320 1078/1559/308
f 1078/1559/308 1090/1575/320 1091/1576/321 1079/1560/309
f 1079/1560/309 1091/1576/321 1092/1577/322 1080/1578/310
f 1080/1562/310 1092/1579/322 1081/1563/311 1069/1546/299
f 1081/1563/311 1093/1580/323 1094/1581/790 1082/1564/312
f 1082/1565/312 1094/1582/790 1095/1583/325 1083/1566/313
f 1083/1566/313 1095/1583/325 1096/1584/326 1084/1567/314
f 1084/1567/314 1096/1584/326 1097/1585/327 1085/1568/315
f 1085/1568/315 1097/1585/327 1098/1586/328 1086/1569/316
f 1086/1570/316 1098/1587/328 1099/1588/329 1087/1571/317
f 1087/1571/317 1099/1588/329 1100/1589/330 1088/1572/318
f 1088/1573/318 1100/1590/330 1101/1591/331 1089/1574/319
f 1089/1574/319 1101/1591/331 1102/1592/332 1090/1575/320
f 1090/1575/320 1102/1592/332 1103/1593/333 1091/1576/321
f 1091/1576/321 1103/1593/333 1104/1594/334 1092/1577/322
f 1092/1579/322 1104/1595/334 1093/1580/323 1081/1563/311
f 1093/1596/323 1105/1597/335 1106/1598/336 1094/1599/790
f 1094/1582/790 1106/1600/336 1107/1601/337 1095/1583/325
f 1095/1583/325 1107/1601/337 1108/1602/338 1096/1584/326
f 1096/1584/326 1108/1602/338 1109/1603/339 1097/1585/327
f 1097/1585/327 1109/1603/339 1110/1604/340 1098/1586/328
f 1098/1605/328 1110/1606/340 1111/1607/341 1099/1608/329
f 1099/1608/329 1111/1607/341 1112/1609/342 1100/1610/330
f 1100/1590/330 1112/1611/342 1113/1612/343 1101/1591/331
f 1101/1591/331 1113/1612/343 1114/1613/344 1102/1592/332
f 1102/1592/332 1114/1613/344 1115/1614/345 1103/1593/333
f 1103/1593/333 1115/1614/345 1116/1615/346 1104/1594/334
f 1104/1616/334 1116/1617/346 1105/1597/335 1093/1596/323
f 1105/1597/335 1117/1618/347 1118/1619/348 1106/1598/336
f 1106/1600/336 1118/1620/348 1119/1621/349 1107/1601/337
f 1107/1601/337 1119/1621/349 1120/1622/350 1108/1602/338
f 1108/1602/338 1120/1622/350 1121/1623/351 1109/1603/339
f 1109/1603/339 1121/1623/351 1122/1624/352 1110/1604/340
f 1110/1606/340 1122/1625/352 1123/1626/353 1111/1607/341
f 1111/1607/341 1123/1626/353 1124/1627/354 1112/1609/342
f 1112/1611/342 1124/1628/354 1125/1629/355 1113/1612/343
f 1113/1612/343 1125/1629/355 1126/1630/356 1114/1613/344
f 1114/1613/344 1126/1630/356 1127/1631/357 1115/1614/345
f 1115/1632/345 1127/1633/357 1128/1634/358 1116/1617/346
f 1116/1617/346 1128/1634/358 1117/1618/347 1105/1597/335
f 1117/1618/347 1129/1635/359 1130/1636/360 1118/1619/348
f 1118/1620/348 1130/1637/360 1131/1638/361 1119/1621/349
f 1119/1621/349 1131/1638/361 1132/1639/362 1120/1622/350
f 1120/1622/350 1132/1639/362 1133/1640/363 1121/1623/351
f 1121/1641/351 1133/1642/363 1134/1643/364 1122/1625/352
f 1122/1625/352 1134/1643/364 1135/1644/365 1123/1626/353
f 1123/1626/353 1135/1644/365 1136/1645/366 1124/1627/354
f 1124/1628/354 1136/1646/366 1137/1647/367 1125/1629/355
f 1125/1629/355 1137/1647/367 1138/1648/368 1126/1630/356
f 1126/1630/356 1138/1648/368 1139/1649/369 1127/1631/357
f 1127/1633/357 1139/1650/369 1140/1651/370 1128/1634/358
f 1128/1634/358 1140/1651/370 1129/1635/359 1117/1618/347
f 1129/1635/359 1141/1652/371 1142/1653/372 1130/1636/360
f 1130/1637/360 1142/1654/372 1143/1655/373 1131/1638/361
f 1131/1638/361 1143/1655/373 1144/1656/374 1132/1639/362
f 1132/1639/362 1144/1656/374 1145/1657/375 1133/1640/363
f 1133/1642/363 1145/1658/375 1146/1659/376 1134/1643/364
f 1134/1643/364 1146/1659/376 1147/1660/377 1135/1644/365
f 1135/1644/365 1147/1660/377 1148/1661/791 1136/1645/366
f 1136/1646/366 1148/1662/791 1149/1663/379 1137/1647/367
f 1137/1647/367 1149/1663/379 1150/1664/380 1138/1648/368
f 1138/1648/368 1150/1664/380 1151/1665/381 1139/1649/369
f 1139/1650/369 1151/1666/381 1152/1667/382 1140/1651/370
f 1140/1651/370 1152/1667/382 1141/1652/371 1129/1635/359
f 1141/1652/371 769/1112/1 770/1115/4 1142/1653/372
f 1142/1654/372 770/1116/4 771/1119/6 1143/1655/373
f 1143/1655/373 771/1119/6 772/1121/8 1144/1656/374
f 1144/1656/374 772/1121/8 773/1123/10 1145/1657/375
f 1145/1658/375 773/1124/10 774/1127/12 1146/1659/376
f 1146/1659/376 774/1127/12 775/1129/14 1147/1660/377
f 1147/1660/377 775/1129/14 776/1131/16 1148/1661/791
f 1148/1662/791 776/1132/16 777/1135/18 1149/1663/379
f 1149/1663/379 777/1135/18 778/1137/20 1150/1664/380
f 1150/1664/380 778/1137/20 779/1139/22 1151/1665/381
f 1151/1666/381 779/1140/22 780/1143/24 1152/1667/382
f 1152/1667/382 780/1143/24 769/1112/1 1141/1652/371
f 1153/1668/383 1165/1669/384 1166/1670/385 1154/1671/386
f 1154/1672/386 1166/1673/385 1167/1674/387 1155/1675/388
f 1155/1675/388 1167/1674/387 1168/1676/389 1156/1677/390
f 1156/1677/390 1168/1676/389 1169/1678/391 1157/1679/392
f 1157/1680/392 1169/1681/391 1170/1682/393 1158/1683/394
f 1158/1683/394 1170/1682/393 1171/1684/395 1159/1685/792
f 1159/1685/792 1171/1684/395 1172/1686/397 1160/1687/398
f 1160/1688/398 1172/1689/397 1173/1690/399 1161/1691/400
f 1161/1691/400 1173/1690/399 1174/1692/401 1162/1693/402
f 1162/1693/402 1174/1692/401 1175/1694/403 1163/1695/404
f 1163/1696/404 1175/1697/403 1176/1698/405 1164/1699/406
f 1164/1699/406 1176/1698/405 1165/1669/384 1153/1668/383
f 1165/1669/384 1177/1700/407 1178/1701/408 1166/1670/385
f 1166/1673/385 1178/1702/408 1179/1703/409 1167/1674/387
f 1167/1674/387 1179/1703/409 1180/1704/410 1168/1676/389
f 1168/1676/389 1180/1704/410 1181/1705/411 1169/1678/391
f 1169/1681/391 1181/1706/411 1182/1707/412 1170/1682/393
f 1170/1682/393 1182/1707/412 1183/1708/413 1171/1684/395
f 1171/1684/395 1183/1708/413 1184/1709/414 1172/1686/397
f 1172/1689/397 1184/1710/414 1185/1711/415 1173/1690/399
f 1173/1690/399 1185/1711/415 1186/1712/416 1174/1692/401
f 1174/1692/401 1186/1712/416 1187/1713/417 1175/1694/403
f 1175/1697/403 1187/1714/417 1188/1715/418 1176/1698/405
f 1176/1698/405 1188/1715/418 1177/1700/407 1165/1669/384
f 1177/1700/407 1189/1716/419 1190/1717/420 1178/1701/408
f 1178/1702/408 1190/1718/420 1191/1719/421 1179/1703/409
f 1179/1703/409 1191/1719/421 1192/1720/422 1180/1704/410
f 1180/1704/410 1192/1720/422 1193/1721/423 1181/1705/411
f 1181/1706/411 1193/1722/423 1194/1723/424 1182/1707/412
f 1182/1707/412 1194/1723/424 1195/1724/425 1183/1708/413
f 1183/1708/413 1195/1724/425 1196/1725/426 1184/1709/414
f 1184/1710/414 1196/1726/426 1197/1727/427 1185/1711/415
f 1185/1711/415 1197/1727/427 1198/1728/428 1186/1712/416
f 1186/1712/416 1198/1728/428 1199/1729/429 1187/1713/417
f 1187/1714/417 1199/1730/429 1200/1731/793 1188/1715/418
f 1188/1715/418 1200/1731/793 1189/1716/419 1177/1700/407
f 1189/1716/419 1201/1732/794 1202/1733/432 1190/1717/420
f 1190/1718/420 1202/1734/432 1203/1735/433 1191/1719/421
f 1191/1719/421 1203/1735/433 1204/1736/434 1192/1720/422
f 1192/1720/422 1204/1736/434 1205/1737/435 1193/1721/423
f 1193/1738/423 1205/1739/435 1206/1740/436 1194/1741/424
f 1194/1723/424 1206/1742/436 1207/1743/437 1195/1724/425
f 1195/1724/425 1207/1743/437 1208/1744/438 1196/1725/426
f 1196/1726/426 1208/1745/438 1209/1746/439 1197/1727/427
f 1197/1727/427 1209/1746/439 1210/1747/440 1198/1728/428
f 1198/1728/428 1210/1747/440 1211/1748/441 1199/1729/429
f 1199/1749/429 1211/1750/441 1212/1751/442 1200/1752/793
f 1200/1731/793 1212/1753/442 1201/1732/794 1189/1716/419
f 1201/1754/794 1213/1755/443 1214/1756/444 1202/1757/432
f 1202/1734/432 1214/1758/444 1215/1759/445 1203/1735/433
f 1203/1735/433 1215/1759/445 1216/1760/446 1204/1736/434
f 1204/1736/434 1216/1760/446 1217/1761/447 1205/1737/435
f 1205/1739/435 1217/1762/447 1218/1763/448 1206/1740/436
f 1206/1740/436 1218/1763/448 1219/1764/449 1207/1765/437
f 1207/1765/437 1219/1764/449 1220/1766/450 1208/1767/438
f 1208/1745/438 1220/1768/450 1221/1769/451 1209/1746/439
f 1209/1746/439 1221/1769/451 1222/1770/452 1210/1747/440
f 1210/1747/440 1222/1770/452 1223/1771/453 1211/1748/441
f 1211/1750/441 1223/1772/453 1224/1773/454 1212/1751/442
f 1212/1751/442 1224/1773/454 1213/1755/443 1201/1754/794
f 1213/1755/443 1225/1774/455 1226/1775/456 1214/1756/444
f 1214/1758/444 1226/1776/456 1227/1777/457 1215/1759/445
f 1215/1759/445 1227/1777/457 1228/1778/458 1216/1760/446
f 1216/1760/446 1228/1778/458 1229/1779/459 1217/1761/447
f 1217/1762/447 1229/1780/459 1230/1781/460 1218/1763/448
f 1218/1763/448 1230/1781/460 1231/1782/461 1219/1764/449
f 1219/1764/449 1231/1782/461 1232/1783/462 1220/1766/450
f 1220/1768/450 1232/1784/462 1233/1785/463 1221/1769/451
f 1221/1769/451 1233/1785/463 1234/1786/464 1222/1770/452
f 1222/1770/452 1234/1786/464 1235/1787/465 1223/1771/453
f 1223/1772/453 1235/1788/465 1236/1789/795 1224/1773/454
f 1224/1773/454 1236/1789/795 1225/1774/455 1213/1755/443
f 1225/1774/455 1237/1790/467 1238/1791/468 1226/1775/456
f 1226/1776/456 1238/1792/468 1239/1793/469 1227/1777/457
f 1227/1777/457 1239/1793/469 1240/1794/470 1228/1778/458
f 1228/1778/458 1240/1794/470 1241/1795/796 1229/1779/459
f 1229/1780/459 1241/1796/796 1242/1797/472 1230/1781/460
f 1230/1781/460 1242/1797/472 1243/1798/473 1231/1782/461
f 1231/1782/461 1243/1798/473 1244/1799/474 1232/1783/462
f 1232/1784/462 1244/1800/474 1245/1801/475 1233/1785/463
f 1233/1785/463 1245/1801/475 1246/1802/476 1234/1786/464
f 1234/1786/464 1246/1802/476 1247/1803/477 1235/1787/465
f 1235/1788/465 1247/1804/477 1248/1805/478 1236/1789/795
f 1236/1789/795 1248/1805/478 1237/1790/467 1225/1774/455
f 1237/1790/467 1249/1806/97 1250/1807/479 1238/1791/468
f 1238/1792/468 1250/1808/479 1251/1809/480 1239/1793/469
f 1239/1793/469 1251/1809/480 1252/1810/481 1240/1794/470
f 1240/1794/470 1252/1810/481 1253/1811/482 1241/1795/796
f 1241/1796/796 1253/1812/482 1254/1813/797 1242/1797/472
f 1242/1797/472 1254/1813/797 1255/1814/103 1243/1798/473
f 1243/1798/473 1255/1814/103 1256/1815/484 1244/1799/474
f 1244/1800/474 1256/1816/484 1257/1817/485 1245/1801/475
f 1245/1801/475 1257/1817/485 1258/1818/486 1246/1802/476
f 1246/1802/476 1258/1818/486 1259/1819/487 1247/1803/477
f 1247/1804/477 1259/1820/487 1260/1821/798 1248/1805/478
f 1248/1805/478 1260/1821/798 1249/1806/97 1237/1790/467
f 1249/1806/97 1261/1822/489 1262/1823/490 1250/1807/479
f 1250/1808/479 1262/1824/490 1263/1825/491 1251/1809/480
f 1251/1809/480 1263/1825/491 1264/1826/492 1252/1810/481
f 1252/1810/481 1264/1826/492 1265/1827/493 1253/1811/482
f 1253/1812/482 1265/1828/493 1266/1829/494 1254/1813/797
f 1254/1813/797 1266/1829/494 1267/1830/799 1255/1814/103
f 1255/1814/103 1267/1830/799 1268/1831/496 1256/1815/484
f 1256/1816/484 1268/1832/496 1269/1833/497 1257/1817/485
f 1257/1817/485 1269/1833/497 1270/1834/498 1258/1818/486
f 1258/1818/486 1270/1834/498 1271/1835/499 1259/1819/487
f 1259/1820/487 1271/1836/499 1272/1837/800 1260/1821/798
f 1260/1821/798 1272/1837/800 1261/1822/489 1249/1806/97
f 1261/1822/489 1273/1838/501 1274/1839/502 1262/1823/490
f 1262/1824/490 1274/1840/502 1275/1841/503 1263/1825/491
f 1263/1825/491 1275/1841/503 1276/1842/504 1264/1826/492
f 1264/1826/492 1276/1842/504 1277/1843/505 1265/1827/493
f 1265/1828/493 1277/1844/505 1278/1845/506 1266/1829/494
f 1266/1829/494 1278/1845/506 1279/1846/507 1267/1830/799
f 1267/1830/799 1279/1846/507 1280/1847/508 1268/1831/496
f 1268/1832/496 1280/1848/508 1281/1849/509 1269/1833/497
f 1269/1833/497 1281/1849/509 1282/1850/510 1270/1834/498
f 1270/1834/498 1282/1850/510 1283/1851/801 1271/1835/499
f 1271/1836/499 1283/1852/801 1284/1853/512 1272/1837/800
f 1272/1837/800 1284/1853/512 1273/1838/501 1261/1822/489
f 1273/1838/501 1285/1854/802 1286/1855/514 1274/1839/502
f 1274/1840/502 1286/1856/514 1287/1857/515 1275/1841/503
f 1275/1841/503 1287/1857/515 1288/1858/516 1276/1842/504
f 1276/1842/504 1288/1858/516 1289/1859/803 1277/1843/505
f 1277/1844/505 1289/1860/803 1290/1861/518 1278/1845/506
f 1278/1845/506 1290/1861/518 1291/1862/519 1279/1846/507
f 1279/1846/507 1291/1862/519 1292/1863/804 1280/1847/508
f 1280/1848/508 1292/1864/804 1293/1865/521 1281/1849/509
f 1281/1849/509 1293/1865/521 1294/1866/522 1282/1850/510
f 1282/1850/510 1294/1866/522 1295/1867/523 1283/1851/801
f 1283/1852/801 1295/1868/523 1296/1869/524 1284/1853/512
f 1284/1853/512 1296/1869/524 1285/1854/802 1273/1838/501
f 1285/1870/802 1297/1871/525 1298/1872/805 1286/1873/514
f 1286/1856/514 1298/1874/805 1299/1875/806 1287/1857/515
f 1287/1857/515 1299/1875/806 1300/1876/528 1288/1858/516
f 1288/1858/516 1300/1876/528 1301/1877/529 1289/1859/803
f 1289/1860/803 1301/1878/529 1302/1879/530 1290/1861/518
f 1290/1861/518 1302/1879/530 1303/1880/531 1291/1862/519
f 1291/1881/519 1303/1882/531 1304/1883/532 1292/1884/804
f 1292/1864/804 1304/1885/532 1305/1886/533 1293/1865/521
f 1293/1865/521 1305/1886/533 1306/1887/807 1294/1866/522
f 1294/1866/522 1306/1887/807 1307/1888/535 1295/1867/523
f 1295/1868/523 1307/1889/535 1308/1890/536 1296/1869/524
f 1296/1869/524 1308/1890/536 1297/1891/525 1285/1854/802
f 1297/1871/525 1309/1892/537 1310/1893/538 1298/1872/805
f 1298/1874/805 1310/1894/538 1311/1895/539 1299/1875/806
f 1299/1875/806 1311/1895/539 1312/1896/540 1300/1876/528
f 1300/1876/528 1312/1896/540 1313/1897/541 1301/1877/529
f 1301/1877/529 1313/1897/541 1314/1898/542 1302/1899/530
f 1302/1900/530 1314/1901/542 1315/1902/543 1303/1882/531
f 1303/1882/531 1315/1902/543 1316/1903/544 1304/1883/532
f 1304/1885/532 1316/1904/544 1317/1905/545 1305/1886/533
f 1305/1886/533 1317/1905/545 1318/1906/546 1306/1887/807
f 1306/1887/807 1318/1906/546 1319/1907/547 1307/1888/535
f 1307/1888/535 1319/1907/547 1320/1908/548 1308/1909/536
f 1308/1910/536 1320/1911/548 1309/1892/537 1297/1871/525
f 1309/1892/537 1321/1912/549 1322/1913/550 1310/1893/538
f 1310/1893/538 1322/1913/550 1323/1914/551 1311/1915/539
f 1311/1895/539 1323/1916/551 1324/1917/552 1312/1896/540
f 1312/1896/540 1324/1917/552 1325/1918/553 1313/1897/541
f 1313/1897/541 1325/1918/553 1326/1919/554 1314/1898/542
f 1314/1901/542 1326/1920/554 1327/1921/555 1315/1902/543
f 1315/1902/543 1327/1921/555 1328/1922/556 1316/1903/544
f 1316/1904/544 1328/1923/556 1329/1924/557 1317/1905/545
f 1317/1905/545 1329/1924/557 1330/1925/558 1318/1906/546
f 1318/1906/546 1330/1925/558 1331/1926/559 1319/1907/547
f 1319/1907/547 1331/1926/559 1332/1927/560 1320/1908/548
f 1320/1911/548 1332/1928/560 1321/1912/549 1309/1892/537
f 1321/1912/549 1333/1929/561 1334/1930/562 1322/1913/550
f 1322/1913/550 1334/1930/562 1335/1931/563 1323/1914/551
f 1323/1916/551 1335/1932/563 1336/1933/564 1324/1917/552
f 1324/1917/552 1336/1933/564 1337/1934/565 1325/1918/553
f 1325/1918/553 1337/1934/565 1338/1935/566 1326/1919/554
f 1326/1920/554 1338/1936/566 1339/1937/567 1327/1921/555
f 1327/1921/555 1339/1937/567 1340/1938/568 1328/1922/556
f 1328/1922/556 1340/1938/568 1341/1939/569 1329/1940/557
f 1329/1924/557 1341/1941/569 1342/1942/570 1330/1925/558
f 1330/1925/558 1342/1942/570 1343/1943/571 1331/1926/559
f 1331/1926/559 1343/1943/571 1344/1944/808 1332/1927/560
f 1332/1928/560 1344/1945/808 1333/1929/561 1321/1912/549
f 1333/1929/561 1345/1946/573 1346/1947/574 1334/1930/562
f 1334/1930/562 1346/1947/574 1347/1948/575 1335/1931/563
f 1335/1932/563 1347/1949/575 1348/1950/576 1336/1933/564
f 1336/1933/564 1348/1950/576 1349/1951/577 1337/1934/565
f 1337/1934/565 1349/1951/577 1350/1952/578 1338/1935/566
f 1338/1936/566 1350/1953/578 1351/1954/579 1339/1937/567
f 1339/1937/567 1351/1954/579 1352/1955/580 1340/1938/568
f 1340/1938/568 1352/1955/580 1353/1956/809 1341/1939/569
f 1341/1941/569 1353/1957/809 1354/1958/582 1342/1942/570
f 1342/1942/570 1354/1958/582 1355/1959/583 1343/1943/571
f 1343/1943/571 1355/1959/583 1356/1960/584 1344/1944/808
f 1344/1945/808 1356/1961/584 1345/1946/573 1333/1929/561
f 1345/1946/573 1357/1962/585 1358/1963/586 1346/1947/574
f 1346/1947/574 1358/1963/586 1359/1964/587 1347/1948/575
f 1347/1949/575 1359/1965/587 1360/1966/588 1348/1950/576
f 1348/1950/576 1360/1966/588 1361/1967/589 1349/1951/577
f 1349/1951/577 1361/1967/589 1362/1968/590 1350/1952/578
f 1350/1953/578 1362/1969/590 1363/1970/591 1351/1954/579
f 1351/1954/579 1363/1970/591 1364/1971/592 1352/1955/580
f 1352/1955/580 1364/1971/592 1365/1972/593 1353/1956/809
f 1353/1957/809 1365/1973/593 1366/1974/594 1354/1958/582
f 1354/1958/582 1366/1974/594 1367/1975/595 1355/1959/583
f 1355/1959/583 1367/1975/595 1368/1976/596 1356/1960/584
f 1356/1961/584 1368/1977/596 1357/1962/585 1345/1946/573
f 1357/1962/585 1369/1978/597 1370/1979/598 1358/1963/586
f 1358/1963/586 1370/1979/598 1371/1980/599 1359/1964/587
f 1359/1965/587 1371/1981/599 1372/1982/600 1360/1966/588
f 1360/1966/588 1372/1982/600 1373/1983/601 1361/1967/589
f 1361/1967/589 1373/1983/601 1374/1984/602 1362/1968/590
f 1362/1969/590 1374/1985/602 1375/1986/603 1363/1970/591
f 1363/1970/591 1375/1986/603 1376/1987/604 1364/1971/592
f 1364/1971/592 1376/1987/604 1377/1988/605 1365/1972/593
f 1365/1973/593 1377/1989/605 1378/1990/810 1366/1974/594
f 1366/1974/594 1378/1990/810 1379/1991/607 1367/1975/595
f 1367/1975/595 1379/1991/607 1380/1992/608 1368/1976/596
f 1368/1977/596 1380/1993/608 1369/1978/597 1357/1962/585
f 1369/1978/597 1381/1994/609 1382/1995/610 1370/1979/598
f 1370/1979/598 1382/1995/610 1383/1996/611 1371/1980/599
f 1371/1981/599 1383/1997/611 1384/1998/612 1372/1982/600
f 1372/1982/600 1384/1998/612 1385/1999/613 1373/1983/601
f 1373/1983/601 1385/1999/613 1386/2000/811 1374/1984/602
f 1374/1985/602 1386/2001/811 1387/2002/615 1375/1986/603
f 1375/1986/603 1387/2002/615 1388/2003/616 1376/1987/604
f 1376/1987/604 1388/2003/616 1389/2004/617 1377/1988/605
f 1377/1989/605 1389/2005/617 1390/2006/618 1378/1990/810
f 1378/1990/810 1390/2006/618 1391/2007/619 1379/1991/607
f 1379/1991/607 1391/2007/619 1392/2008/620 1380/1992/608
f 1380/1993/608 1392/2009/620 1381/1994/609 1369/1978/597
f 1381/1994/609 1393/2010/621 1394/2011/622 1382/1995/610
f 1382/1995/610 1394/2011/622 1395/2012/623 1383/1996/611
f 1383/1997/611 1395/2013/623 1396/2014/624 1384/1998/612
f 1384/1998/612 1396/2014/624 1397/2015/625 1385/1999/613
f 1385/1999/613 1397/2015/625 1398/2016/626 1386/2000/811
f 1386/2001/811 1398/2017/626 1399/2018/627 1387/2002/615
f 1387/2002/615 1399/2018/627 1400/2019/628 1388/2003/616
f 1388/2020/616 1400/2021/628 1401/2022/629 1389/2023/617
f 1389/2005/617 1401/2024/629 1402/2025/630 1390/2006/618
f 1390/2006/618 1402/2025/630 1403/2026/631 1391/2007/619
f 1391/2007/619 1403/2026/631 1404/2027/632 1392/2008/620
f 1392/2009/620 1404/2028/632 1393/2010/621 1381/1994/609
f 1393/2029/621 1405/2030/633 1406/2031/634 1394/2032/622
f 1394/2032/622 1406/2031/634 1407/2033/635 1395/2034/623
f 1395/2013/623 1407/2035/635 1408/2036/636 1396/2014/624
f 1396/2014/624 1408/2036/636 1409/2037/637 1397/2015/625
f 1397/2015/625 1409/2037/637 1410/2038/638 1398/2016/626
f 1398/2039/626 1410/2040/638 1411/2041/639 1399/2042/627
f 1399/2042/627 1411/2041/639 1412/2043/640 1400/2021/628
f 1400/2021/628 1412/2043/640 1413/2044/641 1401/2022/629
f 1401/2024/629 1413/2045/641 1414/2046/642 1402/2025/630
f 1402/2025/630 1414/2046/642 1415/2047/643 1403/2026/631
f 1403/2026/631 1415/2047/643 1416/2048/644 1404/2027/632
f 1404/2049/632 1416/2050/644 1405/2030/633 1393/2029/621
f 1405/2030/633 1417/2051/645 1418/2052/646 1406/2031/634
f 1406/2031/634 1418/2052/646 1419/2053/647 1407/2033/635
f 1407/2035/635 1419/2054/647 1420/2055/648 1408/2036/636
f 1408/2036/636 1420/2055/648 1421/2056/649 1409/2037/637
f 1409/2037/637 1421/2056/649 1422/2057/812 1410/2038/638
f 1410/2040/638 1422/2058/812 1423/2059/651 1411/2041/639
f 1411/2041/639 1423/2059/651 1424/2060/652 1412/2043/640
f 1412/2043/640 1424/2060/652 1425/2061/653 1413/2044/641
f 1413/2045/641 1425/2062/653 1426/2063/813 1414/2046/642
f 1414/2046/642 1426/2063/813 1427/2064/655 1415/2047/643
f 1415/2047/643 1427/2064/655 1428/2065/656 1416/2048/644
f 1416/2050/644 1428/2066/656 1417/2051/645 1405/2030/633
f 1417/2051/645 1429/2067/814 1430/2068/658 1418/2052/646
f 1418/2052/646 1430/2068/658 1431/2069/659 1419/2053/647
f 1419/2054/647 1431/2070/659 1432/2071/660 1420/2055/648
f 1420/2055/648 1432/2071/660 1433/2072/661 1421/2056/649
f 1421/2056/649 1433/2072/661 1434/2073/662 1422/2057/812
f 1422/2058/812 1434/2074/662 1435/2075/663 1423/2059/651
f 1423/2059/651 1435/2075/663 1436/2076/815 1424/2060/652
f 1424/2060/652 1436/2076/815 1437/2077/665 1425/2061/653
f 1425/2062/653 1437/2078/665 1438/2079/666 1426/2063/813
f 1426/2063/813 1438/2079/666 1439/2080/667 1427/2064/655
f 1427/2064/655 1439/2080/667 1440/2081/668 1428/2065/656
f 1428/2066/656 1440/2082/668 1429/2067/814 1417/2051/645
f 1429/2067/814 1441/2083/103 1442/2084/669 1430/2068/658
f 1430/2068/658 1442/2084/669 1443/2085/670 1431/2069/659
f 1431/2070/659 1443/2086/670 1444/2087/671 1432/2071/660
f 1432/2071/660 1444/2087/671 1445/2088/672 1433/2072/661
f 1433/2072/661 1445/2088/672 1446/2089/673 1434/2073/662
f 1434/2074/662 1446/2090/673 1447/2091/97 1435/2075/663
f 1435/2075/663 1447/2091/97 1448/2092/674 1436/2076/815
f 1436/2076/815 1448/2092/674 1449/2093/675 1437/2077/665
f 1437/2078/665 1449/2094/675 1450/2095/676 1438/2079/666
f 1438/2079/666 1450/2095/676 1451/2096/677 1439/2080/667
f 1439/2080/667 1451/2096/677 1452/2097/678 1440/2081/668
f 1440/2082/668 1452/2098/678 1441/2083/103 1429/2067/814
f 1441/2083/103 1453/2099/679 1454/2100/680 1442/2084/669
f 1442/2084/669 1454/2100/680 1455/2101/681 1443/2085/670
f 1443/2086/670 1455/2102/681 1456/2103/682 1444/2087/671
f 1444/2087/671 1456/2103/682 1457/2104/683 1445/2088/672
f 1445/2088/672 1457/2104/683 1458/2105/684 1446/2089/673
f 1446/2090/673 1458/2106/684 1459/2107/685 1447/2091/97
f 1447/2091/97 1459/2107/685 1460/2108/816 1448/2092/674
f 1448/2092/674 1460/2108/816 1461/2109/687 1449/2093/675
f 1449/2094/675 1461/2110/687 1462/2111/688 1450/2095/676
f 1450/2095/676 1462/2111/688 1463/2112/689 1451/2096/677
f 1451/2096/677 1463/2112/689 1464/2113/690 1452/2097/678
f 1452/2098/678 1464/2114/690 1453/2099/679 1441/2083/103
f 1453/2099/679 1465/2115/691 1466/2116/692 1454/2100/680
f 1454/2100/680 1466/2116/692 1467/2117/693 1455/2101/681
f 1455/2102/681 1467/2118/693 1468/2119/694 1456/2103/682
f 1456/2103/682 1468/2119/694 1469/2120/695 1457/2104/683
f 1457/2104/683 1469/2120/695 1470/2121/696 1458/2105/684
f 1458/2106/684 1470/2122/696 1471/2123/697 1459/2107/685
f 1459/2107/685 1471/2123/697 1472/2124/698 1460/2108/816
f 1460/2108/816 1472/2124/698 1473/2125/699 1461/2109/687
f 1461/2110/687 1473/2126/699 1474/2127/700 1462/2111/688
f 1462/2111/688 1474/2127/700 1475/2128/701 1463/2112/689
f 1463/2112/689 1475/2128/701 1476/2129/817 1464/2113/690
f 1464/2114/690 1476/2130/817 1465/2115/691 1453/2099/679
f 1465/2115/691 1477/2131/703 1478/2132/704 1466/2116/692
f 1466/2116/692 1478/2132/704 1479/2133/705 1467/2117/693
f 1467/2118/693 1479/2134/705 1480/2135/818 1468/2119/694
f 1468/2119/694 1480/2135/818 1481/2136/707 1469/2120/695
f 1469/2120/695 1481/2136/707 1482/2137/708 1470/2121/696
f 1470/2122/696 1482/2138/708 1483/2139/709 1471/2123/697
f 1471/2123/697 1483/2139/709 1484/2140/710 1472/2124/698
f 1472/2124/698 1484/2140/710 1485/2141/711 1473/2125/699
f 1473/2126/699 1485/2142/711 1486/2143/712 1474/2127/700
f 1474/2127/700 1486/2143/712 1487/2144/713 1475/2128/701
f 1475/2128/701 1487/2144/713 1488/2145/714 1476/2129/817
f 1476/2130/817 1488/2146/714 1477/2131/703 1465/2115/691
f 1477/2131/703 1489/2147/819 1490/2148/716 1478/2132/704
f 1478/2132/704 1490/2148/716 1491/2149/717 1479/2133/705
f 1479/2134/705 1491/2150/717 1492/2151/718 1480/2135/818
f 1480/2135/818 1492/2151/718 1493/2152/719 1481/2136/707
f 1481/2136/707 1493/2152/719 1494/2153/720 1482/2137/708
f 1482/2154/708 1494/2155/720 1495/2156/721 1483/2157/709
f 1483/2139/709 1495/2158/721 1496/2159/722 1484/2140/710
f 1484/2140/710 1496/2159/722 1497/2160/723 1485/2141/711
f 1485/2142/711 1497/2161/723 1498/2162/724 1486/2143/712
f 1486/2143/712 1498/2162/724 1499/2163/725 1487/2144/713
f 1487/2144/713 1499/2163/725 1500/2164/726 1488/2145/714
f 1488/2165/714 1500/2166/726 1489/2167/819 1477/2168/703
f 1489/2167/819 1501/2169/727 1502/2170/728 1490/2171/716
f 1490/2172/716 1502/2173/728 1503/2174/729 1491/2150/717
f 1491/2150/717 1503/2174/729 1504/2175/730 1492/2151/718
f 1492/2151/718 1504/2175/730 1505/2176/731 1493/2152/719
f 1493/2152/719 1505/2176/731 1506/2177/820 1494/2153/720
f 1494/2155/720 1506/2178/820 1507/2179/733 1495/2156/721
f 1495/2156/721 1507/2179/733 1508/2180/734 1496/2181/722
f 1496/2182/722 1508/2183/734 1509/2184/735 1497/2161/723
f 1497/2161/723 1509/2184/735 1510/2185/736 1498/2162/724
f 1498/2162/724 1510/2185/736 1511/2186/737 1499/2163/725
f 1499/2163/725 1511/2186/737 1512/2187/738 1500/2164/726
f 1500/2166/726 1512/2188/738 1501/2169/727 1489/2167/819
f 1501/2169/727 1513/2189/739 1514/2190/740 1502/2170/728
f 1502/2173/728 1514/2191/740 1515/2192/741 1503/2174/729
f 1503/2174/729 1515/2192/741 1516/2193/742 1504/2175/730
f 1504/2175/730 1516/2193/742 1517/2194/743 1505/2176/731
f 1505/2176/731 1517/2194/743 1518/2195/744 1506/2177/820
f 1506/2178/820 1518/2196/744 1519/2197/745 1507/2179/733
f 1507/2179/733 1519/2197/745 1520/2198/746 1508/2180/734
f 1508/2183/734 1520/2199/746 1521/2200/747 1509/2184/735
f 1509/2184/735 1521/2200/747 1522/2201/748 1510/2185/736
f 1510/2185/736 1522/2201/748 1523/2202/749 1511/2186/737
f 1511/2203/737 1523/2204/749 1524/2205/750 1512/2188/738
f 1512/2188/738 1524/2205/750 1513/2189/739 1501/2169/727
f 1513/2189/739 1525/2206/751 1526/2207/752 1514/2190/740
f 1514/2191/740 1526/2208/752 1527/2209/753 1515/2192/741
f 1515/2192/741 1527/2209/753 1528/2210/754 1516/2193/742
f 1516/2193/742 1528/2210/754 1529/2211/755 1517/2194/743
f 1517/2212/743 1529/2213/755 1530/2214/756 1518/2196/744
f 1518/2196/744 1530/2214/756 1531/2215/757 1519/2197/745
f 1519/2197/745 1531/2215/757 1532/2216/758 1520/2198/746
f 1520/2199/746 1532/2217/758 1533/2218/759 1521/2200/747
f 1521/2200/747 1533/2218/759 1534/2219/760 1522/2201/748
f 1522/2201/748 1534/2219/760 1535/2220/761 1523/2202/749
f 1523/2204/749 1535/2221/761 1536/2222/762 1524/2205/750
f 1524/2205/750 1536/2222/762 1525/2206/751 1513/2189/739
f 1525/2206/751 1153/1668/383 1154/1671/386 1526/2207/752
f 1526/2208/752 1154/1672/386 1155/1675/388 1527/2209/753
f 1527/2209/753 1155/1675/388 1156/1677/390 1528/2210/754
f 1528/2210/754 1156/1677/390 1157/1679/392 1529/2211/755
f 1529/2213/755 1157/1680/392 1158/1683/394 1530/2214/756
f 1530/2214/756 1158/1683/394 1159/1685/792 1531/2215/757
f 1531/2215/757 1159/1685/792 1160/1687/398 1532/2216/758
f 1532/2217/758 1160/1688/398 1161/1691/400 1533/2218/759
f 1533/2218/759 1161/1691/400 1162/1693/402 1534/2219/760
f 1534/2219/760 1162/1693/402 1163/1695/404 1535/2220/761
f 1535/2221/761 1163/1696/404 1164/1699/406 1536/2222/762
f 1536/2222/762 1164/1699/406 1153/1668/383 1525/2206/751
f 1537/2223/1 1549/2224/2 1550/2225/3 1538/2226/4
f 1538/2227/4 1550/2228/3 1551/2229/821 1539/2230/6
f 1539/2230/6 1551/2229/821 1552/2231/7 1540/2232/8
f 1540/2232/8 1552/2231/7 1553/2233/9 1541/2234/10
f 1541/2235/10 1553/2236/9 1554/2237/11 1542/2238/12
f 1542/2238/12 1554/2237/11 1555/2239/13 1543/2240/14
f 1543/2240/14 1555/2239/13 1556/2241/15 1544/2242/16
f 1544/2243/16 1556/2244/15 1557/2245/17 1545/2246/18
f 1545/2246/18 1557/2245/17 1558/2247/19 1546/2248/20
f 1546/2248/20 1558/2247/19 1559/2249/21 1547/2250/22
f 1547/2251/22 1559/2252/21 1560/2253/23 1548/2254/24
f 1548/2254/24 1560/2253/23 1549/2224/2 1537/2223/1
f 1549/2224/2 1561/2255/25 1562/2256/26 1550/2225/3
f 1550/2228/3 1562/2257/26 1563/2258/27 1551/2229/821
f 1551/2229/821 1563/2258/27 1564/2259/28 1552/2231/7
f 1552/2231/7 1564/2259/28 1565/2260/29 1553/2233/9
f 1553/2236/9 1565/2261/29 1566/2262/30 1554/2237/11
f 1554/2237/11 1566/2262/30 1567/2263/31 1555/2239/13
f 1555/2239/13 1567/2263/31 1568/2264/32 1556/2241/15
f 1556/2244/15 1568/2265/32 1569/2266/33 1557/2245/17
f 1557/2245/17 1569/2266/33 1570/2267/34 1558/2247/19
f 1558/2247/19 1570/2267/34 1571/2268/35 1559/2249/21
f 1559/2252/21 1571/2269/35 1572/2270/36 1560/2253/23
f 1560/2253/23 1572/2270/36 1561/2255/25 1549/2224/2
f 1561/2255/25 1573/2271/37 1574/2272/38 1562/2256/26
f 1562/2257/26 1574/2273/38 1575/2274/39 1563/2258/27
f 1563/2258/27 1575/2274/39 1576/2275/40 1564/2259/28
f 1564/2259/28 1576/2275/40 1577/2276/764 1565/2260/29
f 1565/2260/29 1577/2276/764 1578/2277/42 1566/2278/30
f 1566/2262/30 1578/2279/42 1579/2280/43 1567/2263/31
f 1567/2263/31 1579/2280/43 1580/2281/765 1568/2264/32
f 1568/2265/32 1580/2282/765 1581/2283/45 1569/2266/33
f 1569/2266/33 1581/2283/45 1582/2284/46 1570/2267/34
f 1570/2267/34 1582/2284/46 1583/2285/47 1571/2268/35
f 1571/2269/35 1583/2286/47 1584/2287/48 1572/2270/36
f 1572/2270/36 1584/2287/48 1573/2271/37 1561/2255/25
f 1573/2288/37 1585/2289/49 1586/2290/50 1574/2291/38
f 1574/2273/38 1586/2292/50 1587/2293/51 1575/2274/39
f 1575/2274/39 1587/2293/51 1588/2294/52 1576/2275/40
f 1576/2275/40 1588/2294/52 1589/2295/53 1577/2276/764
f 1577/2276/764 1589/2295/53 1590/2296/54 1578/2277/42
f 1578/2297/42 1590/2298/54 1591/2299/55 1579/2300/43
f 1579/2300/43 1591/2299/55 1592/2301/56 1580/2302/765
f 1580/2282/765 1592/2303/56 1593/2304/57 1581/2283/45
f 1581/2283/45 1593/2304/57 1594/2305/58 1582/2284/46
f 1582/2284/46 1594/2305/58 1595/2306/59 1583/2285/47
f 1583/2285/47 1595/2306/59 1596/2307/60 1584/2308/48
f 1584/2309/48 1596/2310/60 1585/2289/49 1573/2288/37
f 1585/2289/49 1597/2311/822 1598/2312/62 1586/2290/50
f 1586/2292/50 1598/2313/62 1599/2314/63 1587/2293/51
f 1587/2293/51 1599/2314/63 1600/2315/64 1588/2294/52
f 1588/2294/52 1600/2315/64 1601/2316/768 1589/2295/53
f 1589/2295/53 1601/2316/768 1602/2317/66 1590/2296/54
f 1590/2298/54 1602/2318/66 1603/2319/67 1591/2299/55
f 1591/2299/55 1603/2319/67 1604/2320/823 1592/2301/56
f 1592/2303/56 1604/2321/823 1605/2322/69 1593/2304/57
f 1593/2304/57 1605/2322/69 1606/2323/70 1594/2305/58
f 1594/2305/58 1606/2323/70 1607/2324/71 1595/2306/59
f 1595/2306/59 1607/2324/71 1608/2325/72 1596/2307/60
f 1596/2310/60 1608/2326/72 1597/2311/822 1585/2289/49
f 1597/2311/822 1609/2327/73 1610/2328/74 1598/2312/62
f 1598/2312/62 1610/2328/74 1611/2329/75 1599/2330/63
f 1599/2314/63 1611/2331/75 1612/2332/76 1600/2315/64
f 1600/2315/64 1612/2332/76 1613/2333/77 1601/2316/768
f 1601/2316/768 1613/2333/77 1614/2334/78 1602/2317/66
f 1602/2318/66 1614/2335/78 1615/2336/79 1603/2319/67
f 1603/2319/67 1615/2336/79 1616/2337/80 1604/2320/823
f 1604/2321/823 1616/2338/80 1617/2339/81 1605/2322/69
f 1605/2322/69 1617/2339/81 1618/2340/82 1606/2323/70
f 1606/2323/70 1618/2340/82 1619/2341/83 1607/2324/71
f 1607/2342/71 1619/2343/83 1620/2344/770 1608/2326/72
f 1608/2326/72 1620/2344/770 1609/2327/73 1597/2311/822
f 1609/2327/73 1621/2345/85 1622/2346/86 1610/2328/74
f 1610/2328/74 1622/2346/86 1623/2347/87 1611/2329/75
f 1611/2331/75 1623/2348/87 1624/2349/88 1612/2332/76
f 1612/2332/76 1624/2349/88 1625/2350/89 1613/2333/77
f 1613/2333/77 1625/2350/89 1626/2351/90 1614/2334/78
f 1614/2335/78 1626/2352/90 1627/2353/772 1615/2336/79
f 1615/2336/79 1627/2353/772 1628/2354/92 1616/2337/80
f 1616/2338/80 1628/2355/92 1629/2356/93 1617/2339/81
f 1617/2339/81 1629/2356/93 1630/2357/94 1618/2340/82
f 1618/2340/82 1630/2357/94 1631/2358/95 1619/2341/83
f 1619/2343/83 1631/2359/95 1632/2360/96 1620/2344/770
f 1620/2344/770 1632/2360/96 1621/2345/85 1609/2327/73
f 1621/2345/85 1633/2361/97 1634/2362/98 1622/2346/86
f 1622/2346/86 1634/2362/98 1635/2363/99 1623/2347/87
f 1623/2348/87 1635/2364/99 1636/2365/100 1624/2349/88
f 1624/2349/88 1636/2365/100 1637/2366/101 1625/2350/89
f 1625/2350/89 1637/2366/101 1638/2367/102 1626/2351/90
f 1626/2352/90 1638/2368/102 1639/2369/103 1627/2353/772
f 1627/2353/772 1639/2369/103 1640/2370/104 1628/2354/92
f 1628/2354/92 1640/2370/104 1641/2371/105 1629/2372/93
f 1629/2356/93 1641/2373/105 1642/2374/106 1630/2357/94
f 1630/2357/94 1642/2374/106 1643/2375/107 1631/2358/95
f 1631/2358/95 1643/2375/107 1644/2376/108 1632/2377/96
f 1632/2360/96 1644/2378/108 1633/2361/97 1621/2345/85
f 1633/2361/97 1645/2379/109 1646/2380/110 1634/2362/98
f 1634/2362/98 1646/2380/110 1647/2381/111 1635/2363/99
f 1635/2364/99 1647/2382/111 1648/2383/112 1636/2365/100
f 1636/2365/100 1648/2383/112 1649/2384/113 1637/2366/101
f 1637/2366/101 1649/2384/113 1650/2385/114 1638/2367/102
f 1638/2368/102 1650/2386/114 1651/2387/115 1639/2369/103
f 1639/2369/103 1651/2387/115 1652/2388/116 1640/2370/104
f 1640/2389/104 1652/2390/116 1653/2391/117 1641/2373/105
f 1641/2373/105 1653/2391/117 1654/2392/118 1642/2374/106
f 1642/2374/106 1654/2392/118 1655/2393/119 1643/2375/107
f 1643/2375/107 1655/2393/119 1656/2394/120 1644/2376/108
f 1644/2378/108 1656/2395/120 1645/2379/109 1633/2361/97
f 1645/2379/109 1657/2396/824 1658/2397/122 1646/2380/110
f 1646/2398/110 1658/2399/122 1659/2400/123 1647/2382/111
f 1647/2382/111 1659/2400/123 1660/2401/124 1648/2383/112
f 1648/2383/112 1660/2401/124 1661/2402/125 1649/2384/113
f 1649/2384/113 1661/2402/125 1662/2403/126 1650/2385/114
f 1650/2386/114 1662/2404/126 1663/2405/127 1651/2387/115
f 1651/2387/115 1663/2405/127 1664/2406/128 1652/2388/116
f 1652/2390/116 1664/2407/128 1665/2408/129 1653/2391/117
f 1653/2391/117 1665/2408/129 1666/2409/130 1654/2392/118
f 1654/2392/118 1666/2409/130 1667/2410/131 1655/2393/119
f 1655/2393/119 1667/2410/131 1668/2411/132 1656/2394/120
f 1656/2395/120 1668/2412/132 1657/2396/824 1645/2379/109
f 1657/2396/824 1669/2413/133 1670/2414/134 1658/2397/122
f 1658/2399/122 1670/2415/134 1671/2416/135 1659/2400/123
f 1659/2400/123 1671/2416/135 1672/2417/136 1660/2401/124
f 1660/2401/124 1672/2417/136 1673/2418/137 1661/2402/125
f 1661/2402/125 1673/2418/137 1674/2419/776 1662/2403/126
f 1662/2404/126 1674/2420/776 1675/2421/139 1663/2405/127
f 1663/2405/127 1675/2421/139 1676/2422/140 1664/2406/128
f 1664/2407/128 1676/2423/140 1677/2424/141 1665/2408/129
f 1665/2408/129 1677/2424/141 1678/2425/142 1666/2409/130
f 1666/2409/130 1678/2425/142 1679/2426/143 1667/2410/131
f 1667/2410/131 1679/2426/143 1680/2427/144 1668/2411/132
f 1668/2412/132 1680/2428/144 1669/2413/133 1657/2396/824
f 1669/2429/133 1681/2430/145 1682/2431/146 1670/2432/134
f 1670/2415/134 1682/2433/146 1683/2434/147 1671/2416/135
f 1671/2416/135 1683/2434/147 1684/2435/148 1672/2417/136
f 1672/2417/136 1684/2435/148 1685/2436/149 1673/2418/137
f 1673/2418/137 1685/2436/149 1686/2437/150 1674/2419/776
f 1674/2438/776 1686/2439/150 1687/2440/777 1675/2441/139
f 1675/2441/139 1687/2440/777 1688/2442/152 1676/2443/140
f 1676/2423/140 1688/2444/152 1689/2445/778 1677/2424/141
f 1677/2424/141 1689/2445/778 1690/2446/154 1678/2425/142
f 1678/2425/142 1690/2446/154 1691/2447/155 1679/2426/143
f 1679/2426/143 1691/2447/155 1692/2448/156 1680/2427/144
f 1680/2449/144 1692/2450/156 1681/2430/145 1669/2429/133
f 1681/2430/145 1693/2451/157 1694/2452/158 1682/2431/146
f 1682/2431/146 1694/2452/158 1695/2453/159 1683/2454/147
f 1683/2434/147 1695/2455/159 1696/2456/160 1684/2435/148
f 1684/2435/148 1696/2456/160 1697/2457/161 1685/2436/149
f 1685/2436/149 1697/2457/161 1698/2458/779 1686/2437/150
f 1686/2439/150 1698/2459/779 1699/2460/163 1687/2440/777
f 1687/2440/777 1699/2460/163 1700/2461/164 1688/2442/152
f 1688/2444/152 1700/2462/164 1701/2463/165 1689/2445/778
f 1689/2445/778 1701/2463/165 1702/2464/166 1690/2446/154
f 1690/2446/154 1702/2464/166 1703/2465/167 1691/2447/155
f 1691/2447/155 1703/2465/167 1704/2466/168 1692/2448/156
f 1692/2450/156 1704/2467/168 1693/2451/157 1681/2430/145
f 1693/2451/157 1705/2468/169 1706/2469/170 1694/2452/158
f 1694/2452/158 1706/2469/170 1707/2470/781 1695/2453/159
f 1695/2455/159 1707/2471/781 1708/2472/172 1696/2456/160
f 1696/2456/160 1708/2472/172 1709/2473/173 1697/2457/161
f 1697/2457/161 1709/2473/173 1710/2474/174 1698/2458/779
f 1698/2459/779 1710/2475/174 1711/2476/175 1699/2460/163
f 1699/2460/163 1711/2476/175 1712/2477/176 1700/2461/164
f 1700/2461/164 1712/2477/176 1713/2478/177 1701/2479/165
f 1701/2463/165 1713/2480/177 1714/2481/178 1702/2464/166
f 1702/2464/166 1714/2481/178 1715/2482/179 1703/2465/167
f 1703/2465/167 1715/2482/179 1716/2483/180 1704/2466/168
f 1704/2467/168 1716/2484/180 1705/2468/169 1693/2451/157
f 1705/2468/169 1717/2485/181 1718/2486/182 1706/2469/170
f 1706/2469/170 1718/2486/182 1719/2487/183 1707/2470/781
f 1707/2471/781 1719/2488/183 1720/2489/184 1708/2472/172
f 1708/2472/172 1720/2489/184 1721/2490/185 1709/2473/173
f 1709/2473/173 1721/2490/185 1722/2491/186 1710/2474/174
f 1710/2475/174 1722/2492/186 1723/2493/187 1711/2476/175
f 1711/2476/175 1723/2493/187 1724/2494/188 1712/2477/176
f 1712/2477/176 1724/2494/188 1725/2495/189 1713/2478/177
f 1713/2480/177 1725/2496/189 1726/2497/190 1714/2481/178
f 1714/2481/178 1726/2497/190 1727/2498/191 1715/2482/179
f 1715/2482/179 1727/2498/191 1728/2499/192 1716/2483/180
f 1716/2484/180 1728/2500/192 1717/2485/181 1705/2468/169
f 1717/2485/181 1729/2501/193 1730/2502/194 1718/2486/182
f 1718/2486/182 1730/2502/194 1731/2503/195 1719/2487/183
f 1719/2488/183 1731/2504/195 1732/2505/196 1720/2489/184
f 1720/2489/184 1732/2505/196 1733/2506/197 1721/2490/185
f 1721/2490/185 1733/2506/197 1734/2507/198 1722/2491/186
f 1722/2492/186 1734/2508/198 1735/2509/199 1723/2493/187
f 1723/2493/187 1735/2509/199 1736/2510/200 1724/2494/188
f 1724/2494/188 1736/2510/200 1737/2511/201 1725/2495/189
f 1725/2496/189 1737/2512/201 1738/2513/202 1726/2497/190
f 1726/2497/190 1738/2513/202 1739/2514/203 1727/2498/191
f 1727/2498/191 1739/2514/203 1740/2515/204 1728/2499/192
f 1728/2500/192 1740/2516/204 1729/2501/193 1717/2485/181
f 1729/2501/193 1741/2517/205 1742/2518/206 1730/2502/194
f 1730/2502/194 1742/2518/206 1743/2519/207 1731/2503/195
f 1731/2504/195 1743/2520/207 1744/2521/208 1732/2505/196
f 1732/2505/196 1744/2521/208 1745/2522/209 1733/2506/197
f 1733/2506/197 1745/2522/209 1746/2523/825 1734/2507/198
f 1734/2508/198 1746/2524/825 1747/2525/211 1735/2509/199
f 1735/2509/199 1747/2525/211 1748/2526/212 1736/2510/200
f 1736/2510/200 1748/2526/212 1749/2527/213 1737/2511/201
f 1737/2512/201 1749/2528/213 1750/2529/214 1738/2513/202
f 1738/2513/202 1750/2529/214 1751/2530/215 1739/2514/203
f 1739/2514/203 1751/2530/215 1752/2531/216 1740/2515/204
f 1740/2516/204 1752/2532/216 1741/2517/205 1729/2501/193
f 1741/2517/205 1753/2533/217 1754/2534/218 1742/2518/206
f 1742/2518/206 1754/2534/218 1755/2535/219 1743/2519/207
f 1743/2520/207 1755/2536/219 1756/2537/220 1744/2521/208
f 1744/2521/208 1756/2537/220 1757/2538/221 1745/2522/209
f 1745/2522/209 1757/2538/221 1758/2539/222 1746/2523/825
f 1746/2524/825 1758/2540/222 1759/2541/223 1747/2525/211
f 1747/2525/211 1759/2541/223 1760/2542/224 1748/2526/212
f 1748/2526/212 1760/2542/224 1761/2543/225 1749/2527/213
f 1749/2528/213 1761/2544/225 1762/2545/226 1750/2529/214
f 1750/2529/214 1762/2545/226 1763/2546/227 1751/2530/215
f 1751/2530/215 1763/2546/227 1764/2547/228 1752/2531/216
f 1752/2532/216 1764/2548/228 1753/2533/217 1741/2517/205
f 1753/2533/217 1765/2549/229 1766/2550/230 1754/2534/218
f 1754/2534/218 1766/2550/230 1767/2551/231 1755/2535/219
f 1755/2536/219 1767/2552/231 1768/2553/232 1756/2537/220
f 1756/2537/220 1768/2553/232 1769/2554/233 1757/2538/221
f 1757/2538/221 1769/2554/233 1770/2555/234 1758/2539/222
f 1758/2540/222 1770/2556/234 1771/2557/235 1759/2541/223
f 1759/2541/223 1771/2557/235 1772/2558/236 1760/2542/224
f 1760/2559/224 1772/2560/236 1773/2561/237 1761/2544/225
f 1761/2544/225 1773/2561/237 1774/2562/238 1762/2545/226
f 1762/2545/226 1774/2562/238 1775/2563/239 1763/2546/227
f 1763/2546/227 1775/2563/239 1776/2564/240 1764/2547/228
f 1764/2548/228 1776/2565/240 1765/2549/229 1753/2533/217
f 1765/2566/229 1777/2567/241 1778/2568/242 1766/2569/230
f 1766/2570/230 1778/2571/242 1779/2572/243 1767/2552/231
f 1767/2552/231 1779/2572/243 1780/2573/244 1768/2553/232
f 1768/2553/232 1780/2573/244 1781/2574/245 1769/2554/233
f 1769/2554/233 1781/2574/245 1782/2575/246 1770/2555/234
f 1770/2576/234 1782/2577/246 1783/2578/247 1771/2579/235
f 1771/2579/235 1783/2578/247 1784/2580/248 1772/2581/236
f 1772/2560/236 1784/2582/248 1785/2583/249 1773/2561/237
f 1773/2561/237 1785/2583/249 1786/2584/250 1774/2562/238
f 1774/2562/238 1786/2584/250 1787/2585/783 1775/2563/239
f 1775/2563/239 1787/2585/783 1788/2586/784 1776/2564/240
f 1776/2587/240 1788/2588/784 1777/2567/241 1765/2566/229
f 1777/2567/241 1789/2589/826 1790/2590/254 1778/2568/242
f 1778/2571/242 1790/2591/254 1791/2592/255 1779/2572/243
f 1779/2572/243 1791/2592/255 1792/2593/256 1780/2573/244
f 1780/2573/244 1792/2593/256 1793/2594/257 1781/2574/245
f 1781/2574/245 1793/2594/257 1794/2595/258 1782/2575/246
f 1782/2577/246 1794/2596/258 1795/2597/259 1783/2578/247
f 1783/2578/247 1795/2597/259 1796/2598/260 1784/2580/248
f 1784/2582/248 1796/2599/260 1797/2600/261 1785/2583/249
f 1785/2583/249 1797/2600/261 1798/2601/262 1786/2584/250
f 1786/2584/250 1798/2601/262 1799/2602/263 1787/2585/783
f 1787/2585/783 1799/2602/263 1800/2603/264 1788/2586/784
f 1788/2588/784 1800/2604/264 1789/2589/826 1777/2567/241
f 1789/2589/826 1801/2605/265 1802/2606/266 1790/2590/254
f 1790/2590/254 1802/2606/266 1803/2607/267 1791/2608/255
f 1791/2592/255 1803/2609/267 1804/2610/268 1792/2593/256
f 1792/2593/256 1804/2610/268 1805/2611/269 1793/2594/257
f 1793/2594/257 1805/2611/269 1806/2612/270 1794/2595/258
f 1794/2596/258 1806/2613/270 1807/2614/787 1795/2597/259
f 1795/2597/259 1807/2614/787 1808/2615/827 1796/2598/260
f 1796/2599/260 1808/2616/827 1809/2617/273 1797/2600/261
f 1797/2600/261 1809/2617/273 1810/2618/274 1798/2601/262
f 1798/2601/262 1810/2618/274 1811/2619/275 1799/2602/263
f 1799/2602/263 1811/2619/275 1812/2620/276 1800/2603/264
f 1800/2604/264 1812/2621/276 1801/2605/265 1789/2589/826
f 1801/2605/265 1813/2622/788 1814/2623/278 1802/2606/266
f 1802/2606/266 1814/2623/278 1815/2624/279 1803/2607/267
f 1803/2609/267 1815/2625/279 1816/2626/280 1804/2610/268
f 1804/2610/268 1816/2626/280 1817/2627/281 1805/2611/269
f 1805/2628/269 1817/2629/281 1818/2630/282 1806/2613/270
f 1806/2613/270 1818/2630/282 1819/2631/283 1807/2614/787
f 1807/2614/787 1819/2631/283 1820/2632/284 1808/2615/827
f 1808/2616/827 1820/2633/284 1821/2634/285 1809/2617/273
f 1809/2617/273 1821/2634/285 1822/2635/286 1810/2618/274
f 1810/2618/274 1822/2635/286 1823/2636/287 1811/2619/275
f 1811/2637/275 1823/2638/287 1824/2639/288 1812/2621/276
f 1812/2621/276 1824/2639/288 1813/2622/788 1801/2605/265
f 1813/2622/788 1825/2640/103 1826/2641/289 1814/2623/278
f 1814/2642/278 1826/2643/289 1827/2644/290 1815/2625/279
f 1815/2625/279 1827/2644/290 1828/2645/291 1816/2626/280
f 1816/2626/280 1828/2645/291 1829/2646/292 1817/2627/281
f 1817/2629/281 1829/2647/292 1830/2648/293 1818/2630/282
f 1818/2630/282 1830/2648/293 1831/2649/97 1819/2631/283
f 1819/2631/283 1831/2649/97 1832/2650/828 1820/2632/284
f 1820/2633/284 1832/2651/828 1833/2652/295 1821/2634/285
f 1821/2634/285 1833/2652/295 1834/2653/296 1822/2635/286
f 1822/2635/286 1834/2653/296 1835/2654/297 1823/2636/287
f 1823/2638/287 1835/2655/297 1836/2656/298 1824/2639/288
f 1824/2639/288 1836/2656/298 1825/2640/103 1813/2622/788
f 1825/2640/103 1837/2657/299 1838/2658/789 1826/2641/289
f 1826/2643/289 1838/2659/789 1839/2660/301 1827/2644/290
f 1827/2644/290 1839/2660/301 1840/2661/302 1828/2645/291
f 1828/2645/291 1840/2661/302 1841/2662/303 1829/2646/292
f 1829/2646/292 1841/2662/303 1842/2663/304 1830/2664/293
f 1830/2648/293 1842/2665/304 1843/2666/305 1831/2649/97
f 1831/2649/97 1843/2666/305 1844/2667/306 1832/2650/828
f 1832/2651/828 1844/2668/306 1845/2669/307 1833/2652/295
f 1833/2652/295 1845/2669/307 1846/2670/308 1834/2653/296
f 1834/2653/296 1846/2670/308 1847/2671/309 1835/2654/297
f 1835/2655/297 1847/2672/309 1848/2673/310 1836/2656/298
f 1836/2656/298 1848/2673/310 1837/2657/299 1825/2640/103
f 1837/2657/299 1849/2674/311 1850/2675/312 1838/2658/789
f 1838/2659/789 1850/2676/312 1851/2677/313 1839/2660/301
f 1839/2660/301 1851/2677/313 1852/2678/314 1840/2661/302
f 1840/2661/302 1852/2678/314 1853/2679/315 1841/2662/303
f 1841/2662/303 1853/2679/315 1854/2680/316 1842/2663/304
f 1842/2665/304 1854/2681/316 1855/2682/317 1843/2666/305
f 1843/2666/305 1855/2682/317 1856/2683/318 1844/2667/306
f 1844/2668/306 1856/2684/318 1857/2685/319 1845/2669/307
f 1845/2669/307 1857/2685/319 1858/2686/320 1846/2670/308
f 1846/2670/308 1858/2686/320 1859/2687/321 1847/2671/309
f 1847/2671/309 1859/2687/321 1860/2688/322 1848/2689/310
f 1848/2673/310 1860/2690/322 1849/2674/311 1837/2657/299
f 1849/2674/311 1861/2691/323 1862/2692/790 1850/2675/312
f 1850/2676/312 1862/2693/790 1863/2694/325 1851/2677/313
f 1851/2677/313 1863/2694/325 1864/2695/326 1852/2678/314
f 1852/2678/314 1864/2695/326 1865/2696/327 1853/2679/315
f 1853/2679/315 1865/2696/327 1866/2697/328 1854/2680/316
f 1854/2681/316 1866/2698/328 1867/2699/329 1855/2682/317
f 1855/2682/317 1867/2699/329 1868/2700/330 1856/2683/318
f 1856/2684/318 1868/2701/330 1869/2702/331 1857/2685/319
f 1857/2685/319 1869/2702/331 1870/2703/332 1858/2686/320
f 1858/2686/320 1870/2703/332 1871/2704/333 1859/2687/321
f 1859/2687/321 1871/2704/333 1872/2705/334 1860/2688/322
f 1860/2690/322 1872/2706/334 1861/2691/323 1849/2674/311
f 1861/2707/323 1873/2708/335 1874/2709/336 1862/2710/790
f 1862/2693/790 1874/2711/336 1875/2712/829 1863/2694/325
f 1863/2694/325 1875/2712/829 1876/2713/338 1864/2695/326
f 1864/2695/326 1876/2713/338 1877/2714/830 1865/2696/327
f 1865/2696/327 1877/2714/830 1878/2715/340 1866/2697/328
f 1866/2716/328 1878/2717/340 1879/2718/341 1867/2719/329
f 1867/2719/329 1879/2718/341 1880/2720/342 1868/2721/330
f 1868/2701/330 1880/2722/342 1881/2723/343 1869/2702/331
f 1869/2702/331 1881/2723/343 1882/2724/344 1870/2703/332
f 1870/2703/332 1882/2724/344 1883/2725/345 1871/2704/333
f 1871/2704/333 1883/2725/345 1884/2726/346 1872/2705/334
f 1872/2727/334 1884/2728/346 1873/2708/335 1861/2707/323
f 1873/2708/335 1885/2729/347 1886/2730/348 1874/2709/336
f 1874/2711/336 1886/2731/348 1887/2732/349 1875/2712/829
f 1875/2712/829 1887/2732/349 1888/2733/350 1876/2713/338
f 1876/2713/338 1888/2733/350 1889/2734/351 1877/2714/830
f 1877/2714/830 1889/2734/351 1890/2735/352 1878/2715/340
f 1878/2717/340 1890/2736/352 1891/2737/353 1879/2718/341
f 1879/2718/341 1891/2737/353 1892/2738/354 1880/2720/342
f 1880/2722/342 1892/2739/354 1893/2740/355 1881/2723/343
f 1881/2723/343 1893/2740/355 1894/2741/356 1882/2724/344
f 1882/2724/344 1894/2741/356 1895/2742/357 1883/2725/345
f 1883/2743/345 1895/2744/357 1896/2745/358 1884/2728/346
f 1884/2728/346 1896/2745/358 1885/2729/347 1873/2708/335
f 1885/2729/347 1897/2746/359 1898/2747/360 1886/2730/348
f 1886/2731/348 1898/2748/360 1899/2749/361 1887/2732/349
f 1887/2732/349 1899/2749/361 1900/2750/362 1888/2733/350
f 1888/2733/350 1900/2750/362 1901/2751/363 1889/2734/351
f 1889/2752/351 1901/2753/363 1902/2754/364 1890/2736/352
f 1890/2736/352 1902/2754/364 1903/2755/365 1891/2737/353
f 1891/2737/353 1903/2755/365 1904/2756/366 1892/2738/354
f 1892/2739/354 1904/2757/366 1905/2758/367 1893/2740/355
f 1893/2740/355 1905/2758/367 1906/2759/368 1894/2741/356
f 1894/2741/356 1906/2759/368 1907/2760/369 1895/2742/357
f 1895/2744/357 1907/2761/369 1908/2762/370 1896/2745/358
f 1896/2745/358 1908/2762/370 1897/2746/359 1885/2729/347
f 1897/2746/359 1909/2763/371 1910/2764/372 1898/2747/360
f 1898/2748/360 1910/2765/372 1911/2766/373 1899/2749/361
f 1899/2749/361 1911/2766/373 1912/2767/374 1900/2750/362
f 1900/2750/362 1912/2767/374 1913/2768/375 1901/2751/363
f 1901/2753/363 1913/2769/375 1914/2770/376 1902/2754/364
f 1902/2754/364 1914/2770/376 1915/2771/377 1903/2755/365
f 1903/2755/365 1915/2771/377 1916/2772/791 1904/2756/366
f 1904/2757/366 1916/2773/791 1917/2774/379 1905/2758/367
f 1905/2758/367 1917/2774/379 1918/2775/380 1906/2759/368
f 1906/2759/368 1918/2775/380 1919/2776/381 1907/2760/369
f 1907/2761/369 1919/2777/381 1920/2778/382 1908/2762/370
f 1908/2762/370 1920/2778/382 1909/2763/371 1897/2746/359
f 1909/2763/371 1537/2223/1 1538/2226/4 1910/2764/372
f 1910/2765/372 1538/2227/4 1539/2230/6 1911/2766/373
f 1911/2766/373 1539/2230/6 1540/2232/8 1912/2767/374
f 1912/2767/374 1540/2232/8 1541/2234/10 1913/2768/375
f 1913/2769/375 1541/2235/10 1542/2238/12 1914/2770/376
f 1914/2770/376 1542/2238/12 1543/2240/14 1915/2771/377
f 1915/2771/377 1543/2240/14 1544/2242/16 1916/2772/791
f 1916/2773/791 1544/2243/16 1545/2246/18 1917/2774/379
f 1917/2774/379 1545/2246/18 1546/2248/20 1918/2775/380
f 1918/2775/380 1546/2248/20 1547/2250/22 1919/2776/381
f 1919/2777/381 1547/2251/22 1548/2254/24 1920/2778/382
f 1920/2778/382 1548/2254/24 1537/2223/1 1909/2763/371
f 1921/2779/383 1933/2780/384 1934/2781/385 1922/2782/386
f 1922/2783/386 1934/2784/385 1935/2785/387 1923/2786/388
f 1923/2786/388 1935/2785/387 1936/2787/389 1924/2788/390
f 1924/2788/390 1936/2787/389 1937/2789/391 1925/2790/392
f 1925/2791/392 1937/2792/391 1938/2793/393 1926/2794/394
f 1926/2794/394 1938/2793/393 1939/2795/395 1927/2796/792
f 1927/2796/792 1939/2795/395 1940/2797/397 1928/2798/398
f 1928/2799/398 1940/2800/397 1941/2801/399 1929/2802/400
f 1929/2802/400 1941/2801/399 1942/2803/401 1930/2804/402
f 1930/2804/402 1942/2803/401 1943/2805/403 1931/2806/404
f 1931/2807/404 1943/2808/403 1944/2809/405 1932/2810/406
f 1932/2810/406 1944/2809/405 1933/2780/384 1921/2779/383
f 1933/2780/384 1945/2811/407 1946/2812/408 1934/2781/385
f 1934/2784/385 1946/2813/408 1947/2814/409 1935/2785/387
f 1935/2785/387 1947/2814/409 1948/2815/410 1936/2787/389
f 1936/2787/389 1948/2815/410 1949/2816/411 1937/2789/391
f 1937/2792/391 1949/2817/411 1950/2818/412 1938/2793/393
f 1938/2793/393 1950/2818/412 1951/2819/413 1939/2795/395
f 1939/2795/395 1951/2819/413 1952/2820/414 1940/2797/397
f 1940/2800/397 1952/2821/414 1953/2822/415 1941/2801/399
f 1941/2801/399 1953/2822/415 1954/2823/416 1942/2803/401
f 1942/2803/401 1954/2823/416 1955/2824/417 1943/2805/403
f 1943/2808/403 1955/2825/417 1956/2826/418 1944/2809/405
f 1944/2809/405 1956/2826/418 1945/2811/407 1933/2780/384
f 1945/2811/407 1957/2827/419 1958/2828/831 1946/2812/408
f 1946/2813/408 1958/2829/831 1959/2830/421 1947/2814/409
f 1947/2814/409 1959/2830/421 1960/2831/422 1948/2815/410
f 1948/2815/410 1960/2831/422 1961/2832/423 1949/2816/411
f 1949/2817/411 1961/2833/423 1962/2834/424 1950/2818/412
f 1950/2818/412 1962/2834/424 1963/2835/425 1951/2819/413
f 1951/2819/413 1963/2835/425 1964/2836/426 1952/2820/414
f 1952/2821/414 1964/2837/426 1965/2838/427 1953/2822/415
f 1953/2822/415 1965/2838/427 1966/2839/428 1954/2823/416
f 1954/2823/416 1966/2839/428 1967/2840/429 1955/2824/417
f 1955/2825/417 1967/2841/429 1968/2842/430 1956/2826/418
f 1956/2826/418 1968/2842/430 1957/2827/419 1945/2811/407
f 1957/2827/419 1969/2843/794 1970/2844/432 1958/2828/831
f 1958/2829/831 1970/2845/432 1971/2846/433 1959/2830/421
f 1959/2830/421 1971/2846/433 1972/2847/434 1960/2831/422
f 1960/2831/422 1972/2847/434 1973/2848/435 1961/2832/423
f 1961/2849/423 1973/2850/435 1974/2851/436 1962/2852/424
f 1962/2834/424 1974/2853/436 1975/2854/437 1963/2835/425
f 1963/2835/425 1975/2854/437 1976/2855/438 1964/2836/426
f 1964/2837/426 1976/2856/438 1977/2857/439 1965/2838/427
f 1965/2838/427 1977/2857/439 1978/2858/440 1966/2839/428
f 1966/2839/428 1978/2858/440 1979/2859/441 1967/2840/429
f 1967/2860/429 1979/2861/441 1980/2862/442 1968/2863/430
f 1968/2842/430 1980/2864/442 1969/2843/794 1957/2827/419
f 1969/2865/794 1981/2866/443 1982/2867/444 1970/2868/432
f 1970/2845/432 1982/2869/444 1983/2870/445 1971/2846/433
f 1971/2846/433 1983/2870/445 1984/2871/446 1972/2847/434
f 1972/2847/434 1984/2871/446 1985/2872/447 1973/2848/435
f 1973/2850/435 1985/2873/447 1986/2874/448 1974/2851/436
f 1974/2851/436 1986/2874/448 1987/2875/449 1975/2876/437
f 1975/2876/437 1987/2875/449 1988/2877/450 1976/2878/438
f 1976/2856/438 1988/2879/450 1989/2880/451 1977/2857/439
f 1977/2857/439 1989/2880/451 1990/2881/832 1978/2858/440
f 1978/2858/440 1990/2881/832 1991/2882/833 1979/2859/441
f 1979/2861/441 1991/2883/833 1992/2884/454 1980/2862/442
f 1980/2862/442 1992/2884/454 1981/2866/443 1969/2865/794
f 1981/2866/443 1993/2885/455 1994/2886/456 1982/2867/444
f 1982/2869/444 1994/2887/456 1995/2888/457 1983/2870/445
f 1983/2870/445 1995/2888/457 1996/2889/458 1984/2871/446
f 1984/2871/446 1996/2889/458 1997/2890/459 1985/2872/447
f 1985/2873/447 1997/2891/459 1998/2892/460 1986/2874/448
f 1986/2874/448 1998/2892/460 1999/2893/461 1987/2875/449
f 1987/2875/449 1999/2893/461 2000/2894/462 1988/2877/450
f 1988/2879/450 2000/2895/462 2001/2896/463 1989/2880/451
f 1989/2880/451 2001/2896/463 2002/2897/464 1990/2881/832
f 1990/2881/832 2002/2897/464 2003/2898/465 1991/2882/833
f 1991/2883/833 2003/2899/465 2004/2900/795 1992/2884/454
f 1992/2884/454 2004/2900/795 1993/2885/455 1981/2866/443
f 1993/2885/455 2005/2901/467 2006/2902/834 1994/2886/456
f 1994/2887/456 2006/2903/834 2007/2904/469 1995/2888/457
f 1995/2888/457 2007/2904/469 2008/2905/470 1996/2889/458
f 1996/2889/458 2008/2905/470 2009/2906/796 1997/2890/459
f 1997/2891/459 2009/2907/796 2010/2908/472 1998/2892/460
f 1998/2892/460 2010/2908/472 2011/2909/473 1999/2893/461
f 1999/2893/461 2011/2909/473 2012/2910/474 2000/2894/462
f 2000/2895/462 2012/2911/474 2013/2912/475 2001/2896/463
f 2001/2896/463 2013/2912/475 2014/2913/476 2002/2897/464
f 2002/2897/464 2014/2913/476 2015/2914/477 2003/2898/465
f 2003/2899/465 2015/2915/477 2016/2916/478 2004/2900/795
f 2004/2900/795 2016/2916/478 2005/2901/467 1993/2885/455
f 2005/2901/467 2017/2917/97 2018/2918/479 2006/2902/834
f 2006/2903/834 2018/2919/479 2019/2920/835 2007/2904/469
f 2007/2904/469 2019/2920/835 2020/2921/481 2008/2905/470
f 2008/2905/470 2020/2921/481 2021/2922/482 2009/2906/796
f 2009/2907/796 2021/2923/482 2022/2924/483 2010/2908/472
f 2010/2908/472 2022/2924/483 2023/2925/103 2011/2909/473
f 2011/2909/473 2023/2925/103 2024/2926/484 2012/2910/474
f 2012/2911/474 2024/2927/484 2025/2928/485 2013/2912/475
f 2013/2912/475 2025/2928/485 2026/2929/486 2014/2913/476
f 2014/2913/476 2026/2929/486 2027/2930/487 2015/2914/477
f 2015/2915/477 2027/2931/487 2028/2932/488 2016/2916/478
f 2016/2916/478 2028/2932/488 2017/2917/97 2005/2901/467
f 2017/2917/97 2029/2933/489 2030/2934/490 2018/2918/479
f 2018/2919/479 2030/2935/490 2031/2936/491 2019/2920/835
f 2019/2920/835 2031/2936/491 2032/2937/492 2020/2921/481
f 2020/2921/481 2032/2937/492 2033/2938/493 2021/2922/482
f 2021/2923/482 2033/2939/493 2034/2940/494 2022/2924/483
f 2022/2924/483 2034/2940/494 2035/2941/799 2023/2925/103
f 2023/2925/103 2035/2941/799 2036/2942/496 2024/2926/484
f 2024/2927/484 2036/2943/496 2037/2944/497 2025/2928/485
f 2025/2928/485 2037/2944/497 2038/2945/498 2026/2929/486
f 2026/2929/486 2038/2945/498 2039/2946/499 2027/2930/487
f 2027/2931/487 2039/2947/499 2040/2948/800 2028/2932/488
f 2028/2932/488 2040/2948/800 2029/2933/489 2017/2917/97
f 2029/2933/489 2041/2949/501 2042/2950/502 2030/2934/490
f 2030/2935/490 2042/2951/502 2043/2952/836 2031/2936/491
f 2031/2936/491 2043/2952/836 2044/2953/504 2032/2937/492
f 2032/2937/492 2044/2953/504 2045/2954/505 2033/2938/493
f 2033/2939/493 2045/2955/505 2046/2956/837 2034/2940/494
f 2034/2940/494 2046/2956/837 2047/2957/507 2035/2941/799
f 2035/2941/799 2047/2957/507 2048/2958/508 2036/2942/496
f 2036/2943/496 2048/2959/508 2049/2960/509 2037/2944/497
f 2037/2944/497 2049/2960/509 2050/2961/510 2038/2945/498
f 2038/2945/498 2050/2961/510 2051/2962/838 2039/2946/499
f 2039/2947/499 2051/2963/838 2052/2964/512 2040/2948/800
f 2040/2948/800 2052/2964/512 2041/2949/501 2029/2933/489
f 2041/2949/501 2053/2965/513 2054/2966/514 2042/2950/502
f 2042/2951/502 2054/2967/514 2055/2968/515 2043/2952/836
f 2043/2952/836 2055/2968/515 2056/2969/516 2044/2953/504
f 2044/2953/504 2056/2969/516 2057/2970/517 2045/2954/505
f 2045/2955/505 2057/2971/517 2058/2972/518 2046/2956/837
f 2046/2956/837 2058/2972/518 2059/2973/519 2047/2957/507
f 2047/2957/507 2059/2973/519 2060/2974/520 2048/2958/508
f 2048/2959/508 2060/2975/520 2061/2976/521 2049/2960/509
f 2049/2960/509 2061/2976/521 2062/2977/522 2050/2961/510
f 2050/2961/510 2062/2977/522 2063/2978/523 2051/2962/838
f 2051/2963/838 2063/2979/523 2064/2980/524 2052/2964/512
f 2052/2964/512 2064/2980/524 2053/2965/513 2041/2949/501
f 2053/2981/513 2065/2982/525 2066/2983/805 2054/2984/514
f 2054/2967/514 2066/2985/805 2067/2986/527 2055/2968/515
f 2055/2968/515 2067/2986/527 2068/2987/528 2056/2969/516
f 2056/2969/516 2068/2987/528 2069/2988/529 2057/2970/517
f 2057/2971/517 2069/2989/529 2070/2990/530 2058/2972/518
f 2058/2972/518 2070/2990/530 2071/2991/531 2059/2973/519
f 2059/2992/519 2071/2993/531 2072/2994/532 2060/2995/520
f 2060/2975/520 2072/2996/532 2073/2997/533 2061/2976/521
f 2061/2976/521 2073/2997/533 2074/2998/534 2062/2977/522
f 2062/2977/522 2074/2998/534 2075/2999/535 2063/2978/523
f 2063/2979/523 2075/3000/535 2076/3001/536 2064/2980/524
f 2064/2980/524 2076/3001/536 2065/3002/525 2053/2965/513
f 2065/2982/525 2077/3003/839 2078/3004/538 2066/2983/805
f 2066/2985/805 2078/3005/538 2079/3006/539 2067/2986/527
f 2067/2986/527 2079/3006/539 2080/3007/540 2068/2987/528
f 2068/2987/528 2080/3007/540 2081/3008/541 2069/2988/529
f 2069/2988/529 2081/3008/541 2082/3009/542 2070/3010/530
f 2070/3011/530 2082/3012/542 2083/3013/543 2071/2993/531
f 2071/2993/531 2083/3013/543 2084/3014/544 2072/2994/532
f 2072/2996/532 2084/3015/544 2085/3016/545 2073/2997/533
f 2073/2997/533 2085/3016/545 2086/3017/546 2074/2998/534
f 2074/2998/534 2086/3017/546 2087/3018/547 2075/2999/535
f 2075/2999/535 2087/3018/547 2088/3019/548 2076/3020/536
f 2076/3021/536 2088/3022/548 2077/3003/839 2065/2982/525
f 2077/3003/839 2089/3023/549 2090/3024/550 2078/3004/538
f 2078/3004/538 2090/3024/550 2091/3025/551 2079/3026/539
f 2079/3006/539 2091/3027/551 2092/3028/552 2080/3007/540
f 2080/3007/540 2092/3028/552 2093/3029/553 2081/3008/541
f 2081/3008/541 2093/3029/553 2094/3030/554 2082/3009/542
f 2082/3012/542 2094/3031/554 2095/3032/555 2083/3013/543
f 2083/3013/543 2095/3032/555 2096/3033/556 2084/3014/544
f 2084/3015/544 2096/3034/556 2097/3035/557 2085/3016/545
f 2085/3016/545 2097/3035/557 2098/3036/558 2086/3017/546
f 2086/3017/546 2098/3036/558 2099/3037/559 2087/3018/547
f 2087/3018/547 2099/3037/559 2100/3038/560 2088/3019/548
f 2088/3022/548 2100/3039/560 2089/3023/549 2077/3003/839
f 2089/3023/549 2101/3040/561 2102/3041/562 2090/3024/550
f 2090/3024/550 2102/3041/562 2103/3042/563 2091/3025/551
f 2091/3027/551 2103/3043/563 2104/3044/564 2092/3028/552
f 2092/3028/552 2104/3044/564 2105/3045/565 2093/3029/553
f 2093/3029/553 2105/3045/565 2106/3046/566 2094/3030/554
f 2094/3031/554 2106/3047/566 2107/3048/567 2095/3032/555
f 2095/3032/555 2107/3048/567 2108/3049/568 2096/3033/556
f 2096/3033/556 2108/3049/568 2109/3050/569 2097/3051/557
f 2097/3035/557 2109/3052/569 2110/3053/570 2098/3036/558
f 2098/3036/558 2110/3053/570 2111/3054/571 2099/3037/559
f 2099/3037/559 2111/3054/571 2112/3055/808 2100/3038/560
f 2100/3039/560 2112/3056/808 2101/3040/561 2089/3023/549
f 2101/3040/561 2113/3057/573 2114/3058/574 2102/3041/562
f 2102/3041/562 2114/3058/574 2115/3059/575 2103/3042/563
f 2103/3043/563 2115/3060/575 2116/3061/840 2104/3044/564
f 2104/3044/564 2116/3061/840 2117/3062/577 2105/3045/565
f 2105/3045/565 2117/3062/577 2118/3063/578 2106/3046/566
f 2106/3047/566 2118/3064/578 2119/3065/579 2107/3048/567
f 2107/3048/567 2119/3065/579 2120/3066/580 2108/3049/568
f 2108/3049/568 2120/3066/580 2121/3067/581 2109/3050/569
f 2109/3052/569 2121/3068/581 2122/3069/582 2110/3053/570
f 2110/3053/570 2122/3069/582 2123/3070/583 2111/3054/571
f 2111/3054/571 2123/3070/583 2124/3071/584 2112/3055/808
f 2112/3056/808 2124/3072/584 2113/3057/573 2101/3040/561
f 2113/3057/573 2125/3073/585 2126/3074/586 2114/3058/574
f 2114/3058/574 2126/3074/586 2127/3075/587 2115/3059/575
f 2115/3060/575 2127/3076/587 2128/3077/588 2116/3061/840
f 2116/3061/840 2128/3077/588 2129/3078/589 2117/3062/577
f 2117/3062/577 2129/3078/589 2130/3079/590 2118/3063/578
f 2118/3064/578 2130/3080/590 2131/3081/591 2119/3065/579
f 2119/3065/579 2131/3081/591 2132/3082/592 2120/3066/580
f 2120/3066/580 2132/3082/592 2133/3083/593 2121/3067/581
f 2121/3068/581 2133/3084/593 2134/3085/594 2122/3069/582
f 2122/3069/582 2134/3085/594 2135/3086/595 2123/3070/583
f 2123/3070/583 2135/3086/595 2136/3087/596 2124/3071/584
f 2124/3072/584 2136/3088/596 2125/3073/585 2113/3057/573
f 2125/3073/585 2137/3089/597 2138/3090/598 2126/3074/586
f 2126/3074/586 2138/3090/598 2139/3091/841 2127/3075/587
f 2127/3076/587 2139/3092/841 2140/3093/600 2128/3077/588
f 2128/3077/588 2140/3093/600 2141/3094/601 2129/3078/589
f 2129/3078/589 2141/3094/601 2142/3095/602 2130/3079/590
f 2130/3080/590 2142/3096/602 2143/3097/603 2131/3081/591
f 2131/3081/591 2143/3097/603 2144/3098/604 2132/3082/592
f 2132/3082/592 2144/3098/604 2145/3099/605 2133/3083/593
f 2133/3084/593 2145/3100/605 2146/3101/606 2134/3085/594
f 2134/3085/594 2146/3101/606 2147/3102/607 2135/3086/595
f 2135/3086/595 2147/3102/607 2148/3103/608 2136/3087/596
f 2136/3088/596 2148/3104/608 2137/3089/597 2125/3073/585
f 2137/3089/597 2149/3105/609 2150/3106/610 2138/3090/598
f 2138/3090/598 2150/3106/610 2151/3107/611 2139/3091/841
f 2139/3092/841 2151/3108/611 2152/3109/612 2140/3093/600
f 2140/3093/600 2152/3109/612 2153/3110/613 2141/3094/601
f 2141/3094/601 2153/3110/613 2154/3111/811 2142/3095/602
f 2142/3096/602 2154/3112/811 2155/3113/615 2143/3097/603
f 2143/3097/603 2155/3113/615 2156/3114/616 2144/3098/604
f 2144/3098/604 2156/3114/616 2157/3115/617 2145/3099/605
f 2145/3100/605 2157/3116/617 2158/3117/618 2146/3101/606
f 2146/3101/606 2158/3117/618 2159/3118/619 2147/3102/607
f 2147/3102/607 2159/3118/619 2160/3119/620 2148/3103/608
f 2148/3104/608 2160/3120/620 2149/3105/609 2137/3089/597
f 2149/3105/609 2161/3121/621 2162/3122/622 2150/3106/610
f 2150/3106/610 2162/3122/622 2163/3123/623 2151/3107/611
f 2151/3108/611 2163/3124/623 2164/3125/624 2152/3109/612
f 2152/3109/612 2164/3125/624 2165/3126/625 2153/3110/613
f 2153/3110/613 2165/3126/625 2166/3127/626 2154/3111/811
f 2154/3112/811 2166/3128/626 2167/3129/842 2155/3113/615
f 2155/3113/615 2167/3129/842 2168/3130/628 2156/3114/616
f 2156/3131/616 2168/3132/628 2169/3133/629 2157/3134/617
f 2157/3116/617 2169/3135/629 2170/3136/630 2158/3117/618
f 2158/3117/618 2170/3136/630 2171/3137/631 2159/3118/619
f 2159/3118/619 2171/3137/631 2172/3138/843 2160/3119/620
f 2160/3120/620 2172/3139/843 2161/3121/621 2149/3105/609
f 2161/3140/621 2173/3141/633 2174/3142/634 2162/3143/622
f 2162/3143/622 2174/3142/634 2175/3144/635 2163/3145/623
f 2163/3124/623 2175/3146/635 2176/3147/636 2164/3125/624
f 2164/3125/624 2176/3147/636 2177/3148/637 2165/3126/625
f 2165/3126/625 2177/3148/637 2178/3149/638 2166/3127/626
f 2166/3150/626 2178/3151/638 2179/3152/639 2167/3153/842
f 2167/3153/842 2179/3152/639 2180/3154/640 2168/3132/628
f 2168/3132/628 2180/3154/640 2181/3155/641 2169/3133/629
f 2169/3135/629 2181/3156/641 2182/3157/642 2170/3136/630
f 2170/3136/630 2182/3157/642 2183/3158/643 2171/3137/631
f 2171/3137/631 2183/3158/643 2184/3159/644 2172/3138/843
f 2172/3160/843 2184/3161/644 2173/3141/633 2161/3140/621
f 2173/3141/633 2185/3162/645 2186/3163/646 2174/3142/634
f 2174/3142/634 2186/3163/646 2187/3164/647 2175/3144/635
f 2175/3146/635 2187/3165/647 2188/3166/648 2176/3147/636
f 2176/3147/636 2188/3166/648 2189/3167/844 2177/3148/637
f 2177/3148/637 2189/3167/844 2190/3168/845 2178/3149/638
f 2178/3151/638 2190/3169/845 2191/3170/651 2179/3152/639
f 2179/3152/639 2191/3170/651 2192/3171/652 2180/3154/640
f 2180/3154/640 2192/3171/652 2193/3172/653 2181/3155/641
f 2181/3156/641 2193/3173/653 2194/3174/654 2182/3157/642
f 2182/3157/642 2194/3174/654 2195/3175/655 2183/3158/643
f 2183/3158/643 2195/3175/655 2196/3176/656 2184/3159/644
f 2184/3161/644 2196/3177/656 2185/3162/645 2173/3141/633
f 2185/3162/645 2197/3178/814 2198/3179/658 2186/3163/646
f 2186/3163/646 2198/3179/658 2199/3180/659 2187/3164/647
f 2187/3165/647 2199/3181/659 2200/3182/660 2188/3166/648
f 2188/3166/648 2200/3182/660 2201/3183/661 2189/3167/844
f 2189/3167/844 2201/3183/661 2202/3184/662 2190/3168/845
f 2190/3169/845 2202/3185/662 2203/3186/663 2191/3170/651
f 2191/3170/651 2203/3186/663 2204/3187/815 2192/3171/652
f 2192/3171/652 2204/3187/815 2205/3188/665 2193/3172/653
f 2193/3173/653 2205/3189/665 2206/3190/666 2194/3174/654
f 2194/3174/654 2206/3190/666 2207/3191/667 2195/3175/655
f 2195/3175/655 2207/3191/667 2208/3192/668 2196/3176/656
f 2196/3177/656 2208/3193/668 2197/3178/814 2185/3162/645
f 2197/3178/814 2209/3194/103 2210/3195/669 2198/3179/658
f 2198/3179/658 2210/3195/669 2211/3196/670 2199/3180/659
f 2199/3181/659 2211/3197/670 2212/3198/671 2200/3182/660
f 2200/3182/660 2212/3198/671 2213/3199/672 2201/3183/661
f 2201/3183/661 2213/3199/672 2214/3200/673 2202/3184/662
f 2202/3185/662 2214/3201/673 2215/3202/97 2203/3186/663
f 2203/3186/663 2215/3202/97 2216/3203/674 2204/3187/815
f 2204/3187/815 2216/3203/674 2217/3204/675 2205/3188/665
f 2205/3189/665 2217/3205/675 2218/3206/676 2206/3190/666
f 2206/3190/666 2218/3206/676 2219/3207/677 2207/3191/667
f 2207/3191/667 2219/3207/677 2220/3208/678 2208/3192/668
f 2208/3193/668 2220/3209/678 2209/3194/103 2197/3178/814
f 2209/3194/103 2221/3210/679 2222/3211/680 2210/3195/669
f 2210/3195/669 2222/3211/680 2223/3212/681 2211/3196/670
f 2211/3197/670 2223/3213/681 2224/3214/846 2212/3198/671
f 2212/3198/671 2224/3214/846 2225/3215/683 2213/3199/672
f 2213/3199/672 2225/3215/683 2226/3216/684 2214/3200/673
f 2214/3201/673 2226/3217/684 2227/3218/685 2215/3202/97
f 2215/3202/97 2227/3218/685 2228/3219/686 2216/3203/674
f 2216/3203/674 2228/3219/686 2229/3220/687 2217/3204/675
f 2217/3205/675 2229/3221/687 2230/3222/688 2218/3206/676
f 2218/3206/676 2230/3222/688 2231/3223/689 2219/3207/677
f 2219/3207/677 2231/3223/689 2232/3224/690 2220/3208/678
f 2220/3209/678 2232/3225/690 2221/3210/679 2209/3194/103
f 2221/3210/679 2233/3226/691 2234/3227/692 2222/3211/680
f 2222/3211/680 2234/3227/692 2235/3228/693 2223/3212/681
f 2223/3213/681 2235/3229/693 2236/3230/694 2224/3214/846
f 2224/3214/846 2236/3230/694 2237/3231/695 2225/3215/683
f 2225/3215/683 2237/3231/695 2238/3232/696 2226/3216/684
f 2226/3217/684 2238/3233/696 2239/3234/697 2227/3218/685
f 2227/3218/685 2239/3234/697 2240/3235/698 2228/3219/686
f 2228/3219/686 2240/3235/698 2241/3236/699 2229/3220/687
f 2229/3221/687 2241/3237/699 2242/3238/700 2230/3222/688
f 2230/3222/688 2242/3238/700 2243/3239/701 2231/3223/689
f 2231/3223/689 2243/3239/701 2244/3240/702 2232/3224/690
f 2232/3225/690 2244/3241/702 2233/3226/691 2221/3210/679
f 2233/3226/691 2245/3242/703 2246/3243/704 2234/3227/692
f 2234/3227/692 2246/3243/704 2247/3244/705 2235/3228/693
f 2235/3229/693 2247/3245/705 2248/3246/706 2236/3230/694
f 2236/3230/694 2248/3246/706 2249/3247/707 2237/3231/695
f 2237/3231/695 2249/3247/707 2250/3248/708 2238/3232/696
f 2238/3233/696 2250/3249/708 2251/3250/709 2239/3234/697
f 2239/3234/697 2251/3250/709 2252/3251/710 2240/3235/698
f 2240/3235/698 2252/3251/710 2253/3252/711 2241/3236/699
f 2241/3237/699 2253/3253/711 2254/3254/712 2242/3238/700
f 2242/3238/700 2254/3254/712 2255/3255/713 2243/3239/701
f 2243/3239/701 2255/3255/713 2256/3256/714 2244/3240/702
f 2244/3241/702 2256/3257/714 2245/3242/703 2233/3226/691
f 2245/3242/703 2257/3258/819 2258/3259/716 2246/3243/704
f 2246/3243/704 2258/3259/716 2259/3260/717 2247/3244/705
f 2247/3245/705 2259/3261/717 2260/3262/718 2248/3246/706
f 2248/3246/706 2260/3262/718 2261/3263/719 2249/3247/707
f 2249/3247/707 2261/3263/719 2262/3264/720 2250/3248/708
f 2250/3265/708 2262/3266/720 2263/3267/721 2251/3268/709
f 2251/3250/709 2263/3269/721 2264/3270/722 2252/3251/710
f 2252/3251/710 2264/3270/722 2265/3271/723 2253/3252/711
f 2253/3253/711 2265/3272/723 2266/3273/724 2254/3254/712
f 2254/3254/712 2266/3273/724 2267/3274/725 2255/3255/713
f 2255/3255/713 2267/3274/725 2268/3275/726 2256/3256/714
f 2256/3276/714 2268/3277/726 2257/3278/819 2245/3279/703
f 2257/3278/819 2269/3280/727 2270/3281/728 2258/3282/716
f 2258/3283/716 2270/3284/728 2271/3285/729 2259/3261/717
f 2259/3261/717 2271/3285/729 2272/3286/730 2260/3262/718
f 2260/3262/718 2272/3286/730 2273/3287/731 2261/3263/719
f 2261/3263/719 2273/3287/731 2274/3288/820 2262/3264/720
f 2262/3266/720 2274/3289/820 2275/3290/847 2263/3267/721
f 2263/3267/721 2275/3290/847 2276/3291/734 2264/3292/722
f 2264/3293/722 2276/3294/734 2277/3295/735 2265/3272/723
f 2265/3272/723 2277/3295/735 2278/3296/736 2266/3273/724
f 2266/3273/724 2278/3296/736 2279/3297/737 2267/3274/725
f 2267/3274/725 2279/3297/737 2280/3298/738 2268/3275/726
f 2268/3277/726 2280/3299/738 2269/3280/727 2257/3278/819
f 2269/3280/727 2281/3300/739 2282/3301/740 2270/3281/728
f 2270/3284/728 2282/3302/740 2283/3303/741 2271/3285/729
f 2271/3285/729 2283/3303/741 2284/3304/742 2272/3286/730
f 2272/3286/730 2284/3304/742 2285/3305/743 2273/3287/731
f 2273/3287/731 2285/3305/743 2286/3306/744 2274/3288/820
f 2274/3289/820 2286/3307/744 2287/3308/745 2275/3290/847
f 2275/3290/847 2287/3308/745 2288/3309/848 2276/3291/734
f 2276/3294/734 2288/3310/848 2289/3311/747 2277/3295/735
f 2277/3295/735 2289/3311/747 2290/3312/748 2278/3296/736
f 2278/3296/736 2290/3312/748 2291/3313/749 2279/3297/737
f 2279/3314/737 2291/3315/749 2292/3316/750 2280/3299/738
f 2280/3299/738 2292/3316/750 2281/3300/739 2269/3280/727
f 2281/3300/739 2293/3317/751 2294/3318/752 2282/3301/740
f 2282/3302/740 2294/3319/752 2295/3320/753 2283/3303/741
f 2283/3303/741 2295/3320/753 2296/3321/754 2284/3304/742
f 2284/3304/742 2296/3321/754 2297/3322/755 2285/3305/743
f 2285/3323/743 2297/3324/755 2298/3325/756 2286/3307/744
f 2286/3307/744 2298/3325/756 2299/3326/849 2287/3308/745
f 2287/3308/745 2299/3326/849 2300/3327/758 2288/3309/848
f 2288/3310/848 2300/3328/758 2301/3329/759 2289/3311/747
f 2289/3311/747 2301/3329/759 2302/3330/760 2290/3312/748
f 2290/3312/748 2302/3330/760 2303/3331/761 2291/3313/749
f 2291/3315/749 2303/3332/761 2304/3333/762 2292/3316/750
f 2292/3316/750 2304/3333/762 2293/3317/751 2281/3300/739
f 2293/3317/751 1921/2779/383 1922/2782/386 2294/3318/752
f 2294/3319/752 1922/2783/386 1923/2786/388 2295/3320/753
f 2295/3320/753 1923/2786/388 1924/2788/390 2296/3321/754
f 2296/3321/754 1924/2788/390 1925/2790/392 2297/3322/755
f 2297/3324/755 1925/2791/392 1926/2794/394 2298/3325/756
f 2298/3325/756 1926/2794/394 1927/2796/792 2299/3326/849
f 2299/3326/849 1927/2796/792 1928/2798/398 2300/3327/758
f 2300/3328/758 1928/2799/398 1929/2802/400 2301/3329/759
f 2301/3329/759 1929/2802/400 1930/2804/402 2302/3330/760
f 2302/3330/760 1930/2804/402 1931/2806/404 2303/3331/761
f 2303/3332/761 1931/2807/404 1932/2810/406 2304/3333/762
f 2304/3333/762 1932/2810/406 1921/2779/383 2293/3317/751
f 2305/3334/1 2317/3335/2 2318/3336/3 2306/3337/4
f 2306/3338/4 2318/3339/3 2319/3340/5 2307/3341/6
f 2307/3341/6 2319/3340/5 2320/3342/7 2308/3343/8
f 2308/3343/8 2320/3342/7 2321/3344/9 2309/3345/850
f 2309/3346/850 2321/3347/9 2322/3348/11 2310/3349/12
f 2310/3349/12 2322/3348/11 2323/3350/13 2311/3351/14
f 2311/3351/14 2323/3350/13 2324/3352/15 2312/3353/16
f 2312/3354/16 2324/3355/15 2325/3356/17 2313/3357/18
f 2313/3357/18 2325/3356/17 2326/3358/19 2314/3359/20
f 2314/3359/20 2326/3358/19 2327/3360/21 2315/3361/22
f 2315/3362/22 2327/3363/21 2328/3364/23 2316/3365/24
f 2316/3365/24 2328/3364/23 2317/3335/2 2305/3334/1
f 2317/3335/2 2329/3366/25 2330/3367/26 2318/3336/3
f 2318/3339/3 2330/3368/26 2331/3369/27 2319/3340/5
f 2319/3340/5 2331/3369/27 2332/3370/28 2320/3342/7
f 2320/3342/7 2332/3370/28 2333/3371/29 2321/3344/9
f 2321/3347/9 2333/3372/29 2334/3373/30 2322/3348/11
f 2322/3348/11 2334/3373/30 2335/3374/31 2323/3350/13
f 2323/3350/13 2335/3374/31 2336/3375/32 2324/3352/15
f 2324/3355/15 2336/3376/32 2337/3377/33 2325/3356/17
f 2325/3356/17 2337/3377/33 2338/3378/34 2326/3358/19
f 2326/3358/19 2338/3378/34 2339/3379/35 2327/3360/21
f 2327/3363/21 2339/3380/35 2340/3381/36 2328/3364/23
f 2328/3364/23 2340/3381/36 2329/3366/25 2317/3335/2
f 2329/3366/25 2341/3382/37 2342/3383/38 2330/3367/26
f 2330/3368/26 2342/3384/38 2343/3385/39 2331/3369/27
f 2331/3369/27 2343/3385/39 2344/3386/40 2332/3370/28
f 2332/3370/28 2344/3386/40 2345/3387/41 2333/3371/29
f 2333/3371/29 2345/3387/41 2346/3388/42 2334/3389/30
f 2334/3373/30 2346/3390/42 2347/3391/43 2335/3374/31
f 2335/3374/31 2347/3391/43 2348/3392/765 2336/3375/32
f 2336/3376/32 2348/3393/765 2349/3394/45 2337/3377/33
f 2337/3377/33 2349/3394/45 2350/3395/46 2338/3378/34
f 2338/3378/34 2350/3395/46 2351/3396/47 2339/3379/35
f 2339/3380/35 2351/3397/47 2352/3398/48 2340/3381/36
f 2340/3381/36 2352/3398/48 2341/3382/37 2329/3366/25
f 2341/3399/37 2353/3400/49 2354/3401/50 2342/3402/38
f 2342/3384/38 2354/3403/50 2355/3404/51 2343/3385/39
f 2343/3385/39 2355/3404/51 2356/3405/52 2344/3386/40
f 2344/3386/40 2356/3405/52 2357/3406/53 2345/3387/41
f 2345/3387/41 2357/3406/53 2358/3407/54 2346/3388/42
f 2346/3408/42 2358/3409/54 2359/3410/55 2347/3411/43
f 2347/3411/43 2359/3410/55 2360/3412/56 2348/3413/765
f 2348/3393/765 2360/3414/56 2361/3415/57 2349/3394/45
f 2349/3394/45 2361/3415/57 2362/3416/58 2350/3395/46
f 2350/3395/46 2362/3416/58 2363/3417/59 2351/3396/47
f 2351/3396/47 2363/3417/59 2364/3418/60 2352/3419/48
f 2352/3420/48 2364/3421/60 2353/3400/49 2341/3399/37
f 2353/3400/49 2365/3422/767 2366/3423/62 2354/3401/50
f 2354/3403/50 2366/3424/62 2367/3425/63 2355/3404/51
f 2355/3404/51 2367/3425/63 2368/3426/64 2356/3405/52
f 2356/3405/52 2368/3426/64 2369/3427/768 2357/3406/53
f 2357/3406/53 2369/3427/768 2370/3428/66 2358/3407/54
f 2358/3409/54 2370/3429/66 2371/3430/769 2359/3410/55
f 2359/3410/55 2371/3430/769 2372/3431/68 2360/3412/56
f 2360/3414/56 2372/3432/68 2373/3433/69 2361/3415/57
f 2361/3415/57 2373/3433/69 2374/3434/70 2362/3416/58
f 2362/3416/58 2374/3434/70 2375/3435/71 2363/3417/59
f 2363/3417/59 2375/3435/71 2376/3436/72 2364/3418/60
f 2364/3421/60 2376/3437/72 2365/3422/767 2353/3400/49
f 2365/3422/767 2377/3438/73 2378/3439/74 2366/3423/62
f 2366/3423/62 2378/3439/74 2379/3440/75 2367/3441/63
f 2367/3425/63 2379/3442/75 2380/3443/76 2368/3426/64
f 2368/3426/64 2380/3443/76 2381/3444/77 2369/3427/768
f 2369/3427/768 2381/3444/77 2382/3445/78 2370/3428/66
f 2370/3429/66 2382/3446/78 2383/3447/79 2371/3430/769
f 2371/3430/769 2383/3447/79 2384/3448/80 2372/3431/68
f 2372/3432/68 2384/3449/80 2385/3450/81 2373/3433/69
f 2373/3433/69 2385/3450/81 2386/3451/82 2374/3434/70
f 2374/3434/70 2386/3451/82 2387/3452/83 2375/3435/71
f 2375/3453/71 2387/3454/83 2388/3455/770 2376/3437/72
f 2376/3437/72 2388/3455/770 2377/3438/73 2365/3422/767
f 2377/3438/73 2389/3456/851 2390/3457/86 2378/3439/74
f 2378/3439/74 2390/3457/86 2391/3458/87 2379/3440/75
f 2379/3442/75 2391/3459/87 2392/3460/88 2380/3443/76
f 2380/3443/76 2392/3460/88 2393/3461/89 2381/3444/77
f 2381/3444/77 2393/3461/89 2394/3462/771 2382/3445/78
f 2382/3446/78 2394/3463/771 2395/3464/91 2383/3447/79
f 2383/3447/79 2395/3464/91 2396/3465/92 2384/3448/80
f 2384/3449/80 2396/3466/92 2397/3467/93 2385/3450/81
f 2385/3450/81 2397/3467/93 2398/3468/94 2386/3451/82
f 2386/3451/82 2398/3468/94 2399/3469/95 2387/3452/83
f 2387/3454/83 2399/3470/95 2400/3471/96 2388/3455/770
f 2388/3455/770 2400/3471/96 2389/3456/851 2377/3438/73
f 2389/3456/851 2401/3472/97 2402/3473/98 2390/3457/86
f 2390/3457/86 2402/3473/98 2403/3474/99 2391/3458/87
f 2391/3459/87 2403/3475/99 2404/3476/100 2392/3460/88
f 2392/3460/88 2404/3476/100 2405/3477/101 2393/3461/89
f 2393/3461/89 2405/3477/101 2406/3478/102 2394/3462/771
f 2394/3463/771 2406/3479/102 2407/3480/103 2395/3464/91
f 2395/3464/91 2407/3480/103 2408/3481/104 2396/3465/92
f 2396/3465/92 2408/3481/104 2409/3482/105 2397/3483/93
f 2397/3467/93 2409/3484/105 2410/3485/106 2398/3468/94
f 2398/3468/94 2410/3485/106 2411/3486/107 2399/3469/95
f 2399/3469/95 2411/3486/107 2412/3487/108 2400/3488/96
f 2400/3471/96 2412/3489/108 2401/3472/97 2389/3456/851
f 2401/3472/97 2413/3490/109 2414/3491/110 2402/3473/98
f 2402/3473/98 2414/3491/110 2415/3492/111 2403/3474/99
f 2403/3475/99 2415/3493/111 2416/3494/112 2404/3476/100
f 2404/3476/100 2416/3494/112 2417/3495/113 2405/3477/101
f 2405/3477/101 2417/3495/113 2418/3496/114 2406/3478/102
f 2406/3479/102 2418/3497/114 2419/3498/115 2407/3480/103
f 2407/3480/103 2419/3498/115 2420/3499/116 2408/3481/104
f 2408/3500/104 2420/3501/116 2421/3502/117 2409/3484/105
f 2409/3484/105 2421/3502/117 2422/3503/118 2410/3485/106
f 2410/3485/106 2422/3503/118 2423/3504/119 2411/3486/107
f 2411/3486/107 2423/3504/119 2424/3505/120 2412/3487/108
f 2412/3489/108 2424/3506/120 2413/3490/109 2401/3472/97
f 2413/3490/109 2425/3507/824 2426/3508/122 2414/3491/110
f 2414/3509/110 2426/3510/122 2427/3511/123 2415/3493/111
f 2415/3493/111 2427/3511/123 2428/3512/124 2416/3494/112
f 2416/3494/112 2428/3512/124 2429/3513/125 2417/3495/113
f 2417/3495/113 2429/3513/125 2430/3514/126 2418/3496/114
f 2418/3497/114 2430/3515/126 2431/3516/127 2419/3498/115
f 2419/3498/115 2431/3516/127 2432/3517/128 2420/3499/116
f 2420/3501/116 2432/3518/128 2433/3519/129 2421/3502/117
f 2421/3502/117 2433/3519/129 2434/3520/130 2422/3503/118
f 2422/3503/118 2434/3520/130 2435/3521/131 2423/3504/119
f 2423/3504/119 2435/3521/131 2436/3522/132 2424/3505/120
f 2424/3506/120 2436/3523/132 2425/3507/824 2413/3490/109
f 2425/3507/824 2437/3524/133 2438/3525/134 2426/3508/122
f 2426/3510/122 2438/3526/134 2439/3527/135 2427/3511/123
f 2427/3511/123 2439/3527/135 2440/3528/136 2428/3512/124
f 2428/3512/124 2440/3528/136 2441/3529/137 2429/3513/125
f 2429/3513/125 2441/3529/137 2442/3530/776 2430/3514/126
f 2430/3515/126 2442/3531/776 2443/3532/852 2431/3516/127
f 2431/3516/127 2443/3532/852 2444/3533/140 2432/3517/128
f 2432/3518/128 2444/3534/140 2445/3535/141 2433/3519/129
f 2433/3519/129 2445/3535/141 2446/3536/142 2434/3520/130
f 2434/3520/130 2446/3536/142 2447/3537/143 2435/3521/131
f 2435/3521/131 2447/3537/143 2448/3538/144 2436/3522/132
f 2436/3523/132 2448/3539/144 2437/3524/133 2425/3507/824
f 2437/3540/133 2449/3541/145 2450/3542/146 2438/3543/134
f 2438/3526/134 2450/3544/146 2451/3545/147 2439/3527/135
f 2439/3527/135 2451/3545/147 2452/3546/148 2440/3528/136
f 2440/3528/136 2452/3546/148 2453/3547/149 2441/3529/137
f 2441/3529/137 2453/3547/149 2454/3548/150 2442/3530/776
f 2442/3549/776 2454/3550/150 2455/3551/777 2443/3552/852
f 2443/3552/852 2455/3551/777 2456/3553/152 2444/3554/140
f 2444/3534/140 2456/3555/152 2457/3556/778 2445/3535/141
f 2445/3535/141 2457/3556/778 2458/3557/154 2446/3536/142
f 2446/3536/142 2458/3557/154 2459/3558/155 2447/3537/143
f 2447/3537/143 2459/3558/155 2460/3559/156 2448/3538/144
f 2448/3560/144 2460/3561/156 2449/3541/145 2437/3540/133
f 2449/3541/145 2461/3562/157 2462/3563/158 2450/3542/146
f 2450/3542/146 2462/3563/158 2463/3564/159 2451/3565/147
f 2451/3545/147 2463/3566/159 2464/3567/160 2452/3546/148
f 2452/3546/148 2464/3567/160 2465/3568/161 2453/3547/149
f 2453/3547/149 2465/3568/161 2466/3569/779 2454/3548/150
f 2454/3550/150 2466/3570/779 2467/3571/163 2455/3551/777
f 2455/3551/777 2467/3571/163 2468/3572/164 2456/3553/152
f 2456/3555/152 2468/3573/164 2469/3574/165 2457/3556/778
f 2457/3556/778 2469/3574/165 2470/3575/166 2458/3557/154
f 2458/3557/154 2470/3575/166 2471/3576/167 2459/3558/155
f 2459/3558/155 2471/3576/167 2472/3577/168 2460/3559/156
f 2460/3561/156 2472/3578/168 2461/3562/157 2449/3541/145
f 2461/3562/157 2473/3579/169 2474/3580/170 2462/3563/158
f 2462/3563/158 2474/3580/170 2475/3581/171 2463/3564/159
f 2463/3566/159 2475/3582/171 2476/3583/172 2464/3567/160
f 2464/3567/160 2476/3583/172 2477/3584/173 2465/3568/161
f 2465/3568/161 2477/3584/173 2478/3585/174 2466/3569/779
f 2466/3570/779 2478/3586/174 2479/3587/175 2467/3571/163
f 2467/3571/163 2479/3587/175 2480/3588/176 2468/3572/164
f 2468/3572/164 2480/3588/176 2481/3589/177 2469/3590/165
f 2469/3574/165 2481/3591/177 2482/3592/178 2470/3575/166
f 2470/3575/166 2482/3592/178 2483/3593/782 2471/3576/167
f 2471/3576/167 2483/3593/782 2484/3594/180 2472/3577/168
f 2472/3578/168 2484/3595/180 2473/3579/169 2461/3562/157
f 2473/3579/169 2485/3596/181 2486/3597/182 2474/3580/170
f 2474/3580/170 2486/3597/182 2487/3598/183 2475/3581/171
f 2475/3582/171 2487/3599/183 2488/3600/184 2476/3583/172
f 2476/3583/172 2488/3600/184 2489/3601/185 2477/3584/173
f 2477/3584/173 2489/3601/185 2490/3602/186 2478/3585/174
f 2478/3586/174 2490/3603/186 2491/3604/187 2479/3587/175
f 2479/3587/175 2491/3604/187 2492/3605/188 2480/3588/176
f 2480/3588/176 2492/3605/188 2493/3606/189 2481/3589/177
f 2481/3591/177 2493/3607/189 2494/3608/190 2482/3592/178
f 2482/3592/178 2494/3608/190 2495/3609/191 2483/3593/782
f 2483/3593/782 2495/3609/191 2496/3610/192 2484/3594/180
f 2484/3595/180 2496/3611/192 2485/3596/181 2473/3579/169
f 2485/3596/181 2497/3612/193 2498/3613/194 2486/3597/182
f 2486/3597/182 2498/3613/194 2499/3614/195 2487/3598/183
f 2487/3599/183 2499/3615/195 2500/3616/196 2488/3600/184
f 2488/3600/184 2500/3616/196 2501/3617/197 2489/3601/185
f 2489/3601/185 2501/3617/197 2502/3618/198 2490/3602/186
f 2490/3603/186 2502/3619/198 2503/3620/199 2491/3604/187
f 2491/3604/187 2503/3620/199 2504/3621/200 2492/3605/188
f 2492/3605/188 2504/3621/200 2505/3622/201 2493/3606/189
f 2493/3607/189 2505/3623/201 2506/3624/202 2494/3608/190
f 2494/3608/190 2506/3624/202 2507/3625/203 2495/3609/191
f 2495/3609/191 2507/3625/203 2508/3626/204 2496/3610/192
f 2496/3611/192 2508/3627/204 2497/3612/193 2485/3596/181
f 2497/3612/193 2509/3628/205 2510/3629/206 2498/3613/194
f 2498/3613/194 2510/3629/206 2511/3630/207 2499/3614/195
f 2499/3615/195 2511/3631/207 2512/3632/208 2500/3616/196
f 2500/3616/196 2512/3632/208 2513/3633/209 2501/3617/197
f 2501/3617/197 2513/3633/209 2514/3634/210 2502/3618/198
f 2502/3619/198 2514/3635/210 2515/3636/853 2503/3620/199
f 2503/3620/199 2515/3636/853 2516/3637/212 2504/3621/200
f 2504/3621/200 2516/3637/212 2517/3638/213 2505/3622/201
f 2505/3623/201 2517/3639/213 2518/3640/214 2506/3624/202
f 2506/3624/202 2518/3640/214 2519/3641/215 2507/3625/203
f 2507/3625/203 2519/3641/215 2520/3642/216 2508/3626/204
f 2508/3627/204 2520/3643/216 2509/3628/205 2497/3612/193
f 2509/3628/205 2521/3644/217 2522/3645/218 2510/3629/206
f 2510/3629/206 2522/3645/218 2523/3646/219 2511/3630/207
f 2511/3631/207 2523/3647/219 2524/3648/220 2512/3632/208
f 2512/3632/208 2524/3648/220 2525/3649/221 2513/3633/209
f 2513/3633/209 2525/3649/221 2526/3650/222 2514/3634/210
f 2514/3635/210 2526/3651/222 2527/3652/223 2515/3636/853
f 2515/3636/853 2527/3652/223 2528/3653/224 2516/3637/212
f 2516/3637/212 2528/3653/224 2529/3654/225 2517/3638/213
f 2517/3639/213 2529/3655/225 2530/3656/226 2518/3640/214
f 2518/3640/214 2530/3656/226 2531/3657/227 2519/3641/215
f 2519/3641/215 2531/3657/227 2532/3658/228 2520/3642/216
f 2520/3643/216 2532/3659/228 2521/3644/217 2509/3628/205
f 2521/3644/217 2533/3660/229 2534/3661/230 2522/3645/218
f 2522/3645/218 2534/3661/230 2535/3662/231 2523/3646/219
f 2523/3647/219 2535/3663/231 2536/3664/854 2524/3648/220
f 2524/3648/220 2536/3664/854 2537/3665/855 2525/3649/221
f 2525/3649/221 2537/3665/855 2538/3666/234 2526/3650/222
f 2526/3651/222 2538/3667/234 2539/3668/235 2527/3652/223
f 2527/3652/223 2539/3668/235 2540/3669/236 2528/3653/224
f 2528/3670/224 2540/3671/236 2541/3672/237 2529/3655/225
f 2529/3655/225 2541/3672/237 2542/3673/238 2530/3656/226
f 2530/3656/226 2542/3673/238 2543/3674/239 2531/3657/227
f 2531/3657/227 2543/3674/239 2544/3675/240 2532/3658/228
f 2532/3659/228 2544/3676/240 2533/3660/229 2521/3644/217
f 2533/3677/229 2545/3678/241 2546/3679/242 2534/3680/230
f 2534/3681/230 2546/3682/242 2547/3683/243 2535/3663/231
f 2535/3663/231 2547/3683/243 2548/3684/244 2536/3664/854
f 2536/3664/854 2548/3684/244 2549/3685/245 2537/3665/855
f 2537/3665/855 2549/3685/245 2550/3686/246 2538/3666/234
f 2538/3687/234 2550/3688/246 2551/3689/247 2539/3690/235
f 2539/3690/235 2551/3689/247 2552/3691/248 2540/3692/236
f 2540/3671/236 2552/3693/248 2553/3694/249 2541/3672/237
f 2541/3672/237 2553/3694/249 2554/3695/250 2542/3673/238
f 2542/3673/238 2554/3695/250 2555/3696/251 2543/3674/239
f 2543/3674/239 2555/3696/251 2556/3697/252 2544/3675/240
f 2544/3698/240 2556/3699/252 2545/3678/241 2533/3677/229
f 2545/3678/241 2557/3700/253 2558/3701/254 2546/3679/242
f 2546/3682/242 2558/3702/254 2559/3703/255 2547/3683/243
f 2547/3683/243 2559/3703/255 2560/3704/856 2548/3684/244
f 2548/3684/244 2560/3704/856 2561/3705/257 2549/3685/245
f 2549/3685/245 2561/3705/257 2562/3706/258 2550/3686/246
f 2550/3688/246 2562/3707/258 2563/3708/259 2551/3689/247
f 2551/3689/247 2563/3708/259 2564/3709/260 2552/3691/248
f 2552/3693/248 2564/3710/260 2565/3711/261 2553/3694/249
f 2553/3694/249 2565/3711/261 2566/3712/262 2554/3695/250
f 2554/3695/250 2566/3712/262 2567/3713/263 2555/3696/251
f 2555/3696/251 2567/3713/263 2568/3714/264 2556/3697/252
f 2556/3699/252 2568/3715/264 2557/3700/253 2545/3678/241
f 2557/3700/253 2569/3716/265 2570/3717/266 2558/3701/254
f 2558/3701/254 2570/3717/266 2571/3718/267 2559/3719/255
f 2559/3703/255 2571/3720/267 2572/3721/268 2560/3704/856
f 2560/3704/856 2572/3721/268 2573/3722/269 2561/3705/257
f 2561/3705/257 2573/3722/269 2574/3723/270 2562/3706/258
f 2562/3707/258 2574/3724/270 2575/3725/787 2563/3708/259
f 2563/3708/259 2575/3725/787 2576/3726/827 2564/3709/260
f 2564/3710/260 2576/3727/827 2577/3728/273 2565/3711/261
f 2565/3711/261 2577/3728/273 2578/3729/274 2566/3712/262
f 2566/3712/262 2578/3729/274 2579/3730/275 2567/3713/263
f 2567/3713/263 2579/3730/275 2580/3731/276 2568/3714/264
f 2568/3715/264 2580/3732/276 2569/3716/265 2557/3700/253
f 2569/3716/265 2581/3733/788 2582/3734/278 2570/3717/266
f 2570/3717/266 2582/3734/278 2583/3735/279 2571/3718/267
f 2571/3720/267 2583/3736/279 2584/3737/280 2572/3721/268
f 2572/3721/268 2584/3737/280 2585/3738/281 2573/3722/269
f 2573/3739/269 2585/3740/281 2586/3741/282 2574/3724/270
f 2574/3724/270 2586/3741/282 2587/3742/283 2575/3725/787
f 2575/3725/787 2587/3742/283 2588/3743/284 2576/3726/827
f 2576/3727/827 2588/3744/284 2589/3745/285 2577/3728/273
f 2577/3728/273 2589/3745/285 2590/3746/286 2578/3729/274
f 2578/3729/274 2590/3746/286 2591/3747/287 2579/3730/275
f 2579/3748/275 2591/3749/287 2592/3750/288 2580/3732/276
f 2580/3732/276 2592/3750/288 2581/3733/788 2569/3716/265
f 2581/3733/788 2593/3751/103 2594/3752/289 2582/3734/278
f 2582/3753/278 2594/3754/289 2595/3755/290 2583/3736/279
f 2583/3736/279 2595/3755/290 2596/3756/291 2584/3737/280
f 2584/3737/280 2596/3756/291 2597/3757/292 2585/3738/281
f 2585/3740/281 2597/3758/292 2598/3759/293 2586/3741/282
f 2586/3741/282 2598/3759/293 2599/3760/97 2587/3742/283
f 2587/3742/283 2599/3760/97 2600/3761/294 2588/3743/284
f 2588/3744/284 2600/3762/294 2601/3763/295 2589/3745/285
f 2589/3745/285 2601/3763/295 2602/3764/296 2590/3746/286
f 2590/3746/286 2602/3764/296 2603/3765/297 2591/3747/287
f 2591/3749/287 2603/3766/297 2604/3767/298 2592/3750/288
f 2592/3750/288 2604/3767/298 2593/3751/103 2581/3733/788
f 2593/3751/103 2605/3768/299 2606/3769/789 2594/3752/289
f 2594/3754/289 2606/3770/789 2607/3771/301 2595/3755/290
f 2595/3755/290 2607/3771/301 2608/3772/302 2596/3756/291
f 2596/3756/291 2608/3772/302 2609/3773/303 2597/3757/292
f 2597/3757/292 2609/3773/303 2610/3774/304 2598/3775/293
f 2598/3759/293 2610/3776/304 2611/3777/305 2599/3760/97
f 2599/3760/97 2611/3777/305 2612/3778/306 2600/3761/294
f 2600/3762/294 2612/3779/306 2613/3780/307 2601/3763/295
f 2601/3763/295 2613/3780/307 2614/3781/308 2602/3764/296
f 2602/3764/296 2614/3781/308 2615/3782/309 2603/3765/297
f 2603/3766/297 2615/3783/309 2616/3784/310 2604/3767/298
f 2604/3767/298 2616/3784/310 2605/3768/299 2593/3751/103
f 2605/3768/299 2617/3785/857 2618/3786/312 2606/3769/789
f 2606/3770/789 2618/3787/312 2619/3788/313 2607/3771/301
f 2607/3771/301 2619/3788/313 2620/3789/314 2608/3772/302
f 2608/3772/302 2620/3789/314 2621/3790/315 2609/3773/303
f 2609/3773/303 2621/3790/315 2622/3791/316 2610/3774/304
f 2610/3776/304 2622/3792/316 2623/3793/317 2611/3777/305
f 2611/3777/305 2623/3793/317 2624/3794/318 2612/3778/306
f 2612/3779/306 2624/3795/318 2625/3796/319 2613/3780/307
f 2613/3780/307 2625/3796/319 2626/3797/320 2614/3781/308
f 2614/3781/308 2626/3797/320 2627/3798/321 2615/3782/309
f 2615/3782/309 2627/3798/321 2628/3799/322 2616/3800/310
f 2616/3784/310 2628/3801/322 2617/3785/857 2605/3768/299
f 2617/3785/857 2629/3802/323 2630/3803/790 2618/3786/312
f 2618/3787/312 2630/3804/790 2631/3805/325 2619/3788/313
f 2619/3788/313 2631/3805/325 2632/3806/326 2620/3789/314
f 2620/3789/314 2632/3806/326 2633/3807/327 2621/3790/315
f 2621/3790/315 2633/3807/327 2634/3808/328 2622/3791/316
f 2622/3792/316 2634/3809/328 2635/3810/329 2623/3793/317
f 2623/3793/317 2635/3810/329 2636/3811/330 2624/3794/318
f 2624/3795/318 2636/3812/330 2637/3813/331 2625/3796/319
f 2625/3796/319 2637/3813/331 2638/3814/332 2626/3797/320
f 2626/3797/320 2638/3814/332 2639/3815/858 2627/3798/321
f 2627/3798/321 2639/3815/858 2640/3816/334 2628/3799/322
f 2628/3801/322 2640/3817/334 2629/3802/323 2617/3785/857
f 2629/3818/323 2641/3819/335 2642/3820/336 2630/3821/790
f 2630/3804/790 2642/3822/336 2643/3823/829 2631/3805/325
f 2631/3805/325 2643/3823/829 2644/3824/338 2632/3806/326
f 2632/3806/326 2644/3824/338 2645/3825/830 2633/3807/327
f 2633/3807/327 2645/3825/830 2646/3826/340 2634/3808/328
f 2634/3827/328 2646/3828/340 2647/3829/341 2635/3830/329
f 2635/3830/329 2647/3829/341 2648/3831/342 2636/3832/330
f 2636/3812/330 2648/3833/342 2649/3834/343 2637/3813/331
f 2637/3813/331 2649/3834/343 2650/3835/344 2638/3814/332
f 2638/3814/332 2650/3835/344 2651/3836/345 2639/3815/858
f 2639/3815/858 2651/3836/345 2652/3837/346 2640/3816/334
f 2640/3838/334 2652/3839/346 2641/3819/335 2629/3818/323
f 2641/3819/335 2653/3840/347 2654/3841/348 2642/3820/336
f 2642/3822/336 2654/3842/348 2655/3843/349 2643/3823/829
f 2643/3823/829 2655/3843/349 2656/3844/350 2644/3824/338
f 2644/3824/338 2656/3844/350 2657/3845/351 2645/3825/830
f 2645/3825/830 2657/3845/351 2658/3846/352 2646/3826/340
f 2646/3828/340 2658/3847/352 2659/3848/353 2647/3829/341
f 2647/3829/341 2659/3848/353 2660/3849/859 2648/3831/342
f 2648/3833/342 2660/3850/859 2661/3851/355 2649/3834/343
f 2649/3834/343 2661/3851/355 2662/3852/356 2650/3835/344
f 2650/3835/344 2662/3852/356 2663/3853/357 2651/3836/345
f 2651/3854/345 2663/3855/357 2664/3856/358 2652/3839/346
f 2652/3839/346 2664/3856/358 2653/3840/347 2641/3819/335
f 2653/3840/347 2665/3857/359 2666/3858/360 2654/3841/348
f 2654/3842/348 2666/3859/360 2667/3860/361 2655/3843/349
f 2655/3843/349 2667/3860/361 2668/3861/362 2656/3844/350
f 2656/3844/350 2668/3861/362 2669/3862/363 2657/3845/351
f 2657/3863/351 2669/3864/363 2670/3865/364 2658/3847/352
f 2658/3847/352 2670/3865/364 2671/3866/365 2659/3848/353
f 2659/3848/353 2671/3866/365 2672/3867/860 2660/3849/859
f 2660/3850/859 2672/3868/860 2673/3869/367 2661/3851/355
f 2661/3851/355 2673/3869/367 2674/3870/368 2662/3852/356
f 2662/3852/356 2674/3870/368 2675/3871/369 2663/3853/357
f 2663/3855/357 2675/3872/369 2676/3873/370 2664/3856/358
f 2664/3856/358 2676/3873/370 2665/3857/359 2653/3840/347
f 2665/3857/359 2677/3874/371 2678/3875/372 2666/3858/360
f 2666/3859/360 2678/3876/372 2679/3877/373 2667/3860/361
f 2667/3860/361 2679/3877/373 2680/3878/374 2668/3861/362
f 2668/3861/362 2680/3878/374 2681/3879/375 2669/3862/363
f 2669/3864/363 2681/3880/375 2682/3881/376 2670/3865/364
f 2670/3865/364 2682/3881/376 2683/3882/377 2671/3866/365
f 2671/3866/365 2683/3882/377 2684/3883/791 2672/3867/860
f 2672/3868/860 2684/3884/791 2685/3885/379 2673/3869/367
f 2673/3869/367 2685/3885/379 2686/3886/380 2674/3870/368
f 2674/3870/368 2686/3886/380 2687/3887/381 2675/3871/369
f 2675/3872/369 2687/3888/381 2688/3889/382 2676/3873/370
f 2676/3873/370 2688/3889/382 2677/3874/371 2665/3857/359
f 2677/3874/371 2305/3334/1 2306/3337/4 2678/3875/372
f 2678/3876/372 2306/3338/4 2307/3341/6 2679/3877/373
f 2679/3877/373 2307/3341/6 2308/3343/8 2680/3878/374
f 2680/3878/374 2308/3343/8 2309/3345/850 2681/3879/375
f 2681/3880/375 2309/3346/850 2310/3349/12 2682/3881/376
f 2682/3881/376 2310/3349/12 2311/3351/14 2683/3882/377
f 2683/3882/377 2311/3351/14 2312/3353/16 2684/3883/791
f 2684/3884/791 2312/3354/16 2313/3357/18 2685/3885/379
f 2685/3885/379 2313/3357/18 2314/3359/20 2686/3886/380
f 2686/3886/380 2314/3359/20 2315/3361/22 2687/3887/381
f 2687/3888/381 2315/3362/22 2316/3365/24 2688/3889/382
f 2688/3889/382 2316/3365/24 2305/3334/1 2677/3874/371
f 2689/3890/383 2701/3891/384 2702/3892/385 2690/3893/386
f 2690/3894/386 2702/3895/385 2703/3896/387 2691/3897/388
f 2691/3897/388 2703/3896/387 2704/3898/389 2692/3899/390
f 2692/3899/390 2704/3898/389 2705/3900/861 2693/3901/392
f 2693/3902/392 2705/3903/861 2706/3904/393 2694/3905/394
f 2694/3905/394 2706/3904/393 2707/3906/395 2695/3907/792
f 2695/3907/792 2707/3906/395 2708/3908/397 2696/3909/398
f 2696/3910/398 2708/3911/397 2709/3912/399 2697/3913/400
f 2697/3913/400 2709/3912/399 2710/3914/401 2698/3915/402
f 2698/3915/402 2710/3914/401 2711/3916/403 2699/3917/404
f 2699/3918/404 2711/3919/403 2712/3920/405 2700/3921/406
f 2700/3921/406 2712/3920/405 2701/3891/384 2689/3890/383
f 2701/3891/384 2713/3922/407 2714/3923/408 2702/3892/385
f 2702/3895/385 2714/3924/408 2715/3925/409 2703/3896/387
f 2703/3896/387 2715/3925/409 2716/3926/410 2704/3898/389
f 2704/3898/389 2716/3926/410 2717/3927/411 2705/3900/861
f 2705/3903/861 2717/3928/411 2718/3929/412 2706/3904/393
f 2706/3904/393 2718/3929/412 2719/3930/413 2707/3906/395
f 2707/3906/395 2719/3930/413 2720/3931/414 2708/3908/397
f 2708/3911/397 2720/3932/414 2721/3933/415 2709/3912/399
f 2709/3912/399 2721/3933/415 2722/3934/416 2710/3914/401
f 2710/3914/401 2722/3934/416 2723/3935/417 2711/3916/403
f 2711/3919/403 2723/3936/417 2724/3937/418 2712/3920/405
f 2712/3920/405 2724/3937/418 2713/3922/407 2701/3891/384
f 2713/3922/407 2725/3938/419 2726/3939/862 2714/3923/408
f 2714/3924/408 2726/3940/862 2727/3941/421 2715/3925/409
f 2715/3925/409 2727/3941/421 2728/3942/422 2716/3926/410
f 2716/3926/410 2728/3942/422 2729/3943/423 2717/3927/411
f 2717/3928/411 2729/3944/423 2730/3945/424 2718/3929/412
f 2718/3929/412 2730/3945/424 2731/3946/425 2719/3930/413
f 2719/3930/413 2731/3946/425 2732/3947/426 2720/3931/414
f 2720/3932/414 2732/3948/426 2733/3949/427 2721/3933/415
f 2721/3933/415 2733/3949/427 2734/3950/428 2722/3934/416
f 2722/3934/416 2734/3950/428 2735/3951/429 2723/3935/417
f 2723/3936/417 2735/3952/429 2736/3953/793 2724/3937/418
f 2724/3937/418 2736/3953/793 2725/3938/419 2713/3922/407
f 2725/3938/419 2737/3954/431 2738/3955/432 2726/3939/862
f 2726/3940/862 2738/3956/432 2739/3957/433 2727/3941/421
f 2727/3941/421 2739/3957/433 2740/3958/434 2728/3942/422
f 2728/3942/422 2740/3958/434 2741/3959/435 2729/3943/423
f 2729/3960/423 2741/3961/435 2742/3962/436 2730/3963/424
f 2730/3945/424 2742/3964/436 2743/3965/437 2731/3946/425
f 2731/3946/425 2743/3965/437 2744/3966/438 2732/3947/426
f 2732/3948/426 2744/3967/438 2745/3968/439 2733/3949/427
f 2733/3949/427 2745/3968/439 2746/3969/440 2734/3950/428
f 2734/3950/428 2746/3969/440 2747/3970/441 2735/3951/429
f 2735/3971/429 2747/3972/441 2748/3973/442 2736/3974/793
f 2736/3953/793 2748/3975/442 2737/3954/431 2725/3938/419
f 2737/3976/431 2749/3977/443 2750/3978/444 2738/3979/432
f 2738/3956/432 2750/3980/444 2751/3981/445 2739/3957/433
f 2739/3957/433 2751/3981/445 2752/3982/446 2740/3958/434
f 2740/3958/434 2752/3982/446 2753/3983/447 2741/3959/435
f 2741/3961/435 2753/3984/447 2754/3985/448 2742/3962/436
f 2742/3962/436 2754/3985/448 2755/3986/449 2743/3987/437
f 2743/3987/437 2755/3986/449 2756/3988/450 2744/3989/438
f 2744/3967/438 2756/3990/450 2757/3991/451 2745/3968/439
f 2745/3968/439 2757/3991/451 2758/3992/452 2746/3969/440
f 2746/3969/440 2758/3992/452 2759/3993/453 2747/3970/441
f 2747/3972/441 2759/3994/453 2760/3995/454 2748/3973/442
f 2748/3973/442 2760/3995/454 2749/3977/443 2737/3976/431
f 2749/3977/443 2761/3996/455 2762/3997/456 2750/3978/444
f 2750/3980/444 2762/3998/456 2763/3999/457 2751/3981/445
f 2751/3981/445 2763/3999/457 2764/4000/458 2752/3982/446
f 2752/3982/446 2764/4000/458 2765/4001/459 2753/3983/447
f 2753/3984/447 2765/4002/459 2766/4003/460 2754/3985/448
f 2754/3985/448 2766/4003/460 2767/4004/461 2755/3986/449
f 2755/3986/449 2767/4004/461 2768/4005/462 2756/3988/450
f 2756/3990/450 2768/4006/462 2769/4007/463 2757/3991/451
f 2757/3991/451 2769/4007/463 2770/4008/464 2758/3992/452
f 2758/3992/452 2770/4008/464 2771/4009/465 2759/3993/453
f 2759/3994/453 2771/4010/465 2772/4011/795 2760/3995/454
f 2760/3995/454 2772/4011/795 2761/3996/455 2749/3977/443
f 2761/3996/455 2773/4012/467 2774/4013/834 2762/3997/456
f 2762/3998/456 2774/4014/834 2775/4015/469 2763/3999/457
f 2763/3999/457 2775/4015/469 2776/4016/470 2764/4000/458
f 2764/4000/458 2776/4016/470 2777/4017/796 2765/4001/459
f 2765/4002/459 2777/4018/796 2778/4019/472 2766/4003/460
f 2766/4003/460 2778/4019/472 2779/4020/473 2767/4004/461
f 2767/4004/461 2779/4020/473 2780/4021/474 2768/4005/462
f 2768/4006/462 2780/4022/474 2781/4023/475 2769/4007/463
f 2769/4007/463 2781/4023/475 2782/4024/476 2770/4008/464
f 2770/4008/464 2782/4024/476 2783/4025/477 2771/4009/465
f 2771/4010/465 2783/4026/477 2784/4027/478 2772/4011/795
f 2772/4011/795 2784/4027/478 2773/4012/467 2761/3996/455
f 2773/4012/467 2785/4028/97 2786/4029/479 2774/4013/834
f 2774/4014/834 2786/4030/479 2787/4031/480 2775/4015/469
f 2775/4015/469 2787/4031/480 2788/4032/481 2776/4016/470
f 2776/4016/470 2788/4032/481 2789/4033/482 2777/4017/796
f 2777/4018/796 2789/4034/482 2790/4035/483 2778/4019/472
f 2778/4019/472 2790/4035/483 2791/4036/103 2779/4020/473
f 2779/4020/473 2791/4036/103 2792/4037/484 2780/4021/474
f 2780/4022/474 2792/4038/484 2793/4039/485 2781/4023/475
f 2781/4023/475 2793/4039/485 2794/4040/486 2782/4024/476
f 2782/4024/476 2794/4040/486 2795/4041/487 2783/4025/477
f 2783/4026/477 2795/4042/487 2796/4043/488 2784/4027/478
f 2784/4027/478 2796/4043/488 2785/4028/97 2773/4012/467
f 2785/4028/97 2797/4044/489 2798/4045/490 2786/4029/479
f 2786/4030/479 2798/4046/490 2799/4047/491 2787/4031/480
f 2787/4031/480 2799/4047/491 2800/4048/492 2788/4032/481
f 2788/4032/481 2800/4048/492 2801/4049/493 2789/4033/482
f 2789/4034/482 2801/4050/493 2802/4051/494 2790/4035/483
f 2790/4035/483 2802/4051/494 2803/4052/799 2791/4036/103
f 2791/4036/103 2803/4052/799 2804/4053/496 2792/4037/484
f 2792/4038/484 2804/4054/496 2805/4055/497 2793/4039/485
f 2793/4039/485 2805/4055/497 2806/4056/498 2794/4040/486
f 2794/4040/486 2806/4056/498 2807/4057/499 2795/4041/487
f 2795/4042/487 2807/4058/499 2808/4059/800 2796/4043/488
f 2796/4043/488 2808/4059/800 2797/4044/489 2785/4028/97
f 2797/4044/489 2809/4060/501 2810/4061/502 2798/4045/490
f 2798/4046/490 2810/4062/502 2811/4063/836 2799/4047/491
f 2799/4047/491 2811/4063/836 2812/4064/504 2800/4048/492
f 2800/4048/492 2812/4064/504 2813/4065/505 2801/4049/493
f 2801/4050/493 2813/4066/505 2814/4067/837 2802/4051/494
f 2802/4051/494 2814/4067/837 2815/4068/507 2803/4052/799
f 2803/4052/799 2815/4068/507 2816/4069/508 2804/4053/496
f 2804/4054/496 2816/4070/508 2817/4071/509 2805/4055/497
f 2805/4055/497 2817/4071/509 2818/4072/510 2806/4056/498
f 2806/4056/498 2818/4072/510 2819/4073/838 2807/4057/499
f 2807/4058/499 2819/4074/838 2820/4075/512 2808/4059/800
f 2808/4059/800 2820/4075/512 2809/4060/501 2797/4044/489
f 2809/4060/501 2821/4076/802 2822/4077/514 2810/4061/502
f 2810/4062/502 2822/4078/514 2823/4079/515 2811/4063/836
f 2811/4063/836 2823/4079/515 2824/4080/516 2812/4064/504
f 2812/4064/504 2824/4080/516 2825/4081/517 2813/4065/505
f 2813/4066/505 2825/4082/517 2826/4083/518 2814/4067/837
f 2814/4067/837 2826/4083/518 2827/4084/519 2815/4068/507
f 2815/4068/507 2827/4084/519 2828/4085/804 2816/4069/508
f 2816/4070/508 2828/4086/804 2829/4087/521 2817/4071/509
f 2817/4071/509 2829/4087/521 2830/4088/522 2818/4072/510
f 2818/4072/510 2830/4088/522 2831/4089/523 2819/4073/838
f 2819/4074/838 2831/4090/523 2832/4091/524 2820/4075/512
f 2820/4075/512 2832/4091/524 2821/4076/802 2809/4060/501
f 2821/4092/802 2833/4093/525 2834/4094/805 2822/4095/514
f 2822/4078/514 2834/4096/805 2835/4097/527 2823/4079/515
f 2823/4079/515 2835/4097/527 2836/4098/528 2824/4080/516
f 2824/4080/516 2836/4098/528 2837/4099/529 2825/4081/517
f 2825/4082/517 2837/4100/529 2838/4101/530 2826/4083/518
f 2826/4083/518 2838/4101/530 2839/4102/531 2827/4084/519
f 2827/4103/519 2839/4104/531 2840/4105/532 2828/4106/804
f 2828/4086/804 2840/4107/532 2841/4108/533 2829/4087/521
f 2829/4087/521 2841/4108/533 2842/4109/807 2830/4088/522
f 2830/4088/522 2842/4109/807 2843/4110/535 2831/4089/523
f 2831/4090/523 2843/4111/535 2844/4112/536 2832/4091/524
f 2832/4091/524 2844/4112/536 2833/4113/525 2821/4076/802
f 2833/4093/525 2845/4114/537 2846/4115/538 2834/4094/805
f 2834/4096/805 2846/4116/538 2847/4117/539 2835/4097/527
f 2835/4097/527 2847/4117/539 2848/4118/540 2836/4098/528
f 2836/4098/528 2848/4118/540 2849/4119/541 2837/4099/529
f 2837/4099/529 2849/4119/541 2850/4120/542 2838/4121/530
f 2838/4122/530 2850/4123/542 2851/4124/543 2839/4104/531
f 2839/4104/531 2851/4124/543 2852/4125/863 2840/4105/532
f 2840/4107/532 2852/4126/863 2853/4127/545 2841/4108/533
f 2841/4108/533 2853/4127/545 2854/4128/864 2842/4109/807
f 2842/4109/807 2854/4128/864 2855/4129/547 2843/4110/535
f 2843/4110/535 2855/4129/547 2856/4130/548 2844/4131/536
f 2844/4132/536 2856/4133/548 2845/4114/537 2833/4093/525
f 2845/4114/537 2857/4134/549 2858/4135/550 2846/4115/538
f 2846/4115/538 2858/4135/550 2859/4136/551 2847/4137/539
f 2847/4117/539 2859/4138/551 2860/4139/552 2848/4118/540
f 2848/4118/540 2860/4139/552 2861/4140/553 2849/4119/541
f 2849/4119/541 2861/4140/553 2862/4141/554 2850/4120/542
f 2850/4123/542 2862/4142/554 2863/4143/555 2851/4124/543
f 2851/4124/543 2863/4143/555 2864/4144/556 2852/4125/863
f 2852/4126/863 2864/4145/556 2865/4146/557 2853/4127/545
f 2853/4127/545 2865/4146/557 2866/4147/558 2854/4128/864
f 2854/4128/864 2866/4147/558 2867/4148/559 2855/4129/547
f 2855/4129/547 2867/4148/559 2868/4149/560 2856/4130/548
f 2856/4133/548 2868/4150/560 2857/4134/549 2845/4114/537
f 2857/4134/549 2869/4151/561 2870/4152/562 2858/4135/550
f 2858/4135/550 2870/4152/562 2871/4153/563 2859/4136/551
f 2859/4138/551 2871/4154/563 2872/4155/564 2860/4139/552
f 2860/4139/552 2872/4155/564 2873/4156/565 2861/4140/553
f 2861/4140/553 2873/4156/565 2874/4157/566 2862/4141/554
f 2862/4142/554 2874/4158/566 2875/4159/567 2863/4143/555
f 2863/4143/555 2875/4159/567 2876/4160/568 2864/4144/556
f 2864/4144/556 2876/4160/568 2877/4161/569 2865/4162/557
f 2865/4146/557 2877/4163/569 2878/4164/570 2866/4147/558
f 2866/4147/558 2878/4164/570 2879/4165/571 2867/4148/559
f 2867/4148/559 2879/4165/571 2880/4166/808 2868/4149/560
f 2868/4150/560 2880/4167/808 2869/4151/561 2857/4134/549
f 2869/4151/561 2881/4168/573 2882/4169/574 2870/4152/562
f 2870/4152/562 2882/4169/574 2883/4170/575 2871/4153/563
f 2871/4154/563 2883/4171/575 2884/4172/576 2872/4155/564
f 2872/4155/564 2884/4172/576 2885/4173/577 2873/4156/565
f 2873/4156/565 2885/4173/577 2886/4174/578 2874/4157/566
f 2874/4158/566 2886/4175/578 2887/4176/579 2875/4159/567
f 2875/4159/567 2887/4176/579 2888/4177/580 2876/4160/568
f 2876/4160/568 2888/4177/580 2889/4178/581 2877/4161/569
f 2877/4163/569 2889/4179/581 2890/4180/582 2878/4164/570
f 2878/4164/570 2890/4180/582 2891/4181/583 2879/4165/571
f 2879/4165/571 2891/4181/583 2892/4182/584 2880/4166/808
f 2880/4167/808 2892/4183/584 2881/4168/573 2869/4151/561
f 2881/4168/573 2893/4184/585 2894/4185/865 2882/4169/574
f 2882/4169/574 2894/4185/865 2895/4186/587 2883/4170/575
f 2883/4171/575 2895/4187/587 2896/4188/588 2884/4172/576
f 2884/4172/576 2896/4188/588 2897/4189/589 2885/4173/577
f 2885/4173/577 2897/4189/589 2898/4190/590 2886/4174/578
f 2886/4175/578 2898/4191/590 2899/4192/591 2887/4176/579
f 2887/4176/579 2899/4192/591 2900/4193/592 2888/4177/580
f 2888/4177/580 2900/4193/592 2901/4194/593 2889/4178/581
f 2889/4179/581 2901/4195/593 2902/4196/594 2890/4180/582
f 2890/4180/582 2902/4196/594 2903/4197/595 2891/4181/583
f 2891/4181/583 2903/4197/595 2904/4198/596 2892/4182/584
f 2892/4183/584 2904/4199/596 2893/4184/585 2881/4168/573
f 2893/4184/585 2905/4200/597 2906/4201/866 2894/4185/865
f 2894/4185/865 2906/4201/866 2907/4202/599 2895/4186/587
f 2895/4187/587 2907/4203/599 2908/4204/600 2896/4188/588
f 2896/4188/588 2908/4204/600 2909/4205/601 2897/4189/589
f 2897/4189/589 2909/4205/601 2910/4206/602 2898/4190/590
f 2898/4191/590 2910/4207/602 2911/4208/603 2899/4192/591
f 2899/4192/591 2911/4208/603 2912/4209/604 2900/4193/592
f 2900/4193/592 2912/4209/604 2913/4210/605 2901/4194/593
f 2901/4195/593 2913/4211/605 2914/4212/810 2902/4196/594
f 2902/4196/594 2914/4212/810 2915/4213/607 2903/4197/595
f 2903/4197/595 2915/4213/607 2916/4214/608 2904/4198/596
f 2904/4199/596 2916/4215/608 2905/4200/597 2893/4184/585
f 2905/4200/597 2917/4216/609 2918/4217/610 2906/4201/866
f 2906/4201/866 2918/4217/610 2919/4218/611 2907/4202/599
f 2907/4203/599 2919/4219/611 2920/4220/612 2908/4204/600
f 2908/4204/600 2920/4220/612 2921/4221/613 2909/4205/601
f 2909/4205/601 2921/4221/613 2922/4222/811 2910/4206/602
f 2910/4207/602 2922/4223/811 2923/4224/615 2911/4208/603
f 2911/4208/603 2923/4224/615 2924/4225/616 2912/4209/604
f 2912/4209/604 2924/4225/616 2925/4226/617 2913/4210/605
f 2913/4211/605 2925/4227/617 2926/4228/618 2914/4212/810
f 2914/4212/810 2926/4228/618 2927/4229/619 2915/4213/607
f 2915/4213/607 2927/4229/619 2928/4230/620 2916/4214/608
f 2916/4215/608 2928/4231/620 2917/4216/609 2905/4200/597
f 2917/4216/609 2929/4232/621 2930/4233/622 2918/4217/610
f 2918/4217/610 2930/4233/622 2931/4234/623 2919/4218/611
f 2919/4219/611 2931/4235/623 2932/4236/624 2920/4220/612
f 2920/4220/612 2932/4236/624 2933/4237/625 2921/4221/613
f 2921/4221/613 2933/4237/625 2934/4238/626 2922/4222/811
f 2922/4223/811 2934/4239/626 2935/4240/842 2923/4224/615
f 2923/4224/615 2935/4240/842 2936/4241/628 2924/4225/616
f 2924/4242/616 2936/4243/628 2937/4244/629 2925/4245/617
f 2925/4227/617 2937/4246/629 2938/4247/630 2926/4228/618
f 2926/4228/618 2938/4247/630 2939/4248/631 2927/4229/619
f 2927/4229/619 2939/4248/631 2940/4249/843 2928/4230/620
f 2928/4231/620 2940/4250/843 2929/4232/621 2917/4216/609
f 2929/4251/621 2941/4252/633 2942/4253/634 2930/4254/622
f 2930/4254/622 2942/4253/634 2943/4255/635 2931/4256/623
f 2931/4235/623 2943/4257/635 2944/4258/636 2932/4236/624
f 2932/4236/624 2944/4258/636 2945/4259/637 2933/4237/625
f 2933/4237/625 2945/4259/637 2946/4260/638 2934/4238/626
f 2934/4261/626 2946/4262/638 2947/4263/639 2935/4264/842
f 2935/4264/842 2947/4263/639 2948/4265/640 2936/4243/628
f 2936/4243/628 2948/4265/640 2949/4266/641 2937/4244/629
f 2937/4246/629 2949/4267/641 2950/4268/642 2938/4247/630
f 2938/4247/630 2950/4268/642 2951/4269/643 2939/4248/631
f 2939/4248/631 2951/4269/643 2952/4270/644 2940/4249/843
f 2940/4271/843 2952/4272/644 2941/4252/633 2929/4251/621
f 2941/4252/633 2953/4273/645 2954/4274/646 2942/4253/634
f 2942/4253/634 2954/4274/646 2955/4275/647 2943/4255/635
f 2943/4257/635 2955/4276/647 2956/4277/648 2944/4258/636
f 2944/4258/636 2956/4277/648 2957/4278/649 2945/4259/637
f 2945/4259/637 2957/4278/649 2958/4279/845 2946/4260/638
f 2946/4262/638 2958/4280/845 2959/4281/651 2947/4263/639
f 2947/4263/639 2959/4281/651 2960/4282/652 2948/4265/640
f 2948/4265/640 2960/4282/652 2961/4283/653 2949/4266/641
f 2949/4267/641 2961/4284/653 2962/4285/813 2950/4268/642
f 2950/4268/642 2962/4285/813 2963/4286/655 2951/4269/643
f 2951/4269/643 2963/4286/655 2964/4287/656 2952/4270/644
f 2952/4272/644 2964/4288/656 2953/4273/645 2941/4252/633
f 2953/4273/645 2965/4289/814 2966/4290/658 2954/4274/646
f 2954/4274/646 2966/4290/658 2967/4291/659 2955/4275/647
f 2955/4276/647 2967/4292/659 2968/4293/660 2956/4277/648
f 2956/4277/648 2968/4293/660 2969/4294/661 2957/4278/649
f 2957/4278/649 2969/4294/661 2970/4295/662 2958/4279/845
f 2958/4280/845 2970/4296/662 2971/4297/663 2959/4281/651
f 2959/4281/651 2971/4297/663 2972/4298/815 2960/4282/652
f 2960/4282/652 2972/4298/815 2973/4299/665 2961/4283/653
f 2961/4284/653 2973/4300/665 2974/4301/666 2962/4285/813
f 2962/4285/813 2974/4301/666 2975/4302/667 2963/4286/655
f 2963/4286/655 2975/4302/667 2976/4303/668 2964/4287/656
f 2964/4288/656 2976/4304/668 2965/4289/814 2953/4273/645
f 2965/4289/814 2977/4305/103 2978/4306/867 2966/4290/658
f 2966/4290/658 2978/4306/867 2979/4307/670 2967/4291/659
f 2967/4292/659 2979/4308/670 2980/4309/671 2968/4293/660
f 2968/4293/660 2980/4309/671 2981/4310/672 2969/4294/661
f 2969/4294/661 2981/4310/672 2982/4311/673 2970/4295/662
f 2970/4296/662 2982/4312/673 2983/4313/97 2971/4297/663
f 2971/4297/663 2983/4313/97 2984/4314/674 2972/4298/815
f 2972/4298/815 2984/4314/674 2985/4315/675 2973/4299/665
f 2973/4300/665 2985/4316/675 2986/4317/676 2974/4301/666
f 2974/4301/666 2986/4317/676 2987/4318/677 2975/4302/667
f 2975/4302/667 2987/4318/677 2988/4319/868 2976/4303/668
f 2976/4304/668 2988/4320/868 2977/4305/103 2965/4289/814
f 2977/4305/103 2989/4321/679 2990/4322/680 2978/4306/867
f 2978/4306/867 2990/4322/680 2991/4323/681 2979/4307/670
f 2979/4308/670 2991/4324/681 2992/4325/682 2980/4309/671
f 2980/4309/671 2992/4325/682 2993/4326/683 2981/4310/672
f 2981/4310/672 2993/4326/683 2994/4327/684 2982/4311/673
f 2982/4312/673 2994/4328/684 2995/4329/685 2983/4313/97
f 2983/4313/97 2995/4329/685 2996/4330/686 2984/4314/674
f 2984/4314/674 2996/4330/686 2997/4331/687 2985/4315/675
f 2985/4316/675 2997/4332/687 2998/4333/688 2986/4317/676
f 2986/4317/676 2998/4333/688 2999/4334/689 2987/4318/677
f 2987/4318/677 2999/4334/689 3000/4335/690 2988/4319/868
f 2988/4320/868 3000/4336/690 2989/4321/679 2977/4305/103
f 2989/4321/679 3001/4337/691 3002/4338/692 2990/4322/680
f 2990/4322/680 3002/4338/692 3003/4339/693 2991/4323/681
f 2991/4324/681 3003/4340/693 3004/4341/694 2992/4325/682
f 2992/4325/682 3004/4341/694 3005/4342/695 2993/4326/683
f 2993/4326/683 3005/4342/695 3006/4343/696 2994/4327/684
f 2994/4328/684 3006/4344/696 3007/4345/697 2995/4329/685
f 2995/4329/685 3007/4345/697 3008/4346/698 2996/4330/686
f 2996/4330/686 3008/4346/698 3009/4347/699 2997/4331/687
f 2997/4332/687 3009/4348/699 3010/4349/700 2998/4333/688
f 2998/4333/688 3010/4349/700 3011/4350/701 2999/4334/689
f 2999/4334/689 3011/4350/701 3012/4351/702 3000/4335/690
f 3000/4336/690 3012/4352/702 3001/4337/691 2989/4321/679
f 3001/4337/691 3013/4353/703 3014/4354/704 3002/4338/692
f 3002/4338/692 3014/4354/704 3015/4355/705 3003/4339/693
f 3003/4340/693 3015/4356/705 3016/4357/818 3004/4341/694
f 3004/4341/694 3016/4357/818 3017/4358/707 3005/4342/695
f 3005/4342/695 3017/4358/707 3018/4359/708 3006/4343/696
f 3006/4344/696 3018/4360/708 3019/4361/709 3007/4345/697
f 3007/4345/697 3019/4361/709 3020/4362/710 3008/4346/698
f 3008/4346/698 3020/4362/710 3021/4363/711 3009/4347/699
f 3009/4348/699 3021/4364/711 3022/4365/712 3010/4349/700
f 3010/4349/700 3022/4365/712 3023/4366/713 3011/4350/701
f 3011/4350/701 3023/4366/713 3024/4367/714 3012/4351/702
f 3012/4352/702 3024/4368/714 3013/4353/703 3001/4337/691
f 3013/4353/703 3025/4369/819 3026/4370/716 3014/4354/704
f 3014/4354/704 3026/4370/716 3027/4371/717 3015/4355/705
f 3015/4356/705 3027/4372/717 3028/4373/869 3016/4357/818
f 3016/4357/818 3028/4373/869 3029/4374/719 3017/4358/707
f 3017/4358/707 3029/4374/719 3030/4375/720 3018/4359/708
f 3018/4376/708 3030/4377/720 3031/4378/721 3019/4379/709
f 3019/4361/709 3031/4380/721 3032/4381/722 3020/4362/710
f 3020/4362/710 3032/4381/722 3033/4382/723 3021/4363/711
f 3021/4364/711 3033/4383/723 3034/4384/724 3022/4365/712
f 3022/4365/712 3034/4384/724 3035/4385/725 3023/4366/713
f 3023/4366/713 3035/4385/725 3036/4386/726 3024/4367/714
f 3024/4387/714 3036/4388/726 3025/4389/819 3013/4390/703
f 3025/4389/819 3037/4391/727 3038/4392/728 3026/4393/716
f 3026/4394/716 3038/4395/728 3039/4396/729 3027/4372/717
f 3027/4372/717 3039/4396/729 3040/4397/730 3028/4373/869
f 3028/4373/869 3040/4397/730 3041/4398/731 3029/4374/719
f 3029/4374/719 3041/4398/731 3042/4399/820 3030/4375/720
f 3030/4377/720 3042/4400/820 3043/4401/847 3031/4378/721
f 3031/4378/721 3043/4401/847 3044/4402/734 3032/4403/722
f 3032/4404/722 3044/4405/734 3045/4406/735 3033/4383/723
f 3033/4383/723 3045/4406/735 3046/4407/736 3034/4384/724
f 3034/4384/724 3046/4407/736 3047/4408/737 3035/4385/725
f 3035/4385/725 3047/4408/737 3048/4409/738 3036/4386/726
f 3036/4388/726 3048/4410/738 3037/4391/727 3025/4389/819
f 3037/4391/727 3049/4411/739 3050/4412/740 3038/4392/728
f 3038/4395/728 3050/4413/740 3051/4414/741 3039/4396/729
f 3039/4396/729 3051/4414/741 3052/4415/742 3040/4397/730
f 3040/4397/730 3052/4415/742 3053/4416/743 3041/4398/731
f 3041/4398/731 3053/4416/743 3054/4417/744 3042/4399/820
f 3042/4400/820 3054/4418/744 3055/4419/745 3043/4401/847
f 3043/4401/847 3055/4419/745 3056/4420/746 3044/4402/734
f 3044/4405/734 3056/4421/746 3057/4422/747 3045/4406/735
f 3045/4406/735 3057/4422/747 3058/4423/748 3046/4407/736
f 3046/4407/736 3058/4423/748 3059/4424/749 3047/4408/737
f 3047/4425/737 3059/4426/749 3060/4427/750 3048/4410/738
f 3048/4410/738 3060/4427/750 3049/4411/739 3037/4391/727
f 3049/4411/739 3061/4428/751 3062/4429/752 3050/4412/740
f 3050/4413/740 3062/4430/752 3063/4431/753 3051/4414/741
f 3051/4414/741 3063/4431/753 3064/4432/754 3052/4415/742
f 3052/4415/742 3064/4432/754 3065/4433/755 3053/4416/743
f 3053/4434/743 3065/4435/755 3066/4436/756 3054/4418/744
f 3054/4418/744 3066/4436/756 3067/4437/757 3055/4419/745
f 3055/4419/745 3067/4437/757 3068/4438/758 3056/4420/746
f 3056/4421/746 3068/4439/758 3069/4440/759 3057/4422/747
f 3057/4422/747 3069/4440/759 3070/4441/760 3058/4423/748
f 3058/4423/748 3070/4441/760 3071/4442/761 3059/4424/749
f 3059/4426/749 3071/4443/761 3072/4444/762 3060/4427/750
f 3060/4427/750 3072/4444/762 3061/4428/751 3049/4411/739
f 3061/4428/751 2689/3890/383 2690/3893/386 3062/4429/752
f 3062/4430/752 2690/3894/386 2691/3897/388 3063/4431/753
f 3063/4431/753 2691/3897/388 2692/3899/390 3064/4432/754
f 3064/4432/754 2692/3899/390 2693/3901/392 3065/4433/755
f 3065/4435/755 2693/3902/392 2694/3905/394 3066/4436/756
f 3066/4436/756 2694/3905/394 2695/3907/792 3067/4437/757
f 3067/4437/757 2695/3907/792 2696/3909/398 3068/4438/758
f 3068/4439/758 2696/3910/398 2697/3913/400 3069/4440/759
f 3069/4440/759 2697/3913/400 2698/3915/402 3070/4441/760
f 3070/4441/760 2698/3915/402 2699/3917/404 3071/4442/761
f 3071/4443/761 2699/3918/404 2700/3921/406 3072/4444/762
f 3072/4444/762 2700/3921/406 2689/3890/383 3061/4428/751
f 3073/4445/1 3085/4446/2 3086/4447/3 3074/4448/4
f 3074/4449/4 3086/4450/3 3087/4451/5 3075/4452/6
f 3075/4452/6 3087/4451/5 3088/4453/7 3076/4454/8
f 3076/4454/8 3088/4453/7 3089/4455/9 3077/4456/10
f 3077/4457/10 3089/4458/9 3090/4459/11 3078/4460/12
f 3078/4460/12 3090/4459/11 3091/4461/13 3079/4462/14
f 3079/4462/14 3091/4461/13 3092/4463/15 3080/4464/16
f 3080/4465/16 3092/4466/15 3093/4467/17 3081/4468/18
f 3081/4468/18 3093/4467/17 3094/4469/19 3082/4470/20
f 3082/4470/20 3094/4469/19 3095/4471/21 3083/4472/22
f 3083/4473/22 3095/4474/21 3096/4475/23 3084/4476/24
f 3084/4476/24 3096/4475/23 3085/4446/2 3073/4445/1
f 3085/4446/2 3097/4477/25 3098/4478/26 3086/4447/3
f 3086/4450/3 3098/4479/26 3099/4480/27 3087/4451/5
f 3087/4451/5 3099/4480/27 3100/4481/28 3088/4453/7
f 3088/4453/7 3100/4481/28 3101/4482/29 3089/4455/9
f 3089/4458/9 3101/4483/29 3102/4484/30 3090/4459/11
f 3090/4459/11 3102/4484/30 3103/4485/31 3091/4461/13
f 3091/4461/13 3103/4485/31 3104/4486/32 3092/4463/15
f 3092/4466/15 3104/4487/32 3105/4488/33 3093/4467/17
f 3093/4467/17 3105/4488/33 3106/4489/34 3094/4469/19
f 3094/4469/19 3106/4489/34 3107/4490/35 3095/4471/21
f 3095/4474/21 3107/4491/35 3108/4492/36 3096/4475/23
f 3096/4475/23 3108/4492/36 3097/4477/25 3085/4446/2
f 3097/4477/25 3109/4493/37 3110/4494/38 3098/4478/26
f 3098/4479/26 3110/4495/38 3111/4496/39 3099/4480/27
f 3099/4480/27 3111/4496/39 3112/4497/40 3100/4481/28
f 3100/4481/28 3112/4497/40 3113/4498/41 3101/4482/29
f 3101/4482/29 3113/4498/41 3114/4499/42 3102/4500/30
f 3102/4484/30 3114/4501/42 3115/4502/43 3103/4485/31
f 3103/4485/31 3115/4502/43 3116/4503/765 3104/4486/32
f 3104/4487/32 3116/4504/765 3117/4505/45 3105/4488/33
f 3105/4488/33 3117/4505/45 3118/4506/46 3106/4489/34
f 3106/4489/34 3118/4506/46 3119/4507/47 3107/4490/35
f 3107/4491/35 3119/4508/47 3120/4509/48 3108/4492/36
f 3108/4492/36 3120/4509/48 3109/4493/37 3097/4477/25
f 3109/4510/37 3121/4511/49 3122/4512/50 3110/4513/38
f 3110/4495/38 3122/4514/50 3123/4515/51 3111/4496/39
f 3111/4496/39 3123/4515/51 3124/4516/52 3112/4497/40
f 3112/4497/40 3124/4516/52 3125/4517/53 3113/4498/41
f 3113/4498/41 3125/4517/53 3126/4518/54 3114/4499/42
f 3114/4519/42 3126/4520/54 3127/4521/55 3115/4522/43
f 3115/4522/43 3127/4521/55 3128/4523/56 3116/4524/765
f 3116/4504/765 3128/4525/56 3129/4526/57 3117/4505/45
f 3117/4505/45 3129/4526/57 3130/4527/58 3118/4506/46
f 3118/4506/46 3130/4527/58 3131/4528/59 3119/4507/47
f 3119/4507/47 3131/4528/59 3132/4529/60 3120/4530/48
f 3120/4531/48 3132/4532/60 3121/4511/49 3109/4510/37
f 3121/4511/49 3133/4533/767 3134/4534/62 3122/4512/50
f 3122/4514/50 3134/4535/62 3135/4536/63 3123/4515/51
f 3123/4515/51 3135/4536/63 3136/4537/64 3124/4516/52
f 3124/4516/52 3136/4537/64 3137/4538/768 3125/4517/53
f 3125/4517/53 3137/4538/768 3138/4539/66 3126/4518/54
f 3126/4520/54 3138/4540/66 3139/4541/769 3127/4521/55
f 3127/4521/55 3139/4541/769 3140/4542/68 3128/4523/56
f 3128/4525/56 3140/4543/68 3141/4544/69 3129/4526/57
f 3129/4526/57 3141/4544/69 3142/4545/70 3130/4527/58
f 3130/4527/58 3142/4545/70 3143/4546/71 3131/4528/59
f 3131/4528/59 3143/4546/71 3144/4547/72 3132/4529/60
f 3132/4532/60 3144/4548/72 3133/4533/767 3121/4511/49
f 3133/4533/767 3145/4549/73 3146/4550/74 3134/4534/62
f 3134/4534/62 3146/4550/74 3147/4551/75 3135/4552/63
f 3135/4536/63 3147/4553/75 3148/4554/76 3136/4537/64
f 3136/4537/64 3148/4554/76 3149/4555/77 3137/4538/768
f 3137/4538/768 3149/4555/77 3150/4556/78 3138/4539/66
f 3138/4540/66 3150/4557/78 3151/4558/79 3139/4541/769
f 3139/4541/769 3151/4558/79 3152/4559/80 3140/4542/68
f 3140/4543/68 3152/4560/80 3153/4561/81 3141/4544/69
f 3141/4544/69 3153/4561/81 3154/4562/82 3142/4545/70
f 3142/4545/70 3154/4562/82 3155/4563/83 3143/4546/71
f 3143/4564/71 3155/4565/83 3156/4566/770 3144/4548/72
f 3144/4548/72 3156/4566/770 3145/4549/73 3133/4533/767
f 3145/4549/73 3157/4567/85 3158/4568/86 3146/4550/74
f 3146/4550/74 3158/4568/86 3159/4569/87 3147/4551/75
f 3147/4553/75 3159/4570/87 3160/4571/88 3148/4554/76
f 3148/4554/76 3160/4571/88 3161/4572/89 3149/4555/77
f 3149/4555/77 3161/4572/89 3162/4573/771 3150/4556/78
f 3150/4557/78 3162/4574/771 3163/4575/91 3151/4558/79
f 3151/4558/79 3163/4575/91 3164/4576/92 3152/4559/80
f 3152/4560/80 3164/4577/92 3165/4578/93 3153/4561/81
f 3153/4561/81 3165/4578/93 3166/4579/94 3154/4562/82
f 3154/4562/82 3166/4579/94 3167/4580/95 3155/4563/83
f 3155/4565/83 3167/4581/95 3168/4582/96 3156/4566/770
f 3156/4566/770 3168/4582/96 3157/4567/85 3145/4549/73
f 3157/4567/85 3169/4583/97 3170/4584/98 3158/4568/86
f 3158/4568/86 3170/4584/98 3171/4585/99 3159/4569/87
f 3159/4570/87 3171/4586/99 3172/4587/100 3160/4571/88
f 3160/4571/88 3172/4587/100 3173/4588/101 3161/4572/89
f 3161/4572/89 3173/4588/101 3174/4589/102 3162/4573/771
f 3162/4574/771 3174/4590/102 3175/4591/103 3163/4575/91
f 3163/4575/91 3175/4591/103 3176/4592/104 3164/4576/92
f 3164/4576/92 3176/4592/104 3177/4593/105 3165/4594/93
f 3165/4578/93 3177/4595/105 3178/4596/774 3166/4579/94
f 3166/4579/94 3178/4596/774 3179/4597/107 3167/4580/95
f 3167/4580/95 3179/4597/107 3180/4598/108 3168/4599/96
f 3168/4582/96 3180/4600/108 3169/4583/97 3157/4567/85
f 3169/4583/97 3181/4601/109 3182/4602/110 3170/4584/98
f 3170/4584/98 3182/4602/110 3183/4603/111 3171/4585/99
f 3171/4586/99 3183/4604/111 3184/4605/112 3172/4587/100
f 3172/4587/100 3184/4605/112 3185/4606/113 3173/4588/101
f 3173/4588/101 3185/4606/113 3186/4607/114 3174/4589/102
f 3174/4590/102 3186/4608/114 3187/4609/115 3175/4591/103
f 3175/4591/103 3187/4609/115 3188/4610/116 3176/4592/104
f 3176/4611/104 3188/4612/116 3189/4613/117 3177/4595/105
f 3177/4595/105 3189/4613/117 3190/4614/118 3178/4596/774
f 3178/4596/774 3190/4614/118 3191/4615/119 3179/4597/107
f 3179/4597/107 3191/4615/119 3192/4616/120 3180/4598/108
f 3180/4600/108 3192/4617/120 3181/4601/109 3169/4583/97
f 3181/4601/109 3193/4618/824 3194/4619/122 3182/4602/110
f 3182/4620/110 3194/4621/122 3195/4622/123 3183/4604/111
f 3183/4604/111 3195/4622/123 3196/4623/124 3184/4605/112
f 3184/4605/112 3196/4623/124 3197/4624/125 3185/4606/113
f 3185/4606/113 3197/4624/125 3198/4625/126 3186/4607/114
f 3186/4608/114 3198/4626/126 3199/4627/127 3187/4609/115
f 3187/4609/115 3199/4627/127 3200/4628/128 3188/4610/116
f 3188/4612/116 3200/4629/128 3201/4630/129 3189/4613/117
f 3189/4613/117 3201/4630/129 3202/4631/130 3190/4614/118
f 3190/4614/118 3202/4631/130 3203/4632/131 3191/4615/119
f 3191/4615/119 3203/4632/131 3204/4633/132 3192/4616/120
f 3192/4617/120 3204/4634/132 3193/4618/824 3181/4601/109
f 3193/4618/824 3205/4635/133 3206/4636/134 3194/4619/122
f 3194/4621/122 3206/4637/134 3207/4638/135 3195/4622/123
f 3195/4622/123 3207/4638/135 3208/4639/136 3196/4623/124
f 3196/4623/124 3208/4639/136 3209/4640/137 3197/4624/125
f 3197/4624/125 3209/4640/137 3210/4641/776 3198/4625/126
f 3198/4626/126 3210/4642/776 3211/4643/139 3199/4627/127
f 3199/4627/127 3211/4643/139 3212/4644/140 3200/4628/128
f 3200/4629/128 3212/4645/140 3213/4646/141 3201/4630/129
f 3201/4630/129 3213/4646/141 3214/4647/142 3202/4631/130
f 3202/4631/130 3214/4647/142 3215/4648/143 3203/4632/131
f 3203/4632/131 3215/4648/143 3216/4649/144 3204/4633/132
f 3204/4634/132 3216/4650/144 3205/4635/133 3193/4618/824
f 3205/4651/133 3217/4652/145 3218/4653/146 3206/4654/134
f 3206/4637/134 3218/4655/146 3219/4656/147 3207/4638/135
f 3207/4638/135 3219/4656/147 3220/4657/148 3208/4639/136
f 3208/4639/136 3220/4657/148 3221/4658/149 3209/4640/137
f 3209/4640/137 3221/4658/149 3222/4659/150 3210/4641/776
f 3210/4660/776 3222/4661/150 3223/4662/777 3211/4663/139
f 3211/4663/139 3223/4662/777 3224/4664/152 3212/4665/140
f 3212/4645/140 3224/4666/152 3225/4667/778 3213/4646/141
f 3213/4646/141 3225/4667/778 3226/4668/154 3214/4647/142
f 3214/4647/142 3226/4668/154 3227/4669/155 3215/4648/143
f 3215/4648/143 3227/4669/155 3228/4670/156 3216/4649/144
f 3216/4671/144 3228/4672/156 3217/4652/145 3205/4651/133
f 3217/4652/145 3229/4673/157 3230/4674/158 3218/4653/146
f 3218/4653/146 3230/4674/158 3231/4675/159 3219/4676/147
f 3219/4656/147 3231/4677/159 3232/4678/160 3220/4657/148
f 3220/4657/148 3232/4678/160 3233/4679/161 3221/4658/149
f 3221/4658/149 3233/4679/161 3234/4680/779 3222/4659/150
f 3222/4661/150 3234/4681/779 3235/4682/163 3223/4662/777
f 3223/4662/777 3235/4682/163 3236/4683/164 3224/4664/152
f 3224/4666/152 3236/4684/164 3237/4685/165 3225/4667/778
f 3225/4667/778 3237/4685/165 3238/4686/166 3226/4668/154
f 3226/4668/154 3238/4686/166 3239/4687/167 3227/4669/155
f 3227/4669/155 3239/4687/167 3240/4688/168 3228/4670/156
f 3228/4672/156 3240/4689/168 3229/4673/157 3217/4652/145
f 3229/4673/157 3241/4690/169 3242/4691/170 3230/4674/158
f 3230/4674/158 3242/4691/170 3243/4692/781 3231/4675/159
f 3231/4677/159 3243/4693/781 3244/4694/172 3232/4678/160
f 3232/4678/160 3244/4694/172 3245/4695/173 3233/4679/161
f 3233/4679/161 3245/4695/173 3246/4696/174 3234/4680/779
f 3234/4681/779 3246/4697/174 3247/4698/175 3235/4682/163
f 3235/4682/163 3247/4698/175 3248/4699/176 3236/4683/164
f 3236/4683/164 3248/4699/176 3249/4700/177 3237/4701/165
f 3237/4685/165 3249/4702/177 3250/4703/178 3238/4686/166
f 3238/4686/166 3250/4703/178 3251/4704/179 3239/4687/167
f 3239/4687/167 3251/4704/179 3252/4705/180 3240/4688/168
f 3240/4689/168 3252/4706/180 3241/4690/169 3229/4673/157
f 3241/4690/169 3253/4707/181 3254/4708/182 3242/4691/170
f 3242/4691/170 3254/4708/182 3255/4709/183 3243/4692/781
f 3243/4693/781 3255/4710/183 3256/4711/184 3244/4694/172
f 3244/4694/172 3256/4711/184 3257/4712/185 3245/4695/173
f 3245/4695/173 3257/4712/185 3258/4713/186 3246/4696/174
f 3246/4697/174 3258/4714/186 3259/4715/187 3247/4698/175
f 3247/4698/175 3259/4715/187 3260/4716/188 3248/4699/176
f 3248/4699/176 3260/4716/188 3261/4717/189 3249/4700/177
f 3249/4702/177 3261/4718/189 3262/4719/190 3250/4703/178
f 3250/4703/178 3262/4719/190 3263/4720/191 3251/4704/179
f 3251/4704/179 3263/4720/191 3264/4721/192 3252/4705/180
f 3252/4706/180 3264/4722/192 3253/4707/181 3241/4690/169
f 3253/4707/181 3265/4723/193 3266/4724/194 3254/4708/182
f 3254/4708/182 3266/4724/194 3267/4725/195 3255/4709/183
f 3255/4710/183 3267/4726/195 3268/4727/196 3256/4711/184
f 3256/4711/184 3268/4727/196 3269/4728/197 3257/4712/185
f 3257/4712/185 3269/4728/197 3270/4729/198 3258/4713/186
f 3258/4714/186 3270/4730/198 3271/4731/199 3259/4715/187
f 3259/4715/187 3271/4731/199 3272/4732/200 3260/4716/188
f 3260/4716/188 3272/4732/200 3273/4733/201 3261/4717/189
f 3261/4718/189 3273/4734/201 3274/4735/202 3262/4719/190
f 3262/4719/190 3274/4735/202 3275/4736/203 3263/4720/191
f 3263/4720/191 3275/4736/203 3276/4737/204 3264/4721/192
f 3264/4722/192 3276/4738/204 3265/4723/193 3253/4707/181
f 3265/4723/193 3277/4739/205 3278/4740/206 3266/4724/194
f 3266/4724/194 3278/4740/206 3279/4741/207 3267/4725/195
f 3267/4726/195 3279/4742/207 3280/4743/208 3268/4727/196
f 3268/4727/196 3280/4743/208 3281/4744/209 3269/4728/197
f 3269/4728/197 3281/4744/209 3282/4745/210 3270/4729/198
f 3270/4730/198 3282/4746/210 3283/4747/853 3271/4731/199
f 3271/4731/199 3283/4747/853 3284/4748/212 3272/4732/200
f 3272/4732/200 3284/4748/212 3285/4749/213 3273/4733/201
f 3273/4734/201 3285/4750/213 3286/4751/214 3274/4735/202
f 3274/4735/202 3286/4751/214 3287/4752/215 3275/4736/203
f 3275/4736/203 3287/4752/215 3288/4753/870 3276/4737/204
f 3276/4738/204 3288/4754/870 3277/4739/205 3265/4723/193
f 3277/4739/205 3289/4755/217 3290/4756/218 3278/4740/206
f 3278/4740/206 3290/4756/218 3291/4757/219 3279/4741/207
f 3279/4742/207 3291/4758/219 3292/4759/220 3280/4743/208
f 3280/4743/208 3292/4759/220 3293/4760/221 3281/4744/209
f 3281/4744/209 3293/4760/221 3294/4761/222 3282/4745/210
f 3282/4746/210 3294/4762/222 3295/4763/223 3283/4747/853
f 3283/4747/853 3295/4763/223 3296/4764/224 3284/4748/212
f 3284/4748/212 3296/4764/224 3297/4765/225 3285/4749/213
f 3285/4750/213 3297/4766/225 3298/4767/226 3286/4751/214
f 3286/4751/214 3298/4767/226 3299/4768/227 3287/4752/215
f 3287/4752/215 3299/4768/227 3300/4769/228 3288/4753/870
f 3288/4754/870 3300/4770/228 3289/4755/217 3277/4739/205
f 3289/4755/217 3301/4771/229 3302/4772/230 3290/4756/218
f 3290/4756/218 3302/4772/230 3303/4773/231 3291/4757/219
f 3291/4758/219 3303/4774/231 3304/4775/232 3292/4759/220
f 3292/4759/220 3304/4775/232 3305/4776/233 3293/4760/221
f 3293/4760/221 3305/4776/233 3306/4777/234 3294/4761/222
f 3294/4762/222 3306/4778/234 3307/4779/235 3295/4763/223
f 3295/4763/223 3307/4779/235 3308/4780/236 3296/4764/224
f 3296/4781/224 3308/4782/236 3309/4783/237 3297/4766/225
f 3297/4766/225 3309/4783/237 3310/4784/238 3298/4767/226
f 3298/4767/226 3310/4784/238 3311/4785/239 3299/4768/227
f 3299/4768/227 3311/4785/239 3312/4786/240 3300/4769/228
f 3300/4770/228 3312/4787/240 3301/4771/229 3289/4755/217
f 3301/4788/229 3313/4789/241 3314/4790/242 3302/4791/230
f 3302/4792/230 3314/4793/242 3315/4794/243 3303/4774/231
f 3303/4774/231 3315/4794/243 3316/4795/244 3304/4775/232
f 3304/4775/232 3316/4795/244 3317/4796/245 3305/4776/233
f 3305/4776/233 3317/4796/245 3318/4797/246 3306/4777/234
f 3306/4798/234 3318/4799/246 3319/4800/247 3307/4801/235
f 3307/4801/235 3319/4800/247 3320/4802/248 3308/4803/236
f 3308/4782/236 3320/4804/248 3321/4805/249 3309/4783/237
f 3309/4783/237 3321/4805/249 3322/4806/250 3310/4784/238
f 3310/4784/238 3322/4806/250 3323/4807/251 3311/4785/239
f 3311/4785/239 3323/4807/251 3324/4808/252 3312/4786/240
f 3312/4809/240 3324/4810/252 3313/4789/241 3301/4788/229
f 3313/4789/241 3325/4811/253 3326/4812/254 3314/4790/242
f 3314/4793/242 3326/4813/254 3327/4814/255 3315/4794/243
f 3315/4794/243 3327/4814/255 3328/4815/256 3316/4795/244
f 3316/4795/244 3328/4815/256 3329/4816/257 3317/4796/245
f 3317/4796/245 3329/4816/257 3330/4817/258 3318/4797/246
f 3318/4799/246 3330/4818/258 3331/4819/259 3319/4800/247
f 3319/4800/247 3331/4819/259 3332/4820/260 3320/4802/248
f 3320/4804/248 3332/4821/260 3333/4822/261 3321/4805/249
f 3321/4805/249 3333/4822/261 3334/4823/262 3322/4806/250
f 3322/4806/250 3334/4823/262 3335/4824/263 3323/4807/251
f 3323/4807/251 3335/4824/263 3336/4825/264 3324/4808/252
f 3324/4810/252 3336/4826/264 3325/4811/253 3313/4789/241
f 3325/4811/253 3337/4827/265 3338/4828/266 3326/4812/254
f 3326/4812/254 3338/4828/266 3339/4829/267 3327/4830/255
f 3327/4814/255 3339/4831/267 3340/4832/268 3328/4815/256
f 3328/4815/256 3340/4832/268 3341/4833/269 3329/4816/257
f 3329/4816/257 3341/4833/269 3342/4834/270 3330/4817/258
f 3330/4818/258 3342/4835/270 3343/4836/787 3331/4819/259
f 3331/4819/259 3343/4836/787 3344/4837/827 3332/4820/260
f 3332/4821/260 3344/4838/827 3345/4839/273 3333/4822/261
f 3333/4822/261 3345/4839/273 3346/4840/274 3334/4823/262
f 3334/4823/262 3346/4840/274 3347/4841/275 3335/4824/263
f 3335/4824/263 3347/4841/275 3348/4842/276 3336/4825/264
f 3336/4826/264 3348/4843/276 3337/4827/265 3325/4811/253
f 3337/4827/265 3349/4844/788 3350/4845/278 3338/4828/266
f 3338/4828/266 3350/4845/278 3351/4846/279 3339/4829/267
f 3339/4831/267 3351/4847/279 3352/4848/280 3340/4832/268
f 3340/4832/268 3352/4848/280 3353/4849/281 3341/4833/269
f 3341/4850/269 3353/4851/281 3354/4852/282 3342/4835/270
f 3342/4835/270 3354/4852/282 3355/4853/283 3343/4836/787
f 3343/4836/787 3355/4853/283 3356/4854/284 3344/4837/827
f 3344/4838/827 3356/4855/284 3357/4856/285 3345/4839/273
f 3345/4839/273 3357/4856/285 3358/4857/286 3346/4840/274
f 3346/4840/274 3358/4857/286 3359/4858/287 3347/4841/275
f 3347/4859/275 3359/4860/287 3360/4861/288 3348/4843/276
f 3348/4843/276 3360/4861/288 3349/4844/788 3337/4827/265
f 3349/4844/788 3361/4862/103 3362/4863/289 3350/4845/278
f 3350/4864/278 3362/4865/289 3363/4866/290 3351/4847/279
f 3351/4847/279 3363/4866/290 3364/4867/291 3352/4848/280
f 3352/4848/280 3364/4867/291 3365/4868/292 3353/4849/281
f 3353/4851/281 3365/4869/292 3366/4870/293 3354/4852/282
f 3354/4852/282 3366/4870/293 3367/4871/97 3355/4853/283
f 3355/4853/283 3367/4871/97 3368/4872/294 3356/4854/284
f 3356/4855/284 3368/4873/294 3369/4874/295 3357/4856/285
f 3357/4856/285 3369/4874/295 3370/4875/296 3358/4857/286
f 3358/4857/286 3370/4875/296 3371/4876/297 3359/4858/287
f 3359/4860/287 3371/4877/297 3372/4878/298 3360/4861/288
f 3360/4861/288 3372/4878/298 3361/4862/103 3349/4844/788
f 3361/4862/103 3373/4879/299 3374/4880/300 3362/4863/289
f 3362/4865/289 3374/4881/300 3375/4882/301 3363/4866/290
f 3363/4866/290 3375/4882/301 3376/4883/302 3364/4867/291
f 3364/4867/291 3376/4883/302 3377/4884/303 3365/4868/292
f 3365/4868/292 3377/4884/303 3378/4885/304 3366/4886/293
f 3366/4870/293 3378/4887/304 3379/4888/305 3367/4871/97
f 3367/4871/97 3379/4888/305 3380/4889/306 3368/4872/294
f 3368/4873/294 3380/4890/306 3381/4891/307 3369/4874/295
f 3369/4874/295 3381/4891/307 3382/4892/308 3370/4875/296
f 3370/4875/296 3382/4892/308 3383/4893/309 3371/4876/297
f 3371/4877/297 3383/4894/309 3384/4895/310 3372/4878/298
f 3372/4878/298 3384/4895/310 3373/4879/299 3361/4862/103
f 3373/4879/299 3385/4896/311 3386/4897/312 3374/4880/300
f 3374/4881/300 3386/4898/312 3387/4899/313 3375/4882/301
f 3375/4882/301 3387/4899/313 3388/4900/314 3376/4883/302
f 3376/4883/302 3388/4900/314 3389/4901/315 3377/4884/303
f 3377/4884/303 3389/4901/315 3390/4902/316 3378/4885/304
f 3378/4887/304 3390/4903/316 3391/4904/317 3379/4888/305
f 3379/4888/305 3391/4904/317 3392/4905/318 3380/4889/306
f 3380/4890/306 3392/4906/318 3393/4907/319 3381/4891/307
f 3381/4891/307 3393/4907/319 3394/4908/320 3382/4892/308
f 3382/4892/308 3394/4908/320 3395/4909/321 3383/4893/309
f 3383/4893/309 3395/4909/321 3396/4910/322 3384/4911/310
f 3384/4895/310 3396/4912/322 3385/4896/311 3373/4879/299
f 3385/4896/311 3397/4913/323 3398/4914/871 3386/4897/312
f 3386/4898/312 3398/4915/871 3399/4916/325 3387/4899/313
f 3387/4899/313 3399/4916/325 3400/4917/326 3388/4900/314
f 3388/4900/314 3400/4917/326 3401/4918/327 3389/4901/315
f 3389/4901/315 3401/4918/327 3402/4919/328 3390/4902/316
f 3390/4903/316 3402/4920/328 3403/4921/329 3391/4904/317
f 3391/4904/317 3403/4921/329 3404/4922/330 3392/4905/318
f 3392/4906/318 3404/4923/330 3405/4924/331 3393/4907/319
f 3393/4907/319 3405/4924/331 3406/4925/332 3394/4908/320
f 3394/4908/320 3406/4925/332 3407/4926/858 3395/4909/321
f 3395/4909/321 3407/4926/858 3408/4927/334 3396/4910/322
f 3396/4912/322 3408/4928/334 3397/4913/323 3385/4896/311
f 3397/4929/323 3409/4930/335 3410/4931/336 3398/4932/871
f 3398/4915/871 3410/4933/336 3411/4934/829 3399/4916/325
f 3399/4916/325 3411/4934/829 3412/4935/338 3400/4917/326
f 3400/4917/326 3412/4935/338 3413/4936/339 3401/4918/327
f 3401/4918/327 3413/4936/339 3414/4937/340 3402/4919/328
f 3402/4938/328 3414/4939/340 3415/4940/341 3403/4941/329
f 3403/4941/329 3415/4940/341 3416/4942/342 3404/4943/330
f 3404/4923/330 3416/4944/342 3417/4945/343 3405/4924/331
f 3405/4924/331 3417/4945/343 3418/4946/344 3406/4925/332
f 3406/4925/332 3418/4946/344 3419/4947/345 3407/4926/858
f 3407/4926/858 3419/4947/345 3420/4948/346 3408/4927/334
f 3408/4949/334 3420/4950/346 3409/4930/335 3397/4929/323
f 3409/4930/335 3421/4951/347 3422/4952/348 3410/4931/336
f 3410/4933/336 3422/4953/348 3423/4954/349 3411/4934/829
f 3411/4934/829 3423/4954/349 3424/4955/350 3412/4935/338
f 3412/4935/338 3424/4955/350 3425/4956/351 3413/4936/339
f 3413/4936/339 3425/4956/351 3426/4957/352 3414/4937/340
f 3414/4939/340 3426/4958/352 3427/4959/353 3415/4940/341
f 3415/4940/341 3427/4959/353 3428/4960/354 3416/4942/342
f 3416/4944/342 3428/4961/354 3429/4962/355 3417/4945/343
f 3417/4945/343 3429/4962/355 3430/4963/356 3418/4946/344
f 3418/4946/344 3430/4963/356 3431/4964/357 3419/4947/345
f 3419/4965/345 3431/4966/357 3432/4967/358 3420/4950/346
f 3420/4950/346 3432/4967/358 3421/4951/347 3409/4930/335
f 3421/4951/347 3433/4968/359 3434/4969/360 3422/4952/348
f 3422/4953/348 3434/4970/360 3435/4971/361 3423/4954/349
f 3423/4954/349 3435/4971/361 3436/4972/362 3424/4955/350
f 3424/4955/350 3436/4972/362 3437/4973/363 3425/4956/351
f 3425/4974/351 3437/4975/363 3438/4976/364 3426/4958/352
f 3426/4958/352 3438/4976/364 3439/4977/365 3427/4959/353
f 3427/4959/353 3439/4977/365 3440/4978/366 3428/4960/354
f 3428/4961/354 3440/4979/366 3441/4980/367 3429/4962/355
f 3429/4962/355 3441/4980/367 3442/4981/368 3430/4963/356
f 3430/4963/356 3442/4981/368 3443/4982/369 3431/4964/357
f 3431/4966/357 3443/4983/369 3444/4984/370 3432/4967/358
f 3432/4967/358 3444/4984/370 3433/4968/359 3421/4951/347
f 3433/4968/359 3445/4985/371 3446/4986/372 3434/4969/360
f 3434/4970/360 3446/4987/372 3447/4988/373 3435/4971/361
f 3435/4971/361 3447/4988/373 3448/4989/374 3436/4972/362
f 3436/4972/362 3448/4989/374 3449/4990/375 3437/4973/363
f 3437/4975/363 3449/4991/375 3450/4992/376 3438/4976/364
f 3438/4976/364 3450/4992/376 3451/4993/377 3439/4977/365
f 3439/4977/365 3451/4993/377 3452/4994/791 3440/4978/366
f 3440/4979/366 3452/4995/791 3453/4996/379 3441/4980/367
f 3441/4980/367 3453/4996/379 3454/4997/380 3442/4981/368
f 3442/4981/368 3454/4997/380 3455/4998/381 3443/4982/369
f 3443/4983/369 3455/4999/381 3456/5000/382 3444/4984/370
f 3444/4984/370 3456/5000/382 3445/4985/371 3433/4968/359
f 3445/4985/371 3073/4445/1 3074/4448/4 3446/4986/372
f 3446/4987/372 3074/4449/4 3075/4452/6 3447/4988/373
f 3447/4988/373 3075/4452/6 3076/4454/8 3448/4989/374
f 3448/4989/374 3076/4454/8 3077/4456/10 3449/4990/375
f 3449/4991/375 3077/4457/10 3078/4460/12 3450/4992/376
f 3450/4992/376 3078/4460/12 3079/4462/14 3451/4993/377
f 3451/4993/377 3079/4462/14 3080/4464/16 3452/4994/791
f 3452/4995/791 3080/4465/16 3081/4468/18 3453/4996/379
f 3453/4996/379 3081/4468/18 3082/4470/20 3454/4997/380
f 3454/4997/380 3082/4470/20 3083/4472/22 3455/4998/381
f 3455/4999/381 3083/4473/22 3084/4476/24 3456/5000/382
f 3456/5000/382 3084/4476/24 3073/4445/1 3445/4985/371
f 3457/5001/383 3469/5002/384 3470/5003/385 3458/5004/386
f 3458/5005/386 3470/5006/385 3471/5007/387 3459/5008/388
f 3459/5008/388 3471/5007/387 3472/5009/389 3460/5010/390
f 3460/5010/390 3472/5009/389 3473/5011/391 3461/5012/392
f 3461/5013/392 3473/5014/391 3474/5015/393 3462/5016/394
f 3462/5016/394 3474/5015/393 3475/5017/395 3463/5018/396
f 3463/5018/396 3475/5017/395 3476/5019/397 3464/5020/398
f 3464/5021/398 3476/5022/397 3477/5023/399 3465/5024/400
f 3465/5024/400 3477/5023/399 3478/5025/401 3466/5026/402
f 3466/5026/402 3478/5025/401 3479/5027/403 3467/5028/404
f 3467/5029/404 3479/5030/403 3480/5031/405 3468/5032/406
f 3468/5032/406 3480/5031/405 3469/5002/384 3457/5001/383
f 3469/5002/384 3481/5033/407 3482/5034/408 3470/5003/385
f 3470/5006/385 3482/5035/408 3483/5036/409 3471/5007/387
f 3471/5007/387 3483/5036/409 3484/5037/410 3472/5009/389
f 3472/5009/389 3484/5037/410 3485/5038/411 3473/5011/391
f 3473/5014/391 3485/5039/411 3486/5040/412 3474/5015/393
f 3474/5015/393 3486/5040/412 3487/5041/413 3475/5017/395
f 3475/5017/395 3487/5041/413 3488/5042/414 3476/5019/397
f 3476/5022/397 3488/5043/414 3489/5044/415 3477/5023/399
f 3477/5023/399 3489/5044/415 3490/5045/416 3478/5025/401
f 3478/5025/401 3490/5045/416 3491/5046/417 3479/5027/403
f 3479/5030/403 3491/5047/417 3492/5048/418 3480/5031/405
f 3480/5031/405 3492/5048/418 3481/5033/407 3469/5002/384
f 3481/5033/407 3493/5049/419 3494/5050/872 3482/5034/408
f 3482/5035/408 3494/5051/872 3495/5052/421 3483/5036/409
f 3483/5036/409 3495/5052/421 3496/5053/422 3484/5037/410
f 3484/5037/410 3496/5053/422 3497/5054/423 3485/5038/411
f 3485/5039/411 3497/5055/423 3498/5056/424 3486/5040/412
f 3486/5040/412 3498/5056/424 3499/5057/425 3487/5041/413
f 3487/5041/413 3499/5057/425 3500/5058/426 3488/5042/414
f 3488/5043/414 3500/5059/426 3501/5060/427 3489/5044/415
f 3489/5044/415 3501/5060/427 3502/5061/428 3490/5045/416
f 3490/5045/416 3502/5061/428 3503/5062/429 3491/5046/417
f 3491/5047/417 3503/5063/429 3504/5064/793 3492/5048/418
f 3492/5048/418 3504/5064/793 3493/5049/419 3481/5033/407
f 3493/5049/419 3505/5065/794 3506/5066/432 3494/5050/872
f 3494/5051/872 3506/5067/432 3507/5068/433 3495/5052/421
f 3495/5052/421 3507/5068/433 3508/5069/434 3496/5053/422
f 3496/5053/422 3508/5069/434 3509/5070/435 3497/5054/423
f 3497/5071/423 3509/5072/435 3510/5073/436 3498/5074/424
f 3498/5056/424 3510/5075/436 3511/5076/437 3499/5057/425
f 3499/5057/425 3511/5076/437 3512/5077/438 3500/5058/426
f 3500/5059/426 3512/5078/438 3513/5079/439 3501/5060/427
f 3501/5060/427 3513/5079/439 3514/5080/440 3502/5061/428
f 3502/5061/428 3514/5080/440 3515/5081/441 3503/5062/429
f 3503/5082/429 3515/5083/441 3516/5084/442 3504/5085/793
f 3504/5064/793 3516/5086/442 3505/5065/794 3493/5049/419
f 3505/5087/794 3517/5088/443 3518/5089/444 3506/5090/432
f 3506/5067/432 3518/5091/444 3519/5092/445 3507/5068/433
f 3507/5068/433 3519/5092/445 3520/5093/446 3508/5069/434
f 3508/5069/434 3520/5093/446 3521/5094/447 3509/5070/435
f 3509/5072/435 3521/5095/447 3522/5096/448 3510/5073/436
f 3510/5073/436 3522/5096/448 3523/5097/449 3511/5098/437
f 3511/5098/437 3523/5097/449 3524/5099/450 3512/5100/438
f 3512/5078/438 3524/5101/450 3525/5102/451 3513/5079/439
f 3513/5079/439 3525/5102/451 3526/5103/452 3514/5080/440
f 3514/5080/440 3526/5103/452 3527/5104/453 3515/5081/441
f 3515/5083/441 3527/5105/453 3528/5106/454 3516/5084/442
f 3516/5084/442 3528/5106/454 3517/5088/443 3505/5087/794
f 3517/5088/443 3529/5107/455 3530/5108/456 3518/5089/444
f 3518/5091/444 3530/5109/456 3531/5110/457 3519/5092/445
f 3519/5092/445 3531/5110/457 3532/5111/458 3520/5093/446
f 3520/5093/446 3532/5111/458 3533/5112/459 3521/5094/447
f 3521/5095/447 3533/5113/459 3534/5114/460 3522/5096/448
f 3522/5096/448 3534/5114/460 3535/5115/461 3523/5097/449
f 3523/5097/449 3535/5115/461 3536/5116/462 3524/5099/450
f 3524/5101/450 3536/5117/462 3537/5118/463 3525/5102/451
f 3525/5102/451 3537/5118/463 3538/5119/464 3526/5103/452
f 3526/5103/452 3538/5119/464 3539/5120/465 3527/5104/453
f 3527/5105/453 3539/5121/465 3540/5122/795 3528/5106/454
f 3528/5106/454 3540/5122/795 3529/5107/455 3517/5088/443
f 3529/5107/455 3541/5123/467 3542/5124/834 3530/5108/456
f 3530/5109/456 3542/5125/834 3543/5126/469 3531/5110/457
f 3531/5110/457 3543/5126/469 3544/5127/470 3532/5111/458
f 3532/5111/458 3544/5127/470 3545/5128/796 3533/5112/459
f 3533/5113/459 3545/5129/796 3546/5130/472 3534/5114/460
f 3534/5114/460 3546/5130/472 3547/5131/473 3535/5115/461
f 3535/5115/461 3547/5131/473 3548/5132/474 3536/5116/462
f 3536/5117/462 3548/5133/474 3549/5134/475 3537/5118/463
f 3537/5118/463 3549/5134/475 3550/5135/476 3538/5119/464
f 3538/5119/464 3550/5135/476 3551/5136/477 3539/5120/465
f 3539/5121/465 3551/5137/477 3552/5138/478 3540/5122/795
f 3540/5122/795 3552/5138/478 3541/5123/467 3529/5107/455
f 3541/5123/467 3553/5139/97 3554/5140/479 3542/5124/834
f 3542/5125/834 3554/5141/479 3555/5142/480 3543/5126/469
f 3543/5126/469 3555/5142/480 3556/5143/481 3544/5127/470
f 3544/5127/470 3556/5143/481 3557/5144/482 3545/5128/796
f 3545/5129/796 3557/5145/482 3558/5146/797 3546/5130/472
f 3546/5130/472 3558/5146/797 3559/5147/103 3547/5131/473
f 3547/5131/473 3559/5147/103 3560/5148/484 3548/5132/474
f 3548/5133/474 3560/5149/484 3561/5150/485 3549/5134/475
f 3549/5134/475 3561/5150/485 3562/5151/486 3550/5135/476
f 3550/5135/476 3562/5151/486 3563/5152/487 3551/5136/477
f 3551/5137/477 3563/5153/487 3564/5154/488 3552/5138/478
f 3552/5138/478 3564/5154/488 3553/5139/97 3541/5123/467
f 3553/5139/97 3565/5155/489 3566/5156/490 3554/5140/479
f 3554/5141/479 3566/5157/490 3567/5158/491 3555/5142/480
f 3555/5142/480 3567/5158/491 3568/5159/492 3556/5143/481
f 3556/5143/481 3568/5159/492 3569/5160/493 3557/5144/482
f 3557/5145/482 3569/5161/493 3570/5162/494 3558/5146/797
f 3558/5146/797 3570/5162/494 3571/5163/799 3559/5147/103
f 3559/5147/103 3571/5163/799 3572/5164/496 3560/5148/484
f 3560/5149/484 3572/5165/496 3573/5166/497 3561/5150/485
f 3561/5150/485 3573/5166/497 3574/5167/498 3562/5151/486
f 3562/5151/486 3574/5167/498 3575/5168/499 3563/5152/487
f 3563/5153/487 3575/5169/499 3576/5170/500 3564/5154/488
f 3564/5154/488 3576/5170/500 3565/5155/489 3553/5139/97
f 3565/5155/489 3577/5171/501 3578/5172/502 3566/5156/490
f 3566/5157/490 3578/5173/502 3579/5174/503 3567/5158/491
f 3567/5158/491 3579/5174/503 3580/5175/504 3568/5159/492
f 3568/5159/492 3580/5175/504 3581/5176/505 3569/5160/493
f 3569/5161/493 3581/5177/505 3582/5178/506 3570/5162/494
f 3570/5162/494 3582/5178/506 3583/5179/507 3571/5163/799
f 3571/5163/799 3583/5179/507 3584/5180/873 3572/5164/496
f 3572/5165/496 3584/5181/873 3585/5182/509 3573/5166/497
f 3573/5166/497 3585/5182/509 3586/5183/510 3574/5167/498
f 3574/5167/498 3586/5183/510 3587/5184/838 3575/5168/499
f 3575/5169/499 3587/5185/838 3588/5186/512 3576/5170/500
f 3576/5170/500 3588/5186/512 3577/5171/501 3565/5155/489
f 3577/5171/501 3589/5187/802 3590/5188/514 3578/5172/502
f 3578/5173/502 3590/5189/514 3591/5190/515 3579/5174/503
f 3579/5174/503 3591/5190/515 3592/5191/516 3580/5175/504
f 3580/5175/504 3592/5191/516 3593/5192/517 3581/5176/505
f 3581/5177/505 3593/5193/517 3594/5194/518 3582/5178/506
f 3582/5178/506 3594/5194/518 3595/5195/519 3583/5179/507
f 3583/5179/507 3595/5195/519 3596/5196/804 3584/5180/873
f 3584/5181/873 3596/5197/804 3597/5198/521 3585/5182/509
f 3585/5182/509 3597/5198/521 3598/5199/522 3586/5183/510
f 3586/5183/510 3598/5199/522 3599/5200/523 3587/5184/838
f 3587/5185/838 3599/5201/523 3600/5202/524 3588/5186/512
f 3588/5186/512 3600/5202/524 3589/5187/802 3577/5171/501
f 3589/5203/802 3601/5204/525 3602/5205/805 3590/5206/514
f 3590/5189/514 3602/5207/805 3603/5208/527 3591/5190/515
f 3591/5190/515 3603/5208/527 3604/5209/528 3592/5191/516
f 3592/5191/516 3604/5209/528 3605/5210/529 3593/5192/517
f 3593/5193/517 3605/5211/529 3606/5212/530 3594/5194/518
f 3594/5194/518 3606/5212/530 3607/5213/531 3595/5195/519
f 3595/5214/519 3607/5215/531 3608/5216/532 3596/5217/804
f 3596/5197/804 3608/5218/532 3609/5219/533 3597/5198/521
f 3597/5198/521 3609/5219/533 3610/5220/534 3598/5199/522
f 3598/5199/522 3610/5220/534 3611/5221/535 3599/5200/523
f 3599/5201/523 3611/5222/535 3612/5223/536 3600/5202/524
f 3600/5202/524 3612/5223/536 3601/5224/525 3589/5187/802
f 3601/5204/525 3613/5225/839 3614/5226/538 3602/5205/805
f 3602/5207/805 3614/5227/538 3615/5228/539 3603/5208/527
f 3603/5208/527 3615/5228/539 3616/5229/540 3604/5209/528
f 3604/5209/528 3616/5229/540 3617/5230/541 3605/5210/529
f 3605/5210/529 3617/5230/541 3618/5231/542 3606/5232/530
f 3606/5233/530 3618/5234/542 3619/5235/543 3607/5215/531
f 3607/5215/531 3619/5235/543 3620/5236/544 3608/5216/532
f 3608/5218/532 3620/5237/544 3621/5238/545 3609/5219/533
f 3609/5219/533 3621/5238/545 3622/5239/546 3610/5220/534
f 3610/5220/534 3622/5239/546 3623/5240/547 3611/5221/535
f 3611/5221/535 3623/5240/547 3624/5241/548 3612/5242/536
f 3612/5243/536 3624/5244/548 3613/5225/839 3601/5204/525
f 3613/5225/839 3625/5245/549 3626/5246/550 3614/5226/538
f 3614/5226/538 3626/5246/550 3627/5247/551 3615/5248/539
f 3615/5228/539 3627/5249/551 3628/5250/552 3616/5229/540
f 3616/5229/540 3628/5250/552 3629/5251/553 3617/5230/541
f 3617/5230/541 3629/5251/553 3630/5252/554 3618/5231/542
f 3618/5234/542 3630/5253/554 3631/5254/555 3619/5235/543
f 3619/5235/543 3631/5254/555 3632/5255/556 3620/5236/544
f 3620/5237/544 3632/5256/556 3633/5257/557 3621/5238/545
f 3621/5238/545 3633/5257/557 3634/5258/558 3622/5239/546
f 3622/5239/546 3634/5258/558 3635/5259/559 3623/5240/547
f 3623/5240/547 3635/5259/559 3636/5260/560 3624/5241/548
f 3624/5244/548 3636/5261/560 3625/5245/549 3613/5225/839
f 3625/5245/549 3637/5262/561 3638/5263/562 3626/5246/550
f 3626/5246/550 3638/5263/562 3639/5264/563 3627/5247/551
f 3627/5249/551 3639/5265/563 3640/5266/564 3628/5250/552
f 3628/5250/552 3640/5266/564 3641/5267/565 3629/5251/553
f 3629/5251/553 3641/5267/565 3642/5268/566 3630/5252/554
f 3630/5253/554 3642/5269/566 3643/5270/567 3631/5254/555
f 3631/5254/555 3643/5270/567 3644/5271/568 3632/5255/556
f 3632/5255/556 3644/5271/568 3645/5272/569 3633/5273/557
f 3633/5257/557 3645/5274/569 3646/5275/570 3634/5258/558
f 3634/5258/558 3646/5275/570 3647/5276/571 3635/5259/559
f 3635/5259/559 3647/5276/571 3648/5277/808 3636/5260/560
f 3636/5261/560 3648/5278/808 3637/5262/561 3625/5245/549
f 3637/5262/561 3649/5279/573 3650/5280/574 3638/5263/562
f 3638/5263/562 3650/5280/574 3651/5281/575 3639/5264/563
f 3639/5265/563 3651/5282/575 3652/5283/576 3640/5266/564
f 3640/5266/564 3652/5283/576 3653/5284/577 3641/5267/565
f 3641/5267/565 3653/5284/577 3654/5285/578 3642/5268/566
f 3642/5269/566 3654/5286/578 3655/5287/579 3643/5270/567
f 3643/5270/567 3655/5287/579 3656/5288/580 3644/5271/568
f 3644/5271/568 3656/5288/580 3657/5289/581 3645/5272/569
f 3645/5274/569 3657/5290/581 3658/5291/582 3646/5275/570
f 3646/5275/570 3658/5291/582 3659/5292/583 3647/5276/571
f 3647/5276/571 3659/5292/583 3660/5293/584 3648/5277/808
f 3648/5278/808 3660/5294/584 3649/5279/573 3637/5262/561
f 3649/5279/573 3661/5295/585 3662/5296/586 3650/5280/574
f 3650/5280/574 3662/5296/586 3663/5297/587 3651/5281/575
f 3651/5282/575 3663/5298/587 3664/5299/588 3652/5283/576
f 3652/5283/576 3664/5299/588 3665/5300/589 3653/5284/577
f 3653/5284/577 3665/5300/589 3666/5301/590 3654/5285/578
f 3654/5286/578 3666/5302/590 3667/5303/591 3655/5287/579
f 3655/5287/579 3667/5303/591 3668/5304/592 3656/5288/580
f 3656/5288/580 3668/5304/592 3669/5305/593 3657/5289/581
f 3657/5290/581 3669/5306/593 3670/5307/594 3658/5291/582
f 3658/5291/582 3670/5307/594 3671/5308/595 3659/5292/583
f 3659/5292/583 3671/5308/595 3672/5309/596 3660/5293/584
f 3660/5294/584 3672/5310/596 3661/5295/585 3649/5279/573
f 3661/5295/585 3673/5311/597 3674/5312/598 3662/5296/586
f 3662/5296/586 3674/5312/598 3675/5313/599 3663/5297/587
f 3663/5298/587 3675/5314/599 3676/5315/600 3664/5299/588
f 3664/5299/588 3676/5315/600 3677/5316/601 3665/5300/589
f 3665/5300/589 3677/5316/601 3678/5317/602 3666/5301/590
f 3666/5302/590 3678/5318/602 3679/5319/603 3667/5303/591
f 3667/5303/591 3679/5319/603 3680/5320/604 3668/5304/592
f 3668/5304/592 3680/5320/604 3681/5321/605 3669/5305/593
f 3669/5306/593 3681/5322/605 3682/5323/606 3670/5307/594
f 3670/5307/594 3682/5323/606 3683/5324/607 3671/5308/595
f 3671/5308/595 3683/5324/607 3684/5325/608 3672/5309/596
f 3672/5310/596 3684/5326/608 3673/5311/597 3661/5295/585
f 3673/5311/597 3685/5327/609 3686/5328/610 3674/5312/598
f 3674/5312/598 3686/5328/610 3687/5329/611 3675/5313/599
f 3675/5314/599 3687/5330/611 3688/5331/612 3676/5315/600
f 3676/5315/600 3688/5331/612 3689/5332/613 3677/5316/601
f 3677/5316/601 3689/5332/613 3690/5333/811 3678/5317/602
f 3678/5318/602 3690/5334/811 3691/5335/615 3679/5319/603
f 3679/5319/603 3691/5335/615 3692/5336/616 3680/5320/604
f 3680/5320/604 3692/5336/616 3693/5337/617 3681/5321/605
f 3681/5322/605 3693/5338/617 3694/5339/618 3682/5323/606
f 3682/5323/606 3694/5339/618 3695/5340/619 3683/5324/607
f 3683/5324/607 3695/5340/619 3696/5341/620 3684/5325/608
f 3684/5326/608 3696/5342/620 3685/5327/609 3673/5311/597
f 3685/5327/609 3697/5343/621 3698/5344/622 3686/5328/610
f 3686/5328/610 3698/5344/622 3699/5345/623 3687/5329/611
f 3687/5330/611 3699/5346/623 3700/5347/624 3688/5331/612
f 3688/5331/612 3700/5347/624 3701/5348/625 3689/5332/613
f 3689/5332/613 3701/5348/625 3702/5349/626 3690/5333/811
f 3690/5334/811 3702/5350/626 3703/5351/842 3691/5335/615
f 3691/5335/615 3703/5351/842 3704/5352/628 3692/5336/616
f 3692/5353/616 3704/5354/628 3705/5355/629 3693/5356/617
f 3693/5338/617 3705/5357/629 3706/5358/630 3694/5339/618
f 3694/5339/618 3706/5358/630 3707/5359/631 3695/5340/619
f 3695/5340/619 3707/5359/631 3708/5360/632 3696/5341/620
f 3696/5342/620 3708/5361/632 3697/5343/621 3685/5327/609
f 3697/5362/621 3709/5363/633 3710/5364/634 3698/5365/622
f 3698/5365/622 3710/5364/634 3711/5366/635 3699/5367/623
f 3699/5346/623 3711/5368/635 3712/5369/636 3700/5347/624
f 3700/5347/624 3712/5369/636 3713/5370/637 3701/5348/625
f 3701/5348/625 3713/5370/637 3714/5371/638 3702/5349/626
f 3702/5372/626 3714/5373/638 3715/5374/639 3703/5375/842
f 3703/5375/842 3715/5374/639 3716/5376/640 3704/5354/628
f 3704/5354/628 3716/5376/640 3717/5377/641 3705/5355/629
f 3705/5357/629 3717/5378/641 3718/5379/642 3706/5358/630
f 3706/5358/630 3718/5379/642 3719/5380/643 3707/5359/631
f 3707/5359/631 3719/5380/643 3720/5381/644 3708/5360/632
f 3708/5382/632 3720/5383/644 3709/5363/633 3697/5362/621
f 3709/5363/633 3721/5384/645 3722/5385/646 3710/5364/634
f 3710/5364/634 3722/5385/646 3723/5386/647 3711/5366/635
f 3711/5368/635 3723/5387/647 3724/5388/648 3712/5369/636
f 3712/5369/636 3724/5388/648 3725/5389/649 3713/5370/637
f 3713/5370/637 3725/5389/649 3726/5390/812 3714/5371/638
f 3714/5373/638 3726/5391/812 3727/5392/651 3715/5374/639
f 3715/5374/639 3727/5392/651 3728/5393/652 3716/5376/640
f 3716/5376/640 3728/5393/652 3729/5394/653 3717/5377/641
f 3717/5378/641 3729/5395/653 3730/5396/654 3718/5379/642
f 3718/5379/642 3730/5396/654 3731/5397/655 3719/5380/643
f 3719/5380/643 3731/5397/655 3732/5398/656 3720/5381/644
f 3720/5383/644 3732/5399/656 3721/5384/645 3709/5363/633
f 3721/5384/645 3733/5400/814 3734/5401/658 3722/5385/646
f 3722/5385/646 3734/5401/658 3735/5402/659 3723/5386/647
f 3723/5387/647 3735/5403/659 3736/5404/660 3724/5388/648
f 3724/5388/648 3736/5404/660 3737/5405/661 3725/5389/649
f 3725/5389/649 3737/5405/661 3738/5406/662 3726/5390/812
f 3726/5391/812 3738/5407/662 3739/5408/663 3727/5392/651
f 3727/5392/651 3739/5408/663 3740/5409/664 3728/5393/652
f 3728/5393/652 3740/5409/664 3741/5410/665 3729/5394/653
f 3729/5395/653 3741/5411/665 3742/5412/666 3730/5396/654
f 3730/5396/654 3742/5412/666 3743/5413/667 3731/5397/655
f 3731/5397/655 3743/5413/667 3744/5414/668 3732/5398/656
f 3732/5399/656 3744/5415/668 3733/5400/814 3721/5384/645
f 3733/5400/814 3745/5416/103 3746/5417/669 3734/5401/658
f 3734/5401/658 3746/5417/669 3747/5418/670 3735/5402/659
f 3735/5403/659 3747/5419/670 3748/5420/671 3736/5404/660
f 3736/5404/660 3748/5420/671 3749/5421/672 3737/5405/661
f 3737/5405/661 3749/5421/672 3750/5422/673 3738/5406/662
f 3738/5407/662 3750/5423/673 3751/5424/97 3739/5408/663
f 3739/5408/663 3751/5424/97 3752/5425/674 3740/5409/664
f 3740/5409/664 3752/5425/674 3753/5426/675 3741/5410/665
f 3741/5411/665 3753/5427/675 3754/5428/676 3742/5412/666
f 3742/5412/666 3754/5428/676 3755/5429/677 3743/5413/667
f 3743/5413/667 3755/5429/677 3756/5430/678 3744/5414/668
f 3744/5415/668 3756/5431/678 3745/5416/103 3733/5400/814
f 3745/5416/103 3757/5432/679 3758/5433/680 3746/5417/669
f 3746/5417/669 3758/5433/680 3759/5434/681 3747/5418/670
f 3747/5419/670 3759/5435/681 3760/5436/846 3748/5420/671
f 3748/5420/671 3760/5436/846 3761/5437/683 3749/5421/672
f 3749/5421/672 3761/5437/683 3762/5438/684 3750/5422/673
f 3750/5423/673 3762/5439/684 3763/5440/685 3751/5424/97
f 3751/5424/97 3763/5440/685 3764/5441/816 3752/5425/674
f 3752/5425/674 3764/5441/816 3765/5442/687 3753/5426/675
f 3753/5427/675 3765/5443/687 3766/5444/688 3754/5428/676
f 3754/5428/676 3766/5444/688 3767/5445/689 3755/5429/677
f 3755/5429/677 3767/5445/689 3768/5446/690 3756/5430/678
f 3756/5431/678 3768/5447/690 3757/5432/679 3745/5416/103
f 3757/5432/679 3769/5448/691 3770/5449/692 3758/5433/680
f 3758/5433/680 3770/5449/692 3771/5450/693 3759/5434/681
f 3759/5435/681 3771/5451/693 3772/5452/874 3760/5436/846
f 3760/5436/846 3772/5452/874 3773/5453/695 3761/5437/683
f 3761/5437/683 3773/5453/695 3774/5454/696 3762/5438/684
f 3762/5439/684 3774/5455/696 3775/5456/697 3763/5440/685
f 3763/5440/685 3775/5456/697 3776/5457/698 3764/5441/816
f 3764/5441/816 3776/5457/698 3777/5458/699 3765/5442/687
f 3765/5443/687 3777/5459/699 3778/5460/700 3766/5444/688
f 3766/5444/688 3778/5460/700 3779/5461/701 3767/5445/689
f 3767/5445/689 3779/5461/701 3780/5462/702 3768/5446/690
f 3768/5447/690 3780/5463/702 3769/5448/691 3757/5432/679
f 3769/5448/691 3781/5464/703 3782/5465/704 3770/5449/692
f 3770/5449/692 3782/5465/704 3783/5466/705 3771/5450/693
f 3771/5451/693 3783/5467/705 3784/5468/818 3772/5452/874
f 3772/5452/874 3784/5468/818 3785/5469/707 3773/5453/695
f 3773/5453/695 3785/5469/707 3786/5470/708 3774/5454/696
f 3774/5455/696 3786/5471/708 3787/5472/709 3775/5456/697
f 3775/5456/697 3787/5472/709 3788/5473/710 3776/5457/698
f 3776/5457/698 3788/5473/710 3789/5474/711 3777/5458/699
f 3777/5459/699 3789/5475/711 3790/5476/712 3778/5460/700
f 3778/5460/700 3790/5476/712 3791/5477/713 3779/5461/701
f 3779/5461/701 3791/5477/713 3792/5478/714 3780/5462/702
f 3780/5463/702 3792/5479/714 3781/5464/703 3769/5448/691
f 3781/5464/703 3793/5480/715 3794/5481/716 3782/5465/704
f 3782/5465/704 3794/5481/716 3795/5482/717 3783/5466/705
f 3783/5467/705 3795/5483/717 3796/5484/718 3784/5468/818
f 3784/5468/818 3796/5484/718 3797/5485/719 3785/5469/707
f 3785/5469/707 3797/5485/719 3798/5486/720 3786/5470/708
f 3786/5487/708 3798/5488/720 3799/5489/721 3787/5490/709
f 3787/5472/709 3799/5491/721 3800/5492/722 3788/5473/710
f 3788/5473/710 3800/5492/722 3801/5493/723 3789/5474/711
f 3789/5475/711 3801/5494/723 3802/5495/724 3790/5476/712
f 3790/5476/712 3802/5495/724 3803/5496/725 3791/5477/713
f 3791/5477/713 3803/5496/725 3804/5497/726 3792/5478/714
f 3792/5498/714 3804/5499/726 3793/5500/715 3781/5501/703
f 3793/5500/715 3805/5502/727 3806/5503/728 3794/5504/716
f 3794/5505/716 3806/5506/728 3807/5507/729 3795/5483/717
f 3795/5483/717 3807/5507/729 3808/5508/730 3796/5484/718
f 3796/5484/718 3808/5508/730 3809/5509/731 3797/5485/719
f 3797/5485/719 3809/5509/731 3810/5510/732 3798/5486/720
f 3798/5488/720 3810/5511/732 3811/5512/733 3799/5489/721
f 3799/5489/721 3811/5512/733 3812/5513/734 3800/5514/722
f 3800/5515/722 3812/5516/734 3813/5517/875 3801/5494/723
f 3801/5494/723 3813/5517/875 3814/5518/736 3802/5495/724
f 3802/5495/724 3814/5518/736 3815/5519/737 3803/5496/725
f 3803/5496/725 3815/5519/737 3816/5520/738 3804/5497/726
f 3804/5499/726 3816/5521/738 3805/5502/727 3793/5500/715
f 3805/5502/727 3817/5522/739 3818/5523/740 3806/5503/728
f 3806/5506/728 3818/5524/740 3819/5525/741 3807/5507/729
f 3807/5507/729 3819/5525/741 3820/5526/742 3808/5508/730
f 3808/5508/730 3820/5526/742 3821/5527/743 3809/5509/731
f 3809/5509/731 3821/5527/743 3822/5528/744 3810/5510/732
f 3810/5511/732 3822/5529/744 3823/5530/745 3811/5512/733
f 3811/5512/733 3823/5530/745 3824/5531/848 3812/5513/734
f 3812/5516/734 3824/5532/848 3825/5533/747 3813/5517/875
f 3813/5517/875 3825/5533/747 3826/5534/748 3814/5518/736
f 3814/5518/736 3826/5534/748 3827/5535/749 3815/5519/737
f 3815/5536/737 3827/5537/749 3828/5538/750 3816/5521/738
f 3816/5521/738 3828/5538/750 3817/5522/739 3805/5502/727
f 3817/5522/739 3829/5539/751 3830/5540/752 3818/5523/740
f 3818/5524/740 3830/5541/752 3831/5542/753 3819/5525/741
f 3819/5525/741 3831/5542/753 3832/5543/754 3820/5526/742
f 3820/5526/742 3832/5543/754 3833/5544/755 3821/5527/743
f 3821/5545/743 3833/5546/755 3834/5547/756 3822/5529/744
f 3822/5529/744 3834/5547/756 3835/5548/757 3823/5530/745
f 3823/5530/745 3835/5548/757 3836/5549/758 3824/5531/848
f 3824/5532/848 3836/5550/758 3837/5551/759 3825/5533/747
f 3825/5533/747 3837/5551/759 3838/5552/760 3826/5534/748
f 3826/5534/748 3838/5552/760 3839/5553/761 3827/5535/749
f 3827/5537/749 3839/5554/761 3840/5555/762 3828/5538/750
f 3828/5538/750 3840/5555/762 3829/5539/751 3817/5522/739
f 3829/5539/751 3457/5001/383 3458/5004/386 3830/5540/752
f 3830/5541/752 3458/5005/386 3459/5008/388 3831/5542/753
f 3831/5542/753 3459/5008/388 3460/5010/390 3832/5543/754
f 3832/5543/754 3460/5010/390 3461/5012/392 3833/5544/755
f 3833/5546/755 3461/5013/392 3462/5016/394 3834/5547/756
f 3834/5547/756 3462/5016/394 3463/5018/396 3835/5548/757
f 3835/5548/757 3463/5018/396 3464/5020/398 3836/5549/758
f 3836/5550/758 3464/5021/398 3465/5024/400 3837/5551/759
f 3837/5551/759 3465/5024/400 3466/5026/402 3838/5552/760
f 3838/5552/760 3466/5026/402 3467/5028/404 3839/5553/761
f 3839/5554/761 3467/5029/404 3468/5032/406 3840/5555/762
f 3840/5555/762 3468/5032/406 3457/5001/383 3829/5539/751
f 3841/5556/1 3853/5557/2 3854/5558/3 3842/5559/4
f 3842/5560/4 3854/5561/3 3855/5562/5 3843/5563/6
f 3843/5563/6 3855/5562/5 3856/5564/7 3844/5565/8
f 3844/5565/8 3856/5564/7 3857/5566/9 3845/5567/850
f 3845/5568/850 3857/5569/9 3858/5570/11 3846/5571/12
f 3846/5571/12 3858/5570/11 3859/5572/13 3847/5573/14
f 3847/5573/14 3859/5572/13 3860/5574/15 3848/5575/16
f 3848/5576/16 3860/5577/15 3861/5578/17 3849/5579/18
f 3849/5579/18 3861/5578/17 3862/5580/19 3850/5581/20
f 3850/5581/20 3862/5580/19 3863/5582/21 3851/5583/22
f 3851/5584/22 3863/5585/21 3864/5586/23 3852/5587/24
f 3852/5587/24 3864/5586/23 3853/5557/2 3841/5556/1
f 3853/5557/2 3865/5588/25 3866/5589/26 3854/5558/3
f 3854/5561/3 3866/5590/26 3867/5591/27 3855/5562/5
f 3855/5562/5 3867/5591/27 3868/5592/28 3856/5564/7
f 3856/5564/7 3868/5592/28 3869/5593/29 3857/5566/9
f 3857/5569/9 3869/5594/29 3870/5595/30 3858/5570/11
f 3858/5570/11 3870/5595/30 3871/5596/31 3859/5572/13
f 3859/5572/13 3871/5596/31 3872/5597/32 3860/5574/15
f 3860/5577/15 3872/5598/32 3873/5599/33 3861/5578/17
f 3861/5578/17 3873/5599/33 3874/5600/34 3862/5580/19
f 3862/5580/19 3874/5600/34 3875/5601/35 3863/5582/21
f 3863/5585/21 3875/5602/35 3876/5603/36 3864/5586/23
f 3864/5586/23 3876/5603/36 3865/5588/25 3853/5557/2
f 3865/5588/25 3877/5604/37 3878/5605/38 3866/5589/26
f 3866/5590/26 3878/5606/38 3879/5607/39 3867/5591/27
f 3867/5591/27 3879/5607/39 3880/5608/40 3868/5592/28
f 3868/5592/28 3880/5608/40 3881/5609/41 3869/5593/29
f 3869/5593/29 3881/5609/41 3882/5610/42 3870/5611/30
f 3870/5595/30 3882/5612/42 3883/5613/43 3871/5596/31
f 3871/5596/31 3883/5613/43 3884/5614/765 3872/5597/32
f 3872/5598/32 3884/5615/765 3885/5616/45 3873/5599/33
f 3873/5599/33 3885/5616/45 3886/5617/46 3874/5600/34
f 3874/5600/34 3886/5617/46 3887/5618/47 3875/5601/35
f 3875/5602/35 3887/5619/47 3888/5620/48 3876/5603/36
f 3876/5603/36 3888/5620/48 3877/5604/37 3865/5588/25
f 3877/5621/37 3889/5622/49 3890/5623/50 3878/5624/38
f 3878/5606/38 3890/5625/50 3891/5626/51 3879/5607/39
f 3879/5607/39 3891/5626/51 3892/5627/52 3880/5608/40
f 3880/5608/40 3892/5627/52 3893/5628/53 3881/5609/41
f 3881/5609/41 3893/5628/53 3894/5629/54 3882/5610/42
f 3882/5630/42 3894/5631/54 3895/5632/55 3883/5633/43
f 3883/5633/43 3895/5632/55 3896/5634/56 3884/5635/765
f 3884/5615/765 3896/5636/56 3897/5637/766 3885/5616/45
f 3885/5616/45 3897/5637/766 3898/5638/58 3886/5617/46
f 3886/5617/46 3898/5638/58 3899/5639/59 3887/5618/47
f 3887/5618/47 3899/5639/59 3900/5640/60 3888/5641/48
f 3888/5642/48 3900/5643/60 3889/5622/49 3877/5621/37
f 3889/5622/49 3901/5644/767 3902/5645/62 3890/5623/50
f 3890/5625/50 3902/5646/62 3903/5647/63 3891/5626/51
f 3891/5626/51 3903/5647/63 3904/5648/64 3892/5627/52
f 3892/5627/52 3904/5648/64 3905/5649/768 3893/5628/53
f 3893/5628/53 3905/5649/768 3906/5650/66 3894/5629/54
f 3894/5631/54 3906/5651/66 3907/5652/67 3895/5632/55
f 3895/5632/55 3907/5652/67 3908/5653/823 3896/5634/56
f 3896/5636/56 3908/5654/823 3909/5655/69 3897/5637/766
f 3897/5637/766 3909/5655/69 3910/5656/70 3898/5638/58
f 3898/5638/58 3910/5656/70 3911/5657/71 3899/5639/59
f 3899/5639/59 3911/5657/71 3912/5658/72 3900/5640/60
f 3900/5643/60 3912/5659/72 3901/5644/767 3889/5622/49
f 3901/5644/767 3913/5660/73 3914/5661/74 3902/5645/62
f 3902/5645/62 3914/5661/74 3915/5662/75 3903/5663/63
f 3903/5647/63 3915/5664/75 3916/5665/76 3904/5648/64
f 3904/5648/64 3916/5665/76 3917/5666/77 3905/5649/768
f 3905/5649/768 3917/5666/77 3918/5667/78 3906/5650/66
f 3906/5651/66 3918/5668/78 3919/5669/79 3907/5652/67
f 3907/5652/67 3919/5669/79 3920/5670/80 3908/5653/823
f 3908/5654/823 3920/5671/80 3921/5672/81 3909/5655/69
f 3909/5655/69 3921/5672/81 3922/5673/82 3910/5656/70
f 3910/5656/70 3922/5673/82 3923/5674/83 3911/5657/71
f 3911/5675/71 3923/5676/83 3924/5677/770 3912/5659/72
f 3912/5659/72 3924/5677/770 3913/5660/73 3901/5644/767
f 3913/5660/73 3925/5678/85 3926/5679/86 3914/5661/74
f 3914/5661/74 3926/5679/86 3927/5680/87 3915/5662/75
f 3915/5664/75 3927/5681/87 3928/5682/88 3916/5665/76
f 3916/5665/76 3928/5682/88 3929/5683/89 3917/5666/77
f 3917/5666/77 3929/5683/89 3930/5684/771 3918/5667/78
f 3918/5668/78 3930/5685/771 3931/5686/91 3919/5669/79
f 3919/5669/79 3931/5686/91 3932/5687/92 3920/5670/80
f 3920/5671/80 3932/5688/92 3933/5689/93 3921/5672/81
f 3921/5672/81 3933/5689/93 3934/5690/94 3922/5673/82
f 3922/5673/82 3934/5690/94 3935/5691/95 3923/5674/83
f 3923/5676/83 3935/5692/95 3936/5693/96 3924/5677/770
f 3924/5677/770 3936/5693/96 3925/5678/85 3913/5660/73
f 3925/5678/85 3937/5694/97 3938/5695/98 3926/5679/86
f 3926/5679/86 3938/5695/98 3939/5696/99 3927/5680/87
f 3927/5681/87 3939/5697/99 3940/5698/100 3928/5682/88
f 3928/5682/88 3940/5698/100 3941/5699/101 3929/5683/89
f 3929/5683/89 3941/5699/101 3942/5700/102 3930/5684/771
f 3930/5685/771 3942/5701/102 3943/5702/103 3931/5686/91
f 3931/5686/91 3943/5702/103 3944/5703/104 3932/5687/92
f 3932/5687/92 3944/5703/104 3945/5704/105 3933/5705/93
f 3933/5689/93 3945/5706/105 3946/5707/774 3934/5690/94
f 3934/5690/94 3946/5707/774 3947/5708/107 3935/5691/95
f 3935/5691/95 3947/5708/107 3948/5709/108 3936/5710/96
f 3936/5693/96 3948/5711/108 3937/5694/97 3925/5678/85
f 3937/5694/97 3949/5712/109 3950/5713/110 3938/5695/98
f 3938/5695/98 3950/5713/110 3951/5714/111 3939/5696/99
f 3939/5697/99 3951/5715/111 3952/5716/112 3940/5698/100
f 3940/5698/100 3952/5716/112 3953/5717/113 3941/5699/101
f 3941/5699/101 3953/5717/113 3954/5718/114 3942/5700/102
f 3942/5701/102 3954/5719/114 3955/5720/115 3943/5702/103
f 3943/5702/103 3955/5720/115 3956/5721/116 3944/5703/104
f 3944/5722/104 3956/5723/116 3957/5724/117 3945/5706/105
f 3945/5706/105 3957/5724/117 3958/5725/118 3946/5707/774
f 3946/5707/774 3958/5725/118 3959/5726/119 3947/5708/107
f 3947/5708/107 3959/5726/119 3960/5727/120 3948/5709/108
f 3948/5711/108 3960/5728/120 3949/5712/109 3937/5694/97
f 3949/5712/109 3961/5729/121 3962/5730/122 3950/5713/110
f 3950/5731/110 3962/5732/122 3963/5733/123 3951/5715/111
f 3951/5715/111 3963/5733/123 3964/5734/124 3952/5716/112
f 3952/5716/112 3964/5734/124 3965/5735/125 3953/5717/113
f 3953/5717/113 3965/5735/125 3966/5736/126 3954/5718/114
f 3954/5719/114 3966/5737/126 3967/5738/127 3955/5720/115
f 3955/5720/115 3967/5738/127 3968/5739/128 3956/5721/116
f 3956/5723/116 3968/5740/128 3969/5741/129 3957/5724/117
f 3957/5724/117 3969/5741/129 3970/5742/130 3958/5725/118
f 3958/5725/118 3970/5742/130 3971/5743/131 3959/5726/119
f 3959/5726/119 3971/5743/131 3972/5744/132 3960/5727/120
f 3960/5728/120 3972/5745/132 3961/5729/121 3949/5712/109
f 3961/5729/121 3973/5746/133 3974/5747/134 3962/5730/122
f 3962/5732/122 3974/5748/134 3975/5749/135 3963/5733/123
f 3963/5733/123 3975/5749/135 3976/5750/136 3964/5734/124
f 3964/5734/124 3976/5750/136 3977/5751/137 3965/5735/125
f 3965/5735/125 3977/5751/137 3978/5752/138 3966/5736/126
f 3966/5737/126 3978/5753/138 3979/5754/852 3967/5738/127
f 3967/5738/127 3979/5754/852 3980/5755/140 3968/5739/128
f 3968/5740/128 3980/5756/140 3981/5757/141 3969/5741/129
f 3969/5741/129 3981/5757/141 3982/5758/142 3970/5742/130
f 3970/5742/130 3982/5758/142 3983/5759/143 3971/5743/131
f 3971/5743/131 3983/5759/143 3984/5760/144 3972/5744/132
f 3972/5745/132 3984/5761/144 3973/5746/133 3961/5729/121
f 3973/5762/133 3985/5763/145 3986/5764/146 3974/5765/134
f 3974/5748/134 3986/5766/146 3987/5767/147 3975/5749/135
f 3975/5749/135 3987/5767/147 3988/5768/148 3976/5750/136
f 3976/5750/136 3988/5768/148 3989/5769/149 3977/5751/137
f 3977/5751/137 3989/5769/149 3990/5770/150 3978/5752/138
f 3978/5771/138 3990/5772/150 3991/5773/151 3979/5774/852
f 3979/5774/852 3991/5773/151 3992/5775/152 3980/5776/140
f 3980/5756/140 3992/5777/152 3993/5778/778 3981/5757/141
f 3981/5757/141 3993/5778/778 3994/5779/154 3982/5758/142
f 3982/5758/142 3994/5779/154 3995/5780/155 3983/5759/143
f 3983/5759/143 3995/5780/155 3996/5781/156 3984/5760/144
f 3984/5782/144 3996/5783/156 3985/5763/145 3973/5762/133
f 3985/5763/145 3997/5784/157 3998/5785/158 3986/5764/146
f 3986/5764/146 3998/5785/158 3999/5786/159 3987/5787/147
f 3987/5767/147 3999/5788/159 4000/5789/160 3988/5768/148
f 3988/5768/148 4000/5789/160 4001/5790/161 3989/5769/149
f 3989/5769/149 4001/5790/161 4002/5791/779 3990/5770/150
f 3990/5772/150 4002/5792/779 4003/5793/163 3991/5773/151
f 3991/5773/151 4003/5793/163 4004/5794/164 3992/5775/152
f 3992/5777/152 4004/5795/164 4005/5796/165 3993/5778/778
f 3993/5778/778 4005/5796/165 4006/5797/166 3994/5779/154
f 3994/5779/154 4006/5797/166 4007/5798/167 3995/5780/155
f 3995/5780/155 4007/5798/167 4008/5799/168 3996/5781/156
f 3996/5783/156 4008/5800/168 3997/5784/157 3985/5763/145
f 3997/5784/157 4009/5801/169 4010/5802/170 3998/5785/158
f 3998/5785/158 4010/5802/170 4011/5803/171 3999/5786/159
f 3999/5788/159 4011/5804/171 4012/5805/172 4000/5789/160
f 4000/5789/160 4012/5805/172 4013/5806/173 4001/5790/161
f 4001/5790/161 4013/5806/173 4014/5807/174 4002/5791/779
f 4002/5792/779 4014/5808/174 4015/5809/175 4003/5793/163
f 4003/5793/163 4015/5809/175 4016/5810/176 4004/5794/164
f 4004/5794/164 4016/5810/176 4017/5811/177 4005/5812/165
f 4005/5796/165 4017/5813/177 4018/5814/178 4006/5797/166
f 4006/5797/166 4018/5814/178 4019/5815/179 4007/5798/167
f 4007/5798/167 4019/5815/179 4020/5816/180 4008/5799/168
f 4008/5800/168 4020/5817/180 4009/5801/169 3997/5784/157
f 4009/5801/169 4021/5818/181 4022/5819/182 4010/5802/170
f 4010/5802/170 4022/5819/182 4023/5820/183 4011/5803/171
f 4011/5804/171 4023/5821/183 4024/5822/184 4012/5805/172
f 4012/5805/172 4024/5822/184 4025/5823/185 4013/5806/173
f 4013/5806/173 4025/5823/185 4026/5824/186 4014/5807/174
f 4014/5808/174 4026/5825/186 4027/5826/187 4015/5809/175
f 4015/5809/175 4027/5826/187 4028/5827/188 4016/5810/176
f 4016/5810/176 4028/5827/188 4029/5828/189 4017/5811/177
f 4017/5813/177 4029/5829/189 4030/5830/190 4018/5814/178
f 4018/5814/178 4030/5830/190 4031/5831/191 4019/5815/179
f 4019/5815/179 4031/5831/191 4032/5832/192 4020/5816/180
f 4020/5817/180 4032/5833/192 4021/5818/181 4009/5801/169
f 4021/5818/181 4033/5834/193 4034/5835/194 4022/5819/182
f 4022/5819/182 4034/5835/194 4035/5836/195 4023/5820/183
f 4023/5821/183 4035/5837/195 4036/5838/196 4024/5822/184
f 4024/5822/184 4036/5838/196 4037/5839/197 4025/5823/185
f 4025/5823/185 4037/5839/197 4038/5840/198 4026/5824/186
f 4026/5825/186 4038/5841/198 4039/5842/199 4027/5826/187
f 4027/5826/187 4039/5842/199 4040/5843/200 4028/5827/188
f 4028/5827/188 4040/5843/200 4041/5844/201 4029/5828/189
f 4029/5829/189 4041/5845/201 4042/5846/202 4030/5830/190
f 4030/5830/190 4042/5846/202 4043/5847/203 4031/5831/191
f 4031/5831/191 4043/5847/203 4044/5848/204 4032/5832/192
f 4032/5833/192 4044/5849/204 4033/5834/193 4021/5818/181
f 4033/5834/193 4045/5850/205 4046/5851/206 4034/5835/194
f 4034/5835/194 4046/5851/206 4047/5852/207 4035/5836/195
f 4035/5837/195 4047/5853/207 4048/5854/208 4036/5838/196
f 4036/5838/196 4048/5854/208 4049/5855/209 4037/5839/197
f 4037/5839/197 4049/5855/209 4050/5856/210 4038/5840/198
f 4038/5841/198 4050/5857/210 4051/5858/211 4039/5842/199
f 4039/5842/199 4051/5858/211 4052/5859/212 4040/5843/200
f 4040/5843/200 4052/5859/212 4053/5860/213 4041/5844/201
f 4041/5845/201 4053/5861/213 4054/5862/214 4042/5846/202
f 4042/5846/202 4054/5862/214 4055/5863/215 4043/5847/203
f 4043/5847/203 4055/5863/215 4056/5864/216 4044/5848/204
f 4044/5849/204 4056/5865/216 4045/5850/205 4033/5834/193
f 4045/5850/205 4057/5866/217 4058/5867/218 4046/5851/206
f 4046/5851/206 4058/5867/218 4059/5868/219 4047/5852/207
f 4047/5853/207 4059/5869/219 4060/5870/220 4048/5854/208
f 4048/5854/208 4060/5870/220 4061/5871/221 4049/5855/209
f 4049/5855/209 4061/5871/221 4062/5872/222 4050/5856/210
f 4050/5857/210 4062/5873/222 4063/5874/223 4051/5858/211
f 4051/5858/211 4063/5874/223 4064/5875/224 4052/5859/212
f 4052/5859/212 4064/5875/224 4065/5876/225 4053/5860/213
f 4053/5861/213 4065/5877/225 4066/5878/226 4054/5862/214
f 4054/5862/214 4066/5878/226 4067/5879/227 4055/5863/215
f 4055/5863/215 4067/5879/227 4068/5880/228 4056/5864/216
f 4056/5865/216 4068/5881/228 4057/5866/217 4045/5850/205
f 4057/5866/217 4069/5882/229 4070/5883/230 4058/5867/218
f 4058/5867/218 4070/5883/230 4071/5884/231 4059/5868/219
f 4059/5869/219 4071/5885/231 4072/5886/232 4060/5870/220
f 4060/5870/220 4072/5886/232 4073/5887/233 4061/5871/221
f 4061/5871/221 4073/5887/233 4074/5888/234 4062/5872/222
f 4062/5873/222 4074/5889/234 4075/5890/235 4063/5874/223
f 4063/5874/223 4075/5890/235 4076/5891/236 4064/5875/224
f 4064/5892/224 4076/5893/236 4077/5894/237 4065/5877/225
f 4065/5877/225 4077/5894/237 4078/5895/238 4066/5878/226
f 4066/5878/226 4078/5895/238 4079/5896/239 4067/5879/227
f 4067/5879/227 4079/5896/239 4080/5897/240 4068/5880/228
f 4068/5881/228 4080/5898/240 4069/5882/229 4057/5866/217
f 4069/5899/229 4081/5900/241 4082/5901/242 4070/5902/230
f 4070/5903/230 4082/5904/242 4083/5905/243 4071/5885/231
f 4071/5885/231 4083/5905/243 4084/5906/244 4072/5886/232
f 4072/5886/232 4084/5906/244 4085/5907/245 4073/5887/233
f 4073/5887/233 4085/5907/245 4086/5908/246 4074/5888/234
f 4074/5909/234 4086/5910/246 4087/5911/247 4075/5912/235
f 4075/5912/235 4087/5911/247 4088/5913/248 4076/5914/236
f 4076/5893/236 4088/5915/248 4089/5916/249 4077/5894/237
f 4077/5894/237 4089/5916/249 4090/5917/250 4078/5895/238
f 4078/5895/238 4090/5917/250 4091/5918/251 4079/5896/239
f 4079/5896/239 4091/5918/251 4092/5919/252 4080/5897/240
f 4080/5920/240 4092/5921/252 4081/5900/241 4069/5899/229
f 4081/5900/241 4093/5922/826 4094/5923/254 4082/5901/242
f 4082/5904/242 4094/5924/254 4095/5925/255 4083/5905/243
f 4083/5905/243 4095/5925/255 4096/5926/856 4084/5906/244
f 4084/5906/244 4096/5926/856 4097/5927/257 4085/5907/245
f 4085/5907/245 4097/5927/257 4098/5928/258 4086/5908/246
f 4086/5910/246 4098/5929/258 4099/5930/259 4087/5911/247
f 4087/5911/247 4099/5930/259 4100/5931/260 4088/5913/248
f 4088/5915/248 4100/5932/260 4101/5933/261 4089/5916/249
f 4089/5916/249 4101/5933/261 4102/5934/262 4090/5917/250
f 4090/5917/250 4102/5934/262 4103/5935/263 4091/5918/251
f 4091/5918/251 4103/5935/263 4104/5936/264 4092/5919/252
f 4092/5921/252 4104/5937/264 4093/5922/826 4081/5900/241
f 4093/5922/826 4105/5938/265 4106/5939/266 4094/5923/254
f 4094/5923/254 4106/5939/266 4107/5940/267 4095/5941/255
f 4095/5925/255 4107/5942/267 4108/5943/268 4096/5926/856
f 4096/5926/856 4108/5943/268 4109/5944/269 4097/5927/257
f 4097/5927/257 4109/5944/269 4110/5945/270 4098/5928/258
f 4098/5929/258 4110/5946/270 4111/5947/787 4099/5930/259
f 4099/5930/259 4111/5947/787 4112/5948/876 4100/5931/260
f 4100/5932/260 4112/5949/876 4113/5950/273 4101/5933/261
f 4101/5933/261 4113/5950/273 4114/5951/274 4102/5934/262
f 4102/5934/262 4114/5951/274 4115/5952/275 4103/5935/263
f 4103/5935/263 4115/5952/275 4116/5953/276 4104/5936/264
f 4104/5937/264 4116/5954/276 4105/5938/265 4093/5922/826
f 4105/5938/265 4117/5955/277 4118/5956/278 4106/5939/266
f 4106/5939/266 4118/5956/278 4119/5957/279 4107/5940/267
f 4107/5942/267 4119/5958/279 4120/5959/280 4108/5943/268
f 4108/5943/268 4120/5959/280 4121/5960/281 4109/5944/269
f 4109/5961/269 4121/5962/281 4122/5963/282 4110/5946/270
f 4110/5946/270 4122/5963/282 4123/5964/283 4111/5947/787
f 4111/5947/787 4123/5964/283 4124/5965/284 4112/5948/876
f 4112/5949/876 4124/5966/284 4125/5967/285 4113/5950/273
f 4113/5950/273 4125/5967/285 4126/5968/286 4114/5951/274
f 4114/5951/274 4126/5968/286 4127/5969/287 4115/5952/275
f 4115/5970/275 4127/5971/287 4128/5972/288 4116/5954/276
f 4116/5954/276 4128/5972/288 4117/5955/277 4105/5938/265
f 4117/5955/277 4129/5973/103 4130/5974/289 4118/5956/278
f 4118/5975/278 4130/5976/289 4131/5977/290 4119/5958/279
f 4119/5958/279 4131/5977/290 4132/5978/291 4120/5959/280
f 4120/5959/280 4132/5978/291 4133/5979/292 4121/5960/281
f 4121/5962/281 4133/5980/292 4134/5981/293 4122/5963/282
f 4122/5963/282 4134/5981/293 4135/5982/97 4123/5964/283
f 4123/5964/283 4135/5982/97 4136/5983/294 4124/5965/284
f 4124/5966/284 4136/5984/294 4137/5985/295 4125/5967/285
f 4125/5967/285 4137/5985/295 4138/5986/296 4126/5968/286
f 4126/5968/286 4138/5986/296 4139/5987/297 4127/5969/287
f 4127/5971/287 4139/5988/297 4140/5989/298 4128/5972/288
f 4128/5972/288 4140/5989/298 4129/5973/103 4117/5955/277
f 4129/5973/103 4141/5990/299 4142/5991/789 4130/5974/289
f 4130/5976/289 4142/5992/789 4143/5993/301 4131/5977/290
f 4131/5977/290 4143/5993/301 4144/5994/302 4132/5978/291
f 4132/5978/291 4144/5994/302 4145/5995/303 4133/5979/292
f 4133/5979/292 4145/5995/303 4146/5996/304 4134/5997/293
f 4134/5981/293 4146/5998/304 4147/5999/305 4135/5982/97
f 4135/5982/97 4147/5999/305 4148/6000/306 4136/5983/294
f 4136/5984/294 4148/6001/306 4149/6002/307 4137/5985/295
f 4137/5985/295 4149/6002/307 4150/6003/308 4138/5986/296
f 4138/5986/296 4150/6003/308 4151/6004/309 4139/5987/297
f 4139/5988/297 4151/6005/309 4152/6006/310 4140/5989/298
f 4140/5989/298 4152/6006/310 4141/5990/299 4129/5973/103
f 4141/5990/299 4153/6007/857 4154/6008/312 4142/5991/789
f 4142/5992/789 4154/6009/312 4155/6010/313 4143/5993/301
f 4143/5993/301 4155/6010/313 4156/6011/314 4144/5994/302
f 4144/5994/302 4156/6011/314 4157/6012/315 4145/5995/303
f 4145/5995/303 4157/6012/315 4158/6013/316 4146/5996/304
f 4146/5998/304 4158/6014/316 4159/6015/317 4147/5999/305
f 4147/5999/305 4159/6015/317 4160/6016/318 4148/6000/306
f 4148/6001/306 4160/6017/318 4161/6018/319 4149/6002/307
f 4149/6002/307 4161/6018/319 4162/6019/320 4150/6003/308
f 4150/6003/308 4162/6019/320 4163/6020/321 4151/6004/309
f 4151/6004/309 4163/6020/321 4164/6021/322 4152/6022/310
f 4152/6006/310 4164/6023/322 4153/6007/857 4141/5990/299
f 4153/6007/857 4165/6024/323 4166/6025/790 4154/6008/312
f 4154/6009/312 4166/6026/790 4167/6027/325 4155/6010/313
f 4155/6010/313 4167/6027/325 4168/6028/326 4156/6011/314
f 4156/6011/314 4168/6028/326 4169/6029/327 4157/6012/315
f 4157/6012/315 4169/6029/327 4170/6030/328 4158/6013/316
f 4158/6014/316 4170/6031/328 4171/6032/329 4159/6015/317
f 4159/6015/317 4171/6032/329 4172/6033/330 4160/6016/318
f 4160/6017/318 4172/6034/330 4173/6035/331 4161/6018/319
f 4161/6018/319 4173/6035/331 4174/6036/332 4162/6019/320
f 4162/6019/320 4174/6036/332 4175/6037/333 4163/6020/321
f 4163/6020/321 4175/6037/333 4176/6038/334 4164/6021/322
f 4164/6023/322 4176/6039/334 4165/6024/323 4153/6007/857
f 4165/6040/323 4177/6041/335 4178/6042/336 4166/6043/790
f 4166/6026/790 4178/6044/336 4179/6045/829 4167/6027/325
f 4167/6027/325 4179/6045/829 4180/6046/338 4168/6028/326
f 4168/6028/326 4180/6046/338 4181/6047/339 4169/6029/327
f 4169/6029/327 4181/6047/339 4182/6048/340 4170/6030/328
f 4170/6049/328 4182/6050/340 4183/6051/341 4171/6052/329
f 4171/6052/329 4183/6051/341 4184/6053/342 4172/6054/330
f 4172/6034/330 4184/6055/342 4185/6056/343 4173/6035/331
f 4173/6035/331 4185/6056/343 4186/6057/344 4174/6036/332
f 4174/6036/332 4186/6057/344 4187/6058/345 4175/6037/333
f 4175/6037/333 4187/6058/345 4188/6059/346 4176/6038/334
f 4176/6060/334 4188/6061/346 4177/6041/335 4165/6040/323
f 4177/6041/335 4189/6062/347 4190/6063/348 4178/6042/336
f 4178/6044/336 4190/6064/348 4191/6065/349 4179/6045/829
f 4179/6045/829 4191/6065/349 4192/6066/350 4180/6046/338
f 4180/6046/338 4192/6066/350 4193/6067/351 4181/6047/339
f 4181/6047/339 4193/6067/351 4194/6068/352 4182/6048/340
f 4182/6050/340 4194/6069/352 4195/6070/353 4183/6051/341
f 4183/6051/341 4195/6070/353 4196/6071/354 4184/6053/342
f 4184/6055/342 4196/6072/354 4197/6073/355 4185/6056/343
f 4185/6056/343 4197/6073/355 4198/6074/356 4186/6057/344
f 4186/6057/344 4198/6074/356 4199/6075/357 4187/6058/345
f 4187/6076/345 4199/6077/357 4200/6078/358 4188/6061/346
f 4188/6061/346 4200/6078/358 4189/6062/347 4177/6041/335
f 4189/6062/347 4201/6079/359 4202/6080/360 4190/6063/348
f 4190/6064/348 4202/6081/360 4203/6082/361 4191/6065/349
f 4191/6065/349 4203/6082/361 4204/6083/362 4192/6066/350
f 4192/6066/350 4204/6083/362 4205/6084/363 4193/6067/351
f 4193/6085/351 4205/6086/363 4206/6087/364 4194/6069/352
f 4194/6069/352 4206/6087/364 4207/6088/365 4195/6070/353
f 4195/6070/353 4207/6088/365 4208/6089/366 4196/6071/354
f 4196/6072/354 4208/6090/366 4209/6091/367 4197/6073/355
f 4197/6073/355 4209/6091/367 4210/6092/368 4198/6074/356
f 4198/6074/356 4210/6092/368 4211/6093/369 4199/6075/357
f 4199/6077/357 4211/6094/369 4212/6095/370 4200/6078/358
f 4200/6078/358 4212/6095/370 4201/6079/359 4189/6062/347
f 4201/6079/359 4213/6096/371 4214/6097/372 4202/6080/360
f 4202/6081/360 4214/6098/372 4215/6099/373 4203/6082/361
f 4203/6082/361 4215/6099/373 4216/6100/374 4204/6083/362
f 4204/6083/362 4216/6100/374 4217/6101/375 4205/6084/363
f 4205/6086/363 4217/6102/375 4218/6103/376 4206/6087/364
f 4206/6087/364 4218/6103/376 4219/6104/377 4207/6088/365
f 4207/6088/365 4219/6104/377 4220/6105/791 4208/6089/366
f 4208/6090/366 4220/6106/791 4221/6107/379 4209/6091/367
f 4209/6091/367 4221/6107/379 4222/6108/380 4210/6092/368
f 4210/6092/368 4222/6108/380 4223/6109/381 4211/6093/369
f 4211/6094/369 4223/6110/381 4224/6111/382 4212/6095/370
f 4212/6095/370 4224/6111/382 4213/6096/371 4201/6079/359
f 4213/6096/371 3841/5556/1 3842/5559/4 4214/6097/372
f 4214/6098/372 3842/5560/4 3843/5563/6 4215/6099/373
f 4215/6099/373 3843/5563/6 3844/5565/8 4216/6100/374
f 4216/6100/374 3844/5565/8 3845/5567/850 4217/6101/375
f 4217/6102/375 3845/5568/850 3846/5571/12 4218/6103/376
f 4218/6103/376 3846/5571/12 3847/5573/14 4219/6104/377
f 4219/6104/377 3847/5573/14 3848/5575/16 4220/6105/791
f 4220/6106/791 3848/5576/16 3849/5579/18 4221/6107/379
f 4221/6107/379 3849/5579/18 3850/5581/20 4222/6108/380
f 4222/6108/380 3850/5581/20 3851/5583/22 4223/6109/381
f 4223/6110/381 3851/5584/22 3852/5587/24 4224/6111/382
f 4224/6111/382 3852/5587/24 3841/5556/1 4213/6096/371
f 4225/6112/383 4237/6113/384 4238/6114/385 4226/6115/386
f 4226/6116/386 4238/6117/385 4239/6118/387 4227/6119/388
f 4227/6119/388 4239/6118/387 4240/6120/389 4228/6121/390
f 4228/6121/390 4240/6120/389 4241/6122/391 4229/6123/392
f 4229/6124/392 4241/6125/391 4242/6126/393 4230/6127/394
f 4230/6127/394 4242/6126/393 4243/6128/395 4231/6129/396
f 4231/6129/396 4243/6128/395 4244/6130/397 4232/6131/398
f 4232/6132/398 4244/6133/397 4245/6134/399 4233/6135/400
f 4233/6135/400 4245/6134/399 4246/6136/401 4234/6137/402
f 4234/6137/402 4246/6136/401 4247/6138/403 4235/6139/404
f 4235/6140/404 4247/6141/403 4248/6142/405 4236/6143/406
f 4236/6143/406 4248/6142/405 4237/6113/384 4225/6112/383
f 4237/6113/384 4249/6144/407 4250/6145/408 4238/6114/385
f 4238/6117/385 4250/6146/408 4251/6147/409 4239/6118/387
f 4239/6118/387 4251/6147/409 4252/6148/410 4240/6120/389
f 4240/6120/389 4252/6148/410 4253/6149/411 4241/6122/391
f 4241/6125/391 4253/6150/411 4254/6151/412 4242/6126/393
f 4242/6126/393 4254/6151/412 4255/6152/413 4243/6128/395
f 4243/6128/395 4255/6152/413 4256/6153/414 4244/6130/397
f 4244/6133/397 4256/6154/414 4257/6155/415 4245/6134/399
f 4245/6134/399 4257/6155/415 4258/6156/416 4246/6136/401
f 4246/6136/401 4258/6156/416 4259/6157/417 4247/6138/403
f 4247/6141/403 4259/6158/417 4260/6159/418 4248/6142/405
f 4248/6142/405 4260/6159/418 4249/6144/407 4237/6113/384
f 4249/6144/407 4261/6160/419 4262/6161/831 4250/6145/408
f 4250/6146/408 4262/6162/831 4263/6163/421 4251/6147/409
f 4251/6147/409 4263/6163/421 4264/6164/422 4252/6148/410
f 4252/6148/410 4264/6164/422 4265/6165/423 4253/6149/411
f 4253/6150/411 4265/6166/423 4266/6167/424 4254/6151/412
f 4254/6151/412 4266/6167/424 4267/6168/425 4255/6152/413
f 4255/6152/413 4267/6168/425 4268/6169/426 4256/6153/414
f 4256/6154/414 4268/6170/426 4269/6171/427 4257/6155/415
f 4257/6155/415 4269/6171/427 4270/6172/428 4258/6156/416
f 4258/6156/416 4270/6172/428 4271/6173/429 4259/6157/417
f 4259/6158/417 4271/6174/429 4272/6175/793 4260/6159/418
f 4260/6159/418 4272/6175/793 4261/6160/419 4249/6144/407
f 4261/6160/419 4273/6176/431 4274/6177/432 4262/6161/831
f 4262/6162/831 4274/6178/432 4275/6179/433 4263/6163/421
f 4263/6163/421 4275/6179/433 4276/6180/434 4264/6164/422
f 4264/6164/422 4276/6180/434 4277/6181/435 4265/6165/423
f 4265/6182/423 4277/6183/435 4278/6184/436 4266/6185/424
f 4266/6167/424 4278/6186/436 4279/6187/437 4267/6168/425
f 4267/6168/425 4279/6187/437 4280/6188/438 4268/6169/426
f 4268/6170/426 4280/6189/438 4281/6190/439 4269/6171/427
f 4269/6171/427 4281/6190/439 4282/6191/440 4270/6172/428
f 4270/6172/428 4282/6191/440 4283/6192/441 4271/6173/429
f 4271/6193/429 4283/6194/441 4284/6195/442 4272/6196/793
f 4272/6175/793 4284/6197/442 4273/6176/431 4261/6160/419
f 4273/6198/431 4285/6199/443 4286/6200/444 4274/6201/432
f 4274/6178/432 4286/6202/444 4287/6203/445 4275/6179/433
f 4275/6179/433 4287/6203/445 4288/6204/446 4276/6180/434
f 4276/6180/434 4288/6204/446 4289/6205/447 4277/6181/435
f 4277/6183/435 4289/6206/447 4290/6207/448 4278/6184/436
f 4278/6184/436 4290/6207/448 4291/6208/449 4279/6209/437
f 4279/6209/437 4291/6208/449 4292/6210/450 4280/6211/438
f 4280/6189/438 4292/6212/450 4293/6213/451 4281/6190/439
f 4281/6190/439 4293/6213/451 4294/6214/452 4282/6191/440
f 4282/6191/440 4294/6214/452 4295/6215/453 4283/6192/441
f 4283/6194/441 4295/6216/453 4296/6217/454 4284/6195/442
f 4284/6195/442 4296/6217/454 4285/6199/443 4273/6198/431
f 4285/6199/443 4297/6218/455 4298/6219/456 4286/6200/444
f 4286/6202/444 4298/6220/456 4299/6221/457 4287/6203/445
f 4287/6203/445 4299/6221/457 4300/6222/458 4288/6204/446
f 4288/6204/446 4300/6222/458 4301/6223/459 4289/6205/447
f 4289/6206/447 4301/6224/459 4302/6225/460 4290/6207/448
f 4290/6207/448 4302/6225/460 4303/6226/461 4291/6208/449
f 4291/6208/449 4303/6226/461 4304/6227/462 4292/6210/450
f 4292/6212/450 4304/6228/462 4305/6229/463 4293/6213/451
f 4293/6213/451 4305/6229/463 4306/6230/464 4294/6214/452
f 4294/6214/452 4306/6230/464 4307/6231/465 4295/6215/453
f 4295/6216/453 4307/6232/465 4308/6233/795 4296/6217/454
f 4296/6217/454 4308/6233/795 4297/6218/455 4285/6199/443
f 4297/6218/455 4309/6234/467 4310/6235/834 4298/6219/456
f 4298/6220/456 4310/6236/834 4311/6237/469 4299/6221/457
f 4299/6221/457 4311/6237/469 4312/6238/470 4300/6222/458
f 4300/6222/458 4312/6238/470 4313/6239/796 4301/6223/459
f 4301/6224/459 4313/6240/796 4314/6241/472 4302/6225/460
f 4302/6225/460 4314/6241/472 4315/6242/473 4303/6226/461
f 4303/6226/461 4315/6242/473 4316/6243/474 4304/6227/462
f 4304/6228/462 4316/6244/474 4317/6245/475 4305/6229/463
f 4305/6229/463 4317/6245/475 4318/6246/476 4306/6230/464
f 4306/6230/464 4318/6246/476 4319/6247/477 4307/6231/465
f 4307/6232/465 4319/6248/477 4320/6249/478 4308/6233/795
f 4308/6233/795 4320/6249/478 4309/6234/467 4297/6218/455
f 4309/6234/467 4321/6250/97 4322/6251/479 4310/6235/834
f 4310/6236/834 4322/6252/479 4323/6253/835 4311/6237/469
f 4311/6237/469 4323/6253/835 4324/6254/481 4312/6238/470
f 4312/6238/470 4324/6254/481 4325/6255/482 4313/6239/796
f 4313/6240/796 4325/6256/482 4326/6257/483 4314/6241/472
f 4314/6241/472 4326/6257/483 4327/6258/103 4315/6242/473
f 4315/6242/473 4327/6258/103 4328/6259/484 4316/6243/474
f 4316/6244/474 4328/6260/484 4329/6261/485 4317/6245/475
f 4317/6245/475 4329/6261/485 4330/6262/486 4318/6246/476
f 4318/6246/476 4330/6262/486 4331/6263/487 4319/6247/477
f 4319/6248/477 4331/6264/487 4332/6265/798 4320/6249/478
f 4320/6249/478 4332/6265/798 4321/6250/97 4309/6234/467
f 4321/6250/97 4333/6266/489 4334/6267/490 4322/6251/479
f 4322/6252/479 4334/6268/490 4335/6269/491 4323/6253/835
f 4323/6253/835 4335/6269/491 4336/6270/492 4324/6254/481
f 4324/6254/481 4336/6270/492 4337/6271/877 4325/6255/482
f 4325/6256/482 4337/6272/877 4338/6273/494 4326/6257/483
f 4326/6257/483 4338/6273/494 4339/6274/799 4327/6258/103
f 4327/6258/103 4339/6274/799 4340/6275/496 4328/6259/484
f 4328/6260/484 4340/6276/496 4341/6277/497 4329/6261/485
f 4329/6261/485 4341/6277/497 4342/6278/498 4330/6262/486
f 4330/6262/486 4342/6278/498 4343/6279/499 4331/6263/487
f 4331/6264/487 4343/6280/499 4344/6281/800 4332/6265/798
f 4332/6265/798 4344/6281/800 4333/6266/489 4321/6250/97
f 4333/6266/489 4345/6282/501 4346/6283/502 4334/6267/490
f 4334/6268/490 4346/6284/502 4347/6285/836 4335/6269/491
f 4335/6269/491 4347/6285/836 4348/6286/504 4336/6270/492
f 4336/6270/492 4348/6286/504 4349/6287/505 4337/6271/877
f 4337/6272/877 4349/6288/505 4350/6289/506 4338/6273/494
f 4338/6273/494 4350/6289/506 4351/6290/507 4339/6274/799
f 4339/6274/799 4351/6290/507 4352/6291/508 4340/6275/496
f 4340/6276/496 4352/6292/508 4353/6293/509 4341/6277/497
f 4341/6277/497 4353/6293/509 4354/6294/510 4342/6278/498
f 4342/6278/498 4354/6294/510 4355/6295/838 4343/6279/499
f 4343/6280/499 4355/6296/838 4356/6297/512 4344/6281/800
f 4344/6281/800 4356/6297/512 4345/6282/501 4333/6266/489
f 4345/6282/501 4357/6298/802 4358/6299/514 4346/6283/502
f 4346/6284/502 4358/6300/514 4359/6301/515 4347/6285/836
f 4347/6285/836 4359/6301/515 4360/6302/516 4348/6286/504
f 4348/6286/504 4360/6302/516 4361/6303/517 4349/6287/505
f 4349/6288/505 4361/6304/517 4362/6305/518 4350/6289/506
f 4350/6289/506 4362/6305/518 4363/6306/878 4351/6290/507
f 4351/6290/507 4363/6306/878 4364/6307/804 4352/6291/508
f 4352/6292/508 4364/6308/804 4365/6309/521 4353/6293/509
f 4353/6293/509 4365/6309/521 4366/6310/522 4354/6294/510
f 4354/6294/510 4366/6310/522 4367/6311/523 4355/6295/838
f 4355/6296/838 4367/6312/523 4368/6313/524 4356/6297/512
f 4356/6297/512 4368/6313/524 4357/6298/802 4345/6282/501
f 4357/6314/802 4369/6315/525 4370/6316/805 4358/6317/514
f 4358/6300/514 4370/6318/805 4371/6319/527 4359/6301/515
f 4359/6301/515 4371/6319/527 4372/6320/528 4360/6302/516
f 4360/6302/516 4372/6320/528 4373/6321/529 4361/6303/517
f 4361/6304/517 4373/6322/529 4374/6323/530 4362/6305/518
f 4362/6305/518 4374/6323/530 4375/6324/531 4363/6306/878
f 4363/6325/878 4375/6326/531 4376/6327/532 4364/6328/804
f 4364/6308/804 4376/6329/532 4377/6330/533 4365/6309/521
f 4365/6309/521 4377/6330/533 4378/6331/534 4366/6310/522
f 4366/6310/522 4378/6331/534 4379/6332/535 4367/6311/523
f 4367/6312/523 4379/6333/535 4380/6334/536 4368/6313/524
f 4368/6313/524 4380/6334/536 4369/6335/525 4357/6298/802
f 4369/6315/525 4381/6336/537 4382/6337/538 4370/6316/805
f 4370/6318/805 4382/6338/538 4383/6339/539 4371/6319/527
f 4371/6319/527 4383/6339/539 4384/6340/540 4372/6320/528
f 4372/6320/528 4384/6340/540 4385/6341/541 4373/6321/529
f 4373/6321/529 4385/6341/541 4386/6342/542 4374/6343/530
f 4374/6344/530 4386/6345/542 4387/6346/543 4375/6326/531
f 4375/6326/531 4387/6346/543 4388/6347/544 4376/6327/532
f 4376/6329/532 4388/6348/544 4389/6349/545 4377/6330/533
f 4377/6330/533 4389/6349/545 4390/6350/546 4378/6331/534
f 4378/6331/534 4390/6350/546 4391/6351/547 4379/6332/535
f 4379/6332/535 4391/6351/547 4392/6352/548 4380/6353/536
f 4380/6354/536 4392/6355/548 4381/6336/537 4369/6315/525
f 4381/6336/537 4393/6356/549 4394/6357/550 4382/6337/538
f 4382/6337/538 4394/6357/550 4395/6358/551 4383/6359/539
f 4383/6339/539 4395/6360/551 4396/6361/552 4384/6340/540
f 4384/6340/540 4396/6361/552 4397/6362/553 4385/6341/541
f 4385/6341/541 4397/6362/553 4398/6363/554 4386/6342/542
f 4386/6345/542 4398/6364/554 4399/6365/555 4387/6346/543
f 4387/6346/543 4399/6365/555 4400/6366/556 4388/6347/544
f 4388/6348/544 4400/6367/556 4401/6368/557 4389/6349/545
f 4389/6349/545 4401/6368/557 4402/6369/558 4390/6350/546
f 4390/6350/546 4402/6369/558 4403/6370/559 4391/6351/547
f 4391/6351/547 4403/6370/559 4404/6371/560 4392/6352/548
f 4392/6355/548 4404/6372/560 4393/6356/549 4381/6336/537
f 4393/6356/549 4405/6373/561 4406/6374/562 4394/6357/550
f 4394/6357/550 4406/6374/562 4407/6375/563 4395/6358/551
f 4395/6360/551 4407/6376/563 4408/6377/564 4396/6361/552
f 4396/6361/552 4408/6377/564 4409/6378/565 4397/6362/553
f 4397/6362/553 4409/6378/565 4410/6379/566 4398/6363/554
f 4398/6364/554 4410/6380/566 4411/6381/567 4399/6365/555
f 4399/6365/555 4411/6381/567 4412/6382/568 4400/6366/556
f 4400/6366/556 4412/6382/568 4413/6383/569 4401/6384/557
f 4401/6368/557 4413/6385/569 4414/6386/570 4402/6369/558
f 4402/6369/558 4414/6386/570 4415/6387/571 4403/6370/559
f 4403/6370/559 4415/6387/571 4416/6388/808 4404/6371/560
f 4404/6372/560 4416/6389/808 4405/6373/561 4393/6356/549
f 4405/6373/561 4417/6390/573 4418/6391/574 4406/6374/562
f 4406/6374/562 4418/6391/574 4419/6392/575 4407/6375/563
f 4407/6376/563 4419/6393/575 4420/6394/840 4408/6377/564
f 4408/6377/564 4420/6394/840 4421/6395/577 4409/6378/565
f 4409/6378/565 4421/6395/577 4422/6396/578 4410/6379/566
f 4410/6380/566 4422/6397/578 4423/6398/579 4411/6381/567
f 4411/6381/567 4423/6398/579 4424/6399/580 4412/6382/568
f 4412/6382/568 4424/6399/580 4425/6400/809 4413/6383/569
f 4413/6385/569 4425/6401/809 4426/6402/582 4414/6386/570
f 4414/6386/570 4426/6402/582 4427/6403/583 4415/6387/571
f 4415/6387/571 4427/6403/583 4428/6404/584 4416/6388/808
f 4416/6389/808 4428/6405/584 4417/6390/573 4405/6373/561
f 4417/6390/573 4429/6406/585 4430/6407/586 4418/6391/574
f 4418/6391/574 4430/6407/586 4431/6408/587 4419/6392/575
f 4419/6393/575 4431/6409/587 4432/6410/588 4420/6394/840
f 4420/6394/840 4432/6410/588 4433/6411/589 4421/6395/577
f 4421/6395/577 4433/6411/589 4434/6412/590 4422/6396/578
f 4422/6397/578 4434/6413/590 4435/6414/591 4423/6398/579
f 4423/6398/579 4435/6414/591 4436/6415/592 4424/6399/580
f 4424/6399/580 4436/6415/592 4437/6416/593 4425/6400/809
f 4425/6401/809 4437/6417/593 4438/6418/594 4426/6402/582
f 4426/6402/582 4438/6418/594 4439/6419/595 4427/6403/583
f 4427/6403/583 4439/6419/595 4440/6420/596 4428/6404/584
f 4428/6405/584 4440/6421/596 4429/6406/585 4417/6390/573
f 4429/6406/585 4441/6422/597 4442/6423/598 4430/6407/586
f 4430/6407/586 4442/6423/598 4443/6424/599 4431/6408/587
f 4431/6409/587 4443/6425/599 4444/6426/600 4432/6410/588
f 4432/6410/588 4444/6426/600 4445/6427/601 4433/6411/589
f 4433/6411/589 4445/6427/601 4446/6428/602 4434/6412/590
f 4434/6413/590 4446/6429/602 4447/6430/603 4435/6414/591
f 4435/6414/591 4447/6430/603 4448/6431/604 4436/6415/592
f 4436/6415/592 4448/6431/604 4449/6432/605 4437/6416/593
f 4437/6417/593 4449/6433/605 4450/6434/606 4438/6418/594
f 4438/6418/594 4450/6434/606 4451/6435/607 4439/6419/595
f 4439/6419/595 4451/6435/607 4452/6436/608 4440/6420/596
f 4440/6421/596 4452/6437/608 4441/6422/597 4429/6406/585
f 4441/6422/597 4453/6438/609 4454/6439/610 4442/6423/598
f 4442/6423/598 4454/6439/610 4455/6440/611 4443/6424/599
f 4443/6425/599 4455/6441/611 4456/6442/612 4444/6426/600
f 4444/6426/600 4456/6442/612 4457/6443/613 4445/6427/601
f 4445/6427/601 4457/6443/613 4458/6444/614 4446/6428/602
f 4446/6429/602 4458/6445/614 4459/6446/615 4447/6430/603
f 4447/6430/603 4459/6446/615 4460/6447/616 4448/6431/604
f 4448/6431/604 4460/6447/616 4461/6448/617 4449/6432/605
f 4449/6433/605 4461/6449/617 4462/6450/618 4450/6434/606
f 4450/6434/606 4462/6450/618 4463/6451/619 4451/6435/607
f 4451/6435/607 4463/6451/619 4464/6452/620 4452/6436/608
f 4452/6437/608 4464/6453/620 4453/6438/609 4441/6422/597
f 4453/6438/609 4465/6454/621 4466/6455/622 4454/6439/610
f 4454/6439/610 4466/6455/622 4467/6456/623 4455/6440/611
f 4455/6441/611 4467/6457/623 4468/6458/624 4456/6442/612
f 4456/6442/612 4468/6458/624 4469/6459/625 4457/6443/613
f 4457/6443/613 4469/6459/625 4470/6460/626 4458/6444/614
f 4458/6445/614 4470/6461/626 4471/6462/842 4459/6446/615
f 4459/6446/615 4471/6462/842 4472/6463/628 4460/6447/616
f 4460/6464/616 4472/6465/628 4473/6466/629 4461/6467/617
f 4461/6449/617 4473/6468/629 4474/6469/630 4462/6450/618
f 4462/6450/618 4474/6469/630 4475/6470/631 4463/6451/619
f 4463/6451/619 4475/6470/631 4476/6471/632 4464/6452/620
f 4464/6453/620 4476/6472/632 4465/6454/621 4453/6438/609
f 4465/6473/621 4477/6474/633 4478/6475/634 4466/6476/622
f 4466/6476/622 4478/6475/634 4479/6477/635 4467/6478/623
f 4467/6457/623 4479/6479/635 4480/6480/636 4468/6458/624
f 4468/6458/624 4480/6480/636 4481/6481/637 4469/6459/625
f 4469/6459/625 4481/6481/637 4482/6482/638 4470/6460/626
f 4470/6483/626 4482/6484/638 4483/6485/639 4471/6486/842
f 4471/6486/842 4483/6485/639 4484/6487/640 4472/6465/628
f 4472/6465/628 4484/6487/640 4485/6488/641 4473/6466/629
f 4473/6468/629 4485/6489/641 4486/6490/642 4474/6469/630
f 4474/6469/630 4486/6490/642 4487/6491/643 4475/6470/631
f 4475/6470/631 4487/6491/643 4488/6492/644 4476/6471/632
f 4476/6493/632 4488/6494/644 4477/6474/633 4465/6473/621
f 4477/6474/633 4489/6495/645 4490/6496/646 4478/6475/634
f 4478/6475/634 4490/6496/646 4491/6497/647 4479/6477/635
f 4479/6479/635 4491/6498/647 4492/6499/648 4480/6480/636
f 4480/6480/636 4492/6499/648 4493/6500/649 4481/6481/637
f 4481/6481/637 4493/6500/649 4494/6501/879 4482/6482/638
f 4482/6484/638 4494/6502/879 4495/6503/651 4483/6485/639
f 4483/6485/639 4495/6503/651 4496/6504/652 4484/6487/640
f 4484/6487/640 4496/6504/652 4497/6505/653 4485/6488/641
f 4485/6489/641 4497/6506/653 4498/6507/654 4486/6490/642
f 4486/6490/642 4498/6507/654 4499/6508/655 4487/6491/643
f 4487/6491/643 4499/6508/655 4500/6509/656 4488/6492/644
f 4488/6494/644 4500/6510/656 4489/6495/645 4477/6474/633
f 4489/6495/645 4501/6511/814 4502/6512/658 4490/6496/646
f 4490/6496/646 4502/6512/658 4503/6513/659 4491/6497/647
f 4491/6498/647 4503/6514/659 4504/6515/660 4492/6499/648
f 4492/6499/648 4504/6515/660 4505/6516/661 4493/6500/649
f 4493/6500/649 4505/6516/661 4506/6517/662 4494/6501/879
f 4494/6502/879 4506/6518/662 4507/6519/663 4495/6503/651
f 4495/6503/651 4507/6519/663 4508/6520/664 4496/6504/652
f 4496/6504/652 4508/6520/664 4509/6521/665 4497/6505/653
f 4497/6506/653 4509/6522/665 4510/6523/666 4498/6507/654
f 4498/6507/654 4510/6523/666 4511/6524/667 4499/6508/655
f 4499/6508/655 4511/6524/667 4512/6525/668 4500/6509/656
f 4500/6510/656 4512/6526/668 4501/6511/814 4489/6495/645
f 4501/6511/814 4513/6527/103 4514/6528/867 4502/6512/658
f 4502/6512/658 4514/6528/867 4515/6529/670 4503/6513/659
f 4503/6514/659 4515/6530/670 4516/6531/671 4504/6515/660
f 4504/6515/660 4516/6531/671 4517/6532/672 4505/6516/661
f 4505/6516/661 4517/6532/672 4518/6533/673 4506/6517/662
f 4506/6518/662 4518/6534/673 4519/6535/97 4507/6519/663
f 4507/6519/663 4519/6535/97 4520/6536/674 4508/6520/664
f 4508/6520/664 4520/6536/674 4521/6537/675 4509/6521/665
f 4509/6522/665 4521/6538/675 4522/6539/676 4510/6523/666
f 4510/6523/666 4522/6539/676 4523/6540/677 4511/6524/667
f 4511/6524/667 4523/6540/677 4524/6541/678 4512/6525/668
f 4512/6526/668 4524/6542/678 4513/6527/103 4501/6511/814
f 4513/6527/103 4525/6543/679 4526/6544/680 4514/6528/867
f 4514/6528/867 4526/6544/680 4527/6545/681 4515/6529/670
f 4515/6530/670 4527/6546/681 4528/6547/846 4516/6531/671
f 4516/6531/671 4528/6547/846 4529/6548/683 4517/6532/672
f 4517/6532/672 4529/6548/683 4530/6549/684 4518/6533/673
f 4518/6534/673 4530/6550/684 4531/6551/685 4519/6535/97
f 4519/6535/97 4531/6551/685 4532/6552/816 4520/6536/674
f 4520/6536/674 4532/6552/816 4533/6553/687 4521/6537/675
f 4521/6538/675 4533/6554/687 4534/6555/688 4522/6539/676
f 4522/6539/676 4534/6555/688 4535/6556/689 4523/6540/677
f 4523/6540/677 4535/6556/689 4536/6557/690 4524/6541/678
f 4524/6542/678 4536/6558/690 4525/6543/679 4513/6527/103
f 4525/6543/679 4537/6559/691 4538/6560/692 4526/6544/680
f 4526/6544/680 4538/6560/692 4539/6561/693 4527/6545/681
f 4527/6546/681 4539/6562/693 4540/6563/694 4528/6547/846
f 4528/6547/846 4540/6563/694 4541/6564/695 4529/6548/683
f 4529/6548/683 4541/6564/695 4542/6565/696 4530/6549/684
f 4530/6550/684 4542/6566/696 4543/6567/697 4531/6551/685
f 4531/6551/685 4543/6567/697 4544/6568/698 4532/6552/816
f 4532/6552/816 4544/6568/698 4545/6569/699 4533/6553/687
f 4533/6554/687 4545/6570/699 4546/6571/700 4534/6555/688
f 4534/6555/688 4546/6571/700 4547/6572/701 4535/6556/689
f 4535/6556/689 4547/6572/701 4548/6573/702 4536/6557/690
f 4536/6558/690 4548/6574/702 4537/6559/691 4525/6543/679
f 4537/6559/691 4549/6575/703 4550/6576/704 4538/6560/692
f 4538/6560/692 4550/6576/704 4551/6577/705 4539/6561/693
f 4539/6562/693 4551/6578/705 4552/6579/818 4540/6563/694
f 4540/6563/694 4552/6579/818 4553/6580/707 4541/6564/695
f 4541/6564/695 4553/6580/707 4554/6581/708 4542/6565/696
f 4542/6566/696 4554/6582/708 4555/6583/709 4543/6567/697
f 4543/6567/697 4555/6583/709 4556/6584/710 4544/6568/698
f 4544/6568/698 4556/6584/710 4557/6585/711 4545/6569/699
f 4545/6570/699 4557/6586/711 4558/6587/712 4546/6571/700
f 4546/6571/700 4558/6587/712 4559/6588/713 4547/6572/701
f 4547/6572/701 4559/6588/713 4560/6589/714 4548/6573/702
f 4548/6574/702 4560/6590/714 4549/6575/703 4537/6559/691
f 4549/6575/703 4561/6591/715 4562/6592/716 4550/6576/704
f 4550/6576/704 4562/6592/716 4563/6593/717 4551/6577/705
f 4551/6578/705 4563/6594/717 4564/6595/718 4552/6579/818
f 4552/6579/818 4564/6595/718 4565/6596/719 4553/6580/707
f 4553/6580/707 4565/6596/719 4566/6597/720 4554/6581/708
f 4554/6598/708 4566/6599/720 4567/6600/721 4555/6601/709
f 4555/6583/709 4567/6602/721 4568/6603/722 4556/6584/710
f 4556/6584/710 4568/6603/722 4569/6604/723 4557/6585/711
f 4557/6586/711 4569/6605/723 4570/6606/724 4558/6587/712
f 4558/6587/712 4570/6606/724 4571/6607/725 4559/6588/713
f 4559/6588/713 4571/6607/725 4572/6608/726 4560/6589/714
f 4560/6609/714 4572/6610/726 4561/6611/715 4549/6612/703
f 4561/6611/715 4573/6613/727 4574/6614/728 4562/6615/716
f 4562/6616/716 4574/6617/728 4575/6618/729 4563/6594/717
f 4563/6594/717 4575/6618/729 4576/6619/730 4564/6595/718
f 4564/6595/718 4576/6619/730 4577/6620/731 4565/6596/719
f 4565/6596/719 4577/6620/731 4578/6621/732 4566/6597/720
f 4566/6599/720 4578/6622/732 4579/6623/847 4567/6600/721
f 4567/6600/721 4579/6623/847 4580/6624/734 4568/6625/722
f 4568/6626/722 4580/6627/734 4581/6628/735 4569/6605/723
f 4569/6605/723 4581/6628/735 4582/6629/736 4570/6606/724
f 4570/6606/724 4582/6629/736 4583/6630/737 4571/6607/725
f 4571/6607/725 4583/6630/737 4584/6631/738 4572/6608/726
f 4572/6610/726 4584/6632/738 4573/6613/727 4561/6611/715
f 4573/6613/727 4585/6633/739 4586/6634/740 4574/6614/728
f 4574/6617/728 4586/6635/740 4587/6636/741 4575/6618/729
f 4575/6618/729 4587/6636/741 4588/6637/742 4576/6619/730
f 4576/6619/730 4588/6637/742 4589/6638/743 4577/6620/731
f 4577/6620/731 4589/6638/743 4590/6639/744 4578/6621/732
f 4578/6622/732 4590/6640/744 4591/6641/745 4579/6623/847
f 4579/6623/847 4591/6641/745 4592/6642/746 4580/6624/734
f 4580/6627/734 4592/6643/746 4593/6644/747 4581/6628/735
f 4581/6628/735 4593/6644/747 4594/6645/748 4582/6629/736
f 4582/6629/736 4594/6645/748 4595/6646/749 4583/6630/737
f 4583/6647/737 4595/6648/749 4596/6649/750 4584/6632/738
f 4584/6632/738 4596/6649/750 4585/6633/739 4573/6613/727
f 4585/6633/739 4597/6650/751 4598/6651/752 4586/6634/740
f 4586/6635/740 4598/6652/752 4599/6653/753 4587/6636/741
f 4587/6636/741 4599/6653/753 4600/6654/754 4588/6637/742
f 4588/6637/742 4600/6654/754 4601/6655/755 4589/6638/743
f 4589/6656/743 4601/6657/755 4602/6658/756 4590/6640/744
f 4590/6640/744 4602/6658/756 4603/6659/757 4591/6641/745
f 4591/6641/745 4603/6659/757 4604/6660/758 4592/6642/746
f 4592/6643/746 4604/6661/758 4605/6662/759 4593/6644/747
f 4593/6644/747 4605/6662/759 4606/6663/760 4594/6645/748
f 4594/6645/748 4606/6663/760 4607/6664/761 4595/6646/749
f 4595/6648/749 4607/6665/761 4608/6666/762 4596/6649/750
f 4596/6649/750 4608/6666/762 4597/6650/751 4585/6633/739
f 4597/6650/751 4225/6112/383 4226/6115/386 4598/6651/752
f 4598/6652/752 4226/6116/386 4227/6119/388 4599/6653/753
f 4599/6653/753 4227/6119/388 4228/6121/390 4600/6654/754
f 4600/6654/754 4228/6121/390 4229/6123/392 4601/6655/755
f 4601/6657/755 4229/6124/392 4230/6127/394 4602/6658/756
f 4602/6658/756 4230/6127/394 4231/6129/396 4603/6659/757
f 4603/6659/757 4231/6129/396 4232/6131/398 4604/6660/758
f 4604/6661/758 4232/6132/398 4233/6135/400 4605/6662/759
f 4605/6662/759 4233/6135/400 4234/6137/402 4606/6663/760
f 4606/6663/760 4234/6137/402 4235/6139/404 4607/6664/761
f 4607/6665/761 4235/6140/404 4236/6143/406 4608/6666/762
f 4608/6666/762 4236/6143/406 4225/6112/383 4597/6650/751
f 4609/6667/1 4621/6668/2 4622/6669/3 4610/6670/4
f 4610/6671/4 4622/6672/3 4623/6673/5 4611/6674/6
f 4611/6674/6 4623/6673/5 4624/6675/7 4612/6676/8
f 4612/6676/8 4624/6675/7 4625/6677/9 4613/6678/10
f 4613/6679/10 4625/6680/9 4626/6681/11 4614/6682/12
f 4614/6682/12 4626/6681/11 4627/6683/13 4615/6684/14
f 4615/6684/14 4627/6683/13 4628/6685/15 4616/6686/16
f 4616/6687/16 4628/6688/15 4629/6689/17 4617/6690/18
f 4617/6690/18 4629/6689/17 4630/6691/19 4618/6692/20
f 4618/6692/20 4630/6691/19 4631/6693/21 4619/6694/22
f 4619/6695/22 4631/6696/21 4632/6697/23 4620/6698/24
f 4620/6698/24 4632/6697/23 4621/6668/2 4609/6667/1
f 4621/6668/2 4633/6699/25 4634/6700/26 4622/6669/3
f 4622/6672/3 4634/6701/26 4635/6702/27 4623/6673/5
f 4623/6673/5 4635/6702/27 4636/6703/28 4624/6675/7
f 4624/6675/7 4636/6703/28 4637/6704/29 4625/6677/9
f 4625/6680/9 4637/6705/29 4638/6706/30 4626/6681/11
f 4626/6681/11 4638/6706/30 4639/6707/31 4627/6683/13
f 4627/6683/13 4639/6707/31 4640/6708/32 4628/6685/15
f 4628/6688/15 4640/6709/32 4641/6710/33 4629/6689/17
f 4629/6689/17 4641/6710/33 4642/6711/34 4630/6691/19
f 4630/6691/19 4642/6711/34 4643/6712/35 4631/6693/21
f 4631/6696/21 4643/6713/35 4644/6714/36 4632/6697/23
f 4632/6697/23 4644/6714/36 4633/6699/25 4621/6668/2
f 4633/6699/25 4645/6715/37 4646/6716/38 4634/6700/26
f 4634/6701/26 4646/6717/38 4647/6718/39 4635/6702/27
f 4635/6702/27 4647/6718/39 4648/6719/40 4636/6703/28
f 4636/6703/28 4648/6719/40 4649/6720/41 4637/6704/29
f 4637/6704/29 4649/6720/41 4650/6721/42 4638/6722/30
f 4638/6706/30 4650/6723/42 4651/6724/43 4639/6707/31
f 4639/6707/31 4651/6724/43 4652/6725/765 4640/6708/32
f 4640/6709/32 4652/6726/765 4653/6727/45 4641/6710/33
f 4641/6710/33 4653/6727/45 4654/6728/46 4642/6711/34
f 4642/6711/34 4654/6728/46 4655/6729/47 4643/6712/35
f 4643/6713/35 4655/6730/47 4656/6731/48 4644/6714/36
f 4644/6714/36 4656/6731/48 4645/6715/37 4633/6699/25
f 4645/6732/37 4657/6733/49 4658/6734/50 4646/6735/38
f 4646/6717/38 4658/6736/50 4659/6737/51 4647/6718/39
f 4647/6718/39 4659/6737/51 4660/6738/52 4648/6719/40
f 4648/6719/40 4660/6738/52 4661/6739/53 4649/6720/41
f 4649/6720/41 4661/6739/53 4662/6740/54 4650/6721/42
f 4650/6741/42 4662/6742/54 4663/6743/55 4651/6744/43
f 4651/6744/43 4663/6743/55 4664/6745/56 4652/6746/765
f 4652/6726/765 4664/6747/56 4665/6748/766 4653/6727/45
f 4653/6727/45 4665/6748/766 4666/6749/58 4654/6728/46
f 4654/6728/46 4666/6749/58 4667/6750/59 4655/6729/47
f 4655/6729/47 4667/6750/59 4668/6751/60 4656/6752/48
f 4656/6753/48 4668/6754/60 4657/6733/49 4645/6732/37
f 4657/6733/49 4669/6755/822 4670/6756/62 4658/6734/50
f 4658/6736/50 4670/6757/62 4671/6758/63 4659/6737/51
f 4659/6737/51 4671/6758/63 4672/6759/64 4660/6738/52
f 4660/6738/52 4672/6759/64 4673/6760/768 4661/6739/53
f 4661/6739/53 4673/6760/768 4674/6761/66 4662/6740/54
f 4662/6742/54 4674/6762/66 4675/6763/67 4663/6743/55
f 4663/6743/55 4675/6763/67 4676/6764/68 4664/6745/56
f 4664/6747/56 4676/6765/68 4677/6766/69 4665/6748/766
f 4665/6748/766 4677/6766/69 4678/6767/70 4666/6749/58
f 4666/6749/58 4678/6767/70 4679/6768/71 4667/6750/59
f 4667/6750/59 4679/6768/71 4680/6769/72 4668/6751/60
f 4668/6754/60 4680/6770/72 4669/6755/822 4657/6733/49
f 4669/6755/822 4681/6771/73 4682/6772/74 4670/6756/62
f 4670/6756/62 4682/6772/74 4683/6773/75 4671/6774/63
f 4671/6758/63 4683/6775/75 4684/6776/76 4672/6759/64
f 4672/6759/64 4684/6776/76 4685/6777/77 4673/6760/768
f 4673/6760/768 4685/6777/77 4686/6778/78 4674/6761/66
f 4674/6762/66 4686/6779/78 4687/6780/79 4675/6763/67
f 4675/6763/67 4687/6780/79 4688/6781/80 4676/6764/68
f 4676/6765/68 4688/6782/80 4689/6783/81 4677/6766/69
f 4677/6766/69 4689/6783/81 4690/6784/82 4678/6767/70
f 4678/6767/70 4690/6784/82 4691/6785/83 4679/6768/71
f 4679/6786/71 4691/6787/83 4692/6788/770 4680/6770/72
f 4680/6770/72 4692/6788/770 4681/6771/73 4669/6755/822
f 4681/6771/73 4693/6789/85 4694/6790/86 4682/6772/74
f 4682/6772/74 4694/6790/86 4695/6791/87 4683/6773/75
f 4683/6775/75 4695/6792/87 4696/6793/88 4684/6776/76
f 4684/6776/76 4696/6793/88 4697/6794/89 4685/6777/77
f 4685/6777/77 4697/6794/89 4698/6795/90 4686/6778/78
f 4686/6779/78 4698/6796/90 4699/6797/91 4687/6780/79
f 4687/6780/79 4699/6797/91 4700/6798/92 4688/6781/80
f 4688/6782/80 4700/6799/92 4701/6800/93 4689/6783/81
f 4689/6783/81 4701/6800/93 4702/6801/94 4690/6784/82
f 4690/6784/82 4702/6801/94 4703/6802/95 4691/6785/83
f 4691/6787/83 4703/6803/95 4704/6804/96 4692/6788/770
f 4692/6788/770 4704/6804/96 4693/6789/85 4681/6771/73
f 4693/6789/85 4705/6805/97 4706/6806/98 4694/6790/86
f 4694/6790/86 4706/6806/98 4707/6807/99 4695/6791/87
f 4695/6792/87 4707/6808/99 4708/6809/100 4696/6793/88
f 4696/6793/88 4708/6809/100 4709/6810/101 4697/6794/89
f 4697/6794/89 4709/6810/101 4710/6811/102 4698/6795/90
f 4698/6796/90 4710/6812/102 4711/6813/103 4699/6797/91
f 4699/6797/91 4711/6813/103 4712/6814/104 4700/6798/92
f 4700/6798/92 4712/6814/104 4713/6815/105 4701/6816/93
f 4701/6800/93 4713/6817/105 4714/6818/106 4702/6801/94
f 4702/6801/94 4714/6818/106 4715/6819/107 4703/6802/95
f 4703/6802/95 4715/6819/107 4716/6820/108 4704/6821/96
f 4704/6804/96 4716/6822/108 4705/6805/97 4693/6789/85
f 4705/6805/97 4717/6823/109 4718/6824/110 4706/6806/98
f 4706/6806/98 4718/6824/110 4719/6825/111 4707/6807/99
f 4707/6808/99 4719/6826/111 4720/6827/112 4708/6809/100
f 4708/6809/100 4720/6827/112 4721/6828/113 4709/6810/101
f 4709/6810/101 4721/6828/113 4722/6829/114 4710/6811/102
f 4710/6812/102 4722/6830/114 4723/6831/115 4711/6813/103
f 4711/6813/103 4723/6831/115 4724/6832/116 4712/6814/104
f 4712/6833/104 4724/6834/116 4725/6835/117 4713/6817/105
f 4713/6817/105 4725/6835/117 4726/6836/118 4714/6818/106
f 4714/6818/106 4726/6836/118 4727/6837/119 4715/6819/107
f 4715/6819/107 4727/6837/119 4728/6838/120 4716/6820/108
f 4716/6822/108 4728/6839/120 4717/6823/109 4705/6805/97
f 4717/6823/109 4729/6840/824 4730/6841/122 4718/6824/110
f 4718/6842/110 4730/6843/122 4731/6844/123 4719/6826/111
f 4719/6826/111 4731/6844/123 4732/6845/124 4720/6827/112
f 4720/6827/112 4732/6845/124 4733/6846/125 4721/6828/113
f 4721/6828/113 4733/6846/125 4734/6847/126 4722/6829/114
f 4722/6830/114 4734/6848/126 4735/6849/127 4723/6831/115
f 4723/6831/115 4735/6849/127 4736/6850/128 4724/6832/116
f 4724/6834/116 4736/6851/128 4737/6852/129 4725/6835/117
f 4725/6835/117 4737/6852/129 4738/6853/130 4726/6836/118
f 4726/6836/118 4738/6853/130 4739/6854/131 4727/6837/119
f 4727/6837/119 4739/6854/131 4740/6855/132 4728/6838/120
f 4728/6839/120 4740/6856/132 4729/6840/824 4717/6823/109
f 4729/6840/824 4741/6857/133 4742/6858/134 4730/6841/122
f 4730/6843/122 4742/6859/134 4743/6860/135 4731/6844/123
f 4731/6844/123 4743/6860/135 4744/6861/136 4732/6845/124
f 4732/6845/124 4744/6861/136 4745/6862/137 4733/6846/125
f 4733/6846/125 4745/6862/137 4746/6863/776 4734/6847/126
f 4734/6848/126 4746/6864/776 4747/6865/852 4735/6849/127
f 4735/6849/127 4747/6865/852 4748/6866/140 4736/6850/128
f 4736/6851/128 4748/6867/140 4749/6868/141 4737/6852/129
f 4737/6852/129 4749/6868/141 4750/6869/142 4738/6853/130
f 4738/6853/130 4750/6869/142 4751/6870/143 4739/6854/131
f 4739/6854/131 4751/6870/143 4752/6871/144 4740/6855/132
f 4740/6856/132 4752/6872/144 4741/6857/133 4729/6840/824
f 4741/6873/133 4753/6874/145 4754/6875/146 4742/6876/134
f 4742/6859/134 4754/6877/146 4755/6878/147 4743/6860/135
f 4743/6860/135 4755/6878/147 4756/6879/148 4744/6861/136
f 4744/6861/136 4756/6879/148 4757/6880/149 4745/6862/137
f 4745/6862/137 4757/6880/149 4758/6881/150 4746/6863/776
f 4746/6882/776 4758/6883/150 4759/6884/777 4747/6885/852
f 4747/6885/852 4759/6884/777 4760/6886/152 4748/6887/140
f 4748/6867/140 4760/6888/152 4761/6889/778 4749/6868/141
f 4749/6868/141 4761/6889/778 4762/6890/154 4750/6869/142
f 4750/6869/142 4762/6890/154 4763/6891/155 4751/6870/143
f 4751/6870/143 4763/6891/155 4764/6892/156 4752/6871/144
f 4752/6893/144 4764/6894/156 4753/6874/145 4741/6873/133
f 4753/6874/145 4765/6895/157 4766/6896/158 4754/6875/146
f 4754/6875/146 4766/6896/158 4767/6897/159 4755/6898/147
f 4755/6878/147 4767/6899/159 4768/6900/160 4756/6879/148
f 4756/6879/148 4768/6900/160 4769/6901/161 4757/6880/149
f 4757/6880/149 4769/6901/161 4770/6902/779 4758/6881/150
f 4758/6883/150 4770/6903/779 4771/6904/163 4759/6884/777
f 4759/6884/777 4771/6904/163 4772/6905/164 4760/6886/152
f 4760/6888/152 4772/6906/164 4773/6907/165 4761/6889/778
f 4761/6889/778 4773/6907/165 4774/6908/166 4762/6890/154
f 4762/6890/154 4774/6908/166 4775/6909/167 4763/6891/155
f 4763/6891/155 4775/6909/167 4776/6910/168 4764/6892/156
f 4764/6894/156 4776/6911/168 4765/6895/157 4753/6874/145
f 4765/6895/157 4777/6912/169 4778/6913/170 4766/6896/158
f 4766/6896/158 4778/6913/170 4779/6914/781 4767/6897/159
f 4767/6899/159 4779/6915/781 4780/6916/172 4768/6900/160
f 4768/6900/160 4780/6916/172 4781/6917/173 4769/6901/161
f 4769/6901/161 4781/6917/173 4782/6918/174 4770/6902/779
f 4770/6903/779 4782/6919/174 4783/6920/175 4771/6904/163
f 4771/6904/163 4783/6920/175 4784/6921/176 4772/6905/164
f 4772/6905/164 4784/6921/176 4785/6922/177 4773/6923/165
f 4773/6907/165 4785/6924/177 4786/6925/178 4774/6908/166
f 4774/6908/166 4786/6925/178 4787/6926/179 4775/6909/167
f 4775/6909/167 4787/6926/179 4788/6927/180 4776/6910/168
f 4776/6911/168 4788/6928/180 4777/6912/169 4765/6895/157
f 4777/6912/169 4789/6929/181 4790/6930/182 4778/6913/170
f 4778/6913/170 4790/6930/182 4791/6931/183 4779/6914/781
f 4779/6915/781 4791/6932/183 4792/6933/184 4780/6916/172
f 4780/6916/172 4792/6933/184 4793/6934/185 4781/6917/173
f 4781/6917/173 4793/6934/185 4794/6935/186 4782/6918/174
f 4782/6919/174 4794/6936/186 4795/6937/187 4783/6920/175
f 4783/6920/175 4795/6937/187 4796/6938/188 4784/6921/176
f 4784/6921/176 4796/6938/188 4797/6939/189 4785/6922/177
f 4785/6924/177 4797/6940/189 4798/6941/190 4786/6925/178
f 4786/6925/178 4798/6941/190 4799/6942/191 4787/6926/179
f 4787/6926/179 4799/6942/191 4800/6943/192 4788/6927/180
f 4788/6928/180 4800/6944/192 4789/6929/181 4777/6912/169
f 4789/6929/181 4801/6945/193 4802/6946/194 4790/6930/182
f 4790/6930/182 4802/6946/194 4803/6947/195 4791/6931/183
f 4791/6932/183 4803/6948/195 4804/6949/196 4792/6933/184
f 4792/6933/184 4804/6949/196 4805/6950/197 4793/6934/185
f 4793/6934/185 4805/6950/197 4806/6951/198 4794/6935/186
f 4794/6936/186 4806/6952/198 4807/6953/199 4795/6937/187
f 4795/6937/187 4807/6953/199 4808/6954/200 4796/6938/188
f 4796/6938/188 4808/6954/200 4809/6955/201 4797/6939/189
f 4797/6940/189 4809/6956/201 4810/6957/202 4798/6941/190
f 4798/6941/190 4810/6957/202 4811/6958/203 4799/6942/191
f 4799/6942/191 4811/6958/203 4812/6959/204 4800/6943/192
f 4800/6944/192 4812/6960/204 4801/6945/193 4789/6929/181
f 4801/6945/193 4813/6961/205 4814/6962/206 4802/6946/194
f 4802/6946/194 4814/6962/206 4815/6963/207 4803/6947/195
f 4803/6948/195 4815/6964/207 4816/6965/208 4804/6949/196
f 4804/6949/196 4816/6965/208 4817/6966/209 4805/6950/197
f 4805/6950/197 4817/6966/209 4818/6967/210 4806/6951/198
f 4806/6952/198 4818/6968/210 4819/6969/211 4807/6953/199
f 4807/6953/199 4819/6969/211 4820/6970/212 4808/6954/200
f 4808/6954/200 4820/6970/212 4821/6971/213 4809/6955/201
f 4809/6956/201 4821/6972/213 4822/6973/214 4810/6957/202
f 4810/6957/202 4822/6973/214 4823/6974/215 4811/6958/203
f 4811/6958/203 4823/6974/215 4824/6975/870 4812/6959/204
f 4812/6960/204 4824/6976/870 4813/6961/205 4801/6945/193
f 4813/6961/205 4825/6977/217 4826/6978/218 4814/6962/206
f 4814/6962/206 4826/6978/218 4827/6979/219 4815/6963/207
f 4815/6964/207 4827/6980/219 4828/6981/220 4816/6965/208
f 4816/6965/208 4828/6981/220 4829/6982/221 4817/6966/209
f 4817/6966/209 4829/6982/221 4830/6983/222 4818/6967/210
f 4818/6968/210 4830/6984/222 4831/6985/223 4819/6969/211
f 4819/6969/211 4831/6985/223 4832/6986/224 4820/6970/212
f 4820/6970/212 4832/6986/224 4833/6987/225 4821/6971/213
f 4821/6972/213 4833/6988/225 4834/6989/226 4822/6973/214
f 4822/6973/214 4834/6989/226 4835/6990/227 4823/6974/215
f 4823/6974/215 4835/6990/227 4836/6991/228 4824/6975/870
f 4824/6976/870 4836/6992/228 4825/6977/217 4813/6961/205
f 4825/6977/217 4837/6993/229 4838/6994/230 4826/6978/218
f 4826/6978/218 4838/6994/230 4839/6995/231 4827/6979/219
f 4827/6980/219 4839/6996/231 4840/6997/232 4828/6981/220
f 4828/6981/220 4840/6997/232 4841/6998/233 4829/6982/221
f 4829/6982/221 4841/6998/233 4842/6999/234 4830/6983/222
f 4830/6984/222 4842/7000/234 4843/7001/235 4831/6985/223
f 4831/6985/223 4843/7001/235 4844/7002/236 4832/6986/224
f 4832/7003/224 4844/7004/236 4845/7005/237 4833/6988/225
f 4833/6988/225 4845/7005/237 4846/7006/238 4834/6989/226
f 4834/6989/226 4846/7006/238 4847/7007/239 4835/6990/227
f 4835/6990/227 4847/7007/239 4848/7008/240 4836/6991/228
f 4836/6992/228 4848/7009/240 4837/6993/229 4825/6977/217
f 4837/7010/229 4849/7011/241 4850/7012/242 4838/7013/230
f 4838/7014/230 4850/7015/242 4851/7016/243 4839/6996/231
f 4839/6996/231 4851/7016/243 4852/7017/244 4840/6997/232
f 4840/6997/232 4852/7017/244 4853/7018/245 4841/6998/233
f 4841/6998/233 4853/7018/245 4854/7019/246 4842/6999/234
f 4842/7020/234 4854/7021/246 4855/7022/247 4843/7023/235
f 4843/7023/235 4855/7022/247 4856/7024/248 4844/7025/236
f 4844/7004/236 4856/7026/248 4857/7027/249 4845/7005/237
f 4845/7005/237 4857/7027/249 4858/7028/250 4846/7006/238
f 4846/7006/238 4858/7028/250 4859/7029/251 4847/7007/239
f 4847/7007/239 4859/7029/251 4860/7030/252 4848/7008/240
f 4848/7031/240 4860/7032/252 4849/7011/241 4837/7010/229
f 4849/7011/241 4861/7033/826 4862/7034/254 4850/7012/242
f 4850/7015/242 4862/7035/254 4863/7036/255 4851/7016/243
f 4851/7016/243 4863/7036/255 4864/7037/856 4852/7017/244
f 4852/7017/244 4864/7037/856 4865/7038/257 4853/7018/245
f 4853/7018/245 4865/7038/257 4866/7039/785 4854/7019/246
f 4854/7021/246 4866/7040/785 4867/7041/259 4855/7022/247
f 4855/7022/247 4867/7041/259 4868/7042/260 4856/7024/248
f 4856/7026/248 4868/7043/260 4869/7044/261 4857/7027/249
f 4857/7027/249 4869/7044/261 4870/7045/262 4858/7028/250
f 4858/7028/250 4870/7045/262 4871/7046/263 4859/7029/251
f 4859/7029/251 4871/7046/263 4872/7047/264 4860/7030/252
f 4860/7032/252 4872/7048/264 4861/7033/826 4849/7011/241
f 4861/7033/826 4873/7049/265 4874/7050/266 4862/7034/254
f 4862/7034/254 4874/7050/266 4875/7051/267 4863/7052/255
f 4863/7036/255 4875/7053/267 4876/7054/268 4864/7037/856
f 4864/7037/856 4876/7054/268 4877/7055/269 4865/7038/257
f 4865/7038/257 4877/7055/269 4878/7056/270 4866/7039/785
f 4866/7040/785 4878/7057/270 4879/7058/787 4867/7041/259
f 4867/7041/259 4879/7058/787 4880/7059/272 4868/7042/260
f 4868/7043/260 4880/7060/272 4881/7061/273 4869/7044/261
f 4869/7044/261 4881/7061/273 4882/7062/274 4870/7045/262
f 4870/7045/262 4882/7062/274 4883/7063/275 4871/7046/263
f 4871/7046/263 4883/7063/275 4884/7064/276 4872/7047/264
f 4872/7048/264 4884/7065/276 4873/7049/265 4861/7033/826
f 4873/7049/265 4885/7066/788 4886/7067/278 4874/7050/266
f 4874/7050/266 4886/7067/278 4887/7068/279 4875/7051/267
f 4875/7053/267 4887/7069/279 4888/7070/280 4876/7054/268
f 4876/7054/268 4888/7070/280 4889/7071/281 4877/7055/269
f 4877/7072/269 4889/7073/281 4890/7074/282 4878/7057/270
f 4878/7057/270 4890/7074/282 4891/7075/283 4879/7058/787
f 4879/7058/787 4891/7075/283 4892/7076/284 4880/7059/272
f 4880/7060/272 4892/7077/284 4893/7078/285 4881/7061/273
f 4881/7061/273 4893/7078/285 4894/7079/286 4882/7062/274
f 4882/7062/274 4894/7079/286 4895/7080/287 4883/7063/275
f 4883/7081/275 4895/7082/287 4896/7083/288 4884/7065/276
f 4884/7065/276 4896/7083/288 4885/7066/788 4873/7049/265
f 4885/7066/788 4897/7084/103 4898/7085/289 4886/7067/278
f 4886/7086/278 4898/7087/289 4899/7088/290 4887/7069/279
f 4887/7069/279 4899/7088/290 4900/7089/291 4888/7070/280
f 4888/7070/280 4900/7089/291 4901/7090/292 4889/7071/281
f 4889/7073/281 4901/7091/292 4902/7092/293 4890/7074/282
f 4890/7074/282 4902/7092/293 4903/7093/97 4891/7075/283
f 4891/7075/283 4903/7093/97 4904/7094/294 4892/7076/284
f 4892/7077/284 4904/7095/294 4905/7096/295 4893/7078/285
f 4893/7078/285 4905/7096/295 4906/7097/296 4894/7079/286
f 4894/7079/286 4906/7097/296 4907/7098/297 4895/7080/287
f 4895/7082/287 4907/7099/297 4908/7100/298 4896/7083/288
f 4896/7083/288 4908/7100/298 4897/7084/103 4885/7066/788
f 4897/7084/103 4909/7101/299 4910/7102/300 4898/7085/289
f 4898/7087/289 4910/7103/300 4911/7104/301 4899/7088/290
f 4899/7088/290 4911/7104/301 4912/7105/302 4900/7089/291
f 4900/7089/291 4912/7105/302 4913/7106/303 4901/7090/292
f 4901/7090/292 4913/7106/303 4914/7107/304 4902/7108/293
f 4902/7092/293 4914/7109/304 4915/7110/305 4903/7093/97
f 4903/7093/97 4915/7110/305 4916/7111/306 4904/7094/294
f 4904/7095/294 4916/7112/306 4917/7113/307 4905/7096/295
f 4905/7096/295 4917/7113/307 4918/7114/308 4906/7097/296
f 4906/7097/296 4918/7114/308 4919/7115/309 4907/7098/297
f 4907/7099/297 4919/7116/309 4920/7117/310 4908/7100/298
f 4908/7100/298 4920/7117/310 4909/7101/299 4897/7084/103
f 4909/7101/299 4921/7118/857 4922/7119/312 4910/7102/300
f 4910/7103/300 4922/7120/312 4923/7121/313 4911/7104/301
f 4911/7104/301 4923/7121/313 4924/7122/314 4912/7105/302
f 4912/7105/302 4924/7122/314 4925/7123/315 4913/7106/303
f 4913/7106/303 4925/7123/315 4926/7124/316 4914/7107/304
f 4914/7109/304 4926/7125/316 4927/7126/317 4915/7110/305
f 4915/7110/305 4927/7126/317 4928/7127/318 4916/7111/306
f 4916/7112/306 4928/7128/318 4929/7129/319 4917/7113/307
f 4917/7113/307 4929/7129/319 4930/7130/320 4918/7114/308
f 4918/7114/308 4930/7130/320 4931/7131/321 4919/7115/309
f 4919/7115/309 4931/7131/321 4932/7132/322 4920/7133/310
f 4920/7117/310 4932/7134/322 4921/7118/857 4909/7101/299
f 4921/7118/857 4933/7135/323 4934/7136/871 4922/7119/312
f 4922/7120/312 4934/7137/871 4935/7138/325 4923/7121/313
f 4923/7121/313 4935/7138/325 4936/7139/326 4924/7122/314
f 4924/7122/314 4936/7139/326 4937/7140/327 4925/7123/315
f 4925/7123/315 4937/7140/327 4938/7141/328 4926/7124/316
f 4926/7125/316 4938/7142/328 4939/7143/329 4927/7126/317
f 4927/7126/317 4939/7143/329 4940/7144/330 4928/7127/318
f 4928/7128/318 4940/7145/330 4941/7146/331 4929/7129/319
f 4929/7129/319 4941/7146/331 4942/7147/332 4930/7130/320
f 4930/7130/320 4942/7147/332 4943/7148/858 4931/7131/321
f 4931/7131/321 4943/7148/858 4944/7149/334 4932/7132/322
f 4932/7134/322 4944/7150/334 4933/7135/323 4921/7118/857
f 4933/7151/323 4945/7152/335 4946/7153/336 4934/7154/871
f 4934/7137/871 4946/7155/336 4947/7156/829 4935/7138/325
f 4935/7138/325 4947/7156/829 4948/7157/338 4936/7139/326
f 4936/7139/326 4948/7157/338 4949/7158/339 4937/7140/327
f 4937/7140/327 4949/7158/339 4950/7159/340 4938/7141/328
f 4938/7160/328 4950/7161/340 4951/7162/341 4939/7163/329
f 4939/7163/329 4951/7162/341 4952/7164/342 4940/7165/330
f 4940/7145/330 4952/7166/342 4953/7167/343 4941/7146/331
f 4941/7146/331 4953/7167/343 4954/7168/344 4942/7147/332
f 4942/7147/332 4954/7168/344 4955/7169/345 4943/7148/858
f 4943/7148/858 4955/7169/345 4956/7170/346 4944/7149/334
f 4944/7171/334 4956/7172/346 4945/7152/335 4933/7151/323
f 4945/7152/335 4957/7173/347 4958/7174/348 4946/7153/336
f 4946/7155/336 4958/7175/348 4959/7176/349 4947/7156/829
f 4947/7156/829 4959/7176/349 4960/7177/350 4948/7157/338
f 4948/7157/338 4960/7177/350 4961/7178/351 4949/7158/339
f 4949/7158/339 4961/7178/351 4962/7179/352 4950/7159/340
f 4950/7161/340 4962/7180/352 4963/7181/353 4951/7162/341
f 4951/7162/341 4963/7181/353 4964/7182/354 4952/7164/342
f 4952/7166/342 4964/7183/354 4965/7184/355 4953/7167/343
f 4953/7167/343 4965/7184/355 4966/7185/356 4954/7168/344
f 4954/7168/344 4966/7185/356 4967/7186/357 4955/7169/345
f 4955/7187/345 4967/7188/357 4968/7189/358 4956/7172/346
f 4956/7172/346 4968/7189/358 4957/7173/347 4945/7152/335
f 4957/7173/347 4969/7190/359 4970/7191/360 4958/7174/348
f 4958/7175/348 4970/7192/360 4971/7193/361 4959/7176/349
f 4959/7176/349 4971/7193/361 4972/7194/362 4960/7177/350
f 4960/7177/350 4972/7194/362 4973/7195/363 4961/7178/351
f 4961/7196/351 4973/7197/363 4974/7198/364 4962/7180/352
f 4962/7180/352 4974/7198/364 4975/7199/365 4963/7181/353
f 4963/7181/353 4975/7199/365 4976/7200/366 4964/7182/354
f 4964/7183/354 4976/7201/366 4977/7202/367 4965/7184/355
f 4965/7184/355 4977/7202/367 4978/7203/368 4966/7185/356
f 4966/7185/356 4978/7203/368 4979/7204/369 4967/7186/357
f 4967/7188/357 4979/7205/369 4980/7206/370 4968/7189/358
f 4968/7189/358 4980/7206/370 4969/7190/359 4957/7173/347
f 4969/7190/359 4981/7207/371 4982/7208/372 4970/7191/360
f 4970/7192/360 4982/7209/372 4983/7210/373 4971/7193/361
f 4971/7193/361 4983/7210/373 4984/7211/374 4972/7194/362
f 4972/7194/362 4984/7211/374 4985/7212/375 4973/7195/363
f 4973/7197/363 4985/7213/375 4986/7214/376 4974/7198/364
f 4974/7198/364 4986/7214/376 4987/7215/377 4975/7199/365
f 4975/7199/365 4987/7215/377 4988/7216/791 4976/7200/366
f 4976/7201/366 4988/7217/791 4989/7218/379 4977/7202/367
f 4977/7202/367 4989/7218/379 4990/7219/380 4978/7203/368
f 4978/7203/368 4990/7219/380 4991/7220/381 4979/7204/369
f 4979/7205/369 4991/7221/381 4992/7222/382 4980/7206/370
f 4980/7206/370 4992/7222/382 4981/7207/371 4969/7190/359
f 4981/7207/371 4609/6667/1 4610/6670/4 4982/7208/372
f 4982/7209/372 4610/6671/4 4611/6674/6 4983/7210/373
f 4983/7210/373 4611/6674/6 4612/6676/8 4984/7211/374
f 4984/7211/374 4612/6676/8 4613/6678/10 4985/7212/375
f 4985/7213/375 4613/6679/10 4614/6682/12 4986/7214/376
f 4986/7214/376 4614/6682/12 4615/6684/14 4987/7215/377
f 4987/7215/377 4615/6684/14 4616/6686/16 4988/7216/791
f 4988/7217/791 4616/6687/16 4617/6690/18 4989/7218/379
f 4989/7218/379 4617/6690/18 4618/6692/20 4990/7219/380
f 4990/7219/380 4618/6692/20 4619/6694/22 4991/7220/381
f 4991/7221/381 4619/6695/22 4620/6698/24 4992/7222/382
f 4992/7222/382 4620/6698/24 4609/6667/1 4981/7207/371
f 4993/7223/383 5005/7224/384 5006/7225/385 4994/7226/386
f 4994/7227/386 5006/7228/385 5007/7229/387 4995/7230/388
f 4995/7230/388 5007/7229/387 5008/7231/389 4996/7232/390
f 4996/7232/390 5008/7231/389 5009/7233/391 4997/7234/392
f 4997/7235/392 5009/7236/391 5010/7237/393 4998/7238/394
f 4998/7238/394 5010/7237/393 5011/7239/395 4999/7240/396
f 4999/7240/396 5011/7239/395 5012/7241/397 5000/7242/398
f 5000/7243/398 5012/7244/397 5013/7245/399 5001/7246/400
f 5001/7246/400 5013/7245/399 5014/7247/401 5002/7248/402
f 5002/7248/402 5014/7247/401 5015/7249/403 5003/7250/404
f 5003/7251/404 5015/7252/403 5016/7253/405 5004/7254/406
f 5004/7254/406 5016/7253/405 5005/7224/384 4993/7223/383
f 5005/7224/384 5017/7255/407 5018/7256/408 5006/7225/385
f 5006/7228/385 5018/7257/408 5019/7258/409 5007/7229/387
f 5007/7229/387 5019/7258/409 5020/7259/410 5008/7231/389
f 5008/7231/389 5020/7259/410 5021/7260/411 5009/7233/391
f 5009/7236/391 5021/7261/411 5022/7262/412 5010/7237/393
f 5010/7237/393 5022/7262/412 5023/7263/413 5011/7239/395
f 5011/7239/395 5023/7263/413 5024/7264/414 5012/7241/397
f 5012/7244/397 5024/7265/414 5025/7266/415 5013/7245/399
f 5013/7245/399 5025/7266/415 5026/7267/416 5014/7247/401
f 5014/7247/401 5026/7267/416 5027/7268/417 5015/7249/403
f 5015/7252/403 5027/7269/417 5028/7270/418 5016/7253/405
f 5016/7253/405 5028/7270/418 5017/7255/407 5005/7224/384
f 5017/7255/407 5029/7271/419 5030/7272/831 5018/7256/408
f 5018/7257/408 5030/7273/831 5031/7274/421 5019/7258/409
f 5019/7258/409 5031/7274/421 5032/7275/422 5020/7259/410
f 5020/7259/410 5032/7275/422 5033/7276/423 5021/7260/411
f 5021/7261/411 5033/7277/423 5034/7278/424 5022/7262/412
f 5022/7262/412 5034/7278/424 5035/7279/425 5023/7263/413
f 5023/7263/413 5035/7279/425 5036/7280/426 5024/7264/414
f 5024/7265/414 5036/7281/426 5037/7282/427 5025/7266/415
f 5025/7266/415 5037/7282/427 5038/7283/428 5026/7267/416
f 5026/7267/416 5038/7283/428 5039/7284/429 5027/7268/417
f 5027/7269/417 5039/7285/429 5040/7286/430 5028/7270/418
f 5028/7270/418 5040/7286/430 5029/7271/419 5017/7255/407
f 5029/7271/419 5041/7287/794 5042/7288/432 5030/7272/831
f 5030/7273/831 5042/7289/432 5043/7290/433 5031/7274/421
f 5031/7274/421 5043/7290/433 5044/7291/434 5032/7275/422
f 5032/7275/422 5044/7291/434 5045/7292/435 5033/7276/423
f 5033/7293/423 5045/7294/435 5046/7295/436 5034/7296/424
f 5034/7278/424 5046/7297/436 5047/7298/437 5035/7279/425
f 5035/7279/425 5047/7298/437 5048/7299/438 5036/7280/426
f 5036/7281/426 5048/7300/438 5049/7301/439 5037/7282/427
f 5037/7282/427 5049/7301/439 5050/7302/440 5038/7283/428
f 5038/7283/428 5050/7302/440 5051/7303/441 5039/7284/429
f 5039/7304/429 5051/7305/441 5052/7306/442 5040/7307/430
f 5040/7286/430 5052/7308/442 5041/7287/794 5029/7271/419
f 5041/7309/794 5053/7310/443 5054/7311/444 5042/7312/432
f 5042/7289/432 5054/7313/444 5055/7314/445 5043/7290/433
f 5043/7290/433 5055/7314/445 5056/7315/446 5044/7291/434
f 5044/7291/434 5056/7315/446 5057/7316/447 5045/7292/435
f 5045/7294/435 5057/7317/447 5058/7318/448 5046/7295/436
f 5046/7295/436 5058/7318/448 5059/7319/449 5047/7320/437
f 5047/7320/437 5059/7319/449 5060/7321/450 5048/7322/438
f 5048/7300/438 5060/7323/450 5061/7324/451 5049/7301/439
f 5049/7301/439 5061/7324/451 5062/7325/452 5050/7302/440
f 5050/7302/440 5062/7325/452 5063/7326/453 5051/7303/441
f 5051/7305/441 5063/7327/453 5064/7328/454 5052/7306/442
f 5052/7306/442 5064/7328/454 5053/7310/443 5041/7309/794
f 5053/7310/443 5065/7329/455 5066/7330/456 5054/7311/444
f 5054/7313/444 5066/7331/456 5067/7332/457 5055/7314/445
f 5055/7314/445 5067/7332/457 5068/7333/458 5056/7315/446
f 5056/7315/446 5068/7333/458 5069/7334/459 5057/7316/447
f 5057/7317/447 5069/7335/459 5070/7336/460 5058/7318/448
f 5058/7318/448 5070/7336/460 5071/7337/461 5059/7319/449
f 5059/7319/449 5071/7337/461 5072/7338/462 5060/7321/450
f 5060/7323/450 5072/7339/462 5073/7340/463 5061/7324/451
f 5061/7324/451 5073/7340/463 5074/7341/464 5062/7325/452
f 5062/7325/452 5074/7341/464 5075/7342/465 5063/7326/453
f 5063/7327/453 5075/7343/465 5076/7344/795 5064/7328/454
f 5064/7328/454 5076/7344/795 5065/7329/455 5053/7310/443
f 5065/7329/455 5077/7345/467 5078/7346/834 5066/7330/456
f 5066/7331/456 5078/7347/834 5079/7348/469 5067/7332/457
f 5067/7332/457 5079/7348/469 5080/7349/470 5068/7333/458
f 5068/7333/458 5080/7349/470 5081/7350/796 5069/7334/459
f 5069/7335/459 5081/7351/796 5082/7352/472 5070/7336/460
f 5070/7336/460 5082/7352/472 5083/7353/473 5071/7337/461
f 5071/7337/461 5083/7353/473 5084/7354/474 5072/7338/462
f 5072/7339/462 5084/7355/474 5085/7356/475 5073/7340/463
f 5073/7340/463 5085/7356/475 5086/7357/476 5074/7341/464
f 5074/7341/464 5086/7357/476 5087/7358/477 5075/7342/465
f 5075/7343/465 5087/7359/477 5088/7360/478 5076/7344/795
f 5076/7344/795 5088/7360/478 5077/7345/467 5065/7329/455
f 5077/7345/467 5089/7361/97 5090/7362/479 5078/7346/834
f 5078/7347/834 5090/7363/479 5091/7364/480 5079/7348/469
f 5079/7348/469 5091/7364/480 5092/7365/481 5080/7349/470
f 5080/7349/470 5092/7365/481 5093/7366/482 5081/7350/796
f 5081/7351/796 5093/7367/482 5094/7368/483 5082/7352/472
f 5082/7352/472 5094/7368/483 5095/7369/103 5083/7353/473
f 5083/7353/473 5095/7369/103 5096/7370/484 5084/7354/474
f 5084/7355/474 5096/7371/484 5097/7372/485 5085/7356/475
f 5085/7356/475 5097/7372/485 5098/7373/486 5086/7357/476
f 5086/7357/476 5098/7373/486 5099/7374/487 5087/7358/477
f 5087/7359/477 5099/7375/487 5100/7376/798 5088/7360/478
f 5088/7360/478 5100/7376/798 5089/7361/97 5077/7345/467
f 5089/7361/97 5101/7377/489 5102/7378/490 5090/7362/479
f 5090/7363/479 5102/7379/490 5103/7380/491 5091/7364/480
f 5091/7364/480 5103/7380/491 5104/7381/492 5092/7365/481
f 5092/7365/481 5104/7381/492 5105/7382/493 5093/7366/482
f 5093/7367/482 5105/7383/493 5106/7384/494 5094/7368/483
f 5094/7368/483 5106/7384/494 5107/7385/799 5095/7369/103
f 5095/7369/103 5107/7385/799 5108/7386/496 5096/7370/484
f 5096/7371/484 5108/7387/496 5109/7388/497 5097/7372/485
f 5097/7372/485 5109/7388/497 5110/7389/498 5098/7373/486
f 5098/7373/486 5110/7389/498 5111/7390/499 5099/7374/487
f 5099/7375/487 5111/7391/499 5112/7392/800 5100/7376/798
f 5100/7376/798 5112/7392/800 5101/7377/489 5089/7361/97
f 5101/7377/489 5113/7393/501 5114/7394/502 5102/7378/490
f 5102/7379/490 5114/7395/502 5115/7396/503 5103/7380/491
f 5103/7380/491 5115/7396/503 5116/7397/504 5104/7381/492
f 5104/7381/492 5116/7397/504 5117/7398/505 5105/7382/493
f 5105/7383/493 5117/7399/505 5118/7400/506 5106/7384/494
f 5106/7384/494 5118/7400/506 5119/7401/507 5107/7385/799
f 5107/7385/799 5119/7401/507 5120/7402/508 5108/7386/496
f 5108/7387/496 5120/7403/508 5121/7404/509 5109/7388/497
f 5109/7388/497 5121/7404/509 5122/7405/510 5110/7389/498
f 5110/7389/498 5122/7405/510 5123/7406/838 5111/7390/499
f 5111/7391/499 5123/7407/838 5124/7408/512 5112/7392/800
f 5112/7392/800 5124/7408/512 5113/7393/501 5101/7377/489
f 5113/7393/501 5125/7409/513 5126/7410/514 5114/7394/502
f 5114/7395/502 5126/7411/514 5127/7412/515 5115/7396/503
f 5115/7396/503 5127/7412/515 5128/7413/516 5116/7397/504
f 5116/7397/504 5128/7413/516 5129/7414/517 5117/7398/505
f 5117/7399/505 5129/7415/517 5130/7416/518 5118/7400/506
f 5118/7400/506 5130/7416/518 5131/7417/519 5119/7401/507
f 5119/7401/507 5131/7417/519 5132/7418/520 5120/7402/508
f 5120/7403/508 5132/7419/520 5133/7420/521 5121/7404/509
f 5121/7404/509 5133/7420/521 5134/7421/522 5122/7405/510
f 5122/7405/510 5134/7421/522 5135/7422/523 5123/7406/838
f 5123/7407/838 5135/7423/523 5136/7424/524 5124/7408/512
f 5124/7408/512 5136/7424/524 5125/7409/513 5113/7393/501
f 5125/7425/513 5137/7426/525 5138/7427/805 5126/7428/514
f 5126/7411/514 5138/7429/805 5139/7430/527 5127/7412/515
f 5127/7412/515 5139/7430/527 5140/7431/528 5128/7413/516
f 5128/7413/516 5140/7431/528 5141/7432/529 5129/7414/517
f 5129/7415/517 5141/7433/529 5142/7434/530 5130/7416/518
f 5130/7416/518 5142/7434/530 5143/7435/531 5131/7417/519
f 5131/7436/519 5143/7437/531 5144/7438/532 5132/7439/520
f 5132/7419/520 5144/7440/532 5145/7441/533 5133/7420/521
f 5133/7420/521 5145/7441/533 5146/7442/534 5134/7421/522
f 5134/7421/522 5146/7442/534 5147/7443/535 5135/7422/523
f 5135/7423/523 5147/7444/535 5148/7445/536 5136/7424/524
f 5136/7424/524 5148/7445/536 5137/7446/525 5125/7409/513
f 5137/7426/525 5149/7447/537 5150/7448/538 5138/7427/805
f 5138/7429/805 5150/7449/538 5151/7450/539 5139/7430/527
f 5139/7430/527 5151/7450/539 5152/7451/540 5140/7431/528
f 5140/7431/528 5152/7451/540 5153/7452/541 5141/7432/529
f 5141/7432/529 5153/7452/541 5154/7453/542 5142/7454/530
f 5142/7455/530 5154/7456/542 5155/7457/543 5143/7437/531
f 5143/7437/531 5155/7457/543 5156/7458/544 5144/7438/532
f 5144/7440/532 5156/7459/544 5157/7460/545 5145/7441/533
f 5145/7441/533 5157/7460/545 5158/7461/546 5146/7442/534
f 5146/7442/534 5158/7461/546 5159/7462/547 5147/7443/535
f 5147/7443/535 5159/7462/547 5160/7463/548 5148/7464/536
f 5148/7465/536 5160/7466/548 5149/7447/537 5137/7426/525
f 5149/7447/537 5161/7467/549 5162/7468/550 5150/7448/538
f 5150/7448/538 5162/7468/550 5163/7469/551 5151/7470/539
f 5151/7450/539 5163/7471/551 5164/7472/552 5152/7451/540
f 5152/7451/540 5164/7472/552 5165/7473/553 5153/7452/541
f 5153/7452/541 5165/7473/553 5166/7474/554 5154/7453/542
f 5154/7456/542 5166/7475/554 5167/7476/555 5155/7457/543
f 5155/7457/543 5167/7476/555 5168/7477/556 5156/7458/544
f 5156/7459/544 5168/7478/556 5169/7479/557 5157/7460/545
f 5157/7460/545 5169/7479/557 5170/7480/558 5158/7461/546
f 5158/7461/546 5170/7480/558 5171/7481/559 5159/7462/547
f 5159/7462/547 5171/7481/559 5172/7482/560 5160/7463/548
f 5160/7466/548 5172/7483/560 5161/7467/549 5149/7447/537
f 5161/7467/549 5173/7484/561 5174/7485/562 5162/7468/550
f 5162/7468/550 5174/7485/562 5175/7486/563 5163/7469/551
f 5163/7471/551 5175/7487/563 5176/7488/564 5164/7472/552
f 5164/7472/552 5176/7488/564 5177/7489/565 5165/7473/553
f 5165/7473/553 5177/7489/565 5178/7490/566 5166/7474/554
f 5166/7475/554 5178/7491/566 5179/7492/567 5167/7476/555
f 5167/7476/555 5179/7492/567 5180/7493/568 5168/7477/556
f 5168/7477/556 5180/7493/568 5181/7494/569 5169/7495/557
f 5169/7479/557 5181/7496/569 5182/7497/570 5170/7480/558
f 5170/7480/558 5182/7497/570 5183/7498/571 5171/7481/559
f 5171/7481/559 5183/7498/571 5184/7499/808 5172/7482/560
f 5172/7483/560 5184/7500/808 5173/7484/561 5161/7467/549
f 5173/7484/561 5185/7501/573 5186/7502/574 5174/7485/562
f 5174/7485/562 5186/7502/574 5187/7503/575 5175/7486/563
f 5175/7487/563 5187/7504/575 5188/7505/576 5176/7488/564
f 5176/7488/564 5188/7505/576 5189/7506/577 5177/7489/565
f 5177/7489/565 5189/7506/577 5190/7507/578 5178/7490/566
f 5178/7491/566 5190/7508/578 5191/7509/579 5179/7492/567
f 5179/7492/567 5191/7509/579 5192/7510/580 5180/7493/568
f 5180/7493/568 5192/7510/580 5193/7511/581 5181/7494/569
f 5181/7496/569 5193/7512/581 5194/7513/582 5182/7497/570
f 5182/7497/570 5194/7513/582 5195/7514/583 5183/7498/571
f 5183/7498/571 5195/7514/583 5196/7515/584 5184/7499/808
f 5184/7500/808 5196/7516/584 5185/7501/573 5173/7484/561
f 5185/7501/573 5197/7517/585 5198/7518/586 5186/7502/574
f 5186/7502/574 5198/7518/586 5199/7519/587 5187/7503/575
f 5187/7504/575 5199/7520/587 5200/7521/588 5188/7505/576
f 5188/7505/576 5200/7521/588 5201/7522/589 5189/7506/577
f 5189/7506/577 5201/7522/589 5202/7523/590 5190/7507/578
f 5190/7508/578 5202/7524/590 5203/7525/591 5191/7509/579
f 5191/7509/579 5203/7525/591 5204/7526/592 5192/7510/580
f 5192/7510/580 5204/7526/592 5205/7527/593 5193/7511/581
f 5193/7512/581 5205/7528/593 5206/7529/594 5194/7513/582
f 5194/7513/582 5206/7529/594 5207/7530/595 5195/7514/583
f 5195/7514/583 5207/7530/595 5208/7531/596 5196/7515/584
f 5196/7516/584 5208/7532/596 5197/7517/585 5185/7501/573
f 5197/7517/585 5209/7533/597 5210/7534/598 5198/7518/586
f 5198/7518/586 5210/7534/598 5211/7535/599 5199/7519/587
f 5199/7520/587 5211/7536/599 5212/7537/600 5200/7521/588
f 5200/7521/588 5212/7537/600 5213/7538/601 5201/7522/589
f 5201/7522/589 5213/7538/601 5214/7539/602 5202/7523/590
f 5202/7524/590 5214/7540/602 5215/7541/603 5203/7525/591
f 5203/7525/591 5215/7541/603 5216/7542/604 5204/7526/592
f 5204/7526/592 5216/7542/604 5217/7543/605 5205/7527/593
f 5205/7528/593 5217/7544/605 5218/7545/606 5206/7529/594
f 5206/7529/594 5218/7545/606 5219/7546/607 5207/7530/595
f 5207/7530/595 5219/7546/607 5220/7547/608 5208/7531/596
f 5208/7532/596 5220/7548/608 5209/7533/597 5197/7517/585
f 5209/7533/597 5221/7549/609 5222/7550/610 5210/7534/598
f 5210/7534/598 5222/7550/610 5223/7551/611 5211/7535/599
f 5211/7536/599 5223/7552/611 5224/7553/612 5212/7537/600
f 5212/7537/600 5224/7553/612 5225/7554/613 5213/7538/601
f 5213/7538/601 5225/7554/613 5226/7555/811 5214/7539/602
f 5214/7540/602 5226/7556/811 5227/7557/615 5215/7541/603
f 5215/7541/603 5227/7557/615 5228/7558/616 5216/7542/604
f 5216/7542/604 5228/7558/616 5229/7559/617 5217/7543/605
f 5217/7544/605 5229/7560/617 5230/7561/618 5218/7545/606
f 5218/7545/606 5230/7561/618 5231/7562/619 5219/7546/607
f 5219/7546/607 5231/7562/619 5232/7563/620 5220/7547/608
f 5220/7548/608 5232/7564/620 5221/7549/609 5209/7533/597
f 5221/7549/609 5233/7565/621 5234/7566/622 5222/7550/610
f 5222/7550/610 5234/7566/622 5235/7567/623 5223/7551/611
f 5223/7552/611 5235/7568/623 5236/7569/624 5224/7553/612
f 5224/7553/612 5236/7569/624 5237/7570/625 5225/7554/613
f 5225/7554/613 5237/7570/625 5238/7571/626 5226/7555/811
f 5226/7556/811 5238/7572/626 5239/7573/842 5227/7557/615
f 5227/7557/615 5239/7573/842 5240/7574/628 5228/7558/616
f 5228/7575/616 5240/7576/628 5241/7577/629 5229/7578/617
f 5229/7560/617 5241/7579/629 5242/7580/630 5230/7561/618
f 5230/7561/618 5242/7580/630 5243/7581/631 5231/7562/619
f 5231/7562/619 5243/7581/631 5244/7582/632 5232/7563/620
f 5232/7564/620 5244/7583/632 5233/7565/621 5221/7549/609
f 5233/7584/621 5245/7585/633 5246/7586/634 5234/7587/622
f 5234/7587/622 5246/7586/634 5247/7588/635 5235/7589/623
f 5235/7568/623 5247/7590/635 5248/7591/636 5236/7569/624
f 5236/7569/624 5248/7591/636 5249/7592/637 5237/7570/625
f 5237/7570/625 5249/7592/637 5250/7593/638 5238/7571/626
f 5238/7594/626 5250/7595/638 5251/7596/639 5239/7597/842
f 5239/7597/842 5251/7596/639 5252/7598/640 5240/7576/628
f 5240/7576/628 5252/7598/640 5253/7599/641 5241/7577/629
f 5241/7579/629 5253/7600/641 5254/7601/642 5242/7580/630
f 5242/7580/630 5254/7601/642 5255/7602/643 5243/7581/631
f 5243/7581/631 5255/7602/643 5256/7603/644 5244/7582/632
f 5244/7604/632 5256/7605/644 5245/7585/633 5233/7584/621
f 5245/7585/633 5257/7606/645 5258/7607/646 5246/7586/634
f 5246/7586/634 5258/7607/646 5259/7608/647 5247/7588/635
f 5247/7590/635 5259/7609/647 5260/7610/648 5248/7591/636
f 5248/7591/636 5260/7610/648 5261/7611/649 5249/7592/637
f 5249/7592/637 5261/7611/649 5262/7612/650 5250/7593/638
f 5250/7595/638 5262/7613/650 5263/7614/651 5251/7596/639
f 5251/7596/639 5263/7614/651 5264/7615/652 5252/7598/640
f 5252/7598/640 5264/7615/652 5265/7616/653 5253/7599/641
f 5253/7600/641 5265/7617/653 5266/7618/654 5254/7601/642
f 5254/7601/642 5266/7618/654 5267/7619/655 5255/7602/643
f 5255/7602/643 5267/7619/655 5268/7620/656 5256/7603/644
f 5256/7605/644 5268/7621/656 5257/7606/645 5245/7585/633
f 5257/7606/645 5269/7622/814 5270/7623/658 5258/7607/646
f 5258/7607/646 5270/7623/658 5271/7624/659 5259/7608/647
f 5259/7609/647 5271/7625/659 5272/7626/660 5260/7610/648
f 5260/7610/648 5272/7626/660 5273/7627/661 5261/7611/649
f 5261/7611/649 5273/7627/661 5274/7628/662 5262/7612/650
f 5262/7613/650 5274/7629/662 5275/7630/663 5263/7614/651
f 5263/7614/651 5275/7630/663 5276/7631/664 5264/7615/652
f 5264/7615/652 5276/7631/664 5277/7632/665 5265/7616/653
f 5265/7617/653 5277/7633/665 5278/7634/666 5266/7618/654
f 5266/7618/654 5278/7634/666 5279/7635/667 5267/7619/655
f 5267/7619/655 5279/7635/667 5280/7636/668 5268/7620/656
f 5268/7621/656 5280/7637/668 5269/7622/814 5257/7606/645
f 5269/7622/814 5281/7638/103 5282/7639/867 5270/7623/658
f 5270/7623/658 5282/7639/867 5283/7640/670 5271/7624/659
f 5271/7625/659 5283/7641/670 5284/7642/671 5272/7626/660
f 5272/7626/660 5284/7642/671 5285/7643/672 5273/7627/661
f 5273/7627/661 5285/7643/672 5286/7644/673 5274/7628/662
f 5274/7629/662 5286/7645/673 5287/7646/97 5275/7630/663
f 5275/7630/663 5287/7646/97 5288/7647/674 5276/7631/664
f 5276/7631/664 5288/7647/674 5289/7648/675 5277/7632/665
f 5277/7633/665 5289/7649/675 5290/7650/676 5278/7634/666
f 5278/7634/666 5290/7650/676 5291/7651/677 5279/7635/667
f 5279/7635/667 5291/7651/677 5292/7652/678 5280/7636/668
f 5280/7637/668 5292/7653/678 5281/7638/103 5269/7622/814
f 5281/7638/103 5293/7654/679 5294/7655/680 5282/7639/867
f 5282/7639/867 5294/7655/680 5295/7656/681 5283/7640/670
f 5283/7641/670 5295/7657/681 5296/7658/846 5284/7642/671
f 5284/7642/671 5296/7658/846 5297/7659/683 5285/7643/672
f 5285/7643/672 5297/7659/683 5298/7660/684 5286/7644/673
f 5286/7645/673 5298/7661/684 5299/7662/685 5287/7646/97
f 5287/7646/97 5299/7662/685 5300/7663/686 5288/7647/674
f 5288/7647/674 5300/7663/686 5301/7664/687 5289/7648/675
f 5289/7649/675 5301/7665/687 5302/7666/688 5290/7650/676
f 5290/7650/676 5302/7666/688 5303/7667/689 5291/7651/677
f 5291/7651/677 5303/7667/689 5304/7668/690 5292/7652/678
f 5292/7653/678 5304/7669/690 5293/7654/679 5281/7638/103
f 5293/7654/679 5305/7670/691 5306/7671/692 5294/7655/680
f 5294/7655/680 5306/7671/692 5307/7672/693 5295/7656/681
f 5295/7657/681 5307/7673/693 5308/7674/694 5296/7658/846
f 5296/7658/846 5308/7674/694 5309/7675/695 5297/7659/683
f 5297/7659/683 5309/7675/695 5310/7676/696 5298/7660/684
f 5298/7661/684 5310/7677/696 5311/7678/697 5299/7662/685
f 5299/7662/685 5311/7678/697 5312/7679/698 5300/7663/686
f 5300/7663/686 5312/7679/698 5313/7680/699 5301/7664/687
f 5301/7665/687 5313/7681/699 5314/7682/700 5302/7666/688
f 5302/7666/688 5314/7682/700 5315/7683/701 5303/7667/689
f 5303/7667/689 5315/7683/701 5316/7684/702 5304/7668/690
f 5304/7669/690 5316/7685/702 5305/7670/691 5293/7654/679
f 5305/7670/691 5317/7686/703 5318/7687/704 5306/7671/692
f 5306/7671/692 5318/7687/704 5319/7688/705 5307/7672/693
f 5307/7673/693 5319/7689/705 5320/7690/818 5308/7674/694
f 5308/7674/694 5320/7690/818 5321/7691/707 5309/7675/695
f 5309/7675/695 5321/7691/707 5322/7692/708 5310/7676/696
f 5310/7677/696 5322/7693/708 5323/7694/709 5311/7678/697
f 5311/7678/697 5323/7694/709 5324/7695/710 5312/7679/698
f 5312/7679/698 5324/7695/710 5325/7696/711 5313/7680/699
f 5313/7681/699 5325/7697/711 5326/7698/712 5314/7682/700
f 5314/7682/700 5326/7698/712 5327/7699/713 5315/7683/701
f 5315/7683/701 5327/7699/713 5328/7700/714 5316/7684/702
f 5316/7685/702 5328/7701/714 5317/7686/703 5305/7670/691
f 5317/7686/703 5329/7702/715 5330/7703/716 5318/7687/704
f 5318/7687/704 5330/7703/716 5331/7704/717 5319/7688/705
f 5319/7689/705 5331/7705/717 5332/7706/869 5320/7690/818
f 5320/7690/818 5332/7706/869 5333/7707/719 5321/7691/707
f 5321/7691/707 5333/7707/719 5334/7708/720 5322/7692/708
f 5322/7709/708 5334/7710/720 5335/7711/721 5323/7712/709
f 5323/7694/709 5335/7713/721 5336/7714/722 5324/7695/710
f 5324/7695/710 5336/7714/722 5337/7715/723 5325/7696/711
f 5325/7697/711 5337/7716/723 5338/7717/724 5326/7698/712
f 5326/7698/712 5338/7717/724 5339/7718/725 5327/7699/713
f 5327/7699/713 5339/7718/725 5340/7719/726 5328/7700/714
f 5328/7720/714 5340/7721/726 5329/7722/715 5317/7723/703
f 5329/7722/715 5341/7724/727 5342/7725/728 5330/7726/716
f 5330/7727/716 5342/7728/728 5343/7729/729 5331/7705/717
f 5331/7705/717 5343/7729/729 5344/7730/730 5332/7706/869
f 5332/7706/869 5344/7730/730 5345/7731/731 5333/7707/719
f 5333/7707/719 5345/7731/731 5346/7732/820 5334/7708/720
f 5334/7710/720 5346/7733/820 5347/7734/847 5335/7711/721
f 5335/7711/721 5347/7734/847 5348/7735/734 5336/7736/722
f 5336/7737/722 5348/7738/734 5349/7739/735 5337/7716/723
f 5337/7716/723 5349/7739/735 5350/7740/736 5338/7717/724
f 5338/7717/724 5350/7740/736 5351/7741/737 5339/7718/725
f 5339/7718/725 5351/7741/737 5352/7742/738 5340/7719/726
f 5340/7721/726 5352/7743/738 5341/7724/727 5329/7722/715
f 5341/7724/727 5353/7744/739 5354/7745/740 5342/7725/728
f 5342/7728/728 5354/7746/740 5355/7747/741 5343/7729/729
f 5343/7729/729 5355/7747/741 5356/7748/742 5344/7730/730
f 5344/7730/730 5356/7748/742 5357/7749/743 5345/7731/731
f 5345/7731/731 5357/7749/743 5358/7750/744 5346/7732/820
f 5346/7733/820 5358/7751/744 5359/7752/745 5347/7734/847
f 5347/7734/847 5359/7752/745 5360/7753/746 5348/7735/734
f 5348/7738/734 5360/7754/746 5361/7755/747 5349/7739/735
f 5349/7739/735 5361/7755/747 5362/7756/748 5350/7740/736
f 5350/7740/736 5362/7756/748 5363/7757/749 5351/7741/737
f 5351/7758/737 5363/7759/749 5364/7760/750 5352/7743/738
f 5352/7743/738 5364/7760/750 5353/7744/739 5341/7724/727
f 5353/7744/739 5365/7761/751 5366/7762/752 5354/7745/740
f 5354/7746/740 5366/7763/752 5367/7764/753 5355/7747/741
f 5355/7747/741 5367/7764/753 5368/7765/754 5356/7748/742
f 5356/7748/742 5368/7765/754 5369/7766/755 5357/7749/743
f 5357/7767/743 5369/7768/755 5370/7769/756 5358/7751/744
f 5358/7751/744 5370/7769/756 5371/7770/757 5359/7752/745
f 5359/7752/745 5371/7770/757 5372/7771/758 5360/7753/746
f 5360/7754/746 5372/7772/758 5373/7773/759 5361/7755/747
f 5361/7755/747 5373/7773/759 5374/7774/760 5362/7756/748
f 5362/7756/748 5374/7774/760 5375/7775/761 5363/7757/749
f 5363/7759/749 5375/7776/761 5376/7777/762 5364/7760/750
f 5364/7760/750 5376/7777/762 5365/7761/751 5353/7744/739
f 5365/7761/751 4993/7223/383 4994/7226/386 5366/7762/752
f 5366/7763/752 4994/7227/386 4995/7230/388 5367/7764/753
f 5367/7764/753 4995/7230/388 4996/7232/390 5368/7765/754
f 5368/7765/754 4996/7232/390 4997/7234/392 5369/7766/755
f 5369/7768/755 4997/7235/392 4998/7238/394 5370/7769/756
f 5370/7769/756 4998/7238/394 4999/7240/396 5371/7770/757
f 5371/7770/757 4999/7240/396 5000/7242/398 5372/7771/758
f 5372/7772/758 5000/7243/398 5001/7246/400 5373/7773/759
f 5373/7773/759 5001/7246/400 5002/7248/402 5374/7774/760
f 5374/7774/760 5002/7248/402 5003/7250/404 5375/7775/761
f 5375/7776/761 5003/7251/404 5004/7254/406 5376/7777/762
f 5376/7777/762 5004/7254/406 4993/7223/383 5365/7761/751
f 5377/7778/1 5389/7779/2 5390/7780/3 5378/7781/4
f 5378/7782/4 5390/7783/3 5391/7784/5 5379/7785/6
f 5379/7785/6 5391/7784/5 5392/7786/7 5380/7787/8
f 5380/7787/8 5392/7786/7 5393/7788/9 5381/7789/10
f 5381/7790/10 5393/7791/9 5394/7792/11 5382/7793/12
f 5382/7793/12 5394/7792/11 5395/7794/13 5383/7795/14
f 5383/7795/14 5395/7794/13 5396/7796/15 5384/7797/16
f 5384/7798/16 5396/7799/15 5397/7800/17 5385/7801/18
f 5385/7801/18 5397/7800/17 5398/7802/19 5386/7803/20
f 5386/7803/20 5398/7802/19 5399/7804/21 5387/7805/22
f 5387/7806/22 5399/7807/21 5400/7808/23 5388/7809/24
f 5388/7809/24 5400/7808/23 5389/7779/2 5377/7778/1
f 5389/7779/2 5401/7810/25 5402/7811/26 5390/7780/3
f 5390/7783/3 5402/7812/26 5403/7813/27 5391/7784/5
f 5391/7784/5 5403/7813/27 5404/7814/28 5392/7786/7
f 5392/7786/7 5404/7814/28 5405/7815/29 5393/7788/9
f 5393/7791/9 5405/7816/29 5406/7817/30 5394/7792/11
f 5394/7792/11 5406/7817/30 5407/7818/31 5395/7794/13
f 5395/7794/13 5407/7818/31 5408/7819/32 5396/7796/15
f 5396/7799/15 5408/7820/32 5409/7821/33 5397/7800/17
f 5397/7800/17 5409/7821/33 5410/7822/34 5398/7802/19
f 5398/7802/19 5410/7822/34 5411/7823/35 5399/7804/21
f 5399/7807/21 5411/7824/35 5412/7825/36 5400/7808/23
f 5400/7808/23 5412/7825/36 5401/7810/25 5389/7779/2
f 5401/7810/25 5413/7826/37 5414/7827/38 5402/7811/26
f 5402/7812/26 5414/7828/38 5415/7829/39 5403/7813/27
f 5403/7813/27 5415/7829/39 5416/7830/40 5404/7814/28
f 5404/7814/28 5416/7830/40 5417/7831/764 5405/7815/29
f 5405/7815/29 5417/7831/764 5418/7832/42 5406/7833/30
f 5406/7817/30 5418/7834/42 5419/7835/43 5407/7818/31
f 5407/7818/31 5419/7835/43 5420/7836/765 5408/7819/32
f 5408/7820/32 5420/7837/765 5421/7838/45 5409/7821/33
f 5409/7821/33 5421/7838/45 5422/7839/46 5410/7822/34
f 5410/7822/34 5422/7839/46 5423/7840/47 5411/7823/35
f 5411/7824/35 5423/7841/47 5424/7842/48 5412/7825/36
f 5412/7825/36 5424/7842/48 5413/7826/37 5401/7810/25
f 5413/7843/37 5425/7844/49 5426/7845/50 5414/7846/38
f 5414/7828/38 5426/7847/50 5427/7848/51 5415/7829/39
f 5415/7829/39 5427/7848/51 5428/7849/52 5416/7830/40
f 5416/7830/40 5428/7849/52 5429/7850/53 5417/7831/764
f 5417/7831/764 5429/7850/53 5430/7851/54 5418/7832/42
f 5418/7852/42 5430/7853/54 5431/7854/55 5419/7855/43
f 5419/7855/43 5431/7854/55 5432/7856/56 5420/7857/765
f 5420/7837/765 5432/7858/56 5433/7859/766 5421/7838/45
f 5421/7838/45 5433/7859/766 5434/7860/58 5422/7839/46
f 5422/7839/46 5434/7860/58 5435/7861/59 5423/7840/47
f 5423/7840/47 5435/7861/59 5436/7862/60 5424/7863/48
f 5424/7864/48 5436/7865/60 5425/7844/49 5413/7843/37
f 5425/7844/49 5437/7866/767 5438/7867/62 5426/7845/50
f 5426/7847/50 5438/7868/62 5439/7869/63 5427/7848/51
f 5427/7848/51 5439/7869/63 5440/7870/64 5428/7849/52
f 5428/7849/52 5440/7870/64 5441/7871/768 5429/7850/53
f 5429/7850/53 5441/7871/768 5442/7872/66 5430/7851/54
f 5430/7853/54 5442/7873/66 5443/7874/769 5431/7854/55
f 5431/7854/55 5443/7874/769 5444/7875/68 5432/7856/56
f 5432/7858/56 5444/7876/68 5445/7877/69 5433/7859/766
f 5433/7859/766 5445/7877/69 5446/7878/70 5434/7860/58
f 5434/7860/58 5446/7878/70 5447/7879/71 5435/7861/59
f 5435/7861/59 5447/7879/71 5448/7880/72 5436/7862/60
f 5436/7865/60 5448/7881/72 5437/7866/767 5425/7844/49
f 5437/7866/767 5449/7882/73 5450/7883/74 5438/7867/62
f 5438/7867/62 5450/7883/74 5451/7884/75 5439/7885/63
f 5439/7869/63 5451/7886/75 5452/7887/76 5440/7870/64
f 5440/7870/64 5452/7887/76 5453/7888/77 5441/7871/768
f 5441/7871/768 5453/7888/77 5454/7889/78 5442/7872/66
f 5442/7873/66 5454/7890/78 5455/7891/79 5443/7874/769
f 5443/7874/769 5455/7891/79 5456/7892/80 5444/7875/68
f 5444/7876/68 5456/7893/80 5457/7894/81 5445/7877/69
f 5445/7877/69 5457/7894/81 5458/7895/82 5446/7878/70
f 5446/7878/70 5458/7895/82 5459/7896/83 5447/7879/71
f 5447/7897/71 5459/7898/83 5460/7899/770 5448/7881/72
f 5448/7881/72 5460/7899/770 5449/7882/73 5437/7866/767
f 5449/7882/73 5461/7900/85 5462/7901/86 5450/7883/74
f 5450/7883/74 5462/7901/86 5463/7902/87 5451/7884/75
f 5451/7886/75 5463/7903/87 5464/7904/88 5452/7887/76
f 5452/7887/76 5464/7904/88 5465/7905/89 5453/7888/77
f 5453/7888/77 5465/7905/89 5466/7906/771 5454/7889/78
f 5454/7890/78 5466/7907/771 5467/7908/91 5455/7891/79
f 5455/7891/79 5467/7908/91 5468/7909/92 5456/7892/80
f 5456/7893/80 5468/7910/92 5469/7911/93 5457/7894/81
f 5457/7894/81 5469/7911/93 5470/7912/94 5458/7895/82
f 5458/7895/82 5470/7912/94 5471/7913/95 5459/7896/83
f 5459/7898/83 5471/7914/95 5472/7915/96 5460/7899/770
f 5460/7899/770 5472/7915/96 5461/7900/85 5449/7882/73
f 5461/7900/85 5473/7916/97 5474/7917/98 5462/7901/86
f 5462/7901/86 5474/7917/98 5475/7918/99 5463/7902/87
f 5463/7903/87 5475/7919/99 5476/7920/100 5464/7904/88
f 5464/7904/88 5476/7920/100 5477/7921/101 5465/7905/89
f 5465/7905/89 5477/7921/101 5478/7922/102 5466/7906/771
f 5466/7907/771 5478/7923/102 5479/7924/103 5467/7908/91
f 5467/7908/91 5479/7924/103 5480/7925/104 5468/7909/92
f 5468/7909/92 5480/7925/104 5481/7926/105 5469/7927/93
f 5469/7911/93 5481/7928/105 5482/7929/106 5470/7912/94
f 5470/7912/94 5482/7929/106 5483/7930/107 5471/7913/95
f 5471/7913/95 5483/7930/107 5484/7931/108 5472/7932/96
f 5472/7915/96 5484/7933/108 5473/7916/97 5461/7900/85
f 5473/7916/97 5485/7934/109 5486/7935/110 5474/7917/98
f 5474/7917/98 5486/7935/110 5487/7936/111 5475/7918/99
f 5475/7919/99 5487/7937/111 5488/7938/112 5476/7920/100
f 5476/7920/100 5488/7938/112 5489/7939/113 5477/7921/101
f 5477/7921/101 5489/7939/113 5490/7940/114 5478/7922/102
f 5478/7923/102 5490/7941/114 5491/7942/115 5479/7924/103
f 5479/7924/103 5491/7942/115 5492/7943/116 5480/7925/104
f 5480/7944/104 5492/7945/116 5493/7946/117 5481/7928/105
f 5481/7928/105 5493/7946/117 5494/7947/118 5482/7929/106
f 5482/7929/106 5494/7947/118 5495/7948/119 5483/7930/107
f 5483/7930/107 5495/7948/119 5496/7949/120 5484/7931/108
f 5484/7933/108 5496/7950/120 5485/7934/109 5473/7916/97
f 5485/7934/109 5497/7951/121 5498/7952/122 5486/7935/110
f 5486/7953/110 5498/7954/122 5499/7955/123 5487/7937/111
f 5487/7937/111 5499/7955/123 5500/7956/124 5488/7938/112
f 5488/7938/112 5500/7956/124 5501/7957/125 5489/7939/113
f 5489/7939/113 5501/7957/125 5502/7958/126 5490/7940/114
f 5490/7941/114 5502/7959/126 5503/7960/127 5491/7942/115
f 5491/7942/115 5503/7960/127 5504/7961/128 5492/7943/116
f 5492/7945/116 5504/7962/128 5505/7963/129 5493/7946/117
f 5493/7946/117 5505/7963/129 5506/7964/130 5494/7947/118
f 5494/7947/118 5506/7964/130 5507/7965/131 5495/7948/119
f 5495/7948/119 5507/7965/131 5508/7966/132 5496/7949/120
f 5496/7950/120 5508/7967/132 5497/7951/121 5485/7934/109
f 5497/7951/121 5509/7968/133 5510/7969/134 5498/7952/122
f 5498/7954/122 5510/7970/134 5511/7971/135 5499/7955/123
f 5499/7955/123 5511/7971/135 5512/7972/136 5500/7956/124
f 5500/7956/124 5512/7972/136 5513/7973/137 5501/7957/125
f 5501/7957/125 5513/7973/137 5514/7974/138 5502/7958/126
f 5502/7959/126 5514/7975/138 5515/7976/852 5503/7960/127
f 5503/7960/127 5515/7976/852 5516/7977/140 5504/7961/128
f 5504/7962/128 5516/7978/140 5517/7979/141 5505/7963/129
f 5505/7963/129 5517/7979/141 5518/7980/142 5506/7964/130
f 5506/7964/130 5518/7980/142 5519/7981/143 5507/7965/131
f 5507/7965/131 5519/7981/143 5520/7982/144 5508/7966/132
f 5508/7967/132 5520/7983/144 5509/7968/133 5497/7951/121
f 5509/7984/133 5521/7985/145 5522/7986/146 5510/7987/134
f 5510/7970/134 5522/7988/146 5523/7989/147 5511/7971/135
f 5511/7971/135 5523/7989/147 5524/7990/148 5512/7972/136
f 5512/7972/136 5524/7990/148 5525/7991/149 5513/7973/137
f 5513/7973/137 5525/7991/149 5526/7992/150 5514/7974/138
f 5514/7993/138 5526/7994/150 5527/7995/777 5515/7996/852
f 5515/7996/852 5527/7995/777 5528/7997/152 5516/7998/140
f 5516/7978/140 5528/7999/152 5529/8000/778 5517/7979/141
f 5517/7979/141 5529/8000/778 5530/8001/154 5518/7980/142
f 5518/7980/142 5530/8001/154 5531/8002/155 5519/7981/143
f 5519/7981/143 5531/8002/155 5532/8003/156 5520/7982/144
f 5520/8004/144 5532/8005/156 5521/7985/145 5509/7984/133
f 5521/7985/145 5533/8006/157 5534/8007/158 5522/7986/146
f 5522/7986/146 5534/8007/158 5535/8008/159 5523/8009/147
f 5523/7989/147 5535/8010/159 5536/8011/160 5524/7990/148
f 5524/7990/148 5536/8011/160 5537/8012/161 5525/7991/149
f 5525/7991/149 5537/8012/161 5538/8013/779 5526/7992/150
f 5526/7994/150 5538/8014/779 5539/8015/163 5527/7995/777
f 5527/7995/777 5539/8015/163 5540/8016/164 5528/7997/152
f 5528/7999/152 5540/8017/164 5541/8018/165 5529/8000/778
f 5529/8000/778 5541/8018/165 5542/8019/166 5530/8001/154
f 5530/8001/154 5542/8019/166 5543/8020/167 5531/8002/155
f 5531/8002/155 5543/8020/167 5544/8021/168 5532/8003/156
f 5532/8005/156 5544/8022/168 5533/8006/157 5521/7985/145
f 5533/8006/157 5545/8023/169 5546/8024/170 5534/8007/158
f 5534/8007/158 5546/8024/170 5547/8025/171 5535/8008/159
f 5535/8010/159 5547/8026/171 5548/8027/172 5536/8011/160
f 5536/8011/160 5548/8027/172 5549/8028/173 5537/8012/161
f 5537/8012/161 5549/8028/173 5550/8029/174 5538/8013/779
f 5538/8014/779 5550/8030/174 5551/8031/175 5539/8015/163
f 5539/8015/163 5551/8031/175 5552/8032/176 5540/8016/164
f 5540/8016/164 5552/8032/176 5553/8033/177 5541/8034/165
f 5541/8018/165 5553/8035/177 5554/8036/178 5542/8019/166
f 5542/8019/166 5554/8036/178 5555/8037/179 5543/8020/167
f 5543/8020/167 5555/8037/179 5556/8038/180 5544/8021/168
f 5544/8022/168 5556/8039/180 5545/8023/169 5533/8006/157
f 5545/8023/169 5557/8040/181 5558/8041/182 5546/8024/170
f 5546/8024/170 5558/8041/182 5559/8042/183 5547/8025/171
f 5547/8026/171 5559/8043/183 5560/8044/184 5548/8027/172
f 5548/8027/172 5560/8044/184 5561/8045/185 5549/8028/173
f 5549/8028/173 5561/8045/185 5562/8046/186 5550/8029/174
f 5550/8030/174 5562/8047/186 5563/8048/187 5551/8031/175
f 5551/8031/175 5563/8048/187 5564/8049/188 5552/8032/176
f 5552/8032/176 5564/8049/188 5565/8050/189 5553/8033/177
f 5553/8035/177 5565/8051/189 5566/8052/190 5554/8036/178
f 5554/8036/178 5566/8052/190 5567/8053/191 5555/8037/179
f 5555/8037/179 5567/8053/191 5568/8054/192 5556/8038/180
f 5556/8039/180 5568/8055/192 5557/8040/181 5545/8023/169
f 5557/8040/181 5569/8056/193 5570/8057/194 5558/8041/182
f 5558/8041/182 5570/8057/194 5571/8058/195 5559/8042/183
f 5559/8043/183 5571/8059/195 5572/8060/196 5560/8044/184
f 5560/8044/184 5572/8060/196 5573/8061/197 5561/8045/185
f 5561/8045/185 5573/8061/197 5574/8062/198 5562/8046/186
f 5562/8047/186 5574/8063/198 5575/8064/199 5563/8048/187
f 5563/8048/187 5575/8064/199 5576/8065/200 5564/8049/188
f 5564/8049/188 5576/8065/200 5577/8066/201 5565/8050/189
f 5565/8051/189 5577/8067/201 5578/8068/202 5566/8052/190
f 5566/8052/190 5578/8068/202 5579/8069/203 5567/8053/191
f 5567/8053/191 5579/8069/203 5580/8070/204 5568/8054/192
f 5568/8055/192 5580/8071/204 5569/8056/193 5557/8040/181
f 5569/8056/193 5581/8072/205 5582/8073/206 5570/8057/194
f 5570/8057/194 5582/8073/206 5583/8074/207 5571/8058/195
f 5571/8059/195 5583/8075/207 5584/8076/208 5572/8060/196
f 5572/8060/196 5584/8076/208 5585/8077/209 5573/8061/197
f 5573/8061/197 5585/8077/209 5586/8078/210 5574/8062/198
f 5574/8063/198 5586/8079/210 5587/8080/211 5575/8064/199
f 5575/8064/199 5587/8080/211 5588/8081/212 5576/8065/200
f 5576/8065/200 5588/8081/212 5589/8082/213 5577/8066/201
f 5577/8067/201 5589/8083/213 5590/8084/214 5578/8068/202
f 5578/8068/202 5590/8084/214 5591/8085/215 5579/8069/203
f 5579/8069/203 5591/8085/215 5592/8086/216 5580/8070/204
f 5580/8071/204 5592/8087/216 5581/8072/205 5569/8056/193
f 5581/8072/205 5593/8088/217 5594/8089/218 5582/8073/206
f 5582/8073/206 5594/8089/218 5595/8090/219 5583/8074/207
f 5583/8075/207 5595/8091/219 5596/8092/220 5584/8076/208
f 5584/8076/208 5596/8092/220 5597/8093/221 5585/8077/209
f 5585/8077/209 5597/8093/221 5598/8094/222 5586/8078/210
f 5586/8079/210 5598/8095/222 5599/8096/223 5587/8080/211
f 5587/8080/211 5599/8096/223 5600/8097/224 5588/8081/212
f 5588/8081/212 5600/8097/224 5601/8098/225 5589/8082/213
f 5589/8083/213 5601/8099/225 5602/8100/226 5590/8084/214
f 5590/8084/214 5602/8100/226 5603/8101/227 5591/8085/215
f 5591/8085/215 5603/8101/227 5604/8102/228 5592/8086/216
f 5592/8087/216 5604/8103/228 5593/8088/217 5581/8072/205
f 5593/8088/217 5605/8104/229 5606/8105/230 5594/8089/218
f 5594/8089/218 5606/8105/230 5607/8106/231 5595/8090/219
f 5595/8091/219 5607/8107/231 5608/8108/232 5596/8092/220
f 5596/8092/220 5608/8108/232 5609/8109/233 5597/8093/221
f 5597/8093/221 5609/8109/233 5610/8110/234 5598/8094/222
f 5598/8095/222 5610/8111/234 5611/8112/235 5599/8096/223
f 5599/8096/223 5611/8112/235 5612/8113/236 5600/8097/224
f 5600/8114/224 5612/8115/236 5613/8116/237 5601/8099/225
f 5601/8099/225 5613/8116/237 5614/8117/238 5602/8100/226
f 5602/8100/226 5614/8117/238 5615/8118/239 5603/8101/227
f 5603/8101/227 5615/8118/239 5616/8119/240 5604/8102/228
f 5604/8103/228 5616/8120/240 5605/8104/229 5593/8088/217
f 5605/8121/229 5617/8122/241 5618/8123/242 5606/8124/230
f 5606/8125/230 5618/8126/242 5619/8127/243 5607/8107/231
f 5607/8107/231 5619/8127/243 5620/8128/244 5608/8108/232
f 5608/8108/232 5620/8128/244 5621/8129/245 5609/8109/233
f 5609/8109/233 5621/8129/245 5622/8130/246 5610/8110/234
f 5610/8131/234 5622/8132/246 5623/8133/247 5611/8134/235
f 5611/8134/235 5623/8133/247 5624/8135/248 5612/8136/236
f 5612/8115/236 5624/8137/248 5625/8138/249 5613/8116/237
f 5613/8116/237 5625/8138/249 5626/8139/250 5614/8117/238
f 5614/8117/238 5626/8139/250 5627/8140/251 5615/8118/239
f 5615/8118/239 5627/8140/251 5628/8141/252 5616/8119/240
f 5616/8142/240 5628/8143/252 5617/8122/241 5605/8121/229
f 5617/8122/241 5629/8144/253 5630/8145/254 5618/8123/242
f 5618/8126/242 5630/8146/254 5631/8147/255 5619/8127/243
f 5619/8127/243 5631/8147/255 5632/8148/856 5620/8128/244
f 5620/8128/244 5632/8148/856 5633/8149/257 5621/8129/245
f 5621/8129/245 5633/8149/257 5634/8150/785 5622/8130/246
f 5622/8132/246 5634/8151/785 5635/8152/259 5623/8133/247
f 5623/8133/247 5635/8152/259 5636/8153/260 5624/8135/248
f 5624/8137/248 5636/8154/260 5637/8155/261 5625/8138/249
f 5625/8138/249 5637/8155/261 5638/8156/262 5626/8139/250
f 5626/8139/250 5638/8156/262 5639/8157/263 5627/8140/251
f 5627/8140/251 5639/8157/263 5640/8158/264 5628/8141/252
f 5628/8143/252 5640/8159/264 5629/8144/253 5617/8122/241
f 5629/8144/253 5641/8160/265 5642/8161/266 5630/8145/254
f 5630/8145/254 5642/8161/266 5643/8162/267 5631/8163/255
f 5631/8147/255 5643/8164/267 5644/8165/268 5632/8148/856
f 5632/8148/856 5644/8165/268 5645/8166/269 5633/8149/257
f 5633/8149/257 5645/8166/269 5646/8167/270 5634/8150/785
f 5634/8151/785 5646/8168/270 5647/8169/787 5635/8152/259
f 5635/8152/259 5647/8169/787 5648/8170/827 5636/8153/260
f 5636/8154/260 5648/8171/827 5649/8172/273 5637/8155/261
f 5637/8155/261 5649/8172/273 5650/8173/274 5638/8156/262
f 5638/8156/262 5650/8173/274 5651/8174/275 5639/8157/263
f 5639/8157/263 5651/8174/275 5652/8175/276 5640/8158/264
f 5640/8159/264 5652/8176/276 5641/8160/265 5629/8144/253
f 5641/8160/265 5653/8177/277 5654/8178/278 5642/8161/266
f 5642/8161/266 5654/8178/278 5655/8179/279 5643/8162/267
f 5643/8164/267 5655/8180/279 5656/8181/280 5644/8165/268
f 5644/8165/268 5656/8181/280 5657/8182/281 5645/8166/269
f 5645/8183/269 5657/8184/281 5658/8185/282 5646/8168/270
f 5646/8168/270 5658/8185/282 5659/8186/283 5647/8169/787
f 5647/8169/787 5659/8186/283 5660/8187/284 5648/8170/827
f 5648/8171/827 5660/8188/284 5661/8189/285 5649/8172/273
f 5649/8172/273 5661/8189/285 5662/8190/286 5650/8173/274
f 5650/8173/274 5662/8190/286 5663/8191/287 5651/8174/275
f 5651/8192/275 5663/8193/287 5664/8194/288 5652/8176/276
f 5652/8176/276 5664/8194/288 5653/8177/277 5641/8160/265
f 5653/8177/277 5665/8195/103 5666/8196/289 5654/8178/278
f 5654/8197/278 5666/8198/289 5667/8199/290 5655/8180/279
f 5655/8180/279 5667/8199/290 5668/8200/291 5656/8181/280
f 5656/8181/280 5668/8200/291 5669/8201/292 5657/8182/281
f 5657/8184/281 5669/8202/292 5670/8203/293 5658/8185/282
f 5658/8185/282 5670/8203/293 5671/8204/97 5659/8186/283
f 5659/8186/283 5671/8204/97 5672/8205/294 5660/8187/284
f 5660/8188/284 5672/8206/294 5673/8207/295 5661/8189/285
f 5661/8189/285 5673/8207/295 5674/8208/296 5662/8190/286
f 5662/8190/286 5674/8208/296 5675/8209/297 5663/8191/287
f 5663/8193/287 5675/8210/297 5676/8211/298 5664/8194/288
f 5664/8194/288 5676/8211/298 5665/8195/103 5653/8177/277
f 5665/8195/103 5677/8212/299 5678/8213/300 5666/8196/289
f 5666/8198/289 5678/8214/300 5679/8215/301 5667/8199/290
f 5667/8199/290 5679/8215/301 5680/8216/302 5668/8200/291
f 5668/8200/291 5680/8216/302 5681/8217/303 5669/8201/292
f 5669/8201/292 5681/8217/303 5682/8218/304 5670/8219/293
f 5670/8203/293 5682/8220/304 5683/8221/305 5671/8204/97
f 5671/8204/97 5683/8221/305 5684/8222/306 5672/8205/294
f 5672/8206/294 5684/8223/306 5685/8224/307 5673/8207/295
f 5673/8207/295 5685/8224/307 5686/8225/308 5674/8208/296
f 5674/8208/296 5686/8225/308 5687/8226/309 5675/8209/297
f 5675/8210/297 5687/8227/309 5688/8228/310 5676/8211/298
f 5676/8211/298 5688/8228/310 5677/8212/299 5665/8195/103
f 5677/8212/299 5689/8229/857 5690/8230/312 5678/8213/300
f 5678/8214/300 5690/8231/312 5691/8232/313 5679/8215/301
f 5679/8215/301 5691/8232/313 5692/8233/314 5680/8216/302
f 5680/8216/302 5692/8233/314 5693/8234/315 5681/8217/303
f 5681/8217/303 5693/8234/315 5694/8235/316 5682/8218/304
f 5682/8220/304 5694/8236/316 5695/8237/317 5683/8221/305
f 5683/8221/305 5695/8237/317 5696/8238/318 5684/8222/306
f 5684/8223/306 5696/8239/318 5697/8240/319 5685/8224/307
f 5685/8224/307 5697/8240/319 5698/8241/320 5686/8225/308
f 5686/8225/308 5698/8241/320 5699/8242/321 5687/8226/309
f 5687/8226/309 5699/8242/321 5700/8243/322 5688/8244/310
f 5688/8228/310 5700/8245/322 5689/8229/857 5677/8212/299
f 5689/8229/857 5701/8246/323 5702/8247/790 5690/8230/312
f 5690/8231/312 5702/8248/790 5703/8249/325 5691/8232/313
f 5691/8232/313 5703/8249/325 5704/8250/326 5692/8233/314
f 5692/8233/314 5704/8250/326 5705/8251/327 5693/8234/315
f 5693/8234/315 5705/8251/327 5706/8252/328 5694/8235/316
f 5694/8236/316 5706/8253/328 5707/8254/329 5695/8237/317
f 5695/8237/317 5707/8254/329 5708/8255/330 5696/8238/318
f 5696/8239/318 5708/8256/330 5709/8257/331 5697/8240/319
f 5697/8240/319 5709/8257/331 5710/8258/332 5698/8241/320
f 5698/8241/320 5710/8258/332 5711/8259/858 5699/8242/321
f 5699/8242/321 5711/8259/858 5712/8260/334 5700/8243/322
f 5700/8245/322 5712/8261/334 5701/8246/323 5689/8229/857
f 5701/8262/323 5713/8263/335 5714/8264/336 5702/8265/790
f 5702/8248/790 5714/8266/336 5715/8267/829 5703/8249/325
f 5703/8249/325 5715/8267/829 5716/8268/338 5704/8250/326
f 5704/8250/326 5716/8268/338 5717/8269/339 5705/8251/327
f 5705/8251/327 5717/8269/339 5718/8270/340 5706/8252/328
f 5706/8271/328 5718/8272/340 5719/8273/341 5707/8274/329
f 5707/8274/329 5719/8273/341 5720/8275/342 5708/8276/330
f 5708/8256/330 5720/8277/342 5721/8278/343 5709/8257/331
f 5709/8257/331 5721/8278/343 5722/8279/344 5710/8258/332
f 5710/8258/332 5722/8279/344 5723/8280/345 5711/8259/858
f 5711/8259/858 5723/8280/345 5724/8281/346 5712/8260/334
f 5712/8282/334 5724/8283/346 5713/8263/335 5701/8262/323
f 5713/8263/335 5725/8284/347 5726/8285/348 5714/8264/336
f 5714/8266/336 5726/8286/348 5727/8287/349 5715/8267/829
f 5715/8267/829 5727/8287/349 5728/8288/350 5716/8268/338
f 5716/8268/338 5728/8288/350 5729/8289/351 5717/8269/339
f 5717/8269/339 5729/8289/351 5730/8290/352 5718/8270/340
f 5718/8272/340 5730/8291/352 5731/8292/353 5719/8273/341
f 5719/8273/341 5731/8292/353 5732/8293/354 5720/8275/342
f 5720/8277/342 5732/8294/354 5733/8295/355 5721/8278/343
f 5721/8278/343 5733/8295/355 5734/8296/356 5722/8279/344
f 5722/8279/344 5734/8296/356 5735/8297/357 5723/8280/345
f 5723/8298/345 5735/8299/357 5736/8300/358 5724/8283/346
f 5724/8283/346 5736/8300/358 5725/8284/347 5713/8263/335
f 5725/8284/347 5737/8301/359 5738/8302/360 5726/8285/348
f 5726/8286/348 5738/8303/360 5739/8304/361 5727/8287/349
f 5727/8287/349 5739/8304/361 5740/8305/362 5728/8288/350
f 5728/8288/350 5740/8305/362 5741/8306/363 5729/8289/351
f 5729/8307/351 5741/8308/363 5742/8309/364 5730/8291/352
f 5730/8291/352 5742/8309/364 5743/8310/365 5731/8292/353
f 5731/8292/353 5743/8310/365 5744/8311/366 5732/8293/354
f 5732/8294/354 5744/8312/366 5745/8313/367 5733/8295/355
f 5733/8295/355 5745/8313/367 5746/8314/368 5734/8296/356
f 5734/8296/356 5746/8314/368 5747/8315/369 5735/8297/357
f 5735/8299/357 5747/8316/369 5748/8317/370 5736/8300/358
f 5736/8300/358 5748/8317/370 5737/8301/359 5725/8284/347
f 5737/8301/359 5749/8318/371 5750/8319/372 5738/8302/360
f 5738/8303/360 5750/8320/372 5751/8321/373 5739/8304/361
f 5739/8304/361 5751/8321/373 5752/8322/374 5740/8305/362
f 5740/8305/362 5752/8322/374 5753/8323/375 5741/8306/363
f 5741/8308/363 5753/8324/375 5754/8325/376 5742/8309/364
f 5742/8309/364 5754/8325/376 5755/8326/377 5743/8310/365
f 5743/8310/365 5755/8326/377 5756/8327/791 5744/8311/366
f 5744/8312/366 5756/8328/791 5757/8329/379 5745/8313/367
f 5745/8313/367 5757/8329/379 5758/8330/380 5746/8314/368
f 5746/8314/368 5758/8330/380 5759/8331/381 5747/8315/369
f 5747/8316/369 5759/8332/381 5760/8333/382 5748/8317/370
f 5748/8317/370 5760/8333/382 5749/8318/371 5737/8301/359
f 5749/8318/371 5377/7778/1 5378/7781/4 5750/8319/372
f 5750/8320/372 5378/7782/4 5379/7785/6 5751/8321/373
f 5751/8321/373 5379/7785/6 5380/7787/8 5752/8322/374
f 5752/8322/374 5380/7787/8 5381/7789/10 5753/8323/375
f 5753/8324/375 5381/7790/10 5382/7793/12 5754/8325/376
f 5754/8325/376 5382/7793/12 5383/7795/14 5755/8326/377
f 5755/8326/377 5383/7795/14 5384/7797/16 5756/8327/791
f 5756/8328/791 5384/7798/16 5385/7801/18 5757/8329/379
f 5757/8329/379 5385/7801/18 5386/7803/20 5758/8330/380
f 5758/8330/380 5386/7803/20 5387/7805/22 5759/8331/381
f 5759/8332/381 5387/7806/22 5388/7809/24 5760/8333/382
f 5760/8333/382 5388/7809/24 5377/7778/1 5749/8318/371
f 5761/8334/383 5773/8335/384 5774/8336/385 5762/8337/386
f 5762/8338/386 5774/8339/385 5775/8340/387 5763/8341/388
f 5763/8341/388 5775/8340/387 5776/8342/389 5764/8343/390
f 5764/8343/390 5776/8342/389 5777/8344/391 5765/8345/392
f 5765/8346/392 5777/8347/391 5778/8348/393 5766/8349/394
f 5766/8349/394 5778/8348/393 5779/8350/395 5767/8351/396
f 5767/8351/396 5779/8350/395 5780/8352/397 5768/8353/398
f 5768/8354/398 5780/8355/397 5781/8356/399 5769/8357/400
f 5769/8357/400 5781/8356/399 5782/8358/401 5770/8359/402
f 5770/8359/402 5782/8358/401 5783/8360/403 5771/8361/404
f 5771/8362/404 5783/8363/403 5784/8364/405 5772/8365/406
f 5772/8365/406 5784/8364/405 5773/8335/384 5761/8334/383
f 5773/8335/384 5785/8366/407 5786/8367/408 5774/8336/385
f 5774/8339/385 5786/8368/408 5787/8369/409 5775/8340/387
f 5775/8340/387 5787/8369/409 5788/8370/410 5776/8342/389
f 5776/8342/389 5788/8370/410 5789/8371/411 5777/8344/391
f 5777/8347/391 5789/8372/411 5790/8373/412 5778/8348/393
f 5778/8348/393 5790/8373/412 5791/8374/413 5779/8350/395
f 5779/8350/395 5791/8374/413 5792/8375/414 5780/8352/397
f 5780/8355/397 5792/8376/414 5793/8377/415 5781/8356/399
f 5781/8356/399 5793/8377/415 5794/8378/416 5782/8358/401
f 5782/8358/401 5794/8378/416 5795/8379/417 5783/8360/403
f 5783/8363/403 5795/8380/417 5796/8381/418 5784/8364/405
f 5784/8364/405 5796/8381/418 5785/8366/407 5773/8335/384
f 5785/8366/407 5797/8382/419 5798/8383/831 5786/8367/408
f 5786/8368/408 5798/8384/831 5799/8385/421 5787/8369/409
f 5787/8369/409 5799/8385/421 5800/8386/422 5788/8370/410
f 5788/8370/410 5800/8386/422 5801/8387/423 5789/8371/411
f 5789/8372/411 5801/8388/423 5802/8389/424 5790/8373/412
f 5790/8373/412 5802/8389/424 5803/8390/425 5791/8374/413
f 5791/8374/413 5803/8390/425 5804/8391/426 5792/8375/414
f 5792/8376/414 5804/8392/426 5805/8393/427 5793/8377/415
f 5793/8377/415 5805/8393/427 5806/8394/428 5794/8378/416
f 5794/8378/416 5806/8394/428 5807/8395/429 5795/8379/417
f 5795/8380/417 5807/8396/429 5808/8397/793 5796/8381/418
f 5796/8381/418 5808/8397/793 5797/8382/419 5785/8366/407
f 5797/8382/419 5809/8398/794 5810/8399/432 5798/8383/831
f 5798/8384/831 5810/8400/432 5811/8401/433 5799/8385/421
f 5799/8385/421 5811/8401/433 5812/8402/434 5800/8386/422
f 5800/8386/422 5812/8402/434 5813/8403/435 5801/8387/423
f 5801/8404/423 5813/8405/435 5814/8406/436 5802/8407/424
f 5802/8389/424 5814/8408/436 5815/8409/437 5803/8390/425
f 5803/8390/425 5815/8409/437 5816/8410/438 5804/8391/426
f 5804/8392/426 5816/8411/438 5817/8412/439 5805/8393/427
f 5805/8393/427 5817/8412/439 5818/8413/440 5806/8394/428
f 5806/8394/428 5818/8413/440 5819/8414/441 5807/8395/429
f 5807/8415/429 5819/8416/441 5820/8417/442 5808/8418/793
f 5808/8397/793 5820/8419/442 5809/8398/794 5797/8382/419
f 5809/8420/794 5821/8421/443 5822/8422/444 5810/8423/432
f 5810/8400/432 5822/8424/444 5823/8425/445 5811/8401/433
f 5811/8401/433 5823/8425/445 5824/8426/446 5812/8402/434
f 5812/8402/434 5824/8426/446 5825/8427/447 5813/8403/435
f 5813/8405/435 5825/8428/447 5826/8429/448 5814/8406/436
f 5814/8406/436 5826/8429/448 5827/8430/449 5815/8431/437
f 5815/8431/437 5827/8430/449 5828/8432/450 5816/8433/438
f 5816/8411/438 5828/8434/450 5829/8435/451 5817/8412/439
f 5817/8412/439 5829/8435/451 5830/8436/452 5818/8413/440
f 5818/8413/440 5830/8436/452 5831/8437/453 5819/8414/441
f 5819/8416/441 5831/8438/453 5832/8439/454 5820/8417/442
f 5820/8417/442 5832/8439/454 5821/8421/443 5809/8420/794
f 5821/8421/443 5833/8440/455 5834/8441/456 5822/8422/444
f 5822/8424/444 5834/8442/456 5835/8443/457 5823/8425/445
f 5823/8425/445 5835/8443/457 5836/8444/458 5824/8426/446
f 5824/8426/446 5836/8444/458 5837/8445/459 5825/8427/447
f 5825/8428/447 5837/8446/459 5838/8447/460 5826/8429/448
f 5826/8429/448 5838/8447/460 5839/8448/461 5827/8430/449
f 5827/8430/449 5839/8448/461 5840/8449/462 5828/8432/450
f 5828/8434/450 5840/8450/462 5841/8451/463 5829/8435/451
f 5829/8435/451 5841/8451/463 5842/8452/464 5830/8436/452
f 5830/8436/452 5842/8452/464 5843/8453/465 5831/8437/453
f 5831/8438/453 5843/8454/465 5844/8455/795 5832/8439/454
f 5832/8439/454 5844/8455/795 5833/8440/455 5821/8421/443
f 5833/8440/455 5845/8456/467 5846/8457/834 5834/8441/456
f 5834/8442/456 5846/8458/834 5847/8459/469 5835/8443/457
f 5835/8443/457 5847/8459/469 5848/8460/470 5836/8444/458
f 5836/8444/458 5848/8460/470 5849/8461/796 5837/8445/459
f 5837/8446/459 5849/8462/796 5850/8463/472 5838/8447/460
f 5838/8447/460 5850/8463/472 5851/8464/473 5839/8448/461
f 5839/8448/461 5851/8464/473 5852/8465/474 5840/8449/462
f 5840/8450/462 5852/8466/474 5853/8467/475 5841/8451/463
f 5841/8451/463 5853/8467/475 5854/8468/476 5842/8452/464
f 5842/8452/464 5854/8468/476 5855/8469/477 5843/8453/465
f 5843/8454/465 5855/8470/477 5856/8471/478 5844/8455/795
f 5844/8455/795 5856/8471/478 5845/8456/467 5833/8440/455
f 5845/8456/467 5857/8472/97 5858/8473/479 5846/8457/834
f 5846/8458/834 5858/8474/479 5859/8475/480 5847/8459/469
f 5847/8459/469 5859/8475/480 5860/8476/481 5848/8460/470
f 5848/8460/470 5860/8476/481 5861/8477/482 5849/8461/796
f 5849/8462/796 5861/8478/482 5862/8479/483 5850/8463/472
f 5850/8463/472 5862/8479/483 5863/8480/103 5851/8464/473
f 5851/8464/473 5863/8480/103 5864/8481/484 5852/8465/474
f 5852/8466/474 5864/8482/484 5865/8483/485 5853/8467/475
f 5853/8467/475 5865/8483/485 5866/8484/486 5854/8468/476
f 5854/8468/476 5866/8484/486 5867/8485/487 5855/8469/477
f 5855/8470/477 5867/8486/487 5868/8487/798 5856/8471/478
f 5856/8471/478 5868/8487/798 5857/8472/97 5845/8456/467
f 5857/8472/97 5869/8488/489 5870/8489/490 5858/8473/479
f 5858/8474/479 5870/8490/490 5871/8491/491 5859/8475/480
f 5859/8475/480 5871/8491/491 5872/8492/492 5860/8476/481
f 5860/8476/481 5872/8492/492 5873/8493/493 5861/8477/482
f 5861/8478/482 5873/8494/493 5874/8495/494 5862/8479/483
f 5862/8479/483 5874/8495/494 5875/8496/799 5863/8480/103
f 5863/8480/103 5875/8496/799 5876/8497/496 5864/8481/484
f 5864/8482/484 5876/8498/496 5877/8499/497 5865/8483/485
f 5865/8483/485 5877/8499/497 5878/8500/498 5866/8484/486
f 5866/8484/486 5878/8500/498 5879/8501/499 5867/8485/487
f 5867/8486/487 5879/8502/499 5880/8503/800 5868/8487/798
f 5868/8487/798 5880/8503/800 5869/8488/489 5857/8472/97
f 5869/8488/489 5881/8504/501 5882/8505/502 5870/8489/490
f 5870/8490/490 5882/8506/502 5883/8507/503 5871/8491/491
f 5871/8491/491 5883/8507/503 5884/8508/504 5872/8492/492
f 5872/8492/492 5884/8508/504 5885/8509/505 5873/8493/493
f 5873/8494/493 5885/8510/505 5886/8511/506 5874/8495/494
f 5874/8495/494 5886/8511/506 5887/8512/507 5875/8496/799
f 5875/8496/799 5887/8512/507 5888/8513/508 5876/8497/496
f 5876/8498/496 5888/8514/508 5889/8515/509 5877/8499/497
f 5877/8499/497 5889/8515/509 5890/8516/510 5878/8500/498
f 5878/8500/498 5890/8516/510 5891/8517/801 5879/8501/499
f 5879/8502/499 5891/8518/801 5892/8519/512 5880/8503/800
f 5880/8503/800 5892/8519/512 5881/8504/501 5869/8488/489
f 5881/8504/501 5893/8520/513 5894/8521/514 5882/8505/502
f 5882/8506/502 5894/8522/514 5895/8523/515 5883/8507/503
f 5883/8507/503 5895/8523/515 5896/8524/516 5884/8508/504
f 5884/8508/504 5896/8524/516 5897/8525/517 5885/8509/505
f 5885/8510/505 5897/8526/517 5898/8527/518 5886/8511/506
f 5886/8511/506 5898/8527/518 5899/8528/519 5887/8512/507
f 5887/8512/507 5899/8528/519 5900/8529/804 5888/8513/508
f 5888/8514/508 5900/8530/804 5901/8531/521 5889/8515/509
f 5889/8515/509 5901/8531/521 5902/8532/522 5890/8516/510
f 5890/8516/510 5902/8532/522 5903/8533/523 5891/8517/801
f 5891/8518/801 5903/8534/523 5904/8535/524 5892/8519/512
f 5892/8519/512 5904/8535/524 5893/8520/513 5881/8504/501
f 5893/8536/513 5905/8537/525 5906/8538/805 5894/8539/514
f 5894/8522/514 5906/8540/805 5907/8541/527 5895/8523/515
f 5895/8523/515 5907/8541/527 5908/8542/528 5896/8524/516
f 5896/8524/516 5908/8542/528 5909/8543/529 5897/8525/517
f 5897/8526/517 5909/8544/529 5910/8545/530 5898/8527/518
f 5898/8527/518 5910/8545/530 5911/8546/531 5899/8528/519
f 5899/8547/519 5911/8548/531 5912/8549/532 5900/8550/804
f 5900/8530/804 5912/8551/532 5913/8552/533 5901/8531/521
f 5901/8531/521 5913/8552/533 5914/8553/534 5902/8532/522
f 5902/8532/522 5914/8553/534 5915/8554/535 5903/8533/523
f 5903/8534/523 5915/8555/535 5916/8556/536 5904/8535/524
f 5904/8535/524 5916/8556/536 5905/8557/525 5893/8520/513
f 5905/8537/525 5917/8558/839 5918/8559/538 5906/8538/805
f 5906/8540/805 5918/8560/538 5919/8561/539 5907/8541/527
f 5907/8541/527 5919/8561/539 5920/8562/540 5908/8542/528
f 5908/8542/528 5920/8562/540 5921/8563/541 5909/8543/529
f 5909/8543/529 5921/8563/541 5922/8564/542 5910/8565/530
f 5910/8566/530 5922/8567/542 5923/8568/543 5911/8548/531
f 5911/8548/531 5923/8568/543 5924/8569/544 5912/8549/532
f 5912/8551/532 5924/8570/544 5925/8571/545 5913/8552/533
f 5913/8552/533 5925/8571/545 5926/8572/546 5914/8553/534
f 5914/8553/534 5926/8572/546 5927/8573/547 5915/8554/535
f 5915/8554/535 5927/8573/547 5928/8574/548 5916/8575/536
f 5916/8576/536 5928/8577/548 5917/8558/839 5905/8537/525
f 5917/8558/839 5929/8578/549 5930/8579/550 5918/8559/538
f 5918/8559/538 5930/8579/550 5931/8580/551 5919/8581/539
f 5919/8561/539 5931/8582/551 5932/8583/552 5920/8562/540
f 5920/8562/540 5932/8583/552 5933/8584/553 5921/8563/541
f 5921/8563/541 5933/8584/553 5934/8585/554 5922/8564/542
f 5922/8567/542 5934/8586/554 5935/8587/555 5923/8568/543
f 5923/8568/543 5935/8587/555 5936/8588/556 5924/8569/544
f 5924/8570/544 5936/8589/556 5937/8590/557 5925/8571/545
f 5925/8571/545 5937/8590/557 5938/8591/558 5926/8572/546
f 5926/8572/546 5938/8591/558 5939/8592/559 5927/8573/547
f 5927/8573/547 5939/8592/559 5940/8593/560 5928/8574/548
f 5928/8577/548 5940/8594/560 5929/8578/549 5917/8558/839
f 5929/8578/549 5941/8595/561 5942/8596/562 5930/8579/550
f 5930/8579/550 5942/8596/562 5943/8597/563 5931/8580/551
f 5931/8582/551 5943/8598/563 5944/8599/564 5932/8583/552
f 5932/8583/552 5944/8599/564 5945/8600/565 5933/8584/553
f 5933/8584/553 5945/8600/565 5946/8601/566 5934/8585/554
f 5934/8586/554 5946/8602/566 5947/8603/567 5935/8587/555
f 5935/8587/555 5947/8603/567 5948/8604/568 5936/8588/556
f 5936/8588/556 5948/8604/568 5949/8605/569 5937/8606/557
f 5937/8590/557 5949/8607/569 5950/8608/570 5938/8591/558
f 5938/8591/558 5950/8608/570 5951/8609/571 5939/8592/559
f 5939/8592/559 5951/8609/571 5952/8610/808 5940/8593/560
f 5940/8594/560 5952/8611/808 5941/8595/561 5929/8578/549
f 5941/8595/561 5953/8612/573 5954/8613/574 5942/8596/562
f 5942/8596/562 5954/8613/574 5955/8614/575 5943/8597/563
f 5943/8598/563 5955/8615/575 5956/8616/576 5944/8599/564
f 5944/8599/564 5956/8616/576 5957/8617/577 5945/8600/565
f 5945/8600/565 5957/8617/577 5958/8618/578 5946/8601/566
f 5946/8602/566 5958/8619/578 5959/8620/579 5947/8603/567
f 5947/8603/567 5959/8620/579 5960/8621/580 5948/8604/568
f 5948/8604/568 5960/8621/580 5961/8622/581 5949/8605/569
f 5949/8607/569 5961/8623/581 5962/8624/582 5950/8608/570
f 5950/8608/570 5962/8624/582 5963/8625/583 5951/8609/571
f 5951/8609/571 5963/8625/583 5964/8626/584 5952/8610/808
f 5952/8611/808 5964/8627/584 5953/8612/573 5941/8595/561
f 5953/8612/573 5965/8628/585 5966/8629/586 5954/8613/574
f 5954/8613/574 5966/8629/586 5967/8630/587 5955/8614/575
f 5955/8615/575 5967/8631/587 5968/8632/588 5956/8616/576
f 5956/8616/576 5968/8632/588 5969/8633/589 5957/8617/577
f 5957/8617/577 5969/8633/589 5970/8634/590 5958/8618/578
f 5958/8619/578 5970/8635/590 5971/8636/591 5959/8620/579
f 5959/8620/579 5971/8636/591 5972/8637/592 5960/8621/580
f 5960/8621/580 5972/8637/592 5973/8638/593 5961/8622/581
f 5961/8623/581 5973/8639/593 5974/8640/594 5962/8624/582
f 5962/8624/582 5974/8640/594 5975/8641/595 5963/8625/583
f 5963/8625/583 5975/8641/595 5976/8642/596 5964/8626/584
f 5964/8627/584 5976/8643/596 5965/8628/585 5953/8612/573
f 5965/8628/585 5977/8644/597 5978/8645/598 5966/8629/586
f 5966/8629/586 5978/8645/598 5979/8646/599 5967/8630/587
f 5967/8631/587 5979/8647/599 5980/8648/600 5968/8632/588
f 5968/8632/588 5980/8648/600 5981/8649/880 5969/8633/589
f 5969/8633/589 5981/8649/880 5982/8650/602 5970/8634/590
f 5970/8635/590 5982/8651/602 5983/8652/603 5971/8636/591
f 5971/8636/591 5983/8652/603 5984/8653/604 5972/8637/592
f 5972/8637/592 5984/8653/604 5985/8654/605 5973/8638/593
f 5973/8639/593 5985/8655/605 5986/8656/606 5974/8640/594
f 5974/8640/594 5986/8656/606 5987/8657/607 5975/8641/595
f 5975/8641/595 5987/8657/607 5988/8658/608 5976/8642/596
f 5976/8643/596 5988/8659/608 5977/8644/597 5965/8628/585
f 5977/8644/597 5989/8660/881 5990/8661/610 5978/8645/598
f 5978/8645/598 5990/8661/610 5991/8662/611 5979/8646/599
f 5979/8647/599 5991/8663/611 5992/8664/612 5980/8648/600
f 5980/8648/600 5992/8664/612 5993/8665/613 5981/8649/880
f 5981/8649/880 5993/8665/613 5994/8666/614 5982/8650/602
f 5982/8651/602 5994/8667/614 5995/8668/615 5983/8652/603
f 5983/8652/603 5995/8668/615 5996/8669/616 5984/8653/604
f 5984/8653/604 5996/8669/616 5997/8670/617 5985/8654/605
f 5985/8655/605 5997/8671/617 5998/8672/618 5986/8656/606
f 5986/8656/606 5998/8672/618 5999/8673/619 5987/8657/607
f 5987/8657/607 5999/8673/619 6000/8674/620 5988/8658/608
f 5988/8659/608 6000/8675/620 5989/8660/881 5977/8644/597
f 5989/8660/881 6001/8676/621 6002/8677/622 5990/8661/610
f 5990/8661/610 6002/8677/622 6003/8678/623 5991/8662/611
f 5991/8663/611 6003/8679/623 6004/8680/624 5992/8664/612
f 5992/8664/612 6004/8680/624 6005/8681/625 5993/8665/613
f 5993/8665/613 6005/8681/625 6006/8682/626 5994/8666/614
f 5994/8667/614 6006/8683/626 6007/8684/842 5995/8668/615
f 5995/8668/615 6007/8684/842 6008/8685/628 5996/8669/616
f 5996/8686/616 6008/8687/628 6009/8688/629 5997/8689/617
f 5997/8671/617 6009/8690/629 6010/8691/630 5998/8672/618
f 5998/8672/618 6010/8691/630 6011/8692/631 5999/8673/619
f 5999/8673/619 6011/8692/631 6012/8693/632 6000/8674/620
f 6000/8675/620 6012/8694/632 6001/8676/621 5989/8660/881
f 6001/8695/621 6013/8696/633 6014/8697/634 6002/8698/622
f 6002/8698/622 6014/8697/634 6015/8699/635 6003/8700/623
f 6003/8679/623 6015/8701/635 6016/8702/636 6004/8680/624
f 6004/8680/624 6016/8702/636 6017/8703/637 6005/8681/625
f 6005/8681/625 6017/8703/637 6018/8704/638 6006/8682/626
f 6006/8705/626 6018/8706/638 6019/8707/639 6007/8708/842
f 6007/8708/842 6019/8707/639 6020/8709/640 6008/8687/628
f 6008/8687/628 6020/8709/640 6021/8710/641 6009/8688/629
f 6009/8690/629 6021/8711/641 6022/8712/642 6010/8691/630
f 6010/8691/630 6022/8712/642 6023/8713/643 6011/8692/631
f 6011/8692/631 6023/8713/643 6024/8714/644 6012/8693/632
f 6012/8715/632 6024/8716/644 6013/8696/633 6001/8695/621
f 6013/8696/633 6025/8717/645 6026/8718/646 6014/8697/634
f 6014/8697/634 6026/8718/646 6027/8719/647 6015/8699/635
f 6015/8701/635 6027/8720/647 6028/8721/648 6016/8702/636
f 6016/8702/636 6028/8721/648 6029/8722/649 6017/8703/637
f 6017/8703/637 6029/8722/649 6030/8723/650 6018/8704/638
f 6018/8706/638 6030/8724/650 6031/8725/651 6019/8707/639
f 6019/8707/639 6031/8725/651 6032/8726/652 6020/8709/640
f 6020/8709/640 6032/8726/652 6033/8727/653 6021/8710/641
f 6021/8711/641 6033/8728/653 6034/8729/654 6022/8712/642
f 6022/8712/642 6034/8729/654 6035/8730/655 6023/8713/643
f 6023/8713/643 6035/8730/655 6036/8731/656 6024/8714/644
f 6024/8716/644 6036/8732/656 6025/8717/645 6013/8696/633
f 6025/8717/645 6037/8733/814 6038/8734/658 6026/8718/646
f 6026/8718/646 6038/8734/658 6039/8735/659 6027/8719/647
f 6027/8720/647 6039/8736/659 6040/8737/660 6028/8721/648
f 6028/8721/648 6040/8737/660 6041/8738/661 6029/8722/649
f 6029/8722/649 6041/8738/661 6042/8739/662 6030/8723/650
f 6030/8724/650 6042/8740/662 6043/8741/663 6031/8725/651
f 6031/8725/651 6043/8741/663 6044/8742/815 6032/8726/652
f 6032/8726/652 6044/8742/815 6045/8743/665 6033/8727/653
f 6033/8728/653 6045/8744/665 6046/8745/666 6034/8729/654
f 6034/8729/654 6046/8745/666 6047/8746/667 6035/8730/655
f 6035/8730/655 6047/8746/667 6048/8747/668 6036/8731/656
f 6036/8732/656 6048/8748/668 6037/8733/814 6025/8717/645
f 6037/8733/814 6049/8749/103 6050/8750/669 6038/8734/658
f 6038/8734/658 6050/8750/669 6051/8751/670 6039/8735/659
f 6039/8736/659 6051/8752/670 6052/8753/671 6040/8737/660
f 6040/8737/660 6052/8753/671 6053/8754/672 6041/8738/661
f 6041/8738/661 6053/8754/672 6054/8755/673 6042/8739/662
f 6042/8740/662 6054/8756/673 6055/8757/97 6043/8741/663
f 6043/8741/663 6055/8757/97 6056/8758/674 6044/8742/815
f 6044/8742/815 6056/8758/674 6057/8759/675 6045/8743/665
f 6045/8744/665 6057/8760/675 6058/8761/676 6046/8745/666
f 6046/8745/666 6058/8761/676 6059/8762/677 6047/8746/667
f 6047/8746/667 6059/8762/677 6060/8763/678 6048/8747/668
f 6048/8748/668 6060/8764/678 6049/8749/103 6037/8733/814
f 6049/8749/103 6061/8765/679 6062/8766/680 6050/8750/669
f 6050/8750/669 6062/8766/680 6063/8767/681 6051/8751/670
f 6051/8752/670 6063/8768/681 6064/8769/682 6052/8753/671
f 6052/8753/671 6064/8769/682 6065/8770/683 6053/8754/672
f 6053/8754/672 6065/8770/683 6066/8771/684 6054/8755/673
f 6054/8756/673 6066/8772/684 6067/8773/685 6055/8757/97
f 6055/8757/97 6067/8773/685 6068/8774/816 6056/8758/674
f 6056/8758/674 6068/8774/816 6069/8775/687 6057/8759/675
f 6057/8760/675 6069/8776/687 6070/8777/688 6058/8761/676
f 6058/8761/676 6070/8777/688 6071/8778/689 6059/8762/677
f 6059/8762/677 6071/8778/689 6072/8779/690 6060/8763/678
f 6060/8764/678 6072/8780/690 6061/8765/679 6049/8749/103
f 6061/8765/679 6073/8781/691 6074/8782/692 6062/8766/680
f 6062/8766/680 6074/8782/692 6075/8783/693 6063/8767/681
f 6063/8768/681 6075/8784/693 6076/8785/694 6064/8769/682
f 6064/8769/682 6076/8785/694 6077/8786/695 6065/8770/683
f 6065/8770/683 6077/8786/695 6078/8787/696 6066/8771/684
f 6066/8772/684 6078/8788/696 6079/8789/697 6067/8773/685
f 6067/8773/685 6079/8789/697 6080/8790/698 6068/8774/816
f 6068/8774/816 6080/8790/698 6081/8791/699 6069/8775/687
f 6069/8776/687 6081/8792/699 6082/8793/700 6070/8777/688
f 6070/8777/688 6082/8793/700 6083/8794/701 6071/8778/689
f 6071/8778/689 6083/8794/701 6084/8795/702 6072/8779/690
f 6072/8780/690 6084/8796/702 6073/8781/691 6061/8765/679
f 6073/8781/691 6085/8797/703 6086/8798/704 6074/8782/692
f 6074/8782/692 6086/8798/704 6087/8799/705 6075/8783/693
f 6075/8784/693 6087/8800/705 6088/8801/818 6076/8785/694
f 6076/8785/694 6088/8801/818 6089/8802/707 6077/8786/695
f 6077/8786/695 6089/8802/707 6090/8803/708 6078/8787/696
f 6078/8788/696 6090/8804/708 6091/8805/709 6079/8789/697
f 6079/8789/697 6091/8805/709 6092/8806/710 6080/8790/698
f 6080/8790/698 6092/8806/710 6093/8807/711 6081/8791/699
f 6081/8792/699 6093/8808/711 6094/8809/712 6082/8793/700
f 6082/8793/700 6094/8809/712 6095/8810/713 6083/8794/701
f 6083/8794/701 6095/8810/713 6096/8811/714 6084/8795/702
f 6084/8796/702 6096/8812/714 6085/8797/703 6073/8781/691
f 6085/8797/703 6097/8813/715 6098/8814/716 6086/8798/704
f 6086/8798/704 6098/8814/716 6099/8815/717 6087/8799/705
f 6087/8800/705 6099/8816/717 6100/8817/718 6088/8801/818
f 6088/8801/818 6100/8817/718 6101/8818/719 6089/8802/707
f 6089/8802/707 6101/8818/719 6102/8819/720 6090/8803/708
f 6090/8820/708 6102/8821/720 6103/8822/721 6091/8823/709
f 6091/8805/709 6103/8824/721 6104/8825/722 6092/8806/710
f 6092/8806/710 6104/8825/722 6105/8826/723 6093/8807/711
f 6093/8808/711 6105/8827/723 6106/8828/724 6094/8809/712
f 6094/8809/712 6106/8828/724 6107/8829/725 6095/8810/713
f 6095/8810/713 6107/8829/725 6108/8830/726 6096/8811/714
f 6096/8831/714 6108/8832/726 6097/8833/715 6085/8834/703
f 6097/8833/715 6109/8835/727 6110/8836/728 6098/8837/716
f 6098/8838/716 6110/8839/728 6111/8840/729 6099/8816/717
f 6099/8816/717 6111/8840/729 6112/8841/730 6100/8817/718
f 6100/8817/718 6112/8841/730 6113/8842/731 6101/8818/719
f 6101/8818/719 6113/8842/731 6114/8843/732 6102/8819/720
f 6102/8821/720 6114/8844/732 6115/8845/733 6103/8822/721
f 6103/8822/721 6115/8845/733 6116/8846/734 6104/8847/722
f 6104/8848/722 6116/8849/734 6117/8850/735 6105/8827/723
f 6105/8827/723 6117/8850/735 6118/8851/736 6106/8828/724
f 6106/8828/724 6118/8851/736 6119/8852/737 6107/8829/725
f 6107/8829/725 6119/8852/737 6120/8853/738 6108/8830/726
f 6108/8832/726 6120/8854/738 6109/8835/727 6097/8833/715
f 6109/8835/727 6121/8855/739 6122/8856/740 6110/8836/728
f 6110/8839/728 6122/8857/740 6123/8858/741 6111/8840/729
f 6111/8840/729 6123/8858/741 6124/8859/742 6112/8841/730
f 6112/8841/730 6124/8859/742 6125/8860/743 6113/8842/731
f 6113/8842/731 6125/8860/743 6126/8861/744 6114/8843/732
f 6114/8844/732 6126/8862/744 6127/8863/745 6115/8845/733
f 6115/8845/733 6127/8863/745 6128/8864/746 6116/8846/734
f 6116/8849/734 6128/8865/746 6129/8866/747 6117/8850/735
f 6117/8850/735 6129/8866/747 6130/8867/748 6118/8851/736
f 6118/8851/736 6130/8867/748 6131/8868/749 6119/8852/737
f 6119/8869/737 6131/8870/749 6132/8871/750 6120/8854/738
f 6120/8854/738 6132/8871/750 6121/8855/739 6109/8835/727
f 6121/8855/739 6133/8872/751 6134/8873/752 6122/8856/740
f 6122/8857/740 6134/8874/752 6135/8875/753 6123/8858/741
f 6123/8858/741 6135/8875/753 6136/8876/754 6124/8859/742
f 6124/8859/742 6136/8876/754 6137/8877/755 6125/8860/743
f 6125/8878/743 6137/8879/755 6138/8880/756 6126/8862/744
f 6126/8862/744 6138/8880/756 6139/8881/757 6127/8863/745
f 6127/8863/745 6139/8881/757 6140/8882/758 6128/8864/746
f 6128/8865/746 6140/8883/758 6141/8884/759 6129/8866/747
f 6129/8866/747 6141/8884/759 6142/8885/760 6130/8867/748
f 6130/8867/748 6142/8885/760 6143/8886/761 6131/8868/749
f 6131/8870/749 6143/8887/761 6144/8888/762 6132/8871/750
f 6132/8871/750 6144/8888/762 6133/8872/751 6121/8855/739
f 6133/8872/751 5761/8334/383 5762/8337/386 6134/8873/752
f 6134/8874/752 5762/8338/386 5763/8341/388 6135/8875/753
f 6135/8875/753 5763/8341/388 5764/8343/390 6136/8876/754
f 6136/8876/754 5764/8343/390 5765/8345/392 6137/8877/755
f 6137/8879/755 5765/8346/392 5766/8349/394 6138/8880/756
f 6138/8880/756 5766/8349/394 5767/8351/396 6139/8881/757
f 6139/8881/757 5767/8351/396 5768/8353/398 6140/8882/758
f 6140/8883/758 5768/8354/398 5769/8357/400 6141/8884/759
f 6141/8884/759 5769/8357/400 5770/8359/402 6142/8885/760
f 6142/8885/760 5770/8359/402 5771/8361/404 6143/8886/761
f 6143/8887/761 5771/8362/404 5772/8365/406 6144/8888/762
f 6144/8888/762 5772/8365/406 5761/8334/383 6133/8872/751
f 6145/8889/1 6157/8890/2 6158/8891/3 6146/8892/4
f 6146/8893/4 6158/8894/3 6159/8895/5 6147/8896/6
f 6147/8896/6 6159/8895/5 6160/8897/7 6148/8898/8
f 6148/8898/8 6160/8897/7 6161/8899/9 6149/8900/10
f 6149/8901/10 6161/8902/9 6162/8903/11 6150/8904/12
f 6150/8904/12 6162/8903/11 6163/8905/13 6151/8906/14
f 6151/8906/14 6163/8905/13 6164/8907/15 6152/8908/16
f 6152/8909/16 6164/8910/15 6165/8911/17 6153/8912/18
f 6153/8912/18 6165/8911/17 6166/8913/19 6154/8914/20
f 6154/8914/20 6166/8913/19 6167/8915/21 6155/8916/22
f 6155/8917/22 6167/8918/21 6168/8919/23 6156/8920/24
f 6156/8920/24 6168/8919/23 6157/8890/2 6145/8889/1
f 6157/8890/2 6169/8921/25 6170/8922/26 6158/8891/3
f 6158/8894/3 6170/8923/26 6171/8924/27 6159/8895/5
f 6159/8895/5 6171/8924/27 6172/8925/28 6160/8897/7
f 6160/8897/7 6172/8925/28 6173/8926/29 6161/8899/9
f 6161/8902/9 6173/8927/29 6174/8928/30 6162/8903/11
f 6162/8903/11 6174/8928/30 6175/8929/31 6163/8905/13
f 6163/8905/13 6175/8929/31 6176/8930/32 6164/8907/15
f 6164/8910/15 6176/8931/32 6177/8932/33 6165/8911/17
f 6165/8911/17 6177/8932/33 6178/8933/34 6166/8913/19
f 6166/8913/19 6178/8933/34 6179/8934/35 6167/8915/21
f 6167/8918/21 6179/8935/35 6180/8936/36 6168/8919/23
f 6168/8919/23 6180/8936/36 6169/8921/25 6157/8890/2
f 6169/8921/25 6181/8937/37 6182/8938/38 6170/8922/26
f 6170/8923/26 6182/8939/38 6183/8940/39 6171/8924/27
f 6171/8924/27 6183/8940/39 6184/8941/40 6172/8925/28
f 6172/8925/28 6184/8941/40 6185/8942/41 6173/8926/29
f 6173/8926/29 6185/8942/41 6186/8943/42 6174/8944/30
f 6174/8928/30 6186/8945/42 6187/8946/43 6175/8929/31
f 6175/8929/31 6187/8946/43 6188/8947/765 6176/8930/32
f 6176/8931/32 6188/8948/765 6189/8949/45 6177/8932/33
f 6177/8932/33 6189/8949/45 6190/8950/46 6178/8933/34
f 6178/8933/34 6190/8950/46 6191/8951/47 6179/8934/35
f 6179/8935/35 6191/8952/47 6192/8953/48 6180/8936/36
f 6180/8936/36 6192/8953/48 6181/8937/37 6169/8921/25
f 6181/8954/37 6193/8955/49 6194/8956/50 6182/8957/38
f 6182/8939/38 6194/8958/50 6195/8959/51 6183/8940/39
f 6183/8940/39 6195/8959/51 6196/8960/52 6184/8941/40
f 6184/8941/40 6196/8960/52 6197/8961/53 6185/8942/41
f 6185/8942/41 6197/8961/53 6198/8962/54 6186/8943/42
f 6186/8963/42 6198/8964/54 6199/8965/55 6187/8966/43
f 6187/8966/43 6199/8965/55 6200/8967/56 6188/8968/765
f 6188/8948/765 6200/8969/56 6201/8970/766 6189/8949/45
f 6189/8949/45 6201/8970/766 6202/8971/58 6190/8950/46
f 6190/8950/46 6202/8971/58 6203/8972/59 6191/8951/47
f 6191/8951/47 6203/8972/59 6204/8973/60 6192/8974/48
f 6192/8975/48 6204/8976/60 6193/8955/49 6181/8954/37
f 6193/8955/49 6205/8977/822 6206/8978/62 6194/8956/50
f 6194/8958/50 6206/8979/62 6207/8980/882 6195/8959/51
f 6195/8959/51 6207/8980/882 6208/8981/64 6196/8960/52
f 6196/8960/52 6208/8981/64 6209/8982/768 6197/8961/53
f 6197/8961/53 6209/8982/768 6210/8983/66 6198/8962/54
f 6198/8964/54 6210/8984/66 6211/8985/769 6199/8965/55
f 6199/8965/55 6211/8985/769 6212/8986/68 6200/8967/56
f 6200/8969/56 6212/8987/68 6213/8988/69 6201/8970/766
f 6201/8970/766 6213/8988/69 6214/8989/70 6202/8971/58
f 6202/8971/58 6214/8989/70 6215/8990/71 6203/8972/59
f 6203/8972/59 6215/8990/71 6216/8991/72 6204/8973/60
f 6204/8976/60 6216/8992/72 6205/8977/822 6193/8955/49
f 6205/8977/822 6217/8993/73 6218/8994/74 6206/8978/62
f 6206/8978/62 6218/8994/74 6219/8995/75 6207/8996/882
f 6207/8980/882 6219/8997/75 6220/8998/76 6208/8981/64
f 6208/8981/64 6220/8998/76 6221/8999/77 6209/8982/768
f 6209/8982/768 6221/8999/77 6222/9000/78 6210/8983/66
f 6210/8984/66 6222/9001/78 6223/9002/79 6211/8985/769
f 6211/8985/769 6223/9002/79 6224/9003/80 6212/8986/68
f 6212/8987/68 6224/9004/80 6225/9005/81 6213/8988/69
f 6213/8988/69 6225/9005/81 6226/9006/82 6214/8989/70
f 6214/8989/70 6226/9006/82 6227/9007/83 6215/8990/71
f 6215/9008/71 6227/9009/83 6228/9010/770 6216/8992/72
f 6216/8992/72 6228/9010/770 6217/8993/73 6205/8977/822
f 6217/8993/73 6229/9011/85 6230/9012/86 6218/8994/74
f 6218/8994/74 6230/9012/86 6231/9013/87 6219/8995/75
f 6219/8997/75 6231/9014/87 6232/9015/88 6220/8998/76
f 6220/8998/76 6232/9015/88 6233/9016/89 6221/8999/77
f 6221/8999/77 6233/9016/89 6234/9017/90 6222/9000/78
f 6222/9001/78 6234/9018/90 6235/9019/91 6223/9002/79
f 6223/9002/79 6235/9019/91 6236/9020/92 6224/9003/80
f 6224/9004/80 6236/9021/92 6237/9022/93 6225/9005/81
f 6225/9005/81 6237/9022/93 6238/9023/94 6226/9006/82
f 6226/9006/82 6238/9023/94 6239/9024/95 6227/9007/83
f 6227/9009/83 6239/9025/95 6240/9026/96 6228/9010/770
f 6228/9010/770 6240/9026/96 6229/9011/85 6217/8993/73
f 6229/9011/85 6241/9027/97 6242/9028/98 6230/9012/86
f 6230/9012/86 6242/9028/98 6243/9029/99 6231/9013/87
f 6231/9014/87 6243/9030/99 6244/9031/100 6232/9015/88
f 6232/9015/88 6244/9031/100 6245/9032/101 6233/9016/89
f 6233/9016/89 6245/9032/101 6246/9033/102 6234/9017/90
f 6234/9018/90 6246/9034/102 6247/9035/103 6235/9019/91
f 6235/9019/91 6247/9035/103 6248/9036/104 6236/9020/92
f 6236/9020/92 6248/9036/104 6249/9037/105 6237/9038/93
f 6237/9022/93 6249/9039/105 6250/9040/106 6238/9023/94
f 6238/9023/94 6250/9040/106 6251/9041/107 6239/9024/95
f 6239/9024/95 6251/9041/107 6252/9042/108 6240/9043/96
f 6240/9026/96 6252/9044/108 6241/9027/97 6229/9011/85
f 6241/9027/97 6253/9045/109 6254/9046/110 6242/9028/98
f 6242/9028/98 6254/9046/110 6255/9047/111 6243/9029/99
f 6243/9030/99 6255/9048/111 6256/9049/112 6244/9031/100
f 6244/9031/100 6256/9049/112 6257/9050/113 6245/9032/101
f 6245/9032/101 6257/9050/113 6258/9051/114 6246/9033/102
f 6246/9034/102 6258/9052/114 6259/9053/115 6247/9035/103
f 6247/9035/103 6259/9053/115 6260/9054/116 6248/9036/104
f 6248/9055/104 6260/9056/116 6261/9057/117 6249/9039/105
f 6249/9039/105 6261/9057/117 6262/9058/118 6250/9040/106
f 6250/9040/106 6262/9058/118 6263/9059/119 6251/9041/107
f 6251/9041/107 6263/9059/119 6264/9060/120 6252/9042/108
f 6252/9044/108 6264/9061/120 6253/9045/109 6241/9027/97
f 6253/9045/109 6265/9062/121 6266/9063/122 6254/9046/110
f 6254/9064/110 6266/9065/122 6267/9066/123 6255/9048/111
f 6255/9048/111 6267/9066/123 6268/9067/124 6256/9049/112
f 6256/9049/112 6268/9067/124 6269/9068/125 6257/9050/113
f 6257/9050/113 6269/9068/125 6270/9069/126 6258/9051/114
f 6258/9052/114 6270/9070/126 6271/9071/127 6259/9053/115
f 6259/9053/115 6271/9071/127 6272/9072/128 6260/9054/116
f 6260/9056/116 6272/9073/128 6273/9074/129 6261/9057/117
f 6261/9057/117 6273/9074/129 6274/9075/130 6262/9058/118
f 6262/9058/118 6274/9075/130 6275/9076/131 6263/9059/119
f 6263/9059/119 6275/9076/131 6276/9077/132 6264/9060/120
f 6264/9061/120 6276/9078/132 6265/9062/121 6253/9045/109
f 6265/9062/121 6277/9079/133 6278/9080/134 6266/9063/122
f 6266/9065/122 6278/9081/134 6279/9082/135 6267/9066/123
f 6267/9066/123 6279/9082/135 6280/9083/136 6268/9067/124
f 6268/9067/124 6280/9083/136 6281/9084/137 6269/9068/125
f 6269/9068/125 6281/9084/137 6282/9085/776 6270/9069/126
f 6270/9070/126 6282/9086/776 6283/9087/139 6271/9071/127
f 6271/9071/127 6283/9087/139 6284/9088/140 6272/9072/128
f 6272/9073/128 6284/9089/140 6285/9090/141 6273/9074/129
f 6273/9074/129 6285/9090/141 6286/9091/142 6274/9075/130
f 6274/9075/130 6286/9091/142 6287/9092/143 6275/9076/131
f 6275/9076/131 6287/9092/143 6288/9093/144 6276/9077/132
f 6276/9078/132 6288/9094/144 6277/9079/133 6265/9062/121
f 6277/9095/133 6289/9096/145 6290/9097/146 6278/9098/134
f 6278/9081/134 6290/9099/146 6291/9100/147 6279/9082/135
f 6279/9082/135 6291/9100/147 6292/9101/148 6280/9083/136
f 6280/9083/136 6292/9101/148 6293/9102/149 6281/9084/137
f 6281/9084/137 6293/9102/149 6294/9103/150 6282/9085/776
f 6282/9104/776 6294/9105/150 6295/9106/777 6283/9107/139
f 6283/9107/139 6295/9106/777 6296/9108/152 6284/9109/140
f 6284/9089/140 6296/9110/152 6297/9111/778 6285/9090/141
f 6285/9090/141 6297/9111/778 6298/9112/154 6286/9091/142
f 6286/9091/142 6298/9112/154 6299/9113/155 6287/9092/143
f 6287/9092/143 6299/9113/155 6300/9114/156 6288/9093/144
f 6288/9115/144 6300/9116/156 6289/9096/145 6277/9095/133
f 6289/9096/145 6301/9117/157 6302/9118/158 6290/9097/146
f 6290/9097/146 6302/9118/158 6303/9119/159 6291/9120/147
f 6291/9100/147 6303/9121/159 6304/9122/160 6292/9101/148
f 6292/9101/148 6304/9122/160 6305/9123/161 6293/9102/149
f 6293/9102/149 6305/9123/161 6306/9124/779 6294/9103/150
f 6294/9105/150 6306/9125/779 6307/9126/163 6295/9106/777
f 6295/9106/777 6307/9126/163 6308/9127/164 6296/9108/152
f 6296/9110/152 6308/9128/164 6309/9129/165 6297/9111/778
f 6297/9111/778 6309/9129/165 6310/9130/166 6298/9112/154
f 6298/9112/154 6310/9130/166 6311/9131/167 6299/9113/155
f 6299/9113/155 6311/9131/167 6312/9132/168 6300/9114/156
f 6300/9116/156 6312/9133/168 6301/9117/157 6289/9096/145
f 6301/9117/157 6313/9134/169 6314/9135/170 6302/9118/158
f 6302/9118/158 6314/9135/170 6315/9136/171 6303/9119/159
f 6303/9121/159 6315/9137/171 6316/9138/172 6304/9122/160
f 6304/9122/160 6316/9138/172 6317/9139/173 6305/9123/161
f 6305/9123/161 6317/9139/173 6318/9140/174 6306/9124/779
f 6306/9125/779 6318/9141/174 6319/9142/175 6307/9126/163
f 6307/9126/163 6319/9142/175 6320/9143/176 6308/9127/164
f 6308/9127/164 6320/9143/176 6321/9144/177 6309/9145/165
f 6309/9129/165 6321/9146/177 6322/9147/178 6310/9130/166
f 6310/9130/166 6322/9147/178 6323/9148/179 6311/9131/167
f 6311/9131/167 6323/9148/179 6324/9149/180 6312/9132/168
f 6312/9133/168 6324/9150/180 6313/9134/169 6301/9117/157
f 6313/9134/169 6325/9151/181 6326/9152/182 6314/9135/170
f 6314/9135/170 6326/9152/182 6327/9153/183 6315/9136/171
f 6315/9137/171 6327/9154/183 6328/9155/184 6316/9138/172
f 6316/9138/172 6328/9155/184 6329/9156/185 6317/9139/173
f 6317/9139/173 6329/9156/185 6330/9157/186 6318/9140/174
f 6318/9141/174 6330/9158/186 6331/9159/187 6319/9142/175
f 6319/9142/175 6331/9159/187 6332/9160/188 6320/9143/176
f 6320/9143/176 6332/9160/188 6333/9161/189 6321/9144/177
f 6321/9146/177 6333/9162/189 6334/9163/190 6322/9147/178
f 6322/9147/178 6334/9163/190 6335/9164/191 6323/9148/179
f 6323/9148/179 6335/9164/191 6336/9165/192 6324/9149/180
f 6324/9150/180 6336/9166/192 6325/9151/181 6313/9134/169
f 6325/9151/181 6337/9167/193 6338/9168/194 6326/9152/182
f 6326/9152/182 6338/9168/194 6339/9169/195 6327/9153/183
f 6327/9154/183 6339/9170/195 6340/9171/196 6328/9155/184
f 6328/9155/184 6340/9171/196 6341/9172/197 6329/9156/185
f 6329/9156/185 6341/9172/197 6342/9173/198 6330/9157/186
f 6330/9158/186 6342/9174/198 6343/9175/199 6331/9159/187
f 6331/9159/187 6343/9175/199 6344/9176/200 6332/9160/188
f 6332/9160/188 6344/9176/200 6345/9177/201 6333/9161/189
f 6333/9162/189 6345/9178/201 6346/9179/202 6334/9163/190
f 6334/9163/190 6346/9179/202 6347/9180/203 6335/9164/191
f 6335/9164/191 6347/9180/203 6348/9181/204 6336/9165/192
f 6336/9166/192 6348/9182/204 6337/9167/193 6325/9151/181
f 6337/9167/193 6349/9183/205 6350/9184/206 6338/9168/194
f 6338/9168/194 6350/9184/206 6351/9185/207 6339/9169/195
f 6339/9170/195 6351/9186/207 6352/9187/208 6340/9171/196
f 6340/9171/196 6352/9187/208 6353/9188/209 6341/9172/197
f 6341/9172/197 6353/9188/209 6354/9189/210 6342/9173/198
f 6342/9174/198 6354/9190/210 6355/9191/211 6343/9175/199
f 6343/9175/199 6355/9191/211 6356/9192/212 6344/9176/200
f 6344/9176/200 6356/9192/212 6357/9193/213 6345/9177/201
f 6345/9178/201 6357/9194/213 6358/9195/214 6346/9179/202
f 6346/9179/202 6358/9195/214 6359/9196/215 6347/9180/203
f 6347/9180/203 6359/9196/215 6360/9197/216 6348/9181/204
f 6348/9182/204 6360/9198/216 6349/9183/205 6337/9167/193
f 6349/9183/205 6361/9199/217 6362/9200/218 6350/9184/206
f 6350/9184/206 6362/9200/218 6363/9201/219 6351/9185/207
f 6351/9186/207 6363/9202/219 6364/9203/220 6352/9187/208
f 6352/9187/208 6364/9203/220 6365/9204/221 6353/9188/209
f 6353/9188/209 6365/9204/221 6366/9205/222 6354/9189/210
f 6354/9190/210 6366/9206/222 6367/9207/223 6355/9191/211
f 6355/9191/211 6367/9207/223 6368/9208/224 6356/9192/212
f 6356/9192/212 6368/9208/224 6369/9209/225 6357/9193/213
f 6357/9194/213 6369/9210/225 6370/9211/226 6358/9195/214
f 6358/9195/214 6370/9211/226 6371/9212/227 6359/9196/215
f 6359/9196/215 6371/9212/227 6372/9213/228 6360/9197/216
f 6360/9198/216 6372/9214/228 6361/9199/217 6349/9183/205
f 6361/9199/217 6373/9215/229 6374/9216/230 6362/9200/218
f 6362/9200/218 6374/9216/230 6375/9217/231 6363/9201/219
f 6363/9202/219 6375/9218/231 6376/9219/232 6364/9203/220
f 6364/9203/220 6376/9219/232 6377/9220/233 6365/9204/221
f 6365/9204/221 6377/9220/233 6378/9221/234 6366/9205/222
f 6366/9206/222 6378/9222/234 6379/9223/235 6367/9207/223
f 6367/9207/223 6379/9223/235 6380/9224/236 6368/9208/224
f 6368/9225/224 6380/9226/236 6381/9227/237 6369/9210/225
f 6369/9210/225 6381/9227/237 6382/9228/238 6370/9211/226
f 6370/9211/226 6382/9228/238 6383/9229/239 6371/9212/227
f 6371/9212/227 6383/9229/239 6384/9230/240 6372/9213/228
f 6372/9214/228 6384/9231/240 6373/9215/229 6361/9199/217
f 6373/9232/229 6385/9233/241 6386/9234/242 6374/9235/230
f 6374/9236/230 6386/9237/242 6387/9238/243 6375/9218/231
f 6375/9218/231 6387/9238/243 6388/9239/244 6376/9219/232
f 6376/9219/232 6388/9239/244 6389/9240/245 6377/9220/233
f 6377/9220/233 6389/9240/245 6390/9241/246 6378/9221/234
f 6378/9242/234 6390/9243/246 6391/9244/247 6379/9245/235
f 6379/9245/235 6391/9244/247 6392/9246/248 6380/9247/236
f 6380/9226/236 6392/9248/248 6393/9249/249 6381/9227/237
f 6381/9227/237 6393/9249/249 6394/9250/250 6382/9228/238
f 6382/9228/238 6394/9250/250 6395/9251/251 6383/9229/239
f 6383/9229/239 6395/9251/251 6396/9252/252 6384/9230/240
f 6384/9253/240 6396/9254/252 6385/9233/241 6373/9232/229
f 6385/9233/241 6397/9255/826 6398/9256/254 6386/9234/242
f 6386/9237/242 6398/9257/254 6399/9258/255 6387/9238/243
f 6387/9238/243 6399/9258/255 6400/9259/856 6388/9239/244
f 6388/9239/244 6400/9259/856 6401/9260/257 6389/9240/245
f 6389/9240/245 6401/9260/257 6402/9261/258 6390/9241/246
f 6390/9243/246 6402/9262/258 6403/9263/259 6391/9244/247
f 6391/9244/247 6403/9263/259 6404/9264/260 6392/9246/248
f 6392/9248/248 6404/9265/260 6405/9266/261 6393/9249/249
f 6393/9249/249 6405/9266/261 6406/9267/262 6394/9250/250
f 6394/9250/250 6406/9267/262 6407/9268/263 6395/9251/251
f 6395/9251/251 6407/9268/263 6408/9269/264 6396/9252/252
f 6396/9254/252 6408/9270/264 6397/9255/826 6385/9233/241
f 6397/9255/826 6409/9271/265 6410/9272/266 6398/9256/254
f 6398/9256/254 6410/9272/266 6411/9273/267 6399/9274/255
f 6399/9258/255 6411/9275/267 6412/9276/268 6400/9259/856
f 6400/9259/856 6412/9276/268 6413/9277/269 6401/9260/257
f 6401/9260/257 6413/9277/269 6414/9278/270 6402/9261/258
f 6402/9262/258 6414/9279/270 6415/9280/787 6403/9263/259
f 6403/9263/259 6415/9280/787 6416/9281/827 6404/9264/260
f 6404/9265/260 6416/9282/827 6417/9283/273 6405/9266/261
f 6405/9266/261 6417/9283/273 6418/9284/274 6406/9267/262
f 6406/9267/262 6418/9284/274 6419/9285/275 6407/9268/263
f 6407/9268/263 6419/9285/275 6420/9286/276 6408/9269/264
f 6408/9270/264 6420/9287/276 6409/9271/265 6397/9255/826
f 6409/9271/265 6421/9288/277 6422/9289/278 6410/9272/266
f 6410/9272/266 6422/9289/278 6423/9290/279 6411/9273/267
f 6411/9275/267 6423/9291/279 6424/9292/280 6412/9276/268
f 6412/9276/268 6424/9292/280 6425/9293/281 6413/9277/269
f 6413/9294/269 6425/9295/281 6426/9296/282 6414/9279/270
f 6414/9279/270 6426/9296/282 6427/9297/283 6415/9280/787
f 6415/9280/787 6427/9297/283 6428/9298/284 6416/9281/827
f 6416/9282/827 6428/9299/284 6429/9300/285 6417/9283/273
f 6417/9283/273 6429/9300/285 6430/9301/286 6418/9284/274
f 6418/9284/274 6430/9301/286 6431/9302/287 6419/9285/275
f 6419/9303/275 6431/9304/287 6432/9305/288 6420/9287/276
f 6420/9287/276 6432/9305/288 6421/9288/277 6409/9271/265
f 6421/9288/277 6433/9306/103 6434/9307/289 6422/9289/278
f 6422/9308/278 6434/9309/289 6435/9310/290 6423/9291/279
f 6423/9291/279 6435/9310/290 6436/9311/291 6424/9292/280
f 6424/9292/280 6436/9311/291 6437/9312/292 6425/9293/281
f 6425/9295/281 6437/9313/292 6438/9314/293 6426/9296/282
f 6426/9296/282 6438/9314/293 6439/9315/97 6427/9297/283
f 6427/9297/283 6439/9315/97 6440/9316/294 6428/9298/284
f 6428/9299/284 6440/9317/294 6441/9318/295 6429/9300/285
f 6429/9300/285 6441/9318/295 6442/9319/296 6430/9301/286
f 6430/9301/286 6442/9319/296 6443/9320/297 6431/9302/287
f 6431/9304/287 6443/9321/297 6444/9322/298 6432/9305/288
f 6432/9305/288 6444/9322/298 6433/9306/103 6421/9288/277
f 6433/9306/103 6445/9323/299 6446/9324/300 6434/9307/289
f 6434/9309/289 6446/9325/300 6447/9326/301 6435/9310/290
f 6435/9310/290 6447/9326/301 6448/9327/302 6436/9311/291
f 6436/9311/291 6448/9327/302 6449/9328/303 6437/9312/292
f 6437/9312/292 6449/9328/303 6450/9329/304 6438/9330/293
f 6438/9314/293 6450/9331/304 6451/9332/305 6439/9315/97
f 6439/9315/97 6451/9332/305 6452/9333/306 6440/9316/294
f 6440/9317/294 6452/9334/306 6453/9335/307 6441/9318/295
f 6441/9318/295 6453/9335/307 6454/9336/308 6442/9319/296
f 6442/9319/296 6454/9336/308 6455/9337/309 6443/9320/297
f 6443/9321/297 6455/9338/309 6456/9339/310 6444/9322/298
f 6444/9322/298 6456/9339/310 6445/9323/299 6433/9306/103
f 6445/9323/299 6457/9340/857 6458/9341/312 6446/9324/300
f 6446/9325/300 6458/9342/312 6459/9343/313 6447/9326/301
f 6447/9326/301 6459/9343/313 6460/9344/314 6448/9327/302
f 6448/9327/302 6460/9344/314 6461/9345/315 6449/9328/303
f 6449/9328/303 6461/9345/315 6462/9346/316 6450/9329/304
f 6450/9331/304 6462/9347/316 6463/9348/317 6451/9332/305
f 6451/9332/305 6463/9348/317 6464/9349/318 6452/9333/306
f 6452/9334/306 6464/9350/318 6465/9351/319 6453/9335/307
f 6453/9335/307 6465/9351/319 6466/9352/320 6454/9336/308
f 6454/9336/308 6466/9352/320 6467/9353/321 6455/9337/309
f 6455/9337/309 6467/9353/321 6468/9354/322 6456/9355/310
f 6456/9339/310 6468/9356/322 6457/9340/857 6445/9323/299
f 6457/9340/857 6469/9357/323 6470/9358/790 6458/9341/312
f 6458/9342/312 6470/9359/790 6471/9360/325 6459/9343/313
f 6459/9343/313 6471/9360/325 6472/9361/326 6460/9344/314
f 6460/9344/314 6472/9361/326 6473/9362/327 6461/9345/315
f 6461/9345/315 6473/9362/327 6474/9363/328 6462/9346/316
f 6462/9347/316 6474/9364/328 6475/9365/329 6463/9348/317
f 6463/9348/317 6475/9365/329 6476/9366/330 6464/9349/318
f 6464/9350/318 6476/9367/330 6477/9368/331 6465/9351/319
f 6465/9351/319 6477/9368/331 6478/9369/332 6466/9352/320
f 6466/9352/320 6478/9369/332 6479/9370/333 6467/9353/321
f 6467/9353/321 6479/9370/333 6480/9371/334 6468/9354/322
f 6468/9356/322 6480/9372/334 6469/9357/323 6457/9340/857
f 6469/9373/323 6481/9374/335 6482/9375/336 6470/9376/790
f 6470/9359/790 6482/9377/336 6483/9378/829 6471/9360/325
f 6471/9360/325 6483/9378/829 6484/9379/338 6472/9361/326
f 6472/9361/326 6484/9379/338 6485/9380/339 6473/9362/327
f 6473/9362/327 6485/9380/339 6486/9381/340 6474/9363/328
f 6474/9382/328 6486/9383/340 6487/9384/341 6475/9385/329
f 6475/9385/329 6487/9384/341 6488/9386/342 6476/9387/330
f 6476/9367/330 6488/9388/342 6489/9389/343 6477/9368/331
f 6477/9368/331 6489/9389/343 6490/9390/344 6478/9369/332
f 6478/9369/332 6490/9390/344 6491/9391/345 6479/9370/333
f 6479/9370/333 6491/9391/345 6492/9392/346 6480/9371/334
f 6480/9393/334 6492/9394/346 6481/9374/335 6469/9373/323
f 6481/9374/335 6493/9395/347 6494/9396/348 6482/9375/336
f 6482/9377/336 6494/9397/348 6495/9398/349 6483/9378/829
f 6483/9378/829 6495/9398/349 6496/9399/350 6484/9379/338
f 6484/9379/338 6496/9399/350 6497/9400/351 6485/9380/339
f 6485/9380/339 6497/9400/351 6498/9401/352 6486/9381/340
f 6486/9383/340 6498/9402/352 6499/9403/353 6487/9384/341
f 6487/9384/341 6499/9403/353 6500/9404/354 6488/9386/342
f 6488/9388/342 6500/9405/354 6501/9406/355 6489/9389/343
f 6489/9389/343 6501/9406/355 6502/9407/356 6490/9390/344
f 6490/9390/344 6502/9407/356 6503/9408/357 6491/9391/345
f 6491/9409/345 6503/9410/357 6504/9411/358 6492/9394/346
f 6492/9394/346 6504/9411/358 6493/9395/347 6481/9374/335
f 6493/9395/347 6505/9412/359 6506/9413/360 6494/9396/348
f 6494/9397/348 6506/9414/360 6507/9415/361 6495/9398/349
f 6495/9398/349 6507/9415/361 6508/9416/362 6496/9399/350
f 6496/9399/350 6508/9416/362 6509/9417/363 6497/9400/351
f 6497/9418/351 6509/9419/363 6510/9420/364 6498/9402/352
f 6498/9402/352 6510/9420/364 6511/9421/365 6499/9403/353
f 6499/9403/353 6511/9421/365 6512/9422/366 6500/9404/354
f 6500/9405/354 6512/9423/366 6513/9424/367 6501/9406/355
f 6501/9406/355 6513/9424/367 6514/9425/368 6502/9407/356
f 6502/9407/356 6514/9425/368 6515/9426/369 6503/9408/357
f 6503/9410/357 6515/9427/369 6516/9428/370 6504/9411/358
f 6504/9411/358 6516/9428/370 6505/9412/359 6493/9395/347
f 6505/9412/359 6517/9429/371 6518/9430/372 6506/9413/360
f 6506/9414/360 6518/9431/372 6519/9432/373 6507/9415/361
f 6507/9415/361 6519/9432/373 6520/9433/374 6508/9416/362
f 6508/9416/362 6520/9433/374 6521/9434/375 6509/9417/363
f 6509/9419/363 6521/9435/375 6522/9436/376 6510/9420/364
f 6510/9420/364 6522/9436/376 6523/9437/377 6511/9421/365
f 6511/9421/365 6523/9437/377 6524/9438/791 6512/9422/366
f 6512/9423/366 6524/9439/791 6525/9440/379 6513/9424/367
f 6513/9424/367 6525/9440/379 6526/9441/380 6514/9425/368
f 6514/9425/368 6526/9441/380 6527/9442/381 6515/9426/369
f 6515/9427/369 6527/9443/381 6528/9444/382 6516/9428/370
f 6516/9428/370 6528/9444/382 6517/9429/371 6505/9412/359
f 6517/9429/371 6145/8889/1 6146/8892/4 6518/9430/372
f 6518/9431/372 6146/8893/4 6147/8896/6 6519/9432/373
f 6519/9432/373 6147/8896/6 6148/8898/8 6520/9433/374
f 6520/9433/374 6148/8898/8 6149/8900/10 6521/9434/375
f 6521/9435/375 6149/8901/10 6150/8904/12 6522/9436/376
f 6522/9436/376 6150/8904/12 6151/8906/14 6523/9437/377
f 6523/9437/377 6151/8906/14 6152/8908/16 6524/9438/791
f 6524/9439/791 6152/8909/16 6153/8912/18 6525/9440/379
f 6525/9440/379 6153/8912/18 6154/8914/20 6526/9441/380
f 6526/9441/380 6154/8914/20 6155/8916/22 6527/9442/381
f 6527/9443/381 6155/8917/22 6156/8920/24 6528/9444/382
f 6528/9444/382 6156/8920/24 6145/8889/1 6517/9429/371
f 6529/9445/383 6541/9446/384 6542/9447/385 6530/9448/386
f 6530/9449/386 6542/9450/385 6543/9451/387 6531/9452/388
f 6531/9452/388 6543/9451/387 6544/9453/389 6532/9454/390
f 6532/9454/390 6544/9453/389 6545/9455/391 6533/9456/392
f 6533/9457/392 6545/9458/391 6546/9459/393 6534/9460/394
f 6534/9460/394 6546/9459/393 6547/9461/395 6535/9462/396
f 6535/9462/396 6547/9461/395 6548/9463/397 6536/9464/398
f 6536/9465/398 6548/9466/397 6549/9467/399 6537/9468/400
f 6537/9468/400 6549/9467/399 6550/9469/401 6538/9470/402
f 6538/9470/402 6550/9469/401 6551/9471/403 6539/9472/404
f 6539/9473/404 6551/9474/403 6552/9475/405 6540/9476/406
f 6540/9476/406 6552/9475/405 6541/9446/384 6529/9445/383
f 6541/9446/384 6553/9477/407 6554/9478/408 6542/9447/385
f 6542/9450/385 6554/9479/408 6555/9480/409 6543/9451/387
f 6543/9451/387 6555/9480/409 6556/9481/410 6544/9453/389
f 6544/9453/389 6556/9481/410 6557/9482/411 6545/9455/391
f 6545/9458/391 6557/9483/411 6558/9484/412 6546/9459/393
f 6546/9459/393 6558/9484/412 6559/9485/413 6547/9461/395
f 6547/9461/395 6559/9485/413 6560/9486/414 6548/9463/397
f 6548/9466/397 6560/9487/414 6561/9488/415 6549/9467/399
f 6549/9467/399 6561/9488/415 6562/9489/416 6550/9469/401
f 6550/9469/401 6562/9489/416 6563/9490/417 6551/9471/403
f 6551/9474/403 6563/9491/417 6564/9492/418 6552/9475/405
f 6552/9475/405 6564/9492/418 6553/9477/407 6541/9446/384
f 6553/9477/407 6565/9493/419 6566/9494/862 6554/9478/408
f 6554/9479/408 6566/9495/862 6567/9496/421 6555/9480/409
f 6555/9480/409 6567/9496/421 6568/9497/422 6556/9481/410
f 6556/9481/410 6568/9497/422 6569/9498/423 6557/9482/411
f 6557/9483/411 6569/9499/423 6570/9500/424 6558/9484/412
f 6558/9484/412 6570/9500/424 6571/9501/425 6559/9485/413
f 6559/9485/413 6571/9501/425 6572/9502/426 6560/9486/414
f 6560/9487/414 6572/9503/426 6573/9504/427 6561/9488/415
f 6561/9488/415 6573/9504/427 6574/9505/428 6562/9489/416
f 6562/9489/416 6574/9505/428 6575/9506/429 6563/9490/417
f 6563/9491/417 6575/9507/429 6576/9508/430 6564/9492/418
f 6564/9492/418 6576/9508/430 6565/9493/419 6553/9477/407
f 6565/9493/419 6577/9509/794 6578/9510/432 6566/9494/862
f 6566/9495/862 6578/9511/432 6579/9512/433 6567/9496/421
f 6567/9496/421 6579/9512/433 6580/9513/434 6568/9497/422
f 6568/9497/422 6580/9513/434 6581/9514/435 6569/9498/423
f 6569/9515/423 6581/9516/435 6582/9517/436 6570/9518/424
f 6570/9500/424 6582/9519/436 6583/9520/437 6571/9501/425
f 6571/9501/425 6583/9520/437 6584/9521/438 6572/9502/426
f 6572/9503/426 6584/9522/438 6585/9523/439 6573/9504/427
f 6573/9504/427 6585/9523/439 6586/9524/440 6574/9505/428
f 6574/9505/428 6586/9524/440 6587/9525/441 6575/9506/429
f 6575/9526/429 6587/9527/441 6588/9528/442 6576/9529/430
f 6576/9508/430 6588/9530/442 6577/9509/794 6565/9493/419
f 6577/9531/794 6589/9532/443 6590/9533/444 6578/9534/432
f 6578/9511/432 6590/9535/444 6591/9536/445 6579/9512/433
f 6579/9512/433 6591/9536/445 6592/9537/446 6580/9513/434
f 6580/9513/434 6592/9537/446 6593/9538/447 6581/9514/435
f 6581/9516/435 6593/9539/447 6594/9540/448 6582/9517/436
f 6582/9517/436 6594/9540/448 6595/9541/449 6583/9542/437
f 6583/9542/437 6595/9541/449 6596/9543/450 6584/9544/438
f 6584/9522/438 6596/9545/450 6597/9546/451 6585/9523/439
f 6585/9523/439 6597/9546/451 6598/9547/832 6586/9524/440
f 6586/9524/440 6598/9547/832 6599/9548/453 6587/9525/441
f 6587/9527/441 6599/9549/453 6600/9550/454 6588/9528/442
f 6588/9528/442 6600/9550/454 6589/9532/443 6577/9531/794
f 6589/9532/443 6601/9551/455 6602/9552/456 6590/9533/444
f 6590/9535/444 6602/9553/456 6603/9554/457 6591/9536/445
f 6591/9536/445 6603/9554/457 6604/9555/458 6592/9537/446
f 6592/9537/446 6604/9555/458 6605/9556/459 6593/9538/447
f 6593/9539/447 6605/9557/459 6606/9558/460 6594/9540/448
f 6594/9540/448 6606/9558/460 6607/9559/461 6595/9541/449
f 6595/9541/449 6607/9559/461 6608/9560/462 6596/9543/450
f 6596/9545/450 6608/9561/462 6609/9562/463 6597/9546/451
f 6597/9546/451 6609/9562/463 6610/9563/464 6598/9547/832
f 6598/9547/832 6610/9563/464 6611/9564/465 6599/9548/453
f 6599/9549/453 6611/9565/465 6612/9566/795 6600/9550/454
f 6600/9550/454 6612/9566/795 6601/9551/455 6589/9532/443
f 6601/9551/455 6613/9567/467 6614/9568/834 6602/9552/456
f 6602/9553/456 6614/9569/834 6615/9570/469 6603/9554/457
f 6603/9554/457 6615/9570/469 6616/9571/470 6604/9555/458
f 6604/9555/458 6616/9571/470 6617/9572/796 6605/9556/459
f 6605/9557/459 6617/9573/796 6618/9574/472 6606/9558/460
f 6606/9558/460 6618/9574/472 6619/9575/473 6607/9559/461
f 6607/9559/461 6619/9575/473 6620/9576/474 6608/9560/462
f 6608/9561/462 6620/9577/474 6621/9578/475 6609/9562/463
f 6609/9562/463 6621/9578/475 6622/9579/476 6610/9563/464
f 6610/9563/464 6622/9579/476 6623/9580/477 6611/9564/465
f 6611/9565/465 6623/9581/477 6624/9582/478 6612/9566/795
f 6612/9566/795 6624/9582/478 6613/9567/467 6601/9551/455
f 6613/9567/467 6625/9583/97 6626/9584/479 6614/9568/834
f 6614/9569/834 6626/9585/479 6627/9586/480 6615/9570/469
f 6615/9570/469 6627/9586/480 6628/9587/481 6616/9571/470
f 6616/9571/470 6628/9587/481 6629/9588/482 6617/9572/796
f 6617/9573/796 6629/9589/482 6630/9590/483 6618/9574/472
f 6618/9574/472 6630/9590/483 6631/9591/103 6619/9575/473
f 6619/9575/473 6631/9591/103 6632/9592/484 6620/9576/474
f 6620/9577/474 6632/9593/484 6633/9594/485 6621/9578/475
f 6621/9578/475 6633/9594/485 6634/9595/486 6622/9579/476
f 6622/9579/476 6634/9595/486 6635/9596/487 6623/9580/477
f 6623/9581/477 6635/9597/487 6636/9598/798 6624/9582/478
f 6624/9582/478 6636/9598/798 6625/9583/97 6613/9567/467
f 6625/9583/97 6637/9599/489 6638/9600/490 6626/9584/479
f 6626/9585/479 6638/9601/490 6639/9602/491 6627/9586/480
f 6627/9586/480 6639/9602/491 6640/9603/492 6628/9587/481
f 6628/9587/481 6640/9603/492 6641/9604/493 6629/9588/482
f 6629/9589/482 6641/9605/493 6642/9606/494 6630/9590/483
f 6630/9590/483 6642/9606/494 6643/9607/799 6631/9591/103
f 6631/9591/103 6643/9607/799 6644/9608/496 6632/9592/484
f 6632/9593/484 6644/9609/496 6645/9610/497 6633/9594/485
f 6633/9594/485 6645/9610/497 6646/9611/498 6634/9595/486
f 6634/9595/486 6646/9611/498 6647/9612/499 6635/9596/487
f 6635/9597/487 6647/9613/499 6648/9614/500 6636/9598/798
f 6636/9598/798 6648/9614/500 6637/9599/489 6625/9583/97
f 6637/9599/489 6649/9615/501 6650/9616/502 6638/9600/490
f 6638/9601/490 6650/9617/502 6651/9618/503 6639/9602/491
f 6639/9602/491 6651/9618/503 6652/9619/504 6640/9603/492
f 6640/9603/492 6652/9619/504 6653/9620/505 6641/9604/493
f 6641/9605/493 6653/9621/505 6654/9622/837 6642/9606/494
f 6642/9606/494 6654/9622/837 6655/9623/507 6643/9607/799
f 6643/9607/799 6655/9623/507 6656/9624/873 6644/9608/496
f 6644/9609/496 6656/9625/873 6657/9626/509 6645/9610/497
f 6645/9610/497 6657/9626/509 6658/9627/510 6646/9611/498
f 6646/9611/498 6658/9627/510 6659/9628/838 6647/9612/499
f 6647/9613/499 6659/9629/838 6660/9630/512 6648/9614/500
f 6648/9614/500 6660/9630/512 6649/9615/501 6637/9599/489
f 6649/9615/501 6661/9631/513 6662/9632/514 6650/9616/502
f 6650/9617/502 6662/9633/514 6663/9634/515 6651/9618/503
f 6651/9618/503 6663/9634/515 6664/9635/516 6652/9619/504
f 6652/9619/504 6664/9635/516 6665/9636/517 6653/9620/505
f 6653/9621/505 6665/9637/517 6666/9638/518 6654/9622/837
f 6654/9622/837 6666/9638/518 6667/9639/878 6655/9623/507
f 6655/9623/507 6667/9639/878 6668/9640/804 6656/9624/873
f 6656/9625/873 6668/9641/804 6669/9642/521 6657/9626/509
f 6657/9626/509 6669/9642/521 6670/9643/522 6658/9627/510
f 6658/9627/510 6670/9643/522 6671/9644/523 6659/9628/838
f 6659/9629/838 6671/9645/523 6672/9646/524 6660/9630/512
f 6660/9630/512 6672/9646/524 6661/9631/513 6649/9615/501
f 6661/9647/513 6673/9648/525 6674/9649/805 6662/9650/514
f 6662/9633/514 6674/9651/805 6675/9652/527 6663/9634/515
f 6663/9634/515 6675/9652/527 6676/9653/528 6664/9635/516
f 6664/9635/516 6676/9653/528 6677/9654/529 6665/9636/517
f 6665/9637/517 6677/9655/529 6678/9656/530 6666/9638/518
f 6666/9638/518 6678/9656/530 6679/9657/531 6667/9639/878
f 6667/9658/878 6679/9659/531 6680/9660/532 6668/9661/804
f 6668/9641/804 6680/9662/532 6681/9663/533 6669/9642/521
f 6669/9642/521 6681/9663/533 6682/9664/534 6670/9643/522
f 6670/9643/522 6682/9664/534 6683/9665/535 6671/9644/523
f 6671/9645/523 6683/9666/535 6684/9667/536 6672/9646/524
f 6672/9646/524 6684/9667/536 6673/9668/525 6661/9631/513
f 6673/9648/525 6685/9669/537 6686/9670/538 6674/9649/805
f 6674/9651/805 6686/9671/538 6687/9672/539 6675/9652/527
f 6675/9652/527 6687/9672/539 6688/9673/540 6676/9653/528
f 6676/9653/528 6688/9673/540 6689/9674/541 6677/9654/529
f 6677/9654/529 6689/9674/541 6690/9675/542 6678/9676/530
f 6678/9677/530 6690/9678/542 6691/9679/543 6679/9659/531
f 6679/9659/531 6691/9679/543 6692/9680/544 6680/9660/532
f 6680/9662/532 6692/9681/544 6693/9682/545 6681/9663/533
f 6681/9663/533 6693/9682/545 6694/9683/546 6682/9664/534
f 6682/9664/534 6694/9683/546 6695/9684/547 6683/9665/535
f 6683/9665/535 6695/9684/547 6696/9685/548 6684/9686/536
f 6684/9687/536 6696/9688/548 6685/9669/537 6673/9648/525
f 6685/9669/537 6697/9689/549 6698/9690/550 6686/9670/538
f 6686/9670/538 6698/9690/550 6699/9691/551 6687/9692/539
f 6687/9672/539 6699/9693/551 6700/9694/552 6688/9673/540
f 6688/9673/540 6700/9694/552 6701/9695/553 6689/9674/541
f 6689/9674/541 6701/9695/553 6702/9696/554 6690/9675/542
f 6690/9678/542 6702/9697/554 6703/9698/555 6691/9679/543
f 6691/9679/543 6703/9698/555 6704/9699/556 6692/9680/544
f 6692/9681/544 6704/9700/556 6705/9701/557 6693/9682/545
f 6693/9682/545 6705/9701/557 6706/9702/558 6694/9683/546
f 6694/9683/546 6706/9702/558 6707/9703/559 6695/9684/547
f 6695/9684/547 6707/9703/559 6708/9704/560 6696/9685/548
f 6696/9688/548 6708/9705/560 6697/9689/549 6685/9669/537
f 6697/9689/549 6709/9706/561 6710/9707/562 6698/9690/550
f 6698/9690/550 6710/9707/562 6711/9708/563 6699/9691/551
f 6699/9693/551 6711/9709/563 6712/9710/564 6700/9694/552
f 6700/9694/552 6712/9710/564 6713/9711/565 6701/9695/553
f 6701/9695/553 6713/9711/565 6714/9712/566 6702/9696/554
f 6702/9697/554 6714/9713/566 6715/9714/567 6703/9698/555
f 6703/9698/555 6715/9714/567 6716/9715/568 6704/9699/556
f 6704/9699/556 6716/9715/568 6717/9716/569 6705/9717/557
f 6705/9701/557 6717/9718/569 6718/9719/570 6706/9702/558
f 6706/9702/558 6718/9719/570 6719/9720/571 6707/9703/559
f 6707/9703/559 6719/9720/571 6720/9721/808 6708/9704/560
f 6708/9705/560 6720/9722/808 6709/9706/561 6697/9689/549
f 6709/9706/561 6721/9723/573 6722/9724/574 6710/9707/562
f 6710/9707/562 6722/9724/574 6723/9725/575 6711/9708/563
f 6711/9709/563 6723/9726/575 6724/9727/576 6712/9710/564
f 6712/9710/564 6724/9727/576 6725/9728/577 6713/9711/565
f 6713/9711/565 6725/9728/577 6726/9729/578 6714/9712/566
f 6714/9713/566 6726/9730/578 6727/9731/579 6715/9714/567
f 6715/9714/567 6727/9731/579 6728/9732/580 6716/9715/568
f 6716/9715/568 6728/9732/580 6729/9733/581 6717/9716/569
f 6717/9718/569 6729/9734/581 6730/9735/582 6718/9719/570
f 6718/9719/570 6730/9735/582 6731/9736/583 6719/9720/571
f 6719/9720/571 6731/9736/583 6732/9737/584 6720/9721/808
f 6720/9722/808 6732/9738/584 6721/9723/573 6709/9706/561
f 6721/9723/573 6733/9739/585 6734/9740/586 6722/9724/574
f 6722/9724/574 6734/9740/586 6735/9741/587 6723/9725/575
f 6723/9726/575 6735/9742/587 6736/9743/588 6724/9727/576
f 6724/9727/576 6736/9743/588 6737/9744/589 6725/9728/577
f 6725/9728/577 6737/9744/589 6738/9745/590 6726/9729/578
f 6726/9730/578 6738/9746/590 6739/9747/591 6727/9731/579
f 6727/9731/579 6739/9747/591 6740/9748/592 6728/9732/580
f 6728/9732/580 6740/9748/592 6741/9749/593 6729/9733/581
f 6729/9734/581 6741/9750/593 6742/9751/594 6730/9735/582
f 6730/9735/582 6742/9751/594 6743/9752/595 6731/9736/583
f 6731/9736/583 6743/9752/595 6744/9753/596 6732/9737/584
f 6732/9738/584 6744/9754/596 6733/9739/585 6721/9723/573
f 6733/9739/585 6745/9755/597 6746/9756/598 6734/9740/586
f 6734/9740/586 6746/9756/598 6747/9757/599 6735/9741/587
f 6735/9742/587 6747/9758/599 6748/9759/600 6736/9743/588
f 6736/9743/588 6748/9759/600 6749/9760/601 6737/9744/589
f 6737/9744/589 6749/9760/601 6750/9761/602 6738/9745/590
f 6738/9746/590 6750/9762/602 6751/9763/603 6739/9747/591
f 6739/9747/591 6751/9763/603 6752/9764/604 6740/9748/592
f 6740/9748/592 6752/9764/604 6753/9765/605 6741/9749/593
f 6741/9750/593 6753/9766/605 6754/9767/606 6742/9751/594
f 6742/9751/594 6754/9767/606 6755/9768/607 6743/9752/595
f 6743/9752/595 6755/9768/607 6756/9769/608 6744/9753/596
f 6744/9754/596 6756/9770/608 6745/9755/597 6733/9739/585
f 6745/9755/597 6757/9771/609 6758/9772/610 6746/9756/598
f 6746/9756/598 6758/9772/610 6759/9773/611 6747/9757/599
f 6747/9758/599 6759/9774/611 6760/9775/612 6748/9759/600
f 6748/9759/600 6760/9775/612 6761/9776/613 6749/9760/601
f 6749/9760/601 6761/9776/613 6762/9777/811 6750/9761/602
f 6750/9762/602 6762/9778/811 6763/9779/615 6751/9763/603
f 6751/9763/603 6763/9779/615 6764/9780/616 6752/9764/604
f 6752/9764/604 6764/9780/616 6765/9781/617 6753/9765/605
f 6753/9766/605 6765/9782/617 6766/9783/618 6754/9767/606
f 6754/9767/606 6766/9783/618 6767/9784/619 6755/9768/607
f 6755/9768/607 6767/9784/619 6768/9785/620 6756/9769/608
f 6756/9770/608 6768/9786/620 6757/9771/609 6745/9755/597
f 6757/9771/609 6769/9787/621 6770/9788/622 6758/9772/610
f 6758/9772/610 6770/9788/622 6771/9789/623 6759/9773/611
f 6759/9774/611 6771/9790/623 6772/9791/624 6760/9775/612
f 6760/9775/612 6772/9791/624 6773/9792/625 6761/9776/613
f 6761/9776/613 6773/9792/625 6774/9793/626 6762/9777/811
f 6762/9778/811 6774/9794/626 6775/9795/842 6763/9779/615
f 6763/9779/615 6775/9795/842 6776/9796/628 6764/9780/616
f 6764/9797/616 6776/9798/628 6777/9799/629 6765/9800/617
f 6765/9782/617 6777/9801/629 6778/9802/630 6766/9783/618
f 6766/9783/618 6778/9802/630 6779/9803/631 6767/9784/619
f 6767/9784/619 6779/9803/631 6780/9804/632 6768/9785/620
f 6768/9786/620 6780/9805/632 6769/9787/621 6757/9771/609
f 6769/9806/621 6781/9807/633 6782/9808/634 6770/9809/622
f 6770/9809/622 6782/9808/634 6783/9810/635 6771/9811/623
f 6771/9790/623 6783/9812/635 6784/9813/636 6772/9791/624
f 6772/9791/624 6784/9813/636 6785/9814/637 6773/9792/625
f 6773/9792/625 6785/9814/637 6786/9815/638 6774/9793/626
f 6774/9816/626 6786/9817/638 6787/9818/639 6775/9819/842
f 6775/9819/842 6787/9818/639 6788/9820/640 6776/9798/628
f 6776/9798/628 6788/9820/640 6789/9821/641 6777/9799/629
f 6777/9801/629 6789/9822/641 6790/9823/642 6778/9802/630
f 6778/9802/630 6790/9823/642 6791/9824/643 6779/9803/631
f 6779/9803/631 6791/9824/643 6792/9825/644 6780/9804/632
f 6780/9826/632 6792/9827/644 6781/9807/633 6769/9806/621
f 6781/9807/633 6793/9828/645 6794/9829/646 6782/9808/634
f 6782/9808/634 6794/9829/646 6795/9830/647 6783/9810/635
f 6783/9812/635 6795/9831/647 6796/9832/648 6784/9813/636
f 6784/9813/636 6796/9832/648 6797/9833/649 6785/9814/637
f 6785/9814/637 6797/9833/649 6798/9834/845 6786/9815/638
f 6786/9817/638 6798/9835/845 6799/9836/651 6787/9818/639
f 6787/9818/639 6799/9836/651 6800/9837/652 6788/9820/640
f 6788/9820/640 6800/9837/652 6801/9838/653 6789/9821/641
f 6789/9822/641 6801/9839/653 6802/9840/654 6790/9823/642
f 6790/9823/642 6802/9840/654 6803/9841/655 6791/9824/643
f 6791/9824/643 6803/9841/655 6804/9842/656 6792/9825/644
f 6792/9827/644 6804/9843/656 6793/9828/645 6781/9807/633
f 6793/9828/645 6805/9844/814 6806/9845/658 6794/9829/646
f 6794/9829/646 6806/9845/658 6807/9846/659 6795/9830/647
f 6795/9831/647 6807/9847/659 6808/9848/660 6796/9832/648
f 6796/9832/648 6808/9848/660 6809/9849/661 6797/9833/649
f 6797/9833/649 6809/9849/661 6810/9850/662 6798/9834/845
f 6798/9835/845 6810/9851/662 6811/9852/663 6799/9836/651
f 6799/9836/651 6811/9852/663 6812/9853/815 6800/9837/652
f 6800/9837/652 6812/9853/815 6813/9854/665 6801/9838/653
f 6801/9839/653 6813/9855/665 6814/9856/666 6802/9840/654
f 6802/9840/654 6814/9856/666 6815/9857/667 6803/9841/655
f 6803/9841/655 6815/9857/667 6816/9858/668 6804/9842/656
f 6804/9843/656 6816/9859/668 6805/9844/814 6793/9828/645
f 6805/9844/814 6817/9860/103 6818/9861/867 6806/9845/658
f 6806/9845/658 6818/9861/867 6819/9862/670 6807/9846/659
f 6807/9847/659 6819/9863/670 6820/9864/671 6808/9848/660
f 6808/9848/660 6820/9864/671 6821/9865/672 6809/9849/661
f 6809/9849/661 6821/9865/672 6822/9866/673 6810/9850/662
f 6810/9851/662 6822/9867/673 6823/9868/97 6811/9852/663
f 6811/9852/663 6823/9868/97 6824/9869/674 6812/9853/815
f 6812/9853/815 6824/9869/674 6825/9870/675 6813/9854/665
f 6813/9855/665 6825/9871/675 6826/9872/676 6814/9856/666
f 6814/9856/666 6826/9872/676 6827/9873/677 6815/9857/667
f 6815/9857/667 6827/9873/677 6828/9874/678 6816/9858/668
f 6816/9859/668 6828/9875/678 6817/9860/103 6805/9844/814
f 6817/9860/103 6829/9876/679 6830/9877/680 6818/9861/867
f 6818/9861/867 6830/9877/680 6831/9878/681 6819/9862/670
f 6819/9863/670 6831/9879/681 6832/9880/846 6820/9864/671
f 6820/9864/671 6832/9880/846 6833/9881/683 6821/9865/672
f 6821/9865/672 6833/9881/683 6834/9882/684 6822/9866/673
f 6822/9867/673 6834/9883/684 6835/9884/685 6823/9868/97
f 6823/9868/97 6835/9884/685 6836/9885/686 6824/9869/674
f 6824/9869/674 6836/9885/686 6837/9886/687 6825/9870/675
f 6825/9871/675 6837/9887/687 6838/9888/688 6826/9872/676
f 6826/9872/676 6838/9888/688 6839/9889/689 6827/9873/677
f 6827/9873/677 6839/9889/689 6840/9890/690 6828/9874/678
f 6828/9875/678 6840/9891/690 6829/9876/679 6817/9860/103
f 6829/9876/679 6841/9892/691 6842/9893/692 6830/9877/680
f 6830/9877/680 6842/9893/692 6843/9894/693 6831/9878/681
f 6831/9879/681 6843/9895/693 6844/9896/694 6832/9880/846
f 6832/9880/846 6844/9896/694 6845/9897/695 6833/9881/683
f 6833/9881/683 6845/9897/695 6846/9898/696 6834/9882/684
f 6834/9883/684 6846/9899/696 6847/9900/697 6835/9884/685
f 6835/9884/685 6847/9900/697 6848/9901/698 6836/9885/686
f 6836/9885/686 6848/9901/698 6849/9902/699 6837/9886/687
f 6837/9887/687 6849/9903/699 6850/9904/700 6838/9888/688
f 6838/9888/688 6850/9904/700 6851/9905/701 6839/9889/689
f 6839/9889/689 6851/9905/701 6852/9906/702 6840/9890/690
f 6840/9891/690 6852/9907/702 6841/9892/691 6829/9876/679
f 6841/9892/691 6853/9908/703 6854/9909/704 6842/9893/692
f 6842/9893/692 6854/9909/704 6855/9910/705 6843/9894/693
f 6843/9895/693 6855/9911/705 6856/9912/818 6844/9896/694
f 6844/9896/694 6856/9912/818 6857/9913/707 6845/9897/695
f 6845/9897/695 6857/9913/707 6858/9914/708 6846/9898/696
f 6846/9899/696 6858/9915/708 6859/9916/709 6847/9900/697
f 6847/9900/697 6859/9916/709 6860/9917/710 6848/9901/698
f 6848/9901/698 6860/9917/710 6861/9918/711 6849/9902/699
f 6849/9903/699 6861/9919/711 6862/9920/712 6850/9904/700
f 6850/9904/700 6862/9920/712 6863/9921/713 6851/9905/701
f 6851/9905/701 6863/9921/713 6864/9922/714 6852/9906/702
f 6852/9907/702 6864/9923/714 6853/9908/703 6841/9892/691
f 6853/9908/703 6865/9924/715 6866/9925/716 6854/9909/704
f 6854/9909/704 6866/9925/716 6867/9926/717 6855/9910/705
f 6855/9911/705 6867/9927/717 6868/9928/869 6856/9912/818
f 6856/9912/818 6868/9928/869 6869/9929/719 6857/9913/707
f 6857/9913/707 6869/9929/719 6870/9930/720 6858/9914/708
f 6858/9931/708 6870/9932/720 6871/9933/721 6859/9934/709
f 6859/9916/709 6871/9935/721 6872/9936/722 6860/9917/710
f 6860/9917/710 6872/9936/722 6873/9937/723 6861/9918/711
f 6861/9919/711 6873/9938/723 6874/9939/724 6862/9920/712
f 6862/9920/712 6874/9939/724 6875/9940/725 6863/9921/713
f 6863/9921/713 6875/9940/725 6876/9941/726 6864/9922/714
f 6864/9942/714 6876/9943/726 6865/9944/715 6853/9945/703
f 6865/9944/715 6877/9946/727 6878/9947/728 6866/9948/716
f 6866/9949/716 6878/9950/728 6879/9951/729 6867/9927/717
f 6867/9927/717 6879/9951/729 6880/9952/730 6868/9928/869
f 6868/9928/869 6880/9952/730 6881/9953/731 6869/9929/719
f 6869/9929/719 6881/9953/731 6882/9954/732 6870/9930/720
f 6870/9932/720 6882/9955/732 6883/9956/733 6871/9933/721
f 6871/9933/721 6883/9956/733 6884/9957/734 6872/9958/722
f 6872/9959/722 6884/9960/734 6885/9961/735 6873/9938/723
f 6873/9938/723 6885/9961/735 6886/9962/736 6874/9939/724
f 6874/9939/724 6886/9962/736 6887/9963/737 6875/9940/725
f 6875/9940/725 6887/9963/737 6888/9964/738 6876/9941/726
f 6876/9943/726 6888/9965/738 6877/9946/727 6865/9944/715
f 6877/9946/727 6889/9966/739 6890/9967/740 6878/9947/728
f 6878/9950/728 6890/9968/740 6891/9969/741 6879/9951/729
f 6879/9951/729 6891/9969/741 6892/9970/742 6880/9952/730
f 6880/9952/730 6892/9970/742 6893/9971/743 6881/9953/731
f 6881/9953/731 6893/9971/743 6894/9972/744 6882/9954/732
f 6882/9955/732 6894/9973/744 6895/9974/745 6883/9956/733
f 6883/9956/733 6895/9974/745 6896/9975/746 6884/9957/734
f 6884/9960/734 6896/9976/746 6897/9977/747 6885/9961/735
f 6885/9961/735 6897/9977/747 6898/9978/748 6886/9962/736
f 6886/9962/736 6898/9978/748 6899/9979/749 6887/9963/737
f 6887/9980/737 6899/9981/749 6900/9982/750 6888/9965/738
f 6888/9965/738 6900/9982/750 6889/9966/739 6877/9946/727
f 6889/9966/739 6901/9983/751 6902/9984/752 6890/9967/740
f 6890/9968/740 6902/9985/752 6903/9986/753 6891/9969/741
f 6891/9969/741 6903/9986/753 6904/9987/754 6892/9970/742
f 6892/9970/742 6904/9987/754 6905/9988/755 6893/9971/743
f 6893/9989/743 6905/9990/755 6906/9991/756 6894/9973/744
f 6894/9973/744 6906/9991/756 6907/9992/757 6895/9974/745
f 6895/9974/745 6907/9992/757 6908/9993/758 6896/9975/746
f 6896/9976/746 6908/9994/758 6909/9995/759 6897/9977/747
f 6897/9977/747 6909/9995/759 6910/9996/760 6898/9978/748
f 6898/9978/748 6910/9996/760 6911/9997/761 6899/9979/749
f 6899/9981/749 6911/9998/761 6912/9999/762 6900/9982/750
f 6900/9982/750 6912/9999/762 6901/9983/751 6889/9966/739
f 6901/9983/751 6529/9445/383 6530/9448/386 6902/9984/752
f 6902/9985/752 6530/9449/386 6531/9452/388 6903/9986/753
f 6903/9986/753 6531/9452/388 6532/9454/390 6904/9987/754
f 6904/9987/754 6532/9454/390 6533/9456/392 6905/9988/755
f 6905/9990/755 6533/9457/392 6534/9460/394 6906/9991/756
f 6906/9991/756 6534/9460/394 6535/9462/396 6907/9992/757
f 6907/9992/757 6535/9462/396 6536/9464/398 6908/9993/758
f 6908/9994/758 6536/9465/398 6537/9468/400 6909/9995/759
f 6909/9995/759 6537/9468/400 6538/9470/402 6910/9996/760
f 6910/9996/760 6538/9470/402 6539/9472/404 6911/9997/761
f 6911/9998/761 6539/9473/404 6540/9476/406 6912/9999/762
f 6912/9999/762 6540/9476/406 6529/9445/383 6901/9983/751
f 6913/10000/1 6925/10001/2 6926/10002/3 6914/10003/4
f 6914/10004/4 6926/10005/3 6927/10006/5 6915/10007/6
f 6915/10007/6 6927/10006/5 6928/10008/7 6916/10009/8
f 6916/10009/8 6928/10008/7 6929/10010/9 6917/10011/10
f 6917/10012/10 6929/10013/9 6930/10014/11 6918/10015/12
f 6918/10015/12 6930/10014/11 6931/10016/13 6919/10017/14
f 6919/10017/14 6931/10016/13 6932/10018/15 6920/10019/16
f 6920/10020/16 6932/10021/15 6933/10022/17 6921/10023/18
f 6921/10023/18 6933/10022/17 6934/10024/19 6922/10025/20
f 6922/10025/20 6934/10024/19 6935/10026/21 6923/10027/22
f 6923/10028/22 6935/10029/21 6936/10030/23 6924/10031/24
f 6924/10031/24 6936/10030/23 6925/10001/2 6913/10000/1
f 6925/10001/2 6937/10032/25 6938/10033/26 6926/10002/3
f 6926/10005/3 6938/10034/26 6939/10035/27 6927/10006/5
f 6927/10006/5 6939/10035/27 6940/10036/28 6928/10008/7
f 6928/10008/7 6940/10036/28 6941/10037/29 6929/10010/9
f 6929/10013/9 6941/10038/29 6942/10039/30 6930/10014/11
f 6930/10014/11 6942/10039/30 6943/10040/31 6931/10016/13
f 6931/10016/13 6943/10040/31 6944/10041/32 6932/10018/15
f 6932/10021/15 6944/10042/32 6945/10043/33 6933/10022/17
f 6933/10022/17 6945/10043/33 6946/10044/34 6934/10024/19
f 6934/10024/19 6946/10044/34 6947/10045/35 6935/10026/21
f 6935/10029/21 6947/10046/35 6948/10047/36 6936/10030/23
f 6936/10030/23 6948/10047/36 6937/10032/25 6925/10001/2
f 6937/10032/25 6949/10048/37 6950/10049/38 6938/10033/26
f 6938/10034/26 6950/10050/38 6951/10051/39 6939/10035/27
f 6939/10035/27 6951/10051/39 6952/10052/40 6940/10036/28
f 6940/10036/28 6952/10052/40 6953/10053/41 6941/10037/29
f 6941/10037/29 6953/10053/41 6954/10054/42 6942/10055/30
f 6942/10039/30 6954/10056/42 6955/10057/43 6943/10040/31
f 6943/10040/31 6955/10057/43 6956/10058/765 6944/10041/32
f 6944/10042/32 6956/10059/765 6957/10060/45 6945/10043/33
f 6945/10043/33 6957/10060/45 6958/10061/46 6946/10044/34
f 6946/10044/34 6958/10061/46 6959/10062/47 6947/10045/35
f 6947/10046/35 6959/10063/47 6960/10064/48 6948/10047/36
f 6948/10047/36 6960/10064/48 6949/10048/37 6937/10032/25
f 6949/10065/37 6961/10066/49 6962/10067/50 6950/10068/38
f 6950/10050/38 6962/10069/50 6963/10070/51 6951/10051/39
f 6951/10051/39 6963/10070/51 6964/10071/52 6952/10052/40
f 6952/10052/40 6964/10071/52 6965/10072/53 6953/10053/41
f 6953/10053/41 6965/10072/53 6966/10073/54 6954/10054/42
f 6954/10074/42 6966/10075/54 6967/10076/55 6955/10077/43
f 6955/10077/43 6967/10076/55 6968/10078/56 6956/10079/765
f 6956/10059/765 6968/10080/56 6969/10081/766 6957/10060/45
f 6957/10060/45 6969/10081/766 6970/10082/58 6958/10061/46
f 6958/10061/46 6970/10082/58 6971/10083/59 6959/10062/47
f 6959/10062/47 6971/10083/59 6972/10084/60 6960/10085/48
f 6960/10086/48 6972/10087/60 6961/10066/49 6949/10065/37
f 6961/10066/49 6973/10088/822 6974/10089/62 6962/10067/50
f 6962/10069/50 6974/10090/62 6975/10091/63 6963/10070/51
f 6963/10070/51 6975/10091/63 6976/10092/64 6964/10071/52
f 6964/10071/52 6976/10092/64 6977/10093/768 6965/10072/53
f 6965/10072/53 6977/10093/768 6978/10094/66 6966/10073/54
f 6966/10075/54 6978/10095/66 6979/10096/769 6967/10076/55
f 6967/10076/55 6979/10096/769 6980/10097/68 6968/10078/56
f 6968/10080/56 6980/10098/68 6981/10099/69 6969/10081/766
f 6969/10081/766 6981/10099/69 6982/10100/70 6970/10082/58
f 6970/10082/58 6982/10100/70 6983/10101/71 6971/10083/59
f 6971/10083/59 6983/10101/71 6984/10102/72 6972/10084/60
f 6972/10087/60 6984/10103/72 6973/10088/822 6961/10066/49
f 6973/10088/822 6985/10104/73 6986/10105/74 6974/10089/62
f 6974/10089/62 6986/10105/74 6987/10106/75 6975/10107/63
f 6975/10091/63 6987/10108/75 6988/10109/76 6976/10092/64
f 6976/10092/64 6988/10109/76 6989/10110/77 6977/10093/768
f 6977/10093/768 6989/10110/77 6990/10111/78 6978/10094/66
f 6978/10095/66 6990/10112/78 6991/10113/79 6979/10096/769
f 6979/10096/769 6991/10113/79 6992/10114/883 6980/10097/68
f 6980/10098/68 6992/10115/883 6993/10116/81 6981/10099/69
f 6981/10099/69 6993/10116/81 6994/10117/82 6982/10100/70
f 6982/10100/70 6994/10117/82 6995/10118/83 6983/10101/71
f 6983/10119/71 6995/10120/83 6996/10121/770 6984/10103/72
f 6984/10103/72 6996/10121/770 6985/10104/73 6973/10088/822
f 6985/10104/73 6997/10122/85 6998/10123/86 6986/10105/74
f 6986/10105/74 6998/10123/86 6999/10124/87 6987/10106/75
f 6987/10108/75 6999/10125/87 7000/10126/88 6988/10109/76
f 6988/10109/76 7000/10126/88 7001/10127/89 6989/10110/77
f 6989/10110/77 7001/10127/89 7002/10128/771 6990/10111/78
f 6990/10112/78 7002/10129/771 7003/10130/91 6991/10113/79
f 6991/10113/79 7003/10130/91 7004/10131/92 6992/10114/883
f 6992/10115/883 7004/10132/92 7005/10133/884 6993/10116/81
f 6993/10116/81 7005/10133/884 7006/10134/94 6994/10117/82
f 6994/10117/82 7006/10134/94 7007/10135/95 6995/10118/83
f 6995/10120/83 7007/10136/95 7008/10137/96 6996/10121/770
f 6996/10121/770 7008/10137/96 6997/10122/85 6985/10104/73
f 6997/10122/85 7009/10138/97 7010/10139/98 6998/10123/86
f 6998/10123/86 7010/10139/98 7011/10140/99 6999/10124/87
f 6999/10125/87 7011/10141/99 7012/10142/100 7000/10126/88
f 7000/10126/88 7012/10142/100 7013/10143/101 7001/10127/89
f 7001/10127/89 7013/10143/101 7014/10144/102 7002/10128/771
f 7002/10129/771 7014/10145/102 7015/10146/103 7003/10130/91
f 7003/10130/91 7015/10146/103 7016/10147/104 7004/10131/92
f 7004/10131/92 7016/10147/104 7017/10148/105 7005/10149/884
f 7005/10133/884 7017/10150/105 7018/10151/106 7006/10134/94
f 7006/10134/94 7018/10151/106 7019/10152/107 7007/10135/95
f 7007/10135/95 7019/10152/107 7020/10153/108 7008/10154/96
f 7008/10137/96 7020/10155/108 7009/10138/97 6997/10122/85
f 7009/10138/97 7021/10156/109 7022/10157/110 7010/10139/98
f 7010/10139/98 7022/10157/110 7023/10158/111 7011/10140/99
f 7011/10141/99 7023/10159/111 7024/10160/112 7012/10142/100
f 7012/10142/100 7024/10160/112 7025/10161/113 7013/10143/101
f 7013/10143/101 7025/10161/113 7026/10162/114 7014/10144/102
f 7014/10145/102 7026/10163/114 7027/10164/115 7015/10146/103
f 7015/10146/103 7027/10164/115 7028/10165/116 7016/10147/104
f 7016/10166/104 7028/10167/116 7029/10168/117 7017/10150/105
f 7017/10150/105 7029/10168/117 7030/10169/118 7018/10151/106
f 7018/10151/106 7030/10169/118 7031/10170/119 7019/10152/107
f 7019/10152/107 7031/10170/119 7032/10171/120 7020/10153/108
f 7020/10155/108 7032/10172/120 7021/10156/109 7009/10138/97
f 7021/10156/109 7033/10173/121 7034/10174/122 7022/10157/110
f 7022/10175/110 7034/10176/122 7035/10177/123 7023/10159/111
f 7023/10159/111 7035/10177/123 7036/10178/124 7024/10160/112
f 7024/10160/112 7036/10178/124 7037/10179/125 7025/10161/113
f 7025/10161/113 7037/10179/125 7038/10180/126 7026/10162/114
f 7026/10163/114 7038/10181/126 7039/10182/127 7027/10164/115
f 7027/10164/115 7039/10182/127 7040/10183/128 7028/10165/116
f 7028/10167/116 7040/10184/128 7041/10185/129 7029/10168/117
f 7029/10168/117 7041/10185/129 7042/10186/130 7030/10169/118
f 7030/10169/118 7042/10186/130 7043/10187/131 7031/10170/119
f 7031/10170/119 7043/10187/131 7044/10188/132 7032/10171/120
f 7032/10172/120 7044/10189/132 7033/10173/121 7021/10156/109
f 7033/10173/121 7045/10190/133 7046/10191/134 7034/10174/122
f 7034/10176/122 7046/10192/134 7047/10193/135 7035/10177/123
f 7035/10177/123 7047/10193/135 7048/10194/136 7036/10178/124
f 7036/10178/124 7048/10194/136 7049/10195/137 7037/10179/125
f 7037/10179/125 7049/10195/137 7050/10196/138 7038/10180/126
f 7038/10181/126 7050/10197/138 7051/10198/852 7039/10182/127
f 7039/10182/127 7051/10198/852 7052/10199/140 7040/10183/128
f 7040/10184/128 7052/10200/140 7053/10201/141 7041/10185/129
f 7041/10185/129 7053/10201/141 7054/10202/142 7042/10186/130
f 7042/10186/130 7054/10202/142 7055/10203/143 7043/10187/131
f 7043/10187/131 7055/10203/143 7056/10204/144 7044/10188/132
f 7044/10189/132 7056/10205/144 7045/10190/133 7033/10173/121
f 7045/10206/133 7057/10207/145 7058/10208/146 7046/10209/134
f 7046/10192/134 7058/10210/146 7059/10211/147 7047/10193/135
f 7047/10193/135 7059/10211/147 7060/10212/148 7048/10194/136
f 7048/10194/136 7060/10212/148 7061/10213/149 7049/10195/137
f 7049/10195/137 7061/10213/149 7062/10214/150 7050/10196/138
f 7050/10215/138 7062/10216/150 7063/10217/777 7051/10218/852
f 7051/10218/852 7063/10217/777 7064/10219/152 7052/10220/140
f 7052/10200/140 7064/10221/152 7065/10222/778 7053/10201/141
f 7053/10201/141 7065/10222/778 7066/10223/154 7054/10202/142
f 7054/10202/142 7066/10223/154 7067/10224/155 7055/10203/143
f 7055/10203/143 7067/10224/155 7068/10225/156 7056/10204/144
f 7056/10226/144 7068/10227/156 7057/10207/145 7045/10206/133
f 7057/10207/145 7069/10228/157 7070/10229/158 7058/10208/146
f 7058/10208/146 7070/10229/158 7071/10230/159 7059/10231/147
f 7059/10211/147 7071/10232/159 7072/10233/160 7060/10212/148
f 7060/10212/148 7072/10233/160 7073/10234/161 7061/10213/149
f 7061/10213/149 7073/10234/161 7074/10235/779 7062/10214/150
f 7062/10216/150 7074/10236/779 7075/10237/163 7063/10217/777
f 7063/10217/777 7075/10237/163 7076/10238/164 7064/10219/152
f 7064/10221/152 7076/10239/164 7077/10240/780 7065/10222/778
f 7065/10222/778 7077/10240/780 7078/10241/166 7066/10223/154
f 7066/10223/154 7078/10241/166 7079/10242/167 7067/10224/155
f 7067/10224/155 7079/10242/167 7080/10243/168 7068/10225/156
f 7068/10227/156 7080/10244/168 7069/10228/157 7057/10207/145
f 7069/10228/157 7081/10245/169 7082/10246/170 7070/10229/158
f 7070/10229/158 7082/10246/170 7083/10247/781 7071/10230/159
f 7071/10232/159 7083/10248/781 7084/10249/172 7072/10233/160
f 7072/10233/160 7084/10249/172 7085/10250/173 7073/10234/161
f 7073/10234/161 7085/10250/173 7086/10251/174 7074/10235/779
f 7074/10236/779 7086/10252/174 7087/10253/175 7075/10237/163
f 7075/10237/163 7087/10253/175 7088/10254/176 7076/10238/164
f 7076/10238/164 7088/10254/176 7089/10255/177 7077/10256/780
f 7077/10240/780 7089/10257/177 7090/10258/178 7078/10241/166
f 7078/10241/166 7090/10258/178 7091/10259/179 7079/10242/167
f 7079/10242/167 7091/10259/179 7092/10260/180 7080/10243/168
f 7080/10244/168 7092/10261/180 7081/10245/169 7069/10228/157
f 7081/10245/169 7093/10262/181 7094/10263/182 7082/10246/170
f 7082/10246/170 7094/10263/182 7095/10264/183 7083/10247/781
f 7083/10248/781 7095/10265/183 7096/10266/184 7084/10249/172
f 7084/10249/172 7096/10266/184 7097/10267/185 7085/10250/173
f 7085/10250/173 7097/10267/185 7098/10268/186 7086/10251/174
f 7086/10252/174 7098/10269/186 7099/10270/187 7087/10253/175
f 7087/10253/175 7099/10270/187 7100/10271/188 7088/10254/176
f 7088/10254/176 7100/10271/188 7101/10272/189 7089/10255/177
f 7089/10257/177 7101/10273/189 7102/10274/190 7090/10258/178
f 7090/10258/178 7102/10274/190 7103/10275/191 7091/10259/179
f 7091/10259/179 7103/10275/191 7104/10276/192 7092/10260/180
f 7092/10261/180 7104/10277/192 7093/10262/181 7081/10245/169
f 7093/10262/181 7105/10278/193 7106/10279/194 7094/10263/182
f 7094/10263/182 7106/10279/194 7107/10280/195 7095/10264/183
f 7095/10265/183 7107/10281/195 7108/10282/196 7096/10266/184
f 7096/10266/184 7108/10282/196 7109/10283/197 7097/10267/185
f 7097/10267/185 7109/10283/197 7110/10284/198 7098/10268/186
f 7098/10269/186 7110/10285/198 7111/10286/199 7099/10270/187
f 7099/10270/187 7111/10286/199 7112/10287/200 7100/10271/188
f 7100/10271/188 7112/10287/200 7113/10288/201 7101/10272/189
f 7101/10273/189 7113/10289/201 7114/10290/202 7102/10274/190
f 7102/10274/190 7114/10290/202 7115/10291/203 7103/10275/191
f 7103/10275/191 7115/10291/203 7116/10292/204 7104/10276/192
f 7104/10277/192 7116/10293/204 7105/10278/193 7093/10262/181
f 7105/10278/193 7117/10294/205 7118/10295/206 7106/10279/194
f 7106/10279/194 7118/10295/206 7119/10296/207 7107/10280/195
f 7107/10281/195 7119/10297/207 7120/10298/208 7108/10282/196
f 7108/10282/196 7120/10298/208 7121/10299/209 7109/10283/197
f 7109/10283/197 7121/10299/209 7122/10300/210 7110/10284/198
f 7110/10285/198 7122/10301/210 7123/10302/211 7111/10286/199
f 7111/10286/199 7123/10302/211 7124/10303/212 7112/10287/200
f 7112/10287/200 7124/10303/212 7125/10304/213 7113/10288/201
f 7113/10289/201 7125/10305/213 7126/10306/214 7114/10290/202
f 7114/10290/202 7126/10306/214 7127/10307/215 7115/10291/203
f 7115/10291/203 7127/10307/215 7128/10308/216 7116/10292/204
f 7116/10293/204 7128/10309/216 7117/10294/205 7105/10278/193
f 7117/10294/205 7129/10310/217 7130/10311/218 7118/10295/206
f 7118/10295/206 7130/10311/218 7131/10312/219 7119/10296/207
f 7119/10297/207 7131/10313/219 7132/10314/220 7120/10298/208
f 7120/10298/208 7132/10314/220 7133/10315/221 7121/10299/209
f 7121/10299/209 7133/10315/221 7134/10316/222 7122/10300/210
f 7122/10301/210 7134/10317/222 7135/10318/223 7123/10302/211
f 7123/10302/211 7135/10318/223 7136/10319/224 7124/10303/212
f 7124/10303/212 7136/10319/224 7137/10320/225 7125/10304/213
f 7125/10305/213 7137/10321/225 7138/10322/226 7126/10306/214
f 7126/10306/214 7138/10322/226 7139/10323/227 7127/10307/215
f 7127/10307/215 7139/10323/227 7140/10324/228 7128/10308/216
f 7128/10309/216 7140/10325/228 7129/10310/217 7117/10294/205
f 7129/10310/217 7141/10326/229 7142/10327/230 7130/10311/218
f 7130/10311/218 7142/10327/230 7143/10328/231 7131/10312/219
f 7131/10313/219 7143/10329/231 7144/10330/232 7132/10314/220
f 7132/10314/220 7144/10330/232 7145/10331/855 7133/10315/221
f 7133/10315/221 7145/10331/855 7146/10332/234 7134/10316/222
f 7134/10317/222 7146/10333/234 7147/10334/235 7135/10318/223
f 7135/10318/223 7147/10334/235 7148/10335/236 7136/10319/224
f 7136/10336/224 7148/10337/236 7149/10338/237 7137/10321/225
f 7137/10321/225 7149/10338/237 7150/10339/238 7138/10322/226
f 7138/10322/226 7150/10339/238 7151/10340/239 7139/10323/227
f 7139/10323/227 7151/10340/239 7152/10341/240 7140/10324/228
f 7140/10325/228 7152/10342/240 7141/10326/229 7129/10310/217
f 7141/10343/229 7153/10344/241 7154/10345/242 7142/10346/230
f 7142/10347/230 7154/10348/242 7155/10349/243 7143/10329/231
f 7143/10329/231 7155/10349/243 7156/10350/244 7144/10330/232
f 7144/10330/232 7156/10350/244 7157/10351/245 7145/10331/855
f 7145/10331/855 7157/10351/245 7158/10352/246 7146/10332/234
f 7146/10353/234 7158/10354/246 7159/10355/247 7147/10356/235
f 7147/10356/235 7159/10355/247 7160/10357/248 7148/10358/236
f 7148/10337/236 7160/10359/248 7161/10360/249 7149/10338/237
f 7149/10338/237 7161/10360/249 7162/10361/250 7150/10339/238
f 7150/10339/238 7162/10361/250 7163/10362/251 7151/10340/239
f 7151/10340/239 7163/10362/251 7164/10363/252 7152/10341/240
f 7152/10364/240 7164/10365/252 7153/10344/241 7141/10343/229
f 7153/10344/241 7165/10366/253 7166/10367/254 7154/10345/242
f 7154/10348/242 7166/10368/254 7167/10369/255 7155/10349/243
f 7155/10349/243 7167/10369/255 7168/10370/856 7156/10350/244
f 7156/10350/244 7168/10370/856 7169/10371/257 7157/10351/245
f 7157/10351/245 7169/10371/257 7170/10372/258 7158/10352/246
f 7158/10354/246 7170/10373/258 7171/10374/259 7159/10355/247
f 7159/10355/247 7171/10374/259 7172/10375/260 7160/10357/248
f 7160/10359/248 7172/10376/260 7173/10377/261 7161/10360/249
f 7161/10360/249 7173/10377/261 7174/10378/262 7162/10361/250
f 7162/10361/250 7174/10378/262 7175/10379/263 7163/10362/251
f 7163/10362/251 7175/10379/263 7176/10380/264 7164/10363/252
f 7164/10365/252 7176/10381/264 7165/10366/253 7153/10344/241
f 7165/10366/253 7177/10382/265 7178/10383/266 7166/10367/254
f 7166/10367/254 7178/10383/266 7179/10384/267 7167/10385/255
f 7167/10369/255 7179/10386/267 7180/10387/268 7168/10370/856
f 7168/10370/856 7180/10387/268 7181/10388/269 7169/10371/257
f 7169/10371/257 7181/10388/269 7182/10389/270 7170/10372/258
f 7170/10373/258 7182/10390/270 7183/10391/787 7171/10374/259
f 7171/10374/259 7183/10391/787 7184/10392/827 7172/10375/260
f 7172/10376/260 7184/10393/827 7185/10394/273 7173/10377/261
f 7173/10377/261 7185/10394/273 7186/10395/274 7174/10378/262
f 7174/10378/262 7186/10395/274 7187/10396/275 7175/10379/263
f 7175/10379/263 7187/10396/275 7188/10397/276 7176/10380/264
f 7176/10381/264 7188/10398/276 7177/10382/265 7165/10366/253
f 7177/10382/265 7189/10399/788 7190/10400/278 7178/10383/266
f 7178/10383/266 7190/10400/278 7191/10401/279 7179/10384/267
f 7179/10386/267 7191/10402/279 7192/10403/280 7180/10387/268
f 7180/10387/268 7192/10403/280 7193/10404/281 7181/10388/269
f 7181/10405/269 7193/10406/281 7194/10407/282 7182/10390/270
f 7182/10390/270 7194/10407/282 7195/10408/283 7183/10391/787
f 7183/10391/787 7195/10408/283 7196/10409/284 7184/10392/827
f 7184/10393/827 7196/10410/284 7197/10411/285 7185/10394/273
f 7185/10394/273 7197/10411/285 7198/10412/286 7186/10395/274
f 7186/10395/274 7198/10412/286 7199/10413/287 7187/10396/275
f 7187/10414/275 7199/10415/287 7200/10416/288 7188/10398/276
f 7188/10398/276 7200/10416/288 7189/10399/788 7177/10382/265
f 7189/10399/788 7201/10417/103 7202/10418/289 7190/10400/278
f 7190/10419/278 7202/10420/289 7203/10421/290 7191/10402/279
f 7191/10402/279 7203/10421/290 7204/10422/291 7192/10403/280
f 7192/10403/280 7204/10422/291 7205/10423/292 7193/10404/281
f 7193/10406/281 7205/10424/292 7206/10425/293 7194/10407/282
f 7194/10407/282 7206/10425/293 7207/10426/97 7195/10408/283
f 7195/10408/283 7207/10426/97 7208/10427/294 7196/10409/284
f 7196/10410/284 7208/10428/294 7209/10429/295 7197/10411/285
f 7197/10411/285 7209/10429/295 7210/10430/296 7198/10412/286
f 7198/10412/286 7210/10430/296 7211/10431/297 7199/10413/287
f 7199/10415/287 7211/10432/297 7212/10433/298 7200/10416/288
f 7200/10416/288 7212/10433/298 7201/10417/103 7189/10399/788
f 7201/10417/103 7213/10434/299 7214/10435/300 7202/10418/289
f 7202/10420/289 7214/10436/300 7215/10437/301 7203/10421/290
f 7203/10421/290 7215/10437/301 7216/10438/302 7204/10422/291
f 7204/10422/291 7216/10438/302 7217/10439/303 7205/10423/292
f 7205/10423/292 7217/10439/303 7218/10440/304 7206/10441/293
f 7206/10425/293 7218/10442/304 7219/10443/305 7207/10426/97
f 7207/10426/97 7219/10443/305 7220/10444/306 7208/10427/294
f 7208/10428/294 7220/10445/306 7221/10446/307 7209/10429/295
f 7209/10429/295 7221/10446/307 7222/10447/308 7210/10430/296
f 7210/10430/296 7222/10447/308 7223/10448/309 7211/10431/297
f 7211/10432/297 7223/10449/309 7224/10450/310 7212/10433/298
f 7212/10433/298 7224/10450/310 7213/10434/299 7201/10417/103
f 7213/10434/299 7225/10451/311 7226/10452/312 7214/10435/300
f 7214/10436/300 7226/10453/312 7227/10454/313 7215/10437/301
f 7215/10437/301 7227/10454/313 7228/10455/314 7216/10438/302
f 7216/10438/302 7228/10455/314 7229/10456/315 7217/10439/303
f 7217/10439/303 7229/10456/315 7230/10457/316 7218/10440/304
f 7218/10442/304 7230/10458/316 7231/10459/317 7219/10443/305
f 7219/10443/305 7231/10459/317 7232/10460/318 7220/10444/306
f 7220/10445/306 7232/10461/318 7233/10462/319 7221/10446/307
f 7221/10446/307 7233/10462/319 7234/10463/320 7222/10447/308
f 7222/10447/308 7234/10463/320 7235/10464/321 7223/10448/309
f 7223/10448/309 7235/10464/321 7236/10465/322 7224/10466/310
f 7224/10450/310 7236/10467/322 7225/10451/311 7213/10434/299
f 7225/10451/311 7237/10468/323 7238/10469/790 7226/10452/312
f 7226/10453/312 7238/10470/790 7239/10471/325 7227/10454/313
f 7227/10454/313 7239/10471/325 7240/10472/326 7228/10455/314
f 7228/10455/314 7240/10472/326 7241/10473/327 7229/10456/315
f 7229/10456/315 7241/10473/327 7242/10474/328 7230/10457/316
f 7230/10458/316 7242/10475/328 7243/10476/329 7231/10459/317
f 7231/10459/317 7243/10476/329 7244/10477/330 7232/10460/318
f 7232/10461/318 7244/10478/330 7245/10479/331 7233/10462/319
f 7233/10462/319 7245/10479/331 7246/10480/332 7234/10463/320
f 7234/10463/320 7246/10480/332 7247/10481/333 7235/10464/321
f 7235/10464/321 7247/10481/333 7248/10482/334 7236/10465/322
f 7236/10467/322 7248/10483/334 7237/10468/323 7225/10451/311
f 7237/10484/323 7249/10485/335 7250/10486/336 7238/10487/790
f 7238/10470/790 7250/10488/336 7251/10489/829 7239/10471/325
f 7239/10471/325 7251/10489/829 7252/10490/338 7240/10472/326
f 7240/10472/326 7252/10490/338 7253/10491/339 7241/10473/327
f 7241/10473/327 7253/10491/339 7254/10492/340 7242/10474/328
f 7242/10493/328 7254/10494/340 7255/10495/341 7243/10496/329
f 7243/10496/329 7255/10495/341 7256/10497/342 7244/10498/330
f 7244/10478/330 7256/10499/342 7257/10500/343 7245/10479/331
f 7245/10479/331 7257/10500/343 7258/10501/344 7246/10480/332
f 7246/10480/332 7258/10501/344 7259/10502/345 7247/10481/333
f 7247/10481/333 7259/10502/345 7260/10503/346 7248/10482/334
f 7248/10504/334 7260/10505/346 7249/10485/335 7237/10484/323
f 7249/10485/335 7261/10506/347 7262/10507/348 7250/10486/336
f 7250/10488/336 7262/10508/348 7263/10509/349 7251/10489/829
f 7251/10489/829 7263/10509/349 7264/10510/350 7252/10490/338
f 7252/10490/338 7264/10510/350 7265/10511/351 7253/10491/339
f 7253/10491/339 7265/10511/351 7266/10512/352 7254/10492/340
f 7254/10494/340 7266/10513/352 7267/10514/353 7255/10495/341
f 7255/10495/341 7267/10514/353 7268/10515/354 7256/10497/342
f 7256/10499/342 7268/10516/354 7269/10517/355 7257/10500/343
f 7257/10500/343 7269/10517/355 7270/10518/356 7258/10501/344
f 7258/10501/344 7270/10518/356 7271/10519/357 7259/10502/345
f 7259/10520/345 7271/10521/357 7272/10522/358 7260/10505/346
f 7260/10505/346 7272/10522/358 7261/10506/347 7249/10485/335
f 7261/10506/347 7273/10523/359 7274/10524/360 7262/10507/348
f 7262/10508/348 7274/10525/360 7275/10526/361 7263/10509/349
f 7263/10509/349 7275/10526/361 7276/10527/362 7264/10510/350
f 7264/10510/350 7276/10527/362 7277/10528/363 7265/10511/351
f 7265/10529/351 7277/10530/363 7278/10531/364 7266/10513/352
f 7266/10513/352 7278/10531/364 7279/10532/365 7267/10514/353
f 7267/10514/353 7279/10532/365 7280/10533/366 7268/10515/354
f 7268/10516/354 7280/10534/366 7281/10535/367 7269/10517/355
f 7269/10517/355 7281/10535/367 7282/10536/368 7270/10518/356
f 7270/10518/356 7282/10536/368 7283/10537/369 7271/10519/357
f 7271/10521/357 7283/10538/369 7284/10539/370 7272/10522/358
f 7272/10522/358 7284/10539/370 7273/10523/359 7261/10506/347
f 7273/10523/359 7285/10540/371 7286/10541/372 7274/10524/360
f 7274/10525/360 7286/10542/372 7287/10543/373 7275/10526/361
f 7275/10526/361 7287/10543/373 7288/10544/374 7276/10527/362
f 7276/10527/362 7288/10544/374 7289/10545/375 7277/10528/363
f 7277/10530/363 7289/10546/375 7290/10547/376 7278/10531/364
f 7278/10531/364 7290/10547/376 7291/10548/377 7279/10532/365
f 7279/10532/365 7291/10548/377 7292/10549/791 7280/10533/366
f 7280/10534/366 7292/10550/791 7293/10551/379 7281/10535/367
f 7281/10535/367 7293/10551/379 7294/10552/380 7282/10536/368
f 7282/10536/368 7294/10552/380 7295/10553/381 7283/10537/369
f 7283/10538/369 7295/10554/381 7296/10555/382 7284/10539/370
f 7284/10539/370 7296/10555/382 7285/10540/371 7273/10523/359
f 7285/10540/371 6913/10000/1 6914/10003/4 7286/10541/372
f 7286/10542/372 6914/10004/4 6915/10007/6 7287/10543/373
f 7287/10543/373 6915/10007/6 6916/10009/8 7288/10544/374
f 7288/10544/374 6916/10009/8 6917/10011/10 7289/10545/375
f 7289/10546/375 6917/10012/10 6918/10015/12 7290/10547/376
f 7290/10547/376 6918/10015/12 6919/10017/14 7291/10548/377
f 7291/10548/377 6919/10017/14 6920/10019/16 7292/10549/791
f 7292/10550/791 6920/10020/16 6921/10023/18 7293/10551/379
f 7293/10551/379 6921/10023/18 6922/10025/20 7294/10552/380
f 7294/10552/380 6922/10025/20 6923/10027/22 7295/10553/381
f 7295/10554/381 6923/10028/22 6924/10031/24 7296/10555/382
f 7296/10555/382 6924/10031/24 6913/10000/1 7285/10540/371
f 7297/10556/383 7309/10557/384 7310/10558/385 7298/10559/386
f 7298/10560/386 7310/10561/385 7311/10562/387 7299/10563/388
f 7299/10563/388 7311/10562/387 7312/10564/389 7300/10565/390
f 7300/10565/390 7312/10564/389 7313/10566/391 7301/10567/392
f 7301/10568/392 7313/10569/391 7314/10570/393 7302/10571/394
f 7302/10571/394 7314/10570/393 7315/10572/395 7303/10573/396
f 7303/10573/396 7315/10572/395 7316/10574/397 7304/10575/398
f 7304/10576/398 7316/10577/397 7317/10578/399 7305/10579/400
f 7305/10579/400 7317/10578/399 7318/10580/401 7306/10581/402
f 7306/10581/402 7318/10580/401 7319/10582/403 7307/10583/404
f 7307/10584/404 7319/10585/403 7320/10586/405 7308/10587/406
f 7308/10587/406 7320/10586/405 7309/10557/384 7297/10556/383
f 7309/10557/384 7321/10588/407 7322/10589/408 7310/10558/385
f 7310/10561/385 7322/10590/408 7323/10591/409 7311/10562/387
f 7311/10562/387 7323/10591/409 7324/10592/410 7312/10564/389
f 7312/10564/389 7324/10592/410 7325/10593/411 7313/10566/391
f 7313/10569/391 7325/10594/411 7326/10595/412 7314/10570/393
f 7314/10570/393 7326/10595/412 7327/10596/413 7315/10572/395
f 7315/10572/395 7327/10596/413 7328/10597/414 7316/10574/397
f 7316/10577/397 7328/10598/414 7329/10599/415 7317/10578/399
f 7317/10578/399 7329/10599/415 7330/10600/416 7318/10580/401
f 7318/10580/401 7330/10600/416 7331/10601/417 7319/10582/403
f 7319/10585/403 7331/10602/417 7332/10603/418 7320/10586/405
f 7320/10586/405 7332/10603/418 7321/10588/407 7309/10557/384
f 7321/10588/407 7333/10604/419 7334/10605/862 7322/10589/408
f 7322/10590/408 7334/10606/862 7335/10607/421 7323/10591/409
f 7323/10591/409 7335/10607/421 7336/10608/422 7324/10592/410
f 7324/10592/410 7336/10608/422 7337/10609/423 7325/10593/411
f 7325/10594/411 7337/10610/423 7338/10611/424 7326/10595/412
f 7326/10595/412 7338/10611/424 7339/10612/425 7327/10596/413
f 7327/10596/413 7339/10612/425 7340/10613/426 7328/10597/414
f 7328/10598/414 7340/10614/426 7341/10615/427 7329/10599/415
f 7329/10599/415 7341/10615/427 7342/10616/428 7330/10600/416
f 7330/10600/416 7342/10616/428 7343/10617/429 7331/10601/417
f 7331/10602/417 7343/10618/429 7344/10619/430 7332/10603/418
f 7332/10603/418 7344/10619/430 7333/10604/419 7321/10588/407
f 7333/10604/419 7345/10620/794 7346/10621/432 7334/10605/862
f 7334/10606/862 7346/10622/432 7347/10623/433 7335/10607/421
f 7335/10607/421 7347/10623/433 7348/10624/434 7336/10608/422
f 7336/10608/422 7348/10624/434 7349/10625/435 7337/10609/423
f 7337/10626/423 7349/10627/435 7350/10628/436 7338/10629/424
f 7338/10611/424 7350/10630/436 7351/10631/437 7339/10612/425
f 7339/10612/425 7351/10631/437 7352/10632/438 7340/10613/426
f 7340/10614/426 7352/10633/438 7353/10634/439 7341/10615/427
f 7341/10615/427 7353/10634/439 7354/10635/440 7342/10616/428
f 7342/10616/428 7354/10635/440 7355/10636/441 7343/10617/429
f 7343/10637/429 7355/10638/441 7356/10639/442 7344/10640/430
f 7344/10619/430 7356/10641/442 7345/10620/794 7333/10604/419
f 7345/10642/794 7357/10643/443 7358/10644/444 7346/10645/432
f 7346/10622/432 7358/10646/444 7359/10647/445 7347/10623/433
f 7347/10623/433 7359/10647/445 7360/10648/446 7348/10624/434
f 7348/10624/434 7360/10648/446 7361/10649/447 7349/10625/435
f 7349/10627/435 7361/10650/447 7362/10651/448 7350/10628/436
f 7350/10628/436 7362/10651/448 7363/10652/449 7351/10653/437
f 7351/10653/437 7363/10652/449 7364/10654/450 7352/10655/438
f 7352/10633/438 7364/10656/450 7365/10657/451 7353/10634/439
f 7353/10634/439 7365/10657/451 7366/10658/452 7354/10635/440
f 7354/10635/440 7366/10658/452 7367/10659/453 7355/10636/441
f 7355/10638/441 7367/10660/453 7368/10661/454 7356/10639/442
f 7356/10639/442 7368/10661/454 7357/10643/443 7345/10642/794
f 7357/10643/443 7369/10662/455 7370/10663/456 7358/10644/444
f 7358/10646/444 7370/10664/456 7371/10665/457 7359/10647/445
f 7359/10647/445 7371/10665/457 7372/10666/458 7360/10648/446
f 7360/10648/446 7372/10666/458 7373/10667/459 7361/10649/447
f 7361/10650/447 7373/10668/459 7374/10669/460 7362/10651/448
f 7362/10651/448 7374/10669/460 7375/10670/461 7363/10652/449
f 7363/10652/449 7375/10670/461 7376/10671/462 7364/10654/450
f 7364/10656/450 7376/10672/462 7377/10673/463 7365/10657/451
f 7365/10657/451 7377/10673/463 7378/10674/464 7366/10658/452
f 7366/10658/452 7378/10674/464 7379/10675/465 7367/10659/453
f 7367/10660/453 7379/10676/465 7380/10677/795 7368/10661/454
f 7368/10661/454 7380/10677/795 7369/10662/455 7357/10643/443
f 7369/10662/455 7381/10678/467 7382/10679/834 7370/10663/456
f 7370/10664/456 7382/10680/834 7383/10681/469 7371/10665/457
f 7371/10665/457 7383/10681/469 7384/10682/470 7372/10666/458
f 7372/10666/458 7384/10682/470 7385/10683/796 7373/10667/459
f 7373/10668/459 7385/10684/796 7386/10685/472 7374/10669/460
f 7374/10669/460 7386/10685/472 7387/10686/473 7375/10670/461
f 7375/10670/461 7387/10686/473 7388/10687/474 7376/10671/462
f 7376/10672/462 7388/10688/474 7389/10689/475 7377/10673/463
f 7377/10673/463 7389/10689/475 7390/10690/476 7378/10674/464
f 7378/10674/464 7390/10690/476 7391/10691/477 7379/10675/465
f 7379/10676/465 7391/10692/477 7392/10693/478 7380/10677/795
f 7380/10677/795 7392/10693/478 7381/10678/467 7369/10662/455
f 7381/10678/467 7393/10694/97 7394/10695/479 7382/10679/834
f 7382/10680/834 7394/10696/479 7395/10697/480 7383/10681/469
f 7383/10681/469 7395/10697/480 7396/10698/481 7384/10682/470
f 7384/10682/470 7396/10698/481 7397/10699/482 7385/10683/796
f 7385/10684/796 7397/10700/482 7398/10701/483 7386/10685/472
f 7386/10685/472 7398/10701/483 7399/10702/103 7387/10686/473
f 7387/10686/473 7399/10702/103 7400/10703/484 7388/10687/474
f 7388/10688/474 7400/10704/484 7401/10705/485 7389/10689/475
f 7389/10689/475 7401/10705/485 7402/10706/486 7390/10690/476
f 7390/10690/476 7402/10706/486 7403/10707/487 7391/10691/477
f 7391/10692/477 7403/10708/487 7404/10709/798 7392/10693/478
f 7392/10693/478 7404/10709/798 7393/10694/97 7381/10678/467
f 7393/10694/97 7405/10710/489 7406/10711/490 7394/10695/479
f 7394/10696/479 7406/10712/490 7407/10713/491 7395/10697/480
f 7395/10697/480 7407/10713/491 7408/10714/492 7396/10698/481
f 7396/10698/481 7408/10714/492 7409/10715/493 7397/10699/482
f 7397/10700/482 7409/10716/493 7410/10717/494 7398/10701/483
f 7398/10701/483 7410/10717/494 7411/10718/799 7399/10702/103
f 7399/10702/103 7411/10718/799 7412/10719/496 7400/10703/484
f 7400/10704/484 7412/10720/496 7413/10721/497 7401/10705/485
f 7401/10705/485 7413/10721/497 7414/10722/498 7402/10706/486
f 7402/10706/486 7414/10722/498 7415/10723/499 7403/10707/487
f 7403/10708/487 7415/10724/499 7416/10725/500 7404/10709/798
f 7404/10709/798 7416/10725/500 7405/10710/489 7393/10694/97
f 7405/10710/489 7417/10726/501 7418/10727/502 7406/10711/490
f 7406/10712/490 7418/10728/502 7419/10729/503 7407/10713/491
f 7407/10713/491 7419/10729/503 7420/10730/504 7408/10714/492
f 7408/10714/492 7420/10730/504 7421/10731/505 7409/10715/493
f 7409/10716/493 7421/10732/505 7422/10733/506 7410/10717/494
f 7410/10717/494 7422/10733/506 7423/10734/507 7411/10718/799
f 7411/10718/799 7423/10734/507 7424/10735/873 7412/10719/496
f 7412/10720/496 7424/10736/873 7425/10737/509 7413/10721/497
f 7413/10721/497 7425/10737/509 7426/10738/510 7414/10722/498
f 7414/10722/498 7426/10738/510 7427/10739/838 7415/10723/499
f 7415/10724/499 7427/10740/838 7428/10741/512 7416/10725/500
f 7416/10725/500 7428/10741/512 7417/10726/501 7405/10710/489
f 7417/10726/501 7429/10742/513 7430/10743/514 7418/10727/502
f 7418/10728/502 7430/10744/514 7431/10745/515 7419/10729/503
f 7419/10729/503 7431/10745/515 7432/10746/516 7420/10730/504
f 7420/10730/504 7432/10746/516 7433/10747/517 7421/10731/505
f 7421/10732/505 7433/10748/517 7434/10749/518 7422/10733/506
f 7422/10733/506 7434/10749/518 7435/10750/878 7423/10734/507
f 7423/10734/507 7435/10750/878 7436/10751/520 7424/10735/873
f 7424/10736/873 7436/10752/520 7437/10753/521 7425/10737/509
f 7425/10737/509 7437/10753/521 7438/10754/522 7426/10738/510
f 7426/10738/510 7438/10754/522 7439/10755/523 7427/10739/838
f 7427/10740/838 7439/10756/523 7440/10757/524 7428/10741/512
f 7428/10741/512 7440/10757/524 7429/10742/513 7417/10726/501
f 7429/10758/513 7441/10759/525 7442/10760/805 7430/10761/514
f 7430/10744/514 7442/10762/805 7443/10763/527 7431/10745/515
f 7431/10745/515 7443/10763/527 7444/10764/528 7432/10746/516
f 7432/10746/516 7444/10764/528 7445/10765/529 7433/10747/517
f 7433/10748/517 7445/10766/529 7446/10767/530 7434/10749/518
f 7434/10749/518 7446/10767/530 7447/10768/531 7435/10750/878
f 7435/10769/878 7447/10770/531 7448/10771/532 7436/10772/520
f 7436/10752/520 7448/10773/532 7449/10774/533 7437/10753/521
f 7437/10753/521 7449/10774/533 7450/10775/534 7438/10754/522
f 7438/10754/522 7450/10775/534 7451/10776/535 7439/10755/523
f 7439/10756/523 7451/10777/535 7452/10778/536 7440/10757/524
f 7440/10757/524 7452/10778/536 7441/10779/525 7429/10742/513
f 7441/10759/525 7453/10780/839 7454/10781/538 7442/10760/805
f 7442/10762/805 7454/10782/538 7455/10783/539 7443/10763/527
f 7443/10763/527 7455/10783/539 7456/10784/540 7444/10764/528
f 7444/10764/528 7456/10784/540 7457/10785/541 7445/10765/529
f 7445/10765/529 7457/10785/541 7458/10786/542 7446/10787/530
f 7446/10788/530 7458/10789/542 7459/10790/543 7447/10770/531
f 7447/10770/531 7459/10790/543 7460/10791/544 7448/10771/532
f 7448/10773/532 7460/10792/544 7461/10793/545 7449/10774/533
f 7449/10774/533 7461/10793/545 7462/10794/546 7450/10775/534
f 7450/10775/534 7462/10794/546 7463/10795/547 7451/10776/535
f 7451/10776/535 7463/10795/547 7464/10796/548 7452/10797/536
f 7452/10798/536 7464/10799/548 7453/10780/839 7441/10759/525
f 7453/10780/839 7465/10800/549 7466/10801/550 7454/10781/538
f 7454/10781/538 7466/10801/550 7467/10802/551 7455/10803/539
f 7455/10783/539 7467/10804/551 7468/10805/552 7456/10784/540
f 7456/10784/540 7468/10805/552 7469/10806/553 7457/10785/541
f 7457/10785/541 7469/10806/553 7470/10807/554 7458/10786/542
f 7458/10789/542 7470/10808/554 7471/10809/555 7459/10790/543
f 7459/10790/543 7471/10809/555 7472/10810/556 7460/10791/544
f 7460/10792/544 7472/10811/556 7473/10812/557 7461/10793/545
f 7461/10793/545 7473/10812/557 7474/10813/558 7462/10794/546
f 7462/10794/546 7474/10813/558 7475/10814/559 7463/10795/547
f 7463/10795/547 7475/10814/559 7476/10815/560 7464/10796/548
f 7464/10799/548 7476/10816/560 7465/10800/549 7453/10780/839
f 7465/10800/549 7477/10817/561 7478/10818/562 7466/10801/550
f 7466/10801/550 7478/10818/562 7479/10819/563 7467/10802/551
f 7467/10804/551 7479/10820/563 7480/10821/564 7468/10805/552
f 7468/10805/552 7480/10821/564 7481/10822/565 7469/10806/553
f 7469/10806/553 7481/10822/565 7482/10823/566 7470/10807/554
f 7470/10808/554 7482/10824/566 7483/10825/567 7471/10809/555
f 7471/10809/555 7483/10825/567 7484/10826/568 7472/10810/556
f 7472/10810/556 7484/10826/568 7485/10827/569 7473/10828/557
f 7473/10812/557 7485/10829/569 7486/10830/570 7474/10813/558
f 7474/10813/558 7486/10830/570 7487/10831/571 7475/10814/559
f 7475/10814/559 7487/10831/571 7488/10832/808 7476/10815/560
f 7476/10816/560 7488/10833/808 7477/10817/561 7465/10800/549
f 7477/10817/561 7489/10834/573 7490/10835/574 7478/10818/562
f 7478/10818/562 7490/10835/574 7491/10836/575 7479/10819/563
f 7479/10820/563 7491/10837/575 7492/10838/576 7480/10821/564
f 7480/10821/564 7492/10838/576 7493/10839/577 7481/10822/565
f 7481/10822/565 7493/10839/577 7494/10840/578 7482/10823/566
f 7482/10824/566 7494/10841/578 7495/10842/579 7483/10825/567
f 7483/10825/567 7495/10842/579 7496/10843/580 7484/10826/568
f 7484/10826/568 7496/10843/580 7497/10844/581 7485/10827/569
f 7485/10829/569 7497/10845/581 7498/10846/582 7486/10830/570
f 7486/10830/570 7498/10846/582 7499/10847/583 7487/10831/571
f 7487/10831/571 7499/10847/583 7500/10848/584 7488/10832/808
f 7488/10833/808 7500/10849/584 7489/10834/573 7477/10817/561
f 7489/10834/573 7501/10850/585 7502/10851/586 7490/10835/574
f 7490/10835/574 7502/10851/586 7503/10852/587 7491/10836/575
f 7491/10837/575 7503/10853/587 7504/10854/588 7492/10838/576
f 7492/10838/576 7504/10854/588 7505/10855/589 7493/10839/577
f 7493/10839/577 7505/10855/589 7506/10856/590 7494/10840/578
f 7494/10841/578 7506/10857/590 7507/10858/591 7495/10842/579
f 7495/10842/579 7507/10858/591 7508/10859/592 7496/10843/580
f 7496/10843/580 7508/10859/592 7509/10860/593 7497/10844/581
f 7497/10845/581 7509/10861/593 7510/10862/594 7498/10846/582
f 7498/10846/582 7510/10862/594 7511/10863/595 7499/10847/583
f 7499/10847/583 7511/10863/595 7512/10864/596 7500/10848/584
f 7500/10849/584 7512/10865/596 7501/10850/585 7489/10834/573
f 7501/10850/585 7513/10866/597 7514/10867/598 7502/10851/586
f 7502/10851/586 7514/10867/598 7515/10868/841 7503/10852/587
f 7503/10853/587 7515/10869/841 7516/10870/600 7504/10854/588
f 7504/10854/588 7516/10870/600 7517/10871/601 7505/10855/589
f 7505/10855/589 7517/10871/601 7518/10872/602 7506/10856/590
f 7506/10857/590 7518/10873/602 7519/10874/603 7507/10858/591
f 7507/10858/591 7519/10874/603 7520/10875/604 7508/10859/592
f 7508/10859/592 7520/10875/604 7521/10876/605 7509/10860/593
f 7509/10861/593 7521/10877/605 7522/10878/606 7510/10862/594
f 7510/10862/594 7522/10878/606 7523/10879/607 7511/10863/595
f 7511/10863/595 7523/10879/607 7524/10880/608 7512/10864/596
f 7512/10865/596 7524/10881/608 7513/10866/597 7501/10850/585
f 7513/10866/597 7525/10882/609 7526/10883/610 7514/10867/598
f 7514/10867/598 7526/10883/610 7527/10884/611 7515/10868/841
f 7515/10869/841 7527/10885/611 7528/10886/612 7516/10870/600
f 7516/10870/600 7528/10886/612 7529/10887/613 7517/10871/601
f 7517/10871/601 7529/10887/613 7530/10888/811 7518/10872/602
f 7518/10873/602 7530/10889/811 7531/10890/615 7519/10874/603
f 7519/10874/603 7531/10890/615 7532/10891/616 7520/10875/604
f 7520/10875/604 7532/10891/616 7533/10892/617 7521/10876/605
f 7521/10877/605 7533/10893/617 7534/10894/618 7522/10878/606
f 7522/10878/606 7534/10894/618 7535/10895/619 7523/10879/607
f 7523/10879/607 7535/10895/619 7536/10896/620 7524/10880/608
f 7524/10881/608 7536/10897/620 7525/10882/609 7513/10866/597
f 7525/10882/609 7537/10898/621 7538/10899/622 7526/10883/610
f 7526/10883/610 7538/10899/622 7539/10900/623 7527/10884/611
f 7527/10885/611 7539/10901/623 7540/10902/624 7528/10886/612
f 7528/10886/612 7540/10902/624 7541/10903/625 7529/10887/613
f 7529/10887/613 7541/10903/625 7542/10904/626 7530/10888/811
f 7530/10889/811 7542/10905/626 7543/10906/627 7531/10890/615
f 7531/10890/615 7543/10906/627 7544/10907/628 7532/10891/616
f 7532/10908/616 7544/10909/628 7545/10910/629 7533/10911/617
f 7533/10893/617 7545/10912/629 7546/10913/630 7534/10894/618
f 7534/10894/618 7546/10913/630 7547/10914/631 7535/10895/619
f 7535/10895/619 7547/10914/631 7548/10915/632 7536/10896/620
f 7536/10897/620 7548/10916/632 7537/10898/621 7525/10882/609
f 7537/10917/621 7549/10918/633 7550/10919/634 7538/10920/622
f 7538/10920/622 7550/10919/634 7551/10921/635 7539/10922/623
f 7539/10901/623 7551/10923/635 7552/10924/636 7540/10902/624
f 7540/10902/624 7552/10924/636 7553/10925/637 7541/10903/625
f 7541/10903/625 7553/10925/637 7554/10926/638 7542/10904/626
f 7542/10927/626 7554/10928/638 7555/10929/639 7543/10930/627
f 7543/10930/627 7555/10929/639 7556/10931/640 7544/10909/628
f 7544/10909/628 7556/10931/640 7557/10932/641 7545/10910/629
f 7545/10912/629 7557/10933/641 7558/10934/642 7546/10913/630
f 7546/10913/630 7558/10934/642 7559/10935/643 7547/10914/631
f 7547/10914/631 7559/10935/643 7560/10936/644 7548/10915/632
f 7548/10937/632 7560/10938/644 7549/10918/633 7537/10917/621
f 7549/10918/633 7561/10939/645 7562/10940/646 7550/10919/634
f 7550/10919/634 7562/10940/646 7563/10941/647 7551/10921/635
f 7551/10923/635 7563/10942/647 7564/10943/648 7552/10924/636
f 7552/10924/636 7564/10943/648 7565/10944/649 7553/10925/637
f 7553/10925/637 7565/10944/649 7566/10945/812 7554/10926/638
f 7554/10928/638 7566/10946/812 7567/10947/651 7555/10929/639
f 7555/10929/639 7567/10947/651 7568/10948/652 7556/10931/640
f 7556/10931/640 7568/10948/652 7569/10949/653 7557/10932/641
f 7557/10933/641 7569/10950/653 7570/10951/654 7558/10934/642
f 7558/10934/642 7570/10951/654 7571/10952/655 7559/10935/643
f 7559/10935/643 7571/10952/655 7572/10953/656 7560/10936/644
f 7560/10938/644 7572/10954/656 7561/10939/645 7549/10918/633
f 7561/10939/645 7573/10955/814 7574/10956/658 7562/10940/646
f 7562/10940/646 7574/10956/658 7575/10957/659 7563/10941/647
f 7563/10942/647 7575/10958/659 7576/10959/660 7564/10943/648
f 7564/10943/648 7576/10959/660 7577/10960/661 7565/10944/649
f 7565/10944/649 7577/10960/661 7578/10961/662 7566/10945/812
f 7566/10946/812 7578/10962/662 7579/10963/663 7567/10947/651
f 7567/10947/651 7579/10963/663 7580/10964/815 7568/10948/652
f 7568/10948/652 7580/10964/815 7581/10965/665 7569/10949/653
f 7569/10950/653 7581/10966/665 7582/10967/666 7570/10951/654
f 7570/10951/654 7582/10967/666 7583/10968/667 7571/10952/655
f 7571/10952/655 7583/10968/667 7584/10969/668 7572/10953/656
f 7572/10954/656 7584/10970/668 7573/10955/814 7561/10939/645
f 7573/10955/814 7585/10971/103 7586/10972/867 7574/10956/658
f 7574/10956/658 7586/10972/867 7587/10973/670 7575/10957/659
f 7575/10958/659 7587/10974/670 7588/10975/671 7576/10959/660
f 7576/10959/660 7588/10975/671 7589/10976/672 7577/10960/661
f 7577/10960/661 7589/10976/672 7590/10977/673 7578/10961/662
f 7578/10962/662 7590/10978/673 7591/10979/97 7579/10963/663
f 7579/10963/663 7591/10979/97 7592/10980/674 7580/10964/815
f 7580/10964/815 7592/10980/674 7593/10981/675 7581/10965/665
f 7581/10966/665 7593/10982/675 7594/10983/676 7582/10967/666
f 7582/10967/666 7594/10983/676 7595/10984/677 7583/10968/667
f 7583/10968/667 7595/10984/677 7596/10985/678 7584/10969/668
f 7584/10970/668 7596/10986/678 7585/10971/103 7573/10955/814
f 7585/10971/103 7597/10987/679 7598/10988/680 7586/10972/867
f 7586/10972/867 7598/10988/680 7599/10989/681 7587/10973/670
f 7587/10974/670 7599/10990/681 7600/10991/682 7588/10975/671
f 7588/10975/671 7600/10991/682 7601/10992/683 7589/10976/672
f 7589/10976/672 7601/10992/683 7602/10993/684 7590/10977/673
f 7590/10978/673 7602/10994/684 7603/10995/685 7591/10979/97
f 7591/10979/97 7603/10995/685 7604/10996/686 7592/10980/674
f 7592/10980/674 7604/10996/686 7605/10997/687 7593/10981/675
f 7593/10982/675 7605/10998/687 7606/10999/688 7594/10983/676
f 7594/10983/676 7606/10999/688 7607/11000/689 7595/10984/677
f 7595/10984/677 7607/11000/689 7608/11001/690 7596/10985/678
f 7596/10986/678 7608/11002/690 7597/10987/679 7585/10971/103
f 7597/10987/679 7609/11003/691 7610/11004/692 7598/10988/680
f 7598/10988/680 7610/11004/692 7611/11005/693 7599/10989/681
f 7599/10990/681 7611/11006/693 7612/11007/694 7600/10991/682
f 7600/10991/682 7612/11007/694 7613/11008/695 7601/10992/683
f 7601/10992/683 7613/11008/695 7614/11009/696 7602/10993/684
f 7602/10994/684 7614/11010/696 7615/11011/697 7603/10995/685
f 7603/10995/685 7615/11011/697 7616/11012/698 7604/10996/686
f 7604/10996/686 7616/11012/698 7617/11013/699 7605/10997/687
f 7605/10998/687 7617/11014/699 7618/11015/700 7606/10999/688
f 7606/10999/688 7618/11015/700 7619/11016/701 7607/11000/689
f 7607/11000/689 7619/11016/701 7620/11017/817 7608/11001/690
f 7608/11002/690 7620/11018/817 7609/11003/691 7597/10987/679
f 7609/11003/691 7621/11019/703 7622/11020/704 7610/11004/692
f 7610/11004/692 7622/11020/704 7623/11021/705 7611/11005/693
f 7611/11006/693 7623/11022/705 7624/11023/818 7612/11007/694
f 7612/11007/694 7624/11023/818 7625/11024/707 7613/11008/695
f 7613/11008/695 7625/11024/707 7626/11025/708 7614/11009/696
f 7614/11010/696 7626/11026/708 7627/11027/709 7615/11011/697
f 7615/11011/697 7627/11027/709 7628/11028/710 7616/11012/698
f 7616/11012/698 7628/11028/710 7629/11029/711 7617/11013/699
f 7617/11014/699 7629/11030/711 7630/11031/712 7618/11015/700
f 7618/11015/700 7630/11031/712 7631/11032/713 7619/11016/701
f 7619/11016/701 7631/11032/713 7632/11033/714 7620/11017/817
f 7620/11018/817 7632/11034/714 7621/11019/703 7609/11003/691
f 7621/11019/703 7633/11035/715 7634/11036/716 7622/11020/704
f 7622/11020/704 7634/11036/716 7635/11037/717 7623/11021/705
f 7623/11022/705 7635/11038/717 7636/11039/869 7624/11023/818
f 7624/11023/818 7636/11039/869 7637/11040/719 7625/11024/707
f 7625/11024/707 7637/11040/719 7638/11041/720 7626/11025/708
f 7626/11042/708 7638/11043/720 7639/11044/721 7627/11045/709
f 7627/11027/709 7639/11046/721 7640/11047/722 7628/11028/710
f 7628/11028/710 7640/11047/722 7641/11048/723 7629/11029/711
f 7629/11030/711 7641/11049/723 7642/11050/724 7630/11031/712
f 7630/11031/712 7642/11050/724 7643/11051/725 7631/11032/713
f 7631/11032/713 7643/11051/725 7644/11052/726 7632/11033/714
f 7632/11053/714 7644/11054/726 7633/11055/715 7621/11056/703
f 7633/11055/715 7645/11057/727 7646/11058/728 7634/11059/716
f 7634/11060/716 7646/11061/728 7647/11062/729 7635/11038/717
f 7635/11038/717 7647/11062/729 7648/11063/730 7636/11039/869
f 7636/11039/869 7648/11063/730 7649/11064/731 7637/11040/719
f 7637/11040/719 7649/11064/731 7650/11065/732 7638/11041/720
f 7638/11043/720 7650/11066/732 7651/11067/733 7639/11044/721
f 7639/11044/721 7651/11067/733 7652/11068/734 7640/11069/722
f 7640/11070/722 7652/11071/734 7653/11072/735 7641/11049/723
f 7641/11049/723 7653/11072/735 7654/11073/736 7642/11050/724
f 7642/11050/724 7654/11073/736 7655/11074/737 7643/11051/725
f 7643/11051/725 7655/11074/737 7656/11075/738 7644/11052/726
f 7644/11054/726 7656/11076/738 7645/11057/727 7633/11055/715
f 7645/11057/727 7657/11077/739 7658/11078/740 7646/11058/728
f 7646/11061/728 7658/11079/740 7659/11080/741 7647/11062/729
f 7647/11062/729 7659/11080/741 7660/11081/742 7648/11063/730
f 7648/11063/730 7660/11081/742 7661/11082/743 7649/11064/731
f 7649/11064/731 7661/11082/743 7662/11083/744 7650/11065/732
f 7650/11066/732 7662/11084/744 7663/11085/745 7651/11067/733
f 7651/11067/733 7663/11085/745 7664/11086/746 7652/11068/734
f 7652/11071/734 7664/11087/746 7665/11088/747 7653/11072/735
f 7653/11072/735 7665/11088/747 7666/11089/748 7654/11073/736
f 7654/11073/736 7666/11089/748 7667/11090/749 7655/11074/737
f 7655/11091/737 7667/11092/749 7668/11093/750 7656/11076/738
f 7656/11076/738 7668/11093/750 7657/11077/739 7645/11057/727
f 7657/11077/739 7669/11094/751 7670/11095/752 7658/11078/740
f 7658/11079/740 7670/11096/752 7671/11097/753 7659/11080/741
f 7659/11080/741 7671/11097/753 7672/11098/754 7660/11081/742
f 7660/11081/742 7672/11098/754 7673/11099/755 7661/11082/743
f 7661/11100/743 7673/11101/755 7674/11102/756 7662/11084/744
f 7662/11084/744 7674/11102/756 7675/11103/849 7663/11085/745
f 7663/11085/745 7675/11103/849 7676/11104/758 7664/11086/746
f 7664/11087/746 7676/11105/758 7677/11106/759 7665/11088/747
f 7665/11088/747 7677/11106/759 7678/11107/760 7666/11089/748
f 7666/11089/748 7678/11107/760 7679/11108/761 7667/11090/749
f 7667/11092/749 7679/11109/761 7680/11110/762 7668/11093/750
f 7668/11093/750 7680/11110/762 7669/11094/751 7657/11077/739
f 7669/11094/751 7297/10556/383 7298/10559/386 7670/11095/752
f 7670/11096/752 7298/10560/386 7299/10563/388 7671/11097/753
f 7671/11097/753 7299/10563/388 7300/10565/390 7672/11098/754
f 7672/11098/754 7300/10565/390 7301/10567/392 7673/11099/755
f 7673/11101/755 7301/10568/392 7302/10571/394 7674/11102/756
f 7674/11102/756 7302/10571/394 7303/10573/396 7675/11103/849
f 7675/11103/849 7303/10573/396 7304/10575/398 7676/11104/758
f 7676/11105/758 7304/10576/398 7305/10579/400 7677/11106/759
f 7677/11106/759 7305/10579/400 7306/10581/402 7678/11107/760
f 7678/11107/760 7306/10581/402 7307/10583/404 7679/11108/761
f 7679/11109/761 7307/10584/404 7308/10587/406 7680/11110/762
f 7680/11110/762 7308/10587/406 7297/10556/383 7669/11094/751
