# Blender v2.93.3 OBJ File: 'cosas nuevas.blend'
# www.blender.org
mtllib campanacorzo_low.mtl
o BRASERO_HIGH.001_Cylinder.011
v -0.137245 -2.521091 0.621389
v -0.193341 -2.195256 0.910941
v -0.282041 -2.521091 0.577904
v -0.392076 -2.195256 0.850656
v -0.415483 -2.521091 0.507288
v -0.575230 -2.195256 0.752758
v -0.532446 -2.521091 0.412255
v -0.735764 -2.195256 0.621010
v -0.628435 -2.521091 0.296456
v -0.867514 -2.195256 0.460474
v -0.699762 -2.521091 0.164343
v -0.965411 -2.195256 0.277320
v -0.743685 -2.521091 0.020991
v -1.025696 -2.195256 0.078587
v -0.758515 -2.521091 -0.128089
v -1.046052 -2.195256 -0.128089
v -0.743685 -2.521091 -0.277170
v -1.025696 -2.195256 -0.334765
v -0.699762 -2.521091 -0.420521
v -0.965411 -2.195256 -0.533499
v -0.628435 -2.521091 -0.552635
v -0.867514 -2.195256 -0.716653
v -0.532446 -2.521091 -0.668433
v -0.735767 -2.195256 -0.877189
v -0.415483 -2.521091 -0.763467
v -0.575230 -2.195256 -1.008937
v -0.282041 -2.521091 -0.834083
v -0.392076 -2.195256 -1.106835
v -0.137245 -2.521091 -0.877568
v -0.193341 -2.195256 -1.167120
v -0.140929 -2.426692 0.621389
v -0.289261 -2.426692 0.577904
v -0.425969 -2.426692 0.507288
v -0.545792 -2.426692 0.412255
v -0.644128 -2.426692 0.296456
v -0.717199 -2.426692 0.164343
v -0.762194 -2.426692 0.020991
v -0.777388 -2.426692 -0.128089
v -0.762194 -2.426692 -0.277170
v -0.717199 -2.426692 -0.420521
v -0.644128 -2.426692 -0.552635
v -0.545792 -2.426692 -0.668433
v -0.425969 -2.426692 -0.763467
v -0.289261 -2.426692 -0.834083
v -0.140929 -2.426692 -0.877568
v -0.220150 -1.978329 1.045716
v -0.444663 -1.978329 0.977611
v -0.651574 -1.978329 0.867014
v -0.832933 -1.978329 0.718177
v -0.981771 -1.978329 0.536818
v -1.092367 -1.978329 0.329907
v -1.160470 -1.978329 0.105395
v -1.183467 -1.978329 -0.128089
v -1.160470 -1.978329 -0.361574
v -1.092367 -1.978329 -0.586086
v -0.981771 -1.978329 -0.792996
v -0.832933 -1.978329 -0.974356
v -0.651574 -1.978329 -1.123194
v -0.444663 -1.978329 -1.233790
v -0.220150 -1.978329 -1.301894
v -0.244746 -1.744718 1.169372
v -0.492910 -1.744718 1.094092
v -0.721618 -1.744718 0.971845
v -0.922084 -1.744718 0.807328
v -1.086601 -1.744718 0.606863
v -1.208848 -1.744718 0.378155
v -1.284127 -1.744718 0.129992
v -1.309546 -1.744718 -0.128089
v -1.284127 -1.744718 -0.386170
v -1.208848 -1.744718 -0.634334
v -1.086601 -1.744718 -0.863042
v -0.922084 -1.744718 -1.063507
v -0.721618 -1.744718 -1.228023
v -0.492910 -1.744718 -1.350271
v -0.244746 -1.744718 -1.425551
v -0.174948 -2.310973 0.804873
v -0.355991 -2.310973 0.750742
v -0.522846 -2.310973 0.662838
v -0.669093 -2.310973 0.544539
v -0.789113 -2.310973 0.400392
v -0.878297 -2.310973 0.235935
v -0.933218 -2.310973 0.057488
v -0.951761 -2.310973 -0.128089
v -0.933218 -2.310973 -0.313667
v -0.878297 -2.310973 -0.492113
v -0.789113 -2.310973 -0.656570
v -0.669093 -2.310973 -0.800718
v -0.522846 -2.310973 -0.919017
v -0.355991 -2.310973 -1.006921
v -0.174948 -2.310973 -1.061052
v -0.227161 -1.744718 1.080964
v -0.458416 -1.744718 1.010814
v -0.671540 -1.744718 0.896897
v -0.858344 -1.744718 0.743590
v -1.011653 -1.744718 0.556785
v -1.125571 -1.744718 0.343660
v -1.195720 -1.744718 0.112406
v -1.219405 -1.744718 -0.128089
v -1.195720 -1.744718 -0.368585
v -1.125571 -1.744718 -0.599839
v -1.011653 -1.744718 -0.812963
v -0.858344 -1.744718 -0.999768
v -0.671540 -1.744718 -1.153075
v -0.458416 -1.744718 -1.266993
v -0.227161 -1.744718 -1.337143
v -0.187101 -1.925621 0.879563
v -0.379833 -1.925621 0.821098
v -0.557455 -1.925621 0.726157
v -0.713144 -1.925621 0.598387
v -0.840913 -1.925621 0.442700
v -0.935852 -1.925621 0.265077
v -0.994318 -1.925621 0.072345
v -1.014059 -1.925621 -0.128089
v -0.994318 -1.925621 -0.328524
v -0.935852 -1.925621 -0.521256
v -0.840913 -1.925621 -0.698878
v -0.713144 -1.925621 -0.854566
v -0.557455 -1.925621 -0.982336
v -0.379833 -1.925621 -1.077277
v -0.187101 -1.925621 -1.135741
v -0.145379 -2.076113 0.669810
v -0.297990 -2.076113 0.623516
v -0.438640 -2.076113 0.548337
v -0.561920 -2.076113 0.447164
v -0.663093 -2.076113 0.323885
v -0.738270 -2.076113 0.183235
v -0.784565 -2.076113 0.030623
v -0.800196 -2.076113 -0.128089
v -0.784565 -2.076113 -0.286801
v -0.738270 -2.076113 -0.439414
v -0.663093 -2.076113 -0.580063
v -0.561920 -2.076113 -0.703343
v -0.438640 -2.076113 -0.804516
v -0.297990 -2.076113 -0.879694
v -0.145379 -2.076113 -0.925989
v -0.112588 -2.154802 0.504964
v -0.233670 -2.154802 0.468234
v -0.345262 -2.154802 0.408587
v -0.443072 -2.154802 0.328317
v -0.523343 -2.154802 0.230507
v -0.582989 -2.154802 0.118916
v -0.619719 -2.154802 -0.002167
v -0.632121 -2.154802 -0.128089
v -0.619719 -2.154802 -0.254012
v -0.582989 -2.154802 -0.375095
v -0.523343 -2.154802 -0.486685
v -0.443072 -2.154802 -0.584495
v -0.345262 -2.154802 -0.664766
v -0.233670 -2.154802 -0.724413
v -0.112588 -2.154802 -0.761143
v -1.955084 -1.971337 0.064724
v -1.955084 -1.971337 0.254107
v -1.955084 -1.971337 -0.124659
v -1.955084 -1.971337 -0.306764
v -1.832651 -1.751710 0.064724
v -1.832651 -1.751710 0.274058
v -1.832651 -1.751710 -0.144610
v -1.832651 -1.751710 -0.345899
v 0.000000 -2.521091 -0.892251
v 0.000000 -2.195256 -1.187476
v 0.000000 -2.521091 0.636072
v 0.000000 -2.195256 0.931297
v 0.137245 -2.521091 0.621389
v 0.193341 -2.195256 0.910941
v 0.282041 -2.521091 0.577904
v 0.392076 -2.195256 0.850656
v 0.415483 -2.521091 0.507288
v 0.575230 -2.195256 0.752758
v 0.532446 -2.521091 0.412255
v 0.735764 -2.195256 0.621010
v 0.628435 -2.521091 0.296456
v 0.867514 -2.195256 0.460474
v 0.699762 -2.521091 0.164343
v 0.965411 -2.195256 0.277320
v 0.743685 -2.521091 0.020991
v 1.025696 -2.195256 0.078587
v 0.758515 -2.521091 -0.128089
v 1.046052 -2.195256 -0.128089
v 0.743685 -2.521091 -0.277170
v 1.025696 -2.195256 -0.334765
v 0.699762 -2.521091 -0.420521
v 0.965411 -2.195256 -0.533499
v 0.628435 -2.521091 -0.552635
v 0.867514 -2.195256 -0.716653
v 0.532446 -2.521091 -0.668433
v 0.735767 -2.195256 -0.877189
v 0.415483 -2.521091 -0.763467
v 0.575230 -2.195256 -1.008937
v 0.282041 -2.521091 -0.834083
v 0.392076 -2.195256 -1.106835
v 0.137245 -2.521091 -0.877568
v 0.193341 -2.195256 -1.167120
v 0.000000 -2.426692 -0.892251
v 0.000000 -2.426692 0.636072
v 0.140929 -2.426692 0.621389
v 0.289261 -2.426692 0.577904
v 0.425969 -2.426692 0.507288
v 0.545792 -2.426692 0.412255
v 0.644128 -2.426692 0.296456
v 0.717199 -2.426692 0.164343
v 0.762194 -2.426692 0.020991
v 0.777388 -2.426692 -0.128089
v 0.762194 -2.426692 -0.277170
v 0.717199 -2.426692 -0.420521
v 0.644128 -2.426692 -0.552635
v 0.545792 -2.426692 -0.668433
v 0.425969 -2.426692 -0.763467
v 0.289261 -2.426692 -0.834083
v 0.140929 -2.426692 -0.877568
v 0.000000 -1.978329 -1.324891
v 0.000000 -1.978329 1.068712
v 0.220150 -1.978329 1.045716
v 0.444663 -1.978329 0.977611
v 0.651574 -1.978329 0.867014
v 0.832933 -1.978329 0.718177
v 0.981771 -1.978329 0.536818
v 1.092367 -1.978329 0.329907
v 1.160470 -1.978329 0.105395
v 1.183467 -1.978329 -0.128089
v 1.160470 -1.978329 -0.361574
v 1.092367 -1.978329 -0.586086
v 0.981771 -1.978329 -0.792996
v 0.832933 -1.978329 -0.974356
v 0.651574 -1.978329 -1.123194
v 0.444663 -1.978329 -1.233790
v 0.220150 -1.978329 -1.301894
v 0.000000 -1.744718 -1.450969
v 0.000000 -1.744718 1.194790
v 0.244746 -1.744718 1.169372
v 0.492910 -1.744718 1.094092
v 0.721618 -1.744718 0.971845
v 0.922084 -1.744718 0.807328
v 1.086601 -1.744718 0.606863
v 1.208848 -1.744718 0.378155
v 1.284127 -1.744718 0.129992
v 1.309546 -1.744718 -0.128089
v 1.284127 -1.744718 -0.386170
v 1.208848 -1.744718 -0.634334
v 1.086601 -1.744718 -0.863042
v 0.922084 -1.744718 -1.063507
v 0.721618 -1.744718 -1.228023
v 0.492910 -1.744718 -1.350271
v 0.244746 -1.744718 -1.425551
v 0.000000 -2.310973 -1.079330
v 0.000000 -2.310973 0.823151
v 0.174948 -2.310973 0.804873
v 0.355991 -2.310973 0.750742
v 0.522846 -2.310973 0.662838
v 0.669093 -2.310973 0.544539
v 0.789113 -2.310973 0.400392
v 0.878297 -2.310973 0.235935
v 0.933218 -2.310973 0.057488
v 0.951761 -2.310973 -0.128089
v 0.933218 -2.310973 -0.313667
v 0.878297 -2.310973 -0.492113
v 0.789113 -2.310973 -0.656570
v 0.669093 -2.310973 -0.800718
v 0.522846 -2.310973 -0.919017
v 0.355991 -2.310973 -1.006921
v 0.174948 -2.310973 -1.061052
v 0.000000 -1.744718 -1.360830
v 0.000000 -1.744718 1.104651
v 0.227161 -1.744718 1.080964
v 0.458416 -1.744718 1.010814
v 0.671540 -1.744718 0.896897
v 0.858344 -1.744718 0.743590
v 1.011653 -1.744718 0.556785
v 1.125571 -1.744718 0.343660
v 1.195720 -1.744718 0.112406
v 1.219405 -1.744718 -0.128089
v 1.195720 -1.744718 -0.368585
v 1.125571 -1.744718 -0.599839
v 1.011653 -1.744718 -0.812963
v 0.858344 -1.744718 -0.999768
v 0.671540 -1.744718 -1.153075
v 0.458416 -1.744718 -1.266993
v 0.227161 -1.744718 -1.337143
v 0.000000 -1.925621 -1.155483
v 0.000000 -1.925621 0.899304
v 0.187101 -1.925621 0.879563
v 0.379833 -1.925621 0.821098
v 0.557455 -1.925621 0.726157
v 0.713144 -1.925621 0.598387
v 0.840913 -1.925621 0.442700
v 0.935852 -1.925621 0.265077
v 0.994318 -1.925621 0.072345
v 1.014059 -1.925621 -0.128089
v 0.994318 -1.925621 -0.328524
v 0.935852 -1.925621 -0.521256
v 0.840913 -1.925621 -0.698878
v 0.713144 -1.925621 -0.854566
v 0.557455 -1.925621 -0.982336
v 0.379833 -1.925621 -1.077277
v 0.187101 -1.925621 -1.135741
v 0.000000 -2.076113 -0.941621
v 0.000000 -2.076113 0.685442
v 0.145379 -2.076113 0.669810
v 0.297990 -2.076113 0.623516
v 0.438640 -2.076113 0.548337
v 0.561920 -2.076113 0.447164
v 0.663093 -2.076113 0.323885
v 0.738270 -2.076113 0.183235
v 0.784565 -2.076113 0.030623
v 0.800196 -2.076113 -0.128089
v 0.784565 -2.076113 -0.286801
v 0.738270 -2.076113 -0.439414
v 0.663093 -2.076113 -0.580063
v 0.561920 -2.076113 -0.703343
v 0.438640 -2.076113 -0.804516
v 0.297990 -2.076113 -0.879694
v 0.145379 -2.076113 -0.925989
v 0.000000 -2.154802 -0.773545
v 0.000000 -2.154802 0.517366
v 0.112588 -2.154802 0.504964
v 0.233670 -2.154802 0.468234
v 0.345262 -2.154802 0.408587
v 0.443072 -2.154802 0.328317
v 0.523343 -2.154802 0.230507
v 0.582989 -2.154802 0.118916
v 0.619719 -2.154802 -0.002167
v 0.632121 -2.154802 -0.128089
v 0.619719 -2.154802 -0.254012
v 0.582989 -2.154802 -0.375095
v 0.523343 -2.154802 -0.486685
v 0.443072 -2.154802 -0.584495
v 0.345262 -2.154802 -0.664766
v 0.233670 -2.154802 -0.724413
v 0.112588 -2.154802 -0.761143
v 0.000000 -2.154802 0.468234
v 0.000000 -2.154802 0.408587
v 0.000000 -2.154802 0.328317
v 0.000000 -2.154802 0.230507
v 0.000000 -2.154802 0.118916
v 0.000000 -2.154802 -0.002167
v 0.000000 -2.154802 -0.128089
v 0.000000 -2.154802 -0.254012
v 0.000000 -2.154802 -0.375095
v 0.000000 -2.154802 -0.486685
v 0.000000 -2.154802 -0.584495
v 0.000000 -2.154802 -0.664766
v 0.000000 -2.154802 -0.724413
v 0.000000 -2.521091 0.577904
v 0.000000 -2.521091 0.507288
v 0.000000 -2.521091 0.412255
v 0.000000 -2.521091 0.296456
v 0.000000 -2.521091 0.164343
v 0.000000 -2.521091 0.020991
v 0.000000 -2.521091 -0.128089
v 0.000000 -2.521091 -0.277170
v 0.000000 -2.521091 -0.420521
v 0.000000 -2.521091 -0.552635
v 0.000000 -2.521091 -0.668433
v 0.000000 -2.521091 -0.763467
v 0.000000 -2.521091 -0.834083
v 1.955084 -1.971337 0.064724
v 1.955084 -1.971337 0.254107
v 1.955084 -1.971337 -0.124659
v 1.955084 -1.971337 -0.306764
v 1.832651 -1.751710 0.064724
v 1.832651 -1.751710 0.274058
v 1.832651 -1.751710 -0.144610
v 1.832651 -1.751710 -0.345899
vt 0.611042 0.269625
vt 0.603509 0.268162
vt 0.604548 0.258133
vt 0.611980 0.260548
vt 0.606129 0.248315
vt 0.613410 0.251594
vt 0.271892 0.554973
vt 0.263822 0.557870
vt 0.262189 0.548997
vt 0.270380 0.546953
vt 0.261610 0.538978
vt 0.269821 0.537909
vt 0.262109 0.528195
vt 0.270237 0.528189
vt 0.263667 0.517064
vt 0.271611 0.518166
vt 0.266223 0.506013
vt 0.273892 0.508225
vt 0.269680 0.495466
vt 0.276990 0.498749
vt 0.273904 0.485828
vt 0.280788 0.490101
vt 0.278733 0.477470
vt 0.285139 0.482614
vt 0.383688 0.549914
vt 0.376353 0.553466
vt 0.373690 0.544879
vt 0.381306 0.542139
vt 0.371718 0.535010
vt 0.379550 0.533190
vt 0.370515 0.524237
vt 0.378486 0.523409
vt 0.370125 0.512975
vt 0.378155 0.513174
vt 0.370565 0.501655
vt 0.378570 0.502878
vt 0.371712 0.491394
vt 0.379610 0.493596
vt 0.392969 0.504699
vt 0.388152 0.504822
vt 0.388990 0.497346
vt 0.393778 0.497411
vt 0.392640 0.512938
vt 0.387795 0.513241
vt 0.392910 0.521130
vt 0.388040 0.521599
vt 0.393769 0.528960
vt 0.388876 0.529575
vt 0.395184 0.536128
vt 0.390272 0.536863
vt 0.397099 0.542358
vt 0.392174 0.543182
vt 0.293730 0.498254
vt 0.288867 0.496881
vt 0.292379 0.490886
vt 0.297222 0.492235
vt 0.290680 0.505202
vt 0.285811 0.503821
vt 0.288190 0.512814
vt 0.283327 0.511440
vt 0.286354 0.520795
vt 0.281512 0.519446
vt 0.285244 0.528840
vt 0.280435 0.527529
vt 0.284902 0.536639
vt 0.280137 0.535381
vt 0.285341 0.543892
vt 0.280630 0.542698
vt 0.626485 0.257889
vt 0.621517 0.257416
vt 0.622984 0.251028
vt 0.627938 0.251675
vt 0.625339 0.265048
vt 0.620358 0.264762
vt 0.624599 0.272164
vt 0.619602 0.272075
vt 0.363361 0.558760
vt 0.360352 0.549060
vt 0.249924 0.514590
vt 0.252812 0.502106
vt 0.356822 0.500229
vt 0.358131 0.488548
vt 0.250100 0.560688
vt 0.248254 0.550665
vt 0.358125 0.537910
vt 0.256717 0.490190
vt 0.247600 0.539346
vt 0.356765 0.525740
vt 0.261488 0.479303
vt 0.248164 0.527165
vt 0.356325 0.513016
vt 0.590239 0.266238
vt 0.591419 0.254815
vt 0.266944 0.469861
vt 0.593205 0.243724
vt 0.343898 0.540547
vt 0.342396 0.527095
vt 0.341909 0.513031
vt 0.576233 0.264439
vt 0.577543 0.251739
vt 0.342458 0.498896
vt 0.579517 0.239480
vt 0.343916 0.485914
vt 0.235855 0.562923
vt 0.233815 0.551844
vt 0.233093 0.539332
vt 0.233716 0.525868
vt 0.235661 0.511969
vt 0.238853 0.498169
vt 0.234734 0.491545
vt 0.238253 0.482297
vt 0.512679 0.263405
vt 0.499130 0.259539
vt 0.530295 0.239480
vt 0.539524 0.245415
vt 0.241771 0.473049
vt 0.245155 0.464156
vt 0.349686 0.563593
vt 0.346360 0.552871
vt 0.289876 0.476576
vt 0.296212 0.486067
vt 0.281895 0.549201
vt 0.552512 0.301738
vt 0.556959 0.315189
vt 0.552198 0.316231
vt 0.548055 0.303696
vt 0.545552 0.289391
vt 0.541569 0.292191
vt 0.536345 0.278624
vt 0.532989 0.282157
vt 0.525245 0.269849
vt 0.522646 0.273981
vt 0.510936 0.267976
vt 0.498310 0.264373
vt 0.485118 0.258398
vt 0.485253 0.263310
vt 0.471182 0.260028
vt 0.472266 0.264829
vt 0.457858 0.264366
vt 0.459850 0.268871
vt 0.445656 0.271244
vt 0.448480 0.275281
vt 0.554022 0.356909
vt 0.548129 0.368877
vt 0.543996 0.366219
vt 0.549462 0.355109
vt 0.435047 0.280399
vt 0.438594 0.283812
vt 0.557728 0.343315
vt 0.552915 0.342441
vt 0.426823 0.290868
vt 0.430956 0.293525
vt 0.558720 0.329228
vt 0.553839 0.329314
vt 0.495124 0.276128
vt 0.484242 0.275242
vt 0.473418 0.276508
vt 0.463070 0.279877
vt 0.453594 0.285219
vt 0.533264 0.360907
vt 0.537755 0.351749
vt 0.445355 0.292329
vt 0.540633 0.341192
vt 0.439054 0.300323
vt 0.541403 0.330251
vt 0.540035 0.319348
vt 0.536582 0.308901
vt 0.531176 0.299312
vt 0.524026 0.290950
vt 0.515406 0.284136
vt 0.505647 0.279131
vt 0.466700 0.291183
vt 0.459197 0.295414
vt 0.522362 0.355219
vt 0.525839 0.348095
vt 0.452673 0.301044
vt 0.528118 0.339735
vt 0.447763 0.307246
vt 0.528727 0.331072
vt 0.527644 0.322438
vt 0.524910 0.314166
vt 0.520630 0.306573
vt 0.514968 0.299952
vt 0.508142 0.294556
vt 0.500414 0.290593
vt 0.492082 0.288215
vt 0.483465 0.287514
vt 0.474895 0.288516
vt 0.512629 0.312117
vt 0.508137 0.306864
vt 0.502721 0.302583
vt 0.496590 0.299438
vt 0.489979 0.297552
vt 0.483142 0.296995
vt 0.476343 0.297791
vt 0.469841 0.299907
vt 0.463888 0.303263
vt 0.514083 0.350587
vt 0.516762 0.345060
vt 0.458712 0.307730
vt 0.518570 0.338428
vt 0.454896 0.312525
vt 0.519054 0.331554
vt 0.518194 0.324704
vt 0.516025 0.318141
vt 0.511831 0.349138
vt 0.509096 0.347379
vt 0.505416 0.345012
vt 0.500931 0.342129
vt 0.495815 0.338838
vt 0.490263 0.335268
vt 0.484490 0.331556
vt 0.478716 0.327843
vt 0.473165 0.324273
vt 0.468048 0.320983
vt 0.463564 0.318099
vt 0.459883 0.315732
vt 0.457149 0.313973
vt 0.286545 0.550322
vt 0.291862 0.556623
vt 0.290781 0.559463
vt 0.288467 0.555680
vt 0.293174 0.553174
vt 0.294940 0.548534
vt 0.297092 0.542879
vt 0.299547 0.536428
vt 0.302210 0.529427
vt 0.304980 0.522148
vt 0.307750 0.514868
vt 0.310414 0.507868
vt 0.301021 0.487377
vt 0.312869 0.501416
vt 0.304983 0.483867
vt 0.315021 0.495762
vt 0.308953 0.481839
vt 0.316786 0.491121
vt 0.312781 0.481372
vt 0.318099 0.487673
vt 0.316319 0.482483
vt 0.319179 0.484832
vt 0.226169 0.493021
vt 0.230059 0.482799
vt 0.233949 0.472577
vt 0.237689 0.462747
vt 0.549122 0.251587
vt 0.558720 0.257759
vt 0.361428 0.608239
vt 0.350523 0.601075
vt 0.238498 0.698745
vt 0.226169 0.691881
vt 0.226246 0.660899
vt 0.238498 0.654600
vt 0.610580 0.279160
vt 0.603000 0.278702
vt 0.610560 0.289467
vt 0.602990 0.290027
vt 0.611036 0.299443
vt 0.603531 0.300995
vt 0.611991 0.308702
vt 0.604603 0.311183
vt 0.613387 0.316890
vt 0.606166 0.320200
vt 0.567727 0.540283
vt 0.571757 0.533777
vt 0.578688 0.538188
vt 0.574229 0.545463
vt 0.575249 0.525870
vt 0.582558 0.529364
vt 0.578066 0.516866
vt 0.585689 0.519331
vt 0.580102 0.507112
vt 0.587963 0.508474
vt 0.581277 0.496982
vt 0.589290 0.497210
vt 0.581547 0.486865
vt 0.589621 0.485972
vt 0.580902 0.477151
vt 0.588943 0.475192
vt 0.579365 0.468212
vt 0.587281 0.465284
vt 0.576997 0.460392
vt 0.584700 0.456629
vt 0.383784 0.476858
vt 0.381336 0.485031
vt 0.373622 0.481932
vt 0.376325 0.472978
vt 0.395139 0.490698
vt 0.390380 0.490445
vt 0.397099 0.484166
vt 0.392369 0.483732
vt 0.564836 0.472890
vt 0.562946 0.466620
vt 0.567695 0.467220
vt 0.569654 0.473556
vt 0.566059 0.480060
vt 0.570937 0.480784
vt 0.566568 0.487856
vt 0.571496 0.488627
vt 0.566345 0.495976
vt 0.571309 0.496783
vt 0.565396 0.504110
vt 0.570384 0.504939
vt 0.563760 0.511945
vt 0.568755 0.512781
vt 0.561497 0.519179
vt 0.566485 0.520007
vt 0.558697 0.525535
vt 0.563662 0.526342
vt 0.626504 0.309842
vt 0.627938 0.315290
vt 0.622872 0.316128
vt 0.621445 0.310588
vt 0.625381 0.303288
vt 0.620331 0.303908
vt 0.624612 0.295877
vt 0.619574 0.296345
vt 0.624227 0.287895
vt 0.619202 0.288190
vt 0.624241 0.279649
vt 0.619229 0.279755
vt 0.603592 0.485469
vt 0.603219 0.498165
vt 0.595613 0.534490
vt 0.591241 0.544458
vt 0.360303 0.477770
vt 0.590256 0.303421
vt 0.589645 0.291031
vt 0.602826 0.473291
vt 0.599150 0.523155
vt 0.591468 0.314931
vt 0.600949 0.462098
vt 0.601719 0.510890
vt 0.593233 0.325117
vt 0.598032 0.452320
vt 0.589657 0.278236
vt 0.586204 0.552677
vt 0.363356 0.467655
vt 0.615173 0.459340
vt 0.617248 0.471712
vt 0.611949 0.448533
vt 0.575584 0.277776
vt 0.346328 0.473928
vt 0.349703 0.462747
vt 0.575570 0.291919
vt 0.576246 0.305614
vt 0.577585 0.318336
vt 0.579536 0.329596
vt 0.604443 0.550377
vt 0.598875 0.559462
vt 0.609275 0.539359
vt 0.613237 0.548551
vt 0.610761 0.558123
vt 0.438607 0.381120
vt 0.433811 0.413413
vt 0.424582 0.407478
vt 0.429400 0.370353
vt 0.618095 0.529777
vt 0.615714 0.538980
vt 0.618095 0.485174
vt 0.617682 0.499207
vt 0.560394 0.531540
vt 0.489834 0.401346
vt 0.489699 0.396434
vt 0.502686 0.394915
vt 0.503770 0.399716
vt 0.475822 0.400206
vt 0.476642 0.395372
vt 0.462273 0.396339
vt 0.464016 0.391769
vt 0.449707 0.389895
vt 0.452307 0.385763
vt 0.441963 0.377587
vt 0.433384 0.367553
vt 0.422440 0.358007
vt 0.426898 0.356048
vt 0.417994 0.344555
vt 0.422754 0.343513
vt 0.416232 0.330516
vt 0.421113 0.330431
vt 0.417224 0.316429
vt 0.422037 0.317304
vt 0.539905 0.379345
vt 0.536359 0.375932
vt 0.420930 0.302835
vt 0.425490 0.304636
vt 0.529296 0.388500
vt 0.526472 0.384464
vt 0.517095 0.395378
vt 0.515103 0.390873
vt 0.435735 0.352328
vt 0.441141 0.361917
vt 0.432282 0.341882
vt 0.430914 0.330979
vt 0.431684 0.320038
vt 0.526962 0.368901
vt 0.434562 0.309480
vt 0.518723 0.376011
vt 0.509247 0.381353
vt 0.498899 0.384721
vt 0.488076 0.385987
vt 0.477194 0.385102
vt 0.466671 0.382099
vt 0.456912 0.377094
vt 0.448291 0.370279
vt 0.442008 0.322730
vt 0.441398 0.331393
vt 0.517453 0.361422
vt 0.444287 0.314370
vt 0.510929 0.367052
vt 0.503425 0.371282
vt 0.495231 0.373949
vt 0.486661 0.374951
vt 0.478044 0.374250
vt 0.469712 0.371872
vt 0.461984 0.367909
vt 0.455158 0.362513
vt 0.449496 0.355892
vt 0.445215 0.348299
vt 0.442481 0.340027
vt 0.472389 0.363673
vt 0.479000 0.365560
vt 0.466258 0.360529
vt 0.460843 0.356248
vt 0.456350 0.350994
vt 0.452954 0.344970
vt 0.450785 0.338407
vt 0.449926 0.331557
vt 0.450409 0.324684
vt 0.510267 0.355381
vt 0.452217 0.318051
vt 0.505091 0.359848
vt 0.499138 0.363204
vt 0.492637 0.365321
vt 0.485837 0.366116
vt 0.297179 0.562923
vt 0.293642 0.561812
vt 0.301007 0.562456
vt 0.304978 0.560428
vt 0.308939 0.556918
vt 0.312739 0.552060
vt 0.316231 0.546041
vt 0.319280 0.539093
vt 0.321771 0.531481
vt 0.323606 0.523500
vt 0.324716 0.515455
vt 0.325058 0.507656
vt 0.324619 0.500403
vt 0.323416 0.493973
vt 0.321494 0.488615
vt 0.438279 0.426098
vt 0.443409 0.419585
vt 0.453007 0.425757
vt 0.446962 0.431682
vt 0.429595 0.420514
vt 0.421246 0.415145
vt 0.255349 0.691565
vt 0.257982 0.663429
vt 0.268720 0.654600
vt 0.268720 0.694870
vt 0.598062 0.657591
vt 0.598062 0.698363
vt 0.585834 0.692990
vt 0.585816 0.665359
vn 0.0000 -0.7690 0.6392
vn 0.0000 -0.6086 0.7935
vn -0.1567 -0.6076 0.7786
vn -0.1260 -0.7680 0.6279
vn -0.3033 -0.6051 0.7361
vn -0.2444 -0.7647 0.5962
vn -0.4424 -0.6011 0.6655
vn -0.3587 -0.7596 0.5424
vn -0.5661 -0.5963 0.5691
vn -0.4624 -0.7535 0.4672
vn -0.6694 -0.5914 0.4496
vn -0.5508 -0.7472 0.3719
vn -0.7474 -0.5870 0.3112
vn -0.6188 -0.7416 0.2589
vn -0.7960 -0.5840 0.1592
vn -0.6617 -0.7378 0.1330
vn -0.8125 -0.5830 0.0000
vn -0.6764 -0.7365 0.0000
vn -0.7960 -0.5840 -0.1592
vn -0.6617 -0.7378 -0.1330
vn -0.7474 -0.5870 -0.3112
vn -0.6188 -0.7416 -0.2589
vn -0.6694 -0.5914 -0.4496
vn -0.5508 -0.7472 -0.3719
vn -0.5661 -0.5963 -0.5691
vn -0.4624 -0.7535 -0.4672
vn -0.4424 -0.6011 -0.6655
vn -0.3587 -0.7596 -0.5424
vn -0.3033 -0.6051 -0.7361
vn -0.2444 -0.7647 -0.5962
vn -0.1567 -0.6076 -0.7786
vn -0.1260 -0.7680 -0.6279
vn 0.0000 -0.6086 -0.7935
vn 0.0000 -0.7690 -0.6392
vn -0.1399 -0.6901 -0.7100
vn -0.1702 -0.5024 -0.8477
vn 0.0000 -0.5018 -0.8650
vn 0.0000 -0.6847 -0.7288
vn -0.2666 -0.6965 -0.6662
vn -0.3252 -0.5109 -0.7957
vn -0.3833 -0.7074 -0.5938
vn -0.4694 -0.5224 -0.7118
vn -0.4819 -0.7203 -0.4989
vn -0.5931 -0.5357 -0.6010
vn -0.5593 -0.7331 -0.3869
vn -0.6923 -0.5485 -0.4688
vn -0.6142 -0.7439 -0.2633
vn -0.7644 -0.5592 -0.3209
vn -0.6467 -0.7510 -0.1332
vn -0.8081 -0.5661 -0.1629
vn -0.6575 -0.7535 0.0000
vn -0.8227 -0.5685 0.0000
vn -0.6467 -0.7510 0.1332
vn -0.8081 -0.5661 0.1629
vn -0.6142 -0.7439 0.2633
vn -0.7644 -0.5592 0.3209
vn -0.5593 -0.7331 0.3869
vn -0.6923 -0.5485 0.4688
vn -0.4819 -0.7203 0.4989
vn -0.5931 -0.5357 0.6010
vn -0.3833 -0.7074 0.5938
vn -0.4694 -0.5224 0.7118
vn -0.2666 -0.6965 0.6662
vn -0.3252 -0.5109 0.7957
vn -0.1399 -0.6902 0.7100
vn -0.1702 -0.5024 0.8477
vn 0.0000 -0.6847 0.7288
vn 0.0000 -0.5018 0.8650
vn -0.6691 -0.5877 -0.4547
vn -0.7179 -0.5044 -0.4797
vn -0.7977 -0.5044 0.3304
vn -0.6242 -0.7068 0.3328
vn -0.1710 -0.5043 -0.8464
vn 0.0000 -0.5045 -0.8634
vn -0.3304 -0.5044 0.7977
vn -0.4797 -0.5044 0.7179
vn -0.6106 -0.5044 -0.6106
vn -0.4625 -0.8866 -0.0000
vn -0.6106 -0.5044 0.6106
vn -0.4797 -0.5044 -0.7179
vn -0.4537 -0.8866 -0.0898
vn -0.7179 -0.5044 0.4797
vn -0.3304 -0.5044 -0.7977
vn 0.0000 -0.5045 0.8634
vn -0.1710 -0.5043 0.8464
vn -0.6164 0.4901 -0.6164
vn -0.4842 0.4901 -0.7247
vn -0.3335 0.4901 -0.8053
vn 0.0000 0.4889 0.8723
vn -0.1723 0.4907 0.8541
vn -0.1723 0.4907 -0.8541
vn -0.3335 0.4901 0.8053
vn 0.0000 0.4889 -0.8723
vn -0.4842 0.4901 0.7248
vn -0.6164 0.4901 0.6164
vn -0.7248 0.4901 0.4842
vn -0.8053 0.4901 0.3335
vn -0.1922 0.8284 0.5262
vn -0.6927 -0.3898 0.6067
vn -0.8645 -0.5026 0.0001
vn -0.0069 1.0000 -0.0009
vn -0.4563 0.6727 -0.5824
vn -0.5511 0.6409 -0.5343
vn -0.5122 0.8589 -0.0007
vn -0.8645 -0.5026 -0.0009
vn -0.7713 -0.4993 -0.3946
vn -0.7247 0.4901 -0.4842
vn 0.2359 0.9427 -0.2359
vn 0.2774 0.9427 -0.1854
vn 0.3083 0.9427 -0.1277
vn 0.3272 0.9427 -0.0651
vn -0.0070 1.0000 -0.0001
vn 0.3337 0.9427 0.0000
vn 0.3272 0.9427 0.0651
vn 0.3083 0.9427 0.1277
vn 0.2774 0.9427 0.1854
vn 0.2359 0.9427 0.2359
vn 0.1854 0.9427 0.2774
vn 0.1277 0.9427 0.3083
vn 0.0000 0.9431 -0.3324
vn 0.0662 0.9424 -0.3277
vn 0.0662 0.9424 0.3277
vn 0.1277 0.9427 -0.3083
vn 0.0000 0.9431 0.3324
vn 0.1854 0.9427 -0.2774
vn 0.5740 0.7836 0.2377
vn 0.5166 0.7836 0.3451
vn 0.4393 0.7836 0.4393
vn 0.3451 0.7836 0.5166
vn 0.2377 0.7836 0.5740
vn 0.0000 0.7837 -0.6211
vn 0.1233 0.7835 -0.6089
vn 0.1233 0.7835 0.6089
vn 0.2377 0.7836 -0.5740
vn 0.0000 0.7837 0.6211
vn 0.3451 0.7836 -0.5166
vn 0.4393 0.7836 -0.4393
vn 0.5166 0.7836 -0.3451
vn 0.5740 0.7836 -0.2377
vn 0.6093 0.7836 -0.1212
vn 0.6213 0.7836 0.0000
vn 0.6093 0.7836 0.1212
vn 0.2810 0.8627 0.4205
vn 0.1935 0.8627 0.4672
vn 0.0000 0.8626 -0.5058
vn 0.1008 0.8627 -0.4956
vn 0.1008 0.8627 0.4956
vn 0.1935 0.8627 -0.4672
vn 0.0000 0.8626 0.5058
vn 0.2810 0.8627 -0.4205
vn 0.3576 0.8627 -0.3576
vn 0.4205 0.8627 -0.2810
vn 0.4672 0.8627 -0.1935
vn 0.4960 0.8627 -0.0986
vn 0.5057 0.8627 0.0000
vn 0.4960 0.8627 0.0986
vn 0.4672 0.8627 0.1935
vn 0.4205 0.8627 0.2810
vn 0.3576 0.8627 0.3576
vn 0.2125 0.9732 -0.0880
vn 0.2256 0.9732 -0.0449
vn 0.2300 0.9732 0.0000
vn 0.2256 0.9732 0.0449
vn 0.2125 0.9732 0.0880
vn 0.1913 0.9732 0.1278
vn 0.1627 0.9732 0.1627
vn 0.1278 0.9732 0.1913
vn 0.0880 0.9732 0.2125
vn 0.0000 0.9729 -0.2313
vn 0.0459 0.9733 -0.2247
vn 0.0459 0.9733 0.2247
vn 0.0880 0.9732 -0.2125
vn 0.0000 0.9729 0.2313
vn 0.1278 0.9732 -0.1913
vn 0.1627 0.9732 -0.1627
vn 0.1913 0.9732 -0.1278
vn 0.0000 1.0000 0.0000
vn 0.0000 -1.0000 0.0000
vn -0.3098 0.6459 0.6977
vn -0.5121 0.8589 0.0001
vn 0.1260 -0.7680 0.6279
vn 0.1567 -0.6076 0.7786
vn 0.2444 -0.7647 0.5962
vn 0.3033 -0.6051 0.7361
vn 0.3587 -0.7596 0.5424
vn 0.4424 -0.6011 0.6655
vn 0.4624 -0.7535 0.4672
vn 0.5661 -0.5963 0.5691
vn 0.5508 -0.7472 0.3719
vn 0.6694 -0.5914 0.4496
vn 0.6188 -0.7416 0.2589
vn 0.7474 -0.5870 0.3112
vn 0.6617 -0.7378 0.1330
vn 0.7960 -0.5840 0.1592
vn 0.6764 -0.7365 0.0000
vn 0.8125 -0.5830 0.0000
vn 0.6617 -0.7378 -0.1330
vn 0.7960 -0.5840 -0.1592
vn 0.6188 -0.7416 -0.2589
vn 0.7474 -0.5870 -0.3112
vn 0.5508 -0.7472 -0.3719
vn 0.6694 -0.5914 -0.4496
vn 0.4624 -0.7535 -0.4672
vn 0.5661 -0.5963 -0.5691
vn 0.3587 -0.7596 -0.5424
vn 0.4424 -0.6011 -0.6655
vn 0.2444 -0.7647 -0.5962
vn 0.3033 -0.6051 -0.7361
vn 0.1260 -0.7680 -0.6279
vn 0.1567 -0.6076 -0.7786
vn 0.1399 -0.6901 -0.7100
vn 0.1702 -0.5024 -0.8477
vn 0.2666 -0.6965 -0.6662
vn 0.3252 -0.5109 -0.7957
vn 0.3833 -0.7074 -0.5938
vn 0.4694 -0.5224 -0.7118
vn 0.4819 -0.7203 -0.4989
vn 0.5931 -0.5357 -0.6010
vn 0.5593 -0.7331 -0.3869
vn 0.6923 -0.5485 -0.4688
vn 0.6142 -0.7439 -0.2633
vn 0.7644 -0.5592 -0.3209
vn 0.6467 -0.7510 -0.1332
vn 0.8081 -0.5661 -0.1629
vn 0.6575 -0.7535 0.0000
vn 0.8227 -0.5685 0.0000
vn 0.6467 -0.7510 0.1332
vn 0.8081 -0.5661 0.1629
vn 0.6142 -0.7439 0.2633
vn 0.7644 -0.5592 0.3209
vn 0.5593 -0.7331 0.3869
vn 0.6923 -0.5485 0.4688
vn 0.4819 -0.7203 0.4989
vn 0.5931 -0.5357 0.6010
vn 0.3833 -0.7074 0.5938
vn 0.4694 -0.5224 0.7118
vn 0.2666 -0.6965 0.6662
vn 0.3252 -0.5109 0.7957
vn 0.1399 -0.6902 0.7100
vn 0.1702 -0.5024 0.8477
vn 0.7179 -0.5044 -0.4797
vn 0.6691 -0.5877 -0.4547
vn 0.6242 -0.7068 0.3328
vn 0.7977 -0.5044 0.3304
vn 0.1710 -0.5043 -0.8464
vn 0.4797 -0.5044 0.7179
vn 0.3304 -0.5044 0.7977
vn 0.6106 -0.5044 -0.6106
vn 0.4625 -0.8866 -0.0000
vn 0.6106 -0.5044 0.6106
vn 0.4797 -0.5044 -0.7179
vn 0.4537 -0.8866 -0.0898
vn 0.7179 -0.5044 0.4797
vn 0.3304 -0.5044 -0.7977
vn 0.1710 -0.5043 0.8464
vn 0.4842 0.4901 -0.7247
vn 0.6163 0.4901 -0.6164
vn 0.3335 0.4901 -0.8053
vn 0.1723 0.4907 0.8541
vn 0.1723 0.4907 -0.8541
vn 0.3335 0.4901 0.8053
vn 0.4842 0.4901 0.7248
vn 0.6163 0.4901 0.6164
vn 0.7248 0.4901 0.4842
vn 0.8053 0.4901 0.3335
vn 0.1922 0.8284 0.5262
vn 0.8645 -0.5026 0.0001
vn 0.6927 -0.3898 0.6067
vn 0.0069 1.0000 -0.0009
vn 0.5122 0.8589 -0.0007
vn 0.5511 0.6409 -0.5343
vn 0.4563 0.6727 -0.5824
vn 0.7713 -0.4993 -0.3946
vn 0.8645 -0.5026 -0.0009
vn 0.7247 0.4901 -0.4842
vn -0.2774 0.9427 -0.1854
vn -0.2359 0.9427 -0.2359
vn -0.3083 0.9427 -0.1277
vn -0.3272 0.9427 -0.0651
vn 0.0070 1.0000 -0.0001
vn -0.3337 0.9427 0.0000
vn -0.3272 0.9427 0.0651
vn -0.3083 0.9427 0.1277
vn -0.2774 0.9427 0.1854
vn -0.2359 0.9427 0.2359
vn -0.1854 0.9427 0.2774
vn -0.1277 0.9427 0.3083
vn -0.0662 0.9424 -0.3277
vn -0.0662 0.9424 0.3277
vn -0.1277 0.9427 -0.3083
vn -0.1854 0.9427 -0.2774
vn -0.5166 0.7836 0.3451
vn -0.5740 0.7836 0.2377
vn -0.4393 0.7836 0.4393
vn -0.3451 0.7836 0.5166
vn -0.2377 0.7836 0.5740
vn -0.1233 0.7835 -0.6089
vn -0.1233 0.7835 0.6089
vn -0.2377 0.7836 -0.5740
vn -0.3451 0.7836 -0.5166
vn -0.4393 0.7836 -0.4393
vn -0.5166 0.7836 -0.3451
vn -0.5740 0.7836 -0.2377
vn -0.6093 0.7836 -0.1212
vn -0.6213 0.7836 0.0000
vn -0.6093 0.7836 0.1212
vn -0.1935 0.8627 0.4672
vn -0.2810 0.8627 0.4205
vn -0.1008 0.8627 -0.4956
vn -0.1008 0.8627 0.4956
vn -0.1935 0.8627 -0.4672
vn -0.2810 0.8627 -0.4205
vn -0.3576 0.8627 -0.3576
vn -0.4205 0.8627 -0.2810
vn -0.4672 0.8627 -0.1935
vn -0.4960 0.8627 -0.0986
vn -0.5057 0.8627 0.0000
vn -0.4960 0.8627 0.0986
vn -0.4672 0.8627 0.1935
vn -0.4205 0.8627 0.2810
vn -0.3576 0.8627 0.3576
vn -0.2256 0.9732 -0.0449
vn -0.2125 0.9732 -0.0880
vn -0.2300 0.9732 0.0000
vn -0.2256 0.9732 0.0449
vn -0.2125 0.9732 0.0880
vn -0.1913 0.9732 0.1278
vn -0.1627 0.9732 0.1627
vn -0.1278 0.9732 0.1913
vn -0.0880 0.9732 0.2125
vn -0.0459 0.9733 -0.2247
vn -0.0459 0.9733 0.2247
vn -0.0880 0.9732 -0.2125
vn -0.1278 0.9732 -0.1913
vn -0.1627 0.9732 -0.1627
vn -0.1913 0.9732 -0.1278
vn 0.5121 0.8589 0.0001
vn 0.3098 0.6459 0.6977
usemtl None
s 1
f 245/1/1 162/2/2 2/3/3 76/4/4
f 76/4/4 2/3/3 4/5/5 77/6/6
f 77/7/6 4/8/5 6/9/7 78/10/8
f 78/10/8 6/9/7 8/11/9 79/12/10
f 79/12/10 8/11/9 10/13/11 80/14/12
f 80/14/12 10/13/11 12/15/13 81/16/14
f 81/16/14 12/15/13 14/17/15 82/18/16
f 82/18/16 14/17/15 16/19/17 83/20/18
f 83/20/18 16/19/17 18/21/19 84/22/20
f 84/22/20 18/21/19 20/23/21 85/24/22
f 85/25/22 20/26/21 22/27/23 86/28/24
f 86/28/24 22/27/23 24/29/25 87/30/26
f 87/30/26 24/29/25 26/31/27 88/32/28
f 88/32/28 26/31/27 28/33/29 89/34/30
f 89/34/30 28/33/29 30/35/31 90/36/32
f 90/36/32 30/35/31 160/37/33 244/38/34
f 29/39/35 45/40/36 193/41/37 159/42/38
f 27/43/39 44/44/40 45/40/36 29/39/35
f 25/45/41 43/46/42 44/44/40 27/43/39
f 23/47/43 42/48/44 43/46/42 25/45/41
f 21/49/45 41/50/46 42/48/44 23/47/43
f 19/51/47 40/52/48 41/50/46 21/49/45
f 17/53/49 39/54/50 40/55/48 19/56/47
f 15/57/51 38/58/52 39/54/50 17/53/49
f 13/59/53 37/60/54 38/58/52 15/57/51
f 11/61/55 36/62/56 37/60/54 13/59/53
f 9/63/57 35/64/58 36/62/56 11/61/55
f 7/65/59 34/66/60 35/64/58 9/63/57
f 5/67/61 33/68/62 34/66/60 7/65/59
f 3/69/63 32/70/64 33/71/62 5/72/61
f 1/73/65 31/74/66 32/70/64 3/69/63
f 161/75/67 194/76/68 31/74/66 1/73/65
f 22/27/23 20/26/21 55/77/69 56/78/70
f 14/17/15 12/15/13 51/79/71 52/80/72
f 160/37/33 30/35/31 60/81/73 210/82/74
f 6/9/7 4/8/5 47/83/75 48/84/76
f 24/29/25 22/27/23 56/78/70 57/85/77
f 16/19/17 14/17/15 52/80/72 53/86/78
f 8/11/9 6/9/7 48/84/76 49/87/79
f 26/31/27 24/29/25 57/85/77 58/88/80
f 18/21/19 16/19/17 53/86/78 54/89/81
f 10/13/11 8/11/9 49/87/79 50/90/82
f 28/33/29 26/31/27 58/88/80 59/91/83
f 2/3/3 162/2/2 211/92/84 46/93/85
f 20/23/21 18/21/19 54/89/81 55/94/69
f 12/15/13 10/13/11 50/90/82 51/79/71
f 30/35/31 28/33/29 59/91/83 60/81/73
f 4/5/5 2/3/3 46/93/85 47/95/75
f 58/88/80 57/85/77 72/96/86 73/97/87
f 59/91/83 58/88/80 73/97/87 74/98/88
f 46/93/85 211/92/84 228/99/89 61/100/90
f 60/81/73 59/91/83 74/98/88 75/101/91
f 47/95/75 46/93/85 61/100/90 62/102/92
f 210/82/74 60/81/73 75/101/91 227/103/93
f 48/84/76 47/83/75 62/104/92 63/105/94
f 49/87/79 48/84/76 63/105/94 64/106/95
f 50/90/82 49/87/79 64/106/95 65/107/96
f 51/79/71 50/90/82 65/107/96 66/108/97
f 52/80/72 51/79/71 66/108/97 67/109/98
f 53/86/78 52/80/72 152/110/99 151/111/100
f 69/112/101 70/113/102 158/114/103 157/115/104
f 55/94/69 54/89/81 153/116/105 154/117/106
f 56/78/70 55/77/69 70/118/102 71/119/107
f 57/85/77 56/78/70 71/119/107 72/96/86
f 45/40/36 90/36/32 244/38/34 193/41/37
f 44/44/40 89/34/30 90/36/32 45/40/36
f 43/46/42 88/32/28 89/34/30 44/44/40
f 42/48/44 87/30/26 88/32/28 43/46/42
f 41/50/46 86/28/24 87/30/26 42/48/44
f 40/55/48 85/24/22 86/120/24 41/121/46
f 39/54/50 84/22/20 85/24/22 40/55/48
f 38/58/52 83/20/18 84/22/20 39/54/50
f 37/60/54 82/18/16 83/20/18 38/58/52
f 36/62/56 81/16/14 82/18/16 37/60/54
f 35/64/58 80/14/12 81/16/14 36/62/56
f 34/66/60 79/12/10 80/14/12 35/64/58
f 33/68/62 78/10/8 79/12/10 34/66/60
f 32/122/64 77/7/6 78/10/8 33/68/62
f 31/74/66 76/4/4 77/6/6 32/70/64
f 194/76/68 245/1/1 76/4/4 31/74/66
f 65/123/96 64/124/95 94/125/108 95/126/109
f 66/127/97 65/123/96 95/126/109 96/128/110
f 67/129/98 66/127/97 96/128/110 97/130/111
f 68/131/112 67/129/98 97/130/111 98/132/113
f 69/112/101 68/131/112 98/132/113 99/133/114
f 70/113/102 69/112/101 99/133/114 100/134/115
f 71/135/107 70/113/102 100/134/115 101/136/116
f 72/137/86 71/135/107 101/136/116 102/138/117
f 73/139/87 72/137/86 102/138/117 103/140/118
f 74/141/88 73/139/87 103/140/118 104/142/119
f 61/143/90 228/144/89 262/145/120 91/146/121
f 75/147/91 74/141/88 104/142/119 105/148/122
f 62/149/92 61/143/90 91/146/121 92/150/123
f 227/151/93 75/147/91 105/148/122 261/152/124
f 63/153/94 62/149/92 92/150/123 93/154/125
f 64/124/95 63/153/94 93/154/125 94/125/108
f 101/136/116 100/134/115 115/155/126 116/156/127
f 102/138/117 101/136/116 116/156/127 117/157/128
f 103/140/118 102/138/117 117/157/128 118/158/129
f 104/142/119 103/140/118 118/158/129 119/159/130
f 91/146/121 262/145/120 279/160/131 106/161/132
f 105/148/122 104/142/119 119/159/130 120/162/133
f 92/150/123 91/146/121 106/161/132 107/163/134
f 261/152/124 105/148/122 120/162/133 278/164/135
f 93/154/125 92/150/123 107/163/134 108/165/136
f 94/125/108 93/154/125 108/165/136 109/166/137
f 95/126/109 94/125/108 109/166/137 110/167/138
f 96/128/110 95/126/109 110/167/138 111/168/139
f 97/130/111 96/128/110 111/168/139 112/169/140
f 98/132/113 97/130/111 112/169/140 113/170/141
f 99/133/114 98/132/113 113/170/141 114/171/142
f 100/134/115 99/133/114 114/171/142 115/155/126
f 119/159/130 118/158/129 133/172/143 134/173/144
f 106/161/132 279/160/131 296/174/145 121/175/146
f 120/162/133 119/159/130 134/173/144 135/176/147
f 107/163/134 106/161/132 121/175/146 122/177/148
f 278/164/135 120/162/133 135/176/147 295/178/149
f 108/165/136 107/163/134 122/177/148 123/179/150
f 109/166/137 108/165/136 123/179/150 124/180/151
f 110/167/138 109/166/137 124/180/151 125/181/152
f 111/168/139 110/167/138 125/181/152 126/182/153
f 112/169/140 111/168/139 126/182/153 127/183/154
f 113/170/141 112/169/140 127/183/154 128/184/155
f 114/171/142 113/170/141 128/184/155 129/185/156
f 115/155/126 114/171/142 129/185/156 130/186/157
f 116/156/127 115/155/126 130/186/157 131/187/158
f 117/157/128 116/156/127 131/187/158 132/188/159
f 118/158/129 117/157/128 132/188/159 133/172/143
f 127/183/154 126/182/153 141/189/160 142/190/161
f 128/184/155 127/183/154 142/190/161 143/191/162
f 129/185/156 128/184/155 143/191/162 144/192/163
f 130/186/157 129/185/156 144/192/163 145/193/164
f 131/187/158 130/186/157 145/193/164 146/194/165
f 132/188/159 131/187/158 146/194/165 147/195/166
f 133/172/143 132/188/159 147/195/166 148/196/167
f 134/173/144 133/172/143 148/196/167 149/197/168
f 121/175/146 296/174/145 313/198/169 136/199/170
f 135/176/147 134/173/144 149/197/168 150/200/171
f 122/177/148 121/175/146 136/199/170 137/201/172
f 295/178/149 135/176/147 150/200/171 312/202/173
f 123/179/150 122/177/148 137/201/172 138/203/174
f 124/180/151 123/179/150 138/203/174 139/204/175
f 125/181/152 124/180/151 139/204/175 140/205/176
f 126/182/153 125/181/152 140/205/176 141/189/160
f 329/206/177 137/201/172 136/199/170 313/198/169
f 330/207/177 138/203/174 137/201/172 329/206/177
f 331/208/177 139/204/175 138/203/174 330/207/177
f 332/209/177 140/205/176 139/204/175 331/208/177
f 333/210/177 141/189/160 140/205/176 332/209/177
f 334/211/177 142/190/161 141/189/160 333/210/177
f 335/212/177 143/191/162 142/190/161 334/211/177
f 336/213/177 144/192/163 143/191/162 335/212/177
f 337/214/177 145/193/164 144/192/163 336/213/177
f 338/215/177 146/194/165 145/193/164 337/214/177
f 339/216/177 147/195/166 146/194/165 338/215/177
f 340/217/177 148/196/167 147/195/166 339/216/177
f 341/218/177 149/197/168 148/196/167 340/217/177
f 312/202/173 150/200/171 149/197/168 341/218/177
f 3/219/63 342/220/178 161/221/67 1/222/65
f 5/67/61 343/223/178 342/220/178 3/219/63
f 7/65/59 344/224/178 343/223/178 5/67/61
f 9/63/57 345/225/178 344/224/178 7/65/59
f 11/61/55 346/226/178 345/225/178 9/63/57
f 13/59/53 347/227/178 346/226/178 11/61/55
f 15/57/51 348/228/178 347/227/178 13/59/53
f 17/53/49 349/229/178 348/228/178 15/57/51
f 19/56/47 350/230/178 349/229/178 17/53/49
f 21/231/45 351/232/178 350/230/178 19/56/47
f 23/233/43 352/234/178 351/232/178 21/231/45
f 25/235/41 353/236/178 352/234/178 23/233/43
f 27/237/39 354/238/178 353/236/178 25/235/41
f 29/239/35 159/240/38 354/238/178 27/237/39
f 151/111/100 152/110/99 156/241/179 155/242/180
f 153/116/105 151/111/100 155/242/180 157/243/104
f 154/117/106 153/116/105 157/243/104 158/244/103
f 67/129/98 68/131/112 155/245/180 156/246/179
f 70/118/102 55/77/69 154/247/106 158/248/103
f 54/89/81 53/86/78 151/111/100 153/116/105
f 68/131/112 69/112/101 157/115/104 155/245/180
f 52/249/72 67/250/98 156/251/179 152/252/99
f 245/1/1 246/253/181 164/254/182 162/2/2
f 246/253/181 247/255/183 166/256/184 164/254/182
f 247/255/183 248/257/185 168/258/186 166/256/184
f 248/257/185 249/259/187 170/260/188 168/258/186
f 249/259/187 250/261/189 172/262/190 170/260/188
f 250/263/189 251/264/191 174/265/192 172/266/190
f 251/264/191 252/267/193 176/268/194 174/265/192
f 252/267/193 253/269/195 178/270/196 176/268/194
f 253/269/195 254/271/197 180/272/198 178/270/196
f 254/271/197 255/273/199 182/274/200 180/272/198
f 255/273/199 256/275/201 184/276/202 182/274/200
f 256/275/201 257/277/203 186/278/204 184/276/202
f 257/277/203 258/279/205 188/280/206 186/278/204
f 258/279/205 259/281/207 190/282/208 188/280/206
f 259/283/207 260/284/209 192/285/210 190/286/208
f 260/284/209 244/38/34 160/37/33 192/285/210
f 191/287/211 159/42/38 193/41/37 209/288/212
f 189/289/213 191/287/211 209/288/212 208/290/214
f 187/291/215 189/292/213 208/293/214 207/294/216
f 185/295/217 187/291/215 207/294/216 206/296/218
f 183/297/219 185/295/217 206/296/218 205/298/220
f 181/299/221 183/297/219 205/298/220 204/300/222
f 179/301/223 181/299/221 204/300/222 203/302/224
f 177/303/225 179/301/223 203/302/224 202/304/226
f 175/305/227 177/303/225 202/304/226 201/306/228
f 173/307/229 175/305/227 201/306/228 200/308/230
f 171/309/231 173/310/229 200/311/230 199/312/232
f 169/313/233 171/309/231 199/312/232 198/314/234
f 167/315/235 169/313/233 198/314/234 197/316/236
f 165/317/237 167/315/235 197/316/236 196/318/238
f 163/319/239 165/317/237 196/318/238 195/320/240
f 161/75/67 163/319/239 195/320/240 194/76/68
f 184/276/202 222/321/241 221/322/242 182/274/200
f 176/268/194 218/323/243 217/324/244 174/265/192
f 160/37/33 210/82/74 226/325/245 192/285/210
f 168/258/186 214/326/246 213/327/247 166/256/184
f 186/278/204 223/328/248 222/321/241 184/276/202
f 178/270/196 219/329/249 218/323/243 176/268/194
f 170/260/188 215/330/250 214/326/246 168/258/186
f 188/280/206 224/331/251 223/328/248 186/278/204
f 180/272/198 220/332/252 219/329/249 178/270/196
f 172/262/190 216/333/253 215/330/250 170/260/188
f 190/282/208 225/334/254 224/331/251 188/280/206
f 164/254/182 212/335/255 211/92/84 162/2/2
f 182/274/200 221/322/242 220/332/252 180/272/198
f 174/265/192 217/324/244 216/336/253 172/266/190
f 192/285/210 226/325/245 225/337/254 190/286/208
f 166/256/184 213/327/247 212/335/255 164/254/182
f 224/331/251 241/338/256 240/339/257 223/328/248
f 225/334/254 242/340/258 241/338/256 224/331/251
f 212/335/255 229/341/259 228/99/89 211/92/84
f 226/325/245 243/342/260 242/343/258 225/337/254
f 213/327/247 230/344/261 229/341/259 212/335/255
f 210/82/74 227/103/93 243/342/260 226/325/245
f 214/326/246 231/345/262 230/344/261 213/327/247
f 215/330/250 232/346/263 231/345/262 214/326/246
f 216/333/253 233/347/264 232/346/263 215/330/250
f 217/324/244 234/348/265 233/349/264 216/336/253
f 218/323/243 235/350/266 234/348/265 217/324/244
f 219/329/249 355/351/267 356/352/268 218/323/243
f 237/353/269 361/354/270 362/355/271 238/356/272
f 221/322/242 358/357/273 357/358/274 220/332/252
f 222/321/241 239/359/275 238/360/272 221/322/242
f 223/328/248 240/339/257 239/359/275 222/321/241
f 209/288/212 193/41/37 244/38/34 260/284/209
f 208/290/214 209/288/212 260/284/209 259/283/207
f 207/294/216 208/293/214 259/281/207 258/279/205
f 206/296/218 207/294/216 258/279/205 257/277/203
f 205/298/220 206/296/218 257/277/203 256/275/201
f 204/300/222 205/298/220 256/275/201 255/273/199
f 203/302/224 204/300/222 255/273/199 254/271/197
f 202/304/226 203/302/224 254/271/197 253/269/195
f 201/306/228 202/304/226 253/269/195 252/267/193
f 200/308/230 201/306/228 252/267/193 251/264/191
f 199/361/232 200/308/230 251/264/191 250/263/189
f 198/314/234 199/312/232 250/261/189 249/259/187
f 197/316/236 198/314/234 249/259/187 248/257/185
f 196/318/238 197/316/236 248/257/185 247/255/183
f 195/320/240 196/318/238 247/255/183 246/253/181
f 194/76/68 195/320/240 246/253/181 245/1/1
f 233/362/264 267/363/276 266/364/277 232/365/263
f 234/366/265 268/367/278 267/363/276 233/362/264
f 235/368/266 269/369/279 268/367/278 234/366/265
f 236/370/280 270/371/281 269/369/279 235/368/266
f 237/353/269 271/372/282 270/371/281 236/370/280
f 238/356/272 272/373/283 271/372/282 237/353/269
f 239/374/275 273/375/284 272/373/283 238/356/272
f 240/376/257 274/377/285 273/375/284 239/374/275
f 241/378/256 275/379/286 274/377/285 240/376/257
f 242/380/258 276/381/287 275/379/286 241/378/256
f 229/382/259 263/383/288 262/145/120 228/144/89
f 243/384/260 277/385/289 276/381/287 242/380/258
f 230/386/261 264/387/290 263/383/288 229/382/259
f 227/151/93 261/152/124 277/385/289 243/384/260
f 231/388/262 265/389/291 264/387/290 230/386/261
f 232/365/263 266/364/277 265/389/291 231/388/262
f 273/375/284 290/390/292 289/391/293 272/373/283
f 274/377/285 291/392/294 290/390/292 273/375/284
f 275/379/286 292/393/295 291/392/294 274/377/285
f 276/381/287 293/394/296 292/393/295 275/379/286
f 263/383/288 280/395/297 279/160/131 262/145/120
f 277/385/289 294/396/298 293/394/296 276/381/287
f 264/387/290 281/397/299 280/395/297 263/383/288
f 261/152/124 278/164/135 294/396/298 277/385/289
f 265/389/291 282/398/300 281/397/299 264/387/290
f 266/364/277 283/399/301 282/398/300 265/389/291
f 267/363/276 284/400/302 283/399/301 266/364/277
f 268/367/278 285/401/303 284/400/302 267/363/276
f 269/369/279 286/402/304 285/401/303 268/367/278
f 270/371/281 287/403/305 286/402/304 269/369/279
f 271/372/282 288/404/306 287/403/305 270/371/281
f 272/373/283 289/391/293 288/404/306 271/372/282
f 293/394/296 310/405/307 309/406/308 292/393/295
f 280/395/297 297/407/309 296/174/145 279/160/131
f 294/396/298 311/408/310 310/405/307 293/394/296
f 281/397/299 298/409/311 297/407/309 280/395/297
f 278/164/135 295/178/149 311/408/310 294/396/298
f 282/398/300 299/410/312 298/409/311 281/397/299
f 283/399/301 300/411/313 299/410/312 282/398/300
f 284/400/302 301/412/314 300/411/313 283/399/301
f 285/401/303 302/413/315 301/412/314 284/400/302
f 286/402/304 303/414/316 302/413/315 285/401/303
f 287/403/305 304/415/317 303/414/316 286/402/304
f 288/404/306 305/416/318 304/415/317 287/403/305
f 289/391/293 306/417/319 305/416/318 288/404/306
f 290/390/292 307/418/320 306/417/319 289/391/293
f 291/392/294 308/419/321 307/418/320 290/390/292
f 292/393/295 309/406/308 308/419/321 291/392/294
f 303/414/316 320/420/322 319/421/323 302/413/315
f 304/415/317 321/422/324 320/420/322 303/414/316
f 305/416/318 322/423/325 321/422/324 304/415/317
f 306/417/319 323/424/326 322/423/325 305/416/318
f 307/418/320 324/425/327 323/424/326 306/417/319
f 308/419/321 325/426/328 324/425/327 307/418/320
f 309/406/308 326/427/329 325/426/328 308/419/321
f 310/405/307 327/428/330 326/427/329 309/406/308
f 297/407/309 314/429/331 313/198/169 296/174/145
f 311/408/310 328/430/332 327/428/330 310/405/307
f 298/409/311 315/431/333 314/429/331 297/407/309
f 295/178/149 312/202/173 328/430/332 311/408/310
f 299/410/312 316/432/334 315/431/333 298/409/311
f 300/411/313 317/433/335 316/432/334 299/410/312
f 301/412/314 318/434/336 317/433/335 300/411/313
f 302/413/315 319/421/323 318/434/336 301/412/314
f 329/206/177 313/198/169 314/429/331 315/431/333
f 330/207/177 329/206/177 315/431/333 316/432/334
f 331/208/177 330/207/177 316/432/334 317/433/335
f 332/209/177 331/208/177 317/433/335 318/434/336
f 333/210/177 332/209/177 318/434/336 319/421/323
f 334/211/177 333/210/177 319/421/323 320/420/322
f 335/212/177 334/211/177 320/420/322 321/422/324
f 336/213/177 335/212/177 321/422/324 322/423/325
f 337/214/177 336/213/177 322/423/325 323/424/326
f 338/215/177 337/214/177 323/424/326 324/425/327
f 339/216/177 338/215/177 324/425/327 325/426/328
f 340/217/177 339/216/177 325/426/328 326/427/329
f 341/218/177 340/217/177 326/427/329 327/428/330
f 312/202/173 341/218/177 327/428/330 328/430/332
f 165/435/237 163/436/239 161/221/67 342/220/178
f 167/437/235 165/435/237 342/220/178 343/223/178
f 169/438/233 167/437/235 343/223/178 344/224/178
f 171/439/231 169/438/233 344/224/178 345/225/178
f 173/440/229 171/439/231 345/225/178 346/226/178
f 175/441/227 173/440/229 346/226/178 347/227/178
f 177/442/225 175/441/227 347/227/178 348/228/178
f 179/443/223 177/442/225 348/228/178 349/229/178
f 181/444/221 179/443/223 349/229/178 350/230/178
f 183/445/219 181/444/221 350/230/178 351/232/178
f 185/446/217 183/445/219 351/232/178 352/234/178
f 187/447/215 185/446/217 352/234/178 353/236/178
f 189/448/213 187/447/215 353/236/178 354/238/178
f 191/449/211 189/448/213 354/238/178 159/240/38
f 355/450/267 359/451/337 360/452/338 356/453/268
f 357/454/274 361/354/270 359/451/337 355/450/267
f 358/455/273 362/355/271 361/354/270 357/454/274
f 235/368/266 360/452/338 359/451/337 236/370/280
f 238/456/272 362/457/271 358/458/273 221/459/242
f 220/332/252 357/358/274 355/351/267 219/329/249
f 236/370/280 359/451/337 361/354/270 237/353/269
f 218/460/243 356/461/268 360/462/338 235/463/266
o CAMPANA_HIGH.001_Sphere.010
v 0.072437 -0.050363 0.311425
v 0.002105 -0.129466 0.249096
v 0.039152 -0.182045 0.419094
v -0.355689 -0.050363 0.028174
v -0.695685 -0.155520 0.095803
v -1.009027 -0.326286 0.158131
v -1.283673 -0.556099 0.212761
v -1.509070 -0.836126 0.257595
v -1.676555 -1.155607 0.290910
v -1.779691 -1.502264 0.311425
v -2.531923 -2.599714 0.461054
v -0.335174 -0.050363 0.095803
v -0.655443 -0.155520 0.228463
v -1.209316 -0.556099 0.457884
v -1.421635 -0.836126 0.545830
v -1.579402 -1.155607 0.611179
v -1.676555 -1.502264 0.651421
v -2.385142 -2.599714 0.944928
v -0.301859 -0.050363 0.158131
v -0.590094 -0.155520 0.350723
v -0.855732 -0.326286 0.528217
v -1.088566 -0.556099 0.683791
v -1.279648 -0.836126 0.811468
v -1.811543 -1.580188 0.393126
v -1.856144 -1.598126 0.215399
v -1.743701 -1.868081 1.065525
v -0.257025 -0.050363 0.212761
v -0.502148 -0.155520 0.457885
v -0.728055 -0.326286 0.683791
v -0.926064 -0.556099 0.881801
v -1.088566 -0.836126 1.044302
v -1.209316 -1.155607 1.165052
v -1.283673 -1.502264 1.239410
v -1.826002 -2.599714 1.781739
v -0.202394 -0.050363 0.257595
v -0.394986 -0.155520 0.545830
v -0.572480 -0.326286 0.811468
v -0.728055 -0.556099 1.044302
v -0.855732 -0.836126 1.235384
v -0.950604 -1.155607 1.377371
v -1.009027 -1.502264 1.464806
v -1.435131 -2.599714 2.102518
v -0.140067 -0.050363 0.290910
v -0.272726 -0.155520 0.611179
v -0.394986 -0.326286 0.906341
v -0.502148 -0.556099 1.165052
v -0.590093 -0.836126 1.377371
v -0.655443 -1.155607 1.535138
v -0.695684 -1.502264 1.632291
v -0.989190 -2.599714 2.340878
v -0.072437 -0.050363 0.311425
v -0.140067 -0.155520 0.651421
v -0.202394 -0.326286 0.964763
v -0.257025 -0.556099 1.239410
v -0.301859 -0.836126 1.464806
v -0.335174 -1.155607 1.632291
v -0.355689 -1.502264 1.735427
v -0.505316 -2.599714 2.487659
v -2.097119 -2.599714 1.451382
v -2.111928 -2.548042 1.376688
v -0.732257 -2.504969 2.349957
v -0.525624 -2.278321 2.247913
v -0.768279 -2.475457 2.317581
v -0.910905 -2.599714 2.364625
v -1.900033 -2.233897 1.290478
v -1.354967 -1.155607 0.987576
v -1.653284 -1.868081 1.190090
v -1.406553 -1.502264 1.089680
v -0.109187 -1.155607 1.654549
v -0.059348 -2.233897 2.275927
v -2.030435 -1.868081 0.361301
v -2.281179 -2.233897 0.411178
v -1.912750 -1.868081 0.749257
v -2.148946 -2.233897 0.847092
v -1.831718 -1.563160 0.215288
v -1.826165 -1.570065 0.320669
v -1.464449 -1.868081 1.420186
v -1.645226 -2.233897 1.600963
v -1.151061 -1.868081 1.677377
v -1.293096 -2.233897 1.889947
v -0.793520 -1.868081 1.868487
v -0.891355 -2.233897 2.104682
v -0.405564 -1.868081 1.986171
v -0.455440 -2.233897 2.236915
v -0.060721 -2.599714 2.531448
v -0.011163 -2.541826 2.495873
v -0.173798 -1.502264 1.753342
v -0.116594 -1.868081 2.014632
v -1.487973 -2.599714 2.059151
v -1.538116 -2.454766 1.887587
v -1.608630 -2.305374 1.695305
v -1.581337 -2.491972 1.885592
v -0.160886 -1.584836 1.812320
v -0.411649 -1.912709 2.016761
v -0.377536 -1.868081 1.988932
v -0.636099 -1.996906 2.009869
v -0.610422 -2.027077 2.039586
v -1.487117 -1.913950 1.442853
v -1.461937 -1.584379 1.112219
v -1.483645 -1.868081 1.396796
v -1.358502 -1.994246 1.620650
v -1.401234 -2.024384 1.612696
v -1.135128 -2.546807 2.221149
v -1.245232 -2.546239 2.161850
v -1.309657 -2.512068 2.100466
v -1.334674 -2.493401 2.072373
v -1.325895 -2.456094 2.047645
v -1.281455 -2.437604 2.056817
v -1.208568 -2.428394 2.088512
v -1.107468 -2.428902 2.142952
v -1.050361 -2.444978 2.186155
v -1.021118 -2.470221 2.221691
v -1.033444 -2.504250 2.241939
v -1.073550 -2.519404 2.232453
v -0.352755 -0.836126 1.449367
v -0.433256 -0.836126 1.424947
v -0.490296 -0.836126 1.407644
v -0.554243 -0.721973 1.290819
v -0.565703 -0.758464 1.318487
v -0.190111 -0.292632 0.903011
v -0.706927 -0.836126 1.314922
v -0.750371 -0.836126 1.291701
v -0.299281 -0.556099 1.226591
v -0.243844 -0.326286 0.952189
v -0.490516 -1.155607 1.585168
v -0.551530 -1.155607 1.566660
v -0.631357 -1.037856 1.476990
v -0.641858 -1.089194 1.502342
v -0.412877 -0.924008 1.479980
v -0.397855 -0.869629 1.454309
v -0.711938 -0.934844 1.371786
v -0.755369 -0.951432 1.358576
v -1.093691 -2.233897 1.996532
v -0.972832 -1.868081 1.772642
v -0.286079 -0.404877 1.038967
v -0.334794 -0.400064 1.018090
v -0.753942 -0.918507 1.339481
v -0.688368 -0.326286 0.716362
v -0.918859 -1.048705 1.329861
v -0.929845 -1.085700 1.346302
v -1.036762 -1.155607 1.306663
v -1.093501 -1.155607 1.260099
v -0.682609 -0.291933 0.638345
v -0.787806 -0.687147 1.133726
v -0.806670 -0.728522 1.161959
v -0.962757 -0.836126 1.147551
v -0.995854 -0.836126 1.120389
v -1.057471 -0.836126 1.069821
v -0.680898 -0.795691 1.291389
v -0.722156 -0.819704 1.291574
v -0.755050 -0.261562 0.460943
v -0.886943 -0.556099 0.913906
v -1.051598 -0.906361 1.122972
v -1.041208 -0.860802 1.100149
v -0.729432 -0.390026 0.782650
v -0.683953 -0.376284 0.798415
v -1.027410 -1.549612 1.492319
v -1.037749 -1.576239 1.507792
v -0.707241 -1.545475 1.660191
v -0.715898 -1.577846 1.681092
v -0.843170 -1.502264 1.553458
v -0.598506 -1.579618 1.717990
v -0.865475 -1.543130 1.573764
v -1.148543 -1.591285 1.430402
v -0.603662 -0.372347 0.858135
v -0.422261 -0.384778 0.972188
v -0.520933 -0.276693 0.734323
v -0.359639 -0.276916 0.821005
v -1.207801 -2.599714 2.224028
v -2.405319 -2.352808 0.061732
v -2.413131 -2.368972 0.144483
v -2.429976 -2.400990 0.200642
v -2.466545 -2.454910 0.211959
v -2.491862 -2.482956 0.153909
v -2.511499 -2.514205 0.051411
v -2.511731 -2.599714 0.527620
v -2.380641 -2.461221 0.627945
v -2.211679 -2.286223 0.765659
v -2.374773 -2.475857 0.682357
v -2.117231 -2.548860 1.371124
v -2.180330 -2.599714 1.328104
v -1.821930 -1.727419 0.711638
v -1.852786 -1.775209 0.724419
v -2.292908 -2.233897 0.292099
v -2.119456 -1.997955 0.379009
v -2.168862 -2.070035 0.388836
v -1.966147 -1.868081 0.573231
v -1.949724 -1.868081 0.627370
v -1.835742 -1.584037 0.322574
v -1.454269 -1.155607 0.845287
v -2.046955 -2.427922 1.324167
v -1.941856 -2.233897 1.234530
v -1.596405 -1.596154 0.939897
v -1.545539 -1.502264 0.896534
v -1.765551 -1.502264 0.358040
v -1.396002 -0.695653 0.235105
v -1.426768 -0.733876 0.241224
v -0.952564 -0.326286 0.344264
v -0.900048 -0.297037 0.329782
v -1.563508 -0.939968 0.268424
v -1.586826 -0.984448 0.273062
v -0.927030 -0.326286 0.394828
v -1.185532 -0.556099 0.502380
v -1.464559 -0.836126 0.404327
v -1.478932 -0.836126 0.356947
v -1.442043 -0.877453 0.554283
v -1.394669 -0.836126 0.596278
v -1.602470 -1.155607 0.535134
v -1.619318 -1.155607 0.479594
v -1.519095 -0.836126 0.155811
v -1.522495 -0.836126 0.121291
v -1.469890 -0.891253 0.487774
v -1.590973 -1.084839 0.443357
v -1.569613 -1.064990 0.477398
v -1.492450 -0.931004 0.486243
v -0.871521 -0.297000 0.383006
v -1.448668 -0.746389 0.123138
v -1.459985 -0.765066 0.163858
v -1.691145 -1.155607 0.142776
v -1.686196 -1.155607 0.193024
v -1.593031 -0.965580 0.107666
v -1.646036 -1.075797 0.167647
v -1.650734 -1.076748 0.125102
v -1.602159 -0.976289 0.073106
v -1.721067 -1.266063 0.179160
v -1.758126 -1.366109 0.111037
v -1.756552 -1.348816 0.073759
v -1.723366 -1.258891 0.133736
v -1.792812 -1.502264 0.178206
v -2.313199 -2.233897 0.086075
v -2.050214 -1.868081 0.160487
v -2.569397 -2.599714 0.080584
v -2.553734 -2.599714 0.239611
v -0.628585 -0.234623 0.033474
v -0.941927 -0.405390 0.095801
v -1.216574 -0.635202 0.150432
v -1.359668 -0.812979 0.178895
v -1.441970 -0.915229 0.195266
v -1.519727 -1.063552 0.210733
v -1.609455 -1.234710 0.228581
v -1.712592 -1.581367 0.249096
v -2.214080 -2.313001 0.348849
v -2.464823 -2.678818 0.398725
v -1.725713 -1.581367 0.115877
v -1.619096 -1.234710 0.130695
v -2.502297 -2.678818 0.073423
v -1.455395 -0.915229 0.058962
v -0.268074 -0.129466 0.033474
v -0.588343 -0.234623 0.166134
v -1.496408 -1.019071 0.206095
v -1.411832 -0.915229 0.294618
v -1.502513 -1.144093 0.415069
v -1.425351 -1.010107 0.423914
v -1.142216 -0.635202 0.395555
v -1.354535 -0.915229 0.483501
v -1.374943 -0.956556 0.491954
v -1.512302 -1.234710 0.548850
v -1.609455 -1.581367 0.589092
v -2.081846 -2.313001 0.784763
v -2.318042 -2.678818 0.882599
v -0.885464 -0.405390 0.281935
v -1.552218 -1.234710 0.417265
v -1.698451 -1.581367 0.295711
v -0.832949 -0.376141 0.267453
v -0.234759 -0.129466 0.095801
v -0.522994 -0.234623 0.288394
v -0.687950 -0.340666 0.398614
v -0.788632 -0.405390 0.465888
v -1.021466 -0.635202 0.621462
v -1.212548 -0.915229 0.749139
v -1.387169 -1.234710 0.782958
v -1.583634 -1.155851 0.062772
v -1.478439 -1.581367 0.834205
v -1.744443 -1.659292 0.330797
v -1.768642 -1.663141 0.260245
v -2.113230 -2.678818 1.265775
v -1.624045 -1.234710 0.080447
v -1.578936 -1.154900 0.105318
v -1.525931 -1.044683 0.045337
v -0.189925 -0.129466 0.150432
v -0.435049 -0.234623 0.395556
v -0.960311 -1.628716 1.429990
v -1.081443 -1.670388 1.368073
v -0.858965 -0.635202 0.819471
v -1.021466 -0.915229 0.981973
v -1.142216 -1.234710 1.102723
v -1.216573 -1.581367 1.177081
v -1.578126 -2.313001 1.538633
v -1.758902 -2.678818 1.719410
v -0.660955 -0.405390 0.621462
v -0.665157 -2.584073 2.287629
v -0.843806 -2.678818 2.302296
v -0.458524 -2.357425 2.185584
v -0.135294 -0.129466 0.195266
v -0.327887 -0.234623 0.483501
v -0.453834 -0.355796 0.671994
v -0.505380 -0.405390 0.749139
v -0.536562 -0.451450 0.795806
v -0.660955 -0.635202 0.981973
v -0.739571 -0.807625 1.099630
v -0.788632 -0.915229 1.173055
v -0.862745 -1.164803 1.283973
v -0.883505 -1.234710 1.315042
v -0.941927 -1.581367 1.402477
v -1.225996 -2.313001 1.827618
v -1.368031 -2.678818 2.040189
v -1.420874 -2.678818 1.996823
v -0.798375 -1.622234 1.511435
v -0.648799 -1.656950 1.618763
v -0.970649 -1.655343 1.445463
v -0.776070 -1.581367 1.491129
v -1.026402 -1.234710 1.197770
v -0.072967 -0.129466 0.228581
v -0.292539 -0.356018 0.758676
v -0.327886 -0.405390 0.844012
v -0.355161 -0.463881 0.909859
v -0.435048 -0.635202 1.102723
v -0.498603 -0.837566 1.256158
v -0.522994 -0.915229 1.315042
v -0.574758 -1.168297 1.440013
v -0.588343 -1.234710 1.472809
v -0.628585 -1.581367 1.569962
v -0.824255 -2.313001 2.042353
v -0.922090 -2.678818 2.278549
v -0.683271 -0.915229 1.229372
v -1.140701 -2.678818 2.161699
v -0.002105 -0.129466 0.249096
v -0.072967 -0.234623 0.589092
v -0.640141 -1.624578 1.597862
v -0.189925 -0.635202 1.177081
v -0.234759 -0.915229 1.402477
v -0.268074 -1.234710 1.569962
v -0.288589 -1.581367 1.673098
v -0.388341 -2.313001 2.174586
v -0.438216 -2.678818 2.425330
v -0.176744 -0.405390 0.889860
v -0.232181 -0.635202 1.164262
v -0.423196 -0.915229 1.345315
v -0.484430 -1.234710 1.504331
v -0.002105 -0.915229 1.432000
v -0.701179 -2.554561 2.255252
v -0.042087 -1.234710 1.592220
v -0.106698 -1.581367 1.691013
v -0.135294 -0.405390 0.902434
v -1.963336 -1.947184 0.298972
v -2.101762 -2.149138 0.326507
v -1.785686 -1.854312 0.662090
v -1.845651 -1.947184 0.686928
v -1.759065 -1.649168 0.258340
v -1.789044 -1.677230 0.153069
v -1.397350 -1.947184 1.357857
v -1.420017 -1.993053 1.380524
v -1.083962 -1.947184 1.615048
v -0.726420 -1.947184 1.806157
v -0.338465 -1.947184 1.923842
v -0.344549 -1.991813 1.954432
v -2.030019 -2.678818 1.389053
v -2.044828 -2.627146 1.314359
v -1.832934 -2.313001 1.228149
v -1.586185 -1.947184 1.127761
v -1.258795 -2.535197 1.985316
v -0.954019 -2.549324 2.159362
v -1.328902 -0.774756 0.172776
v -1.882625 -1.947184 0.565041
v -2.225808 -2.313001 0.229770
v -1.983114 -1.947184 0.098158
v -1.339453 -1.581367 1.027351
v -1.287867 -1.234710 0.925247
v -0.002105 -2.620930 2.433544
v -0.002105 -2.313001 2.213598
v -0.049494 -1.947184 1.952303
v -0.310437 -1.947184 1.926603
v -1.471016 -2.533870 1.825258
v -1.541531 -2.384478 1.632976
v -1.514237 -2.571076 1.823263
v -0.093786 -1.663939 1.749991
v -0.569000 -2.076010 1.947540
v -0.543323 -2.106180 1.977257
v -1.394837 -1.663483 1.049890
v -1.416545 -1.947184 1.334468
v -1.291402 -2.073350 1.558321
v -1.334134 -2.103488 1.550367
v -1.068028 -2.625910 2.158820
v -1.178132 -2.625343 2.099521
v -1.242558 -2.591172 2.038137
v -1.267574 -2.572505 2.010044
v -1.214355 -2.516707 1.994488
v -1.141468 -2.507498 2.026183
v -1.040368 -2.508005 2.080623
v -0.983261 -2.524082 2.123826
v -0.966344 -2.583354 2.179610
v -1.006450 -2.598508 2.170124
v -0.615509 -0.371036 0.576016
v -0.285655 -0.915229 1.387038
v -0.366156 -0.915229 1.362618
v -0.531406 -1.658721 1.655661
v -0.487143 -0.801076 1.228490
v -0.969663 -1.234710 1.244334
v -0.123011 -0.371736 0.840682
v -0.639828 -0.915229 1.252593
v -0.851759 -1.127808 1.267532
v -0.423416 -1.234710 1.522839
v -0.621268 -0.405390 0.654032
v -0.564257 -1.116959 1.414661
v -0.686842 -0.997611 1.277152
v -0.655056 -0.898807 1.229245
v -0.345777 -1.003111 1.417651
v -0.330755 -0.948732 1.391980
v -0.644839 -1.013947 1.309457
v -0.688270 -1.030535 1.296247
v -1.026591 -2.313001 1.934203
v -0.218979 -0.483980 0.976638
v -0.267694 -0.479167 0.955761
v -0.720706 -0.766251 1.071397
v -0.895657 -0.915229 1.085222
v -0.928754 -0.915229 1.058060
v -0.990372 -0.915229 1.007492
v -0.613798 -0.874794 1.229060
v -0.819844 -0.635202 0.851577
v -0.984499 -0.985465 1.060643
v -0.974108 -0.939905 1.037820
v -0.662333 -0.469129 0.720321
v -0.616854 -0.455386 0.736086
v -0.905732 -1.947184 1.710313
v -2.444631 -2.678818 0.465291
v -2.346032 -2.448076 0.082154
v -2.362876 -2.480093 0.138313
v -2.399445 -2.534014 0.149630
v -2.424762 -2.562059 0.091580
v -2.313541 -2.540324 0.565616
v -2.144579 -2.365326 0.703330
v -2.307673 -2.554961 0.620028
v -1.979855 -2.507026 1.261838
v -2.050131 -2.627964 1.308794
v -1.676602 -1.947184 1.003196
v -1.754830 -1.806523 0.649309
v -1.764618 -1.642263 0.152959
v -2.246099 -2.313001 0.023746
v -2.052356 -2.077059 0.316680
v -1.529306 -1.675258 0.877567
v -1.899047 -1.947184 0.510902
v -1.874756 -2.313001 1.172201
v -0.859930 -0.405390 0.332498
v -1.118433 -0.635202 0.440051
v -1.397459 -0.915229 0.341998
v -1.327570 -0.915229 0.533949
v -1.535370 -1.234710 0.472805
v -1.451995 -0.915229 0.093482
v -1.402790 -0.970357 0.425445
v -1.523873 -1.163943 0.381028
v -0.804422 -0.376103 0.320677
v -1.381568 -0.825492 0.060809
v -1.392885 -0.844170 0.101529
v -1.653968 -1.345166 0.116831
v -1.691026 -1.445212 0.048708
v -1.656266 -1.337994 0.071407
v -2.486634 -2.678818 0.177282
v -0.525687 -0.102942 0.061988
v -0.495308 -0.102942 0.162133
v -0.445976 -0.102942 0.254427
v -0.379587 -0.102942 0.335323
v -0.298690 -0.102942 0.401713
v -0.206397 -0.102942 0.451045
v -0.106252 -0.102942 0.481423
v -0.428209 -0.182045 0.099804
v -0.378877 -0.182045 0.192098
v -0.312487 -0.182045 0.272994
v -0.231591 -0.182045 0.339384
v -0.139297 -0.182045 0.388716
v -0.039152 -0.182045 0.419094
v -0.366970 0.007676 0.039454
v -0.346455 0.007676 0.107084
v -0.313140 0.007676 0.169411
v -0.268305 0.007676 0.224042
v -0.213675 0.007676 0.268876
v -0.151347 0.007676 0.302191
v -0.083718 0.007676 0.322706
v -0.536968 -0.044902 0.073269
v -0.506589 -0.044902 0.173414
v -0.457257 -0.044902 0.265707
v -0.390867 -0.044902 0.346604
v -0.309971 -0.044902 0.412993
v -0.217677 -0.044902 0.462325
v -0.117533 -0.044902 0.492704
v -0.072437 -0.050363 0.311425
v -0.002105 -0.129466 0.249096
v -0.039152 -0.182045 0.419094
v 0.355689 -0.050363 0.028174
v 0.695685 -0.155520 0.095803
v 1.009027 -0.326286 0.158131
v 1.283673 -0.556099 0.212761
v 1.509070 -0.836126 0.257595
v 1.676555 -1.155607 0.290910
v 1.779691 -1.502264 0.311425
v 2.531923 -2.599714 0.461054
v 0.335174 -0.050363 0.095803
v 0.655443 -0.155520 0.228463
v 1.209316 -0.556099 0.457884
v 1.421635 -0.836126 0.545830
v 1.579402 -1.155607 0.611179
v 1.676555 -1.502264 0.651421
v 2.385142 -2.599714 0.944928
v 0.301859 -0.050363 0.158131
v 0.590094 -0.155520 0.350723
v 0.855732 -0.326286 0.528217
v 1.088566 -0.556099 0.683791
v 1.279648 -0.836126 0.811468
v 1.811543 -1.580188 0.393126
v 1.856144 -1.598126 0.215399
v 1.743701 -1.868081 1.065525
v 0.257025 -0.050363 0.212761
v 0.502148 -0.155520 0.457885
v 0.728055 -0.326286 0.683791
v 0.926064 -0.556099 0.881801
v 1.088566 -0.836126 1.044302
v 1.209316 -1.155607 1.165052
v 1.283673 -1.502264 1.239410
v 1.826002 -2.599714 1.781739
v 0.202394 -0.050363 0.257595
v 0.394986 -0.155520 0.545830
v 0.572480 -0.326286 0.811468
v 0.728055 -0.556099 1.044302
v 0.855732 -0.836126 1.235384
v 0.950604 -1.155607 1.377371
v 1.009027 -1.502264 1.464806
v 1.435131 -2.599714 2.102518
v 0.140067 -0.050363 0.290910
v 0.272726 -0.155520 0.611179
v 0.394986 -0.326286 0.906341
v 0.502148 -0.556099 1.165052
v 0.590093 -0.836126 1.377371
v 0.655443 -1.155607 1.535138
v 0.695684 -1.502264 1.632291
v 0.989190 -2.599714 2.340878
v 0.072437 -0.050363 0.311425
v 0.140067 -0.155520 0.651421
v 0.202394 -0.326286 0.964763
v 0.257025 -0.556099 1.239410
v 0.301859 -0.836126 1.464806
v 0.335174 -1.155607 1.632291
v 0.355689 -1.502264 1.735427
v 0.505316 -2.599714 2.487659
v 0.000000 -0.050363 0.318352
v 0.000000 -0.155520 0.665009
v 0.000000 -0.326286 0.984490
v 0.000000 -0.556099 1.264517
v 0.000000 -0.836126 1.494329
v 2.097119 -2.599714 1.451382
v 2.111928 -2.548042 1.376688
v 0.732257 -2.504969 2.349957
v 0.525624 -2.278321 2.247913
v 0.768279 -2.475457 2.317581
v 0.910905 -2.599714 2.364625
v 1.900033 -2.233897 1.290478
v 1.354967 -1.155607 0.987576
v 1.653284 -1.868081 1.190090
v 1.406553 -1.502264 1.089680
v 0.109187 -1.155607 1.654549
v 0.059348 -2.233897 2.275927
v 2.030435 -1.868081 0.361301
v 2.281179 -2.233897 0.411178
v 1.912750 -1.868081 0.749257
v 2.148946 -2.233897 0.847092
v 1.831718 -1.563160 0.215288
v 1.826165 -1.570065 0.320669
v 1.464449 -1.868081 1.420186
v 1.645226 -2.233897 1.600963
v 1.151061 -1.868081 1.677377
v 1.293096 -2.233897 1.889947
v 0.793520 -1.868081 1.868487
v 0.891355 -2.233897 2.104682
v 0.405564 -1.868081 1.986171
v 0.455440 -2.233897 2.236915
v 0.060721 -2.599714 2.531448
v 0.011163 -2.541826 2.495873
v 0.173798 -1.502264 1.753342
v 0.116594 -1.868081 2.014632
v 1.487973 -2.599714 2.059151
v 1.538116 -2.454766 1.887587
v 1.608630 -2.305374 1.695305
v 1.581337 -2.491972 1.885592
v 0.160886 -1.584836 1.812320
v 0.411649 -1.912709 2.016761
v 0.377536 -1.868081 1.988932
v 0.636099 -1.996906 2.009869
v 0.610422 -2.027077 2.039586
v 1.487117 -1.913950 1.442853
v 1.461937 -1.584379 1.112219
v 1.483645 -1.868081 1.396796
v 1.358502 -1.994246 1.620650
v 1.401234 -2.024384 1.612696
v 1.135128 -2.546807 2.221149
v 1.245232 -2.546239 2.161850
v 1.309657 -2.512068 2.100466
v 1.334674 -2.493401 2.072373
v 1.325895 -2.456094 2.047645
v 1.281455 -2.437604 2.056817
v 1.208568 -2.428394 2.088512
v 1.107468 -2.428902 2.142952
v 1.050361 -2.444978 2.186155
v 1.021118 -2.470221 2.221691
v 1.033444 -2.504250 2.241939
v 1.073550 -2.519404 2.232453
v 0.352755 -0.836126 1.449367
v 0.433256 -0.836126 1.424947
v 0.490296 -0.836126 1.407644
v 0.554243 -0.721973 1.290819
v 0.565703 -0.758464 1.318487
v 0.000000 -0.248933 0.839772
v 0.190111 -0.292632 0.903011
v 0.706927 -0.836126 1.314922
v 0.750371 -0.836126 1.291701
v 0.299281 -0.556099 1.226591
v 0.243844 -0.326286 0.952189
v 0.490516 -1.155607 1.585168
v 0.551530 -1.155607 1.566660
v 0.631357 -1.037856 1.476990
v 0.641858 -1.089194 1.502342
v 0.412877 -0.924008 1.479980
v 0.397855 -0.869629 1.454309
v 0.711938 -0.934844 1.371786
v 0.755369 -0.951432 1.358576
v 1.093691 -2.233897 1.996532
v 0.972832 -1.868081 1.772642
v 0.286079 -0.404877 1.038967
v 0.334794 -0.400064 1.018090
v 0.753942 -0.918507 1.339481
v 0.688368 -0.326286 0.716362
v 0.918859 -1.048705 1.329861
v 0.929845 -1.085700 1.346302
v 1.036762 -1.155607 1.306663
v 1.093501 -1.155607 1.260099
v 0.682609 -0.291933 0.638345
v 0.787806 -0.687147 1.133726
v 0.806670 -0.728522 1.161959
v 0.962757 -0.836126 1.147551
v 0.995854 -0.836126 1.120389
v 1.057471 -0.836126 1.069821
v 0.680898 -0.795691 1.291389
v 0.722156 -0.819704 1.291574
v 0.755050 -0.261562 0.460943
v 0.886943 -0.556099 0.913906
v 1.051598 -0.906361 1.122972
v 1.041208 -0.860802 1.100149
v 0.729432 -0.390026 0.782650
v 0.683953 -0.376284 0.798415
v 1.027410 -1.549612 1.492319
v 1.037749 -1.576239 1.507792
v 0.707241 -1.545475 1.660191
v 0.715898 -1.577846 1.681092
v 0.843170 -1.502264 1.553458
v 0.598506 -1.579618 1.717990
v 0.865475 -1.543130 1.573764
v 1.148543 -1.591285 1.430402
v 0.603662 -0.372347 0.858135
v 0.422261 -0.384778 0.972188
v 0.520933 -0.276693 0.734323
v 0.359639 -0.276916 0.821005
v 1.207801 -2.599714 2.224028
v 2.405319 -2.352808 0.061732
v 2.413131 -2.368972 0.144483
v 2.429976 -2.400990 0.200642
v 2.466545 -2.454910 0.211959
v 2.491862 -2.482956 0.153909
v 2.511499 -2.514205 0.051411
v 2.511731 -2.599714 0.527620
v 2.380641 -2.461221 0.627945
v 2.211679 -2.286223 0.765659
v 2.374773 -2.475857 0.682357
v 2.117231 -2.548860 1.371124
v 2.180330 -2.599714 1.328104
v 1.821930 -1.727419 0.711638
v 1.852786 -1.775209 0.724419
v 2.292908 -2.233897 0.292099
v 2.119456 -1.997955 0.379009
v 2.168862 -2.070035 0.388836
v 1.966147 -1.868081 0.573231
v 1.949724 -1.868081 0.627370
v 1.835742 -1.584037 0.322574
v 1.454269 -1.155607 0.845287
v 2.046955 -2.427922 1.324167
v 1.941856 -2.233897 1.234530
v 1.596405 -1.596154 0.939897
v 1.545539 -1.502264 0.896534
v 1.765551 -1.502264 0.358040
v 1.396002 -0.695653 0.235105
v 1.426768 -0.733876 0.241224
v 0.952564 -0.326286 0.344264
v 0.900048 -0.297037 0.329782
v 1.563508 -0.939968 0.268424
v 1.586826 -0.984448 0.273062
v 0.927030 -0.326286 0.394828
v 1.185532 -0.556099 0.502380
v 1.464559 -0.836126 0.404327
v 1.478932 -0.836126 0.356947
v 1.442043 -0.877453 0.554283
v 1.394669 -0.836126 0.596278
v 1.602470 -1.155607 0.535134
v 1.619318 -1.155607 0.479594
v 1.519095 -0.836126 0.155811
v 1.522495 -0.836126 0.121291
v 1.469890 -0.891253 0.487774
v 1.590973 -1.084839 0.443357
v 1.569613 -1.064990 0.477398
v 1.492450 -0.931004 0.486243
v 0.871521 -0.297000 0.383006
v 1.448668 -0.746389 0.123138
v 1.459985 -0.765066 0.163858
v 1.691145 -1.155607 0.142776
v 1.686196 -1.155607 0.193024
v 1.593031 -0.965580 0.107666
v 1.646036 -1.075797 0.167647
v 1.650734 -1.076748 0.125102
v 1.602159 -0.976289 0.073106
v 1.721067 -1.266063 0.179160
v 1.758126 -1.366109 0.111037
v 1.756552 -1.348816 0.073759
v 1.723366 -1.258891 0.133736
v 1.792812 -1.502264 0.178206
v 2.313199 -2.233897 0.086075
v 2.050214 -1.868081 0.160487
v 2.569397 -2.599714 0.080584
v 2.553734 -2.599714 0.239611
v 0.628585 -0.234623 0.033474
v 0.941927 -0.405390 0.095801
v 1.216574 -0.635202 0.150432
v 1.359668 -0.812979 0.178895
v 1.441970 -0.915229 0.195266
v 1.519727 -1.063552 0.210733
v 1.609455 -1.234710 0.228581
v 1.712592 -1.581367 0.249096
v 2.214080 -2.313001 0.348849
v 2.464823 -2.678818 0.398725
v 1.725713 -1.581367 0.115877
v 1.619096 -1.234710 0.130695
v 2.502297 -2.678818 0.073423
v 1.455395 -0.915229 0.058962
v 0.268074 -0.129466 0.033474
v 0.588343 -0.234623 0.166134
v 1.496408 -1.019071 0.206095
v 1.411832 -0.915229 0.294618
v 1.502513 -1.144093 0.415069
v 1.425351 -1.010107 0.423914
v 1.142216 -0.635202 0.395555
v 1.354535 -0.915229 0.483501
v 1.374943 -0.956556 0.491954
v 1.512302 -1.234710 0.548850
v 1.609455 -1.581367 0.589092
v 2.081846 -2.313001 0.784763
v 2.318042 -2.678818 0.882599
v 0.885464 -0.405390 0.281935
v 1.552218 -1.234710 0.417265
v 1.698451 -1.581367 0.295711
v 0.832949 -0.376141 0.267453
v 0.234759 -0.129466 0.095801
v 0.522994 -0.234623 0.288394
v 0.687950 -0.340666 0.398614
v 0.788632 -0.405390 0.465888
v 1.021466 -0.635202 0.621462
v 1.212548 -0.915229 0.749139
v 1.387169 -1.234710 0.782958
v 1.583634 -1.155851 0.062772
v 1.478439 -1.581367 0.834205
v 1.744443 -1.659292 0.330797
v 1.768642 -1.663141 0.260245
v 2.113230 -2.678818 1.265775
v 1.624045 -1.234710 0.080447
v 1.578936 -1.154900 0.105318
v 1.525931 -1.044683 0.045337
v 0.189925 -0.129466 0.150432
v 0.435049 -0.234623 0.395556
v 0.960311 -1.628716 1.429990
v 1.081443 -1.670388 1.368073
v 0.858965 -0.635202 0.819471
v 1.021466 -0.915229 0.981973
v 1.142216 -1.234710 1.102723
v 1.216573 -1.581367 1.177081
v 1.578126 -2.313001 1.538633
v 1.758902 -2.678818 1.719410
v 0.660955 -0.405390 0.621462
v 0.665157 -2.584073 2.287629
v 0.843806 -2.678818 2.302296
v 0.458524 -2.357425 2.185584
v 0.135294 -0.129466 0.195266
v 0.327887 -0.234623 0.483501
v 0.453834 -0.355796 0.671994
v 0.505380 -0.405390 0.749139
v 0.536562 -0.451450 0.795806
v 0.660955 -0.635202 0.981973
v 0.739571 -0.807625 1.099630
v 0.788632 -0.915229 1.173055
v 0.862745 -1.164803 1.283973
v 0.883505 -1.234710 1.315042
v 0.941927 -1.581367 1.402477
v 1.225996 -2.313001 1.827618
v 1.368031 -2.678818 2.040189
v 1.420874 -2.678818 1.996823
v 0.798375 -1.622234 1.511435
v 0.648799 -1.656950 1.618763
v 0.970649 -1.655343 1.445463
v 0.776070 -1.581367 1.491129
v 1.026402 -1.234710 1.197770
v 0.072967 -0.129466 0.228581
v 0.000000 -0.234623 0.548850
v 0.292539 -0.356018 0.758676
v 0.327886 -0.405390 0.844012
v 0.355161 -0.463881 0.909859
v 0.435048 -0.635202 1.102723
v 0.498603 -0.837566 1.256158
v 0.522994 -0.915229 1.315042
v 0.574758 -1.168297 1.440013
v 0.588343 -1.234710 1.472809
v 0.628585 -1.581367 1.569962
v 0.824255 -2.313001 2.042353
v 0.922090 -2.678818 2.278549
v 0.683271 -0.915229 1.229372
v 1.140701 -2.678818 2.161699
v 0.002105 -0.129466 0.249096
v 0.072967 -0.234623 0.589092
v 0.640141 -1.624578 1.597862
v 0.189925 -0.635202 1.177081
v 0.234759 -0.915229 1.402477
v 0.268074 -1.234710 1.569962
v 0.288589 -1.581367 1.673098
v 0.388341 -2.313001 2.174586
v 0.438216 -2.678818 2.425330
v 0.176744 -0.405390 0.889860
v 0.232181 -0.635202 1.164262
v 0.423196 -0.915229 1.345315
v 0.484430 -1.234710 1.504331
v 0.000000 -0.129466 0.256023
v 0.000000 -0.234623 0.602680
v 0.000000 -0.328036 0.777443
v 0.000000 -0.405390 0.922161
v 0.000000 -0.635202 1.202188
v 0.002105 -0.915229 1.432000
v 0.701179 -2.554561 2.255252
v 0.042087 -1.234710 1.592220
v 0.106698 -1.581367 1.691013
v 0.135294 -0.405390 0.902434
v 1.963336 -1.947184 0.298972
v 2.101762 -2.149138 0.326507
v 1.785686 -1.854312 0.662090
v 1.845651 -1.947184 0.686928
v 1.759065 -1.649168 0.258340
v 1.789044 -1.677230 0.153069
v 1.397350 -1.947184 1.357857
v 1.420017 -1.993053 1.380524
v 1.083962 -1.947184 1.615048
v 0.726420 -1.947184 1.806157
v 0.338465 -1.947184 1.923842
v 0.344549 -1.991813 1.954432
v 2.030019 -2.678818 1.389053
v 2.044828 -2.627146 1.314359
v 1.832934 -2.313001 1.228149
v 1.586185 -1.947184 1.127761
v 1.258795 -2.535197 1.985316
v 0.954019 -2.549324 2.159362
v 1.328902 -0.774756 0.172776
v 1.882625 -1.947184 0.565041
v 2.225808 -2.313001 0.229770
v 1.983114 -1.947184 0.098158
v 1.339453 -1.581367 1.027351
v 1.287867 -1.234710 0.925247
v 0.002105 -2.620930 2.433544
v 0.002105 -2.313001 2.213598
v 0.049494 -1.947184 1.952303
v 0.310437 -1.947184 1.926603
v 1.471016 -2.533870 1.825258
v 1.541531 -2.384478 1.632976
v 1.514237 -2.571076 1.823263
v 0.093786 -1.663939 1.749991
v 0.569000 -2.076010 1.947540
v 0.543323 -2.106180 1.977257
v 1.394837 -1.663483 1.049890
v 1.416545 -1.947184 1.334468
v 1.291402 -2.073350 1.558321
v 1.334134 -2.103488 1.550367
v 1.068028 -2.625910 2.158820
v 1.178132 -2.625343 2.099521
v 1.242558 -2.591172 2.038137
v 1.267574 -2.572505 2.010044
v 1.214355 -2.516707 1.994488
v 1.141468 -2.507498 2.026183
v 1.040368 -2.508005 2.080623
v 0.983261 -2.524082 2.123826
v 0.966344 -2.583354 2.179610
v 1.006450 -2.598508 2.170124
v 0.615509 -0.371036 0.576016
v 0.285655 -0.915229 1.387038
v 0.366156 -0.915229 1.362618
v 0.531406 -1.658721 1.655661
v 0.487143 -0.801076 1.228490
v 0.969663 -1.234710 1.244334
v 0.123011 -0.371736 0.840682
v 0.639828 -0.915229 1.252593
v 0.851759 -1.127808 1.267532
v 0.423416 -1.234710 1.522839
v 0.621268 -0.405390 0.654032
v 0.564257 -1.116959 1.414661
v 0.686842 -0.997611 1.277152
v 0.655056 -0.898807 1.229245
v 0.345777 -1.003111 1.417651
v 0.330755 -0.948732 1.391980
v 0.644839 -1.013947 1.309457
v 0.688270 -1.030535 1.296247
v 1.026591 -2.313001 1.934203
v 0.218979 -0.483980 0.976638
v 0.267694 -0.479167 0.955761
v 0.720706 -0.766251 1.071397
v 0.895657 -0.915229 1.085222
v 0.928754 -0.915229 1.058060
v 0.990372 -0.915229 1.007492
v 0.613798 -0.874794 1.229060
v 0.819844 -0.635202 0.851577
v 0.984499 -0.985465 1.060643
v 0.974108 -0.939905 1.037820
v 0.662333 -0.469129 0.720321
v 0.616854 -0.455386 0.736086
v 0.905732 -1.947184 1.710313
v 2.444631 -2.678818 0.465291
v 2.346032 -2.448076 0.082154
v 2.362876 -2.480093 0.138313
v 2.399445 -2.534014 0.149630
v 2.424762 -2.562059 0.091580
v 2.313541 -2.540324 0.565616
v 2.144579 -2.365326 0.703330
v 2.307673 -2.554961 0.620028
v 1.979855 -2.507026 1.261838
v 2.050131 -2.627964 1.308794
v 1.676602 -1.947184 1.003196
v 1.754830 -1.806523 0.649309
v 1.764618 -1.642263 0.152959
v 2.246099 -2.313001 0.023746
v 2.052356 -2.077059 0.316680
v 1.529306 -1.675258 0.877567
v 1.899047 -1.947184 0.510902
v 1.874756 -2.313001 1.172201
v 0.859930 -0.405390 0.332498
v 1.118433 -0.635202 0.440051
v 1.397459 -0.915229 0.341998
v 1.327570 -0.915229 0.533949
v 1.535370 -1.234710 0.472805
v 1.451995 -0.915229 0.093482
v 1.402790 -0.970357 0.425445
v 1.523873 -1.163943 0.381028
v 0.804422 -0.376103 0.320677
v 1.381568 -0.825492 0.060809
v 1.392885 -0.844170 0.101529
v 1.653968 -1.345166 0.116831
v 1.691026 -1.445212 0.048708
v 1.656266 -1.337994 0.071407
v 2.486634 -2.678818 0.177282
v 0.525687 -0.102942 0.061988
v 0.495308 -0.102942 0.162133
v 0.445976 -0.102942 0.254427
v 0.379587 -0.102942 0.335323
v 0.298690 -0.102942 0.401713
v 0.206397 -0.102942 0.451045
v 0.106252 -0.102942 0.481423
v 0.000000 -0.102942 0.491681
v 0.428209 -0.182045 0.099804
v 0.378877 -0.182045 0.192098
v 0.312487 -0.182045 0.272994
v 0.231591 -0.182045 0.339384
v 0.139297 -0.182045 0.388716
v 0.039152 -0.182045 0.419094
v 0.000000 -0.182045 0.429352
v 0.366970 0.007676 0.039454
v 0.346455 0.007676 0.107084
v 0.313140 0.007676 0.169411
v 0.268305 0.007676 0.224042
v 0.213675 0.007676 0.268876
v 0.151347 0.007676 0.302191
v 0.083718 0.007676 0.322706
v 0.000000 0.007676 0.329633
v 0.536968 -0.044902 0.073269
v 0.506589 -0.044902 0.173414
v 0.457257 -0.044902 0.265707
v 0.390867 -0.044902 0.346604
v 0.309971 -0.044902 0.412993
v 0.217677 -0.044902 0.462325
v 0.117533 -0.044902 0.492704
v 0.000000 -0.044902 0.502962
v 0.000000 -2.678818 2.468491
v 0.000000 -2.672906 2.464359
v 0.000000 -2.671298 2.475044
v 0.072437 -0.050363 -0.311425
v 0.002105 -0.129466 -0.249096
v 0.039152 -0.182045 -0.419094
v -0.355689 -0.050363 -0.028174
v -0.695685 -0.155520 -0.095803
v -1.009027 -0.326286 -0.158131
v -1.283673 -0.556099 -0.212761
v -1.509070 -0.836126 -0.257595
v -1.676555 -1.155607 -0.290910
v -1.779691 -1.502264 -0.311425
v -2.531923 -2.599714 -0.461054
v -0.335174 -0.050363 -0.095803
v -0.655443 -0.155520 -0.228463
v -1.209316 -0.556099 -0.457884
v -1.421635 -0.836126 -0.545830
v -1.579402 -1.155607 -0.611179
v -1.676555 -1.502264 -0.651421
v -2.385142 -2.599714 -0.944928
v -0.301859 -0.050363 -0.158131
v -0.590094 -0.155520 -0.350723
v -0.855732 -0.326286 -0.528217
v -1.088566 -0.556099 -0.683791
v -1.279648 -0.836126 -0.811468
v -1.811543 -1.580188 -0.393126
v -1.856144 -1.598126 -0.215399
v -1.743701 -1.868081 -1.065525
v -0.257025 -0.050363 -0.212761
v -0.502148 -0.155520 -0.457885
v -0.728055 -0.326286 -0.683791
v -0.926064 -0.556099 -0.881801
v -1.088566 -0.836126 -1.044302
v -1.209316 -1.155607 -1.165052
v -1.283673 -1.502264 -1.239410
v -1.826002 -2.599714 -1.781739
v -0.202394 -0.050363 -0.257595
v -0.394986 -0.155520 -0.545830
v -0.572480 -0.326286 -0.811468
v -0.728055 -0.556099 -1.044302
v -0.855732 -0.836126 -1.235384
v -0.950604 -1.155607 -1.377371
v -1.009027 -1.502264 -1.464806
v -1.435131 -2.599714 -2.102518
v -0.140067 -0.050363 -0.290910
v -0.272726 -0.155520 -0.611179
v -0.394986 -0.326286 -0.906341
v -0.502148 -0.556099 -1.165052
v -0.590093 -0.836126 -1.377371
v -0.655443 -1.155607 -1.535138
v -0.695684 -1.502264 -1.632291
v -0.989190 -2.599714 -2.340878
v -0.072437 -0.050363 -0.311425
v -0.140067 -0.155520 -0.651421
v -0.202394 -0.326286 -0.964763
v -0.257025 -0.556099 -1.239410
v -0.301859 -0.836126 -1.464806
v -0.335174 -1.155607 -1.632291
v -0.355689 -1.502264 -1.735427
v -0.505316 -2.599714 -2.487659
v -2.097119 -2.599714 -1.451382
v -2.111928 -2.548042 -1.376688
v -0.732257 -2.504969 -2.349957
v -0.525624 -2.278321 -2.247913
v -0.768279 -2.475457 -2.317581
v -0.910905 -2.599714 -2.364625
v -1.900033 -2.233897 -1.290478
v -1.354967 -1.155607 -0.987576
v -1.653284 -1.868081 -1.190090
v -1.406553 -1.502264 -1.089680
v -0.109187 -1.155607 -1.654549
v -0.059348 -2.233897 -2.275927
v -2.030435 -1.868081 -0.361301
v -2.281179 -2.233897 -0.411178
v -1.912750 -1.868081 -0.749257
v -2.148946 -2.233897 -0.847092
v -1.831718 -1.563160 -0.215288
v -1.826165 -1.570065 -0.320669
v -1.464449 -1.868081 -1.420186
v -1.645226 -2.233897 -1.600963
v -1.151061 -1.868081 -1.677377
v -1.293096 -2.233897 -1.889947
v -0.793520 -1.868081 -1.868487
v -0.891355 -2.233897 -2.104682
v -0.405564 -1.868081 -1.986171
v -0.455440 -2.233897 -2.236915
v -0.060721 -2.599714 -2.531448
v -0.011163 -2.541826 -2.495873
v -0.173798 -1.502264 -1.753342
v -0.116594 -1.868081 -2.014632
v -1.487973 -2.599714 -2.059151
v -1.538116 -2.454766 -1.887587
v -1.608630 -2.305374 -1.695305
v -1.581337 -2.491972 -1.885592
v -0.160886 -1.584836 -1.812320
v -0.411649 -1.912709 -2.016761
v -0.377536 -1.868081 -1.988932
v -0.636099 -1.996906 -2.009869
v -0.610422 -2.027077 -2.039586
v -1.487117 -1.913950 -1.442853
v -1.461937 -1.584379 -1.112219
v -1.483645 -1.868081 -1.396796
v -1.358502 -1.994246 -1.620650
v -1.401234 -2.024384 -1.612696
v -1.135128 -2.546807 -2.221149
v -1.245232 -2.546239 -2.161850
v -1.309657 -2.512068 -2.100466
v -1.334674 -2.493401 -2.072373
v -1.325895 -2.456094 -2.047645
v -1.281455 -2.437604 -2.056817
v -1.208568 -2.428394 -2.088512
v -1.107468 -2.428902 -2.142952
v -1.050361 -2.444978 -2.186155
v -1.021118 -2.470221 -2.221691
v -1.033444 -2.504250 -2.241939
v -1.073550 -2.519404 -2.232453
v -0.352755 -0.836126 -1.449367
v -0.433256 -0.836126 -1.424947
v -0.490296 -0.836126 -1.407644
v -0.554243 -0.721973 -1.290819
v -0.565703 -0.758464 -1.318487
v -0.190111 -0.292632 -0.903011
v -0.706927 -0.836126 -1.314922
v -0.750371 -0.836126 -1.291701
v -0.299281 -0.556099 -1.226591
v -0.243844 -0.326286 -0.952189
v -0.490516 -1.155607 -1.585168
v -0.551530 -1.155607 -1.566660
v -0.631357 -1.037856 -1.476990
v -0.641858 -1.089194 -1.502342
v -0.412877 -0.924008 -1.479980
v -0.397855 -0.869629 -1.454309
v -0.711938 -0.934844 -1.371786
v -0.755369 -0.951432 -1.358576
v -1.093691 -2.233897 -1.996532
v -0.972832 -1.868081 -1.772642
v -0.286079 -0.404877 -1.038967
v -0.334794 -0.400064 -1.018090
v -0.753942 -0.918507 -1.339481
v -0.688368 -0.326286 -0.716362
v -0.918859 -1.048705 -1.329861
v -0.929845 -1.085700 -1.346302
v -1.036762 -1.155607 -1.306663
v -1.093501 -1.155607 -1.260099
v -0.682609 -0.291933 -0.638345
v -0.787806 -0.687147 -1.133726
v -0.806670 -0.728522 -1.161959
v -0.962757 -0.836126 -1.147551
v -0.995854 -0.836126 -1.120389
v -1.057471 -0.836126 -1.069821
v -0.680898 -0.795691 -1.291389
v -0.722156 -0.819704 -1.291574
v -0.755050 -0.261562 -0.460943
v -0.886943 -0.556099 -0.913906
v -1.051598 -0.906361 -1.122972
v -1.041208 -0.860802 -1.100149
v -0.729432 -0.390026 -0.782650
v -0.683953 -0.376284 -0.798415
v -1.027410 -1.549612 -1.492319
v -1.037749 -1.576239 -1.507792
v -0.707241 -1.545475 -1.660191
v -0.715898 -1.577846 -1.681092
v -0.843170 -1.502264 -1.553458
v -0.598506 -1.579618 -1.717990
v -0.865475 -1.543130 -1.573764
v -1.148543 -1.591285 -1.430402
v -0.603662 -0.372347 -0.858135
v -0.422261 -0.384778 -0.972188
v -0.520933 -0.276693 -0.734323
v -0.359639 -0.276916 -0.821005
v -1.207801 -2.599714 -2.224028
v -2.405319 -2.352808 -0.061732
v -2.413131 -2.368972 -0.144483
v -2.429976 -2.400990 -0.200642
v -2.466545 -2.454910 -0.211959
v -2.491862 -2.482956 -0.153909
v -2.511499 -2.514205 -0.051411
v -2.511731 -2.599714 -0.527620
v -2.380641 -2.461221 -0.627945
v -2.211679 -2.286223 -0.765659
v -2.374773 -2.475857 -0.682357
v -2.117231 -2.548860 -1.371124
v -2.180330 -2.599714 -1.328104
v -1.821930 -1.727419 -0.711638
v -1.852786 -1.775209 -0.724419
v -2.292908 -2.233897 -0.292099
v -2.119456 -1.997955 -0.379009
v -2.168862 -2.070035 -0.388836
v -1.966147 -1.868081 -0.573231
v -1.949724 -1.868081 -0.627370
v -1.835742 -1.584037 -0.322574
v -1.454269 -1.155607 -0.845287
v -2.046955 -2.427922 -1.324167
v -1.941856 -2.233897 -1.234530
v -1.596405 -1.596154 -0.939897
v -1.545539 -1.502264 -0.896534
v -1.765551 -1.502264 -0.358040
v -1.396002 -0.695653 -0.235105
v -1.426768 -0.733876 -0.241224
v -0.952564 -0.326286 -0.344264
v -0.900048 -0.297037 -0.329782
v -1.563508 -0.939968 -0.268424
v -1.586826 -0.984448 -0.273062
v -0.927030 -0.326286 -0.394828
v -1.185532 -0.556099 -0.502380
v -1.464559 -0.836126 -0.404327
v -1.478932 -0.836126 -0.356947
v -1.442043 -0.877453 -0.554283
v -1.394669 -0.836126 -0.596278
v -1.602470 -1.155607 -0.535134
v -1.619318 -1.155607 -0.479594
v -1.519095 -0.836126 -0.155811
v -1.522495 -0.836126 -0.121291
v -1.469890 -0.891253 -0.487774
v -1.590973 -1.084839 -0.443357
v -1.569613 -1.064990 -0.477398
v -1.492450 -0.931004 -0.486243
v -0.871521 -0.297000 -0.383006
v -1.448668 -0.746389 -0.123138
v -1.459985 -0.765066 -0.163858
v -1.691145 -1.155607 -0.142776
v -1.686196 -1.155607 -0.193024
v -1.593031 -0.965580 -0.107666
v -1.646036 -1.075797 -0.167647
v -1.650734 -1.076748 -0.125102
v -1.602159 -0.976289 -0.073106
v -1.721067 -1.266063 -0.179160
v -1.758126 -1.366109 -0.111037
v -1.756552 -1.348816 -0.073759
v -1.723366 -1.258891 -0.133736
v -1.792812 -1.502264 -0.178206
v -2.313199 -2.233897 -0.086075
v -2.050214 -1.868081 -0.160487
v -2.569397 -2.599714 -0.080584
v -2.553734 -2.599714 -0.239611
v -0.628585 -0.234623 -0.033474
v -0.941927 -0.405390 -0.095801
v -1.216574 -0.635202 -0.150432
v -1.359668 -0.812979 -0.178895
v -1.441970 -0.915229 -0.195266
v -1.519727 -1.063552 -0.210733
v -1.609455 -1.234710 -0.228581
v -1.712592 -1.581367 -0.249096
v -2.214080 -2.313001 -0.348849
v -2.464823 -2.678818 -0.398725
v -1.725713 -1.581367 -0.115877
v -1.619096 -1.234710 -0.130695
v -2.502297 -2.678818 -0.073423
v -1.455395 -0.915229 -0.058962
v -0.268074 -0.129466 -0.033474
v -0.588343 -0.234623 -0.166134
v -1.496408 -1.019071 -0.206095
v -1.411832 -0.915229 -0.294618
v -1.502513 -1.144093 -0.415069
v -1.425351 -1.010107 -0.423914
v -1.142216 -0.635202 -0.395555
v -1.354535 -0.915229 -0.483501
v -1.374943 -0.956556 -0.491954
v -1.512302 -1.234710 -0.548850
v -1.609455 -1.581367 -0.589092
v -2.081846 -2.313001 -0.784763
v -2.318042 -2.678818 -0.882599
v -0.885464 -0.405390 -0.281935
v -1.552218 -1.234710 -0.417265
v -1.698451 -1.581367 -0.295711
v -0.832949 -0.376141 -0.267453
v -0.234759 -0.129466 -0.095801
v -0.522994 -0.234623 -0.288394
v -0.687950 -0.340666 -0.398614
v -0.788632 -0.405390 -0.465888
v -1.021466 -0.635202 -0.621462
v -1.212548 -0.915229 -0.749139
v -1.387169 -1.234710 -0.782958
v -1.583634 -1.155851 -0.062772
v -1.535059 -1.055392 0.000000
v -1.478439 -1.581367 -0.834205
v -1.744443 -1.659292 -0.330797
v -1.768642 -1.663141 -0.260245
v -2.113230 -2.678818 -1.265775
v -1.624045 -1.234710 -0.080447
v -1.578936 -1.154900 -0.105318
v -1.525931 -1.044683 -0.045337
v -0.189925 -0.129466 -0.150432
v -0.435049 -0.234623 -0.395556
v -0.960311 -1.628716 -1.429990
v -1.081443 -1.670388 -1.368073
v -0.858965 -0.635202 -0.819471
v -1.021466 -0.915229 -0.981973
v -1.142216 -1.234710 -1.102723
v -1.216573 -1.581367 -1.177081
v -1.578126 -2.313001 -1.538633
v -1.758902 -2.678818 -1.719410
v -0.660955 -0.405390 -0.621462
v -0.665157 -2.584073 -2.287629
v -0.843806 -2.678818 -2.302296
v -0.458524 -2.357425 -2.185584
v -0.135294 -0.129466 -0.195266
v -0.327887 -0.234623 -0.483501
v -0.453834 -0.355796 -0.671994
v -0.505380 -0.405390 -0.749139
v -0.536562 -0.451450 -0.795806
v -0.660955 -0.635202 -0.981973
v -0.739571 -0.807625 -1.099630
v -0.788632 -0.915229 -1.173055
v -0.862745 -1.164803 -1.283973
v -0.883505 -1.234710 -1.315042
v -0.941927 -1.581367 -1.402477
v -1.225996 -2.313001 -1.827618
v -1.368031 -2.678818 -2.040189
v -1.420874 -2.678818 -1.996823
v -0.798375 -1.622234 -1.511435
v -0.648799 -1.656950 -1.618763
v -0.970649 -1.655343 -1.445463
v -0.776070 -1.581367 -1.491129
v -1.026402 -1.234710 -1.197770
v -0.072967 -0.129466 -0.228581
v -0.292539 -0.356018 -0.758676
v -0.327886 -0.405390 -0.844012
v -0.355161 -0.463881 -0.909859
v -0.435048 -0.635202 -1.102723
v -0.498603 -0.837566 -1.256158
v -0.522994 -0.915229 -1.315042
v -0.574758 -1.168297 -1.440013
v -0.588343 -1.234710 -1.472809
v -0.628585 -1.581367 -1.569962
v -0.824255 -2.313001 -2.042353
v -0.922090 -2.678818 -2.278549
v -0.683271 -0.915229 -1.229372
v -1.140701 -2.678818 -2.161699
v -0.002105 -0.129466 -0.249096
v -0.072967 -0.234623 -0.589092
v -0.640141 -1.624578 -1.597862
v -0.189925 -0.635202 -1.177081
v -0.234759 -0.915229 -1.402477
v -0.268074 -1.234710 -1.569962
v -0.288589 -1.581367 -1.673098
v -0.388341 -2.313001 -2.174586
v -0.438216 -2.678818 -2.425330
v -0.176744 -0.405390 -0.889860
v -0.232181 -0.635202 -1.164262
v -0.423196 -0.915229 -1.345315
v -0.484430 -1.234710 -1.504331
v -0.002105 -0.915229 -1.432000
v -0.701179 -2.554561 -2.255252
v -0.042087 -1.234710 -1.592220
v -0.106698 -1.581367 -1.691013
v -0.135294 -0.405390 -0.902434
v -1.963336 -1.947184 -0.298972
v -2.101762 -2.149138 -0.326507
v -1.785686 -1.854312 -0.662090
v -1.845651 -1.947184 -0.686928
v -1.759065 -1.649168 -0.258340
v -1.789044 -1.677230 -0.153069
v -1.397350 -1.947184 -1.357857
v -1.420017 -1.993053 -1.380524
v -1.083962 -1.947184 -1.615048
v -0.726420 -1.947184 -1.806157
v -0.338465 -1.947184 -1.923842
v -0.344549 -1.991813 -1.954432
v -2.030019 -2.678818 -1.389053
v -2.044828 -2.627146 -1.314359
v -1.832934 -2.313001 -1.228149
v -1.586185 -1.947184 -1.127761
v -1.258795 -2.535197 -1.985316
v -0.954019 -2.549324 -2.159362
v -1.328902 -0.774756 -0.172776
v -1.882625 -1.947184 -0.565041
v -2.225808 -2.313001 -0.229770
v -1.983114 -1.947184 -0.098158
v -1.339453 -1.581367 -1.027351
v -1.287867 -1.234710 -0.925247
v -0.002105 -2.620930 -2.433544
v -0.002105 -2.313001 -2.213598
v -0.049494 -1.947184 -1.952303
v -0.310437 -1.947184 -1.926603
v -1.471016 -2.533870 -1.825258
v -1.541531 -2.384478 -1.632976
v -1.514237 -2.571076 -1.823263
v -0.093786 -1.663939 -1.749991
v -0.569000 -2.076010 -1.947540
v -0.543323 -2.106180 -1.977257
v -1.394837 -1.663483 -1.049890
v -1.416545 -1.947184 -1.334468
v -1.291402 -2.073350 -1.558321
v -1.334134 -2.103488 -1.550367
v -1.068028 -2.625910 -2.158820
v -1.178132 -2.625343 -2.099521
v -1.242558 -2.591172 -2.038137
v -1.267574 -2.572505 -2.010044
v -1.214355 -2.516707 -1.994488
v -1.141468 -2.507498 -2.026183
v -1.040368 -2.508005 -2.080623
v -0.983261 -2.524082 -2.123826
v -0.966344 -2.583354 -2.179610
v -1.006450 -2.598508 -2.170124
v -0.615509 -0.371036 -0.576016
v -0.285655 -0.915229 -1.387038
v -0.366156 -0.915229 -1.362618
v -0.531406 -1.658721 -1.655661
v -0.487143 -0.801076 -1.228490
v -0.969663 -1.234710 -1.244334
v -0.123011 -0.371736 -0.840682
v -0.639828 -0.915229 -1.252593
v -0.851759 -1.127808 -1.267532
v -0.423416 -1.234710 -1.522839
v -0.621268 -0.405390 -0.654032
v -0.564257 -1.116959 -1.414661
v -0.686842 -0.997611 -1.277152
v -0.655056 -0.898807 -1.229245
v -0.345777 -1.003111 -1.417651
v -0.330755 -0.948732 -1.391980
v -0.644839 -1.013947 -1.309457
v -0.688270 -1.030535 -1.296247
v -1.026591 -2.313001 -1.934203
v -0.218979 -0.483980 -0.976638
v -0.267694 -0.479167 -0.955761
v -0.720706 -0.766251 -1.071397
v -0.895657 -0.915229 -1.085222
v -0.928754 -0.915229 -1.058060
v -0.990372 -0.915229 -1.007492
v -0.613798 -0.874794 -1.229060
v -0.819844 -0.635202 -0.851577
v -0.984499 -0.985465 -1.060643
v -0.974108 -0.939905 -1.037820
v -0.662333 -0.469129 -0.720321
v -0.616854 -0.455386 -0.736086
v -0.905732 -1.947184 -1.710313
v -2.444631 -2.678818 -0.465291
v -2.338219 -2.431912 0.000000
v -2.346032 -2.448076 -0.082154
v -2.362876 -2.480093 -0.138313
v -2.399445 -2.534014 -0.149630
v -2.424762 -2.562059 -0.091580
v -2.444400 -2.593308 0.000000
v -2.313541 -2.540324 -0.565616
v -2.144579 -2.365326 -0.703330
v -2.307673 -2.554961 -0.620028
v -1.979855 -2.507026 -1.261838
v -2.050131 -2.627964 -1.308794
v -1.676602 -1.947184 -1.003196
v -1.754830 -1.806523 -0.649309
v -1.764618 -1.642263 -0.152959
v -2.246099 -2.313001 -0.023746
v -2.052356 -2.077059 -0.316680
v -1.529306 -1.675258 -0.877567
v -1.899047 -1.947184 -0.510902
v -1.874756 -2.313001 -1.172201
v -0.859930 -0.405390 -0.332498
v -1.118433 -0.635202 -0.440051
v -1.397459 -0.915229 -0.341998
v -1.327570 -0.915229 -0.533949
v -1.535370 -1.234710 -0.472805
v -1.451995 -0.915229 -0.093482
v -1.402790 -0.970357 -0.425445
v -1.523873 -1.163943 -0.381028
v -0.804422 -0.376103 -0.320677
v -1.381568 -0.825492 -0.060809
v -1.392885 -0.844170 -0.101529
v -1.653968 -1.345166 -0.116831
v -1.691026 -1.445212 -0.048708
v -1.689452 -1.427919 0.000000
v -1.656266 -1.337994 -0.071407
v -2.486634 -2.678818 -0.177282
v -0.525687 -0.102942 -0.061988
v -0.495308 -0.102942 -0.162133
v -0.445976 -0.102942 -0.254427
v -0.379587 -0.102942 -0.335323
v -0.298690 -0.102942 -0.401713
v -0.206397 -0.102942 -0.451045
v -0.106252 -0.102942 -0.481423
v -0.428209 -0.182045 -0.099804
v -0.378877 -0.182045 -0.192098
v -0.312487 -0.182045 -0.272994
v -0.231591 -0.182045 -0.339384
v -0.139297 -0.182045 -0.388716
v -0.039152 -0.182045 -0.419094
v -0.366970 0.007676 -0.039454
v -0.346455 0.007676 -0.107084
v -0.313140 0.007676 -0.169411
v -0.268305 0.007676 -0.224042
v -0.213675 0.007676 -0.268876
v -0.151347 0.007676 -0.302191
v -0.083718 0.007676 -0.322706
v -0.536968 -0.044902 -0.073269
v -0.506589 -0.044902 -0.173414
v -0.457257 -0.044902 -0.265707
v -0.390867 -0.044902 -0.346604
v -0.309971 -0.044902 -0.412993
v -0.217677 -0.044902 -0.462325
v -0.117533 -0.044902 -0.492704
v -0.362616 -0.050363 0.000000
v -0.709273 -0.155520 0.000000
v -1.028754 -0.326286 0.000000
v -1.308781 -0.556099 0.000000
v -1.538593 -0.836126 0.000000
v -1.709359 -1.155607 0.000000
v -1.814516 -1.502264 0.000000
v -2.581486 -2.599714 0.000000
v -2.070173 -1.868081 0.000000
v -2.325829 -2.233897 0.000000
v -2.415952 -2.337950 0.000000
v -2.519412 -2.510894 0.000000
v -1.838774 -1.536974 0.000000
v -1.801780 -1.460277 0.000000
v -1.566647 -0.888612 0.000000
v -0.295516 -0.129466 0.000000
v -0.642173 -0.234623 0.000000
v -0.961654 -0.405390 0.000000
v -1.241681 -0.635202 0.000000
v -1.471493 -0.915229 0.000000
v -1.499548 -0.967715 0.000000
v -1.642259 -1.234710 0.000000
v -1.734680 -1.539380 0.000000
v -1.747417 -1.581367 0.000000
v -2.452312 -2.589997 0.000000
v -2.514386 -2.678818 0.000000
v -0.288589 -0.129466 0.000000
v -1.771675 -1.616078 0.000000
v -2.003073 -1.947184 0.000000
v -2.258729 -2.313001 0.000000
v -2.348853 -2.417053 0.000000
v -0.535945 -0.102942 0.000000
v -0.468845 -0.182045 0.000000
v -0.458587 -0.182045 0.000000
v -0.373897 0.007676 0.000000
v -0.547225 -0.044902 0.000000
v -0.072437 -0.050363 -0.311425
v -0.002105 -0.129466 -0.249096
v -0.039152 -0.182045 -0.419094
v 0.355689 -0.050363 -0.028174
v 0.695685 -0.155520 -0.095803
v 1.009027 -0.326286 -0.158131
v 1.283673 -0.556099 -0.212761
v 1.509070 -0.836126 -0.257595
v 1.676555 -1.155607 -0.290910
v 1.779691 -1.502264 -0.311425
v 2.531923 -2.599714 -0.461054
v 0.335174 -0.050363 -0.095803
v 0.655443 -0.155520 -0.228463
v 1.209316 -0.556099 -0.457884
v 1.421635 -0.836126 -0.545830
v 1.579402 -1.155607 -0.611179
v 1.676555 -1.502264 -0.651421
v 2.385142 -2.599714 -0.944928
v 0.301859 -0.050363 -0.158131
v 0.590094 -0.155520 -0.350723
v 0.855732 -0.326286 -0.528217
v 1.088566 -0.556099 -0.683791
v 1.279648 -0.836126 -0.811468
v 1.811543 -1.580188 -0.393126
v 1.856144 -1.598126 -0.215399
v 1.743701 -1.868081 -1.065525
v 0.257025 -0.050363 -0.212761
v 0.502148 -0.155520 -0.457885
v 0.728055 -0.326286 -0.683791
v 0.926064 -0.556099 -0.881801
v 1.088566 -0.836126 -1.044302
v 1.209316 -1.155607 -1.165052
v 1.283673 -1.502264 -1.239410
v 1.826002 -2.599714 -1.781739
v 0.202394 -0.050363 -0.257595
v 0.394986 -0.155520 -0.545830
v 0.572480 -0.326286 -0.811468
v 0.728055 -0.556099 -1.044302
v 0.855732 -0.836126 -1.235384
v 0.950604 -1.155607 -1.377371
v 1.009027 -1.502264 -1.464806
v 1.435131 -2.599714 -2.102518
v 0.140067 -0.050363 -0.290910
v 0.272726 -0.155520 -0.611179
v 0.394986 -0.326286 -0.906341
v 0.502148 -0.556099 -1.165052
v 0.590093 -0.836126 -1.377371
v 0.655443 -1.155607 -1.535138
v 0.695684 -1.502264 -1.632291
v 0.989190 -2.599714 -2.340878
v 0.072437 -0.050363 -0.311425
v 0.140067 -0.155520 -0.651421
v 0.202394 -0.326286 -0.964763
v 0.257025 -0.556099 -1.239410
v 0.301859 -0.836126 -1.464806
v 0.335174 -1.155607 -1.632291
v 0.355689 -1.502264 -1.735427
v 0.505316 -2.599714 -2.487659
v 0.000000 -0.050363 -0.318352
v 0.000000 -0.155520 -0.665009
v 0.000000 -0.326286 -0.984490
v 0.000000 -0.556099 -1.264517
v 0.000000 -0.836126 -1.494329
v 2.097119 -2.599714 -1.451382
v 2.111928 -2.548042 -1.376688
v 0.732257 -2.504969 -2.349957
v 0.525624 -2.278321 -2.247913
v 0.768279 -2.475457 -2.317581
v 0.910905 -2.599714 -2.364625
v 1.900033 -2.233897 -1.290478
v 1.354967 -1.155607 -0.987576
v 1.653284 -1.868081 -1.190090
v 1.406553 -1.502264 -1.089680
v 0.109187 -1.155607 -1.654549
v 0.059348 -2.233897 -2.275927
v 2.030435 -1.868081 -0.361301
v 2.281179 -2.233897 -0.411178
v 1.912750 -1.868081 -0.749257
v 2.148946 -2.233897 -0.847092
v 1.831718 -1.563160 -0.215288
v 1.826165 -1.570065 -0.320669
v 1.464449 -1.868081 -1.420186
v 1.645226 -2.233897 -1.600963
v 1.151061 -1.868081 -1.677377
v 1.293096 -2.233897 -1.889947
v 0.793520 -1.868081 -1.868487
v 0.891355 -2.233897 -2.104682
v 0.405564 -1.868081 -1.986171
v 0.455440 -2.233897 -2.236915
v 0.060721 -2.599714 -2.531448
v 0.011163 -2.541826 -2.495873
v 0.173798 -1.502264 -1.753342
v 0.116594 -1.868081 -2.014632
v 1.487973 -2.599714 -2.059151
v 1.538116 -2.454766 -1.887587
v 1.608630 -2.305374 -1.695305
v 1.581337 -2.491972 -1.885592
v 0.160886 -1.584836 -1.812320
v 0.411649 -1.912709 -2.016761
v 0.377536 -1.868081 -1.988932
v 0.636099 -1.996906 -2.009869
v 0.610422 -2.027077 -2.039586
v 1.487117 -1.913950 -1.442853
v 1.461937 -1.584379 -1.112219
v 1.483645 -1.868081 -1.396796
v 1.358502 -1.994246 -1.620650
v 1.401234 -2.024384 -1.612696
v 1.135128 -2.546807 -2.221149
v 1.245232 -2.546239 -2.161850
v 1.309657 -2.512068 -2.100466
v 1.334674 -2.493401 -2.072373
v 1.325895 -2.456094 -2.047645
v 1.281455 -2.437604 -2.056817
v 1.208568 -2.428394 -2.088512
v 1.107468 -2.428902 -2.142952
v 1.050361 -2.444978 -2.186155
v 1.021118 -2.470221 -2.221691
v 1.033444 -2.504250 -2.241939
v 1.073550 -2.519404 -2.232453
v 0.352755 -0.836126 -1.449367
v 0.433256 -0.836126 -1.424947
v 0.490296 -0.836126 -1.407644
v 0.554243 -0.721973 -1.290819
v 0.565703 -0.758464 -1.318487
v 0.000000 -0.248933 -0.839772
v 0.190111 -0.292632 -0.903011
v 0.706927 -0.836126 -1.314922
v 0.750371 -0.836126 -1.291701
v 0.299281 -0.556099 -1.226591
v 0.243844 -0.326286 -0.952189
v 0.490516 -1.155607 -1.585168
v 0.551530 -1.155607 -1.566660
v 0.631357 -1.037856 -1.476990
v 0.641858 -1.089194 -1.502342
v 0.412877 -0.924008 -1.479980
v 0.397855 -0.869629 -1.454309
v 0.711938 -0.934844 -1.371786
v 0.755369 -0.951432 -1.358576
v 1.093691 -2.233897 -1.996532
v 0.972832 -1.868081 -1.772642
v 0.286079 -0.404877 -1.038967
v 0.334794 -0.400064 -1.018090
v 0.753942 -0.918507 -1.339481
v 0.688368 -0.326286 -0.716362
v 0.918859 -1.048705 -1.329861
v 0.929845 -1.085700 -1.346302
v 1.036762 -1.155607 -1.306663
v 1.093501 -1.155607 -1.260099
v 0.682609 -0.291933 -0.638345
v 0.787806 -0.687147 -1.133726
v 0.806670 -0.728522 -1.161959
v 0.962757 -0.836126 -1.147551
v 0.995854 -0.836126 -1.120389
v 1.057471 -0.836126 -1.069821
v 0.680898 -0.795691 -1.291389
v 0.722156 -0.819704 -1.291574
v 0.755050 -0.261562 -0.460943
v 0.886943 -0.556099 -0.913906
v 1.051598 -0.906361 -1.122972
v 1.041208 -0.860802 -1.100149
v 0.729432 -0.390026 -0.782650
v 0.683953 -0.376284 -0.798415
v 1.027410 -1.549612 -1.492319
v 1.037749 -1.576239 -1.507792
v 0.707241 -1.545475 -1.660191
v 0.715898 -1.577846 -1.681092
v 0.843170 -1.502264 -1.553458
v 0.598506 -1.579618 -1.717990
v 0.865475 -1.543130 -1.573764
v 1.148543 -1.591285 -1.430402
v 0.603662 -0.372347 -0.858135
v 0.422261 -0.384778 -0.972188
v 0.520933 -0.276693 -0.734323
v 0.359639 -0.276916 -0.821005
v 1.207801 -2.599714 -2.224028
v 2.405319 -2.352808 -0.061732
v 2.413131 -2.368972 -0.144483
v 2.429976 -2.400990 -0.200642
v 2.466545 -2.454910 -0.211959
v 2.491862 -2.482956 -0.153909
v 2.511499 -2.514205 -0.051411
v 2.511731 -2.599714 -0.527620
v 2.380641 -2.461221 -0.627945
v 2.211679 -2.286223 -0.765659
v 2.374773 -2.475857 -0.682357
v 2.117231 -2.548860 -1.371124
v 2.180330 -2.599714 -1.328104
v 1.821930 -1.727419 -0.711638
v 1.852786 -1.775209 -0.724419
v 2.292908 -2.233897 -0.292099
v 2.119456 -1.997955 -0.379009
v 2.168862 -2.070035 -0.388836
v 1.966147 -1.868081 -0.573231
v 1.949724 -1.868081 -0.627370
v 1.835742 -1.584037 -0.322574
v 1.454269 -1.155607 -0.845287
v 2.046955 -2.427922 -1.324167
v 1.941856 -2.233897 -1.234530
v 1.596405 -1.596154 -0.939897
v 1.545539 -1.502264 -0.896534
v 1.765551 -1.502264 -0.358040
v 1.396002 -0.695653 -0.235105
v 1.426768 -0.733876 -0.241224
v 0.952564 -0.326286 -0.344264
v 0.900048 -0.297037 -0.329782
v 1.563508 -0.939968 -0.268424
v 1.586826 -0.984448 -0.273062
v 0.927030 -0.326286 -0.394828
v 1.185532 -0.556099 -0.502380
v 1.464559 -0.836126 -0.404327
v 1.478932 -0.836126 -0.356947
v 1.442043 -0.877453 -0.554283
v 1.394669 -0.836126 -0.596278
v 1.602470 -1.155607 -0.535134
v 1.619318 -1.155607 -0.479594
v 1.519095 -0.836126 -0.155811
v 1.522495 -0.836126 -0.121291
v 1.469890 -0.891253 -0.487774
v 1.590973 -1.084839 -0.443357
v 1.569613 -1.064990 -0.477398
v 1.492450 -0.931004 -0.486243
v 0.871521 -0.297000 -0.383006
v 1.448668 -0.746389 -0.123138
v 1.459985 -0.765066 -0.163858
v 1.691145 -1.155607 -0.142776
v 1.686196 -1.155607 -0.193024
v 1.593031 -0.965580 -0.107666
v 1.646036 -1.075797 -0.167647
v 1.650734 -1.076748 -0.125102
v 1.602159 -0.976289 -0.073106
v 1.721067 -1.266063 -0.179160
v 1.758126 -1.366109 -0.111037
v 1.756552 -1.348816 -0.073759
v 1.723366 -1.258891 -0.133736
v 1.792812 -1.502264 -0.178206
v 2.313199 -2.233897 -0.086075
v 2.050214 -1.868081 -0.160487
v 2.569397 -2.599714 -0.080584
v 2.553734 -2.599714 -0.239611
v 0.628585 -0.234623 -0.033474
v 0.941927 -0.405390 -0.095801
v 1.216574 -0.635202 -0.150432
v 1.359668 -0.812979 -0.178895
v 1.441970 -0.915229 -0.195266
v 1.519727 -1.063552 -0.210733
v 1.609455 -1.234710 -0.228581
v 1.712592 -1.581367 -0.249096
v 2.214080 -2.313001 -0.348849
v 2.464823 -2.678818 -0.398725
v 1.725713 -1.581367 -0.115877
v 1.619096 -1.234710 -0.130695
v 2.502297 -2.678818 -0.073423
v 1.455395 -0.915229 -0.058962
v 0.268074 -0.129466 -0.033474
v 0.588343 -0.234623 -0.166134
v 1.496408 -1.019071 -0.206095
v 1.411832 -0.915229 -0.294618
v 1.502513 -1.144093 -0.415069
v 1.425351 -1.010107 -0.423914
v 1.142216 -0.635202 -0.395555
v 1.354535 -0.915229 -0.483501
v 1.374943 -0.956556 -0.491954
v 1.512302 -1.234710 -0.548850
v 1.609455 -1.581367 -0.589092
v 2.081846 -2.313001 -0.784763
v 2.318042 -2.678818 -0.882599
v 0.885464 -0.405390 -0.281935
v 1.552218 -1.234710 -0.417265
v 1.698451 -1.581367 -0.295711
v 0.832949 -0.376141 -0.267453
v 0.234759 -0.129466 -0.095801
v 0.522994 -0.234623 -0.288394
v 0.687950 -0.340666 -0.398614
v 0.788632 -0.405390 -0.465888
v 1.021466 -0.635202 -0.621462
v 1.212548 -0.915229 -0.749139
v 1.387169 -1.234710 -0.782958
v 1.583634 -1.155851 -0.062772
v 1.535059 -1.055392 0.000000
v 1.478439 -1.581367 -0.834205
v 1.744443 -1.659292 -0.330797
v 1.768642 -1.663141 -0.260245
v 2.113230 -2.678818 -1.265775
v 1.624045 -1.234710 -0.080447
v 1.578936 -1.154900 -0.105318
v 1.525931 -1.044683 -0.045337
v 0.189925 -0.129466 -0.150432
v 0.435049 -0.234623 -0.395556
v 0.960311 -1.628716 -1.429990
v 1.081443 -1.670388 -1.368073
v 0.858965 -0.635202 -0.819471
v 1.021466 -0.915229 -0.981973
v 1.142216 -1.234710 -1.102723
v 1.216573 -1.581367 -1.177081
v 1.578126 -2.313001 -1.538633
v 1.758902 -2.678818 -1.719410
v 0.660955 -0.405390 -0.621462
v 0.665157 -2.584073 -2.287629
v 0.843806 -2.678818 -2.302296
v 0.458524 -2.357425 -2.185584
v 0.135294 -0.129466 -0.195266
v 0.327887 -0.234623 -0.483501
v 0.453834 -0.355796 -0.671994
v 0.505380 -0.405390 -0.749139
v 0.536562 -0.451450 -0.795806
v 0.660955 -0.635202 -0.981973
v 0.739571 -0.807625 -1.099630
v 0.788632 -0.915229 -1.173055
v 0.862745 -1.164803 -1.283973
v 0.883505 -1.234710 -1.315042
v 0.941927 -1.581367 -1.402477
v 1.225996 -2.313001 -1.827618
v 1.368031 -2.678818 -2.040189
v 1.420874 -2.678818 -1.996823
v 0.798375 -1.622234 -1.511435
v 0.648799 -1.656950 -1.618763
v 0.970649 -1.655343 -1.445463
v 0.776070 -1.581367 -1.491129
v 1.026402 -1.234710 -1.197770
v 0.072967 -0.129466 -0.228581
v 0.000000 -0.234623 -0.548850
v 0.292539 -0.356018 -0.758676
v 0.327886 -0.405390 -0.844012
v 0.355161 -0.463881 -0.909859
v 0.435048 -0.635202 -1.102723
v 0.498603 -0.837566 -1.256158
v 0.522994 -0.915229 -1.315042
v 0.574758 -1.168297 -1.440013
v 0.588343 -1.234710 -1.472809
v 0.628585 -1.581367 -1.569962
v 0.824255 -2.313001 -2.042353
v 0.922090 -2.678818 -2.278549
v 0.683271 -0.915229 -1.229372
v 1.140701 -2.678818 -2.161699
v 0.002105 -0.129466 -0.249096
v 0.072967 -0.234623 -0.589092
v 0.640141 -1.624578 -1.597862
v 0.189925 -0.635202 -1.177081
v 0.234759 -0.915229 -1.402477
v 0.268074 -1.234710 -1.569962
v 0.288589 -1.581367 -1.673098
v 0.388341 -2.313001 -2.174586
v 0.438216 -2.678818 -2.425330
v 0.176744 -0.405390 -0.889860
v 0.232181 -0.635202 -1.164262
v 0.423196 -0.915229 -1.345315
v 0.484430 -1.234710 -1.504331
v 0.000000 -0.129466 -0.256023
v 0.000000 -0.234623 -0.602680
v 0.000000 -0.328036 -0.777443
v 0.000000 -0.405390 -0.922161
v 0.000000 -0.635202 -1.202188
v 0.002105 -0.915229 -1.432000
v 0.701179 -2.554561 -2.255252
v 0.042087 -1.234710 -1.592220
v 0.106698 -1.581367 -1.691013
v 0.135294 -0.405390 -0.902434
v 1.963336 -1.947184 -0.298972
v 2.101762 -2.149138 -0.326507
v 1.785686 -1.854312 -0.662090
v 1.845651 -1.947184 -0.686928
v 1.759065 -1.649168 -0.258340
v 1.789044 -1.677230 -0.153069
v 1.397350 -1.947184 -1.357857
v 1.420017 -1.993053 -1.380524
v 1.083962 -1.947184 -1.615048
v 0.726420 -1.947184 -1.806157
v 0.338465 -1.947184 -1.923842
v 0.344549 -1.991813 -1.954432
v 2.030019 -2.678818 -1.389053
v 2.044828 -2.627146 -1.314359
v 1.832934 -2.313001 -1.228149
v 1.586185 -1.947184 -1.127761
v 1.258795 -2.535197 -1.985316
v 0.954019 -2.549324 -2.159362
v 1.328902 -0.774756 -0.172776
v 1.882625 -1.947184 -0.565041
v 2.225808 -2.313001 -0.229770
v 1.983114 -1.947184 -0.098158
v 1.339453 -1.581367 -1.027351
v 1.287867 -1.234710 -0.925247
v 0.002105 -2.620930 -2.433544
v 0.002105 -2.313001 -2.213598
v 0.049494 -1.947184 -1.952303
v 0.310437 -1.947184 -1.926603
v 1.471016 -2.533870 -1.825258
v 1.541531 -2.384478 -1.632976
v 1.514237 -2.571076 -1.823263
v 0.093786 -1.663939 -1.749991
v 0.569000 -2.076010 -1.947540
v 0.543323 -2.106180 -1.977257
v 1.394837 -1.663483 -1.049890
v 1.416545 -1.947184 -1.334468
v 1.291402 -2.073350 -1.558321
v 1.334134 -2.103488 -1.550367
v 1.068028 -2.625910 -2.158820
v 1.178132 -2.625343 -2.099521
v 1.242558 -2.591172 -2.038137
v 1.267574 -2.572505 -2.010044
v 1.214355 -2.516707 -1.994488
v 1.141468 -2.507498 -2.026183
v 1.040368 -2.508005 -2.080623
v 0.983261 -2.524082 -2.123826
v 0.966344 -2.583354 -2.179610
v 1.006450 -2.598508 -2.170124
v 0.615509 -0.371036 -0.576016
v 0.285655 -0.915229 -1.387038
v 0.366156 -0.915229 -1.362618
v 0.531406 -1.658721 -1.655661
v 0.487143 -0.801076 -1.228490
v 0.969663 -1.234710 -1.244334
v 0.123011 -0.371736 -0.840682
v 0.639828 -0.915229 -1.252593
v 0.851759 -1.127808 -1.267532
v 0.423416 -1.234710 -1.522839
v 0.621268 -0.405390 -0.654032
v 0.564257 -1.116959 -1.414661
v 0.686842 -0.997611 -1.277152
v 0.655056 -0.898807 -1.229245
v 0.345777 -1.003111 -1.417651
v 0.330755 -0.948732 -1.391980
v 0.644839 -1.013947 -1.309457
v 0.688270 -1.030535 -1.296247
v 1.026591 -2.313001 -1.934203
v 0.218979 -0.483980 -0.976638
v 0.267694 -0.479167 -0.955761
v 0.720706 -0.766251 -1.071397
v 0.895657 -0.915229 -1.085222
v 0.928754 -0.915229 -1.058060
v 0.990372 -0.915229 -1.007492
v 0.613798 -0.874794 -1.229060
v 0.819844 -0.635202 -0.851577
v 0.984499 -0.985465 -1.060643
v 0.974108 -0.939905 -1.037820
v 0.662333 -0.469129 -0.720321
v 0.616854 -0.455386 -0.736086
v 0.905732 -1.947184 -1.710313
v 2.444631 -2.678818 -0.465291
v 2.338219 -2.431912 0.000000
v 2.346032 -2.448076 -0.082154
v 2.362876 -2.480093 -0.138313
v 2.399445 -2.534014 -0.149630
v 2.424762 -2.562059 -0.091580
v 2.444400 -2.593308 0.000000
v 2.313541 -2.540324 -0.565616
v 2.144579 -2.365326 -0.703330
v 2.307673 -2.554961 -0.620028
v 1.979855 -2.507026 -1.261838
v 2.050131 -2.627964 -1.308794
v 1.676602 -1.947184 -1.003196
v 1.754830 -1.806523 -0.649309
v 1.764618 -1.642263 -0.152959
v 2.246099 -2.313001 -0.023746
v 2.052356 -2.077059 -0.316680
v 1.529306 -1.675258 -0.877567
v 1.899047 -1.947184 -0.510902
v 1.874756 -2.313001 -1.172201
v 0.859930 -0.405390 -0.332498
v 1.118433 -0.635202 -0.440051
v 1.397459 -0.915229 -0.341998
v 1.327570 -0.915229 -0.533949
v 1.535370 -1.234710 -0.472805
v 1.451995 -0.915229 -0.093482
v 1.402790 -0.970357 -0.425445
v 1.523873 -1.163943 -0.381028
v 0.804422 -0.376103 -0.320677
v 1.381568 -0.825492 -0.060809
v 1.392885 -0.844170 -0.101529
v 1.653968 -1.345166 -0.116831
v 1.691026 -1.445212 -0.048708
v 1.689452 -1.427919 0.000000
v 1.656266 -1.337994 -0.071407
v 2.486634 -2.678818 -0.177282
v 0.525687 -0.102942 -0.061988
v 0.495308 -0.102942 -0.162133
v 0.445976 -0.102942 -0.254427
v 0.379587 -0.102942 -0.335323
v 0.298690 -0.102942 -0.401713
v 0.206397 -0.102942 -0.451045
v 0.106252 -0.102942 -0.481423
v 0.000000 -0.102942 -0.491681
v 0.428209 -0.182045 -0.099804
v 0.378877 -0.182045 -0.192098
v 0.312487 -0.182045 -0.272994
v 0.231591 -0.182045 -0.339384
v 0.139297 -0.182045 -0.388716
v 0.039152 -0.182045 -0.419094
v 0.000000 -0.182045 -0.429352
v 0.366970 0.007676 -0.039454
v 0.346455 0.007676 -0.107084
v 0.313140 0.007676 -0.169411
v 0.268305 0.007676 -0.224042
v 0.213675 0.007676 -0.268876
v 0.151347 0.007676 -0.302191
v 0.083718 0.007676 -0.322706
v 0.000000 0.007676 -0.329633
v 0.536968 -0.044902 -0.073269
v 0.506589 -0.044902 -0.173414
v 0.457257 -0.044902 -0.265707
v 0.390867 -0.044902 -0.346604
v 0.309971 -0.044902 -0.412993
v 0.217677 -0.044902 -0.462325
v 0.117533 -0.044902 -0.492704
v 0.000000 -0.044902 -0.502962
v 0.000000 -2.678818 -2.468491
v 0.000000 -2.672906 -2.464359
v 0.000000 -2.671298 -2.475044
v 0.362616 -0.050363 0.000000
v 0.709273 -0.155520 0.000000
v 1.028754 -0.326286 0.000000
v 1.308781 -0.556099 0.000000
v 1.538593 -0.836126 0.000000
v 1.709359 -1.155607 0.000000
v 1.814516 -1.502264 0.000000
v 2.581486 -2.599714 0.000000
v 2.070173 -1.868081 0.000000
v 2.325829 -2.233897 0.000000
v 2.415952 -2.337950 0.000000
v 2.519412 -2.510894 0.000000
v 1.838774 -1.536974 0.000000
v 1.801780 -1.460277 0.000000
v 1.566647 -0.888612 0.000000
v 0.295516 -0.129466 0.000000
v 0.642173 -0.234623 0.000000
v 0.961654 -0.405390 0.000000
v 1.241681 -0.635202 0.000000
v 1.471493 -0.915229 0.000000
v 1.499548 -0.967715 0.000000
v 1.642259 -1.234710 0.000000
v 1.734680 -1.539380 0.000000
v 1.747417 -1.581367 0.000000
v 2.452312 -2.589997 0.000000
v 2.514386 -2.678818 0.000000
v 0.288589 -0.129466 0.000000
v 1.771675 -1.616078 0.000000
v 2.003073 -1.947184 0.000000
v 2.258729 -2.313001 0.000000
v 2.348853 -2.417053 0.000000
v 0.535945 -0.102942 0.000000
v 0.468845 -0.182045 0.000000
v 0.458587 -0.182045 0.000000
v 0.373897 0.007676 0.000000
v 0.547225 -0.044902 0.000000
vt 0.493178 0.713645
vt 0.495184 0.712866
vt 0.495184 0.722074
vt 0.495033 0.722392
vt 0.988294 0.600295
vt 0.988294 0.606902
vt 0.987919 0.606780
vt 0.985908 0.601908
vt 0.137570 0.182911
vt 0.120244 0.188282
vt 0.119493 0.183375
vt 0.124858 0.180641
vt 0.159947 0.169320
vt 0.161487 0.179386
vt 0.142917 0.182123
vt 0.143001 0.176519
vt 0.665263 0.734784
vt 0.662264 0.735119
vt 0.661169 0.731432
vt 0.664167 0.731097
vt 0.061036 0.186871
vt 0.062093 0.194776
vt 0.043139 0.193458
vt 0.042560 0.188677
vt 0.080290 0.183687
vt 0.081765 0.194331
vt 0.099581 0.179247
vt 0.100355 0.185306
vt 0.094188 0.186821
vt 0.091551 0.193238
vt 0.349514 0.697186
vt 0.351377 0.709127
vt 0.347118 0.713213
vt 0.062093 0.203914
vt 0.058846 0.203501
vt 0.043139 0.199970
vt 0.081765 0.206364
vt 0.101400 0.192137
vt 0.101400 0.197015
vt 0.094231 0.192938
vt 0.120244 0.197545
vt 0.116070 0.196982
vt 0.110149 0.190347
vt 0.137570 0.185199
vt 0.142003 0.182257
vt 0.142665 0.185649
vt 0.762431 0.135212
vt 0.759266 0.135690
vt 0.758104 0.130143
vt 0.761392 0.130167
vt 0.054807 0.739841
vt 0.067899 0.743844
vt 0.067899 0.760630
vt 0.055395 0.756807
vt 0.161487 0.198431
vt 0.158750 0.213590
vt 0.141430 0.211925
vt 0.155415 0.198729
vt 0.664458 0.716662
vt 0.661460 0.716997
vt 0.662687 0.714162
vt 0.665685 0.713827
vt 0.103838 0.205992
vt 0.118218 0.215225
vt 0.099102 0.219020
vt 0.100964 0.208706
vt 0.656864 0.162574
vt 0.669400 0.160886
vt 0.666606 0.179972
vt 0.655945 0.181408
vt 0.761805 0.098207
vt 0.758517 0.098183
vt 0.759277 0.095399
vt 0.762431 0.095782
vt 0.657737 0.200842
vt 0.666113 0.199714
vt 0.659419 0.208153
vt 0.050389 0.546245
vt 0.057188 0.535621
vt 0.063347 0.535028
vt 0.064304 0.537953
vt 0.760944 0.102739
vt 0.757656 0.102716
vt 0.607177 0.206084
vt 0.619262 0.202963
vt 0.622498 0.208383
vt 0.075487 0.508272
vt 0.096045 0.503852
vt 0.098598 0.527879
vt 0.085750 0.525444
vt 0.079529 0.526901
vt 0.635802 0.042836
vt 0.625350 0.043935
vt 0.625563 0.038916
vt 0.635430 0.038885
vt 0.617171 0.197492
vt 0.617834 0.196015
vt 0.626302 0.200338
vt 0.021731 0.681614
vt 0.012525 0.695197
vt 0.009754 0.692379
vt 0.008425 0.680014
vt 0.018613 0.678945
vt 0.713661 0.724223
vt 0.713661 0.714011
vt 0.713661 0.704930
vt 0.730074 0.706742
vt 0.730074 0.724916
vt 0.066172 0.511821
vt 0.071760 0.532273
vt 0.663672 0.719937
vt 0.660673 0.720272
vt 0.634345 0.033336
vt 0.625370 0.033389
vt 0.624896 0.019799
vt 0.631693 0.019777
vt 0.080582 0.531752
vt 0.079980 0.528978
vt 0.663523 0.727297
vt 0.660525 0.727632
vt 0.660358 0.723863
vt 0.663356 0.723528
vt 0.615741 0.033693
vt 0.617786 0.018731
vt 0.620224 0.044485
vt 0.617461 0.037700
vt 0.085128 0.568169
vt 0.090416 0.567033
vt 0.086446 0.573470
vt 0.008694 0.699326
vt 0.098960 0.545770
vt 0.090728 0.547540
vt 0.100401 0.564886
vt 0.116676 0.563702
vt 0.116726 0.583484
vt 0.102868 0.584491
vt 0.111143 0.544878
vt 0.108405 0.527161
vt 0.760384 0.107864
vt 0.757096 0.107840
vt 0.106266 0.603832
vt 0.117178 0.603041
vt 0.117557 0.611458
vt 0.090938 0.455799
vt 0.114907 0.454045
vt 0.093491 0.479826
vt 0.095733 0.500921
vt 0.114846 0.478262
vt 0.111624 0.502712
vt 0.097556 0.503742
vt 0.070392 0.484792
vt 0.085228 0.495496
vt 0.065297 0.461311
vt 0.063643 0.470940
vt 0.063001 0.468820
vt 0.059880 0.488796
vt 0.049521 0.492743
vt 0.036990 0.483902
vt 0.042130 0.470137
vt 0.031681 0.503373
vt 0.044154 0.511410
vt 0.039862 0.522121
vt 0.209319 0.196091
vt 0.206004 0.214456
vt 0.185403 0.197261
vt 0.182051 0.215831
vt 0.188824 0.192409
vt 0.201221 0.185223
vt 0.209319 0.175604
vt 0.185403 0.175861
vt 0.161487 0.192448
vt 0.174690 0.177440
vt 0.182910 0.159566
vt 0.182406 0.155272
vt 0.189751 0.153646
vt 0.190621 0.156420
vt 0.169977 0.178134
vt 0.019227 0.514750
vt 0.040097 0.525666
vt 0.031806 0.533240
vt 0.041560 0.547580
vt 0.076973 0.467149
vt 0.037956 0.658443
vt 0.027732 0.658628
vt 0.025083 0.642359
vt 0.037202 0.642140
vt 0.022057 0.628596
vt 0.037956 0.628308
vt 0.008425 0.498871
vt 0.009076 0.494042
vt 0.022327 0.481938
vt 0.117557 0.457682
vt 0.109131 0.521642
vt 0.083860 0.497817
vt 0.041035 0.524809
vt 0.044383 0.551731
vt 0.056912 0.515348
vt 0.046335 0.512335
vt 0.047810 0.477954
vt 0.050119 0.478359
vt 0.645328 0.076697
vt 0.648906 0.076059
vt 0.647379 0.077744
vt 0.614019 0.076933
vt 0.609704 0.076285
vt 0.613855 0.057001
vt 0.624728 0.058635
vt 0.623364 0.070221
vt 0.023814 0.676979
vt 0.079058 0.570482
vt 0.628512 0.075353
vt 0.637287 0.058595
vt 0.637243 0.067746
vt 0.607367 0.026245
vt 0.610528 0.016574
vt 0.083146 0.556329
vt 0.611368 0.078548
vt 0.078877 0.564387
vt 0.072920 0.534671
vt 0.646512 0.056949
vt 0.023814 0.708859
vt 0.643146 0.033531
vt 0.637915 0.018667
vt 0.612073 0.197616
vt 0.643323 0.016511
vt 0.648906 0.027461
vt 0.008425 0.660128
vt 0.016942 0.642992
vt 0.642159 0.037685
vt 0.640341 0.042369
vt 0.101659 0.597959
vt 0.669400 0.194456
vt 0.094608 0.560788
vt 0.605420 0.214889
vt 0.620561 0.212856
vt 0.608922 0.220753
vt 0.626302 0.214753
vt 0.062809 0.533382
vt 0.729723 0.730981
vt 0.059158 0.475520
vt 0.062124 0.473273
vt 0.053906 0.477556
vt 0.060917 0.468561
vt 0.057717 0.467876
vt 0.053940 0.465638
vt 0.047352 0.475535
vt 0.048651 0.473743
vt 0.078889 0.464755
vt 0.089783 0.477639
vt 0.051997 0.470094
vt 0.034780 0.482472
vt 0.033497 0.497014
vt 0.069445 0.460420
vt 0.039453 0.471732
vt 0.107525 0.190884
vt 0.100620 0.187036
vt 0.135450 0.211350
vt 0.137570 0.199602
vt 0.152291 0.198882
vt 0.202189 0.217333
vt 0.194409 0.217019
vt 0.161487 0.189790
vt 0.184490 0.169892
vt 0.356376 0.699358
vt 0.350812 0.681134
vt 0.353841 0.688192
vt 0.356376 0.693787
vt 0.140751 0.177089
vt 0.136549 0.176233
vt 0.135338 0.167322
vt 0.101400 0.199341
vt 0.101400 0.206288
vt 0.102635 0.178339
vt 0.107783 0.182384
vt 0.104652 0.202490
vt 0.061711 0.206345
vt 0.060557 0.212739
vt 0.053555 0.210120
vt 0.058382 0.206053
vt 0.042081 0.205830
vt 0.120244 0.200271
vt 0.120244 0.204004
vt 0.106996 0.201732
vt 0.114899 0.198994
vt 0.081380 0.208497
vt 0.079811 0.217192
vt 0.095786 0.188566
vt 0.114655 0.183484
vt 0.354808 0.703839
vt 0.129290 0.175380
vt 0.133259 0.168097
vt 0.158872 0.161297
vt 0.192470 0.160326
vt 0.137571 0.166750
vt 0.194960 0.162613
vt 0.209319 0.172336
vt 0.198516 0.162292
vt 0.205939 0.149247
vt 0.206402 0.153266
vt 0.200639 0.153207
vt 0.200225 0.150710
vt 0.200264 0.182791
vt 0.207621 0.161237
vt 0.199875 0.158921
vt 0.088240 0.310905
vt 0.082404 0.322384
vt 0.076988 0.325075
vt 0.073514 0.321615
vt 0.112373 0.300803
vt 0.096568 0.310254
vt 0.092041 0.307060
vt 0.105246 0.293705
vt 0.037511 0.367766
vt 0.025333 0.381752
vt 0.023969 0.380917
vt 0.033936 0.364728
vt 0.051344 0.354023
vt 0.045830 0.349054
vt 0.066299 0.341050
vt 0.052490 0.341799
vt 0.059173 0.343406
vt 0.064031 0.339314
vt 0.018797 0.377148
vt 0.025121 0.362322
vt 0.026679 0.359441
vt 0.036273 0.342091
vt 0.059193 0.334496
vt 0.054314 0.339812
vt 0.055320 0.331674
vt 0.065842 0.328516
vt 0.064111 0.319928
vt 0.066158 0.316255
vt 0.086422 0.309581
vt 0.089091 0.305223
vt 0.091392 0.307718
vt 0.020129 0.388944
vt 0.015157 0.395677
vt 0.013676 0.395077
vt 0.016236 0.386112
vt 0.074985 0.301247
vt 0.061028 0.312517
vt 0.050978 0.307700
vt 0.064463 0.296203
vt 0.090121 0.282684
vt 0.086279 0.287397
vt 0.067564 0.291063
vt 0.076545 0.276176
vt 0.011000 0.393794
vt 0.012274 0.384213
vt 0.049647 0.324524
vt 0.045791 0.325270
vt 0.036553 0.320842
vt 0.026576 0.337442
vt 0.017109 0.335287
vt 0.025421 0.318308
vt 0.631919 0.168235
vt 0.626744 0.176437
vt 0.624558 0.174828
vt 0.628682 0.165853
vt 0.018808 0.355605
vt 0.016815 0.362817
vt 0.011370 0.353911
vt 0.157054 0.510352
vt 0.166719 0.520712
vt 0.165918 0.523471
vt 0.161520 0.521939
vt 0.621926 0.173821
vt 0.624784 0.164363
vt 0.770924 0.059246
vt 0.773990 0.074382
vt 0.769869 0.070707
vt 0.174956 0.551415
vt 0.178449 0.533586
vt 0.183673 0.535699
vt 0.194488 0.534726
vt 0.192220 0.558015
vt 0.630970 0.131583
vt 0.630853 0.135443
vt 0.622373 0.134401
vt 0.621933 0.129428
vt 0.768112 0.077568
vt 0.764232 0.068923
vt 0.765383 0.068342
vt 0.166724 0.504710
vt 0.167415 0.500989
vt 0.174173 0.497377
vt 0.179039 0.508767
vt 0.178630 0.512463
vt 0.179359 0.528942
vt 0.173409 0.525069
vt 0.167723 0.546706
vt 0.172459 0.527280
vt 0.618948 0.173456
vt 0.620374 0.163821
vt 0.629920 0.141095
vt 0.627641 0.154904
vt 0.612133 0.157802
vt 0.622207 0.140121
vt 0.178839 0.531597
vt 0.615587 0.173801
vt 0.615623 0.164249
vt 0.615506 0.154753
vt 0.613682 0.139073
vt 0.615202 0.135047
vt 0.617330 0.128532
vt 0.180598 0.494681
vt 0.181871 0.489578
vt 0.185039 0.496379
vt 0.183254 0.514231
vt 0.185969 0.515269
vt 0.192882 0.517911
vt 0.193424 0.499584
vt 0.196095 0.480450
vt 0.205132 0.482379
vt 0.204516 0.501898
vt 0.203771 0.519902
vt 0.203253 0.536328
vt 0.615478 0.173535
vt 0.613767 0.164487
vt 0.200792 0.461243
vt 0.208799 0.454044
vt 0.207196 0.462691
vt 0.191943 0.560856
vt 0.193570 0.558262
vt 0.206144 0.560560
vt 0.208545 0.584745
vt 0.170554 0.573888
vt 0.183083 0.565021
vt 0.189952 0.581303
vt 0.166151 0.596361
vt 0.164485 0.588664
vt 0.165025 0.586658
vt 0.162392 0.568574
vt 0.154348 0.563336
vt 0.148163 0.584648
vt 0.145009 0.570196
vt 0.141957 0.550053
vt 0.148559 0.532691
vt 0.151223 0.543982
vt 0.120395 0.245558
vt 0.105258 0.264121
vt 0.103946 0.237673
vt 0.088626 0.256149
vt 0.111143 0.264177
vt 0.136664 0.257413
vt 0.124215 0.258361
vt 0.122252 0.276505
vt 0.114635 0.284209
vt 0.094873 0.286147
vt 0.779382 0.148193
vt 0.779282 0.144211
vt 0.780220 0.144158
vt 0.780220 0.148796
vt 0.111284 0.287598
vt 0.659860 0.367371
vt 0.659860 0.391737
vt 0.650740 0.396158
vt 0.649263 0.393818
vt 0.659861 0.410632
vt 0.175998 0.591920
vt 0.453172 0.710253
vt 0.442602 0.717157
vt 0.441573 0.704947
vt 0.452304 0.699951
vt 0.044473 0.305559
vt 0.035988 0.303628
vt 0.646161 0.374011
vt 0.659861 0.346447
vt 0.597022 0.715214
vt 0.597022 0.746907
vt 0.585816 0.726911
vt 0.208573 0.604908
vt 0.203905 0.541798
vt 0.181944 0.562593
vt 0.164444 0.777606
vt 0.165099 0.799532
vt 0.157757 0.799532
vt 0.152824 0.543397
vt 0.149505 0.530202
vt 0.160534 0.542024
vt 0.154564 0.577587
vt 0.152748 0.577686
vt 0.636125 0.100455
vt 0.637599 0.099868
vt 0.639094 0.101590
vt 0.609240 0.096984
vt 0.618297 0.103874
vt 0.620644 0.114860
vt 0.611019 0.115727
vt 0.605420 0.097328
vt 0.163692 0.501460
vt 0.175885 0.491612
vt 0.622199 0.099600
vt 0.630471 0.107616
vt 0.631438 0.116186
vt 0.612056 0.155440
vt 0.609206 0.145209
vt 0.179356 0.505909
vt 0.606601 0.095399
vt 0.175890 0.497506
vt 0.639094 0.119113
vt 0.637234 0.142045
vt 0.632805 0.156878
vt 0.764902 0.063431
vt 0.010778 0.357845
vt 0.013549 0.374633
vt 0.008425 0.373466
vt 0.441939 0.697313
vt 0.453172 0.681849
vt 0.636437 0.137578
vt 0.634721 0.132684
vt 0.196293 0.466706
vt 0.010563 0.348860
vt 0.188743 0.502893
vt 0.776956 0.058389
vt 0.776956 0.072930
vt 0.854972 0.024761
vt 0.857554 0.008425
vt 0.859432 0.014197
vt 0.859432 0.028738
vt 0.165468 0.525022
vt 0.912230 0.362560
vt 0.908533 0.358242
vt 0.912230 0.346447
vt 0.163877 0.584162
vt 0.161593 0.581561
vt 0.157515 0.578871
vt 0.157333 0.590619
vt 0.160330 0.588906
vt 0.162848 0.588648
vt 0.152347 0.580009
vt 0.153333 0.581944
vt 0.177597 0.594480
vt 0.186823 0.583041
vt 0.187683 0.604592
vt 0.155890 0.585975
vt 0.134408 0.569903
vt 0.143012 0.556644
vt 0.143367 0.571278
vt 0.169635 0.597693
vt 0.146303 0.582655
vt 0.063848 0.330310
vt 0.062806 0.338094
vt 0.084301 0.289822
vt 0.099411 0.239089
vt 0.095034 0.245526
vt 0.096984 0.287684
vt 0.126479 0.280714
vt 0.190595 0.756778
vt 0.190595 0.762374
vt 0.187524 0.768129
vt 0.188240 0.774382
vt 0.186961 0.758262
vt 0.094777 0.311734
vt 0.097256 0.319362
vt 0.092968 0.315614
vt 0.053473 0.330328
vt 0.047957 0.326308
vt 0.070796 0.335054
vt 0.068846 0.339127
vt 0.052915 0.325898
vt 0.024534 0.358350
vt 0.022833 0.361230
vt 0.063992 0.314677
vt 0.061813 0.319703
vt 0.054918 0.324457
vt 0.034363 0.341175
vt 0.058725 0.341102
vt 0.074016 0.328896
vt 0.185061 0.747132
vt 0.189021 0.752295
vt 0.089282 0.321910
vt 0.095384 0.320571
vt 0.134809 0.288486
vt 0.116032 0.303924
vt 0.133791 0.287996
vt 0.138843 0.279849
vt 0.140851 0.283591
vt 0.099038 0.317897
vt 0.138493 0.276513
vt 0.139259 0.259304
vt 0.140859 0.273837
vt 0.153585 0.273049
vt 0.149026 0.276797
vt 0.149022 0.277004
vt 0.150897 0.270618
vt 0.125578 0.260538
vt 0.144359 0.274705
vt 0.147118 0.267131
vt 0.182415 0.977989
vt 0.184609 0.978652
vt 0.184609 0.985180
vt 0.182415 0.984517
vt 0.051558 0.474546
vt 0.052015 0.476965
vt 0.662723 0.991466
vt 0.660358 0.991223
vt 0.660358 0.985556
vt 0.662723 0.985798
vt 0.138064 0.976045
vt 0.133838 0.976614
vt 0.133838 0.970947
vt 0.138064 0.970378
vt 0.319196 0.952957
vt 0.319196 0.946719
vt 0.324719 0.947988
vt 0.324719 0.954226
vt 0.787592 0.022423
vt 0.787592 0.008425
vt 0.793120 0.009676
vt 0.793120 0.023673
vt 0.974763 0.535951
vt 0.971070 0.537462
vt 0.971070 0.531795
vt 0.974763 0.530283
vt 0.670981 0.716922
vt 0.670194 0.720197
vt 0.772392 0.967474
vt 0.770074 0.968948
vt 0.770074 0.963400
vt 0.772392 0.961926
vt 0.774452 0.967738
vt 0.774452 0.962190
vt 0.986383 0.032486
vt 0.988376 0.031982
vt 0.988376 0.037060
vt 0.986383 0.037563
vt 0.228087 0.742528
vt 0.226169 0.733058
vt 0.231716 0.734223
vt 0.233633 0.743693
vt 0.787592 0.035883
vt 0.793120 0.037133
vt 0.906387 0.537677
vt 0.909638 0.536993
vt 0.909638 0.542071
vt 0.906387 0.542754
vt 0.841210 0.311780
vt 0.841210 0.292460
vt 0.846758 0.292441
vt 0.846758 0.311761
vt 0.755463 0.407310
vt 0.756453 0.401952
vt 0.762866 0.400733
vt 0.761876 0.406091
vt 0.672290 0.713997
vt 0.882330 0.647653
vt 0.882330 0.654423
vt 0.877134 0.652992
vt 0.876868 0.648629
vt 0.882330 0.638225
vt 0.876868 0.639201
vt 0.687609 0.195462
vt 0.688407 0.176256
vt 0.694074 0.176268
vt 0.693276 0.195474
vt 0.969932 0.733710
vt 0.971791 0.731235
vt 0.973982 0.736223
vt 0.974313 0.737102
vt 0.229978 0.749247
vt 0.235524 0.750412
vt 0.972207 0.798000
vt 0.976273 0.799114
vt 0.976273 0.804655
vt 0.972232 0.803548
vt 0.980281 0.403960
vt 0.976770 0.402987
vt 0.976770 0.397439
vt 0.980281 0.398412
vt 0.194761 0.157540
vt 0.198317 0.157219
vt 0.209302 0.829776
vt 0.206261 0.831823
vt 0.206261 0.825296
vt 0.209302 0.823248
vt 0.863354 0.363866
vt 0.863354 0.346447
vt 0.868531 0.346901
vt 0.868531 0.364320
vt 0.907616 0.933648
vt 0.912460 0.930186
vt 0.912460 0.936714
vt 0.908108 0.939895
vt 0.793224 0.916580
vt 0.793224 0.903304
vt 0.798418 0.903474
vt 0.798418 0.916749
vt 0.971048 0.236488
vt 0.973699 0.235702
vt 0.973699 0.241968
vt 0.973461 0.241618
vt 0.611081 0.193412
vt 0.616178 0.193287
vt 0.735216 0.581794
vt 0.735951 0.559682
vt 0.741338 0.561444
vt 0.740603 0.583556
vt 0.881496 0.008425
vt 0.881496 0.022871
vt 0.876283 0.025094
vt 0.876283 0.010648
vt 0.255885 0.850771
vt 0.255349 0.843215
vt 0.261239 0.840401
vt 0.261775 0.847958
vt 0.008425 0.869693
vt 0.008425 0.854542
vt 0.013447 0.851914
vt 0.013447 0.867065
vt 0.605420 0.075725
vt 0.609571 0.056442
vt 0.188625 0.187335
vt 0.201022 0.180149
vt 0.077451 0.869343
vt 0.077716 0.857966
vt 0.082218 0.861208
vt 0.081954 0.872585
vt 0.894229 0.214205
vt 0.894229 0.202999
vt 0.899808 0.206388
vt 0.899808 0.217594
vt 0.300808 0.943131
vt 0.300808 0.951404
vt 0.295748 0.950975
vt 0.295748 0.942702
vt 0.090954 0.242308
vt 0.095331 0.235871
vt 0.495102 0.896991
vt 0.493413 0.896892
vt 0.493413 0.891695
vt 0.495102 0.891794
vt 0.917767 0.559682
vt 0.917797 0.572962
vt 0.912527 0.572962
vt 0.913295 0.562087
vt 0.667360 0.711484
vt 0.672178 0.713619
vt 0.473152 0.983293
vt 0.470023 0.983997
vt 0.470264 0.978381
vt 0.473152 0.977708
vt 0.776743 0.503939
vt 0.776743 0.536907
vt 0.771196 0.536792
vt 0.771196 0.503824
vt 0.540552 0.927351
vt 0.540552 0.937450
vt 0.535735 0.935502
vt 0.535272 0.927905
vt 0.665760 0.736275
vt 0.670969 0.733471
vt 0.670793 0.733665
vt 0.226169 0.792679
vt 0.226169 0.767818
vt 0.232674 0.767263
vt 0.232674 0.792124
vt 0.908646 0.303856
vt 0.908646 0.292441
vt 0.912818 0.296277
vt 0.912818 0.307691
vt 0.255885 0.835798
vt 0.261775 0.832984
vt 0.030591 0.966362
vt 0.035257 0.967270
vt 0.035257 0.972818
vt 0.030591 0.971910
vt 0.952667 0.300135
vt 0.952667 0.292441
vt 0.957743 0.292526
vt 0.957743 0.300220
vt 0.913289 0.431542
vt 0.910261 0.431482
vt 0.910261 0.426285
vt 0.913289 0.426345
vt 0.077716 0.872410
vt 0.082218 0.875652
vt 0.511953 0.839982
vt 0.511953 0.823370
vt 0.517912 0.826035
vt 0.517912 0.842648
vt 0.811931 0.245494
vt 0.812310 0.238444
vt 0.818234 0.235702
vt 0.817855 0.242752
vt 0.013222 0.920648
vt 0.013222 0.929739
vt 0.008425 0.926951
vt 0.008425 0.917860
vt 0.475520 0.954963
vt 0.475520 0.960857
vt 0.470023 0.960104
vt 0.470023 0.954211
vt 0.713661 0.981754
vt 0.717036 0.981741
vt 0.717036 0.987289
vt 0.713661 0.987302
vt 0.746924 0.724523
vt 0.748227 0.704930
vt 0.753399 0.705433
vt 0.752097 0.725026
vt 0.815031 0.728636
vt 0.815031 0.707048
vt 0.820288 0.704930
vt 0.820288 0.726519
vt 0.099134 0.717130
vt 0.101064 0.706865
vt 0.106733 0.710101
vt 0.104803 0.717133
vt 0.869069 0.576874
vt 0.869069 0.561690
vt 0.874369 0.559682
vt 0.874369 0.574866
vt 0.812310 0.257738
vt 0.818234 0.254996
vt 0.226169 0.827037
vt 0.226169 0.809530
vt 0.231716 0.812972
vt 0.231716 0.830480
vt 0.908098 0.911193
vt 0.907616 0.906835
vt 0.912350 0.908977
vt 0.912833 0.913335
vt 0.865347 0.755237
vt 0.865347 0.771919
vt 0.860731 0.774307
vt 0.860731 0.757625
vt 0.174491 0.172366
vt 0.184291 0.164819
vt 0.827444 0.398062
vt 0.827444 0.419795
vt 0.822405 0.419172
vt 0.822405 0.397439
vt 0.798180 0.704930
vt 0.797650 0.716399
vt 0.792502 0.714617
vt 0.792711 0.705865
vt 0.540886 0.825358
vt 0.540886 0.844977
vt 0.535727 0.845597
vt 0.535727 0.825978
vt 0.585816 0.893568
vt 0.585816 0.880225
vt 0.590941 0.877806
vt 0.590941 0.891149
vt 0.901662 0.133153
vt 0.901662 0.146898
vt 0.896155 0.146229
vt 0.896155 0.132483
vt 0.324665 0.922516
vt 0.324665 0.929868
vt 0.319196 0.926304
vt 0.319196 0.918952
vt 0.949641 0.008425
vt 0.949641 0.015871
vt 0.944958 0.017834
vt 0.944958 0.010388
vt 0.084546 0.252930
vt 0.908098 0.899507
vt 0.912833 0.901649
vt 0.779200 0.348277
vt 0.779200 0.380064
vt 0.774464 0.378234
vt 0.774464 0.346447
vt 0.844583 0.503824
vt 0.844583 0.523338
vt 0.839456 0.524186
vt 0.839456 0.504672
vt 0.348350 0.886225
vt 0.348350 0.898520
vt 0.341909 0.899583
vt 0.341909 0.887288
vt 0.775651 0.704930
vt 0.775651 0.736670
vt 0.770250 0.738386
vt 0.770250 0.706646
vt 0.670690 0.731357
vt 0.857782 0.467270
vt 0.857782 0.449550
vt 0.862878 0.448533
vt 0.862878 0.466253
vt 0.695514 0.278953
vt 0.695514 0.254593
vt 0.700591 0.254600
vt 0.700592 0.278960
vt 0.072465 0.272958
vt 0.470023 0.704401
vt 0.470712 0.681849
vt 0.476327 0.682616
vt 0.475639 0.705168
vt 0.063484 0.287845
vt 0.957904 0.372522
vt 0.957904 0.379898
vt 0.952745 0.378150
vt 0.952442 0.373494
vt 0.013613 0.946589
vt 0.013613 0.954186
vt 0.008425 0.954490
vt 0.008425 0.946894
vt 0.739408 0.077849
vt 0.737997 0.071714
vt 0.743185 0.071402
vt 0.745144 0.077605
vt 0.101200 0.700881
vt 0.101897 0.696861
vt 0.107566 0.700097
vt 0.106869 0.704117
vt 0.341909 0.862105
vt 0.342502 0.852115
vt 0.347445 0.853277
vt 0.346852 0.863267
vt 0.688407 0.216849
vt 0.694074 0.216861
vt 0.850992 0.095399
vt 0.850992 0.114504
vt 0.846021 0.115538
vt 0.846021 0.096433
vt 0.670046 0.727556
vt 0.905482 0.847680
vt 0.905482 0.834124
vt 0.910622 0.833359
vt 0.910622 0.846915
vt 0.924813 0.132483
vt 0.924813 0.142103
vt 0.918513 0.143811
vt 0.918513 0.134192
vt 0.738048 0.066962
vt 0.743235 0.066650
vt 0.843973 0.903380
vt 0.843973 0.914899
vt 0.839056 0.912330
vt 0.839056 0.900810
vt 0.114456 0.178410
vt 0.119294 0.178302
vt 0.831948 0.656735
vt 0.830980 0.649955
vt 0.835899 0.651215
vt 0.836866 0.657995
vt 0.953081 0.730520
vt 0.953081 0.737141
vt 0.947666 0.738349
vt 0.947666 0.731728
vt 0.535272 0.910500
vt 0.535272 0.897981
vt 0.540654 0.896633
vt 0.540654 0.909152
vt 0.342502 0.868212
vt 0.347445 0.869374
vt 0.695514 0.299873
vt 0.700592 0.299879
vt 0.948593 0.457414
vt 0.948593 0.448533
vt 0.952885 0.449021
vt 0.952885 0.457902
vt 0.952023 0.244030
vt 0.946639 0.242230
vt 0.946639 0.235702
vt 0.952023 0.237503
vt 0.868314 0.055217
vt 0.868314 0.071840
vt 0.862820 0.071067
vt 0.862820 0.054444
vt 0.227955 0.722922
vt 0.229978 0.715595
vt 0.235524 0.716760
vt 0.233501 0.724087
vt 0.832207 0.687737
vt 0.832207 0.675625
vt 0.836515 0.675953
vt 0.836515 0.688064
vt 0.747740 0.990438
vt 0.745636 0.991316
vt 0.745636 0.985768
vt 0.747740 0.984890
vt 0.770250 0.859476
vt 0.770250 0.840798
vt 0.775797 0.840715
vt 0.775797 0.859393
vt 0.849375 0.398536
vt 0.849375 0.417440
vt 0.844295 0.416343
vt 0.844295 0.397439
vt 0.719090 0.931687
vt 0.719090 0.940312
vt 0.713661 0.941456
vt 0.713661 0.932831
vt 0.258180 0.985460
vt 0.255349 0.984837
vt 0.255349 0.979170
vt 0.258180 0.979792
vt 0.445146 0.219032
vt 0.445890 0.222206
vt 0.439657 0.220268
vt 0.438913 0.217094
vt 0.700592 0.316730
vt 0.700592 0.327874
vt 0.695126 0.329373
vt 0.695126 0.318230
vt 0.955413 0.397439
vt 0.959919 0.399842
vt 0.959919 0.405510
vt 0.955413 0.403107
vt 0.162248 0.975376
vt 0.157757 0.974729
vt 0.157757 0.969181
vt 0.162248 0.969828
vt 0.535847 0.767891
vt 0.536798 0.735261
vt 0.540922 0.739149
vt 0.540922 0.769300
vt 0.885170 0.486661
vt 0.879729 0.486338
vt 0.879729 0.480790
vt 0.885170 0.481113
vt 0.831948 0.638225
vt 0.836866 0.639485
vt 0.929669 0.327469
vt 0.929669 0.318812
vt 0.936193 0.319035
vt 0.936193 0.327693
vt 0.928732 0.672792
vt 0.928732 0.684041
vt 0.923600 0.684858
vt 0.923600 0.673609
vt 0.716600 0.110928
vt 0.716600 0.130986
vt 0.710992 0.133847
vt 0.710925 0.114155
vt 0.511863 0.972910
vt 0.516015 0.972243
vt 0.516015 0.977439
vt 0.511863 0.978107
vt 0.900952 0.247475
vt 0.900952 0.235702
vt 0.907345 0.237021
vt 0.907345 0.248794
vt 0.653252 0.253909
vt 0.649947 0.270466
vt 0.644789 0.269835
vt 0.648093 0.253278
vt 0.209265 0.956014
vt 0.209265 0.961711
vt 0.203765 0.962444
vt 0.203765 0.956747
vt 0.929683 0.935704
vt 0.929683 0.926907
vt 0.935261 0.927912
vt 0.935261 0.936710
vt 0.716599 0.147870
vt 0.711319 0.148940
vt 0.931831 0.879064
vt 0.931831 0.868591
vt 0.936908 0.868515
vt 0.936908 0.878987
vt 0.890765 0.899507
vt 0.890765 0.912684
vt 0.885224 0.912970
vt 0.885224 0.899792
vt 0.652759 0.235702
vt 0.647809 0.237687
vt 0.861433 0.522129
vt 0.861433 0.504504
vt 0.866465 0.503824
vt 0.866465 0.521448
vt 0.445890 0.208361
vt 0.443681 0.214453
vt 0.437448 0.212515
vt 0.439657 0.206423
vt 0.669879 0.723788
vt 0.885165 0.069513
vt 0.885165 0.054444
vt 0.890238 0.055571
vt 0.890238 0.070640
vt 0.924196 0.274907
vt 0.924196 0.264070
vt 0.929862 0.263949
vt 0.929862 0.274786
vt 0.815492 0.959392
vt 0.820604 0.959473
vt 0.820604 0.966000
vt 0.815492 0.965920
vt 0.187747 0.865840
vt 0.187747 0.880632
vt 0.182536 0.878729
vt 0.182536 0.863937
vt 0.058183 0.200979
vt 0.061512 0.201272
vt 0.890849 0.329243
vt 0.885663 0.329335
vt 0.885663 0.323787
vt 0.890849 0.323695
vt 0.231499 0.882586
vt 0.231499 0.896284
vt 0.226169 0.894743
vt 0.226169 0.881045
vt 0.226169 0.941477
vt 0.232663 0.940822
vt 0.232663 0.947349
vt 0.226169 0.948004
vt 0.879296 0.600294
vt 0.879296 0.616404
vt 0.874369 0.617630
vt 0.874369 0.601520
vt 0.030591 0.897299
vt 0.030591 0.885354
vt 0.036824 0.883417
vt 0.036824 0.895362
vt 0.910843 0.986341
vt 0.907616 0.986901
vt 0.907616 0.981705
vt 0.910843 0.981144
vt 0.756453 0.431211
vt 0.755304 0.424785
vt 0.761717 0.423566
vt 0.762866 0.429992
vt 0.902553 0.600295
vt 0.902553 0.612218
vt 0.896147 0.613473
vt 0.896147 0.601550
vt 0.320682 0.800272
vt 0.320682 0.778936
vt 0.325015 0.776068
vt 0.325015 0.797403
vt 0.716600 0.095399
vt 0.710925 0.098626
vt 0.120045 0.195198
vt 0.137371 0.180125
vt 0.653252 0.296115
vt 0.648093 0.295484
vt 0.081181 0.203424
vt 0.662730 0.658886
vt 0.665011 0.637631
vt 0.670040 0.636931
vt 0.667759 0.658187
vt 0.748227 0.744306
vt 0.753399 0.744809
vt 0.652009 0.309874
vt 0.646851 0.309243
vt 0.470712 0.728225
vt 0.476327 0.728992
vt 0.099134 0.945790
vt 0.099134 0.938889
vt 0.104422 0.936850
vt 0.104422 0.943751
vt 0.651722 0.329596
vt 0.646564 0.328965
vt 0.385155 0.952545
vt 0.385155 0.958897
vt 0.380065 0.959944
vt 0.380065 0.953592
vt 0.665011 0.693339
vt 0.663692 0.674227
vt 0.668721 0.673528
vt 0.670040 0.692640
vt 0.095587 0.183492
vt 0.100421 0.181962
vt 0.662371 0.662235
vt 0.667400 0.661536
vt 0.951611 0.901990
vt 0.955716 0.899507
vt 0.955716 0.906035
vt 0.951611 0.908518
vt 0.754970 0.417118
vt 0.761383 0.415899
vt 0.100765 0.203632
vt 0.695514 0.235702
vt 0.700592 0.235709
vt 0.103853 0.962641
vt 0.103853 0.969162
vt 0.099615 0.968459
vt 0.099134 0.964571
vt 0.124659 0.175568
vt 0.662371 0.586073
vt 0.666802 0.559682
vt 0.672290 0.560499
vt 0.667858 0.586889
vt 0.129091 0.170306
vt 0.721147 0.008425
vt 0.720810 0.024231
vt 0.714458 0.025739
vt 0.714795 0.009933
vt 0.934648 0.567268
vt 0.936254 0.559682
vt 0.939567 0.565307
vt 0.939567 0.570086
vt 0.665526 0.599308
vt 0.671013 0.600124
vt 0.884552 0.843797
vt 0.883740 0.836128
vt 0.888632 0.833359
vt 0.887866 0.839084
vt 0.666802 0.619264
vt 0.672290 0.620081
vt 0.885073 0.849953
vt 0.888632 0.845542
vt 0.013740 0.815575
vt 0.013740 0.835063
vt 0.008425 0.833470
vt 0.008425 0.813982
vt 0.721121 0.038365
vt 0.721147 0.056772
vt 0.714795 0.058279
vt 0.714769 0.039873
vt 0.739957 0.061703
vt 0.745144 0.061390
vt 0.720756 0.026790
vt 0.714405 0.028297
vt 0.822584 0.054444
vt 0.822584 0.073558
vt 0.817302 0.077394
vt 0.817302 0.058281
vt 0.877997 0.267807
vt 0.883861 0.268977
vt 0.883861 0.275505
vt 0.877997 0.274335
vt 0.441573 0.949344
vt 0.446577 0.950752
vt 0.446577 0.957280
vt 0.441573 0.955871
vt 0.614913 0.669162
vt 0.617734 0.657591
vt 0.615599 0.661636
vt 0.617734 0.669193
vt 0.637093 0.160034
vt 0.020304 0.388597
vt 0.612952 0.008463
vt 0.618458 0.010101
vt 0.623826 0.010907
vt 0.628957 0.010891
vt 0.633654 0.010053
vt 0.637736 0.008425
vt 0.033587 0.201282
vt 0.034386 0.196858
vt 0.034386 0.191941
vt 0.034066 0.188855
vt 0.658933 0.106117
vt 0.660545 0.102804
vt 0.667068 0.108836
vt 0.666159 0.110585
vt 0.663218 0.098678
vt 0.668873 0.106049
vt 0.666294 0.095399
vt 0.670950 0.103835
vt 0.669365 0.542445
vt 0.667691 0.538381
vt 0.676255 0.534021
vt 0.677386 0.536765
vt 0.666799 0.533695
vt 0.675653 0.530856
vt 0.666724 0.528564
vt 0.675602 0.527391
vt 0.667468 0.523187
vt 0.676105 0.523760
vt 0.669248 0.517086
vt 0.677386 0.519417
vt 0.757372 0.124730
vt 0.760660 0.124754
vt 0.756951 0.119063
vt 0.760239 0.119087
vt 0.756858 0.113360
vt 0.760146 0.113384
vt 0.664648 0.711504
vt 0.663032 0.737129
vt 0.008425 0.762236
vt 0.008425 0.728753
vt 0.013488 0.725710
vt 0.014020 0.725931
vt 0.014020 0.758873
vt 0.208796 0.608069
vt 0.208799 0.608452
vt 0.735962 0.603360
vt 0.741338 0.604812
vt 0.740837 0.604954
vt 0.208931 0.714561
vt 0.208931 0.724114
vt 0.208821 0.723847
vt 0.207077 0.714806
vt 0.841441 0.988412
vt 0.839056 0.986799
vt 0.841067 0.981927
vt 0.841441 0.981805
vt 0.282614 0.083778
vt 0.279270 0.096251
vt 0.274517 0.099947
vt 0.270394 0.097184
vt 0.304421 0.069290
vt 0.290708 0.081575
vt 0.285598 0.079272
vt 0.295962 0.063622
vt 0.720905 0.518142
vt 0.720198 0.521923
vt 0.717181 0.521901
vt 0.717888 0.518120
vt 0.246528 0.151387
vt 0.237048 0.167348
vt 0.232965 0.164793
vt 0.239820 0.147073
vt 0.257587 0.135308
vt 0.248578 0.129452
vt 0.269799 0.119728
vt 0.253722 0.121057
vt 0.260651 0.121394
vt 0.264643 0.116454
vt 0.142013 0.697375
vt 0.139616 0.681347
vt 0.143875 0.685434
vt 0.227069 0.162027
vt 0.230542 0.146307
vt 0.231547 0.143193
vt 0.237683 0.124341
vt 0.258901 0.112606
vt 0.255132 0.118757
vt 0.254485 0.110535
vt 0.264237 0.105446
vt 0.260745 0.097268
vt 0.262008 0.093251
vt 0.280543 0.082806
vt 0.282299 0.078002
vt 0.285088 0.080042
vt 0.536953 0.717849
vt 0.536933 0.713272
vt 0.540127 0.713172
vt 0.540127 0.718264
vt 0.267503 0.076690
vt 0.256159 0.090507
vt 0.245140 0.087576
vt 0.255966 0.073621
vt 0.278719 0.055534
vt 0.275871 0.060905
vt 0.257986 0.067962
vt 0.263833 0.051574
vt 0.721986 0.536250
vt 0.723501 0.538942
vt 0.720484 0.538920
vt 0.718969 0.536228
vt 0.247393 0.104516
vt 0.243716 0.105966
vt 0.233587 0.103271
vt 0.521555 0.565734
vt 0.515906 0.584313
vt 0.504531 0.580305
vt 0.508179 0.561021
vt 0.562194 0.688393
vt 0.562745 0.691698
vt 0.559879 0.691945
vt 0.559173 0.688082
vt 0.508079 0.602486
vt 0.504400 0.608955
vt 0.499141 0.599337
vt 0.509760 0.524643
vt 0.492157 0.521527
vt 0.492301 0.518412
vt 0.499155 0.516861
vt 0.561719 0.682733
vt 0.558697 0.682421
vt 0.493327 0.545678
vt 0.500115 0.559594
vt 0.493255 0.558380
vt 0.471874 0.496826
vt 0.473088 0.515984
vt 0.466432 0.516571
vt 0.454224 0.523003
vt 0.449988 0.499142
vt 0.600719 0.381555
vt 0.600916 0.377612
vt 0.611526 0.377012
vt 0.612012 0.381977
vt 0.492712 0.565942
vt 0.485627 0.559311
vt 0.486950 0.558193
vt 0.493363 0.539291
vt 0.493339 0.543468
vt 0.485239 0.551252
vt 0.476043 0.542748
vt 0.475698 0.538769
vt 0.473405 0.520973
vt 0.482231 0.521234
vt 0.482605 0.497143
vt 0.482741 0.518556
vt 0.720864 0.533074
vt 0.717847 0.533052
vt 0.601558 0.372136
vt 0.603125 0.358755
vt 0.610433 0.358341
vt 0.611210 0.371614
vt 0.473224 0.518121
vt 0.719952 0.525770
vt 0.720177 0.529535
vt 0.717160 0.529513
vt 0.716935 0.525748
vt 0.617822 0.356909
vt 0.621379 0.371381
vt 0.619943 0.375380
vt 0.617408 0.382253
vt 0.477358 0.557910
vt 0.477625 0.563387
vt 0.471728 0.558506
vt 0.469836 0.539390
vt 0.466394 0.539754
vt 0.457631 0.540681
vt 0.461098 0.559631
vt 0.464492 0.579122
vt 0.450777 0.582426
vt 0.444990 0.563509
vt 0.445569 0.543580
vt 0.444516 0.525336
vt 0.561921 0.677021
vt 0.558899 0.676710
vt 0.467683 0.598408
vt 0.459688 0.608955
vt 0.456884 0.601011
vt 0.441515 0.451421
vt 0.445751 0.475282
vt 0.417786 0.457124
vt 0.449471 0.496231
vt 0.448492 0.499502
vt 0.434565 0.502849
vt 0.424611 0.480362
vt 0.470343 0.472680
vt 0.458480 0.487678
vt 0.468812 0.448533
vt 0.473388 0.454958
vt 0.473337 0.457198
vt 0.482452 0.473037
vt 0.494385 0.473390
vt 0.495500 0.449321
vt 0.505266 0.460665
vt 0.516955 0.477385
vt 0.513808 0.498051
vt 0.505892 0.489324
vt 0.301150 0.013223
vt 0.289934 0.034379
vt 0.283115 0.008425
vt 0.271699 0.029528
vt 0.295780 0.033342
vt 0.319698 0.021923
vt 0.307551 0.025169
vt 0.309309 0.043466
vt 0.303330 0.052495
vt 0.284136 0.058075
vt 0.323003 0.052643
vt 0.329125 0.046997
vt 0.331268 0.048963
vt 0.326676 0.054923
vt 0.300700 0.056466
vt 0.534791 0.483669
vt 0.526576 0.505671
vt 0.514701 0.501487
vt 0.520206 0.522735
vt 0.458744 0.457855
vt 0.518362 0.527673
vt 0.520140 0.545819
vt 0.509944 0.542227
vt 0.541846 0.464775
vt 0.539530 0.460442
vt 0.520552 0.453756
vt 0.416232 0.461434
vt 0.442270 0.520260
vt 0.460510 0.489468
vt 0.513357 0.501014
vt 0.503811 0.490955
vt 0.493271 0.497458
vt 0.489576 0.459827
vt 0.491862 0.458676
vt 0.591129 0.416198
vt 0.588782 0.417448
vt 0.587134 0.415841
vt 0.624827 0.414419
vt 0.615010 0.408125
vt 0.613437 0.396519
vt 0.624735 0.394329
vt 0.629310 0.413550
vt 0.498885 0.540269
vt 0.484350 0.558116
vt 0.609522 0.413633
vt 0.600064 0.406515
vt 0.599933 0.397283
vt 0.625112 0.354470
vt 0.629310 0.363738
vt 0.476310 0.545824
vt 0.627526 0.415948
vt 0.482929 0.552175
vt 0.589632 0.396362
vt 0.591906 0.372973
vt 0.596178 0.358134
vt 0.485727 0.553234
vt 0.584764 0.367580
vt 0.589858 0.356502
vt 0.502521 0.540913
vt 0.593403 0.376940
vt 0.595669 0.381442
vt 0.470259 0.591425
vt 0.497205 0.593451
vt 0.465890 0.553810
vt 0.504496 0.556169
vt 0.492382 0.516660
vt 0.475597 0.458928
vt 0.479339 0.460098
vt 0.485400 0.460310
vt 0.481895 0.448920
vt 0.478614 0.452308
vt 0.475482 0.454021
vt 0.491634 0.456211
vt 0.489760 0.454926
vt 0.456143 0.456169
vt 0.448854 0.472002
vt 0.485215 0.452541
vt 0.513048 0.471952
vt 0.507224 0.458544
vt 0.464396 0.449000
vt 0.498886 0.449921
vt 0.262637 0.107594
vt 0.263189 0.115479
vt 0.274406 0.063669
vt 0.278891 0.010657
vt 0.275871 0.017834
vt 0.286542 0.059204
vt 0.314325 0.046827
vt 0.148875 0.695203
vt 0.148875 0.700774
vt 0.146340 0.706369
vt 0.143310 0.713427
vt 0.289236 0.083370
vt 0.295780 0.092418
vt 0.288226 0.087538
vt 0.252379 0.109547
vt 0.246090 0.106597
vt 0.270442 0.110970
vt 0.271918 0.117348
vt 0.250909 0.105266
vt 0.513760 0.605801
vt 0.511303 0.608265
vt 0.575570 0.367740
vt 0.584409 0.353922
vt 0.259539 0.092093
vt 0.258425 0.097474
vt 0.252591 0.103466
vt 0.523633 0.588821
vt 0.259751 0.119206
vt 0.235588 0.123784
vt 0.227050 0.121513
vt 0.272365 0.104281
vt 0.147307 0.690722
vt 0.285916 0.094472
vt 0.294195 0.093972
vt 0.311228 0.073670
vt 0.326375 0.043665
vt 0.297246 0.090640
vt 0.325362 0.040439
vt 0.322656 0.023310
vt 0.327162 0.037356
vt 0.342125 0.036175
vt 0.338374 0.040727
vt 0.336289 0.039292
vt 0.338683 0.034050
vt 0.309346 0.027068
vt 0.330792 0.037557
vt 0.331984 0.029561
vt 0.283555 0.357415
vt 0.292280 0.371868
vt 0.289891 0.375652
vt 0.286613 0.371835
vt 0.262940 0.347856
vt 0.267841 0.340094
vt 0.280042 0.353543
vt 0.276774 0.357093
vt 0.329597 0.416216
vt 0.332447 0.412582
vt 0.348783 0.423532
vt 0.347454 0.424757
vt 0.313021 0.405737
vt 0.317205 0.399992
vt 0.298364 0.393722
vt 0.300315 0.391513
vt 0.305057 0.395292
vt 0.310446 0.393140
vt 0.338887 0.405646
vt 0.341553 0.407663
vt 0.353373 0.418589
vt 0.325685 0.390856
vt 0.303642 0.386244
vt 0.307079 0.382541
vt 0.308594 0.391264
vt 0.298808 0.364836
vt 0.300326 0.369096
vt 0.298367 0.379570
vt 0.285168 0.355678
vt 0.280643 0.354205
vt 0.282667 0.351077
vt 0.357191 0.427963
vt 0.360649 0.424245
vt 0.367925 0.429901
vt 0.366252 0.431078
vt 0.295318 0.344744
vt 0.306616 0.335993
vt 0.314151 0.351573
vt 0.303360 0.359932
vt 0.281263 0.325635
vt 0.295841 0.314343
vt 0.303850 0.330437
vt 0.284831 0.330487
vt 0.364903 0.420949
vt 0.370798 0.427675
vt 0.312288 0.373488
vt 0.325858 0.366018
vt 0.315939 0.373701
vt 0.339904 0.358156
vt 0.348043 0.376105
vt 0.336098 0.382791
vt 0.369783 0.418218
vt 0.374094 0.425831
vt 0.347291 0.399068
vt 0.356677 0.393815
vt 0.351732 0.404812
vt 0.326329 0.324283
vt 0.335750 0.314363
vt 0.343463 0.314305
vt 0.344386 0.317280
vt 0.375102 0.416155
vt 0.377685 0.424438
vt 0.717442 0.313313
vt 0.726913 0.304927
vt 0.732296 0.310217
vt 0.358764 0.289202
vt 0.380355 0.287201
vt 0.382160 0.311061
vt 0.368851 0.307214
vt 0.362314 0.307936
vt 0.365734 0.386081
vt 0.376838 0.382360
vt 0.377584 0.387318
vt 0.366905 0.389847
vt 0.722937 0.299767
vt 0.723020 0.297985
vt 0.732586 0.299900
vt 0.349581 0.334061
vt 0.367339 0.329855
vt 0.368140 0.333717
vt 0.361278 0.343747
vt 0.350814 0.338034
vt 0.354365 0.314916
vt 0.363238 0.312815
vt 0.347976 0.291757
vt 0.353181 0.312441
vt 0.380655 0.414840
vt 0.381435 0.423550
vt 0.368535 0.395082
vt 0.378246 0.392757
vt 0.390101 0.407522
vt 0.372518 0.407872
vt 0.362709 0.310026
vt 0.386228 0.414323
vt 0.385360 0.423223
vt 0.388096 0.390093
vt 0.387257 0.405446
vt 0.381907 0.380576
vt 0.385995 0.386539
vt 0.371194 0.348433
vt 0.376748 0.347919
vt 0.372153 0.353815
vt 0.373122 0.329319
vt 0.385163 0.328203
vt 0.376518 0.329004
vt 0.387235 0.346947
vt 0.399382 0.347361
vt 0.398230 0.366871
vt 0.388294 0.366572
vt 0.396837 0.328858
vt 0.391555 0.311588
vt 0.388375 0.414185
vt 0.385600 0.422964
vt 0.388302 0.386325
vt 0.395416 0.386465
vt 0.393484 0.395045
vt 0.380135 0.284290
vt 0.398520 0.264421
vt 0.395282 0.288038
vt 0.381803 0.287282
vt 0.354290 0.265589
vt 0.378550 0.263340
vt 0.369376 0.277775
vt 0.349816 0.241976
vt 0.347395 0.251283
vt 0.346785 0.249132
vt 0.342117 0.268472
vt 0.330120 0.271313
vt 0.315342 0.261498
vt 0.322987 0.248330
vt 0.306969 0.280293
vt 0.321748 0.289308
vt 0.315435 0.299530
vt 0.253154 0.287417
vt 0.270816 0.273736
vt 0.267209 0.306526
vt 0.285067 0.292693
vt 0.261897 0.307349
vt 0.249974 0.302438
vt 0.238717 0.302969
vt 0.252127 0.322772
vt 0.277046 0.330178
vt 0.259166 0.330531
vt 0.244192 0.335339
vt 0.243101 0.336187
vt 0.237419 0.331691
vt 0.237777 0.331208
vt 0.262262 0.333944
vt 0.288239 0.290776
vt 0.315238 0.303078
vt 0.302768 0.310057
vt 0.314036 0.325011
vt 0.361781 0.249028
vt 0.317297 0.329339
vt 0.332572 0.340658
vt 0.321866 0.346651
vt 0.275761 0.274219
vt 0.277359 0.269452
vt 0.297289 0.258297
vt 0.399262 0.244271
vt 0.392396 0.306272
vt 0.367867 0.279897
vt 0.316649 0.302288
vt 0.337253 0.294296
vt 0.324375 0.290410
vt 0.329005 0.256591
vt 0.331607 0.257222
vt 0.345999 0.355792
vt 0.341949 0.357363
vt 0.343065 0.355359
vt 0.379922 0.347625
vt 0.384402 0.347209
vt 0.385943 0.366790
vt 0.374653 0.367836
vt 0.372604 0.356343
vt 0.343917 0.336258
vt 0.364165 0.350098
vt 0.365466 0.352710
vt 0.361062 0.371055
vt 0.358324 0.362240
vt 0.391151 0.405406
vt 0.368760 0.336703
vt 0.381869 0.345458
vt 0.363887 0.344141
vt 0.350615 0.375107
vt 0.358446 0.397192
vt 0.365473 0.410605
vt 0.718478 0.301994
vt 0.359008 0.414223
vt 0.340187 0.337705
vt 0.359286 0.392802
vt 0.360530 0.387739
vt 0.384682 0.379905
vt 0.357802 0.387537
vt 0.380996 0.342316
vt 0.719866 0.324593
vt 0.732586 0.316349
vt 0.342468 0.352690
vt 0.342944 0.312632
vt 0.342041 0.255338
vt 0.345539 0.253425
vt 0.335956 0.256813
vt 0.344431 0.248668
vt 0.340832 0.247672
vt 0.336664 0.245091
vt 0.328620 0.254166
vt 0.330198 0.252533
vt 0.363864 0.246897
vt 0.376745 0.239480
vt 0.374762 0.260774
vt 0.334205 0.249279
vt 0.312725 0.259894
vt 0.309806 0.274161
vt 0.354173 0.241572
vt 0.319513 0.249677
vt 0.299949 0.381571
vt 0.301157 0.390178
vt 0.286668 0.332983
vt 0.275380 0.274371
vt 0.279353 0.281210
vt 0.275173 0.332196
vt 0.249221 0.327375
vt 0.078223 0.684146
vt 0.081976 0.683012
vt 0.081976 0.697499
vt 0.081548 0.691817
vt 0.078601 0.688891
vt 0.278390 0.358569
vt 0.280303 0.362565
vt 0.276963 0.366975
vt 0.308718 0.380775
vt 0.313614 0.375502
vt 0.296364 0.391572
vt 0.295049 0.386736
vt 0.309446 0.375399
vt 0.341143 0.403830
vt 0.344011 0.405765
vt 0.300729 0.362766
vt 0.307836 0.373822
vt 0.302281 0.368643
vt 0.327736 0.389268
vt 0.305073 0.392916
vt 0.292313 0.379902
vt 0.078281 0.679462
vt 0.079999 0.672720
vt 0.282287 0.370526
vt 0.278081 0.368629
vt 0.260032 0.351581
vt 0.238805 0.327321
vt 0.275357 0.365514
vt 0.238694 0.323802
vt 0.236413 0.305450
vt 0.236474 0.321096
vt 0.226170 0.320793
vt 0.228203 0.317988
vt 0.230636 0.324461
vt 0.230280 0.324531
vt 0.248790 0.305085
vt 0.231009 0.314010
vt 0.233759 0.322160
vt 0.535272 0.985245
vt 0.535272 0.978717
vt 0.537466 0.978054
vt 0.537466 0.984582
vt 0.990186 0.672792
vt 0.990186 0.679378
vt 0.988135 0.679622
vt 0.988135 0.673036
vt 0.986428 0.132782
vt 0.986428 0.139368
vt 0.984181 0.139070
vt 0.984181 0.132483
vt 0.974520 0.875021
vt 0.974520 0.868515
vt 0.978010 0.869047
vt 0.978010 0.875553
vt 0.950215 0.510330
vt 0.950215 0.503824
vt 0.955658 0.504860
vt 0.955658 0.511366
vt 0.564245 0.780427
vt 0.557852 0.781635
vt 0.557852 0.769233
vt 0.564245 0.768024
vt 0.967493 0.679298
vt 0.967493 0.672792
vt 0.971284 0.673732
vt 0.971284 0.680238
vt 0.727324 0.532138
vt 0.728447 0.535315
vt 0.977174 0.428966
vt 0.977174 0.422460
vt 0.979888 0.423324
vt 0.979888 0.429830
vt 0.101107 0.986013
vt 0.101107 0.991090
vt 0.099134 0.991575
vt 0.099134 0.986497
vt 0.770074 0.990877
vt 0.770074 0.985799
vt 0.772067 0.986303
vt 0.772067 0.991380
vt 0.133838 0.829676
vt 0.140037 0.827702
vt 0.140605 0.837228
vt 0.134405 0.839202
vt 0.564245 0.792354
vt 0.557852 0.793563
vt 0.861857 0.985580
vt 0.861857 0.980502
vt 0.865109 0.981185
vt 0.865109 0.986263
vt 0.839056 0.871291
vt 0.845007 0.868661
vt 0.845007 0.881330
vt 0.839056 0.883960
vt 0.158250 0.754179
vt 0.164663 0.755398
vt 0.165653 0.760755
vt 0.159240 0.759536
vt 0.730052 0.538088
vt 0.060689 0.790224
vt 0.054807 0.787444
vt 0.054960 0.781859
vt 0.060640 0.781813
vt 0.060757 0.801938
vt 0.054875 0.799157
vt 0.296217 0.682447
vt 0.302497 0.684146
vt 0.303908 0.707773
vt 0.297627 0.706074
vt 0.884707 0.959114
vt 0.890239 0.955717
vt 0.889729 0.956573
vt 0.886963 0.961521
vt 0.134405 0.823031
vt 0.140605 0.821057
vt 0.660358 0.968705
vt 0.660385 0.962199
vt 0.664000 0.960643
vt 0.664000 0.967134
vt 0.932021 0.978101
vt 0.932021 0.984607
vt 0.929683 0.985064
vt 0.929683 0.978558
vt 0.331671 0.039691
vt 0.329871 0.042773
vt 0.969533 0.010473
vt 0.969533 0.017001
vt 0.966492 0.014953
vt 0.966492 0.008425
vt 0.845969 0.071915
vt 0.839435 0.072737
vt 0.839435 0.055266
vt 0.845969 0.054445
vt 0.938970 0.209246
vt 0.939462 0.202999
vt 0.943814 0.206180
vt 0.943814 0.212708
vt 0.720124 0.884607
vt 0.713661 0.885878
vt 0.713661 0.872446
vt 0.720124 0.871176
vt 0.971121 0.269429
vt 0.973534 0.264299
vt 0.973773 0.263949
vt 0.973773 0.270215
vt 0.078223 0.722132
vt 0.078223 0.715546
vt 0.082104 0.714350
vt 0.082104 0.720936
vt 0.105238 0.823824
vt 0.099134 0.826077
vt 0.099134 0.807374
vt 0.105238 0.805122
vt 0.816352 0.872265
vt 0.821892 0.875675
vt 0.821892 0.888079
vt 0.816352 0.884668
vt 0.470559 0.832212
vt 0.476449 0.835026
vt 0.475913 0.842582
vt 0.470023 0.839769
vt 0.380065 0.863910
vt 0.385956 0.866855
vt 0.385956 0.879778
vt 0.380065 0.876833
vt 0.535240 0.206423
vt 0.541813 0.206842
vt 0.541813 0.222218
vt 0.535240 0.221799
vt 0.312059 0.027504
vt 0.300289 0.035676
vt 0.660358 0.848716
vt 0.666328 0.846130
vt 0.666644 0.857706
vt 0.660673 0.860292
vt 0.157757 0.889436
vt 0.163336 0.886047
vt 0.163336 0.897253
vt 0.157757 0.900643
vt 0.950642 0.681065
vt 0.945583 0.681495
vt 0.945583 0.673221
vt 0.950642 0.672792
vt 0.689141 0.613046
vt 0.695709 0.613527
vt 0.695840 0.621375
vt 0.689271 0.620894
vt 0.495102 0.785445
vt 0.495102 0.792032
vt 0.493428 0.791811
vt 0.493428 0.785225
vt 0.912326 0.095399
vt 0.916798 0.097804
vt 0.917566 0.108679
vt 0.912296 0.108679
vt 0.729980 0.538475
vt 0.725409 0.541099
vt 0.055103 0.777894
vt 0.060757 0.777480
vt 0.784463 0.638433
vt 0.790966 0.638225
vt 0.790966 0.665821
vt 0.784463 0.666028
vt 0.929788 0.246675
vt 0.924483 0.247098
vt 0.924196 0.239180
vt 0.929788 0.235702
vt 0.721245 0.516608
vt 0.726522 0.518681
vt 0.726717 0.518855
vt 0.689141 0.765806
vt 0.695645 0.766361
vt 0.695645 0.791222
vt 0.689141 0.790667
vt 0.635363 0.781668
vt 0.641180 0.778752
vt 0.640762 0.790385
vt 0.634946 0.793300
vt 0.476449 0.850000
vt 0.470559 0.847186
vt 0.947666 0.713669
vt 0.947666 0.707163
vt 0.952618 0.704930
vt 0.952618 0.711436
vt 0.952449 0.346531
vt 0.957525 0.346447
vt 0.957525 0.354141
vt 0.952449 0.354226
vt 0.980249 0.095654
vt 0.980249 0.102240
vt 0.977236 0.101985
vt 0.977236 0.095399
vt 0.660673 0.845633
vt 0.666644 0.843047
vt 0.441573 0.826509
vt 0.447532 0.823844
vt 0.447532 0.840456
vt 0.441573 0.843122
vt 0.811823 0.460777
vt 0.817747 0.463518
vt 0.818127 0.470569
vt 0.812203 0.467827
vt 0.641180 0.799283
vt 0.635363 0.802198
vt 0.295748 0.974443
vt 0.295748 0.969366
vt 0.300310 0.968255
vt 0.300310 0.973333
vt 0.585816 0.971130
vt 0.585816 0.964624
vt 0.589596 0.963571
vt 0.589596 0.970077
vt 0.734099 0.185836
vt 0.740678 0.185512
vt 0.742569 0.205127
vt 0.735991 0.205451
vt 0.748365 0.256124
vt 0.742251 0.253675
vt 0.742934 0.235702
vt 0.749048 0.238151
vt 0.723927 0.366966
vt 0.729596 0.366963
vt 0.731526 0.373994
vt 0.725857 0.377231
vt 0.054239 0.854165
vt 0.059897 0.857378
vt 0.059897 0.871102
vt 0.054239 0.867889
vt 0.812203 0.448533
vt 0.818127 0.451275
vt 0.824850 0.563125
vt 0.830396 0.559682
vt 0.830396 0.577190
vt 0.824850 0.580633
vt 0.689598 0.879933
vt 0.695766 0.877624
vt 0.695309 0.881860
vt 0.689141 0.884169
vt 0.386144 0.847059
vt 0.380065 0.844525
vt 0.380065 0.828637
vt 0.386144 0.831172
vt 0.318834 0.049162
vt 0.307839 0.054829
vt 0.540886 0.807884
vt 0.535847 0.808507
vt 0.535847 0.786774
vt 0.540886 0.786151
vt 0.298162 0.776068
vt 0.303831 0.779260
vt 0.301886 0.786143
vt 0.296217 0.786153
vt 0.807816 0.638225
vt 0.814129 0.640102
vt 0.814129 0.660533
vt 0.807816 0.658656
vt 0.907429 0.718900
vt 0.901708 0.715637
vt 0.901708 0.704930
vt 0.907429 0.708193
vt 0.188939 0.909027
vt 0.182536 0.910176
vt 0.182536 0.898632
vt 0.188939 0.897483
vt 0.930753 0.482581
vt 0.925284 0.486145
vt 0.925284 0.478793
vt 0.930753 0.475229
vt 0.949926 0.647634
vt 0.945243 0.645671
vt 0.945243 0.638225
vt 0.949926 0.640188
vt 0.689171 0.600598
vt 0.695740 0.601079
vt 0.695766 0.889076
vt 0.689598 0.891386
vt 0.778829 0.324229
vt 0.774093 0.326059
vt 0.774093 0.294271
vt 0.778829 0.292441
vt 0.713661 0.797674
vt 0.720031 0.799348
vt 0.720031 0.819286
vt 0.713661 0.817613
vt 0.641386 0.900371
vt 0.634946 0.899307
vt 0.634946 0.887013
vt 0.641386 0.888076
vt 0.660358 0.760082
vt 0.666829 0.761309
vt 0.666829 0.788735
vt 0.660358 0.787508
vt 0.726659 0.520987
vt 0.749048 0.275255
vt 0.742934 0.272805
vt 0.695007 0.469459
vt 0.700084 0.469452
vt 0.700084 0.493812
vt 0.695007 0.493819
vt 0.689229 0.577128
vt 0.695797 0.577609
vt 0.717443 0.258128
vt 0.723947 0.258263
vt 0.725400 0.281134
vt 0.718895 0.280999
vt 0.689271 0.559682
vt 0.695840 0.560163
vt 0.805882 0.148840
vt 0.801525 0.144008
vt 0.804029 0.143763
vt 0.809406 0.145559
vt 0.937335 0.166650
vt 0.943865 0.165791
vt 0.943865 0.173373
vt 0.937335 0.174231
vt 0.740951 0.013388
vt 0.747381 0.015982
vt 0.744974 0.021904
vt 0.738908 0.019338
vt 0.725993 0.383215
vt 0.731662 0.379979
vt 0.732359 0.383999
vt 0.726690 0.387235
vt 0.157757 0.859207
vt 0.162700 0.858045
vt 0.163292 0.868035
vt 0.158350 0.869197
vt 0.297627 0.658761
vt 0.303908 0.660460
vt 0.852218 0.579821
vt 0.847247 0.578787
vt 0.847247 0.559682
vt 0.852218 0.560716
vt 0.726413 0.524834
vt 0.302334 0.897611
vt 0.295748 0.897712
vt 0.295748 0.884419
vt 0.302334 0.884318
vt 0.036891 0.925477
vt 0.030591 0.923769
vt 0.030591 0.914150
vt 0.036891 0.915858
vt 0.744063 0.026689
vt 0.737997 0.024123
vt 0.060508 0.899709
vt 0.054239 0.901451
vt 0.054239 0.889695
vt 0.060508 0.887953
vt 0.279026 0.102282
vt 0.276874 0.106616
vt 0.833203 0.009685
vt 0.838122 0.008425
vt 0.837154 0.015205
vt 0.832235 0.016465
vt 0.274951 0.113305
vt 0.256888 0.111882
vt 0.258231 0.123391
vt 0.158350 0.853100
vt 0.163292 0.851938
vt 0.695007 0.448540
vt 0.700085 0.448533
vt 0.470023 0.930012
vt 0.476440 0.928530
vt 0.476440 0.935878
vt 0.470023 0.937360
vt 0.952096 0.263949
vt 0.952096 0.270477
vt 0.946713 0.272278
vt 0.946713 0.265750
vt 0.879787 0.705196
vt 0.884857 0.704930
vt 0.884857 0.721323
vt 0.879787 0.721589
vt 0.511863 0.955392
vt 0.511863 0.948886
vt 0.517810 0.948420
vt 0.517810 0.954926
vt 0.921604 0.009465
vt 0.928108 0.008425
vt 0.928108 0.018350
vt 0.921604 0.019390
vt 0.278815 0.979482
vt 0.278815 0.985988
vt 0.276726 0.985323
vt 0.276726 0.978817
vt 0.867329 0.816312
vt 0.862361 0.815261
vt 0.862361 0.798000
vt 0.867329 0.799051
vt 0.157757 0.816417
vt 0.164343 0.816382
vt 0.164343 0.835052
vt 0.157757 0.835087
vt 0.267146 0.109928
vt 0.267698 0.117814
vt 0.887112 0.979069
vt 0.887112 0.985655
vt 0.884707 0.985900
vt 0.884707 0.979314
vt 0.470440 0.209597
vt 0.464206 0.211535
vt 0.464951 0.208361
vt 0.471184 0.206423
vt 0.511953 0.796239
vt 0.518526 0.796654
vt 0.518996 0.806519
vt 0.512423 0.806105
vt 0.209265 0.929998
vt 0.209265 0.936504
vt 0.205790 0.939163
vt 0.205790 0.932657
vt 0.345578 0.968694
vt 0.345578 0.975200
vt 0.341909 0.975848
vt 0.341909 0.969342
vt 0.772550 0.481197
vt 0.767268 0.482400
vt 0.766995 0.451920
vt 0.772550 0.448533
vt 0.634946 0.975512
vt 0.634946 0.969006
vt 0.639080 0.969112
vt 0.639080 0.975618
vt 0.838122 0.026935
vt 0.833203 0.028195
vt 0.182415 0.927250
vt 0.188939 0.927027
vt 0.188939 0.935684
vt 0.182415 0.935908
vt 0.512423 0.785225
vt 0.518996 0.785640
vt 0.718365 0.597694
vt 0.712690 0.594468
vt 0.712757 0.574776
vt 0.718365 0.577637
vt 0.615007 0.962871
vt 0.615007 0.969457
vt 0.610804 0.969940
vt 0.610804 0.963354
vt 0.900356 0.674111
vt 0.906749 0.672792
vt 0.906749 0.684565
vt 0.900356 0.685884
vt 0.647796 0.524479
vt 0.641215 0.524216
vt 0.634946 0.506908
vt 0.641527 0.507171
vt 0.264048 0.094427
vt 0.262934 0.099808
vt 0.592258 0.921836
vt 0.585816 0.920922
vt 0.585816 0.910419
vt 0.592258 0.911333
vt 0.713084 0.559682
vt 0.718365 0.560753
vt 0.929683 0.899507
vt 0.934760 0.899584
vt 0.934760 0.910056
vt 0.929683 0.909979
vt 0.054002 0.918302
vt 0.060508 0.918374
vt 0.060508 0.928811
vt 0.054002 0.928739
vt 0.649873 0.542831
vt 0.645307 0.540127
vt 0.861857 0.833359
vt 0.866889 0.834040
vt 0.866889 0.851664
vt 0.861857 0.850984
vt 0.471184 0.220268
vt 0.464951 0.222206
vt 0.462741 0.216114
vt 0.468975 0.214176
vt 0.726638 0.528600
vt 0.850270 0.133764
vt 0.856731 0.132483
vt 0.856731 0.147523
vt 0.850270 0.148803
vt 0.157757 0.917493
vt 0.164199 0.918403
vt 0.164199 0.928317
vt 0.157757 0.927408
vt 0.839056 0.964955
vt 0.839056 0.958427
vt 0.844168 0.958346
vt 0.844168 0.964874
vt 0.588183 0.220913
vt 0.581833 0.222328
vt 0.581833 0.207839
vt 0.588183 0.206423
vt 0.229184 0.142506
vt 0.233693 0.144840
vt 0.232544 0.147979
vt 0.228035 0.145644
vt 0.974499 0.833513
vt 0.974499 0.840019
vt 0.970190 0.839865
vt 0.970190 0.833359
vt 0.885382 0.348070
vt 0.891682 0.346447
vt 0.891682 0.359055
vt 0.885382 0.360678
vt 0.030591 0.948856
vt 0.030591 0.942328
vt 0.037084 0.942983
vt 0.037084 0.949511
vt 0.540654 0.879782
vt 0.535727 0.878556
vt 0.535727 0.862447
vt 0.540654 0.863673
vt 0.891737 0.165791
vt 0.897971 0.167729
vt 0.897971 0.179674
vt 0.891737 0.177736
vt 0.973967 0.933493
vt 0.973967 0.926907
vt 0.977184 0.927821
vt 0.977184 0.934407
vt 0.159240 0.730277
vt 0.165653 0.731496
vt 0.164504 0.737922
vt 0.158091 0.736703
vt 0.904753 0.021604
vt 0.898347 0.020349
vt 0.898347 0.008425
vt 0.904753 0.009680
vt 0.796051 0.346447
vt 0.801528 0.350105
vt 0.801528 0.371336
vt 0.796051 0.367678
vt 0.718365 0.613224
vt 0.712690 0.609997
vt 0.285051 0.085140
vt 0.637285 0.481663
vt 0.643866 0.481926
vt 0.240097 0.126119
vt 0.689500 0.672678
vt 0.694530 0.673378
vt 0.696810 0.694633
vt 0.691781 0.693934
vt 0.735991 0.166116
vt 0.742569 0.165791
vt 0.640543 0.468068
vt 0.647124 0.468331
vt 0.718895 0.235702
vt 0.725400 0.235837
vt 0.932538 0.540809
vt 0.926996 0.537401
vt 0.926996 0.530283
vt 0.932538 0.533691
vt 0.643292 0.448533
vt 0.649873 0.448796
vt 0.564049 0.939636
vt 0.564049 0.946222
vt 0.557852 0.947325
vt 0.557852 0.940739
vt 0.691781 0.638226
vt 0.696810 0.638925
vt 0.695491 0.658037
vt 0.690462 0.657337
vt 0.264260 0.121540
vt 0.694170 0.670029
vt 0.689141 0.669330
vt 0.951062 0.761765
vt 0.951062 0.755237
vt 0.955167 0.757720
vt 0.955167 0.764248
vt 0.157757 0.744370
vt 0.164170 0.745589
vt 0.248225 0.108300
vt 0.700085 0.512704
vt 0.695007 0.512711
vt 0.743399 0.008425
vt 0.747356 0.010824
vt 0.422703 0.934099
vt 0.416232 0.935327
vt 0.416232 0.927270
vt 0.422703 0.926042
vt 0.283779 0.098586
vt 0.706094 0.364165
vt 0.699836 0.365947
vt 0.700819 0.348229
vt 0.707076 0.346447
vt 0.290425 0.096807
vt 0.720403 0.688079
vt 0.714052 0.686572
vt 0.713715 0.670766
vt 0.720066 0.672274
vt 0.934417 0.098217
vt 0.939336 0.095399
vt 0.939336 0.100179
vt 0.936023 0.105803
vt 0.707076 0.377810
vt 0.700819 0.379592
vt 0.740899 0.035384
vt 0.747352 0.037980
vt 0.747381 0.044540
vt 0.743424 0.042141
vt 0.706852 0.394944
vt 0.700595 0.396725
vt 0.738715 0.030006
vt 0.744781 0.032571
vt 0.082218 0.836525
vt 0.077608 0.841115
vt 0.077608 0.825024
vt 0.082218 0.820434
vt 0.720377 0.658140
vt 0.714026 0.656632
vt 0.714052 0.638225
vt 0.720403 0.639733
vt 0.720012 0.669715
vt 0.713661 0.668208
vt 0.823660 0.369396
vt 0.818379 0.365560
vt 0.818379 0.346447
vt 0.823660 0.350283
vt 0.902536 0.486811
vt 0.902536 0.480283
vt 0.908400 0.479113
vt 0.908400 0.485641
vt 0.952112 0.934843
vt 0.952112 0.928316
vt 0.957116 0.926907
vt 0.957116 0.933435
vt 0.356681 0.427894
vt 0.615895 0.348702
vt 0.621424 0.346850
vt 0.610317 0.349783
vt 0.604800 0.350095
vt 0.599556 0.349626
vt 0.594785 0.348394
vt 0.590671 0.346447
vt 0.230621 0.173362
vt 0.226169 0.171274
vt 0.233279 0.174962
vt 0.187709 0.663592
vt 0.194607 0.658631
vt 0.195635 0.660313
vt 0.189548 0.666784
vt 0.197630 0.662967
vt 0.192502 0.670714
vt 0.561482 0.719853
vt 0.568965 0.726106
vt 0.567654 0.728886
vt 0.559540 0.723969
vt 0.566826 0.732108
vt 0.558314 0.728741
vt 0.566514 0.735651
vt 0.557852 0.733986
vt 0.566729 0.739376
vt 0.558171 0.739503
vt 0.567464 0.743142
vt 0.559259 0.745079
vt 0.568965 0.747476
vt 0.561350 0.751173
vt 0.568965 0.657902
vt 0.566383 0.661730
vt 0.563361 0.661419
vt 0.565944 0.657591
vt 0.564298 0.666314
vt 0.561276 0.666003
vt 0.562791 0.671477
vt 0.559770 0.671166
vt 0.722710 0.541361
vt 0.718443 0.516041
vt 0.030871 0.725710
vt 0.036466 0.729072
vt 0.036466 0.762014
vt 0.035934 0.762236
vt 0.030871 0.759193
vt 0.399382 0.240749
vt 0.399369 0.241133
vt 0.775663 0.820387
vt 0.770764 0.823782
vt 0.770250 0.823864
vt 0.770250 0.805012
vt 0.775663 0.801260
vt 0.493836 0.749085
vt 0.495184 0.739243
vt 0.495183 0.739577
vt 0.495184 0.749363
vt 0.978295 0.981371
vt 0.974379 0.981371
vt 0.974767 0.975891
vt 0.974868 0.975645
vt 0.130499 0.151383
vt 0.120790 0.162503
vt 0.115110 0.163834
vt 0.113638 0.158830
vt 0.156303 0.153073
vt 0.138110 0.154712
vt 0.135592 0.149466
vt 0.153283 0.142808
vt 0.666610 0.737378
vt 0.668747 0.739919
vt 0.666288 0.741293
vt 0.664151 0.738752
vt 0.040964 0.183759
vt 0.058502 0.178768
vt 0.076934 0.172791
vt 0.086212 0.169436
vt 0.091392 0.174355
vt 0.097601 0.173026
vt 0.343969 0.707495
vt 0.037951 0.176841
vt 0.051358 0.170115
vt 0.054276 0.169062
vt 0.071369 0.160009
vt 0.095551 0.166059
vt 0.088754 0.168517
vt 0.093296 0.160878
vt 0.103948 0.162703
vt 0.106003 0.152097
vt 0.109354 0.148992
vt 0.129441 0.148952
vt 0.133739 0.145850
vt 0.134722 0.149794
vt 0.754346 0.504346
vt 0.752075 0.509348
vt 0.749204 0.509322
vt 0.751748 0.503824
vt 0.122779 0.133654
vt 0.106366 0.142130
vt 0.099025 0.129650
vt 0.115093 0.120587
vt 0.144474 0.122579
vt 0.138966 0.125390
vt 0.120089 0.116771
vt 0.134556 0.105719
vt 0.258705 0.768834
vt 0.259750 0.772525
vt 0.256919 0.773088
vt 0.255873 0.769397
vt 0.091252 0.149878
vt 0.087425 0.148340
vt 0.080677 0.136868
vt 0.064285 0.147967
vt 0.055955 0.137126
vt 0.070882 0.124121
vt 0.655945 0.109431
vt 0.656766 0.106163
vt 0.657909 0.109934
vt 0.048564 0.159263
vt 0.043088 0.163455
vt 0.042019 0.150746
vt 0.101400 0.101913
vt 0.088562 0.089122
vt 0.090745 0.086876
vt 0.097573 0.089787
vt 0.752113 0.536784
vt 0.754346 0.541361
vt 0.751475 0.541334
vt 0.749242 0.536758
vt 0.069404 0.104564
vt 0.065002 0.118262
vt 0.059999 0.113277
vt 0.089879 0.060293
vt 0.078021 0.075189
vt 0.073277 0.072695
vt 0.061038 0.072137
vt 0.074023 0.052384
vt 0.037142 0.140374
vt 0.034747 0.143500
vt 0.027027 0.137805
vt 0.029533 0.133440
vt 0.054888 0.118898
vt 0.053735 0.110089
vt 0.055416 0.109897
vt 0.074134 0.100183
vt 0.071041 0.103048
vt 0.059246 0.104232
vt 0.058625 0.093631
vt 0.061296 0.090711
vt 0.074933 0.079068
vt 0.081348 0.083800
vt 0.097678 0.066047
vt 0.083513 0.082068
vt 0.258180 0.765139
vt 0.255349 0.765702
vt 0.031800 0.148137
vt 0.024601 0.159466
vt 0.019283 0.155543
vt 0.024788 0.142933
vt 0.076699 0.076850
vt 0.258754 0.758303
vt 0.258197 0.761583
vt 0.255365 0.762146
vt 0.255922 0.758866
vt 0.013861 0.152838
vt 0.018112 0.137615
vt 0.020850 0.134723
vt 0.026322 0.130371
vt 0.048445 0.104754
vt 0.045236 0.109164
vt 0.044366 0.102719
vt 0.057049 0.088593
vt 0.054556 0.087349
vt 0.048207 0.084182
vt 0.036665 0.098878
vt 0.026856 0.115658
vt 0.016951 0.113094
vt 0.025033 0.095864
vt 0.039497 0.081918
vt 0.054027 0.070315
vt 0.750572 0.531628
vt 0.747701 0.531602
vt 0.019156 0.133878
vt 0.010047 0.140733
vt 0.011357 0.131861
vt 0.099994 0.012879
vt 0.087009 0.032631
vt 0.082858 0.008425
vt 0.075608 0.049974
vt 0.072943 0.052103
vt 0.062885 0.049489
vt 0.071742 0.028664
vt 0.104825 0.041518
vt 0.087154 0.047533
vt 0.119770 0.022743
vt 0.118905 0.029882
vt 0.117375 0.031525
vt 0.113625 0.048011
vt 0.122298 0.054409
vt 0.139166 0.037053
vt 0.139927 0.051347
vt 0.138758 0.070809
vt 0.122421 0.084411
vt 0.121494 0.073175
vt 0.187863 0.100428
vt 0.166168 0.111504
vt 0.175848 0.080002
vt 0.154019 0.090850
vt 0.171438 0.114895
vt 0.197339 0.122189
vt 0.185728 0.116143
vt 0.176066 0.134234
vt 0.165861 0.138075
vt 0.147241 0.128934
vt 0.180956 0.150852
vt 0.189219 0.150171
vt 0.161372 0.139765
vt 0.151819 0.087807
vt 0.129758 0.098958
vt 0.121063 0.087642
vt 0.112650 0.107608
vt 0.107023 0.025295
vt 0.107699 0.110111
vt 0.093693 0.121948
vt 0.086227 0.112231
vt 0.170763 0.078231
vt 0.171334 0.073343
vt 0.157436 0.055257
vt 0.079197 0.011134
vt 0.056027 0.065614
vt 0.087300 0.049770
vt 0.120079 0.086361
vt 0.118654 0.073159
vt 0.105430 0.071766
vt 0.127745 0.041833
vt 0.130218 0.042151
vt 0.066549 0.119803
vt 0.069418 0.120563
vt 0.069429 0.122673
vt 0.042035 0.101556
vt 0.043728 0.111236
vt 0.036874 0.120655
vt 0.028583 0.116519
vt 0.038745 0.099915
vt 0.078161 0.104195
vt 0.053527 0.108503
vt 0.051276 0.110371
vt 0.052923 0.121059
vt 0.046699 0.127904
vt 0.008465 0.151446
vt 0.056560 0.095887
vt 0.041656 0.099222
vt 0.056837 0.103677
vt 0.054126 0.135304
vt 0.039523 0.153504
vt 0.029610 0.164457
vt 0.058152 0.105850
vt 0.034118 0.170324
vt 0.080814 0.106838
vt 0.040164 0.148897
vt 0.040976 0.143722
vt 0.024446 0.128973
vt 0.043381 0.144475
vt 0.044003 0.096912
vt 0.071287 0.118549
vt 0.091973 0.085613
vt 0.117909 0.033976
vt 0.119923 0.036771
vt 0.124305 0.040045
vt 0.129278 0.029758
vt 0.124571 0.030596
vt 0.121092 0.030261
vt 0.131690 0.040198
vt 0.131147 0.038277
vt 0.106434 0.022885
vt 0.091207 0.031540
vt 0.129344 0.034163
vt 0.139046 0.064421
vt 0.142987 0.050922
vt 0.116571 0.021147
vt 0.141636 0.039514
vt 0.101430 0.163710
vt 0.097082 0.171262
vt 0.136132 0.126837
vt 0.171056 0.078523
vt 0.164342 0.082964
vt 0.148471 0.131757
vt 0.177857 0.140321
vt 0.341909 0.696172
vt 0.342825 0.690803
vt 0.346367 0.686546
vt 0.135863 0.155294
vt 0.132503 0.158192
vt 0.092220 0.158408
vt 0.089007 0.151029
vt 0.105338 0.171484
vt 0.093576 0.153109
vt 0.052746 0.166374
vt 0.049685 0.167278
vt 0.108093 0.146096
vt 0.104059 0.150664
vt 0.095956 0.152506
vt 0.069973 0.157637
vt 0.092066 0.171977
vt 0.110848 0.166512
vt 0.342132 0.701047
vt 0.126769 0.164139
vt 0.189189 0.145698
vt 0.190404 0.142301
vt 0.198850 0.125660
vt 0.193703 0.140834
vt 0.199472 0.148002
vt 0.204572 0.145108
vt 0.186006 0.119219
vt 0.196380 0.143339
vt 0.202180 0.136979
vt 0.105084 0.330177
vt 0.088971 0.339300
vt 0.085825 0.335187
vt 0.090304 0.331423
vt 0.119011 0.308397
vt 0.125463 0.316835
vt 0.109640 0.327195
vt 0.106919 0.322097
vt 0.040414 0.372140
vt 0.026233 0.383507
vt 0.056002 0.360692
vt 0.068018 0.343876
vt 0.063285 0.348111
vt 0.064173 0.355166
vt 0.493679 0.696015
vt 0.493178 0.686365
vt 0.493679 0.681849
vt 0.045744 0.381253
vt 0.043206 0.383013
vt 0.030031 0.390001
vt 0.063022 0.372693
vt 0.072398 0.349603
vt 0.075243 0.354468
vt 0.066411 0.353652
vt 0.094374 0.348537
vt 0.089876 0.349407
vt 0.080092 0.344820
vt 0.106419 0.332459
vt 0.108861 0.327704
vt 0.111460 0.330815
vt 0.022985 0.393834
vt 0.015939 0.397666
vt 0.114820 0.346823
vt 0.120873 0.360742
vt 0.103923 0.368274
vt 0.098142 0.354980
vt 0.136573 0.335829
vt 0.144383 0.353789
vt 0.126907 0.358957
vt 0.131050 0.338620
vt 0.025264 0.399075
vt 0.017478 0.401206
vt 0.082914 0.362585
vt 0.087211 0.378800
vt 0.081897 0.366580
vt 0.091824 0.394279
vt 0.072523 0.398686
vt 0.068600 0.385522
vt 0.026867 0.404453
vt 0.018561 0.404838
vt 0.050312 0.391649
vt 0.053394 0.401991
vt 0.043770 0.393656
vt 0.127999 0.382876
vt 0.135660 0.393192
vt 0.134045 0.400462
vt 0.130935 0.400898
vt 0.027732 0.409762
vt 0.019145 0.408423
vt 0.723926 0.419841
vt 0.732571 0.410296
vt 0.737711 0.415217
vt 0.155323 0.417035
vt 0.152685 0.434729
vt 0.128941 0.433497
vt 0.135541 0.423164
vt 0.136226 0.417793
vt 0.058982 0.412096
vt 0.060234 0.422422
vt 0.055238 0.421882
vt 0.055058 0.412200
vt 0.729028 0.405769
vt 0.729178 0.404085
vt 0.738119 0.405096
vt 0.113322 0.405917
vt 0.113621 0.422018
vt 0.109664 0.422440
vt 0.101310 0.415586
vt 0.109162 0.406714
vt 0.131103 0.409945
vt 0.131253 0.417990
vt 0.155142 0.407254
vt 0.133781 0.409218
vt 0.027826 0.414796
vt 0.019208 0.411823
vt 0.049616 0.411881
vt 0.049804 0.420693
vt 0.032936 0.424735
vt 0.036319 0.411101
vt 0.134096 0.417878
vt 0.027144 0.419363
vt 0.018693 0.415016
vt 0.050304 0.429317
vt 0.035541 0.423820
vt 0.060897 0.426877
vt 0.054210 0.428775
vt 0.094583 0.424048
vt 0.093904 0.428600
vt 0.089115 0.424035
vt 0.112915 0.426757
vt 0.111443 0.436625
vt 0.112500 0.429540
vt 0.634946 0.623063
vt 0.644736 0.623957
vt 0.645520 0.643019
vt 0.637553 0.642312
vt 0.635008 0.603292
vt 0.644677 0.604309
vt 0.637738 0.583761
vt 0.645520 0.584580
vt 0.026823 0.421087
vt 0.018891 0.415356
vt 0.345600 0.749962
vt 0.351187 0.749720
vt 0.349918 0.758597
vt 0.297968 0.619432
vt 0.312723 0.599964
vt 0.310578 0.623634
vt 0.299411 0.622491
vt 0.179394 0.416080
vt 0.176429 0.435961
vt 0.155582 0.434879
vt 0.164251 0.426910
vt 0.203464 0.415125
vt 0.194876 0.411833
vt 0.197112 0.411568
vt 0.179189 0.405043
vt 0.178986 0.394166
vt 0.191790 0.381683
vt 0.203012 0.390800
vt 0.175222 0.371059
vt 0.163201 0.383660
vt 0.154571 0.376227
vt 0.180078 0.313841
vt 0.189540 0.335601
vt 0.158325 0.324835
vt 0.167892 0.346837
vt 0.158704 0.318590
vt 0.166142 0.306330
vt 0.168127 0.293411
vt 0.145842 0.303493
vt 0.133082 0.329861
vt 0.136714 0.309470
vt 0.135396 0.289833
vt 0.140446 0.283506
vt 0.132698 0.312099
vt 0.169071 0.350418
vt 0.151147 0.375412
vt 0.147052 0.361670
vt 0.129975 0.370396
vt 0.194012 0.424009
vt 0.125033 0.372921
vt 0.110556 0.388941
vt 0.107040 0.377142
vt 0.187979 0.340755
vt 0.192288 0.343189
vt 0.198833 0.365151
vt 0.312723 0.579774
vt 0.296217 0.598295
vt 0.308574 0.641911
vt 0.635812 0.559682
vt 0.162495 0.425450
vt 0.151611 0.376967
vt 0.154961 0.397532
vt 0.161553 0.385973
vt 0.193634 0.395038
vt 0.192457 0.397241
vt 0.092815 0.400363
vt 0.092157 0.396320
vt 0.093877 0.397587
vt 0.093516 0.431201
vt 0.092969 0.434872
vt 0.073489 0.433254
vt 0.074869 0.424002
vt 0.086546 0.424029
vt 0.112401 0.400264
vt 0.094464 0.417675
vt 0.091631 0.418395
vt 0.074640 0.411679
vt 0.083847 0.410686
vt 0.044346 0.431847
vt 0.034756 0.426817
vt 0.106604 0.422766
vt 0.095225 0.432915
vt 0.100362 0.417876
vt 0.072941 0.401253
vt 0.049729 0.402409
vt 0.035174 0.404069
vt 0.724975 0.408571
vt 0.351187 0.730064
vt 0.343409 0.730288
vt 0.033050 0.396944
vt 0.111794 0.396540
vt 0.053819 0.404596
vt 0.058488 0.406993
vt 0.341909 0.743809
vt 0.059272 0.404588
vt 0.092622 0.437194
vt 0.098492 0.432392
vt 0.726441 0.431211
vt 0.738119 0.421496
vt 0.096621 0.397273
vt 0.135794 0.400217
vt 0.192059 0.406627
vt 0.193179 0.409935
vt 0.191923 0.401106
vt 0.198073 0.409562
vt 0.199821 0.406531
vt 0.203242 0.403200
vt 0.196090 0.395006
vt 0.197348 0.396594
vt 0.195655 0.425935
vt 0.200173 0.437194
vt 0.179749 0.433186
vt 0.199671 0.400518
vt 0.193926 0.379452
vt 0.180604 0.374624
vt 0.202932 0.418696
vt 0.202447 0.387332
vt 0.077784 0.346254
vt 0.069127 0.345327
vt 0.128209 0.340056
vt 0.187914 0.340345
vt 0.180362 0.343149
vt 0.131532 0.327211
vt 0.142016 0.298490
vt 0.182536 0.758613
vt 0.183441 0.764002
vt 0.105121 0.323568
vt 0.100804 0.324579
vt 0.076600 0.356787
vt 0.080652 0.363715
vt 0.073862 0.338561
vt 0.081684 0.358813
vt 0.047018 0.384073
vt 0.044518 0.386039
vt 0.095964 0.351256
vt 0.083584 0.357253
vt 0.089881 0.351815
vt 0.064120 0.375220
vt 0.065591 0.348957
vt 0.081137 0.337044
vt 0.182732 0.753726
vt 0.092575 0.325679
vt 0.144399 0.286205
vt 0.147846 0.287213
vt 0.166221 0.290152
vt 0.150978 0.285413
vt 0.155862 0.276299
vt 0.163826 0.304298
vt 0.159106 0.280847
vt 0.150552 0.281790
vt 0.492949 0.874158
vt 0.492949 0.867633
vt 0.494935 0.866850
vt 0.494935 0.873375
vt 0.988574 0.008425
vt 0.988574 0.014950
vt 0.986383 0.015132
vt 0.986383 0.008606
vt 0.206042 0.979629
vt 0.206042 0.986227
vt 0.203765 0.985893
vt 0.203765 0.979295
vt 0.963152 0.139081
vt 0.963152 0.132483
vt 0.967331 0.133411
vt 0.967331 0.140009
vt 0.695216 0.938280
vt 0.695216 0.944878
vt 0.689141 0.943353
vt 0.689141 0.936755
vt 0.776651 0.769292
vt 0.770250 0.770893
vt 0.770250 0.756838
vt 0.776651 0.755237
vt 0.689141 0.968327
vt 0.689141 0.961729
vt 0.692904 0.962875
vt 0.692904 0.969473
vt 0.264747 0.765923
vt 0.265272 0.769618
vt 0.035396 0.785684
vt 0.035396 0.779086
vt 0.037680 0.779979
vt 0.037680 0.786577
vt 0.793224 0.989634
vt 0.793224 0.983308
vt 0.795474 0.983579
vt 0.795474 0.989904
vt 0.984059 0.202999
vt 0.984059 0.209612
vt 0.981726 0.210016
vt 0.981726 0.203403
vt 0.749811 0.354796
vt 0.756223 0.353240
vt 0.755622 0.362709
vt 0.749210 0.364264
vt 0.776651 0.782808
vt 0.770250 0.784409
vt 0.972509 0.511000
vt 0.972509 0.504386
vt 0.976094 0.503824
vt 0.976094 0.510438
vt 0.753142 0.826584
vt 0.746925 0.827748
vt 0.746925 0.808322
vt 0.753142 0.807159
vt 0.296765 0.750973
vt 0.303169 0.752622
vt 0.304144 0.759217
vt 0.297739 0.757568
vt 0.266397 0.773465
vt 0.824268 0.304048
vt 0.818546 0.300764
vt 0.818750 0.295901
vt 0.824203 0.296778
vt 0.824359 0.314172
vt 0.818636 0.310887
vt 0.716935 0.470803
vt 0.723310 0.472506
vt 0.725087 0.493652
vt 0.718713 0.491949
vt 0.974313 0.730520
vt 0.751202 0.348002
vt 0.757613 0.346447
vt 0.972567 0.906961
vt 0.972584 0.900635
vt 0.975854 0.899507
vt 0.975854 0.905823
vt 0.974594 0.299334
vt 0.974594 0.293008
vt 0.977923 0.292441
vt 0.977923 0.298767
vt 0.977468 0.566008
vt 0.977468 0.559682
vt 0.980767 0.559755
vt 0.980767 0.566080
vt 0.966777 0.644839
vt 0.966777 0.638225
vt 0.969849 0.640085
vt 0.969849 0.646699
vt 0.930815 0.713878
vt 0.924280 0.714786
vt 0.924280 0.705838
vt 0.930815 0.704930
vt 0.949404 0.839669
vt 0.949664 0.833359
vt 0.953339 0.836440
vt 0.953339 0.843054
vt 0.634946 0.918773
vt 0.641359 0.917221
vt 0.641359 0.926591
vt 0.634946 0.928142
vt 0.968873 0.237974
vt 0.077451 0.961286
vt 0.077451 0.954761
vt 0.082078 0.953597
vt 0.082078 0.960122
vt 0.512488 0.695804
vt 0.518402 0.692878
vt 0.520083 0.715485
vt 0.514169 0.718411
vt 0.302334 0.867467
vt 0.296217 0.864993
vt 0.296217 0.850884
vt 0.302334 0.853358
vt 0.854181 0.638225
vt 0.860017 0.641144
vt 0.859553 0.648554
vt 0.853717 0.645636
vt 0.036681 0.866566
vt 0.030591 0.864028
vt 0.030591 0.849917
vt 0.036681 0.852455
vt 0.054239 0.818788
vt 0.060757 0.819099
vt 0.060757 0.837315
vt 0.054239 0.837004
vt 0.874137 0.109117
vt 0.867843 0.111147
vt 0.867843 0.097429
vt 0.874137 0.095399
vt 0.871248 0.208822
vt 0.877073 0.205722
vt 0.877378 0.215669
vt 0.871554 0.218768
vt 0.422422 0.876622
vt 0.416232 0.878951
vt 0.416232 0.865824
vt 0.422422 0.863495
vt 0.929081 0.346447
vt 0.935598 0.347573
vt 0.935598 0.355672
vt 0.929081 0.354546
vt 0.733450 0.135346
vt 0.739973 0.135160
vt 0.740007 0.140509
vt 0.733485 0.140695
vt 0.493344 0.838778
vt 0.493344 0.832180
vt 0.494611 0.832366
vt 0.494611 0.838964
vt 0.013596 0.901010
vt 0.008425 0.897366
vt 0.009866 0.886544
vt 0.013596 0.887477
vt 0.266238 0.773708
vt 0.261328 0.776173
vt 0.818941 0.292441
vt 0.824359 0.293006
vt 0.746925 0.762326
vt 0.753215 0.761660
vt 0.753215 0.789641
vt 0.746925 0.790308
vt 0.035988 0.821918
vt 0.030591 0.822345
vt 0.031672 0.817777
vt 0.037069 0.813982
vt 0.764232 0.008888
vt 0.770741 0.008425
vt 0.770741 0.041076
vt 0.764232 0.041538
vt 0.586113 0.808850
vt 0.591724 0.805380
vt 0.591428 0.815906
vt 0.585816 0.819376
vt 0.860017 0.655941
vt 0.854181 0.653023
vt 0.953759 0.877422
vt 0.953759 0.870824
vt 0.957670 0.868515
vt 0.957670 0.875113
vt 0.341909 0.951843
vt 0.341909 0.945230
vt 0.348281 0.944611
vt 0.348281 0.951225
vt 0.990987 0.475371
vt 0.990987 0.481969
vt 0.989078 0.481827
vt 0.989078 0.475229
vt 0.871554 0.206098
vt 0.877378 0.202999
vt 0.809463 0.186531
vt 0.803021 0.188026
vt 0.803021 0.167286
vt 0.809463 0.165791
vt 0.416232 0.801602
vt 0.422055 0.804547
vt 0.422933 0.811117
vt 0.417110 0.808172
vt 0.591724 0.823152
vt 0.586113 0.826622
vt 0.770074 0.943005
vt 0.770074 0.936680
vt 0.775910 0.938749
vt 0.775910 0.945075
vt 0.976939 0.318812
vt 0.976939 0.325410
vt 0.973844 0.326479
vt 0.973844 0.319881
vt 0.585816 0.777443
vt 0.592022 0.775428
vt 0.593953 0.786514
vt 0.587747 0.788529
vt 0.261700 0.816133
vt 0.255349 0.814344
vt 0.255349 0.794133
vt 0.261700 0.795922
vt 0.106733 0.725983
vt 0.101064 0.729213
vt 0.099134 0.842927
vt 0.105263 0.845371
vt 0.105263 0.860519
vt 0.099134 0.858075
vt 0.417110 0.789325
vt 0.422933 0.792270
vt 0.140605 0.801895
vt 0.134408 0.804207
vt 0.134408 0.783375
vt 0.140605 0.781064
vt 0.915062 0.169421
vt 0.920485 0.165791
vt 0.920244 0.169448
vt 0.914822 0.173078
vt 0.319196 0.854822
vt 0.325015 0.857932
vt 0.325015 0.871350
vt 0.319196 0.868240
vt 0.770250 0.878968
vt 0.776313 0.876327
vt 0.776313 0.888443
vt 0.770250 0.891084
vt 0.666648 0.825528
vt 0.660358 0.826197
vt 0.660358 0.806255
vt 0.666648 0.805586
vt 0.935816 0.301961
vt 0.929669 0.300468
vt 0.930222 0.292990
vt 0.935816 0.292441
vt 0.793224 0.871604
vt 0.799501 0.873385
vt 0.799501 0.886453
vt 0.793224 0.884672
vt 0.884101 0.250956
vt 0.877997 0.248452
vt 0.877997 0.235702
vt 0.884101 0.238206
vt 0.416232 0.897300
vt 0.422378 0.895802
vt 0.422378 0.907693
vt 0.416232 0.909191
vt 0.348120 0.925487
vt 0.341909 0.927761
vt 0.341909 0.918707
vt 0.348120 0.916434
vt 0.261423 0.937808
vt 0.255349 0.936043
vt 0.255349 0.928595
vt 0.261423 0.930360
vt 0.733458 0.126071
vt 0.739981 0.125885
vt 0.920485 0.174878
vt 0.915062 0.178507
vt 0.386634 0.771118
vt 0.380065 0.771890
vt 0.380065 0.740557
vt 0.386634 0.739785
vt 0.666705 0.918627
vt 0.660358 0.917113
vt 0.660358 0.906700
vt 0.666705 0.908215
vt 0.876989 0.672792
vt 0.883505 0.673133
vt 0.883505 0.687495
vt 0.876989 0.687155
vt 0.476547 0.776442
vt 0.470023 0.775455
vt 0.470023 0.745843
vt 0.476547 0.746830
vt 0.672290 0.734439
vt 0.872103 0.413873
vt 0.866225 0.411039
vt 0.866225 0.397439
vt 0.872103 0.400273
vt 0.697554 0.049365
vt 0.691228 0.049409
vt 0.691228 0.026352
vt 0.697554 0.026308
vt 0.733473 0.108584
vt 0.739996 0.108398
vt 0.634946 0.683908
vt 0.641539 0.683651
vt 0.643174 0.706431
vt 0.636581 0.706688
vt 0.733485 0.095585
vt 0.740007 0.095399
vt 0.939895 0.431574
vt 0.933577 0.431263
vt 0.934504 0.426258
vt 0.939895 0.424667
vt 0.054002 0.952260
vt 0.054002 0.945662
vt 0.059693 0.946498
vt 0.059693 0.953096
vt 0.671365 0.314896
vt 0.678122 0.315814
vt 0.676643 0.321199
vt 0.670257 0.319862
vt 0.101200 0.734349
vt 0.106869 0.731118
vt 0.107566 0.734418
vt 0.101897 0.737649
vt 0.488035 0.212428
vt 0.494648 0.212396
vt 0.495143 0.221889
vt 0.488530 0.221921
vt 0.718713 0.448533
vt 0.725087 0.450236
vt 0.829170 0.115162
vt 0.822846 0.115026
vt 0.822846 0.095399
vt 0.829170 0.095535
vt 0.259830 0.755424
vt 0.266397 0.756207
vt 0.265321 0.759086
vt 0.758189 0.611132
vt 0.764787 0.611178
vt 0.764787 0.621225
vt 0.758189 0.621179
vt 0.919404 0.600295
vt 0.925677 0.602092
vt 0.925677 0.611583
vt 0.919404 0.609786
vt 0.676489 0.324168
vt 0.670102 0.322830
vt 0.776313 0.917683
vt 0.770074 0.919829
vt 0.770074 0.910081
vt 0.776313 0.907935
vt 0.793224 0.965921
vt 0.793224 0.959595
vt 0.798075 0.960132
vt 0.798075 0.966457
vt 0.700110 0.413679
vt 0.706722 0.413576
vt 0.706449 0.420719
vt 0.699836 0.420823
vt 0.751951 0.944286
vt 0.745636 0.944656
vt 0.745636 0.937253
vt 0.751951 0.936883
vt 0.910872 0.767998
vt 0.904567 0.767478
vt 0.904567 0.755237
vt 0.910872 0.755757
vt 0.488530 0.206455
vt 0.495143 0.206423
vt 0.697554 0.069166
vt 0.691228 0.069210
vt 0.900952 0.267065
vt 0.907321 0.265644
vt 0.907321 0.273833
vt 0.900952 0.275253
vt 0.610804 0.946020
vt 0.610804 0.939495
vt 0.616705 0.937986
vt 0.616705 0.944511
vt 0.822208 0.817764
vt 0.816352 0.820157
vt 0.816352 0.800393
vt 0.822208 0.798000
vt 0.749723 0.374488
vt 0.756135 0.372933
vt 0.757613 0.380245
vt 0.751202 0.381800
vt 0.713661 0.903759
vt 0.720104 0.902729
vt 0.720104 0.913805
vt 0.713661 0.914836
vt 0.207446 0.753730
vt 0.207446 0.747132
vt 0.209017 0.747764
vt 0.209017 0.754362
vt 0.821998 0.775594
vt 0.815822 0.776966
vt 0.815822 0.756609
vt 0.821998 0.755237
vt 0.140323 0.870951
vt 0.133838 0.871672
vt 0.133838 0.856774
vt 0.140323 0.856053
vt 0.815492 0.933808
vt 0.821814 0.934019
vt 0.821814 0.942541
vt 0.815492 0.942331
vt 0.380065 0.983558
vt 0.380065 0.976960
vt 0.382815 0.976795
vt 0.382815 0.983393
vt 0.910261 0.405315
vt 0.916410 0.402879
vt 0.916726 0.406999
vt 0.910577 0.409434
vt 0.557852 0.818442
vt 0.564431 0.818935
vt 0.564534 0.829352
vt 0.557955 0.828860
vt 0.949667 0.063276
vt 0.949667 0.056678
vt 0.954085 0.054444
vt 0.954085 0.061042
vt 0.057848 0.969947
vt 0.057848 0.976273
vt 0.054002 0.976669
vt 0.054002 0.970343
vt 0.784674 0.126400
vt 0.779282 0.127307
vt 0.779295 0.099220
vt 0.784674 0.095399
vt 0.745636 0.967832
vt 0.745636 0.961507
vt 0.750485 0.961714
vt 0.750485 0.968039
vt 0.706722 0.431513
vt 0.700110 0.431617
vt 0.105600 0.919121
vt 0.099134 0.919999
vt 0.099134 0.909210
vt 0.105600 0.908332
vt 0.557955 0.810413
vt 0.564535 0.810906
vt 0.676711 0.365137
vt 0.682986 0.366930
vt 0.682650 0.390911
vt 0.676713 0.389277
vt 0.008425 0.978048
vt 0.008425 0.971523
vt 0.012028 0.971341
vt 0.012028 0.977866
vt 0.617170 0.891374
vt 0.610804 0.892805
vt 0.610804 0.880330
vt 0.617170 0.878900
vt 0.110196 0.663583
vt 0.103690 0.663087
vt 0.099134 0.648141
vt 0.105640 0.648637
vt 0.883316 0.541735
vt 0.883316 0.535409
vt 0.889422 0.536065
vt 0.889422 0.542391
vt 0.140364 0.928777
vt 0.133838 0.927807
vt 0.133838 0.918663
vt 0.140364 0.919633
vt 0.681007 0.410452
vt 0.676714 0.409598
vt 0.610804 0.909655
vt 0.617219 0.911266
vt 0.617219 0.921135
vt 0.610804 0.919524
vt 0.751958 0.919816
vt 0.745636 0.920032
vt 0.745636 0.908565
vt 0.751958 0.908350
vt 0.110566 0.679885
vt 0.106598 0.680010
vt 0.793260 0.836913
vt 0.799501 0.837947
vt 0.799501 0.854753
vt 0.793260 0.853719
vt 0.927723 0.755927
vt 0.934211 0.755237
vt 0.934211 0.763904
vt 0.927723 0.764594
vt 0.264764 0.762367
vt 0.910577 0.399875
vt 0.916726 0.397439
vt 0.699889 0.539183
vt 0.694237 0.542445
vt 0.694237 0.532874
vt 0.699889 0.529613
vt 0.745821 0.878810
vt 0.752419 0.878810
vt 0.753001 0.889653
vt 0.746403 0.889653
vt 0.164135 0.945805
vt 0.164135 0.952330
vt 0.157757 0.951693
vt 0.157757 0.945168
vt 0.386428 0.907861
vt 0.380065 0.909607
vt 0.380065 0.898374
vt 0.386428 0.896629
vt 0.807816 0.677384
vt 0.814430 0.677451
vt 0.815356 0.680258
vt 0.808743 0.680192
vt 0.562248 0.964637
vt 0.562248 0.970963
vt 0.557852 0.970502
vt 0.557852 0.964176
vt 0.324983 0.899546
vt 0.319196 0.902101
vt 0.319196 0.890755
vt 0.324983 0.888200
vt 0.815356 0.688064
vt 0.808743 0.687998
vt 0.746925 0.844598
vt 0.753001 0.846357
vt 0.753001 0.861960
vt 0.746925 0.860201
vt 0.518425 0.874844
vt 0.511953 0.874014
vt 0.511953 0.859499
vt 0.518425 0.860329
vt 0.752234 0.891499
vt 0.745636 0.891499
vt 0.297739 0.724624
vt 0.304144 0.726273
vt 0.302999 0.733349
vt 0.296595 0.731699
vt 0.447972 0.905334
vt 0.441573 0.904059
vt 0.441573 0.892169
vt 0.447972 0.893444
vt 0.831062 0.188038
vt 0.826314 0.183456
vt 0.826314 0.165791
vt 0.831062 0.170373
vt 0.676711 0.346447
vt 0.682986 0.348239
vt 0.798972 0.777432
vt 0.793501 0.781149
vt 0.793501 0.758954
vt 0.798972 0.755237
vt 0.104060 0.628308
vt 0.110566 0.628804
vt 0.741938 0.467031
vt 0.748185 0.468028
vt 0.750144 0.486513
vt 0.743898 0.485515
vt 0.788798 0.239084
vt 0.795079 0.239832
vt 0.795080 0.261304
vt 0.788799 0.260557
vt 0.587747 0.765773
vt 0.593953 0.763758
vt 0.557852 0.912989
vt 0.564263 0.911429
vt 0.564263 0.921226
vt 0.557852 0.922786
vt 0.636581 0.660127
vt 0.643174 0.659870
vt 0.447438 0.932493
vt 0.441573 0.929471
vt 0.441573 0.922185
vt 0.447438 0.925206
vt 0.902536 0.451327
vt 0.908433 0.448533
vt 0.908433 0.459468
vt 0.902536 0.462262
vt 0.969057 0.600295
vt 0.969057 0.606892
vt 0.965339 0.608261
vt 0.965339 0.601663
vt 0.840931 0.467887
vt 0.834978 0.465749
vt 0.834978 0.448533
vt 0.840931 0.450671
vt 0.964967 0.166785
vt 0.964967 0.173398
vt 0.960716 0.172405
vt 0.960716 0.165791
vt 0.261784 0.911744
vt 0.255349 0.910216
vt 0.255349 0.899249
vt 0.261784 0.900777
vt 0.956993 0.321084
vt 0.956993 0.327698
vt 0.953044 0.325426
vt 0.953044 0.318812
vt 0.788799 0.235702
vt 0.795080 0.236449
vt 0.296217 0.741923
vt 0.302622 0.743573
vt 0.743898 0.448533
vt 0.750144 0.449531
vt 0.691228 0.008470
vt 0.697554 0.008425
vt 0.673043 0.309390
vt 0.677287 0.313149
vt 0.949389 0.536609
vt 0.949389 0.530283
vt 0.954219 0.532672
vt 0.954219 0.538998
vt 0.617052 0.790082
vt 0.610804 0.791069
vt 0.610804 0.764744
vt 0.617052 0.763758
vt 0.927473 0.837594
vt 0.932553 0.833359
vt 0.932553 0.840195
vt 0.927473 0.844430
vt 0.672178 0.235702
vt 0.678663 0.236425
vt 0.676876 0.257645
vt 0.670391 0.256922
vt 0.867023 0.937564
vt 0.862287 0.939453
vt 0.861857 0.933431
vt 0.867023 0.929301
vt 0.476415 0.910041
vt 0.470023 0.911679
vt 0.470023 0.900766
vt 0.476415 0.899128
vt 0.798014 0.725017
vt 0.793247 0.720019
vt 0.792860 0.716063
vt 0.798007 0.717845
vt 0.341909 0.817720
vt 0.347848 0.815541
vt 0.347848 0.833086
vt 0.341909 0.835265
vt 0.798180 0.730789
vt 0.793354 0.726290
vt 0.802420 0.562665
vt 0.807999 0.559682
vt 0.807999 0.580461
vt 0.802420 0.583444
vt 0.671033 0.272059
vt 0.677517 0.272782
vt 0.678663 0.292539
vt 0.672178 0.291816
vt 0.678122 0.327087
vt 0.671735 0.325750
vt 0.670102 0.260355
vt 0.676587 0.261078
vt 0.799609 0.528318
vt 0.793594 0.525789
vt 0.793594 0.503824
vt 0.799609 0.506353
vt 0.666728 0.935477
vt 0.666728 0.942091
vt 0.660358 0.943792
vt 0.660358 0.937179
vt 0.960616 0.559682
vt 0.960616 0.566207
vt 0.956418 0.568078
vt 0.956418 0.561553
vt 0.012518 0.162324
vt 0.008425 0.161271
vt 0.016611 0.164366
vt 0.020626 0.167327
vt 0.024407 0.171095
vt 0.027810 0.175524
vt 0.030704 0.180444
vt 0.032978 0.185666
vt 0.665648 0.112675
vt 0.665019 0.116470
vt 0.656978 0.115553
vt 0.664853 0.120321
vt 0.656732 0.121256
vt 0.665156 0.124081
vt 0.657180 0.126823
vt 0.665916 0.127604
vt 0.658305 0.132041
vt 0.667103 0.130757
vt 0.660064 0.136709
vt 0.668674 0.133417
vt 0.662389 0.140648
vt 0.670950 0.135811
vt 0.665575 0.144035
vt 0.750548 0.514733
vt 0.747677 0.514707
vt 0.749774 0.520387
vt 0.746903 0.520361
vt 0.749782 0.526092
vt 0.746911 0.526065
vt 0.258775 0.777282
vt 0.671083 0.741857
vt 0.668624 0.743231
vt 0.759420 0.165791
vt 0.764803 0.169479
vt 0.764803 0.201424
vt 0.764291 0.201598
vt 0.759420 0.198261
vt 0.398598 0.722934
vt 0.380065 0.719474
vt 0.380099 0.719090
vt 0.398598 0.698779
vt 0.514193 0.672865
vt 0.519545 0.670218
vt 0.520083 0.670269
vt 0.278670 0.794133
vt 0.278670 0.802186
vt 0.278589 0.802525
vt 0.278550 0.794634
vt 0.207077 0.688314
vt 0.208661 0.687565
vt 0.208661 0.697351
vt 0.208502 0.697710
vt 0.441573 0.979858
vt 0.445075 0.974131
vt 0.445234 0.974373
vt 0.445548 0.979858
vt 0.308156 0.103568
vt 0.294253 0.115671
vt 0.290348 0.112213
vt 0.293964 0.107636
vt 0.317583 0.079489
vt 0.325593 0.086582
vt 0.312054 0.099771
vt 0.308373 0.095263
vt 0.721975 0.515422
vt 0.719387 0.514311
vt 0.721250 0.511562
vt 0.723838 0.512673
vt 0.252789 0.157122
vt 0.240822 0.170881
vt 0.266027 0.142972
vt 0.274590 0.124161
vt 0.270751 0.129219
vt 0.273004 0.135997
vt 0.136468 0.687065
vt 0.259782 0.165070
vt 0.257589 0.167264
vt 0.245806 0.176546
vt 0.275236 0.153439
vt 0.280028 0.128976
vt 0.283760 0.133218
vt 0.274915 0.134086
vt 0.301341 0.123728
vt 0.297106 0.125443
vt 0.286632 0.122799
vt 0.309907 0.105559
vt 0.311388 0.100420
vt 0.314540 0.102985
vt 0.209120 0.911714
vt 0.206892 0.913147
vt 0.205790 0.907482
vt 0.208167 0.906595
vt 0.320929 0.118086
vt 0.329494 0.130594
vt 0.314466 0.141292
vt 0.306284 0.129346
vt 0.340168 0.103148
vt 0.351221 0.119286
vt 0.335070 0.127691
vt 0.335284 0.106940
vt 0.011131 0.787632
vt 0.008425 0.786862
vt 0.009261 0.783293
vt 0.011967 0.784063
vt 0.292852 0.139740
vt 0.300139 0.154838
vt 0.292619 0.143858
vt 0.307521 0.169119
vt 0.289408 0.177111
vt 0.283130 0.164967
vt 0.563911 0.694527
vt 0.561201 0.695332
vt 0.266227 0.174403
vt 0.271159 0.183945
vt 0.260106 0.177579
vt 0.340586 0.150921
vt 0.349940 0.159535
vt 0.349676 0.166952
vt 0.346715 0.167975
vt 0.566208 0.698776
vt 0.563499 0.699581
vt 0.324599 0.178762
vt 0.312716 0.183578
vt 0.310328 0.176932
vt 0.373375 0.179025
vt 0.373802 0.196739
vt 0.350405 0.200107
vt 0.355096 0.188790
vt 0.354854 0.183435
vt 0.278478 0.192764
vt 0.281525 0.202598
vt 0.276509 0.203013
vt 0.274631 0.193605
vt 0.313831 0.189162
vt 0.312943 0.190603
vt 0.305458 0.185817
vt 0.330575 0.176341
vt 0.333698 0.191986
vt 0.329920 0.193165
vt 0.320586 0.188100
vt 0.326667 0.177924
vt 0.348470 0.176766
vt 0.350030 0.184583
vt 0.371478 0.169521
vt 0.350957 0.175542
vt 0.206199 0.802574
vt 0.208968 0.802277
vt 0.209302 0.806100
vt 0.206533 0.806397
vt 0.269182 0.194304
vt 0.270915 0.202863
vt 0.257161 0.202492
vt 0.255867 0.196012
vt 0.352788 0.183927
vt 0.206199 0.794995
vt 0.208968 0.794698
vt 0.208855 0.798427
vt 0.206087 0.798724
vt 0.272895 0.211165
vt 0.257307 0.208549
vt 0.282940 0.206808
vt 0.276676 0.209914
vt 0.315527 0.197657
vt 0.315637 0.202214
vt 0.310172 0.198690
vt 0.333812 0.196730
vt 0.334051 0.206609
vt 0.333879 0.199516
vt 0.315845 0.210818
vt 0.313633 0.222629
vt 0.294602 0.222629
vt 0.296487 0.212573
vt 0.332401 0.215456
vt 0.349077 0.207228
vt 0.568965 0.702197
vt 0.566256 0.703002
vt 0.276721 0.211807
vt 0.275235 0.219724
vt 0.266647 0.217143
vt 0.420597 0.190002
vt 0.417352 0.207408
vt 0.397200 0.193370
vt 0.376657 0.196328
vt 0.394309 0.208877
vt 0.371693 0.208052
vt 0.373598 0.197836
vt 0.396719 0.173467
vt 0.383770 0.186911
vt 0.420064 0.167909
vt 0.411096 0.166348
vt 0.413234 0.165660
vt 0.394579 0.162742
vt 0.392469 0.152173
vt 0.402727 0.137513
vt 0.415346 0.144272
vt 0.384611 0.130307
vt 0.375138 0.144932
vt 0.365358 0.139321
vt 0.378647 0.073271
vt 0.392038 0.092824
vt 0.359408 0.088209
vt 0.372947 0.107979
vt 0.358575 0.081998
vt 0.363513 0.068531
vt 0.362970 0.055452
vt 0.343031 0.069596
vt 0.335589 0.097943
vt 0.335220 0.077204
vt 0.330063 0.058112
vt 0.334188 0.050920
vt 0.331784 0.080551
vt 0.374767 0.111264
vt 0.361857 0.139179
vt 0.355304 0.126501
vt 0.340208 0.138317
vt 0.412341 0.178366
vt 0.335839 0.141737
vt 0.324801 0.160276
vt 0.319175 0.149390
vt 0.391482 0.098179
vt 0.396150 0.099738
vt 0.406623 0.120000
vt 0.413345 0.209572
vt 0.354182 0.207414
vt 0.381807 0.185828
vt 0.362598 0.140614
vt 0.369592 0.160074
vt 0.373946 0.147510
vt 0.406930 0.150208
vt 0.406168 0.152583
vt 0.309589 0.174876
vt 0.308214 0.171050
vt 0.310120 0.171956
vt 0.315700 0.204818
vt 0.315789 0.208494
vt 0.296440 0.210644
vt 0.296217 0.201381
vt 0.307655 0.199175
vt 0.328652 0.170991
vt 0.314291 0.191465
vt 0.311644 0.192709
vt 0.293827 0.189407
vt 0.302667 0.186679
vt 0.256276 0.214026
vt 0.327001 0.194076
vt 0.317652 0.206153
vt 0.320066 0.190517
vt 0.290281 0.179541
vt 0.267602 0.185034
vt 0.253476 0.189357
vt 0.318657 0.188403
vt 0.250079 0.182784
vt 0.327386 0.167467
vt 0.272045 0.186409
vt 0.277075 0.187872
vt 0.283409 0.209101
vt 0.277415 0.185374
vt 0.320740 0.205009
vt 0.312737 0.171119
vt 0.351341 0.166377
vt 0.407429 0.161813
vt 0.409104 0.164824
vt 0.406325 0.156455
vt 0.413819 0.163519
vt 0.414994 0.160227
vt 0.417751 0.156321
vt 0.409323 0.149705
vt 0.410832 0.151012
vt 0.414273 0.179923
vt 0.399970 0.190033
vt 0.413791 0.154392
vt 0.404411 0.134923
vt 0.390516 0.132759
vt 0.420150 0.171483
vt 0.414166 0.140991
vt 0.284651 0.124651
vt 0.275967 0.125381
vt 0.332770 0.108892
vt 0.391342 0.097789
vt 0.384471 0.101982
vt 0.333555 0.095631
vt 0.338281 0.065390
vt 0.134408 0.698389
vt 0.138866 0.708014
vt 0.135324 0.703758
vt 0.306892 0.097051
vt 0.302841 0.098862
vt 0.285540 0.135241
vt 0.290856 0.141284
vt 0.279272 0.117812
vt 0.290913 0.136263
vt 0.261566 0.167596
vt 0.259447 0.169984
vt 0.303428 0.126099
vt 0.292470 0.134366
vt 0.297579 0.127811
vt 0.276791 0.155710
vt 0.273189 0.129618
vt 0.286114 0.114934
vt 0.134631 0.693513
vt 0.295023 0.101528
vt 0.338225 0.052846
vt 0.341817 0.053189
vt 0.360469 0.052609
vt 0.344546 0.050826
vt 0.345292 0.039171
vt 0.340506 0.042559
vt 0.360846 0.066973
vt 0.351636 0.044788
vt 0.343414 0.047338
vt 0.518745 0.046849
vt 0.533418 0.046022
vt 0.539227 0.048292
vt 0.537867 0.051727
vt 0.499940 0.029107
vt 0.514602 0.040218
vt 0.513918 0.044459
vt 0.497150 0.036155
vt 0.347477 0.426165
vt 0.328709 0.420117
vt 0.311335 0.411822
vt 0.558853 0.051737
vt 0.575095 0.062805
vt 0.573077 0.068549
vt 0.564673 0.063817
vt 0.563286 0.057883
vt 0.558107 0.054271
vt 0.320758 0.675153
vt 0.323012 0.658761
vt 0.322736 0.663912
vt 0.346890 0.431654
vt 0.331117 0.428697
vt 0.327886 0.427818
vt 0.587813 0.079847
vt 0.585496 0.088102
vt 0.570027 0.079421
vt 0.556213 0.059054
vt 0.562371 0.062521
vt 0.554976 0.063461
vt 0.547696 0.055653
vt 0.539942 0.060439
vt 0.535519 0.060096
vt 0.518165 0.048917
vt 0.513261 0.047724
vt 0.514743 0.044867
vt 0.366619 0.432533
vt 0.356755 0.432094
vt 0.514514 0.061929
vt 0.533881 0.065932
vt 0.531351 0.078760
vt 0.511864 0.075361
vt 0.598211 0.593832
vt 0.599220 0.587878
vt 0.615875 0.576313
vt 0.615875 0.593730
vt 0.367060 0.435210
vt 0.357408 0.436057
vt 0.550201 0.071074
vt 0.552080 0.074603
vt 0.549754 0.086394
vt 0.567585 0.091800
vt 0.565846 0.105211
vt 0.547709 0.102164
vt 0.368224 0.437661
vt 0.359131 0.439687
vt 0.583497 0.098115
vt 0.588570 0.100761
vt 0.582131 0.108652
vt 0.508714 0.097701
vt 0.507369 0.117019
vt 0.504366 0.116916
vt 0.502238 0.109443
vt 0.370066 0.439794
vt 0.361859 0.442845
vt 0.255349 0.723350
vt 0.270211 0.726447
vt 0.265024 0.731927
vt 0.483911 0.138235
vt 0.502343 0.136708
vt 0.502543 0.143140
vt 0.508044 0.154835
vt 0.484940 0.159373
vt 0.254420 0.601995
vt 0.254854 0.598717
vt 0.265710 0.599979
vt 0.265912 0.604230
vt 0.270310 0.736574
vt 0.260828 0.738573
vt 0.260843 0.736888
vt 0.527151 0.117825
vt 0.531400 0.117982
vt 0.539464 0.126570
vt 0.530979 0.135769
vt 0.526938 0.135998
vt 0.507143 0.136311
vt 0.507249 0.127230
vt 0.484041 0.127195
vt 0.504662 0.126745
vt 0.372516 0.441526
vt 0.365487 0.445410
vt 0.255364 0.594669
vt 0.256608 0.584779
vt 0.273478 0.585166
vt 0.265240 0.595836
vt 0.504399 0.136538
vt 0.847912 0.175315
vt 0.850243 0.165791
vt 0.852660 0.166392
vt 0.851311 0.176234
vt 0.271311 0.586049
vt 0.275236 0.597701
vt 0.273942 0.600436
vt 0.271117 0.605626
vt 0.546377 0.134896
vt 0.551462 0.134383
vt 0.546641 0.140333
vt 0.527213 0.141659
vt 0.527375 0.144984
vt 0.527787 0.153448
vt 0.547141 0.150600
vt 0.565362 0.146402
vt 0.566340 0.155754
vt 0.548357 0.162018
vt 0.529062 0.164342
vt 0.509070 0.163604
vt 0.852658 0.166726
vt 0.852659 0.176512
vt 0.581751 0.141016
vt 0.588570 0.143488
vt 0.582421 0.147734
vt 0.482121 0.159926
vt 0.485098 0.160724
vt 0.486569 0.173303
vt 0.463999 0.182559
vt 0.460680 0.140159
vt 0.474412 0.151364
vt 0.461835 0.163910
vt 0.437448 0.142084
vt 0.443561 0.137285
vt 0.445720 0.137305
vt 0.460826 0.127702
vt 0.460970 0.115425
vt 0.437770 0.114628
vt 0.447743 0.103742
vt 0.462695 0.090657
vt 0.482819 0.093737
vt 0.475185 0.102554
vt 0.590261 0.640740
vt 0.594236 0.617286
vt 0.611662 0.640616
vt 0.615875 0.617160
vt 0.589283 0.620320
vt 0.571089 0.639338
vt 0.581066 0.632028
vt 0.574209 0.615822
vt 0.576977 0.605388
vt 0.592611 0.593423
vt 0.480072 0.014050
vt 0.473561 0.008870
vt 0.474261 0.008425
vt 0.480329 0.012752
vt 0.489483 0.032357
vt 0.465422 0.069628
vt 0.487726 0.078595
vt 0.485910 0.092595
vt 0.505023 0.085547
vt 0.445837 0.151656
vt 0.510030 0.087560
vt 0.529977 0.087608
vt 0.528419 0.099628
vt 0.446268 0.061928
vt 0.442586 0.064760
vt 0.439685 0.087135
vt 0.444718 0.188548
vt 0.503991 0.165793
vt 0.476238 0.149367
vt 0.485704 0.094179
vt 0.476944 0.104802
vt 0.484169 0.116222
vt 0.447985 0.120568
vt 0.446840 0.118233
vt 0.240462 0.631513
vt 0.237610 0.632536
vt 0.236183 0.630763
vt 0.274982 0.635582
vt 0.266466 0.627596
vt 0.266505 0.616680
vt 0.277554 0.617293
vt 0.279366 0.635825
vt 0.527573 0.111765
vt 0.546461 0.127703
vt 0.260119 0.631711
vt 0.251520 0.623565
vt 0.252688 0.615073
vt 0.275038 0.586118
vt 0.279366 0.594036
vt 0.534103 0.135592
vt 0.277186 0.637749
vt 0.540444 0.128978
vt 0.241654 0.613139
vt 0.245079 0.594137
vt 0.249166 0.583474
vt 0.256265 0.734548
vt 0.236870 0.589599
vt 0.242045 0.581784
vt 0.527851 0.107774
vt 0.246806 0.597306
vt 0.248992 0.601330
vt 0.575974 0.139316
vt 0.577352 0.111463
vt 0.541547 0.145834
vt 0.257410 0.711720
vt 0.270310 0.720132
vt 0.543157 0.106074
vt 0.502678 0.116858
vt 0.447349 0.134956
vt 0.448414 0.131090
vt 0.448519 0.124855
vt 0.437606 0.128624
vt 0.440923 0.131949
vt 0.442625 0.135145
vt 0.444470 0.118503
vt 0.443262 0.120449
vt 0.444079 0.154204
vt 0.458859 0.160967
vt 0.438730 0.168447
vt 0.441039 0.125158
vt 0.457846 0.095027
vt 0.445524 0.101637
vt 0.437655 0.146349
vt 0.438029 0.110911
vt 0.550250 0.056673
vt 0.557627 0.055482
vt 0.500855 0.056655
vt 0.615377 0.637337
vt 0.615875 0.629588
vt 0.494513 0.045554
vt 0.569784 0.615033
vt 0.324209 0.675155
vt 0.323974 0.680985
vt 0.321424 0.685871
vt 0.321071 0.692421
vt 0.516601 0.041404
vt 0.522133 0.037642
vt 0.520596 0.042174
vt 0.554387 0.065562
vt 0.552626 0.071838
vt 0.551050 0.050350
vt 0.555915 0.050341
vt 0.550254 0.067744
vt 0.584939 0.090805
vt 0.587033 0.093023
vt 0.226170 0.589451
vt 0.235519 0.579774
vt 0.534828 0.062559
vt 0.540632 0.062496
vt 0.548042 0.066581
vt 0.569546 0.081859
vt 0.960664 0.210744
vt 0.961468 0.205877
vt 0.964875 0.202999
vt 0.964875 0.209721
vt 0.544047 0.049524
vt 0.324209 0.670267
vt 0.528928 0.042016
vt 0.524415 0.038321
vt 0.501231 0.025197
vt 0.807899 0.604254
vt 0.808596 0.616793
vt 0.805712 0.618539
vt 0.802421 0.611104
vt 0.520150 0.036462
vt 0.477210 0.021281
vt 0.811065 0.600295
vt 0.811065 0.616675
vt 0.568031 0.639114
vt 0.561470 0.628555
vt 0.562233 0.625095
vt 0.815492 0.988648
vt 0.816654 0.982857
vt 0.817023 0.982851
vt 0.818457 0.988648
vt 0.578905 0.630920
vt 0.226683 0.970840
vt 0.226169 0.965521
vt 0.231046 0.964855
vt 0.231046 0.971111
vt 0.559802 0.637648
vt 0.558697 0.629931
vt 0.276726 0.954659
vt 0.278711 0.955441
vt 0.278711 0.961966
vt 0.276726 0.961184
vt 0.988891 0.644931
vt 0.986700 0.644750
vt 0.986700 0.638225
vt 0.988891 0.638406
vt 0.494980 0.960357
vt 0.492371 0.960598
vt 0.492371 0.954452
vt 0.494980 0.954211
vt 0.978497 0.378669
vt 0.974755 0.378834
vt 0.974755 0.372688
vt 0.978497 0.372523
vt 0.969469 0.705016
vt 0.974321 0.704930
vt 0.974321 0.711076
vt 0.969469 0.711162
vt 0.822605 0.514462
vt 0.822605 0.525405
vt 0.816460 0.525290
vt 0.816460 0.514347
vt 0.974376 0.347991
vt 0.977087 0.346447
vt 0.977087 0.352963
vt 0.974376 0.354507
vt 0.010861 0.791087
vt 0.017635 0.786672
vt 0.017366 0.790127
vt 0.910132 0.963324
vt 0.907616 0.964293
vt 0.907616 0.957778
vt 0.910132 0.956808
vt 0.912034 0.963262
vt 0.912034 0.956746
vt 0.984182 0.172769
vt 0.981817 0.172367
vt 0.981817 0.165791
vt 0.984182 0.166194
vt 0.226169 0.855035
vt 0.226872 0.847331
vt 0.232273 0.850976
vt 0.231570 0.858680
vt 0.822605 0.503939
vt 0.816460 0.503824
vt 0.972018 0.755237
vt 0.975701 0.755829
vt 0.975701 0.762404
vt 0.972018 0.761812
vt 0.296217 0.833630
vt 0.296217 0.815040
vt 0.302721 0.815443
vt 0.302721 0.834033
vt 0.749796 0.300125
vt 0.750822 0.293862
vt 0.757242 0.292441
vt 0.756216 0.298703
vt 0.018545 0.782944
vt 0.385961 0.799833
vt 0.385909 0.807798
vt 0.380228 0.807747
vt 0.380065 0.802608
vt 0.386033 0.788741
vt 0.380137 0.791516
vt 0.737254 0.659611
vt 0.739000 0.639557
vt 0.745378 0.638225
vt 0.743632 0.658279
vt 0.890239 0.962218
vt 0.226872 0.860549
vt 0.232273 0.864194
vt 0.182415 0.952758
vt 0.186586 0.954638
vt 0.186586 0.961139
vt 0.182442 0.959274
vt 0.974358 0.062039
vt 0.970936 0.060960
vt 0.970936 0.054444
vt 0.974358 0.055523
vt 0.952112 0.975956
vt 0.954966 0.975693
vt 0.954966 0.982268
vt 0.952112 0.982531
vt 0.969406 0.477270
vt 0.972227 0.475229
vt 0.972227 0.481804
vt 0.969406 0.483845
vt 0.845007 0.834906
vt 0.845007 0.851810
vt 0.839058 0.850263
vt 0.839058 0.833359
vt 0.781638 0.613990
vt 0.785432 0.611132
vt 0.785432 0.617657
vt 0.782130 0.620235
vt 0.879729 0.462425
vt 0.879729 0.448533
vt 0.885685 0.450047
vt 0.885685 0.463939
vt 0.968947 0.267943
vt 0.929683 0.953561
vt 0.934310 0.954725
vt 0.934310 0.961250
vt 0.929683 0.960086
vt 0.182536 0.706796
vt 0.184407 0.687565
vt 0.190226 0.689544
vt 0.188354 0.708775
vt 0.874887 0.165791
vt 0.874887 0.179833
vt 0.869510 0.182811
vt 0.869510 0.168769
vt 0.851683 0.618011
vt 0.851218 0.610600
vt 0.857054 0.607682
vt 0.857518 0.615092
vt 0.557852 0.863823
vt 0.557852 0.848615
vt 0.563505 0.846203
vt 0.563505 0.861411
vt 0.634946 0.837575
vt 0.634946 0.819360
vt 0.641464 0.819049
vt 0.641464 0.837264
vt 0.564982 0.208243
vt 0.564982 0.222424
vt 0.558664 0.220604
vt 0.558664 0.206423
vt 0.610804 0.856188
vt 0.611130 0.845049
vt 0.616974 0.847931
vt 0.616648 0.859071
vt 0.476099 0.869365
vt 0.476099 0.882277
vt 0.470023 0.879762
vt 0.470023 0.866850
vt 0.925284 0.458378
vt 0.925284 0.449766
vt 0.931742 0.448533
vt 0.931742 0.457145
vt 0.710925 0.172388
vt 0.711201 0.165791
vt 0.717249 0.166887
vt 0.716973 0.173485
vt 0.495102 0.815028
vt 0.493344 0.815329
vt 0.493344 0.809183
vt 0.495102 0.808882
vt 0.922119 0.202999
vt 0.922119 0.214906
vt 0.916659 0.215513
vt 0.917084 0.207228
vt 0.013385 0.780413
vt 0.018353 0.782761
vt 0.386033 0.811787
vt 0.380379 0.811368
vt 0.140906 0.730277
vt 0.140906 0.763732
vt 0.134408 0.764213
vt 0.134408 0.730758
vt 0.037069 0.833066
vt 0.031672 0.830126
vt 0.512488 0.767912
vt 0.512488 0.735262
vt 0.518996 0.735724
vt 0.518996 0.768375
vt 0.794748 0.074416
vt 0.793807 0.063404
vt 0.799510 0.066555
vt 0.800451 0.077567
vt 0.851682 0.603213
vt 0.857518 0.600294
vt 0.947603 0.475229
vt 0.952556 0.477479
vt 0.952556 0.483995
vt 0.947603 0.481745
vt 0.929081 0.380558
vt 0.929081 0.373446
vt 0.935591 0.372523
vt 0.935591 0.379634
vt 0.419235 0.981840
vt 0.416232 0.982357
vt 0.416232 0.976211
vt 0.419235 0.975694
vt 0.611130 0.859166
vt 0.616974 0.862049
vt 0.470023 0.813711
vt 0.470023 0.793293
vt 0.476388 0.794943
vt 0.476388 0.815361
vt 0.182536 0.800748
vt 0.183413 0.794178
vt 0.189236 0.791232
vt 0.188358 0.797803
vt 0.794748 0.054444
vt 0.800451 0.057596
vt 0.133838 0.947011
vt 0.139422 0.945627
vt 0.139422 0.952143
vt 0.133838 0.953527
vt 0.973361 0.456025
vt 0.969736 0.455049
vt 0.969736 0.448533
vt 0.973361 0.449509
vt 0.689141 0.729061
vt 0.690750 0.711484
vt 0.696738 0.712867
vt 0.695129 0.730444
vt 0.634946 0.746935
vt 0.635499 0.725258
vt 0.641400 0.723539
vt 0.640846 0.745216
vt 0.725857 0.354882
vt 0.731526 0.358113
vt 0.868812 0.292441
vt 0.868812 0.306980
vt 0.863609 0.310251
vt 0.863609 0.295712
vt 0.183413 0.813025
vt 0.189236 0.810080
vt 0.447666 0.786448
vt 0.447666 0.806993
vt 0.441573 0.804521
vt 0.441573 0.783976
vt 0.617818 0.692569
vt 0.614913 0.694803
vt 0.614913 0.688277
vt 0.617818 0.686044
vt 0.822200 0.837007
vt 0.822200 0.853524
vt 0.816352 0.855414
vt 0.816352 0.838898
vt 0.884179 0.810346
vt 0.884179 0.798000
vt 0.890258 0.800506
vt 0.890258 0.812853
vt 0.834367 0.601564
vt 0.834367 0.619310
vt 0.827916 0.618040
vt 0.827916 0.600295
vt 0.298162 0.798189
vt 0.303831 0.794977
vt 0.585816 0.860955
vt 0.585816 0.844117
vt 0.591928 0.843473
vt 0.591928 0.860312
vt 0.887717 0.755237
vt 0.887717 0.768404
vt 0.882197 0.771108
vt 0.882197 0.757941
vt 0.105643 0.877667
vt 0.105643 0.891481
vt 0.099134 0.891183
vt 0.099134 0.877370
vt 0.928392 0.640607
vt 0.928392 0.649589
vt 0.922264 0.647208
vt 0.922264 0.638225
vt 0.793224 0.933600
vt 0.798572 0.936229
vt 0.798572 0.942745
vt 0.793224 0.940116
vt 0.710989 0.182612
vt 0.717037 0.183708
vt 0.839056 0.938455
vt 0.839056 0.931750
vt 0.844397 0.934791
vt 0.844397 0.941496
vt 0.448118 0.734637
vt 0.448118 0.767125
vt 0.441573 0.766496
vt 0.441573 0.734008
vt 0.719776 0.836137
vt 0.719776 0.853704
vt 0.713661 0.854325
vt 0.713661 0.836758
vt 0.861857 0.883218
vt 0.861857 0.868855
vt 0.868373 0.868515
vt 0.868373 0.882877
vt 0.771947 0.235702
vt 0.771947 0.268360
vt 0.765899 0.269450
vt 0.765899 0.236793
vt 0.727930 0.517756
vt 0.635499 0.761902
vt 0.641400 0.760183
vt 0.054807 0.706356
vt 0.054807 0.687411
vt 0.061372 0.687777
vt 0.061372 0.706722
vt 0.711111 0.201887
vt 0.717158 0.202983
vt 0.695615 0.844575
vt 0.695615 0.860773
vt 0.689141 0.860038
vt 0.689141 0.843839
vt 0.711201 0.216215
vt 0.717249 0.217311
vt 0.809406 0.138353
vt 0.803009 0.139592
vt 0.884707 0.937829
vt 0.884707 0.929821
vt 0.890765 0.930858
vt 0.890765 0.938867
vt 0.226169 0.918217
vt 0.226416 0.913135
vt 0.232929 0.913536
vt 0.232929 0.919121
vt 0.725993 0.349747
vt 0.726690 0.346447
vt 0.732359 0.349677
vt 0.731662 0.352978
vt 0.826314 0.142715
vt 0.826846 0.132623
vt 0.833419 0.132483
vt 0.832888 0.142575
vt 0.739000 0.677769
vt 0.745378 0.676437
vt 0.641413 0.854426
vt 0.641413 0.869370
vt 0.634946 0.870162
vt 0.634946 0.855218
vt 0.725960 0.510503
vt 0.730052 0.515585
vt 0.891795 0.292861
vt 0.891795 0.306844
vt 0.885663 0.306425
vt 0.885663 0.292441
vt 0.295748 0.925851
vt 0.295748 0.916360
vt 0.302021 0.914563
vt 0.302021 0.924054
vt 0.285147 0.391396
vt 0.281883 0.388872
vt 0.285525 0.383921
vt 0.288789 0.386445
vt 0.905413 0.640127
vt 0.905413 0.651568
vt 0.899181 0.649666
vt 0.899181 0.638225
vt 0.974379 0.952219
vt 0.977828 0.951694
vt 0.977828 0.958270
vt 0.974379 0.958794
vt 0.689548 0.826988
vt 0.689141 0.819696
vt 0.695716 0.819637
vt 0.696123 0.826929
vt 0.416232 0.952178
vt 0.422078 0.952327
vt 0.422078 0.958843
vt 0.416232 0.958694
vt 0.140198 0.888523
vt 0.140198 0.900398
vt 0.133838 0.901813
vt 0.133838 0.889937
vt 0.826846 0.148941
vt 0.833419 0.148801
vt 0.054807 0.722624
vt 0.061372 0.722990
vt 0.926996 0.512012
vt 0.926996 0.503824
vt 0.933364 0.505244
vt 0.933364 0.513433
vt 0.585816 0.938686
vt 0.591717 0.940196
vt 0.591717 0.946721
vt 0.585816 0.945212
vt 0.422280 0.830395
vt 0.422280 0.846644
vt 0.416232 0.844217
vt 0.416232 0.827968
vt 0.182536 0.837017
vt 0.183249 0.829897
vt 0.189395 0.829876
vt 0.188682 0.836996
vt 0.908537 0.879592
vt 0.908537 0.868515
vt 0.914980 0.869545
vt 0.914980 0.880622
vt 0.079653 0.984653
vt 0.077451 0.985250
vt 0.077451 0.978734
vt 0.079653 0.978137
vt 0.845511 0.798909
vt 0.845511 0.816509
vt 0.839058 0.815600
vt 0.839058 0.798000
vt 0.854397 0.203870
vt 0.854397 0.218768
vt 0.847912 0.218047
vt 0.847912 0.203149
vt 0.380065 0.935694
vt 0.380065 0.927539
vt 0.386491 0.926457
vt 0.386491 0.934613
vt 0.492930 0.984213
vt 0.490002 0.983854
vt 0.490002 0.977708
vt 0.492930 0.978067
vt 0.815492 0.909018
vt 0.815849 0.904929
vt 0.821892 0.907519
vt 0.821536 0.911608
vt 0.341909 0.787282
vt 0.342819 0.775660
vt 0.348961 0.775448
vt 0.348052 0.787071
vt 0.955356 0.806779
vt 0.951057 0.804146
vt 0.951057 0.798000
vt 0.955356 0.800633
vt 0.259875 0.962319
vt 0.255349 0.961175
vt 0.255349 0.954659
vt 0.259875 0.955803
vt 0.718655 0.750397
vt 0.718655 0.780823
vt 0.713661 0.776637
vt 0.715151 0.747832
vt 0.952112 0.951694
vt 0.957528 0.952326
vt 0.957528 0.958842
vt 0.952112 0.958210
vt 0.689548 0.808132
vt 0.696123 0.808072
vt 0.695607 0.909115
vt 0.695607 0.919904
vt 0.689141 0.919026
vt 0.689141 0.908236
vt 0.342819 0.798690
vt 0.348961 0.798478
vt 0.687800 0.140714
vt 0.687801 0.116574
vt 0.693739 0.114941
vt 0.694074 0.138922
vt 0.319196 0.971077
vt 0.322798 0.971259
vt 0.322798 0.977784
vt 0.319196 0.977602
vt 0.564218 0.882104
vt 0.564218 0.894578
vt 0.557852 0.893148
vt 0.557852 0.880674
vt 0.677786 0.464961
vt 0.673230 0.479907
vt 0.666724 0.480402
vt 0.671280 0.465456
vt 0.713661 0.958374
vt 0.718896 0.958307
vt 0.718896 0.964823
vt 0.713661 0.964890
vt 0.518352 0.921711
vt 0.518352 0.930977
vt 0.511863 0.931569
vt 0.511863 0.922303
vt 0.687802 0.096254
vt 0.692095 0.095399
vt 0.861857 0.912450
vt 0.861857 0.901784
vt 0.868205 0.900069
vt 0.868205 0.910734
vt 0.885224 0.882656
vt 0.885224 0.869351
vt 0.891686 0.868515
vt 0.891686 0.881820
vt 0.678156 0.448658
vt 0.674188 0.448533
vt 0.255349 0.882398
vt 0.255349 0.868705
vt 0.261834 0.867622
vt 0.261834 0.881315
vt 0.927718 0.806667
vt 0.927718 0.798000
vt 0.934206 0.798690
vt 0.934206 0.807357
vt 0.012041 0.797131
vt 0.011168 0.794294
vt 0.017673 0.793334
vt 0.018545 0.796171
vt 0.815849 0.914368
vt 0.821892 0.916957
vt 0.873581 0.146588
vt 0.873581 0.132483
vt 0.879304 0.134726
vt 0.879304 0.148830
vt 0.668103 0.877142
vt 0.666431 0.886004
vt 0.660358 0.886948
vt 0.662030 0.878087
vt 0.641324 0.951518
vt 0.634946 0.952155
vt 0.634946 0.945630
vt 0.641324 0.944993
vt 0.511994 0.221313
vt 0.511994 0.206423
vt 0.518389 0.207671
vt 0.518389 0.222562
vt 0.417610 0.693434
vt 0.418227 0.690224
vt 0.424722 0.689204
vt 0.424106 0.692414
vt 0.535272 0.954301
vt 0.540515 0.954687
vt 0.540515 0.961203
vt 0.535272 0.960817
vt 0.860138 0.673899
vt 0.860138 0.687680
vt 0.853717 0.686573
vt 0.853717 0.672792
vt 0.416863 0.682870
vt 0.423359 0.681850
vt 0.889536 0.503824
vt 0.889536 0.516426
vt 0.883316 0.518558
vt 0.883316 0.505956
vt 0.448045 0.859973
vt 0.448045 0.874488
vt 0.441573 0.875318
vt 0.441573 0.860803
vt 0.668103 0.888906
vt 0.662030 0.889850
vt 0.750822 0.324593
vt 0.749664 0.317999
vt 0.756084 0.316578
vt 0.757242 0.323172
vt 0.518352 0.891695
vt 0.518352 0.903585
vt 0.511953 0.904860
vt 0.511953 0.892970
vt 0.809970 0.032058
vt 0.809970 0.011334
vt 0.815385 0.008425
vt 0.815385 0.029149
vt 0.687800 0.159405
vt 0.694074 0.157612
vt 0.794972 0.452024
vt 0.794972 0.474663
vt 0.789401 0.471171
vt 0.789401 0.448533
vt 0.678156 0.499739
vt 0.671650 0.500235
vt 0.416232 0.709697
vt 0.422728 0.708677
vt 0.610804 0.825656
vt 0.610805 0.809526
vt 0.617120 0.807920
vt 0.617119 0.824050
vt 0.690750 0.747573
vt 0.696738 0.748955
vt 0.764203 0.561222
vt 0.764139 0.575696
vt 0.758189 0.574156
vt 0.758253 0.559682
vt 0.846504 0.346447
vt 0.846504 0.363885
vt 0.840511 0.365252
vt 0.840511 0.347813
vt 0.077451 0.936746
vt 0.077451 0.930014
vt 0.081801 0.925672
vt 0.081801 0.932404
vt 0.764203 0.594281
vt 0.758253 0.592741
vt 0.930367 0.738177
vt 0.924280 0.737783
vt 0.924280 0.731637
vt 0.930367 0.732031
vt 0.416442 0.772474
vt 0.416232 0.755053
vt 0.422623 0.753504
vt 0.422832 0.770925
vt 0.866492 0.962879
vt 0.861857 0.963651
vt 0.861857 0.957076
vt 0.866492 0.956304
vt 0.416442 0.743088
vt 0.422832 0.741539
vt 0.960323 0.429036
vt 0.956746 0.431574
vt 0.956746 0.424998
vt 0.960323 0.422460
vt 0.610805 0.828198
vt 0.617120 0.826591
vt 0.749436 0.308059
vt 0.755856 0.306637
vt 0.418227 0.724688
vt 0.424722 0.723668
vt 0.054807 0.672720
vt 0.061372 0.673086
vt 0.226330 0.923971
vt 0.231417 0.921470
vt 0.183249 0.847086
vt 0.189395 0.847065
vt 0.946301 0.139059
vt 0.941664 0.142006
vt 0.941664 0.135431
vt 0.946301 0.132483
vt 0.665757 0.034197
vt 0.667898 0.008425
vt 0.674377 0.009119
vt 0.672236 0.034891
vt 0.932816 0.058573
vt 0.932816 0.065461
vt 0.927698 0.061333
vt 0.927698 0.054444
vt 0.392113 0.681928
vt 0.390326 0.660708
vt 0.396811 0.659985
vt 0.398598 0.681205
vt 0.938563 0.399620
vt 0.938563 0.407817
vt 0.933577 0.403530
vt 0.934456 0.397439
vt 0.667071 0.047814
vt 0.673550 0.048507
vt 0.277750 0.378499
vt 0.275655 0.371129
vt 0.281615 0.373098
vt 0.667898 0.067818
vt 0.674377 0.068511
vt 0.279267 0.384440
vt 0.282908 0.379489
vt 0.799501 0.800542
vt 0.799501 0.820062
vt 0.793501 0.817520
vt 0.793501 0.798000
vt 0.390967 0.645571
vt 0.392113 0.625813
vt 0.398598 0.625090
vt 0.397452 0.644847
vt 0.390037 0.657275
vt 0.396522 0.656552
vt 0.801695 0.292441
vt 0.801695 0.314406
vt 0.795680 0.316935
vt 0.795680 0.294970
vt 0.948488 0.608236
vt 0.942527 0.606870
vt 0.942527 0.600295
vt 0.948488 0.601660
vt 0.960386 0.103795
vt 0.956187 0.101924
vt 0.956187 0.095399
vt 0.960386 0.097270
vt 0.850084 0.186057
vt 0.852660 0.186298
vt 0.262890 0.579943
vt 0.268344 0.580245
vt 0.821414 0.218851
vt 0.811931 0.218851
vt 0.812734 0.215482
vt 0.818664 0.207586
vt 0.350038 0.441713
vt 0.353652 0.445897
vt 0.347755 0.436904
vt 0.247365 0.209890
vt 0.248149 0.205736
vt 0.248038 0.201164
vt 0.247062 0.196272
vt 0.245257 0.191249
vt 0.242692 0.186287
vt 0.239467 0.181577
vt 0.235704 0.177301
vt 0.186422 0.659855
vt 0.193951 0.656582
vt 0.185102 0.654314
vt 0.193060 0.652840
vt 0.184460 0.648643
vt 0.192626 0.649010
vt 0.184519 0.643058
vt 0.192666 0.645238
vt 0.185278 0.637774
vt 0.193179 0.641670
vt 0.186708 0.632995
vt 0.194145 0.638443
vt 0.188753 0.628904
vt 0.195526 0.635680
vt 0.191696 0.625303
vt 0.197630 0.633133
vt 0.205799 0.902711
vt 0.208177 0.901824
vt 0.206743 0.898370
vt 0.209120 0.897483
vt 0.183354 0.638412
vt 0.182595 0.643696
vt 0.010939 0.779086
vt 0.182536 0.649281
vt 0.206533 0.791530
vt 0.209302 0.791233
vt 0.762229 0.674032
vt 0.762229 0.641563
vt 0.767100 0.638225
vt 0.767612 0.638399
vt 0.767612 0.670344
vt 0.441571 0.189460
vt 0.441202 0.189572
vt 0.184434 0.728491
vt 0.190226 0.730159
vt 0.189700 0.730282
vt 0.365907 0.431031
vt 0.274538 0.369475
vn -0.1163 -0.9531 -0.2794
vn 0.0000 -0.9589 -0.2837
vn 0.0000 -0.4358 -0.9000
vn -0.2096 0.2229 -0.9520
vn -0.1388 0.6502 -0.7469
vn 0.0000 0.5137 -0.8580
vn -0.8803 0.4409 0.1751
vn -0.9070 0.3805 0.1804
vn -0.8822 0.3173 -0.3479
vn -0.8313 0.3871 -0.3988
vn -0.8167 0.5697 0.0914
vn -0.8039 0.5728 0.1599
vn -0.1552 0.9866 -0.0504
vn -0.1543 0.9871 0.0418
vn 0.8410 0.4641 -0.2781
vn 0.4638 0.8770 -0.1258
vn 0.4191 0.8903 -0.1781
vn 0.7934 0.5015 -0.3449
vn -0.5599 0.8285 0.0000
vn -0.5475 0.8286 0.1164
vn -0.3784 0.9219 0.0831
vn -0.3889 0.9213 0.0000
vn -0.7112 0.7030 0.0000
vn -0.6956 0.7033 0.1464
vn -0.8351 0.5500 0.0000
vn -0.3556 0.5249 0.7732
vn -0.5993 -0.2052 0.7738
vn -0.9558 0.2852 0.0710
vn -0.9248 0.3805 0.0000
vn -0.1825 0.5060 0.8430
vn -0.9370 0.3493 0.0000
vn -0.0794 0.5392 0.8384
vn -0.4025 0.4580 0.7926
vn -0.3583 0.9217 0.1484
vn -0.1421 0.4696 0.8714
vn -0.8173 0.5528 0.1626
vn -0.0638 0.7670 0.6384
vn 0.1649 0.9499 0.2657
vn -0.2077 0.2137 0.9546
vn 0.0412 0.6868 0.7256
vn -0.1285 0.8300 0.5428
vn -0.8352 0.4794 0.2695
vn -0.9907 -0.0420 0.1293
vn -0.7987 0.5693 0.1948
vn 0.0000 0.5313 0.8472
vn 0.0000 0.4964 0.8681
vn -0.1734 0.4847 0.8573
vn -0.1575 0.5243 0.8368
vn -0.8292 0.4409 0.3435
vn -0.1651 -0.0203 0.9861
vn -0.2395 0.2059 0.9488
vn -0.8544 0.3805 0.3539
vn -0.7573 0.5728 0.3137
vn -0.0440 0.4386 0.8976
vn 0.2306 0.9142 0.3333
vn -0.4402 0.8613 -0.2537
vn 0.3335 0.4997 -0.7994
vn 0.1781 0.8903 -0.4191
vn 0.0953 0.8855 -0.4547
vn 0.1848 0.4634 -0.8666
vn -0.5161 0.8257 -0.2276
vn -0.7371 0.4653 0.4900
vn -0.7550 0.6418 -0.1340
vn -0.0626 0.6320 0.7724
vn 0.0035 0.4996 0.8662
vn -0.5904 0.7040 0.3945
vn -0.8361 0.5163 0.1849
vn -0.8503 0.4882 0.1967
vn -0.8739 0.4860 0.0000
vn -0.8392 0.5437 0.0000
vn -0.4620 0.8291 0.3148
vn 0.2559 0.8787 0.4028
vn -0.3821 0.8713 0.3080
vn -0.6347 0.4409 0.6347
vn -0.4624 0.5794 0.6711
vn -0.3835 -0.0515 0.9221
vn -0.4995 0.4934 0.7121
vn -0.7956 0.5112 0.3250
vn -0.8120 0.4736 0.3410
vn -0.2081 -0.0501 0.9768
vn -0.4630 0.5528 0.6929
vn -0.6015 0.7913 -0.1096
vn -0.3137 0.5728 0.7573
vn 0.2268 0.1548 0.9615
vn -0.1751 0.4409 0.8803
vn -0.3538 0.5746 0.7380
vn 0.0132 0.9717 0.2356
vn -0.3524 0.7730 0.5275
vn -0.2427 0.7730 0.5861
vn -0.2142 0.8286 0.5171
vn -0.3110 0.8286 0.4654
vn -0.0410 0.3891 0.9203
vn 0.4262 0.4337 0.7938
vn -0.0411 0.9933 -0.1083
vn -0.5137 0.3805 0.7689
vn -0.3539 0.3805 0.8544
vn 0.2139 0.8027 0.5567
vn -0.0815 0.9962 -0.0313
vn -0.5538 0.8326 -0.0122
vn -0.4462 -0.1607 0.8803
vn -0.3131 0.4708 0.8248
vn -0.3870 0.5710 0.7240
vn -0.0416 0.9987 0.0295
vn 0.4764 0.5187 -0.7099
vn 0.2513 0.8934 -0.3724
vn -0.2619 0.8819 0.3919
vn -0.1804 0.8819 0.4355
vn -0.1484 0.9217 0.3583
vn -0.2155 0.9217 0.3225
vn -0.5643 -0.1179 0.8171
vn 0.7091 0.5214 -0.4746
vn 0.3724 0.8934 -0.2513
vn 0.3162 0.8944 -0.3162
vn 0.6018 0.5258 -0.6011
vn 0.2812 0.5476 0.7880
vn -0.0754 0.9217 0.3805
vn 0.2379 0.6827 0.6908
vn 0.3044 0.5140 0.8019
vn -0.3189 0.5528 0.7699
vn 0.3202 0.7820 0.5347
vn -0.0121 0.9958 -0.0911
vn 0.4756 0.5813 0.6602
vn -0.1803 0.3806 0.9070
vn -0.7248 0.1241 0.6777
vn -0.7151 0.6346 0.2929
vn 0.0000 0.4897 0.8719
vn 0.0000 0.7041 0.7101
vn -0.8542 0.3623 0.3731
vn 0.4072 0.2629 0.8746
vn 0.3961 0.2282 0.8894
vn -0.7190 0.5045 0.4779
vn -0.7338 0.4675 0.4929
vn -0.6273 0.7703 -0.1147
vn 0.0000 0.8295 0.5584
vn 0.0000 0.8457 0.5336
vn -0.2069 -0.0736 0.9756
vn 0.5218 0.2181 0.8247
vn -0.1477 0.5636 0.8127
vn -0.5770 0.8122 0.0855
vn 0.4921 0.5415 0.6816
vn 0.4431 0.5642 0.6966
vn -0.7717 0.6323 0.0678
vn -0.2889 0.5885 0.7551
vn -0.5598 0.8245 -0.0821
vn -0.2253 -0.1266 0.9660
vn -0.8579 0.1941 0.4758
vn -0.6672 0.7335 0.1292
vn -0.4636 0.5989 0.6530
vn -0.9303 -0.0322 0.3654
vn -0.7522 -0.1924 0.6302
vn -0.6070 0.5526 0.5711
vn 0.2069 0.8439 0.4949
vn 0.0578 0.7933 0.6061
vn -0.9160 -0.1051 0.3870
vn -0.1036 0.0595 0.9928
vn -0.7631 0.5482 0.3423
vn -0.8115 0.5426 0.2166
vn -0.5140 0.7605 -0.3968
vn -0.8591 0.2022 -0.4700
vn -0.7999 0.5767 0.1661
vn -0.4521 0.8318 -0.3221
vn -0.4664 0.7975 -0.3827
vn -0.7997 0.5908 0.1066
vn -0.8020 0.5973 0.0000
vn -0.9968 0.0802 0.0000
vn -0.9999 0.0100 -0.0029
vn -0.7495 0.0273 0.6615
vn -0.8368 0.5091 -0.2015
vn 0.1429 0.6956 0.7040
vn -0.0272 0.9898 -0.1393
vn 0.1050 0.1097 0.9884
vn -0.9899 0.1036 -0.0966
vn -0.6539 0.3805 0.6539
vn -0.9817 0.1904 0.0008
vn -0.9430 -0.2354 0.2352
vn -0.9796 0.0877 -0.1807
vn -0.7026 -0.1189 0.7016
vn 0.2809 -0.1581 0.9466
vn -0.0827 0.9815 -0.1725
vn 0.1241 0.1448 0.9816
vn -0.9802 0.0067 0.1979
vn -0.4554 0.5728 0.6815
vn -0.9382 -0.0467 0.3429
vn -0.0828 0.3540 0.9315
vn -0.2954 0.0070 0.9553
vn -0.2360 0.0116 0.9717
vn -0.9897 0.1393 0.0326
vn -0.6796 -0.3284 0.6560
vn -0.7405 -0.0511 0.6701
vn 0.3193 0.2580 0.9118
vn 0.4012 0.6554 0.6399
vn -0.2717 0.7040 0.6561
vn -0.3359 0.2358 0.9119
vn -0.8447 0.4924 -0.2095
vn -0.8354 0.5328 -0.1350
vn -0.5252 -0.2407 0.8162
vn -0.3945 0.7040 0.5904
vn -0.4878 0.2435 0.8383
vn 0.0000 0.9217 0.3878
vn -0.7664 -0.1455 0.6256
vn -0.4076 -0.3425 0.8464
vn -0.9645 -0.0202 0.2633
vn -0.8079 0.5678 -0.1579
vn -0.9107 0.3323 0.2454
vn -0.2743 0.9217 0.2743
vn 0.2524 0.1971 0.9473
vn -0.3225 0.9217 0.2155
vn -0.3057 0.2430 0.9206
vn -0.9424 0.3106 0.1238
vn -0.8287 0.5582 0.0409
vn -0.9098 0.4131 0.0397
vn 0.3067 0.5694 0.7627
vn -0.0492 0.8332 0.5507
vn -0.3037 0.8510 0.4283
vn -0.1867 0.9793 0.0782
vn -0.5335 -0.0787 0.8421
vn -0.6875 -0.0612 0.7236
vn -0.4255 -0.0764 0.9017
vn -0.3671 0.9265 -0.0822
vn -0.2224 0.9704 0.0935
vn -0.4685 -0.1112 0.8764
vn 0.1292 0.6842 0.7178
vn 0.1831 0.9038 0.3867
vn -0.5944 0.8041 0.0106
vn -0.2616 0.5336 0.8042
vn 0.0445 0.9549 0.2936
vn 0.1433 0.7917 0.5938
vn -0.5104 0.5384 0.6705
vn -0.9832 0.1045 0.1496
vn 0.2205 0.1640 0.9615
vn -0.9895 0.0350 -0.1400
vn -0.8100 0.3338 -0.4821
vn -0.6155 -0.0454 0.7868
vn -0.5135 -0.2571 0.8186
vn -0.0473 0.4148 0.9087
vn -0.6803 -0.1057 0.7252
vn -0.7748 0.6266 0.0834
vn -0.3573 0.2156 0.9087
vn -0.8455 0.4909 -0.2097
vn -0.6488 -0.1971 0.7349
vn -0.4475 -0.0851 0.8902
vn -0.9976 -0.0676 -0.0141
vn -0.8932 0.4386 0.0985
vn -0.9344 -0.0475 -0.3529
vn -0.9819 0.1310 -0.1368
vn -0.3348 0.0910 0.9379
vn -0.9386 0.2001 -0.2811
vn -0.8467 -0.3405 0.4087
vn -0.6128 0.6979 -0.3706
vn -0.2881 0.8419 -0.4561
vn -0.9294 0.3370 -0.1504
vn -0.4696 0.8797 0.0746
vn -0.9847 0.1545 -0.0802
vn -0.7613 0.5779 -0.2940
vn -0.3010 0.8233 -0.4812
vn -0.8920 0.2851 -0.3508
vn -0.1794 0.4423 0.8787
vn -0.6634 0.5880 -0.4627
vn -0.8207 0.5713 0.0000
vn -0.9761 0.1638 -0.1428
vn 0.0304 0.9995 0.0000
vn -0.8935 0.3808 -0.2381
vn -0.8366 -0.2125 0.5049
vn -0.7305 0.6269 -0.2709
vn -0.9991 -0.0409 0.0000
vn -0.9905 -0.0667 0.1204
vn -0.1632 0.9774 -0.1339
vn -0.1324 0.9912 0.0000
vn -0.6323 -0.0804 0.7705
vn -0.9911 -0.0917 0.0969
vn -0.3296 0.9040 -0.2723
vn 0.8803 -0.4409 -0.1751
vn 0.6687 0.1284 -0.7323
vn 0.3810 -0.2002 -0.9026
vn 0.9070 -0.3805 -0.1804
vn 0.8151 -0.5651 -0.1276
vn 0.9980 -0.0551 -0.0312
vn 0.9563 0.1234 -0.2651
vn 0.8039 -0.5728 -0.1599
vn 0.5602 -0.8283 0.0000
vn 0.3946 -0.9188 0.0000
vn 0.3653 -0.9207 -0.1371
vn 0.5425 -0.8283 -0.1401
vn 0.7140 -0.7001 0.0000
vn 0.6930 -0.7011 -0.1678
vn 0.8413 -0.5405 0.0000
vn 0.2825 -0.9535 -0.1048
vn 0.5055 -0.7282 0.4628
vn 0.8853 -0.3947 0.2459
vn 0.3583 -0.9217 -0.1484
vn 0.3266 -0.9163 0.2316
vn 0.6142 -0.6685 0.4192
vn 0.7497 -0.5287 0.3980
vn 0.8173 -0.5528 -0.1626
vn 0.9717 0.2001 -0.1254
vn 0.9824 -0.1349 0.1290
vn 0.9823 -0.1019 0.1570
vn 0.9752 -0.0545 0.2146
vn 0.8059 -0.3696 0.4624
vn 0.8712 -0.4204 -0.2536
vn 0.7707 -0.5575 -0.3083
vn 0.0027 -0.9935 -0.1136
vn 0.2579 -0.8809 -0.3967
vn 0.9927 -0.1013 -0.0646
vn 0.8852 -0.2249 -0.4071
vn 0.2689 -0.9561 -0.1165
vn 0.8292 -0.4409 -0.3435
vn 0.8544 -0.3805 -0.3539
vn 0.9171 -0.3235 0.2330
vn 0.7277 -0.5835 0.3605
vn 0.7573 -0.5728 -0.3137
vn 0.6090 0.0947 -0.7875
vn 0.9438 0.2536 -0.2119
vn 0.8963 -0.3795 0.2294
vn 0.8135 -0.2230 -0.5370
vn 0.2413 -0.9569 -0.1613
vn 0.6497 0.1512 -0.7450
vn 0.4693 -0.1364 -0.8724
vn 0.6241 -0.6770 -0.3900
vn 0.5904 -0.7040 -0.3945
vn 0.8067 -0.5488 0.2192
vn 0.9659 -0.2000 -0.1642
vn 0.6889 -0.2196 -0.6907
vn 0.2052 -0.9569 -0.2052
vn 0.4620 -0.8291 -0.3148
vn 0.3621 -0.9069 -0.2155
vn 0.9825 -0.1270 -0.1361
vn 0.6347 -0.4409 -0.6347
vn 0.4952 -0.4162 -0.7626
vn 0.2681 -0.9598 0.0822
vn 0.5845 -0.5484 -0.5980
vn 0.5344 -0.2271 -0.8141
vn 0.1494 -0.9532 -0.2629
vn 0.5535 -0.8156 0.1683
vn 0.2120 -0.0074 -0.9772
vn 0.4630 -0.5528 -0.6929
vn 0.3137 -0.5728 -0.7573
vn 0.4339 0.0808 -0.8973
vn 0.1773 -0.5577 -0.8109
vn 0.1751 -0.4409 -0.8803
vn 0.7213 -0.6840 0.1086
vn 0.3524 -0.7730 -0.5275
vn 0.3110 -0.8286 -0.4654
vn 0.2142 -0.8286 -0.5172
vn 0.2427 -0.7730 -0.5861
vn 0.5526 0.2565 -0.7930
vn 0.9423 -0.3194 0.1004
vn 0.7977 -0.5883 -0.1324
vn 0.5137 -0.3805 -0.7689
vn 0.1852 0.0096 -0.9826
vn 0.5196 0.3478 -0.7803
vn 0.7481 0.1441 -0.6478
vn 0.3539 -0.3805 -0.8544
vn 0.3513 -0.4177 -0.8379
vn 0.1426 -0.9243 -0.3538
vn 0.3870 -0.5710 -0.7240
vn 0.4894 0.1793 -0.8534
vn 0.3540 -0.2469 -0.9021
vn 0.1910 -0.9265 -0.3243
vn 0.2398 -0.8882 -0.3918
vn 0.1814 -0.9213 -0.3439
vn 0.0000 -0.8607 -0.5090
vn 0.1791 -0.8952 -0.4081
vn -0.1671 -0.9623 -0.2147
vn 0.2471 -0.2014 -0.9478
vn 0.3546 -0.8683 -0.3469
vn 0.2807 -0.8794 -0.3844
vn 0.4829 -0.8436 0.2347
vn 0.6763 -0.6984 0.2340
vn 0.7900 -0.5930 -0.1554
vn 0.3189 -0.5528 -0.7699
vn 0.5172 0.2546 -0.8171
vn 0.7672 0.1327 -0.6275
vn 0.9848 -0.0284 -0.1710
vn -0.0885 -0.3761 -0.9223
vn 0.1835 -0.3787 -0.9071
vn -0.2116 -0.3450 -0.9144
vn -0.4079 -0.6473 -0.6439
vn 0.0000 -0.7038 -0.7104
vn 0.6789 -0.5241 -0.5141
vn 0.9046 -0.3255 -0.2750
vn 0.8729 -0.4171 -0.2532
vn -0.3796 -0.3811 -0.8430
vn 0.0000 -0.9200 -0.3919
vn 0.0000 -0.8293 -0.5588
vn -0.1896 -0.2633 -0.9459
vn -0.3290 -0.3061 -0.8933
vn 0.8880 -0.1729 -0.4259
vn 0.8584 -0.2384 -0.4542
vn 0.3349 -0.5448 -0.7687
vn -0.0912 -0.1105 -0.9897
vn 0.1845 -0.6014 -0.7773
vn 0.2900 -0.9432 0.1622
vn 0.0930 -0.3220 -0.9421
vn -0.1132 -0.6521 -0.7496
vn 0.4451 -0.5510 -0.7059
vn -0.1819 -0.9694 -0.1651
vn -0.2109 -0.8338 -0.5102
vn 0.5437 -0.5936 -0.5932
vn 0.9601 -0.0865 -0.2658
vn 0.9240 0.0411 -0.3800
vn 0.0511 -0.9982 -0.0316
vn 0.7588 -0.5884 -0.2793
vn 0.5443 -0.6739 0.4995
vn 0.7410 -0.6211 -0.2553
vn -0.0963 -0.4931 -0.8646
vn 0.5881 0.1108 -0.8011
vn 0.7999 -0.5767 -0.1661
vn 0.5891 0.0763 -0.8044
vn 0.6900 0.0739 -0.7200
vn 0.7879 -0.5613 -0.2532
vn 0.2532 -0.9674 0.0000
vn -0.4672 -0.8842 0.0000
vn 0.8288 -0.5596 0.0000
vn 0.5822 -0.7233 0.3712
vn 0.0500 -0.2955 -0.9540
vn 0.9882 -0.1390 -0.0636
vn 0.6035 0.3226 -0.7291
vn 0.5788 -0.8105 0.0898
vn -0.0634 -0.4776 -0.8763
vn -0.0439 -0.3780 -0.9247
vn 0.6539 -0.3805 -0.6539
vn -0.2844 -0.9017 -0.3255
vn -0.3273 -0.6069 -0.7242
vn 0.0555 -0.9970 -0.0542
vn 0.3239 -0.9348 0.1455
vn 0.5045 0.3277 -0.7988
vn 0.5910 -0.7923 0.1518
vn -0.2919 -0.7611 -0.5792
vn -0.2426 -0.8111 -0.5322
vn 0.4554 -0.5728 -0.6815
vn 0.2562 -0.9659 -0.0368
vn 0.7014 -0.6948 -0.1591
vn 0.4613 -0.8584 0.2243
vn -0.0053 -0.9976 -0.0683
vn -0.3522 -0.6236 -0.6979
vn -0.3388 -0.8369 -0.4298
vn 0.0579 -0.9319 -0.3579
vn 0.2717 -0.7040 -0.6561
vn 0.9552 -0.2170 -0.2012
vn 0.8340 -0.5423 0.1012
vn -0.1724 -0.1010 -0.9798
vn -0.2595 -0.1784 -0.9491
vn 0.0327 -0.9919 0.1230
vn 0.2019 -0.9325 -0.2994
vn 0.3945 -0.7040 -0.5904
vn 0.0000 -0.9210 -0.3895
vn -0.3342 -0.8055 -0.4893
vn 0.1167 -0.9917 0.0537
vn -0.3544 -0.6659 -0.6565
vn -0.1652 -0.3860 -0.9075
vn -0.2080 -0.9455 -0.2505
vn 0.2743 -0.9217 -0.2743
vn 0.8655 -0.4850 0.1250
vn 0.3225 -0.9217 -0.2155
vn 0.8876 -0.3769 -0.2646
vn -0.3410 -0.8395 -0.4229
vn -0.1030 -0.7242 -0.6818
vn -0.4804 -0.5502 -0.6830
vn 0.9173 -0.3486 0.1925
vn 0.2458 -0.1646 -0.9552
vn 0.6232 -0.1205 -0.7727
vn 0.4444 0.0828 -0.8920
vn -0.1379 -0.9102 -0.3905
vn -0.0139 -0.9769 -0.2133
vn 0.0975 -0.9908 -0.0938
vn 0.0524 -0.9938 -0.0981
vn 0.3257 -0.0277 -0.9450
vn 0.2011 0.0184 -0.9794
vn 0.8475 -0.1538 -0.5080
vn 0.7369 0.0902 -0.6699
vn -0.0877 -0.2228 -0.9709
vn 0.2033 -0.5926 -0.7794
vn 0.0217 -0.9997 -0.0136
vn 0.5711 0.0499 -0.8194
vn 0.5310 -0.6095 -0.5886
vn 0.9227 -0.0549 -0.3815
vn -0.5523 -0.6821 -0.4793
vn 0.7803 -0.5280 0.3352
vn -0.0364 -0.7776 -0.6276
vn 0.0682 -0.4610 -0.8848
vn 0.4628 -0.8148 0.3490
vn 0.1170 -0.9575 0.2637
vn 0.8852 -0.3930 0.2487
vn 0.3952 -0.8578 0.3287
vn 0.8191 -0.5696 -0.0675
vn 0.8500 -0.3327 0.4084
vn 0.7276 -0.5283 0.4375
vn 0.8190 -0.5737 0.0000
vn 0.9253 -0.1880 -0.3294
vn 0.9257 -0.3780 0.0081
vn -0.0145 -0.9755 -0.2194
vn 0.2047 -0.9421 -0.2655
vn 0.8852 -0.4473 -0.1275
vn -0.1067 -0.7965 -0.5950
vn 0.5453 -0.6708 0.5026
vn 0.1910 -0.6411 -0.7432
vn 0.7617 -0.6475 0.0204
vn -0.0217 -0.9966 -0.0788
vn 0.0081 -0.3827 -0.9238
vn 0.3026 -0.1722 -0.9374
vn 0.4794 -0.1457 -0.8654
vn 0.1160 -0.7301 -0.6734
vn 0.9648 -0.1186 -0.2345
vn 0.0302 -0.3868 -0.9217
vn 0.5732 0.0423 -0.8183
vn 0.2402 -0.4726 -0.8479
vn 0.8349 -0.0272 0.5498
vn 0.8746 -0.3012 0.3799
vn 0.7598 0.1758 -0.6259
vn 0.8245 -0.5658 0.0000
vn 0.0094 -0.9492 -0.3146
vn 0.9905 0.1374 0.0000
vn 0.1996 -0.6928 -0.6929
vn 0.0595 -0.9817 0.1805
vn 0.7908 -0.1169 -0.6008
vn -0.0764 -0.9971 0.0000
vn 0.9793 0.2021 0.0000
vn 0.9924 -0.1230 0.0000
vn 0.0531 -0.9985 -0.0144
vn 0.4429 -0.8233 0.3550
vn 0.9338 0.1310 -0.3329
vn 0.0999 -0.9950 -0.0001
vn 0.8971 0.4418 0.0000
vn 0.6080 0.5689 -0.5538
vn 0.2749 -0.9600 -0.0526
vn -0.3250 0.5112 0.7956
vn -0.4779 0.5045 0.7190
vn -0.6114 0.5023 0.6114
vn 0.4415 0.8972 0.0000
vn -0.6258 0.4654 0.6258
vn -0.4929 0.4675 0.7338
vn -0.3410 0.4736 0.8120
vn 0.0000 0.8759 -0.4824
vn 0.0000 -0.0822 0.9966
vn 0.0000 -0.0166 -0.9998
vn 0.0000 -1.0000 -0.0042
vn 0.1163 -0.9531 -0.2794
vn 0.2096 0.2229 -0.9520
vn 0.1388 0.6502 -0.7469
vn 0.8803 0.4409 0.1751
vn 0.8313 0.3871 -0.3988
vn 0.8822 0.3173 -0.3479
vn 0.9070 0.3805 0.1804
vn 0.8167 0.5697 0.0914
vn 0.1543 0.9871 0.0418
vn 0.1552 0.9866 -0.0504
vn 0.8039 0.5728 0.1599
vn -0.8410 0.4641 -0.2781
vn -0.7934 0.5015 -0.3449
vn -0.4191 0.8903 -0.1781
vn -0.4638 0.8770 -0.1258
vn 0.5599 0.8285 0.0000
vn 0.3889 0.9213 0.0000
vn 0.3784 0.9219 0.0831
vn 0.5475 0.8286 0.1164
vn 0.7112 0.7030 0.0000
vn 0.6956 0.7033 0.1464
vn 0.8351 0.5500 0.0000
vn 0.9558 0.2852 0.0710
vn 0.5993 -0.2052 0.7738
vn 0.3556 0.5249 0.7732
vn 0.9248 0.3805 0.0000
vn 0.9370 0.3493 0.0000
vn 0.1825 0.5060 0.8430
vn 0.3583 0.9217 0.1484
vn 0.4025 0.4580 0.7926
vn 0.0794 0.5392 0.8384
vn 0.1421 0.4696 0.8714
vn 0.8173 0.5528 0.1626
vn -0.1649 0.9499 0.2657
vn 0.0638 0.7670 0.6384
vn 0.1285 0.8300 0.5428
vn -0.0412 0.6868 0.7256
vn 0.2077 0.2137 0.9546
vn 0.8352 0.4794 0.2695
vn 0.7987 0.5693 0.1948
vn 0.9907 -0.0420 0.1293
vn 0.1575 0.5243 0.8368
vn 0.1734 0.4847 0.8573
vn 0.8292 0.4409 0.3435
vn 0.8544 0.3805 0.3539
vn 0.2395 0.2059 0.9488
vn 0.1651 -0.0203 0.9861
vn 0.7573 0.5728 0.3137
vn 0.4402 0.8613 -0.2537
vn -0.2306 0.9142 0.3333
vn 0.0440 0.4386 0.8976
vn -0.3335 0.4997 -0.7994
vn -0.1848 0.4634 -0.8666
vn -0.0953 0.8855 -0.4547
vn -0.1781 0.8903 -0.4191
vn 0.5161 0.8257 -0.2276
vn 0.7550 0.6418 -0.1340
vn 0.7371 0.4653 0.4900
vn 0.5904 0.7040 0.3945
vn -0.0035 0.4996 0.8662
vn 0.0626 0.6320 0.7724
vn 0.8361 0.5163 0.1849
vn 0.8392 0.5437 0.0000
vn 0.8739 0.4860 0.0000
vn 0.8503 0.4882 0.1967
vn 0.4620 0.8291 0.3148
vn 0.3821 0.8713 0.3080
vn -0.2559 0.8787 0.4028
vn 0.6347 0.4409 0.6347
vn 0.4995 0.4934 0.7121
vn 0.3835 -0.0515 0.9221
vn 0.4624 0.5794 0.6711
vn 0.7956 0.5112 0.3250
vn 0.8120 0.4736 0.3410
vn 0.2081 -0.0501 0.9768
vn 0.6015 0.7913 -0.1096
vn 0.4630 0.5528 0.6929
vn 0.3137 0.5728 0.7573
vn -0.0132 0.9717 0.2356
vn 0.3538 0.5746 0.7380
vn 0.1751 0.4409 0.8803
vn -0.2268 0.1548 0.9615
vn 0.3524 0.7730 0.5275
vn 0.3110 0.8286 0.4654
vn 0.2142 0.8286 0.5171
vn 0.2427 0.7730 0.5861
vn 0.0411 0.9933 -0.1083
vn -0.4262 0.4337 0.7938
vn 0.0410 0.3891 0.9203
vn 0.5137 0.3805 0.7689
vn 0.5538 0.8326 -0.0122
vn 0.0815 0.9962 -0.0313
vn -0.2139 0.8027 0.5567
vn 0.3539 0.3805 0.8544
vn 0.3131 0.4708 0.8248
vn 0.4462 -0.1607 0.8803
vn 0.3870 0.5710 0.7240
vn 0.0416 0.9987 0.0295
vn -0.4764 0.5187 -0.7099
vn -0.2513 0.8934 -0.3724
vn 0.2619 0.8819 0.3919
vn 0.2155 0.9217 0.3225
vn 0.1484 0.9217 0.3583
vn 0.1804 0.8819 0.4355
vn 0.5643 -0.1179 0.8171
vn -0.7091 0.5214 -0.4746
vn -0.6018 0.5258 -0.6011
vn -0.3162 0.8944 -0.3162
vn -0.3724 0.8934 -0.2513
vn 0.0754 0.9217 0.3805
vn -0.2812 0.5476 0.7880
vn -0.3044 0.5140 0.8019
vn -0.2379 0.6827 0.6908
vn 0.3189 0.5528 0.7699
vn 0.0121 0.9958 -0.0911
vn -0.3202 0.7820 0.5347
vn -0.4756 0.5813 0.6602
vn 0.7248 0.1241 0.6777
vn 0.1803 0.3806 0.9070
vn 0.7151 0.6346 0.2929
vn 0.8542 0.3623 0.3731
vn -0.4072 0.2629 0.8746
vn -0.3961 0.2282 0.8894
vn 0.7190 0.5045 0.4779
vn 0.7338 0.4675 0.4929
vn 0.6273 0.7703 -0.1147
vn 0.2069 -0.0736 0.9756
vn 0.1477 0.5636 0.8127
vn -0.5218 0.2181 0.8247
vn 0.5770 0.8122 0.0855
vn 0.7717 0.6323 0.0678
vn -0.4431 0.5642 0.6966
vn -0.4921 0.5415 0.6816
vn 0.2889 0.5885 0.7551
vn 0.5598 0.8245 -0.0821
vn 0.2253 -0.1266 0.9660
vn 0.6672 0.7335 0.1292
vn 0.8579 0.1941 0.4758
vn 0.4636 0.5989 0.6530
vn 0.7522 -0.1924 0.6302
vn 0.9303 -0.0322 0.3654
vn 0.6070 0.5526 0.5711
vn -0.0578 0.7933 0.6061
vn -0.2069 0.8439 0.4949
vn 0.9160 -0.1051 0.3870
vn 0.7631 0.5482 0.3423
vn 0.1036 0.0595 0.9928
vn 0.8115 0.5426 0.2166
vn 0.8591 0.2022 -0.4700
vn 0.5140 0.7605 -0.3968
vn 0.7999 0.5767 0.1661
vn 0.4664 0.7975 -0.3827
vn 0.4521 0.8318 -0.3221
vn 0.7997 0.5908 0.1066
vn 0.9999 0.0100 -0.0029
vn 0.9968 0.0802 0.0000
vn 0.8020 0.5973 0.0000
vn 0.7495 0.0273 0.6615
vn 0.8368 0.5091 -0.2015
vn -0.1429 0.6956 0.7040
vn 0.0272 0.9898 -0.1393
vn -0.1050 0.1097 0.9884
vn 0.9899 0.1036 -0.0966
vn 0.9817 0.1904 0.0008
vn 0.6539 0.3805 0.6539
vn 0.9430 -0.2354 0.2352
vn 0.9796 0.0877 -0.1807
vn 0.7026 -0.1189 0.7016
vn -0.2809 -0.1581 0.9466
vn 0.0827 0.9815 -0.1725
vn -0.1241 0.1448 0.9816
vn 0.9802 0.0067 0.1979
vn 0.9382 -0.0467 0.3429
vn 0.4554 0.5728 0.6815
vn 0.2954 0.0070 0.9553
vn 0.0828 0.3540 0.9315
vn 0.2360 0.0116 0.9717
vn 0.6796 -0.3284 0.6560
vn 0.9897 0.1393 0.0326
vn 0.7405 -0.0511 0.6701
vn 0.3359 0.2358 0.9119
vn 0.2717 0.7040 0.6561
vn -0.4012 0.6554 0.6399
vn -0.3193 0.2580 0.9118
vn 0.8447 0.4924 -0.2095
vn 0.8354 0.5328 -0.1350
vn 0.5252 -0.2407 0.8162
vn 0.4878 0.2435 0.8383
vn 0.3945 0.7040 0.5904
vn 0.7664 -0.1455 0.6256
vn 0.4076 -0.3425 0.8464
vn 0.9645 -0.0202 0.2633
vn 0.8079 0.5678 -0.1579
vn 0.9107 0.3323 0.2454
vn 0.2743 0.9217 0.2743
vn -0.2524 0.1971 0.9473
vn 0.3225 0.9217 0.2155
vn 0.3057 0.2430 0.9206
vn 0.9424 0.3106 0.1238
vn 0.8287 0.5582 0.0409
vn 0.9098 0.4131 0.0397
vn -0.3067 0.5694 0.7627
vn 0.0492 0.8332 0.5507
vn 0.3037 0.8510 0.4283
vn 0.1867 0.9793 0.0782
vn 0.6875 -0.0612 0.7236
vn 0.5335 -0.0787 0.8421
vn 0.4255 -0.0764 0.9017
vn 0.4685 -0.1112 0.8764
vn 0.2224 0.9704 0.0935
vn 0.3671 0.9265 -0.0822
vn -0.1292 0.6842 0.7178
vn -0.1831 0.9038 0.3867
vn 0.5944 0.8041 0.0106
vn 0.2616 0.5336 0.8042
vn -0.0445 0.9549 0.2936
vn 0.5104 0.5384 0.6705
vn -0.1433 0.7917 0.5938
vn 0.9832 0.1045 0.1496
vn -0.2205 0.1640 0.9615
vn 0.9895 0.0350 -0.1400
vn 0.8100 0.3338 -0.4821
vn 0.6155 -0.0454 0.7868
vn 0.5135 -0.2571 0.8186
vn 0.0473 0.4148 0.9087
vn 0.6803 -0.1057 0.7252
vn 0.7748 0.6266 0.0834
vn 0.3573 0.2156 0.9087
vn 0.4475 -0.0851 0.8902
vn 0.6488 -0.1971 0.7349
vn 0.8455 0.4909 -0.2097
vn 0.9976 -0.0676 -0.0141
vn 0.9344 -0.0475 -0.3529
vn 0.8932 0.4386 0.0985
vn 0.9819 0.1310 -0.1368
vn 0.3348 0.0910 0.9379
vn 0.9386 0.2001 -0.2811
vn 0.8467 -0.3405 0.4087
vn 0.6128 0.6979 -0.3706
vn 0.2881 0.8419 -0.4561
vn 0.9294 0.3370 -0.1504
vn 0.9847 0.1545 -0.0802
vn 0.4696 0.8797 0.0746
vn 0.7613 0.5779 -0.2940
vn 0.3010 0.8233 -0.4812
vn 0.8920 0.2851 -0.3508
vn 0.1794 0.4423 0.8787
vn 0.6634 0.5880 -0.4627
vn 0.8207 0.5713 0.0000
vn 0.9761 0.1638 -0.1428
vn -0.0304 0.9995 0.0000
vn 0.8935 0.3808 -0.2381
vn 0.8366 -0.2125 0.5049
vn 0.7305 0.6269 -0.2709
vn 0.9991 -0.0409 0.0000
vn 0.1324 0.9912 0.0000
vn 0.1632 0.9774 -0.1339
vn 0.9905 -0.0667 0.1204
vn 0.6323 -0.0804 0.7705
vn 0.3296 0.9040 -0.2723
vn 0.9911 -0.0917 0.0969
vn -0.8803 -0.4409 -0.1751
vn -0.9070 -0.3805 -0.1804
vn -0.3810 -0.2002 -0.9026
vn -0.6687 0.1284 -0.7323
vn -0.8151 -0.5651 -0.1276
vn -0.8039 -0.5728 -0.1599
vn -0.9563 0.1234 -0.2651
vn -0.9980 -0.0551 -0.0312
vn -0.5602 -0.8283 0.0000
vn -0.5425 -0.8283 -0.1401
vn -0.3653 -0.9207 -0.1371
vn -0.3946 -0.9188 0.0000
vn -0.7140 -0.7001 0.0000
vn -0.6930 -0.7011 -0.1678
vn -0.8413 -0.5405 0.0000
vn -0.8853 -0.3947 0.2459
vn -0.5055 -0.7282 0.4628
vn -0.2825 -0.9535 -0.1048
vn -0.6142 -0.6685 0.4192
vn -0.3266 -0.9163 0.2316
vn -0.3583 -0.9217 -0.1484
vn -0.7497 -0.5287 0.3980
vn -0.8173 -0.5528 -0.1626
vn -0.9824 -0.1349 0.1290
vn -0.9717 0.2001 -0.1254
vn -0.8059 -0.3696 0.4624
vn -0.9752 -0.0545 0.2146
vn -0.9823 -0.1019 0.1570
vn -0.8712 -0.4204 -0.2536
vn -0.0027 -0.9935 -0.1136
vn -0.7707 -0.5575 -0.3083
vn -0.2579 -0.8809 -0.3967
vn -0.2689 -0.9561 -0.1165
vn -0.8852 -0.2249 -0.4071
vn -0.9927 -0.1013 -0.0646
vn -0.8292 -0.4409 -0.3435
vn -0.7277 -0.5835 0.3605
vn -0.9171 -0.3235 0.2330
vn -0.8544 -0.3805 -0.3539
vn -0.7573 -0.5728 -0.3137
vn -0.8963 -0.3795 0.2294
vn -0.9438 0.2536 -0.2119
vn -0.6090 0.0947 -0.7875
vn -0.2413 -0.9569 -0.1613
vn -0.8135 -0.2230 -0.5370
vn -0.6497 0.1512 -0.7450
vn -0.6241 -0.6770 -0.3900
vn -0.4693 -0.1364 -0.8724
vn -0.9659 -0.2000 -0.1642
vn -0.8067 -0.5488 0.2192
vn -0.5904 -0.7040 -0.3945
vn -0.2052 -0.9569 -0.2052
vn -0.6889 -0.2196 -0.6907
vn -0.4620 -0.8291 -0.3148
vn -0.9825 -0.1270 -0.1361
vn -0.3621 -0.9069 -0.2155
vn -0.6347 -0.4409 -0.6347
vn -0.5845 -0.5484 -0.5980
vn -0.2681 -0.9598 0.0822
vn -0.4952 -0.4162 -0.7626
vn -0.1494 -0.9532 -0.2629
vn -0.5344 -0.2271 -0.8141
vn -0.5535 -0.8156 0.1683
vn -0.4630 -0.5528 -0.6929
vn -0.2120 -0.0074 -0.9772
vn -0.3137 -0.5728 -0.7573
vn -0.7213 -0.6840 0.1086
vn -0.1751 -0.4409 -0.8803
vn -0.1773 -0.5577 -0.8109
vn -0.4339 0.0808 -0.8973
vn -0.3524 -0.7730 -0.5275
vn -0.2427 -0.7730 -0.5861
vn -0.2142 -0.8286 -0.5172
vn -0.3110 -0.8286 -0.4654
vn -0.7977 -0.5883 -0.1324
vn -0.9423 -0.3194 0.1004
vn -0.5526 0.2565 -0.7930
vn -0.5137 -0.3805 -0.7689
vn -0.3539 -0.3805 -0.8544
vn -0.7481 0.1441 -0.6478
vn -0.5196 0.3478 -0.7803
vn -0.1852 0.0096 -0.9826
vn -0.1426 -0.9243 -0.3538
vn -0.3513 -0.4177 -0.8379
vn -0.3870 -0.5710 -0.7240
vn -0.4894 0.1793 -0.8534
vn -0.1910 -0.9265 -0.3243
vn -0.3540 -0.2469 -0.9021
vn -0.2398 -0.8882 -0.3918
vn -0.1791 -0.8952 -0.4081
vn -0.1814 -0.9213 -0.3439
vn 0.1671 -0.9623 -0.2147
vn -0.3546 -0.8683 -0.3469
vn -0.2471 -0.2014 -0.9478
vn -0.4829 -0.8436 0.2347
vn -0.2807 -0.8794 -0.3844
vn -0.7900 -0.5930 -0.1554
vn -0.6763 -0.6984 0.2340
vn -0.3189 -0.5528 -0.7699
vn -0.7672 0.1327 -0.6275
vn -0.5172 0.2546 -0.8171
vn -0.9848 -0.0284 -0.1710
vn -0.1835 -0.3787 -0.9071
vn 0.0885 -0.3761 -0.9223
vn 0.2116 -0.3450 -0.9144
vn -0.6789 -0.5241 -0.5141
vn 0.4079 -0.6473 -0.6439
vn -0.9046 -0.3255 -0.2750
vn -0.8729 -0.4171 -0.2532
vn 0.3796 -0.3811 -0.8430
vn 0.1896 -0.2633 -0.9459
vn -0.8584 -0.2384 -0.4542
vn -0.8880 -0.1729 -0.4259
vn 0.3290 -0.3061 -0.8933
vn -0.3349 -0.5448 -0.7687
vn -0.1845 -0.6014 -0.7773
vn 0.0912 -0.1105 -0.9897
vn -0.2900 -0.9432 0.1622
vn 0.1132 -0.6521 -0.7496
vn -0.0930 -0.3220 -0.9421
vn -0.4451 -0.5510 -0.7059
vn 0.2109 -0.8338 -0.5102
vn 0.1819 -0.9694 -0.1651
vn -0.5437 -0.5936 -0.5932
vn -0.9240 0.0411 -0.3800
vn -0.9601 -0.0865 -0.2658
vn -0.0511 -0.9982 -0.0316
vn -0.5443 -0.6739 0.4995
vn -0.7588 -0.5884 -0.2793
vn -0.7410 -0.6211 -0.2553
vn -0.5881 0.1108 -0.8011
vn 0.0963 -0.4931 -0.8646
vn -0.7999 -0.5767 -0.1661
vn -0.6900 0.0739 -0.7200
vn -0.5891 0.0763 -0.8044
vn -0.7879 -0.5613 -0.2532
vn -0.8288 -0.5596 0.0000
vn 0.4672 -0.8842 0.0000
vn -0.2532 -0.9674 0.0000
vn -0.5822 -0.7233 0.3712
vn -0.0500 -0.2955 -0.9540
vn -0.9882 -0.1390 -0.0636
vn -0.6035 0.3226 -0.7291
vn -0.5788 -0.8105 0.0898
vn 0.0634 -0.4776 -0.8763
vn -0.6539 -0.3805 -0.6539
vn 0.0439 -0.3780 -0.9247
vn 0.2844 -0.9017 -0.3255
vn 0.3273 -0.6069 -0.7242
vn -0.0555 -0.9970 -0.0542
vn -0.3239 -0.9348 0.1455
vn -0.5045 0.3277 -0.7988
vn -0.5910 -0.7923 0.1518
vn 0.2919 -0.7611 -0.5792
vn -0.4554 -0.5728 -0.6815
vn 0.2426 -0.8111 -0.5322
vn -0.7014 -0.6948 -0.1591
vn -0.2562 -0.9659 -0.0368
vn -0.4613 -0.8584 0.2243
vn 0.3522 -0.6236 -0.6979
vn 0.0053 -0.9976 -0.0683
vn 0.3388 -0.8369 -0.4298
vn -0.8340 -0.5423 0.1012
vn -0.9552 -0.2170 -0.2012
vn -0.2717 -0.7040 -0.6561
vn -0.0579 -0.9319 -0.3579
vn 0.1724 -0.1010 -0.9798
vn 0.2595 -0.1784 -0.9491
vn -0.0327 -0.9919 0.1230
vn -0.3945 -0.7040 -0.5904
vn -0.2019 -0.9325 -0.2994
vn 0.3342 -0.8055 -0.4893
vn -0.1167 -0.9917 0.0537
vn 0.3544 -0.6659 -0.6565
vn 0.1652 -0.3860 -0.9075
vn 0.2080 -0.9455 -0.2505
vn -0.2743 -0.9217 -0.2743
vn -0.8655 -0.4850 0.1250
vn -0.3225 -0.9217 -0.2155
vn -0.8876 -0.3769 -0.2646
vn 0.3410 -0.8395 -0.4229
vn 0.1030 -0.7242 -0.6818
vn 0.4804 -0.5502 -0.6830
vn -0.9173 -0.3486 0.1925
vn -0.2458 -0.1646 -0.9552
vn -0.6232 -0.1205 -0.7727
vn -0.4444 0.0828 -0.8920
vn 0.0139 -0.9769 -0.2133
vn 0.1379 -0.9102 -0.3905
vn -0.0975 -0.9908 -0.0938
vn -0.2011 0.0184 -0.9794
vn -0.3257 -0.0277 -0.9450
vn -0.0524 -0.9938 -0.0981
vn -0.8475 -0.1538 -0.5080
vn -0.7369 0.0902 -0.6699
vn 0.0877 -0.2228 -0.9709
vn -0.0217 -0.9997 -0.0135
vn -0.2033 -0.5926 -0.7794
vn -0.5711 0.0499 -0.8194
vn -0.9227 -0.0549 -0.3815
vn -0.5310 -0.6095 -0.5886
vn 0.5523 -0.6821 -0.4793
vn -0.7803 -0.5280 0.3352
vn 0.0364 -0.7776 -0.6276
vn -0.0682 -0.4610 -0.8848
vn -0.4628 -0.8148 0.3490
vn -0.1170 -0.9575 0.2637
vn -0.8852 -0.3930 0.2487
vn -0.3952 -0.8578 0.3287
vn -0.8191 -0.5696 -0.0675
vn -0.8500 -0.3327 0.4084
vn -0.9257 -0.3780 0.0081
vn -0.9253 -0.1880 -0.3294
vn -0.8190 -0.5737 0.0000
vn -0.7276 -0.5283 0.4375
vn 0.0145 -0.9755 -0.2194
vn -0.8852 -0.4473 -0.1275
vn -0.2047 -0.9421 -0.2655
vn 0.1067 -0.7965 -0.5950
vn -0.5453 -0.6708 0.5026
vn -0.7617 -0.6475 0.0204
vn -0.1910 -0.6411 -0.7432
vn 0.0217 -0.9966 -0.0788
vn -0.0081 -0.3827 -0.9238
vn -0.3026 -0.1722 -0.9374
vn -0.4794 -0.1457 -0.8654
vn -0.9648 -0.1186 -0.2345
vn -0.1160 -0.7301 -0.6734
vn -0.0302 -0.3868 -0.9217
vn -0.5732 0.0423 -0.8183
vn -0.2402 -0.4726 -0.8479
vn -0.8746 -0.3012 0.3799
vn -0.8349 -0.0272 0.5498
vn -0.7598 0.1758 -0.6259
vn -0.8245 -0.5658 0.0000
vn -0.0094 -0.9492 -0.3146
vn -0.9905 0.1374 0.0000
vn -0.1996 -0.6928 -0.6929
vn -0.0595 -0.9817 0.1805
vn -0.7908 -0.1169 -0.6008
vn 0.0764 -0.9971 0.0000
vn -0.0531 -0.9985 -0.0144
vn -0.9924 -0.1230 0.0000
vn -0.9793 0.2021 0.0000
vn -0.4429 -0.8233 0.3550
vn -0.0999 -0.9950 -0.0001
vn -0.9338 0.1310 -0.3329
vn -0.8971 0.4418 0.0000
vn -0.6080 0.5689 -0.5538
vn -0.2749 -0.9600 -0.0526
vn 0.3250 0.5112 0.7956
vn 0.4779 0.5045 0.7190
vn 0.6114 0.5023 0.6114
vn -0.4415 0.8972 0.0000
vn 0.6258 0.4654 0.6258
vn 0.4929 0.4675 0.7338
vn 0.3410 0.4736 0.8120
vn -0.1163 -0.9531 0.2794
vn -0.2096 0.2229 0.9520
vn 0.0000 -0.4358 0.9000
vn 0.0000 -0.9589 0.2837
vn -0.1388 0.6502 0.7469
vn 0.0000 0.5137 0.8580
vn -0.8803 0.4409 -0.1751
vn -0.8313 0.3871 0.3988
vn -0.8822 0.3173 0.3479
vn -0.9070 0.3805 -0.1804
vn -0.8167 0.5697 -0.0914
vn -0.1543 0.9871 -0.0418
vn -0.1552 0.9866 0.0504
vn -0.8039 0.5728 -0.1599
vn 0.8410 0.4641 0.2781
vn 0.7934 0.5015 0.3449
vn 0.4191 0.8903 0.1781
vn 0.4638 0.8770 0.1258
vn -0.3784 0.9219 -0.0831
vn -0.5475 0.8286 -0.1164
vn -0.6956 0.7033 -0.1464
vn -0.9558 0.2852 -0.0710
vn -0.5993 -0.2052 -0.7738
vn -0.3556 0.5249 -0.7732
vn -0.1825 0.5060 -0.8430
vn -0.3583 0.9217 -0.1484
vn -0.4025 0.4580 -0.7926
vn -0.0794 0.5392 -0.8384
vn -0.1421 0.4696 -0.8714
vn -0.8173 0.5528 -0.1626
vn 0.1649 0.9499 -0.2657
vn -0.0638 0.7670 -0.6384
vn -0.1285 0.8300 -0.5428
vn 0.0412 0.6868 -0.7256
vn -0.2077 0.2137 -0.9546
vn -0.8352 0.4794 -0.2695
vn -0.7987 0.5693 -0.1948
vn -0.9907 -0.0420 -0.1293
vn 0.0000 0.5313 -0.8472
vn -0.1575 0.5243 -0.8368
vn -0.1734 0.4847 -0.8573
vn 0.0000 0.4964 -0.8681
vn -0.8292 0.4409 -0.3435
vn -0.8544 0.3805 -0.3539
vn -0.2395 0.2059 -0.9488
vn -0.1651 -0.0203 -0.9861
vn -0.7573 0.5728 -0.3137
vn -0.4402 0.8613 0.2537
vn 0.2306 0.9142 -0.3333
vn -0.0440 0.4386 -0.8976
vn 0.3335 0.4997 0.7994
vn 0.1848 0.4634 0.8666
vn 0.0953 0.8855 0.4547
vn 0.1781 0.8903 0.4191
vn -0.5161 0.8257 0.2276
vn -0.7550 0.6418 0.1340
vn -0.7371 0.4653 -0.4900
vn -0.5904 0.7040 -0.3945
vn 0.0035 0.4996 -0.8662
vn -0.0626 0.6320 -0.7724
vn -0.8361 0.5163 -0.1849
vn -0.8503 0.4882 -0.1967
vn -0.4620 0.8291 -0.3148
vn -0.3821 0.8713 -0.3080
vn 0.2559 0.8787 -0.4028
vn -0.6347 0.4409 -0.6347
vn -0.4995 0.4934 -0.7121
vn -0.3835 -0.0515 -0.9221
vn -0.4624 0.5794 -0.6711
vn -0.7956 0.5112 -0.3250
vn -0.8120 0.4736 -0.3410
vn -0.2081 -0.0501 -0.9768
vn -0.6015 0.7913 0.1096
vn -0.4630 0.5528 -0.6929
vn -0.3137 0.5728 -0.7573
vn 0.0132 0.9717 -0.2356
vn -0.3538 0.5746 -0.7380
vn -0.1751 0.4409 -0.8803
vn 0.2268 0.1548 -0.9615
vn -0.3524 0.7730 -0.5275
vn -0.3110 0.8286 -0.4654
vn -0.2142 0.8286 -0.5171
vn -0.2427 0.7730 -0.5861
vn -0.0411 0.9933 0.1083
vn 0.4262 0.4337 -0.7938
vn -0.0410 0.3891 -0.9203
vn -0.5137 0.3805 -0.7689
vn -0.5538 0.8326 0.0122
vn -0.0815 0.9962 0.0313
vn 0.2139 0.8027 -0.5567
vn -0.3539 0.3805 -0.8544
vn -0.3131 0.4708 -0.8248
vn -0.4462 -0.1607 -0.8803
vn -0.3870 0.5710 -0.7240
vn -0.0416 0.9987 -0.0295
vn 0.4764 0.5187 0.7099
vn 0.2513 0.8934 0.3724
vn -0.2619 0.8819 -0.3919
vn -0.2155 0.9217 -0.3225
vn -0.1484 0.9217 -0.3583
vn -0.1804 0.8819 -0.4355
vn -0.5643 -0.1179 -0.8171
vn 0.7091 0.5214 0.4746
vn 0.6018 0.5258 0.6011
vn 0.3162 0.8944 0.3162
vn 0.3724 0.8934 0.2513
vn -0.0754 0.9217 -0.3805
vn 0.2812 0.5476 -0.7880
vn 0.3044 0.5140 -0.8019
vn 0.2379 0.6827 -0.6908
vn -0.3189 0.5528 -0.7699
vn -0.0121 0.9958 0.0911
vn 0.3202 0.7820 -0.5347
vn 0.4756 0.5813 -0.6602
vn -0.7248 0.1241 -0.6777
vn -0.1803 0.3806 -0.9070
vn -0.7151 0.6346 -0.2929
vn -0.8542 0.3623 -0.3731
vn 0.0000 0.7041 -0.7101
vn 0.0000 0.4897 -0.8719
vn 0.4072 0.2629 -0.8746
vn 0.3961 0.2282 -0.8894
vn -0.7190 0.5045 -0.4779
vn -0.7338 0.4675 -0.4929
vn -0.6273 0.7703 0.1147
vn 0.0000 0.8457 -0.5336
vn 0.0000 0.8295 -0.5584
vn -0.2069 -0.0736 -0.9756
vn -0.1477 0.5636 -0.8127
vn 0.5218 0.2181 -0.8247
vn -0.5770 0.8122 -0.0855
vn -0.7717 0.6323 -0.0678
vn 0.4431 0.5642 -0.6966
vn 0.4921 0.5415 -0.6816
vn -0.2889 0.5885 -0.7551
vn -0.5598 0.8245 0.0821
vn -0.2253 -0.1266 -0.9660
vn -0.6672 0.7335 -0.1292
vn -0.8579 0.1941 -0.4758
vn -0.4636 0.5989 -0.6530
vn -0.7522 -0.1924 -0.6302
vn -0.9303 -0.0322 -0.3654
vn -0.6070 0.5526 -0.5711
vn 0.0578 0.7933 -0.6061
vn 0.2069 0.8439 -0.4949
vn -0.9160 -0.1051 -0.3870
vn -0.7631 0.5482 -0.3423
vn -0.1036 0.0595 -0.9928
vn -0.8115 0.5426 -0.2166
vn -0.8591 0.2022 0.4700
vn -0.5140 0.7605 0.3968
vn -0.7999 0.5767 -0.1661
vn -0.4664 0.7975 0.3827
vn -0.4521 0.8318 0.3221
vn -0.7997 0.5908 -0.1066
vn -0.9999 0.0100 0.0029
vn -0.7495 0.0273 -0.6615
vn -0.8368 0.5091 0.2015
vn 0.1429 0.6956 -0.7040
vn -0.0272 0.9898 0.1393
vn 0.1050 0.1097 -0.9884
vn -0.9899 0.1036 0.0966
vn -0.9817 0.1904 -0.0008
vn -0.6539 0.3805 -0.6539
vn -0.9430 -0.2354 -0.2352
vn -0.9796 0.0877 0.1807
vn -0.7026 -0.1189 -0.7016
vn 0.2809 -0.1581 -0.9466
vn -0.0827 0.9815 0.1725
vn 0.1241 0.1448 -0.9816
vn -0.9802 0.0067 -0.1979
vn -0.9382 -0.0467 -0.3429
vn -0.4554 0.5728 -0.6815
vn -0.2954 0.0070 -0.9553
vn -0.0828 0.3540 -0.9315
vn -0.2360 0.0116 -0.9717
vn -0.6796 -0.3284 -0.6560
vn -0.9897 0.1393 -0.0326
vn -0.7405 -0.0511 -0.6701
vn -0.3359 0.2358 -0.9119
vn -0.2717 0.7040 -0.6561
vn 0.4012 0.6554 -0.6399
vn 0.3193 0.2580 -0.9118
vn -0.8447 0.4924 0.2095
vn -0.8354 0.5328 0.1350
vn -0.5252 -0.2407 -0.8162
vn -0.4878 0.2435 -0.8383
vn -0.3945 0.7040 -0.5904
vn 0.0000 0.9217 -0.3878
vn -0.7664 -0.1455 -0.6256
vn -0.4076 -0.3425 -0.8464
vn -0.9645 -0.0202 -0.2633
vn -0.8079 0.5678 0.1579
vn -0.9107 0.3323 -0.2454
vn -0.2743 0.9217 -0.2743
vn 0.2524 0.1971 -0.9473
vn -0.3225 0.9217 -0.2155
vn -0.3057 0.2430 -0.9206
vn -0.9424 0.3106 -0.1238
vn -0.8287 0.5582 -0.0409
vn -0.9098 0.4131 -0.0397
vn 0.3067 0.5694 -0.7627
vn -0.0492 0.8332 -0.5507
vn -0.3037 0.8510 -0.4283
vn -0.1867 0.9793 -0.0782
vn -0.6875 -0.0612 -0.7236
vn -0.5335 -0.0787 -0.8421
vn -0.4255 -0.0764 -0.9017
vn -0.4685 -0.1112 -0.8764
vn -0.2224 0.9704 -0.0935
vn -0.3671 0.9265 0.0822
vn 0.1292 0.6842 -0.7178
vn 0.1831 0.9038 -0.3867
vn -0.5944 0.8041 -0.0106
vn -0.2616 0.5336 -0.8042
vn 0.0445 0.9549 -0.2936
vn -0.5104 0.5384 -0.6705
vn 0.1433 0.7917 -0.5938
vn -0.9832 0.1045 -0.1496
vn 0.2205 0.1640 -0.9615
vn -0.9895 0.0350 0.1400
vn -0.8100 0.3338 0.4821
vn -0.6155 -0.0454 -0.7868
vn -0.5135 -0.2571 -0.8186
vn -0.0473 0.4148 -0.9087
vn -0.6803 -0.1057 -0.7252
vn -0.7748 0.6266 -0.0834
vn -0.3573 0.2156 -0.9087
vn -0.4475 -0.0851 -0.8902
vn -0.6488 -0.1971 -0.7349
vn -0.9976 -0.0676 0.0141
vn -0.8932 0.4386 -0.0985
vn -0.9819 0.1310 0.1368
vn -0.3348 0.0910 -0.9379
vn -0.9386 0.2001 0.2811
vn -0.8467 -0.3405 -0.4087
vn -0.6128 0.6979 0.3706
vn -0.2881 0.8419 0.4561
vn -0.9294 0.3370 0.1504
vn -0.9847 0.1545 0.0802
vn -0.4696 0.8797 -0.0746
vn -0.7613 0.5779 0.2940
vn -0.3010 0.8233 0.4812
vn -0.8920 0.2851 0.3508
vn -0.1794 0.4423 -0.8787
vn -0.6634 0.5880 0.4627
vn -0.9761 0.1638 0.1428
vn -0.8935 0.3808 0.2381
vn -0.8366 -0.2125 -0.5049
vn -0.7305 0.6269 0.2709
vn -0.1632 0.9774 0.1339
vn -0.9905 -0.0667 -0.1204
vn -0.6323 -0.0804 -0.7705
vn -0.3296 0.9040 0.2723
vn -0.9911 -0.0917 -0.0969
vn 0.8803 -0.4409 0.1751
vn 0.9070 -0.3805 0.1804
vn 0.3810 -0.2002 0.9026
vn 0.6687 0.1284 0.7323
vn 0.8151 -0.5651 0.1276
vn 0.8039 -0.5728 0.1599
vn 0.9563 0.1234 0.2651
vn 0.9980 -0.0551 0.0312
vn 0.5425 -0.8283 0.1401
vn 0.3653 -0.9207 0.1371
vn 0.6930 -0.7011 0.1678
vn 0.8853 -0.3947 -0.2459
vn 0.5055 -0.7282 -0.4628
vn 0.2825 -0.9535 0.1048
vn 0.6142 -0.6685 -0.4192
vn 0.3266 -0.9163 -0.2316
vn 0.3583 -0.9217 0.1484
vn 0.7497 -0.5287 -0.3980
vn 0.8173 -0.5528 0.1626
vn 0.9824 -0.1349 -0.1290
vn 0.9717 0.2001 0.1254
vn 0.8059 -0.3696 -0.4624
vn 0.9752 -0.0545 -0.2146
vn 0.9823 -0.1019 -0.1570
vn 0.8712 -0.4204 0.2536
vn 0.0027 -0.9935 0.1136
vn 0.7707 -0.5575 0.3083
vn 0.2689 -0.9561 0.1165
vn 0.8852 -0.2249 0.4071
vn 0.8292 -0.4409 0.3435
vn 0.7277 -0.5835 -0.3605
vn 0.9171 -0.3235 -0.2330
vn 0.8544 -0.3805 0.3539
vn 0.7573 -0.5728 0.3137
vn 0.8963 -0.3795 -0.2294
vn 0.9438 0.2536 0.2119
vn 0.6090 0.0947 0.7875
vn 0.2413 -0.9569 0.1613
vn 0.8135 -0.2230 0.5370
vn 0.6497 0.1512 0.7450
vn 0.6241 -0.6770 0.3900
vn 0.4693 -0.1364 0.8724
vn 0.9659 -0.2000 0.1642
vn 0.8067 -0.5488 -0.2192
vn 0.5904 -0.7040 0.3945
vn 0.2052 -0.9569 0.2052
vn 0.6889 -0.2196 0.6907
vn 0.4620 -0.8291 0.3148
vn 0.9825 -0.1270 0.1361
vn 0.3621 -0.9069 0.2155
vn 0.6347 -0.4409 0.6347
vn 0.5845 -0.5484 0.5980
vn 0.2681 -0.9598 -0.0822
vn 0.4952 -0.4162 0.7626
vn 0.1494 -0.9532 0.2629
vn 0.5344 -0.2271 0.8141
vn 0.5535 -0.8156 -0.1683
vn 0.4630 -0.5528 0.6929
vn 0.2120 -0.0074 0.9772
vn 0.3137 -0.5728 0.7573
vn 0.7213 -0.6840 -0.1086
vn 0.1751 -0.4409 0.8803
vn 0.1773 -0.5577 0.8109
vn 0.4339 0.0808 0.8973
vn 0.3524 -0.7730 0.5275
vn 0.2427 -0.7730 0.5861
vn 0.2142 -0.8286 0.5172
vn 0.3110 -0.8286 0.4654
vn 0.7977 -0.5883 0.1324
vn 0.9423 -0.3194 -0.1004
vn 0.5526 0.2565 0.7930
vn 0.5137 -0.3805 0.7689
vn 0.3539 -0.3805 0.8544
vn 0.7481 0.1441 0.6478
vn 0.5196 0.3478 0.7803
vn 0.1852 0.0096 0.9826
vn 0.1426 -0.9243 0.3538
vn 0.3513 -0.4177 0.8379
vn 0.3870 -0.5710 0.7240
vn 0.4894 0.1793 0.8534
vn 0.1910 -0.9265 0.3243
vn 0.3540 -0.2469 0.9021
vn 0.2398 -0.8882 0.3918
vn 0.1791 -0.8952 0.4081
vn 0.0000 -0.8607 0.5090
vn 0.1814 -0.9213 0.3439
vn -0.1671 -0.9623 0.2147
vn 0.3546 -0.8683 0.3469
vn 0.2471 -0.2014 0.9478
vn 0.4829 -0.8436 -0.2347
vn 0.2807 -0.8794 0.3844
vn 0.7900 -0.5930 0.1554
vn 0.6763 -0.6984 -0.2340
vn 0.3189 -0.5528 0.7699
vn 0.7672 0.1327 0.6275
vn 0.5172 0.2546 0.8171
vn 0.9848 -0.0284 0.1710
vn 0.1835 -0.3787 0.9071
vn -0.0885 -0.3761 0.9223
vn -0.2116 -0.3450 0.9144
vn 0.6789 -0.5241 0.5141
vn 0.0000 -0.7038 0.7104
vn -0.4079 -0.6473 0.6439
vn 0.9046 -0.3255 0.2750
vn 0.8729 -0.4171 0.2532
vn -0.3796 -0.3811 0.8430
vn 0.0000 -0.8293 0.5588
vn 0.0000 -0.9200 0.3919
vn -0.1896 -0.2633 0.9459
vn 0.8584 -0.2384 0.4542
vn 0.8880 -0.1729 0.4259
vn -0.3290 -0.3061 0.8933
vn 0.3349 -0.5448 0.7687
vn 0.1845 -0.6014 0.7773
vn -0.0912 -0.1105 0.9897
vn 0.2900 -0.9432 -0.1622
vn -0.1132 -0.6521 0.7496
vn 0.0930 -0.3220 0.9421
vn 0.4451 -0.5510 0.7059
vn -0.2109 -0.8338 0.5102
vn -0.1819 -0.9694 0.1651
vn 0.5437 -0.5936 0.5932
vn 0.9240 0.0411 0.3800
vn 0.9601 -0.0865 0.2658
vn 0.0511 -0.9982 0.0316
vn 0.5443 -0.6739 -0.4995
vn 0.7588 -0.5884 0.2793
vn 0.7410 -0.6211 0.2553
vn 0.5881 0.1108 0.8011
vn -0.0963 -0.4931 0.8646
vn 0.7999 -0.5767 0.1661
vn 0.6900 0.0739 0.7200
vn 0.5891 0.0763 0.8044
vn 0.7879 -0.5613 0.2532
vn 0.5822 -0.7233 -0.3712
vn 0.0500 -0.2955 0.9540
vn 0.9882 -0.1390 0.0636
vn 0.6035 0.3226 0.7291
vn 0.5788 -0.8105 -0.0898
vn -0.0634 -0.4776 0.8763
vn 0.6539 -0.3805 0.6539
vn -0.0439 -0.3780 0.9247
vn -0.2844 -0.9017 0.3255
vn -0.3273 -0.6069 0.7242
vn 0.0555 -0.9970 0.0542
vn 0.3239 -0.9348 -0.1455
vn 0.5045 0.3277 0.7988
vn 0.5910 -0.7923 -0.1518
vn -0.2919 -0.7611 0.5792
vn 0.4554 -0.5728 0.6815
vn -0.2426 -0.8111 0.5322
vn 0.7014 -0.6948 0.1591
vn 0.2562 -0.9659 0.0368
vn 0.4613 -0.8584 -0.2243
vn -0.3522 -0.6236 0.6979
vn -0.0053 -0.9976 0.0683
vn -0.3388 -0.8369 0.4298
vn 0.8340 -0.5423 -0.1012
vn 0.9552 -0.2170 0.2012
vn 0.2717 -0.7040 0.6561
vn 0.0579 -0.9319 0.3579
vn -0.1724 -0.1010 0.9798
vn -0.2595 -0.1784 0.9491
vn 0.0327 -0.9919 -0.1230
vn 0.3945 -0.7040 0.5904
vn 0.2019 -0.9325 0.2994
vn 0.0000 -0.9210 0.3895
vn -0.3342 -0.8055 0.4893
vn 0.1167 -0.9917 -0.0537
vn -0.3544 -0.6659 0.6565
vn -0.1652 -0.3860 0.9075
vn -0.2080 -0.9455 0.2505
vn 0.2743 -0.9217 0.2743
vn 0.8655 -0.4850 -0.1250
vn 0.3225 -0.9217 0.2155
vn 0.8876 -0.3769 0.2646
vn -0.3410 -0.8395 0.4229
vn -0.1030 -0.7242 0.6818
vn -0.4804 -0.5502 0.6830
vn 0.9173 -0.3486 -0.1925
vn 0.2458 -0.1646 0.9552
vn 0.6232 -0.1205 0.7727
vn 0.4444 0.0828 0.8920
vn -0.0139 -0.9769 0.2133
vn -0.1379 -0.9102 0.3905
vn 0.0975 -0.9908 0.0938
vn 0.2011 0.0184 0.9794
vn 0.3257 -0.0277 0.9450
vn 0.0524 -0.9938 0.0981
vn 0.8475 -0.1538 0.5080
vn 0.7369 0.0902 0.6699
vn -0.0877 -0.2228 0.9709
vn 0.0217 -0.9997 0.0135
vn 0.2033 -0.5926 0.7794
vn 0.5711 0.0499 0.8194
vn 0.9227 -0.0549 0.3815
vn 0.5310 -0.6095 0.5886
vn -0.5523 -0.6821 0.4793
vn 0.7803 -0.5280 -0.3352
vn -0.0364 -0.7776 0.6276
vn 0.0682 -0.4610 0.8848
vn 0.4628 -0.8148 -0.3490
vn 0.1170 -0.9575 -0.2637
vn 0.8852 -0.3930 -0.2487
vn 0.3952 -0.8578 -0.3287
vn 0.8191 -0.5696 0.0675
vn 0.8500 -0.3327 -0.4084
vn 0.7276 -0.5283 -0.4375
vn -0.0145 -0.9755 0.2194
vn 0.8852 -0.4473 0.1275
vn -0.1067 -0.7965 0.5950
vn 0.5453 -0.6708 -0.5026
vn 0.1910 -0.6411 0.7432
vn -0.0217 -0.9966 0.0788
vn 0.0081 -0.3827 0.9238
vn 0.3026 -0.1722 0.9374
vn 0.4794 -0.1457 0.8654
vn 0.9648 -0.1186 0.2345
vn 0.1160 -0.7301 0.6734
vn 0.0302 -0.3868 0.9217
vn 0.5732 0.0423 0.8183
vn 0.2402 -0.4726 0.8479
vn 0.8746 -0.3012 -0.3799
vn 0.7598 0.1758 0.6259
vn 0.0094 -0.9492 0.3146
vn 0.1996 -0.6928 0.6929
vn 0.0595 -0.9817 -0.1805
vn 0.7908 -0.1169 0.6008
vn 0.0531 -0.9985 0.0144
vn 0.4429 -0.8233 -0.3550
vn 0.0999 -0.9950 0.0001
vn 0.9338 0.1310 0.3329
vn -0.3250 0.5112 -0.7956
vn -0.4779 0.5045 -0.7190
vn -0.6114 0.5023 -0.6114
vn -0.6258 0.4654 -0.6258
vn -0.4929 0.4675 -0.7338
vn -0.3410 0.4736 -0.8120
vn 0.0000 0.8759 0.4824
vn 0.0000 -0.0166 0.9998
vn 0.0000 -0.0822 -0.9966
vn 0.0000 -1.0000 0.0042
vn 0.1163 -0.9531 0.2794
vn 0.2096 0.2229 0.9520
vn 0.1388 0.6502 0.7469
vn 0.8803 0.4409 -0.1751
vn 0.9070 0.3805 -0.1804
vn 0.8822 0.3173 0.3479
vn 0.8313 0.3871 0.3988
vn 0.8167 0.5697 -0.0914
vn 0.8039 0.5728 -0.1599
vn 0.1552 0.9866 0.0504
vn 0.1543 0.9871 -0.0418
vn -0.8410 0.4641 0.2781
vn -0.4638 0.8770 0.1258
vn -0.4191 0.8903 0.1781
vn -0.7934 0.5015 0.3449
vn 0.5475 0.8286 -0.1164
vn 0.3784 0.9219 -0.0831
vn 0.6956 0.7033 -0.1464
vn 0.3556 0.5249 -0.7732
vn 0.5993 -0.2052 -0.7738
vn 0.9558 0.2852 -0.0710
vn 0.1825 0.5060 -0.8430
vn 0.0794 0.5392 -0.8384
vn 0.4025 0.4580 -0.7926
vn 0.3583 0.9217 -0.1484
vn 0.1421 0.4696 -0.8714
vn 0.8173 0.5528 -0.1626
vn 0.0638 0.7670 -0.6384
vn -0.1649 0.9499 -0.2657
vn 0.2077 0.2137 -0.9546
vn -0.0412 0.6868 -0.7256
vn 0.1285 0.8300 -0.5428
vn 0.8352 0.4794 -0.2695
vn 0.9907 -0.0420 -0.1293
vn 0.7987 0.5693 -0.1948
vn 0.1734 0.4847 -0.8573
vn 0.1575 0.5243 -0.8368
vn 0.8292 0.4409 -0.3435
vn 0.1651 -0.0203 -0.9861
vn 0.2395 0.2059 -0.9488
vn 0.8544 0.3805 -0.3539
vn 0.7573 0.5728 -0.3137
vn 0.0440 0.4386 -0.8976
vn -0.2306 0.9142 -0.3333
vn 0.4402 0.8613 0.2537
vn -0.3335 0.4997 0.7994
vn -0.1781 0.8903 0.4191
vn -0.0953 0.8855 0.4547
vn -0.1848 0.4634 0.8666
vn 0.5161 0.8257 0.2276
vn 0.7371 0.4653 -0.4900
vn 0.7550 0.6418 0.1340
vn 0.0626 0.6320 -0.7724
vn -0.0035 0.4996 -0.8662
vn 0.5904 0.7040 -0.3945
vn 0.8361 0.5163 -0.1849
vn 0.8503 0.4882 -0.1967
vn 0.4620 0.8291 -0.3148
vn -0.2559 0.8787 -0.4028
vn 0.3821 0.8713 -0.3080
vn 0.6347 0.4409 -0.6347
vn 0.4624 0.5794 -0.6711
vn 0.3835 -0.0515 -0.9221
vn 0.4995 0.4934 -0.7121
vn 0.7956 0.5112 -0.3250
vn 0.8120 0.4736 -0.3410
vn 0.2081 -0.0501 -0.9768
vn 0.4630 0.5528 -0.6929
vn 0.6015 0.7913 0.1096
vn 0.3137 0.5728 -0.7573
vn -0.2268 0.1548 -0.9615
vn 0.1751 0.4409 -0.8803
vn 0.3538 0.5746 -0.7380
vn -0.0132 0.9717 -0.2356
vn 0.3524 0.7730 -0.5275
vn 0.2427 0.7730 -0.5861
vn 0.2142 0.8286 -0.5171
vn 0.3110 0.8286 -0.4654
vn 0.0410 0.3891 -0.9203
vn -0.4262 0.4337 -0.7938
vn 0.0411 0.9933 0.1083
vn 0.5137 0.3805 -0.7689
vn 0.3539 0.3805 -0.8544
vn -0.2139 0.8027 -0.5567
vn 0.0815 0.9962 0.0313
vn 0.5538 0.8326 0.0122
vn 0.4462 -0.1607 -0.8803
vn 0.3131 0.4708 -0.8248
vn 0.3870 0.5710 -0.7240
vn 0.0416 0.9987 -0.0295
vn -0.4764 0.5187 0.7099
vn -0.2513 0.8934 0.3724
vn 0.2619 0.8819 -0.3919
vn 0.1804 0.8819 -0.4355
vn 0.1484 0.9217 -0.3583
vn 0.2155 0.9217 -0.3225
vn 0.5643 -0.1179 -0.8171
vn -0.7091 0.5214 0.4746
vn -0.3724 0.8934 0.2513
vn -0.3162 0.8944 0.3162
vn -0.6018 0.5258 0.6011
vn -0.2812 0.5476 -0.7880
vn 0.0754 0.9217 -0.3805
vn -0.2379 0.6827 -0.6908
vn -0.3044 0.5140 -0.8019
vn 0.3189 0.5528 -0.7699
vn -0.3202 0.7820 -0.5347
vn 0.0121 0.9958 0.0911
vn -0.4756 0.5813 -0.6602
vn 0.1803 0.3806 -0.9070
vn 0.7248 0.1241 -0.6777
vn 0.7151 0.6346 -0.2929
vn 0.8542 0.3623 -0.3731
vn -0.4072 0.2629 -0.8746
vn -0.3961 0.2282 -0.8894
vn 0.7190 0.5045 -0.4779
vn 0.7338 0.4675 -0.4929
vn 0.6273 0.7703 0.1147
vn 0.2069 -0.0736 -0.9756
vn -0.5218 0.2181 -0.8247
vn 0.1477 0.5636 -0.8127
vn 0.5770 0.8122 -0.0855
vn -0.4921 0.5415 -0.6816
vn -0.4431 0.5642 -0.6966
vn 0.7717 0.6323 -0.0678
vn 0.2889 0.5885 -0.7551
vn 0.5598 0.8245 0.0821
vn 0.2253 -0.1266 -0.9660
vn 0.8579 0.1941 -0.4758
vn 0.6672 0.7335 -0.1292
vn 0.4636 0.5989 -0.6530
vn 0.9303 -0.0322 -0.3654
vn 0.7522 -0.1924 -0.6302
vn 0.6070 0.5526 -0.5711
vn -0.2069 0.8439 -0.4949
vn -0.0578 0.7933 -0.6061
vn 0.9160 -0.1051 -0.3870
vn 0.1036 0.0595 -0.9928
vn 0.7631 0.5482 -0.3423
vn 0.8115 0.5426 -0.2166
vn 0.5140 0.7605 0.3968
vn 0.8591 0.2022 0.4700
vn 0.7999 0.5767 -0.1661
vn 0.4521 0.8318 0.3221
vn 0.4664 0.7975 0.3827
vn 0.7997 0.5908 -0.1066
vn 0.9999 0.0100 0.0029
vn 0.7495 0.0273 -0.6615
vn 0.8368 0.5091 0.2015
vn -0.1429 0.6956 -0.7040
vn 0.0272 0.9898 0.1393
vn -0.1050 0.1097 -0.9884
vn 0.9899 0.1036 0.0966
vn 0.6539 0.3805 -0.6539
vn 0.9817 0.1904 -0.0008
vn 0.9430 -0.2354 -0.2352
vn 0.9796 0.0877 0.1807
vn 0.7026 -0.1189 -0.7016
vn -0.2809 -0.1581 -0.9466
vn 0.0827 0.9815 0.1725
vn -0.1241 0.1448 -0.9816
vn 0.9802 0.0067 -0.1979
vn 0.4554 0.5728 -0.6815
vn 0.9382 -0.0467 -0.3429
vn 0.0828 0.3540 -0.9315
vn 0.2954 0.0070 -0.9553
vn 0.2360 0.0116 -0.9717
vn 0.9897 0.1393 -0.0326
vn 0.6796 -0.3284 -0.6560
vn 0.7405 -0.0511 -0.6701
vn -0.3193 0.2580 -0.9118
vn -0.4012 0.6554 -0.6399
vn 0.2717 0.7040 -0.6561
vn 0.3359 0.2358 -0.9119
vn 0.8447 0.4924 0.2095
vn 0.8354 0.5328 0.1350
vn 0.5252 -0.2407 -0.8162
vn 0.3945 0.7040 -0.5904
vn 0.4878 0.2435 -0.8383
vn 0.7664 -0.1455 -0.6256
vn 0.4076 -0.3425 -0.8464
vn 0.9645 -0.0202 -0.2633
vn 0.8079 0.5678 0.1579
vn 0.9107 0.3323 -0.2454
vn 0.2743 0.9217 -0.2743
vn -0.2524 0.1971 -0.9473
vn 0.3225 0.9217 -0.2155
vn 0.3057 0.2430 -0.9206
vn 0.9424 0.3106 -0.1238
vn 0.8287 0.5582 -0.0409
vn 0.9098 0.4131 -0.0397
vn -0.3067 0.5694 -0.7627
vn 0.0492 0.8332 -0.5507
vn 0.3037 0.8510 -0.4283
vn 0.1867 0.9793 -0.0782
vn 0.5335 -0.0787 -0.8421
vn 0.6875 -0.0612 -0.7236
vn 0.4255 -0.0764 -0.9017
vn 0.3671 0.9265 0.0822
vn 0.2224 0.9704 -0.0935
vn 0.4685 -0.1112 -0.8764
vn -0.1292 0.6842 -0.7178
vn -0.1831 0.9038 -0.3867
vn 0.5944 0.8041 -0.0106
vn 0.2616 0.5336 -0.8042
vn -0.0445 0.9549 -0.2936
vn -0.1433 0.7917 -0.5938
vn 0.5104 0.5384 -0.6705
vn 0.9832 0.1045 -0.1496
vn -0.2205 0.1640 -0.9615
vn 0.9895 0.0350 0.1400
vn 0.8100 0.3338 0.4821
vn 0.6155 -0.0454 -0.7868
vn 0.5135 -0.2571 -0.8186
vn 0.0473 0.4148 -0.9087
vn 0.6803 -0.1057 -0.7252
vn 0.7748 0.6266 -0.0834
vn 0.3573 0.2156 -0.9087
vn 0.6488 -0.1971 -0.7349
vn 0.4475 -0.0851 -0.8902
vn 0.9976 -0.0676 0.0141
vn 0.8932 0.4386 -0.0985
vn 0.9819 0.1310 0.1368
vn 0.3348 0.0910 -0.9379
vn 0.9386 0.2001 0.2811
vn 0.8467 -0.3405 -0.4087
vn 0.6128 0.6979 0.3706
vn 0.2881 0.8419 0.4561
vn 0.9294 0.3370 0.1504
vn 0.4696 0.8797 -0.0746
vn 0.9847 0.1545 0.0802
vn 0.7613 0.5779 0.2940
vn 0.3010 0.8233 0.4812
vn 0.8920 0.2851 0.3508
vn 0.1794 0.4423 -0.8787
vn 0.6634 0.5880 0.4627
vn 0.9761 0.1638 0.1428
vn 0.8935 0.3808 0.2381
vn 0.8366 -0.2125 -0.5049
vn 0.7305 0.6269 0.2709
vn 0.9905 -0.0667 -0.1204
vn 0.1632 0.9774 0.1339
vn 0.6323 -0.0804 -0.7705
vn 0.9911 -0.0917 -0.0969
vn 0.3296 0.9040 0.2723
vn -0.8803 -0.4409 0.1751
vn -0.6687 0.1284 0.7323
vn -0.3810 -0.2002 0.9026
vn -0.9070 -0.3805 0.1804
vn -0.8151 -0.5651 0.1276
vn -0.9980 -0.0551 0.0312
vn -0.9563 0.1234 0.2651
vn -0.8039 -0.5728 0.1599
vn -0.3653 -0.9207 0.1371
vn -0.5425 -0.8283 0.1401
vn -0.6930 -0.7011 0.1678
vn -0.2825 -0.9535 0.1048
vn -0.5055 -0.7282 -0.4628
vn -0.8853 -0.3947 -0.2459
vn -0.3583 -0.9217 0.1484
vn -0.3266 -0.9163 -0.2316
vn -0.6142 -0.6685 -0.4192
vn -0.7497 -0.5287 -0.3980
vn -0.8173 -0.5528 0.1626
vn -0.9717 0.2001 0.1254
vn -0.9824 -0.1349 -0.1290
vn -0.9823 -0.1019 -0.1570
vn -0.9752 -0.0545 -0.2146
vn -0.8059 -0.3696 -0.4624
vn -0.8712 -0.4204 0.2536
vn -0.7707 -0.5575 0.3083
vn -0.0027 -0.9935 0.1136
vn -0.8852 -0.2249 0.4071
vn -0.2689 -0.9561 0.1165
vn -0.8292 -0.4409 0.3435
vn -0.8544 -0.3805 0.3539
vn -0.9171 -0.3235 -0.2330
vn -0.7277 -0.5835 -0.3605
vn -0.7573 -0.5728 0.3137
vn -0.6090 0.0947 0.7875
vn -0.9438 0.2536 0.2119
vn -0.8963 -0.3795 -0.2294
vn -0.8135 -0.2230 0.5370
vn -0.2413 -0.9569 0.1613
vn -0.6497 0.1512 0.7450
vn -0.4693 -0.1364 0.8724
vn -0.6241 -0.6770 0.3900
vn -0.5904 -0.7040 0.3945
vn -0.8067 -0.5488 -0.2192
vn -0.9659 -0.2000 0.1642
vn -0.6889 -0.2196 0.6907
vn -0.2052 -0.9569 0.2052
vn -0.4620 -0.8291 0.3148
vn -0.3621 -0.9069 0.2155
vn -0.9825 -0.1270 0.1361
vn -0.6347 -0.4409 0.6347
vn -0.4952 -0.4162 0.7626
vn -0.2681 -0.9598 -0.0822
vn -0.5845 -0.5484 0.5980
vn -0.5344 -0.2271 0.8141
vn -0.1494 -0.9532 0.2629
vn -0.5535 -0.8156 -0.1683
vn -0.2120 -0.0074 0.9772
vn -0.4630 -0.5528 0.6929
vn -0.3137 -0.5728 0.7573
vn -0.4339 0.0808 0.8973
vn -0.1773 -0.5577 0.8109
vn -0.1751 -0.4409 0.8803
vn -0.7213 -0.6840 -0.1086
vn -0.3524 -0.7730 0.5275
vn -0.3110 -0.8286 0.4654
vn -0.2142 -0.8286 0.5172
vn -0.2427 -0.7730 0.5861
vn -0.5526 0.2565 0.7930
vn -0.9423 -0.3194 -0.1004
vn -0.7977 -0.5883 0.1324
vn -0.5137 -0.3805 0.7689
vn -0.1852 0.0096 0.9826
vn -0.5196 0.3478 0.7803
vn -0.7481 0.1441 0.6478
vn -0.3539 -0.3805 0.8544
vn -0.3513 -0.4177 0.8379
vn -0.1426 -0.9243 0.3538
vn -0.3870 -0.5710 0.7240
vn -0.4894 0.1793 0.8534
vn -0.3540 -0.2469 0.9021
vn -0.1910 -0.9265 0.3243
vn -0.2398 -0.8882 0.3918
vn -0.1814 -0.9213 0.3439
vn -0.1791 -0.8952 0.4081
vn 0.1671 -0.9623 0.2147
vn -0.2471 -0.2014 0.9478
vn -0.3546 -0.8683 0.3469
vn -0.2807 -0.8794 0.3844
vn -0.4829 -0.8436 -0.2347
vn -0.6763 -0.6984 -0.2340
vn -0.7900 -0.5930 0.1554
vn -0.3189 -0.5528 0.7699
vn -0.5172 0.2546 0.8171
vn -0.7672 0.1327 0.6275
vn -0.9848 -0.0284 0.1710
vn 0.0885 -0.3761 0.9223
vn -0.1835 -0.3787 0.9071
vn 0.2116 -0.3450 0.9144
vn 0.4079 -0.6473 0.6439
vn -0.6789 -0.5241 0.5141
vn -0.9046 -0.3255 0.2750
vn -0.8729 -0.4171 0.2532
vn 0.3796 -0.3811 0.8430
vn 0.1896 -0.2633 0.9459
vn 0.3290 -0.3061 0.8933
vn -0.8880 -0.1729 0.4259
vn -0.8584 -0.2384 0.4542
vn -0.3349 -0.5448 0.7687
vn 0.0912 -0.1105 0.9897
vn -0.1845 -0.6014 0.7773
vn -0.2900 -0.9432 -0.1622
vn -0.0930 -0.3220 0.9421
vn 0.1132 -0.6521 0.7496
vn -0.4451 -0.5510 0.7059
vn 0.1819 -0.9694 0.1651
vn 0.2109 -0.8338 0.5102
vn -0.5437 -0.5936 0.5932
vn -0.9601 -0.0865 0.2658
vn -0.9240 0.0411 0.3800
vn -0.0511 -0.9982 0.0316
vn -0.7588 -0.5884 0.2793
vn -0.5443 -0.6739 -0.4995
vn -0.7410 -0.6211 0.2553
vn 0.0963 -0.4931 0.8646
vn -0.5881 0.1108 0.8011
vn -0.7999 -0.5767 0.1661
vn -0.5891 0.0763 0.8044
vn -0.6900 0.0739 0.7200
vn -0.7879 -0.5613 0.2532
vn -0.5822 -0.7233 -0.3712
vn -0.0500 -0.2955 0.9540
vn -0.9882 -0.1390 0.0636
vn -0.6035 0.3226 0.7291
vn -0.5788 -0.8105 -0.0898
vn 0.0634 -0.4776 0.8763
vn 0.0439 -0.3780 0.9247
vn -0.6539 -0.3805 0.6539
vn 0.2844 -0.9017 0.3255
vn 0.3273 -0.6069 0.7242
vn -0.0555 -0.9970 0.0542
vn -0.3239 -0.9348 -0.1455
vn -0.5045 0.3277 0.7988
vn -0.5910 -0.7923 -0.1518
vn 0.2919 -0.7611 0.5792
vn 0.2426 -0.8111 0.5322
vn -0.4554 -0.5728 0.6815
vn -0.2562 -0.9659 0.0368
vn -0.7014 -0.6948 0.1591
vn -0.4613 -0.8584 -0.2243
vn 0.0053 -0.9976 0.0683
vn 0.3522 -0.6236 0.6979
vn 0.3388 -0.8369 0.4298
vn -0.0579 -0.9319 0.3579
vn -0.2717 -0.7040 0.6561
vn -0.9552 -0.2170 0.2012
vn -0.8340 -0.5423 -0.1012
vn 0.1724 -0.1010 0.9798
vn 0.2595 -0.1784 0.9491
vn -0.0327 -0.9919 -0.1230
vn -0.2019 -0.9325 0.2994
vn -0.3945 -0.7040 0.5904
vn 0.3342 -0.8055 0.4893
vn -0.1167 -0.9917 -0.0537
vn 0.3544 -0.6659 0.6565
vn 0.1652 -0.3860 0.9075
vn 0.2080 -0.9455 0.2505
vn -0.2743 -0.9217 0.2743
vn -0.8655 -0.4850 -0.1250
vn -0.3225 -0.9217 0.2155
vn -0.8876 -0.3769 0.2646
vn 0.3410 -0.8395 0.4229
vn 0.1030 -0.7242 0.6818
vn 0.4804 -0.5502 0.6830
vn -0.9173 -0.3486 -0.1925
vn -0.2458 -0.1646 0.9552
vn -0.6232 -0.1205 0.7727
vn -0.4444 0.0828 0.8920
vn 0.1379 -0.9102 0.3905
vn 0.0139 -0.9769 0.2133
vn -0.0975 -0.9908 0.0938
vn -0.0524 -0.9938 0.0981
vn -0.3257 -0.0277 0.9450
vn -0.2011 0.0184 0.9794
vn -0.8475 -0.1538 0.5080
vn -0.7369 0.0902 0.6699
vn 0.0877 -0.2228 0.9709
vn -0.2033 -0.5926 0.7794
vn -0.0217 -0.9997 0.0136
vn -0.5711 0.0499 0.8194
vn -0.5310 -0.6095 0.5886
vn -0.9227 -0.0549 0.3815
vn 0.5523 -0.6821 0.4793
vn -0.7803 -0.5280 -0.3352
vn 0.0364 -0.7776 0.6276
vn -0.0682 -0.4610 0.8848
vn -0.4628 -0.8148 -0.3490
vn -0.1170 -0.9575 -0.2637
vn -0.8852 -0.3930 -0.2487
vn -0.3952 -0.8578 -0.3287
vn -0.8191 -0.5696 0.0675
vn -0.8500 -0.3327 -0.4084
vn -0.7276 -0.5283 -0.4375
vn 0.0145 -0.9755 0.2194
vn -0.8852 -0.4473 0.1275
vn 0.1067 -0.7965 0.5950
vn -0.5453 -0.6708 -0.5026
vn -0.1910 -0.6411 0.7432
vn 0.0217 -0.9966 0.0788
vn -0.0081 -0.3827 0.9238
vn -0.3026 -0.1722 0.9374
vn -0.4794 -0.1457 0.8654
vn -0.1160 -0.7301 0.6734
vn -0.9648 -0.1186 0.2345
vn -0.0302 -0.3868 0.9217
vn -0.5732 0.0423 0.8183
vn -0.2402 -0.4726 0.8479
vn -0.8746 -0.3012 -0.3799
vn -0.7598 0.1758 0.6259
vn -0.0094 -0.9492 0.3146
vn -0.1996 -0.6928 0.6929
vn -0.0595 -0.9817 -0.1805
vn -0.7908 -0.1169 0.6008
vn -0.0531 -0.9985 0.0144
vn -0.4429 -0.8233 -0.3550
vn -0.9338 0.1310 0.3329
vn -0.0999 -0.9950 0.0001
vn 0.3250 0.5112 -0.7956
vn 0.4779 0.5045 -0.7190
vn 0.6114 0.5023 -0.6114
vn 0.6258 0.4654 -0.6258
vn 0.4929 0.4675 -0.7338
vn 0.3410 0.4736 -0.8120
usemtl None
s 1
f 365/464/339 1330/465/340 1193/466/341 364/467/342
f 363/468/343 364/469/342 1193/470/341 905/471/344
f 372/472/345 371/473/346 582/474/347 587/475/348
f 593/476/349 433/477/350 551/478/351 387/479/352
f 366/480/353 833/481/354 834/482/355 374/483/356
f 1840/484/357 368/485/358 367/486/359 1839/487/360
f 1841/488/361 369/489/362 368/485/358 1840/484/357
f 1842/490/363 573/491/364 579/492/365 558/493/366 369/489/362 1841/488/361
f 1843/494/367 586/495/368 1852/496/369
f 368/485/358 560/497/370 561/498/371 375/499/372 367/486/359
f 369/489/362 376/500/373 560/497/370 368/485/358
f 370/501/374 567/502/375 559/503/376
f 371/473/346 571/504/377 575/505/378 563/506/379
f 372/472/345 557/507/380 571/504/377 371/473/346
f 557/507/380 372/472/345 438/508/381 386/509/382
f 1323/510/383 1346/511/384 846/512/385 826/513/386
f 379/514/387 556/515/388 552/516/389 378/517/390
f 435/518/391 388/519/392 555/520/393 545/521/394
f 405/522/395 838/523/396 839/524/397 413/525/398
f 568/526/399 552/527/389 385/528/400 569/529/401
f 385/530/400 393/531/402 392/532/403 384/533/404
f 820/534/405 840/535/406 1873/536/407 1869/537/408
f 383/538/409 391/539/410 513/540/411
f 395/541/412 526/542/413 519/543/414 403/544/415
f 821/545/416 841/546/417 840/535/406 820/534/405
f 501/547/418 401/548/419 508/549/420
f 443/550/421 445/551/422 419/552/423 524/553/424 522/554/425
f 527/555/426 528/556/427 407/557/428 399/558/429
f 401/548/419 484/559/430 512/560/431 507/561/432
f 402/562/433 410/563/434 490/564/435 494/565/436 502/566/437
f 403/567/415 523/568/438 411/569/439 410/570/434 402/571/433
f 496/572/440 443/550/421 522/554/425 525/573/441
f 397/574/442 837/575/443 838/523/396 405/522/395
f 529/576/444 530/577/445 406/578/446 398/579/447
f 419/552/423 411/580/439 521/581/448 524/553/424
f 381/582/449 835/583/450 836/584/451 389/585/452
f 530/577/445 482/586/453 414/587/454 406/578/446
f 528/556/427 498/588/455 486/589/456 407/557/428
f 409/590/457 479/591/458 481/592/459
f 410/563/434 488/593/460 490/564/435
f 411/580/439 419/552/423 418/594/461 487/595/462
f 417/596/463 909/597/464 908/598/465 416/599/466
f 418/594/461 431/600/467 909/597/464 417/596/463
f 419/552/423 449/601/468 431/600/467 418/594/461
f 822/602/469 842/603/470 841/546/417 821/545/416
f 415/604/471 907/605/472 971/606/473
f 420/607/474 447/608/475 446/609/476
f 456/610/477 432/611/478 450/612/479 457/613/480
f 444/614/481 446/609/476 456/610/477 459/615/482
f 412/616/483 444/614/481 474/617/484 475/618/485
f 495/619/440 444/614/481 443/550/421 496/572/440
f 442/620/486 452/621/487 404/622/488
f 440/623/489 442/620/486 464/624/490 460/625/491
f 380/626/492 543/627/493 436/628/494
f 436/628/494 554/629/392 388/519/392 435/518/391
f 540/630/495 541/631/496 538/632/497 380/626/492 436/628/494
f 434/633/498 436/628/494 435/518/391 550/634/499 548/635/500
f 592/636/501 1847/637/502 1848/638/503 532/639/504
f 593/476/349 547/640/505 433/477/350
f 427/641/506 460/625/491 462/642/507 429/643/506
f 429/643/506 462/642/507 461/644/508
f 444/614/481 412/616/483 425/645/509
f 430/646/510 395/647/412 394/648/511 428/649/512
f 428/649/512 394/648/511 393/650/402 385/651/400
f 440/623/489 427/641/506 422/652/513
f 421/653/514 396/654/515 440/623/489
f 448/655/516 432/611/478 446/609/476
f 457/613/480 450/612/479 455/656/517
f 449/601/468 419/552/423 445/551/422
f 445/551/422 443/550/421 444/614/481 458/657/518
f 439/658/519 395/541/412 430/659/510
f 442/620/486 441/660/520 439/658/519 463/661/521
f 442/620/486 469/662/522 470/663/523
f 509/664/524 510/665/525 516/666/526
f 478/667/527 477/668/528 485/669/529 408/670/530 480/671/531
f 503/672/532 402/562/433 502/566/437
f 483/673/533 409/590/457 481/592/459
f 511/674/534 480/671/531 408/670/530 400/675/535 506/676/536
f 482/586/453 971/677/473 906/678/537 414/587/454
f 489/679/538 479/591/458 409/590/457
f 508/549/420 401/548/419 507/561/432
f 477/668/528 478/667/527 492/680/539
f 489/679/538 409/590/457 483/673/533 493/681/540
f 523/682/438 403/544/415 519/543/414
f 510/665/525 509/664/524 506/676/536 400/675/535 514/683/541
f 488/593/460 410/563/434 411/684/439
f 505/685/542 529/576/444 398/579/447 390/686/543
f 521/581/448 411/580/439 523/682/438
f 499/687/544 484/559/430 401/548/419 501/547/418
f 908/598/465 907/605/472 416/599/466
f 505/685/542 390/686/543 382/688/545 513/689/411
f 394/648/511 395/647/412 403/690/415 504/691/546
f 500/692/547 399/558/429 529/576/444 505/685/542
f 518/693/548 527/555/426 399/558/429 500/692/547
f 416/599/466 907/605/472 415/604/471 497/694/549
f 400/675/535 408/670/530 528/556/427 527/555/426
f 514/683/541 400/675/535 527/555/426 518/693/548
f 399/558/429 407/557/428 530/577/445 529/576/444
f 485/669/529 498/588/455 528/556/427 408/670/530
f 407/557/428 486/589/456 482/586/453 530/577/445
f 384/533/404 392/532/403 383/538/409
f 391/539/410 383/538/409 392/532/403 517/695/550
f 418/594/461 417/596/463 491/696/551 487/595/462
f 487/595/462 491/696/551 479/591/458 489/679/538
f 504/697/546 501/547/418 508/549/420 515/698/552
f 394/699/511 504/697/546 515/698/552 393/700/402
f 446/609/476 432/611/478 456/610/477
f 439/658/519 441/660/520 520/701/553 526/542/413 395/541/412
f 503/702/532 403/567/415 402/571/433
f 440/623/489 460/625/491 427/641/506
f 444/614/481 495/619/440 472/703/554 473/704/555
f 441/660/520 496/572/440 525/573/441 520/701/553
f 442/620/486 495/619/440 496/572/440 441/660/520
f 495/619/440 471/705/556 472/703/554
f 495/619/440 442/620/486 470/663/523 471/705/556
f 412/616/483 476/706/557 465/707/558 531/708/559
f 474/617/484 444/614/481 473/704/555
f 404/622/488 468/709/560 469/662/522 442/620/486
f 404/622/488 467/710/561 468/709/560
f 475/618/485 476/706/557 412/616/483
f 423/711/562 420/607/474 446/609/476 424/712/563
f 465/707/558 466/713/564 531/708/559
f 466/713/564 467/710/561 404/622/488 531/708/559
f 396/654/515 454/714/565 453/715/566 440/623/489
f 440/623/489 453/715/566 452/621/487 442/620/486
f 446/609/476 444/614/481 425/645/509 424/712/563
f 426/716/567 420/607/474 423/711/562
f 451/717/568 454/714/565 396/654/515
f 562/718/569 370/501/374 572/719/570
f 556/720/388 379/721/387 544/722/571
f 542/723/572 553/724/573 554/629/392 436/628/494
f 549/725/574 433/477/350 547/640/505
f 546/726/575 434/633/498 548/635/500
f 581/727/576 1843/494/367 1851/728/577 589/729/578 590/730/579
f 437/731/580 591/732/581 1844/733/582
f 566/734/583 377/735/584 376/500/373 369/489/362 558/493/366
f 550/634/499 435/518/391 545/521/394
f 562/718/569 567/502/375 370/501/374
f 573/491/364 1842/490/363 1852/736/369 583/737/585
f 377/735/584 566/734/583 574/738/586
f 564/739/587 383/740/409 513/741/411 578/742/588
f 513/741/411 382/743/545 375/499/372 561/498/371
f 570/744/589 378/745/390 568/526/399 577/746/590 576/747/591
f 570/744/589 557/507/380 379/721/387 378/745/390
f 565/748/592 384/749/404 383/740/409 564/739/587
f 378/745/390 552/527/389 568/526/399
f 572/719/570 370/501/374 559/503/376 580/750/593
f 569/529/401 385/528/400 384/749/404 565/748/592
f 576/747/591 577/746/590 567/502/375 562/718/569
f 584/751/594 563/506/379 573/491/364 583/737/585
f 581/727/576 585/752/595 586/495/368 1843/494/367
f 582/474/347 371/473/346 563/506/379 584/751/594
f 591/732/581 372/472/345 587/475/348 588/753/596
f 1844/733/582 591/732/581 588/753/596 1851/754/577
f 438/508/381 372/472/345 591/732/581 437/731/580
f 386/509/382 379/721/387 557/507/380
f 433/477/350 549/725/574 386/509/382 551/478/351
f 549/725/574 544/722/571 379/721/387 386/509/382
f 1847/637/502 592/636/501 593/476/349 1846/755/597
f 546/726/575 592/636/501 532/639/504 533/756/598
f 1846/755/597 593/476/349 387/479/352 1850/757/599
f 592/636/501 546/726/575 547/640/505 593/476/349
f 434/633/498 546/726/575 533/756/598 534/758/600
f 373/759/601 434/633/498 534/758/600 535/760/602
f 1845/761/603 594/762/604 537/763/605 1849/764/606
f 373/759/601 539/765/607 540/630/495 436/628/494 434/633/498
f 594/762/604 595/766/608 536/767/609 537/763/605
f 595/766/608 373/759/601 535/760/602 536/767/609
f 603/768/610 816/769/611 607/770/612 602/771/613
f 728/772/614 712/773/615 637/774/616 707/775/617
f 1855/776/618 1854/777/619 596/778/620 597/779/621
f 1856/780/622 1855/776/618 597/779/621 598/781/623
f 1857/782/624 1856/780/622 598/781/623 725/783/625 814/784/626 609/785/627
f 597/779/621 596/778/620 611/786/628 626/787/629 623/788/630
f 598/781/623 597/779/621 623/788/630 616/789/631
f 600/790/632 599/791/633 613/792/634
f 602/771/613 601/793/635 812/794/636 624/795/637
f 603/768/610 602/771/613 624/795/637 625/796/638
f 625/796/638 636/797/639 711/798/640 603/768/610
f 1871/799/641 1864/800/642 610/801/643 827/802/644
f 620/803/645 619/804/646 633/805/647 635/806/648
f 710/807/649 709/808/650 802/809/651 797/810/652
f 827/802/644 610/801/643 627/811/653 828/812/654
f 618/813/655 808/814/656 632/815/657 633/805/647
f 632/815/657 631/816/658 646/817/659 647/818/660
f 828/819/654 627/820/653 642/821/661 829/822/662
f 630/823/663 629/824/664 652/825/665
f 649/826/666 666/827/667 644/828/668 645/829/669
f 829/822/662 642/821/661 656/830/670 830/831/671
f 763/832/672 777/833/673 663/834/674
f 716/835/675 671/836/676 758/837/677 695/838/678 717/839/679
f 660/840/680 659/841/681 677/842/682 678/843/683
f 663/834/674 662/844/684 768/845/685 687/846/686
f 665/847/687 664/848/688 772/849/689 682/850/690 683/851/691
f 666/827/667 665/847/687 683/851/691 684/852/692 673/853/693
f 786/854/694 670/855/695 671/836/676 716/835/675
f 830/831/671 656/830/670 675/856/696 831/857/697
f 658/858/698 657/859/699 1166/860/700 676/861/701
f 695/838/678 758/837/677 691/862/702 684/852/692
f 831/857/697 675/856/696 689/863/703 832/864/704
f 676/861/701 1166/860/700 690/865/705 761/866/706
f 678/843/683 677/842/682 698/867/707 775/868/708
f 681/869/709 680/870/710 700/871/711
f 683/851/691 682/850/690 701/872/712
f 684/852/692 764/873/713 694/874/714 695/838/678
f 693/875/715 692/876/716 1197/877/717 702/878/718
f 694/874/714 693/875/715 702/878/718 704/879/719
f 695/838/678 694/874/714 704/879/719 705/880/720
f 832/864/704 689/863/703 1193/881/341 1330/882/340
f 706/883/721 1195/884/722 1196/885/723
f 718/886/724 734/887/725 733/888/726 732/889/727
f 685/890/728 740/891/729 718/886/724 696/892/730
f 686/893/731 753/894/732 724/895/733 685/890/728
f 773/896/694 786/854/694 716/835/675 685/890/728
f 667/897/734 668/898/735 735/899/736
f 650/900/737 714/901/738 744/902/739 667/897/734
f 622/903/740 621/904/741 638/905/742
f 621/904/741 710/807/649 797/810/652 804/906/652
f 793/907/743 621/904/741 622/903/740 787/908/744 794/909/745
f 604/910/746 708/911/747 726/912/748 710/807/649 621/904/741
f 800/913/749 1776/914/750 1868/915/751 1867/916/752
f 728/772/614 707/775/617 801/917/753
f 721/918/754 722/919/754 742/920/755 714/921/738
f 722/919/754 741/922/756 742/920/755
f 685/890/728 703/923/757 686/893/731
f 729/924/758 730/925/759 648/926/760 649/927/666
f 730/928/759 632/815/657 647/818/660 648/929/760
f 650/930/737 720/931/761 721/918/754
f 719/932/762 650/933/737 651/934/763
f 731/935/764 696/892/730 732/889/727
f 734/887/725 738/936/765 733/888/726
f 705/880/720 717/839/679 695/838/678
f 717/839/679 739/937/766 685/890/728 716/835/675
f 713/938/767 729/939/758 649/940/666
f 667/897/734 743/941/768 713/942/767 715/943/769
f 667/897/734 749/944/770 723/945/771
f 778/946/772 783/947/773 779/948/774
f 757/949/775 759/950/776 679/951/777 699/952/778 756/953/779
f 760/954/780 664/848/688 665/847/687
f 762/955/781 680/870/710 681/869/709
f 780/956/782 776/957/783 661/958/784 679/951/777 759/950/776
f 761/866/706 690/865/705 1194/959/785 1195/960/722
f 766/961/786 681/869/709 700/871/711
f 777/833/673 662/844/684 663/834/674
f 756/953/779 770/962/787 757/949/775
f 766/961/786 771/963/788 762/955/781 681/869/709
f 673/853/693 644/828/668 666/827/667
f 779/948/774 781/964/789 661/958/784 776/957/783 778/946/772
f 701/872/712 684/852/692 683/851/691
f 755/965/790 643/966/791 657/859/699 658/858/698
f 691/862/702 673/853/693 684/852/692
f 767/967/792 763/832/672 663/834/674 687/846/686
f 1197/877/717 692/876/716 1196/885/723
f 755/968/790 629/824/664 628/969/793 643/970/791
f 648/926/760 674/971/794 666/972/667 649/927/666
f 765/973/795 755/965/790 658/858/698 659/841/681
f 785/974/796 765/973/795 659/841/681 660/840/680
f 692/876/716 774/975/797 706/883/721 1196/885/723
f 661/958/784 660/840/680 678/843/683 679/951/777
f 781/964/789 785/974/796 660/840/680 661/958/784
f 659/841/681 658/858/698 676/861/701 677/842/682
f 699/952/778 679/951/777 678/843/683 775/868/708
f 677/842/682 676/861/701 761/866/706 698/867/707
f 631/816/658 630/823/663 646/817/659
f 652/825/665 784/976/798 646/817/659 630/823/663
f 694/874/714 764/873/713 769/977/799 693/875/715
f 764/873/713 766/961/786 700/871/711 769/977/799
f 674/978/794 782/979/800 777/833/673 763/832/672
f 648/980/760 647/981/660 782/982/800 674/983/794
f 696/892/730 718/886/724 732/889/727
f 713/942/767 649/826/666 645/829/669 672/984/801 715/943/769
f 760/985/780 665/986/687 666/987/667
f 650/930/737 721/918/754 714/921/738
f 685/890/728 752/988/802 751/989/803 773/896/694
f 715/943/769 672/984/801 670/855/695 786/854/694
f 667/897/734 715/943/769 786/854/694 773/896/694
f 773/896/694 751/989/803 750/990/804
f 773/896/694 750/990/804 749/944/770 667/897/734
f 686/893/731 688/991/805 745/992/806 754/993/807
f 724/895/733 752/988/802 685/890/728
f 668/898/735 667/897/734 723/945/771 748/994/808
f 668/898/735 748/994/808 747/995/809
f 753/894/732 686/893/731 754/993/807
f 653/996/810 655/997/811 696/892/730 697/998/812
f 745/992/806 688/991/805 746/999/813
f 746/999/813 688/991/805 668/898/735 747/995/809
f 651/1000/763 650/900/737 736/1001/814 737/1002/815
f 650/900/737 667/897/734 735/899/736 736/1001/814
f 696/892/730 655/997/811 703/923/757 685/890/728
f 654/1003/816 653/996/810 697/998/812
f 669/1004/817 651/1000/763 737/1002/815
f 612/1005/818 810/1006/819 600/790/632
f 635/806/648 798/1007/820 620/803/645
f 796/1008/821 621/904/741 804/906/652 795/1009/822
f 803/1010/823 801/917/753 707/775/617
f 727/1011/824 708/911/747 604/910/746
f 639/1012/825 818/1013/826 1808/1014/827 1860/1015/828 1859/1016/829
f 799/1017/830 1861/1018/831 606/1019/832
f 807/1020/833 725/783/625 598/781/623 616/789/631 617/1021/834
f 726/912/748 709/808/650 710/807/649
f 612/1005/818 600/790/632 613/792/634
f 609/785/627 641/1022/835 1858/1023/836 1857/782/624
f 617/1021/834 811/1024/837 807/1020/833
f 805/1025/838 813/1026/839 629/824/664 630/823/663
f 629/824/664 626/787/629 611/786/628 628/969/793
f 809/1027/840 614/1028/841 615/1029/842 618/813/655 619/804/646
f 809/1027/840 619/804/646 620/803/645 625/796/638
f 806/1030/843 805/1025/838 630/823/663 631/816/658
f 619/804/646 618/813/655 633/805/647
f 810/1006/819 815/1031/844 599/791/633 600/790/632
f 808/814/656 806/1030/843 631/816/658 632/815/657
f 614/1028/841 612/1005/818 613/792/634 615/1029/842
f 640/1032/845 641/1022/835 609/785/627 601/793/635
f 639/1012/825 1859/1016/829 1622/1033/846 634/1034/847
f 607/770/612 640/1032/845 601/793/635 602/771/613
f 606/1019/832 817/1035/848 816/769/611 603/768/610
f 1861/1018/831 1860/1036/828 817/1035/848 606/1019/832
f 711/798/640 799/1017/830 606/1019/832 603/768/610
f 636/797/639 625/796/638 620/803/645
f 707/775/617 637/774/616 636/797/639 803/1010/823
f 803/1010/823 636/797/639 620/803/645 798/1007/820
f 1867/1037/752 1866/1038/849 728/772/614 800/1039/749
f 727/1011/824 788/1040/850 1776/1041/750 800/1039/749
f 1866/1038/849 1865/1042/851 712/773/615 728/772/614
f 800/1039/749 728/772/614 801/917/753 727/1011/824
f 604/910/746 789/1043/852 788/1040/850 727/1011/824
f 605/1044/853 790/1045/854 789/1043/852 604/910/746
f 1863/1046/855 1862/1047/856 1781/1048/857 608/1049/858
f 605/1044/853 604/910/746 621/904/741 793/907/743 792/1050/859
f 608/1049/858 1781/1048/857 791/1051/860 819/1052/861
f 819/1052/861 791/1051/860 790/1045/854 605/1044/853
f 468/1053/560 467/1054/561 747/1055/809 748/1056/808
f 469/662/522 468/709/560 748/1057/808 723/1058/771
f 470/1059/523 469/1060/522 723/1061/771 749/1062/770
f 471/1063/556 470/1064/523 749/1065/770 750/1066/804
f 472/1067/554 471/1068/556 750/1069/804 751/1070/803
f 531/1071/559 404/1072/488 668/1073/735 688/1074/805
f 473/1075/555 472/1076/554 751/1077/803 752/1078/802
f 397/574/442 405/522/395 675/1079/696 656/1080/670
f 474/1081/484 473/1082/555 752/1083/802 724/1084/733
f 475/1085/485 474/1081/484 724/1084/733 753/1086/732
f 476/1087/557 475/1088/485 753/1089/732 754/1090/807
f 521/1091/448 523/1092/438 673/1093/693 691/1094/702
f 412/1095/483 531/1071/559 688/1074/805 686/1096/731
f 465/1097/558 476/1098/557 754/1099/807 745/1100/806
f 417/1101/463 416/1102/466 692/1103/716 693/1104/715
f 522/1105/425 524/1106/424 758/1107/677 671/1108/676
f 405/522/395 413/525/398 689/1109/703 675/1079/696
f 595/1110/608 594/1111/604 608/1112/858 819/1113/861
f 373/1114/601 595/1110/608 819/1113/861 605/1115/853
f 380/1116/492 538/1117/497 787/1118/744 622/1119/740
f 532/1120/504 1848/1121/503 1868/1122/751 1776/1123/750
f 524/1124/424 521/1091/448 691/1094/702 758/1125/677
f 533/1126/598 532/1127/504 1776/1128/750 788/1129/850
f 534/1130/600 533/1131/598 788/1132/850 789/1133/852
f 535/760/602 534/758/600 789/1134/852 790/1135/854
f 536/1136/609 535/1137/602 790/1138/854 791/1139/860
f 424/1140/563 425/1141/509 703/1142/757 655/1143/811
f 537/1144/605 536/1145/609 791/1146/860 1781/1147/857
f 425/1148/509 412/1149/483 686/1150/731 703/1151/757
f 1849/1152/606 537/1153/605 1781/1154/857 1862/1155/856
f 484/559/430 499/687/544 767/1156/792 687/1157/686
f 420/1158/474 426/1159/567 654/1160/816 697/1161/812
f 539/1162/607 373/1163/601 605/1164/853 792/1165/859
f 481/1166/459 479/1167/458 700/1168/711 680/1169/710
f 540/1170/495 539/1171/607 792/1172/859 793/1173/743
f 485/669/529 477/668/528 756/1174/779 699/1175/778
f 541/631/496 540/630/495 793/1176/743 794/1177/745
f 478/1178/527 480/1179/531 759/1180/776 757/1181/775
f 538/1182/497 541/1183/496 794/1184/745 787/1185/744
f 483/1186/533 481/1187/459 680/1188/710 762/1189/781
f 553/1190/573 542/1191/572 796/1008/821 795/1009/822
f 512/1192/431 484/1193/430 687/1194/686 768/1195/685
f 415/1196/471 971/1197/473 1195/1198/722 706/1199/721
f 413/525/398 905/1200/344 1193/1201/341 689/1109/703
f 594/1202/604 1845/1203/603 1863/1204/855 608/1205/858
f 542/1206/572 436/1207/494 621/1208/741 796/1209/821
f 971/1210/473 482/1211/453 761/1212/706 1195/1213/722
f 1838/1214/862 366/480/353 1864/1215/642 1853/1216/863
f 436/1217/494 543/1218/493 638/1219/742 621/1220/741
f 487/1221/462 489/1222/538 766/1223/786 764/1224/713
f 479/1167/458 491/1225/551 769/1226/799 700/1168/711
f 438/1227/381 437/1228/580 799/1229/830 711/1230/640
f 491/1231/551 417/1232/463 693/1233/715 769/1234/799
f 477/1235/528 492/1236/539 770/1237/787 756/1238/779
f 492/1239/539 478/1178/527 757/1181/775 770/1240/787
f 545/1241/394 555/1242/393 802/1243/651 709/1244/650
f 490/1245/435 488/1246/460 701/1247/712 682/1248/690
f 489/1249/538 493/1250/540 771/1251/788 766/1252/786
f 493/1253/540 483/1254/533 762/1255/781 771/1256/788
f 386/1257/382 438/1258/381 711/1259/640 636/1260/639
f 376/1261/373 377/1262/584 617/1263/834 616/1264/631
f 556/1265/388 544/1266/571 798/1267/820 635/1268/648
f 1850/1269/599 387/1270/352 712/1271/615 1865/1272/851
f 549/1273/574 547/1274/505 801/1275/753 803/1276/823
f 494/1277/436 490/1245/435 682/1248/690 772/1278/689
f 548/1279/500 550/1280/499 726/1281/748 708/1282/747
f 482/1283/453 486/1284/456 698/1285/707 761/1286/706
f 547/1287/505 546/1288/575 727/1289/824 801/1290/753
f 546/726/575 548/635/500 708/1291/747 727/1292/824
f 411/1293/439 487/1294/462 764/1295/713 684/1296/692
f 437/1297/580 1844/1298/582 1861/1299/831 799/1300/830
f 488/1301/460 411/1302/439 684/1303/692 701/1304/712
f 544/1305/571 549/1306/574 803/1307/823 798/1308/820
f 416/1309/466 497/1310/549 774/1311/797 692/1312/716
f 550/1313/499 545/1314/394 709/1315/650 726/1316/748
f 497/1317/549 415/1318/471 706/1319/721 774/1320/797
f 554/1321/392 553/1190/573 795/1009/822 804/906/652
f 486/1284/456 498/1322/455 775/1323/708 698/1285/707
f 421/1324/514 440/1325/489 650/1326/737 719/1327/762
f 385/1328/400 552/1329/389 633/1330/647 632/1331/657
f 498/1332/455 485/1333/529 699/1334/778 775/1335/708
f 440/1336/489 422/1337/513 720/1338/761 650/1339/737
f 366/480/353 374/483/356 610/1340/643 1864/1215/642
f 552/1341/389 556/1342/388 635/1343/648 633/1344/647
f 427/1345/506 429/1346/506 722/1347/754 721/1348/754
f 388/1349/392 554/1321/392 804/906/652 797/810/652
f 396/1350/515 421/1351/514 719/1352/762 651/1353/763
f 555/1354/393 388/1349/392 797/810/652 802/809/651
f 583/1355/585 1852/1356/369 1858/1357/836 641/1358/835
f 480/1359/531 511/1360/534 780/1361/782 759/1362/776
f 586/1363/368 585/1364/595 634/1365/847 1622/1366/846
f 551/1367/351 386/1368/382 636/1369/639 637/1370/616
f 508/1371/420 507/1372/432 662/1373/684 777/1374/673
f 543/1375/493 380/1116/492 622/1119/740 638/1376/742
f 510/1377/525 514/1378/541 781/1379/789 779/1380/774
f 387/1270/352 551/1367/351 637/1370/616 712/1271/615
f 374/483/356 381/582/449 627/1381/653 610/1340/643
f 506/1382/536 509/1383/524 778/1384/772 776/1385/783
f 507/1386/432 512/1387/431 768/1388/685 662/1389/684
f 585/1364/595 581/1390/576 639/1391/825 634/1365/847
f 511/1392/534 506/1393/536 776/1394/783 780/1395/782
f 582/474/347 584/751/594 640/1396/845 607/1397/612
f 503/1398/532 502/1399/437 664/1400/688 760/1401/780
f 584/1402/594 583/1403/585 641/1404/835 640/1405/845
f 566/1406/583 558/1407/366 725/1408/625 807/1409/833
f 515/1410/552 508/1371/420 777/1374/673 782/1411/800
f 422/1412/513 427/1345/506 721/1348/754 720/1413/761
f 559/1414/376 567/1415/375 613/1416/634 599/1417/633
f 393/1418/402 515/1419/552 782/1420/800 647/1421/660
f 430/1422/510 428/1423/512 730/1424/759 729/1425/758
f 519/1426/414 526/1427/413 645/1428/669 644/1429/668
f 573/1430/364 563/1431/379 601/1432/635 609/1433/627
f 516/1434/526 510/1435/525 779/1436/774 783/1437/773
f 428/1438/512 385/1439/400 632/1440/657 730/1441/759
f 392/1442/403 393/1443/402 647/1444/660 646/1445/659
f 562/1446/569 572/1447/570 810/1448/819 612/1449/818
f 509/1450/524 516/1451/526 783/1452/773 778/1453/772
f 568/1454/399 569/1455/401 808/1456/656 618/1457/655
f 501/1458/418 504/1459/546 674/1460/794 763/1461/672
f 377/1462/584 574/1463/586 811/1464/837 617/1465/834
f 500/1466/547 505/1467/542 755/1468/790 765/1469/795
f 448/1470/516 446/1471/476 696/1472/730 731/1473/764
f 574/1474/586 566/1475/583 807/1476/833 811/1477/837
f 502/1399/437 494/1478/436 772/1479/689 664/1400/688
f 563/1480/379 575/1481/378 812/1482/636 601/1483/635
f 499/1484/544 501/1485/418 763/1486/672 767/1487/792
f 450/1488/479 432/1489/478 732/1490/727 733/1491/726
f 575/1492/378 571/1493/377 624/1494/637 812/1495/636
f 513/1496/411 391/1497/410 652/1498/665 629/1499/664
f 431/1500/467 449/1501/468 705/1502/720 704/1503/719
f 570/1504/589 576/1505/591 614/1506/841 809/1507/840
f 505/1508/542 513/1509/411 629/1510/664 755/1511/790
f 432/1489/478 448/1512/516 731/1513/764 732/1490/727
f 426/1514/567 423/1515/562 653/1516/810 654/1517/816
f 576/1518/591 562/1519/569 612/1520/818 614/1521/841
f 909/1522/464 431/1500/467 704/1503/719 702/1523/718
f 423/1524/562 424/1525/563 655/1526/811 653/1527/810
f 567/1528/375 577/1529/590 615/1530/842 613/1531/634
f 381/582/449 389/585/452 642/1532/661 627/1381/653
f 577/1529/590 568/1454/399 618/1457/655 615/1530/842
f 517/1533/550 392/1534/403 646/1535/659 784/1536/798
f 513/1537/411 561/1538/371 626/1539/629 629/1540/664
f 391/1541/410 517/1542/550 784/1543/798 652/1544/665
f 404/1545/488 452/1546/487 735/1547/736 668/1548/735
f 564/739/587 578/742/588 813/1549/839 805/1550/838
f 518/1551/548 500/1552/547 765/1553/795 785/1554/796
f 452/1555/487 453/1556/566 736/1557/814 735/1558/736
f 578/1559/588 513/1560/411 629/1561/664 813/1562/839
f 514/1563/541 518/1564/548 785/1565/796 781/1566/789
f 453/1567/566 454/1568/565 737/1569/815 736/1570/814
f 561/1571/371 560/1572/370 623/1573/630 626/1574/629
f 526/1575/413 520/1576/553 672/1577/801 645/1578/669
f 454/1579/565 451/1580/568 669/1581/817 737/1582/815
f 571/1583/377 557/1584/380 625/1585/638 624/1586/637
f 455/1587/517 450/1488/479 733/1491/726 738/1588/765
f 557/507/380 570/744/589 809/1589/840 625/1590/638
f 449/1501/468 445/1591/422 717/1592/679 705/1502/720
f 565/748/592 564/739/587 805/1550/838 806/1593/843
f 457/1594/480 455/1595/517 738/1596/765 734/1597/725
f 560/1598/370 376/1261/373 616/1264/631 623/1599/630
f 445/1591/422 458/1600/518 739/1601/766 717/1592/679
f 451/1602/568 396/1350/515 651/1353/763 669/1603/817
f 558/1604/366 579/1605/365 814/1606/626 725/1607/625
f 458/1600/518 444/1608/481 685/1609/728 739/1601/766
f 579/1610/365 573/1611/364 609/1612/627 814/1613/626
f 444/1614/481 459/1615/482 740/1616/729 685/1617/728
f 389/585/452 397/574/442 656/1080/670 642/1532/661
f 572/719/570 580/750/593 815/1618/844 810/1619/819
f 459/1615/482 456/1620/477 718/1621/724 740/1616/729
f 580/1622/593 559/1623/376 599/1624/633 815/1625/844
f 456/1620/477 457/1594/480 734/1597/725 718/1621/724
f 525/1626/441 522/1105/425 671/1108/676 670/1627/695
f 569/529/401 565/748/592 806/1593/843 808/1628/656
f 429/1346/506 461/1629/508 741/1630/756 722/1347/754
f 520/1576/553 525/1626/441 670/1627/695 672/1577/801
f 1852/1631/369 586/1632/368 1622/1633/846 1858/1634/836
f 523/1092/438 519/1426/414 644/1429/668 673/1093/693
f 587/475/348 582/474/347 607/1397/612 816/1635/611
f 439/1636/519 430/1637/510 729/1638/758 713/1639/767
f 588/753/596 587/475/348 816/1635/611 817/1640/848
f 461/1641/508 462/1642/507 742/1643/755 741/1644/756
f 1851/1645/577 588/1646/596 817/1647/848 1860/1648/828
f 463/1649/521 439/1636/519 713/1639/767 743/1650/768
f 589/1651/578 1851/1652/577 1860/1653/828 1808/1654/827
f 442/1655/486 463/1649/521 743/1650/768 667/1656/734
f 590/1657/579 589/1651/578 1808/1654/827 818/1658/826
f 403/1659/415 503/1660/532 760/1661/780 666/1662/667
f 464/1663/490 442/1664/486 667/1665/734 744/1666/739
f 581/1390/576 590/1667/579 818/1668/826 639/1391/825
f 460/1669/491 464/1663/490 744/1666/739 714/1670/738
f 504/1671/546 403/1672/415 666/1673/667 674/1674/794
f 462/1642/507 460/1669/491 714/1670/738 742/1643/755
f 466/1675/564 465/1676/558 745/1677/806 746/1678/813
f 467/1679/561 466/1680/564 746/1681/813 747/1682/809
f 690/865/705 832/864/704 1330/882/340 1194/959/785
f 1166/1683/700 831/1684/697 832/1685/704 690/1686/705
f 657/859/699 830/831/671 831/857/697 1166/860/700
f 643/966/791 829/822/662 830/831/671 657/859/699
f 628/1687/793 828/819/654 829/822/662 643/966/791
f 611/786/628 827/802/644 828/812/654 628/969/793
f 596/778/620 1871/799/641 827/802/644 611/786/628
f 1854/777/619 1870/1688/864 1871/799/641 596/778/620
f 414/587/454 906/678/537 1323/1689/383 826/1690/386
f 406/578/446 414/587/454 826/1690/386 825/1691/865
f 398/579/447 406/578/446 825/1691/865 824/1692/866
f 390/686/543 398/579/447 824/1692/866 823/1693/867
f 382/688/545 390/686/543 823/1693/867 822/1694/469
f 375/499/372 382/743/545 822/1695/469 821/1696/416
f 367/486/359 375/499/372 821/1696/416 820/1697/405
f 1839/487/360 367/486/359 820/1697/405 1869/1698/408
f 1873/1699/407 840/1700/406 833/1701/354 1872/1702/868
f 840/1700/406 841/1703/417 834/1704/355 833/1701/354
f 841/1703/417 842/1705/470 835/1706/450 834/1704/355
f 842/1707/470 843/1708/869 836/1709/451 835/1710/450
f 843/1708/869 844/1711/870 837/1712/443 836/1709/451
f 844/1711/870 845/1713/871 838/1714/396 837/1712/443
f 845/1713/871 846/1715/385 839/1716/397 838/1714/396
f 846/1715/385 1346/1717/384 1338/1718/872 839/1716/397
f 826/513/386 846/512/385 845/1719/871 825/1720/865
f 389/585/452 836/584/451 837/575/443 397/574/442
f 825/1720/865 845/1719/871 844/1721/870 824/1722/866
f 824/1722/866 844/1721/870 843/1723/869 823/1724/867
f 413/525/398 839/524/397 1338/1725/872 905/1200/344
f 1838/1214/862 1872/1726/868 833/481/354 366/480/353
f 823/1724/867 843/1723/869 842/603/470 822/602/469
f 374/483/356 834/482/355 835/583/450 381/582/449
f 446/1727/476 447/1728/475 1349/1729/873 1348/1730/874 696/1731/730
f 697/998/812 696/892/730 1348/1732/874 1347/1733/875
f 447/1734/475 420/1158/474 697/1161/812 1347/1735/875 1349/1736/873
f 849/1737/876 848/1738/877 1193/1739/341 1330/1740/340
f 847/1741/878 905/1742/344 1193/1743/341 848/1744/877
f 856/1745/879 1077/1746/880 1072/1747/881 855/1748/882
f 1083/1749/883 871/1750/884 1041/1751/885 922/1752/886
f 850/1753/887 858/1754/888 1332/1755/889 1331/1756/890
f 2383/1757/891 2382/1758/892 851/1759/893 852/1760/894
f 2384/1761/895 2383/1757/891 852/1760/894 853/1762/896
f 2385/1763/897 2384/1761/895 853/1762/896 1048/1764/898 1069/1765/899 1063/1766/900
f 2386/1767/901 2395/1768/902 1076/1769/903
f 852/1760/894 851/1759/893 859/1770/904 1051/1771/905 1050/1772/906
f 853/1762/896 852/1760/894 1050/1772/906 860/1773/907
f 854/1774/908 1049/1775/909 1057/1776/910
f 855/1748/882 1053/1777/911 1065/1778/912 1061/1779/913
f 856/1745/879 855/1748/882 1061/1779/913 1047/1780/914
f 1047/1780/914 870/1781/915 927/1782/916 856/1745/879
f 1323/1783/383 1322/1784/917 1345/1785/918 1346/1786/384
f 863/1787/919 862/1788/920 1042/1789/921 1046/1790/922
f 924/1791/923 1035/1792/924 1045/1793/925 872/1794/926
f 889/1795/927 897/1796/928 1337/1797/929 1336/1798/930
f 1058/1799/931 1059/1800/932 869/1801/933 1042/1789/921
f 869/1802/933 868/1803/934 876/1804/935 877/1805/936
f 1316/1806/937 2412/1807/938 2416/1808/939 1339/1809/940
f 867/1810/941 1003/1811/942 875/1812/943
f 879/1813/944 887/1814/945 1009/1815/946 1016/1816/947
f 1317/1817/948 1316/1806/937 1339/1809/940 1340/1818/949
f 991/1819/950 998/1820/951 885/1821/952
f 932/1822/953 1012/1823/954 1014/1824/955 903/1825/956 934/1826/957
f 1017/1827/958 883/1828/959 891/1829/960 1018/1830/961
f 885/1821/952 997/1831/962 1002/1832/963 974/1833/964
f 886/1834/965 992/1835/966 984/1836/967 980/1837/968 894/1838/969
f 887/1814/945 886/1834/965 894/1838/969 895/1839/970 1013/1840/971
f 986/1841/972 1015/1842/973 1012/1823/954 932/1822/953
f 881/1843/974 889/1795/927 1336/1798/930 1335/1844/975
f 1019/1845/976 882/1846/977 890/1847/978 1020/1848/979
f 903/1825/956 1014/1824/955 1011/1849/980 895/1839/970
f 865/1850/981 873/1851/982 1334/1852/983 1333/1853/984
f 1020/1848/979 890/1847/978 898/1854/985 972/1855/986
f 1018/1830/961 891/1829/960 976/1856/987 988/1857/988
f 893/1858/989 970/1859/990 968/1860/991
f 894/1838/969 980/1837/968 978/1861/992
f 895/1839/970 977/1862/993 902/1863/994 903/1825/956
f 901/1864/995 900/1865/996 908/1866/465 909/1867/464
f 902/1863/994 901/1864/995 909/1867/464 920/1868/997
f 903/1825/956 902/1863/994 920/1868/997 938/1869/998
f 1318/1870/999 1317/1817/948 1340/1818/949 1341/1871/1000
f 899/1872/1001 971/1873/473 907/1874/472
f 904/1875/1002 935/1876/1003 936/1877/1004
f 945/1878/1005 946/1879/1006 939/1880/1007 921/1881/1008
f 933/1882/1009 948/1883/1010 945/1878/1005 935/1876/1003
f 896/1884/1011 964/1885/1012 963/1886/1013 933/1882/1009
f 985/1887/972 986/1841/972 932/1822/953 933/1882/1009
f 931/1888/1014 888/1889/1015 941/1890/1016
f 929/1891/1017 949/1892/1018 953/1893/1019 931/1888/1014
f 864/1894/1020 925/1895/1021 1033/1896/1022
f 925/1895/1021 924/1791/923 872/1794/926 1044/1897/926
f 1030/1898/1023 925/1895/1021 864/1894/1020 1028/1899/1024 1031/1900/1025
f 923/1901/1026 1038/1902/1027 1040/1903/1028 924/1791/923 925/1895/1021
f 1082/1904/1029 1022/1905/1030 2391/1906/1031 2390/1907/1032
f 1083/1749/883 922/1752/886 1037/1908/1033
f 916/1909/1034 918/1910/1034 951/1911/1035 949/1892/1018
f 918/1910/1034 950/1912/1036 951/1911/1035
f 933/1882/1009 914/1913/1037 896/1884/1011
f 919/1914/1038 917/1915/1039 878/1916/1040 879/1813/944
f 917/1915/1039 869/1802/933 877/1805/936 878/1916/1040
f 929/1891/1017 911/1917/1041 916/1909/1034
f 910/1918/1042 929/1891/1017 880/1919/1043
f 937/1920/1044 935/1876/1003 921/1881/1008
f 946/1879/1006 944/1921/1045 939/1880/1007
f 938/1869/998 934/1826/957 903/1825/956
f 934/1826/957 947/1922/1046 933/1882/1009 932/1822/953
f 928/1923/1047 919/1914/1038 879/1813/944
f 931/1888/1014 952/1924/1048 928/1923/1047 930/1925/1049
f 931/1888/1014 959/1926/1050 958/1927/1051
f 999/1928/1052 1006/1929/1053 1000/1930/1054
f 967/1931/1055 969/1932/1056 892/1933/1057 975/1934/1058 966/1935/1059
f 993/1936/1060 992/1835/966 886/1834/965
f 973/1937/1061 970/1859/990 893/1858/989
f 1001/1938/1062 996/1939/1063 884/1940/1064 892/1933/1057 969/1932/1056
f 972/1855/986 898/1854/985 906/1941/537 971/1942/473
f 979/1943/1065 893/1858/989 968/1860/991
f 998/1820/951 997/1831/962 885/1821/952
f 966/1935/1059 982/1944/1066 967/1931/1055
f 979/1943/1065 983/1945/1067 973/1937/1061 893/1858/989
f 1013/1840/971 1009/1815/946 887/1814/945
f 1000/1930/1054 1004/1946/1068 884/1940/1064 996/1939/1063 999/1928/1052
f 978/1861/992 895/1839/970 894/1838/969
f 995/1947/1069 874/1948/1070 882/1846/977 1019/1845/976
f 1011/1849/980 1013/1840/971 895/1839/970
f 989/1949/1071 991/1819/950 885/1821/952 974/1833/964
f 908/1866/465 900/1865/996 907/1874/472
f 995/1947/1069 1003/1950/942 866/1951/1072 874/1948/1070
f 878/1916/1040 994/1952/1073 887/1814/945 879/1813/944
f 990/1953/1074 995/1947/1069 1019/1845/976 883/1828/959
f 1008/1954/1075 990/1953/1074 883/1828/959 1017/1827/958
f 900/1865/996 987/1955/1076 899/1872/1001 907/1874/472
f 884/1940/1064 1017/1827/958 1018/1830/961 892/1933/1057
f 1004/1946/1068 1008/1954/1075 1017/1827/958 884/1940/1064
f 883/1828/959 1019/1845/976 1020/1848/979 891/1829/960
f 975/1934/1058 892/1933/1057 1018/1830/961 988/1857/988
f 891/1829/960 1020/1848/979 972/1855/986 976/1856/987
f 868/1803/934 867/1810/941 876/1804/935
f 875/1812/943 1007/1956/1077 876/1804/935 867/1810/941
f 902/1863/994 977/1862/993 981/1957/1078 901/1864/995
f 977/1862/993 979/1943/1065 968/1860/991 981/1957/1078
f 994/1952/1073 1005/1958/1079 998/1820/951 991/1819/950
f 878/1916/1040 877/1805/936 1005/1958/1079 994/1952/1073
f 935/1876/1003 945/1878/1005 921/1881/1008
f 928/1923/1047 879/1813/944 1016/1816/947 1010/1959/1080 930/1925/1049
f 993/1936/1060 886/1834/965 887/1814/945
f 929/1891/1017 916/1909/1034 949/1892/1018
f 933/1882/1009 962/1960/1081 961/1961/1082 985/1887/972
f 930/1925/1049 1010/1959/1080 1015/1842/973 986/1841/972
f 931/1888/1014 930/1925/1049 986/1841/972 985/1887/972
f 985/1887/972 961/1961/1082 960/1962/1083
f 985/1887/972 960/1962/1083 959/1926/1050 931/1888/1014
f 896/1884/1011 1021/1963/1084 954/1964/1085 965/1965/1086
f 963/1886/1013 962/1960/1081 933/1882/1009
f 888/1889/1015 931/1888/1014 958/1927/1051 957/1966/1087
f 888/1889/1015 957/1966/1087 956/1967/1088
f 964/1885/1012 896/1884/1011 965/1965/1086
f 912/1968/1089 913/1969/1090 935/1876/1003 904/1875/1002
f 954/1964/1085 1021/1963/1084 955/1970/1091
f 955/1970/1091 1021/1963/1084 888/1889/1015 956/1967/1088
f 880/1919/1043 929/1891/1017 942/1971/1092 943/1972/1093
f 929/1891/1017 931/1888/1014 941/1890/1016 942/1971/1092
f 935/1876/1003 913/1969/1090 914/1913/1037 933/1882/1009
f 915/1973/1094 912/1968/1089 904/1875/1002
f 940/1974/1095 880/1919/1043 943/1972/1093
f 1052/1975/1096 1062/1976/1097 854/1774/908
f 1046/1790/922 1034/1977/1098 863/1787/919
f 1032/1978/1099 925/1895/1021 1044/1897/926 1043/1979/1100
f 1039/1980/1101 1037/1908/1033 922/1752/886
f 1036/1981/1102 1038/1902/1027 923/1901/1026
f 1071/1982/1103 1080/1983/1104 1079/1984/1105 2394/1985/1106 2386/1767/901
f 926/1986/1107 2387/1987/1108 1081/1988/1109
f 1056/1989/1110 1048/1764/898 853/1762/896 860/1773/907 861/1990/1111
f 1040/1903/1028 1035/1792/924 924/1791/923
f 1052/1975/1096 854/1774/908 1057/1776/910
f 1063/1766/900 1073/1991/1112 2395/1992/902 2385/1763/897
f 861/1990/1111 1064/1993/1113 1056/1989/1110
f 1054/1994/1114 1068/1995/1115 1003/1811/942 867/1810/941
f 1003/1950/942 1051/1996/905 859/1997/904 866/1951/1072
f 1060/1998/1116 1066/1999/1117 1067/2000/1118 1058/1799/931 862/1788/920
f 1060/1998/1116 862/1788/920 863/1787/919 1047/1780/914
f 1055/2001/1119 1054/1994/1114 867/1810/941 868/1803/934
f 862/1788/920 1058/1799/931 1042/1789/921
f 1062/1976/1097 1070/2002/1120 1049/1775/909 854/1774/908
f 1059/1800/932 1055/2003/1119 868/2004/934 869/1801/933
f 1066/1999/1117 1052/1975/1096 1057/1776/910 1067/2000/1118
f 1074/2005/1121 1073/1991/1112 1063/1766/900 1053/1777/911
f 1071/1982/1103 2386/1767/901 1076/1769/903 1075/2006/1122
f 1072/1747/881 1074/2005/1121 1053/1777/911 855/1748/882
f 1081/1988/1109 1078/2007/1123 1077/1746/880 856/1745/879
f 2387/1987/1108 2394/2008/1106 1078/2007/1123 1081/1988/1109
f 927/1782/916 926/1986/1107 1081/1988/1109 856/1745/879
f 870/1781/915 1047/1780/914 863/1787/919
f 922/1752/886 1041/1751/885 870/1781/915 1039/1980/1101
f 1039/1980/1101 870/1781/915 863/1787/919 1034/1977/1098
f 2390/1907/1032 2389/2009/1124 1083/1749/883 1082/1904/1029
f 1036/1981/1102 1023/2010/1125 1022/1905/1030 1082/1904/1029
f 2389/2009/1124 2393/2011/1126 871/1750/884 1083/1749/883
f 1082/1904/1029 1083/1749/883 1037/1908/1033 1036/1981/1102
f 923/1901/1026 1024/2012/1127 1023/2010/1125 1036/1981/1102
f 857/2013/1128 1025/2014/1129 1024/2012/1127 923/1901/1026
f 2388/2015/1130 2392/2016/1131 1027/2017/1132 1084/2018/1133
f 857/2013/1128 923/1901/1026 925/1895/1021 1030/1898/1023 1029/2019/1134
f 1084/2018/1133 1027/2017/1132 1026/2020/1135 1085/2021/1136
f 1085/2021/1136 1026/2020/1135 1025/2014/1129 857/2013/1128
f 1093/2022/1137 1092/2023/1138 1097/2024/1139 1312/2025/1140
f 1224/2026/1141 1203/2027/1142 1127/2028/1143 1208/2029/1144
f 2398/2030/1145 1087/2031/1146 1086/2032/1147 2397/2033/1148
f 2399/2034/1149 1088/2035/1150 1087/2031/1146 2398/2030/1145
f 2400/2036/1151 1099/2037/1152 1310/2038/1153 1221/2039/1154 1088/2035/1150 2399/2034/1149
f 1087/2031/1146 1113/2040/1155 1116/2041/1156 1101/2042/1157 1086/2032/1147
f 1088/2035/1150 1106/2043/1158 1113/2040/1155 1087/2031/1146
f 1090/2044/1159 1103/2045/1160 1089/2046/1161
f 1092/2023/1138 1114/2047/1162 1308/2048/1163 1091/2049/1164
f 1093/2022/1137 1115/2050/1165 1114/2047/1162 1092/2023/1138
f 1115/2050/1165 1093/2022/1137 1207/2051/1166 1126/2052/1167
f 2414/2053/1168 1324/2054/1169 1100/2055/1170 2407/2056/1171
f 1110/2057/1172 1125/2058/1173 1123/2059/1174 1109/2060/1175
f 1206/2061/1176 1293/2062/1177 1298/2063/1178 1205/2064/1179
f 1324/2054/1169 1325/2065/1180 1117/2066/1181 1100/2055/1170
f 1108/2067/1182 1123/2059/1174 1122/2068/1183 1304/2069/1184
f 1122/2068/1183 1137/2070/1185 1136/2071/1186 1121/2072/1187
f 1325/2065/1180 1326/2073/1188 1132/2074/1189 1117/2066/1181
f 1120/2075/1190 1142/2076/1191 1119/2077/1192
f 1139/2078/1193 1135/2079/1194 1134/2080/1195 1156/2081/1196
f 1326/2073/1188 1327/2082/1197 1146/2083/1198 1132/2074/1189
f 1259/2084/1199 1153/2085/1200 1273/2086/1201
f 1212/2087/1202 1213/2088/1203 1186/2089/1204 1254/2090/1205 1161/2091/1206
f 1150/2092/1207 1169/2093/1208 1168/2094/1209 1149/2095/1210
f 1153/2085/1200 1178/2096/1211 1264/2097/1212 1152/2098/1213
f 1155/2099/1214 1174/2100/1215 1173/2101/1216 1268/2102/1217 1154/2103/1218
f 1156/2081/1196 1163/2104/1219 1175/2105/1220 1174/2100/1215 1155/2099/1214
f 1282/2106/1221 1212/2087/1202 1161/2091/1206 1160/2107/1222
f 1327/2082/1197 1328/2108/1223 1165/2109/1224 1146/2083/1198
f 1148/2110/1225 1167/2111/1226 1166/2112/700 1147/2113/1227
f 1186/2089/1204 1175/2105/1220 1182/2114/1228 1254/2090/1205
f 1328/2108/1223 1329/2115/1229 1180/2116/1230 1165/2109/1224
f 1167/2111/1226 1257/2117/1231 1181/2118/1232 1166/2112/700
f 1169/2093/1208 1271/2119/1233 1189/2120/1234 1168/2094/1209
f 1172/2121/1235 1191/2122/1236 1171/2123/1237
f 1174/2100/1215 1192/2124/1238 1173/2101/1216
f 1175/2105/1220 1186/2089/1204 1185/2125/1239 1260/2126/1240
f 1184/2127/1241 1198/2128/1242 1197/2129/717 1183/2130/1243
f 1185/2125/1239 1200/2131/1244 1198/2128/1242 1184/2127/1241
f 1186/2089/1204 1201/2132/1245 1200/2131/1244 1185/2125/1239
f 1329/2115/1229 1330/2133/340 1193/2134/341 1180/2116/1230
f 1202/2135/1246 1196/2136/723 1195/2137/722
f 1214/2138/1247 1228/2139/1248 1229/2140/1249 1230/2141/1250
f 1176/2142/1251 1187/2143/1252 1214/2138/1247 1236/2144/1253
f 1177/2145/1254 1176/2142/1251 1220/2146/1255 1249/2147/1256
f 1269/2148/1221 1176/2142/1251 1212/2087/1202 1282/2106/1221
f 1157/2149/1257 1231/2150/1258 1158/2151/1259
f 1140/2152/1260 1157/2149/1257 1240/2153/1261 1210/2154/1262
f 1112/2155/1263 1128/2156/1264 1111/2157/1265
f 1111/2157/1265 1300/2158/1177 1293/2062/1177 1206/2061/1176
f 1289/2159/1266 1290/2160/1267 1283/2161/1268 1112/2155/1263 1111/2157/1265
f 1094/2162/1269 1111/2157/1265 1206/2061/1176 1222/2163/1270 1204/2164/1271
f 1296/2165/1272 2410/2166/1273 2411/2167/1274 2312/2168/1275
f 1224/2026/1141 1297/2169/1276 1203/2027/1142
f 1217/2170/1277 1210/2154/1262 1238/2171/1278 1218/2172/1277
f 1218/2172/1277 1238/2171/1278 1237/2173/1279
f 1176/2142/1251 1177/2145/1254 1199/2174/1280
f 1225/2175/1281 1139/2078/1193 1138/2176/1282 1226/2177/1283
f 1226/2177/1283 1138/2176/1282 1137/2070/1185 1122/2068/1183
f 1140/2152/1260 1217/2170/1277 1216/2178/1284
f 1215/2179/1285 1141/2180/1286 1140/2152/1260
f 1227/2181/1287 1228/2139/1248 1187/2143/1252
f 1230/2141/1250 1229/2140/1249 1234/2182/1288
f 1201/2132/1245 1186/2089/1204 1213/2088/1203
f 1213/2088/1203 1212/2087/1202 1176/2142/1251 1235/2183/1289
f 1209/2184/1290 1139/2078/1193 1225/2175/1281
f 1157/2149/1257 1211/2185/1291 1209/2184/1290 1239/2186/1292
f 1157/2149/1257 1219/2187/1293 1245/2188/1294
f 1274/2189/1295 1275/2190/1296 1279/2191/1297
f 1253/2192/1298 1252/2193/1299 1190/2194/1300 1170/2195/1301 1255/2196/1302
f 1256/2197/1303 1155/2099/1214 1154/2103/1218
f 1258/2198/1304 1172/2121/1235 1171/2123/1237
f 1276/2199/1305 1255/2196/1302 1170/2195/1301 1151/2200/1306 1272/2201/1307
f 1257/2117/1231 1195/2137/722 1194/2202/785 1181/2118/1232
f 1262/2203/1308 1191/2122/1236 1172/2121/1235
f 1273/2086/1201 1153/2085/1200 1152/2098/1213
f 1252/2193/1299 1253/2192/1298 1266/2204/1309
f 1262/2203/1308 1172/2121/1235 1258/2198/1304 1267/2205/1310
f 1163/2104/1219 1156/2081/1196 1134/2080/1195
f 1275/2190/1296 1274/2189/1295 1272/2201/1307 1151/2200/1306 1277/2206/1311
f 1192/2124/1238 1174/2100/1215 1175/2105/1220
f 1251/2207/1312 1148/2110/1225 1147/2113/1227 1133/2208/1313
f 1182/2114/1228 1175/2105/1220 1163/2104/1219
f 1263/2209/1314 1178/2096/1211 1153/2085/1200 1259/2084/1199
f 1197/2129/717 1196/2136/723 1183/2130/1243
f 1251/2207/1312 1133/2208/1313 1118/2210/1315 1119/2077/1192
f 1138/2176/1282 1139/2078/1193 1156/2081/1196 1164/2211/1316
f 1261/2212/1317 1149/2095/1210 1148/2110/1225 1251/2207/1312
f 1281/2213/1318 1150/2092/1207 1149/2095/1210 1261/2212/1317
f 1183/2130/1243 1196/2136/723 1202/2135/1246 1270/2214/1319
f 1151/2200/1306 1170/2195/1301 1169/2093/1208 1150/2092/1207
f 1277/2206/1311 1151/2200/1306 1150/2092/1207 1281/2213/1318
f 1149/2095/1210 1168/2094/1209 1167/2111/1226 1148/2110/1225
f 1190/2194/1300 1271/2119/1233 1169/2093/1208 1170/2195/1301
f 1168/2094/1209 1189/2120/1234 1257/2117/1231 1167/2111/1226
f 1121/2072/1187 1136/2071/1186 1120/2075/1190
f 1142/2076/1191 1120/2075/1190 1136/2071/1186 1280/2215/1320
f 1185/2125/1239 1184/2127/1241 1265/2216/1321 1260/2126/1240
f 1260/2126/1240 1265/2216/1321 1191/2122/1236 1262/2203/1308
f 1164/2217/1316 1259/2084/1199 1273/2086/1201 1278/2218/1322
f 1138/2176/1282 1164/2211/1316 1278/2219/1322 1137/2070/1185
f 1187/2143/1252 1228/2139/1248 1214/2138/1247
f 1209/2184/1290 1211/2185/1291 1162/2220/1323 1135/2079/1194 1139/2078/1193
f 1256/2197/1303 1156/2081/1196 1155/2099/1214
f 1140/2152/1260 1210/2154/1262 1217/2170/1277
f 1176/2142/1251 1269/2148/1221 1247/2221/1324 1248/2222/1325
f 1211/2185/1291 1282/2106/1221 1160/2107/1222 1162/2220/1323
f 1157/2149/1257 1269/2148/1221 1282/2106/1221 1211/2185/1291
f 1269/2148/1221 1246/2223/1326 1247/2221/1324
f 1269/2148/1221 1157/2149/1257 1245/2188/1294 1246/2223/1326
f 1177/2145/1254 1250/2224/1327 1241/2225/1328 1179/2226/1329
f 1220/2146/1255 1176/2142/1251 1248/2222/1325
f 1158/2151/1259 1244/2227/1330 1219/2187/1293 1157/2149/1257
f 1158/2151/1259 1243/2228/1331 1244/2227/1330
f 1249/2147/1256 1250/2224/1327 1177/2145/1254
f 1143/2229/1332 1188/2230/1333 1187/2143/1252 1145/2231/1334
f 1241/2225/1328 1242/2232/1335 1179/2226/1329
f 1242/2232/1335 1243/2228/1331 1158/2151/1259 1179/2226/1329
f 1141/2180/1286 1233/2233/1336 1232/2234/1337 1140/2152/1260
f 1140/2152/1260 1232/2234/1337 1231/2150/1258 1157/2149/1257
f 1187/2143/1252 1176/2142/1251 1199/2174/1280 1145/2231/1334
f 1144/2235/1338 1188/2230/1333 1143/2229/1332
f 1159/2236/1339 1233/2233/1336 1141/2180/1286
f 1102/2237/1340 1090/2044/1159 1306/2238/1341
f 1125/2058/1173 1110/2057/1172 1294/2239/1342
f 1292/2240/1343 1291/2241/1344 1300/2158/1177 1111/2157/1265
f 1299/2242/1345 1203/2027/1142 1297/2169/1276
f 1223/2243/1346 1094/2162/1269 1204/2164/1271
f 1129/2244/1347 2402/2245/1348 2403/2246/1349 2344/2247/1350 1314/2248/1351
f 1295/2249/1352 1096/2250/1353 2404/2251/1354
f 1303/2252/1355 1107/2253/1356 1106/2043/1158 1088/2035/1150 1221/2039/1154
f 1222/2163/1270 1206/2061/1176 1205/2064/1179
f 1102/2237/1340 1103/2045/1160 1090/2044/1159
f 1099/2037/1152 2400/2036/1151 2401/2254/1357 1131/2255/1358
f 1107/2253/1356 1303/2252/1355 1307/2256/1359
f 1301/2257/1360 1120/2075/1190 1119/2077/1192 1309/2258/1361
f 1119/2077/1192 1118/2210/1315 1101/2042/1157 1116/2041/1156
f 1305/2259/1362 1109/2060/1175 1108/2067/1182 1105/2260/1363 1104/2261/1364
f 1305/2259/1362 1115/2050/1165 1110/2057/1172 1109/2060/1175
f 1302/2262/1365 1121/2072/1187 1120/2075/1190 1301/2257/1360
f 1109/2060/1175 1123/2059/1174 1108/2067/1182
f 1306/2238/1341 1090/2044/1159 1089/2046/1161 1311/2263/1366
f 1304/2069/1184 1122/2068/1183 1121/2072/1187 1302/2262/1365
f 1104/2261/1364 1105/2260/1363 1103/2045/1160 1102/2237/1340
f 1130/2264/1367 1091/2049/1164 1099/2037/1152 1131/2255/1358
f 1129/2244/1347 1124/2265/1368 2152/2266/1369 2402/2245/1348
f 1097/2024/1139 1092/2023/1138 1091/2049/1164 1130/2264/1367
f 1096/2250/1353 1093/2022/1137 1312/2025/1140 1313/2267/1370
f 2404/2251/1354 1096/2250/1353 1313/2267/1370 2403/2268/1349
f 1207/2051/1166 1093/2022/1137 1096/2250/1353 1295/2249/1352
f 1126/2052/1167 1110/2057/1172 1115/2050/1165
f 1203/2027/1142 1299/2242/1345 1126/2052/1167 1127/2028/1143
f 1299/2242/1345 1294/2239/1342 1110/2057/1172 1126/2052/1167
f 2410/2166/1273 1296/2165/1272 1224/2026/1141 2409/2269/1371
f 1223/2243/1346 1296/2165/1272 2312/2168/1275 1284/2270/1372
f 2409/2269/1371 1224/2026/1141 1208/2029/1144 2408/2271/1373
f 1296/2165/1272 1223/2243/1346 1297/2169/1276 1224/2026/1141
f 1094/2162/1269 1223/2243/1346 1284/2270/1372 1285/2272/1374
f 1095/2273/1375 1094/2162/1269 1285/2272/1374 1286/2274/1376
f 2406/2275/1377 1098/2276/1378 2317/2277/1379 2405/2278/1380
f 1095/2273/1375 1288/2279/1381 1289/2159/1266 1111/2157/1265 1094/2162/1269
f 1098/2276/1378 1315/2280/1382 1287/2281/1383 2317/2277/1379
f 1315/2280/1382 1095/2273/1375 1286/2274/1376 1287/2281/1383
f 957/2282/1087 1244/2283/1330 1243/2284/1331 956/2285/1088
f 958/2286/1051 1219/2287/1293 1244/2288/1330 957/2289/1087
f 959/2290/1050 1245/2291/1294 1219/2292/1293 958/2293/1051
f 960/2294/1083 1246/2295/1326 1245/2296/1294 959/2297/1050
f 961/2298/1082 1247/2299/1324 1246/2300/1326 960/2301/1083
f 1021/2302/1084 1179/2303/1329 1158/2304/1259 888/2305/1015
f 962/2306/1081 1248/2307/1325 1247/2308/1324 961/2309/1082
f 881/1843/974 1146/2310/1198 1165/2311/1224 889/1795/927
f 963/2312/1013 1220/2313/1255 1248/2314/1325 962/2315/1081
f 964/2316/1012 1249/2317/1256 1220/2318/1255 963/2319/1013
f 965/2320/1086 1250/2321/1327 1249/2322/1256 964/2323/1012
f 1011/2324/980 1182/2325/1228 1163/2326/1219 1013/2327/971
f 896/2328/1011 1177/2329/1254 1179/2303/1329 1021/2302/1084
f 954/2330/1085 1241/2331/1328 1250/2332/1327 965/2333/1086
f 901/2334/995 1184/2335/1241 1183/2336/1243 900/2337/996
f 1012/2338/954 1161/2339/1206 1254/2340/1205 1014/2341/955
f 889/1795/927 1165/2311/1224 1180/2342/1230 897/1796/928
f 1085/2343/1136 1315/2344/1382 1098/2345/1378 1084/2346/1133
f 857/2347/1128 1095/2348/1375 1315/2344/1382 1085/2343/1136
f 864/2349/1020 1112/2350/1263 1283/2351/1268 1028/2352/1024
f 1022/2353/1030 2312/2354/1275 2411/2355/1274 2391/2356/1031
f 1014/2357/955 1254/2358/1205 1182/2325/1228 1011/2324/980
f 1023/2359/1125 1284/2360/1372 2312/2361/1275 1022/2362/1030
f 1024/2363/1127 1285/2364/1374 1284/2365/1372 1023/2366/1125
f 1025/2014/1129 1286/2367/1376 1285/2368/1374 1024/2012/1127
f 1026/2369/1135 1287/2370/1383 1286/2371/1376 1025/2372/1129
f 913/2373/1090 1145/2374/1334 1199/2375/1280 914/2376/1037
f 1027/2377/1132 2317/2378/1379 1287/2379/1383 1026/2380/1135
f 914/2381/1037 1199/2382/1280 1177/2383/1254 896/2384/1011
f 2392/2385/1131 2405/2386/1380 2317/2387/1379 1027/2388/1132
f 974/2389/964 1178/2390/1211 1263/2391/1314 989/2392/1071
f 904/2393/1002 1188/2394/1333 1144/2395/1338 915/2396/1094
f 1029/2397/1134 1288/2398/1381 1095/2399/1375 857/2400/1128
f 970/2401/990 1171/2402/1237 1191/2403/1236 968/2404/991
f 1030/2405/1023 1289/2406/1266 1288/2407/1381 1029/2408/1134
f 975/2409/1058 1190/2410/1300 1252/2411/1299 966/2412/1059
f 1031/1900/1025 1290/2413/1267 1289/2414/1266 1030/1898/1023
f 967/2415/1055 1253/2416/1298 1255/2417/1302 969/2418/1056
f 1028/2419/1024 1283/2420/1268 1290/2421/1267 1031/2422/1025
f 973/2423/1061 1258/2424/1304 1171/2425/1237 970/2426/990
f 1043/2427/1100 1291/2428/1344 1292/2429/1343 1032/2430/1099
f 1002/2431/963 1264/2432/1212 1178/2433/1211 974/2434/964
f 899/2435/1001 1202/2436/1246 1195/2437/722 971/2438/473
f 897/1796/928 1180/2342/1230 1193/2439/341 905/2440/344
f 1084/2346/1133 1098/2345/1378 2406/2441/1377 2388/2442/1130
f 1032/2443/1099 1292/2444/1343 1111/2445/1265 925/2446/1021
f 971/2447/473 1195/2448/722 1257/2449/1231 972/2450/986
f 2381/2451/1384 2396/2452/1385 2407/2453/1171 850/1753/887
f 925/2454/1021 1111/2455/1265 1128/2456/1264 1033/2457/1022
f 977/2458/993 1260/2459/1240 1262/2460/1308 979/2461/1065
f 968/2404/991 1191/2403/1236 1265/2462/1321 981/2463/1078
f 927/2464/916 1207/2465/1166 1295/2466/1352 926/2467/1107
f 981/2468/1078 1265/2469/1321 1184/2470/1241 901/2471/995
f 966/2472/1059 1252/2473/1299 1266/2474/1309 982/2475/1066
f 982/2476/1066 1266/2477/1309 1253/2416/1298 967/2415/1055
f 1035/2478/924 1205/2479/1179 1298/2480/1178 1045/2481/925
f 980/2482/968 1173/2483/1216 1192/2484/1238 978/2485/992
f 979/2461/1065 1262/2460/1308 1267/2486/1310 983/2487/1067
f 983/2488/1067 1267/2489/1310 1258/2490/1304 973/2491/1061
f 870/2492/915 1126/2493/1167 1207/2494/1166 927/2495/916
f 860/2496/907 1106/2497/1158 1107/2498/1356 861/2499/1111
f 1046/2500/922 1125/2501/1173 1294/2502/1342 1034/2503/1098
f 2393/2504/1126 2408/2505/1373 1208/2506/1144 871/2507/884
f 1039/2508/1101 1299/2509/1345 1297/2510/1276 1037/2511/1033
f 984/2512/967 1268/2513/1217 1173/2483/1216 980/2482/968
f 1038/2514/1027 1204/2515/1271 1222/2516/1270 1040/2517/1028
f 972/2518/986 1257/2519/1231 1189/2520/1234 976/2521/987
f 1037/2522/1033 1297/2523/1276 1223/2524/1346 1036/2525/1102
f 1036/1981/1102 1223/2526/1346 1204/2527/1271 1038/1902/1027
f 895/2528/970 1175/2529/1220 1260/2530/1240 977/2531/993
f 926/2532/1107 1295/2533/1352 2404/2534/1354 2387/2535/1108
f 978/2536/992 1192/2537/1238 1175/2538/1220 895/2539/970
f 1034/2540/1098 1294/2541/1342 1299/2542/1345 1039/2543/1101
f 900/2544/996 1183/2545/1243 1270/2546/1319 987/2547/1076
f 1040/2548/1028 1222/2549/1270 1205/2550/1179 1035/2551/924
f 987/2552/1076 1270/2553/1319 1202/2554/1246 899/2555/1001
f 1044/2556/926 1300/2557/1177 1291/2428/1344 1043/2427/1100
f 976/2521/987 1189/2520/1234 1271/2558/1233 988/2559/988
f 910/2560/1042 1215/2561/1285 1140/2562/1260 929/2563/1017
f 869/2564/933 1122/2565/1183 1123/2566/1174 1042/2567/921
f 988/2568/988 1271/2569/1233 1190/2570/1300 975/2571/1058
f 929/2572/1017 1140/2573/1260 1216/2574/1284 911/2575/1041
f 850/1753/887 2407/2453/1171 1100/2576/1170 858/1754/888
f 1042/2577/921 1123/2578/1174 1125/2501/1173 1046/2500/922
f 916/2579/1034 1217/2580/1277 1218/2581/1277 918/2582/1034
f 872/2583/926 1293/2584/1177 1300/2557/1177 1044/2556/926
f 880/2585/1043 1141/2586/1286 1215/2587/1285 910/2588/1042
f 1045/2589/925 1298/2590/1178 1293/2584/1177 872/2583/926
f 1073/2591/1112 1131/2592/1358 2401/2593/1357 2395/2594/902
f 969/2595/1056 1255/2596/1302 1276/2597/1305 1001/2598/1062
f 1076/2599/903 2152/2600/1369 1124/2601/1368 1075/2602/1122
f 1041/2603/885 1127/2604/1143 1126/2605/1167 870/2606/915
f 998/2607/951 1273/2608/1201 1152/2609/1213 997/2610/962
f 1033/2611/1022 1128/2612/1264 1112/2350/1263 864/2349/1020
f 1000/2613/1054 1275/2614/1296 1277/2615/1311 1004/2616/1068
f 871/2507/884 1208/2506/1144 1127/2604/1143 1041/2603/885
f 858/1754/888 1100/2576/1170 1117/2617/1181 865/1850/981
f 996/2618/1063 1272/2619/1307 1274/2620/1295 999/2621/1052
f 997/2622/962 1152/2623/1213 1264/2624/1212 1002/2625/963
f 1075/2602/1122 1124/2601/1368 1129/2626/1347 1071/2627/1103
f 1001/2628/1062 1276/2629/1305 1272/2630/1307 996/2631/1063
f 1072/1747/881 1097/2632/1139 1130/2633/1367 1074/2005/1121
f 993/2634/1060 1256/2635/1303 1154/2636/1218 992/2637/966
f 1074/2005/1121 1130/2633/1367 1131/2638/1358 1073/1991/1112
f 1056/1989/1110 1303/2639/1355 1221/2640/1154 1048/1764/898
f 1005/2641/1079 1278/2642/1322 1273/2608/1201 998/2607/951
f 911/2643/1041 1216/2644/1284 1217/2580/1277 916/2579/1034
f 1049/2645/909 1089/2646/1161 1103/2647/1160 1057/2648/910
f 877/2649/936 1137/2650/1185 1278/2651/1322 1005/2652/1079
f 919/2653/1038 1225/2654/1281 1226/2655/1283 917/2656/1039
f 1009/2657/946 1134/2658/1195 1135/2659/1194 1016/2660/947
f 1063/2661/900 1099/2662/1152 1091/2663/1164 1053/2664/911
f 1006/2665/1053 1279/2666/1297 1275/2667/1296 1000/2668/1054
f 917/2669/1039 1226/2670/1283 1122/2671/1183 869/2672/933
f 876/2673/935 1136/2674/1186 1137/2675/1185 877/2676/936
f 1052/1975/1096 1102/2677/1340 1306/2678/1341 1062/1976/1097
f 999/2679/1052 1274/2680/1295 1279/2681/1297 1006/2682/1053
f 1058/2683/931 1108/2684/1182 1304/2685/1184 1059/2686/932
f 991/2687/950 1259/2688/1199 1164/2689/1316 994/2690/1073
f 861/2691/1111 1107/2692/1356 1307/2693/1359 1064/2694/1113
f 990/2695/1074 1261/2696/1317 1251/2697/1312 995/2698/1069
f 937/2699/1044 1227/2700/1287 1187/2701/1252 935/2702/1003
f 1064/2703/1113 1307/2704/1359 1303/2705/1355 1056/2706/1110
f 992/2637/966 1154/2636/1218 1268/2707/1217 984/2708/967
f 1053/2709/911 1091/2710/1164 1308/2711/1163 1065/2712/912
f 989/2713/1071 1263/2714/1314 1259/2688/1199 991/2687/950
f 939/2715/1007 1229/2716/1249 1228/2717/1248 921/2718/1008
f 1065/2719/912 1308/2720/1163 1114/2721/1162 1061/2722/913
f 1003/2723/942 1119/2724/1192 1142/2725/1191 875/2726/943
f 920/2727/997 1200/2728/1244 1201/2729/1245 938/2730/998
f 1060/1998/1116 1305/2731/1362 1104/2732/1364 1066/1999/1117
f 995/2733/1069 1251/2734/1312 1119/2735/1192 1003/2736/942
f 921/2718/1008 1228/2717/1248 1227/2737/1287 937/2738/1044
f 915/2739/1094 1144/2740/1338 1143/2741/1332 912/2742/1089
f 1066/2743/1117 1104/2744/1364 1102/2745/1340 1052/2746/1096
f 909/2747/464 1198/2748/1242 1200/2728/1244 920/2727/997
f 912/2749/1089 1143/2750/1332 1145/2751/1334 913/2752/1090
f 1057/2753/910 1103/2754/1160 1105/2755/1363 1067/2756/1118
f 865/1850/981 1117/2617/1181 1132/2757/1189 873/1851/982
f 1067/2756/1118 1105/2755/1363 1108/2684/1182 1058/2683/931
f 1007/2758/1077 1280/2759/1320 1136/2760/1186 876/2761/935
f 1003/2762/942 1119/2763/1192 1116/2764/1156 1051/2765/905
f 875/2766/943 1142/2767/1191 1280/2768/1320 1007/2769/1077
f 888/2770/1015 1158/2771/1259 1231/2772/1258 941/2773/1016
f 1054/2774/1114 1301/2775/1360 1309/2776/1361 1068/2777/1115
f 1008/2778/1075 1281/2779/1318 1261/2780/1317 990/2781/1074
f 941/2782/1016 1231/2783/1258 1232/2784/1337 942/2785/1092
f 1068/2786/1115 1309/2787/1361 1119/2788/1192 1003/2789/942
f 1004/2790/1068 1277/2791/1311 1281/2792/1318 1008/2793/1075
f 942/2794/1092 1232/2795/1337 1233/2796/1336 943/2797/1093
f 1051/2798/905 1116/2799/1156 1113/2800/1155 1050/2801/906
f 1016/2802/947 1135/2803/1194 1162/2804/1323 1010/2805/1080
f 943/2806/1093 1233/2807/1336 1159/2808/1339 940/2809/1095
f 1061/2810/913 1114/2811/1162 1115/2812/1165 1047/2813/914
f 944/2814/1045 1234/2815/1288 1229/2716/1249 939/2715/1007
f 1047/1780/914 1115/2816/1165 1305/2731/1362 1060/1998/1116
f 938/2730/998 1201/2729/1245 1213/2817/1203 934/2818/957
f 1055/2003/1119 1302/2819/1365 1301/2775/1360 1054/2774/1114
f 946/2820/1006 1230/2821/1250 1234/2822/1288 944/2823/1045
f 1050/2824/906 1113/2825/1155 1106/2497/1158 860/2496/907
f 934/2818/957 1213/2817/1203 1235/2826/1289 947/2827/1046
f 940/2828/1095 1159/2829/1339 1141/2586/1286 880/2585/1043
f 1048/2830/898 1221/2831/1154 1310/2832/1153 1069/2833/899
f 947/2827/1046 1235/2826/1289 1176/2834/1251 933/2835/1009
f 1069/2836/899 1310/2837/1153 1099/2838/1152 1063/2839/900
f 933/2840/1009 1176/2841/1251 1236/2842/1253 948/2843/1010
f 873/1851/982 1132/2757/1189 1146/2310/1198 881/1843/974
f 1062/1976/1097 1306/2678/1341 1311/2844/1366 1070/2002/1120
f 948/2843/1010 1236/2842/1253 1214/2845/1247 945/2846/1005
f 1070/2847/1120 1311/2848/1366 1089/2849/1161 1049/2850/909
f 945/2846/1005 1214/2845/1247 1230/2821/1250 946/2820/1006
f 1015/2851/973 1160/2852/1222 1161/2339/1206 1012/2338/954
f 1059/1800/932 1304/2853/1184 1302/2819/1365 1055/2003/1119
f 918/2582/1034 1218/2581/1277 1237/2854/1279 950/2855/1036
f 1010/2805/1080 1162/2804/1323 1160/2852/1222 1015/2851/973
f 2395/2856/902 2401/2857/1357 2152/2600/1369 1076/2599/903
f 1013/2858/971 1163/2859/1219 1134/2860/1195 1009/2861/946
f 1077/1746/880 1312/2862/1140 1097/2632/1139 1072/1747/881
f 928/2863/1047 1209/2864/1290 1225/2865/1281 919/2866/1038
f 1078/2007/1123 1313/2867/1370 1312/2862/1140 1077/1746/880
f 950/2868/1036 1237/2869/1279 1238/2870/1278 951/2871/1035
f 2394/2872/1106 2403/2873/1349 1313/2874/1370 1078/2875/1123
f 952/2876/1048 1239/2877/1292 1209/2864/1290 928/2863/1047
f 1079/2878/1105 2344/2879/1350 2403/2880/1349 2394/2881/1106
f 931/2882/1014 1157/2883/1257 1239/2877/1292 952/2876/1048
f 1080/2884/1104 1314/2885/1351 2344/2879/1350 1079/2878/1105
f 887/2886/945 1156/2887/1196 1256/2888/1303 993/2889/1060
f 953/2890/1019 1240/2891/1261 1157/2892/1257 931/2893/1014
f 1071/2627/1103 1129/2626/1347 1314/2885/1351 1080/2884/1104
f 949/2894/1018 1210/2895/1262 1240/2891/1261 953/2890/1019
f 994/2896/1073 1164/2897/1316 1156/2898/1196 887/2899/945
f 951/2871/1035 1238/2870/1278 1210/2895/1262 949/2894/1018
f 955/2900/1091 1242/2901/1335 1241/2902/1328 954/2903/1085
f 956/2904/1088 1243/2905/1331 1242/2906/1335 955/2907/1091
f 1181/2118/1232 1194/2202/785 1330/2133/340 1329/2115/1229
f 1166/2112/700 1181/2118/1232 1329/2115/1229 1328/2108/1223
f 1147/2113/1227 1166/2112/700 1328/2108/1223 1327/2082/1197
f 1133/2208/1313 1147/2113/1227 1327/2082/1197 1326/2073/1188
f 1118/2210/1315 1133/2208/1313 1326/2073/1188 1325/2065/1180
f 1101/2042/1157 1118/2210/1315 1325/2065/1180 1324/2054/1169
f 1086/2032/1147 1101/2042/1157 1324/2054/1169 2414/2053/1168
f 2397/2033/1148 1086/2032/1147 2414/2053/1168 2413/2908/1386
f 898/1854/985 1322/2909/917 1323/2910/383 906/1941/537
f 890/1847/978 1321/2911/1387 1322/2909/917 898/1854/985
f 882/1846/977 1320/2912/1388 1321/2911/1387 890/1847/978
f 874/1948/1070 1319/2913/1389 1320/2912/1388 882/1846/977
f 866/1951/1072 1318/2914/999 1319/2913/1389 874/1948/1070
f 859/1997/904 1317/2915/948 1318/2914/999 866/1951/1072
f 851/1759/893 1316/2916/937 1317/2917/948 859/1770/904
f 2382/1758/892 2412/2918/938 1316/2916/937 851/1759/893
f 2416/2919/939 2415/2920/1390 1331/2921/890 1339/2922/940
f 1339/2922/940 1331/2921/890 1332/2923/889 1340/2924/949
f 1340/2925/949 1332/2926/889 1333/2927/984 1341/2928/1000
f 1341/2928/1000 1333/2927/984 1334/2929/983 1342/2930/1391
f 1342/2930/1391 1334/2929/983 1335/2931/975 1343/2932/1392
f 1343/2932/1392 1335/2931/975 1336/2933/930 1344/2934/1393
f 1344/2934/1393 1336/2933/930 1337/2935/929 1345/2936/918
f 1345/2936/918 1337/2935/929 1338/2937/872 1346/2938/384
f 1322/2939/917 1321/2940/1387 1344/2941/1393 1345/2942/918
f 873/1851/982 881/1843/974 1335/1844/975 1334/1852/983
f 1321/2940/1387 1320/2943/1388 1343/2944/1392 1344/2941/1393
f 1320/2943/1388 1319/2945/1389 1342/2946/1391 1343/2944/1392
f 897/1796/928 905/2440/344 1338/2947/872 1337/1797/929
f 2381/2451/1384 850/1753/887 1331/1756/890 2415/2948/1390
f 1319/2945/1389 1318/1870/999 1341/1871/1000 1342/2946/1391
f 858/1754/888 865/1850/981 1333/1853/984 1332/1755/889
f 935/2949/1003 1187/2950/1252 1348/2951/874 1349/2952/873 936/2953/1004
f 1188/2230/1333 1347/2954/875 1348/2955/874 1187/2143/1252
f 936/2956/1004 1349/2957/873 1347/2958/875 1188/2959/1333 904/2960/1002
f 1352/2961/1394 1351/2962/1395 2221/2963/1396 2361/2964/1397
f 1350/2965/1398 1932/2966/1399 2221/2967/1396 1351/2968/1395
f 1359/2969/1400 1574/2970/1401 1569/2971/1402 1358/2972/1403
f 1580/2973/1404 1374/2974/1405 1538/2975/1406 1420/2976/1407
f 1353/2977/1408 1361/2978/1409 1825/2979/1410 1824/2980/1411
f 1840/484/357 1839/487/360 1354/2981/1412 1355/2982/1413
f 1841/488/361 1840/484/357 1355/2982/1413 1356/2983/1414
f 1842/490/363 1841/488/361 1356/2983/1414 1545/2984/1415 1566/2985/1416 1560/2986/1417
f 1843/494/367 1852/496/369 1573/2987/1418
f 1355/2982/1413 1354/2981/1412 1362/2988/1419 1548/2989/1420 1547/2990/1421
f 1356/2983/1414 1355/2982/1413 1547/2990/1421 1363/2991/1422
f 1357/2992/1423 1546/2993/1424 1554/2994/1425
f 1358/2972/1403 1550/2995/1426 1562/2996/1427 1558/2997/1428
f 1359/2969/1400 1358/2972/1403 1558/2997/1428 1544/2998/1429
f 1544/2998/1429 1373/2999/1430 1425/3000/1431 1359/2969/1400
f 2354/3001/1432 1817/3002/1433 1837/3003/1434 2377/3004/1435
f 1366/3005/1436 1365/3006/1437 1539/3007/1438 1543/3008/1439
f 1422/3009/1440 1532/3010/1441 1542/3011/1442 1375/3012/1443
f 1392/3013/1444 1400/3014/1445 1830/3015/1446 1829/3016/1447
f 1555/3017/1448 1556/3018/1449 1372/3019/1450 1539/3007/1438
f 1372/3019/1450 1371/3020/1451 1379/3021/1452 1380/3022/1453
f 1811/3023/1454 1869/3024/408 1873/1699/407 1831/3025/1455
f 1370/3026/1456 1500/3027/1457 1378/3028/1458
f 1382/3029/1459 1390/3030/1460 1506/3031/1461 1513/3032/1462
f 1812/3033/1463 1811/3034/1454 1831/3035/1455 1832/3036/1464
f 1488/3037/1465 1495/3038/1466 1388/3039/1467
f 1430/3040/1468 1509/3041/1469 1511/3042/1470 1406/3043/1471 1432/3044/1472
f 1514/3045/1473 1386/3046/1474 1394/3047/1475 1515/3048/1476
f 1388/3039/1467 1494/3049/1477 1499/3050/1478 1471/3051/1479
f 1389/3052/1480 1489/3053/1481 1481/3054/1482 1477/3055/1483 1397/3056/1484
f 1390/3030/1460 1389/3052/1480 1397/3056/1484 1398/3057/1485 1510/3058/1486
f 1483/3059/1487 1512/3060/1488 1509/3041/1469 1430/3040/1468
f 1384/3061/1489 1392/3013/1444 1829/3016/1447 1828/3062/1490
f 1516/3063/1491 1385/3064/1492 1393/3065/1493 1517/3066/1494
f 1406/3043/1471 1511/3042/1470 1508/3067/1495 1398/3057/1485
f 1368/3068/1496 1376/3069/1497 1827/3070/1498 1826/3071/1499
f 1517/3066/1494 1393/3065/1493 1401/3072/1500 1469/3073/1501
f 1515/3048/1476 1394/3047/1475 1473/3074/1502 1485/3075/1503
f 1396/3076/1504 1468/3077/1505 1466/3078/1506
f 1397/3056/1484 1477/3055/1483 1475/3079/1507
f 1398/3057/1485 1474/3080/1508 1405/3081/1509 1406/3043/1471
f 1404/3082/1510 1403/3083/1511 1935/3084/1512 1936/3085/1513
f 1405/3081/1509 1404/3082/1510 1936/3085/1513 1418/3086/1514
f 1406/3043/1471 1405/3081/1509 1418/3086/1514 1436/3087/1515
f 1813/3088/1516 1812/3033/1463 1832/3036/1464 1833/3089/1517
f 1402/3090/1518 1998/3091/1519 1934/3092/1520
f 1407/3093/1521 1433/3094/1522 1434/3095/1523
f 1443/3096/1524 1444/3097/1525 1437/3098/1526 1419/3099/1527
f 1431/3100/1528 1446/3101/1529 1443/3096/1524 1433/3094/1522
f 1399/3102/1530 1462/3103/1531 1461/3104/1532 1431/3100/1528
f 1482/3105/1487 1483/3059/1487 1430/3040/1468 1431/3100/1528
f 1429/3106/1533 1391/3107/1534 1439/3108/1535
f 1427/3109/1536 1447/3110/1537 1451/3111/1538 1429/3106/1533
f 1367/3112/1539 1423/3113/1540 1530/3114/1541
f 1423/3113/1540 1422/3009/1440 1375/3012/1443 1541/3115/1443
f 1527/3116/1542 1423/3113/1540 1367/3112/1539 1525/3117/1543 1528/3118/1544
f 1421/3119/1545 1535/3120/1546 1537/3121/1547 1422/3009/1440 1423/3113/1540
f 1579/3122/1548 1519/3123/1549 1848/638/503 1847/637/502
f 1580/2973/1404 1420/2976/1407 1534/3124/1550
f 1414/3125/1551 1416/3126/1551 1449/3127/1552 1447/3110/1537
f 1416/3126/1551 1448/3128/1553 1449/3127/1552
f 1431/3100/1528 1412/3129/1554 1399/3102/1530
f 1417/3130/1555 1415/3131/1556 1381/3132/1557 1382/3029/1459
f 1415/3131/1556 1372/3019/1450 1380/3022/1453 1381/3132/1557
f 1427/3109/1536 1409/3133/1558 1414/3125/1551
f 1408/3134/1559 1427/3109/1536 1383/3135/1560
f 1435/3136/1561 1433/3094/1522 1419/3099/1527
f 1444/3097/1525 1442/3137/1562 1437/3098/1526
f 1436/3087/1515 1432/3044/1472 1406/3043/1471
f 1432/3044/1472 1445/3138/1563 1431/3100/1528 1430/3040/1468
f 1426/3139/1564 1417/3130/1555 1382/3029/1459
f 1429/3106/1533 1450/3140/1565 1426/3139/1564 1428/3141/1566
f 1429/3106/1533 1457/3142/1567 1456/3143/1568
f 1496/3144/1569 1503/3145/1570 1497/3146/1571
f 1465/3147/1572 1467/3148/1573 1395/3149/1574 1472/3150/1575 1464/3151/1576
f 1490/3152/1577 1489/3053/1481 1389/3052/1480
f 1470/3153/1578 1468/3077/1505 1396/3076/1504
f 1498/3154/1579 1493/3155/1580 1387/3156/1581 1395/3149/1574 1467/3148/1573
f 1469/3073/1501 1401/3072/1500 1933/3157/1582 1998/3091/1519
f 1476/3158/1583 1396/3076/1504 1466/3078/1506
f 1495/3038/1466 1494/3049/1477 1388/3039/1467
f 1464/3151/1576 1479/3159/1584 1465/3147/1572
f 1476/3158/1583 1480/3160/1585 1470/3153/1578 1396/3076/1504
f 1510/3058/1486 1506/3031/1461 1390/3030/1460
f 1497/3146/1571 1501/3161/1586 1387/3156/1581 1493/3155/1580 1496/3144/1569
f 1475/3079/1507 1398/3057/1485 1397/3056/1484
f 1492/3162/1587 1377/3163/1588 1385/3064/1492 1516/3063/1491
f 1508/3067/1495 1510/3058/1486 1398/3057/1485
f 1486/3164/1589 1488/3037/1465 1388/3039/1467 1471/3051/1479
f 1935/3084/1512 1403/3083/1511 1934/3092/1520
f 1492/3162/1587 1500/3027/1457 1369/3165/1590 1377/3163/1588
f 1381/3132/1557 1491/3166/1591 1390/3030/1460 1382/3029/1459
f 1487/3167/1592 1492/3162/1587 1516/3063/1491 1386/3046/1474
f 1505/3168/1593 1487/3167/1592 1386/3046/1474 1514/3045/1473
f 1403/3083/1511 1484/3169/1594 1402/3090/1518 1934/3092/1520
f 1387/3156/1581 1514/3045/1473 1515/3048/1476 1395/3149/1574
f 1501/3161/1586 1505/3168/1593 1514/3045/1473 1387/3156/1581
f 1386/3046/1474 1516/3063/1491 1517/3066/1494 1394/3047/1475
f 1472/3150/1575 1395/3149/1574 1515/3048/1476 1485/3075/1503
f 1394/3047/1475 1517/3066/1494 1469/3073/1501 1473/3074/1502
f 1371/3020/1451 1370/3026/1456 1379/3021/1452
f 1378/3028/1458 1504/3170/1595 1379/3021/1452 1370/3026/1456
f 1405/3081/1509 1474/3080/1508 1478/3171/1596 1404/3082/1510
f 1474/3080/1508 1476/3158/1583 1466/3078/1506 1478/3171/1596
f 1491/3166/1591 1502/3172/1597 1495/3038/1466 1488/3037/1465
f 1381/3132/1557 1380/3022/1453 1502/3172/1597 1491/3166/1591
f 1433/3094/1522 1443/3096/1524 1419/3099/1527
f 1426/3139/1564 1382/3029/1459 1513/3032/1462 1507/3173/1598 1428/3141/1566
f 1490/3152/1577 1389/3052/1480 1390/3030/1460
f 1427/3109/1536 1414/3125/1551 1447/3110/1537
f 1431/3100/1528 1460/3174/1599 1459/3175/1600 1482/3105/1487
f 1428/3141/1566 1507/3173/1598 1512/3060/1488 1483/3059/1487
f 1429/3106/1533 1428/3141/1566 1483/3059/1487 1482/3105/1487
f 1482/3105/1487 1459/3175/1600 1458/3176/1601
f 1482/3105/1487 1458/3176/1601 1457/3142/1567 1429/3106/1533
f 1399/3102/1530 1518/3177/1602 1452/3178/1603 1463/3179/1604
f 1461/3104/1532 1460/3174/1599 1431/3100/1528
f 1391/3107/1534 1429/3106/1533 1456/3143/1568 1455/3180/1605
f 1391/3107/1534 1455/3180/1605 1454/3181/1606
f 1462/3103/1531 1399/3102/1530 1463/3179/1604
f 1410/3182/1607 1411/3183/1608 1433/3094/1522 1407/3093/1521
f 1452/3178/1603 1518/3177/1602 1453/3184/1609
f 1453/3184/1609 1518/3177/1602 1391/3107/1534 1454/3181/1606
f 1383/3135/1560 1427/3109/1536 1440/3185/1610 1441/3186/1611
f 1427/3109/1536 1429/3106/1533 1439/3108/1535 1440/3185/1610
f 1433/3094/1522 1411/3183/1608 1412/3129/1554 1431/3100/1528
f 1413/3187/1612 1410/3182/1607 1407/3093/1521
f 1438/3188/1613 1383/3135/1560 1441/3186/1611
f 1549/3189/1614 1559/3190/1615 1357/2992/1423
f 1543/3008/1439 1531/3191/1616 1366/3005/1436
f 1529/3192/1617 1423/3113/1540 1541/3115/1443 1540/3193/1618
f 1536/3194/1619 1534/3124/1550 1420/2976/1407
f 1533/3195/1620 1535/3120/1546 1421/3119/1545
f 1568/3196/1621 1577/3197/1622 1576/3198/1623 1851/728/577 1843/494/367
f 1424/3199/1624 1844/733/582 1578/3200/1625
f 1553/3201/1626 1545/2984/1415 1356/2983/1414 1363/2991/1422 1364/3202/1627
f 1537/3121/1547 1532/3010/1441 1422/3009/1440
f 1549/3189/1614 1357/2992/1423 1554/2994/1425
f 1560/2986/1417 1570/3203/1628 1852/736/369 1842/490/363
f 1364/3202/1627 1561/3204/1629 1553/3201/1626
f 1551/3205/1630 1565/3206/1631 1500/3027/1457 1370/3026/1456
f 1500/3027/1457 1548/2989/1420 1362/2988/1419 1369/3165/1590
f 1557/3207/1632 1563/3208/1633 1564/3209/1634 1555/3017/1448 1365/3006/1437
f 1557/3207/1632 1365/3006/1437 1366/3005/1436 1544/2998/1429
f 1552/3210/1635 1551/3205/1630 1370/3026/1456 1371/3020/1451
f 1365/3006/1437 1555/3017/1448 1539/3007/1438
f 1559/3190/1615 1567/3211/1636 1546/2993/1424 1357/2992/1423
f 1556/3018/1449 1552/3210/1635 1371/3020/1451 1372/3019/1450
f 1563/3208/1633 1549/3189/1614 1554/2994/1425 1564/3209/1634
f 1571/3212/1637 1570/3203/1628 1560/2986/1417 1550/2995/1426
f 1568/3196/1621 1843/494/367 1573/2987/1418 1572/3213/1638
f 1569/2971/1402 1571/3212/1637 1550/2995/1426 1358/2972/1403
f 1578/3200/1625 1575/3214/1639 1574/2970/1401 1359/2969/1400
f 1844/733/582 1851/754/577 1575/3214/1639 1578/3200/1625
f 1425/3000/1431 1424/3199/1624 1578/3200/1625 1359/2969/1400
f 1373/2999/1430 1544/2998/1429 1366/3005/1436
f 1420/2976/1407 1538/2975/1406 1373/2999/1430 1536/3194/1619
f 1536/3194/1619 1373/2999/1430 1366/3005/1436 1531/3191/1616
f 1847/637/502 1846/755/597 1580/2973/1404 1579/3122/1548
f 1533/3195/1620 1520/3215/1640 1519/3123/1549 1579/3122/1548
f 1846/755/597 1850/757/599 1374/2974/1405 1580/2973/1404
f 1579/3122/1548 1580/2973/1404 1534/3124/1550 1533/3195/1620
f 1421/3119/1545 1521/3216/1641 1520/3215/1640 1533/3195/1620
f 1360/3217/1642 1522/3218/1643 1521/3216/1641 1421/3119/1545
f 1845/761/603 1849/764/606 1524/3219/1644 1581/3220/1645
f 1360/3217/1642 1421/3119/1545 1423/3113/1540 1527/3116/1542 1526/3221/1646
f 1581/3220/1645 1524/3219/1644 1523/3222/1647 1582/3223/1648
f 1582/3223/1648 1523/3222/1647 1522/3218/1643 1360/3217/1642
f 1590/3224/1649 1589/3225/1650 1594/3226/1651 1806/3227/1652
f 1716/3228/1653 1695/3229/1654 1625/3230/1655 1700/3231/1656
f 1855/776/618 1584/3232/1657 1583/3233/1658 1854/777/619
f 1856/780/622 1585/3234/1659 1584/3232/1657 1855/776/618
f 1857/782/624 1596/3235/1660 1804/3236/1661 1713/3237/1662 1585/3234/1659 1856/780/622
f 1859/3238/829 1622/3239/846 1858/3240/836
f 1584/3232/1657 1610/3241/1663 1613/3242/1664 1598/3243/1665 1583/3233/1658
f 1585/3234/1659 1603/3244/1666 1610/3241/1663 1584/3232/1657
f 1587/3245/1667 1600/3246/1668 1586/3247/1669
f 1589/3225/1650 1611/3248/1670 1802/3249/1671 1588/3250/1672
f 1590/3224/1649 1612/3251/1673 1611/3248/1670 1589/3225/1650
f 1612/3251/1673 1590/3224/1649 1699/3252/1674 1624/3253/1675
f 1871/799/641 1818/3254/1676 1597/3255/1677 1864/800/642
f 1607/3256/1678 1623/3257/1679 1620/3258/1680 1606/3259/1681
f 1698/3260/1682 1787/3261/1683 1792/3262/1684 1697/3263/1685
f 1818/3254/1676 1819/3264/1686 1614/3265/1687 1597/3255/1677
f 1605/3266/1688 1620/3258/1680 1619/3267/1689 1798/3268/1690
f 1619/3267/1689 1635/3269/1691 1634/3270/1692 1618/3271/1693
f 1819/3264/1686 1820/3272/1694 1630/3273/1695 1614/3265/1687
f 1617/3274/1696 1640/3275/1697 1616/3276/1698
f 1637/3277/1699 1633/3278/1700 1632/3279/1701 1654/3280/1702
f 1820/3272/1694 1821/3281/1703 1644/3282/1704 1630/3273/1695
f 1751/3283/1705 1651/3284/1706 1765/3285/1707
f 1704/3286/1708 1705/3287/1709 1683/3288/1710 1746/3289/1711 1659/3290/1712
f 1648/3291/1713 1666/3292/1714 1665/3293/1715 1647/3294/1716
f 1651/3284/1706 1675/3295/1717 1756/3296/1718 1650/3297/1719
f 1653/3298/1720 1671/3299/1721 1670/3300/1722 1760/3301/1723 1652/3302/1724
f 1654/3280/1702 1661/3303/1725 1672/3304/1726 1671/3299/1721 1653/3298/1720
f 1774/3305/1727 1704/3286/1708 1659/3290/1712 1658/3306/1728
f 1821/3281/1703 1822/3307/1729 1663/3308/1730 1644/3282/1704
f 1646/3309/1731 1664/3310/1732 2194/3311/1733 1645/3312/1734
f 1683/3288/1710 1672/3304/1726 1679/3313/1735 1746/3289/1711
f 1822/3307/1729 1823/3314/1736 1677/3315/1737 1663/3308/1730
f 1664/3310/1732 1749/3316/1738 1678/3317/1739 2194/3311/1733
f 1666/3292/1714 1763/3318/1740 1686/3319/1741 1665/3293/1715
f 1669/3320/1742 1688/3321/1743 1668/3322/1744
f 1671/3299/1721 1689/3323/1745 1670/3300/1722
f 1672/3304/1726 1683/3288/1710 1682/3324/1746 1752/3325/1747
f 1681/3326/1748 1690/3327/1749 2225/3328/1750 1680/3329/1751
f 1682/3330/1746 1692/3331/1752 1690/3327/1749 1681/3326/1748
f 1683/3332/1710 1693/3333/1753 1692/3331/1752 1682/3330/1746
f 1823/3314/1736 2361/3334/1397 2221/3335/1396 1677/3315/1737
f 1694/3336/1754 2224/3337/1755 2223/3338/1756
f 1706/3339/1757 1720/3340/1758 1721/3341/1759 1722/3342/1760
f 1673/3343/1761 1684/3344/1762 1706/3345/1757 1728/3346/1763
f 1674/3347/1764 1673/3343/1761 1712/3348/1765 1741/3349/1766
f 1761/3350/1727 1673/3343/1761 1704/3286/1708 1774/3305/1727
f 1655/3351/1767 1723/3352/1768 1656/3353/1769
f 1638/3354/1770 1655/3351/1767 1732/3355/1771 1702/3356/1772
f 1609/3357/1773 1626/3358/1774 1608/3359/1775
f 1608/3359/1775 1794/3360/1683 1787/3261/1683 1698/3260/1682
f 1783/3361/1776 1784/3362/1777 1775/3363/1778 1609/3357/1773 1608/3359/1775
f 1591/3364/1779 1608/3359/1775 1698/3260/1682 1714/3365/1780 1696/3366/1781
f 1790/3367/1782 1867/1037/752 1868/3368/751 1776/1041/750
f 1716/3228/1653 1791/3369/1783 1695/3229/1654
f 1709/3370/1784 1702/3356/1772 1730/3371/1785 1710/3372/1784
f 1710/3372/1784 1730/3371/1785 1729/3373/1786
f 1673/3343/1761 1674/3347/1764 1691/3374/1787
f 1717/3375/1788 1637/3277/1699 1636/3376/1789 1718/3377/1790
f 1718/3377/1790 1636/3376/1789 1635/3269/1691 1619/3267/1689
f 1638/3354/1770 1709/3370/1784 1708/3378/1791
f 1707/3379/1792 1639/3380/1793 1638/3354/1770
f 1719/3381/1794 1720/3340/1758 1684/3382/1762
f 1722/3342/1760 1721/3341/1759 1726/3383/1795
f 1693/3333/1753 1683/3332/1710 1705/3384/1709
f 1705/3287/1709 1704/3286/1708 1673/3343/1761 1727/3385/1796
f 1701/3386/1797 1637/3277/1699 1717/3375/1788
f 1655/3351/1767 1703/3387/1798 1701/3386/1797 1731/3388/1799
f 1655/3351/1767 1711/3389/1800 1737/3390/1801
f 1766/3391/1802 1767/3392/1803 1771/3393/1804
f 1745/3394/1805 1744/3395/1806 1687/3396/1807 1667/3397/1808 1747/3398/1809
f 1748/3399/1810 1653/3298/1720 1652/3302/1724
f 1750/3400/1811 1669/3320/1742 1668/3322/1744
f 1768/3401/1812 1747/3398/1809 1667/3397/1808 1649/3402/1813 1764/3403/1814
f 1749/3316/1738 2223/3404/1756 2222/3405/1815 1678/3317/1739
f 1754/3406/1816 1688/3321/1743 1669/3320/1742
f 1765/3285/1707 1651/3284/1706 1650/3297/1719
f 1744/3395/1806 1745/3394/1805 1758/3407/1817
f 1754/3406/1816 1669/3320/1742 1750/3400/1811 1759/3408/1818
f 1661/3303/1725 1654/3280/1702 1632/3279/1701
f 1767/3392/1803 1766/3391/1802 1764/3403/1814 1649/3402/1813 1769/3409/1819
f 1689/3323/1745 1671/3299/1721 1672/3304/1726
f 1743/3410/1820 1646/3309/1731 1645/3312/1734 1631/3411/1821
f 1679/3313/1735 1672/3304/1726 1661/3303/1725
f 1755/3412/1822 1675/3295/1717 1651/3284/1706 1751/3283/1705
f 2225/3413/1750 2224/3337/1755 1680/3414/1751
f 1743/3410/1820 1631/3411/1821 1615/3415/1823 1616/3276/1698
f 1636/3376/1789 1637/3277/1699 1654/3280/1702 1662/3416/1824
f 1753/3417/1825 1647/3294/1716 1646/3309/1731 1743/3410/1820
f 1773/3418/1826 1648/3291/1713 1647/3294/1716 1753/3417/1825
f 1680/3414/1751 2224/3337/1755 1694/3336/1754 1762/3419/1827
f 1649/3402/1813 1667/3397/1808 1666/3292/1714 1648/3291/1713
f 1769/3409/1819 1649/3402/1813 1648/3291/1713 1773/3418/1826
f 1647/3294/1716 1665/3293/1715 1664/3310/1732 1646/3309/1731
f 1687/3396/1807 1763/3318/1740 1666/3292/1714 1667/3397/1808
f 1665/3293/1715 1686/3319/1741 1749/3316/1738 1664/3310/1732
f 1618/3271/1693 1634/3270/1692 1617/3274/1696
f 1640/3275/1697 1617/3274/1696 1634/3270/1692 1772/3420/1828
f 1682/3324/1746 1681/3421/1748 1757/3422/1829 1752/3325/1747
f 1752/3325/1747 1757/3422/1829 1688/3321/1743 1754/3406/1816
f 1662/3423/1824 1751/3283/1705 1765/3285/1707 1770/3424/1830
f 1636/3376/1789 1662/3416/1824 1770/3425/1830 1635/3269/1691
f 1684/3382/1762 1720/3340/1758 1706/3339/1757
f 1701/3386/1797 1703/3387/1798 1660/3426/1831 1633/3278/1700 1637/3277/1699
f 1748/3399/1810 1654/3280/1702 1653/3298/1720
f 1638/3354/1770 1702/3356/1772 1709/3370/1784
f 1673/3343/1761 1761/3350/1727 1739/3427/1832 1740/3428/1833
f 1703/3387/1798 1774/3305/1727 1658/3306/1728 1660/3426/1831
f 1655/3351/1767 1761/3350/1727 1774/3305/1727 1703/3387/1798
f 1761/3350/1727 1738/3429/1834 1739/3427/1832
f 1761/3350/1727 1655/3351/1767 1737/3390/1801 1738/3429/1834
f 1674/3347/1764 1742/3430/1835 1733/3431/1836 1676/3432/1837
f 1712/3348/1765 1673/3343/1761 1740/3428/1833
f 1656/3353/1769 1736/3433/1838 1711/3389/1800 1655/3351/1767
f 1656/3353/1769 1735/3434/1839 1736/3433/1838
f 1741/3349/1766 1742/3430/1835 1674/3347/1764
f 1641/3435/1840 1685/3436/1841 1684/3344/1762 1643/3437/1842
f 1733/3431/1836 1734/3438/1843 1676/3432/1837
f 1734/3438/1843 1735/3434/1839 1656/3353/1769 1676/3432/1837
f 1639/3380/1793 1725/3439/1844 1724/3440/1845 1638/3354/1770
f 1638/3354/1770 1724/3440/1845 1723/3352/1768 1655/3351/1767
f 1684/3344/1762 1673/3343/1761 1691/3374/1787 1643/3437/1842
f 1642/3441/1846 1685/3436/1841 1641/3435/1840
f 1657/3442/1847 1725/3439/1844 1639/3380/1793
f 1599/3443/1848 1587/3245/1667 1800/3444/1849
f 1623/3257/1679 1607/3256/1678 1788/3445/1850
f 1786/3446/1851 1785/3447/1852 1794/3360/1683 1608/3359/1775
f 1793/3448/1853 1695/3229/1654 1791/3369/1783
f 1715/3449/1854 1591/3364/1779 1696/3366/1781
f 1627/3450/1855 1859/1016/829 1860/1015/828 1808/1014/827 1809/3451/1856
f 1789/3452/1857 1593/3453/1858 1861/1018/831
f 1797/3454/1859 1604/3455/1860 1603/3244/1666 1585/3234/1659 1713/3237/1662
f 1714/3365/1780 1698/3260/1682 1697/3263/1685
f 1599/3443/1848 1600/3246/1668 1587/3245/1667
f 1596/3235/1660 1857/782/624 1858/1023/836 1629/3456/1861
f 1604/3455/1860 1797/3454/1859 1801/3457/1862
f 1795/3458/1863 1617/3274/1696 1616/3276/1698 1803/3459/1864
f 1616/3276/1698 1615/3415/1823 1598/3243/1665 1613/3242/1664
f 1799/3460/1865 1606/3259/1681 1605/3266/1688 1602/3461/1866 1601/3462/1867
f 1799/3460/1865 1612/3251/1673 1607/3256/1678 1606/3259/1681
f 1796/3463/1868 1618/3271/1693 1617/3274/1696 1795/3458/1863
f 1606/3259/1681 1620/3258/1680 1605/3266/1688
f 1800/3444/1849 1587/3245/1667 1586/3247/1669 1805/3464/1869
f 1798/3268/1690 1619/3267/1689 1618/3271/1693 1796/3463/1868
f 1601/3462/1867 1602/3461/1866 1600/3246/1668 1599/3443/1848
f 1628/3465/1870 1588/3250/1672 1596/3235/1660 1629/3456/1861
f 1627/3450/1855 1621/3466/1871 1622/1033/846 1859/1016/829
f 1594/3226/1651 1589/3225/1650 1588/3250/1672 1628/3465/1870
f 1593/3453/1858 1590/3224/1649 1806/3227/1652 1807/3467/1872
f 1861/1018/831 1593/3453/1858 1807/3467/1872 1860/1036/828
f 1699/3252/1674 1590/3224/1649 1593/3453/1858 1789/3452/1857
f 1624/3253/1675 1607/3256/1678 1612/3251/1673
f 1695/3229/1654 1793/3448/1853 1624/3253/1675 1625/3230/1655
f 1793/3448/1853 1788/3445/1850 1607/3256/1678 1624/3253/1675
f 1867/1037/752 1790/3367/1782 1716/3228/1653 1866/1038/849
f 1715/3449/1854 1790/3367/1782 1776/1041/750 1777/3468/1873
f 1866/1038/849 1716/3228/1653 1700/3231/1656 1865/1042/851
f 1790/3367/1782 1715/3449/1854 1791/3369/1783 1716/3228/1653
f 1591/3364/1779 1715/3449/1854 1777/3468/1873 1778/3469/1874
f 1592/3470/1875 1591/3364/1779 1778/3469/1874 1779/3471/1876
f 1863/1046/855 1595/3472/1877 1781/1048/857 1862/1047/856
f 1592/3470/1875 1782/3473/1878 1783/3361/1776 1608/3359/1775 1591/3364/1779
f 1595/3472/1877 1810/3474/1879 1780/3475/1880 1781/1048/857
f 1810/3474/1879 1592/3470/1875 1779/3471/1876 1780/3475/1880
f 1455/3476/1605 1736/3477/1838 1735/3478/1839 1454/3479/1606
f 1456/3480/1568 1711/3481/1800 1736/3482/1838 1455/3483/1605
f 1457/3484/1567 1737/3485/1801 1711/3486/1800 1456/3487/1568
f 1458/3488/1601 1738/3489/1834 1737/3490/1801 1457/3491/1567
f 1459/3492/1600 1739/3493/1832 1738/3494/1834 1458/3495/1601
f 1518/3496/1602 1676/3497/1837 1656/3498/1769 1391/3499/1534
f 1460/3500/1599 1740/3501/1833 1739/3502/1832 1459/3503/1600
f 1384/3061/1489 1644/3504/1704 1663/3505/1730 1392/3013/1444
f 1461/3506/1532 1712/3507/1765 1740/3508/1833 1460/3509/1599
f 1462/3510/1531 1741/3511/1766 1712/3512/1765 1461/3513/1532
f 1463/3514/1604 1742/3515/1835 1741/3516/1766 1462/3517/1531
f 1508/3518/1495 1679/3519/1735 1661/3520/1725 1510/3521/1486
f 1399/3522/1530 1674/3523/1764 1676/3497/1837 1518/3496/1602
f 1452/3524/1603 1733/3525/1836 1742/3526/1835 1463/3527/1604
f 1404/3528/1510 1681/3529/1748 1680/3530/1751 1403/3531/1511
f 1509/3532/1469 1659/3533/1712 1746/3534/1711 1511/3535/1470
f 1392/3013/1444 1663/3505/1730 1677/3536/1737 1400/3014/1445
f 1582/3537/1648 1810/3538/1879 1595/3539/1877 1581/3540/1645
f 1360/3541/1642 1592/3542/1875 1810/3538/1879 1582/3537/1648
f 1367/3543/1539 1609/3544/1773 1775/3545/1778 1525/3546/1543
f 1519/3547/1549 1776/1123/750 1868/1122/751 1848/1121/503
f 1511/3548/1470 1746/3549/1711 1679/3519/1735 1508/3518/1495
f 1520/3550/1640 1777/3551/1873 1776/3552/750 1519/3553/1549
f 1521/3554/1641 1778/3555/1874 1777/3556/1873 1520/3557/1640
f 1522/3558/1643 1779/3559/1876 1778/3560/1874 1521/3561/1641
f 1523/3562/1647 1780/3563/1880 1779/3564/1876 1522/3565/1643
f 1411/3566/1608 1643/3567/1842 1691/3568/1787 1412/3569/1554
f 1524/3570/1644 1781/3571/857 1780/3572/1880 1523/3573/1647
f 1412/3574/1554 1691/3575/1787 1674/3576/1764 1399/3577/1530
f 1849/1152/606 1862/1155/856 1781/1154/857 1524/3578/1644
f 1471/3579/1479 1675/3580/1717 1755/3581/1822 1486/3582/1589
f 1407/3583/1521 1685/3584/1841 1642/3585/1846 1413/3586/1612
f 1526/3587/1646 1782/3588/1878 1592/3589/1875 1360/3590/1642
f 1468/3591/1505 1668/3592/1744 1688/3593/1743 1466/3594/1506
f 1527/3595/1542 1783/3596/1776 1782/3597/1878 1526/3598/1646
f 1472/3599/1575 1687/3600/1807 1744/3601/1806 1464/3602/1576
f 1528/3603/1544 1784/3604/1777 1783/3605/1776 1527/3606/1542
f 1465/3607/1572 1745/3608/1805 1747/3609/1809 1467/3610/1573
f 1525/3611/1543 1775/3612/1778 1784/3613/1777 1528/3614/1544
f 1470/3615/1578 1750/3616/1811 1668/3617/1744 1468/3618/1505
f 1540/3619/1618 1785/3620/1852 1786/3621/1851 1529/3622/1617
f 1499/3623/1478 1756/3624/1718 1675/3625/1717 1471/3626/1479
f 1402/3627/1518 1694/3628/1754 2223/3629/1756 1998/3630/1519
f 1400/3014/1445 1677/3536/1737 2221/3631/1396 1932/3632/1399
f 1581/3540/1645 1595/3539/1877 1863/3633/855 1845/3634/603
f 1529/3635/1617 1786/3636/1851 1608/3637/1775 1423/3638/1540
f 1998/3639/1519 2223/3640/1756 1749/3641/1738 1469/3642/1501
f 1838/1214/862 1853/1216/863 1864/1215/642 1353/2977/1408
f 1423/3643/1540 1608/3644/1775 1626/3645/1774 1530/3646/1541
f 1474/3647/1508 1752/3648/1747 1754/3649/1816 1476/3650/1583
f 1466/3594/1506 1688/3593/1743 1757/3651/1829 1478/3652/1596
f 1425/3653/1431 1699/3654/1674 1789/3655/1857 1424/3656/1624
f 1478/3657/1596 1757/3658/1829 1681/3659/1748 1404/3660/1510
f 1464/3661/1576 1744/3662/1806 1758/3663/1817 1479/3664/1584
f 1479/3665/1584 1758/3666/1817 1745/3608/1805 1465/3607/1572
f 1532/3667/1441 1697/3668/1685 1792/3669/1684 1542/3670/1442
f 1477/3671/1483 1670/3672/1722 1689/3673/1745 1475/3674/1507
f 1476/3650/1583 1754/3649/1816 1759/3675/1818 1480/3676/1585
f 1480/3677/1585 1759/3678/1818 1750/3679/1811 1470/3680/1578
f 1373/3681/1430 1624/3682/1675 1699/3683/1674 1425/3684/1431
f 1363/3685/1422 1603/3686/1666 1604/3687/1860 1364/3688/1627
f 1543/3689/1439 1623/3690/1679 1788/3691/1850 1531/3692/1616
f 1850/1269/599 1865/1272/851 1700/3693/1656 1374/3694/1405
f 1536/3695/1619 1793/3696/1853 1791/3697/1783 1534/3698/1550
f 1481/3699/1482 1760/3700/1723 1670/3672/1722 1477/3671/1483
f 1535/3701/1546 1696/3702/1781 1714/3703/1780 1537/3704/1547
f 1469/3705/1501 1749/3706/1738 1686/3707/1741 1473/3708/1502
f 1534/3709/1550 1791/3710/1783 1715/3711/1854 1533/3712/1620
f 1533/3713/1620 1715/3714/1854 1696/3715/1781 1535/3716/1546
f 1398/3717/1485 1672/3718/1726 1752/3719/1747 1474/3720/1508
f 1424/3721/1624 1789/3722/1857 1861/3723/831 1844/3724/582
f 1475/3725/1507 1689/3726/1745 1672/3727/1726 1398/3728/1485
f 1531/3729/1616 1788/3730/1850 1793/3731/1853 1536/3732/1619
f 1403/3733/1511 1680/3734/1751 1762/3735/1827 1484/3736/1594
f 1537/3737/1547 1714/3738/1780 1697/3739/1685 1532/3740/1441
f 1484/3741/1594 1762/3742/1827 1694/3743/1754 1402/3744/1518
f 1541/3745/1443 1794/3746/1683 1785/3620/1852 1540/3619/1618
f 1473/3708/1502 1686/3707/1741 1763/3747/1740 1485/3748/1503
f 1408/3749/1559 1707/3750/1792 1638/3751/1770 1427/3752/1536
f 1372/3753/1450 1619/3754/1689 1620/3755/1680 1539/3756/1438
f 1485/3757/1503 1763/3758/1740 1687/3759/1807 1472/3760/1575
f 1427/3761/1536 1638/3762/1770 1708/3763/1791 1409/3764/1558
f 1353/2977/1408 1864/1215/642 1597/3765/1677 1361/2978/1409
f 1539/3766/1438 1620/3767/1680 1623/3768/1679 1543/3769/1439
f 1414/3770/1551 1709/3771/1784 1710/3772/1784 1416/3773/1551
f 1375/3774/1443 1787/3775/1683 1794/3746/1683 1541/3745/1443
f 1383/3776/1560 1639/3777/1793 1707/3778/1792 1408/3779/1559
f 1542/3780/1442 1792/3781/1684 1787/3775/1683 1375/3774/1443
f 1570/3782/1628 1629/3783/1861 1858/3784/836 1852/3785/369
f 1467/3786/1573 1747/3787/1809 1768/3788/1812 1498/3789/1579
f 1573/3790/1418 1622/3791/846 1621/3792/1871 1572/3793/1638
f 1538/3794/1406 1625/3795/1655 1624/3796/1675 1373/3797/1430
f 1495/3798/1466 1765/3799/1707 1650/3800/1719 1494/3801/1477
f 1530/3802/1541 1626/3803/1774 1609/3544/1773 1367/3543/1539
f 1497/3804/1571 1767/3805/1803 1769/3806/1819 1501/3807/1586
f 1374/3694/1405 1700/3693/1656 1625/3795/1655 1538/3794/1406
f 1361/3808/1409 1597/3809/1677 1614/3810/1687 1368/3068/1496
f 1493/3811/1580 1764/3812/1814 1766/3813/1802 1496/3814/1569
f 1494/3815/1477 1650/3816/1719 1756/3817/1718 1499/3818/1478
f 1572/3793/1638 1621/3792/1871 1627/3819/1855 1568/3820/1621
f 1498/3821/1579 1768/3822/1812 1764/3823/1814 1493/3824/1580
f 1569/3825/1402 1594/3826/1651 1628/3827/1870 1571/3828/1637
f 1490/3829/1577 1748/3830/1810 1652/3831/1724 1489/3832/1481
f 1571/3833/1637 1628/3834/1870 1629/3835/1861 1570/3836/1628
f 1553/3837/1626 1797/3838/1859 1713/3839/1662 1545/3840/1415
f 1502/3841/1597 1770/3842/1830 1765/3799/1707 1495/3798/1466
f 1409/3843/1558 1708/3844/1791 1709/3771/1784 1414/3770/1551
f 1546/3845/1424 1586/3846/1669 1600/3847/1668 1554/3848/1425
f 1380/3849/1453 1635/3850/1691 1770/3851/1830 1502/3852/1597
f 1417/3853/1555 1717/3854/1788 1718/3855/1790 1415/3856/1556
f 1506/3857/1461 1632/3858/1701 1633/3859/1700 1513/3860/1462
f 1560/3861/1417 1596/3862/1660 1588/3863/1672 1550/3864/1426
f 1503/3865/1570 1771/3866/1804 1767/3867/1803 1497/3868/1571
f 1415/3869/1556 1718/3870/1790 1619/3871/1689 1372/3872/1450
f 1379/3873/1452 1634/3874/1692 1635/3875/1691 1380/3876/1453
f 1549/3877/1614 1599/3878/1848 1800/3879/1849 1559/3880/1615
f 1496/3881/1569 1766/3882/1802 1771/3883/1804 1503/3884/1570
f 1555/3885/1448 1605/3886/1688 1798/3887/1690 1556/3888/1449
f 1488/3889/1465 1751/3890/1705 1662/3891/1824 1491/3892/1591
f 1364/3893/1627 1604/3894/1860 1801/3895/1862 1561/3896/1629
f 1487/3897/1592 1753/3898/1825 1743/3899/1820 1492/3900/1587
f 1435/3901/1561 1719/3902/1794 1684/3903/1762 1433/3904/1522
f 1561/3905/1629 1801/3906/1862 1797/3907/1859 1553/3908/1626
f 1489/3832/1481 1652/3831/1724 1760/3909/1723 1481/3910/1482
f 1550/3911/1426 1588/3912/1672 1802/3913/1671 1562/3914/1427
f 1486/3915/1589 1755/3916/1822 1751/3890/1705 1488/3889/1465
f 1437/3917/1526 1721/3918/1759 1720/3919/1758 1419/3920/1527
f 1562/3921/1427 1802/3922/1671 1611/3923/1670 1558/3924/1428
f 1500/3925/1457 1616/3926/1698 1640/3927/1697 1378/3928/1458
f 1418/3929/1514 1692/3930/1752 1693/3931/1753 1436/3932/1515
f 1557/3933/1632 1799/3934/1865 1601/3935/1867 1563/3936/1633
f 1492/3937/1587 1743/3938/1820 1616/3939/1698 1500/3940/1457
f 1419/3920/1527 1720/3919/1758 1719/3941/1794 1435/3942/1561
f 1413/3943/1612 1642/3944/1846 1641/3945/1840 1410/3946/1607
f 1563/3947/1633 1601/3948/1867 1599/3949/1848 1549/3950/1614
f 1936/3951/1513 1690/3952/1749 1692/3930/1752 1418/3929/1514
f 1410/3953/1607 1641/3954/1840 1643/3955/1842 1411/3956/1608
f 1554/3957/1425 1600/3958/1668 1602/3959/1866 1564/3960/1634
f 1368/3068/1496 1614/3810/1687 1630/3961/1695 1376/3069/1497
f 1564/3962/1634 1602/3963/1866 1605/3886/1688 1555/3885/1448
f 1504/3964/1595 1772/3965/1828 1634/3966/1692 1379/3967/1452
f 1500/3968/1457 1616/3969/1698 1613/3970/1664 1548/3971/1420
f 1378/3972/1458 1640/3973/1697 1772/3974/1828 1504/3975/1595
f 1391/3976/1534 1656/3977/1769 1723/3978/1768 1439/3979/1535
f 1551/3980/1630 1795/3981/1863 1803/3982/1864 1565/3983/1631
f 1505/3984/1593 1773/3985/1826 1753/3986/1825 1487/3987/1592
f 1439/3988/1535 1723/3989/1768 1724/3990/1845 1440/3991/1610
f 1565/3983/1631 1803/3982/1864 1616/3992/1698 1500/3993/1457
f 1501/3994/1586 1769/3995/1819 1773/3996/1826 1505/3997/1593
f 1440/3998/1610 1724/3999/1845 1725/4000/1844 1441/4001/1611
f 1548/3971/1420 1613/3970/1664 1610/4002/1663 1547/4003/1421
f 1513/4004/1462 1633/4005/1700 1660/4006/1831 1507/4007/1598
f 1441/4008/1611 1725/4009/1844 1657/4010/1847 1438/4011/1613
f 1558/4012/1428 1611/4013/1670 1612/4014/1673 1544/4015/1429
f 1442/4016/1562 1726/4017/1795 1721/3918/1759 1437/3917/1526
f 1544/4018/1429 1612/4019/1673 1799/4020/1865 1557/4021/1632
f 1436/3932/1515 1693/3931/1753 1705/4022/1709 1432/4023/1472
f 1552/4024/1635 1796/4025/1868 1795/4026/1863 1551/4027/1630
f 1444/4028/1525 1722/4029/1760 1726/4030/1795 1442/4031/1562
f 1547/4032/1421 1610/4033/1663 1603/3686/1666 1363/3685/1422
f 1432/4034/1472 1705/4035/1709 1727/4036/1796 1445/4037/1563
f 1438/4038/1613 1657/4039/1847 1639/3777/1793 1383/3776/1560
f 1545/4040/1415 1713/4041/1662 1804/4042/1661 1566/4043/1416
f 1445/4044/1563 1727/4045/1796 1673/4046/1761 1431/4047/1528
f 1566/4048/1416 1804/4049/1661 1596/4050/1660 1560/4051/1417
f 1431/4052/1528 1673/4053/1761 1728/4054/1763 1446/4055/1529
f 1376/3069/1497 1630/3961/1695 1644/3504/1704 1384/3061/1489
f 1559/4056/1615 1800/4057/1849 1805/4058/1869 1567/4059/1636
f 1446/4060/1529 1728/4061/1763 1706/4062/1757 1443/4063/1524
f 1567/4064/1636 1805/4065/1869 1586/4066/1669 1546/4067/1424
f 1443/4068/1524 1706/4069/1757 1722/4029/1760 1444/4028/1525
f 1512/4070/1488 1658/4071/1728 1659/3533/1712 1509/3532/1469
f 1556/4072/1449 1798/4073/1690 1796/4025/1868 1552/4024/1635
f 1416/3773/1551 1710/3772/1784 1729/4074/1786 1448/4075/1553
f 1507/4007/1598 1660/4006/1831 1658/4071/1728 1512/4070/1488
f 1852/4076/369 1858/4077/836 1622/3791/846 1573/3790/1418
f 1510/3521/1486 1661/3520/1725 1632/3858/1701 1506/3857/1461
f 1574/4078/1401 1806/4079/1652 1594/4080/1651 1569/4081/1402
f 1426/4082/1564 1701/4083/1797 1717/4084/1788 1417/4085/1555
f 1575/4086/1639 1807/4087/1872 1806/4088/1652 1574/4089/1401
f 1448/4090/1553 1729/4091/1786 1730/4092/1785 1449/4093/1552
f 1851/4094/577 1860/4095/828 1807/4096/1872 1575/4097/1639
f 1450/4098/1565 1731/4099/1799 1701/4100/1797 1426/4101/1564
f 1576/4102/1623 1808/4103/827 1860/4104/828 1851/4105/577
f 1429/4106/1533 1655/4107/1767 1731/4108/1799 1450/4109/1565
f 1577/4110/1622 1809/4111/1856 1808/4103/827 1576/4102/1623
f 1390/4112/1460 1654/4113/1702 1748/4114/1810 1490/4115/1577
f 1451/4116/1538 1732/4117/1771 1655/4118/1767 1429/4119/1533
f 1568/3820/1621 1627/3819/1855 1809/4120/1856 1577/4121/1622
f 1447/4122/1537 1702/4123/1772 1732/4117/1771 1451/4116/1538
f 1491/4124/1591 1662/4125/1824 1654/4126/1702 1390/4127/1460
f 1449/4093/1552 1730/4092/1785 1702/4123/1772 1447/4122/1537
f 1453/4128/1609 1734/4129/1843 1733/4130/1836 1452/4131/1603
f 1454/4132/1606 1735/4133/1839 1734/4134/1843 1453/4135/1609
f 1678/3317/1739 2222/3405/1815 2361/3334/1397 1823/3314/1736
f 2194/3311/1733 1678/3317/1739 1823/3314/1736 1822/3307/1729
f 1645/3312/1734 2194/3311/1733 1822/3307/1729 1821/3281/1703
f 1631/3411/1821 1645/3312/1734 1821/3281/1703 1820/3272/1694
f 1615/3415/1823 1631/3411/1821 1820/3272/1694 1819/3264/1686
f 1598/3243/1665 1615/3415/1823 1819/3264/1686 1818/3254/1676
f 1583/3233/1658 1598/3243/1665 1818/3254/1676 1871/799/641
f 1854/777/619 1583/3233/1658 1871/799/641 1870/1688/864
f 1401/3072/1500 1817/4136/1433 2354/4137/1432 1933/3157/1582
f 1393/3065/1493 1816/4138/1881 1817/4136/1433 1401/3072/1500
f 1385/3064/1492 1815/4139/1882 1816/4138/1881 1393/3065/1493
f 1377/3163/1588 1814/4140/1883 1815/4139/1882 1385/3064/1492
f 1369/3165/1590 1813/4141/1516 1814/4140/1883 1377/3163/1588
f 1362/2988/1419 1812/4142/1463 1813/4141/1516 1369/3165/1590
f 1354/2981/1412 1811/4143/1454 1812/4142/1463 1362/2988/1419
f 1839/487/360 1869/1698/408 1811/4143/1454 1354/2981/1412
f 1873/1699/407 1872/1702/868 1824/4144/1411 1831/3025/1455
f 1831/3025/1455 1824/4144/1411 1825/4145/1410 1832/4146/1464
f 1832/4146/1464 1825/4145/1410 1826/4147/1499 1833/4148/1517
f 1833/4148/1517 1826/4147/1499 1827/4149/1498 1834/4150/1884
f 1834/4150/1884 1827/4149/1498 1828/4151/1490 1835/4152/1885
f 1835/4152/1885 1828/4151/1490 1829/4153/1447 1836/4154/1886
f 1836/4154/1886 1829/4153/1447 1830/4155/1446 1837/4156/1434
f 1837/4156/1434 1830/4155/1446 2369/4157/1887 2377/4158/1435
f 1817/3002/1433 1816/4159/1881 1836/4160/1886 1837/3003/1434
f 1376/3069/1497 1384/3061/1489 1828/3062/1490 1827/3070/1498
f 1816/4159/1881 1815/4161/1882 1835/4162/1885 1836/4160/1886
f 1815/4161/1882 1814/4163/1883 1834/4164/1884 1835/4162/1885
f 1400/3014/1445 1932/3632/1399 2369/4165/1887 1830/3015/1446
f 1838/1214/862 1353/2977/1408 1824/2980/1411 1872/1726/868
f 1814/4163/1883 1813/3088/1516 1833/3089/1517 1834/4164/1884
f 1361/2978/1409 1368/4166/1496 1826/4167/1499 1825/2979/1410
f 1433/4168/1522 1684/4169/1762 2379/4170/1888 2380/4171/1889 1434/4172/1523
f 1685/4173/1841 2378/4174/1890 2379/4175/1888 1684/4176/1762
f 1434/4177/1523 2380/4178/1889 2378/4179/1890 1685/3584/1841 1407/3583/1521
f 1870/4180/864 1853/4181/863 1864/4182/642 1871/4183/641
f 1844/1298/582 1851/4105/577 1860/4104/828 1861/1299/831
f 1876/4184/1891 2361/4185/1397 2221/4186/1396 1875/4187/1892
f 1874/4188/1893 1875/4189/1892 2221/4190/1396 1932/4191/1399
f 1883/4192/1894 1882/4193/1895 2099/4194/1896 2104/4195/1897
f 2110/4196/1898 1949/4197/1899 2068/4198/1900 1898/4199/1901
f 1877/4200/1902 2362/4201/1903 2363/4202/1904 1885/4203/1905
f 2383/1757/891 1879/4204/1906 1878/4205/1907 2382/1758/892
f 2384/1761/895 1880/4206/1908 1879/4204/1906 2383/1757/891
f 2385/1763/897 2090/4207/1909 2096/4208/1910 2075/4209/1911 1880/4206/1908 2384/1761/895
f 2386/1767/901 2103/4210/1912 2395/1768/902
f 1879/4204/1906 2077/4211/1913 2078/4212/1914 1886/4213/1915 1878/4205/1907
f 1880/4206/1908 1887/4214/1916 2077/4211/1913 1879/4204/1906
f 1881/4215/1917 2084/4216/1918 2076/4217/1919
f 1882/4193/1895 2088/4218/1920 2092/4219/1921 2080/4220/1922
f 1883/4192/1894 2074/4221/1923 2088/4218/1920 1882/4193/1895
f 2074/4221/1923 1883/4192/1894 1954/4222/1924 1897/4223/1925
f 2354/4224/1432 2377/4225/1435 2376/4226/1926 2353/4227/1927
f 1890/4228/1928 2073/4229/1929 2069/4230/1930 1889/4231/1931
f 1951/4232/1932 1899/4233/1933 2072/4234/1934 2062/4235/1935
f 1916/4236/1936 2367/4237/1937 2368/4238/1938 1924/4239/1939
f 2085/4240/1940 2069/4230/1930 1896/4241/1941 2086/4242/1942
f 1896/4241/1941 1904/4243/1943 1903/4244/1944 1895/4245/1945
f 2347/4246/1946 2370/4247/1947 2416/1808/939 2412/1807/938
f 1894/4248/1948 1902/4249/1949 2030/4250/1950
f 1906/4251/1951 2043/4252/1952 2036/4253/1953 1914/4254/1954
f 2348/4255/1955 2371/4256/1956 2370/4247/1947 2347/4246/1946
f 2018/4257/1957 1912/4258/1958 2025/4259/1959
f 1959/4260/1960 1961/4261/1961 1930/4262/1962 2041/4263/1963 2039/4264/1964
f 2044/4265/1965 2045/4266/1966 1918/4267/1967 1910/4268/1968
f 1912/4258/1958 2001/4269/1969 2029/4270/1970 2024/4271/1971
f 1913/4272/1972 1921/4273/1973 2007/4274/1974 2011/4275/1975 2019/4276/1976
f 1914/4254/1954 2040/4277/1977 1922/4278/1978 1921/4273/1973 1913/4272/1972
f 2013/4279/1979 1959/4260/1960 2039/4264/1964 2042/4280/1980
f 1908/4281/1981 2366/4282/1982 2367/4283/1937 1916/4284/1936
f 2046/4285/1983 2047/4286/1984 1917/4287/1985 1909/4288/1986
f 1930/4262/1962 1922/4278/1978 2038/4289/1987 2041/4263/1963
f 1892/4290/1988 2364/4291/1989 2365/4292/1990 1900/4293/1991
f 2047/4286/1984 1999/4294/1992 1925/4295/1993 1917/4287/1985
f 2045/4266/1966 2015/4296/1994 2003/4297/1995 1918/4267/1967
f 1920/4298/1996 1995/4299/1997 1997/4300/1998
f 1921/4273/1973 2005/4301/1999 2007/4274/1974
f 1922/4278/1978 1930/4262/1962 1929/4302/2000 2004/4303/2001
f 1928/4304/2002 1936/4305/1513 1935/4306/1512 1927/4307/2003
f 1929/4302/2000 1947/4308/2004 1936/4305/1513 1928/4304/2002
f 1930/4262/1962 1965/4309/2005 1947/4308/2004 1929/4302/2000
f 2349/4310/2006 2372/4311/2007 2371/4256/1956 2348/4255/1955
f 1926/4312/2008 1934/4313/1520 1998/4314/1519
f 1931/4315/2009 1963/4316/2010 1962/4317/2011
f 1972/4318/2012 1948/4319/2013 1966/4320/2014 1973/4321/2015
f 1960/4322/2016 1962/4317/2011 1972/4318/2012 1975/4323/2017
f 1923/4324/2018 1960/4322/2016 1990/4325/2019 1991/4326/2020
f 2012/4327/1979 1960/4322/2016 1959/4260/1960 2013/4279/1979
f 1958/4328/2021 1968/4329/2022 1915/4330/2023
f 1956/4331/2024 1958/4328/2021 1980/4332/2025 1976/4333/2026
f 1891/4334/2027 2060/4335/2028 1952/4336/2029
f 1952/4336/2029 2071/4337/1933 1899/4233/1933 1951/4232/1932
f 2057/4338/2030 2058/4339/2031 2055/4340/2032 1891/4334/2027 1952/4336/2029
f 1950/4341/2033 1952/4336/2029 1951/4232/1932 2067/4342/2034 2065/4343/2035
f 2109/4344/2036 2390/1907/1032 2391/1906/1031 2049/4345/2037
f 2110/4196/1898 2064/4346/2038 1949/4197/1899
f 1943/4347/2039 1976/4333/2026 1978/4348/2040 1945/4349/2039
f 1945/4349/2039 1978/4348/2040 1977/4350/2041
f 1960/4322/2016 1923/4324/2018 1941/4351/2042
f 1946/4352/2043 1906/4251/1951 1905/4353/2044 1944/4354/2045
f 1944/4354/2045 1905/4353/2044 1904/4243/1943 1896/4241/1941
f 1956/4331/2024 1943/4347/2039 1938/4355/2046
f 1937/4356/2047 1907/4357/2048 1956/4331/2024
f 1964/4358/2049 1948/4319/2013 1962/4317/2011
f 1973/4321/2015 1966/4320/2014 1971/4359/2050
f 1965/4309/2005 1930/4262/1962 1961/4261/1961
f 1961/4261/1961 1959/4260/1960 1960/4322/2016 1974/4360/2051
f 1955/4361/2052 1906/4251/1951 1946/4352/2043
f 1958/4328/2021 1957/4362/2053 1955/4361/2052 1979/4363/2054
f 1958/4328/2021 1985/4364/2055 1986/4365/2056
f 2026/4366/2057 2027/4367/2058 2033/4368/2059
f 1994/4369/2060 1993/4370/2061 2002/4371/2062 1919/4372/2063 1996/4373/2064
f 2020/4374/2065 1913/4272/1972 2019/4276/1976
f 2000/4375/2066 1920/4298/1996 1997/4300/1998
f 2028/4376/2067 1996/4373/2064 1919/4372/2063 1911/4377/2068 2023/4378/2069
f 1999/4294/1992 1998/4314/1519 1933/4379/1582 1925/4295/1993
f 2006/4380/2070 1995/4299/1997 1920/4298/1996
f 2025/4259/1959 1912/4258/1958 2024/4271/1971
f 1993/4370/2061 1994/4369/2060 2009/4381/2071
f 2006/4380/2070 1920/4298/1996 2000/4375/2066 2010/4382/2072
f 2040/4277/1977 1914/4254/1954 2036/4253/1953
f 2027/4367/2058 2026/4366/2057 2023/4378/2069 1911/4377/2068 2031/4383/2073
f 2005/4301/1999 1921/4273/1973 1922/4278/1978
f 2022/4384/2074 2046/4285/1983 1909/4288/1986 1901/4385/2075
f 2038/4289/1987 1922/4278/1978 2040/4277/1977
f 2016/4386/2076 2001/4269/1969 1912/4258/1958 2018/4257/1957
f 1935/4306/1512 1934/4313/1520 1927/4307/2003
f 2022/4384/2074 1901/4385/2075 1893/4387/2077 2030/4250/1950
f 1905/4353/2044 1906/4251/1951 1914/4254/1954 2021/4388/2078
f 2017/4389/2079 1910/4268/1968 2046/4285/1983 2022/4384/2074
f 2035/4390/2080 2044/4265/1965 1910/4268/1968 2017/4389/2079
f 1927/4307/2003 1934/4313/1520 1926/4312/2008 2014/4391/2081
f 1911/4377/2068 1919/4372/2063 2045/4266/1966 2044/4265/1965
f 2031/4383/2073 1911/4377/2068 2044/4265/1965 2035/4390/2080
f 1910/4268/1968 1918/4267/1967 2047/4286/1984 2046/4285/1983
f 2002/4371/2062 2015/4296/1994 2045/4266/1966 1919/4372/2063
f 1918/4267/1967 2003/4297/1995 1999/4294/1992 2047/4286/1984
f 1895/4245/1945 1903/4244/1944 1894/4248/1948
f 1902/4249/1949 1894/4248/1948 1903/4244/1944 2034/4392/2082
f 1929/4302/2000 1928/4304/2002 2008/4393/2083 2004/4303/2001
f 2004/4303/2001 2008/4393/2083 1995/4299/1997 2006/4380/2070
f 2021/4388/2078 2018/4257/1957 2025/4259/1959 2032/4394/2084
f 1905/4353/2044 2021/4388/2078 2032/4394/2084 1904/4243/1943
f 1962/4317/2011 1948/4319/2013 1972/4318/2012
f 1955/4361/2052 1957/4362/2053 2037/4395/2085 2043/4252/1952 1906/4251/1951
f 2020/4374/2065 1914/4254/1954 1913/4272/1972
f 1956/4331/2024 1976/4333/2026 1943/4347/2039
f 1960/4322/2016 2012/4327/1979 1988/4396/2086 1989/4397/2087
f 1957/4362/2053 2013/4279/1979 2042/4280/1980 2037/4395/2085
f 1958/4328/2021 2012/4327/1979 2013/4279/1979 1957/4362/2053
f 2012/4327/1979 1987/4398/2088 1988/4396/2086
f 2012/4327/1979 1958/4328/2021 1986/4365/2056 1987/4398/2088
f 1923/4324/2018 1992/4399/2089 1981/4400/2090 2048/4401/2091
f 1990/4325/2019 1960/4322/2016 1989/4397/2087
f 1915/4330/2023 1984/4402/2092 1985/4364/2055 1958/4328/2021
f 1915/4330/2023 1983/4403/2093 1984/4402/2092
f 1991/4326/2020 1992/4399/2089 1923/4324/2018
f 1939/4404/2094 1931/4315/2009 1962/4317/2011 1940/4405/2095
f 1981/4400/2090 1982/4406/2096 2048/4401/2091
f 1982/4406/2096 1983/4403/2093 1915/4330/2023 2048/4401/2091
f 1907/4357/2048 1970/4407/2097 1969/4408/2098 1956/4331/2024
f 1956/4331/2024 1969/4408/2098 1968/4329/2022 1958/4328/2021
f 1962/4317/2011 1960/4322/2016 1941/4351/2042 1940/4405/2095
f 1942/4409/2099 1931/4315/2009 1939/4404/2094
f 1967/4410/2100 1970/4407/2097 1907/4357/2048
f 2079/4411/2101 1881/4215/1917 2089/4412/2102
f 2073/4229/1929 1890/4228/1928 2061/4413/2103
f 2059/4414/2104 2070/4415/2105 2071/4337/1933 1952/4336/2029
f 2066/4416/2106 1949/4197/1899 2064/4346/2038
f 2063/4417/2107 1950/4341/2033 2065/4343/2035
f 2098/4418/2108 2386/1767/901 2394/1985/1106 2106/4419/2109 2107/4420/2110
f 1953/4421/2111 2108/4422/2112 2387/1987/1108
f 2083/4423/2113 1888/4424/2114 1887/4214/1916 1880/4206/1908 2075/4209/1911
f 2067/4342/2034 1951/4232/1932 2062/4235/1935
f 2079/4411/2101 2084/4216/1918 1881/4215/1917
f 2090/4207/1909 2385/1763/897 2395/1992/902 2100/4425/2115
f 1888/4424/2114 2083/4423/2113 2091/4426/2116
f 2081/4427/2117 1894/4248/1948 2030/4250/1950 2095/4428/2118
f 2030/4250/1950 1893/4387/2077 1886/4213/1915 2078/4212/1914
f 2087/4429/2119 1889/4231/1931 2085/4240/1940 2094/4430/2120 2093/4431/2121
f 2087/4429/2119 2074/4221/1923 1890/4228/1928 1889/4231/1931
f 2082/4432/2122 1895/4245/1945 1894/4248/1948 2081/4427/2117
f 1889/4231/1931 2069/4230/1930 2085/4240/1940
f 2089/4412/2102 1881/4215/1917 2076/4217/1919 2097/4433/2123
f 2086/4242/1942 1896/4241/1941 1895/4245/1945 2082/4432/2122
f 2093/4431/2121 2094/4430/2120 2084/4216/1918 2079/4411/2101
f 2101/4434/2124 2080/4220/1922 2090/4207/1909 2100/4425/2115
f 2098/4418/2108 2102/4435/2125 2103/4210/1912 2386/1767/901
f 2099/4194/1896 1882/4193/1895 2080/4220/1922 2101/4434/2124
f 2108/4422/2112 1883/4192/1894 2104/4195/1897 2105/4436/2126
f 2387/1987/1108 2108/4422/2112 2105/4436/2126 2394/2008/1106
f 1954/4222/1924 1883/4192/1894 2108/4422/2112 1953/4421/2111
f 1897/4223/1925 1890/4228/1928 2074/4221/1923
f 1949/4197/1899 2066/4416/2106 1897/4223/1925 2068/4198/1900
f 2066/4416/2106 2061/4413/2103 1890/4228/1928 1897/4223/1925
f 2390/1907/1032 2109/4344/2036 2110/4196/1898 2389/2009/1124
f 2063/4417/2107 2109/4344/2036 2049/4345/2037 2050/4437/2127
f 2389/2009/1124 2110/4196/1898 1898/4199/1901 2393/2011/1126
f 2109/4344/2036 2063/4417/2107 2064/4346/2038 2110/4196/1898
f 1950/4341/2033 2063/4417/2107 2050/4437/2127 2051/4438/2128
f 1884/4439/2129 1950/4341/2033 2051/4438/2128 2052/4440/2130
f 2388/2015/1130 2111/4441/2131 2054/4442/2132 2392/2016/1131
f 1884/4439/2129 2056/4443/2133 2057/4338/2030 1952/4336/2029 1950/4341/2033
f 2111/4441/2131 2112/4444/2134 2053/4445/2135 2054/4442/2132
f 2112/4444/2134 1884/4439/2129 2052/4440/2130 2053/4445/2135
f 2120/4446/2136 2342/4447/2137 2124/4448/2138 2119/4449/2139
f 2252/4450/2140 2236/4451/2141 2155/4452/2142 2231/4453/2143
f 2398/2030/1145 2397/2033/1148 2113/4454/2144 2114/4455/2145
f 2399/2034/1149 2398/2030/1145 2114/4455/2145 2115/4456/2146
f 2400/4457/1151 2399/4458/1149 2115/4459/2146 2249/4460/2147 2340/4461/2148 2126/4462/2149
f 2402/4463/1348 2401/4464/1357 2152/4465/1369
f 2114/4455/2145 2113/4454/2144 2128/4466/2150 2143/4467/2151 2140/4468/2152
f 2115/4459/2146 2114/4469/2145 2140/4470/2152 2133/4471/2153
f 2117/4472/2154 2116/4473/2155 2130/4474/2156
f 2119/4449/2139 2118/4475/2157 2338/4476/2158 2141/4477/2159
f 2120/4446/2136 2119/4449/2139 2141/4477/2159 2142/4478/2160
f 2142/4478/2160 2154/4479/2161 2235/4480/2162 2120/4446/2136
f 2414/2053/1168 2407/2056/1171 2127/4481/2163 2355/4482/2164
f 2137/4483/2165 2136/4484/2166 2150/4485/2167 2153/4486/2168
f 2234/4487/2169 2233/4488/2170 2328/4489/2171 2323/4490/2172
f 2355/4482/2164 2127/4481/2163 2144/4491/2173 2356/4492/2174
f 2135/4493/2175 2334/4494/2176 2149/4495/2177 2150/4485/2167
f 2149/4495/2177 2148/4496/2178 2164/4497/2179 2165/4498/2180
f 2356/4492/2174 2144/4491/2173 2160/4499/2181 2357/4500/2182
f 2147/4501/2183 2146/4502/2184 2170/4503/2185
f 2167/4504/2186 2184/4505/2187 2162/4506/2188 2163/4507/2189
f 2357/4500/2182 2160/4499/2181 2174/4508/2190 2358/4509/2191
f 2287/4510/2192 2301/4511/2193 2181/4512/2194
f 2240/4513/2195 2189/4514/2196 2282/4515/2197 2214/4516/2198 2241/4517/2199
f 2178/4518/2200 2177/4519/2201 2196/4520/2202 2197/4521/2203
f 2181/4512/2194 2180/4522/2204 2292/4523/2205 2206/4524/2206
f 2183/4525/2207 2182/4526/2208 2296/4527/2209 2201/4528/2210 2202/4529/2211
f 2184/4505/2187 2183/4525/2207 2202/4529/2211 2203/4530/2212 2191/4531/2213
f 2310/4532/2214 2188/4533/2215 2189/4514/2196 2240/4513/2195
f 2358/4509/2191 2174/4508/2190 2193/4534/2216 2359/4535/2217
f 2176/4536/2218 2175/4537/2219 2194/4538/1733 2195/4539/2220
f 2214/4516/2198 2282/4515/2197 2210/4540/2221 2203/4530/2212
f 2359/4541/2217 2193/4542/2216 2208/4543/2222 2360/4544/2223
f 2195/4539/2220 2194/4538/1733 2209/4545/2224 2285/4546/2225
f 2197/4521/2203 2196/4520/2202 2217/4547/2226 2299/4548/2227
f 2200/4549/2228 2199/4550/2229 2219/4551/2230
f 2202/4529/2211 2201/4528/2210 2220/4552/2231
f 2203/4530/2212 2288/4553/2232 2213/4554/2233 2214/4516/2198
f 2212/4555/2234 2211/4556/2235 2225/4557/1750 2226/4558/2236
f 2213/4554/2233 2212/4555/2234 2226/4558/2236 2228/4559/2237
f 2214/4516/2198 2213/4554/2233 2228/4559/2237 2229/4560/2238
f 2360/4544/2223 2208/4543/2222 2221/4561/1396 2361/4562/1397
f 2230/4563/2239 2223/4564/1756 2224/4565/1755
f 2242/4566/2240 2258/4567/2241 2257/4568/2242 2256/4569/2243
f 2204/4570/2244 2264/4571/2245 2242/4566/2240 2215/4572/2246
f 2205/4573/2247 2277/4574/2248 2248/4575/2249 2204/4570/2244
f 2297/4576/2214 2310/4532/2214 2240/4513/2195 2204/4570/2244
f 2185/4577/2250 2186/4578/2251 2259/4579/2252
f 2168/4580/2253 2238/4581/2254 2268/4582/2255 2185/4577/2250
f 2139/4583/2256 2138/4584/2257 2156/4585/2258
f 2138/4584/2257 2234/4487/2169 2323/4490/2172 2330/4586/2172
f 2319/4587/2259 2138/4584/2257 2139/4583/2256 2311/4588/2260 2320/4589/2261
f 2121/4590/2262 2232/4591/2263 2250/4592/2264 2234/4487/2169 2138/4584/2257
f 2326/4593/2265 2312/4594/1275 2411/4595/1274 2410/4596/1273
f 2252/4450/2140 2231/4453/2143 2327/4597/2266
f 2245/4598/2267 2246/4599/2267 2266/4600/2268 2238/4581/2254
f 2246/4599/2267 2265/4601/2269 2266/4600/2268
f 2204/4570/2244 2227/4602/2270 2205/4573/2247
f 2253/4603/2271 2254/4604/2272 2166/4605/2273 2167/4504/2186
f 2254/4604/2272 2149/4495/2177 2165/4498/2180 2166/4605/2273
f 2168/4580/2253 2244/4606/2274 2245/4598/2267
f 2243/4607/2275 2168/4580/2253 2169/4608/2276
f 2255/4609/2277 2215/4572/2246 2256/4569/2243
f 2258/4567/2241 2262/4610/2278 2257/4568/2242
f 2229/4560/2238 2241/4517/2199 2214/4516/2198
f 2241/4517/2199 2263/4611/2279 2204/4570/2244 2240/4513/2195
f 2237/4612/2280 2253/4603/2271 2167/4504/2186
f 2185/4577/2250 2267/4613/2281 2237/4612/2280 2239/4614/2282
f 2185/4577/2250 2273/4615/2283 2247/4616/2284
f 2302/4617/2285 2307/4618/2286 2303/4619/2287
f 2281/4620/2288 2283/4621/2289 2198/4622/2290 2218/4623/2291 2280/4624/2292
f 2284/4625/2293 2182/4526/2208 2183/4525/2207
f 2286/4626/2294 2199/4550/2229 2200/4549/2228
f 2304/4627/2295 2300/4628/2296 2179/4629/2297 2198/4622/2290 2283/4621/2289
f 2285/4546/2225 2209/4545/2224 2222/4630/1815 2223/4631/1756
f 2290/4632/2298 2200/4549/2228 2219/4551/2230
f 2301/4511/2193 2180/4522/2204 2181/4512/2194
f 2280/4624/2292 2294/4633/2299 2281/4620/2288
f 2290/4632/2298 2295/4634/2300 2286/4626/2294 2200/4549/2228
f 2191/4531/2213 2162/4506/2188 2184/4505/2187
f 2303/4619/2287 2305/4635/2301 2179/4629/2297 2300/4628/2296 2302/4617/2285
f 2220/4552/2231 2203/4530/2212 2202/4529/2211
f 2279/4636/2302 2161/4637/2303 2175/4537/2219 2176/4536/2218
f 2210/4540/2221 2191/4531/2213 2203/4530/2212
f 2291/4638/2304 2287/4510/2192 2181/4512/2194 2206/4524/2206
f 2225/4557/1750 2211/4556/2235 2224/4565/1755
f 2279/4636/2302 2146/4639/2184 2145/4640/2305 2161/4637/2303
f 2166/4605/2273 2192/4641/2306 2184/4505/2187 2167/4504/2186
f 2289/4642/2307 2279/4636/2302 2176/4536/2218 2177/4519/2201
f 2309/4643/2308 2289/4642/2307 2177/4519/2201 2178/4518/2200
f 2211/4556/2235 2298/4644/2309 2230/4563/2239 2224/4565/1755
f 2179/4629/2297 2178/4518/2200 2197/4521/2203 2198/4622/2290
f 2305/4635/2301 2309/4643/2308 2178/4518/2200 2179/4629/2297
f 2177/4519/2201 2176/4536/2218 2195/4539/2220 2196/4520/2202
f 2218/4623/2291 2198/4622/2290 2197/4521/2203 2299/4548/2227
f 2196/4520/2202 2195/4539/2220 2285/4546/2225 2217/4547/2226
f 2148/4496/2178 2147/4501/2183 2164/4497/2179
f 2170/4503/2185 2308/4645/2310 2164/4497/2179 2147/4501/2183
f 2213/4554/2233 2288/4553/2232 2293/4646/2311 2212/4555/2234
f 2288/4553/2232 2290/4632/2298 2219/4551/2230 2293/4646/2311
f 2192/4647/2306 2306/4648/2312 2301/4511/2193 2287/4510/2192
f 2166/4605/2273 2165/4498/2180 2306/4649/2312 2192/4641/2306
f 2215/4572/2246 2242/4566/2240 2256/4569/2243
f 2237/4612/2280 2167/4504/2186 2163/4507/2189 2190/4650/2313 2239/4614/2282
f 2284/4625/2293 2183/4525/2207 2184/4505/2187
f 2168/4580/2253 2245/4598/2267 2238/4581/2254
f 2204/4570/2244 2276/4651/2314 2275/4652/2315 2297/4576/2214
f 2239/4614/2282 2190/4650/2313 2188/4533/2215 2310/4532/2214
f 2185/4577/2250 2239/4614/2282 2310/4532/2214 2297/4576/2214
f 2297/4576/2214 2275/4652/2315 2274/4653/2316
f 2297/4576/2214 2274/4653/2316 2273/4615/2283 2185/4577/2250
f 2205/4573/2247 2207/4654/2317 2269/4655/2318 2278/4656/2319
f 2248/4575/2249 2276/4651/2314 2204/4570/2244
f 2186/4578/2251 2185/4577/2250 2247/4616/2284 2272/4657/2320
f 2186/4578/2251 2272/4657/2320 2271/4658/2321
f 2277/4574/2248 2205/4573/2247 2278/4656/2319
f 2171/4659/2322 2173/4660/2323 2215/4572/2246 2216/4661/2324
f 2269/4655/2318 2207/4654/2317 2270/4662/2325
f 2270/4662/2325 2207/4654/2317 2186/4578/2251 2271/4658/2321
f 2169/4608/2276 2168/4580/2253 2260/4663/2326 2261/4664/2327
f 2168/4580/2253 2185/4577/2250 2259/4579/2252 2260/4663/2326
f 2215/4572/2246 2173/4660/2323 2227/4602/2270 2204/4570/2244
f 2172/4665/2328 2171/4659/2322 2216/4661/2324
f 2187/4666/2329 2169/4608/2276 2261/4664/2327
f 2129/4667/2330 2336/4668/2331 2117/4472/2154
f 2153/4486/2168 2324/4669/2332 2137/4483/2165
f 2322/4670/2333 2138/4584/2257 2330/4586/2172 2321/4671/2334
f 2329/4672/2335 2327/4597/2266 2231/4453/2143
f 2251/4673/2336 2232/4591/2263 2121/4590/2262
f 2157/4674/2337 2345/4675/2338 2344/4676/1350 2403/4677/1349 2402/4463/1348
f 2325/4678/2339 2404/4679/1354 2123/4680/2340
f 2333/4681/2341 2249/4460/2147 2115/4459/2146 2133/4471/2153 2134/4682/2342
f 2250/4592/2264 2233/4488/2170 2234/4487/2169
f 2129/4667/2330 2117/4472/2154 2130/4474/2156
f 2126/4462/2149 2159/4683/2343 2401/4684/1357 2400/4457/1151
f 2134/4682/2342 2337/4685/2344 2333/4681/2341
f 2331/4686/2345 2339/4687/2346 2146/4502/2184 2147/4501/2183
f 2146/4639/2184 2143/4688/2151 2128/4689/2150 2145/4640/2305
f 2335/4690/2347 2131/4691/2348 2132/4692/2349 2135/4493/2175 2136/4484/2166
f 2335/4690/2347 2136/4484/2166 2137/4483/2165 2142/4478/2160
f 2332/4693/2350 2331/4686/2345 2147/4501/2183 2148/4496/2178
f 2136/4484/2166 2135/4493/2175 2150/4485/2167
f 2336/4694/2331 2341/4695/2351 2116/4696/2155 2117/4697/2154
f 2334/4494/2176 2332/4693/2350 2148/4496/2178 2149/4495/2177
f 2131/4691/2348 2129/4667/2330 2130/4474/2156 2132/4692/2349
f 2158/4698/2352 2159/4683/2343 2126/4462/2149 2118/4475/2157
f 2157/4674/2337 2402/4463/1348 2152/4465/1369 2151/4699/2353
f 2124/4448/2138 2158/4698/2352 2118/4475/2157 2119/4449/2139
f 2123/4680/2340 2343/4700/2354 2342/4447/2137 2120/4446/2136
f 2404/4679/1354 2403/4701/1349 2343/4700/2354 2123/4680/2340
f 2235/4480/2162 2325/4678/2339 2123/4680/2340 2120/4446/2136
f 2154/4479/2161 2142/4478/2160 2137/4483/2165
f 2231/4453/2143 2155/4452/2142 2154/4479/2161 2329/4672/2335
f 2329/4672/2335 2154/4479/2161 2137/4483/2165 2324/4669/2332
f 2410/4596/1273 2409/4702/1371 2252/4450/2140 2326/4593/2265
f 2251/4703/2336 2313/4704/2355 2312/4705/1275 2326/4706/2265
f 2409/4702/1371 2408/4707/1373 2236/4451/2141 2252/4450/2140
f 2326/4593/2265 2252/4450/2140 2327/4597/2266 2251/4708/2336
f 2121/4709/2262 2314/4710/2356 2313/4704/2355 2251/4703/2336
f 2122/4711/2357 2315/4712/2358 2314/4713/2356 2121/4590/2262
f 2406/4714/1377 2405/4715/1380 2317/4716/1379 2125/4717/2359
f 2122/4711/2357 2121/4590/2262 2138/4584/2257 2319/4587/2259 2318/4718/2360
f 2125/4719/2359 2317/4720/1379 2316/4721/2361 2346/4722/2362
f 2346/4723/2362 2316/4724/2361 2315/4712/2358 2122/4711/2357
f 1984/4725/2092 1983/4726/2093 2271/4727/2321 2272/4728/2320
f 1985/4729/2055 1984/4730/2092 2272/4731/2320 2247/4732/2284
f 1986/4733/2056 1985/4734/2055 2247/4735/2284 2273/4736/2283
f 1987/4737/2088 1986/4738/2056 2273/4739/2283 2274/4740/2316
f 1988/4741/2086 1987/4742/2088 2274/4743/2316 2275/4744/2315
f 2048/4745/2091 1915/4746/2023 2186/4747/2251 2207/4748/2317
f 1989/4749/2087 1988/4750/2086 2275/4751/2315 2276/4752/2314
f 1908/4753/1981 1916/4236/1936 2193/4754/2216 2174/4755/2190
f 1990/4756/2019 1989/4757/2087 2276/4758/2314 2248/4759/2249
f 1991/4760/2020 1990/4756/2019 2248/4759/2249 2277/4761/2248
f 1992/4762/2089 1991/4763/2020 2277/4764/2248 2278/4765/2319
f 2038/4766/1987 2040/4767/1977 2191/4768/2213 2210/4769/2221
f 1923/4770/2018 2048/4745/2091 2207/4748/2317 2205/4771/2247
f 1981/4772/2090 1992/4773/2089 2278/4774/2319 2269/4775/2318
f 1928/4776/2002 1927/4777/2003 2211/4778/2235 2212/4779/2234
f 2039/4780/1964 2041/4781/1963 2282/4782/2197 2189/4783/2196
f 1916/4236/1936 1924/4239/1939 2208/4784/2222 2193/4754/2216
f 2112/4785/2134 2111/4786/2131 2125/4787/2359 2346/4788/2362
f 1884/4789/2129 2112/4785/2134 2346/4788/2362 2122/4790/2357
f 1891/4791/2027 2055/4792/2032 2311/4793/2260 2139/4794/2256
f 2049/4795/2037 2391/2356/1031 2411/2355/1274 2312/2354/1275
f 2041/4796/1963 2038/4766/1987 2210/4769/2221 2282/4797/2197
f 2050/4798/2127 2049/4799/2037 2312/4800/1275 2313/4801/2355
f 2051/4802/2128 2050/4803/2127 2313/4804/2355 2314/4805/2356
f 2052/4806/2130 2051/4807/2128 2314/4808/2356 2315/4809/2358
f 2053/4810/2135 2052/4811/2130 2315/4812/2358 2316/4813/2361
f 1940/4814/2095 1941/4815/2042 2227/4816/2270 2173/4817/2323
f 2054/4818/2132 2053/4819/2135 2316/4820/2361 2317/4821/1379
f 1941/4822/2042 1923/4823/2018 2205/4824/2247 2227/4825/2270
f 2392/2385/1131 2054/4826/2132 2317/2387/1379 2405/2386/1380
f 2001/4827/1969 2016/4828/2076 2291/4829/2304 2206/4830/2206
f 1931/4831/2009 1942/4832/2099 2172/4833/2328 2216/4834/2324
f 2056/4835/2133 1884/4836/2129 2122/4837/2357 2318/4838/2360
f 1997/4839/1998 1995/4840/1997 2219/4841/2230 2199/4842/2229
f 2057/4843/2030 2056/4844/2133 2318/4845/2360 2319/4846/2259
f 2002/4847/2062 1993/4848/2061 2280/4849/2292 2218/4850/2291
f 2058/4851/2031 2057/4852/2030 2319/4853/2259 2320/4854/2261
f 1994/4855/2060 1996/4856/2064 2283/4857/2289 2281/4858/2288
f 2055/4859/2032 2058/4860/2031 2320/4861/2261 2311/4862/2260
f 2000/4863/2066 1997/4864/1998 2199/4865/2229 2286/4866/2294
f 2070/4867/2105 2059/4868/2104 2322/4869/2333 2321/4870/2334
f 2029/4871/1970 2001/4872/1969 2206/4873/2206 2292/4874/2205
f 1926/4875/2008 1998/4876/1519 2223/4877/1756 2230/4878/2239
f 1924/4239/1939 1932/4879/1399 2221/4880/1396 2208/4784/2222
f 2111/4786/2131 2388/4881/1130 2406/4882/1377 2125/4787/2359
f 2059/4883/2104 1952/4884/2029 2138/4885/2257 2322/4886/2333
f 1998/3639/1519 1999/4887/1992 2285/4888/2225 2223/3640/1756
f 2381/2451/1384 1877/4200/1902 2407/2453/1171 2396/2452/1385
f 1952/4889/2029 2060/4890/2028 2156/4891/2258 2138/4892/2257
f 2004/4893/2001 2006/4894/2070 2290/4895/2298 2288/4896/2232
f 1995/4840/1997 2008/4897/2083 2293/4898/2311 2219/4841/2230
f 1954/4899/1924 1953/4900/2111 2325/4901/2339 2235/4902/2162
f 2008/4903/2083 1928/4904/2002 2212/4905/2234 2293/4906/2311
f 1993/4907/2061 2009/4908/2071 2294/4909/2299 2280/4910/2292
f 2009/4911/2071 1994/4855/2060 2281/4858/2288 2294/4912/2299
f 2062/4913/1935 2072/4914/1934 2328/4915/2171 2233/4916/2170
f 2007/4917/1974 2005/4918/1999 2220/4919/2231 2201/4920/2210
f 2006/4894/2070 2010/4921/2072 2295/4922/2300 2290/4895/2298
f 2010/4923/2072 2000/4924/2066 2286/4925/2294 2295/4926/2300
f 1897/4927/1925 1954/4928/1924 2235/4929/2162 2154/4930/2161
f 1887/4931/1916 1888/4932/2114 2134/4933/2342 2133/4934/2153
f 2073/4935/1929 2061/4936/2103 2324/4937/2332 2153/4938/2168
f 2393/2504/1126 1898/4939/1901 2236/4940/2141 2408/2505/1373
f 2066/4941/2106 2064/4942/2038 2327/4943/2266 2329/4944/2335
f 2011/4945/1975 2007/4917/1974 2201/4920/2210 2296/4946/2209
f 2065/4947/2035 2067/4948/2034 2250/4949/2264 2232/4950/2263
f 1999/4951/1992 2003/4952/1995 2217/4953/2226 2285/4954/2225
f 2064/4955/2038 2063/4956/2107 2251/4957/2336 2327/4958/2266
f 2063/4959/2107 2065/4960/2035 2232/4961/2263 2251/4962/2336
f 1922/4963/1978 2004/4964/2001 2288/4965/2232 2203/4966/2212
f 1953/4967/2111 2387/2535/1108 2404/2534/1354 2325/4968/2339
f 2005/4969/1999 1922/4970/1978 2203/4971/2212 2220/4972/2231
f 2061/4973/2103 2066/4974/2106 2329/4975/2335 2324/4976/2332
f 1927/4977/2003 2014/4978/2081 2298/4979/2309 2211/4980/2235
f 2067/4981/2034 2062/4982/1935 2233/4983/2170 2250/4984/2264
f 2014/4985/2081 1926/4986/2008 2230/4987/2239 2298/4988/2309
f 2071/4989/1933 2070/4867/2105 2321/4870/2334 2330/4990/2172
f 2003/4991/1995 2015/4992/1994 2299/4993/2227 2217/4994/2226
f 1937/4995/2047 1956/4996/2024 2168/4997/2253 2243/4998/2275
f 1896/4999/1941 2069/5000/1930 2150/5001/2167 2149/5002/2177
f 2015/5003/1994 2002/5004/2062 2218/5005/2291 2299/5006/2227
f 1956/5007/2024 1938/5008/2046 2244/5009/2274 2168/5010/2253
f 1877/4200/1902 1885/4203/1905 2127/5011/2163 2407/2453/1171
f 2069/5012/1930 2073/4935/1929 2153/4938/2168 2150/5013/2167
f 1943/5014/2039 1945/5015/2039 2246/5016/2267 2245/5017/2267
f 1899/5018/1933 2071/4989/1933 2330/4990/2172 2323/5019/2172
f 1907/5020/2048 1937/5021/2047 2243/5022/2275 2169/5023/2276
f 2072/5024/1934 1899/5018/1933 2323/5019/2172 2328/5025/2171
f 2100/5026/2115 2395/2594/902 2401/2593/1357 2159/5027/2343
f 1996/5028/2064 2028/5029/2067 2304/5030/2295 2283/5031/2289
f 2103/5032/1912 2102/5033/2125 2151/5034/2353 2152/5035/1369
f 2068/5036/1900 1897/5037/1925 2154/5038/2161 2155/5039/2142
f 2025/5040/1959 2024/5041/1971 2180/5042/2204 2301/5043/2193
f 2060/5044/2028 1891/4791/2027 2139/4794/2256 2156/5045/2258
f 2027/5046/2058 2031/5047/2073 2305/5048/2301 2303/5049/2287
f 1898/4939/1901 2068/5036/1900 2155/5039/2142 2236/4940/2141
f 1885/4203/1905 1892/5050/1988 2144/5051/2173 2127/5011/2163
f 2023/5052/2069 2026/5053/2057 2302/5054/2285 2300/5055/2296
f 2024/5056/1971 2029/5057/1970 2292/5058/2205 2180/5059/2204
f 2102/5060/2125 2098/5061/2108 2157/5062/2337 2151/5063/2353
f 2028/5064/2067 2023/5065/2069 2300/5066/2296 2304/5067/2295
f 2099/5068/1896 2101/5069/2124 2158/5070/2352 2124/5071/2138
f 2020/5072/2065 2019/5073/1976 2182/5074/2208 2284/5075/2293
f 2101/5076/2124 2100/5077/2115 2159/5078/2343 2158/5079/2352
f 2083/5080/2113 2075/5081/1911 2249/5082/2147 2333/5083/2341
f 2032/5084/2084 2025/5040/1959 2301/5043/2193 2306/5085/2312
f 1938/5086/2046 1943/5014/2039 2245/5017/2267 2244/5087/2274
f 2076/5088/1919 2084/5089/1918 2130/5090/2156 2116/5091/2155
f 1904/5092/1943 2032/5093/2084 2306/5094/2312 2165/5095/2180
f 1946/5096/2043 1944/5097/2045 2254/5098/2272 2253/5099/2271
f 2036/5100/1953 2043/5101/1952 2163/5102/2189 2162/5103/2188
f 2090/5104/1909 2080/5105/1922 2118/5106/2157 2126/5107/2149
f 2033/5108/2059 2027/5109/2058 2303/5110/2287 2307/5111/2286
f 1944/5112/2045 1896/5113/1941 2149/5114/2177 2254/5115/2272
f 1903/5116/1944 1904/5117/1943 2165/5118/2180 2164/5119/2179
f 2079/5120/2101 2089/5121/2102 2336/5122/2331 2129/5123/2330
f 2026/5124/2057 2033/5125/2059 2307/5126/2286 2302/5127/2285
f 2085/5128/1940 2086/5129/1942 2334/5130/2176 2135/5131/2175
f 2018/5132/1957 2021/5133/2078 2192/5134/2306 2287/5135/2192
f 1888/5136/2114 2091/5137/2116 2337/5138/2344 2134/5139/2342
f 2017/5140/2079 2022/5141/2074 2279/5142/2302 2289/5143/2307
f 1964/5144/2049 1962/5145/2011 2215/5146/2246 2255/5147/2277
f 2091/5148/2116 2083/5149/2113 2333/5150/2341 2337/5151/2344
f 2019/5073/1976 2011/5152/1975 2296/5153/2209 2182/5074/2208
f 2080/5154/1922 2092/5155/1921 2338/5156/2158 2118/5157/2157
f 2016/5158/2076 2018/5132/1957 2287/5135/2192 2291/5159/2304
f 1966/5160/2014 1948/5161/2013 2256/5162/2243 2257/5163/2242
f 2092/5164/1921 2088/5165/1920 2141/5166/2159 2338/5167/2158
f 2030/5168/1950 1902/5169/1949 2170/5170/2185 2146/5171/2184
f 1947/5172/2004 1965/5173/2005 2229/5174/2238 2228/5175/2237
f 2087/5176/2119 2093/5177/2121 2131/5178/2348 2335/5179/2347
f 2022/5180/2074 2030/5181/1950 2146/5182/2184 2279/5183/2302
f 1948/5161/2013 1964/5184/2049 2255/5185/2277 2256/5162/2243
f 1942/5186/2099 1939/5187/2094 2171/5188/2322 2172/5189/2328
f 2093/5190/2121 2079/5191/2101 2129/5192/2330 2131/5193/2348
f 1936/5194/1513 1947/5172/2004 2228/5175/2237 2226/5195/2236
f 1939/5196/2094 1940/5197/2095 2173/5198/2323 2171/5199/2322
f 2084/5200/1918 2094/5201/2120 2132/5202/2349 2130/5203/2156
f 1892/5204/1988 1900/5205/1991 2160/5206/2181 2144/5207/2173
f 2094/5208/2120 2085/5128/1940 2135/5131/2175 2132/5209/2349
f 2034/5210/2082 1903/5211/1944 2164/5212/2179 2308/5213/2310
f 2030/5214/1950 2078/5215/1914 2143/5216/2151 2146/5217/2184
f 1902/5218/1949 2034/5219/2082 2308/5220/2310 2170/5221/2185
f 1915/5222/2023 1968/5223/2022 2259/5224/2252 2186/5225/2251
f 2081/5226/2117 2095/5227/2118 2339/5228/2346 2331/5229/2345
f 2035/5230/2080 2017/5231/2079 2289/5232/2307 2309/5233/2308
f 1968/5234/2022 1969/5235/2098 2260/5236/2326 2259/5237/2252
f 2095/5227/2118 2030/5238/1950 2146/5239/2184 2339/5228/2346
f 2031/5240/2073 2035/5241/2080 2309/5242/2308 2305/5243/2301
f 1969/5244/2098 1970/5245/2097 2261/5246/2327 2260/5247/2326
f 2078/5215/1914 2077/5248/1913 2140/5249/2152 2143/5216/2151
f 2043/5250/1952 2037/5251/2085 2190/5252/2313 2163/5253/2189
f 1970/5254/2097 1967/5255/2100 2187/5256/2329 2261/5257/2327
f 2088/5258/1920 2074/5259/1923 2142/5260/2160 2141/5261/2159
f 1971/5262/2050 1966/5160/2014 2257/5163/2242 2262/5263/2278
f 2074/5264/1923 2087/5265/2119 2335/5266/2347 2142/5267/2160
f 1965/5173/2005 1961/5268/1961 2241/5269/2199 2229/5174/2238
f 2082/5270/2122 2081/5226/2117 2331/5229/2345 2332/5271/2350
f 1973/5272/2015 1971/5273/2050 2262/5274/2278 2258/5275/2241
f 2077/5276/1913 1887/4931/1916 2133/4934/2153 2140/5277/2152
f 1961/5278/1961 1974/5279/2051 2263/5280/2279 2241/5281/2199
f 1967/5282/2100 1907/5283/2048 2169/5284/2276 2187/5285/2329
f 2075/5286/1911 2096/5287/1910 2340/5288/2148 2249/5289/2147
f 1974/5279/2051 1960/5290/2016 2204/5291/2244 2263/5280/2279
f 2096/5292/1910 2090/5293/1909 2126/5294/2149 2340/5295/2148
f 1960/5296/2016 1975/5297/2017 2264/5298/2245 2204/5299/2244
f 1900/5205/1991 1908/4753/1981 2174/4755/2190 2160/5206/2181
f 2089/5300/2102 2097/5301/2123 2341/5302/2351 2336/5303/2331
f 1975/5297/2017 1972/5304/2012 2242/5305/2240 2264/5298/2245
f 2097/5306/2123 2076/5307/1919 2116/5308/2155 2341/5309/2351
f 1972/5310/2012 1973/5272/2015 2258/5275/2241 2242/5311/2240
f 2042/5312/1980 2039/4780/1964 2189/4783/2196 2188/5313/2215
f 2086/5314/1942 2082/5270/2122 2332/5271/2350 2334/5315/2176
f 1945/5015/2039 1977/5316/2041 2265/5317/2269 2246/5016/2267
f 2037/5251/2085 2042/5312/1980 2188/5313/2215 2190/5252/2313
f 2395/5318/902 2103/5032/1912 2152/5035/1369 2401/5319/1357
f 2040/5320/1977 2036/5100/1953 2162/5103/2188 2191/5321/2213
f 2104/5322/1897 2099/5323/1896 2124/5324/2138 2342/5325/2137
f 1955/5326/2052 1946/5327/2043 2253/5328/2271 2237/5329/2280
f 2105/5330/2126 2104/5331/1897 2342/5332/2137 2343/5333/2354
f 1977/5334/2041 1978/5335/2040 2266/5336/2268 2265/5337/2269
f 2394/5338/1106 2105/5339/2126 2343/5340/2354 2403/5341/1349
f 1979/5342/2054 1955/5326/2052 2237/5329/2280 2267/5343/2281
f 2106/5344/2109 2394/5345/1106 2403/2268/1349 2344/5346/1350
f 1958/5347/2021 1979/5342/2054 2267/5343/2281 2185/5348/2250
f 2107/5349/2110 2106/5344/2109 2344/5346/1350 2345/5350/2338
f 1914/5351/1954 2020/5352/2065 2284/5353/2293 2184/5354/2187
f 1980/5355/2025 1958/5356/2021 2185/5357/2250 2268/5358/2255
f 2098/5061/2108 2107/5349/2110 2345/5350/2338 2157/5062/2337
f 1976/5359/2026 1980/5355/2025 2268/5358/2255 2238/5360/2254
f 2021/5361/2078 1914/5362/1954 2184/5363/2187 2192/5364/2306
f 1978/5335/2040 1976/5359/2026 2238/5360/2254 2266/5336/2268
f 1982/5365/2096 1981/5366/2090 2269/5367/2318 2270/5368/2325
f 1983/5369/2093 1982/5370/2096 2270/5371/2325 2271/5372/2321
f 2209/5373/2224 2360/4544/2223 2361/4562/1397 2222/5374/1815
f 2194/4538/1733 2359/5375/2217 2360/5376/2223 2209/4545/2224
f 2175/5377/2219 2358/5378/2191 2359/5379/2217 2194/5380/1733
f 2161/5381/2303 2357/4500/2182 2358/4509/2191 2175/5382/2219
f 2145/5383/2305 2356/4492/2174 2357/4500/2182 2161/5381/2303
f 2128/4466/2150 2355/4482/2164 2356/4492/2174 2145/5383/2305
f 2113/4454/2144 2414/2053/1168 2355/4482/2164 2128/4466/2150
f 2397/2033/1148 2413/2908/1386 2414/2053/1168 2113/4454/2144
f 1925/4295/1993 1933/4379/1582 2354/5384/1432 2353/5385/1927
f 1917/4287/1985 1925/4295/1993 2353/5385/1927 2352/5386/2363
f 1909/4288/1986 1917/4287/1985 2352/5386/2363 2351/5387/2364
f 1901/4385/2075 1909/4288/1986 2351/5387/2364 2350/5388/2365
f 1893/4387/2077 1901/4385/2075 2350/5388/2365 2349/5389/2006
f 1886/4213/1915 1893/4387/2077 2349/5389/2006 2348/5390/1955
f 1878/4205/1907 1886/4213/1915 2348/5390/1955 2347/5391/1946
f 2382/1758/892 1878/4205/1907 2347/5391/1946 2412/2918/938
f 2416/2919/939 2370/5392/1947 2362/5393/1903 2415/2920/1390
f 2370/5392/1947 2371/5394/1956 2363/5395/1904 2362/5393/1903
f 2371/5394/1956 2372/5396/2007 2364/5397/1989 2363/5395/1904
f 2372/5396/2007 2373/5398/2366 2365/5399/1990 2364/5397/1989
f 2373/5398/2366 2374/5400/2367 2366/5401/1982 2365/5399/1990
f 2374/5400/2367 2375/5402/2368 2367/5403/1937 2366/5401/1982
f 2375/5402/2368 2376/5404/1926 2368/5405/1938 2367/5403/1937
f 2376/5404/1926 2377/5406/1435 2369/5407/1887 2368/5405/1938
f 2353/4227/1927 2376/4226/1926 2375/5408/2368 2352/5409/2363
f 1900/4293/1991 2365/4292/1990 2366/4282/1982 1908/4281/1981
f 2352/5409/2363 2375/5408/2368 2374/5410/2367 2351/5411/2364
f 2351/5412/2364 2374/5400/2367 2373/5398/2366 2350/5413/2365
f 1924/4239/1939 2368/4238/1938 2369/5414/1887 1932/4879/1399
f 2381/2451/1384 2415/2948/1390 2362/4201/1903 1877/4200/1902
f 2350/5413/2365 2373/5398/2366 2372/5396/2007 2349/5415/2006
f 1885/5416/1905 2363/5417/1904 2364/4291/1989 1892/4290/1988
f 1962/5418/2011 1963/5419/2010 2380/5420/1889 2379/5421/1888 2215/5422/2246
f 2216/4661/2324 2215/4572/2246 2379/5423/1888 2378/5424/1890
f 1963/5425/2010 1931/4831/2009 2216/4834/2324 2378/5426/1890 2380/5427/1889
f 2413/2908/1386 2414/2053/1168 2407/2056/1171 2396/5428/1385
f 2387/5429/1108 2404/2251/1354 2403/2268/1349 2394/5345/1106
o Torus.002_Torus.017
v 0.263447 0.240157 -0.009459
v 0.258062 0.240157 -0.029537
v 0.243363 0.240157 -0.044267
v 0.223224 0.240157 -0.049760
v 0.202966 0.240157 -0.044480
v 0.188009 0.240157 -0.029746
v 0.182522 0.240157 -0.009459
v 0.188010 0.240157 0.010827
v 0.202966 0.240157 0.025563
v 0.223224 0.240157 0.030839
v 0.243362 0.240157 0.025350
v 0.258062 0.240157 0.010618
v 0.258334 0.188244 -0.009459
v 0.253054 0.189295 -0.029538
v 0.238638 0.192163 -0.044267
v 0.218887 0.196090 -0.049760
v 0.199018 0.200044 -0.044480
v 0.184345 0.202963 -0.029746
v 0.178963 0.204032 -0.009459
v 0.184345 0.202963 0.010827
v 0.199018 0.200044 0.025564
v 0.218887 0.196090 0.030839
v 0.238634 0.192163 0.025350
v 0.253054 0.189295 0.010618
v 0.243189 0.138326 -0.009459
v 0.238220 0.140386 -0.029537
v 0.224633 0.146012 -0.044267
v 0.206035 0.153719 -0.049760
v 0.187313 0.161473 -0.044481
v 0.173501 0.167194 -0.029746
v 0.168421 0.169298 -0.009459
v 0.173501 0.167194 0.010827
v 0.187316 0.161473 0.025564
v 0.206035 0.153719 0.030839
v 0.224633 0.146012 0.025350
v 0.238219 0.140386 0.010618
v 0.218601 0.092326 -0.009459
v 0.214124 0.095311 -0.029535
v 0.201901 0.103481 -0.044267
v 0.185161 0.114667 -0.049760
v 0.168311 0.125929 -0.044481
v 0.155885 0.134230 -0.029745
v 0.151306 0.137288 -0.009459
v 0.155885 0.134231 0.010826
v 0.168311 0.125929 0.025564
v 0.185161 0.114667 0.030839
v 0.201901 0.103480 0.025350
v 0.214124 0.095311 0.010616
v 0.185509 0.052002 -0.009459
v 0.181700 0.055807 -0.029533
v 0.171315 0.066199 -0.044267
v 0.157071 0.080440 -0.049760
v 0.142740 0.094771 -0.044481
v 0.132169 0.105339 -0.029744
v 0.128284 0.109226 -0.009459
v 0.132169 0.105339 0.010824
v 0.142740 0.094771 0.025564
v 0.157071 0.080440 0.030839
v 0.171312 0.066199 0.025350
v 0.181701 0.055807 0.010614
v 0.145186 0.018908 -0.009460
v 0.142196 0.023385 -0.029534
v 0.134031 0.035603 -0.044267
v 0.122840 0.052352 -0.049760
v 0.111584 0.069201 -0.044480
v 0.103277 0.081628 -0.029744
v 0.100224 0.086197 -0.009459
v 0.103277 0.081628 0.010825
v 0.111585 0.069200 0.025563
v 0.122840 0.052352 0.030839
v 0.134030 0.035605 0.025351
v 0.142196 0.023384 0.010615
v 0.099183 -0.005678 -0.009460
v 0.097120 -0.000709 -0.029533
v 0.091499 0.012870 -0.044268
v 0.083792 0.031479 -0.049760
v 0.076034 0.050201 -0.044480
v 0.070318 0.064008 -0.029744
v 0.068211 0.069090 -0.009459
v 0.070318 0.064008 0.010824
v 0.076035 0.050199 0.025563
v 0.083792 0.031479 0.030839
v 0.091499 0.012872 0.025351
v 0.097120 -0.000709 0.010614
v 0.049265 -0.020818 -0.009459
v 0.048216 -0.015548 -0.029531
v 0.045348 -0.001131 -0.044268
v 0.041419 0.018624 -0.049759
v 0.037464 0.038503 -0.044481
v 0.034551 0.053159 -0.029742
v 0.033477 0.058551 -0.009459
v 0.034551 0.053159 0.010823
v 0.037465 0.038501 0.025564
v 0.041419 0.018624 0.030838
v 0.045348 -0.001131 0.025351
v 0.048216 -0.015548 0.010612
v -0.002647 -0.025929 -0.009459
v -0.002647 -0.020558 -0.029530
v -0.002647 -0.005857 -0.044268
v -0.002647 0.014283 -0.049759
v -0.002647 0.034552 -0.044481
v -0.002647 0.049496 -0.029741
v -0.002647 0.054990 -0.009459
v -0.002647 0.049496 0.010822
v -0.002647 0.034552 0.025564
v -0.002647 0.014283 0.030838
v -0.002647 -0.005857 0.025351
v -0.002647 -0.020558 0.010611
v -0.054558 -0.020817 -0.009459
v -0.053509 -0.015548 -0.029531
v -0.050642 -0.001131 -0.044268
v -0.046713 0.018624 -0.049759
v -0.042758 0.038503 -0.044481
v -0.039844 0.053160 -0.029742
v -0.038770 0.058551 -0.009459
v -0.039844 0.053160 0.010823
v -0.042758 0.038501 0.025564
v -0.046713 0.018624 0.030838
v -0.050642 -0.001131 0.025351
v -0.053509 -0.015548 0.010612
v -0.104477 -0.005678 -0.009459
v -0.102413 -0.000709 -0.029533
v -0.096793 0.012870 -0.044268
v -0.089085 0.031479 -0.049760
v -0.081328 0.050200 -0.044480
v -0.075609 0.064008 -0.029744
v -0.073505 0.069088 -0.009459
v -0.075608 0.064008 0.010824
v -0.081328 0.050199 0.025563
v -0.089085 0.031479 0.030839
v -0.096793 0.012872 0.025351
v -0.102413 -0.000709 0.010614
v -0.150480 0.018907 -0.009459
v -0.147489 0.023385 -0.029535
v -0.139324 0.035605 -0.044267
v -0.128134 0.052350 -0.049760
v -0.116878 0.069201 -0.044480
v -0.108570 0.081628 -0.029744
v -0.105518 0.086197 -0.009459
v -0.108570 0.081628 0.010824
v -0.116878 0.069200 0.025564
v -0.128134 0.052352 0.030839
v -0.139324 0.035605 0.025351
v -0.147489 0.023385 0.010615
v -0.190803 0.052002 -0.009459
v -0.186994 0.055807 -0.029535
v -0.176602 0.066199 -0.044267
v -0.162365 0.080440 -0.049760
v -0.148033 0.094771 -0.044481
v -0.137463 0.105339 -0.029744
v -0.133578 0.109226 -0.009459
v -0.137463 0.105339 0.010824
v -0.148033 0.094771 0.025564
v -0.162365 0.080440 0.030839
v -0.176602 0.066201 0.025350
v -0.186994 0.055807 0.010616
v -0.223895 0.092326 -0.009459
v -0.219418 0.095311 -0.029536
v -0.207194 0.103481 -0.044267
v -0.190455 0.114667 -0.049760
v -0.173604 0.125929 -0.044481
v -0.161179 0.134231 -0.029745
v -0.156600 0.137288 -0.009459
v -0.161179 0.134230 0.010826
v -0.173604 0.125929 0.025564
v -0.190455 0.114667 0.030839
v -0.207194 0.103481 0.025350
v -0.219418 0.095311 0.010616
v -0.248483 0.138326 -0.009459
v -0.243513 0.140386 -0.029537
v -0.229927 0.146012 -0.044267
v -0.211329 0.153718 -0.049760
v -0.192606 0.161473 -0.044481
v -0.178791 0.167194 -0.029745
v -0.173715 0.169298 -0.009459
v -0.178791 0.167194 0.010825
v -0.192606 0.161473 0.025564
v -0.211329 0.153719 0.030839
v -0.229927 0.146012 0.025350
v -0.243513 0.140386 0.010617
v -0.263628 0.188244 -0.009459
v -0.258347 0.189295 -0.029538
v -0.243931 0.192163 -0.044267
v -0.224184 0.196089 -0.049760
v -0.204301 0.200045 -0.044481
v -0.189639 0.202963 -0.029741
v -0.184256 0.204033 -0.009459
v -0.189639 0.202963 0.010821
v -0.204301 0.200045 0.025565
v -0.224184 0.196089 0.030839
v -0.243928 0.192163 0.025350
v -0.258348 0.189295 0.010618
v -0.268741 0.240157 -0.009459
v -0.263356 0.240157 -0.029537
v -0.248656 0.240157 -0.044267
v -0.228519 0.240157 -0.049759
v -0.208251 0.240157 -0.044481
v -0.193304 0.240157 -0.029740
v -0.187815 0.240157 -0.009459
v -0.193304 0.240157 0.010820
v -0.208251 0.240157 0.025564
v -0.228519 0.240157 0.030838
v -0.248656 0.240157 0.025350
v -0.263356 0.240157 0.010618
v -0.263628 0.292068 -0.009459
v -0.258348 0.291018 -0.029537
v -0.243931 0.288152 -0.044267
v -0.224184 0.284224 -0.049760
v -0.204301 0.280269 -0.044481
v -0.189639 0.277352 -0.029741
v -0.184256 0.276281 -0.009459
v -0.189639 0.277352 0.010821
v -0.204301 0.280270 0.025564
v -0.224184 0.284224 0.030839
v -0.243928 0.288152 0.025350
v -0.258348 0.291018 0.010618
v -0.248483 0.341986 -0.009459
v -0.243513 0.339926 -0.029536
v -0.229927 0.334301 -0.044267
v -0.211329 0.326595 -0.049760
v -0.192606 0.318841 -0.044481
v -0.178791 0.313120 -0.029745
v -0.173715 0.311017 -0.009459
v -0.178791 0.313121 0.010825
v -0.192606 0.318842 0.025564
v -0.211329 0.326595 0.030839
v -0.229927 0.334301 0.025350
v -0.243513 0.339926 0.010617
v -0.223895 0.387989 -0.009459
v -0.219418 0.385004 -0.029536
v -0.207194 0.376833 -0.044267
v -0.190455 0.365645 -0.049760
v -0.173604 0.354386 -0.044480
v -0.161179 0.346084 -0.029745
v -0.156600 0.343026 -0.009459
v -0.161179 0.346084 0.010826
v -0.173605 0.354386 0.025563
v -0.190454 0.365645 0.030839
v -0.207194 0.376833 0.025350
v -0.219418 0.385004 0.010616
v -0.190799 0.428312 -0.009459
v -0.186995 0.424507 -0.029533
v -0.176602 0.414116 -0.044267
v -0.162365 0.399873 -0.049760
v -0.148034 0.385544 -0.044481
v -0.137463 0.374975 -0.029745
v -0.133578 0.371087 -0.009459
v -0.137463 0.374975 0.010826
v -0.148034 0.385546 0.025564
v -0.162364 0.399873 0.030839
v -0.176602 0.414116 0.025350
v -0.186995 0.424507 0.010614
v -0.150480 0.461404 -0.009459
v -0.147490 0.456928 -0.029532
v -0.139328 0.444714 -0.044267
v -0.128134 0.427965 -0.049759
v -0.116878 0.411114 -0.044481
v -0.108570 0.398684 -0.029745
v -0.105518 0.394115 -0.009459
v -0.108570 0.398684 0.010825
v -0.116879 0.411114 0.025564
v -0.128134 0.427965 0.030838
v -0.139328 0.444713 0.025350
v -0.147489 0.456928 0.010613
v -0.104480 0.485994 -0.009459
v -0.102413 0.481020 -0.029532
v -0.096796 0.467447 -0.044267
v -0.089085 0.448837 -0.049759
v -0.081328 0.430111 -0.044481
v -0.075609 0.416305 -0.029743
v -0.073504 0.411225 -0.009459
v -0.075609 0.416305 0.010823
v -0.081328 0.430113 0.025564
v -0.089085 0.448836 0.030838
v -0.096793 0.467446 0.025350
v -0.102413 0.481020 0.010613
v -0.054559 0.501136 -0.009459
v -0.053509 0.495858 -0.029533
v -0.050642 0.481443 -0.044268
v -0.046713 0.461688 -0.049759
v -0.042758 0.441809 -0.044480
v -0.039844 0.427156 -0.029742
v -0.038771 0.421762 -0.009459
v -0.039844 0.427156 0.010822
v -0.042758 0.441809 0.025564
v -0.046713 0.461688 0.030838
v -0.050642 0.481443 0.025351
v -0.053509 0.495858 0.010614
v -0.002647 0.506247 -0.009459
v -0.002647 0.500867 -0.029534
v -0.002647 0.486170 -0.044268
v -0.002647 0.466028 -0.049759
v -0.002647 0.445763 -0.044480
v -0.002647 0.430816 -0.029742
v -0.002647 0.425320 -0.009459
v -0.002647 0.430816 0.010822
v -0.002647 0.445763 0.025563
v -0.002647 0.466028 0.030838
v -0.002647 0.486171 0.025351
v -0.002647 0.500867 0.010614
v 0.049265 0.501136 -0.009459
v 0.048215 0.495858 -0.029533
v 0.045348 0.481443 -0.044268
v 0.041419 0.461688 -0.049759
v 0.037464 0.441808 -0.044480
v 0.034551 0.427156 -0.029741
v 0.033477 0.421761 -0.009459
v 0.034551 0.427156 0.010822
v 0.037464 0.441809 0.025564
v 0.041419 0.461688 0.030838
v 0.045348 0.481443 0.025351
v 0.048216 0.495858 0.010614
v 0.099187 0.485994 -0.009459
v 0.097119 0.481020 -0.029533
v 0.091502 0.467447 -0.044267
v 0.083792 0.448837 -0.049759
v 0.076034 0.430111 -0.044481
v 0.070318 0.416306 -0.029743
v 0.068211 0.411223 -0.009459
v 0.070318 0.416306 0.010823
v 0.076034 0.430111 0.025564
v 0.083792 0.448836 0.030838
v 0.091499 0.467446 0.025350
v 0.097119 0.481020 0.010613
v 0.145186 0.461404 -0.009459
v 0.142196 0.456928 -0.029531
v 0.134034 0.444714 -0.044267
v 0.122840 0.427965 -0.049759
v 0.111585 0.411114 -0.044481
v 0.103277 0.398684 -0.029745
v 0.100224 0.394115 -0.009459
v 0.103277 0.398684 0.010825
v 0.111585 0.411114 0.025564
v 0.122840 0.427965 0.030838
v 0.134034 0.444713 0.025350
v 0.142196 0.456928 0.010612
v 0.185506 0.428311 -0.009459
v 0.181701 0.424508 -0.029532
v 0.171315 0.414116 -0.044267
v 0.157071 0.399873 -0.049760
v 0.142740 0.385544 -0.044481
v 0.132169 0.374975 -0.029745
v 0.128284 0.371087 -0.009459
v 0.132169 0.374975 0.010826
v 0.142740 0.385546 0.025564
v 0.157071 0.399873 0.030839
v 0.171315 0.414116 0.025350
v 0.181701 0.424508 0.010613
v 0.218601 0.387988 -0.009459
v 0.214124 0.385004 -0.029535
v 0.201901 0.376833 -0.044267
v 0.185161 0.365645 -0.049760
v 0.168311 0.354386 -0.044480
v 0.155885 0.346084 -0.029745
v 0.151306 0.343026 -0.009459
v 0.155886 0.346084 0.010826
v 0.168311 0.354386 0.025563
v 0.185161 0.365645 0.030839
v 0.201901 0.376833 0.025350
v 0.214124 0.385004 0.010616
v 0.243189 0.341985 -0.009459
v 0.238220 0.339927 -0.029536
v 0.224633 0.334301 -0.044267
v 0.206035 0.326595 -0.049760
v 0.187313 0.318840 -0.044481
v 0.173501 0.313120 -0.029746
v 0.168421 0.311017 -0.009459
v 0.173501 0.313120 0.010827
v 0.187316 0.318842 0.025563
v 0.206035 0.326595 0.030839
v 0.224633 0.334301 0.025350
v 0.238220 0.339927 0.010617
v 0.258334 0.292068 -0.009459
v 0.253054 0.291018 -0.029537
v 0.238638 0.288152 -0.044267
v 0.218887 0.284224 -0.049760
v 0.199018 0.280271 -0.044480
v 0.184345 0.277352 -0.029746
v 0.178963 0.276281 -0.009459
v 0.184345 0.277352 0.010827
v 0.199018 0.280271 0.025564
v 0.218887 0.284222 0.030839
v 0.238634 0.288152 0.025350
v 0.253054 0.291018 0.010618
vt 0.857943 0.246326
vt 0.858019 0.249125
vt 0.857042 0.249013
vt 0.856968 0.246271
vt 0.082283 0.643884
vt 0.081742 0.646624
vt 0.080887 0.646391
vt 0.081398 0.643806
vt 0.079807 0.646072
vt 0.080276 0.643698
vt 0.078787 0.645750
vt 0.079214 0.643589
vt 0.077451 0.900591
vt 0.077568 0.898430
vt 0.078555 0.898668
vt 0.078447 0.900671
vt 0.079700 0.898755
vt 0.079595 0.900700
vt 0.080690 0.898668
vt 0.080581 0.900671
vt 0.536883 0.638965
vt 0.536487 0.636961
vt 0.537355 0.636724
vt 0.537782 0.638885
vt 0.538440 0.636402
vt 0.538909 0.638776
vt 0.539453 0.636083
vt 0.539964 0.638668
vt 0.860073 0.246275
vt 0.860143 0.248863
vt 0.859154 0.249070
vt 0.859079 0.246327
vt 0.858245 0.251766
vt 0.857263 0.251601
vt 0.080680 0.649205
vt 0.079885 0.648826
vt 0.078887 0.648307
vt 0.077949 0.647785
vt 0.077797 0.896395
vt 0.078767 0.896780
vt 0.079906 0.896922
vt 0.080902 0.896780
vt 0.535710 0.635074
vt 0.536517 0.634689
vt 0.537520 0.634167
vt 0.538450 0.633648
vt 0.860352 0.251305
vt 0.859375 0.251657
vt 0.858611 0.254147
vt 0.857622 0.253934
vt 0.079138 0.651527
vt 0.078430 0.651018
vt 0.077551 0.650320
vt 0.076733 0.649617
vt 0.078129 0.894564
vt 0.079075 0.895082
vt 0.080206 0.895273
vt 0.081210 0.895082
vt 0.534583 0.633375
vt 0.535301 0.632857
vt 0.536184 0.632155
vt 0.536995 0.631456
vt 0.860690 0.253506
vt 0.859734 0.253990
vt 0.859104 0.256177
vt 0.858105 0.255923
vt 0.077175 0.653502
vt 0.076579 0.652882
vt 0.075851 0.652031
vt 0.075185 0.651174
vt 0.078552 0.893006
vt 0.079468 0.893637
vt 0.080586 0.893870
vt 0.909969 0.504089
vt 0.909521 0.505191
vt 0.908403 0.504959
vt 0.908864 0.503824
vt 0.533147 0.631931
vt 0.533753 0.631300
vt 0.534484 0.630443
vt 0.535144 0.629593
vt 0.861146 0.255383
vt 0.860216 0.255979
vt 0.323395 0.745091
vt 0.322848 0.743075
vt 0.323966 0.742889
vt 0.324502 0.744864
vt 0.074868 0.655054
vt 0.074401 0.654346
vt 0.073851 0.653375
vt 0.073365 0.652398
vt 0.073073 0.651678
vt 0.074761 0.650543
vt 0.079929 0.892502
vt 0.081034 0.892767
vt 0.909141 0.506594
vt 0.908011 0.506403
vt 0.531460 0.630796
vt 0.531933 0.630076
vt 0.532484 0.629099
vt 0.532966 0.628128
vt 0.533252 0.627420
vt 0.535559 0.628972
vt 0.322390 0.744864
vt 0.321854 0.742889
vt 0.322418 0.740705
vt 0.323545 0.740566
vt 0.324512 0.740188
vt 0.324909 0.742379
vt 0.071981 0.655355
vt 0.071630 0.654301
vt 0.071343 0.653241
vt 0.071198 0.652460
vt 0.910145 0.506403
vt 0.909837 0.508102
vt 0.908842 0.508244
vt 0.907703 0.508102
vt 0.906732 0.507717
vt 0.907064 0.505885
vt 0.529911 0.629233
vt 0.530263 0.628173
vt 0.530546 0.627120
vt 0.530687 0.626351
vt 0.321433 0.740566
vt 0.322122 0.738071
vt 0.323254 0.737986
vt 0.324238 0.737753
vt 0.069412 0.655869
vt 0.069271 0.654774
vt 0.069196 0.653671
vt 0.069207 0.652858
vt 0.909625 0.509989
vt 0.908636 0.510076
vt 0.907491 0.509989
vt 0.906503 0.509752
vt 0.527764 0.628803
vt 0.527904 0.627701
vt 0.527978 0.626605
vt 0.527965 0.625806
vt 0.321143 0.737986
vt 0.321972 0.735275
vt 0.323107 0.735246
vt 0.324099 0.735167
vt 0.066793 0.655869
vt 0.066867 0.654774
vt 0.067007 0.653671
vt 0.067177 0.652858
vt 0.909517 0.511993
vt 0.908531 0.512022
vt 0.907383 0.511993
vt 0.906387 0.511913
vt 0.525575 0.628803
vt 0.525500 0.627701
vt 0.525359 0.626605
vt 0.525190 0.625806
vt 0.320995 0.735246
vt 0.321972 0.732424
vt 0.323107 0.732453
vt 0.324099 0.732532
vt 0.064225 0.655355
vt 0.064508 0.654302
vt 0.064860 0.653242
vt 0.065187 0.652460
vt 0.909517 0.514035
vt 0.908531 0.514006
vt 0.907383 0.514035
vt 0.906387 0.514115
vt 0.523428 0.629233
vt 0.523141 0.628173
vt 0.522790 0.627120
vt 0.522467 0.626351
vt 0.320995 0.732453
vt 0.322122 0.729628
vt 0.323255 0.729713
vt 0.324238 0.729946
vt 0.061805 0.654346
vt 0.062287 0.653375
vt 0.062838 0.652399
vt 0.063311 0.651678
vt 0.909625 0.516039
vt 0.908636 0.515952
vt 0.907491 0.516039
vt 0.906503 0.516276
vt 0.521406 0.630076
vt 0.520920 0.629099
vt 0.520370 0.628128
vt 0.519903 0.627420
vt 0.321143 0.729713
vt 0.322418 0.726994
vt 0.323545 0.727133
vt 0.324512 0.727511
vt 0.059627 0.652882
vt 0.060287 0.652031
vt 0.061018 0.651175
vt 0.061624 0.650543
vt 0.909837 0.517926
vt 0.908842 0.517784
vt 0.907703 0.517926
vt 0.906732 0.518311
vt 0.519586 0.631300
vt 0.518920 0.630444
vt 0.518193 0.629593
vt 0.517596 0.628972
vt 0.321433 0.727133
vt 0.322848 0.724624
vt 0.323966 0.724810
vt 0.324909 0.725320
vt 0.057775 0.651018
vt 0.058587 0.650320
vt 0.059470 0.649617
vt 0.060188 0.649099
vt 0.910145 0.519624
vt 0.909141 0.519434
vt 0.908011 0.519624
vt 0.907064 0.520143
vt 0.518038 0.632858
vt 0.517220 0.632155
vt 0.516341 0.631457
vt 0.515633 0.630947
vt 0.321854 0.724810
vt 0.616010 0.735689
vt 0.615517 0.733331
vt 0.616639 0.733162
vt 0.617122 0.735472
vt 0.617596 0.732758
vt 0.618052 0.734938
vt 0.056321 0.648827
vt 0.057251 0.648308
vt 0.058254 0.647786
vt 0.059060 0.647401
vt 0.910847 0.054963
vt 0.910539 0.056661
vt 0.909544 0.056803
vt 0.909843 0.055153
vt 0.908405 0.056661
vt 0.908713 0.054963
vt 0.907434 0.056276
vt 0.907766 0.054444
vt 0.516822 0.634689
vt 0.515884 0.634167
vt 0.514886 0.633648
vt 0.514091 0.633269
vt 0.615011 0.735529
vt 0.614528 0.733219
vt 0.615150 0.730706
vt 0.616280 0.730590
vt 0.617257 0.730331
vt 0.055318 0.646392
vt 0.056331 0.646072
vt 0.057416 0.645751
vt 0.058284 0.645513
vt 0.910327 0.058548
vt 0.909338 0.058636
vt 0.908193 0.058548
vt 0.907205 0.058311
vt 0.515984 0.636724
vt 0.514964 0.636403
vt 0.513884 0.636083
vt 0.513029 0.635850
vt 0.614169 0.730647
vt 0.614925 0.727915
vt 0.616059 0.727855
vt 0.617049 0.727750
vt 0.054807 0.643807
vt 0.055861 0.643699
vt 0.056989 0.643590
vt 0.057888 0.643510
vt 0.910219 0.060552
vt 0.909233 0.060581
vt 0.908085 0.060552
vt 0.907089 0.060472
vt 0.515558 0.638885
vt 0.514495 0.638776
vt 0.513373 0.638668
vt 0.512488 0.638590
vt 0.613948 0.727912
vt 0.614849 0.725065
vt 0.615985 0.725063
vt 0.616978 0.725115
vt 0.054807 0.641171
vt 0.055862 0.641279
vt 0.056989 0.641387
vt 0.057888 0.641467
vt 0.910219 0.062595
vt 0.909233 0.062565
vt 0.908085 0.062595
vt 0.907089 0.062675
vt 0.515558 0.641088
vt 0.514495 0.641196
vt 0.513373 0.641304
vt 0.512488 0.641383
vt 0.613873 0.725120
vt 0.614925 0.722266
vt 0.616059 0.722321
vt 0.617049 0.722527
vt 0.055318 0.638586
vt 0.056330 0.638905
vt 0.057416 0.639227
vt 0.058284 0.639464
vt 0.910327 0.064598
vt 0.909338 0.064511
vt 0.908193 0.064598
vt 0.907205 0.064835
vt 0.515985 0.643248
vt 0.514964 0.643570
vt 0.513884 0.643889
vt 0.513029 0.644122
vt 0.613948 0.722377
vt 0.615150 0.719625
vt 0.616280 0.719733
vt 0.617257 0.720086
vt 0.056320 0.636151
vt 0.057251 0.636669
vt 0.058254 0.637191
vt 0.059060 0.637576
vt 0.910539 0.066485
vt 0.909544 0.066344
vt 0.908405 0.066485
vt 0.907434 0.066870
vt 0.516822 0.645284
vt 0.515884 0.645806
vt 0.514886 0.646324
vt 0.514091 0.646703
vt 0.614169 0.719790
vt 0.615517 0.717244
vt 0.616639 0.717400
vt 0.617596 0.717885
vt 0.057775 0.633959
vt 0.058587 0.634657
vt 0.059470 0.635360
vt 0.060188 0.635878
vt 0.910847 0.068184
vt 0.909843 0.067993
vt 0.908713 0.068184
vt 0.907766 0.068702
vt 0.518038 0.647115
vt 0.517220 0.647818
vt 0.516341 0.648516
vt 0.515633 0.649026
vt 0.614528 0.717456
vt 0.616010 0.715214
vt 0.617122 0.715412
vt 0.618052 0.716008
vt 0.059627 0.632095
vt 0.060287 0.632946
vt 0.061018 0.633802
vt 0.061623 0.634433
vt 0.909586 0.814319
vt 0.909125 0.813184
vt 0.910244 0.812951
vt 0.910691 0.814053
vt 0.910224 0.069396
vt 0.909105 0.069628
vt 0.908189 0.070260
vt 0.519586 0.648673
vt 0.518920 0.649529
vt 0.518193 0.650380
vt 0.517596 0.651001
vt 0.615011 0.715468
vt 0.861422 0.704930
vt 0.860875 0.706946
vt 0.859880 0.707132
vt 0.860416 0.705157
vt 0.059211 0.631474
vt 0.061519 0.629922
vt 0.061804 0.630630
vt 0.062286 0.631601
vt 0.062837 0.632578
vt 0.063311 0.633299
vt 0.908733 0.811739
vt 0.909863 0.811549
vt 0.910671 0.070498
vt 0.909566 0.070763
vt 0.520010 0.648041
vt 0.521698 0.649176
vt 0.521406 0.649897
vt 0.520920 0.650873
vt 0.520370 0.651844
vt 0.519904 0.652552
vt 0.862528 0.705157
vt 0.861992 0.707132
vt 0.860445 0.709316
vt 0.859459 0.709455
vt 0.064083 0.628853
vt 0.064224 0.629622
vt 0.064508 0.630675
vt 0.064860 0.631735
vt 0.907787 0.812258
vt 0.907455 0.810426
vt 0.908425 0.810041
vt 0.909564 0.809899
vt 0.910559 0.810041
vt 0.910867 0.811739
vt 0.523573 0.649958
vt 0.523428 0.650739
vt 0.523141 0.651799
vt 0.522790 0.652853
vt 0.862936 0.707642
vt 0.862538 0.709834
vt 0.861571 0.709455
vt 0.860149 0.711950
vt 0.859169 0.712036
vt 0.066805 0.628308
vt 0.066793 0.629108
vt 0.066866 0.630203
vt 0.067007 0.631305
vt 0.907226 0.808391
vt 0.908213 0.808154
vt 0.909358 0.808066
vt 0.910347 0.808154
vt 0.525564 0.650356
vt 0.525575 0.651169
vt 0.525500 0.652271
vt 0.525359 0.653367
vt 0.862265 0.712269
vt 0.861281 0.712036
vt 0.859998 0.714746
vt 0.859021 0.714775
vt 0.069581 0.628308
vt 0.069412 0.629107
vt 0.069271 0.630203
vt 0.069195 0.631305
vt 0.907109 0.806230
vt 0.908105 0.806150
vt 0.909253 0.806121
vt 0.910239 0.806150
vt 0.527594 0.650356
vt 0.527764 0.651169
vt 0.527904 0.652271
vt 0.527978 0.653367
vt 0.862125 0.714854
vt 0.861133 0.714775
vt 0.859998 0.717597
vt 0.859021 0.717568
vt 0.072303 0.628853
vt 0.071980 0.629622
vt 0.071629 0.630675
vt 0.071342 0.631735
vt 0.907109 0.804027
vt 0.908105 0.804107
vt 0.909253 0.804137
vt 0.910239 0.804107
vt 0.529585 0.649958
vt 0.529911 0.650739
vt 0.530263 0.651799
vt 0.530547 0.652853
vt 0.862125 0.717490
vt 0.861133 0.717568
vt 0.860149 0.720394
vt 0.859169 0.720308
vt 0.074867 0.629922
vt 0.074400 0.630630
vt 0.073851 0.631601
vt 0.073364 0.632578
vt 0.907226 0.801867
vt 0.908213 0.802104
vt 0.909358 0.802191
vt 0.910347 0.802104
vt 0.531460 0.649176
vt 0.531933 0.649896
vt 0.532484 0.650873
vt 0.532966 0.651844
vt 0.862265 0.720075
vt 0.861281 0.720308
vt 0.860445 0.723027
vt 0.859459 0.722889
vt 0.077175 0.631474
vt 0.076578 0.632094
vt 0.075850 0.632945
vt 0.075185 0.633802
vt 0.907454 0.799831
vt 0.908425 0.800217
vt 0.909564 0.800358
vt 0.910559 0.800217
vt 0.533147 0.648041
vt 0.533753 0.648673
vt 0.534484 0.649529
vt 0.535144 0.650380
vt 0.862538 0.722510
vt 0.861571 0.722889
vt 0.860875 0.725397
vt 0.859880 0.725211
vt 0.079137 0.633449
vt 0.078430 0.633958
vt 0.077551 0.634657
vt 0.076732 0.635359
vt 0.907787 0.798000
vt 0.908733 0.798518
vt 0.909863 0.798709
vt 0.910867 0.798518
vt 0.534583 0.646597
vt 0.535301 0.647115
vt 0.536184 0.647818
vt 0.536996 0.648516
vt 0.862936 0.724702
vt 0.861992 0.725211
vt 0.859104 0.235702
vt 0.858611 0.238060
vt 0.857622 0.238172
vt 0.858105 0.235862
vt 0.080679 0.635771
vt 0.079885 0.636150
vt 0.078887 0.636669
vt 0.077948 0.637191
vt 0.078129 0.908821
vt 0.077797 0.906990
vt 0.078767 0.906605
vt 0.079075 0.908303
vt 0.079907 0.906463
vt 0.080206 0.908112
vt 0.080902 0.906605
vt 0.081210 0.908303
vt 0.535711 0.644898
vt 0.536517 0.645283
vt 0.537520 0.645805
vt 0.538450 0.646324
vt 0.861146 0.236453
vt 0.860691 0.238633
vt 0.859734 0.238228
vt 0.860216 0.235918
vt 0.858245 0.240685
vt 0.857263 0.240744
vt 0.081742 0.638352
vt 0.080887 0.638585
vt 0.079807 0.638904
vt 0.078786 0.639226
vt 0.077568 0.904954
vt 0.078555 0.904717
vt 0.079700 0.904630
vt 0.080689 0.904717
vt 0.536487 0.643011
vt 0.537355 0.643248
vt 0.538440 0.643570
vt 0.539453 0.643889
vt 0.860352 0.241060
vt 0.859375 0.240800
vt 0.858019 0.243476
vt 0.857042 0.243479
vt 0.082283 0.641091
vt 0.081398 0.641170
vt 0.080276 0.641278
vt 0.079214 0.641386
vt 0.077451 0.902794
vt 0.078447 0.902714
vt 0.079595 0.902684
vt 0.080581 0.902714
vt 0.536883 0.641007
vt 0.537782 0.641088
vt 0.538909 0.641196
vt 0.539964 0.641304
vt 0.860143 0.243640
vt 0.859154 0.243535
vn 1.0000 0.0000 0.0000
vn 0.9808 -0.1951 0.0000
vn 0.8534 -0.1697 -0.4928
vn 0.8701 0.0000 -0.4928
vn 0.5043 -0.1003 -0.8576
vn 0.5142 0.0000 -0.8576
vn 0.0214 -0.0042 -0.9998
vn 0.0217 0.0000 -0.9998
vn -0.4721 0.0939 -0.8765
vn -0.4813 0.0000 -0.8765
vn -0.8427 0.1676 -0.5115
vn -0.8592 0.0000 -0.5115
vn -0.9808 0.1951 0.0000
vn -1.0000 0.0000 0.0000
vn -0.8427 0.1676 0.5115
vn -0.8593 0.0000 0.5115
vn -0.4720 0.0939 0.8766
vn -0.4813 0.0000 0.8766
vn 0.0214 -0.0042 0.9998
vn 0.0217 0.0000 0.9998
vn 0.5043 -0.1003 0.8577
vn 0.5141 0.0000 0.8577
vn 0.8534 -0.1697 0.4928
vn 0.8701 0.0000 0.4928
vn 0.9239 -0.3827 0.0000
vn 0.8039 -0.3330 -0.4928
vn 0.4750 -0.1968 -0.8577
vn 0.0202 -0.0083 -0.9998
vn -0.4448 0.1842 -0.8765
vn -0.7938 0.3288 -0.5116
vn -0.9239 0.3827 0.0000
vn -0.7938 0.3288 0.5116
vn -0.4447 0.1842 0.8765
vn 0.0201 -0.0083 0.9998
vn 0.4750 -0.1968 0.8577
vn 0.8039 -0.3330 0.4927
vn 0.8314 -0.5556 0.0000
vn 0.7235 -0.4834 -0.4927
vn 0.4276 -0.2857 -0.8576
vn 0.0182 -0.0121 -0.9998
vn -0.4003 0.2675 -0.8764
vn -0.7144 0.4773 -0.5116
vn -0.8314 0.5556 0.0000
vn -0.7144 0.4773 0.5116
vn -0.4003 0.2675 0.8765
vn 0.0182 -0.0121 0.9998
vn 0.4275 -0.2857 0.8577
vn 0.7235 -0.4835 0.4927
vn 0.7071 -0.7071 0.0000
vn 0.6153 -0.6153 -0.4927
vn 0.3637 -0.3637 -0.8576
vn 0.0154 -0.0154 -0.9998
vn -0.3405 0.3405 -0.8764
vn -0.6076 0.6076 -0.5115
vn -0.7071 0.7071 0.0000
vn -0.6076 0.6076 0.5115
vn -0.3404 0.3404 0.8765
vn 0.0154 -0.0154 0.9998
vn 0.3636 -0.3636 0.8576
vn 0.6153 -0.6153 0.4927
vn 0.5556 -0.8314 0.0000
vn 0.4834 -0.7235 -0.4927
vn 0.2857 -0.4276 -0.8576
vn 0.0121 -0.0181 -0.9998
vn -0.2675 0.4003 -0.8764
vn -0.4774 0.7144 -0.5115
vn -0.5556 0.8314 0.0000
vn -0.4774 0.7144 0.5115
vn -0.2675 0.4003 0.8765
vn 0.0121 -0.0181 0.9998
vn 0.2857 -0.4276 0.8576
vn 0.4834 -0.7236 0.4926
vn 0.3827 -0.9239 0.0000
vn 0.3330 -0.8040 -0.4926
vn 0.1968 -0.4751 -0.8576
vn 0.0083 -0.0201 -0.9998
vn -0.1843 0.4449 -0.8764
vn -0.3288 0.7938 -0.5115
vn -0.3827 0.9239 0.0000
vn -0.3288 0.7938 0.5115
vn -0.1842 0.4448 0.8765
vn 0.0083 -0.0201 0.9998
vn 0.1968 -0.4751 0.8576
vn 0.3330 -0.8040 0.4926
vn 0.1951 -0.9808 0.0000
vn 0.1698 -0.8536 -0.4925
vn 0.1003 -0.5044 -0.8576
vn 0.0042 -0.0214 -0.9998
vn -0.0939 0.4723 -0.8764
vn -0.1676 0.8428 -0.5115
vn -0.1951 0.9808 0.0000
vn -0.1676 0.8428 0.5114
vn -0.0939 0.4722 0.8764
vn 0.0042 -0.0213 0.9998
vn 0.1003 -0.5043 0.8576
vn 0.1698 -0.8536 0.4925
vn 0.0000 -1.0000 0.0000
vn 0.0000 -0.8703 -0.4925
vn 0.0000 -0.5142 -0.8576
vn 0.0000 -0.0218 -0.9998
vn 0.0000 0.4815 -0.8764
vn 0.0000 0.8593 -0.5114
vn 0.0000 1.0000 0.0000
vn 0.0000 0.8593 0.5114
vn 0.0000 0.4815 0.8764
vn 0.0000 -0.0218 0.9998
vn 0.0000 -0.5142 0.8576
vn 0.0000 -0.8703 0.4924
vn -0.1951 -0.9808 0.0000
vn -0.1698 -0.8536 -0.4925
vn -0.1003 -0.5044 -0.8576
vn -0.0042 -0.0214 -0.9998
vn 0.0939 0.4723 -0.8764
vn 0.1676 0.8428 -0.5114
vn 0.1951 0.9808 0.0000
vn 0.1676 0.8428 0.5114
vn 0.0939 0.4722 0.8765
vn -0.0042 -0.0213 0.9998
vn -0.1003 -0.5043 0.8576
vn -0.1698 -0.8536 0.4925
vn -0.3827 -0.9239 0.0000
vn -0.3330 -0.8040 -0.4926
vn -0.1968 -0.4751 -0.8576
vn -0.0083 -0.0201 -0.9998
vn 0.1842 0.4448 -0.8764
vn 0.3288 0.7938 -0.5115
vn 0.3827 0.9239 0.0000
vn 0.3288 0.7939 0.5115
vn 0.1842 0.4448 0.8765
vn -0.0083 -0.0201 0.9998
vn -0.1968 -0.4751 0.8576
vn -0.3330 -0.8040 0.4926
vn -0.5556 -0.8314 0.0000
vn -0.4834 -0.7235 -0.4927
vn -0.2857 -0.4276 -0.8576
vn -0.0121 -0.0181 -0.9998
vn 0.2675 0.4003 -0.8764
vn 0.4774 0.7145 -0.5115
vn 0.5556 0.8314 0.0000
vn 0.4774 0.7145 0.5115
vn 0.2675 0.4003 0.8765
vn -0.0121 -0.0181 0.9998
vn -0.2857 -0.4276 0.8576
vn -0.4834 -0.7235 0.4927
vn -0.7071 -0.7071 0.0000
vn -0.6153 -0.6153 -0.4927
vn -0.3636 -0.3636 -0.8576
vn -0.0154 -0.0154 -0.9998
vn 0.3405 0.3405 -0.8764
vn 0.6076 0.6076 -0.5115
vn 0.7071 0.7071 0.0000
vn 0.6076 0.6076 0.5115
vn 0.3404 0.3404 0.8765
vn -0.0154 -0.0154 0.9998
vn -0.3636 -0.3636 0.8576
vn -0.6153 -0.6153 0.4927
vn -0.8314 -0.5556 0.0000
vn -0.7235 -0.4834 -0.4927
vn -0.4275 -0.2857 -0.8576
vn -0.0182 -0.0121 -0.9998
vn 0.4003 0.2675 -0.8764
vn 0.7144 0.4773 -0.5116
vn 0.8315 0.5555 0.0000
vn 0.7144 0.4773 0.5116
vn 0.4003 0.2675 0.8765
vn -0.0182 -0.0121 0.9998
vn -0.4275 -0.2857 0.8577
vn -0.7235 -0.4834 0.4927
vn -0.9239 -0.3827 0.0000
vn -0.8039 -0.3330 -0.4928
vn -0.4750 -0.1968 -0.8577
vn -0.0202 -0.0084 -0.9998
vn 0.4448 0.1842 -0.8765
vn 0.7938 0.3288 -0.5115
vn 0.9239 0.3827 0.0000
vn 0.7939 0.3288 0.5115
vn 0.4447 0.1842 0.8765
vn -0.0202 -0.0084 0.9998
vn -0.4750 -0.1968 0.8577
vn -0.8039 -0.3330 0.4927
vn -0.9808 -0.1951 0.0000
vn -0.8534 -0.1697 -0.4928
vn -0.5043 -0.1003 -0.8577
vn -0.0215 -0.0043 -0.9998
vn 0.4722 0.0939 -0.8765
vn 0.8428 0.1676 -0.5114
vn 0.9808 0.1951 0.0000
vn 0.8429 0.1676 0.5113
vn 0.4722 0.0939 0.8765
vn -0.0215 -0.0043 0.9998
vn -0.5043 -0.1003 0.8577
vn -0.8534 -0.1697 0.4928
vn -0.8701 0.0000 -0.4928
vn -0.5142 0.0000 -0.8577
vn -0.0218 0.0000 -0.9998
vn 0.4815 0.0000 -0.8764
vn 0.8594 0.0000 -0.5113
vn 0.8594 0.0000 0.5113
vn 0.4814 0.0000 0.8765
vn -0.0218 0.0000 0.9998
vn -0.5141 0.0000 0.8577
vn -0.8701 0.0000 0.4928
vn -0.8534 0.1697 -0.4928
vn -0.5043 0.1003 -0.8576
vn -0.0215 0.0043 -0.9998
vn 0.4722 -0.0939 -0.8765
vn 0.8428 -0.1676 -0.5114
vn 0.8429 -0.1676 0.5113
vn 0.4722 -0.0939 0.8765
vn -0.0215 0.0042 0.9998
vn -0.5043 0.1003 0.8577
vn -0.8534 0.1697 0.4928
vn -0.8039 0.3330 -0.4928
vn -0.4750 0.1968 -0.8577
vn -0.0202 0.0084 -0.9998
vn 0.4448 -0.1842 -0.8765
vn 0.7938 -0.3288 -0.5115
vn 0.7939 -0.3288 0.5115
vn 0.4447 -0.1842 0.8765
vn -0.0202 0.0084 0.9998
vn -0.4750 0.1968 0.8577
vn -0.8039 0.3330 0.4927
vn -0.7235 0.4835 -0.4927
vn -0.4275 0.2857 -0.8576
vn -0.0181 0.0121 -0.9998
vn 0.4003 -0.2675 -0.8764
vn 0.7144 -0.4773 -0.5116
vn 0.7144 -0.4773 0.5116
vn 0.4003 -0.2675 0.8765
vn -0.0181 0.0121 0.9998
vn -0.4275 0.2857 0.8577
vn -0.7235 0.4835 0.4927
vn -0.6153 0.6153 -0.4926
vn -0.3637 0.3637 -0.8576
vn -0.0154 0.0154 -0.9998
vn 0.3404 -0.3404 -0.8765
vn 0.6076 -0.6076 -0.5116
vn 0.6076 -0.6076 0.5115
vn 0.3404 -0.3404 0.8765
vn -0.0154 0.0154 0.9998
vn -0.3636 0.3636 0.8576
vn -0.6153 0.6153 0.4926
vn -0.4835 0.7236 -0.4926
vn -0.2858 0.4277 -0.8575
vn -0.0121 0.0181 -0.9998
vn 0.2675 -0.4003 -0.8765
vn 0.4774 -0.7144 -0.5115
vn 0.4774 -0.7145 0.5115
vn 0.2674 -0.4003 0.8765
vn -0.0121 0.0181 0.9998
vn -0.2857 0.4276 0.8576
vn -0.4835 0.7236 0.4926
vn -0.3330 0.8040 -0.4926
vn -0.1968 0.4752 -0.8576
vn -0.0083 0.0201 -0.9998
vn 0.1842 -0.4448 -0.8764
vn 0.3288 -0.7938 -0.5115
vn 0.3288 -0.7939 0.5114
vn 0.1842 -0.4448 0.8765
vn -0.0083 0.0201 0.9998
vn -0.1968 0.4751 0.8576
vn -0.3330 0.8040 0.4926
vn -0.1698 0.8535 -0.4926
vn -0.1003 0.5044 -0.8576
vn -0.0042 0.0213 -0.9998
vn 0.0939 -0.4723 -0.8764
vn 0.1676 -0.8428 -0.5115
vn 0.1676 -0.8428 0.5114
vn 0.0939 -0.4722 0.8764
vn -0.0042 0.0213 0.9998
vn -0.1003 0.5043 0.8576
vn -0.1698 0.8535 0.4926
vn 0.0000 0.8702 -0.4926
vn 0.0000 0.5143 -0.8576
vn 0.0000 0.0218 -0.9998
vn 0.0000 -0.4815 -0.8764
vn 0.0000 -0.8593 -0.5114
vn 0.0000 -0.8593 0.5114
vn 0.0000 -0.4815 0.8764
vn 0.0000 0.0218 0.9998
vn 0.0000 0.5142 0.8576
vn 0.0000 0.8702 0.4926
vn 0.1698 0.8535 -0.4926
vn 0.1003 0.5044 -0.8576
vn 0.0042 0.0213 -0.9998
vn -0.0939 -0.4723 -0.8764
vn -0.1676 -0.8428 -0.5115
vn -0.1676 -0.8428 0.5114
vn -0.0939 -0.4722 0.8764
vn 0.0042 0.0213 0.9998
vn 0.1003 0.5043 0.8576
vn 0.1698 0.8535 0.4926
vn 0.3330 0.8040 -0.4926
vn 0.1968 0.4752 -0.8575
vn 0.0083 0.0201 -0.9998
vn -0.1842 -0.4449 -0.8764
vn -0.3288 -0.7938 -0.5115
vn -0.3288 -0.7939 0.5115
vn -0.1842 -0.4448 0.8764
vn 0.0083 0.0201 0.9998
vn 0.1968 0.4751 0.8576
vn 0.3330 0.8040 0.4926
vn 0.4835 0.7236 -0.4926
vn 0.2858 0.4277 -0.8575
vn 0.0121 0.0181 -0.9998
vn -0.2675 -0.4003 -0.8765
vn -0.4774 -0.7144 -0.5115
vn -0.4774 -0.7144 0.5115
vn -0.2674 -0.4003 0.8765
vn 0.0121 0.0181 0.9998
vn 0.2857 0.4277 0.8576
vn 0.4835 0.7236 0.4926
vn 0.6153 0.6153 -0.4926
vn 0.3637 0.3637 -0.8576
vn 0.0154 0.0154 -0.9998
vn -0.3404 -0.3404 -0.8765
vn -0.6076 -0.6076 -0.5116
vn -0.6076 -0.6076 0.5115
vn -0.3404 -0.3404 0.8765
vn 0.0154 0.0154 0.9998
vn 0.3637 0.3636 0.8576
vn 0.6153 0.6154 0.4926
vn 0.8314 0.5556 0.0000
vn 0.7235 0.4835 -0.4927
vn 0.4276 0.2857 -0.8576
vn 0.0181 0.0121 -0.9998
vn -0.4003 -0.2675 -0.8764
vn -0.7144 -0.4773 -0.5116
vn -0.7144 -0.4773 0.5116
vn -0.4003 -0.2675 0.8765
vn 0.0181 0.0121 0.9998
vn 0.4275 0.2857 0.8577
vn 0.7235 0.4835 0.4927
vn 0.8039 0.3330 -0.4927
vn 0.4750 0.1968 -0.8577
vn 0.0201 0.0083 -0.9998
vn -0.4448 -0.1842 -0.8765
vn -0.7938 -0.3288 -0.5116
vn -0.7938 -0.3288 0.5116
vn -0.4447 -0.1842 0.8765
vn 0.0201 0.0083 0.9998
vn 0.4750 0.1968 0.8577
vn 0.8039 0.3330 0.4927
vn 0.8534 0.1697 -0.4928
vn 0.5043 0.1003 -0.8576
vn 0.0214 0.0042 -0.9998
vn -0.4721 -0.0939 -0.8765
vn -0.8427 -0.1676 -0.5115
vn -0.8427 -0.1676 0.5115
vn -0.4720 -0.0939 0.8766
vn 0.0214 0.0042 0.9998
vn 0.5043 0.1003 0.8577
vn 0.8534 0.1697 0.4928
usemtl None
s 1
f 2417/5430/2369 2429/5431/2370 2430/5432/2371 2418/5433/2372
f 2418/5434/2372 2430/5435/2371 2431/5436/2373 2419/5437/2374
f 2419/5437/2374 2431/5436/2373 2432/5438/2375 2420/5439/2376
f 2420/5439/2376 2432/5438/2375 2433/5440/2377 2421/5441/2378
f 2421/5442/2378 2433/5443/2377 2434/5444/2379 2422/5445/2380
f 2422/5445/2380 2434/5444/2379 2435/5446/2381 2423/5447/2382
f 2423/5447/2382 2435/5446/2381 2436/5448/2383 2424/5449/2384
f 2424/5450/2384 2436/5451/2383 2437/5452/2385 2425/5453/2386
f 2425/5453/2386 2437/5452/2385 2438/5454/2387 2426/5455/2388
f 2426/5455/2388 2438/5454/2387 2439/5456/2389 2427/5457/2390
f 2427/5458/2390 2439/5459/2389 2440/5460/2391 2428/5461/2392
f 2428/5461/2392 2440/5460/2391 2429/5431/2370 2417/5430/2369
f 2429/5431/2370 2441/5462/2393 2442/5463/2394 2430/5432/2371
f 2430/5435/2371 2442/5464/2394 2443/5465/2395 2431/5436/2373
f 2431/5436/2373 2443/5465/2395 2444/5466/2396 2432/5438/2375
f 2432/5438/2375 2444/5466/2396 2445/5467/2397 2433/5440/2377
f 2433/5443/2377 2445/5468/2397 2446/5469/2398 2434/5444/2379
f 2434/5444/2379 2446/5469/2398 2447/5470/2399 2435/5446/2381
f 2435/5446/2381 2447/5470/2399 2448/5471/2400 2436/5448/2383
f 2436/5451/2383 2448/5472/2400 2449/5473/2401 2437/5452/2385
f 2437/5452/2385 2449/5473/2401 2450/5474/2402 2438/5454/2387
f 2438/5454/2387 2450/5474/2402 2451/5475/2403 2439/5456/2389
f 2439/5459/2389 2451/5476/2403 2452/5477/2404 2440/5460/2391
f 2440/5460/2391 2452/5477/2404 2441/5462/2393 2429/5431/2370
f 2441/5462/2393 2453/5478/2405 2454/5479/2406 2442/5463/2394
f 2442/5464/2394 2454/5480/2406 2455/5481/2407 2443/5465/2395
f 2443/5465/2395 2455/5481/2407 2456/5482/2408 2444/5466/2396
f 2444/5466/2396 2456/5482/2408 2457/5483/2409 2445/5467/2397
f 2445/5468/2397 2457/5484/2409 2458/5485/2410 2446/5469/2398
f 2446/5469/2398 2458/5485/2410 2459/5486/2411 2447/5470/2399
f 2447/5470/2399 2459/5486/2411 2460/5487/2412 2448/5471/2400
f 2448/5472/2400 2460/5488/2412 2461/5489/2413 2449/5473/2401
f 2449/5473/2401 2461/5489/2413 2462/5490/2414 2450/5474/2402
f 2450/5474/2402 2462/5490/2414 2463/5491/2415 2451/5475/2403
f 2451/5476/2403 2463/5492/2415 2464/5493/2416 2452/5477/2404
f 2452/5477/2404 2464/5493/2416 2453/5478/2405 2441/5462/2393
f 2453/5478/2405 2465/5494/2417 2466/5495/2418 2454/5479/2406
f 2454/5480/2406 2466/5496/2418 2467/5497/2419 2455/5481/2407
f 2455/5481/2407 2467/5497/2419 2468/5498/2420 2456/5482/2408
f 2456/5482/2408 2468/5498/2420 2469/5499/2421 2457/5483/2409
f 2457/5484/2409 2469/5500/2421 2470/5501/2422 2458/5485/2410
f 2458/5485/2410 2470/5501/2422 2471/5502/2423 2459/5486/2411
f 2459/5503/2411 2471/5504/2423 2472/5505/2424 2460/5506/2412
f 2460/5488/2412 2472/5507/2424 2473/5508/2425 2461/5489/2413
f 2461/5489/2413 2473/5508/2425 2474/5509/2426 2462/5490/2414
f 2462/5490/2414 2474/5509/2426 2475/5510/2427 2463/5491/2415
f 2463/5492/2415 2475/5511/2427 2476/5512/2428 2464/5493/2416
f 2464/5493/2416 2476/5512/2428 2465/5494/2417 2453/5478/2405
f 2465/5513/2417 2477/5514/2429 2478/5515/2430 2466/5516/2418
f 2466/5496/2418 2478/5517/2430 2479/5518/2431 2467/5497/2419
f 2467/5497/2419 2479/5518/2431 2480/5519/2432 2468/5498/2420
f 2468/5498/2420 2480/5519/2432 2481/5520/2433 2469/5499/2421
f 2469/5499/2421 2481/5520/2433 2482/5521/2434 2470/5522/2422
f 2470/5501/2422 2482/5523/2434 2483/5524/2435 2471/5502/2423
f 2471/5504/2423 2483/5525/2435 2484/5526/2436 2472/5505/2424
f 2472/5507/2424 2484/5527/2436 2485/5528/2437 2473/5508/2425
f 2473/5508/2425 2485/5528/2437 2486/5529/2438 2474/5509/2426
f 2474/5509/2426 2486/5529/2438 2487/5530/2439 2475/5510/2427
f 2475/5510/2427 2487/5530/2439 2488/5531/2440 2476/5532/2428
f 2476/5533/2428 2488/5534/2440 2477/5514/2429 2465/5513/2417
f 2477/5514/2429 2489/5535/2441 2490/5536/2442 2478/5515/2430
f 2478/5515/2430 2490/5536/2442 2491/5537/2443 2479/5538/2431
f 2479/5518/2431 2491/5539/2443 2492/5540/2444 2480/5519/2432
f 2480/5519/2432 2492/5540/2444 2493/5541/2445 2481/5520/2433
f 2481/5520/2433 2493/5541/2445 2494/5542/2446 2482/5521/2434
f 2482/5543/2434 2494/5544/2446 2495/5545/2447 2483/5525/2435
f 2483/5525/2435 2495/5545/2447 2496/5546/2448 2484/5526/2436
f 2484/5526/2436 2496/5546/2448 2497/5547/2449 2485/5548/2437
f 2485/5528/2437 2497/5549/2449 2498/5550/2450 2486/5529/2438
f 2486/5529/2438 2498/5550/2450 2499/5551/2451 2487/5530/2439
f 2487/5530/2439 2499/5551/2451 2500/5552/2452 2488/5531/2440
f 2488/5534/2440 2500/5553/2452 2489/5535/2441 2477/5514/2429
f 2489/5535/2441 2501/5554/2453 2502/5555/2454 2490/5536/2442
f 2490/5536/2442 2502/5555/2454 2503/5556/2455 2491/5537/2443
f 2491/5539/2443 2503/5557/2455 2504/5558/2456 2492/5540/2444
f 2492/5540/2444 2504/5558/2456 2505/5559/2457 2493/5541/2445
f 2493/5541/2445 2505/5559/2457 2506/5560/2458 2494/5542/2446
f 2494/5544/2446 2506/5561/2458 2507/5562/2459 2495/5545/2447
f 2495/5545/2447 2507/5562/2459 2508/5563/2460 2496/5546/2448
f 2496/5546/2448 2508/5563/2460 2509/5564/2461 2497/5547/2449
f 2497/5549/2449 2509/5565/2461 2510/5566/2462 2498/5550/2450
f 2498/5550/2450 2510/5566/2462 2511/5567/2463 2499/5551/2451
f 2499/5551/2451 2511/5567/2463 2512/5568/2464 2500/5552/2452
f 2500/5553/2452 2512/5569/2464 2501/5554/2453 2489/5535/2441
f 2501/5554/2453 2513/5570/2465 2514/5571/2466 2502/5555/2454
f 2502/5555/2454 2514/5571/2466 2515/5572/2467 2503/5556/2455
f 2503/5557/2455 2515/5573/2467 2516/5574/2468 2504/5558/2456
f 2504/5558/2456 2516/5574/2468 2517/5575/2469 2505/5559/2457
f 2505/5559/2457 2517/5575/2469 2518/5576/2470 2506/5560/2458
f 2506/5561/2458 2518/5577/2470 2519/5578/2471 2507/5562/2459
f 2507/5562/2459 2519/5578/2471 2520/5579/2472 2508/5563/2460
f 2508/5563/2460 2520/5579/2472 2521/5580/2473 2509/5564/2461
f 2509/5565/2461 2521/5581/2473 2522/5582/2474 2510/5566/2462
f 2510/5566/2462 2522/5582/2474 2523/5583/2475 2511/5567/2463
f 2511/5567/2463 2523/5583/2475 2524/5584/2476 2512/5568/2464
f 2512/5569/2464 2524/5585/2476 2513/5570/2465 2501/5554/2453
f 2513/5570/2465 2525/5586/2477 2526/5587/2478 2514/5571/2466
f 2514/5571/2466 2526/5587/2478 2527/5588/2479 2515/5572/2467
f 2515/5573/2467 2527/5589/2479 2528/5590/2480 2516/5574/2468
f 2516/5574/2468 2528/5590/2480 2529/5591/2481 2517/5575/2469
f 2517/5575/2469 2529/5591/2481 2530/5592/2482 2518/5576/2470
f 2518/5577/2470 2530/5593/2482 2531/5594/2483 2519/5578/2471
f 2519/5578/2471 2531/5594/2483 2532/5595/2484 2520/5579/2472
f 2520/5579/2472 2532/5595/2484 2533/5596/2485 2521/5580/2473
f 2521/5581/2473 2533/5597/2485 2534/5598/2486 2522/5582/2474
f 2522/5582/2474 2534/5598/2486 2535/5599/2487 2523/5583/2475
f 2523/5583/2475 2535/5599/2487 2536/5600/2488 2524/5584/2476
f 2524/5585/2476 2536/5601/2488 2525/5586/2477 2513/5570/2465
f 2525/5586/2477 2537/5602/2489 2538/5603/2490 2526/5587/2478
f 2526/5587/2478 2538/5603/2490 2539/5604/2491 2527/5588/2479
f 2527/5589/2479 2539/5605/2491 2540/5606/2492 2528/5590/2480
f 2528/5590/2480 2540/5606/2492 2541/5607/2493 2529/5591/2481
f 2529/5591/2481 2541/5607/2493 2542/5608/2494 2530/5592/2482
f 2530/5593/2482 2542/5609/2494 2543/5610/2495 2531/5594/2483
f 2531/5594/2483 2543/5610/2495 2544/5611/2496 2532/5595/2484
f 2532/5595/2484 2544/5611/2496 2545/5612/2497 2533/5596/2485
f 2533/5597/2485 2545/5613/2497 2546/5614/2498 2534/5598/2486
f 2534/5598/2486 2546/5614/2498 2547/5615/2499 2535/5599/2487
f 2535/5599/2487 2547/5615/2499 2548/5616/2500 2536/5600/2488
f 2536/5601/2488 2548/5617/2500 2537/5602/2489 2525/5586/2477
f 2537/5602/2489 2549/5618/2501 2550/5619/2502 2538/5603/2490
f 2538/5603/2490 2550/5619/2502 2551/5620/2503 2539/5604/2491
f 2539/5605/2491 2551/5621/2503 2552/5622/2504 2540/5606/2492
f 2540/5606/2492 2552/5622/2504 2553/5623/2505 2541/5607/2493
f 2541/5607/2493 2553/5623/2505 2554/5624/2506 2542/5608/2494
f 2542/5609/2494 2554/5625/2506 2555/5626/2507 2543/5610/2495
f 2543/5610/2495 2555/5626/2507 2556/5627/2508 2544/5611/2496
f 2544/5611/2496 2556/5627/2508 2557/5628/2509 2545/5612/2497
f 2545/5613/2497 2557/5629/2509 2558/5630/2510 2546/5614/2498
f 2546/5614/2498 2558/5630/2510 2559/5631/2511 2547/5615/2499
f 2547/5615/2499 2559/5631/2511 2560/5632/2512 2548/5616/2500
f 2548/5617/2500 2560/5633/2512 2549/5618/2501 2537/5602/2489
f 2549/5618/2501 2561/5634/2513 2562/5635/2514 2550/5619/2502
f 2550/5619/2502 2562/5635/2514 2563/5636/2515 2551/5620/2503
f 2551/5621/2503 2563/5637/2515 2564/5638/2516 2552/5622/2504
f 2552/5622/2504 2564/5638/2516 2565/5639/2517 2553/5623/2505
f 2553/5623/2505 2565/5639/2517 2566/5640/2518 2554/5624/2506
f 2554/5625/2506 2566/5641/2518 2567/5642/2519 2555/5626/2507
f 2555/5626/2507 2567/5642/2519 2568/5643/2520 2556/5627/2508
f 2556/5627/2508 2568/5643/2520 2569/5644/2521 2557/5628/2509
f 2557/5629/2509 2569/5645/2521 2570/5646/2522 2558/5630/2510
f 2558/5630/2510 2570/5646/2522 2571/5647/2523 2559/5631/2511
f 2559/5631/2511 2571/5647/2523 2572/5648/2524 2560/5632/2512
f 2560/5633/2512 2572/5649/2524 2561/5634/2513 2549/5618/2501
f 2561/5650/2513 2573/5651/2525 2574/5652/2526 2562/5653/2514
f 2562/5653/2514 2574/5652/2526 2575/5654/2527 2563/5655/2515
f 2563/5637/2515 2575/5656/2527 2576/5657/2528 2564/5638/2516
f 2564/5638/2516 2576/5657/2528 2577/5658/2529 2565/5639/2517
f 2565/5639/2517 2577/5658/2529 2578/5659/2530 2566/5640/2518
f 2566/5660/2518 2578/5661/2530 2579/5662/2531 2567/5663/2519
f 2567/5663/2519 2579/5662/2531 2580/5664/2532 2568/5665/2520
f 2568/5665/2520 2580/5664/2532 2581/5666/2533 2569/5667/2521
f 2569/5645/2521 2581/5668/2533 2582/5669/2534 2570/5646/2522
f 2570/5646/2522 2582/5669/2534 2583/5670/2535 2571/5647/2523
f 2571/5647/2523 2583/5670/2535 2584/5671/2536 2572/5648/2524
f 2572/5672/2524 2584/5673/2536 2573/5651/2525 2561/5650/2513
f 2573/5651/2525 2585/5674/2537 2586/5675/2538 2574/5652/2526
f 2574/5652/2526 2586/5675/2538 2587/5676/2539 2575/5654/2527
f 2575/5656/2527 2587/5677/2539 2588/5678/2540 2576/5657/2528
f 2576/5657/2528 2588/5678/2540 2589/5679/2541 2577/5658/2529
f 2577/5658/2529 2589/5679/2541 2590/5680/2542 2578/5659/2530
f 2578/5661/2530 2590/5681/2542 2591/5682/2543 2579/5662/2531
f 2579/5662/2531 2591/5682/2543 2592/5683/2544 2580/5664/2532
f 2580/5664/2532 2592/5683/2544 2593/5684/2545 2581/5666/2533
f 2581/5668/2533 2593/5685/2545 2594/5686/2546 2582/5669/2534
f 2582/5669/2534 2594/5686/2546 2595/5687/2547 2583/5670/2535
f 2583/5670/2535 2595/5687/2547 2596/5688/2548 2584/5671/2536
f 2584/5673/2536 2596/5689/2548 2585/5674/2537 2573/5651/2525
f 2585/5674/2537 2597/5690/2549 2598/5691/2550 2586/5675/2538
f 2586/5675/2538 2598/5691/2550 2599/5692/2551 2587/5676/2539
f 2587/5677/2539 2599/5693/2551 2600/5694/2552 2588/5678/2540
f 2588/5678/2540 2600/5694/2552 2601/5695/2553 2589/5679/2541
f 2589/5679/2541 2601/5695/2553 2602/5696/2554 2590/5680/2542
f 2590/5681/2542 2602/5697/2554 2603/5698/2555 2591/5682/2543
f 2591/5682/2543 2603/5698/2555 2604/5699/2556 2592/5683/2544
f 2592/5683/2544 2604/5699/2556 2605/5700/2557 2593/5684/2545
f 2593/5685/2545 2605/5701/2557 2606/5702/2558 2594/5686/2546
f 2594/5686/2546 2606/5702/2558 2607/5703/2559 2595/5687/2547
f 2595/5687/2547 2607/5703/2559 2608/5704/2560 2596/5688/2548
f 2596/5689/2548 2608/5705/2560 2597/5690/2549 2585/5674/2537
f 2597/5690/2549 2609/5706/2382 2610/5707/2561 2598/5691/2550
f 2598/5691/2550 2610/5707/2561 2611/5708/2562 2599/5692/2551
f 2599/5693/2551 2611/5709/2562 2612/5710/2563 2600/5694/2552
f 2600/5694/2552 2612/5710/2563 2613/5711/2564 2601/5695/2553
f 2601/5695/2553 2613/5711/2564 2614/5712/2565 2602/5696/2554
f 2602/5697/2554 2614/5713/2565 2615/5714/2369 2603/5698/2555
f 2603/5698/2555 2615/5714/2369 2616/5715/2566 2604/5699/2556
f 2604/5699/2556 2616/5715/2566 2617/5716/2567 2605/5700/2557
f 2605/5701/2557 2617/5717/2567 2618/5718/2568 2606/5702/2558
f 2606/5702/2558 2618/5718/2568 2619/5719/2569 2607/5703/2559
f 2607/5703/2559 2619/5719/2569 2620/5720/2570 2608/5704/2560
f 2608/5705/2560 2620/5721/2570 2609/5706/2382 2597/5690/2549
f 2609/5706/2382 2621/5722/2381 2622/5723/2571 2610/5707/2561
f 2610/5707/2561 2622/5723/2571 2623/5724/2572 2611/5708/2562
f 2611/5709/2562 2623/5725/2572 2624/5726/2573 2612/5710/2563
f 2612/5710/2563 2624/5726/2573 2625/5727/2574 2613/5711/2564
f 2613/5711/2564 2625/5727/2574 2626/5728/2575 2614/5712/2565
f 2614/5713/2565 2626/5729/2575 2627/5730/2370 2615/5714/2369
f 2615/5714/2369 2627/5730/2370 2628/5731/2576 2616/5715/2566
f 2616/5715/2566 2628/5731/2576 2629/5732/2577 2617/5716/2567
f 2617/5717/2567 2629/5733/2577 2630/5734/2578 2618/5718/2568
f 2618/5718/2568 2630/5734/2578 2631/5735/2579 2619/5719/2569
f 2619/5719/2569 2631/5735/2579 2632/5736/2580 2620/5720/2570
f 2620/5721/2570 2632/5737/2580 2621/5722/2381 2609/5706/2382
f 2621/5722/2381 2633/5738/2399 2634/5739/2581 2622/5723/2571
f 2622/5723/2571 2634/5739/2581 2635/5740/2582 2623/5724/2572
f 2623/5725/2572 2635/5741/2582 2636/5742/2583 2624/5726/2573
f 2624/5726/2573 2636/5742/2583 2637/5743/2584 2625/5727/2574
f 2625/5727/2574 2637/5743/2584 2638/5744/2585 2626/5728/2575
f 2626/5729/2575 2638/5745/2585 2639/5746/2393 2627/5730/2370
f 2627/5730/2370 2639/5746/2393 2640/5747/2586 2628/5731/2576
f 2628/5731/2576 2640/5747/2586 2641/5748/2587 2629/5732/2577
f 2629/5733/2577 2641/5749/2587 2642/5750/2588 2630/5734/2578
f 2630/5734/2578 2642/5750/2588 2643/5751/2589 2631/5735/2579
f 2631/5735/2579 2643/5751/2589 2644/5752/2590 2632/5736/2580
f 2632/5737/2580 2644/5753/2590 2633/5738/2399 2621/5722/2381
f 2633/5738/2399 2645/5754/2411 2646/5755/2591 2634/5739/2581
f 2634/5739/2581 2646/5755/2591 2647/5756/2592 2635/5740/2582
f 2635/5741/2582 2647/5757/2592 2648/5758/2593 2636/5742/2583
f 2636/5742/2583 2648/5758/2593 2649/5759/2594 2637/5743/2584
f 2637/5743/2584 2649/5759/2594 2650/5760/2595 2638/5744/2585
f 2638/5745/2585 2650/5761/2595 2651/5762/2405 2639/5746/2393
f 2639/5746/2393 2651/5762/2405 2652/5763/2596 2640/5747/2586
f 2640/5747/2586 2652/5763/2596 2653/5764/2597 2641/5748/2587
f 2641/5749/2587 2653/5765/2597 2654/5766/2598 2642/5750/2588
f 2642/5750/2588 2654/5766/2598 2655/5767/2599 2643/5751/2589
f 2643/5751/2589 2655/5767/2599 2656/5768/2600 2644/5752/2590
f 2644/5753/2590 2656/5769/2600 2645/5754/2411 2633/5738/2399
f 2645/5754/2411 2657/5770/2423 2658/5771/2601 2646/5755/2591
f 2646/5755/2591 2658/5771/2601 2659/5772/2602 2647/5756/2592
f 2647/5757/2592 2659/5773/2602 2660/5774/2603 2648/5758/2593
f 2648/5758/2593 2660/5774/2603 2661/5775/2604 2649/5759/2594
f 2649/5759/2594 2661/5775/2604 2662/5776/2605 2650/5760/2595
f 2650/5777/2595 2662/5778/2605 2663/5779/2417 2651/5780/2405
f 2651/5762/2405 2663/5781/2417 2664/5782/2606 2652/5763/2596
f 2652/5763/2596 2664/5782/2606 2665/5783/2607 2653/5764/2597
f 2653/5765/2597 2665/5784/2607 2666/5785/2608 2654/5766/2598
f 2654/5766/2598 2666/5785/2608 2667/5786/2609 2655/5767/2599
f 2655/5767/2599 2667/5786/2609 2668/5787/2610 2656/5768/2600
f 2656/5769/2600 2668/5788/2610 2657/5770/2423 2645/5754/2411
f 2657/5789/2423 2669/5790/2435 2670/5791/2611 2658/5792/2601
f 2658/5793/2601 2670/5794/2611 2671/5795/2612 2659/5773/2602
f 2659/5773/2602 2671/5795/2612 2672/5796/2613 2660/5774/2603
f 2660/5774/2603 2672/5796/2613 2673/5797/2614 2661/5775/2604
f 2661/5775/2604 2673/5797/2614 2674/5798/2615 2662/5776/2605
f 2662/5778/2605 2674/5799/2615 2675/5800/2429 2663/5779/2417
f 2663/5781/2417 2675/5801/2429 2676/5802/2616 2664/5782/2606
f 2664/5803/2606 2676/5804/2616 2677/5805/2617 2665/5784/2607
f 2665/5784/2607 2677/5805/2617 2678/5806/2618 2666/5785/2608
f 2666/5785/2608 2678/5806/2618 2679/5807/2619 2667/5786/2609
f 2667/5786/2609 2679/5807/2619 2680/5808/2620 2668/5787/2610
f 2668/5809/2610 2680/5810/2620 2669/5790/2435 2657/5789/2423
f 2669/5790/2435 2681/5811/2447 2682/5812/2621 2670/5791/2611
f 2670/5794/2611 2682/5813/2621 2683/5814/2622 2671/5795/2612
f 2671/5795/2612 2683/5814/2622 2684/5815/2623 2672/5796/2613
f 2672/5796/2613 2684/5815/2623 2685/5816/2624 2673/5797/2614
f 2673/5817/2614 2685/5818/2624 2686/5819/2625 2674/5799/2615
f 2674/5799/2615 2686/5819/2625 2687/5820/2441 2675/5800/2429
f 2675/5800/2429 2687/5820/2441 2688/5821/2626 2676/5822/2616
f 2676/5804/2616 2688/5823/2626 2689/5824/2627 2677/5805/2617
f 2677/5805/2617 2689/5824/2627 2690/5825/2628 2678/5806/2618
f 2678/5806/2618 2690/5825/2628 2691/5826/2629 2679/5807/2619
f 2679/5827/2619 2691/5828/2629 2692/5829/2630 2680/5810/2620
f 2680/5810/2620 2692/5829/2630 2681/5811/2447 2669/5790/2435
f 2681/5811/2447 2693/5830/2459 2694/5831/2631 2682/5812/2621
f 2682/5813/2621 2694/5832/2631 2695/5833/2632 2683/5814/2622
f 2683/5814/2622 2695/5833/2632 2696/5834/2633 2684/5815/2623
f 2684/5815/2623 2696/5834/2633 2697/5835/2634 2685/5816/2624
f 2685/5818/2624 2697/5836/2634 2698/5837/2635 2686/5819/2625
f 2686/5819/2625 2698/5837/2635 2699/5838/2453 2687/5820/2441
f 2687/5820/2441 2699/5838/2453 2700/5839/2636 2688/5821/2626
f 2688/5823/2626 2700/5840/2636 2701/5841/2637 2689/5824/2627
f 2689/5824/2627 2701/5841/2637 2702/5842/2638 2690/5825/2628
f 2690/5825/2628 2702/5842/2638 2703/5843/2639 2691/5826/2629
f 2691/5828/2629 2703/5844/2639 2704/5845/2640 2692/5829/2630
f 2692/5829/2630 2704/5845/2640 2693/5830/2459 2681/5811/2447
f 2693/5830/2459 2705/5846/2471 2706/5847/2641 2694/5831/2631
f 2694/5832/2631 2706/5848/2641 2707/5849/2642 2695/5833/2632
f 2695/5833/2632 2707/5849/2642 2708/5850/2643 2696/5834/2633
f 2696/5834/2633 2708/5850/2643 2709/5851/2644 2697/5835/2634
f 2697/5836/2634 2709/5852/2644 2710/5853/2645 2698/5837/2635
f 2698/5837/2635 2710/5853/2645 2711/5854/2465 2699/5838/2453
f 2699/5838/2453 2711/5854/2465 2712/5855/2646 2700/5839/2636
f 2700/5840/2636 2712/5856/2646 2713/5857/2647 2701/5841/2637
f 2701/5841/2637 2713/5857/2647 2714/5858/2648 2702/5842/2638
f 2702/5842/2638 2714/5858/2648 2715/5859/2649 2703/5843/2639
f 2703/5844/2639 2715/5860/2649 2716/5861/2650 2704/5845/2640
f 2704/5845/2640 2716/5861/2650 2705/5846/2471 2693/5830/2459
f 2705/5846/2471 2717/5862/2483 2718/5863/2651 2706/5847/2641
f 2706/5848/2641 2718/5864/2651 2719/5865/2652 2707/5849/2642
f 2707/5849/2642 2719/5865/2652 2720/5866/2653 2708/5850/2643
f 2708/5850/2643 2720/5866/2653 2721/5867/2654 2709/5851/2644
f 2709/5852/2644 2721/5868/2654 2722/5869/2655 2710/5853/2645
f 2710/5853/2645 2722/5869/2655 2723/5870/2477 2711/5854/2465
f 2711/5854/2465 2723/5870/2477 2724/5871/2656 2712/5855/2646
f 2712/5856/2646 2724/5872/2656 2725/5873/2657 2713/5857/2647
f 2713/5857/2647 2725/5873/2657 2726/5874/2658 2714/5858/2648
f 2714/5858/2648 2726/5874/2658 2727/5875/2659 2715/5859/2649
f 2715/5860/2649 2727/5876/2659 2728/5877/2660 2716/5861/2650
f 2716/5861/2650 2728/5877/2660 2717/5862/2483 2705/5846/2471
f 2717/5862/2483 2729/5878/2495 2730/5879/2661 2718/5863/2651
f 2718/5864/2651 2730/5880/2661 2731/5881/2662 2719/5865/2652
f 2719/5865/2652 2731/5881/2662 2732/5882/2663 2720/5866/2653
f 2720/5866/2653 2732/5882/2663 2733/5883/2664 2721/5867/2654
f 2721/5868/2654 2733/5884/2664 2734/5885/2665 2722/5869/2655
f 2722/5869/2655 2734/5885/2665 2735/5886/2489 2723/5870/2477
f 2723/5870/2477 2735/5886/2489 2736/5887/2666 2724/5871/2656
f 2724/5872/2656 2736/5888/2666 2737/5889/2667 2725/5873/2657
f 2725/5873/2657 2737/5889/2667 2738/5890/2668 2726/5874/2658
f 2726/5874/2658 2738/5890/2668 2739/5891/2669 2727/5875/2659
f 2727/5876/2659 2739/5892/2669 2740/5893/2670 2728/5877/2660
f 2728/5877/2660 2740/5893/2670 2729/5878/2495 2717/5862/2483
f 2729/5878/2495 2741/5894/2507 2742/5895/2671 2730/5879/2661
f 2730/5880/2661 2742/5896/2671 2743/5897/2672 2731/5881/2662
f 2731/5881/2662 2743/5897/2672 2744/5898/2673 2732/5882/2663
f 2732/5882/2663 2744/5898/2673 2745/5899/2674 2733/5883/2664
f 2733/5884/2664 2745/5900/2674 2746/5901/2675 2734/5885/2665
f 2734/5885/2665 2746/5901/2675 2747/5902/2501 2735/5886/2489
f 2735/5886/2489 2747/5902/2501 2748/5903/2676 2736/5887/2666
f 2736/5888/2666 2748/5904/2676 2749/5905/2677 2737/5889/2667
f 2737/5889/2667 2749/5905/2677 2750/5906/2678 2738/5890/2668
f 2738/5890/2668 2750/5906/2678 2751/5907/2679 2739/5891/2669
f 2739/5892/2669 2751/5908/2679 2752/5909/2680 2740/5893/2670
f 2740/5893/2670 2752/5909/2680 2741/5894/2507 2729/5878/2495
f 2741/5894/2507 2753/5910/2519 2754/5911/2681 2742/5895/2671
f 2742/5896/2671 2754/5912/2681 2755/5913/2682 2743/5897/2672
f 2743/5897/2672 2755/5913/2682 2756/5914/2683 2744/5898/2673
f 2744/5898/2673 2756/5914/2683 2757/5915/2684 2745/5899/2674
f 2745/5900/2674 2757/5916/2684 2758/5917/2685 2746/5901/2675
f 2746/5901/2675 2758/5917/2685 2759/5918/2513 2747/5902/2501
f 2747/5902/2501 2759/5918/2513 2760/5919/2686 2748/5903/2676
f 2748/5904/2676 2760/5920/2686 2761/5921/2687 2749/5905/2677
f 2749/5905/2677 2761/5921/2687 2762/5922/2688 2750/5906/2678
f 2750/5906/2678 2762/5922/2688 2763/5923/2689 2751/5907/2679
f 2751/5908/2679 2763/5924/2689 2764/5925/2690 2752/5909/2680
f 2752/5909/2680 2764/5925/2690 2753/5910/2519 2741/5894/2507
f 2753/5926/2519 2765/5927/2691 2766/5928/2692 2754/5929/2681
f 2754/5912/2681 2766/5930/2692 2767/5931/2693 2755/5913/2682
f 2755/5913/2682 2767/5931/2693 2768/5932/2694 2756/5914/2683
f 2756/5914/2683 2768/5932/2694 2769/5933/2695 2757/5915/2684
f 2757/5934/2684 2769/5935/2695 2770/5936/2696 2758/5937/2685
f 2758/5937/2685 2770/5936/2696 2771/5938/2525 2759/5939/2513
f 2759/5939/2513 2771/5938/2525 2772/5940/2697 2760/5941/2686
f 2760/5920/2686 2772/5942/2697 2773/5943/2698 2761/5921/2687
f 2761/5921/2687 2773/5943/2698 2774/5944/2699 2762/5922/2688
f 2762/5922/2688 2774/5944/2699 2775/5945/2700 2763/5923/2689
f 2763/5946/2689 2775/5947/2700 2776/5948/2701 2764/5949/2690
f 2764/5949/2690 2776/5948/2701 2765/5927/2691 2753/5926/2519
f 2765/5927/2691 2777/5950/2543 2778/5951/2702 2766/5928/2692
f 2766/5930/2692 2778/5952/2702 2779/5953/2703 2767/5931/2693
f 2767/5931/2693 2779/5953/2703 2780/5954/2704 2768/5932/2694
f 2768/5932/2694 2780/5954/2704 2781/5955/2705 2769/5933/2695
f 2769/5935/2695 2781/5956/2705 2782/5957/2706 2770/5936/2696
f 2770/5936/2696 2782/5957/2706 2783/5958/2537 2771/5938/2525
f 2771/5938/2525 2783/5958/2537 2784/5959/2707 2772/5940/2697
f 2772/5942/2697 2784/5960/2707 2785/5961/2708 2773/5943/2698
f 2773/5943/2698 2785/5961/2708 2786/5962/2709 2774/5944/2699
f 2774/5944/2699 2786/5962/2709 2787/5963/2710 2775/5945/2700
f 2775/5947/2700 2787/5964/2710 2788/5965/2711 2776/5948/2701
f 2776/5948/2701 2788/5965/2711 2777/5950/2543 2765/5927/2691
f 2777/5950/2543 2789/5966/2555 2790/5967/2712 2778/5951/2702
f 2778/5952/2702 2790/5968/2712 2791/5969/2713 2779/5953/2703
f 2779/5953/2703 2791/5969/2713 2792/5970/2714 2780/5954/2704
f 2780/5954/2704 2792/5970/2714 2793/5971/2715 2781/5955/2705
f 2781/5956/2705 2793/5972/2715 2794/5973/2716 2782/5957/2706
f 2782/5957/2706 2794/5973/2716 2795/5974/2549 2783/5958/2537
f 2783/5958/2537 2795/5974/2549 2796/5975/2717 2784/5959/2707
f 2784/5960/2707 2796/5976/2717 2797/5977/2718 2785/5961/2708
f 2785/5961/2708 2797/5977/2718 2798/5978/2719 2786/5962/2709
f 2786/5962/2709 2798/5978/2719 2799/5979/2720 2787/5963/2710
f 2787/5964/2710 2799/5980/2720 2800/5981/2721 2788/5965/2711
f 2788/5965/2711 2800/5981/2721 2789/5966/2555 2777/5950/2543
f 2789/5966/2555 2417/5430/2369 2418/5433/2372 2790/5967/2712
f 2790/5968/2712 2418/5434/2372 2419/5437/2374 2791/5969/2713
f 2791/5969/2713 2419/5437/2374 2420/5439/2376 2792/5970/2714
f 2792/5970/2714 2420/5439/2376 2421/5441/2378 2793/5971/2715
f 2793/5972/2715 2421/5442/2378 2422/5445/2380 2794/5973/2716
f 2794/5973/2716 2422/5445/2380 2423/5447/2382 2795/5974/2549
f 2795/5974/2549 2423/5447/2382 2424/5449/2384 2796/5975/2717
f 2796/5976/2717 2424/5450/2384 2425/5453/2386 2797/5977/2718
f 2797/5977/2718 2425/5453/2386 2426/5455/2388 2798/5978/2719
f 2798/5978/2719 2426/5455/2388 2427/5457/2390 2799/5979/2720
f 2799/5980/2720 2427/5458/2390 2428/5461/2392 2800/5981/2721
f 2800/5981/2721 2428/5461/2392 2417/5430/2369 2789/5966/2555
o Torus.010_Torus.018
v 0.056941 0.231102 -0.329214
v 0.033848 0.233098 -0.332516
v 0.013243 0.224845 -0.332350
v 0.000586 0.208548 -0.328767
v -0.000707 0.188521 -0.322707
v 0.009744 0.170100 -0.315781
v 0.029215 0.158302 -0.309860
v 0.052417 0.156303 -0.306545
v 0.073073 0.164666 -0.306739
v 0.085639 0.181048 -0.310359
v 0.086816 0.201058 -0.316427
v 0.076324 0.219365 -0.323323
v 0.063039 0.204288 -0.397443
v 0.039837 0.206766 -0.399523
v 0.018935 0.199823 -0.396026
v 0.005871 0.185314 -0.387892
v 0.004169 0.167083 -0.377263
v 0.014318 0.149980 -0.366975
v 0.033679 0.138664 -0.359827
v 0.056991 0.136182 -0.357739
v 0.077949 0.143228 -0.361294
v 0.090924 0.157815 -0.369484
v 0.092506 0.176032 -0.380102
v 0.082313 0.193033 -0.390330
v 0.064919 0.168049 -0.460270
v 0.041687 0.171179 -0.461228
v 0.020689 0.165999 -0.454661
v 0.007502 0.153917 -0.442333
v 0.005671 0.138106 -0.427499
v 0.015733 0.122794 -0.414123
v 0.035056 0.112122 -0.405835
v 0.058406 0.108997 -0.404887
v 0.079454 0.114253 -0.411530
v 0.092556 0.126417 -0.423924
v 0.094262 0.142212 -0.438738
v 0.084161 0.157446 -0.452035
v 0.062514 0.123787 -0.515278
v 0.039325 0.127702 -0.515256
v 0.018445 0.124689 -0.506003
v 0.005417 0.115558 -0.490004
v 0.003746 0.102711 -0.471481
v 0.013932 0.089580 -0.455405
v 0.033292 0.079703 -0.446117
v 0.056601 0.075784 -0.446170
v 0.077529 0.078856 -0.455512
v 0.090471 0.088058 -0.471595
v 0.092017 0.100901 -0.490080
v 0.081796 0.113970 -0.506064
v 0.055914 0.073193 -0.560363
v 0.032843 0.078013 -0.559528
v 0.012288 0.077479 -0.548082
v -0.000302 0.071717 -0.529068
v -0.001532 0.062256 -0.507530
v 0.008977 0.051611 -0.489233
v 0.028461 0.042656 -0.479137
v 0.051645 0.037816 -0.479998
v 0.072251 0.038400 -0.491561
v 0.084751 0.044218 -0.510660
v 0.085859 0.053688 -0.532158
v 0.075311 0.064282 -0.550336
v 0.045372 0.018214 -0.593787
v 0.022490 0.024022 -0.592350
v 0.002447 0.026164 -0.579274
v -0.009438 0.024076 -0.558026
v -0.009960 0.018298 -0.534253
v 0.001067 0.010356 -0.514311
v 0.020740 0.002392 -0.503615
v 0.043734 -0.003439 -0.505076
v 0.063822 -0.005557 -0.518286
v 0.075615 -0.003424 -0.539618
v 0.076021 0.002377 -0.563348
v 0.064959 0.010291 -0.583161
v 0.031293 -0.039033 -0.614257
v 0.008663 -0.032206 -0.612461
v -0.010693 -0.027264 -0.598383
v -0.021637 -0.025531 -0.575768
v -0.021218 -0.027481 -0.550624
v -0.009496 -0.032599 -0.529677
v 0.010429 -0.039532 -0.518604
v 0.033171 -0.046394 -0.520443
v 0.052564 -0.051337 -0.534658
v 0.063416 -0.053030 -0.557360
v 0.062882 -0.051052 -0.582456
v 0.051131 -0.045937 -0.603269
v 0.014218 -0.096354 -0.620995
v -0.008101 -0.088499 -0.619086
v -0.026627 -0.080762 -0.604677
v -0.036431 -0.075202 -0.581613
v -0.034870 -0.073311 -0.556013
v -0.022306 -0.075612 -0.534735
v -0.002073 -0.081509 -0.523544
v 0.020358 -0.089406 -0.525501
v 0.038912 -0.097168 -0.540046
v 0.048620 -0.102701 -0.563205
v 0.046947 -0.104550 -0.588753
v 0.034363 -0.102228 -0.609896
v -0.005194 -0.151541 -0.613744
v -0.027166 -0.142701 -0.611967
v -0.044745 -0.132269 -0.597910
v -0.053253 -0.123026 -0.575331
v -0.050392 -0.117439 -0.550216
v -0.036873 -0.117026 -0.529294
v -0.016290 -0.121927 -0.518239
v 0.005789 -0.130819 -0.520060
v 0.023391 -0.141295 -0.534247
v 0.031798 -0.150525 -0.556923
v 0.028829 -0.156057 -0.581986
v 0.015296 -0.156430 -0.602777
v -0.026200 -0.202478 -0.592782
v -0.047797 -0.192726 -0.591378
v -0.064350 -0.179807 -0.578346
v -0.071456 -0.167165 -0.557165
v -0.067188 -0.158166 -0.533455
v -0.052637 -0.155249 -0.513564
v -0.031673 -0.159228 -0.502884
v -0.009973 -0.169043 -0.504330
v 0.006594 -0.182022 -0.517488
v 0.013595 -0.194664 -0.538757
v 0.009225 -0.203596 -0.562422
v -0.005333 -0.206455 -0.582187
v -0.047992 -0.247207 -0.558915
v -0.069200 -0.236647 -0.558111
v -0.084688 -0.221550 -0.546733
v -0.090341 -0.205921 -0.527813
v -0.084612 -0.193929 -0.506375
v -0.068990 -0.188808 -0.488150
v -0.047632 -0.191981 -0.478079
v -0.026323 -0.202603 -0.478915
v -0.010830 -0.217785 -0.490409
v -0.005288 -0.233421 -0.509404
v -0.011114 -0.245338 -0.530807
v -0.026733 -0.250378 -0.548920
v -0.069732 -0.284006 -0.513444
v -0.090554 -0.272788 -0.513445
v -0.104977 -0.255893 -0.504289
v -0.109179 -0.237807 -0.488409
v -0.101996 -0.223356 -0.470011
v -0.085303 -0.216419 -0.454024
v -0.063553 -0.218931 -0.444778
v -0.042636 -0.230215 -0.444789
v -0.028214 -0.247212 -0.454044
v -0.024126 -0.265306 -0.469998
v -0.031404 -0.279681 -0.488365
v -0.048084 -0.286519 -0.504253
v -0.090585 -0.311461 -0.458105
v -0.111033 -0.299750 -0.459102
v -0.124438 -0.281514 -0.452646
v -0.127250 -0.261600 -0.440458
v -0.118670 -0.245306 -0.425766
v -0.100951 -0.237022 -0.412502
v -0.078825 -0.239037 -0.404251
v -0.058284 -0.250817 -0.403267
v -0.044887 -0.269162 -0.409797
v -0.042197 -0.289100 -0.422050
v -0.050866 -0.305302 -0.436721
v -0.068563 -0.313482 -0.449910
v -0.109751 -0.328517 -0.395035
v -0.129856 -0.316504 -0.397167
v -0.142323 -0.297431 -0.393785
v -0.143857 -0.276381 -0.385809
v -0.133994 -0.258946 -0.375337
v -0.115335 -0.249826 -0.365176
v -0.092859 -0.251523 -0.358063
v -0.072666 -0.263622 -0.355941
v -0.060212 -0.282801 -0.359368
v -0.058803 -0.303881 -0.367401
v -0.068752 -0.321218 -0.377862
v -0.087384 -0.330236 -0.387975
v -0.126489 -0.334521 -0.326666
v -0.146299 -0.322403 -0.330013
v -0.157946 -0.303033 -0.329972
v -0.158363 -0.281585 -0.326558
v -0.147380 -0.263749 -0.320668
v -0.127894 -0.254324 -0.313869
v -0.105119 -0.255925 -0.307992
v -0.085225 -0.268120 -0.304634
v -0.073597 -0.287605 -0.304699
v -0.073310 -0.309085 -0.308149
v -0.084375 -0.326821 -0.314049
v -0.103825 -0.336136 -0.320820
v -0.140162 -0.329244 -0.255607
v -0.159727 -0.317215 -0.260226
v -0.170708 -0.298110 -0.263654
v -0.170210 -0.277012 -0.264986
v -0.158310 -0.259521 -0.263853
v -0.138149 -0.250361 -0.260547
v -0.115133 -0.252063 -0.255955
v -0.095487 -0.264155 -0.251313
v -0.084526 -0.283377 -0.247884
v -0.085158 -0.304511 -0.246578
v -0.097135 -0.321895 -0.247732
v -0.117251 -0.330948 -0.251033
v -0.150241 -0.312882 -0.184599
v -0.169624 -0.301145 -0.190491
v -0.180114 -0.282838 -0.197386
v -0.178941 -0.262828 -0.203455
v -0.166369 -0.246439 -0.207076
v -0.145710 -0.238086 -0.207266
v -0.122514 -0.240082 -0.203953
v -0.103052 -0.251879 -0.198033
v -0.092585 -0.270294 -0.191107
v -0.093890 -0.290327 -0.185047
v -0.106541 -0.306626 -0.181462
v -0.127148 -0.314878 -0.181297
v -0.156338 -0.286069 -0.116374
v -0.175612 -0.274813 -0.123485
v -0.185804 -0.257816 -0.133709
v -0.184227 -0.239598 -0.144331
v -0.171244 -0.224999 -0.152523
v -0.150286 -0.217964 -0.156072
v -0.126979 -0.220444 -0.153988
v -0.107624 -0.231758 -0.146839
v -0.097461 -0.248854 -0.136552
v -0.099175 -0.267097 -0.125922
v -0.112231 -0.281600 -0.117787
v -0.133137 -0.288546 -0.114292
v -0.158219 -0.249830 -0.053547
v -0.177460 -0.239228 -0.061782
v -0.187559 -0.223993 -0.075077
v -0.185858 -0.208197 -0.089891
v -0.172750 -0.196031 -0.102285
v -0.151703 -0.190774 -0.108926
v -0.128355 -0.193902 -0.107978
v -0.109034 -0.204570 -0.099691
v -0.098968 -0.219886 -0.086314
v -0.100804 -0.235697 -0.071483
v -0.113987 -0.247781 -0.059153
v -0.134986 -0.252960 -0.052589
v -0.155814 -0.205567 0.001464
v -0.175097 -0.195750 -0.007749
v -0.185314 -0.182682 -0.023736
v -0.183773 -0.169838 -0.042222
v -0.170826 -0.160636 -0.058300
v -0.149901 -0.157564 -0.067643
v -0.126592 -0.161483 -0.067697
v -0.107231 -0.171360 -0.058408
v -0.097044 -0.184492 -0.042331
v -0.098719 -0.197338 -0.023814
v -0.111742 -0.206470 -0.007812
v -0.132625 -0.209482 0.001444
v -0.149212 -0.154969 0.046547
v -0.168611 -0.146063 0.036522
v -0.179156 -0.135465 0.018344
v -0.178053 -0.125997 -0.003156
v -0.165548 -0.120181 -0.022252
v -0.144946 -0.119595 -0.033818
v -0.121760 -0.124436 -0.034678
v -0.102276 -0.133391 -0.024582
v -0.091766 -0.144036 -0.006281
v -0.093000 -0.153497 0.015253
v -0.105583 -0.159253 0.034268
v -0.126143 -0.159794 0.045713
v -0.138671 -0.099995 0.079970
v -0.158256 -0.092072 0.069344
v -0.169320 -0.084159 0.049542
v -0.168916 -0.078355 0.025806
v -0.157120 -0.076224 0.004471
v -0.137035 -0.078341 -0.008741
v -0.114039 -0.084173 -0.010202
v -0.094365 -0.092137 0.000494
v -0.083337 -0.100079 0.020440
v -0.083865 -0.105854 0.044214
v -0.095746 -0.107948 0.065463
v -0.115792 -0.105802 0.078534
v -0.124594 -0.042750 0.100446
v -0.144429 -0.035845 0.089451
v -0.156181 -0.030730 0.068650
v -0.156718 -0.028748 0.043549
v -0.145861 -0.030446 0.020839
v -0.126469 -0.035384 0.006627
v -0.103729 -0.042248 0.004791
v -0.083804 -0.049178 0.015861
v -0.072078 -0.054301 0.036810
v -0.071666 -0.056248 0.061955
v -0.082605 -0.054516 0.084571
v -0.101964 -0.049575 0.098642
v -0.107519 0.014575 0.107186
v -0.127664 0.020448 0.096077
v -0.140245 0.022769 0.074936
v -0.141922 0.020921 0.049387
v -0.132209 0.015385 0.026227
v -0.113657 0.007626 0.011688
v -0.091226 -0.000272 0.009729
v -0.070995 -0.006168 0.020922
v -0.058426 -0.008470 0.042196
v -0.056871 -0.006578 0.067795
v -0.066670 -0.001020 0.090860
v -0.085196 0.006717 0.105268
v -0.088106 0.069763 0.099935
v -0.108598 0.074649 0.088956
v -0.122127 0.074276 0.068171
v -0.125100 0.068745 0.043105
v -0.116687 0.059514 0.020435
v -0.099089 0.049039 0.006243
v -0.077009 0.040145 0.004420
v -0.056426 0.035245 0.015477
v -0.042905 0.035658 0.036403
v -0.040049 0.041246 0.061513
v -0.048552 0.050487 0.084095
v -0.066131 0.060918 0.098147
v -0.067100 0.120699 0.078974
v -0.087968 0.124674 0.068369
v -0.102522 0.121814 0.048606
v -0.106897 0.112884 0.024940
v -0.099891 0.100239 0.003667
v -0.083326 0.087263 -0.009483
v -0.061626 0.077447 -0.010932
v -0.040664 0.073470 -0.000249
v -0.026109 0.076384 0.019638
v -0.021846 0.085385 0.043347
v -0.028947 0.098026 0.064530
v -0.045501 0.110944 0.077560
v -0.045306 0.165431 0.045103
v -0.066566 0.168595 0.035102
v -0.082183 0.163562 0.016998
v -0.088014 0.151642 -0.004407
v -0.082467 0.136003 -0.023411
v -0.066975 0.120826 -0.034900
v -0.045667 0.110200 -0.035739
v -0.024311 0.107032 -0.025666
v -0.008685 0.112147 -0.007442
v -0.002963 0.124142 0.013999
v -0.008610 0.139770 0.032921
v -0.024100 0.154865 0.044293
v -0.023568 0.202225 -0.000374
v -0.045212 0.204738 -0.009561
v -0.061893 0.197905 -0.025443
v -0.069176 0.183527 -0.043813
v -0.065083 0.165431 -0.059771
v -0.050665 0.148434 -0.069028
v -0.029746 0.137149 -0.069039
v -0.007996 0.134638 -0.059793
v 0.008699 0.141575 -0.043802
v 0.015875 0.156028 -0.025405
v 0.011681 0.174117 -0.009521
v -0.002749 0.191008 -0.000371
v -0.002715 0.229676 -0.055709
v -0.024734 0.231701 -0.063902
v -0.042429 0.223528 -0.077091
v -0.051105 0.207320 -0.091766
v -0.048410 0.187382 -0.104015
v -0.035017 0.169037 -0.110549
v -0.014474 0.157257 -0.109564
v 0.007653 0.155241 -0.101313
v 0.025372 0.163527 -0.088044
v 0.033947 0.179821 -0.073358
v 0.031144 0.199741 -0.061168
v 0.017730 0.217971 -0.054711
v 0.016451 0.246737 -0.118778
v -0.005916 0.248456 -0.125838
v -0.024546 0.239437 -0.135953
v -0.034499 0.222101 -0.146417
v -0.033085 0.201021 -0.154444
v -0.020635 0.181842 -0.157872
v -0.000441 0.169742 -0.155752
v 0.022035 0.168046 -0.148637
v 0.040697 0.177166 -0.138476
v 0.050555 0.194601 -0.128008
v 0.049027 0.215650 -0.120029
v 0.036555 0.234725 -0.116646
v 0.033190 0.252740 -0.187152
v 0.010525 0.254356 -0.192995
v -0.008923 0.245040 -0.199766
v -0.019993 0.227305 -0.205667
v -0.019699 0.205824 -0.209115
v -0.008076 0.186344 -0.209181
v 0.011819 0.174144 -0.205821
v 0.034597 0.172547 -0.199945
v 0.054083 0.181972 -0.193145
v 0.065061 0.199805 -0.187258
v 0.064649 0.221252 -0.183843
v 0.052999 0.240623 -0.183802
v 0.046863 0.247463 -0.258210
v 0.023952 0.249168 -0.262782
v 0.003839 0.240117 -0.266082
v -0.008146 0.222728 -0.267237
v -0.008765 0.201606 -0.265931
v 0.002181 0.182376 -0.262501
v 0.021833 0.170283 -0.257859
v 0.044855 0.168579 -0.253265
v 0.065015 0.177751 -0.249962
v 0.076908 0.195228 -0.248831
v 0.077410 0.216327 -0.250157
v 0.066426 0.235435 -0.253589
vt 0.100286 0.774072
vt 0.100340 0.770053
vt 0.101618 0.770119
vt 0.101566 0.774067
vt 0.102679 0.770275
vt 0.102629 0.774026
vt 0.134408 0.644159
vt 0.134992 0.640463
vt 0.136012 0.640839
vt 0.135470 0.644271
vt 0.137086 0.641174
vt 0.136586 0.644341
vt 0.137927 0.641379
vt 0.137457 0.644350
vt 0.540441 0.681621
vt 0.540441 0.684637
vt 0.539284 0.684581
vt 0.539284 0.681637
vt 0.537998 0.684630
vt 0.537998 0.681614
vt 0.536933 0.684773
vt 0.536933 0.681559
vt 0.419275 0.647018
vt 0.419776 0.650184
vt 0.418752 0.650562
vt 0.418210 0.647130
vt 0.417681 0.650895
vt 0.417097 0.647199
vt 0.416847 0.651097
vt 0.416233 0.647208
vt 0.099134 0.774042
vt 0.099186 0.770094
vt 0.100528 0.766148
vt 0.101803 0.766284
vt 0.102854 0.766631
vt 0.136139 0.636958
vt 0.137077 0.637585
vt 0.138068 0.638172
vt 0.138848 0.638560
vt 0.540543 0.687569
vt 0.539383 0.687442
vt 0.538100 0.687562
vt 0.537042 0.687897
vt 0.420758 0.653187
vt 0.419817 0.653816
vt 0.418828 0.654400
vt 0.418054 0.654785
vt 0.099371 0.766259
vt 0.100843 0.762509
vt 0.102112 0.762710
vt 0.103148 0.763234
vt 0.137803 0.633779
vt 0.138622 0.634633
vt 0.139494 0.635448
vt 0.140186 0.636004
vt 0.540743 0.690303
vt 0.539579 0.690109
vt 0.538301 0.690295
vt 0.537255 0.690809
vt 0.422184 0.655911
vt 0.421362 0.656768
vt 0.420492 0.657579
vt 0.419805 0.658131
vt 0.099681 0.762685
vt 0.101273 0.759275
vt 0.102534 0.759534
vt 0.103550 0.760216
vt 0.139920 0.631047
vt 0.140588 0.632097
vt 0.141309 0.633107
vt 0.141889 0.633807
vt 0.541034 0.692734
vt 0.539862 0.692482
vt 0.538591 0.692726
vt 0.537565 0.693400
vt 0.423999 0.658251
vt 0.423329 0.659304
vt 0.422610 0.660311
vt 0.422034 0.661005
vt 0.100103 0.759509
vt 0.101802 0.756571
vt 0.103054 0.756878
vt 0.139482 0.630237
vt 0.142103 0.627943
vt 0.142411 0.628867
vt 0.142901 0.630073
vt 0.143442 0.631240
vt 0.143891 0.632055
vt 0.541404 0.694768
vt 0.540223 0.694468
vt 0.538961 0.694761
vt 0.424441 0.657435
vt 0.426444 0.659187
vt 0.426133 0.660118
vt 0.425641 0.661327
vt 0.425100 0.662490
vt 0.424655 0.663299
vt 0.100622 0.756853
vt 0.102409 0.754500
vt 0.103650 0.754844
vt 0.145015 0.626320
vt 0.145178 0.627325
vt 0.145470 0.628641
vt 0.145813 0.629919
vt 0.890638 0.414094
vt 0.889923 0.412093
vt 0.891070 0.411613
vt 0.891742 0.413491
vt 0.892349 0.411406
vt 0.893004 0.413239
vt 0.540648 0.695990
vt 0.539396 0.696321
vt 0.428668 0.660428
vt 0.428504 0.661440
vt 0.428210 0.662759
vt 0.427868 0.664033
vt 0.325015 0.817870
vt 0.324281 0.820239
vt 0.323117 0.819812
vt 0.323889 0.817318
vt 0.321837 0.819661
vt 0.322624 0.817123
vt 0.321296 0.822541
vt 0.320254 0.822657
vt 0.320786 0.819829
vt 0.148107 0.625428
vt 0.148116 0.626477
vt 0.148198 0.627854
vt 0.148330 0.629193
vt 0.889391 0.409812
vt 0.890572 0.409472
vt 0.891862 0.409317
vt 0.892912 0.409389
vt 0.893411 0.411530
vt 0.431031 0.661109
vt 0.431021 0.662165
vt 0.430938 0.663546
vt 0.430806 0.664880
vt 0.323776 0.822926
vt 0.322585 0.822639
vt 0.321020 0.825651
vt 0.319983 0.825711
vt 0.151259 0.625303
vt 0.151111 0.626359
vt 0.150979 0.627744
vt 0.150896 0.629091
vt 0.889064 0.407337
vt 0.890265 0.407149
vt 0.891562 0.407050
vt 0.892604 0.407066
vt 0.433439 0.661204
vt 0.433587 0.662267
vt 0.433719 0.663656
vt 0.433801 0.664999
vt 0.323518 0.825829
vt 0.322313 0.825694
vt 0.321020 0.828872
vt 0.319983 0.828875
vt 0.154350 0.625949
vt 0.154049 0.626973
vt 0.153707 0.628314
vt 0.153413 0.629617
vt 0.888954 0.404763
vt 0.890161 0.404734
vt 0.891461 0.404693
vt 0.892501 0.404651
vt 0.435801 0.660710
vt 0.436104 0.661741
vt 0.436447 0.663086
vt 0.436739 0.664385
vt 0.323518 0.828835
vt 0.322314 0.828858
vt 0.321296 0.832081
vt 0.320254 0.832026
vt 0.157262 0.627342
vt 0.156817 0.628296
vt 0.156276 0.629543
vt 0.155784 0.630751
vt 0.889064 0.402191
vt 0.890264 0.402320
vt 0.891562 0.402337
vt 0.892605 0.402237
vt 0.438026 0.659646
vt 0.438475 0.660608
vt 0.439017 0.661857
vt 0.439506 0.663061
vt 0.323776 0.831830
vt 0.322585 0.832008
vt 0.321837 0.835153
vt 0.320786 0.835043
vt 0.159883 0.629427
vt 0.159307 0.630278
vt 0.158588 0.631382
vt 0.157918 0.632448
vt 0.889391 0.399718
vt 0.890572 0.399999
vt 0.891862 0.400072
vt 0.892912 0.399916
vt 0.440028 0.658053
vt 0.440609 0.658910
vt 0.441329 0.660017
vt 0.441997 0.661080
vt 0.324281 0.834697
vt 0.323117 0.835026
vt 0.322624 0.837972
vt 0.321558 0.837811
vt 0.162112 0.632125
vt 0.161425 0.632841
vt 0.160555 0.633763
vt 0.159733 0.634645
vt 0.889923 0.397439
vt 0.891070 0.397861
vt 0.892348 0.397985
vt 0.893411 0.397777
vt 0.441731 0.655992
vt 0.442423 0.656713
vt 0.443296 0.657637
vt 0.444115 0.658516
vt 0.325015 0.837328
vt 0.323889 0.837794
vt 0.781963 0.397439
vt 0.781510 0.400419
vt 0.780346 0.400651
vt 0.780792 0.397724
vt 0.163863 0.635332
vt 0.163089 0.635889
vt 0.162100 0.636592
vt 0.161159 0.637256
vt 0.802551 0.121502
vt 0.802157 0.119124
vt 0.803182 0.118518
vt 0.803552 0.120749
vt 0.804454 0.118292
vt 0.804814 0.120470
vt 0.805625 0.118510
vt 0.805995 0.120742
vt 0.443070 0.653542
vt 0.443849 0.654102
vt 0.444841 0.654808
vt 0.445779 0.655468
vt 0.784233 0.398433
vt 0.783810 0.401214
vt 0.782778 0.400626
vt 0.783223 0.397699
vt 0.781169 0.403870
vt 0.780011 0.404039
vt 0.165070 0.638924
vt 0.164236 0.639303
vt 0.163165 0.639762
vt 0.162141 0.640180
vt 0.801847 0.116370
vt 0.802892 0.115932
vt 0.804170 0.115769
vt 0.805335 0.115925
vt 0.443991 0.650796
vt 0.444831 0.651177
vt 0.445905 0.651638
vt 0.446925 0.652054
vt 0.783492 0.404434
vt 0.782443 0.404014
vt 0.780952 0.407658
vt 0.779799 0.407760
vt 0.165685 0.642765
vt 0.164820 0.642952
vt 0.163708 0.643150
vt 0.162641 0.643307
vt 0.801634 0.113343
vt 0.802692 0.113092
vt 0.803975 0.112997
vt 0.805135 0.113084
vt 0.444461 0.647862
vt 0.445331 0.648051
vt 0.446448 0.648249
vt 0.447509 0.648405
vt 0.783290 0.407970
vt 0.782230 0.407735
vt 0.780869 0.411638
vt 0.779717 0.411669
vt 0.165685 0.646705
vt 0.164820 0.646697
vt 0.163707 0.646627
vt 0.162641 0.646515
vt 0.801525 0.110161
vt 0.802590 0.110106
vt 0.803875 0.110083
vt 0.805032 0.110099
vt 0.444461 0.644852
vt 0.445331 0.644843
vt 0.446447 0.644773
vt 0.447509 0.644660
vt 0.783212 0.411685
vt 0.782149 0.411644
vt 0.780923 0.415658
vt 0.779770 0.415617
vt 0.165070 0.650594
vt 0.164236 0.650392
vt 0.163165 0.650059
vt 0.162141 0.649681
vt 0.801525 0.106947
vt 0.802590 0.107090
vt 0.803875 0.107139
vt 0.805033 0.107082
vt 0.443991 0.641880
vt 0.444831 0.641676
vt 0.445905 0.641341
vt 0.446925 0.640965
vt 0.783262 0.415436
vt 0.782201 0.415592
vt 0.781111 0.419562
vt 0.779954 0.419451
vt 0.163864 0.654282
vt 0.163090 0.653897
vt 0.162101 0.653313
vt 0.161159 0.652684
vt 0.801634 0.103823
vt 0.802692 0.104158
vt 0.803975 0.104278
vt 0.805135 0.104151
vt 0.443069 0.639062
vt 0.443849 0.638673
vt 0.444840 0.638087
vt 0.445778 0.637460
vt 0.783438 0.419080
vt 0.782386 0.419426
vt 0.781426 0.423201
vt 0.780264 0.423026
vt 0.162113 0.657628
vt 0.161426 0.657077
vt 0.160556 0.656265
vt 0.159733 0.655408
vt 0.801847 0.100911
vt 0.802892 0.101425
vt 0.804170 0.101611
vt 0.805335 0.101417
vt 0.441731 0.636506
vt 0.442423 0.635950
vt 0.443295 0.635135
vt 0.444114 0.634280
vt 0.783732 0.422476
vt 0.782695 0.423001
vt 0.781856 0.426435
vt 0.780686 0.426201
vt 0.159884 0.660503
vt 0.159308 0.659809
vt 0.158589 0.658801
vt 0.157919 0.657749
vt 0.802157 0.098320
vt 0.803182 0.098994
vt 0.804453 0.099238
vt 0.805625 0.098987
vt 0.440028 0.634309
vt 0.440608 0.633609
vt 0.441329 0.632599
vt 0.441996 0.631548
vt 0.784133 0.425495
vt 0.783118 0.426176
vt 0.782385 0.429140
vt 0.781206 0.428857
vt 0.157263 0.662796
vt 0.156818 0.661988
vt 0.156277 0.660825
vt 0.155785 0.659616
vt 0.155474 0.658685
vt 0.157477 0.656933
vt 0.803552 0.096959
vt 0.804814 0.097253
vt 0.805995 0.096952
vt 0.438026 0.632558
vt 0.438475 0.631742
vt 0.439016 0.630575
vt 0.439506 0.629369
vt 0.439814 0.628446
vt 0.442434 0.630738
vt 0.783637 0.428832
vt 0.841489 0.776085
vt 0.840703 0.773548
vt 0.841982 0.773397
vt 0.842754 0.775890
vt 0.843147 0.772970
vt 0.843880 0.775339
vt 0.154050 0.663531
vt 0.153707 0.662257
vt 0.153414 0.660937
vt 0.153249 0.659925
vt 0.803987 0.095399
vt 0.805239 0.095730
vt 0.895038 0.096255
vt 0.894383 0.098087
vt 0.893105 0.097880
vt 0.893776 0.096003
vt 0.891957 0.097400
vt 0.892672 0.095399
vt 0.436103 0.630421
vt 0.436447 0.629143
vt 0.436738 0.627827
vt 0.436901 0.626822
vt 0.784233 0.430866
vt 0.782992 0.431211
vt 0.840161 0.770668
vt 0.841450 0.770569
vt 0.842641 0.770282
vt 0.151112 0.664378
vt 0.150980 0.663043
vt 0.150897 0.661663
vt 0.150887 0.660606
vt 0.895445 0.097964
vt 0.894946 0.100105
vt 0.893896 0.100177
vt 0.892606 0.100022
vt 0.891426 0.099682
vt 0.433586 0.629695
vt 0.433719 0.628357
vt 0.433801 0.626980
vt 0.433810 0.625931
vt 0.839652 0.773380
vt 0.839119 0.770552
vt 0.839885 0.767558
vt 0.841179 0.767514
vt 0.842383 0.767380
vt 0.148117 0.664496
vt 0.148199 0.663154
vt 0.148331 0.661765
vt 0.148479 0.660702
vt 0.894639 0.102428
vt 0.893597 0.102444
vt 0.892299 0.102345
vt 0.891099 0.102157
vt 0.431020 0.629593
vt 0.430938 0.628246
vt 0.430805 0.626861
vt 0.430658 0.625806
vt 0.838848 0.767497
vt 0.839885 0.764336
vt 0.841179 0.764351
vt 0.842383 0.764373
vt 0.145179 0.663882
vt 0.145471 0.662584
vt 0.145814 0.661239
vt 0.146117 0.660208
vt 0.894536 0.104843
vt 0.893495 0.104801
vt 0.892196 0.104760
vt 0.890988 0.104730
vt 0.428503 0.630120
vt 0.428210 0.628817
vt 0.427867 0.627475
vt 0.427566 0.626452
vt 0.838848 0.764334
vt 0.840161 0.761127
vt 0.841450 0.761200
vt 0.842641 0.761378
vt 0.142411 0.662560
vt 0.142901 0.661355
vt 0.143443 0.660105
vt 0.143892 0.659144
vt 0.894639 0.107257
vt 0.893597 0.107157
vt 0.892299 0.107174
vt 0.891099 0.107303
vt 0.426132 0.631253
vt 0.425641 0.630045
vt 0.425100 0.628798
vt 0.424654 0.627845
vt 0.839120 0.761183
vt 0.840703 0.758055
vt 0.841982 0.758182
vt 0.843146 0.758511
vt 0.139921 0.660578
vt 0.140589 0.659516
vt 0.141309 0.658408
vt 0.141889 0.657551
vt 0.894947 0.109578
vt 0.893896 0.109422
vt 0.892606 0.109495
vt 0.891426 0.109776
vt 0.423999 0.632951
vt 0.423328 0.631885
vt 0.422609 0.630780
vt 0.422033 0.629930
vt 0.839652 0.758165
vt 0.841489 0.755237
vt 0.842754 0.755414
vt 0.843880 0.755880
vt 0.137803 0.658014
vt 0.138622 0.657135
vt 0.139495 0.656211
vt 0.140186 0.655490
vt 0.895445 0.111716
vt 0.894383 0.111509
vt 0.893105 0.111633
vt 0.891957 0.112054
vt 0.422184 0.635147
vt 0.421362 0.634266
vt 0.420491 0.633344
vt 0.419805 0.632628
vt 0.840424 0.755397
vt 0.101380 0.788271
vt 0.100927 0.785291
vt 0.102195 0.785085
vt 0.102640 0.788012
vt 0.103227 0.784496
vt 0.103650 0.787278
vt 0.136139 0.654966
vt 0.137077 0.654306
vt 0.138069 0.653600
vt 0.138848 0.653040
vt 0.541404 0.670978
vt 0.541034 0.673210
vt 0.539862 0.673428
vt 0.540223 0.671250
vt 0.538591 0.673202
vt 0.538961 0.670971
vt 0.537565 0.672596
vt 0.537959 0.670218
vt 0.420758 0.637758
vt 0.419817 0.637095
vt 0.418828 0.636392
vt 0.418054 0.635834
vt 0.100208 0.787987
vt 0.099763 0.785060
vt 0.100586 0.781841
vt 0.101860 0.781696
vt 0.102909 0.781276
vt 0.134993 0.651552
vt 0.136013 0.651136
vt 0.137086 0.650676
vt 0.137926 0.650295
vt 0.540744 0.675795
vt 0.539579 0.675951
vt 0.538300 0.675788
vt 0.537255 0.675350
vt 0.419776 0.640683
vt 0.418752 0.640265
vt 0.417681 0.639806
vt 0.416847 0.639427
vt 0.099428 0.781671
vt 0.100369 0.778053
vt 0.101647 0.777976
vt 0.102707 0.777741
vt 0.134408 0.647903
vt 0.135470 0.647748
vt 0.136585 0.647549
vt 0.137457 0.647360
vt 0.540543 0.678636
vt 0.539383 0.678723
vt 0.538100 0.678628
vt 0.537042 0.678377
vt 0.419275 0.643810
vt 0.418210 0.643653
vt 0.417097 0.643455
vt 0.416232 0.643268
vt 0.099215 0.777951
vn 0.3454 0.9069 -0.2411
vn 0.3585 0.8489 -0.3883
vn -0.1053 0.8932 -0.4372
vn -0.1145 0.9450 -0.3063
vn -0.5804 0.7196 -0.3811
vn -0.5856 0.7525 -0.3014
vn -0.9255 0.3168 -0.2074
vn -0.9257 0.3171 -0.2059
vn -0.9809 -0.1914 0.0331
vn -0.9735 -0.2246 -0.0434
vn -0.7525 -0.6103 0.2475
vn -0.7392 -0.6627 0.1196
vn -0.3584 -0.8498 0.3865
vn -0.3454 -0.9069 0.2411
vn 0.1187 -0.8920 0.4361
vn 0.1276 -0.9430 0.3072
vn 0.6031 -0.7035 0.3758
vn 0.6078 -0.7357 0.2987
vn 0.9380 -0.2857 0.1960
vn 0.9378 -0.2854 0.1975
vn 0.9752 0.2165 -0.0444
vn 0.9675 0.2503 0.0348
vn 0.7436 0.6187 -0.2535
vn 0.7303 0.6718 -0.1235
vn 0.3626 0.7670 -0.5293
vn -0.1088 0.8199 -0.5620
vn -0.5842 0.6717 -0.4554
vn -0.9251 0.3167 -0.2093
vn -0.9846 -0.1417 0.1026
vn -0.7612 -0.5341 0.3677
vn -0.3626 -0.7693 0.5260
vn 0.1227 -0.8199 0.5591
vn 0.6076 -0.6564 0.4472
vn 0.9384 -0.2859 0.1940
vn 0.9791 0.1662 -0.1170
vn 0.7519 0.5416 -0.3757
vn 0.3564 0.6588 -0.6625
vn -0.1253 0.7238 -0.6785
vn -0.5966 0.6093 -0.5223
vn -0.9248 0.3160 -0.2119
vn -0.9836 -0.0761 0.1631
vn -0.7640 -0.4329 0.4784
vn -0.3568 -0.6627 0.6584
vn 0.1400 -0.7252 0.6741
vn 0.6210 -0.5949 0.5103
vn 0.9387 -0.2865 0.1914
vn 0.9783 0.1000 -0.1813
vn 0.7539 0.4396 -0.4882
vn 0.3381 0.5210 -0.7837
vn -0.1553 0.6030 -0.7825
vn -0.6174 0.5325 -0.5790
vn -0.9246 0.3145 -0.2149
vn -0.9773 0.0038 0.2119
vn -0.7586 -0.3053 0.5755
vn -0.3390 -0.5265 0.7796
vn 0.1712 -0.6060 0.7768
vn 0.6428 -0.5200 0.5625
vn 0.9389 -0.2880 0.1884
vn 0.9718 0.0186 -0.2350
vn 0.7473 0.3112 -0.5871
vn 0.3052 0.3515 -0.8850
vn -0.1988 0.4564 -0.8672
vn -0.6459 0.4421 -0.6223
vn -0.9249 0.3115 -0.2180
vn -0.9644 0.0956 0.2467
vn -0.7420 -0.1511 0.6531
vn -0.3066 -0.3579 0.8820
vn 0.2165 -0.4611 0.8605
vn 0.6718 -0.4334 0.6007
vn 0.9386 -0.2909 0.1853
vn 0.9583 -0.0766 -0.2751
vn 0.7289 0.1564 -0.6665
vn 0.2557 0.1518 -0.9547
vn -0.2549 0.2858 -0.9238
vn -0.6808 0.3404 -0.6485
vn -0.9257 0.3071 -0.2207
vn -0.9441 0.1957 0.2651
vn -0.7109 0.0262 0.7027
vn -0.2573 -0.1578 0.9533
vn 0.2745 -0.2924 0.9160
vn 0.7062 -0.3378 0.6222
vn 0.9377 -0.2954 0.1826
vn 0.9368 -0.1826 -0.2983
vn 0.6956 -0.0215 -0.7180
vn 0.1896 -0.0691 -0.9794
vn -0.3208 0.0981 -0.9420
vn -0.7202 0.2313 -0.6540
vn -0.9273 0.3013 -0.2221
vn -0.9163 0.2995 0.2656
vn -0.6629 0.2182 0.7162
vn -0.1908 0.0656 0.9794
vn 0.3418 -0.1067 0.9337
vn 0.7438 -0.2372 0.6249
vn 0.9362 -0.3011 0.1812
vn 0.9067 -0.2947 -0.3018
vn 0.6457 -0.2144 -0.7328
vn 0.1103 -0.2944 -0.9493
vn -0.3920 -0.0939 -0.9151
vn -0.7617 0.1208 -0.6366
vn -0.9294 0.2951 -0.2215
vn -0.8815 0.4017 0.2480
vn -0.5985 0.4108 0.6877
vn -0.1103 0.2944 0.9493
vn 0.4133 0.0837 0.9067
vn 0.7821 -0.1362 0.6081
vn 0.9340 -0.3074 0.1818
vn 0.8686 -0.4062 -0.2837
vn 0.5802 -0.4083 -0.7047
vn 0.0245 -0.5025 -0.8642
vn -0.4626 -0.2743 -0.8430
vn -0.8022 0.0160 -0.5968
vn -0.9318 0.2894 -0.2189
vn -0.8411 0.4971 0.2131
vn -0.5221 0.5878 0.6179
vn -0.0232 0.5056 0.8625
vn 0.4826 0.2629 0.8354
vn 0.8190 -0.0397 0.5723
vn 0.9316 -0.3130 0.1844
vn 0.8246 -0.5100 -0.2446
vn 0.5039 -0.5868 -0.6339
vn -0.0595 -0.6757 -0.7347
vn -0.5270 -0.4287 -0.7338
vn -0.8397 -0.0767 -0.5376
vn -0.9340 0.2853 -0.2149
vn -0.7973 0.5812 0.1626
vn -0.4406 0.7358 0.5141
vn 0.0617 0.6799 0.7306
vn 0.5447 0.4172 0.7274
vn 0.8530 0.0475 0.5197
vn 0.9295 -0.3171 0.1884
vn 0.7780 -0.5996 -0.1875
vn 0.4235 -0.7360 -0.5281
vn -0.1353 -0.8050 -0.5776
vn -0.5818 -0.5491 -0.5999
vn -0.8725 -0.1527 -0.4642
vn -0.9357 0.2831 -0.2105
vn -0.7530 0.6504 0.0992
vn -0.3615 0.8480 0.3874
vn 0.1377 0.8087 0.5718
vn 0.5970 0.5382 0.5949
vn 0.8831 0.1213 0.4532
vn 0.9278 -0.3194 0.1928
vn 0.7318 -0.6713 -0.1169
vn 0.3460 -0.8491 -0.3991
vn -0.1996 -0.8907 -0.4084
vn -0.6264 -0.6338 -0.4536
vn -0.9001 -0.2098 -0.3817
vn -0.9368 0.2824 -0.2064
vn -0.7111 0.7026 0.0262
vn -0.2904 0.9240 0.2487
vn 0.2017 0.8930 0.4022
vn 0.6394 0.6234 0.4500
vn 0.9089 0.1787 0.3768
vn 0.9267 -0.3200 0.1969
vn 0.6891 -0.7236 -0.0377
vn 0.2762 -0.9257 -0.2582
vn -0.2518 -0.9380 -0.2380
vn -0.6619 -0.6851 -0.3039
vn -0.9230 -0.2476 -0.2945
vn -0.9374 0.2828 -0.2030
vn -0.6740 0.7368 -0.0530
vn -0.2307 0.9672 0.1061
vn 0.2533 0.9390 0.2326
vn 0.6733 0.6749 0.3018
vn 0.9305 0.2179 0.2943
vn 0.9261 -0.3197 0.2003
vn 0.6520 -0.7568 0.0464
vn 0.2173 -0.9695 -0.1136
vn -0.2927 -0.9535 -0.0719
vn -0.6901 -0.7066 -0.1562
vn -0.9416 -0.2665 -0.2060
vn -0.9377 0.2838 -0.2006
vn -0.6437 0.7532 -0.1353
vn -0.1835 0.9824 -0.0353
vn 0.2936 0.9535 0.0680
vn 0.7002 0.6966 0.1559
vn 0.9483 0.2383 0.2093
vn 0.9259 -0.3187 0.2027
vn 0.6218 -0.7719 0.1323
vn 0.1705 -0.9849 0.0301
vn -0.3236 -0.9421 0.0878
vn -0.7126 -0.7014 -0.0133
vn -0.9563 -0.2672 -0.1188
vn -0.9377 0.2847 -0.1988
vn -0.6213 0.7526 -0.2179
vn -0.1491 0.9735 -0.1734
vn 0.3239 0.9418 -0.0898
vn 0.7218 0.6919 0.0150
vn 0.9626 0.2404 0.1249
vn 0.9258 -0.3179 0.2045
vn 0.5995 -0.7701 0.2179
vn 0.1363 -0.9759 0.1704
vn -0.7303 -0.6718 0.1235
vn -0.9675 -0.2503 -0.0348
vn -0.9379 0.2853 -0.1974
vn -0.6076 0.7359 -0.2988
vn -0.1274 0.9431 -0.3072
vn 0.7390 0.6629 -0.1197
vn 0.9734 0.2246 0.0434
vn 0.9257 -0.3172 0.2059
vn 0.5856 -0.7525 0.3013
vn 0.1145 -0.9450 0.3063
vn -0.3585 -0.8489 0.3883
vn -0.7436 -0.6187 0.2535
vn -0.9752 -0.2166 0.0444
vn -0.9381 0.2856 -0.1959
vn -0.6030 0.7036 -0.3759
vn -0.1186 0.8920 -0.4361
vn 0.3584 0.8498 -0.3865
vn 0.7523 0.6105 -0.2476
vn 0.9809 0.1914 -0.0331
vn 0.9255 -0.3169 0.2074
vn 0.5805 -0.7195 0.3811
vn 0.1053 -0.8932 0.4372
vn -0.3626 -0.7670 0.5293
vn -0.7519 -0.5416 0.3757
vn -0.9791 -0.1663 0.1171
vn -0.9384 0.2858 -0.1940
vn -0.6075 0.6565 -0.4472
vn -0.1227 0.8199 -0.5591
vn 0.3626 0.7693 -0.5260
vn 0.7611 0.5342 -0.3678
vn 0.9846 0.1416 -0.1026
vn 0.9251 -0.3167 0.2093
vn 0.5843 -0.6717 0.4554
vn 0.1087 -0.8199 0.5620
vn -0.3564 -0.6588 0.6625
vn -0.7540 -0.4395 0.4882
vn -0.9783 -0.1000 0.1814
vn -0.9387 0.2865 -0.1914
vn -0.6209 0.5949 -0.5104
vn -0.1401 0.7252 -0.6741
vn 0.3568 0.6627 -0.6584
vn 0.7640 0.4329 -0.4784
vn 0.9837 0.0761 -0.1630
vn 0.9248 -0.3160 0.2119
vn 0.5967 -0.6092 0.5222
vn 0.1252 -0.7238 0.6785
vn -0.3381 -0.5210 0.7837
vn -0.7472 -0.3112 0.5871
vn -0.9718 -0.0186 0.2350
vn -0.9389 0.2880 -0.1884
vn -0.6428 0.5200 -0.5625
vn -0.1713 0.6059 -0.7768
vn 0.3390 0.5265 -0.7796
vn 0.7586 0.3053 -0.5755
vn 0.9773 -0.0038 -0.2118
vn 0.9246 -0.3145 0.2149
vn 0.6175 -0.5324 0.5790
vn 0.1552 -0.6030 0.7825
vn -0.3052 -0.3515 0.8850
vn -0.7289 -0.1565 0.6665
vn -0.9583 0.0765 0.2752
vn -0.9386 0.2909 -0.1852
vn -0.6718 0.4334 -0.6007
vn -0.2165 0.4611 -0.8605
vn 0.3066 0.3579 -0.8820
vn 0.7420 0.1512 -0.6531
vn 0.9644 -0.0956 -0.2465
vn 0.9249 -0.3116 0.2181
vn 0.6459 -0.4421 0.6224
vn 0.1987 -0.4564 0.8673
vn -0.2557 -0.1519 0.9547
vn -0.6957 0.0215 0.7180
vn -0.9368 0.1826 0.2985
vn -0.9377 0.2954 -0.1826
vn -0.7062 0.3378 -0.6222
vn -0.2745 0.2924 -0.9160
vn 0.2573 0.1578 -0.9533
vn 0.7109 -0.0262 -0.7028
vn 0.9442 -0.1958 -0.2650
vn 0.9257 -0.3071 0.2207
vn 0.6808 -0.3404 0.6485
vn 0.2549 -0.2858 0.9237
vn -0.1896 0.0691 0.9794
vn -0.6458 0.2144 0.7327
vn -0.9066 0.2947 0.3019
vn -0.9362 0.3011 -0.1812
vn -0.7437 0.2372 -0.6250
vn -0.3419 0.1067 -0.9337
vn 0.1908 -0.0656 -0.9794
vn 0.6629 -0.2182 -0.7162
vn 0.9163 -0.2995 -0.2656
vn 0.9273 -0.3013 0.2221
vn 0.7202 -0.2313 0.6540
vn 0.3209 -0.0981 0.9420
vn -0.5804 0.4083 0.7045
vn -0.8686 0.4062 0.2838
vn -0.9340 0.3074 -0.1818
vn -0.7821 0.1362 -0.6081
vn -0.4133 -0.0836 -0.9067
vn 0.5985 -0.4108 -0.6877
vn 0.8816 -0.4017 -0.2480
vn 0.9294 -0.2951 0.2214
vn 0.7617 -0.1209 0.6366
vn 0.3922 0.0939 0.9151
vn -0.0245 0.5025 0.8642
vn -0.5040 0.5868 0.6337
vn -0.8246 0.5100 0.2447
vn -0.9316 0.3130 -0.1844
vn -0.8190 0.0396 -0.5724
vn -0.4827 -0.2629 -0.8354
vn 0.0232 -0.5055 -0.8625
vn 0.5221 -0.5878 -0.6179
vn 0.8411 -0.4971 -0.2131
vn 0.9318 -0.2895 0.2189
vn 0.8023 -0.0160 0.5967
vn 0.4628 0.2742 0.8430
vn 0.0595 0.6757 0.7347
vn -0.4236 0.7360 0.5281
vn -0.7779 0.5997 0.1876
vn -0.9295 0.3171 -0.1884
vn -0.8530 -0.0476 -0.5198
vn -0.5448 -0.4172 -0.7274
vn -0.0617 -0.6800 -0.7306
vn 0.4406 -0.7359 -0.5141
vn 0.7974 -0.5812 -0.1625
vn 0.9340 -0.2853 0.2149
vn 0.8397 0.0767 0.5376
vn 0.5270 0.4287 0.7338
vn 0.1353 0.8050 0.5776
vn -0.3459 0.8491 0.3992
vn -0.7317 0.6714 0.1171
vn -0.9278 0.3194 -0.1928
vn -0.8831 -0.1214 -0.4532
vn -0.5971 -0.5381 -0.5949
vn -0.1377 -0.8087 -0.5718
vn 0.3615 -0.8480 -0.3874
vn 0.7531 -0.6503 -0.0991
vn 0.9357 -0.2831 0.2105
vn 0.8724 0.1527 0.4642
vn 0.5817 0.5492 0.5999
vn 0.1996 0.8907 0.4084
vn -0.2761 0.9257 0.2583
vn -0.6890 0.7237 0.0377
vn -0.9267 0.3200 -0.1969
vn -0.9089 -0.1787 -0.3768
vn -0.6395 -0.6233 -0.4500
vn -0.2017 -0.8930 -0.4022
vn 0.2904 -0.9240 -0.2488
vn 0.7112 -0.7025 -0.0261
vn 0.9368 -0.2825 0.2064
vn 0.9001 0.2098 0.3817
vn 0.6263 0.6340 0.4536
vn 0.2518 0.9380 0.2380
vn -0.2173 0.9695 0.1136
vn -0.6519 0.7568 -0.0464
vn -0.9261 0.3196 -0.2003
vn -0.9305 -0.2180 -0.2943
vn -0.6734 -0.6749 -0.3018
vn -0.2532 -0.9390 -0.2326
vn 0.2308 -0.9672 -0.1062
vn 0.6741 -0.7367 0.0530
vn 0.9374 -0.2829 0.2030
vn 0.9230 0.2475 0.2944
vn 0.6619 0.6852 0.3039
vn 0.2927 0.9535 0.0719
vn -0.1705 0.9849 -0.0301
vn -0.6218 0.7719 -0.1323
vn -0.9259 0.3187 -0.2027
vn -0.9483 -0.2384 -0.2093
vn -0.7003 -0.6965 -0.1559
vn -0.2936 -0.9535 -0.0680
vn 0.1836 -0.9823 0.0354
vn 0.6438 -0.7531 0.1353
vn 0.9376 -0.2839 0.2006
vn 0.9416 0.2664 0.2060
vn 0.6901 0.7066 0.1562
vn 0.3236 0.9421 -0.0878
vn -0.1363 0.9759 -0.1704
vn -0.5994 0.7702 -0.2179
vn -0.9258 0.3177 -0.2045
vn -0.9626 -0.2404 -0.1249
vn -0.7220 -0.6917 -0.0151
vn -0.3239 -0.9418 0.0898
vn 0.1493 -0.9734 0.1735
vn 0.6215 -0.7525 0.2179
vn 0.9377 -0.2848 0.1989
vn 0.9563 0.2671 0.1188
vn 0.7126 0.7014 0.0133
usemtl None
s 1
f 2801/5982/2722 2813/5983/2723 2814/5984/2724 2802/5985/2725
f 2802/5985/2725 2814/5984/2724 2815/5986/2726 2803/5987/2727
f 2803/5988/2727 2815/5989/2726 2816/5990/2728 2804/5991/2729
f 2804/5991/2729 2816/5990/2728 2817/5992/2730 2805/5993/2731
f 2805/5993/2731 2817/5992/2730 2818/5994/2732 2806/5995/2733
f 2806/5996/2733 2818/5997/2732 2819/5998/2734 2807/5999/2735
f 2807/5999/2735 2819/5998/2734 2820/6000/2736 2808/6001/2737
f 2808/6001/2737 2820/6000/2736 2821/6002/2738 2809/6003/2739
f 2809/6004/2739 2821/6005/2738 2822/6006/2740 2810/6007/2741
f 2810/6007/2741 2822/6006/2740 2823/6008/2742 2811/6009/2743
f 2811/6009/2743 2823/6008/2742 2824/6010/2744 2812/6011/2745
f 2812/6012/2745 2824/6013/2744 2813/5983/2723 2801/5982/2722
f 2813/5983/2723 2825/6014/2746 2826/6015/2747 2814/5984/2724
f 2814/5984/2724 2826/6015/2747 2827/6016/2748 2815/5986/2726
f 2815/5989/2726 2827/6017/2748 2828/6018/2749 2816/5990/2728
f 2816/5990/2728 2828/6018/2749 2829/6019/2750 2817/5992/2730
f 2817/5992/2730 2829/6019/2750 2830/6020/2751 2818/5994/2732
f 2818/5997/2732 2830/6021/2751 2831/6022/2752 2819/5998/2734
f 2819/5998/2734 2831/6022/2752 2832/6023/2753 2820/6000/2736
f 2820/6000/2736 2832/6023/2753 2833/6024/2754 2821/6002/2738
f 2821/6005/2738 2833/6025/2754 2834/6026/2755 2822/6006/2740
f 2822/6006/2740 2834/6026/2755 2835/6027/2756 2823/6008/2742
f 2823/6008/2742 2835/6027/2756 2836/6028/2757 2824/6010/2744
f 2824/6013/2744 2836/6029/2757 2825/6014/2746 2813/5983/2723
f 2825/6014/2746 2837/6030/2758 2838/6031/2759 2826/6015/2747
f 2826/6015/2747 2838/6031/2759 2839/6032/2760 2827/6016/2748
f 2827/6017/2748 2839/6033/2760 2840/6034/2761 2828/6018/2749
f 2828/6018/2749 2840/6034/2761 2841/6035/2762 2829/6019/2750
f 2829/6019/2750 2841/6035/2762 2842/6036/2763 2830/6020/2751
f 2830/6021/2751 2842/6037/2763 2843/6038/2764 2831/6022/2752
f 2831/6022/2752 2843/6038/2764 2844/6039/2765 2832/6023/2753
f 2832/6023/2753 2844/6039/2765 2845/6040/2766 2833/6024/2754
f 2833/6025/2754 2845/6041/2766 2846/6042/2767 2834/6026/2755
f 2834/6026/2755 2846/6042/2767 2847/6043/2768 2835/6027/2756
f 2835/6027/2756 2847/6043/2768 2848/6044/2769 2836/6028/2757
f 2836/6029/2757 2848/6045/2769 2837/6030/2758 2825/6014/2746
f 2837/6030/2758 2849/6046/2770 2850/6047/2771 2838/6031/2759
f 2838/6031/2759 2850/6047/2771 2851/6048/2772 2839/6032/2760
f 2839/6033/2760 2851/6049/2772 2852/6050/2773 2840/6034/2761
f 2840/6034/2761 2852/6050/2773 2853/6051/2774 2841/6035/2762
f 2841/6035/2762 2853/6051/2774 2854/6052/2775 2842/6036/2763
f 2842/6037/2763 2854/6053/2775 2855/6054/2776 2843/6038/2764
f 2843/6038/2764 2855/6054/2776 2856/6055/2777 2844/6039/2765
f 2844/6039/2765 2856/6055/2777 2857/6056/2778 2845/6040/2766
f 2845/6041/2766 2857/6057/2778 2858/6058/2779 2846/6042/2767
f 2846/6042/2767 2858/6058/2779 2859/6059/2780 2847/6043/2768
f 2847/6043/2768 2859/6059/2780 2860/6060/2781 2848/6044/2769
f 2848/6045/2769 2860/6061/2781 2849/6046/2770 2837/6030/2758
f 2849/6046/2770 2861/6062/2782 2862/6063/2783 2850/6047/2771
f 2850/6064/2771 2862/6065/2783 2863/6066/2784 2851/6049/2772
f 2851/6049/2772 2863/6066/2784 2864/6067/2785 2852/6050/2773
f 2852/6050/2773 2864/6067/2785 2865/6068/2786 2853/6051/2774
f 2853/6051/2774 2865/6068/2786 2866/6069/2787 2854/6052/2775
f 2854/6053/2775 2866/6070/2787 2867/6071/2788 2855/6054/2776
f 2855/6054/2776 2867/6071/2788 2868/6072/2789 2856/6055/2777
f 2856/6073/2777 2868/6074/2789 2869/6075/2790 2857/6057/2778
f 2857/6057/2778 2869/6075/2790 2870/6076/2791 2858/6058/2779
f 2858/6058/2779 2870/6076/2791 2871/6077/2792 2859/6059/2780
f 2859/6059/2780 2871/6077/2792 2872/6078/2793 2860/6060/2781
f 2860/6061/2781 2872/6079/2793 2861/6062/2782 2849/6046/2770
f 2861/6062/2782 2873/6080/2794 2874/6081/2795 2862/6063/2783
f 2862/6065/2783 2874/6082/2795 2875/6083/2796 2863/6066/2784
f 2863/6066/2784 2875/6083/2796 2876/6084/2797 2864/6067/2785
f 2864/6067/2785 2876/6084/2797 2877/6085/2798 2865/6068/2786
f 2865/6086/2786 2877/6087/2798 2878/6088/2799 2866/6089/2787
f 2866/6089/2787 2878/6088/2799 2879/6090/2800 2867/6091/2788
f 2867/6071/2788 2879/6092/2800 2880/6093/2801 2868/6072/2789
f 2868/6074/2789 2880/6094/2801 2881/6095/2802 2869/6075/2790
f 2869/6075/2790 2881/6095/2802 2882/6096/2803 2870/6076/2791
f 2870/6076/2791 2882/6096/2803 2883/6097/2804 2871/6077/2792
f 2871/6098/2792 2883/6099/2804 2884/6100/2805 2872/6101/2793
f 2872/6101/2793 2884/6100/2805 2873/6102/2794 2861/6103/2782
f 2873/6102/2794 2885/6104/2806 2886/6105/2807 2874/6106/2795
f 2874/6082/2795 2886/6107/2807 2887/6108/2808 2875/6083/2796
f 2875/6083/2796 2887/6108/2808 2888/6109/2809 2876/6084/2797
f 2876/6084/2797 2888/6109/2809 2889/6110/2810 2877/6085/2798
f 2877/6087/2798 2889/6111/2810 2890/6112/2811 2878/6088/2799
f 2878/6088/2799 2890/6112/2811 2891/6113/2812 2879/6090/2800
f 2879/6090/2800 2891/6113/2812 2892/6114/2813 2880/6115/2801
f 2880/6094/2801 2892/6116/2813 2893/6117/2814 2881/6095/2802
f 2881/6095/2802 2893/6117/2814 2894/6118/2815 2882/6096/2803
f 2882/6096/2803 2894/6118/2815 2895/6119/2816 2883/6097/2804
f 2883/6099/2804 2895/6120/2816 2896/6121/2817 2884/6100/2805
f 2884/6100/2805 2896/6121/2817 2885/6104/2806 2873/6102/2794
f 2885/6104/2806 2897/6122/2818 2898/6123/2819 2886/6105/2807
f 2886/6107/2807 2898/6124/2819 2899/6125/2820 2887/6108/2808
f 2887/6108/2808 2899/6125/2820 2900/6126/2821 2888/6109/2809
f 2888/6109/2809 2900/6126/2821 2901/6127/2822 2889/6110/2810
f 2889/6111/2810 2901/6128/2822 2902/6129/2823 2890/6112/2811
f 2890/6112/2811 2902/6129/2823 2903/6130/2824 2891/6113/2812
f 2891/6113/2812 2903/6130/2824 2904/6131/2825 2892/6114/2813
f 2892/6116/2813 2904/6132/2825 2905/6133/2826 2893/6117/2814
f 2893/6117/2814 2905/6133/2826 2906/6134/2827 2894/6118/2815
f 2894/6118/2815 2906/6134/2827 2907/6135/2828 2895/6119/2816
f 2895/6120/2816 2907/6136/2828 2908/6137/2829 2896/6121/2817
f 2896/6121/2817 2908/6137/2829 2897/6122/2818 2885/6104/2806
f 2897/6122/2818 2909/6138/2830 2910/6139/2831 2898/6123/2819
f 2898/6124/2819 2910/6140/2831 2911/6141/2832 2899/6125/2820
f 2899/6125/2820 2911/6141/2832 2912/6142/2833 2900/6126/2821
f 2900/6126/2821 2912/6142/2833 2913/6143/2834 2901/6127/2822
f 2901/6128/2822 2913/6144/2834 2914/6145/2835 2902/6129/2823
f 2902/6129/2823 2914/6145/2835 2915/6146/2836 2903/6130/2824
f 2903/6130/2824 2915/6146/2836 2916/6147/2837 2904/6131/2825
f 2904/6132/2825 2916/6148/2837 2917/6149/2838 2905/6133/2826
f 2905/6133/2826 2917/6149/2838 2918/6150/2839 2906/6134/2827
f 2906/6134/2827 2918/6150/2839 2919/6151/2840 2907/6135/2828
f 2907/6136/2828 2919/6152/2840 2920/6153/2841 2908/6137/2829
f 2908/6137/2829 2920/6153/2841 2909/6138/2830 2897/6122/2818
f 2909/6138/2830 2921/6154/2842 2922/6155/2843 2910/6139/2831
f 2910/6140/2831 2922/6156/2843 2923/6157/2844 2911/6141/2832
f 2911/6141/2832 2923/6157/2844 2924/6158/2845 2912/6142/2833
f 2912/6142/2833 2924/6158/2845 2925/6159/2846 2913/6143/2834
f 2913/6144/2834 2925/6160/2846 2926/6161/2847 2914/6145/2835
f 2914/6145/2835 2926/6161/2847 2927/6162/2848 2915/6146/2836
f 2915/6146/2836 2927/6162/2848 2928/6163/2849 2916/6147/2837
f 2916/6148/2837 2928/6164/2849 2929/6165/2850 2917/6149/2838
f 2917/6149/2838 2929/6165/2850 2930/6166/2851 2918/6150/2839
f 2918/6150/2839 2930/6166/2851 2931/6167/2852 2919/6151/2840
f 2919/6152/2840 2931/6168/2852 2932/6169/2853 2920/6153/2841
f 2920/6153/2841 2932/6169/2853 2921/6154/2842 2909/6138/2830
f 2921/6154/2842 2933/6170/2854 2934/6171/2855 2922/6155/2843
f 2922/6156/2843 2934/6172/2855 2935/6173/2856 2923/6157/2844
f 2923/6157/2844 2935/6173/2856 2936/6174/2857 2924/6158/2845
f 2924/6158/2845 2936/6174/2857 2937/6175/2858 2925/6159/2846
f 2925/6160/2846 2937/6176/2858 2938/6177/2859 2926/6161/2847
f 2926/6161/2847 2938/6177/2859 2939/6178/2860 2927/6162/2848
f 2927/6162/2848 2939/6178/2860 2940/6179/2861 2928/6163/2849
f 2928/6164/2849 2940/6180/2861 2941/6181/2862 2929/6165/2850
f 2929/6165/2850 2941/6181/2862 2942/6182/2863 2930/6166/2851
f 2930/6166/2851 2942/6182/2863 2943/6183/2864 2931/6167/2852
f 2931/6168/2852 2943/6184/2864 2944/6185/2865 2932/6169/2853
f 2932/6169/2853 2944/6185/2865 2933/6170/2854 2921/6154/2842
f 2933/6170/2854 2945/6186/2866 2946/6187/2867 2934/6171/2855
f 2934/6172/2855 2946/6188/2867 2947/6189/2868 2935/6173/2856
f 2935/6173/2856 2947/6189/2868 2948/6190/2869 2936/6174/2857
f 2936/6174/2857 2948/6190/2869 2949/6191/2870 2937/6175/2858
f 2937/6176/2858 2949/6192/2870 2950/6193/2871 2938/6177/2859
f 2938/6177/2859 2950/6193/2871 2951/6194/2872 2939/6178/2860
f 2939/6178/2860 2951/6194/2872 2952/6195/2873 2940/6179/2861
f 2940/6180/2861 2952/6196/2873 2953/6197/2874 2941/6181/2862
f 2941/6181/2862 2953/6197/2874 2954/6198/2875 2942/6182/2863
f 2942/6182/2863 2954/6198/2875 2955/6199/2876 2943/6183/2864
f 2943/6184/2864 2955/6200/2876 2956/6201/2877 2944/6185/2865
f 2944/6185/2865 2956/6201/2877 2945/6186/2866 2933/6170/2854
f 2945/6202/2866 2957/6203/2878 2958/6204/2879 2946/6205/2867
f 2946/6188/2867 2958/6206/2879 2959/6207/2880 2947/6189/2868
f 2947/6189/2868 2959/6207/2880 2960/6208/2881 2948/6190/2869
f 2948/6190/2869 2960/6208/2881 2961/6209/2882 2949/6191/2870
f 2949/6210/2870 2961/6211/2882 2962/6212/2883 2950/6213/2871
f 2950/6213/2871 2962/6212/2883 2963/6214/2884 2951/6215/2872
f 2951/6215/2872 2963/6214/2884 2964/6216/2885 2952/6217/2873
f 2952/6196/2873 2964/6218/2885 2965/6219/2886 2953/6197/2874
f 2953/6197/2874 2965/6219/2886 2966/6220/2887 2954/6198/2875
f 2954/6198/2875 2966/6220/2887 2967/6221/2888 2955/6199/2876
f 2955/6222/2876 2967/6223/2888 2968/6224/2889 2956/6225/2877
f 2956/6225/2877 2968/6224/2889 2957/6203/2878 2945/6202/2866
f 2957/6203/2878 2969/6226/2890 2970/6227/2891 2958/6204/2879
f 2958/6206/2879 2970/6228/2891 2971/6229/2892 2959/6207/2880
f 2959/6207/2880 2971/6229/2892 2972/6230/2893 2960/6208/2881
f 2960/6208/2881 2972/6230/2893 2973/6231/2894 2961/6209/2882
f 2961/6211/2882 2973/6232/2894 2974/6233/2895 2962/6212/2883
f 2962/6212/2883 2974/6233/2895 2975/6234/2896 2963/6214/2884
f 2963/6214/2884 2975/6234/2896 2976/6235/2897 2964/6216/2885
f 2964/6218/2885 2976/6236/2897 2977/6237/2898 2965/6219/2886
f 2965/6219/2886 2977/6237/2898 2978/6238/2899 2966/6220/2887
f 2966/6220/2887 2978/6238/2899 2979/6239/2900 2967/6221/2888
f 2967/6223/2888 2979/6240/2900 2980/6241/2901 2968/6224/2889
f 2968/6224/2889 2980/6241/2901 2969/6226/2890 2957/6203/2878
f 2969/6226/2890 2981/6242/2902 2982/6243/2903 2970/6227/2891
f 2970/6228/2891 2982/6244/2903 2983/6245/2904 2971/6229/2892
f 2971/6229/2892 2983/6245/2904 2984/6246/2905 2972/6230/2893
f 2972/6230/2893 2984/6246/2905 2985/6247/2906 2973/6231/2894
f 2973/6232/2894 2985/6248/2906 2986/6249/2907 2974/6233/2895
f 2974/6233/2895 2986/6249/2907 2987/6250/2908 2975/6234/2896
f 2975/6234/2896 2987/6250/2908 2988/6251/2909 2976/6235/2897
f 2976/6236/2897 2988/6252/2909 2989/6253/2910 2977/6237/2898
f 2977/6237/2898 2989/6253/2910 2990/6254/2911 2978/6238/2899
f 2978/6238/2899 2990/6254/2911 2991/6255/2912 2979/6239/2900
f 2979/6240/2900 2991/6256/2912 2992/6257/2913 2980/6241/2901
f 2980/6241/2901 2992/6257/2913 2981/6242/2902 2969/6226/2890
f 2981/6242/2902 2993/6258/2735 2994/6259/2914 2982/6243/2903
f 2982/6244/2903 2994/6260/2914 2995/6261/2915 2983/6245/2904
f 2983/6245/2904 2995/6261/2915 2996/6262/2916 2984/6246/2905
f 2984/6246/2905 2996/6262/2916 2997/6263/2917 2985/6247/2906
f 2985/6248/2906 2997/6264/2917 2998/6265/2918 2986/6249/2907
f 2986/6249/2907 2998/6265/2918 2999/6266/2722 2987/6250/2908
f 2987/6250/2908 2999/6266/2722 3000/6267/2919 2988/6251/2909
f 2988/6252/2909 3000/6268/2919 3001/6269/2920 2989/6253/2910
f 2989/6253/2910 3001/6269/2920 3002/6270/2921 2990/6254/2911
f 2990/6254/2911 3002/6270/2921 3003/6271/2922 2991/6255/2912
f 2991/6256/2912 3003/6272/2922 3004/6273/2923 2992/6257/2913
f 2992/6257/2913 3004/6273/2923 2993/6258/2735 2981/6242/2902
f 2993/6258/2735 3005/6274/2924 3006/6275/2925 2994/6259/2914
f 2994/6260/2914 3006/6276/2925 3007/6277/2926 2995/6261/2915
f 2995/6261/2915 3007/6277/2926 3008/6278/2927 2996/6262/2916
f 2996/6262/2916 3008/6278/2927 3009/6279/2928 2997/6263/2917
f 2997/6264/2917 3009/6280/2928 3010/6281/2929 2998/6265/2918
f 2998/6265/2918 3010/6281/2929 3011/6282/2930 2999/6266/2722
f 2999/6266/2722 3011/6282/2930 3012/6283/2931 3000/6267/2919
f 3000/6268/2919 3012/6284/2931 3013/6285/2932 3001/6269/2920
f 3001/6269/2920 3013/6285/2932 3014/6286/2933 3002/6270/2921
f 3002/6270/2921 3014/6286/2933 3015/6287/2934 3003/6271/2922
f 3003/6272/2922 3015/6288/2934 3016/6289/2935 3004/6273/2923
f 3004/6273/2923 3016/6289/2935 3005/6274/2924 2993/6258/2735
f 3005/6274/2924 3017/6290/2936 3018/6291/2937 3006/6275/2925
f 3006/6276/2925 3018/6292/2937 3019/6293/2938 3007/6277/2926
f 3007/6277/2926 3019/6293/2938 3020/6294/2939 3008/6278/2927
f 3008/6278/2927 3020/6294/2939 3021/6295/2940 3009/6279/2928
f 3009/6280/2928 3021/6296/2940 3022/6297/2941 3010/6281/2929
f 3010/6281/2929 3022/6297/2941 3023/6298/2942 3011/6282/2930
f 3011/6282/2930 3023/6298/2942 3024/6299/2943 3012/6283/2931
f 3012/6284/2931 3024/6300/2943 3025/6301/2944 3013/6285/2932
f 3013/6285/2932 3025/6301/2944 3026/6302/2945 3014/6286/2933
f 3014/6286/2933 3026/6302/2945 3027/6303/2946 3015/6287/2934
f 3015/6288/2934 3027/6304/2946 3028/6305/2947 3016/6289/2935
f 3016/6289/2935 3028/6305/2947 3017/6290/2936 3005/6274/2924
f 3017/6290/2936 3029/6306/2948 3030/6307/2949 3018/6291/2937
f 3018/6292/2937 3030/6308/2949 3031/6309/2950 3019/6293/2938
f 3019/6293/2938 3031/6309/2950 3032/6310/2951 3020/6294/2939
f 3020/6294/2939 3032/6310/2951 3033/6311/2952 3021/6295/2940
f 3021/6296/2940 3033/6312/2952 3034/6313/2953 3022/6297/2941
f 3022/6297/2941 3034/6313/2953 3035/6314/2954 3023/6298/2942
f 3023/6298/2942 3035/6314/2954 3036/6315/2955 3024/6299/2943
f 3024/6300/2943 3036/6316/2955 3037/6317/2956 3025/6301/2944
f 3025/6301/2944 3037/6317/2956 3038/6318/2957 3026/6302/2945
f 3026/6302/2945 3038/6318/2957 3039/6319/2958 3027/6303/2946
f 3027/6304/2946 3039/6320/2958 3040/6321/2959 3028/6305/2947
f 3028/6305/2947 3040/6321/2959 3029/6306/2948 3017/6290/2936
f 3029/6306/2948 3041/6322/2960 3042/6323/2961 3030/6307/2949
f 3030/6308/2949 3042/6324/2961 3043/6325/2962 3031/6309/2950
f 3031/6309/2950 3043/6325/2962 3044/6326/2963 3032/6310/2951
f 3032/6310/2951 3044/6326/2963 3045/6327/2964 3033/6311/2952
f 3033/6312/2952 3045/6328/2964 3046/6329/2965 3034/6313/2953
f 3034/6313/2953 3046/6329/2965 3047/6330/2966 3035/6314/2954
f 3035/6314/2954 3047/6330/2966 3048/6331/2967 3036/6315/2955
f 3036/6316/2955 3048/6332/2967 3049/6333/2968 3037/6317/2956
f 3037/6317/2956 3049/6333/2968 3050/6334/2969 3038/6318/2957
f 3038/6318/2957 3050/6334/2969 3051/6335/2970 3039/6319/2958
f 3039/6320/2958 3051/6336/2970 3052/6337/2971 3040/6321/2959
f 3040/6321/2959 3052/6337/2971 3041/6322/2960 3029/6306/2948
f 3041/6322/2960 3053/6338/2972 3054/6339/2973 3042/6323/2961
f 3042/6324/2961 3054/6340/2973 3055/6341/2974 3043/6325/2962
f 3043/6325/2962 3055/6341/2974 3056/6342/2975 3044/6326/2963
f 3044/6326/2963 3056/6342/2975 3057/6343/2976 3045/6327/2964
f 3045/6327/2964 3057/6343/2976 3058/6344/2977 3046/6345/2965
f 3046/6329/2965 3058/6346/2977 3059/6347/2978 3047/6330/2966
f 3047/6330/2966 3059/6347/2978 3060/6348/2979 3048/6331/2967
f 3048/6332/2967 3060/6349/2979 3061/6350/2980 3049/6333/2968
f 3049/6333/2968 3061/6350/2980 3062/6351/2981 3050/6334/2969
f 3050/6334/2969 3062/6351/2981 3063/6352/2982 3051/6335/2970
f 3051/6335/2970 3063/6352/2982 3064/6353/2983 3052/6354/2971
f 3052/6337/2971 3064/6355/2983 3053/6338/2972 3041/6322/2960
f 3053/6356/2972 3065/6357/2984 3066/6358/2985 3054/6359/2973
f 3054/6359/2973 3066/6358/2985 3067/6360/2986 3055/6361/2974
f 3055/6341/2974 3067/6362/2986 3068/6363/2987 3056/6342/2975
f 3056/6342/2975 3068/6363/2987 3069/6364/2988 3057/6343/2976
f 3057/6343/2976 3069/6364/2988 3070/6365/2989 3058/6344/2977
f 3058/6346/2977 3070/6366/2989 3071/6367/2990 3059/6347/2978
f 3059/6368/2978 3071/6369/2990 3072/6370/2991 3060/6371/2979
f 3060/6371/2979 3072/6370/2991 3073/6372/2992 3061/6373/2980
f 3061/6350/2980 3073/6374/2992 3074/6375/2993 3062/6351/2981
f 3062/6351/2981 3074/6375/2993 3075/6376/2994 3063/6352/2982
f 3063/6352/2982 3075/6376/2994 3076/6377/2995 3064/6353/2983
f 3064/6355/2983 3076/6378/2995 3065/6379/2984 3053/6338/2972
f 3065/6357/2984 3077/6380/2996 3078/6381/2997 3066/6358/2985
f 3066/6358/2985 3078/6381/2997 3079/6382/2998 3067/6360/2986
f 3067/6362/2986 3079/6383/2998 3080/6384/2999 3068/6363/2987
f 3068/6363/2987 3080/6384/2999 3081/6385/3000 3069/6364/2988
f 3069/6364/2988 3081/6385/3000 3082/6386/3001 3070/6365/2989
f 3070/6387/2989 3082/6388/3001 3083/6389/3002 3071/6369/2990
f 3071/6369/2990 3083/6389/3002 3084/6390/3003 3072/6370/2991
f 3072/6370/2991 3084/6390/3003 3085/6391/3004 3073/6372/2992
f 3073/6374/2992 3085/6392/3004 3086/6393/3005 3074/6375/2993
f 3074/6375/2993 3086/6393/3005 3087/6394/3006 3075/6376/2994
f 3075/6376/2994 3087/6394/3006 3088/6395/3007 3076/6377/2995
f 3076/6396/2995 3088/6397/3007 3077/6380/2996 3065/6357/2984
f 3077/6380/2996 3089/6398/2824 3090/6399/3008 3078/6381/2997
f 3078/6381/2997 3090/6399/3008 3091/6400/3009 3079/6382/2998
f 3079/6383/2998 3091/6401/3009 3092/6402/3010 3080/6384/2999
f 3080/6384/2999 3092/6402/3010 3093/6403/3011 3081/6385/3000
f 3081/6385/3000 3093/6403/3011 3094/6404/3012 3082/6386/3001
f 3082/6388/3001 3094/6405/3012 3095/6406/2818 3083/6389/3002
f 3083/6389/3002 3095/6406/2818 3096/6407/3013 3084/6390/3003
f 3084/6390/3003 3096/6407/3013 3097/6408/3014 3085/6391/3004
f 3085/6392/3004 3097/6409/3014 3098/6410/3015 3086/6393/3005
f 3086/6393/3005 3098/6410/3015 3099/6411/3016 3087/6394/3006
f 3087/6394/3006 3099/6411/3016 3100/6412/3017 3088/6395/3007
f 3088/6397/3007 3100/6413/3017 3089/6398/2824 3077/6380/2996
f 3089/6398/2824 3101/6414/3018 3102/6415/3019 3090/6399/3008
f 3090/6399/3008 3102/6415/3019 3103/6416/3020 3091/6400/3009
f 3091/6401/3009 3103/6417/3020 3104/6418/3021 3092/6402/3010
f 3092/6402/3010 3104/6418/3021 3105/6419/3022 3093/6403/3011
f 3093/6403/3011 3105/6419/3022 3106/6420/3023 3094/6404/3012
f 3094/6405/3012 3106/6421/3023 3107/6422/3024 3095/6406/2818
f 3095/6406/2818 3107/6422/3024 3108/6423/3025 3096/6407/3013
f 3096/6407/3013 3108/6423/3025 3109/6424/3026 3097/6408/3014
f 3097/6409/3014 3109/6425/3026 3110/6426/3027 3098/6410/3015
f 3098/6410/3015 3110/6426/3027 3111/6427/3028 3099/6411/3016
f 3099/6411/3016 3111/6427/3028 3112/6428/3029 3100/6412/3017
f 3100/6413/3017 3112/6429/3029 3101/6414/3018 3089/6398/2824
f 3101/6414/3018 3113/6430/3030 3114/6431/3031 3102/6415/3019
f 3102/6415/3019 3114/6431/3031 3115/6432/3032 3103/6416/3020
f 3103/6417/3020 3115/6433/3032 3116/6434/3033 3104/6418/3021
f 3104/6418/3021 3116/6434/3033 3117/6435/3034 3105/6419/3022
f 3105/6419/3022 3117/6435/3034 3118/6436/3035 3106/6420/3023
f 3106/6421/3023 3118/6437/3035 3119/6438/3036 3107/6422/3024
f 3107/6422/3024 3119/6438/3036 3120/6439/3037 3108/6423/3025
f 3108/6423/3025 3120/6439/3037 3121/6440/3038 3109/6424/3026
f 3109/6425/3026 3121/6441/3038 3122/6442/3039 3110/6426/3027
f 3110/6426/3027 3122/6442/3039 3123/6443/3040 3111/6427/3028
f 3111/6427/3028 3123/6443/3040 3124/6444/3041 3112/6428/3029
f 3112/6429/3029 3124/6445/3041 3113/6430/3030 3101/6414/3018
f 3113/6430/3030 3125/6446/3042 3126/6447/3043 3114/6431/3031
f 3114/6431/3031 3126/6447/3043 3127/6448/3044 3115/6432/3032
f 3115/6433/3032 3127/6449/3044 3128/6450/3045 3116/6434/3033
f 3116/6434/3033 3128/6450/3045 3129/6451/3046 3117/6435/3034
f 3117/6435/3034 3129/6451/3046 3130/6452/3047 3118/6436/3035
f 3118/6437/3035 3130/6453/3047 3131/6454/3048 3119/6438/3036
f 3119/6438/3036 3131/6454/3048 3132/6455/3049 3120/6439/3037
f 3120/6439/3037 3132/6455/3049 3133/6456/3050 3121/6440/3038
f 3121/6441/3038 3133/6457/3050 3134/6458/3051 3122/6442/3039
f 3122/6442/3039 3134/6458/3051 3135/6459/3052 3123/6443/3040
f 3123/6443/3040 3135/6459/3052 3136/6460/3053 3124/6444/3041
f 3124/6445/3041 3136/6461/3053 3125/6446/3042 3113/6430/3030
f 3125/6446/3042 3137/6462/3054 3138/6463/3055 3126/6447/3043
f 3126/6447/3043 3138/6463/3055 3139/6464/3056 3127/6448/3044
f 3127/6449/3044 3139/6465/3056 3140/6466/3057 3128/6450/3045
f 3128/6450/3045 3140/6466/3057 3141/6467/3058 3129/6451/3046
f 3129/6451/3046 3141/6467/3058 3142/6468/3059 3130/6452/3047
f 3130/6453/3047 3142/6469/3059 3143/6470/3060 3131/6454/3048
f 3131/6454/3048 3143/6470/3060 3144/6471/3061 3132/6455/3049
f 3132/6455/3049 3144/6471/3061 3145/6472/3062 3133/6456/3050
f 3133/6457/3050 3145/6473/3062 3146/6474/3063 3134/6458/3051
f 3134/6458/3051 3146/6474/3063 3147/6475/3064 3135/6459/3052
f 3135/6459/3052 3147/6475/3064 3148/6476/3065 3136/6460/3053
f 3136/6461/3053 3148/6477/3065 3137/6462/3054 3125/6446/3042
f 3137/6478/3054 3149/6479/3066 3150/6480/3067 3138/6481/3055
f 3138/6481/3055 3150/6480/3067 3151/6482/3068 3139/6483/3056
f 3139/6465/3056 3151/6484/3068 3152/6485/3069 3140/6466/3057
f 3140/6466/3057 3152/6485/3069 3153/6486/3070 3141/6467/3058
f 3141/6467/3058 3153/6486/3070 3154/6487/3071 3142/6468/3059
f 3142/6488/3059 3154/6489/3071 3155/6490/3072 3143/6491/3060
f 3143/6491/3060 3155/6490/3072 3156/6492/3073 3144/6493/3061
f 3144/6493/3061 3156/6492/3073 3157/6494/3074 3145/6495/3062
f 3145/6473/3062 3157/6496/3074 3158/6497/3075 3146/6474/3063
f 3146/6474/3063 3158/6497/3075 3159/6498/3076 3147/6475/3064
f 3147/6475/3064 3159/6498/3076 3160/6499/3077 3148/6476/3065
f 3148/6500/3065 3160/6501/3077 3149/6479/3066 3137/6478/3054
f 3149/6479/3066 3161/6502/3078 3162/6503/3079 3150/6480/3067
f 3150/6480/3067 3162/6503/3079 3163/6504/3080 3151/6482/3068
f 3151/6484/3068 3163/6505/3080 3164/6506/3081 3152/6485/3069
f 3152/6485/3069 3164/6506/3081 3165/6507/3082 3153/6486/3070
f 3153/6486/3070 3165/6507/3082 3166/6508/3083 3154/6487/3071
f 3154/6489/3071 3166/6509/3083 3167/6510/3084 3155/6490/3072
f 3155/6490/3072 3167/6510/3084 3168/6511/3085 3156/6492/3073
f 3156/6492/3073 3168/6511/3085 3169/6512/3086 3157/6494/3074
f 3157/6496/3074 3169/6513/3086 3170/6514/3087 3158/6497/3075
f 3158/6497/3075 3170/6514/3087 3171/6515/3088 3159/6498/3076
f 3159/6498/3076 3171/6515/3088 3172/6516/3089 3160/6499/3077
f 3160/6501/3077 3172/6517/3089 3161/6502/3078 3149/6479/3066
f 3161/6502/3078 3173/6518/3090 3174/6519/3091 3162/6503/3079
f 3162/6503/3079 3174/6519/3091 3175/6520/3092 3163/6504/3080
f 3163/6505/3080 3175/6521/3092 3176/6522/3093 3164/6506/3081
f 3164/6506/3081 3176/6522/3093 3177/6523/3094 3165/6507/3082
f 3165/6507/3082 3177/6523/3094 3178/6524/3095 3166/6508/3083
f 3166/6509/3083 3178/6525/3095 3179/6526/3096 3167/6510/3084
f 3167/6510/3084 3179/6526/3096 3180/6527/3097 3168/6511/3085
f 3168/6511/3085 3180/6527/3097 3181/6528/3098 3169/6512/3086
f 3169/6513/3086 3181/6529/3098 3182/6530/3099 3170/6514/3087
f 3170/6514/3087 3182/6530/3099 3183/6531/3100 3171/6515/3088
f 3171/6515/3088 3183/6531/3100 3184/6532/3101 3172/6516/3089
f 3172/6517/3089 3184/6533/3101 3173/6518/3090 3161/6502/3078
f 3173/6518/3090 2801/5982/2722 2802/5985/2725 3174/6519/3091
f 3174/6519/3091 2802/5985/2725 2803/5987/2727 3175/6520/3092
f 3175/6521/3092 2803/5988/2727 2804/5991/2729 3176/6522/3093
f 3176/6522/3093 2804/5991/2729 2805/5993/2731 3177/6523/3094
f 3177/6523/3094 2805/5993/2731 2806/5995/2733 3178/6524/3095
f 3178/6525/3095 2806/5996/2733 2807/5999/2735 3179/6526/3096
f 3179/6526/3096 2807/5999/2735 2808/6001/2737 3180/6527/3097
f 3180/6527/3097 2808/6001/2737 2809/6003/2739 3181/6528/3098
f 3181/6529/3098 2809/6004/2739 2810/6007/2741 3182/6530/3099
f 3182/6530/3099 2810/6007/2741 2811/6009/2743 3183/6531/3100
f 3183/6531/3100 2811/6009/2743 2812/6011/2745 3184/6532/3101
f 3184/6533/3101 2812/6012/2745 2801/5982/2722 3173/6518/3090
o Torus.011_Torus.019
v 0.002411 0.253615 0.346548
v -0.019476 0.246561 0.342144
v -0.034198 0.231314 0.335546
v -0.037862 0.211932 0.328506
v -0.029440 0.193571 0.322902
v -0.011143 0.181136 0.320235
v 0.012156 0.178060 0.321257
v 0.034143 0.185153 0.325683
v 0.048858 0.200517 0.332322
v 0.052400 0.219940 0.339365
v 0.043881 0.238241 0.344939
v 0.025601 0.250559 0.347567
v 0.009296 0.272102 0.275680
v -0.012714 0.264718 0.272546
v -0.027771 0.248570 0.269409
v -0.031895 0.227956 0.267096
v -0.023935 0.208356 0.266238
v -0.005977 0.195006 0.267061
v 0.017199 0.191597 0.269357
v 0.039310 0.199023 0.272509
v 0.054363 0.215302 0.275658
v 0.058366 0.235963 0.277954
v 0.050307 0.255493 0.278800
v 0.032363 0.268717 0.277969
v 0.017317 0.279028 0.203904
v -0.004837 0.271525 0.202055
v -0.020286 0.255032 0.202421
v -0.024946 0.233960 0.204904
v -0.017523 0.213892 0.208847
v 0.000041 0.200212 0.213202
v 0.023073 0.196665 0.216795
v 0.045327 0.204229 0.218650
v 0.060777 0.220841 0.218267
v 0.065316 0.241968 0.215762
v 0.057792 0.261958 0.211814
v 0.040239 0.275524 0.207478
v 0.026162 0.274131 0.133986
v 0.003854 0.266714 0.133381
v -0.012030 0.250463 0.137164
v -0.017280 0.229717 0.144311
v -0.010450 0.209973 0.152940
v 0.006681 0.196542 0.160733
v 0.029551 0.193075 0.165590
v 0.051963 0.200559 0.166181
v 0.067851 0.216919 0.162360
v 0.072981 0.237724 0.155169
v 0.066047 0.257389 0.146556
v 0.048925 0.270712 0.138803
v 0.035495 0.257600 0.068598
v 0.013021 0.250474 0.069168
v -0.003321 0.235043 0.076141
v -0.009193 0.215390 0.087653
v -0.002988 0.196753 0.100657
v 0.013685 0.184131 0.111668
v 0.036385 0.180974 0.117704
v 0.058965 0.188148 0.117115
v 0.075313 0.203699 0.110076
v 0.081068 0.223398 0.098511
v 0.074757 0.241966 0.085533
v 0.058089 0.254472 0.074590
v 0.044956 0.230066 0.010260
v 0.022311 0.223435 0.011879
v 0.005508 0.209342 0.021694
v -0.000995 0.191528 0.037105
v 0.004577 0.174739 0.054014
v 0.020784 0.163469 0.067894
v 0.043314 0.160809 0.074981
v 0.066065 0.167486 0.073341
v 0.082877 0.181686 0.063431
v 0.089266 0.199535 0.047963
v 0.083587 0.216268 0.031089
v 0.067381 0.227434 0.017299
v 0.054180 0.192588 -0.038779
v 0.031372 0.186627 -0.036290
v 0.014117 0.174365 -0.024076
v 0.006998 0.159054 -0.005392
v 0.011953 0.144770 0.014797
v 0.027706 0.135352 0.031093
v 0.050069 0.133361 0.039070
v 0.072986 0.139369 0.036540
v 0.090253 0.151717 0.024215
v 0.097259 0.167061 0.005467
v 0.092196 0.181291 -0.014681
v 0.076440 0.190625 -0.030868
v 0.062814 0.146605 -0.076642
v 0.039853 0.141475 -0.073481
v 0.022175 0.131452 -0.059419
v 0.014481 0.119212 -0.038207
v 0.018857 0.108005 -0.015477
v 0.034187 0.100848 0.002680
v 0.056392 0.099691 0.011337
v 0.079463 0.104865 0.008127
v 0.097157 0.114951 -0.006060
v 0.104741 0.127219 -0.027348
v 0.100255 0.138379 -0.050026
v 0.084918 0.145472 -0.068060
v 0.070526 0.093889 -0.101874
v 0.047429 0.089702 -0.098265
v 0.029373 0.082253 -0.082969
v 0.021164 0.073531 -0.060075
v 0.025023 0.065855 -0.035655
v 0.039975 0.061290 -0.016256
v 0.062040 0.061087 -0.007147
v 0.085249 0.065306 -0.010809
v 0.103324 0.072801 -0.026235
v 0.111423 0.081538 -0.049216
v 0.107453 0.089180 -0.073576
v 0.092491 0.093699 -0.092844
v 0.077020 0.036465 -0.113509
v 0.053805 0.033303 -0.109689
v 0.035434 0.028659 -0.093827
v 0.026791 0.023768 -0.070154
v 0.030215 0.019938 -0.044956
v 0.044847 0.018197 -0.024986
v 0.066796 0.019031 -0.015662
v 0.090123 0.022214 -0.019539
v 0.108516 0.026885 -0.035538
v 0.117051 0.031775 -0.059296
v 0.113514 0.035585 -0.084433
v 0.098870 0.037300 -0.104268
v 0.082046 -0.023465 -0.111097
v 0.058738 -0.025552 -0.107312
v 0.040124 -0.027274 -0.091570
v 0.031145 -0.028163 -0.068059
v 0.034234 -0.027978 -0.043027
v 0.048616 -0.026770 -0.023173
v 0.070476 -0.024856 -0.013893
v 0.093896 -0.022753 -0.017726
v 0.112534 -0.021031 -0.033609
v 0.121406 -0.020156 -0.057200
v 0.118204 -0.020348 -0.082175
v 0.103806 -0.021554 -0.101890
v 0.085411 -0.083592 -0.094730
v 0.062041 -0.084609 -0.091232
v 0.043265 -0.083391 -0.076289
v 0.034060 -0.080265 -0.053874
v 0.036925 -0.076060 -0.029936
v 0.051140 -0.071889 -0.010887
v 0.072940 -0.068890 -0.001906
v 0.096421 -0.067872 -0.005440
v 0.115225 -0.069114 -0.020518
v 0.124322 -0.072258 -0.043013
v 0.121344 -0.076465 -0.066896
v 0.107112 -0.080611 -0.085809
v 0.086985 -0.141611 -0.065029
v 0.063587 -0.141586 -0.062065
v 0.044734 -0.137537 -0.048571
v 0.035425 -0.130542 -0.028140
v 0.038183 -0.122449 -0.006189
v 0.052321 -0.115425 0.011398
v 0.074093 -0.111381 0.019845
v 0.097602 -0.111409 0.016845
v 0.116484 -0.115503 0.003231
v 0.125686 -0.122535 -0.017282
v 0.122811 -0.130611 -0.039176
v 0.108658 -0.137588 -0.056643
v 0.086708 -0.195291 -0.023142
v 0.063315 -0.194304 -0.020935
v 0.044476 -0.187632 -0.009479
v 0.035185 -0.177056 0.008153
v 0.037962 -0.165371 0.027302
v 0.052114 -0.155710 0.042825
v 0.073889 -0.150687 0.050523
v 0.097396 -0.151693 0.048273
v 0.116262 -0.158425 0.036722
v 0.125446 -0.169049 0.019012
v 0.122552 -0.180706 -0.000086
v 0.108387 -0.190305 -0.015512
v 0.084591 -0.242562 0.029314
v 0.061234 -0.240738 0.030587
v 0.042499 -0.231752 0.039481
v 0.033350 -0.218024 0.053612
v 0.036269 -0.203172 0.069244
v 0.050524 -0.191178 0.082194
v 0.072339 -0.185311 0.088937
v 0.095806 -0.187161 0.087641
v 0.114570 -0.196226 0.078664
v 0.123612 -0.210016 0.064471
v 0.120576 -0.224826 0.048874
v 0.106310 -0.236739 0.036010
v 0.080715 -0.281622 0.090333
v 0.057426 -0.279093 0.090518
v 0.038882 -0.268207 0.096429
v 0.029993 -0.251867 0.106486
v 0.033168 -0.234395 0.118038
v 0.047618 -0.220483 0.127985
v 0.069501 -0.213917 0.133621
v 0.092893 -0.216467 0.133432
v 0.111470 -0.227449 0.127458
v 0.120253 -0.243860 0.117345
v 0.116959 -0.261278 0.105823
v 0.102503 -0.275095 0.095941
v 0.075229 -0.310957 0.157570
v 0.052038 -0.307902 0.156551
v 0.033761 -0.295583 0.159179
v 0.025238 -0.277283 0.164753
v 0.028781 -0.257851 0.171799
v 0.043504 -0.242496 0.178435
v 0.065484 -0.235402 0.182861
v 0.088775 -0.238480 0.183881
v 0.107083 -0.250905 0.181219
v 0.115497 -0.269276 0.175611
v 0.111839 -0.288657 0.168572
v 0.097115 -0.303903 0.161973
v 0.068344 -0.329443 0.228434
v 0.045277 -0.326059 0.226146
v 0.027336 -0.312839 0.225317
v 0.019272 -0.293308 0.226160
v 0.023276 -0.272633 0.228461
v 0.038336 -0.256366 0.231610
v 0.060441 -0.248939 0.234758
v 0.083610 -0.252350 0.237056
v 0.101578 -0.265687 0.237883
v 0.109532 -0.285301 0.237018
v 0.105413 -0.305909 0.234710
v 0.090353 -0.322060 0.231569
v 0.060323 -0.336369 0.300210
v 0.037401 -0.332865 0.296635
v 0.019851 -0.319300 0.292302
v 0.012321 -0.299310 0.288353
v 0.016865 -0.278179 0.285850
v 0.032314 -0.261568 0.285468
v 0.054567 -0.254008 0.287323
v 0.077596 -0.257551 0.290916
v 0.095166 -0.271233 0.295272
v 0.102583 -0.291303 0.299211
v 0.097928 -0.312373 0.301695
v 0.082476 -0.328866 0.302058
v 0.051477 -0.331474 0.370131
v 0.028713 -0.328055 0.365315
v 0.011595 -0.314731 0.357559
v 0.004656 -0.295065 0.348944
v 0.009792 -0.274262 0.341759
v 0.025676 -0.257901 0.337937
v 0.048089 -0.250417 0.338526
v 0.070959 -0.253884 0.343384
v 0.088091 -0.267316 0.351178
v 0.094917 -0.287058 0.359802
v 0.089672 -0.307805 0.366952
v 0.073786 -0.324056 0.370737
v 0.042144 -0.314937 0.435519
v 0.019550 -0.311815 0.429525
v 0.002884 -0.299305 0.418586
v -0.003431 -0.280740 0.405604
v 0.002329 -0.261042 0.394042
v 0.018673 -0.245490 0.387000
v 0.041255 -0.238315 0.386411
v 0.063955 -0.241473 0.392448
v 0.080629 -0.254096 0.403463
v 0.086830 -0.272732 0.416462
v 0.080962 -0.292379 0.427979
v 0.064618 -0.307817 0.434947
v 0.032684 -0.287407 0.493854
v 0.010262 -0.284775 0.486814
v -0.005945 -0.273615 0.473032
v -0.011629 -0.256878 0.456156
v -0.005235 -0.239028 0.440685
v 0.011574 -0.224827 0.430772
v 0.034326 -0.218151 0.429133
v 0.056856 -0.220810 0.436220
v 0.073066 -0.232082 0.450104
v 0.078631 -0.248871 0.467014
v 0.072134 -0.266688 0.482423
v 0.055326 -0.280777 0.492236
v 0.023460 -0.249934 0.542896
v 0.001201 -0.247965 0.534981
v -0.014554 -0.238638 0.518802
v -0.019622 -0.224405 0.498653
v -0.012611 -0.209057 0.479897
v 0.004654 -0.196707 0.467577
v 0.027571 -0.190704 0.465048
v 0.049932 -0.192691 0.473024
v 0.065690 -0.202111 0.489319
v 0.070638 -0.216397 0.509509
v 0.063525 -0.231708 0.528194
v 0.046267 -0.243967 0.540402
v 0.014825 -0.203949 0.580763
v -0.007280 -0.202813 0.572172
v -0.022613 -0.195720 0.554139
v -0.027103 -0.184560 0.531462
v -0.019514 -0.172292 0.510172
v -0.001823 -0.162208 0.495991
v 0.021248 -0.157033 0.492778
v 0.043452 -0.158191 0.501438
v 0.058786 -0.165345 0.519591
v 0.063156 -0.176553 0.542320
v 0.055467 -0.188793 0.563533
v 0.037788 -0.198815 0.577593
v 0.007113 -0.151233 0.605996
v -0.014854 -0.151040 0.596954
v -0.029811 -0.146521 0.577691
v -0.033787 -0.138879 0.553329
v -0.025681 -0.130143 0.530353
v -0.007610 -0.122648 0.514923
v 0.015600 -0.118427 0.511258
v 0.037665 -0.118631 0.520370
v 0.052619 -0.123197 0.539772
v 0.056473 -0.130872 0.564188
v 0.048269 -0.139595 0.587084
v 0.030214 -0.147042 0.602375
v 0.000619 -0.093808 0.617631
v -0.021232 -0.094641 0.608379
v -0.035871 -0.092926 0.588547
v -0.039413 -0.089117 0.563409
v -0.030873 -0.084225 0.539648
v -0.012483 -0.079556 0.523657
v 0.010845 -0.076372 0.519777
v 0.032791 -0.075540 0.529104
v 0.047427 -0.077279 0.549069
v 0.050846 -0.081110 0.574268
v 0.042209 -0.085999 0.597941
v 0.023836 -0.090643 0.613801
v -0.004407 -0.033874 0.615217
v -0.026165 -0.035787 0.606002
v -0.040563 -0.036992 0.586299
v -0.043769 -0.037187 0.561320
v -0.034892 -0.036309 0.537720
v -0.016256 -0.034586 0.521844
v 0.007164 -0.032485 0.518005
v 0.029021 -0.030569 0.527291
v 0.043409 -0.029363 0.547140
v 0.046491 -0.029180 0.572176
v 0.037518 -0.030068 0.595689
v 0.018901 -0.031790 0.611424
v -0.007771 0.026251 0.598844
v -0.029469 0.023269 0.589925
v -0.043702 0.019125 0.571020
v -0.046684 0.014915 0.547133
v -0.037583 0.011772 0.524634
v -0.018782 0.010531 0.509553
v 0.004700 0.011549 0.506020
v 0.026500 0.014548 0.515001
v 0.040718 0.018718 0.534054
v 0.043575 0.022922 0.557991
v 0.034377 0.026052 0.580411
v 0.015594 0.027266 0.595346
v -0.009345 0.084266 0.569143
v -0.031016 0.080246 0.560761
v -0.045171 0.073275 0.543299
v -0.048048 0.065193 0.521397
v -0.038841 0.058161 0.500888
v -0.019964 0.054067 0.487270
v 0.003547 0.054039 0.484270
v 0.025319 0.058084 0.492718
v 0.039459 0.065106 0.510309
v 0.042212 0.073200 0.532255
v 0.032908 0.080202 0.552692
v 0.014049 0.084243 0.566182
v -0.009068 0.137948 0.527259
v -0.030748 0.132963 0.519630
v -0.044911 0.123364 0.504202
v -0.047809 0.111708 0.485102
v -0.038620 0.101083 0.467396
v -0.019757 0.094350 0.455845
v 0.003751 0.093345 0.453592
v 0.025526 0.098367 0.461293
v 0.039680 0.108029 0.476816
v 0.042452 0.119715 0.495960
v 0.033167 0.130291 0.513595
v 0.014324 0.136961 0.525052
v -0.006951 0.185221 0.474800
v -0.028670 0.179397 0.468106
v -0.042934 0.167485 0.455242
v -0.045975 0.152674 0.439644
v -0.036927 0.138885 0.425452
v -0.018169 0.129822 0.416477
v 0.005301 0.127968 0.415180
v 0.027117 0.133839 0.421925
v 0.041372 0.145833 0.434875
v 0.044287 0.160681 0.450503
v 0.035143 0.174411 0.464635
v 0.016405 0.183396 0.473528
v -0.003075 0.224281 0.413780
v -0.024863 0.217753 0.408175
v -0.039317 0.203939 0.398296
v -0.042616 0.186515 0.386769
v -0.033828 0.170117 0.376664
v -0.015260 0.159123 0.370684
v 0.008138 0.156575 0.370495
v 0.030027 0.163141 0.376132
v 0.044471 0.177063 0.386084
v 0.047646 0.194523 0.397626
v 0.038761 0.210862 0.407688
v 0.020213 0.221751 0.413597
vt 0.782806 0.185364
vt 0.782889 0.189345
vt 0.781735 0.189242
vt 0.781654 0.185333
vt 0.373186 0.642881
vt 0.373186 0.646822
vt 0.372322 0.646634
vt 0.372322 0.642890
vt 0.371209 0.646436
vt 0.371209 0.642959
vt 0.370143 0.646279
vt 0.370143 0.643071
vt 0.077608 0.788821
vt 0.077716 0.785640
vt 0.078774 0.785891
vt 0.078672 0.788876
vt 0.080057 0.785985
vt 0.079958 0.788899
vt 0.081218 0.785898
vt 0.081116 0.788884
vt 0.492588 0.645953
vt 0.492588 0.642942
vt 0.493460 0.642754
vt 0.493459 0.645962
vt 0.494575 0.642555
vt 0.494575 0.646032
vt 0.495637 0.642400
vt 0.495637 0.646144
vt 0.785149 0.185318
vt 0.785227 0.189033
vt 0.784167 0.189268
vt 0.784086 0.185358
vt 0.783106 0.193133
vt 0.781948 0.192963
vt 0.372571 0.650662
vt 0.371737 0.650284
vt 0.370666 0.649824
vt 0.369642 0.649406
vt 0.077930 0.782613
vt 0.078975 0.783051
vt 0.080253 0.783214
vt 0.081418 0.783058
vt 0.492119 0.640008
vt 0.492959 0.639627
vt 0.494033 0.639167
vt 0.495052 0.638750
vt 0.785429 0.192568
vt 0.784380 0.192988
vt 0.783447 0.196583
vt 0.782283 0.196352
vt 0.371365 0.654255
vt 0.370591 0.653698
vt 0.369602 0.652994
vt 0.368660 0.652331
vt 0.078239 0.779858
vt 0.079265 0.780465
vt 0.080536 0.780690
vt 0.081708 0.780472
vt 0.491197 0.637263
vt 0.491977 0.636702
vt 0.492968 0.635997
vt 0.493906 0.635336
vt 0.785747 0.195788
vt 0.784715 0.196377
vt 0.783900 0.199563
vt 0.782728 0.199278
vt 0.369613 0.657462
vt 0.368927 0.656745
vt 0.368057 0.655824
vt 0.367234 0.654942
vt 0.078633 0.777480
vt 0.079635 0.778234
vt 0.080897 0.778512
vt 0.082078 0.778241
vt 0.489859 0.634813
vt 0.490551 0.634091
vt 0.491423 0.633168
vt 0.492243 0.632289
vt 0.786170 0.198570
vt 0.785160 0.199303
vt 0.837726 0.235702
vt 0.836939 0.238520
vt 0.835888 0.238630
vt 0.836660 0.235862
vt 0.367385 0.660159
vt 0.366809 0.659309
vt 0.366090 0.658204
vt 0.365420 0.657138
vt 0.205567 0.880592
vt 0.205036 0.878313
vt 0.206216 0.878032
vt 0.206715 0.880170
vt 0.207506 0.877959
vt 0.207993 0.880046
vt 0.208556 0.878115
vt 0.209055 0.880254
vt 0.488156 0.632752
vt 0.488736 0.631895
vt 0.489457 0.630787
vt 0.490124 0.629725
vt 0.840117 0.236346
vt 0.839383 0.238976
vt 0.838219 0.238647
vt 0.838991 0.235879
vt 0.836398 0.241593
vt 0.835356 0.241648
vt 0.364764 0.662245
vt 0.364318 0.661291
vt 0.363777 0.660044
vt 0.363286 0.658836
vt 0.204708 0.875840
vt 0.205909 0.875711
vt 0.207206 0.875694
vt 0.208249 0.875794
vt 0.486154 0.631158
vt 0.486602 0.630197
vt 0.487144 0.628947
vt 0.487634 0.627743
vt 0.838878 0.241844
vt 0.837687 0.241665
vt 0.836122 0.244801
vt 0.835085 0.244799
vt 0.361852 0.663637
vt 0.361551 0.662614
vt 0.361208 0.661272
vt 0.360915 0.659969
vt 0.204598 0.873268
vt 0.205805 0.873297
vt 0.207105 0.873338
vt 0.208145 0.873380
vt 0.483929 0.630094
vt 0.484232 0.629063
vt 0.484575 0.627719
vt 0.484867 0.626420
vt 0.838620 0.244838
vt 0.837416 0.244816
vt 0.836122 0.248023
vt 0.835085 0.247962
vt 0.358760 0.664283
vt 0.358613 0.663228
vt 0.358480 0.661842
vt 0.358398 0.660495
vt 0.204708 0.870694
vt 0.205909 0.870882
vt 0.207206 0.870981
vt 0.208249 0.870965
vt 0.481567 0.629601
vt 0.481715 0.628538
vt 0.481847 0.627148
vt 0.481929 0.625806
vt 0.838620 0.247845
vt 0.837415 0.247980
vt 0.836398 0.251133
vt 0.835356 0.251017
vt 0.355608 0.664158
vt 0.355617 0.663109
vt 0.355699 0.661732
vt 0.355832 0.660393
vt 0.205036 0.868219
vt 0.206216 0.868559
vt 0.207506 0.868714
vt 0.208556 0.868642
vt 0.479158 0.629696
vt 0.479148 0.628639
vt 0.479066 0.627259
vt 0.478933 0.625924
vt 0.838878 0.250748
vt 0.837687 0.251034
vt 0.836939 0.254012
vt 0.835888 0.253845
vt 0.352517 0.663267
vt 0.352680 0.662262
vt 0.352971 0.660945
vt 0.353315 0.659668
vt 0.205567 0.865938
vt 0.206715 0.866418
vt 0.207993 0.866625
vt 0.209055 0.866501
vt 0.476796 0.630377
vt 0.476631 0.629365
vt 0.476338 0.628045
vt 0.475995 0.626772
vt 0.839383 0.253435
vt 0.838219 0.253862
vt 0.784329 0.593454
vt 0.783721 0.591383
vt 0.784974 0.591075
vt 0.785570 0.593110
vt 0.349604 0.661643
vt 0.349912 0.660719
vt 0.350402 0.659513
vt 0.350944 0.658346
vt 0.206283 0.863937
vt 0.207386 0.864540
vt 0.208648 0.864792
vt 0.804798 0.397770
vt 0.804374 0.399292
vt 0.803112 0.398999
vt 0.803546 0.397439
vt 0.474571 0.631617
vt 0.474260 0.630686
vt 0.473769 0.629477
vt 0.473228 0.628314
vt 0.840117 0.255804
vt 0.838991 0.256355
vt 0.837726 0.256551
vt 0.783193 0.588678
vt 0.784454 0.588419
vt 0.346984 0.659350
vt 0.347422 0.658540
vt 0.348090 0.657490
vt 0.348810 0.656479
vt 0.349390 0.655779
vt 0.351393 0.657531
vt 0.805554 0.398992
vt 0.805185 0.401026
vt 0.804013 0.401278
vt 0.802742 0.401034
vt 0.472569 0.633369
vt 0.472127 0.632553
vt 0.471456 0.631500
vt 0.470738 0.630493
vt 0.470162 0.629799
vt 0.472782 0.627506
vt 0.782542 0.591100
vt 0.782023 0.588444
vt 0.782762 0.585444
vt 0.784032 0.585243
vt 0.785068 0.584719
vt 0.785470 0.587738
vt 0.345304 0.655808
vt 0.346123 0.654954
vt 0.346995 0.654139
vt 0.347687 0.653583
vt 0.804894 0.403457
vt 0.803729 0.403651
vt 0.802451 0.403465
vt 0.801406 0.402951
vt 0.801716 0.400360
vt 0.470312 0.634894
vt 0.469490 0.634037
vt 0.468620 0.633225
vt 0.467933 0.632673
vt 0.781600 0.585268
vt 0.782447 0.581805
vt 0.783722 0.581669
vt 0.784774 0.581323
vt 0.343640 0.652628
vt 0.344578 0.652001
vt 0.345570 0.651415
vt 0.346349 0.651026
vt 0.804694 0.406191
vt 0.803534 0.406318
vt 0.802251 0.406198
vt 0.801193 0.405863
vt 0.468886 0.637617
vt 0.467944 0.636989
vt 0.466956 0.636405
vt 0.466181 0.636019
vt 0.781291 0.581694
vt 0.782259 0.577901
vt 0.783538 0.577835
vt 0.784599 0.577679
vt 0.342494 0.649123
vt 0.343514 0.648747
vt 0.344588 0.648412
vt 0.345428 0.648208
vt 0.804592 0.409122
vt 0.803434 0.409179
vt 0.802149 0.409130
vt 0.801084 0.408987
vt 0.467904 0.640620
vt 0.466880 0.640243
vt 0.465809 0.639909
vt 0.464975 0.639708
vt 0.781106 0.577860
vt 0.782206 0.573881
vt 0.783485 0.573887
vt 0.784549 0.573928
vt 0.341909 0.645428
vt 0.342971 0.645316
vt 0.344087 0.645246
vt 0.344958 0.645237
vt 0.804592 0.412139
vt 0.803434 0.412123
vt 0.802149 0.412146
vt 0.801084 0.412201
vt 0.467404 0.643787
vt 0.466338 0.643675
vt 0.465225 0.643605
vt 0.464360 0.643597
vt 0.781053 0.573912
vt 0.782289 0.569901
vt 0.783567 0.569978
vt 0.784626 0.570213
vt 0.341909 0.641683
vt 0.342971 0.641839
vt 0.344087 0.642038
vt 0.344958 0.642226
vt 0.804694 0.415125
vt 0.803534 0.415037
vt 0.802251 0.415132
vt 0.801193 0.415383
vt 0.467403 0.646995
vt 0.466337 0.647151
vt 0.465225 0.647350
vt 0.464360 0.647537
vt 0.781135 0.570003
vt 0.782505 0.566113
vt 0.783779 0.566257
vt 0.784828 0.566677
vt 0.342494 0.638034
vt 0.343514 0.638451
vt 0.344588 0.638911
vt 0.345428 0.639292
vt 0.804894 0.417965
vt 0.803729 0.417809
vt 0.802451 0.417972
vt 0.801406 0.418410
vt 0.467904 0.650121
vt 0.466880 0.650540
vt 0.465809 0.650999
vt 0.464975 0.651377
vt 0.781348 0.566282
vt 0.782847 0.562662
vt 0.784114 0.562868
vt 0.785147 0.563457
vt 0.343640 0.634620
vt 0.344578 0.635281
vt 0.345570 0.635986
vt 0.346349 0.636547
vt 0.805185 0.420550
vt 0.804013 0.420332
vt 0.802742 0.420558
vt 0.801716 0.421164
vt 0.468886 0.653046
vt 0.467944 0.653709
vt 0.466955 0.654413
vt 0.466181 0.654970
vt 0.781683 0.562893
vt 0.783300 0.559682
vt 0.784560 0.559942
vt 0.785570 0.560676
vt 0.345304 0.631572
vt 0.346124 0.632451
vt 0.346996 0.633375
vt 0.347688 0.634097
vt 0.805554 0.422782
vt 0.804374 0.422510
vt 0.803111 0.422789
vt 0.802110 0.423542
vt 0.470312 0.655657
vt 0.469489 0.656539
vt 0.468619 0.657461
vt 0.467932 0.658177
vt 0.782128 0.559967
vt 0.839779 0.725779
vt 0.838993 0.722960
vt 0.840272 0.722834
vt 0.841045 0.725601
vt 0.841437 0.722505
vt 0.842171 0.725135
vt 0.347422 0.629008
vt 0.348090 0.630071
vt 0.348810 0.631179
vt 0.349391 0.632035
vt 0.895676 0.560021
vt 0.895178 0.562159
vt 0.894127 0.562315
vt 0.894614 0.560228
vt 0.892837 0.562242
vt 0.893336 0.560104
vt 0.891657 0.561961
vt 0.892188 0.559682
vt 0.472126 0.657854
vt 0.471456 0.658920
vt 0.470737 0.660025
vt 0.470161 0.660875
vt 0.838714 0.725619
vt 0.837942 0.722851
vt 0.838451 0.719888
vt 0.839740 0.719816
vt 0.840931 0.719637
vt 0.349913 0.627027
vt 0.350403 0.628231
vt 0.350944 0.629481
vt 0.351393 0.630442
vt 0.894871 0.564480
vt 0.893828 0.564580
vt 0.892530 0.564563
vt 0.891330 0.564434
vt 0.474260 0.659551
vt 0.473768 0.660759
vt 0.473228 0.662006
vt 0.472782 0.662960
vt 0.837410 0.719833
vt 0.838175 0.716679
vt 0.839469 0.716665
vt 0.840674 0.716642
vt 0.352680 0.625704
vt 0.352972 0.627003
vt 0.353315 0.628348
vt 0.353618 0.629378
vt 0.894767 0.566894
vt 0.893727 0.566936
vt 0.892427 0.566977
vt 0.891219 0.567006
vt 0.476631 0.660685
vt 0.476338 0.661988
vt 0.475995 0.663329
vt 0.475694 0.664353
vt 0.837138 0.716682
vt 0.838175 0.713458
vt 0.839469 0.713501
vt 0.840674 0.713636
vt 0.355618 0.625090
vt 0.355700 0.626433
vt 0.355832 0.627822
vt 0.355980 0.628885
vt 0.894871 0.569309
vt 0.893828 0.569293
vt 0.892530 0.569392
vt 0.891330 0.569580
vt 0.479148 0.661211
vt 0.479065 0.662558
vt 0.478933 0.663943
vt 0.478785 0.664999
vt 0.837139 0.713518
vt 0.838451 0.710348
vt 0.839740 0.710447
vt 0.840931 0.710733
vt 0.358614 0.625209
vt 0.358481 0.626543
vt 0.358399 0.627924
vt 0.358389 0.628980
vt 0.895178 0.571632
vt 0.894127 0.571560
vt 0.892838 0.571715
vt 0.891657 0.572055
vt 0.481714 0.661109
vt 0.481847 0.662448
vt 0.481928 0.663825
vt 0.481937 0.664874
vt 0.837410 0.710464
vt 0.838993 0.707468
vt 0.840272 0.707619
vt 0.841437 0.708046
vt 0.361552 0.626056
vt 0.361209 0.627329
vt 0.360915 0.628649
vt 0.360751 0.629661
vt 0.895676 0.573773
vt 0.894614 0.573649
vt 0.893336 0.573856
vt 0.892189 0.574336
vt 0.484231 0.660384
vt 0.484574 0.661662
vt 0.484866 0.662978
vt 0.485029 0.663982
vt 0.837942 0.707636
vt 0.839779 0.704930
vt 0.841045 0.705126
vt 0.842171 0.705677
vt 0.364319 0.627598
vt 0.363778 0.628762
vt 0.363287 0.629971
vt 0.362975 0.630902
vt 0.080070 0.803584
vt 0.079635 0.802023
vt 0.080897 0.801730
vt 0.081322 0.803252
vt 0.895269 0.575482
vt 0.894007 0.575734
vt 0.892904 0.576337
vt 0.486602 0.659062
vt 0.487144 0.660229
vt 0.487634 0.661435
vt 0.487941 0.662359
vt 0.786170 0.166136
vt 0.785574 0.168170
vt 0.784322 0.167863
vt 0.784929 0.165791
vt 0.783793 0.170567
vt 0.782623 0.170801
vt 0.783143 0.168145
vt 0.364765 0.626791
vt 0.367385 0.629084
vt 0.366810 0.629778
vt 0.366091 0.630785
vt 0.365420 0.631838
vt 0.364978 0.632654
vt 0.079265 0.799989
vt 0.080536 0.799744
vt 0.081708 0.799996
vt 0.082078 0.802031
vt 0.486153 0.658247
vt 0.488156 0.656495
vt 0.488736 0.657196
vt 0.489456 0.658206
vt 0.490124 0.659256
vt 0.490562 0.660066
vt 0.785055 0.170826
vt 0.783363 0.173801
vt 0.782201 0.173977
vt 0.369614 0.631958
vt 0.368927 0.632510
vt 0.368057 0.633321
vt 0.367235 0.634178
vt 0.078239 0.800662
vt 0.077930 0.798072
vt 0.078975 0.797558
vt 0.080253 0.797372
vt 0.081418 0.797565
vt 0.489859 0.654299
vt 0.490551 0.654855
vt 0.491423 0.655670
vt 0.492242 0.656524
vt 0.786070 0.171508
vt 0.785669 0.174526
vt 0.784632 0.174002
vt 0.783048 0.177440
vt 0.781891 0.177551
vt 0.371365 0.635304
vt 0.370591 0.635689
vt 0.369602 0.636274
vt 0.368661 0.636902
vt 0.077716 0.795159
vt 0.078774 0.794824
vt 0.080057 0.794704
vt 0.081217 0.794832
vt 0.491197 0.651743
vt 0.491977 0.652131
vt 0.492968 0.652718
vt 0.493906 0.653345
vt 0.785375 0.177922
vt 0.784323 0.177576
vt 0.782860 0.181345
vt 0.781707 0.181386
vt 0.372571 0.638992
vt 0.371738 0.639194
vt 0.370666 0.639528
vt 0.369643 0.639905
vt 0.077608 0.792036
vt 0.078672 0.791893
vt 0.079958 0.791843
vt 0.081116 0.791900
vt 0.492118 0.648924
vt 0.492959 0.649128
vt 0.494032 0.649463
vt 0.495052 0.649840
vt 0.785199 0.181566
vt 0.784138 0.181411
vn -0.1214 0.9413 0.3150
vn -0.1065 0.9810 0.1621
vn -0.5453 0.8333 0.0905
vn -0.5565 0.7992 0.2269
vn -0.8843 0.4668 -0.0088
vn -0.8912 0.4473 0.0750
vn -0.9908 -0.0706 -0.1148
vn -0.9910 -0.0713 -0.1134
vn -0.7843 -0.5915 -0.1867
vn -0.7747 -0.5728 -0.2677
vn -0.3680 -0.9080 -0.2004
vn -0.3525 -0.8741 -0.3342
vn 0.1067 -0.9807 -0.1640
vn 0.1214 -0.9413 -0.3150
vn 0.5566 -0.8260 -0.0892
vn 0.5674 -0.7924 -0.2236
vn 0.8967 -0.4423 0.0155
vn 0.9033 -0.4238 -0.0658
vn 0.9868 0.1048 0.1231
vn 0.9867 0.1042 0.1245
vn 0.7667 0.6132 0.1897
vn 0.7570 0.5935 0.2733
vn 0.3555 0.9132 0.1988
vn 0.3400 0.8788 0.3348
vn -0.0884 0.9961 0.0006
vn -0.5352 0.8430 -0.0536
vn -0.8780 0.4688 -0.0970
vn -0.9907 -0.0695 -0.1165
vn -0.7987 -0.5929 -0.1023
vn -0.3908 -0.9185 -0.0601
vn 0.0889 -0.9960 -0.0046
vn 0.5473 -0.8353 0.0527
vn 0.8908 -0.4429 0.1009
vn 0.9869 0.1059 0.1214
vn 0.7811 0.6159 0.1025
vn 0.3782 0.9240 0.0563
vn -0.0669 0.9833 -0.1692
vn -0.5257 0.8258 -0.2042
vn -0.8719 0.4522 -0.1877
vn -0.9905 -0.0685 -0.1189
vn -0.8173 -0.5759 -0.0168
vn -0.4207 -0.9031 0.0860
vn 0.0676 -0.9842 0.1636
vn 0.5387 -0.8180 0.2015
vn 0.8855 -0.4248 0.1880
vn 0.9871 0.1069 0.1190
vn 0.7995 0.6005 0.0134
vn 0.4074 0.9086 -0.0920
vn -0.0415 0.9373 -0.3460
vn -0.5155 0.7781 -0.3589
vn -0.8655 0.4163 -0.2784
vn -0.9901 -0.0680 -0.1223
vn -0.8390 -0.5400 0.0672
vn -0.4567 -0.8578 0.2357
vn 0.0425 -0.9396 0.3395
vn 0.5301 -0.7703 0.3544
vn 0.8802 -0.3874 0.2740
vn 0.9875 0.1074 0.1156
vn 0.8210 0.5658 -0.0754
vn 0.4424 0.8631 -0.2437
vn -0.0124 0.8513 -0.5245
vn -0.5033 0.6956 -0.5126
vn -0.8582 0.3601 -0.3658
vn -0.9896 -0.0686 -0.1265
vn -0.8621 -0.4851 0.1463
vn -0.4972 -0.7779 0.3841
vn 0.0135 -0.8551 0.5183
vn 0.5200 -0.6877 0.5065
vn 0.8742 -0.3310 0.3551
vn 0.9880 0.1068 0.1114
vn 0.8443 0.5111 -0.1609
vn 0.4812 0.7830 -0.3942
vn 0.0197 0.7196 -0.6941
vn -0.4877 0.5753 -0.6566
vn -0.8491 0.2839 -0.4454
vn -0.9888 -0.0709 -0.1312
vn -0.8847 -0.4125 0.2169
vn -0.5389 -0.6602 0.5231
vn -0.0187 -0.7239 0.6896
vn 0.5068 -0.5675 0.6489
vn 0.8666 -0.2571 0.4276
vn 0.9888 0.1045 0.1067
vn 0.8676 0.4361 -0.2388
vn 0.5210 0.6648 -0.5352
vn 0.0529 0.5415 -0.8390
vn -0.4678 0.4183 -0.7785
vn -0.8377 0.1895 -0.5121
vn -0.9879 -0.0750 -0.1356
vn -0.9049 -0.3246 0.2753
vn -0.5773 -0.5055 0.6411
vn -0.0524 -0.5446 0.8370
vn 0.4889 -0.4110 0.7694
vn 0.8569 -0.1682 0.4872
vn 0.9897 0.1003 0.1023
vn 0.8888 0.3426 -0.3044
vn 0.5579 0.5094 -0.6551
vn 0.0843 0.3260 -0.9416
vn -0.4440 0.2324 -0.8654
vn -0.8241 0.0813 -0.5605
vn -0.9870 -0.0809 -0.1386
vn -0.9208 -0.2253 0.3184
vn -0.6077 -0.3215 0.7262
vn -0.0843 -0.3260 0.9416
vn 0.4660 -0.2262 0.8553
vn 0.8447 -0.0687 0.5307
vn 0.9905 0.0945 0.0993
vn 0.9059 0.2348 -0.3523
vn 0.5878 0.3239 -0.7413
vn 0.1109 0.0916 -0.9896
vn -0.4179 0.0319 -0.9079
vn -0.8089 -0.0340 -0.5869
vn -0.9863 -0.0874 -0.1397
vn -0.9313 -0.1195 0.3439
vn -0.6268 -0.1219 0.7696
vn -0.1113 -0.0880 0.9899
vn 0.4394 -0.0273 0.8978
vn 0.8305 0.0367 0.5558
vn 0.9912 0.0880 0.0982
vn 0.9176 0.1191 -0.3792
vn 0.6078 0.1229 -0.7845
vn 0.1304 -0.1393 -0.9816
vn -0.3921 -0.1662 -0.9048
vn -0.7933 -0.1490 -0.5903
vn -0.9859 -0.0934 -0.1387
vn -0.9363 -0.0124 0.3508
vn -0.6339 0.0762 0.7696
vn -0.1309 0.1455 0.9807
vn 0.4118 0.1690 0.8954
vn 0.8151 0.1429 0.5614
vn 0.9917 0.0820 0.0992
vn 0.9234 0.0033 -0.3837
vn 0.6167 -0.0767 -0.7834
vn 0.1424 -0.3489 -0.9262
vn -0.3688 -0.3480 -0.8619
vn -0.7786 -0.2572 -0.5724
vn -0.9857 -0.0981 -0.1364
vn -0.9364 0.0907 0.3390
vn -0.6309 0.2591 0.7313
vn -0.1426 0.3557 0.9236
vn 0.3862 0.3493 0.8537
vn 0.8000 0.2447 0.5478
vn 0.9918 0.0773 0.1015
vn 0.9239 -0.1061 -0.3675
vn 0.6159 -0.2606 -0.7435
vn 0.1474 -0.5278 -0.8364
vn -0.3500 -0.5056 -0.7886
vn -0.7662 -0.3540 -0.5362
vn -0.9858 -0.1013 -0.1334
vn -0.9325 0.1852 0.3099
vn -0.6212 0.4180 0.6628
vn -0.1475 0.5337 0.8327
vn 0.3655 0.5056 0.7815
vn 0.7867 0.3377 0.5167
vn 0.9917 0.0742 0.1044
vn 0.9204 -0.2044 -0.3333
vn 0.6080 -0.4206 -0.6733
vn 0.1469 -0.6740 -0.7240
vn -0.3371 -0.6365 -0.6937
vn -0.7572 -0.4371 -0.4854
vn -0.9861 -0.1029 -0.1305
vn -0.9261 0.2678 0.2656
vn -0.6081 0.5500 0.5724
vn -0.1468 0.6782 0.7201
vn 0.3513 0.6352 0.6879
vn 0.7767 0.4188 0.4704
vn 0.9915 0.0725 0.1074
vn 0.9142 -0.2887 -0.2842
vn 0.5960 -0.5537 -0.5814
vn 0.1419 -0.7895 -0.5970
vn -0.3309 -0.7413 -0.5839
vn -0.7524 -0.5050 -0.4230
vn -0.9863 -0.1036 -0.1279
vn -0.9185 0.3359 0.2085
vn -0.5937 0.6554 0.4667
vn -0.1417 0.7920 0.5939
vn 0.3441 0.7386 0.5796
vn 0.7711 0.4857 0.4117
vn 0.9913 0.0717 0.1099
vn 0.9067 -0.3577 -0.2234
vn 0.5825 -0.6603 -0.4740
vn 0.1332 -0.8778 -0.4601
vn -0.3319 -0.8216 -0.4635
vn -0.7522 -0.5572 -0.3516
vn -0.9865 -0.1039 -0.1260
vn -0.9106 0.3883 0.1412
vn -0.5798 0.7358 0.3498
vn -0.1331 0.8787 0.4584
vn 0.3444 0.8178 0.4610
vn 0.7703 0.5373 0.3434
vn 0.9911 0.0714 0.1119
vn 0.8988 -0.4107 -0.1530
vn 0.5690 -0.7417 -0.3551
vn -0.3401 -0.8788 -0.3348
vn -0.7570 -0.5935 -0.2733
vn -0.9867 -0.1043 -0.1245
vn -0.9032 0.4241 0.0659
vn -0.5672 0.7926 0.2236
vn 0.3522 0.8742 0.3342
vn 0.7747 0.5728 0.2677
vn 0.9910 0.0711 0.1134
vn 0.8912 -0.4472 -0.0750
vn 0.5565 -0.7992 -0.2269
vn 0.1065 -0.9810 -0.1621
vn -0.3555 -0.9132 -0.1988
vn -0.7667 -0.6133 -0.1898
vn -0.9868 -0.1050 -0.1231
vn -0.8966 0.4425 -0.0154
vn -0.5564 0.8260 0.0892
vn -0.1067 0.9807 0.1640
vn 0.3677 0.9080 0.2004
vn 0.7843 0.5916 0.1867
vn 0.9909 0.0705 0.1148
vn 0.8843 -0.4668 0.0089
vn 0.5453 -0.8333 -0.0905
vn 0.0884 -0.9961 -0.0007
vn -0.3782 -0.9240 -0.0563
vn -0.7811 -0.6159 -0.1025
vn -0.9869 -0.1059 -0.1214
vn -0.8908 0.4430 -0.1009
vn -0.5472 0.8353 -0.0527
vn -0.0889 0.9960 0.0046
vn 0.3907 0.9185 0.0601
vn 0.7988 0.5928 0.1024
vn 0.9907 0.0695 0.1165
vn 0.8780 -0.4687 0.0970
vn 0.5352 -0.8430 0.0536
vn 0.0669 -0.9833 0.1692
vn -0.4074 -0.9086 0.0920
vn -0.7995 -0.6005 -0.0134
vn -0.9871 -0.1069 -0.1190
vn -0.8855 0.4248 -0.1880
vn -0.5388 0.8180 -0.2014
vn -0.0676 0.9842 -0.1636
vn 0.4207 0.9031 -0.0860
vn 0.8173 0.5759 0.0168
vn 0.9905 0.0685 0.1189
vn 0.8719 -0.4522 0.1877
vn 0.5256 -0.8258 0.2042
vn 0.0415 -0.9373 0.3460
vn -0.4423 -0.8631 0.2437
vn -0.8210 -0.5659 0.0755
vn -0.9875 -0.1074 -0.1156
vn -0.8802 0.3874 -0.2740
vn -0.5302 0.7702 -0.3544
vn -0.0425 0.9396 -0.3395
vn 0.4567 0.8578 -0.2357
vn 0.8390 0.5399 -0.0671
vn 0.9901 0.0680 0.1223
vn 0.8656 -0.4162 0.2783
vn 0.5154 -0.7781 0.3589
vn 0.0124 -0.8513 0.5245
vn -0.4812 -0.7830 0.3942
vn -0.8442 -0.5112 0.1610
vn -0.9880 -0.1068 -0.1114
vn -0.8742 0.3310 -0.3551
vn -0.5201 0.6877 -0.5065
vn -0.0135 0.8551 -0.5183
vn 0.4971 0.7779 -0.3842
vn 0.8622 0.4850 -0.1462
vn 0.9896 0.0686 0.1265
vn 0.8582 -0.3601 0.3658
vn 0.5033 -0.6956 0.5126
vn -0.0197 -0.7196 0.6941
vn -0.5211 -0.6648 0.5352
vn -0.8675 -0.4362 0.2390
vn -0.9888 -0.1046 -0.1067
vn -0.8666 0.2571 -0.4276
vn -0.5068 0.5675 -0.6489
vn 0.0187 0.7239 -0.6896
vn 0.5389 0.6602 -0.5231
vn 0.8848 0.4124 -0.2169
vn 0.9888 0.0709 0.1312
vn 0.8491 -0.2839 0.4454
vn 0.4877 -0.5753 0.6566
vn -0.0529 -0.5415 0.8390
vn -0.5581 -0.5093 0.6550
vn -0.8888 -0.3426 0.3044
vn -0.9897 -0.1003 -0.1023
vn -0.8568 0.1683 -0.4873
vn -0.4890 0.4109 -0.7694
vn 0.0524 0.5446 -0.8370
vn 0.5773 0.5055 -0.6412
vn 0.9049 0.3246 -0.2753
vn 0.9879 0.0751 0.1355
vn 0.8378 -0.1895 0.5121
vn 0.4679 -0.4183 0.7785
vn -0.5881 -0.3239 0.7411
vn -0.9059 -0.2348 0.3524
vn -0.9905 -0.0945 -0.0993
vn -0.8447 0.0687 -0.5308
vn -0.4661 0.2262 -0.8553
vn 0.0844 0.3260 -0.9416
vn 0.6077 0.3215 -0.7262
vn 0.9208 0.2253 -0.3183
vn 0.9870 0.0809 0.1386
vn 0.8242 -0.0813 0.5605
vn 0.4441 -0.2323 0.8653
vn -0.1109 -0.0916 0.9896
vn -0.6079 -0.1229 0.7844
vn -0.9176 -0.1192 0.3792
vn -0.9912 -0.0880 -0.0982
vn -0.8304 -0.0367 -0.5559
vn -0.4395 0.0273 -0.8978
vn 0.1113 0.0880 -0.9899
vn 0.6268 0.1220 -0.7696
vn 0.9313 0.1195 -0.3439
vn 0.9863 0.0874 0.1397
vn 0.8089 0.0340 0.5869
vn 0.4180 -0.0319 0.9078
vn -0.1304 0.1393 0.9816
vn -0.6167 0.0767 0.7834
vn -0.9233 -0.0033 0.3839
vn -0.9917 -0.0820 -0.0991
vn -0.8150 -0.1429 -0.5615
vn -0.4118 -0.1690 -0.8954
vn 0.1309 -0.1455 -0.9807
vn 0.6339 -0.0763 -0.7696
vn 0.9364 0.0125 -0.3508
vn 0.9859 0.0934 0.1388
vn 0.7933 0.1490 0.5904
vn 0.3921 0.1662 0.9048
vn -0.1424 0.3489 0.9262
vn -0.6158 0.2607 0.7435
vn -0.9239 0.1062 0.3677
vn -0.9918 -0.0773 -0.1015
vn -0.8000 -0.2447 -0.5479
vn -0.3863 -0.3493 -0.8536
vn 0.1427 -0.3557 -0.9236
vn 0.6309 -0.2591 -0.7313
vn 0.9364 -0.0906 -0.3389
vn 0.9858 0.0981 0.1364
vn 0.7786 0.2572 0.5724
vn 0.3686 0.3480 0.8620
vn -0.1474 0.5278 0.8364
vn -0.6079 0.4207 0.6734
vn -0.9203 0.2045 0.3334
vn -0.9917 -0.0742 -0.1045
vn -0.7867 -0.3377 -0.5167
vn -0.3656 -0.5055 -0.7815
vn 0.1475 -0.5337 -0.8327
vn 0.6213 -0.4180 -0.6628
vn 0.9326 -0.1852 -0.3098
vn 0.9859 0.1012 0.1334
vn 0.7662 0.3541 0.5362
vn 0.3498 0.5056 0.7886
vn -0.1469 0.6740 0.7240
vn -0.5960 0.5538 0.5814
vn -0.9142 0.2888 0.2843
vn -0.9915 -0.0725 -0.1075
vn -0.7767 -0.4188 -0.4704
vn -0.3514 -0.6351 -0.6878
vn 0.1468 -0.6782 -0.7201
vn 0.6081 -0.5500 -0.5724
vn 0.9262 -0.2677 -0.2655
vn 0.9861 0.1029 0.1304
vn 0.7573 0.4370 0.4853
vn 0.3370 0.6365 0.6937
vn -0.1419 0.7896 0.5970
vn -0.5825 0.6603 0.4740
vn -0.9067 0.3578 0.2234
vn -0.9913 -0.0718 -0.1100
vn -0.7710 -0.4857 -0.4118
vn -0.3443 -0.7386 -0.5795
vn 0.1417 -0.7920 -0.5939
vn 0.5938 -0.6554 -0.4667
vn 0.9185 -0.3358 -0.2085
vn 0.9864 0.1036 0.1279
vn 0.7524 0.5049 0.4230
vn 0.3309 0.7413 0.5839
vn -0.1332 0.8778 0.4601
vn -0.5690 0.7417 0.3551
vn -0.8988 0.4108 0.1530
vn -0.9911 -0.0716 -0.1119
vn -0.7703 -0.5373 -0.3434
vn -0.3446 -0.8177 -0.4610
vn 0.1331 -0.8787 -0.4583
vn 0.5799 -0.7357 -0.3497
vn 0.9107 -0.3881 -0.1411
vn 0.9866 0.1038 0.1259
vn 0.7523 0.5572 0.3516
vn 0.3318 0.8216 0.4635
usemtl None
s 1
f 3185/6534/3102 3197/6535/3103 3198/6536/3104 3186/6537/3105
f 3186/6538/3105 3198/6539/3104 3199/6540/3106 3187/6541/3107
f 3187/6541/3107 3199/6540/3106 3200/6542/3108 3188/6543/3109
f 3188/6543/3109 3200/6542/3108 3201/6544/3110 3189/6545/3111
f 3189/6546/3111 3201/6547/3110 3202/6548/3112 3190/6549/3113
f 3190/6549/3113 3202/6548/3112 3203/6550/3114 3191/6551/3115
f 3191/6551/3115 3203/6550/3114 3204/6552/3116 3192/6553/3117
f 3192/6554/3117 3204/6555/3116 3205/6556/3118 3193/6557/3119
f 3193/6557/3119 3205/6556/3118 3206/6558/3120 3194/6559/3121
f 3194/6559/3121 3206/6558/3120 3207/6560/3122 3195/6561/3123
f 3195/6562/3123 3207/6563/3122 3208/6564/3124 3196/6565/3125
f 3196/6565/3125 3208/6564/3124 3197/6535/3103 3185/6534/3102
f 3197/6535/3103 3209/6566/3126 3210/6567/3127 3198/6536/3104
f 3198/6539/3104 3210/6568/3127 3211/6569/3128 3199/6540/3106
f 3199/6540/3106 3211/6569/3128 3212/6570/3129 3200/6542/3108
f 3200/6542/3108 3212/6570/3129 3213/6571/3130 3201/6544/3110
f 3201/6547/3110 3213/6572/3130 3214/6573/3131 3202/6548/3112
f 3202/6548/3112 3214/6573/3131 3215/6574/3132 3203/6550/3114
f 3203/6550/3114 3215/6574/3132 3216/6575/3133 3204/6552/3116
f 3204/6555/3116 3216/6576/3133 3217/6577/3134 3205/6556/3118
f 3205/6556/3118 3217/6577/3134 3218/6578/3135 3206/6558/3120
f 3206/6558/3120 3218/6578/3135 3219/6579/3136 3207/6560/3122
f 3207/6563/3122 3219/6580/3136 3220/6581/3137 3208/6564/3124
f 3208/6564/3124 3220/6581/3137 3209/6566/3126 3197/6535/3103
f 3209/6566/3126 3221/6582/3138 3222/6583/3139 3210/6567/3127
f 3210/6568/3127 3222/6584/3139 3223/6585/3140 3211/6569/3128
f 3211/6569/3128 3223/6585/3140 3224/6586/3141 3212/6570/3129
f 3212/6570/3129 3224/6586/3141 3225/6587/3142 3213/6571/3130
f 3213/6572/3130 3225/6588/3142 3226/6589/3143 3214/6573/3131
f 3214/6573/3131 3226/6589/3143 3227/6590/3144 3215/6574/3132
f 3215/6574/3132 3227/6590/3144 3228/6591/3145 3216/6575/3133
f 3216/6576/3133 3228/6592/3145 3229/6593/3146 3217/6577/3134
f 3217/6577/3134 3229/6593/3146 3230/6594/3147 3218/6578/3135
f 3218/6578/3135 3230/6594/3147 3231/6595/3148 3219/6579/3136
f 3219/6580/3136 3231/6596/3148 3232/6597/3149 3220/6581/3137
f 3220/6581/3137 3232/6597/3149 3221/6582/3138 3209/6566/3126
f 3221/6582/3138 3233/6598/3150 3234/6599/3151 3222/6583/3139
f 3222/6584/3139 3234/6600/3151 3235/6601/3152 3223/6585/3140
f 3223/6585/3140 3235/6601/3152 3236/6602/3153 3224/6586/3141
f 3224/6586/3141 3236/6602/3153 3237/6603/3154 3225/6587/3142
f 3225/6588/3142 3237/6604/3154 3238/6605/3155 3226/6589/3143
f 3226/6589/3143 3238/6605/3155 3239/6606/3156 3227/6590/3144
f 3227/6590/3144 3239/6606/3156 3240/6607/3157 3228/6591/3145
f 3228/6592/3145 3240/6608/3157 3241/6609/3158 3229/6593/3146
f 3229/6593/3146 3241/6609/3158 3242/6610/3159 3230/6594/3147
f 3230/6594/3147 3242/6610/3159 3243/6611/3160 3231/6595/3148
f 3231/6596/3148 3243/6612/3160 3244/6613/3161 3232/6597/3149
f 3232/6597/3149 3244/6613/3161 3233/6598/3150 3221/6582/3138
f 3233/6614/3150 3245/6615/3162 3246/6616/3163 3234/6617/3151
f 3234/6600/3151 3246/6618/3163 3247/6619/3164 3235/6601/3152
f 3235/6601/3152 3247/6619/3164 3248/6620/3165 3236/6602/3153
f 3236/6602/3153 3248/6620/3165 3249/6621/3166 3237/6603/3154
f 3237/6622/3154 3249/6623/3166 3250/6624/3167 3238/6625/3155
f 3238/6625/3155 3250/6624/3167 3251/6626/3168 3239/6627/3156
f 3239/6627/3156 3251/6626/3168 3252/6628/3169 3240/6629/3157
f 3240/6608/3157 3252/6630/3169 3253/6631/3170 3241/6609/3158
f 3241/6609/3158 3253/6631/3170 3254/6632/3171 3242/6610/3159
f 3242/6610/3159 3254/6632/3171 3255/6633/3172 3243/6611/3160
f 3243/6634/3160 3255/6635/3172 3256/6636/3173 3244/6637/3161
f 3244/6637/3161 3256/6636/3173 3245/6615/3162 3233/6614/3150
f 3245/6615/3162 3257/6638/3174 3258/6639/3175 3246/6616/3163
f 3246/6618/3163 3258/6640/3175 3259/6641/3176 3247/6619/3164
f 3247/6619/3164 3259/6641/3176 3260/6642/3177 3248/6620/3165
f 3248/6620/3165 3260/6642/3177 3261/6643/3178 3249/6621/3166
f 3249/6623/3166 3261/6644/3178 3262/6645/3179 3250/6624/3167
f 3250/6624/3167 3262/6645/3179 3263/6646/3180 3251/6626/3168
f 3251/6626/3168 3263/6646/3180 3264/6647/3181 3252/6628/3169
f 3252/6630/3169 3264/6648/3181 3265/6649/3182 3253/6631/3170
f 3253/6631/3170 3265/6649/3182 3266/6650/3183 3254/6632/3171
f 3254/6632/3171 3266/6650/3183 3267/6651/3184 3255/6633/3172
f 3255/6635/3172 3267/6652/3184 3268/6653/3185 3256/6636/3173
f 3256/6636/3173 3268/6653/3185 3257/6638/3174 3245/6615/3162
f 3257/6638/3174 3269/6654/3186 3270/6655/3187 3258/6639/3175
f 3258/6640/3175 3270/6656/3187 3271/6657/3188 3259/6641/3176
f 3259/6641/3176 3271/6657/3188 3272/6658/3189 3260/6642/3177
f 3260/6642/3177 3272/6658/3189 3273/6659/3190 3261/6643/3178
f 3261/6644/3178 3273/6660/3190 3274/6661/3191 3262/6645/3179
f 3262/6645/3179 3274/6661/3191 3275/6662/3192 3263/6646/3180
f 3263/6646/3180 3275/6662/3192 3276/6663/3193 3264/6647/3181
f 3264/6648/3181 3276/6664/3193 3277/6665/3194 3265/6649/3182
f 3265/6649/3182 3277/6665/3194 3278/6666/3195 3266/6650/3183
f 3266/6650/3183 3278/6666/3195 3279/6667/3196 3267/6651/3184
f 3267/6652/3184 3279/6668/3196 3280/6669/3197 3268/6653/3185
f 3268/6653/3185 3280/6669/3197 3269/6654/3186 3257/6638/3174
f 3269/6654/3186 3281/6670/3198 3282/6671/3199 3270/6655/3187
f 3270/6656/3187 3282/6672/3199 3283/6673/3200 3271/6657/3188
f 3271/6657/3188 3283/6673/3200 3284/6674/3201 3272/6658/3189
f 3272/6658/3189 3284/6674/3201 3285/6675/3202 3273/6659/3190
f 3273/6660/3190 3285/6676/3202 3286/6677/3203 3274/6661/3191
f 3274/6661/3191 3286/6677/3203 3287/6678/3204 3275/6662/3192
f 3275/6662/3192 3287/6678/3204 3288/6679/3205 3276/6663/3193
f 3276/6664/3193 3288/6680/3205 3289/6681/3206 3277/6665/3194
f 3277/6665/3194 3289/6681/3206 3290/6682/3207 3278/6666/3195
f 3278/6666/3195 3290/6682/3207 3291/6683/3208 3279/6667/3196
f 3279/6668/3196 3291/6684/3208 3292/6685/3209 3280/6669/3197
f 3280/6669/3197 3292/6685/3209 3281/6670/3198 3269/6654/3186
f 3281/6670/3198 3293/6686/3210 3294/6687/3211 3282/6671/3199
f 3282/6672/3199 3294/6688/3211 3295/6689/3212 3283/6673/3200
f 3283/6673/3200 3295/6689/3212 3296/6690/3213 3284/6674/3201
f 3284/6674/3201 3296/6690/3213 3297/6691/3214 3285/6675/3202
f 3285/6676/3202 3297/6692/3214 3298/6693/3215 3286/6677/3203
f 3286/6677/3203 3298/6693/3215 3299/6694/3216 3287/6678/3204
f 3287/6678/3204 3299/6694/3216 3300/6695/3217 3288/6679/3205
f 3288/6680/3205 3300/6696/3217 3301/6697/3218 3289/6681/3206
f 3289/6681/3206 3301/6697/3218 3302/6698/3219 3290/6682/3207
f 3290/6682/3207 3302/6698/3219 3303/6699/3220 3291/6683/3208
f 3291/6684/3208 3303/6700/3220 3304/6701/3221 3292/6685/3209
f 3292/6685/3209 3304/6701/3221 3293/6686/3210 3281/6670/3198
f 3293/6686/3210 3305/6702/3222 3306/6703/3223 3294/6687/3211
f 3294/6688/3211 3306/6704/3223 3307/6705/3224 3295/6689/3212
f 3295/6689/3212 3307/6705/3224 3308/6706/3225 3296/6690/3213
f 3296/6690/3213 3308/6706/3225 3309/6707/3226 3297/6691/3214
f 3297/6692/3214 3309/6708/3226 3310/6709/3227 3298/6693/3215
f 3298/6693/3215 3310/6709/3227 3311/6710/3228 3299/6694/3216
f 3299/6694/3216 3311/6710/3228 3312/6711/3229 3300/6695/3217
f 3300/6696/3217 3312/6712/3229 3313/6713/3230 3301/6697/3218
f 3301/6697/3218 3313/6713/3230 3314/6714/3231 3302/6698/3219
f 3302/6698/3219 3314/6714/3231 3315/6715/3232 3303/6699/3220
f 3303/6700/3220 3315/6716/3232 3316/6717/3233 3304/6701/3221
f 3304/6701/3221 3316/6717/3233 3305/6702/3222 3293/6686/3210
f 3305/6718/3222 3317/6719/3234 3318/6720/3235 3306/6721/3223
f 3306/6704/3223 3318/6722/3235 3319/6723/3236 3307/6705/3224
f 3307/6705/3224 3319/6723/3236 3320/6724/3237 3308/6706/3225
f 3308/6706/3225 3320/6724/3237 3321/6725/3238 3309/6707/3226
f 3309/6708/3226 3321/6726/3238 3322/6727/3239 3310/6709/3227
f 3310/6709/3227 3322/6727/3239 3323/6728/3240 3311/6710/3228
f 3311/6729/3228 3323/6730/3240 3324/6731/3241 3312/6732/3229
f 3312/6712/3229 3324/6733/3241 3325/6734/3242 3313/6713/3230
f 3313/6713/3230 3325/6734/3242 3326/6735/3243 3314/6714/3231
f 3314/6714/3231 3326/6735/3243 3327/6736/3244 3315/6715/3232
f 3315/6716/3232 3327/6737/3244 3328/6738/3245 3316/6717/3233
f 3316/6717/3233 3328/6738/3245 3317/6739/3234 3305/6702/3222
f 3317/6719/3234 3329/6740/3246 3330/6741/3247 3318/6720/3235
f 3318/6722/3235 3330/6742/3247 3331/6743/3248 3319/6723/3236
f 3319/6723/3236 3331/6743/3248 3332/6744/3249 3320/6724/3237
f 3320/6724/3237 3332/6744/3249 3333/6745/3250 3321/6725/3238
f 3321/6725/3238 3333/6745/3250 3334/6746/3251 3322/6747/3239
f 3322/6748/3239 3334/6749/3251 3335/6750/3252 3323/6730/3240
f 3323/6730/3240 3335/6750/3252 3336/6751/3253 3324/6731/3241
f 3324/6733/3241 3336/6752/3253 3337/6753/3254 3325/6734/3242
f 3325/6734/3242 3337/6753/3254 3338/6754/3255 3326/6735/3243
f 3326/6735/3243 3338/6754/3255 3339/6755/3256 3327/6736/3244
f 3327/6736/3244 3339/6755/3256 3340/6756/3257 3328/6757/3245
f 3328/6758/3245 3340/6759/3257 3329/6740/3246 3317/6719/3234
f 3329/6740/3246 3341/6760/3258 3342/6761/3259 3330/6741/3247
f 3330/6741/3247 3342/6761/3259 3343/6762/3260 3331/6763/3248
f 3331/6743/3248 3343/6764/3260 3344/6765/3261 3332/6744/3249
f 3332/6744/3249 3344/6765/3261 3345/6766/3262 3333/6745/3250
f 3333/6745/3250 3345/6766/3262 3346/6767/3263 3334/6746/3251
f 3334/6749/3251 3346/6768/3263 3347/6769/3264 3335/6750/3252
f 3335/6750/3252 3347/6769/3264 3348/6770/3265 3336/6751/3253
f 3336/6751/3253 3348/6770/3265 3349/6771/3266 3337/6772/3254
f 3337/6753/3254 3349/6773/3266 3350/6774/3267 3338/6754/3255
f 3338/6754/3255 3350/6774/3267 3351/6775/3268 3339/6755/3256
f 3339/6755/3256 3351/6775/3268 3352/6776/3269 3340/6756/3257
f 3340/6759/3257 3352/6777/3269 3341/6760/3258 3329/6740/3246
f 3341/6760/3258 3353/6778/3270 3354/6779/3271 3342/6761/3259
f 3342/6761/3259 3354/6779/3271 3355/6780/3272 3343/6762/3260
f 3343/6764/3260 3355/6781/3272 3356/6782/3273 3344/6765/3261
f 3344/6765/3261 3356/6782/3273 3357/6783/3274 3345/6766/3262
f 3345/6766/3262 3357/6783/3274 3358/6784/3275 3346/6767/3263
f 3346/6768/3263 3358/6785/3275 3359/6786/3276 3347/6769/3264
f 3347/6769/3264 3359/6786/3276 3360/6787/3277 3348/6770/3265
f 3348/6770/3265 3360/6787/3277 3361/6788/3278 3349/6771/3266
f 3349/6773/3266 3361/6789/3278 3362/6790/3279 3350/6774/3267
f 3350/6774/3267 3362/6790/3279 3363/6791/3280 3351/6775/3268
f 3351/6775/3268 3363/6791/3280 3364/6792/3281 3352/6776/3269
f 3352/6777/3269 3364/6793/3281 3353/6778/3270 3341/6760/3258
f 3353/6778/3270 3365/6794/3282 3366/6795/3283 3354/6779/3271
f 3354/6779/3271 3366/6795/3283 3367/6796/3284 3355/6780/3272
f 3355/6781/3272 3367/6797/3284 3368/6798/3285 3356/6782/3273
f 3356/6782/3273 3368/6798/3285 3369/6799/3286 3357/6783/3274
f 3357/6783/3274 3369/6799/3286 3370/6800/3287 3358/6784/3275
f 3358/6785/3275 3370/6801/3287 3371/6802/3288 3359/6786/3276
f 3359/6786/3276 3371/6802/3288 3372/6803/3289 3360/6787/3277
f 3360/6787/3277 3372/6803/3289 3373/6804/3290 3361/6788/3278
f 3361/6789/3278 3373/6805/3290 3374/6806/3291 3362/6790/3279
f 3362/6790/3279 3374/6806/3291 3375/6807/3292 3363/6791/3280
f 3363/6791/3280 3375/6807/3292 3376/6808/3293 3364/6792/3281
f 3364/6793/3281 3376/6809/3293 3365/6794/3282 3353/6778/3270
f 3365/6794/3282 3377/6810/3115 3378/6811/3294 3366/6795/3283
f 3366/6795/3283 3378/6811/3294 3379/6812/3295 3367/6796/3284
f 3367/6797/3284 3379/6813/3295 3380/6814/3296 3368/6798/3285
f 3368/6798/3285 3380/6814/3296 3381/6815/3297 3369/6799/3286
f 3369/6799/3286 3381/6815/3297 3382/6816/3298 3370/6800/3287
f 3370/6801/3287 3382/6817/3298 3383/6818/3102 3371/6802/3288
f 3371/6802/3288 3383/6818/3102 3384/6819/3299 3372/6803/3289
f 3372/6803/3289 3384/6819/3299 3385/6820/3300 3373/6804/3290
f 3373/6805/3290 3385/6821/3300 3386/6822/3301 3374/6806/3291
f 3374/6806/3291 3386/6822/3301 3387/6823/3302 3375/6807/3292
f 3375/6807/3292 3387/6823/3302 3388/6824/3303 3376/6808/3293
f 3376/6809/3293 3388/6825/3303 3377/6810/3115 3365/6794/3282
f 3377/6810/3115 3389/6826/3304 3390/6827/3305 3378/6811/3294
f 3378/6811/3294 3390/6827/3305 3391/6828/3306 3379/6812/3295
f 3379/6813/3295 3391/6829/3306 3392/6830/3307 3380/6814/3296
f 3380/6814/3296 3392/6830/3307 3393/6831/3308 3381/6815/3297
f 3381/6815/3297 3393/6831/3308 3394/6832/3309 3382/6816/3298
f 3382/6817/3298 3394/6833/3309 3395/6834/3310 3383/6818/3102
f 3383/6818/3102 3395/6834/3310 3396/6835/3311 3384/6819/3299
f 3384/6819/3299 3396/6835/3311 3397/6836/3312 3385/6820/3300
f 3385/6821/3300 3397/6837/3312 3398/6838/3313 3386/6822/3301
f 3386/6822/3301 3398/6838/3313 3399/6839/3314 3387/6823/3302
f 3387/6823/3302 3399/6839/3314 3400/6840/3315 3388/6824/3303
f 3388/6825/3303 3400/6841/3315 3389/6826/3304 3377/6810/3115
f 3389/6826/3304 3401/6842/3316 3402/6843/3317 3390/6827/3305
f 3390/6827/3305 3402/6843/3317 3403/6844/3318 3391/6828/3306
f 3391/6829/3306 3403/6845/3318 3404/6846/3319 3392/6830/3307
f 3392/6830/3307 3404/6846/3319 3405/6847/3320 3393/6831/3308
f 3393/6831/3308 3405/6847/3320 3406/6848/3321 3394/6832/3309
f 3394/6833/3309 3406/6849/3321 3407/6850/3322 3395/6834/3310
f 3395/6834/3310 3407/6850/3322 3408/6851/3323 3396/6835/3311
f 3396/6835/3311 3408/6851/3323 3409/6852/3324 3397/6836/3312
f 3397/6837/3312 3409/6853/3324 3410/6854/3325 3398/6838/3313
f 3398/6838/3313 3410/6854/3325 3411/6855/3326 3399/6839/3314
f 3399/6839/3314 3411/6855/3326 3412/6856/3327 3400/6840/3315
f 3400/6841/3315 3412/6857/3327 3401/6842/3316 3389/6826/3304
f 3401/6842/3316 3413/6858/3328 3414/6859/3329 3402/6843/3317
f 3402/6843/3317 3414/6859/3329 3415/6860/3330 3403/6844/3318
f 3403/6845/3318 3415/6861/3330 3416/6862/3331 3404/6846/3319
f 3404/6846/3319 3416/6862/3331 3417/6863/3332 3405/6847/3320
f 3405/6847/3320 3417/6863/3332 3418/6864/3333 3406/6848/3321
f 3406/6849/3321 3418/6865/3333 3419/6866/3334 3407/6850/3322
f 3407/6850/3322 3419/6866/3334 3420/6867/3335 3408/6851/3323
f 3408/6851/3323 3420/6867/3335 3421/6868/3336 3409/6852/3324
f 3409/6853/3324 3421/6869/3336 3422/6870/3337 3410/6854/3325
f 3410/6854/3325 3422/6870/3337 3423/6871/3338 3411/6855/3326
f 3411/6855/3326 3423/6871/3338 3424/6872/3339 3412/6856/3327
f 3412/6857/3327 3424/6873/3339 3413/6858/3328 3401/6842/3316
f 3413/6858/3328 3425/6874/3340 3426/6875/3341 3414/6859/3329
f 3414/6859/3329 3426/6875/3341 3427/6876/3342 3415/6860/3330
f 3415/6861/3330 3427/6877/3342 3428/6878/3343 3416/6862/3331
f 3416/6862/3331 3428/6878/3343 3429/6879/3344 3417/6863/3332
f 3417/6863/3332 3429/6879/3344 3430/6880/3345 3418/6864/3333
f 3418/6865/3333 3430/6881/3345 3431/6882/3346 3419/6866/3334
f 3419/6866/3334 3431/6882/3346 3432/6883/3347 3420/6867/3335
f 3420/6867/3335 3432/6883/3347 3433/6884/3348 3421/6868/3336
f 3421/6869/3336 3433/6885/3348 3434/6886/3349 3422/6870/3337
f 3422/6870/3337 3434/6886/3349 3435/6887/3350 3423/6871/3338
f 3423/6871/3338 3435/6887/3350 3436/6888/3351 3424/6872/3339
f 3424/6873/3339 3436/6889/3351 3425/6874/3340 3413/6858/3328
f 3425/6890/3340 3437/6891/3352 3438/6892/3353 3426/6893/3341
f 3426/6893/3341 3438/6892/3353 3439/6894/3354 3427/6895/3342
f 3427/6877/3342 3439/6896/3354 3440/6897/3355 3428/6878/3343
f 3428/6878/3343 3440/6897/3355 3441/6898/3356 3429/6879/3344
f 3429/6879/3344 3441/6898/3356 3442/6899/3357 3430/6880/3345
f 3430/6900/3345 3442/6901/3357 3443/6902/3358 3431/6903/3346
f 3431/6903/3346 3443/6902/3358 3444/6904/3359 3432/6905/3347
f 3432/6905/3347 3444/6904/3359 3445/6906/3360 3433/6907/3348
f 3433/6885/3348 3445/6908/3360 3446/6909/3361 3434/6886/3349
f 3434/6886/3349 3446/6909/3361 3447/6910/3362 3435/6887/3350
f 3435/6887/3350 3447/6910/3362 3448/6911/3363 3436/6888/3351
f 3436/6912/3351 3448/6913/3363 3437/6891/3352 3425/6890/3340
f 3437/6891/3352 3449/6914/3364 3450/6915/3365 3438/6892/3353
f 3438/6892/3353 3450/6915/3365 3451/6916/3366 3439/6894/3354
f 3439/6896/3354 3451/6917/3366 3452/6918/3367 3440/6897/3355
f 3440/6897/3355 3452/6918/3367 3453/6919/3368 3441/6898/3356
f 3441/6898/3356 3453/6919/3368 3454/6920/3369 3442/6899/3357
f 3442/6901/3357 3454/6921/3369 3455/6922/3370 3443/6902/3358
f 3443/6902/3358 3455/6922/3370 3456/6923/3371 3444/6904/3359
f 3444/6904/3359 3456/6923/3371 3457/6924/3372 3445/6906/3360
f 3445/6908/3360 3457/6925/3372 3458/6926/3373 3446/6909/3361
f 3446/6909/3361 3458/6926/3373 3459/6927/3374 3447/6910/3362
f 3447/6910/3362 3459/6927/3374 3460/6928/3375 3448/6911/3363
f 3448/6913/3363 3460/6929/3375 3449/6914/3364 3437/6891/3352
f 3449/6914/3364 3461/6930/3376 3462/6931/3377 3450/6915/3365
f 3450/6915/3365 3462/6931/3377 3463/6932/3378 3451/6916/3366
f 3451/6917/3366 3463/6933/3378 3464/6934/3379 3452/6918/3367
f 3452/6918/3367 3464/6934/3379 3465/6935/3380 3453/6919/3368
f 3453/6919/3368 3465/6935/3380 3466/6936/3381 3454/6920/3369
f 3454/6921/3369 3466/6937/3381 3467/6938/3382 3455/6922/3370
f 3455/6922/3370 3467/6938/3382 3468/6939/3383 3456/6923/3371
f 3456/6923/3371 3468/6939/3383 3469/6940/3384 3457/6924/3372
f 3457/6925/3372 3469/6941/3384 3470/6942/3385 3458/6926/3373
f 3458/6926/3373 3470/6942/3385 3471/6943/3386 3459/6927/3374
f 3459/6927/3374 3471/6943/3386 3472/6944/3387 3460/6928/3375
f 3460/6929/3375 3472/6945/3387 3461/6930/3376 3449/6914/3364
f 3461/6930/3376 3473/6946/3204 3474/6947/3388 3462/6931/3377
f 3462/6931/3377 3474/6947/3388 3475/6948/3389 3463/6932/3378
f 3463/6933/3378 3475/6949/3389 3476/6950/3390 3464/6934/3379
f 3464/6934/3379 3476/6950/3390 3477/6951/3391 3465/6935/3380
f 3465/6935/3380 3477/6951/3391 3478/6952/3392 3466/6936/3381
f 3466/6937/3381 3478/6953/3392 3479/6954/3393 3467/6938/3382
f 3467/6938/3382 3479/6954/3393 3480/6955/3394 3468/6939/3383
f 3468/6939/3383 3480/6955/3394 3481/6956/3395 3469/6940/3384
f 3469/6941/3384 3481/6957/3395 3482/6958/3396 3470/6942/3385
f 3470/6942/3385 3482/6958/3396 3483/6959/3397 3471/6943/3386
f 3471/6943/3386 3483/6959/3397 3484/6960/3398 3472/6944/3387
f 3472/6945/3387 3484/6961/3398 3473/6946/3204 3461/6930/3376
f 3473/6946/3204 3485/6962/3399 3486/6963/3400 3474/6947/3388
f 3474/6947/3388 3486/6963/3400 3487/6964/3401 3475/6948/3389
f 3475/6949/3389 3487/6965/3401 3488/6966/3402 3476/6950/3390
f 3476/6950/3390 3488/6966/3402 3489/6967/3403 3477/6951/3391
f 3477/6951/3391 3489/6967/3403 3490/6968/3404 3478/6952/3392
f 3478/6953/3392 3490/6969/3404 3491/6970/3405 3479/6954/3393
f 3479/6954/3393 3491/6970/3405 3492/6971/3406 3480/6955/3394
f 3480/6955/3394 3492/6971/3406 3493/6972/3407 3481/6956/3395
f 3481/6957/3395 3493/6973/3407 3494/6974/3408 3482/6958/3396
f 3482/6958/3396 3494/6974/3408 3495/6975/3409 3483/6959/3397
f 3483/6959/3397 3495/6975/3409 3496/6976/3410 3484/6960/3398
f 3484/6961/3398 3496/6977/3410 3485/6962/3399 3473/6946/3204
f 3485/6962/3399 3497/6978/3411 3498/6979/3412 3486/6963/3400
f 3486/6963/3400 3498/6979/3412 3499/6980/3413 3487/6964/3401
f 3487/6965/3401 3499/6981/3413 3500/6982/3414 3488/6966/3402
f 3488/6966/3402 3500/6982/3414 3501/6983/3415 3489/6967/3403
f 3489/6967/3403 3501/6983/3415 3502/6984/3416 3490/6968/3404
f 3490/6969/3404 3502/6985/3416 3503/6986/3417 3491/6970/3405
f 3491/6970/3405 3503/6986/3417 3504/6987/3418 3492/6971/3406
f 3492/6971/3406 3504/6987/3418 3505/6988/3419 3493/6972/3407
f 3493/6973/3407 3505/6989/3419 3506/6990/3420 3494/6974/3408
f 3494/6974/3408 3506/6990/3420 3507/6991/3421 3495/6975/3409
f 3495/6975/3409 3507/6991/3421 3508/6992/3422 3496/6976/3410
f 3496/6977/3410 3508/6993/3422 3497/6978/3411 3485/6962/3399
f 3497/6978/3411 3509/6994/3423 3510/6995/3424 3498/6979/3412
f 3498/6979/3412 3510/6995/3424 3511/6996/3425 3499/6980/3413
f 3499/6981/3413 3511/6997/3425 3512/6998/3426 3500/6982/3414
f 3500/6982/3414 3512/6998/3426 3513/6999/3427 3501/6983/3415
f 3501/6983/3415 3513/6999/3427 3514/7000/3428 3502/6984/3416
f 3502/7001/3416 3514/7002/3428 3515/7003/3429 3503/7004/3417
f 3503/6986/3417 3515/7005/3429 3516/7006/3430 3504/6987/3418
f 3504/6987/3418 3516/7006/3430 3517/7007/3431 3505/6988/3419
f 3505/6989/3419 3517/7008/3431 3518/7009/3432 3506/6990/3420
f 3506/6990/3420 3518/7009/3432 3519/7010/3433 3507/6991/3421
f 3507/6991/3421 3519/7010/3433 3520/7011/3434 3508/6992/3422
f 3508/7012/3422 3520/7013/3434 3509/7014/3423 3497/7015/3411
f 3509/7014/3423 3521/7016/3435 3522/7017/3436 3510/7018/3424
f 3510/7019/3424 3522/7020/3436 3523/7021/3437 3511/6997/3425
f 3511/6997/3425 3523/7021/3437 3524/7022/3438 3512/6998/3426
f 3512/6998/3426 3524/7022/3438 3525/7023/3439 3513/6999/3427
f 3513/6999/3427 3525/7023/3439 3526/7024/3440 3514/7000/3428
f 3514/7002/3428 3526/7025/3440 3527/7026/3441 3515/7003/3429
f 3515/7003/3429 3527/7026/3441 3528/7027/3442 3516/7028/3430
f 3516/7029/3430 3528/7030/3442 3529/7031/3443 3517/7008/3431
f 3517/7008/3431 3529/7031/3443 3530/7032/3444 3518/7009/3432
f 3518/7009/3432 3530/7032/3444 3531/7033/3445 3519/7010/3433
f 3519/7010/3433 3531/7033/3445 3532/7034/3446 3520/7011/3434
f 3520/7013/3434 3532/7035/3446 3521/7016/3435 3509/7014/3423
f 3521/7016/3435 3533/7036/3447 3534/7037/3448 3522/7017/3436
f 3522/7020/3436 3534/7038/3448 3535/7039/3449 3523/7021/3437
f 3523/7021/3437 3535/7039/3449 3536/7040/3450 3524/7022/3438
f 3524/7022/3438 3536/7040/3450 3537/7041/3451 3525/7023/3439
f 3525/7042/3439 3537/7043/3451 3538/7044/3452 3526/7025/3440
f 3526/7025/3440 3538/7044/3452 3539/7045/3453 3527/7026/3441
f 3527/7026/3441 3539/7045/3453 3540/7046/3454 3528/7027/3442
f 3528/7030/3442 3540/7047/3454 3541/7048/3455 3529/7031/3443
f 3529/7031/3443 3541/7048/3455 3542/7049/3456 3530/7032/3444
f 3530/7032/3444 3542/7049/3456 3543/7050/3457 3531/7033/3445
f 3531/7051/3445 3543/7052/3457 3544/7053/3458 3532/7035/3446
f 3532/7035/3446 3544/7053/3458 3533/7036/3447 3521/7016/3435
f 3533/7036/3447 3545/7054/3459 3546/7055/3460 3534/7037/3448
f 3534/7038/3448 3546/7056/3460 3547/7057/3461 3535/7039/3449
f 3535/7039/3449 3547/7057/3461 3548/7058/3462 3536/7040/3450
f 3536/7040/3450 3548/7058/3462 3549/7059/3463 3537/7041/3451
f 3537/7043/3451 3549/7060/3463 3550/7061/3464 3538/7044/3452
f 3538/7044/3452 3550/7061/3464 3551/7062/3465 3539/7045/3453
f 3539/7045/3453 3551/7062/3465 3552/7063/3466 3540/7046/3454
f 3540/7047/3454 3552/7064/3466 3553/7065/3467 3541/7048/3455
f 3541/7048/3455 3553/7065/3467 3554/7066/3468 3542/7049/3456
f 3542/7049/3456 3554/7066/3468 3555/7067/3469 3543/7050/3457
f 3543/7052/3457 3555/7068/3469 3556/7069/3470 3544/7053/3458
f 3544/7053/3458 3556/7069/3470 3545/7054/3459 3533/7036/3447
f 3545/7054/3459 3557/7070/3471 3558/7071/3472 3546/7055/3460
f 3546/7056/3460 3558/7072/3472 3559/7073/3473 3547/7057/3461
f 3547/7057/3461 3559/7073/3473 3560/7074/3474 3548/7058/3462
f 3548/7058/3462 3560/7074/3474 3561/7075/3475 3549/7059/3463
f 3549/7060/3463 3561/7076/3475 3562/7077/3476 3550/7061/3464
f 3550/7061/3464 3562/7077/3476 3563/7078/3477 3551/7062/3465
f 3551/7062/3465 3563/7078/3477 3564/7079/3478 3552/7063/3466
f 3552/7064/3466 3564/7080/3478 3565/7081/3479 3553/7065/3467
f 3553/7065/3467 3565/7081/3479 3566/7082/3480 3554/7066/3468
f 3554/7066/3468 3566/7082/3480 3567/7083/3481 3555/7067/3469
f 3555/7068/3469 3567/7084/3481 3568/7085/3482 3556/7069/3470
f 3556/7069/3470 3568/7085/3482 3557/7070/3471 3545/7054/3459
f 3557/7070/3471 3185/6534/3102 3186/6537/3105 3558/7071/3472
f 3558/7072/3472 3186/6538/3105 3187/6541/3107 3559/7073/3473
f 3559/7073/3473 3187/6541/3107 3188/6543/3109 3560/7074/3474
f 3560/7074/3474 3188/6543/3109 3189/6545/3111 3561/7075/3475
f 3561/7076/3475 3189/6546/3111 3190/6549/3113 3562/7077/3476
f 3562/7077/3476 3190/6549/3113 3191/6551/3115 3563/7078/3477
f 3563/7078/3477 3191/6551/3115 3192/6553/3117 3564/7079/3478
f 3564/7080/3478 3192/6554/3117 3193/6557/3119 3565/7081/3479
f 3565/7081/3479 3193/6557/3119 3194/6559/3121 3566/7082/3480
f 3566/7082/3480 3194/6559/3121 3195/6561/3123 3567/7083/3481
f 3567/7084/3481 3195/6562/3123 3196/6565/3125 3568/7085/3482
f 3568/7085/3482 3196/6565/3125 3185/6534/3102 3557/7070/3471
