# Blender v2.93.3 OBJ File: 'tortugacampama.blend'
# www.blender.org
mtllib LAMPARAREPTIL_LOW.mtl
o BRASERO_HIGH.005_Cylinder.001
v 0.626113 -1.766457 -0.043921
v 0.784483 -1.588242 -0.074602
v 0.602329 -1.766457 -0.123116
v 0.751510 -1.588242 -0.183299
v 0.563706 -1.766457 -0.196102
v 0.697965 -1.588242 -0.283474
v 0.511728 -1.766457 -0.260074
v 0.625906 -1.588242 -0.371278
v 0.448392 -1.766457 -0.312575
v 0.538101 -1.588242 -0.443338
v 0.376133 -1.766457 -0.351587
v 0.437926 -1.588242 -0.496883
v 0.297727 -1.766457 -0.375610
v 0.329229 -1.588242 -0.529855
v 0.216188 -1.766457 -0.383722
v 0.216188 -1.588242 -0.540989
v 0.134649 -1.766457 -0.375610
v 0.103147 -1.588242 -0.529855
v 0.056243 -1.766457 -0.351587
v -0.005549 -1.588242 -0.496883
v -0.016016 -1.766457 -0.312575
v -0.105725 -1.588242 -0.443338
v -0.079351 -1.766457 -0.260074
v -0.193529 -1.588242 -0.371280
v -0.131329 -1.766457 -0.196102
v -0.265589 -1.588242 -0.283474
v -0.169953 -1.766457 -0.123116
v -0.319133 -1.588242 -0.183299
v -0.193737 -1.766457 -0.043921
v -0.352106 -1.588242 -0.074602
v 0.626113 -1.714825 -0.045935
v 0.602329 -1.714825 -0.127065
v 0.563706 -1.714825 -0.201837
v 0.511728 -1.714825 -0.267374
v 0.448392 -1.714825 -0.321158
v 0.376133 -1.714825 -0.361124
v 0.297727 -1.714825 -0.385734
v 0.216188 -1.714825 -0.394044
v 0.134649 -1.714825 -0.385734
v 0.056243 -1.714825 -0.361124
v -0.016016 -1.714825 -0.321158
v -0.079351 -1.714825 -0.267374
v -0.131329 -1.714825 -0.201837
v -0.169953 -1.714825 -0.127065
v -0.193737 -1.714825 -0.045935
v 0.858197 -1.469595 -0.089265
v 0.820947 -1.469595 -0.212061
v 0.760457 -1.469595 -0.325231
v 0.679051 -1.469595 -0.424425
v 0.579857 -1.469595 -0.505831
v 0.466688 -1.469595 -0.566321
v 0.343892 -1.469595 -0.603570
v 0.216188 -1.469595 -0.616148
v 0.088485 -1.469595 -0.603570
v -0.034311 -1.469595 -0.566321
v -0.147481 -1.469595 -0.505831
v -0.246674 -1.469595 -0.424425
v -0.328081 -1.469595 -0.325231
v -0.388571 -1.469595 -0.212061
v -0.425821 -1.469595 -0.089265
v 0.925830 -1.341822 -0.102717
v 0.884656 -1.341822 -0.238450
v 0.817794 -1.341822 -0.363541
v 0.727812 -1.341822 -0.473185
v 0.618168 -1.341822 -0.563167
v 0.493077 -1.341822 -0.630030
v 0.357345 -1.341822 -0.671204
v 0.216188 -1.341822 -0.685107
v 0.075032 -1.341822 -0.671204
v -0.060701 -1.341822 -0.630030
v -0.185792 -1.341822 -0.563167
v -0.295435 -1.341822 -0.473185
v -0.385417 -1.341822 -0.363541
v -0.452280 -1.341822 -0.238450
v -0.493454 -1.341822 -0.102717
v 0.726469 -1.651534 -0.064542
v 0.696862 -1.651534 -0.163563
v 0.648783 -1.651534 -0.254823
v 0.584080 -1.651534 -0.334813
v 0.505239 -1.651534 -0.400457
v 0.415290 -1.651534 -0.449236
v 0.317689 -1.651534 -0.479275
v 0.216188 -1.651534 -0.489417
v 0.114687 -1.651534 -0.479275
v 0.017086 -1.651534 -0.449236
v -0.072863 -1.651534 -0.400457
v -0.151704 -1.651534 -0.334813
v -0.216407 -1.651534 -0.254823
v -0.264486 -1.651534 -0.163563
v -0.294093 -1.651534 -0.064542
v 0.877476 -1.341822 -0.093099
v 0.839108 -1.341822 -0.219584
v 0.776801 -1.341822 -0.336151
v 0.692950 -1.341822 -0.438323
v 0.590778 -1.341822 -0.522174
v 0.474210 -1.341822 -0.584482
v 0.347726 -1.341822 -0.622850
v 0.216188 -1.341822 -0.635804
v 0.084650 -1.341822 -0.622850
v -0.041834 -1.341822 -0.584482
v -0.158401 -1.341822 -0.522174
v -0.260574 -1.341822 -0.438323
v -0.344425 -1.341822 -0.336151
v -0.406731 -1.341822 -0.219583
v -0.445100 -1.341822 -0.093099
v 0.767320 -1.440766 -0.071188
v 0.735343 -1.440766 -0.176603
v 0.683415 -1.440766 -0.273753
v 0.613532 -1.440766 -0.358906
v 0.528379 -1.440766 -0.428789
v 0.431229 -1.440766 -0.480716
v 0.325815 -1.440766 -0.512694
v 0.216188 -1.440766 -0.523490
v 0.106561 -1.440766 -0.512694
v 0.001147 -1.440766 -0.480716
v -0.096003 -1.440766 -0.428789
v -0.181156 -1.440766 -0.358906
v -0.251039 -1.440766 -0.273753
v -0.302967 -1.440766 -0.176603
v -0.334944 -1.440766 -0.071188
v 0.652597 -1.523078 -0.048369
v 0.627276 -1.523078 -0.131839
v 0.586157 -1.523078 -0.208767
v 0.530821 -1.523078 -0.276195
v 0.463394 -1.523078 -0.331531
v 0.386466 -1.523078 -0.372649
v 0.302995 -1.523078 -0.397970
v 0.216188 -1.523078 -0.406519
v 0.129381 -1.523078 -0.397970
v 0.045910 -1.523078 -0.372649
v -0.031017 -1.523078 -0.331531
v -0.098445 -1.523078 -0.276195
v -0.153781 -1.523078 -0.208767
v -0.194900 -1.523078 -0.131839
v -0.220220 -1.523078 -0.048369
v 0.562435 -1.566116 -0.030434
v 0.542345 -1.566116 -0.096660
v 0.509722 -1.566116 -0.157694
v 0.465818 -1.566116 -0.211191
v 0.412321 -1.566116 -0.255096
v 0.351287 -1.566116 -0.287718
v 0.285061 -1.566116 -0.307808
v 0.216188 -1.566116 -0.314591
v 0.147315 -1.566116 -0.307808
v 0.081089 -1.566116 -0.287718
v 0.020055 -1.566116 -0.255095
v -0.033442 -1.566116 -0.211191
v -0.077346 -1.566116 -0.157694
v -0.109969 -1.566116 -0.096660
v -0.130058 -1.566116 -0.030434
v -0.086238 -1.474419 -1.599927
v 0.017345 -1.474419 -1.599927
v -0.189820 -1.474419 -1.599927
v -0.289422 -1.474419 -1.599927
v -0.086238 -1.336998 -1.605377
v 0.028257 -1.336998 -1.605377
v -0.200732 -1.336998 -1.605377
v -0.310827 -1.336998 -1.605377
v -0.077346 -1.566116 -0.096660
v -0.033442 -1.566116 -0.096660
v 0.020055 -1.566116 -0.096660
v 0.081089 -1.566116 -0.096660
v 0.147315 -1.566116 -0.056933
v 0.216188 -1.566116 -0.056933
v 0.285061 -1.566116 -0.056933
v 0.351287 -1.566116 -0.096660
v 0.412321 -1.566116 -0.096660
v 0.465818 -1.566116 -0.096660
v 0.509722 -1.566116 -0.096660
v 0.285061 -0.230749 -0.056933
v 0.216188 -0.230749 -0.056933
v 0.147315 -0.230749 -0.056933
v 0.265331 -0.230749 -0.044317
v 0.216188 -0.230749 -0.044317
v 0.167046 -0.230749 -0.044317
v 0.256400 -0.134804 -0.009377
v 0.216188 -0.134804 -0.009377
v 0.175976 -0.134804 -0.009377
v -0.201767 -1.766457 0.031146
v -0.363240 -1.588242 0.031146
v 0.634144 -1.766457 0.031146
v 0.795616 -1.588242 0.031146
v 0.626113 -1.766457 0.106212
v 0.784483 -1.588242 0.136893
v 0.602329 -1.766457 0.185407
v 0.751510 -1.588242 0.245590
v 0.563706 -1.766457 0.258393
v 0.697965 -1.588242 0.345766
v 0.511728 -1.766457 0.322365
v 0.625906 -1.588242 0.433569
v 0.448392 -1.766457 0.374866
v 0.538101 -1.588242 0.505630
v 0.376133 -1.766457 0.413878
v 0.437926 -1.588242 0.559174
v 0.297727 -1.766457 0.437901
v 0.329229 -1.588242 0.592146
v 0.216188 -1.766457 0.446013
v 0.216188 -1.588242 0.603280
v 0.134649 -1.766457 0.437901
v 0.103147 -1.588242 0.592146
v 0.056243 -1.766457 0.413878
v -0.005549 -1.588242 0.559174
v -0.016016 -1.766457 0.374866
v -0.105725 -1.588242 0.505630
v -0.079351 -1.766457 0.322365
v -0.193529 -1.588242 0.433571
v -0.131329 -1.766457 0.258393
v -0.265589 -1.588242 0.345766
v -0.169953 -1.766457 0.185407
v -0.319133 -1.588242 0.245590
v -0.193737 -1.766457 0.106212
v -0.352106 -1.588242 0.136893
v -0.201767 -1.714825 0.031146
v 0.634144 -1.714825 0.031146
v 0.626113 -1.714825 0.108226
v 0.602329 -1.714825 0.189356
v 0.563706 -1.714825 0.264128
v 0.511728 -1.714825 0.329665
v 0.448392 -1.714825 0.383449
v 0.376133 -1.714825 0.423415
v 0.297727 -1.714825 0.448025
v 0.216188 -1.714825 0.456336
v 0.134649 -1.714825 0.448025
v 0.056243 -1.714825 0.423415
v -0.016016 -1.714825 0.383449
v -0.079351 -1.714825 0.329665
v -0.131329 -1.714825 0.264128
v -0.169953 -1.714825 0.189356
v -0.193737 -1.714825 0.108226
v -0.438399 -1.469595 0.031146
v 0.870775 -1.469595 0.031146
v 0.858197 -1.469595 0.151556
v 0.820947 -1.469595 0.274353
v 0.760457 -1.469595 0.387522
v 0.679051 -1.469595 0.486716
v 0.579857 -1.469595 0.568122
v 0.466688 -1.469595 0.628612
v 0.343892 -1.469595 0.665861
v 0.216188 -1.469595 0.678439
v 0.088485 -1.469595 0.665861
v -0.034311 -1.469595 0.628612
v -0.147481 -1.469595 0.568122
v -0.246674 -1.469595 0.486716
v -0.328081 -1.469595 0.387522
v -0.388571 -1.469595 0.274353
v -0.425821 -1.469595 0.151556
v -0.507356 -1.341822 0.031146
v 0.939733 -1.341822 0.031146
v 0.925830 -1.341822 0.165009
v 0.884656 -1.341822 0.300741
v 0.817794 -1.341822 0.425832
v 0.727812 -1.341822 0.535476
v 0.618168 -1.341822 0.625458
v 0.493077 -1.341822 0.692321
v 0.357345 -1.341822 0.733495
v 0.216188 -1.341822 0.747398
v 0.075032 -1.341822 0.733495
v -0.060701 -1.341822 0.692321
v -0.185792 -1.341822 0.625458
v -0.295435 -1.341822 0.535476
v -0.385417 -1.341822 0.425832
v -0.452280 -1.341822 0.300741
v -0.493454 -1.341822 0.165009
v -0.304090 -1.651534 0.031146
v 0.736466 -1.651534 0.031146
v 0.726469 -1.651534 0.126833
v 0.696862 -1.651534 0.225854
v 0.648783 -1.651534 0.317114
v 0.584080 -1.651534 0.397104
v 0.505239 -1.651534 0.462748
v 0.415290 -1.651534 0.511528
v 0.317689 -1.651534 0.541566
v 0.216188 -1.651534 0.551708
v 0.114687 -1.651534 0.541566
v 0.017086 -1.651534 0.511528
v -0.072863 -1.651534 0.462749
v -0.151704 -1.651534 0.397104
v -0.216407 -1.651534 0.317114
v -0.264486 -1.651534 0.225854
v -0.294093 -1.651534 0.126833
v -0.458055 -1.341822 0.031146
v 0.890432 -1.341822 0.031146
v 0.877476 -1.341822 0.155390
v 0.839108 -1.341822 0.281875
v 0.776801 -1.341822 0.398442
v 0.692950 -1.341822 0.500614
v 0.590778 -1.341822 0.584466
v 0.474210 -1.341822 0.646773
v 0.347727 -1.341822 0.685141
v 0.216188 -1.341822 0.698095
v 0.084650 -1.341822 0.685141
v -0.041834 -1.341822 0.646773
v -0.158401 -1.341822 0.584466
v -0.260574 -1.341822 0.500614
v -0.344425 -1.341822 0.398442
v -0.406731 -1.341822 0.281875
v -0.445100 -1.341822 0.155390
v -0.345741 -1.440766 0.031146
v 0.778117 -1.440766 0.031146
v 0.767320 -1.440766 0.133480
v 0.735343 -1.440766 0.238894
v 0.683415 -1.440766 0.336044
v 0.613532 -1.440766 0.421197
v 0.528379 -1.440766 0.491080
v 0.431229 -1.440766 0.543007
v 0.325815 -1.440766 0.574985
v 0.216188 -1.440766 0.585782
v 0.106561 -1.440766 0.574985
v 0.001147 -1.440766 0.543007
v -0.096003 -1.440766 0.491080
v -0.181156 -1.440766 0.421197
v -0.251039 -1.440766 0.336044
v -0.302967 -1.440766 0.238894
v -0.334944 -1.440766 0.133480
v -0.228770 -1.523078 0.031146
v 0.661147 -1.523078 0.031146
v 0.652597 -1.523078 0.110660
v 0.627276 -1.523078 0.194130
v 0.586157 -1.523078 0.271059
v 0.530821 -1.523078 0.338486
v 0.463394 -1.523078 0.393822
v 0.386466 -1.523078 0.434940
v 0.302995 -1.523078 0.460261
v 0.216188 -1.523078 0.468810
v 0.129381 -1.523078 0.460261
v 0.045910 -1.523078 0.434940
v -0.031017 -1.523078 0.393822
v -0.098445 -1.523078 0.338486
v -0.153781 -1.523078 0.271059
v -0.194900 -1.523078 0.194130
v -0.220220 -1.523078 0.110660
v -0.136842 -1.566116 0.031146
v 0.569218 -1.566116 0.031146
v 0.562435 -1.566116 0.092725
v 0.542345 -1.566116 0.158951
v 0.509722 -1.566116 0.219985
v 0.465818 -1.566116 0.273482
v 0.412321 -1.566116 0.317387
v 0.351287 -1.566116 0.350009
v 0.285061 -1.566116 0.370099
v 0.216188 -1.566116 0.376882
v 0.147315 -1.566116 0.370099
v 0.081089 -1.566116 0.350009
v 0.020055 -1.566116 0.317387
v -0.033442 -1.566116 0.273482
v -0.077346 -1.566116 0.219985
v -0.109969 -1.566116 0.158951
v -0.130058 -1.566116 0.092725
v 0.542345 -1.566116 0.031146
v 0.509722 -1.566116 0.031146
v 0.465818 -1.566116 0.031146
v 0.412321 -1.566116 0.031146
v 0.351287 -1.566116 0.031146
v 0.285061 -1.566116 0.031146
v 0.147315 -1.566116 0.031146
v 0.081089 -1.566116 0.031146
v 0.020055 -1.566116 0.031146
v -0.033442 -1.566116 0.031146
v -0.077346 -1.566116 0.031146
v -0.109969 -1.566116 0.031146
v 0.602329 -1.766457 0.031146
v 0.563706 -1.766457 0.031146
v 0.511728 -1.766457 0.031146
v 0.448392 -1.766457 0.031146
v 0.376133 -1.766457 0.031146
v 0.297727 -1.766457 0.031146
v 0.216188 -1.766457 0.031146
v 0.134649 -1.766457 0.031146
v 0.056243 -1.766457 0.031146
v -0.016016 -1.766457 0.031146
v -0.079351 -1.766457 0.031146
v -0.131329 -1.766457 0.031146
v -0.169953 -1.766457 0.031146
v 0.606862 -1.474419 1.662219
v 0.710445 -1.474419 1.662219
v 0.503280 -1.474419 1.662219
v 0.403678 -1.474419 1.662219
v 0.606862 -1.336998 1.667668
v 0.721357 -1.336998 1.667668
v 0.492368 -1.336998 1.667668
v 0.382273 -1.336998 1.667668
v -0.077346 -1.566116 0.158951
v -0.033442 -1.566116 0.158951
v 0.020055 -1.566116 0.158951
v 0.081089 -1.566116 0.158951
v 0.147315 -1.566116 0.119224
v 0.216188 -1.566116 0.119224
v 0.285061 -1.566116 0.119224
v 0.351287 -1.566116 0.158951
v 0.412321 -1.566116 0.158951
v 0.465818 -1.566116 0.158951
v 0.509722 -1.566116 0.158951
v 0.285061 -0.230749 0.031146
v 0.147315 -0.230749 0.031146
v 0.285061 -0.230749 0.119224
v 0.216188 -0.230749 0.119224
v 0.147315 -0.230749 0.119224
v 0.265331 -0.230749 0.031146
v 0.167046 -0.230749 0.031146
v 0.265331 -0.230749 0.106608
v 0.216188 -0.230749 0.106608
v 0.167046 -0.230749 0.106608
v 0.216188 -0.134804 0.031146
v 0.256400 -0.134804 0.031146
v 0.175976 -0.134804 0.031146
v 0.256400 -0.134804 0.071669
v 0.216188 -0.134804 0.071669
v 0.175976 -0.134804 0.071669
vt 0.363847 0.852872
vt 0.363672 0.860574
vt 0.358027 0.860144
vt 0.358220 0.851630
vt 0.363666 0.868941
vt 0.358025 0.869339
vt 0.363849 0.877080
vt 0.358232 0.878289
vt 0.364213 0.884679
vt 0.358642 0.886651
vt 0.364746 0.891444
vt 0.359238 0.894103
vt 0.660322 0.834442
vt 0.658483 0.840593
vt 0.652489 0.837975
vt 0.654516 0.831110
vt 0.657116 0.847703
vt 0.650981 0.845904
vt 0.656275 0.855500
vt 0.650048 0.854590
vt 0.655991 0.863684
vt 0.649727 0.863701
vt 0.656275 0.871940
vt 0.650030 0.872886
vt 0.657116 0.879951
vt 0.650946 0.881793
vt 0.658483 0.887408
vt 0.652439 0.890078
vt 0.660322 0.894027
vt 0.654452 0.897425
vt 0.706293 0.834272
vt 0.704401 0.840140
vt 0.698170 0.837497
vt 0.700269 0.831075
vt 0.702992 0.847058
vt 0.696610 0.845079
vt 0.702161 0.854197
vt 0.695689 0.852967
vt 0.903336 0.228953
vt 0.902675 0.234548
vt 0.898771 0.234721
vt 0.899444 0.228970
vt 0.904469 0.223424
vt 0.900588 0.223291
vt 0.905990 0.218736
vt 0.902119 0.218466
vt 0.903980 0.535790
vt 0.905451 0.541101
vt 0.901369 0.541052
vt 0.899855 0.535712
vt 0.902887 0.529804
vt 0.898727 0.529701
vt 0.902214 0.523372
vt 0.898028 0.523251
vt 0.901987 0.516742
vt 0.897784 0.516610
vt 0.902214 0.510169
vt 0.898006 0.510033
vt 0.902887 0.503904
vt 0.898685 0.503772
vt 0.903980 0.498190
vt 0.899794 0.498069
vt 0.905451 0.493245
vt 0.901291 0.493142
vt 0.122060 0.885846
vt 0.122550 0.891258
vt 0.118381 0.891958
vt 0.117893 0.886446
vt 0.121697 0.879768
vt 0.117533 0.880246
vt 0.121475 0.873258
vt 0.117314 0.873595
vt 0.121403 0.866564
vt 0.117245 0.866750
vt 0.121469 0.860516
vt 0.117315 0.860544
vt 0.639980 0.884025
vt 0.638946 0.873963
vt 0.640019 0.843480
vt 0.641724 0.834524
vt 0.684576 0.851534
vt 0.685622 0.842550
vt 0.348005 0.880229
vt 0.347771 0.870118
vt 0.641667 0.893385
vt 0.638966 0.853293
vt 0.348468 0.889676
vt 0.643941 0.901684
vt 0.638603 0.863586
vt 0.349141 0.898095
vt 0.687384 0.833984
vt 0.689754 0.826729
vt 0.347774 0.859731
vt 0.347993 0.850038
vt 0.644013 0.826768
vt 0.632859 0.905614
vt 0.630346 0.896441
vt 0.676058 0.830825
vt 0.678678 0.822806
vt 0.336844 0.859344
vt 0.337090 0.848570
vt 0.674109 0.840293
vt 0.336841 0.870826
vt 0.672949 0.850283
vt 0.337100 0.882002
vt 0.337612 0.892444
vt 0.338356 0.901749
vt 0.630409 0.831379
vt 0.632939 0.822806
vt 0.628525 0.841279
vt 0.594412 0.826276
vt 0.599100 0.909483
vt 0.590954 0.907470
vt 0.584613 0.822806
vt 0.082561 0.647488
vt 0.113786 0.575626
vt 0.122619 0.576754
vt 0.093049 0.652173
vt 0.615078 0.827226
vt 0.615078 0.913431
vt 0.607245 0.911495
vt 0.604698 0.827769
vt 0.628482 0.886094
vt 0.627338 0.874972
vt 0.150768 0.838392
vt 0.155150 0.842884
vt 0.149761 0.849147
vt 0.144323 0.843569
vt 0.146951 0.832709
vt 0.139694 0.836596
vt 0.144299 0.826431
vt 0.136505 0.828876
vt 0.142913 0.819800
vt 0.134880 0.820705
vt 0.142848 0.813071
vt 0.134880 0.812396
vt 0.144105 0.806503
vt 0.136505 0.804269
vt 0.146637 0.800347
vt 0.139694 0.796637
vt 0.150345 0.794840
vt 0.144323 0.789793
vt 0.155088 0.790194
vt 0.150214 0.783999
vt 0.160683 0.786588
vt 0.157142 0.779479
vt 0.166915 0.784159
vt 0.164840 0.776406
vt 0.173545 0.783002
vt 0.173011 0.774898
vt 0.180318 0.783161
vt 0.181343 0.775013
vt 0.186974 0.784630
vt 0.189515 0.776747
vt 0.193256 0.787352
vt 0.197213 0.780033
vt 0.198470 0.790844
vt 0.203687 0.784367
vt 0.037928 0.650564
vt 0.039725 0.654123
vt 0.030709 0.659784
vt 0.028252 0.656638
vt 0.048618 0.646497
vt 0.049687 0.650334
vt 0.059910 0.644595
vt 0.060210 0.648561
vt 0.071371 0.644930
vt 0.070890 0.648873
vt 0.081317 0.651258
vt 0.091090 0.655623
vt 0.102432 0.658804
vt 0.099834 0.661802
vt 0.110350 0.667125
vt 0.107213 0.669557
vt 0.116499 0.676818
vt 0.112942 0.678589
vt 0.120642 0.687510
vt 0.116803 0.688552
vt 0.008746 0.684242
vt 0.012531 0.685507
vt 0.010278 0.695313
vt 0.006323 0.694808
vt 0.122619 0.698789
vt 0.118646 0.699063
vt 0.013375 0.673807
vt 0.016845 0.675783
vt 0.122427 0.709640
vt 0.118471 0.709134
vt 0.019962 0.664486
vt 0.022983 0.667097
vt 0.094448 0.667879
vt 0.087160 0.662730
vt 0.100597 0.674342
vt 0.105372 0.681870
vt 0.108590 0.690173
vt 0.021687 0.687636
vt 0.019821 0.695711
vt 0.110125 0.698933
vt 0.025283 0.679531
vt 0.109992 0.707230
vt 0.030398 0.672292
vt 0.036837 0.666197
vt 0.044352 0.661480
vt 0.052653 0.658322
vt 0.061424 0.656844
vt 0.070325 0.657104
vt 0.079015 0.659091
vt 0.099924 0.692019
vt 0.097377 0.685444
vt 0.031112 0.690010
vt 0.029649 0.696283
vt 0.101141 0.698956
vt 0.033959 0.683593
vt 0.101050 0.705404
vt 0.038009 0.677860
vt 0.043108 0.673034
vt 0.049058 0.669299
vt 0.055632 0.666798
vt 0.062576 0.665628
vt 0.069625 0.665834
vt 0.076506 0.667408
vt 0.082956 0.670289
vt 0.088726 0.674366
vt 0.093596 0.679484
vt 0.063366 0.672696
vt 0.057856 0.673625
vt 0.068958 0.672860
vt 0.074418 0.674108
vt 0.079535 0.676394
vt 0.084113 0.679629
vt 0.087977 0.683689
vt 0.090977 0.688419
vt 0.092998 0.693635
vt 0.038402 0.692041
vt 0.037256 0.696897
vt 0.093963 0.699139
vt 0.040661 0.686949
vt 0.093906 0.704134
vt 0.043874 0.682402
vt 0.047920 0.678572
vt 0.052641 0.675609
vt 0.039412 0.697173
vt 0.043278 0.687284
vt 0.046801 0.687734
vt 0.051093 0.688282
vt 0.055990 0.688908
vt 0.060915 0.692764
vt 0.066441 0.693470
vt 0.071967 0.694176
vt 0.077669 0.691677
vt 0.082566 0.692303
vt 0.086858 0.692851
vt 0.090380 0.693301
vt 0.091749 0.703859
vt 0.850184 0.756170
vt 0.856352 0.758778
vt 0.861448 0.762155
vt 0.859803 0.764139
vt 0.843637 0.754808
vt 0.857807 0.766548
vt 0.836961 0.754745
vt 0.855120 0.769790
vt 0.830414 0.755983
vt 0.851847 0.773740
vt 0.824246 0.758474
vt 0.848112 0.778247
vt 0.818696 0.762123
vt 0.844059 0.783137
vt 0.813975 0.766789
vt 0.839844 0.788222
vt 0.810266 0.772294
vt 0.835630 0.793308
vt 0.807712 0.778425
vt 0.831577 0.798198
vt 0.806409 0.784947
vt 0.827842 0.802705
vt 0.806409 0.791610
vt 0.824569 0.806655
vt 0.807712 0.798157
vt 0.821882 0.809897
vt 0.810266 0.804336
vt 0.819885 0.812306
vt 0.813975 0.809911
vt 0.818241 0.814290
vt 0.425024 0.961553
vt 0.435588 0.960755
vt 0.435588 0.969790
vt 0.425024 0.969727
vt 0.425024 0.953378
vt 0.435588 0.951719
vt 0.425024 0.945518
vt 0.435588 0.943031
vt 0.095413 0.573279
vt 0.104600 0.574452
vt 0.742926 0.965434
vt 0.741952 0.884066
vt 0.752914 0.884673
vt 0.752914 0.970680
vt 0.286902 0.889843
vt 0.286902 0.974627
vt 0.275732 0.974699
vt 0.276279 0.894742
vt 0.045552 0.697957
vt 0.042030 0.697507
vt 0.049845 0.698505
vt 0.054741 0.699131
vt 0.060055 0.699810
vt 0.855476 0.163989
vt 0.860891 0.164453
vt 0.860891 0.265954
vt 0.855476 0.265491
vt 0.866306 0.164917
vt 0.866306 0.266418
vt 0.076420 0.701900
vt 0.071107 0.701222
vt 0.081317 0.702526
vt 0.085609 0.703074
vt 0.089132 0.703524
vt 0.375827 0.982927
vt 0.375827 0.975829
vt 0.377423 0.975838
vt 0.377423 0.981920
vt 0.381398 0.982958
vt 0.381398 0.981942
vt 0.399230 0.828582
vt 0.405997 0.829388
vt 0.405997 0.930449
vt 0.399230 0.929643
vt 0.786564 0.823017
vt 0.793466 0.823229
vt 0.793466 0.930658
vt 0.786564 0.930446
vt 0.514778 0.988178
vt 0.514778 0.984300
vt 0.521040 0.983786
vt 0.521040 0.986959
vt 0.514778 0.992056
vt 0.521040 0.990132
vt 0.386969 0.975891
vt 0.386969 0.982989
vt 0.385373 0.981964
vt 0.385373 0.975882
vt 0.921503 0.267169
vt 0.924756 0.267187
vt 0.924756 0.270452
vt 0.921503 0.270434
vt 0.918251 0.267151
vt 0.918251 0.270416
vt 0.991321 0.493142
vt 0.991321 0.498980
vt 0.984380 0.500038
vt 0.984380 0.496903
vt 0.606836 0.980270
vt 0.606836 0.974354
vt 0.614464 0.976676
vt 0.614464 0.979853
vt 0.358614 0.843574
vt 0.364203 0.845581
vt 0.359214 0.835737
vt 0.364746 0.838432
vt 0.843215 0.241729
vt 0.837419 0.245526
vt 0.835133 0.239304
vt 0.841127 0.236115
vt 0.833341 0.231880
vt 0.839486 0.229425
vt 0.832111 0.223538
vt 0.838356 0.221916
vt 0.831491 0.214600
vt 0.837780 0.213876
vt 0.831504 0.205409
vt 0.837779 0.205615
vt 0.832150 0.196317
vt 0.838356 0.197449
vt 0.833404 0.187676
vt 0.839486 0.189692
vt 0.835218 0.179816
vt 0.841127 0.182643
vt 0.837523 0.173039
vt 0.843215 0.176573
vt 0.706293 0.893147
vt 0.700326 0.895867
vt 0.698233 0.888163
vt 0.704419 0.886156
vt 0.696679 0.879628
vt 0.703030 0.878404
vt 0.695724 0.870591
vt 0.702180 0.870188
vt 0.695404 0.861398
vt 0.701900 0.861824
vt 0.902472 0.240537
vt 0.898556 0.240864
vt 0.902694 0.247228
vt 0.898767 0.247705
vt 0.903374 0.253804
vt 0.899437 0.254419
vt 0.904487 0.260010
vt 0.900542 0.260746
vt 0.905990 0.265609
vt 0.902037 0.266443
vt 0.884796 0.223502
vt 0.880615 0.223384
vt 0.882141 0.218466
vt 0.886295 0.218566
vt 0.883682 0.229210
vt 0.879485 0.229080
vt 0.882996 0.235470
vt 0.878793 0.235337
vt 0.882764 0.242042
vt 0.878567 0.241912
vt 0.882996 0.248672
vt 0.878815 0.248554
vt 0.883682 0.255107
vt 0.879528 0.255007
vt 0.884796 0.261099
vt 0.880678 0.261024
vt 0.886295 0.266418
vt 0.882221 0.266373
vt 0.122054 0.849078
vt 0.117908 0.848796
vt 0.118408 0.843727
vt 0.122550 0.844149
vt 0.121685 0.854798
vt 0.117535 0.854668
vt 0.824571 0.175989
vt 0.827174 0.168334
vt 0.820359 0.215285
vt 0.820374 0.204902
vt 0.684248 0.861132
vt 0.827057 0.250223
vt 0.824475 0.243194
vt 0.689808 0.900072
vt 0.687444 0.891368
vt 0.821104 0.194631
vt 0.822450 0.234806
vt 0.685689 0.881726
vt 0.822521 0.184869
vt 0.821060 0.225383
vt 0.684610 0.871517
vt 0.348441 0.840863
vt 0.349119 0.832009
vt 0.676116 0.894373
vt 0.674175 0.883715
vt 0.672982 0.872430
vt 0.337587 0.838369
vt 0.672582 0.860951
vt 0.338336 0.828582
vt 0.816116 0.254505
vt 0.813262 0.246736
vt 0.811023 0.237465
vt 0.809487 0.227048
vt 0.808713 0.215887
vt 0.808729 0.204410
vt 0.555245 0.911790
vt 0.545324 0.908690
vt 0.549475 0.822806
vt 0.557200 0.826081
vt 0.068839 0.759852
vt 0.080132 0.757950
vt 0.035037 0.831466
vt 0.026204 0.830338
vt 0.572353 0.923425
vt 0.564372 0.916765
vt 0.564925 0.829356
vt 0.572353 0.832505
vt 0.813368 0.172451
vt 0.816245 0.163989
vt 0.678729 0.903993
vt 0.160363 0.846377
vt 0.156235 0.853482
vt 0.166646 0.849099
vt 0.163932 0.856768
vt 0.173301 0.850567
vt 0.172104 0.858501
vt 0.180074 0.850726
vt 0.180436 0.858617
vt 0.186704 0.849569
vt 0.188608 0.857109
vt 0.192936 0.847141
vt 0.196305 0.854036
vt 0.198532 0.843534
vt 0.203233 0.849515
vt 0.203274 0.838888
vt 0.209125 0.843722
vt 0.206983 0.833382
vt 0.213754 0.836877
vt 0.209514 0.827226
vt 0.216942 0.829245
vt 0.210772 0.820657
vt 0.218567 0.821119
vt 0.210706 0.813928
vt 0.218567 0.812810
vt 0.209321 0.807298
vt 0.216942 0.804639
vt 0.206669 0.801020
vt 0.213753 0.796918
vt 0.202851 0.795337
vt 0.209124 0.789946
vt 0.026317 0.745644
vt 0.018399 0.737322
vt 0.021537 0.734891
vt 0.028915 0.742645
vt 0.035700 0.752274
vt 0.037659 0.748824
vt 0.046188 0.756959
vt 0.047432 0.753190
vt 0.057378 0.759518
vt 0.057860 0.755574
vt 0.068540 0.755886
vt 0.079063 0.754113
vt 0.090821 0.753884
vt 0.089024 0.750324
vt 0.100497 0.747810
vt 0.098041 0.744664
vt 0.108788 0.739961
vt 0.105767 0.737350
vt 0.115375 0.730640
vt 0.111904 0.728665
vt 0.006130 0.705658
vt 0.010104 0.705384
vt 0.120004 0.720205
vt 0.116218 0.718940
vt 0.008108 0.716938
vt 0.011947 0.715895
vt 0.012251 0.727629
vt 0.015807 0.725858
vt 0.077160 0.744619
vt 0.085462 0.741461
vt 0.092977 0.736744
vt 0.099415 0.730648
vt 0.104531 0.723409
vt 0.019688 0.704007
vt 0.108126 0.715305
vt 0.021224 0.712767
vt 0.024441 0.721071
vt 0.029216 0.728598
vt 0.035366 0.735061
vt 0.042653 0.740211
vt 0.050799 0.743849
vt 0.059489 0.745836
vt 0.068390 0.746096
vt 0.092690 0.723826
vt 0.096740 0.718094
vt 0.029558 0.702731
vt 0.099587 0.711677
vt 0.030774 0.709667
vt 0.033322 0.716242
vt 0.037103 0.722203
vt 0.041973 0.727321
vt 0.047743 0.731398
vt 0.054193 0.734279
vt 0.061074 0.735853
vt 0.068122 0.736059
vt 0.075067 0.734889
vt 0.081641 0.732388
vt 0.087591 0.728653
vt 0.051627 0.724637
vt 0.056744 0.726923
vt 0.062204 0.728172
vt 0.067796 0.728335
vt 0.073305 0.727407
vt 0.078521 0.725423
vt 0.083242 0.722459
vt 0.087287 0.718630
vt 0.090501 0.714082
vt 0.037199 0.701893
vt 0.092760 0.708990
vt 0.038164 0.707396
vt 0.040185 0.712613
vt 0.043185 0.717342
vt 0.047048 0.721402
vt 0.040781 0.707731
vt 0.044304 0.708180
vt 0.048596 0.708729
vt 0.053493 0.709354
vt 0.059195 0.706855
vt 0.064720 0.707561
vt 0.070246 0.708267
vt 0.075172 0.712124
vt 0.080069 0.712749
vt 0.084361 0.713298
vt 0.087883 0.713748
vt 0.869422 0.772109
vt 0.865713 0.766534
vt 0.871977 0.778288
vt 0.873279 0.784835
vt 0.873279 0.791498
vt 0.871977 0.798020
vt 0.869422 0.804151
vt 0.865713 0.809656
vt 0.860993 0.814322
vt 0.855442 0.817971
vt 0.849275 0.820462
vt 0.842728 0.821700
vt 0.836052 0.821637
vt 0.829504 0.820275
vt 0.823337 0.817667
vt 0.399230 0.953370
vt 0.399230 0.945199
vt 0.409767 0.943516
vt 0.409767 0.952548
vt 0.399230 0.961541
vt 0.409767 0.961580
vt 0.399230 0.969398
vt 0.409767 0.970265
vt 0.017017 0.829164
vt 0.007831 0.827991
vt 0.134880 0.874741
vt 0.145985 0.870877
vt 0.145985 0.961578
vt 0.134959 0.961095
vt 0.729691 0.970395
vt 0.719489 0.964750
vt 0.718553 0.884067
vt 0.729691 0.884793
vt 0.435848 0.829537
vt 0.435848 0.930770
vt 0.430436 0.930293
vt 0.430436 0.829059
vt 0.425024 0.929816
vt 0.425024 0.828582
vt 0.375827 0.968732
vt 0.377423 0.969757
vt 0.381398 0.968762
vt 0.381398 0.969779
vt 0.412763 0.830194
vt 0.412763 0.931256
vt 0.779663 0.930235
vt 0.779663 0.822806
vt 0.492555 0.988504
vt 0.498776 0.987265
vt 0.498776 0.990437
vt 0.492555 0.992380
vt 0.492555 0.984627
vt 0.498776 0.984093
vt 0.385373 0.969801
vt 0.386969 0.968793
vt 0.921503 0.263903
vt 0.924756 0.263921
vt 0.918251 0.263885
vt 0.991321 0.504819
vt 0.984380 0.503173
vt 0.614464 0.983029
vt 0.606836 0.986186
vn 0.6392 -0.7690 0.0000
vn 0.6279 -0.7680 -0.1260
vn 0.7786 -0.6076 -0.1567
vn 0.7935 -0.6086 0.0000
vn 0.5962 -0.7647 -0.2444
vn 0.7361 -0.6051 -0.3033
vn 0.5424 -0.7596 -0.3587
vn 0.6655 -0.6011 -0.4424
vn 0.4672 -0.7535 -0.4624
vn 0.5691 -0.5963 -0.5661
vn 0.3719 -0.7472 -0.5508
vn 0.4496 -0.5914 -0.6694
vn 0.2589 -0.7416 -0.6188
vn 0.3112 -0.5870 -0.7474
vn 0.1330 -0.7378 -0.6617
vn 0.1592 -0.5840 -0.7960
vn 0.0000 -0.7365 -0.6764
vn 0.0000 -0.5830 -0.8125
vn -0.1330 -0.7378 -0.6617
vn -0.1592 -0.5840 -0.7960
vn -0.2589 -0.7416 -0.6188
vn -0.3112 -0.5870 -0.7474
vn -0.3719 -0.7472 -0.5508
vn -0.4496 -0.5914 -0.6694
vn -0.4672 -0.7535 -0.4624
vn -0.5691 -0.5963 -0.5661
vn -0.5424 -0.7596 -0.3587
vn -0.6655 -0.6011 -0.4424
vn -0.5962 -0.7647 -0.2444
vn -0.7361 -0.6051 -0.3033
vn -0.6279 -0.7680 -0.1260
vn -0.7786 -0.6076 -0.1567
vn -0.6392 -0.7690 0.0000
vn -0.7935 -0.6086 0.0000
vn -0.7100 -0.6901 -0.1399
vn -0.7288 -0.6847 0.0000
vn -0.8650 -0.5018 0.0000
vn -0.8477 -0.5024 -0.1702
vn -0.6662 -0.6965 -0.2666
vn -0.7957 -0.5109 -0.3252
vn -0.5938 -0.7074 -0.3833
vn -0.7118 -0.5224 -0.4694
vn -0.4989 -0.7203 -0.4819
vn -0.6010 -0.5357 -0.5931
vn -0.3869 -0.7331 -0.5593
vn -0.4688 -0.5485 -0.6923
vn -0.2633 -0.7439 -0.6142
vn -0.3209 -0.5592 -0.7644
vn -0.1332 -0.7510 -0.6467
vn -0.1629 -0.5661 -0.8081
vn 0.0000 -0.7535 -0.6575
vn 0.0000 -0.5685 -0.8227
vn 0.1332 -0.7510 -0.6467
vn 0.1629 -0.5661 -0.8081
vn 0.2633 -0.7439 -0.6142
vn 0.3209 -0.5592 -0.7644
vn 0.3869 -0.7331 -0.5593
vn 0.4688 -0.5485 -0.6923
vn 0.4989 -0.7203 -0.4819
vn 0.6010 -0.5357 -0.5931
vn 0.5938 -0.7074 -0.3833
vn 0.7118 -0.5224 -0.4694
vn 0.6662 -0.6965 -0.2666
vn 0.7957 -0.5109 -0.3252
vn 0.7100 -0.6901 -0.1399
vn 0.8477 -0.5024 -0.1702
vn 0.7288 -0.6847 0.0000
vn 0.8650 -0.5018 0.0000
vn -0.4797 -0.5044 -0.7179
vn -0.4579 -0.6833 -0.5687
vn 0.3315 -0.6250 -0.7068
vn 0.3304 -0.5044 -0.7977
vn -0.8634 -0.5045 0.0000
vn -0.8464 -0.5043 -0.1710
vn 0.7179 -0.5044 -0.4797
vn 0.7977 -0.5044 -0.3304
vn -0.6106 -0.5044 -0.6106
vn -0.0000 -0.8900 -0.4560
vn 0.6106 -0.5044 -0.6106
vn -0.7179 -0.5044 -0.4797
vn -0.0892 -0.8899 -0.4473
vn 0.4797 -0.5044 -0.7179
vn -0.7977 -0.5044 -0.3304
vn 0.8464 -0.5043 -0.1710
vn 0.8634 -0.5045 0.0000
vn -0.7247 0.4901 -0.4842
vn -0.6164 0.4901 -0.6164
vn -0.8053 0.4901 -0.3335
vn 0.8541 0.4907 -0.1723
vn 0.8723 0.4889 0.0000
vn -0.8541 0.4907 -0.1723
vn 0.8053 0.4901 -0.3335
vn -0.8723 0.4889 0.0000
vn 0.7247 0.4901 -0.4842
vn 0.6164 0.4901 -0.6163
vn 0.4842 0.4901 -0.7248
vn 0.3335 0.4901 -0.8053
vn 0.5336 0.7141 -0.4530
vn 0.0000 -0.7226 -0.6912
vn 0.4304 -0.6508 -0.6255
vn 0.0003 1.0000 0.0026
vn 0.0004 0.6947 -0.7193
vn -0.6868 0.5260 -0.5015
vn -0.5901 0.7928 -0.1522
vn -0.6092 -0.6083 -0.5087
vn 0.0004 -0.7226 -0.6913
vn -0.4842 0.4901 -0.7248
vn -0.1854 0.9427 0.2774
vn -0.2359 0.9427 0.2359
vn -0.1277 0.9427 0.3083
vn -0.0651 0.9427 0.3272
vn -0.0000 1.0000 0.0027
vn 0.0000 0.9427 0.3337
vn 0.0651 0.9427 0.3272
vn 0.1277 0.9427 0.3083
vn 0.1854 0.9427 0.2774
vn 0.2359 0.9427 0.2359
vn 0.2774 0.9427 0.1854
vn 0.3083 0.9427 0.1277
vn -0.3277 0.9424 0.0662
vn -0.3324 0.9431 0.0000
vn 0.3277 0.9424 0.0662
vn -0.3083 0.9427 0.1277
vn 0.3324 0.9431 0.0000
vn -0.2774 0.9427 0.1854
vn 0.3451 0.7836 0.5166
vn 0.2377 0.7836 0.5740
vn 0.4393 0.7836 0.4393
vn 0.5166 0.7836 0.3451
vn 0.5740 0.7836 0.2377
vn -0.6089 0.7835 0.1233
vn -0.6211 0.7837 0.0000
vn 0.6089 0.7835 0.1233
vn -0.5740 0.7836 0.2377
vn 0.6211 0.7837 0.0000
vn -0.5166 0.7836 0.3451
vn -0.4393 0.7836 0.4393
vn -0.3451 0.7836 0.5166
vn -0.2377 0.7836 0.5740
vn -0.1212 0.7836 0.6093
vn 0.0000 0.7836 0.6213
vn 0.1212 0.7836 0.6093
vn 0.4672 0.8627 0.1935
vn 0.4205 0.8627 0.2810
vn -0.4956 0.8627 0.1008
vn -0.5058 0.8626 0.0000
vn 0.4956 0.8627 0.1008
vn -0.4672 0.8627 0.1935
vn 0.5058 0.8626 0.0000
vn -0.4205 0.8627 0.2810
vn -0.3576 0.8627 0.3576
vn -0.2810 0.8627 0.4205
vn -0.1935 0.8627 0.4672
vn -0.0986 0.8627 0.4960
vn 0.0000 0.8627 0.5057
vn 0.0986 0.8627 0.4960
vn 0.1935 0.8627 0.4672
vn 0.2810 0.8627 0.4205
vn 0.3576 0.8627 0.3576
vn -0.0449 0.9732 0.2256
vn -0.0880 0.9732 0.2125
vn 0.0000 0.9732 0.2300
vn 0.0449 0.9732 0.2256
vn 0.0880 0.9732 0.2125
vn 0.1278 0.9732 0.1913
vn 0.1627 0.9732 0.1627
vn 0.1913 0.9732 0.1278
vn 0.2125 0.9732 0.0880
vn -0.2247 0.9733 0.0459
vn -0.2313 0.9729 0.0000
vn 0.2247 0.9733 0.0459
vn -0.2125 0.9732 0.0880
vn 0.2313 0.9729 0.0000
vn -0.1913 0.9732 0.1278
vn -0.1627 0.9732 0.1627
vn -0.1278 0.9732 0.1913
vn 0.0000 1.0000 0.0000
vn 0.3015 0.9045 -0.3015
vn 0.0000 0.7071 -0.7071
vn -0.3015 0.9045 -0.3015
vn 0.0000 -1.0000 0.0000
vn 0.0000 0.6948 -0.7192
vn 0.4974 0.5426 -0.6769
vn 0.7071 0.7071 0.0000
vn 0.5773 0.5773 -0.5773
vn -0.5773 0.5773 -0.5773
vn -0.7071 0.7071 0.0000
vn -0.6735 0.7391 0.0000
vn -0.2157 0.9447 -0.2469
vn 0.0000 0.8192 -0.5735
vn -0.5648 0.6847 -0.4606
vn 0.2157 0.9447 -0.2469
vn 0.5648 0.6847 -0.4606
vn 0.6735 0.7391 0.0000
vn 0.7786 -0.6076 0.1567
vn 0.6279 -0.7680 0.1260
vn 0.7361 -0.6051 0.3033
vn 0.5962 -0.7647 0.2444
vn 0.6655 -0.6011 0.4424
vn 0.5424 -0.7596 0.3587
vn 0.5691 -0.5963 0.5661
vn 0.4672 -0.7535 0.4624
vn 0.4496 -0.5914 0.6694
vn 0.3719 -0.7472 0.5508
vn 0.3112 -0.5870 0.7474
vn 0.2589 -0.7416 0.6188
vn 0.1592 -0.5840 0.7960
vn 0.1330 -0.7378 0.6617
vn 0.0000 -0.5830 0.8125
vn 0.0000 -0.7365 0.6764
vn -0.1592 -0.5840 0.7960
vn -0.1330 -0.7378 0.6617
vn -0.3112 -0.5870 0.7474
vn -0.2589 -0.7416 0.6188
vn -0.4496 -0.5914 0.6694
vn -0.3719 -0.7472 0.5508
vn -0.5691 -0.5963 0.5661
vn -0.4672 -0.7535 0.4624
vn -0.6655 -0.6011 0.4424
vn -0.5424 -0.7596 0.3587
vn -0.7361 -0.6051 0.3033
vn -0.5962 -0.7647 0.2444
vn -0.7786 -0.6076 0.1567
vn -0.6279 -0.7680 0.1260
vn -0.7100 -0.6901 0.1399
vn -0.8477 -0.5024 0.1702
vn -0.6662 -0.6965 0.2666
vn -0.7957 -0.5109 0.3252
vn -0.5938 -0.7074 0.3833
vn -0.7118 -0.5224 0.4694
vn -0.4989 -0.7203 0.4819
vn -0.6010 -0.5357 0.5931
vn -0.3869 -0.7331 0.5593
vn -0.4688 -0.5485 0.6923
vn -0.2633 -0.7439 0.6142
vn -0.3209 -0.5592 0.7644
vn -0.1332 -0.7510 0.6467
vn -0.1629 -0.5661 0.8081
vn 0.0000 -0.7535 0.6575
vn 0.0000 -0.5685 0.8227
vn 0.1332 -0.7510 0.6467
vn 0.1629 -0.5661 0.8081
vn 0.2633 -0.7439 0.6142
vn 0.3209 -0.5592 0.7644
vn 0.3869 -0.7331 0.5593
vn 0.4688 -0.5485 0.6923
vn 0.4989 -0.7203 0.4819
vn 0.6010 -0.5357 0.5931
vn 0.5938 -0.7074 0.3833
vn 0.7118 -0.5224 0.4694
vn 0.6662 -0.6965 0.2666
vn 0.7957 -0.5109 0.3252
vn 0.7100 -0.6901 0.1399
vn 0.8477 -0.5024 0.1702
vn -0.4501 -0.5881 0.6720
vn -0.4797 -0.5044 0.7179
vn 0.3304 -0.5044 0.7977
vn 0.3335 -0.7259 0.6014
vn -0.8464 -0.5043 0.1710
vn 0.7977 -0.5044 0.3304
vn 0.7179 -0.5044 0.4797
vn -0.6106 -0.5044 0.6106
vn 0.0000 -0.8900 0.4560
vn 0.6106 -0.5044 0.6106
vn -0.7179 -0.5044 0.4797
vn -0.0891 -0.8900 0.4471
vn 0.4797 -0.5044 0.7179
vn -0.7977 -0.5044 0.3304
vn 0.8464 -0.5043 0.1710
vn -0.6164 0.4901 0.6164
vn -0.7247 0.4901 0.4842
vn -0.8053 0.4901 0.3335
vn 0.8541 0.4907 0.1723
vn -0.8541 0.4907 0.1723
vn 0.8053 0.4901 0.3335
vn 0.7247 0.4901 0.4842
vn 0.6164 0.4901 0.6163
vn 0.4842 0.4901 0.7247
vn 0.3335 0.4901 0.8053
vn 0.4895 0.8643 0.1153
vn 0.6778 -0.5622 0.4738
vn -0.0000 -0.7226 0.6912
vn 0.0004 1.0000 -0.0029
vn -0.5849 0.6507 0.4842
vn -0.4857 0.5264 0.6978
vn 0.0004 0.6949 0.7191
vn 0.0003 -0.7227 0.6911
vn -0.3755 -0.6730 0.6372
vn -0.4842 0.4901 0.7247
vn -0.2359 0.9427 -0.2359
vn -0.1854 0.9427 -0.2774
vn -0.1277 0.9427 -0.3083
vn -0.0651 0.9427 -0.3272
vn 0.0000 1.0000 -0.0028
vn 0.0000 0.9427 -0.3337
vn 0.0651 0.9427 -0.3272
vn 0.1277 0.9427 -0.3083
vn 0.1854 0.9427 -0.2774
vn 0.2359 0.9427 -0.2359
vn 0.2774 0.9427 -0.1854
vn 0.3083 0.9427 -0.1277
vn -0.3277 0.9424 -0.0662
vn 0.3277 0.9424 -0.0662
vn -0.3083 0.9427 -0.1277
vn -0.2774 0.9427 -0.1854
vn 0.2377 0.7836 -0.5740
vn 0.3451 0.7836 -0.5166
vn 0.4393 0.7836 -0.4393
vn 0.5166 0.7836 -0.3451
vn 0.5740 0.7836 -0.2377
vn -0.6089 0.7835 -0.1233
vn 0.6089 0.7835 -0.1233
vn -0.5740 0.7836 -0.2377
vn -0.5166 0.7836 -0.3451
vn -0.4393 0.7836 -0.4393
vn -0.3451 0.7836 -0.5166
vn -0.2377 0.7836 -0.5740
vn -0.1212 0.7836 -0.6093
vn 0.0000 0.7836 -0.6213
vn 0.1212 0.7836 -0.6093
vn 0.4205 0.8627 -0.2810
vn 0.4672 0.8627 -0.1935
vn -0.4956 0.8627 -0.1008
vn 0.4956 0.8627 -0.1008
vn -0.4672 0.8627 -0.1935
vn -0.4205 0.8627 -0.2810
vn -0.3576 0.8627 -0.3576
vn -0.2810 0.8627 -0.4205
vn -0.1935 0.8627 -0.4672
vn -0.0986 0.8627 -0.4960
vn 0.0000 0.8627 -0.5057
vn 0.0986 0.8627 -0.4960
vn 0.1935 0.8627 -0.4672
vn 0.2810 0.8627 -0.4205
vn 0.3576 0.8627 -0.3576
vn -0.0880 0.9732 -0.2125
vn -0.0449 0.9732 -0.2256
vn 0.0000 0.9732 -0.2300
vn 0.0449 0.9732 -0.2256
vn 0.0880 0.9732 -0.2125
vn 0.1278 0.9732 -0.1913
vn 0.1627 0.9732 -0.1627
vn 0.1913 0.9732 -0.1278
vn 0.2125 0.9732 -0.0880
vn -0.2247 0.9733 -0.0459
vn 0.2247 0.9733 -0.0459
vn -0.2125 0.9732 -0.0880
vn -0.1913 0.9732 -0.1278
vn -0.1627 0.9732 -0.1627
vn -0.1278 0.9732 -0.1913
vn 0.3015 0.9045 0.3015
vn 0.0000 0.7071 0.7071
vn -0.3015 0.9045 0.3015
vn 0.6832 0.5637 0.4642
vn -0.0000 0.6948 0.7192
vn 0.5773 0.5773 0.5773
vn -0.5773 0.5773 0.5773
vn -0.2157 0.9447 0.2469
vn 0.0000 0.8192 0.5735
vn -0.5648 0.6847 0.4606
vn 0.2157 0.9447 0.2469
vn 0.5648 0.6847 0.4606
usemtl None
s 1
f 265/1/1 76/2/2 2/3/3 182/4/4
f 76/2/2 77/5/5 4/6/6 2/3/3
f 77/5/5 78/7/7 6/8/8 4/6/6
f 78/7/7 79/9/9 8/10/10 6/8/8
f 79/9/9 80/11/11 10/12/12 8/10/10
f 80/13/11 81/14/13 12/15/14 10/16/12
f 81/14/13 82/17/15 14/18/16 12/15/14
f 82/17/15 83/19/17 16/20/18 14/18/16
f 83/19/17 84/21/19 18/22/20 16/20/18
f 84/21/19 85/23/21 20/24/22 18/22/20
f 85/23/21 86/25/23 22/26/24 20/24/22
f 86/25/23 87/27/25 24/28/26 22/26/24
f 87/27/25 88/29/27 26/30/28 24/28/26
f 88/31/27 89/32/29 28/33/30 26/34/28
f 89/32/29 90/35/31 30/36/32 28/33/30
f 90/35/31 264/37/33 180/38/34 30/36/32
f 29/39/35 179/40/36 213/41/37 45/42/38
f 27/43/39 29/39/35 45/42/38 44/44/40
f 25/45/41 27/43/39 44/44/40 43/46/42
f 23/47/43 25/48/41 43/49/42 42/50/44
f 21/51/45 23/47/43 42/50/44 41/52/46
f 19/53/47 21/51/45 41/52/46 40/54/48
f 17/55/49 19/53/47 40/54/48 39/56/50
f 15/57/51 17/55/49 39/56/50 38/58/52
f 13/59/53 15/57/51 38/58/52 37/60/54
f 11/61/55 13/59/53 37/60/54 36/62/56
f 9/63/57 11/61/55 36/62/56 35/64/58
f 7/65/59 9/66/57 35/67/58 34/68/60
f 5/69/61 7/65/59 34/68/60 33/70/62
f 3/71/63 5/69/61 33/70/62 32/72/64
f 1/73/65 3/71/63 32/72/64 31/74/66
f 181/75/67 1/73/65 31/74/66 214/76/68
f 22/26/24 56/77/69 55/78/70 20/24/22
f 14/18/16 52/79/71 51/80/72 12/15/14
f 180/38/34 230/81/73 60/82/74 30/36/32
f 6/8/8 48/83/75 47/84/76 4/6/6
f 24/28/26 57/85/77 56/77/69 22/26/24
f 16/20/18 53/86/78 52/79/71 14/18/16
f 8/10/10 49/87/79 48/83/75 6/8/8
f 26/30/28 58/88/80 57/85/77 24/28/26
f 18/22/20 54/89/81 53/86/78 16/20/18
f 10/12/12 50/90/82 49/87/79 8/10/10
f 28/33/30 59/91/83 58/92/80 26/34/28
f 2/3/3 46/93/84 231/94/85 182/4/4
f 20/24/22 55/78/70 54/89/81 18/22/20
f 12/15/14 51/80/72 50/95/82 10/16/12
f 30/36/32 60/82/74 59/91/83 28/33/30
f 4/6/6 47/84/76 46/93/84 2/3/3
f 58/88/80 73/96/86 72/97/87 57/85/77
f 59/91/83 74/98/88 73/99/86 58/92/80
f 46/93/84 61/100/89 248/101/90 231/94/85
f 60/82/74 75/102/91 74/98/88 59/91/83
f 47/84/76 62/103/92 61/100/89 46/93/84
f 230/81/73 247/104/93 75/102/91 60/82/74
f 48/83/75 63/105/94 62/103/92 47/84/76
f 49/87/79 64/106/95 63/105/94 48/83/75
f 50/90/82 65/107/96 64/106/95 49/87/79
f 51/80/72 66/108/97 65/109/96 50/95/82
f 52/79/71 67/110/98 66/108/97 51/80/72
f 53/111/78 151/112/99 152/113/100 52/114/71
f 69/115/101 157/116/102 158/117/103 70/118/104
f 55/119/70 154/120/105 153/121/106 54/122/81
f 56/77/69 71/123/107 70/124/104 55/78/70
f 57/85/77 72/97/87 71/123/107 56/77/69
f 45/125/38 213/126/37 264/127/33 90/128/31
f 44/129/40 45/125/38 90/128/31 89/130/29
f 43/131/42 44/129/40 89/130/29 88/132/27
f 42/133/44 43/131/42 88/132/27 87/134/25
f 41/135/46 42/133/44 87/134/25 86/136/23
f 40/137/48 41/135/46 86/136/23 85/138/21
f 39/139/50 40/137/48 85/138/21 84/140/19
f 38/141/52 39/139/50 84/140/19 83/142/17
f 37/143/54 38/141/52 83/142/17 82/144/15
f 36/145/56 37/143/54 82/144/15 81/146/13
f 35/147/58 36/145/56 81/146/13 80/148/11
f 34/149/60 35/147/58 80/148/11 79/150/9
f 33/151/62 34/149/60 79/150/9 78/152/7
f 32/153/64 33/151/62 78/152/7 77/154/5
f 31/155/66 32/153/64 77/154/5 76/156/2
f 214/157/68 31/155/66 76/156/2 265/158/1
f 65/159/96 95/160/108 94/161/109 64/162/95
f 66/163/97 96/164/110 95/160/108 65/159/96
f 67/165/98 97/166/111 96/164/110 66/163/97
f 68/167/112 98/168/113 97/166/111 67/165/98
f 69/115/101 99/169/114 98/168/113 68/167/112
f 70/118/104 100/170/115 99/169/114 69/115/101
f 71/171/107 101/172/116 100/170/115 70/118/104
f 72/173/87 102/174/117 101/172/116 71/171/107
f 73/175/86 103/176/118 102/174/117 72/173/87
f 74/177/88 104/178/119 103/176/118 73/175/86
f 61/179/89 91/180/120 282/181/121 248/182/90
f 75/183/91 105/184/122 104/178/119 74/177/88
f 62/185/92 92/186/123 91/180/120 61/179/89
f 247/187/93 281/188/124 105/184/122 75/183/91
f 63/189/94 93/190/125 92/186/123 62/185/92
f 64/162/95 94/161/109 93/190/125 63/189/94
f 101/172/116 116/191/126 115/192/127 100/170/115
f 102/174/117 117/193/128 116/191/126 101/172/116
f 103/176/118 118/194/129 117/193/128 102/174/117
f 104/178/119 119/195/130 118/194/129 103/176/118
f 91/180/120 106/196/131 299/197/132 282/181/121
f 105/184/122 120/198/133 119/195/130 104/178/119
f 92/186/123 107/199/134 106/196/131 91/180/120
f 281/188/124 298/200/135 120/198/133 105/184/122
f 93/190/125 108/201/136 107/199/134 92/186/123
f 94/161/109 109/202/137 108/201/136 93/190/125
f 95/160/108 110/203/138 109/202/137 94/161/109
f 96/164/110 111/204/139 110/203/138 95/160/108
f 97/166/111 112/205/140 111/204/139 96/164/110
f 98/168/113 113/206/141 112/205/140 97/166/111
f 99/169/114 114/207/142 113/206/141 98/168/113
f 100/170/115 115/192/127 114/207/142 99/169/114
f 119/195/130 134/208/143 133/209/144 118/194/129
f 106/196/131 121/210/145 316/211/146 299/197/132
f 120/198/133 135/212/147 134/208/143 119/195/130
f 107/199/134 122/213/148 121/210/145 106/196/131
f 298/200/135 315/214/149 135/212/147 120/198/133
f 108/201/136 123/215/150 122/213/148 107/199/134
f 109/202/137 124/216/151 123/215/150 108/201/136
f 110/203/138 125/217/152 124/216/151 109/202/137
f 111/204/139 126/218/153 125/217/152 110/203/138
f 112/205/140 127/219/154 126/218/153 111/204/139
f 113/206/141 128/220/155 127/219/154 112/205/140
f 114/207/142 129/221/156 128/220/155 113/206/141
f 115/192/127 130/222/157 129/221/156 114/207/142
f 116/191/126 131/223/158 130/222/157 115/192/127
f 117/193/128 132/224/159 131/223/158 116/191/126
f 118/194/129 133/209/144 132/224/159 117/193/128
f 127/219/154 142/225/160 141/226/161 126/218/153
f 128/220/155 143/227/162 142/225/160 127/219/154
f 129/221/156 144/228/163 143/227/162 128/220/155
f 130/222/157 145/229/164 144/228/163 129/221/156
f 131/223/158 146/230/165 145/229/164 130/222/157
f 132/224/159 147/231/166 146/230/165 131/223/158
f 133/209/144 148/232/167 147/231/166 132/224/159
f 134/208/143 149/233/168 148/232/167 133/209/144
f 121/210/145 136/234/169 333/235/170 316/211/146
f 135/212/147 150/236/171 149/233/168 134/208/143
f 122/213/148 137/237/172 136/234/169 121/210/145
f 315/214/149 332/238/173 150/236/171 135/212/147
f 123/215/150 138/239/174 137/237/172 122/213/148
f 124/216/151 139/240/175 138/239/174 123/215/150
f 125/217/152 140/241/176 139/240/175 124/216/151
f 126/218/153 141/226/161 140/241/176 125/217/152
f 349/242/177 333/235/170 136/234/169 137/237/172
f 169/243/177 137/237/172 138/239/174
f 168/244/177 169/243/177 138/239/174 139/240/175
f 167/245/177 168/244/177 139/240/175 140/241/176
f 166/246/177 167/245/177 140/241/176 141/226/161
f 165/247/178 166/246/177 141/226/161 142/225/160
f 164/248/179 165/247/178 142/225/160 143/227/162
f 163/249/180 164/248/179 143/227/162 144/228/163
f 162/250/177 163/249/180 144/228/163 145/229/164
f 161/251/177 162/250/177 145/229/164 146/230/165
f 160/252/177 161/251/177 146/230/165 147/231/166
f 159/253/177 160/252/177 147/231/166 148/232/167
f 149/233/168 159/253/177 148/232/167
f 332/238/173 360/254/177 149/233/168 150/236/171
f 3/255/63 1/256/65 181/257/67 361/258/181
f 5/259/61 3/255/63 361/258/181 362/260/181
f 7/261/59 5/259/61 362/260/181 363/262/181
f 9/263/57 7/261/59 363/262/181 364/264/181
f 11/265/55 9/263/57 364/264/181 365/266/181
f 13/267/53 11/265/55 365/266/181 366/268/181
f 15/269/51 13/267/53 366/268/181 367/270/181
f 17/271/49 15/269/51 367/270/181 368/272/181
f 19/273/47 17/271/49 368/272/181 369/274/181
f 21/275/45 19/273/47 369/274/181 370/276/181
f 23/277/43 21/275/45 370/276/181 371/278/181
f 25/279/41 23/277/43 371/278/181 372/280/181
f 27/281/39 25/279/41 372/280/181 373/282/181
f 29/283/35 27/281/39 373/282/181 179/284/36
f 151/285/99 155/286/182 156/287/183 152/288/100
f 153/289/106 157/290/102 155/286/182 151/285/99
f 154/291/105 158/292/103 157/290/102 153/289/106
f 67/165/98 156/293/183 155/294/182 68/167/112
f 70/295/104 158/296/103 154/297/105 55/298/70
f 54/122/81 153/121/106 151/112/99 53/111/78
f 68/167/112 155/294/182 157/116/102 69/115/101
f 52/299/71 152/300/100 156/301/183 67/302/98
f 351/303/177 350/304/177 169/243/177 168/244/177
f 352/305/177 351/303/177 168/244/177 167/245/177
f 353/306/177 352/305/177 167/245/177 166/246/177
f 354/307/184 353/306/177 166/246/177 165/247/178
f 165/308/178 164/309/179 171/310/179 170/311/185
f 164/309/179 163/312/180 172/313/186 171/310/179
f 356/314/177 355/315/187 163/249/180 162/250/177
f 357/316/177 356/314/177 162/250/177 161/251/177
f 358/317/177 357/316/177 161/251/177 160/252/177
f 359/318/177 358/317/177 160/252/177 159/253/177
f 360/254/177 359/318/177 159/253/177 149/233/168
f 350/304/177 349/242/177 137/237/172 169/243/177
f 172/319/186 394/320/187 399/321/188 175/322/189
f 171/323/179 172/319/186 175/322/189 174/324/190
f 163/325/180 355/326/187 394/327/187 172/328/186
f 354/329/184 165/330/178 170/331/185 393/332/184
f 174/333/190 175/334/189 178/335/191 177/336/190
f 173/337/192 174/333/190 177/336/190 176/338/193
f 393/339/184 170/340/185 173/341/192 398/342/194
f 170/340/185 171/323/179 174/324/190 173/341/192
f 403/343/177 404/344/194 176/345/193 177/346/190
f 405/347/188 403/343/177 177/346/190 178/348/191
f 175/349/189 399/350/188 405/351/188 178/352/191
f 398/353/194 173/354/192 176/355/193 404/356/194
f 265/1/1 182/4/4 184/357/195 266/358/196
f 266/358/196 184/357/195 186/359/197 267/360/198
f 267/361/198 186/362/197 188/363/199 268/364/200
f 268/364/200 188/363/199 190/365/201 269/366/202
f 269/366/202 190/365/201 192/367/203 270/368/204
f 270/368/204 192/367/203 194/369/205 271/370/206
f 271/370/206 194/369/205 196/371/207 272/372/208
f 272/372/208 196/371/207 198/373/209 273/374/210
f 273/374/210 198/373/209 200/375/211 274/376/212
f 274/376/212 200/375/211 202/377/213 275/378/214
f 275/378/214 202/377/213 204/379/215 276/380/216
f 276/381/216 204/382/215 206/383/217 277/384/218
f 277/384/218 206/383/217 208/385/219 278/386/220
f 278/386/220 208/385/219 210/387/221 279/388/222
f 279/388/222 210/387/221 212/389/223 280/390/224
f 280/390/224 212/389/223 180/38/34 264/37/33
f 211/391/225 229/392/226 213/41/37 179/40/36
f 209/393/227 228/394/228 229/392/226 211/391/225
f 207/395/229 227/396/230 228/394/228 209/393/227
f 205/397/231 226/398/232 227/396/230 207/395/229
f 203/399/233 225/400/234 226/398/232 205/397/231
f 201/401/235 224/402/236 225/403/234 203/404/233
f 199/405/237 223/406/238 224/402/236 201/401/235
f 197/407/239 222/408/240 223/406/238 199/405/237
f 195/409/241 221/410/242 222/408/240 197/407/239
f 193/411/243 220/412/244 221/410/242 195/409/241
f 191/413/245 219/414/246 220/412/244 193/411/243
f 189/415/247 218/416/248 219/414/246 191/413/245
f 187/417/249 217/418/250 218/416/248 189/415/247
f 185/419/251 216/420/252 217/421/250 187/422/249
f 183/423/253 215/424/254 216/420/252 185/419/251
f 181/75/67 214/76/68 215/424/254 183/423/253
f 204/379/215 202/377/213 241/425/255 242/426/256
f 196/371/207 194/369/205 237/427/257 238/428/258
f 180/38/34 212/389/223 246/429/259 230/81/73
f 188/363/199 186/362/197 233/430/260 234/431/261
f 206/383/217 204/382/215 242/432/256 243/433/262
f 198/373/209 196/371/207 238/428/258 239/434/263
f 190/365/201 188/363/199 234/431/261 235/435/264
f 208/385/219 206/383/217 243/433/262 244/436/265
f 200/375/211 198/373/209 239/434/263 240/437/266
f 192/367/203 190/365/201 235/435/264 236/438/267
f 210/387/221 208/385/219 244/436/265 245/439/268
f 184/357/195 182/4/4 231/94/85 232/440/269
f 202/377/213 200/375/211 240/437/266 241/425/255
f 194/369/205 192/367/203 236/438/267 237/427/257
f 212/389/223 210/387/221 245/439/268 246/429/259
f 186/359/197 184/357/195 232/440/269 233/441/260
f 244/436/265 243/433/262 260/442/270 261/443/271
f 245/439/268 244/436/265 261/443/271 262/444/272
f 232/440/269 231/94/85 248/101/90 249/445/273
f 246/429/259 245/439/268 262/444/272 263/446/274
f 233/441/260 232/440/269 249/445/273 250/447/275
f 230/81/73 246/429/259 263/446/274 247/104/93
f 234/431/261 233/430/260 250/448/275 251/449/276
f 235/435/264 234/431/261 251/449/276 252/450/277
f 236/438/267 235/435/264 252/450/277 253/451/278
f 237/427/257 236/438/267 253/451/278 254/452/279
f 238/428/258 237/427/257 254/452/279 255/453/280
f 239/454/263 238/455/258 375/456/281 374/457/282
f 257/458/283 258/459/284 381/460/285 380/461/286
f 241/462/255 240/463/266 376/464/287 377/465/288
f 242/426/256 241/425/255 258/466/284 259/467/289
f 243/433/262 242/432/256 259/468/289 260/442/270
f 229/469/226 280/470/224 264/127/33 213/126/37
f 228/471/228 279/472/222 280/470/224 229/469/226
f 227/473/230 278/474/220 279/472/222 228/471/228
f 226/475/232 277/476/218 278/474/220 227/473/230
f 225/477/234 276/478/216 277/476/218 226/475/232
f 224/479/236 275/480/214 276/478/216 225/477/234
f 223/481/238 274/482/212 275/480/214 224/479/236
f 222/483/240 273/484/210 274/482/212 223/481/238
f 221/485/242 272/486/208 273/484/210 222/483/240
f 220/487/244 271/488/206 272/486/208 221/485/242
f 219/489/246 270/490/204 271/488/206 220/487/244
f 218/491/248 269/492/202 270/490/204 219/489/246
f 217/493/250 268/494/200 269/492/202 218/491/248
f 216/495/252 267/496/198 268/494/200 217/493/250
f 215/497/254 266/498/196 267/496/198 216/495/252
f 214/157/68 265/158/1 266/498/196 215/497/254
f 253/499/278 252/500/277 286/501/290 287/502/291
f 254/503/279 253/499/278 287/502/291 288/504/292
f 255/505/280 254/503/279 288/504/292 289/506/293
f 256/507/294 255/505/280 289/506/293 290/508/295
f 257/458/283 256/507/294 290/508/295 291/509/296
f 258/459/284 257/458/283 291/509/296 292/510/297
f 259/511/289 258/459/284 292/510/297 293/512/298
f 260/513/270 259/511/289 293/512/298 294/514/299
f 261/515/271 260/513/270 294/514/299 295/516/300
f 262/517/272 261/515/271 295/516/300 296/518/301
f 249/519/273 248/182/90 282/181/121 283/520/302
f 263/521/274 262/517/272 296/518/301 297/522/303
f 250/523/275 249/519/273 283/520/302 284/524/304
f 247/187/93 263/521/274 297/522/303 281/188/124
f 251/525/276 250/523/275 284/524/304 285/526/305
f 252/500/277 251/525/276 285/526/305 286/501/290
f 293/512/298 292/510/297 309/527/306 310/528/307
f 294/514/299 293/512/298 310/528/307 311/529/308
f 295/516/300 294/514/299 311/529/308 312/530/309
f 296/518/301 295/516/300 312/530/309 313/531/310
f 283/520/302 282/181/121 299/197/132 300/532/311
f 297/522/303 296/518/301 313/531/310 314/533/312
f 284/524/304 283/520/302 300/532/311 301/534/313
f 281/188/124 297/522/303 314/533/312 298/200/135
f 285/526/305 284/524/304 301/534/313 302/535/314
f 286/501/290 285/526/305 302/535/314 303/536/315
f 287/502/291 286/501/290 303/536/315 304/537/316
f 288/504/292 287/502/291 304/537/316 305/538/317
f 289/506/293 288/504/292 305/538/317 306/539/318
f 290/508/295 289/506/293 306/539/318 307/540/319
f 291/509/296 290/508/295 307/540/319 308/541/320
f 292/510/297 291/509/296 308/541/320 309/527/306
f 313/531/310 312/530/309 329/542/321 330/543/322
f 300/532/311 299/197/132 316/211/146 317/544/323
f 314/533/312 313/531/310 330/543/322 331/545/324
f 301/534/313 300/532/311 317/544/323 318/546/325
f 298/200/135 314/533/312 331/545/324 315/214/149
f 302/535/314 301/534/313 318/546/325 319/547/326
f 303/536/315 302/535/314 319/547/326 320/548/327
f 304/537/316 303/536/315 320/548/327 321/549/328
f 305/538/317 304/537/316 321/549/328 322/550/329
f 306/539/318 305/538/317 322/550/329 323/551/330
f 307/540/319 306/539/318 323/551/330 324/552/331
f 308/541/320 307/540/319 324/552/331 325/553/332
f 309/527/306 308/541/320 325/553/332 326/554/333
f 310/528/307 309/527/306 326/554/333 327/555/334
f 311/529/308 310/528/307 327/555/334 328/556/335
f 312/530/309 311/529/308 328/556/335 329/542/321
f 323/551/330 322/550/329 339/557/336 340/558/337
f 324/552/331 323/551/330 340/558/337 341/559/338
f 325/553/332 324/552/331 341/559/338 342/560/339
f 326/554/333 325/553/332 342/560/339 343/561/340
f 327/555/334 326/554/333 343/561/340 344/562/341
f 328/556/335 327/555/334 344/562/341 345/563/342
f 329/542/321 328/556/335 345/563/342 346/564/343
f 330/543/322 329/542/321 346/564/343 347/565/344
f 317/544/323 316/211/146 333/235/170 334/566/345
f 331/545/324 330/543/322 347/565/344 348/567/346
f 318/546/325 317/544/323 334/566/345 335/568/347
f 315/214/149 331/545/324 348/567/346 332/238/173
f 319/547/326 318/546/325 335/568/347 336/569/348
f 320/548/327 319/547/326 336/569/348 337/570/349
f 321/549/328 320/548/327 337/570/349 338/571/350
f 322/550/329 321/549/328 338/571/350 339/557/336
f 349/242/177 335/568/347 334/566/345 333/235/170
f 392/572/177 336/569/348 335/568/347
f 391/573/177 337/570/349 336/569/348 392/572/177
f 390/574/177 338/571/350 337/570/349 391/573/177
f 389/575/177 339/557/336 338/571/350 390/574/177
f 388/576/351 340/558/337 339/557/336 389/575/177
f 387/577/352 341/559/338 340/558/337 388/576/351
f 386/578/353 342/560/339 341/559/338 387/577/352
f 385/579/177 343/561/340 342/560/339 386/578/353
f 384/580/177 344/562/341 343/561/340 385/579/177
f 383/581/177 345/563/342 344/562/341 384/580/177
f 382/582/177 346/564/343 345/563/342 383/581/177
f 347/565/344 346/564/343 382/582/177
f 332/238/173 348/567/346 347/565/344 360/254/177
f 185/583/251 361/258/181 181/257/67 183/584/253
f 187/585/249 362/260/181 361/258/181 185/583/251
f 189/586/247 363/262/181 362/260/181 187/585/249
f 191/587/245 364/264/181 363/262/181 189/586/247
f 193/588/243 365/266/181 364/264/181 191/587/245
f 195/589/241 366/268/181 365/266/181 193/588/243
f 197/590/239 367/270/181 366/268/181 195/589/241
f 199/591/237 368/272/181 367/270/181 197/590/239
f 201/592/235 369/274/181 368/272/181 199/591/237
f 203/593/233 370/276/181 369/274/181 201/592/235
f 205/594/231 371/278/181 370/276/181 203/593/233
f 207/595/229 372/280/181 371/278/181 205/594/231
f 209/596/227 373/282/181 372/280/181 207/595/229
f 211/597/225 179/284/36 373/282/181 209/596/227
f 374/598/282 375/599/281 379/600/354 378/601/355
f 376/602/287 374/598/282 378/601/355 380/603/286
f 377/604/288 376/602/287 380/603/286 381/605/285
f 255/505/280 256/507/294 378/606/355 379/607/354
f 258/608/284 241/609/255 377/610/288 381/611/285
f 240/463/266 239/454/263 374/457/282 376/464/287
f 256/507/294 257/458/283 380/461/286 378/606/355
f 238/612/258 255/613/280 379/614/354 375/615/281
f 351/303/177 391/573/177 392/572/177 350/304/177
f 352/305/177 390/574/177 391/573/177 351/303/177
f 353/306/177 389/575/177 390/574/177 352/305/177
f 354/307/184 388/576/351 389/575/177 353/306/177
f 388/616/351 395/617/356 396/618/352 387/619/352
f 387/619/352 396/618/352 397/620/357 386/621/353
f 356/314/177 385/579/177 386/578/353 355/315/187
f 357/316/177 384/580/177 385/579/177 356/314/177
f 358/317/177 383/581/177 384/580/177 357/316/177
f 359/318/177 382/582/177 383/581/177 358/317/177
f 360/254/177 347/565/344 382/582/177 359/318/177
f 350/304/177 392/572/177 335/568/347 349/242/177
f 397/622/357 402/623/358 399/321/188 394/320/187
f 396/624/352 401/625/359 402/623/358 397/622/357
f 386/626/353 397/627/357 394/327/187 355/326/187
f 354/329/184 393/332/184 395/628/356 388/629/351
f 401/630/359 407/631/359 408/632/360 402/633/358
f 400/634/361 406/635/362 407/631/359 401/630/359
f 393/339/184 398/342/194 400/636/361 395/637/356
f 395/637/356 400/636/361 401/625/359 396/624/352
f 403/343/177 407/638/359 406/639/362 404/344/194
f 405/347/188 408/640/360 407/638/359 403/343/177
f 402/641/358 408/642/360 405/351/188 399/350/188
f 398/353/194 404/356/194 406/643/362 400/644/361
o Plane.005_Plane.001
v 1.897730 -2.562709 1.524860
v 1.244955 -2.562707 1.802556
v 1.897731 0.612167 1.524860
v 1.755875 0.612166 1.802556
v 1.897730 -2.562709 -1.538742
v -1.490483 -2.562708 1.607279
v -1.490483 0.612166 1.607279
v 1.897730 0.612167 -1.538742
v 1.897731 0.612167 -0.763454
v 1.897731 0.612167 0.143263
v 1.897730 -2.562709 0.143263
v 1.897730 -2.562709 -0.763454
v -1.329554 -2.562708 -1.721492
v -1.490483 -2.562708 -1.519242
v -1.490483 0.612166 -1.519242
v -1.329554 0.612166 -1.721492
v 1.742195 0.612166 -1.721492
v 1.742195 -2.562708 -1.721492
v -1.346527 -2.562707 1.802556
v -1.346527 0.612166 1.802556
v 1.897731 -0.200450 1.524860
v 1.755875 -0.200451 1.802556
v 1.897730 -0.200450 -1.538742
v -1.490483 -0.200557 1.607279
v 1.897730 -0.200450 -0.075169
v 1.897730 -0.200450 -0.545021
v -1.329554 -0.200450 -1.721492
v -1.490483 -0.200450 -1.519242
v 1.742195 -0.200450 -1.721492
v -1.346527 -0.200451 1.802556
v 1.897731 -1.819191 1.524860
v 1.755875 -1.819190 1.802556
v 1.897730 -1.819191 -1.538742
v -1.490483 -1.819190 1.607279
v 1.897730 -1.819191 0.143263
v 1.897730 -1.819191 -0.763454
v -1.329554 -1.819190 -1.721492
v -1.490483 -1.819190 -1.519242
v 1.742195 -1.819190 -1.721492
v -1.346527 -1.819190 1.802556
v 0.306467 -2.562708 -1.721492
v 0.127136 -2.562708 -1.721492
v 0.127136 0.612166 -1.721492
v 0.306468 0.612166 -1.721492
v 0.127136 -0.200450 -1.721492
v 0.306468 -0.200450 -1.721492
v 0.127136 -1.819190 -1.721492
v 0.306468 -1.819190 -1.721492
v -1.490483 -2.562707 -0.038094
v -1.490483 -2.562707 0.126134
v -1.490483 0.612166 0.126134
v -1.490483 0.612166 -0.038094
v -1.490483 -0.200557 0.126134
v -1.490483 -0.200451 -0.038094
v -1.490483 -1.819190 0.126134
v -1.490483 -1.819190 -0.038094
v 0.138681 -2.562707 1.802556
v 0.802539 -2.562707 1.802556
v 0.291625 0.612166 1.802556
v 0.138682 0.612166 1.802556
v 0.291625 -0.200451 1.802556
v 0.138682 -0.200451 1.802556
v 0.291625 -1.819190 1.802556
v 0.138682 -1.819190 1.802556
v 1.897730 -2.562709 -0.883757
v 1.897731 0.612167 -0.883757
v 1.897730 -0.572435 -0.808815
v 1.897730 -1.819191 -0.883757
v 1.897731 0.612167 0.262824
v 1.897730 -2.562709 0.262824
v 1.897730 -0.572435 0.187906
v 1.897730 -1.819191 0.262824
v 1.897730 -0.082490 -1.538742
v 1.897730 -0.082490 -0.057240
v 1.897730 -0.082490 -0.562999
v 1.897731 -0.082490 1.524860
v 1.897730 -0.239687 -0.721664
v 1.897730 -0.239687 0.100756
v 1.897730 -1.472708 0.143263
v 1.897730 -1.153076 0.125198
v 1.897730 -0.826600 0.085269
v 1.897730 -0.506792 0.040498
v 1.897730 -1.472708 -0.763454
v 1.897730 -1.153076 -0.745389
v 1.897730 -0.826600 -0.705459
v 1.897730 -0.506792 -0.660689
v 1.554981 -2.388227 1.802556
v 1.689822 -2.177067 1.802556
v 0.492519 -2.388227 1.802556
v 0.357677 -2.177067 1.802556
v 1.897730 -0.578647 0.045621
v 1.897730 -0.578647 -0.665811
v 1.897730 -0.901785 0.089276
v 1.897730 -0.901785 -0.709467
v 1.897730 -1.223443 0.127046
v 1.897730 -1.223443 -0.747237
v 1.897730 -1.557553 0.143263
v 1.897730 -1.557553 -0.763454
v 1.897730 -2.562708 -0.266080
v 1.897730 -2.562708 -0.367611
v 1.897730 -0.200450 -0.311069
v 1.897730 -1.819191 -0.367611
v 1.897730 -1.819191 -0.266080
v 1.897730 -1.472708 -0.367611
v 1.897730 -1.472708 -0.266080
v 1.897730 -1.153076 -0.366648
v 1.897730 -1.153076 -0.267043
v 1.897730 -0.826600 -0.364519
v 1.897730 -0.826600 -0.269172
v 1.897730 -0.506792 -0.362132
v 1.897730 -0.506792 -0.271559
v 1.897730 -0.578647 -0.362404
v 1.897730 -0.578647 -0.271287
v 1.897730 -0.901785 -0.364732
v 1.897730 -0.901785 -0.268959
v 1.897730 -1.223443 -0.366747
v 1.897730 -1.223443 -0.266944
v 1.897730 -1.557552 -0.367611
v 1.897730 -1.557552 -0.266080
v 0.291625 -1.612515 1.802556
v 0.291625 -1.477151 1.802556
v 0.660625 -1.819190 1.802556
v 0.555827 -1.819190 1.802556
v 0.829099 -2.102786 1.802556
v 1.490761 -1.819190 1.802556
v 1.394692 -1.819190 1.802556
v 1.755875 -1.634106 1.802556
v 1.755875 -1.498984 1.802556
v 1.222094 -2.107152 1.802556
v 0.824809 -2.177067 1.802556
v 0.812616 -2.388227 1.802556
v 1.225603 -2.177067 1.802556
v 1.236199 -2.388227 1.802556
v 1.742195 -1.602658 -1.721492
v 1.742195 -1.462105 -1.721492
v 1.742195 -1.321552 -1.721492
v 1.742195 -1.180999 -1.721492
v 1.742195 -1.040445 -1.721492
v 1.742195 -0.899892 -1.721492
v 0.306468 -1.602658 -1.721492
v 0.306468 -1.462105 -1.721492
v 0.306468 -1.321552 -1.721492
v 0.306468 -1.180999 -1.721492
v 0.306468 -1.040445 -1.721492
v 0.306468 -0.899892 -1.721492
v 0.411386 0.612166 -1.721492
v 0.555532 0.612166 -1.721492
v 1.637273 -2.562708 -1.721492
v 1.562756 -2.562708 -1.721492
v 0.411386 -0.200451 -1.721492
v 1.637273 -0.200451 -1.721492
v 0.411386 -1.819190 -1.721492
v 1.637273 -1.819190 -1.721492
v 0.411386 -1.602658 -1.721492
v 1.637273 -1.602658 -1.721492
v 0.411386 -1.462105 -1.721492
v 1.637273 -1.462105 -1.721492
v 0.411386 -1.321552 -1.721492
v 1.637273 -1.321552 -1.721492
v 0.411386 -1.180999 -1.721492
v 1.637273 -1.180999 -1.721492
v 0.411386 -1.040445 -1.721492
v 1.637273 -1.040445 -1.721492
v 0.411386 -0.899892 -1.721492
v 1.637273 -0.899892 -1.721492
v -1.490483 -0.333462 1.496122
v -1.490483 -0.466900 1.496122
v -1.490483 -0.600339 1.496122
v -1.490483 -0.733778 1.496122
v -1.490483 -0.867216 1.496122
v -1.490483 -0.333462 0.237287
v -1.490483 -0.466900 0.237287
v -1.490483 -0.600339 0.237287
v -1.490483 -0.733778 0.237287
v -1.490483 -0.867216 0.237287
v -1.490483 -0.333462 0.126134
v -1.490483 -0.466900 0.126134
v -1.490483 -0.600339 0.126134
v -1.490483 -2.562707 1.427484
v -1.490483 -2.562707 1.496122
v -1.490483 0.612166 0.272728
v -1.490483 0.612166 0.237287
v -1.490483 -0.200557 1.496122
v -1.490483 -0.200557 0.237287
v -1.490483 -1.819190 1.496122
v -1.490483 -1.819190 0.237287
v -1.490483 -0.733778 0.126134
v -1.490483 -0.867216 0.126134
v -1.490483 -0.333462 1.607279
v -1.490483 -0.466900 1.607279
v -1.490483 -0.600339 1.607279
v -1.490483 -0.733778 1.607279
v -1.490483 -0.867216 1.607279
v 1.755875 -0.037927 1.802556
v 1.755875 0.124596 1.802556
v 1.755875 0.284699 1.802556
v -1.346527 -0.037927 1.802556
v -1.346527 0.124596 1.802556
v -1.346527 0.284665 1.802556
v 0.138682 -0.037927 1.802556
v 0.138682 0.124596 1.802556
v 0.138682 0.287119 1.802556
v 0.138682 0.449643 1.802556
v 0.291625 -0.037927 1.802556
v 0.291625 0.124596 1.802556
v 0.291625 0.287119 1.802556
v 0.291625 0.449643 1.802556
v -0.009895 0.612166 1.802556
v -0.402443 0.612166 1.802556
v -0.009895 -0.200451 1.802556
v -1.176993 -0.200451 1.802556
v -0.009895 -1.819190 1.802556
v -1.176993 -1.819190 1.802556
v -1.176990 -2.562707 1.802556
v -1.047826 -2.562707 1.802556
v -0.009895 -0.037927 1.802556
v -1.176993 -0.037927 1.802556
v -0.009895 0.124596 1.802556
v -1.176993 0.124596 1.802556
v -0.009895 0.287119 1.802556
v -1.176993 0.287119 1.802556
v -0.009895 0.449643 1.802556
v -1.176993 0.449643 1.802556
v 1.774746 -1.819191 1.524860
v 1.774746 -2.562709 1.524860
v 0.802539 -2.562707 1.679572
v 1.244955 -2.562707 1.679572
v 1.755875 0.284699 1.679572
v 1.755875 0.612166 1.679572
v 1.774746 -2.562709 -0.883757
v 1.774745 -2.562709 -1.538742
v -1.367498 -2.562707 1.496122
v -1.367498 -2.562708 1.607279
v 1.774746 0.612167 0.143263
v 1.774746 0.612167 0.262824
v -1.329554 -1.819190 -1.598507
v 0.127136 -1.819190 -1.598507
v 0.127136 -0.200450 -1.598507
v 0.306468 -0.200450 -1.598507
v 1.774746 -0.082490 -1.538742
v 1.774746 0.612167 -1.538742
v -1.367498 -0.733778 1.496122
v -1.367498 -0.600339 1.496122
v 1.774746 0.612167 -0.883757
v 1.774746 0.612167 -0.763454
v 1.774746 0.612167 1.524860
v 1.774746 -2.562709 0.262824
v 1.774746 -2.562709 0.143263
v 1.774746 -2.562708 -0.367611
v 1.774746 -2.562709 -0.763454
v 1.774746 -0.082490 -0.057240
v 1.774746 -0.082490 -0.562999
v 0.127136 -2.562708 -1.598507
v -1.329554 -2.562708 -1.598507
v -1.367498 -2.562708 -1.519242
v -1.367498 0.612166 -0.038094
v -1.367498 0.612166 -1.519242
v -1.329554 -0.200450 -1.598507
v -1.329554 0.612166 -1.598507
v -1.367498 -0.466900 0.237287
v -1.367498 -0.333462 0.237287
v 0.555532 0.612166 -1.598507
v 1.742195 0.612166 -1.598508
v 1.742195 -2.562708 -1.598508
v 1.742195 -0.200450 -1.598508
v -0.402443 0.612166 1.679572
v -1.346527 0.612166 1.679572
v -1.346527 0.284665 1.679572
v 1.774746 -0.082490 1.524860
v 1.774746 -0.200450 1.524860
v 1.755875 -1.498984 1.679572
v 1.755875 -0.200451 1.679572
v 1.774745 -1.819191 -1.538742
v 1.774746 -0.200450 -1.538742
v 1.774746 -0.506792 0.040498
v 1.774746 -0.200450 -0.075169
v 1.774746 -0.506792 -0.660689
v 1.774746 -0.200450 -0.545021
v -1.367498 -1.819190 -1.519242
v -1.367498 -0.200450 -1.519242
v 1.742195 -0.899892 -1.598508
v -1.346527 -1.819190 1.679572
v -1.346527 -0.200451 1.679572
v 0.127136 0.612166 -1.598507
v 0.306468 0.612166 -1.598507
v 1.774746 -0.572435 0.187906
v 1.774746 -0.239687 -0.721664
v 1.562756 -2.562708 -1.598508
v 0.306467 -2.562708 -1.598507
v 1.637273 -0.200451 -1.598508
v 1.774746 -0.200450 -0.311069
v -1.367498 -0.200451 -0.038094
v -1.176993 -0.200451 1.679572
v 1.689822 -2.177067 1.679572
v 1.755875 -1.819190 1.679572
v -1.367498 -1.819190 1.607279
v 1.774746 -1.819191 0.143263
v 1.774746 -1.819191 -0.763454
v 1.742195 -1.819190 -1.598508
v -1.346527 -2.562707 1.679572
v -1.176993 -1.819190 1.679572
v -1.367498 -1.819190 -0.038094
v 1.774746 -1.819191 -0.266080
v 1.637273 -1.819190 -1.598508
v 1.774746 -1.819191 0.262824
v 0.306468 -1.819190 -1.598507
v 0.306468 -0.899892 -1.598507
v -1.367498 -2.562707 -0.038094
v 1.774746 -1.819191 -0.883757
v 1.774746 -0.572435 -0.808815
v -1.367498 0.612166 0.237287
v -1.367498 0.612166 0.126134
v -1.367498 -0.200557 0.237287
v -1.367498 -0.200557 0.126134
v -1.367498 -1.819190 0.237287
v -1.367498 -1.819190 0.126134
v -1.367498 -2.562707 0.126134
v -1.367498 -0.867216 0.237287
v -1.367498 -0.733778 0.126134
v -1.367498 -0.600339 0.126134
v -1.047826 -2.562707 1.679572
v 0.138681 -2.562707 1.679572
v 0.291625 0.612166 1.679572
v 0.138682 0.612166 1.679572
v 0.291625 -0.200451 1.679572
v 0.138682 -0.200451 1.679572
v 0.555827 -1.819190 1.679572
v 0.291625 -1.819190 1.679572
v 0.138682 -1.819190 1.679572
v 0.357677 -2.177067 1.679572
v 0.291625 -1.477151 1.679572
v 0.138682 0.449643 1.679572
v 0.291625 0.449643 1.679572
v 1.774746 -0.239687 0.100756
v 0.291625 -1.612515 1.679572
v 0.660625 -1.819190 1.679572
v 0.829099 -2.102786 1.679572
v 0.824809 -2.177067 1.679572
v 1.394692 -1.819190 1.679572
v 0.812616 -2.388227 1.679572
v 1.774746 -1.472708 -0.266080
v 1.774746 -1.472708 0.143263
v 1.774746 -1.153076 -0.267043
v 1.774746 -1.153076 0.125198
v 1.774746 -0.826600 -0.269172
v 1.774746 -0.826600 0.085269
v 1.774746 -0.506792 -0.271559
v 1.554981 -2.388227 1.679572
v 0.492519 -2.388227 1.679572
v 1.774746 -0.578647 0.045621
v 1.774746 -0.826600 -0.705459
v 1.774746 -0.578647 -0.665811
v 1.774746 -0.578647 -0.271287
v 1.774746 -0.901785 0.089276
v 1.774746 -1.153076 -0.745389
v 1.774746 -0.901785 -0.709467
v 1.774746 -0.901785 -0.268959
v 1.774746 -1.223443 0.127047
v 1.774746 -1.472708 -0.763454
v 1.774746 -1.223443 -0.747237
v 1.774746 -1.223443 -0.266944
v 1.774746 -1.557553 0.143263
v 1.774746 -1.557553 -0.763454
v 1.774746 -1.557552 -0.266080
v 1.774746 -2.562708 -0.266080
v 1.774746 -1.819191 -0.367611
v 1.774746 -1.472708 -0.367611
v 1.774746 -1.153076 -0.366648
v 1.774746 -0.826600 -0.364519
v 1.774746 -0.506792 -0.362132
v 1.774746 -0.578647 -0.362404
v 1.774746 -0.901785 -0.364732
v 1.774746 -1.223443 -0.366747
v 1.774746 -1.557552 -0.367611
v 1.490761 -1.819190 1.679572
v 1.236199 -2.388227 1.679572
v 1.755875 -1.634106 1.679572
v 1.225603 -2.177067 1.679572
v 1.222094 -2.107152 1.679572
v 1.742195 -1.602658 -1.598508
v 1.742195 -1.462105 -1.598508
v 1.742195 -1.321552 -1.598508
v 1.742195 -1.180999 -1.598508
v 1.742195 -1.040445 -1.598508
v 0.306468 -1.602658 -1.598507
v 0.306468 -1.462105 -1.598507
v 0.306468 -1.321552 -1.598507
v 0.306468 -1.180999 -1.598507
v 0.306468 -1.040445 -1.598507
v 1.637273 -1.602658 -1.598508
v 1.637273 -1.462105 -1.598508
v 1.637273 -1.321552 -1.598508
v 1.637273 -1.180999 -1.598508
v 1.637273 -1.040445 -1.598508
v 1.637273 -0.899892 -1.598508
v 0.411386 0.612166 -1.598507
v 1.637273 -2.562708 -1.598508
v 0.411386 -0.200451 -1.598507
v 0.411386 -1.819190 -1.598507
v 0.411386 -1.602658 -1.598507
v 0.411386 -1.462105 -1.598507
v 0.411386 -1.321552 -1.598507
v 0.411386 -1.180999 -1.598507
v 0.411386 -1.040445 -1.598507
v 0.411386 -0.899892 -1.598507
v -1.367498 -0.466900 1.496122
v -1.367498 -0.333462 1.496122
v -1.367498 -0.200557 1.607279
v -1.367498 0.612166 1.607279
v -1.367498 -0.867216 1.496122
v -1.367498 -1.819190 1.496122
v -1.367498 -0.600339 0.237287
v -1.367498 -0.733778 0.237287
v -1.367498 -0.466900 0.126134
v -1.367498 -0.333462 0.126134
v -1.367498 -0.333462 1.607279
v -1.367498 -0.466900 1.607279
v -1.367498 -0.600339 1.607279
v -1.367498 -0.733778 1.607279
v -1.367498 -0.867216 1.607279
v -1.367498 -2.562707 1.427484
v -1.367498 0.612166 0.272728
v -1.367498 -0.200557 1.496122
v -1.367498 -0.867216 0.126134
v 1.755875 -0.037927 1.679572
v 1.755875 0.124596 1.679572
v -1.346527 -0.037927 1.679572
v -1.346527 0.124596 1.679572
v 0.138682 -0.037927 1.679572
v 0.138682 0.124596 1.679572
v 0.138682 0.287119 1.679572
v 0.291625 -0.037927 1.679572
v 0.291625 0.124596 1.679572
v 0.291625 0.287119 1.679572
v -1.176993 -0.037927 1.679572
v -1.176993 0.124596 1.679572
v -1.176993 0.287119 1.679572
v -1.176993 0.449643 1.679572
v -0.009895 0.612166 1.679572
v -0.009895 -0.200451 1.679572
v -0.009895 -1.819190 1.679572
v -1.176990 -2.562707 1.679572
v -0.009895 -0.037927 1.679572
v -0.009895 0.124596 1.679572
v -0.009895 0.287119 1.679572
v -0.009895 0.449643 1.679572
vt 0.678021 0.527944
vt 0.796632 0.514583
vt 0.796632 0.541109
vt 0.678021 0.541109
vt 0.464067 0.364905
vt 0.476799 0.298719
vt 0.533063 0.298720
vt 0.533063 0.351777
vt 0.263471 0.130101
vt 0.263471 0.132971
vt 0.197644 0.132977
vt 0.197644 0.031008
vt 0.476799 0.418727
vt 0.476799 0.377758
vt 0.533063 0.361522
vt 0.533063 0.434970
vt 0.393730 0.624970
vt 0.275732 0.624970
vt 0.275732 0.559146
vt 0.393730 0.559146
vt 0.467245 0.546883
vt 0.437115 0.438584
vt 0.464067 0.431525
vt 0.476799 0.546883
vt 0.006320 0.275277
vt 0.006320 0.155299
vt 0.066542 0.155294
vt 0.066542 0.275272
vt 0.533063 0.444655
vt 0.408256 0.624970
vt 0.408256 0.559146
vt 0.416755 0.624970
vt 0.416755 0.559146
vt 0.416755 0.681627
vt 0.408256 0.681627
vt 0.533063 0.546885
vt 0.510021 0.816321
vt 0.408256 0.816321
vt 0.408256 0.756094
vt 0.416755 0.756094
vt 0.393730 0.756094
vt 0.275732 0.756094
vt 0.442432 0.394028
vt 0.442432 0.369844
vt 0.467245 0.379214
vt 0.467245 0.398165
vt 0.336133 0.351772
vt 0.336133 0.298715
vt 0.467245 0.298719
vt 0.437115 0.357845
vt 0.678021 0.344160
vt 0.699423 0.344160
vt 0.678021 0.360902
vt 0.753677 0.315171
vt 0.791281 0.315171
vt 0.796632 0.344160
vt 0.775156 0.344160
vt 0.753393 0.320834
vt 0.275911 0.351770
vt 0.275911 0.298714
vt 0.006320 0.031023
vt 0.006320 0.022019
vt 0.066542 0.022014
vt 0.066542 0.031018
vt 0.275911 0.393580
vt 0.275911 0.361516
vt 0.336133 0.361517
vt 0.336133 0.393582
vt 0.393730 0.816321
vt 0.275732 0.816321
vt 0.006130 0.291586
vt 0.066352 0.291581
vt 0.006150 0.006135
vt 0.066372 0.006130
vt 0.275911 0.444648
vt 0.275911 0.434963
vt 0.336133 0.434965
vt 0.336133 0.444650
vt 0.275732 0.283933
vt 0.335954 0.283934
vt 0.197653 0.155284
vt 0.197653 0.275261
vt 0.336133 0.546880
vt 0.186879 0.141981
vt 0.186879 0.132978
vt 0.197644 0.141981
vt 0.165263 0.031010
vt 0.165263 0.022006
vt 0.176071 0.022005
vt 0.176071 0.031009
vt 0.275911 0.546878
vt 0.569520 0.283933
vt 0.665632 0.283933
vt 0.665632 0.344160
vt 0.653597 0.344160
vt 0.665632 0.475284
vt 0.653597 0.475284
vt 0.653597 0.527944
vt 0.665632 0.527944
vt 0.665632 0.541109
vt 0.653597 0.541109
vt 0.719408 0.283933
vt 0.755245 0.283933
vt 0.754536 0.298066
vt 0.720224 0.298066
vt 0.721211 0.315171
vt 0.796632 0.359153
vt 0.694295 0.298066
vt 0.780358 0.298066
vt 0.416529 0.393834
vt 0.416529 0.366217
vt 0.436612 0.369429
vt 0.436612 0.394006
vt 0.390086 0.393661
vt 0.390086 0.362982
vt 0.410439 0.365892
vt 0.410439 0.393817
vt 0.364197 0.393583
vt 0.364197 0.361518
vt 0.384387 0.362832
vt 0.384387 0.393653
vt 0.357325 0.361518
vt 0.357325 0.393582
vt 0.336133 0.401806
vt 0.357325 0.401807
vt 0.357325 0.434965
vt 0.364197 0.434965
vt 0.364197 0.401807
vt 0.384387 0.401738
vt 0.384387 0.433652
vt 0.390086 0.433503
vt 0.390086 0.401730
vt 0.410439 0.401575
vt 0.410439 0.430593
vt 0.416529 0.430269
vt 0.416529 0.401558
vt 0.436612 0.401387
vt 0.436612 0.427058
vt 0.678021 0.371867
vt 0.707912 0.344160
vt 0.767374 0.344160
vt 0.796632 0.370098
vt 0.796632 0.475284
vt 0.678021 0.475284
vt 0.442432 0.401365
vt 0.683372 0.315171
vt 0.721559 0.321188
vt 0.275911 0.401805
vt 0.442432 0.426643
vt 0.467245 0.417274
vt 0.408256 0.738554
vt 0.416755 0.738554
vt 0.408256 0.727169
vt 0.416755 0.727169
vt 0.408256 0.715783
vt 0.416755 0.715783
vt 0.408256 0.704398
vt 0.416755 0.704398
vt 0.408256 0.693013
vt 0.416755 0.693013
vt 0.524556 0.693013
vt 0.516057 0.693013
vt 0.516057 0.681627
vt 0.524556 0.681627
vt 0.186879 0.031008
vt 0.186879 0.022004
vt 0.197644 0.022004
vt 0.524556 0.704398
vt 0.516057 0.704398
vt 0.524556 0.715783
vt 0.516057 0.715783
vt 0.524556 0.727169
vt 0.516057 0.727169
vt 0.524556 0.738554
vt 0.516057 0.738554
vt 0.524556 0.756094
vt 0.516057 0.756094
vt 0.524556 0.816321
vt 0.516057 0.816321
vt 0.516057 0.624970
vt 0.524556 0.624970
vt 0.428432 0.559146
vt 0.524556 0.559145
vt 0.263471 0.141975
vt 0.263471 0.155278
vt 0.154455 0.031011
vt 0.154455 0.022007
vt 0.143647 0.031012
vt 0.143647 0.022008
vt 0.263471 0.275255
vt 0.154455 0.141984
vt 0.154455 0.132980
vt 0.165263 0.132980
vt 0.165263 0.141983
vt 0.176071 0.132979
vt 0.176071 0.141982
vt 0.006320 0.141996
vt 0.006320 0.036583
vt 0.066542 0.132988
vt 0.066542 0.141991
vt 0.143647 0.132981
vt 0.143647 0.141985
vt 0.678021 0.488449
vt 0.665632 0.488449
vt 0.678021 0.501614
vt 0.665632 0.501614
vt 0.678021 0.514779
vt 0.665632 0.514779
vt 0.653597 0.488449
vt 0.653597 0.501614
vt 0.653597 0.514779
vt 0.796632 0.488449
vt 0.796632 0.501614
vt 0.545324 0.514580
vt 0.559057 0.514779
vt 0.559057 0.527944
vt 0.545324 0.501614
vt 0.559057 0.501614
vt 0.545324 0.488449
vt 0.559057 0.488449
vt 0.545324 0.475284
vt 0.559057 0.475284
vt 0.621799 0.541109
vt 0.545324 0.541109
vt 0.545324 0.344160
vt 0.559057 0.344160
vt 0.545324 0.283933
vt 0.559057 0.283933
vt 0.263471 0.021998
vt 0.663755 0.250141
vt 0.663755 0.263306
vt 0.545144 0.263306
vt 0.545144 0.236780
vt 0.077172 0.492007
vt 0.064042 0.561002
vt 0.010986 0.560997
vt 0.010986 0.504733
vt 0.532884 0.157720
vt 0.467057 0.256818
vt 0.467057 0.154848
vt 0.532884 0.154849
vt 0.130993 0.504743
vt 0.147234 0.561009
vt 0.073787 0.561003
vt 0.090024 0.504740
vt 0.663322 0.744720
vt 0.663322 0.810545
vt 0.545324 0.810545
vt 0.545324 0.744720
vt 0.259147 0.495200
vt 0.259147 0.504754
vt 0.143791 0.492012
vt 0.150850 0.465061
vt 0.275732 0.012557
vt 0.335954 0.012558
vt 0.335954 0.132537
vt 0.275732 0.132536
vt 0.156919 0.561010
vt 0.677849 0.744720
vt 0.677849 0.810545
vt 0.686347 0.744720
vt 0.686347 0.810545
vt 0.686347 0.688063
vt 0.677849 0.688063
vt 0.259147 0.561018
vt 0.779613 0.553370
vt 0.686347 0.613597
vt 0.677849 0.613597
vt 0.677849 0.553370
vt 0.663322 0.613597
vt 0.545324 0.613597
vt 0.106295 0.470375
vt 0.110432 0.495187
vt 0.091481 0.495186
vt 0.082111 0.470373
vt 0.064042 0.364073
vt 0.070113 0.465055
vt 0.010986 0.495179
vt 0.010986 0.364068
vt 0.663755 0.066358
vt 0.663755 0.083099
vt 0.642353 0.066358
vt 0.588099 0.037369
vt 0.588383 0.043032
vt 0.566620 0.066358
vt 0.545144 0.066358
vt 0.550495 0.037369
vt 0.064042 0.303851
vt 0.010986 0.303847
vt 0.275732 0.256813
vt 0.335954 0.256815
vt 0.335954 0.265819
vt 0.275732 0.265818
vt 0.105852 0.303854
vt 0.105852 0.364076
vt 0.073787 0.364074
vt 0.073787 0.303852
vt 0.663322 0.553370
vt 0.545324 0.553370
vt 0.275775 0.006130
vt 0.335998 0.006132
vt 0.335978 0.271672
vt 0.275756 0.271671
vt 0.156919 0.303859
vt 0.156919 0.364080
vt 0.147234 0.364079
vt 0.147234 0.303858
vt 0.006130 0.364106
vt 0.006130 0.303885
vt 0.467065 0.012561
vt 0.467065 0.132540
vt 0.259147 0.364089
vt 0.456292 0.145843
vt 0.467057 0.145844
vt 0.456292 0.154847
vt 0.434676 0.256817
vt 0.445484 0.256818
vt 0.445484 0.265822
vt 0.434676 0.265822
vt 0.259147 0.303867
vt 0.772256 0.006130
vt 0.688179 0.066358
vt 0.676144 0.066358
vt 0.676144 0.006130
vt 0.688179 0.197481
vt 0.676144 0.197481
vt 0.688179 0.250141
vt 0.688179 0.263306
vt 0.676144 0.263306
vt 0.676144 0.250141
vt 0.622369 0.006130
vt 0.621552 0.020264
vt 0.587240 0.020264
vt 0.586531 0.006130
vt 0.620565 0.037369
vt 0.545144 0.081350
vt 0.647482 0.020264
vt 0.561418 0.020264
vt 0.106102 0.444472
vt 0.106273 0.464555
vt 0.081696 0.464553
vt 0.078485 0.444469
vt 0.105929 0.418028
vt 0.106085 0.438382
vt 0.078160 0.438380
vt 0.075250 0.418026
vt 0.105852 0.392140
vt 0.105922 0.412329
vt 0.075101 0.412327
vt 0.073787 0.392137
vt 0.105852 0.385267
vt 0.073787 0.385265
vt 0.147234 0.385271
vt 0.114076 0.385268
vt 0.114076 0.364077
vt 0.147234 0.392143
vt 0.145920 0.412332
vt 0.114006 0.412330
vt 0.114076 0.392140
vt 0.145770 0.418032
vt 0.142861 0.438385
vt 0.113843 0.438383
vt 0.113998 0.418029
vt 0.142536 0.444475
vt 0.139324 0.464557
vt 0.113654 0.464555
vt 0.113825 0.444472
vt 0.663755 0.094064
vt 0.663755 0.197481
vt 0.545144 0.197481
vt 0.545144 0.092296
vt 0.574402 0.066358
vt 0.633864 0.066358
vt 0.113632 0.470375
vt 0.658404 0.037369
vt 0.620217 0.043386
vt 0.114076 0.303855
vt 0.138909 0.470377
vt 0.129540 0.495189
vt 0.686347 0.631137
vt 0.677849 0.631137
vt 0.686347 0.642522
vt 0.677849 0.642522
vt 0.686347 0.653907
vt 0.677849 0.653907
vt 0.686347 0.665293
vt 0.677849 0.665293
vt 0.686347 0.676678
vt 0.677849 0.676678
vt 0.794149 0.676678
vt 0.794149 0.688063
vt 0.785650 0.688063
vt 0.785650 0.676678
vt 0.456292 0.256818
vt 0.467057 0.265822
vt 0.456292 0.265822
vt 0.794149 0.665293
vt 0.785650 0.665293
vt 0.794149 0.653907
vt 0.785650 0.653907
vt 0.794149 0.642522
vt 0.785650 0.642522
vt 0.794149 0.631137
vt 0.785650 0.631137
vt 0.794149 0.613597
vt 0.785650 0.613597
vt 0.794149 0.553370
vt 0.785650 0.553370
vt 0.794149 0.744720
vt 0.785650 0.744720
vt 0.794149 0.810545
vt 0.698024 0.810545
vt 0.532884 0.132542
vt 0.532884 0.145845
vt 0.423868 0.256817
vt 0.423868 0.265821
vt 0.413060 0.256817
vt 0.413060 0.265821
vt 0.532884 0.012563
vt 0.423868 0.145843
vt 0.434676 0.145843
vt 0.434676 0.154847
vt 0.423868 0.154846
vt 0.445484 0.145843
vt 0.445484 0.154847
vt 0.275732 0.145839
vt 0.335954 0.145840
vt 0.335954 0.154844
vt 0.275732 0.251253
vt 0.413060 0.145842
vt 0.413060 0.154846
vt 0.676144 0.210646
vt 0.663755 0.210646
vt 0.676144 0.223811
vt 0.663755 0.223811
vt 0.676144 0.236976
vt 0.663755 0.236976
vt 0.688179 0.210646
vt 0.688179 0.223811
vt 0.688179 0.236976
vt 0.545144 0.210646
vt 0.545144 0.223811
vt 0.796452 0.236777
vt 0.782719 0.250141
vt 0.782719 0.236976
vt 0.796452 0.223811
vt 0.782719 0.223811
vt 0.796452 0.210646
vt 0.782719 0.210646
vt 0.796452 0.197481
vt 0.782719 0.197481
vt 0.796452 0.263306
vt 0.719977 0.263306
vt 0.796452 0.066358
vt 0.782719 0.066358
vt 0.796452 0.006130
vt 0.782719 0.006130
vt 0.532884 0.265824
vt 0.104985 0.977944
vt 0.095022 0.977962
vt 0.095022 0.955307
vt 0.104985 0.955289
vt 0.038315 0.978458
vt 0.028353 0.978491
vt 0.028353 0.955322
vt 0.038315 0.955290
vt 0.885524 0.479041
vt 0.875561 0.479041
vt 0.875561 0.469296
vt 0.885524 0.469296
vt 0.875561 0.395848
vt 0.885524 0.395848
vt 0.885524 0.386163
vt 0.875561 0.386163
vt 0.875561 0.283933
vt 0.885524 0.283933
vt 0.050576 0.843727
vt 0.060539 0.843727
vt 0.060539 0.943029
vt 0.050576 0.943029
vt 0.955221 0.655600
vt 0.965184 0.655600
vt 0.965184 0.665285
vt 0.955221 0.665285
vt 0.957502 0.269574
vt 0.947540 0.269588
vt 0.947515 0.252848
vt 0.957477 0.252834
vt 0.955221 0.706668
vt 0.965184 0.706668
vt 0.965184 0.738733
vt 0.955221 0.738733
vt 0.104985 0.943029
vt 0.095022 0.943029
vt 0.095022 0.843727
vt 0.104985 0.843727
vt 0.672582 0.916254
vt 0.682545 0.916254
vt 0.682545 0.949412
vt 0.672582 0.949412
vt 0.649561 0.917875
vt 0.659524 0.917875
vt 0.659524 0.949648
vt 0.649561 0.949648
vt 0.841078 0.404241
vt 0.831115 0.404241
vt 0.831115 0.392205
vt 0.841078 0.392205
vt 0.072799 0.843727
vt 0.082762 0.843727
vt 0.082762 0.943029
vt 0.072799 0.943029
vt 0.514778 0.942814
vt 0.524740 0.942814
vt 0.524740 0.971525
vt 0.514778 0.971525
vt 0.891623 0.553369
vt 0.898515 0.560564
vt 0.813301 0.642186
vt 0.806410 0.634991
vt 0.831115 0.360407
vt 0.841078 0.360407
vt 0.828632 0.948192
vt 0.838595 0.948192
vt 0.838595 0.973470
vt 0.828632 0.973470
vt 0.815522 0.648949
vt 0.808328 0.655840
vt 0.016093 0.943029
vt 0.006130 0.943029
vt 0.006130 0.843727
vt 0.016093 0.843727
vt 0.964453 0.451684
vt 0.974416 0.451684
vt 0.974416 0.476797
vt 0.964453 0.476797
vt 0.250412 0.693258
vt 0.240450 0.693258
vt 0.240450 0.573279
vt 0.250412 0.573279
vt 0.346815 0.975327
vt 0.336852 0.975323
vt 0.336841 0.958064
vt 0.346804 0.958069
vt 0.028353 0.843727
vt 0.038316 0.843727
vt 0.038316 0.943029
vt 0.028353 0.943029
vt 0.964453 0.390733
vt 0.974416 0.390733
vt 0.974416 0.415846
vt 0.964453 0.415846
vt 0.920007 0.415044
vt 0.929970 0.415044
vt 0.929970 0.480863
vt 0.920007 0.480862
vt 0.957465 0.223770
vt 0.947503 0.223784
vt 0.947540 0.206522
vt 0.957502 0.206508
vt 0.134880 0.678891
vt 0.141815 0.671738
vt 0.151674 0.681298
vt 0.144740 0.688450
vt 0.250412 0.938103
vt 0.240450 0.938103
vt 0.240450 0.838801
vt 0.250412 0.838801
vt 0.853338 0.436633
vt 0.863301 0.436633
vt 0.863301 0.532757
vt 0.853338 0.532757
vt 0.159186 0.688581
vt 0.152251 0.695733
vt 0.955221 0.977331
vt 0.965183 0.977332
vt 0.965183 0.988716
vt 0.955221 0.988715
vt 0.816509 0.029353
vt 0.820869 0.038310
vt 0.817670 0.042800
vt 0.808713 0.047160
vt 0.180469 0.977678
vt 0.190431 0.977678
vt 0.190431 0.989062
vt 0.180469 0.989062
vt 0.987406 0.803451
vt 0.977444 0.803451
vt 0.977444 0.783353
vt 0.987406 0.783353
vt 0.910775 0.553370
vt 0.920737 0.553369
vt 0.920737 0.619188
vt 0.910775 0.619188
vt 0.190431 0.965417
vt 0.180469 0.965417
vt 0.180469 0.870877
vt 0.190431 0.870877
vt 0.977444 0.750993
vt 0.987406 0.750993
vt 0.987406 0.771092
vt 0.977444 0.771092
vt 0.831115 0.283933
vt 0.841078 0.283933
vt 0.806410 0.948192
vt 0.816372 0.948192
vt 0.816372 0.973863
vt 0.806410 0.973863
vt 0.935242 0.203060
vt 0.925280 0.203060
vt 0.925280 0.176533
vt 0.935242 0.176534
vt 0.964453 0.283933
vt 0.974415 0.283933
vt 0.974415 0.378473
vt 0.964453 0.378473
vt 0.969726 0.182309
vt 0.979688 0.182310
vt 0.979688 0.193694
vt 0.969726 0.193693
vt 0.682545 0.982041
vt 0.672582 0.982041
vt 0.672582 0.961673
vt 0.682545 0.961673
vt 0.818855 0.484839
vt 0.808892 0.484839
vt 0.808892 0.475284
vt 0.818855 0.475284
vt 0.202692 0.977678
vt 0.212654 0.977678
vt 0.212654 0.989062
vt 0.202692 0.989062
vt 0.694805 0.960579
vt 0.704768 0.960579
vt 0.704768 0.980947
vt 0.694805 0.980947
vt 0.965184 0.921988
vt 0.955221 0.921988
vt 0.955221 0.816812
vt 0.965184 0.816812
vt 0.212654 0.965417
vt 0.202692 0.965417
vt 0.202692 0.870877
vt 0.212654 0.870877
vt 0.492555 0.942814
vt 0.502517 0.942814
vt 0.502517 0.971832
vt 0.492555 0.971832
vt 0.880834 0.006130
vt 0.890796 0.006130
vt 0.890796 0.137254
vt 0.880834 0.137254
vt 0.987406 0.738659
vt 0.977444 0.738659
vt 0.977444 0.718462
vt 0.987406 0.718462
vt 0.250412 0.975218
vt 0.240450 0.975218
vt 0.240450 0.950363
vt 0.250412 0.950363
vt 0.158246 0.870877
vt 0.168208 0.870877
vt 0.168208 0.965417
vt 0.158246 0.965417
vt 0.977444 0.976112
vt 0.987406 0.976113
vt 0.987406 0.987497
vt 0.977444 0.987496
vt 0.910775 0.966154
vt 0.920737 0.966154
vt 0.920737 0.986351
vt 0.910775 0.986351
vt 0.850855 0.948192
vt 0.860818 0.948192
vt 0.860818 0.973047
vt 0.850855 0.973047
vt 0.987406 0.938426
vt 0.977444 0.938426
vt 0.977444 0.925263
vt 0.987406 0.925262
vt 0.158246 0.977678
vt 0.168208 0.977678
vt 0.168208 0.989062
vt 0.158246 0.989062
vt 0.627338 0.917875
vt 0.637301 0.917875
vt 0.637301 0.949790
vt 0.627338 0.949790
vt 0.920007 0.283933
vt 0.929970 0.283934
vt 0.987406 0.913002
vt 0.977444 0.913001
vt 0.977444 0.899837
vt 0.987406 0.899838
vt 0.942961 0.981769
vt 0.932998 0.981769
vt 0.932998 0.960575
vt 0.942961 0.960575
vt 0.913020 0.137254
vt 0.903057 0.137254
vt 0.903057 0.006130
vt 0.913020 0.006130
vt 0.299162 0.950070
vt 0.309125 0.950070
vt 0.309125 0.971264
vt 0.299162 0.971264
vt 0.920737 0.675840
vt 0.910775 0.675840
vt 0.918251 0.218466
vt 0.928213 0.218466
vt 0.928213 0.251624
vt 0.918251 0.251624
vt 0.935242 0.137242
vt 0.925280 0.137241
vt 0.925280 0.006130
vt 0.935242 0.006131
vt 0.987406 0.963851
vt 0.977444 0.963851
vt 0.977444 0.950687
vt 0.987406 0.950687
vt 0.965184 0.698443
vt 0.955221 0.698443
vt 0.853338 0.401931
vt 0.863301 0.401931
vt 0.863301 0.416457
vt 0.853338 0.416457
vt 0.987406 0.887577
vt 0.977444 0.887576
vt 0.977444 0.874412
vt 0.987406 0.874413
vt 0.853338 0.283933
vt 0.863301 0.283933
vt 0.694805 0.916254
vt 0.704768 0.916254
vt 0.704768 0.948319
vt 0.694805 0.948319
vt 0.815075 0.060229
vt 0.824032 0.055869
vt 0.868573 0.147368
vt 0.859616 0.151728
vt 0.409192 0.993335
vt 0.399230 0.993335
vt 0.399230 0.982526
vt 0.409192 0.982526
vt 0.555286 0.966365
vt 0.545324 0.966365
vt 0.545324 0.935686
vt 0.555286 0.935686
vt 0.917711 0.512093
vt 0.927674 0.512093
vt 0.927674 0.531202
vt 0.917711 0.531202
vt 0.897784 0.415048
vt 0.907747 0.415048
vt 0.907747 0.480881
vt 0.897784 0.480881
vt 0.434986 0.992860
vt 0.425024 0.992860
vt 0.425024 0.982051
vt 0.434986 0.982051
vt 0.448109 0.944251
vt 0.458071 0.944251
vt 0.458071 0.971868
vt 0.448109 0.971868
vt 0.808892 0.344160
vt 0.818855 0.344160
vt 0.789625 0.993870
vt 0.779663 0.993870
vt 0.779663 0.983104
vt 0.789625 0.983104
vt 0.913020 0.203079
vt 0.903057 0.203079
vt 0.006130 0.955289
vt 0.016093 0.955289
vt 0.016093 0.979474
vt 0.006130 0.979474
vt 0.336845 0.929001
vt 0.346808 0.929006
vt 0.741952 0.982941
vt 0.751914 0.982941
vt 0.751914 0.993706
vt 0.741952 0.993706
vt 0.718553 0.982655
vt 0.728516 0.982655
vt 0.728516 0.993464
vt 0.718553 0.993464
vt 0.895502 0.946088
vt 0.885540 0.946088
vt 0.885540 0.935322
vt 0.895502 0.935322
vt 0.969763 0.206508
vt 0.979725 0.206508
vt 0.979725 0.231085
vt 0.969763 0.231085
vt 0.897784 0.404282
vt 0.907747 0.404282
vt 0.545324 0.978626
vt 0.555287 0.978626
vt 0.555287 0.989435
vt 0.545324 0.989435
vt 0.779663 0.942918
vt 0.789625 0.942918
vt 0.789625 0.970843
vt 0.779663 0.970843
vt 0.299162 0.889843
vt 0.309125 0.889843
vt 0.885540 0.924513
vt 0.895502 0.924513
vt 0.885540 0.913704
vt 0.895502 0.913704
vt 0.955221 0.934249
vt 0.965183 0.934249
vt 0.965183 0.965070
vt 0.955221 0.965070
vt 0.939934 0.493142
vt 0.949897 0.493142
vt 0.949897 0.525207
vt 0.939934 0.525207
vt 0.627339 0.962051
vt 0.637301 0.962051
vt 0.640375 0.968472
vt 0.640375 0.978434
vt 0.660222 0.981490
vt 0.653765 0.973903
vt 0.652635 0.968508
vt 0.660222 0.962051
vt 0.221037 0.573279
vt 0.228189 0.580213
vt 0.154810 0.655895
vt 0.147657 0.648960
vt 0.910775 0.762561
vt 0.920737 0.762561
vt 0.920737 0.822783
vt 0.910775 0.822782
vt 0.150939 0.659887
vt 0.143787 0.652952
vt 0.932998 0.888093
vt 0.942961 0.888093
vt 0.942961 0.948314
vt 0.932998 0.948315
vt 0.250412 0.826540
vt 0.240450 0.826540
vt 0.240450 0.718436
vt 0.250412 0.718436
vt 0.986676 0.382787
vt 0.986676 0.372825
vt 0.992497 0.372825
vt 0.992497 0.382787
vt 0.910775 0.897241
vt 0.920737 0.897242
vt 0.920737 0.953894
vt 0.910775 0.953893
vt 0.240450 0.715565
vt 0.250412 0.715565
vt 0.992497 0.350602
vt 0.992497 0.360564
vt 0.986676 0.360564
vt 0.986676 0.350602
vt 0.932998 0.756981
vt 0.942961 0.756981
vt 0.986676 0.338341
vt 0.986676 0.328379
vt 0.992767 0.328379
vt 0.992767 0.338341
vt 0.816372 0.935932
vt 0.806409 0.935932
vt 0.806409 0.833961
vt 0.816372 0.833961
vt 0.992767 0.306156
vt 0.992767 0.316118
vt 0.986676 0.316118
vt 0.986676 0.306156
vt 0.986676 0.405010
vt 0.986676 0.395048
vt 0.992376 0.395048
vt 0.992376 0.405010
vt 0.898515 0.735593
vt 0.891320 0.742484
vt 0.992376 0.417271
vt 0.992376 0.427233
vt 0.986676 0.427233
vt 0.986676 0.417271
vt 0.947503 0.033054
vt 0.957466 0.033054
vt 0.957466 0.134020
vt 0.947503 0.134020
vt 0.984380 0.527042
vt 0.984380 0.517080
vt 0.991253 0.517080
vt 0.991253 0.527042
vt 0.240450 0.706561
vt 0.250412 0.706561
vt 0.993549 0.283933
vt 0.993549 0.293895
vt 0.986676 0.293895
vt 0.986676 0.283933
vt 0.502517 0.930553
vt 0.492555 0.930553
vt 0.492555 0.828582
vt 0.502517 0.828582
vt 0.524740 0.930553
vt 0.514778 0.930553
vt 0.514778 0.828582
vt 0.524740 0.828582
vt 0.144842 0.987142
vt 0.134880 0.987142
vt 0.134880 0.973839
vt 0.144842 0.973839
vt 0.860818 0.935932
vt 0.850855 0.935932
vt 0.850855 0.833961
vt 0.860818 0.833961
vt 0.838595 0.935932
vt 0.828632 0.935932
vt 0.828632 0.833961
vt 0.838595 0.833961
vt 0.957466 0.194247
vt 0.947503 0.194247
vt 0.480294 0.930553
vt 0.470332 0.930553
vt 0.470332 0.828582
vt 0.480294 0.828582
vt 0.932998 0.553370
vt 0.942961 0.553370
vt 0.942961 0.613597
vt 0.932998 0.613597
vt 0.897784 0.371855
vt 0.907747 0.371855
vt 0.907747 0.382664
vt 0.897784 0.382664
vt 0.336852 0.914010
vt 0.346815 0.914015
vt 0.895502 0.814973
vt 0.885540 0.814973
vt 0.885540 0.754745
vt 0.895502 0.754745
vt 0.907747 0.393473
vt 0.897784 0.393473
vt 0.942961 0.744720
vt 0.932998 0.744720
vt 0.470332 0.942814
vt 0.480294 0.942814
vt 0.480294 0.972071
vt 0.470332 0.972071
vt 0.895502 0.892086
vt 0.885540 0.892086
vt 0.979725 0.264821
vt 0.969762 0.264821
vt 0.969762 0.243346
vt 0.979725 0.243346
vt 0.885540 0.902895
vt 0.895502 0.902895
vt 0.060539 0.978823
vt 0.050576 0.978813
vt 0.050576 0.955289
vt 0.060539 0.955300
vt 0.082761 0.978351
vt 0.072799 0.978297
vt 0.072799 0.955290
vt 0.082761 0.955344
vt 0.228189 0.755485
vt 0.221254 0.762637
vt 0.885524 0.532097
vt 0.875561 0.532097
vt 0.841078 0.535240
vt 0.831115 0.535240
vt 0.831115 0.416630
vt 0.841078 0.416630
vt 0.897784 0.283933
vt 0.907747 0.283933
vt 0.907747 0.361046
vt 0.897784 0.361046
vt 0.584613 0.974354
vt 0.594576 0.974354
vt 0.594576 0.986743
vt 0.584613 0.986743
vt 0.917711 0.493142
vt 0.927674 0.493142
vt 0.910775 0.732762
vt 0.920737 0.732761
vt 0.920737 0.750300
vt 0.910775 0.750300
vt 0.985463 0.835364
vt 0.979552 0.827345
vt 0.977444 0.821624
vt 0.985463 0.815712
vt 0.910775 0.721377
vt 0.920737 0.721377
vt 0.952193 0.475266
vt 0.942230 0.475266
vt 0.942230 0.415044
vt 0.952193 0.415044
vt 0.137519 0.659417
vt 0.144671 0.666351
vt 0.910775 0.709993
vt 0.920737 0.709993
vt 0.955221 0.803648
vt 0.965184 0.803648
vt 0.910775 0.698609
vt 0.920737 0.698609
vt 0.942230 0.283933
vt 0.952193 0.283933
vt 0.955221 0.790485
vt 0.965184 0.790484
vt 0.910775 0.687225
vt 0.920737 0.687224
vt 0.458071 0.931990
vt 0.448109 0.931989
vt 0.448109 0.828582
vt 0.458071 0.828583
vt 0.955221 0.777517
vt 0.965184 0.777517
vt 0.920737 0.840321
vt 0.910775 0.840320
vt 0.935242 0.150406
vt 0.925280 0.150405
vt 0.920737 0.851705
vt 0.910775 0.851705
vt 0.955221 0.553369
vt 0.965184 0.553369
vt 0.935242 0.163569
vt 0.925280 0.163568
vt 0.920737 0.863090
vt 0.910775 0.863089
vt 0.299162 0.993487
vt 0.299162 0.983524
vt 0.308847 0.983524
vt 0.308847 0.993487
vt 0.920737 0.874474
vt 0.910775 0.874473
vt 0.920737 0.885858
vt 0.910775 0.885857
vt 0.377007 0.828582
vt 0.386969 0.828582
vt 0.386969 0.929548
vt 0.377007 0.929548
vt 0.890796 0.146809
vt 0.880834 0.146809
vt 0.818855 0.541109
vt 0.808892 0.541109
vt 0.947503 0.006130
vt 0.957466 0.006130
vt 0.808892 0.283933
vt 0.818855 0.283933
vt 0.386969 0.956471
vt 0.377007 0.956471
vt 0.969726 0.059897
vt 0.979688 0.059897
vt 0.979688 0.072750
vt 0.969726 0.072750
vt 0.955221 0.750993
vt 0.965184 0.750993
vt 0.864213 0.006130
vt 0.868573 0.015088
vt 0.863301 0.424956
vt 0.853338 0.424956
vt 0.969726 0.006130
vt 0.979688 0.006130
vt 0.979688 0.018929
vt 0.969726 0.018929
vt 0.821390 0.050442
vt 0.812433 0.054802
vt 0.895502 0.979750
vt 0.885540 0.979750
vt 0.885540 0.958348
vt 0.895502 0.958348
vt 0.987406 0.862151
vt 0.977444 0.862151
vt 0.977444 0.847625
vt 0.987406 0.847625
vt 0.962158 0.493142
vt 0.972120 0.493142
vt 0.972120 0.523032
vt 0.962158 0.523032
vt 0.890796 0.203079
vt 0.880834 0.203079
vn 0.0000 0.0000 1.0000
vn 0.7071 0.0000 0.7071
vn 0.5773 0.5773 0.5773
vn 0.0000 0.7071 0.7071
vn 0.7716 -0.3178 0.5510
vn 0.7071 0.0000 -0.7071
vn 0.5773 0.5773 -0.5773
vn 0.7071 0.7071 0.0000
vn -0.7071 0.7071 0.0000
vn -0.9045 -0.3015 0.3015
vn -0.9045 -0.3015 -0.3015
vn 0.8038 -0.5498 -0.2269
vn 0.8036 -0.5504 0.2265
vn 0.3015 -0.3015 -0.9045
vn -0.7071 0.0000 -0.7071
vn -0.5773 0.5773 -0.5773
vn 0.0000 0.7071 -0.7071
vn 0.7298 -0.1076 -0.6751
vn 0.7713 -0.3174 -0.5517
vn -0.7255 -0.6399 -0.2534
vn -0.5773 -0.5773 0.5773
vn -0.7071 0.0000 0.7071
vn -0.8505 0.1749 -0.4960
vn -0.3015 -0.3015 -0.9045
vn 0.0000 0.0000 -1.0000
vn 0.0000 -0.7071 -0.7071
vn -0.5773 -0.5773 -0.5773
vn -0.5571 0.1337 -0.8196
vn 0.9050 -0.3003 -0.3014
vn 0.5607 -0.4708 -0.6811
vn 0.5987 0.6588 -0.4555
vn 0.7139 -0.0210 0.6999
vn 0.8463 0.1689 -0.5051
vn 0.7298 -0.1076 0.6751
vn -0.7235 -0.0662 0.6872
vn 0.4837 0.5363 0.6917
vn -0.3658 0.7506 0.5502
vn 0.6937 -0.2734 0.6664
vn 0.7235 -0.0662 0.6872
vn -0.4780 0.5508 0.6842
vn 0.0405 0.0538 0.9977
vn 0.5773 -0.5773 0.5773
vn 0.7234 -0.6370 -0.2662
vn -0.7071 -0.7071 0.0000
vn -0.7275 -0.6431 0.2391
vn -0.8550 0.1816 0.4857
vn -1.0000 0.0000 0.0000
vn 0.7071 -0.7071 0.0000
vn 0.5773 -0.5773 -0.5773
vn 1.0000 0.0000 0.0000
vn -0.3404 -0.6211 -0.7059
vn -0.3544 -0.6183 0.7015
vn -0.5666 0.1270 0.8141
vn 0.9045 0.3015 0.3015
vn 0.9115 0.2820 -0.2994
vn 0.3278 -0.6237 -0.7095
vn 0.5484 0.1397 -0.8244
vn -0.9046 -0.3015 0.3013
vn -0.9045 0.3015 0.3015
vn -0.9044 -0.3015 -0.3017
vn -0.9045 0.3015 -0.3015
vn 0.0000 -0.7071 0.7071
vn 0.3015 -0.3015 0.9045
vn -0.3015 -0.3015 0.9045
vn -0.1917 -0.7316 0.6542
vn 0.1917 -0.7316 0.6542
vn 0.3856 0.7394 0.5519
vn -0.5184 -0.5481 0.6564
vn 0.5184 -0.5481 0.6564
vn 0.9048 -0.3006 -0.3014
vn 0.5694 -0.5334 -0.6254
vn 0.5861 0.6164 -0.5257
vn 0.9041 0.3027 -0.3016
vn 0.9047 -0.3010 -0.3015
vn 0.5702 -0.5382 -0.6206
vn 0.5852 0.6126 -0.5313
vn 0.9042 0.3024 -0.3016
vn 0.9045 -0.3015 -0.3015
vn 0.5740 -0.5599 -0.5975
vn 0.5808 0.5940 -0.5566
vn 0.9044 0.3020 -0.3015
vn 0.9045 0.3015 -0.3015
vn 0.5740 -0.5599 0.5975
vn 0.9045 -0.3015 0.3015
vn 0.9044 0.3020 0.3015
vn 0.5808 0.5940 0.5566
vn 0.5702 -0.5382 0.6206
vn 0.9047 -0.3010 0.3015
vn 0.9042 0.3024 0.3016
vn 0.5852 0.6126 0.5313
vn 0.5694 -0.5334 0.6254
vn 0.9048 -0.3006 0.3014
vn 0.9041 0.3027 0.3016
vn 0.5861 0.6164 0.5257
vn -0.7138 -0.3116 0.6272
vn -0.5224 -0.4222 0.7408
vn 0.5150 -0.4274 0.7430
vn 0.7116 -0.3201 0.6254
vn 0.9050 -0.3003 0.3014
vn -0.6937 -0.2734 0.6664
vn -0.0450 0.0590 0.9972
vn 0.5607 -0.4708 0.6811
vn 0.5987 0.6588 0.4555
vn 0.3015 0.3015 -0.9045
vn -0.3015 0.3015 -0.9045
vn -0.3015 0.3015 0.9045
vn 0.3015 0.3015 0.9045
vn 0.3726 -0.3726 0.8498
vn -0.5773 0.5773 0.5773
vn -0.7716 -0.3178 0.5510
vn -0.8038 -0.5498 -0.2269
vn -0.8036 -0.5504 0.2265
vn -0.7713 -0.3174 -0.5517
vn -0.7298 -0.1076 -0.6751
vn 0.6332 -0.7605 0.1437
vn 0.9001 0.3983 -0.1762
vn -0.0329 0.5762 0.8166
vn -0.9050 -0.3003 -0.3014
vn -0.5987 0.6588 -0.4555
vn -0.5607 -0.4708 -0.6811
vn -0.7139 -0.0210 0.6999
vn -0.7298 -0.1076 0.6751
vn -0.8972 0.4107 -0.1626
vn -0.7235 -0.0662 -0.6872
vn -0.3658 0.7506 -0.5502
vn 0.4837 0.5363 -0.6917
vn 0.0405 0.0538 -0.9977
vn -0.4780 0.5508 -0.6842
vn 0.7235 -0.0662 -0.6872
vn 0.6937 -0.2734 -0.6664
vn -0.6217 -0.7671 0.1583
vn 0.9060 0.3610 0.2208
vn 0.6657 -0.7402 -0.0946
vn 0.2819 -0.8487 0.4474
vn -0.0136 0.6241 -0.7812
vn 0.2962 -0.8699 -0.3944
vn -0.9115 0.2820 -0.2994
vn 0.0406 0.5612 0.8267
vn -0.2756 -0.8419 0.4639
vn 0.9046 -0.3015 0.3013
vn 0.9044 -0.3015 -0.3017
vn -0.1917 -0.7316 -0.6542
vn 0.1917 -0.7316 -0.6542
vn 0.3856 0.7394 -0.5519
vn -0.5184 -0.5481 -0.6564
vn 0.5184 -0.5481 -0.6564
vn -0.9048 -0.3006 -0.3014
vn -0.9041 0.3027 -0.3016
vn -0.5861 0.6164 -0.5257
vn -0.5694 -0.5334 -0.6254
vn -0.9047 -0.3010 -0.3015
vn -0.9042 0.3024 -0.3016
vn -0.5852 0.6126 -0.5313
vn -0.5702 -0.5382 -0.6206
vn -0.9044 0.3020 -0.3015
vn -0.5808 0.5940 -0.5566
vn -0.5740 -0.5599 -0.5975
vn -0.5740 -0.5599 0.5975
vn -0.5808 0.5940 0.5566
vn -0.9044 0.3020 0.3015
vn -0.5702 -0.5382 0.6206
vn -0.5852 0.6126 0.5313
vn -0.9042 0.3024 0.3016
vn -0.9047 -0.3010 0.3015
vn -0.5694 -0.5334 0.6254
vn -0.5861 0.6164 0.5257
vn -0.9041 0.3027 0.3016
vn -0.9048 -0.3006 0.3014
vn -0.7138 -0.3116 -0.6272
vn 0.7116 -0.3201 -0.6254
vn 0.5150 -0.4274 -0.7430
vn -0.5224 -0.4222 -0.7408
vn -0.9050 -0.3003 0.3014
vn -0.6937 -0.2734 -0.6664
vn -0.0450 0.0590 -0.9972
vn -0.5607 -0.4708 0.6811
vn -0.5987 0.6588 0.4555
vn 0.3726 -0.3726 -0.8498
usemtl None
s 1
f 615/645/363 604/646/364 412/647/365 467/648/366
f 485/649/367 481/650/368 416/651/369 474/652/370
f 589/653/371 590/654/371 592/655/372 591/656/373
f 482/657/374 483/658/375 417/659/370 418/660/370
f 453/661/376 435/662/377 424/663/378 451/664/379
f 429/665/364 479/666/380 486/667/381 484/668/364
f 422/669/382 457/670/383 464/671/384 446/672/385
f 486/667/381 482/657/374 418/660/370 477/673/370
f 454/674/386 453/661/376 451/664/379 452/675/379
f 558/676/387 454/674/386 452/675/379 554/677/379
f 572/678/376 553/679/377 454/674/386 558/676/387
f 484/668/364 486/667/381 477/673/370 411/680/365
f 557/681/388 449/682/389 456/683/377 560/684/387
f 455/685/368 445/686/390 435/662/377 453/661/376
f 518/687/391 494/688/392 434/689/393 509/690/370
f 476/691/394 441/692/395 431/693/368 475/694/396
f 471/695/397 531/696/398 528/697/399
f 540/698/363 496/699/400 440/700/401 533/701/402 537/702/403
f 473/703/404 413/704/405 441/692/395 476/691/394
f 588/705/406 414/706/407 442/707/408 593/708/409
f 508/709/410 420/710/411 444/711/368 510/712/412
f 450/713/411 421/714/413 445/686/390 455/685/368
f 421/715/413 422/669/382 446/672/385 445/716/390
f 414/706/407 427/717/414 448/718/415 442/707/408
f 478/719/410 419/720/410 443/721/416 480/722/417
f 413/704/405 426/723/418 447/724/419 441/692/395
f 446/672/385 464/671/384 462/725/420 436/726/377
f 439/727/364 480/722/417 479/666/380 429/665/364
f 584/728/377 579/729/421 592/655/372 461/730/422
f 576/731/423 599/732/384 598/733/384 575/734/373
f 409/735/404 478/719/410 480/722/417 439/727/364
f 483/658/375 485/649/367 474/652/370 417/659/370
f 623/736/424 465/737/404 472/738/364 620/739/363
f 620/739/363 472/738/364 470/740/425 618/741/363
f 630/742/426 611/743/363 468/744/366 616/745/366
f 611/743/363 615/645/363 467/648/366 468/744/366
f 475/694/396 431/693/368 481/650/368 485/649/367
f 466/746/427 410/747/428 541/748/363 539/749/363
f 539/749/363 541/748/363 540/698/363 538/750/363
f 535/751/429 533/701/402 440/700/401
f 497/752/430 466/746/427 539/749/363
f 410/747/428 495/753/431 541/748/363
f 541/748/363 495/753/431 496/699/400 540/698/363
f 516/754/432 493/755/433 500/756/434 520/757/435
f 514/758/436 492/759/437 502/760/438 522/761/439
f 512/762/440 491/763/441 504/764/442 524/765/443
f 510/712/412 444/711/368 506/766/369 526/767/444
f 443/721/416 511/768/412 527/769/416 505/770/365
f 511/768/412 510/712/412 526/767/444 527/769/416
f 487/771/445 513/772/446 525/773/447 503/774/448
f 513/772/446 512/762/440 524/765/443 525/773/447
f 488/775/449 515/776/450 523/777/451 501/778/452
f 515/776/450 514/758/436 522/761/439 523/777/451
f 489/779/453 517/780/454 521/781/455 499/782/456
f 517/780/454 516/754/432 520/757/435 521/781/455
f 529/783/457 530/784/458 534/785/459 536/786/460 430/787/364 469/788/426
f 521/781/455 520/757/435 518/687/391 519/789/461
f 498/790/462 538/750/363 532/791/463 531/696/398 471/695/397
f 523/777/451 522/761/439 516/754/432 517/780/454
f 497/752/430 539/749/363 538/750/363 498/790/462
f 525/773/447 524/765/443 514/758/436 515/776/450
f 538/750/363 540/698/363 537/702/403 534/785/459 530/784/458 532/791/463
f 527/769/416 526/767/444 512/762/440 513/772/446
f 419/720/410 507/792/410 511/768/412 443/721/416
f 507/792/410 508/709/410 510/712/412 511/768/412
f 490/793/464 519/789/461 509/690/370 433/794/465
f 519/789/461 518/687/391 509/690/370
f 560/684/387 456/683/377 548/795/377 562/796/466
f 562/796/466 548/795/377 549/797/377 564/798/376
f 564/798/376 549/797/377 550/799/377 566/800/466
f 566/800/466 550/799/377 551/801/377 568/802/376
f 568/802/376 551/801/377 552/803/377 570/804/466
f 570/804/466 552/803/377 553/679/377 572/678/376
f 546/805/368 571/806/467 573/807/386 547/808/368
f 574/809/423 597/810/384 432/811/384 591/656/373
f 545/812/368 569/813/386 571/806/467 546/805/368
f 569/813/386 568/802/376 570/804/466 571/806/467
f 544/814/368 567/815/467 569/813/386 545/812/368
f 543/816/368 565/817/386 567/815/467 544/814/368
f 565/817/386 564/798/376 566/800/466 567/815/467
f 542/818/368 563/819/467 565/817/386 543/816/368
f 447/820/419 561/821/387 563/819/467 542/818/368
f 561/821/387 560/684/387 562/796/466 563/819/467
f 426/822/418 556/823/388 561/821/387 447/820/419
f 556/823/388 557/681/388 560/684/387 561/821/387
f 547/808/368 573/807/386 559/824/387 437/825/368
f 573/807/386 572/678/376 558/676/387 559/824/387
f 437/825/368 559/824/387 555/826/379 425/827/369
f 559/824/387 558/676/387 554/677/379 555/826/379
f 462/725/420 461/730/422 459/828/371 460/829/371
f 577/830/373 600/831/384 599/732/384 576/731/423
f 575/734/373 598/733/384 597/810/384 574/809/423
f 578/832/423 601/833/384 600/831/384 577/830/373
f 462/725/420 460/829/371 423/834/378 436/726/377
f 595/835/377 582/836/372 581/837/421 586/838/377
f 461/730/422 592/655/372 590/654/371 459/828/371
f 586/838/377 581/837/421 580/839/372 585/840/377
f 582/836/372 577/830/373 576/731/423 581/837/421
f 585/840/377 580/839/372 579/729/421 584/728/377
f 593/708/409 442/707/408 601/833/384 578/832/423
f 580/839/372 575/734/373 574/809/423 579/729/421
f 458/841/389 587/842/406 594/843/409 463/844/377
f 587/842/406 588/705/406 593/708/409 594/843/409
f 463/844/377 594/843/409 583/845/421 596/846/377
f 594/843/409 593/708/409 578/832/423 583/845/421
f 470/740/425 469/788/426 612/847/363 608/848/363
f 608/848/363 612/847/363 613/849/363 609/850/363
f 609/850/363 613/849/363 614/851/363 610/852/363
f 610/852/363 614/851/363 615/645/363 611/743/363
f 618/741/363 470/740/425 608/848/363 624/853/468
f 624/853/468 608/848/363 609/850/363 626/854/426
f 626/854/426 609/850/363 610/852/363 628/855/468
f 628/855/468 610/852/363 611/743/363 630/742/426
f 469/788/426 430/787/364 602/856/364 612/847/363
f 612/847/363 602/856/364 603/857/364 613/849/363
f 613/849/363 603/857/364 604/646/364 614/851/363
f 614/851/363 604/646/364 615/645/363
f 607/858/384 629/859/469 631/860/470
f 606/861/384 627/862/425 629/859/469 607/858/384
f 627/862/425 626/854/426 628/855/468 629/859/469
f 605/863/384 625/864/469 627/862/425 606/861/384
f 438/865/384 619/866/363 625/864/469 605/863/384
f 619/866/363 618/741/363 624/853/468 625/864/469
f 607/858/384 631/860/470 617/867/366 428/868/471
f 631/860/470 630/742/426 616/745/366 617/867/366
f 448/869/415 621/870/363 619/866/363 438/865/384
f 621/870/363 620/739/363 618/741/363 619/866/363
f 427/871/414 622/872/424 621/870/363 448/869/415
f 622/872/424 623/736/424 620/739/363 621/870/363
f 432/811/384 415/873/471 589/653/371 591/656/373
f 596/846/377 583/845/421 582/836/372 595/835/377
f 741/874/387 731/875/379 637/876/369 636/877/368
f 695/878/472 652/879/371 649/880/378 648/881/377
f 830/882/370 831/883/440 721/884/446 719/885/370
f 659/886/473 642/887/371 653/888/371 660/889/474
f 646/890/425 692/891/366 667/892/471 666/893/384
f 678/894/384 677/895/384 742/896/475 694/897/476
f 663/898/477 687/899/478 710/900/364 716/901/404
f 742/896/475 643/902/371 642/887/371 659/886/473
f 647/903/426 693/904/366 692/891/366 646/890/425
f 806/905/363 804/906/366 693/904/366 647/903/426
f 813/907/425 806/905/363 647/903/426 715/908/384
f 677/895/384 654/909/471 643/902/371 742/896/475
f 696/910/424 807/911/363 714/912/384 697/913/383
f 645/914/364 646/890/425 666/893/384 644/915/479
f 778/916/480 699/917/371 686/918/481 685/919/482
f 717/920/483 718/921/484 682/922/377 681/923/485
f 736/924/486 743/925/487 735/926/488
f 786/927/387 787/928/489 783/929/490 703/930/491 702/931/492
f 638/932/383 717/920/483 681/923/485 639/933/493
f 640/934/410 819/935/412 704/936/494 641/937/495
f 657/938/406 774/939/409 706/940/377 658/941/389
f 661/942/404 645/914/364 644/915/479 662/943/496
f 662/944/496 644/945/479 687/899/478 663/898/477
f 641/937/495 704/936/494 690/946/497 708/947/498
f 655/948/406 713/949/499 705/950/421 656/951/406
f 639/933/493 681/923/485 707/952/500 672/953/501
f 687/899/478 688/954/368 700/955/502 710/900/364
f 632/956/384 678/894/384 694/897/476 713/949/499
f 823/957/368 722/958/503 721/884/446 669/959/416
f 651/960/444 814/961/440 825/962/364 826/963/364
f 633/964/383 632/956/384 713/949/499 655/948/406
f 660/889/474 653/888/371 652/879/371 695/878/472
f 729/965/388 849/966/387 737/967/368 730/968/411
f 849/966/387 848/969/387 734/970/376 737/967/368
f 854/971/386 847/972/379 732/973/379 740/974/387
f 740/974/387 732/973/379 731/875/379 741/874/387
f 718/921/484 695/878/472 648/881/377 682/922/377
f 634/975/504 748/976/387 784/977/387 635/978/505
f 748/976/387 746/979/387 786/927/387 784/977/387
f 785/980/506 703/930/491 783/929/490
f 757/981/507 748/976/387 634/975/504
f 635/978/505 784/977/387 756/982/508
f 784/977/387 786/927/387 702/931/492 756/982/508
f 777/983/509 779/984/510 760/985/511 759/986/512
f 776/987/513 780/988/514 764/989/515 763/990/516
f 775/991/373 781/992/517 768/993/518 767/994/519
f 774/939/409 782/995/423 771/996/378 706/940/377
f 705/950/421 770/997/471 772/998/421 711/999/409
f 711/999/409 772/998/421 782/995/423 774/939/409
f 750/1000/520 766/1001/521 769/1002/522 749/1003/372
f 749/1003/372 769/1002/522 781/992/517 775/991/373
f 752/1004/523 762/1005/524 765/1006/525 751/1007/526
f 751/1007/526 765/1006/525 780/988/514 776/987/513
f 754/1008/527 758/1009/528 761/1010/529 753/1011/530
f 753/1011/530 761/1010/529 779/984/510 777/983/509
f 739/1012/531 733/1013/386 680/1014/368 679/1015/532 747/1016/533 744/1017/534
f 761/1010/529 755/1018/535 778/916/480 779/984/510
f 738/1019/536 736/924/486 735/926/488 745/1020/537 746/979/387
f 765/1006/525 753/1011/530 777/983/509 780/988/514
f 757/981/507 738/1019/536 746/979/387 748/976/387
f 769/1002/522 751/1007/526 776/987/513 781/992/517
f 746/979/387 745/1020/537 744/1017/534 747/1016/533 787/928/489 786/927/387
f 772/998/421 749/1003/372 775/991/373 782/995/423
f 656/951/406 705/950/421 711/999/409 773/1021/406
f 773/1021/406 711/999/409 774/939/409 657/938/406
f 683/1022/538 684/1023/539 699/917/371 755/1018/535
f 755/1018/535 699/917/371 778/916/480
f 807/911/363 808/1024/469 793/1025/384 714/912/384
f 808/1024/469 809/1026/425 794/1027/384 793/1025/384
f 809/1026/425 810/1028/469 795/1029/384 794/1027/384
f 810/1028/469 811/1030/425 796/1031/384 795/1029/384
f 811/1030/425 812/1032/469 797/1033/384 796/1031/384
f 812/1032/469 813/907/425 715/908/384 797/1033/384
f 792/1034/364 689/1035/364 803/1036/426 802/1037/468
f 815/1038/444 831/883/440 816/1039/364 824/1040/364
f 791/1041/364 792/1034/364 802/1037/468 801/1042/426
f 801/1042/426 802/1037/468 812/1032/469 811/1030/425
f 790/1043/364 791/1041/364 801/1042/426 800/1044/468
f 789/1045/364 790/1043/364 800/1044/468 799/1046/426
f 799/1046/426 800/1044/468 810/1028/469 809/1026/425
f 788/1047/364 789/1045/364 799/1046/426 798/1048/468
f 707/1049/500 788/1047/364 798/1048/468 712/1050/363
f 712/1050/363 798/1048/468 808/1024/469 807/911/363
f 672/1051/501 707/1049/500 712/1050/363 805/1052/424
f 805/1052/424 712/1050/363 807/911/363 696/910/424
f 689/1035/364 673/1053/364 698/1054/363 803/1036/426
f 803/1036/426 698/1054/363 806/905/363 813/907/425
f 673/1053/364 671/1055/365 670/1056/366 698/1054/363
f 698/1054/363 670/1056/366 804/906/366 806/905/363
f 700/955/502 664/1057/370 720/1058/370 722/958/503
f 650/1059/440 651/960/444 826/963/364 827/1060/364
f 814/961/440 815/1038/444 824/1040/364 825/962/364
f 818/1061/444 650/1059/440 827/1060/364 828/1062/364
f 700/955/502 688/954/368 665/1063/369 664/1057/370
f 727/1064/368 728/1065/368 820/1066/416 821/1067/446
f 722/958/503 720/1058/370 719/885/370 721/884/446
f 728/1065/368 822/1068/368 668/1069/446 820/1066/416
f 821/1067/446 820/1066/416 651/960/444 650/1059/440
f 822/1068/368 823/957/368 669/959/416 668/1069/446
f 819/935/412 818/1061/444 828/1062/364 704/936/494
f 668/1069/446 669/959/416 815/1038/444 814/961/440
f 725/1070/411 724/1071/368 723/1072/412 829/1073/410
f 829/1073/410 723/1072/412 819/935/412 640/934/410
f 724/1071/368 832/1074/368 726/1075/416 723/1072/412
f 723/1072/412 726/1075/416 818/1061/444 819/935/412
f 734/970/376 837/1076/387 840/1077/387 733/1013/386
f 837/1076/387 838/1078/387 841/1079/387 840/1077/387
f 838/1078/387 839/1080/387 842/1081/387 841/1079/387
f 839/1080/387 740/974/387 741/874/387 842/1081/387
f 848/969/387 851/1082/467 837/1076/387 734/970/376
f 851/1082/467 852/1083/386 838/1078/387 837/1076/387
f 852/1083/386 853/1084/467 839/1080/387 838/1078/387
f 853/1084/467 854/971/386 740/974/387 839/1080/387
f 733/1013/386 840/1077/387 833/1085/368 680/1014/368
f 840/1077/387 841/1079/387 834/1086/368 833/1085/368
f 841/1079/387 842/1081/387 636/877/368 834/1086/368
f 842/1081/387 741/874/387 636/877/368
f 676/1087/377 846/1088/540 845/1089/466
f 836/1090/377 676/1087/377 845/1089/466 844/1091/376
f 844/1091/376 845/1089/466 853/1084/467 852/1083/386
f 835/1092/377 836/1090/377 844/1091/376 843/1093/466
f 691/1094/377 835/1092/377 843/1093/466 701/1095/387
f 701/1095/387 843/1093/466 851/1082/467 848/969/387
f 676/1087/377 675/1096/378 674/1097/379 846/1088/540
f 846/1088/540 674/1097/379 847/972/379 854/971/386
f 690/1098/497 691/1094/377 701/1095/387 709/1099/387
f 709/1099/387 701/1095/387 848/969/387 849/966/387
f 708/1100/498 690/1098/497 709/1099/387 850/1101/388
f 850/1101/388 709/1099/387 849/966/387 729/965/388
f 816/1039/364 831/883/440 830/882/370 817/1102/365
f 832/1074/368 727/1064/368 821/1067/446 726/1075/416
f 532/1103/463 745/1104/537 735/1105/488 531/1106/398
f 530/1107/458 744/1108/534 745/1109/537 532/1110/463
f 474/1111/370 652/1112/371 653/1113/371 417/1114/370
f 417/1114/370 653/1113/371 642/1115/371 418/1116/370
f 477/1117/370 643/1118/371 654/1119/471 411/1120/365
f 562/1121/466 808/1122/469 798/1123/468 563/1124/467
f 478/1125/410 655/1126/406 656/1127/406 419/1128/410
f 528/1129/399 743/1130/487 736/1131/486 471/1132/397
f 508/1133/410 657/1134/406 658/1135/389 420/1136/411
f 565/1137/386 799/1138/426 809/1139/425 564/1140/376
f 487/1141/445 750/1142/520 749/1143/372 513/1144/446
f 488/1145/449 752/1146/523 751/1147/526 515/1148/450
f 468/1149/366 732/1150/379 847/1151/379 616/1152/366
f 566/1153/466 810/1154/469 800/1155/468 567/1156/467
f 489/1157/453 754/1158/527 753/1159/530 517/1160/454
f 450/1161/411 661/1162/404 662/1163/496 421/1164/413
f 616/1152/366 847/1151/379 674/1165/379 617/1166/366
f 490/1167/464 683/1168/538 755/1169/535 519/1170/461
f 421/1164/413 662/1163/496 663/1171/477 422/1172/382
f 569/1173/386 801/1174/426 811/1175/425 568/1176/376
f 410/1177/428 635/1178/505 756/1179/508 495/1180/431
f 460/1181/371 664/1182/370 665/1183/369 423/1184/378
f 495/1185/431 756/1186/508 702/1187/492 496/1188/400
f 570/1189/466 812/1190/469 802/1191/468 571/1192/467
f 497/1193/430 757/1194/507 634/1195/504 466/1196/427
f 435/1197/377 666/1198/384 667/1199/471 424/1200/378
f 498/1201/462 738/1202/536 757/1203/507 497/1204/430
f 427/1205/414 708/1206/498 850/1207/388 622/1208/424
f 573/1209/386 803/1210/426 813/1211/425 572/1212/376
f 555/1213/379 670/1214/366 671/1215/365 425/1216/369
f 622/1208/424 850/1207/388 729/1217/388 623/1218/424
f 571/1219/467 802/1220/468 803/1221/426 573/1222/386
f 413/1223/405 639/1224/493 672/1225/501 426/1226/418
f 572/1227/376 813/1228/425 812/1229/469 570/1230/466
f 499/1231/456 758/1232/528 754/1233/527 489/1234/453
f 425/1235/369 671/1236/365 673/1237/364 437/1238/368
f 624/1239/468 851/1240/467 843/1241/466 625/1242/469
f 493/1243/433 759/1244/512 760/1245/511 500/1246/434
f 617/1166/366 674/1165/379 675/1247/378 428/1248/471
f 521/1249/455 761/1250/529 758/1251/528 499/1252/456
f 428/1253/471 675/1254/378 676/1255/377 607/1256/384
f 627/1257/425 844/1258/376 852/1259/386 626/1260/426
f 567/1261/467 800/1262/468 801/1263/426 569/1264/386
f 501/1265/452 762/1266/524 752/1267/523 488/1268/449
f 484/1269/364 677/1270/384 678/1271/384 429/1272/364
f 568/1273/376 811/1274/425 810/1275/469 566/1276/466
f 492/1277/437 763/1278/516 764/1279/515 502/1280/438
f 536/1281/460 679/1282/532 680/1283/368 430/1284/364
f 628/1285/468 853/1286/467 845/1287/466 629/1288/469
f 523/1289/451 765/1290/525 762/1291/524 501/1292/452
f 441/1293/395 681/1294/485 682/1295/377 431/1296/368
f 503/1297/448 766/1298/521 750/1299/520 487/1300/445
f 433/1301/465 684/1302/539 683/1303/538 490/1304/464
f 631/1305/470 846/1306/540 854/1307/386 630/1308/426
f 563/1309/467 798/1310/468 799/1311/426 565/1312/386
f 491/1313/441 767/1314/519 768/1315/518 504/1316/442
f 494/1317/392 685/1318/482 686/1319/481 434/1320/393
f 629/1321/469 845/1322/466 846/1323/540 631/1324/470
f 564/1325/376 809/1326/425 808/1327/469 562/1328/466
f 525/1329/447 769/1330/522 766/1331/521 503/1332/448
f 445/1333/390 644/1334/479 666/1198/384 435/1197/377
f 630/1335/426 854/1336/386 853/1337/467 628/1338/468
f 505/1339/365 770/1340/471 705/1341/421 443/1342/416
f 436/1343/377 688/1344/368 687/1345/478 446/1346/385
f 444/1347/368 706/1348/377 771/1349/378 506/1350/369
f 437/1238/368 673/1237/364 689/1351/364 547/1352/368
f 527/1353/416 772/1354/421 770/1355/471 505/1356/365
f 438/1357/384 691/1358/377 690/1359/497 448/1360/415
f 625/1361/469 843/1362/466 844/1363/376 627/1364/425
f 419/1128/410 656/1127/406 773/1365/406 507/1366/410
f 451/1367/379 692/1368/366 693/1369/366 452/1370/379
f 626/1371/426 852/1372/386 851/1373/467 624/1374/468
f 507/1366/410 773/1365/406 657/1134/406 508/1133/410
f 424/1375/378 667/1376/471 692/1368/366 451/1367/379
f 512/1377/440 775/1378/373 767/1379/519 491/1380/441
f 557/1381/388 696/1382/424 697/1383/383 449/1384/389
f 575/1385/373 814/1386/440 651/1387/444 576/1388/423
f 514/1389/436 776/1390/513 763/1391/516 492/1392/437
f 509/1393/370 699/1394/371 684/1395/539 433/1396/465
f 432/1397/384 816/1398/364 817/1399/365 415/1400/471
f 577/1401/373 650/1402/440 818/1403/444 578/1404/423
f 516/1405/432 777/1406/509 759/1407/512 493/1408/433
f 429/1272/364 678/1271/384 632/1409/384 439/1410/364
f 591/1411/373 831/1412/440 815/1413/444 574/1414/423
f 423/1415/378 665/1416/369 688/1344/368 436/1343/377
f 518/1417/391 778/1418/480 685/1419/482 494/1420/392
f 496/1188/400 702/1187/492 703/1421/491 440/1422/401
f 579/1423/421 669/1424/416 721/1425/446 592/1426/372
f 581/1427/421 820/1428/416 668/1429/446 580/1430/372
f 461/1431/422 722/1432/503 823/1433/368 584/1434/377
f 500/1435/434 760/1436/511 779/1437/510 520/1438/435
f 597/1439/384 824/1440/364 816/1398/364 432/1397/384
f 583/1441/421 726/1442/416 821/1443/446 582/1444/372
f 502/1445/438 764/1446/515 780/1447/514 522/1448/439
f 420/1449/411 658/1450/389 706/1348/377 444/1347/368
f 584/1434/377 823/1433/368 822/1451/368 585/1452/377
f 585/1452/377 822/1451/368 728/1453/368 586/1454/377
f 504/1455/442 768/1456/518 781/1457/517 524/1458/443
f 506/1459/369 771/1460/378 782/1461/423 526/1462/444
f 446/1463/385 687/1464/478 644/1465/479 445/1466/390
f 447/1467/419 707/1468/500 681/1469/485 441/1470/395
f 458/1471/389 725/1472/411 829/1473/410 587/1474/406
f 449/1475/389 697/1476/383 714/1477/384 456/1478/377
f 587/1474/406 829/1473/410 640/1479/410 588/1480/406
f 455/1481/368 645/1482/364 661/1483/404 450/1484/411
f 415/1485/471 817/1486/365 830/1487/370 589/1488/371
f 519/1489/461 755/1490/535 761/1491/529 521/1492/455
f 553/1493/377 715/1494/384 647/1495/426 454/1496/386
f 589/1488/371 830/1487/370 719/1497/370 590/1498/371
f 520/1499/435 779/1500/510 778/1501/480 518/1502/391
f 453/1503/376 646/1504/425 645/1482/364 455/1481/368
f 517/1505/454 753/1506/530 765/1507/525 523/1508/451
f 592/1509/372 721/1510/446 831/1511/440 591/1512/373
f 522/1513/439 780/1514/514 777/1515/509 516/1516/432
f 515/1517/450 751/1518/526 769/1519/522 525/1520/447
f 422/1172/382 663/1171/477 716/1521/404 457/1522/383
f 524/1523/443 781/1524/517 776/1525/513 514/1526/436
f 475/1527/396 718/1528/484 717/1529/483 476/1530/394
f 513/1531/446 749/1532/372 772/1533/421 527/1534/416
f 590/1498/371 719/1497/370 720/1535/370 459/1536/371
f 526/1537/444 782/1538/423 775/1539/373 512/1540/440
f 459/1536/371 720/1535/370 664/1182/370 460/1181/371
f 574/1541/423 815/1542/444 669/1543/416 579/1544/421
f 580/1545/372 668/1546/446 814/1547/440 575/1548/373
f 462/1549/420 700/1550/502 722/1551/503 461/1552/422
f 576/1553/423 651/1554/444 820/1555/416 581/1556/421
f 582/1557/372 821/1558/446 650/1559/440 577/1560/373
f 476/1530/394 717/1529/483 638/1561/383 473/1562/404
f 578/1563/423 818/1564/444 726/1565/416 583/1566/421
f 457/1567/383 716/1568/404 710/1569/364 464/1570/384
f 600/1571/384 827/1572/364 826/1573/364 599/1574/384
f 440/1422/401 703/1421/491 785/1575/506 535/1576/429
f 463/1577/377 724/1578/368 725/1579/411 458/1580/389
f 599/1574/384 826/1573/364 825/1581/364 598/1582/384
f 464/1570/384 710/1569/364 700/1583/502 462/1584/420
f 598/1582/384 825/1581/364 824/1440/364 597/1439/384
f 534/1585/459 747/1586/533 679/1587/532 536/1588/460
f 596/1589/377 832/1590/368 724/1578/368 463/1577/377
f 535/1591/429 785/1592/506 783/1593/490 533/1594/402
f 586/1454/377 728/1453/368 727/1595/368 595/1596/377
f 595/1596/377 727/1595/368 832/1590/368 596/1589/377
f 537/1597/403 787/1598/489 747/1599/533 534/1600/459
f 533/1601/402 783/1602/490 787/1603/489 537/1604/403
f 623/1218/424 729/1217/388 730/1605/411 465/1606/404
f 416/1607/369 649/1608/378 652/1112/371 474/1111/370
f 412/1609/365 637/1610/369 731/1611/379 467/1612/366
f 442/1613/408 704/1614/494 828/1615/364 601/1616/384
f 467/1612/366 731/1611/379 732/1150/379 468/1149/366
f 601/1616/384 828/1615/364 827/1572/364 600/1571/384
f 470/1617/425 734/1618/376 733/1619/386 469/1620/426
f 434/1621/393 686/1622/481 699/1394/371 509/1393/370
f 542/1623/368 788/1624/364 707/1625/500 447/1626/419
f 448/1627/415 690/1628/497 704/1629/494 442/1630/408
f 543/1631/368 789/1632/364 788/1624/364 542/1623/368
f 465/1633/404 730/1634/411 737/1635/368 472/1636/364
f 414/1637/407 641/1638/495 708/1206/498 427/1205/414
f 544/1639/368 790/1640/364 789/1632/364 543/1631/368
f 471/1132/397 736/1131/486 738/1202/536 498/1201/462
f 430/1284/364 680/1283/368 833/1641/368 602/1642/364
f 545/1643/368 791/1644/364 790/1640/364 544/1639/368
f 472/1636/364 737/1635/368 734/1645/376 470/1646/425
f 602/1642/364 833/1641/368 834/1647/368 603/1648/364
f 546/1649/368 792/1650/364 791/1644/364 545/1643/368
f 469/1651/426 733/1652/386 739/1653/531 529/1654/457
f 603/1648/364 834/1647/368 636/1655/368 604/1656/364
f 547/1352/368 689/1351/364 792/1650/364 546/1649/368
f 456/1478/377 714/1477/384 793/1657/384 548/1658/377
f 605/1659/384 835/1660/377 691/1358/377 438/1357/384
f 548/1658/377 793/1657/384 794/1661/384 549/1662/377
f 409/1663/404 633/1664/383 655/1126/406 478/1125/410
f 606/1665/384 836/1666/377 835/1660/377 605/1659/384
f 549/1662/377 794/1661/384 795/1667/384 550/1668/377
f 443/1669/416 705/1670/421 713/1671/499 480/1672/417
f 607/1256/384 676/1255/377 836/1666/377 606/1665/384
f 550/1668/377 795/1667/384 796/1673/384 551/1674/377
f 551/1674/377 796/1673/384 797/1675/384 552/1676/377
f 480/1677/417 713/1678/499 694/1679/476 479/1680/380
f 552/1676/377 797/1675/384 715/1494/384 553/1493/377
f 431/1296/368 682/1295/377 648/1681/377 481/1682/368
f 411/1683/365 654/1684/471 677/1270/384 484/1269/364
f 485/1685/367 695/1686/472 718/1528/484 475/1527/396
f 439/1410/364 632/1409/384 633/1687/383 409/1688/404
f 479/1680/380 694/1679/476 742/1689/475 486/1690/381
f 466/1196/427 634/1195/504 635/1178/505 410/1177/428
f 483/1691/375 660/1692/474 695/1693/472 485/1694/367
f 604/1656/364 636/1655/368 637/1695/369 412/1696/365
f 473/1697/404 638/1698/383 639/1224/493 413/1223/405
f 452/1370/379 693/1369/366 804/1699/366 554/1700/379
f 486/1701/381 742/1702/475 659/1703/473 482/1704/374
f 588/1480/406 640/1479/410 641/1638/495 414/1637/407
f 554/1700/379 804/1699/366 670/1214/366 555/1213/379
f 482/1704/374 659/1703/473 660/1692/474 483/1691/375
f 418/1116/370 642/1115/371 643/1118/371 477/1117/370
f 426/1226/418 672/1225/501 805/1705/424 556/1706/388
f 556/1706/388 805/1705/424 696/1382/424 557/1381/388
f 531/1707/398 735/1708/488 743/1709/487 528/1710/399
f 454/1711/386 647/1712/426 646/1713/425 453/1714/376
f 529/1715/457 739/1716/531 744/1717/534 530/1718/458
f 481/1682/368 648/1681/377 649/1719/378 416/1720/369
o Torus.005_Torus.004
v 0.220015 -0.047691 -0.251092
v 0.195931 -0.047691 -0.244633
v 0.178262 -0.047691 -0.227001
v 0.171673 -0.047691 -0.202844
v 0.178007 -0.047691 -0.178544
v 0.195681 -0.047691 -0.160603
v 0.220015 -0.047691 -0.154021
v 0.244349 -0.047691 -0.160603
v 0.262026 -0.047691 -0.178544
v 0.268354 -0.047691 -0.202844
v 0.261770 -0.047691 -0.227000
v 0.244099 -0.047691 -0.244633
v 0.220015 -0.109963 -0.244959
v 0.195931 -0.108702 -0.238625
v 0.178263 -0.105262 -0.221333
v 0.171673 -0.100552 -0.197641
v 0.178007 -0.095808 -0.173808
v 0.195680 -0.092307 -0.156208
v 0.220015 -0.091025 -0.149751
v 0.244349 -0.092307 -0.156208
v 0.262026 -0.095808 -0.173808
v 0.268354 -0.100552 -0.197641
v 0.261770 -0.105262 -0.221329
v 0.244099 -0.108702 -0.238625
v 0.220015 -0.169841 -0.226792
v 0.195932 -0.167370 -0.220831
v 0.178262 -0.160621 -0.204534
v 0.171673 -0.151377 -0.182225
v 0.178006 -0.142075 -0.159768
v 0.195680 -0.135212 -0.143199
v 0.220015 -0.132689 -0.137106
v 0.244349 -0.135212 -0.143199
v 0.262026 -0.142076 -0.159771
v 0.268354 -0.151377 -0.182225
v 0.261770 -0.160621 -0.204534
v 0.244098 -0.167370 -0.220831
v 0.220015 -0.225019 -0.197299
v 0.195934 -0.221438 -0.191928
v 0.178263 -0.211639 -0.177266
v 0.171673 -0.198220 -0.157186
v 0.178006 -0.184711 -0.136974
v 0.195682 -0.174753 -0.122069
v 0.220015 -0.171086 -0.116577
v 0.244348 -0.174753 -0.122069
v 0.262027 -0.184711 -0.136974
v 0.268354 -0.198220 -0.157186
v 0.261769 -0.211639 -0.177266
v 0.244096 -0.221438 -0.191928
v 0.220015 -0.273389 -0.157604
v 0.195936 -0.268824 -0.153035
v 0.178262 -0.256359 -0.140577
v 0.171674 -0.239277 -0.123491
v 0.178006 -0.222086 -0.106301
v 0.195683 -0.209410 -0.093621
v 0.220015 -0.204747 -0.088961
v 0.244346 -0.209410 -0.093621
v 0.262026 -0.222086 -0.106301
v 0.268354 -0.239277 -0.123491
v 0.261770 -0.256359 -0.140574
v 0.244094 -0.268824 -0.153035
v 0.220015 -0.313086 -0.109236
v 0.195935 -0.307715 -0.105649
v 0.178262 -0.293060 -0.095854
v 0.171673 -0.272969 -0.082431
v 0.178007 -0.252757 -0.068929
v 0.195683 -0.237852 -0.058964
v 0.220015 -0.232371 -0.055302
v 0.244346 -0.237852 -0.058964
v 0.262026 -0.252759 -0.068929
v 0.268354 -0.272969 -0.082431
v 0.261770 -0.293058 -0.095854
v 0.244094 -0.307717 -0.105649
v 0.220015 -0.342577 -0.054053
v 0.195936 -0.336616 -0.051579
v 0.178262 -0.320329 -0.044836
v 0.171673 -0.298006 -0.035591
v 0.178007 -0.275549 -0.026286
v 0.195684 -0.258987 -0.019429
v 0.220015 -0.252891 -0.016902
v 0.244346 -0.258987 -0.019429
v 0.262026 -0.275551 -0.026286
v 0.268354 -0.298006 -0.035591
v 0.261770 -0.320326 -0.044836
v 0.244094 -0.336617 -0.051579
v 0.220015 -0.360737 0.005825
v 0.195938 -0.354416 0.007083
v 0.178262 -0.337123 0.010523
v 0.171674 -0.313426 0.015235
v 0.178006 -0.289581 0.019979
v 0.195686 -0.272000 0.023475
v 0.220015 -0.265532 0.024763
v 0.244344 -0.272000 0.023475
v 0.262026 -0.289583 0.019979
v 0.268353 -0.313426 0.015235
v 0.261771 -0.337123 0.010523
v 0.244091 -0.354416 0.007083
v 0.220015 -0.366869 0.068094
v 0.195939 -0.360426 0.068094
v 0.178262 -0.342792 0.068094
v 0.171674 -0.318633 0.068094
v 0.178006 -0.294321 0.068094
v 0.195687 -0.276394 0.068094
v 0.220015 -0.269804 0.068094
v 0.244343 -0.276394 0.068094
v 0.262027 -0.294321 0.068094
v 0.268353 -0.318633 0.068094
v 0.261771 -0.342792 0.068094
v 0.244090 -0.360426 0.068094
v 0.220015 -0.360737 0.130363
v 0.195938 -0.354416 0.129105
v 0.178262 -0.337123 0.125665
v 0.171674 -0.313426 0.120953
v 0.178006 -0.289581 0.116209
v 0.195685 -0.272000 0.112713
v 0.220015 -0.265533 0.111425
v 0.244344 -0.272000 0.112713
v 0.262026 -0.289583 0.116209
v 0.268353 -0.313426 0.120953
v 0.261771 -0.337123 0.125665
v 0.244091 -0.354416 0.129105
v 0.220015 -0.342577 0.190241
v 0.195936 -0.336617 0.187767
v 0.178262 -0.320328 0.181024
v 0.171673 -0.298006 0.171779
v 0.178007 -0.275550 0.162474
v 0.195684 -0.258987 0.155613
v 0.220015 -0.252893 0.153090
v 0.244346 -0.258987 0.155613
v 0.262026 -0.275552 0.162474
v 0.268354 -0.298006 0.171779
v 0.261771 -0.320326 0.181024
v 0.244094 -0.336616 0.187767
v 0.220015 -0.313086 0.245423
v 0.195934 -0.307715 0.241836
v 0.178262 -0.293058 0.232042
v 0.171673 -0.272971 0.218619
v 0.178007 -0.252758 0.205117
v 0.195683 -0.237851 0.195152
v 0.220015 -0.232371 0.191490
v 0.244346 -0.237852 0.195152
v 0.262026 -0.252759 0.205117
v 0.268354 -0.272969 0.218619
v 0.261770 -0.293057 0.232042
v 0.244095 -0.307715 0.241836
v 0.220015 -0.273389 0.293792
v 0.195934 -0.268824 0.289223
v 0.178263 -0.256359 0.276758
v 0.171673 -0.239277 0.259679
v 0.178006 -0.222086 0.242488
v 0.195683 -0.209410 0.229809
v 0.220015 -0.204747 0.225149
v 0.244346 -0.209410 0.229809
v 0.262026 -0.222086 0.242488
v 0.268354 -0.239277 0.259679
v 0.261770 -0.256357 0.276758
v 0.244095 -0.268824 0.289223
v 0.220015 -0.225018 0.333486
v 0.195933 -0.221438 0.328116
v 0.178263 -0.211639 0.313454
v 0.171673 -0.198220 0.293374
v 0.178006 -0.184711 0.273162
v 0.195682 -0.174753 0.258257
v 0.220015 -0.171086 0.252765
v 0.244347 -0.174753 0.258257
v 0.262026 -0.184711 0.273162
v 0.268354 -0.198220 0.293374
v 0.261769 -0.211639 0.313454
v 0.244096 -0.221438 0.328116
v 0.220015 -0.169840 0.362980
v 0.195932 -0.167370 0.357019
v 0.178263 -0.160621 0.340722
v 0.171673 -0.151377 0.318413
v 0.178006 -0.142075 0.295955
v 0.195683 -0.135212 0.279384
v 0.220015 -0.132690 0.273294
v 0.244347 -0.135212 0.279384
v 0.262027 -0.142076 0.295955
v 0.268354 -0.151377 0.318413
v 0.261770 -0.160621 0.340722
v 0.244098 -0.167370 0.357019
v 0.220015 -0.109963 0.381147
v 0.195931 -0.108702 0.374813
v 0.178263 -0.105262 0.357521
v 0.171674 -0.100552 0.333833
v 0.178006 -0.095808 0.309983
v 0.195687 -0.092307 0.292396
v 0.220015 -0.091024 0.285939
v 0.244342 -0.092307 0.292396
v 0.262027 -0.095808 0.309983
v 0.268354 -0.100552 0.333833
v 0.261770 -0.105262 0.357517
v 0.244099 -0.108702 0.374813
v 0.220015 -0.047691 0.387280
v 0.195931 -0.047691 0.380821
v 0.178262 -0.047691 0.363188
v 0.171674 -0.047691 0.339033
v 0.178005 -0.047691 0.314722
v 0.195689 -0.047691 0.296792
v 0.220015 -0.047691 0.290208
v 0.244341 -0.047691 0.296792
v 0.262027 -0.047691 0.314722
v 0.268353 -0.047691 0.339033
v 0.261770 -0.047691 0.363188
v 0.244099 -0.047691 0.380820
v 0.220015 0.014576 0.381147
v 0.195931 0.013317 0.374813
v 0.178263 0.009879 0.357521
v 0.171674 0.005167 0.333833
v 0.178006 0.000423 0.309983
v 0.195687 -0.003076 0.292396
v 0.220015 -0.004360 0.285939
v 0.244342 -0.003076 0.292396
v 0.262027 0.000425 0.309983
v 0.268354 0.005167 0.333833
v 0.261770 0.009879 0.357517
v 0.244098 0.013317 0.374813
v 0.220015 0.074454 0.362980
v 0.195932 0.071983 0.357019
v 0.178262 0.065236 0.340723
v 0.171673 0.055992 0.318413
v 0.178006 0.046691 0.295955
v 0.195682 0.039829 0.279384
v 0.220015 0.037307 0.273294
v 0.244347 0.039830 0.279384
v 0.262027 0.046693 0.295955
v 0.268354 0.055992 0.318413
v 0.261770 0.065236 0.340722
v 0.244098 0.071983 0.357019
v 0.220015 0.129636 0.333486
v 0.195933 0.126055 0.328116
v 0.178262 0.116254 0.313454
v 0.171673 0.102834 0.293374
v 0.178007 0.089329 0.273162
v 0.195681 0.079370 0.258257
v 0.220015 0.075702 0.252765
v 0.244348 0.079370 0.258257
v 0.262026 0.089329 0.273162
v 0.268354 0.102834 0.293374
v 0.261770 0.116254 0.313454
v 0.244096 0.126055 0.328116
v 0.220015 0.178004 0.293787
v 0.195936 0.173440 0.289224
v 0.178262 0.160976 0.276758
v 0.171673 0.143892 0.259679
v 0.178006 0.126704 0.242489
v 0.195682 0.114025 0.229809
v 0.220015 0.109362 0.225149
v 0.244347 0.114025 0.229809
v 0.262026 0.126705 0.242489
v 0.268354 0.143892 0.259679
v 0.261770 0.160976 0.276758
v 0.244093 0.173440 0.289224
v 0.220015 0.217700 0.245424
v 0.195938 0.212330 0.241836
v 0.178263 0.197680 0.232046
v 0.171674 0.177588 0.218619
v 0.178006 0.157375 0.205118
v 0.195683 0.142465 0.195152
v 0.220015 0.136985 0.191490
v 0.244347 0.142465 0.195152
v 0.262027 0.157375 0.205118
v 0.268353 0.177588 0.218619
v 0.261770 0.197677 0.232046
v 0.244092 0.212330 0.241836
v 0.220015 0.247196 0.190246
v 0.195937 0.241229 0.187766
v 0.178262 0.224948 0.181028
v 0.171674 0.202625 0.171779
v 0.178006 0.180163 0.162474
v 0.195685 0.163602 0.155613
v 0.220015 0.157508 0.153090
v 0.244344 0.163602 0.155613
v 0.262027 0.180165 0.162474
v 0.268353 0.202623 0.171779
v 0.261770 0.224946 0.181024
v 0.244093 0.241229 0.187766
v 0.220015 0.265358 0.130363
v 0.195936 0.259028 0.129105
v 0.178262 0.241737 0.125665
v 0.171674 0.218040 0.120953
v 0.178007 0.194195 0.116209
v 0.195686 0.176617 0.112713
v 0.220015 0.170147 0.111425
v 0.244343 0.176618 0.112713
v 0.262026 0.194195 0.116209
v 0.268353 0.218040 0.120953
v 0.261771 0.241737 0.125665
v 0.244094 0.259028 0.129105
v 0.220015 0.271490 0.068094
v 0.195936 0.265036 0.068094
v 0.178261 0.247407 0.068094
v 0.171674 0.223246 0.068094
v 0.178006 0.198937 0.068094
v 0.195686 0.181008 0.068094
v 0.220015 0.174415 0.068094
v 0.244343 0.181008 0.068094
v 0.262026 0.198938 0.068094
v 0.268353 0.223246 0.068094
v 0.261771 0.247407 0.068094
v 0.244093 0.265036 0.068094
v 0.220015 0.265358 0.005825
v 0.195936 0.259028 0.007083
v 0.178262 0.241737 0.010523
v 0.171674 0.218040 0.015235
v 0.178007 0.194193 0.019979
v 0.195686 0.176618 0.023475
v 0.220015 0.170147 0.024763
v 0.244343 0.176618 0.023475
v 0.262026 0.194195 0.019979
v 0.268353 0.218040 0.015235
v 0.261771 0.241737 0.010523
v 0.244094 0.259028 0.007083
v 0.220015 0.247196 -0.054058
v 0.195937 0.241229 -0.051578
v 0.178262 0.224948 -0.044840
v 0.171674 0.202625 -0.035591
v 0.178006 0.180163 -0.026286
v 0.195685 0.163603 -0.019429
v 0.220015 0.157506 -0.016902
v 0.244344 0.163603 -0.019429
v 0.262026 0.180163 -0.026286
v 0.268353 0.202623 -0.035591
v 0.261770 0.224946 -0.044837
v 0.244093 0.241229 -0.051578
v 0.220015 0.217700 -0.109236
v 0.195938 0.212330 -0.105649
v 0.178262 0.197680 -0.095859
v 0.171674 0.177588 -0.082431
v 0.178006 0.157375 -0.068930
v 0.195682 0.142465 -0.058964
v 0.220015 0.136984 -0.055302
v 0.244347 0.142465 -0.058964
v 0.262026 0.157375 -0.068930
v 0.268353 0.177588 -0.082431
v 0.261770 0.197678 -0.095858
v 0.244091 0.212330 -0.105648
v 0.220015 0.178004 -0.157599
v 0.195937 0.173442 -0.153036
v 0.178263 0.160976 -0.140578
v 0.171674 0.143892 -0.123491
v 0.178006 0.126704 -0.106301
v 0.195682 0.114025 -0.093621
v 0.220015 0.109362 -0.088961
v 0.244347 0.114025 -0.093621
v 0.262026 0.126705 -0.106301
v 0.268354 0.143892 -0.123491
v 0.261770 0.160976 -0.140578
v 0.244092 0.173442 -0.153036
v 0.220015 0.129636 -0.197298
v 0.195934 0.126055 -0.191928
v 0.178262 0.116254 -0.177266
v 0.171673 0.102834 -0.157186
v 0.178006 0.089328 -0.136974
v 0.195681 0.079370 -0.122069
v 0.220015 0.075701 -0.116577
v 0.244348 0.079370 -0.122069
v 0.262026 0.089329 -0.136974
v 0.268354 0.102834 -0.157186
v 0.261770 0.116254 -0.177266
v 0.244095 0.126055 -0.191928
v 0.220015 0.074454 -0.226792
v 0.195932 0.071985 -0.220831
v 0.178262 0.065236 -0.204535
v 0.171673 0.055992 -0.182225
v 0.178006 0.046691 -0.159767
v 0.195680 0.039830 -0.143199
v 0.220015 0.037306 -0.137106
v 0.244349 0.039830 -0.143199
v 0.262026 0.046693 -0.159771
v 0.268354 0.055992 -0.182225
v 0.261770 0.065236 -0.204534
v 0.244098 0.071985 -0.220831
v 0.220015 0.014576 -0.244959
v 0.195931 0.013317 -0.238626
v 0.178263 0.009879 -0.221333
v 0.171673 0.005167 -0.197641
v 0.178007 0.000425 -0.173808
v 0.195680 -0.003076 -0.156208
v 0.220015 -0.004360 -0.149751
v 0.244350 -0.003076 -0.156208
v 0.262026 0.000425 -0.173808
v 0.268354 0.005166 -0.197641
v 0.261770 0.009879 -0.221329
v 0.244098 0.013317 -0.238625
vt 0.606038 0.944580
vt 0.606173 0.939513
vt 0.608190 0.939618
vt 0.608057 0.944582
vt 0.609949 0.939805
vt 0.609824 0.944489
vt 0.324580 0.851450
vt 0.324580 0.856136
vt 0.322706 0.855944
vt 0.322706 0.851642
vt 0.320701 0.855751
vt 0.320701 0.851835
vt 0.319103 0.855609
vt 0.319103 0.851977
vt 0.983009 0.567892
vt 0.983009 0.571523
vt 0.981256 0.571471
vt 0.981256 0.567944
vt 0.979215 0.571523
vt 0.979215 0.567892
vt 0.977444 0.571666
vt 0.977444 0.567749
vt 0.724011 0.844636
vt 0.724011 0.848553
vt 0.722122 0.848746
vt 0.722122 0.844443
vt 0.720127 0.848938
vt 0.720127 0.844252
vt 0.718553 0.849078
vt 0.718554 0.844112
vt 0.604303 0.944482
vt 0.604436 0.939518
vt 0.606574 0.934551
vt 0.608583 0.934756
vt 0.610320 0.935217
vt 0.323672 0.860732
vt 0.321872 0.860164
vt 0.319942 0.859592
vt 0.318399 0.859171
vt 0.983202 0.575085
vt 0.981443 0.574930
vt 0.979407 0.575085
vt 0.977652 0.575507
vt 0.724770 0.852394
vt 0.722956 0.852966
vt 0.721036 0.853534
vt 0.719516 0.853948
vt 0.604829 0.934656
vt 0.607225 0.929884
vt 0.609221 0.930183
vt 0.610922 0.930903
vt 0.321890 0.865061
vt 0.320236 0.864139
vt 0.318452 0.863210
vt 0.317019 0.862526
vt 0.983578 0.578441
vt 0.981809 0.578189
vt 0.979784 0.578441
vt 0.978058 0.579125
vt 0.726260 0.856012
vt 0.724592 0.856941
vt 0.722817 0.857863
vt 0.721404 0.858537
vt 0.605467 0.930083
vt 0.608102 0.925691
vt 0.610079 0.926076
vt 0.611732 0.927027
vt 0.319304 0.868958
vt 0.317860 0.867716
vt 0.316290 0.866467
vt 0.315013 0.865546
vt 0.984126 0.581460
vt 0.982341 0.581121
vt 0.980332 0.581460
vt 0.978649 0.582382
vt 0.728422 0.859269
vt 0.726967 0.860518
vt 0.725404 0.861759
vt 0.724146 0.862665
vt 0.606326 0.925976
vt 0.973021 0.170048
vt 0.972257 0.165834
vt 0.974259 0.165587
vt 0.975008 0.169716
vt 0.975979 0.164914
vt 0.976685 0.168811
vt 0.316011 0.872271
vt 0.314837 0.870758
vt 0.313538 0.869236
vt 0.312461 0.868113
vt 0.984125 0.595564
vt 0.983578 0.598583
vt 0.981809 0.598835
vt 0.982341 0.595902
vt 0.979784 0.598583
vt 0.980331 0.595564
vt 0.978058 0.597898
vt 0.978648 0.594642
vt 0.731173 0.862038
vt 0.729990 0.863560
vt 0.728696 0.865073
vt 0.727635 0.866177
vt 0.971253 0.169716
vt 0.970504 0.165587
vt 0.971731 0.161151
vt 0.973744 0.160999
vt 0.975492 0.160585
vt 0.312139 0.874874
vt 0.311283 0.873148
vt 0.310302 0.871412
vt 0.309461 0.870131
vt 0.983201 0.601938
vt 0.981443 0.602094
vt 0.979407 0.601938
vt 0.977651 0.601517
vt 0.734409 0.864214
vt 0.733544 0.865950
vt 0.732568 0.867676
vt 0.731738 0.868936
vt 0.969989 0.160999
vt 0.971462 0.156180
vt 0.973480 0.156129
vt 0.975244 0.155989
vt 0.307837 0.876668
vt 0.307333 0.874795
vt 0.306707 0.872910
vt 0.306127 0.871521
vt 0.983009 0.605500
vt 0.981256 0.605553
vt 0.979215 0.605500
vt 0.977444 0.605358
vt 0.738004 0.865713
vt 0.737494 0.867597
vt 0.736869 0.869470
vt 0.736296 0.870837
vt 0.969726 0.156129
vt 0.971462 0.151112
vt 0.973480 0.151163
vt 0.975244 0.151303
vt 0.303271 0.877582
vt 0.303140 0.875634
vt 0.302891 0.873674
vt 0.302588 0.872229
vt 0.983009 0.609132
vt 0.981256 0.609080
vt 0.979215 0.609132
vt 0.977444 0.609274
vt 0.741821 0.866477
vt 0.741687 0.868437
vt 0.741436 0.870384
vt 0.741136 0.871806
vt 0.969726 0.151163
vt 0.971731 0.146141
vt 0.973743 0.146292
vt 0.975492 0.146707
vt 0.298614 0.877582
vt 0.298865 0.875634
vt 0.298999 0.873674
vt 0.298979 0.872229
vt 0.983201 0.612694
vt 0.981443 0.612539
vt 0.979407 0.612694
vt 0.977651 0.613116
vt 0.745712 0.866477
vt 0.745962 0.868437
vt 0.746092 0.870384
vt 0.746070 0.871806
vt 0.969989 0.146292
vt 0.972257 0.141458
vt 0.974259 0.141705
vt 0.975979 0.142377
vt 0.294047 0.876667
vt 0.294672 0.874794
vt 0.295182 0.872910
vt 0.295440 0.871521
vt 0.983578 0.616049
vt 0.981809 0.615797
vt 0.979784 0.616049
vt 0.978058 0.616734
vt 0.749529 0.865713
vt 0.750155 0.867597
vt 0.750659 0.869470
vt 0.750910 0.870837
vt 0.970505 0.141705
vt 0.973021 0.137243
vt 0.975008 0.137575
vt 0.976685 0.138481
vt 0.289746 0.874874
vt 0.290723 0.873148
vt 0.291587 0.871411
vt 0.292106 0.870131
vt 0.984125 0.619069
vt 0.982340 0.618730
vt 0.980331 0.619069
vt 0.978648 0.619990
vt 0.753125 0.864214
vt 0.754104 0.865951
vt 0.754961 0.867677
vt 0.755469 0.868936
vt 0.971253 0.137575
vt 0.973993 0.133659
vt 0.975961 0.134064
vt 0.288916 0.876133
vt 0.284813 0.873374
vt 0.285874 0.872270
vt 0.287168 0.870758
vt 0.288351 0.869236
vt 0.289106 0.868113
vt 0.981848 0.664928
vt 0.981028 0.662910
vt 0.983017 0.662498
vt 0.983813 0.664457
vt 0.983017 0.621224
vt 0.981028 0.621637
vt 0.752283 0.862934
vt 0.755283 0.860916
vt 0.756360 0.862039
vt 0.757659 0.863561
vt 0.758832 0.865073
vt 0.759571 0.866177
vt 0.972206 0.134064
vt 0.588412 0.925691
vt 0.587536 0.929300
vt 0.585777 0.929679
vt 0.586636 0.926143
vt 0.281324 0.869863
vt 0.282582 0.868957
vt 0.284145 0.867716
vt 0.285600 0.866466
vt 0.979400 0.664033
vt 0.978649 0.661264
vt 0.980331 0.660343
vt 0.982341 0.660003
vt 0.983813 0.623183
vt 0.981847 0.623655
vt 0.757836 0.858348
vt 0.759112 0.859269
vt 0.760682 0.860519
vt 0.762125 0.861760
vt 0.592043 0.927103
vt 0.591232 0.930440
vt 0.589531 0.929578
vt 0.590390 0.926043
vt 0.586884 0.933533
vt 0.585139 0.933826
vt 0.278582 0.865734
vt 0.279996 0.865060
vt 0.281770 0.864138
vt 0.283438 0.863210
vt 0.978058 0.658008
vt 0.979784 0.657323
vt 0.981809 0.657071
vt 0.983578 0.657323
vt 0.984125 0.660343
vt 0.759840 0.855328
vt 0.761274 0.856013
vt 0.763058 0.856941
vt 0.764711 0.857864
vt 0.590630 0.934353
vt 0.588893 0.933726
vt 0.586483 0.938228
vt 0.584746 0.938427
vt 0.276694 0.861146
vt 0.278213 0.860731
vt 0.280134 0.860163
vt 0.281949 0.859591
vt 0.977652 0.654389
vt 0.979407 0.653967
vt 0.981442 0.653813
vt 0.983201 0.653967
vt 0.761221 0.851973
vt 0.762763 0.852395
vt 0.764694 0.852967
vt 0.766494 0.853534
vt 0.590259 0.938694
vt 0.588500 0.938326
vt 0.586348 0.943205
vt 0.584614 0.943303
vt 0.275732 0.856275
vt 0.277305 0.856135
vt 0.279300 0.855943
vt 0.281190 0.855750
vt 0.977444 0.650548
vt 0.979215 0.650406
vt 0.981256 0.650353
vt 0.983008 0.650405
vt 0.761925 0.848411
vt 0.763522 0.848554
vt 0.765527 0.848747
vt 0.767402 0.848938
vt 0.590134 0.943295
vt 0.588367 0.943202
vt 0.586483 0.948272
vt 0.584746 0.948267
vt 0.275732 0.851309
vt 0.277305 0.851449
vt 0.279300 0.851641
vt 0.281190 0.851834
vt 0.977444 0.646632
vt 0.979215 0.646774
vt 0.981256 0.646826
vt 0.983008 0.646774
vt 0.761925 0.844780
vt 0.763522 0.844637
vt 0.765528 0.844444
vt 0.767402 0.844252
vt 0.590259 0.947979
vt 0.588500 0.948166
vt 0.586884 0.953234
vt 0.585139 0.953129
vt 0.276694 0.846438
vt 0.278214 0.846853
vt 0.280134 0.847421
vt 0.281949 0.847993
vt 0.977651 0.642790
vt 0.979407 0.643212
vt 0.981443 0.643367
vt 0.983201 0.643212
vt 0.761221 0.841217
vt 0.762764 0.840796
vt 0.764694 0.840224
vt 0.766494 0.839656
vt 0.590630 0.952567
vt 0.588893 0.953028
vt 0.587536 0.957901
vt 0.585777 0.957702
vt 0.278583 0.841850
vt 0.279996 0.842524
vt 0.281770 0.843446
vt 0.283438 0.844375
vt 0.978058 0.639172
vt 0.979784 0.639857
vt 0.981809 0.640109
vt 0.983578 0.639857
vt 0.759841 0.837862
vt 0.761274 0.837178
vt 0.763058 0.836250
vt 0.764712 0.835327
vt 0.591232 0.956882
vt 0.589531 0.957601
vt 0.588412 0.962093
vt 0.586637 0.961809
vt 0.281325 0.837721
vt 0.282583 0.838627
vt 0.284145 0.839869
vt 0.285600 0.841118
vt 0.978648 0.635916
vt 0.980331 0.636837
vt 0.982340 0.637176
vt 0.984125 0.636837
vt 0.757836 0.834843
vt 0.759112 0.833921
vt 0.760683 0.832672
vt 0.762125 0.831430
vt 0.592043 0.960758
vt 0.590390 0.961708
vt 0.973021 0.085011
vt 0.972257 0.089224
vt 0.970505 0.089471
vt 0.971253 0.085342
vt 0.284814 0.834210
vt 0.285875 0.835313
vt 0.287169 0.836827
vt 0.288352 0.838349
vt 0.978648 0.706202
vt 0.978058 0.702945
vt 0.979784 0.702260
vt 0.980331 0.705280
vt 0.981809 0.702009
vt 0.982340 0.704941
vt 0.983578 0.702260
vt 0.984125 0.705280
vt 0.755284 0.832275
vt 0.756361 0.831152
vt 0.757660 0.829630
vt 0.758834 0.828117
vt 0.976686 0.086248
vt 0.975979 0.090144
vt 0.974259 0.089471
vt 0.975008 0.085342
vt 0.971731 0.093907
vt 0.969989 0.094059
vt 0.288917 0.831451
vt 0.289746 0.832710
vt 0.290723 0.834436
vt 0.291588 0.836173
vt 0.977651 0.699327
vt 0.979407 0.698905
vt 0.981442 0.698750
vt 0.983201 0.698905
vt 0.752283 0.830257
vt 0.753125 0.828976
vt 0.754105 0.827240
vt 0.754962 0.825513
vt 0.975493 0.094474
vt 0.973744 0.094059
vt 0.971462 0.098878
vt 0.969726 0.098930
vt 0.293475 0.829551
vt 0.294048 0.830917
vt 0.294673 0.832790
vt 0.295183 0.834675
vt 0.977444 0.695486
vt 0.979215 0.695344
vt 0.981256 0.695291
vt 0.983008 0.695344
vt 0.748950 0.828867
vt 0.749530 0.827478
vt 0.750156 0.825593
vt 0.750660 0.823720
vt 0.975245 0.099070
vt 0.973481 0.098930
vt 0.971462 0.103947
vt 0.969726 0.103896
vt 0.298315 0.828582
vt 0.298615 0.830003
vt 0.298866 0.831951
vt 0.299000 0.833911
vt 0.977444 0.691569
vt 0.979215 0.691712
vt 0.981256 0.691764
vt 0.983008 0.691712
vt 0.745410 0.828159
vt 0.745713 0.826713
vt 0.745963 0.824754
vt 0.746093 0.822806
vt 0.975245 0.103756
vt 0.973481 0.103896
vt 0.971731 0.108918
vt 0.969989 0.108766
vt 0.303249 0.828582
vt 0.303271 0.830003
vt 0.303141 0.831951
vt 0.302891 0.833911
vt 0.977652 0.687728
vt 0.979407 0.688150
vt 0.981442 0.688305
vt 0.983200 0.688150
vt 0.741802 0.828158
vt 0.741822 0.826714
vt 0.741687 0.824754
vt 0.741437 0.822806
vt 0.975493 0.108352
vt 0.973744 0.108766
vt 0.972257 0.113601
vt 0.970505 0.113354
vt 0.308089 0.829551
vt 0.307839 0.830917
vt 0.307334 0.832790
vt 0.306708 0.834675
vt 0.978058 0.684110
vt 0.979784 0.684794
vt 0.981809 0.685046
vt 0.983578 0.684794
vt 0.738262 0.828867
vt 0.738005 0.827477
vt 0.737495 0.825593
vt 0.736870 0.823720
vt 0.975979 0.112681
vt 0.974259 0.113354
vt 0.973021 0.117815
vt 0.971254 0.117483
vt 0.312648 0.831452
vt 0.312140 0.832711
vt 0.311283 0.834437
vt 0.310303 0.836173
vt 0.978648 0.680853
vt 0.980331 0.681775
vt 0.982340 0.682114
vt 0.984125 0.681775
vt 0.734929 0.830257
vt 0.734409 0.828976
vt 0.733545 0.827239
vt 0.732568 0.825513
vt 0.976686 0.116578
vt 0.975008 0.117483
vt 0.973993 0.121399
vt 0.972206 0.120995
vt 0.316750 0.834211
vt 0.316012 0.835314
vt 0.314838 0.836827
vt 0.313539 0.838349
vt 0.312462 0.839472
vt 0.309462 0.837454
vt 0.981028 0.679207
vt 0.983017 0.679620
vt 0.983814 0.553840
vt 0.983018 0.555800
vt 0.981029 0.555387
vt 0.981848 0.553369
vt 0.731928 0.832274
vt 0.731174 0.831151
vt 0.729990 0.829629
vt 0.728696 0.828116
vt 0.727636 0.827013
vt 0.731738 0.824254
vt 0.975960 0.120995
vt 0.608102 0.962093
vt 0.607225 0.958484
vt 0.609221 0.958206
vt 0.610079 0.961742
vt 0.610922 0.957345
vt 0.611732 0.960682
vt 0.319303 0.838628
vt 0.317861 0.839870
vt 0.316291 0.841119
vt 0.315014 0.842040
vt 0.981847 0.677189
vt 0.983813 0.677661
vt 0.982341 0.558294
vt 0.980332 0.557955
vt 0.978649 0.557034
vt 0.979401 0.554264
vt 0.728422 0.833921
vt 0.726967 0.832672
vt 0.725405 0.831430
vt 0.724146 0.830524
vt 0.606326 0.961641
vt 0.605467 0.958106
vt 0.606574 0.954251
vt 0.608583 0.954058
vt 0.610320 0.953431
vt 0.321890 0.842525
vt 0.320236 0.843447
vt 0.318453 0.844375
vt 0.317019 0.845060
vt 0.984126 0.557955
vt 0.983579 0.560974
vt 0.981809 0.561226
vt 0.979784 0.560974
vt 0.978058 0.560290
vt 0.726259 0.837177
vt 0.724592 0.836249
vt 0.722818 0.835326
vt 0.721404 0.834653
vt 0.604829 0.953958
vt 0.606173 0.949556
vt 0.608190 0.949458
vt 0.609949 0.949090
vt 0.323672 0.846854
vt 0.321872 0.847422
vt 0.319942 0.847993
vt 0.318399 0.848415
vt 0.983202 0.564330
vt 0.981443 0.564485
vt 0.979407 0.564330
vt 0.977651 0.563908
vt 0.724770 0.840795
vt 0.722956 0.840224
vt 0.721036 0.839656
vt 0.719516 0.839241
vt 0.604436 0.949358
vn 0.0000 0.0000 -1.0000
vn 0.0000 -0.1951 -0.9808
vn -0.4928 -0.1697 -0.8534
vn -0.4928 0.0000 -0.8701
vn -0.8577 -0.1003 -0.5043
vn -0.8576 0.0000 -0.5142
vn -0.9998 -0.0042 -0.0214
vn -0.9998 0.0000 -0.0217
vn -0.8765 0.0939 0.4721
vn -0.8765 0.0000 0.4813
vn -0.5115 0.1676 0.8427
vn -0.5115 0.0000 0.8592
vn 0.0000 0.1951 0.9808
vn 0.0000 0.0000 1.0000
vn 0.5115 0.1676 0.8427
vn 0.5115 0.0000 0.8593
vn 0.8766 0.0939 0.4720
vn 0.8766 0.0000 0.4813
vn 0.9998 -0.0042 -0.0214
vn 0.9998 0.0000 -0.0217
vn 0.8577 -0.1003 -0.5043
vn 0.8577 0.0000 -0.5141
vn 0.4928 -0.1697 -0.8534
vn 0.4928 0.0000 -0.8701
vn 0.0000 -0.3827 -0.9239
vn -0.4928 -0.3330 -0.8039
vn -0.8577 -0.1968 -0.4750
vn -0.9998 -0.0083 -0.0202
vn -0.8765 0.1842 0.4448
vn -0.5116 0.3288 0.7938
vn 0.0000 0.3827 0.9239
vn 0.5116 0.3288 0.7938
vn 0.8765 0.1842 0.4447
vn 0.9998 -0.0083 -0.0201
vn 0.8577 -0.1968 -0.4750
vn 0.4927 -0.3330 -0.8039
vn 0.0000 -0.5556 -0.8314
vn -0.4927 -0.4834 -0.7235
vn -0.8576 -0.2857 -0.4276
vn -0.9998 -0.0121 -0.0182
vn -0.8764 0.2675 0.4003
vn -0.5116 0.4773 0.7144
vn 0.0000 0.5556 0.8314
vn 0.5116 0.4773 0.7144
vn 0.8765 0.2675 0.4003
vn 0.9998 -0.0121 -0.0182
vn 0.8577 -0.2857 -0.4275
vn 0.4927 -0.4835 -0.7235
vn 0.0000 -0.7071 -0.7071
vn -0.4927 -0.6153 -0.6153
vn -0.8576 -0.3637 -0.3637
vn -0.9998 -0.0154 -0.0154
vn -0.8764 0.3405 0.3405
vn -0.5115 0.6076 0.6076
vn 0.0000 0.7071 0.7071
vn 0.5115 0.6076 0.6076
vn 0.8765 0.3404 0.3404
vn 0.9998 -0.0154 -0.0154
vn 0.8576 -0.3636 -0.3636
vn 0.4927 -0.6153 -0.6153
vn 0.0000 -0.8314 -0.5556
vn -0.4927 -0.7235 -0.4834
vn -0.8576 -0.4276 -0.2857
vn -0.9998 -0.0181 -0.0121
vn -0.8764 0.4003 0.2675
vn -0.5115 0.7144 0.4774
vn 0.0000 0.8314 0.5556
vn 0.5115 0.7144 0.4774
vn 0.8765 0.4003 0.2675
vn 0.9998 -0.0181 -0.0121
vn 0.8576 -0.4276 -0.2857
vn 0.4926 -0.7236 -0.4834
vn 0.0000 -0.9239 -0.3827
vn -0.4926 -0.8040 -0.3330
vn -0.8576 -0.4751 -0.1968
vn -0.9998 -0.0201 -0.0083
vn -0.8764 0.4449 0.1843
vn -0.5115 0.7938 0.3288
vn 0.0000 0.9239 0.3827
vn 0.5115 0.7938 0.3288
vn 0.8765 0.4448 0.1842
vn 0.9998 -0.0201 -0.0083
vn 0.8576 -0.4751 -0.1968
vn 0.4926 -0.8040 -0.3330
vn 0.0000 -0.9808 -0.1951
vn -0.4925 -0.8536 -0.1698
vn -0.8576 -0.5044 -0.1003
vn -0.9998 -0.0214 -0.0042
vn -0.8764 0.4723 0.0939
vn -0.5115 0.8428 0.1676
vn 0.0000 0.9808 0.1951
vn 0.5114 0.8428 0.1676
vn 0.8764 0.4722 0.0939
vn 0.9998 -0.0213 -0.0042
vn 0.8576 -0.5043 -0.1003
vn 0.4925 -0.8536 -0.1698
vn 0.0000 -1.0000 0.0000
vn -0.4925 -0.8703 0.0000
vn -0.8576 -0.5142 0.0000
vn -0.9998 -0.0218 0.0000
vn -0.8764 0.4815 0.0000
vn -0.5114 0.8593 0.0000
vn 0.0000 1.0000 0.0000
vn 0.5114 0.8593 0.0000
vn 0.8764 0.4815 0.0000
vn 0.9998 -0.0218 0.0000
vn 0.8576 -0.5142 0.0000
vn 0.4924 -0.8703 0.0000
vn 0.0000 -0.9808 0.1951
vn -0.4925 -0.8536 0.1698
vn -0.8576 -0.5044 0.1003
vn -0.9998 -0.0214 0.0042
vn -0.8764 0.4723 -0.0939
vn -0.5114 0.8428 -0.1676
vn 0.0000 0.9808 -0.1951
vn 0.5114 0.8428 -0.1676
vn 0.8765 0.4722 -0.0939
vn 0.9998 -0.0213 0.0042
vn 0.8576 -0.5043 0.1003
vn 0.4925 -0.8536 0.1698
vn 0.0000 -0.9239 0.3827
vn -0.4926 -0.8040 0.3330
vn -0.8576 -0.4751 0.1968
vn -0.9998 -0.0201 0.0083
vn -0.8764 0.4448 -0.1842
vn -0.5115 0.7938 -0.3288
vn 0.0000 0.9239 -0.3827
vn 0.5115 0.7939 -0.3288
vn 0.8765 0.4448 -0.1842
vn 0.9998 -0.0201 0.0083
vn 0.8576 -0.4751 0.1968
vn 0.4926 -0.8040 0.3330
vn 0.0000 -0.8314 0.5556
vn -0.4927 -0.7235 0.4834
vn -0.8576 -0.4276 0.2857
vn -0.9998 -0.0181 0.0121
vn -0.8764 0.4003 -0.2675
vn -0.5115 0.7145 -0.4774
vn 0.0000 0.8314 -0.5556
vn 0.5115 0.7145 -0.4774
vn 0.8765 0.4003 -0.2675
vn 0.9998 -0.0181 0.0121
vn 0.8576 -0.4276 0.2857
vn 0.4927 -0.7235 0.4834
vn 0.0000 -0.7071 0.7071
vn -0.4927 -0.6153 0.6153
vn -0.8576 -0.3636 0.3636
vn -0.9998 -0.0154 0.0154
vn -0.8764 0.3405 -0.3405
vn -0.5115 0.6076 -0.6076
vn 0.0000 0.7071 -0.7071
vn 0.5115 0.6076 -0.6076
vn 0.8765 0.3404 -0.3404
vn 0.9998 -0.0154 0.0154
vn 0.8576 -0.3636 0.3636
vn 0.4927 -0.6153 0.6153
vn 0.0000 -0.5556 0.8314
vn -0.4927 -0.4834 0.7235
vn -0.8576 -0.2857 0.4275
vn -0.9998 -0.0121 0.0182
vn -0.8764 0.2675 -0.4003
vn -0.5116 0.4773 -0.7144
vn 0.0000 0.5555 -0.8315
vn 0.5116 0.4773 -0.7144
vn 0.8765 0.2675 -0.4003
vn 0.9998 -0.0121 0.0182
vn 0.8577 -0.2857 0.4275
vn 0.4927 -0.4834 0.7235
vn 0.0000 -0.3827 0.9239
vn -0.4928 -0.3330 0.8039
vn -0.8577 -0.1968 0.4750
vn -0.9998 -0.0084 0.0202
vn -0.8765 0.1842 -0.4448
vn -0.5115 0.3288 -0.7938
vn 0.0000 0.3827 -0.9239
vn 0.5115 0.3288 -0.7939
vn 0.8765 0.1842 -0.4447
vn 0.9998 -0.0084 0.0202
vn 0.8577 -0.1968 0.4750
vn 0.4927 -0.3330 0.8039
vn 0.0000 -0.1951 0.9808
vn -0.4928 -0.1697 0.8534
vn -0.8577 -0.1003 0.5043
vn -0.9998 -0.0043 0.0215
vn -0.8765 0.0939 -0.4722
vn -0.5114 0.1676 -0.8428
vn 0.0000 0.1951 -0.9808
vn 0.5113 0.1676 -0.8429
vn 0.8765 0.0939 -0.4722
vn 0.9998 -0.0043 0.0215
vn 0.8577 -0.1003 0.5043
vn 0.4928 -0.1697 0.8534
vn -0.4928 0.0000 0.8701
vn -0.8577 0.0000 0.5142
vn -0.9998 0.0000 0.0218
vn -0.8764 0.0000 -0.4815
vn -0.5113 0.0000 -0.8594
vn 0.5113 0.0000 -0.8594
vn 0.8765 0.0000 -0.4814
vn 0.9998 0.0000 0.0218
vn 0.8577 0.0000 0.5141
vn 0.4928 0.0000 0.8701
vn -0.4928 0.1697 0.8534
vn -0.8576 0.1003 0.5043
vn -0.9998 0.0043 0.0215
vn -0.8765 -0.0939 -0.4722
vn -0.5114 -0.1676 -0.8428
vn 0.5113 -0.1676 -0.8429
vn 0.8765 -0.0939 -0.4722
vn 0.9998 0.0043 0.0215
vn 0.8577 0.1003 0.5043
vn 0.4928 0.1697 0.8534
vn -0.4928 0.3330 0.8039
vn -0.8577 0.1968 0.4751
vn -0.9998 0.0084 0.0202
vn -0.8765 -0.1842 -0.4448
vn -0.5115 -0.3288 -0.7938
vn 0.5115 -0.3288 -0.7939
vn 0.8765 -0.1842 -0.4447
vn 0.9998 0.0084 0.0202
vn 0.8577 0.1968 0.4750
vn 0.4927 0.3330 0.8039
vn -0.4927 0.4835 0.7235
vn -0.8576 0.2857 0.4275
vn -0.9998 0.0121 0.0181
vn -0.8764 -0.2675 -0.4003
vn -0.5116 -0.4773 -0.7144
vn 0.5116 -0.4773 -0.7144
vn 0.8765 -0.2675 -0.4003
vn 0.9998 0.0121 0.0181
vn 0.8577 0.2857 0.4275
vn 0.4927 0.4835 0.7235
vn -0.4926 0.6153 0.6153
vn -0.8576 0.3637 0.3637
vn -0.9998 0.0154 0.0154
vn -0.8765 -0.3404 -0.3404
vn -0.5116 -0.6076 -0.6076
vn 0.5115 -0.6076 -0.6076
vn 0.8765 -0.3404 -0.3404
vn 0.9998 0.0154 0.0154
vn 0.8576 0.3636 0.3636
vn 0.4926 0.6153 0.6153
vn -0.4926 0.7236 0.4835
vn -0.8575 0.4277 0.2858
vn -0.9998 0.0181 0.0121
vn -0.8765 -0.4003 -0.2675
vn -0.5115 -0.7144 -0.4774
vn 0.5115 -0.7145 -0.4774
vn 0.8765 -0.4003 -0.2674
vn 0.9998 0.0181 0.0121
vn 0.8576 0.4276 0.2857
vn 0.4926 0.7236 0.4835
vn -0.4926 0.8040 0.3330
vn -0.8576 0.4752 0.1968
vn -0.9998 0.0201 0.0083
vn -0.8764 -0.4448 -0.1842
vn -0.5115 -0.7938 -0.3288
vn 0.5114 -0.7939 -0.3288
vn 0.8765 -0.4448 -0.1842
vn 0.9998 0.0201 0.0083
vn 0.8576 0.4751 0.1968
vn 0.4926 0.8040 0.3330
vn -0.4926 0.8535 0.1698
vn -0.8576 0.5044 0.1003
vn -0.9998 0.0213 0.0042
vn -0.8764 -0.4723 -0.0939
vn -0.5115 -0.8428 -0.1676
vn 0.5114 -0.8428 -0.1676
vn 0.8764 -0.4722 -0.0939
vn 0.9998 0.0213 0.0042
vn 0.8576 0.5043 0.1003
vn 0.4926 0.8535 0.1698
vn -0.4926 0.8702 0.0000
vn -0.8576 0.5143 0.0000
vn -0.9998 0.0218 0.0000
vn -0.8764 -0.4815 0.0000
vn -0.5114 -0.8593 0.0000
vn 0.5114 -0.8593 0.0000
vn 0.8764 -0.4815 0.0000
vn 0.9998 0.0218 0.0000
vn 0.8576 0.5142 0.0000
vn 0.4926 0.8702 0.0000
vn -0.4926 0.8535 -0.1698
vn -0.8576 0.5044 -0.1003
vn -0.9998 0.0213 -0.0042
vn -0.8764 -0.4723 0.0939
vn -0.5115 -0.8428 0.1676
vn 0.5114 -0.8428 0.1676
vn 0.8764 -0.4722 0.0939
vn 0.9998 0.0213 -0.0042
vn 0.8576 0.5043 -0.1003
vn 0.4926 0.8535 -0.1698
vn -0.4926 0.8040 -0.3330
vn -0.8575 0.4752 -0.1968
vn -0.9998 0.0201 -0.0083
vn -0.8764 -0.4449 0.1842
vn -0.5115 -0.7938 0.3288
vn 0.5115 -0.7939 0.3288
vn 0.8764 -0.4448 0.1842
vn 0.9998 0.0201 -0.0083
vn 0.8576 0.4751 -0.1968
vn 0.4926 0.8040 -0.3330
vn -0.4926 0.7236 -0.4835
vn -0.8575 0.4277 -0.2858
vn -0.9998 0.0181 -0.0121
vn -0.8765 -0.4003 0.2675
vn -0.5115 -0.7144 0.4774
vn 0.5115 -0.7144 0.4774
vn 0.8765 -0.4003 0.2674
vn 0.9998 0.0181 -0.0121
vn 0.8576 0.4277 -0.2857
vn 0.4926 0.7236 -0.4835
vn -0.4926 0.6153 -0.6153
vn -0.8576 0.3637 -0.3637
vn -0.9998 0.0154 -0.0154
vn -0.8765 -0.3404 0.3404
vn -0.5116 -0.6076 0.6076
vn 0.5115 -0.6076 0.6076
vn 0.8765 -0.3404 0.3404
vn 0.9998 0.0154 -0.0154
vn 0.8576 0.3636 -0.3637
vn 0.4926 0.6154 -0.6153
vn 0.0000 0.5556 -0.8314
vn -0.4927 0.4835 -0.7235
vn -0.8576 0.2857 -0.4276
vn -0.9998 0.0121 -0.0181
vn -0.8764 -0.2675 0.4003
vn -0.5116 -0.4773 0.7144
vn 0.5116 -0.4773 0.7144
vn 0.8765 -0.2675 0.4003
vn 0.9998 0.0121 -0.0181
vn 0.8577 0.2857 -0.4275
vn 0.4926 0.4835 -0.7235
vn -0.4927 0.3330 -0.8039
vn -0.8577 0.1968 -0.4750
vn -0.9998 0.0083 -0.0201
vn -0.8765 -0.1842 0.4448
vn -0.5116 -0.3288 0.7938
vn 0.5116 -0.3288 0.7938
vn 0.8765 -0.1842 0.4447
vn 0.9998 0.0083 -0.0201
vn 0.8577 0.1968 -0.4750
vn 0.4927 0.3330 -0.8039
vn -0.4928 0.1697 -0.8534
vn -0.8576 0.1003 -0.5043
vn -0.9998 0.0042 -0.0214
vn -0.8765 -0.0939 0.4721
vn -0.5115 -0.1676 0.8427
vn 0.5115 -0.1676 0.8427
vn 0.8766 -0.0939 0.4720
vn 0.9998 0.0042 -0.0214
vn 0.8577 0.1003 -0.5043
vn 0.4928 0.1697 -0.8534
usemtl None
s 1
f 855/1721/541 867/1722/542 868/1723/543 856/1724/544
f 856/1724/544 868/1723/543 869/1725/545 857/1726/546
f 857/1727/546 869/1728/545 870/1729/547 858/1730/548
f 858/1730/548 870/1729/547 871/1731/549 859/1732/550
f 859/1732/550 871/1731/549 872/1733/551 860/1734/552
f 860/1735/552 872/1736/551 873/1737/553 861/1738/554
f 861/1738/554 873/1737/553 874/1739/555 862/1740/556
f 862/1740/556 874/1739/555 875/1741/557 863/1742/558
f 863/1743/558 875/1744/557 876/1745/559 864/1746/560
f 864/1746/560 876/1745/559 877/1747/561 865/1748/562
f 865/1748/562 877/1747/561 878/1749/563 866/1750/564
f 866/1751/564 878/1752/563 867/1722/542 855/1721/541
f 867/1722/542 879/1753/565 880/1754/566 868/1723/543
f 868/1723/543 880/1754/566 881/1755/567 869/1725/545
f 869/1728/545 881/1756/567 882/1757/568 870/1729/547
f 870/1729/547 882/1757/568 883/1758/569 871/1731/549
f 871/1731/549 883/1758/569 884/1759/570 872/1733/551
f 872/1736/551 884/1760/570 885/1761/571 873/1737/553
f 873/1737/553 885/1761/571 886/1762/572 874/1739/555
f 874/1739/555 886/1762/572 887/1763/573 875/1741/557
f 875/1744/557 887/1764/573 888/1765/574 876/1745/559
f 876/1745/559 888/1765/574 889/1766/575 877/1747/561
f 877/1747/561 889/1766/575 890/1767/576 878/1749/563
f 878/1752/563 890/1768/576 879/1753/565 867/1722/542
f 879/1753/565 891/1769/577 892/1770/578 880/1754/566
f 880/1754/566 892/1770/578 893/1771/579 881/1755/567
f 881/1756/567 893/1772/579 894/1773/580 882/1757/568
f 882/1757/568 894/1773/580 895/1774/581 883/1758/569
f 883/1758/569 895/1774/581 896/1775/582 884/1759/570
f 884/1760/570 896/1776/582 897/1777/583 885/1761/571
f 885/1761/571 897/1777/583 898/1778/584 886/1762/572
f 886/1762/572 898/1778/584 899/1779/585 887/1763/573
f 887/1764/573 899/1780/585 900/1781/586 888/1765/574
f 888/1765/574 900/1781/586 901/1782/587 889/1766/575
f 889/1766/575 901/1782/587 902/1783/588 890/1767/576
f 890/1768/576 902/1784/588 891/1769/577 879/1753/565
f 891/1769/577 903/1785/589 904/1786/590 892/1770/578
f 892/1770/578 904/1786/590 905/1787/591 893/1771/579
f 893/1772/579 905/1788/591 906/1789/592 894/1773/580
f 894/1773/580 906/1789/592 907/1790/593 895/1774/581
f 895/1774/581 907/1790/593 908/1791/594 896/1775/582
f 896/1776/582 908/1792/594 909/1793/595 897/1777/583
f 897/1777/583 909/1793/595 910/1794/596 898/1778/584
f 898/1778/584 910/1794/596 911/1795/597 899/1779/585
f 899/1780/585 911/1796/597 912/1797/598 900/1781/586
f 900/1781/586 912/1797/598 913/1798/599 901/1782/587
f 901/1782/587 913/1798/599 914/1799/600 902/1783/588
f 902/1784/588 914/1800/600 903/1785/589 891/1769/577
f 903/1801/589 915/1802/601 916/1803/602 904/1804/590
f 904/1804/590 916/1803/602 917/1805/603 905/1806/591
f 905/1788/591 917/1807/603 918/1808/604 906/1789/592
f 906/1789/592 918/1808/604 919/1809/605 907/1790/593
f 907/1790/593 919/1809/605 920/1810/606 908/1791/594
f 908/1811/594 920/1812/606 921/1813/607 909/1814/595
f 909/1814/595 921/1813/607 922/1815/608 910/1816/596
f 910/1816/596 922/1815/608 923/1817/609 911/1818/597
f 911/1796/597 923/1819/609 924/1820/610 912/1797/598
f 912/1797/598 924/1820/610 925/1821/611 913/1798/599
f 913/1798/599 925/1821/611 926/1822/612 914/1799/600
f 914/1823/600 926/1824/612 915/1802/601 903/1801/589
f 915/1802/601 927/1825/613 928/1826/614 916/1803/602
f 916/1803/602 928/1826/614 929/1827/615 917/1805/603
f 917/1807/603 929/1828/615 930/1829/616 918/1808/604
f 918/1808/604 930/1829/616 931/1830/617 919/1809/605
f 919/1809/605 931/1830/617 932/1831/618 920/1810/606
f 920/1812/606 932/1832/618 933/1833/619 921/1813/607
f 921/1813/607 933/1833/619 934/1834/620 922/1815/608
f 922/1815/608 934/1834/620 935/1835/621 923/1817/609
f 923/1819/609 935/1836/621 936/1837/622 924/1820/610
f 924/1820/610 936/1837/622 937/1838/623 925/1821/611
f 925/1821/611 937/1838/623 938/1839/624 926/1822/612
f 926/1824/612 938/1840/624 927/1825/613 915/1802/601
f 927/1825/613 939/1841/625 940/1842/626 928/1826/614
f 928/1826/614 940/1842/626 941/1843/627 929/1827/615
f 929/1828/615 941/1844/627 942/1845/628 930/1829/616
f 930/1829/616 942/1845/628 943/1846/629 931/1830/617
f 931/1830/617 943/1846/629 944/1847/630 932/1831/618
f 932/1832/618 944/1848/630 945/1849/631 933/1833/619
f 933/1833/619 945/1849/631 946/1850/632 934/1834/620
f 934/1834/620 946/1850/632 947/1851/633 935/1835/621
f 935/1836/621 947/1852/633 948/1853/634 936/1837/622
f 936/1837/622 948/1853/634 949/1854/635 937/1838/623
f 937/1838/623 949/1854/635 950/1855/636 938/1839/624
f 938/1840/624 950/1856/636 939/1841/625 927/1825/613
f 939/1841/625 951/1857/637 952/1858/638 940/1842/626
f 940/1842/626 952/1858/638 953/1859/639 941/1843/627
f 941/1844/627 953/1860/639 954/1861/640 942/1845/628
f 942/1845/628 954/1861/640 955/1862/641 943/1846/629
f 943/1846/629 955/1862/641 956/1863/642 944/1847/630
f 944/1848/630 956/1864/642 957/1865/643 945/1849/631
f 945/1849/631 957/1865/643 958/1866/644 946/1850/632
f 946/1850/632 958/1866/644 959/1867/645 947/1851/633
f 947/1852/633 959/1868/645 960/1869/646 948/1853/634
f 948/1853/634 960/1869/646 961/1870/647 949/1854/635
f 949/1854/635 961/1870/647 962/1871/648 950/1855/636
f 950/1856/636 962/1872/648 951/1857/637 939/1841/625
f 951/1857/637 963/1873/649 964/1874/650 952/1858/638
f 952/1858/638 964/1874/650 965/1875/651 953/1859/639
f 953/1860/639 965/1876/651 966/1877/652 954/1861/640
f 954/1861/640 966/1877/652 967/1878/653 955/1862/641
f 955/1862/641 967/1878/653 968/1879/654 956/1863/642
f 956/1864/642 968/1880/654 969/1881/655 957/1865/643
f 957/1865/643 969/1881/655 970/1882/656 958/1866/644
f 958/1866/644 970/1882/656 971/1883/657 959/1867/645
f 959/1868/645 971/1884/657 972/1885/658 960/1869/646
f 960/1869/646 972/1885/658 973/1886/659 961/1870/647
f 961/1870/647 973/1886/659 974/1887/660 962/1871/648
f 962/1872/648 974/1888/660 963/1873/649 951/1857/637
f 963/1873/649 975/1889/661 976/1890/662 964/1874/650
f 964/1874/650 976/1890/662 977/1891/663 965/1875/651
f 965/1876/651 977/1892/663 978/1893/664 966/1877/652
f 966/1877/652 978/1893/664 979/1894/665 967/1878/653
f 967/1878/653 979/1894/665 980/1895/666 968/1879/654
f 968/1880/654 980/1896/666 981/1897/667 969/1881/655
f 969/1881/655 981/1897/667 982/1898/668 970/1882/656
f 970/1882/656 982/1898/668 983/1899/669 971/1883/657
f 971/1884/657 983/1900/669 984/1901/670 972/1885/658
f 972/1885/658 984/1901/670 985/1902/671 973/1886/659
f 973/1886/659 985/1902/671 986/1903/672 974/1887/660
f 974/1888/660 986/1904/672 975/1889/661 963/1873/649
f 975/1889/661 987/1905/673 988/1906/674 976/1890/662
f 976/1890/662 988/1906/674 989/1907/675 977/1891/663
f 977/1892/663 989/1908/675 990/1909/676 978/1893/664
f 978/1893/664 990/1909/676 991/1910/677 979/1894/665
f 979/1894/665 991/1910/677 992/1911/678 980/1895/666
f 980/1896/666 992/1912/678 993/1913/679 981/1897/667
f 981/1897/667 993/1913/679 994/1914/680 982/1898/668
f 982/1898/668 994/1914/680 995/1915/681 983/1899/669
f 983/1900/669 995/1916/681 996/1917/682 984/1901/670
f 984/1901/670 996/1917/682 997/1918/683 985/1902/671
f 985/1902/671 997/1918/683 998/1919/684 986/1903/672
f 986/1904/672 998/1920/684 987/1905/673 975/1889/661
f 987/1905/673 999/1921/685 1000/1922/686 988/1906/674
f 988/1923/674 1000/1924/686 1001/1925/687 989/1908/675
f 989/1908/675 1001/1925/687 1002/1926/688 990/1909/676
f 990/1909/676 1002/1926/688 1003/1927/689 991/1910/677
f 991/1910/677 1003/1927/689 1004/1928/690 992/1911/678
f 992/1929/678 1004/1930/690 1005/1931/691 993/1932/679
f 993/1913/679 1005/1933/691 1006/1934/692 994/1914/680
f 994/1935/680 1006/1936/692 1007/1937/693 995/1916/681
f 995/1916/681 1007/1937/693 1008/1938/694 996/1917/682
f 996/1917/682 1008/1938/694 1009/1939/695 997/1918/683
f 997/1918/683 1009/1939/695 1010/1940/696 998/1919/684
f 998/1920/684 1010/1941/696 999/1921/685 987/1905/673
f 999/1942/685 1011/1943/697 1012/1944/698 1000/1945/686
f 1000/1924/686 1012/1946/698 1013/1947/699 1001/1925/687
f 1001/1925/687 1013/1947/699 1014/1948/700 1002/1926/688
f 1002/1926/688 1014/1948/700 1015/1949/701 1003/1927/689
f 1003/1950/689 1015/1951/701 1016/1952/702 1004/1930/690
f 1004/1930/690 1016/1952/702 1017/1953/703 1005/1931/691
f 1005/1933/691 1017/1954/703 1018/1955/704 1006/1934/692
f 1006/1936/692 1018/1956/704 1019/1957/705 1007/1937/693
f 1007/1937/693 1019/1957/705 1020/1958/706 1008/1938/694
f 1008/1938/694 1020/1958/706 1021/1959/707 1009/1939/695
f 1009/1960/695 1021/1961/707 1022/1962/708 1010/1963/696
f 1010/1963/696 1022/1962/708 1011/1943/697 999/1942/685
f 1011/1943/697 1023/1964/709 1024/1965/710 1012/1944/698
f 1012/1946/698 1024/1966/710 1025/1967/711 1013/1947/699
f 1013/1947/699 1025/1967/711 1026/1968/712 1014/1948/700
f 1014/1948/700 1026/1968/712 1027/1969/713 1015/1949/701
f 1015/1951/701 1027/1970/713 1028/1971/714 1016/1952/702
f 1016/1952/702 1028/1971/714 1029/1972/715 1017/1953/703
f 1017/1953/703 1029/1972/715 1030/1973/716 1018/1974/704
f 1018/1956/704 1030/1975/716 1031/1976/717 1019/1957/705
f 1019/1957/705 1031/1976/717 1032/1977/718 1020/1958/706
f 1020/1958/706 1032/1977/718 1033/1978/719 1021/1959/707
f 1021/1961/707 1033/1979/719 1034/1980/720 1022/1962/708
f 1022/1962/708 1034/1980/720 1023/1964/709 1011/1943/697
f 1023/1964/709 1035/1981/721 1036/1982/722 1024/1965/710
f 1024/1966/710 1036/1983/722 1037/1984/723 1025/1967/711
f 1025/1967/711 1037/1984/723 1038/1985/724 1026/1968/712
f 1026/1968/712 1038/1985/724 1039/1986/725 1027/1969/713
f 1027/1970/713 1039/1987/725 1040/1988/726 1028/1971/714
f 1028/1971/714 1040/1988/726 1041/1989/727 1029/1972/715
f 1029/1972/715 1041/1989/727 1042/1990/728 1030/1973/716
f 1030/1975/716 1042/1991/728 1043/1992/729 1031/1976/717
f 1031/1976/717 1043/1992/729 1044/1993/730 1032/1977/718
f 1032/1977/718 1044/1993/730 1045/1994/731 1033/1978/719
f 1033/1979/719 1045/1995/731 1046/1996/732 1034/1980/720
f 1034/1980/720 1046/1996/732 1035/1981/721 1023/1964/709
f 1035/1981/721 1047/1997/554 1048/1998/733 1036/1982/722
f 1036/1983/722 1048/1999/733 1049/2000/734 1037/1984/723
f 1037/1984/723 1049/2000/734 1050/2001/735 1038/1985/724
f 1038/1985/724 1050/2001/735 1051/2002/736 1039/1986/725
f 1039/1987/725 1051/2003/736 1052/2004/737 1040/1988/726
f 1040/1988/726 1052/2004/737 1053/2005/541 1041/1989/727
f 1041/1989/727 1053/2005/541 1054/2006/738 1042/1990/728
f 1042/1991/728 1054/2007/738 1055/2008/739 1043/1992/729
f 1043/1992/729 1055/2008/739 1056/2009/740 1044/1993/730
f 1044/1993/730 1056/2009/740 1057/2010/741 1045/1994/731
f 1045/1995/731 1057/2011/741 1058/2012/742 1046/1996/732
f 1046/1996/732 1058/2012/742 1047/1997/554 1035/1981/721
f 1047/1997/554 1059/2013/553 1060/2014/743 1048/1998/733
f 1048/1999/733 1060/2015/743 1061/2016/744 1049/2000/734
f 1049/2000/734 1061/2016/744 1062/2017/745 1050/2001/735
f 1050/2001/735 1062/2017/745 1063/2018/746 1051/2002/736
f 1051/2003/736 1063/2019/746 1064/2020/747 1052/2004/737
f 1052/2004/737 1064/2020/747 1065/2021/542 1053/2005/541
f 1053/2005/541 1065/2021/542 1066/2022/748 1054/2006/738
f 1054/2007/738 1066/2023/748 1067/2024/749 1055/2008/739
f 1055/2008/739 1067/2024/749 1068/2025/750 1056/2009/740
f 1056/2009/740 1068/2025/750 1069/2026/751 1057/2010/741
f 1057/2011/741 1069/2027/751 1070/2028/752 1058/2012/742
f 1058/2012/742 1070/2028/752 1059/2013/553 1047/1997/554
f 1059/2013/553 1071/2029/571 1072/2030/753 1060/2014/743
f 1060/2015/743 1072/2031/753 1073/2032/754 1061/2016/744
f 1061/2016/744 1073/2032/754 1074/2033/755 1062/2017/745
f 1062/2017/745 1074/2033/755 1075/2034/756 1063/2018/746
f 1063/2019/746 1075/2035/756 1076/2036/757 1064/2020/747
f 1064/2020/747 1076/2036/757 1077/2037/565 1065/2021/542
f 1065/2021/542 1077/2037/565 1078/2038/758 1066/2022/748
f 1066/2023/748 1078/2039/758 1079/2040/759 1067/2024/749
f 1067/2024/749 1079/2040/759 1080/2041/760 1068/2025/750
f 1068/2025/750 1080/2041/760 1081/2042/761 1069/2026/751
f 1069/2027/751 1081/2043/761 1082/2044/762 1070/2028/752
f 1070/2028/752 1082/2044/762 1071/2029/571 1059/2013/553
f 1071/2029/571 1083/2045/583 1084/2046/763 1072/2030/753
f 1072/2031/753 1084/2047/763 1085/2048/764 1073/2032/754
f 1073/2032/754 1085/2048/764 1086/2049/765 1074/2033/755
f 1074/2033/755 1086/2049/765 1087/2050/766 1075/2034/756
f 1075/2035/756 1087/2051/766 1088/2052/767 1076/2036/757
f 1076/2036/757 1088/2052/767 1089/2053/577 1077/2037/565
f 1077/2037/565 1089/2053/577 1090/2054/768 1078/2038/758
f 1078/2039/758 1090/2055/768 1091/2056/769 1079/2040/759
f 1079/2040/759 1091/2056/769 1092/2057/770 1080/2041/760
f 1080/2041/760 1092/2057/770 1093/2058/771 1081/2042/761
f 1081/2043/761 1093/2059/771 1094/2060/772 1082/2044/762
f 1082/2044/762 1094/2060/772 1083/2045/583 1071/2029/571
f 1083/2045/583 1095/2061/595 1096/2062/773 1084/2046/763
f 1084/2047/763 1096/2063/773 1097/2064/774 1085/2048/764
f 1085/2048/764 1097/2064/774 1098/2065/775 1086/2049/765
f 1086/2049/765 1098/2065/775 1099/2066/776 1087/2050/766
f 1087/2051/766 1099/2067/776 1100/2068/777 1088/2052/767
f 1088/2052/767 1100/2068/777 1101/2069/589 1089/2053/577
f 1089/2053/577 1101/2069/589 1102/2070/778 1090/2054/768
f 1090/2055/768 1102/2071/778 1103/2072/779 1091/2056/769
f 1091/2056/769 1103/2072/779 1104/2073/780 1092/2057/770
f 1092/2057/770 1104/2073/780 1105/2074/781 1093/2058/771
f 1093/2059/771 1105/2075/781 1106/2076/782 1094/2060/772
f 1094/2060/772 1106/2076/782 1095/2061/595 1083/2045/583
f 1095/2077/595 1107/2078/607 1108/2079/783 1096/2080/773
f 1096/2063/773 1108/2081/783 1109/2082/784 1097/2064/774
f 1097/2064/774 1109/2082/784 1110/2083/785 1098/2065/775
f 1098/2065/775 1110/2083/785 1111/2084/786 1099/2066/776
f 1099/2085/776 1111/2086/786 1112/2087/787 1100/2088/777
f 1100/2088/777 1112/2087/787 1113/2089/601 1101/2090/589
f 1101/2090/589 1113/2089/601 1114/2091/788 1102/2092/778
f 1102/2071/778 1114/2093/788 1115/2094/789 1103/2072/779
f 1103/2072/779 1115/2094/789 1116/2095/790 1104/2073/780
f 1104/2073/780 1116/2095/790 1117/2096/791 1105/2074/781
f 1105/2097/781 1117/2098/791 1118/2099/792 1106/2100/782
f 1106/2100/782 1118/2099/792 1107/2078/607 1095/2077/595
f 1107/2078/607 1119/2101/619 1120/2102/793 1108/2079/783
f 1108/2081/783 1120/2103/793 1121/2104/794 1109/2082/784
f 1109/2082/784 1121/2104/794 1122/2105/795 1110/2083/785
f 1110/2083/785 1122/2105/795 1123/2106/796 1111/2084/786
f 1111/2086/786 1123/2107/796 1124/2108/797 1112/2087/787
f 1112/2087/787 1124/2108/797 1125/2109/613 1113/2089/601
f 1113/2089/601 1125/2109/613 1126/2110/798 1114/2091/788
f 1114/2093/788 1126/2111/798 1127/2112/799 1115/2094/789
f 1115/2094/789 1127/2112/799 1128/2113/800 1116/2095/790
f 1116/2095/790 1128/2113/800 1129/2114/801 1117/2096/791
f 1117/2098/791 1129/2115/801 1130/2116/802 1118/2099/792
f 1118/2099/792 1130/2116/802 1119/2101/619 1107/2078/607
f 1119/2101/619 1131/2117/631 1132/2118/803 1120/2102/793
f 1120/2103/793 1132/2119/803 1133/2120/804 1121/2104/794
f 1121/2104/794 1133/2120/804 1134/2121/805 1122/2105/795
f 1122/2105/795 1134/2121/805 1135/2122/806 1123/2106/796
f 1123/2107/796 1135/2123/806 1136/2124/807 1124/2108/797
f 1124/2108/797 1136/2124/807 1137/2125/625 1125/2109/613
f 1125/2109/613 1137/2125/625 1138/2126/808 1126/2110/798
f 1126/2111/798 1138/2127/808 1139/2128/809 1127/2112/799
f 1127/2112/799 1139/2128/809 1140/2129/810 1128/2113/800
f 1128/2113/800 1140/2129/810 1141/2130/811 1129/2114/801
f 1129/2115/801 1141/2131/811 1142/2132/812 1130/2116/802
f 1130/2116/802 1142/2132/812 1131/2117/631 1119/2101/619
f 1131/2117/631 1143/2133/643 1144/2134/813 1132/2118/803
f 1132/2119/803 1144/2135/813 1145/2136/814 1133/2120/804
f 1133/2120/804 1145/2136/814 1146/2137/815 1134/2121/805
f 1134/2121/805 1146/2137/815 1147/2138/816 1135/2122/806
f 1135/2123/806 1147/2139/816 1148/2140/817 1136/2124/807
f 1136/2124/807 1148/2140/817 1149/2141/637 1137/2125/625
f 1137/2125/625 1149/2141/637 1150/2142/818 1138/2126/808
f 1138/2127/808 1150/2143/818 1151/2144/819 1139/2128/809
f 1139/2128/809 1151/2144/819 1152/2145/820 1140/2129/810
f 1140/2129/810 1152/2145/820 1153/2146/821 1141/2130/811
f 1141/2131/811 1153/2147/821 1154/2148/822 1142/2132/812
f 1142/2132/812 1154/2148/822 1143/2133/643 1131/2117/631
f 1143/2133/643 1155/2149/655 1156/2150/823 1144/2134/813
f 1144/2135/813 1156/2151/823 1157/2152/824 1145/2136/814
f 1145/2136/814 1157/2152/824 1158/2153/825 1146/2137/815
f 1146/2137/815 1158/2153/825 1159/2154/826 1147/2138/816
f 1147/2139/816 1159/2155/826 1160/2156/827 1148/2140/817
f 1148/2140/817 1160/2156/827 1161/2157/649 1149/2141/637
f 1149/2141/637 1161/2157/649 1162/2158/828 1150/2142/818
f 1150/2143/818 1162/2159/828 1163/2160/829 1151/2144/819
f 1151/2144/819 1163/2160/829 1164/2161/830 1152/2145/820
f 1152/2145/820 1164/2161/830 1165/2162/831 1153/2146/821
f 1153/2147/821 1165/2163/831 1166/2164/832 1154/2148/822
f 1154/2148/822 1166/2164/832 1155/2149/655 1143/2133/643
f 1155/2149/655 1167/2165/667 1168/2166/833 1156/2150/823
f 1156/2151/823 1168/2167/833 1169/2168/834 1157/2152/824
f 1157/2152/824 1169/2168/834 1170/2169/835 1158/2153/825
f 1158/2153/825 1170/2169/835 1171/2170/836 1159/2154/826
f 1159/2155/826 1171/2171/836 1172/2172/837 1160/2156/827
f 1160/2156/827 1172/2172/837 1173/2173/661 1161/2157/649
f 1161/2157/649 1173/2173/661 1174/2174/838 1162/2158/828
f 1162/2159/828 1174/2175/838 1175/2176/839 1163/2160/829
f 1163/2160/829 1175/2176/839 1176/2177/840 1164/2161/830
f 1164/2161/830 1176/2177/840 1177/2178/841 1165/2162/831
f 1165/2163/831 1177/2179/841 1178/2180/842 1166/2164/832
f 1166/2164/832 1178/2180/842 1167/2165/667 1155/2149/655
f 1167/2165/667 1179/2181/679 1180/2182/843 1168/2166/833
f 1168/2167/833 1180/2183/843 1181/2184/844 1169/2168/834
f 1169/2168/834 1181/2184/844 1182/2185/845 1170/2169/835
f 1170/2169/835 1182/2185/845 1183/2186/846 1171/2170/836
f 1171/2171/836 1183/2187/846 1184/2188/847 1172/2172/837
f 1172/2172/837 1184/2188/847 1185/2189/673 1173/2173/661
f 1173/2173/661 1185/2189/673 1186/2190/848 1174/2174/838
f 1174/2175/838 1186/2191/848 1187/2192/849 1175/2176/839
f 1175/2176/839 1187/2192/849 1188/2193/850 1176/2177/840
f 1176/2177/840 1188/2193/850 1189/2194/851 1177/2178/841
f 1177/2179/841 1189/2195/851 1190/2196/852 1178/2180/842
f 1178/2180/842 1190/2196/852 1179/2181/679 1167/2165/667
f 1179/2181/679 1191/2197/691 1192/2198/853 1180/2182/843
f 1180/2183/843 1192/2199/853 1193/2200/854 1181/2184/844
f 1181/2184/844 1193/2200/854 1194/2201/855 1182/2185/845
f 1182/2185/845 1194/2201/855 1195/2202/856 1183/2186/846
f 1183/2186/846 1195/2202/856 1196/2203/857 1184/2204/847
f 1184/2188/847 1196/2205/857 1197/2206/685 1185/2189/673
f 1185/2207/673 1197/2208/685 1198/2209/858 1186/2210/848
f 1186/2191/848 1198/2211/858 1199/2212/859 1187/2192/849
f 1187/2192/849 1199/2212/859 1200/2213/860 1188/2193/850
f 1188/2193/850 1200/2213/860 1201/2214/861 1189/2194/851
f 1189/2194/851 1201/2214/861 1202/2215/862 1190/2216/852
f 1190/2196/852 1202/2217/862 1191/2197/691 1179/2181/679
f 1191/2218/691 1203/2219/863 1204/2220/864 1192/2221/853
f 1192/2221/853 1204/2220/864 1205/2222/865 1193/2223/854
f 1193/2200/854 1205/2224/865 1206/2225/866 1194/2201/855
f 1194/2201/855 1206/2225/866 1207/2226/867 1195/2202/856
f 1195/2202/856 1207/2226/867 1208/2227/868 1196/2203/857
f 1196/2205/857 1208/2228/868 1209/2229/697 1197/2206/685
f 1197/2208/685 1209/2230/697 1210/2231/869 1198/2209/858
f 1198/2209/858 1210/2231/869 1211/2232/870 1199/2233/859
f 1199/2212/859 1211/2234/870 1212/2235/871 1200/2213/860
f 1200/2213/860 1212/2235/871 1213/2236/872 1201/2214/861
f 1201/2214/861 1213/2236/872 1214/2237/873 1202/2215/862
f 1202/2238/862 1214/2239/873 1203/2219/863 1191/2218/691
f 1203/2219/863 1215/2240/715 1216/2241/874 1204/2220/864
f 1204/2220/864 1216/2241/874 1217/2242/875 1205/2222/865
f 1205/2224/865 1217/2243/875 1218/2244/876 1206/2225/866
f 1206/2225/866 1218/2244/876 1219/2245/877 1207/2226/867
f 1207/2226/867 1219/2245/877 1220/2246/878 1208/2227/868
f 1208/2247/868 1220/2248/878 1221/2249/709 1209/2230/697
f 1209/2230/697 1221/2249/709 1222/2250/879 1210/2231/869
f 1210/2231/869 1222/2250/879 1223/2251/880 1211/2232/870
f 1211/2234/870 1223/2252/880 1224/2253/881 1212/2235/871
f 1212/2235/871 1224/2253/881 1225/2254/882 1213/2236/872
f 1213/2236/872 1225/2254/882 1226/2255/883 1214/2237/873
f 1214/2239/873 1226/2256/883 1215/2240/715 1203/2219/863
f 1215/2240/715 1227/2257/727 1228/2258/884 1216/2241/874
f 1216/2241/874 1228/2258/884 1229/2259/885 1217/2242/875
f 1217/2243/875 1229/2260/885 1230/2261/886 1218/2244/876
f 1218/2244/876 1230/2261/886 1231/2262/887 1219/2245/877
f 1219/2245/877 1231/2262/887 1232/2263/888 1220/2246/878
f 1220/2248/878 1232/2264/888 1233/2265/721 1221/2249/709
f 1221/2249/709 1233/2265/721 1234/2266/889 1222/2250/879
f 1222/2250/879 1234/2266/889 1235/2267/890 1223/2251/880
f 1223/2252/880 1235/2268/890 1236/2269/891 1224/2253/881
f 1224/2253/881 1236/2269/891 1237/2270/892 1225/2254/882
f 1225/2254/882 1237/2270/892 1238/2271/893 1226/2255/883
f 1226/2256/883 1238/2272/893 1227/2257/727 1215/2240/715
f 1227/2257/727 855/1721/541 856/1724/544 1228/2258/884
f 1228/2258/884 856/1724/544 857/1726/546 1229/2259/885
f 1229/2260/885 857/1727/546 858/1730/548 1230/2261/886
f 1230/2261/886 858/1730/548 859/1732/550 1231/2262/887
f 1231/2262/887 859/1732/550 860/1734/552 1232/2263/888
f 1232/2264/888 860/1735/552 861/1738/554 1233/2265/721
f 1233/2265/721 861/1738/554 862/1740/556 1234/2266/889
f 1234/2266/889 862/1740/556 863/1742/558 1235/2267/890
f 1235/2268/890 863/1743/558 864/1746/560 1236/2269/891
f 1236/2269/891 864/1746/560 865/1748/562 1237/2270/892
f 1237/2270/892 865/1748/562 866/1750/564 1238/2271/893
f 1238/2272/893 866/1751/564 855/1721/541 1227/2257/727
