# Blender v2.93.3 OBJ File: 'tortugacampama.blend'
# www.blender.org
mtllib LAMPARAAVE_LOW.mtl
o BRASERO_HIGH.006_Cylinder.003
v 0.458077 -2.488543 -0.290797
v 0.607386 -2.304474 -0.330899
v 0.430208 -2.490157 -0.368631
v 0.568807 -2.306702 -0.437713
v 0.387856 -2.492305 -0.439486
v 0.510146 -2.309672 -0.534935
v 0.332649 -2.494904 -0.500639
v 0.433656 -2.313268 -0.618830
v 0.266708 -2.497855 -0.549739
v 0.342277 -2.317353 -0.686177
v 0.192568 -2.501044 -0.584901
v 0.239522 -2.321769 -0.734384
v 0.113077 -2.504348 -0.604772
v 0.129338 -2.326347 -0.761601
v 0.031290 -2.507641 -0.608589
v 0.015960 -2.330911 -0.766781
v -0.049649 -2.510796 -0.596205
v -0.096254 -2.335285 -0.749724
v -0.126630 -2.513691 -0.568097
v -0.202994 -2.339302 -0.711089
v -0.196695 -2.516216 -0.525344
v -0.300156 -2.342807 -0.652357
v -0.257151 -2.518273 -0.469590
v -0.384006 -2.345665 -0.575787
v -0.305675 -2.519784 -0.402977
v -0.451323 -2.347767 -0.484319
v -0.340403 -2.520690 -0.328063
v -0.499520 -2.349031 -0.381472
v -0.359999 -2.520957 -0.247730
v -0.526744 -2.349410 -0.271194
v 0.455911 -2.436971 -0.293140
v 0.427940 -2.438601 -0.372907
v 0.385495 -2.440765 -0.445546
v 0.330206 -2.443377 -0.508260
v 0.264198 -2.446339 -0.558642
v 0.190008 -2.449536 -0.594757
v 0.110487 -2.452845 -0.615212
v 0.028690 -2.456140 -0.619228
v -0.052239 -2.459293 -0.606646
v -0.129189 -2.462183 -0.577953
v -0.199205 -2.464700 -0.534247
v -0.259594 -2.466747 -0.477211
v -0.308036 -2.468244 -0.409035
v -0.342670 -2.469135 -0.332339
v -0.362166 -2.469384 -0.250073
v 0.675438 -2.183134 -0.350177
v 0.631854 -2.185651 -0.470844
v 0.565584 -2.189006 -0.580677
v 0.479173 -2.193069 -0.675456
v 0.375941 -2.197683 -0.751538
v 0.259857 -2.202672 -0.805999
v 0.135381 -2.207844 -0.836744
v 0.007297 -2.213000 -0.842597
v -0.119473 -2.217942 -0.823328
v -0.240058 -2.222480 -0.779681
v -0.349823 -2.226439 -0.713331
v -0.444550 -2.229668 -0.626829
v -0.520599 -2.232043 -0.523497
v -0.575047 -2.233471 -0.407309
v -0.605802 -2.233899 -0.282727
v 0.737120 -2.052906 -0.367984
v 0.688946 -2.055689 -0.501364
v 0.615694 -2.059397 -0.622768
v 0.520179 -2.063888 -0.727531
v 0.406073 -2.068988 -0.811628
v 0.277760 -2.074503 -0.871825
v 0.140171 -2.080220 -0.905811
v -0.001407 -2.085918 -0.912280
v -0.141531 -2.091381 -0.890981
v -0.274819 -2.096397 -0.842735
v -0.396147 -2.100774 -0.769396
v -0.500854 -2.104343 -0.673780
v -0.584914 -2.106967 -0.559563
v -0.645098 -2.108546 -0.431135
v -0.679094 -2.109019 -0.293430
v 0.552550 -2.369921 -0.317400
v 0.517835 -2.371934 -0.414727
v 0.465094 -2.374612 -0.503334
v 0.396353 -2.377851 -0.579812
v 0.314253 -2.381527 -0.641223
v 0.221951 -2.385498 -0.685209
v 0.122992 -2.389612 -0.710079
v 0.021181 -2.393712 -0.714874
v -0.079571 -2.397638 -0.699415
v -0.175391 -2.401241 -0.664291
v -0.262598 -2.404382 -0.610855
v -0.337840 -2.406941 -0.541161
v -0.398225 -2.408818 -0.457885
v -0.441433 -2.409942 -0.364227
v -0.465803 -2.410270 -0.263789
v 0.689373 -2.054736 -0.355840
v 0.644481 -2.057329 -0.480131
v 0.576220 -2.060785 -0.593262
v 0.487214 -2.064969 -0.690886
v 0.380883 -2.069722 -0.769254
v 0.261313 -2.074861 -0.825350
v 0.133099 -2.080188 -0.857020
v 0.001169 -2.085499 -0.863047
v -0.129409 -2.090589 -0.843201
v -0.253614 -2.095263 -0.798242
v -0.366675 -2.099342 -0.729898
v -0.464247 -2.102668 -0.640799
v -0.542579 -2.105114 -0.534364
v -0.598663 -2.106585 -0.414687
v -0.630341 -2.107026 -0.286365
v 0.584551 -2.157768 -0.327537
v 0.547137 -2.159929 -0.431124
v 0.490247 -2.162809 -0.525410
v 0.416067 -2.166296 -0.606772
v 0.327448 -2.170258 -0.672085
v 0.227796 -2.174540 -0.718836
v 0.120940 -2.178980 -0.745232
v 0.010986 -2.183406 -0.750254
v -0.097840 -2.187649 -0.733715
v -0.201356 -2.191544 -0.696244
v -0.295583 -2.194943 -0.639286
v -0.376902 -2.197715 -0.565028
v -0.442186 -2.199754 -0.476323
v -0.488927 -2.200980 -0.376582
v -0.515329 -2.201347 -0.269635
v 0.474554 -2.244354 -0.298194
v 0.444928 -2.246065 -0.380217
v 0.399880 -2.248345 -0.454878
v 0.341142 -2.251107 -0.519304
v 0.270970 -2.254243 -0.571021
v 0.192061 -2.257635 -0.608040
v 0.107448 -2.261150 -0.628940
v 0.020382 -2.264655 -0.632918
v -0.065791 -2.268014 -0.619821
v -0.147759 -2.271099 -0.590150
v -0.222372 -2.273790 -0.545049
v -0.286763 -2.275985 -0.486248
v -0.338458 -2.277599 -0.416009
v -0.375469 -2.278570 -0.337029
v -0.396375 -2.278861 -0.252346
v 0.387242 -2.290769 -0.275272
v 0.363737 -2.292126 -0.340350
v 0.327996 -2.293936 -0.399584
v 0.281393 -2.296127 -0.450700
v 0.225718 -2.298615 -0.491734
v 0.163112 -2.301306 -0.521103
v 0.095980 -2.304095 -0.537687
v 0.026902 -2.306876 -0.540842
v -0.041467 -2.309541 -0.530451
v -0.106501 -2.311989 -0.506910
v -0.165699 -2.314124 -0.471127
v -0.216787 -2.315866 -0.424474
v -0.257801 -2.317146 -0.368747
v -0.287166 -2.317916 -0.306083
v -0.303753 -2.318147 -0.238895
v -0.057814 -2.056338 0.796672
v -0.035424 -2.150979 0.835764
v 0.084422 -2.047717 0.790482
v 0.093468 -2.143179 0.831577
v -0.254613 -2.316627 -0.307797
v -0.210804 -2.314891 -0.310103
v -0.157423 -2.312776 -0.312914
v -0.096521 -2.310363 -0.316119
v -0.028363 -2.307406 -0.279927
v 0.040360 -2.304683 -0.283545
v 0.109084 -2.301960 -0.287163
v 0.173092 -2.299680 -0.330313
v 0.233994 -2.297267 -0.333519
v 0.287375 -2.295152 -0.336329
v 0.331184 -2.293416 -0.338635
v 0.055766 -0.967686 -0.295744
v -0.012958 -0.970409 -0.292127
v -0.081682 -0.973132 -0.288509
v 0.036737 -0.968358 -0.282109
v -0.012299 -0.970301 -0.279528
v -0.061335 -0.972244 -0.276947
v 0.025820 -0.872548 -0.247366
v -0.014305 -0.874137 -0.245254
v -0.054430 -0.875727 -0.243142
v -0.364091 -2.520635 -0.172348
v -0.532330 -2.348950 -0.165010
v 0.470012 -2.487586 -0.216258
v 0.624019 -2.303134 -0.225885
v 0.465919 -2.487265 -0.140875
v 0.618433 -2.302674 -0.119702
v 0.446323 -2.487531 -0.060542
v 0.591209 -2.303052 -0.009424
v 0.411596 -2.488438 0.014371
v 0.543013 -2.304317 0.093424
v 0.363071 -2.489948 0.080984
v 0.475695 -2.306419 0.184889
v 0.302615 -2.492005 0.136738
v 0.391845 -2.309277 0.261461
v 0.232550 -2.494530 0.179492
v 0.294683 -2.312782 0.320193
v 0.155569 -2.497426 0.207600
v 0.187944 -2.316799 0.358829
v 0.074630 -2.500580 0.219984
v 0.075729 -2.321173 0.375884
v -0.007156 -2.503873 0.216166
v -0.037649 -2.325737 0.370705
v -0.086647 -2.507177 0.196296
v -0.147833 -2.330315 0.343488
v -0.160788 -2.510366 0.161134
v -0.250588 -2.334732 0.295281
v -0.226728 -2.513317 0.112033
v -0.341967 -2.338816 0.227936
v -0.281936 -2.515917 0.050881
v -0.418456 -2.342412 0.144039
v -0.324288 -2.518064 -0.019974
v -0.477118 -2.345382 0.046817
v -0.352157 -2.519679 -0.097808
v -0.515697 -2.347610 -0.059997
v -0.366153 -2.469046 -0.172679
v 0.467950 -2.435997 -0.216590
v 0.463963 -2.435659 -0.139196
v 0.444468 -2.435909 -0.056930
v 0.409834 -2.436800 0.019766
v 0.361391 -2.438297 0.087942
v 0.301002 -2.440343 0.144978
v 0.230987 -2.442860 0.188684
v 0.154036 -2.445750 0.217377
v 0.073108 -2.448904 0.229959
v -0.008689 -2.452198 0.225944
v -0.088211 -2.455508 0.205487
v -0.162401 -2.458704 0.169373
v -0.228409 -2.461666 0.118991
v -0.283698 -2.464279 0.056276
v -0.326143 -2.466442 -0.016362
v -0.354113 -2.468073 -0.096129
v -0.612063 -2.233372 -0.161825
v 0.694278 -2.181612 -0.230596
v 0.688017 -2.181084 -0.109693
v 0.657261 -2.181512 0.014887
v 0.602813 -2.182941 0.131076
v 0.526764 -2.185315 0.234407
v 0.432037 -2.188544 0.320910
v 0.322272 -2.192504 0.387260
v 0.201687 -2.197042 0.430907
v 0.074917 -2.201983 0.450176
v -0.053167 -2.207139 0.444324
v -0.177643 -2.212311 0.413578
v -0.293727 -2.217300 0.359117
v -0.396958 -2.221915 0.283036
v -0.483370 -2.225977 0.188257
v -0.549640 -2.229332 0.078424
v -0.593223 -2.231850 -0.042244
v -0.685974 -2.108430 -0.159024
v 0.757985 -2.051217 -0.235039
v 0.751104 -2.050628 -0.100634
v 0.717109 -2.051100 0.037071
v 0.656925 -2.052680 0.165500
v 0.572865 -2.055304 0.279717
v 0.468159 -2.058873 0.375332
v 0.346830 -2.063250 0.448672
v 0.213543 -2.068266 0.496919
v 0.073417 -2.073728 0.518217
v -0.068160 -2.079427 0.511749
v -0.205749 -2.085144 0.477762
v -0.334062 -2.090659 0.417564
v -0.448168 -2.095759 0.333468
v -0.543683 -2.100250 0.228704
v -0.616935 -2.103958 0.107300
v -0.665109 -2.106741 -0.026079
v -0.470781 -2.409851 -0.167711
v 0.567524 -2.368712 -0.222371
v 0.562547 -2.368293 -0.126293
v 0.538176 -2.368620 -0.025856
v 0.494968 -2.369745 0.067803
v 0.434583 -2.371622 0.151079
v 0.359341 -2.374181 0.220773
v 0.272134 -2.377322 0.274209
v 0.176314 -2.380925 0.309332
v 0.075562 -2.384852 0.324791
v -0.026249 -2.388951 0.319996
v -0.125208 -2.393065 0.295126
v -0.217510 -2.397037 0.251141
v -0.299609 -2.400712 0.189730
v -0.368351 -2.403951 0.113251
v -0.421092 -2.406629 0.024644
v -0.455807 -2.408642 -0.072683
v -0.636779 -2.106480 -0.161613
v 0.708790 -2.053166 -0.232450
v 0.702352 -2.052621 -0.107698
v 0.670674 -2.053062 0.020624
v 0.614590 -2.054533 0.140301
v 0.536258 -2.056979 0.246735
v 0.438686 -2.060305 0.335836
v 0.325625 -2.064384 0.404179
v 0.201419 -2.069057 0.449138
v 0.070842 -2.074148 0.468984
v -0.061088 -2.079459 0.462957
v -0.189302 -2.084786 0.431287
v -0.308872 -2.089925 0.375190
v -0.415203 -2.094678 0.296824
v -0.504209 -2.098862 0.199199
v -0.572470 -2.102318 0.086068
v -0.617362 -2.104911 -0.038224
v -0.520758 -2.200903 -0.166878
v 0.600670 -2.156470 -0.225914
v 0.595241 -2.156026 -0.123156
v 0.568839 -2.156393 -0.016210
v 0.522098 -2.157619 0.083532
v 0.456814 -2.159658 0.172237
v 0.375496 -2.162430 0.246494
v 0.281268 -2.165829 0.303452
v 0.177752 -2.169724 0.340923
v 0.068926 -2.173967 0.357463
v -0.041027 -2.178393 0.352440
v -0.147884 -2.182832 0.326044
v -0.247536 -2.187115 0.279294
v -0.336155 -2.191077 0.213982
v -0.410334 -2.194564 0.132619
v -0.467224 -2.197444 0.038333
v -0.504638 -2.199605 -0.065254
v -0.400753 -2.278523 -0.172493
v 0.487238 -2.243339 -0.219240
v 0.482861 -2.243000 -0.139388
v 0.461954 -2.243291 -0.054706
v 0.424943 -2.244262 0.024275
v 0.373248 -2.245876 0.094516
v 0.308857 -2.248071 0.153316
v 0.234244 -2.250762 0.198417
v 0.152276 -2.253847 0.228087
v 0.066103 -2.257206 0.241184
v -0.020963 -2.260711 0.237207
v -0.105576 -2.264227 0.216307
v -0.184484 -2.267618 0.179287
v -0.254656 -2.270755 0.127571
v -0.313395 -2.273516 0.063144
v -0.358443 -2.275797 -0.011517
v -0.388068 -2.277508 -0.093539
v -0.307305 -2.317891 -0.177046
v 0.397227 -2.289976 -0.214135
v 0.393675 -2.289721 -0.152285
v 0.377088 -2.289951 -0.085097
v 0.347723 -2.290722 -0.022434
v 0.306709 -2.292002 0.033294
v 0.255621 -2.293744 0.079947
v 0.196423 -2.295879 0.115730
v 0.131389 -2.298326 0.139271
v 0.063020 -2.300992 0.149662
v -0.006058 -2.303772 0.146507
v -0.073190 -2.306562 0.129923
v -0.135796 -2.309253 0.100553
v -0.191471 -2.311741 0.059520
v -0.238074 -2.313932 0.008404
v -0.273815 -2.315741 -0.050831
v -0.297320 -2.317099 -0.115908
v 0.370413 -2.291039 -0.212723
v 0.337860 -2.292329 -0.211010
v 0.294051 -2.294065 -0.208703
v 0.240670 -2.296180 -0.205893
v 0.179768 -2.298593 -0.202687
v 0.113685 -2.301211 -0.199208
v -0.023763 -2.306657 -0.191972
v -0.089846 -2.309275 -0.188493
v -0.150747 -2.311688 -0.185287
v -0.204129 -2.313803 -0.182477
v -0.247938 -2.315539 -0.180171
v -0.280490 -2.316829 -0.178457
v 0.438266 -2.488844 -0.214587
v 0.399726 -2.490371 -0.212558
v 0.347860 -2.492426 -0.209827
v 0.284662 -2.494930 -0.206500
v 0.212559 -2.497787 -0.202705
v 0.134323 -2.500887 -0.198586
v 0.052960 -2.504111 -0.194303
v -0.028402 -2.507334 -0.190020
v -0.106638 -2.510434 -0.185901
v -0.178741 -2.513291 -0.182105
v -0.241940 -2.515795 -0.178778
v -0.293806 -2.517850 -0.176047
v -0.332345 -2.519377 -0.174019
v -0.194362 -2.085572 0.809420
v -0.158746 -2.177425 0.848286
v -0.241262 -2.314451 -0.052544
v -0.197453 -2.312716 -0.054851
v -0.144072 -2.310601 -0.057662
v -0.083170 -2.308188 -0.060867
v -0.019162 -2.305907 -0.104017
v 0.049562 -2.303184 -0.107635
v 0.118285 -2.300462 -0.111253
v 0.186443 -2.297505 -0.075061
v 0.247345 -2.295092 -0.078267
v 0.300727 -2.292977 -0.081077
v 0.344535 -2.291241 -0.083383
v 0.060367 -0.966936 -0.207789
v -0.077081 -0.972382 -0.200553
v 0.064967 -0.966187 -0.119834
v -0.003757 -0.968910 -0.116216
v -0.072480 -0.971633 -0.112598
v 0.040679 -0.967716 -0.206753
v -0.057393 -0.971602 -0.201590
v 0.044620 -0.967074 -0.131396
v -0.004416 -0.969017 -0.128815
v -0.053452 -0.970960 -0.126234
v -0.012188 -0.873792 -0.204788
v 0.027937 -0.872203 -0.206901
v -0.052313 -0.875382 -0.202676
v 0.030053 -0.871858 -0.166434
v -0.010072 -0.873448 -0.164322
v -0.050196 -0.875037 -0.162210
v -0.859212 -2.226447 -0.493276
v -0.803017 -2.235127 -0.608311
v -0.897767 -2.234231 -0.371130
v -0.829786 -2.118757 -0.482056
v -0.767671 -2.111564 -0.609210
v -0.872402 -2.110574 -0.347043
v 0.914946 -2.224928 -0.504873
v 0.947755 -2.196128 -0.384205
v 0.864766 -2.268345 -0.614706
v 0.857987 -2.087349 -0.535392
v 0.894252 -2.055516 -0.402013
v 0.802521 -2.135340 -0.656796
vt 0.608869 0.664846
vt 0.608870 0.658918
vt 0.612610 0.658492
vt 0.612608 0.665043
vt 0.608924 0.652717
vt 0.612670 0.651684
vt 0.609030 0.646930
vt 0.612788 0.645329
vt 0.388896 0.638036
vt 0.387896 0.642088
vt 0.383534 0.639616
vt 0.384630 0.635104
vt 0.387110 0.647001
vt 0.382674 0.645087
vt 0.386571 0.652586
vt 0.382083 0.651306
vt 0.386297 0.658628
vt 0.381785 0.658035
vt 0.386300 0.664896
vt 0.381790 0.665015
vt 0.386579 0.671147
vt 0.382099 0.671977
vt 0.387124 0.677142
vt 0.382699 0.678654
vt 0.387913 0.682651
vt 0.383568 0.684790
vt 0.388918 0.687462
vt 0.384672 0.690149
vt 0.430933 0.641601
vt 0.430487 0.646587
vt 0.426126 0.644969
vt 0.426625 0.639495
vt 0.430212 0.652254
vt 0.425818 0.651191
vt 0.430121 0.658384
vt 0.425714 0.657920
vt 0.430204 0.664292
vt 0.425804 0.664450
vt 0.391872 0.726504
vt 0.391730 0.731137
vt 0.388581 0.731086
vt 0.388725 0.726328
vt 0.392163 0.721609
vt 0.389017 0.721314
vt 0.392583 0.717091
vt 0.389440 0.716686
vt 0.393119 0.713123
vt 0.389976 0.712622
vt 0.140351 0.781933
vt 0.141067 0.785815
vt 0.137862 0.785813
vt 0.137128 0.781931
vt 0.139819 0.777494
vt 0.136583 0.777493
vt 0.139491 0.772669
vt 0.136247 0.772668
vt 0.139381 0.767643
vt 0.136134 0.767643
vt 0.139491 0.762610
vt 0.136247 0.762609
vt 0.139819 0.757762
vt 0.136583 0.757761
vt 0.140351 0.753287
vt 0.137128 0.753285
vt 0.141067 0.749355
vt 0.137862 0.749353
vt 0.388774 0.773097
vt 0.388916 0.768977
vt 0.392098 0.768536
vt 0.391955 0.772751
vt 0.388668 0.777725
vt 0.391850 0.777490
vt 0.388602 0.782685
vt 0.391784 0.782568
vt 0.388581 0.787336
vt 0.391762 0.787343
vt 0.375638 0.687562
vt 0.374657 0.680630
vt 0.373624 0.657336
vt 0.373961 0.649735
vt 0.417882 0.664715
vt 0.417778 0.657281
vt 0.619918 0.642959
vt 0.619784 0.650138
vt 0.376886 0.693615
vt 0.373630 0.665221
vt 0.612961 0.639672
vt 0.620113 0.636568
vt 0.418244 0.642650
vt 0.418808 0.636466
vt 0.373978 0.673087
vt 0.374628 0.642709
vt 0.375600 0.636528
vt 0.417896 0.649678
vt 0.619716 0.657830
vt 0.619715 0.665290
vt 0.409859 0.640554
vt 0.410483 0.633719
vt 0.643742 0.887577
vt 0.648910 0.890842
vt 0.649250 0.907702
vt 0.643643 0.904490
vt 0.627402 0.657221
vt 0.627401 0.665513
vt 0.808948 0.919245
vt 0.816722 0.914830
vt 0.816722 0.932094
vt 0.809178 0.930413
vt 0.114560 0.888648
vt 0.119679 0.886770
vt 0.119679 0.905474
vt 0.112909 0.906120
vt 0.409460 0.664991
vt 0.409345 0.656726
vt 0.761784 0.931808
vt 0.767858 0.927780
vt 0.767858 0.944654
vt 0.762087 0.941722
vt 0.627841 0.633719
vt 0.627625 0.640783
vt 0.366109 0.640550
vt 0.367183 0.633719
vt 0.365371 0.648316
vt 0.364999 0.656719
vt 0.367225 0.690128
vt 0.366140 0.682467
vt 0.368604 0.696820
vt 0.434932 0.659339
vt 0.434998 0.664098
vt 0.435002 0.654317
vt 0.435220 0.649674
vt 0.435576 0.645590
vt 0.392722 0.679005
vt 0.393543 0.682869
vt 0.392077 0.674580
vt 0.391632 0.669764
vt 0.391406 0.664742
vt 0.391406 0.659707
vt 0.391633 0.654853
vt 0.392077 0.650366
vt 0.392722 0.646418
vt 0.393543 0.643162
vt 0.605291 0.654646
vt 0.605376 0.649907
vt 0.605249 0.659724
vt 0.288034 0.697529
vt 0.291017 0.697932
vt 0.287585 0.703891
vt 0.283882 0.703393
vt 0.078827 0.568841
vt 0.077357 0.571465
vt 0.071099 0.568187
vt 0.072111 0.565324
vt 0.084714 0.573839
vt 0.082843 0.576122
vt 0.089546 0.580124
vt 0.087346 0.581979
vt 0.093137 0.587456
vt 0.090692 0.588811
vt 0.095349 0.595552
vt 0.092753 0.596356
vt 0.096097 0.604102
vt 0.093450 0.604323
vt 0.095353 0.612776
vt 0.092757 0.612407
vt 0.093144 0.621242
vt 0.090699 0.620296
vt 0.089556 0.629175
vt 0.087356 0.627688
vt 0.084728 0.636268
vt 0.082856 0.634298
vt 0.049670 0.564689
vt 0.050187 0.567596
vt 0.043759 0.570304
vt 0.042746 0.567610
vt 0.078843 0.642250
vt 0.077372 0.639872
vt 0.057247 0.563207
vt 0.057248 0.566215
vt 0.072490 0.646691
vt 0.071477 0.643997
vt 0.064824 0.563421
vt 0.064309 0.566415
vt 0.192713 0.655116
vt 0.201581 0.656930
vt 0.200368 0.663269
vt 0.191257 0.662721
vt 0.195432 0.648164
vt 0.203848 0.651137
vt 0.199311 0.642134
vt 0.207080 0.646111
vt 0.204201 0.637256
vt 0.211156 0.642046
vt 0.168867 0.555309
vt 0.167706 0.563734
vt 0.162146 0.562292
vt 0.162113 0.553567
vt 0.209913 0.633719
vt 0.215916 0.639097
vt 0.175320 0.558490
vt 0.173084 0.566386
vt 0.856147 0.091518
vt 0.862548 0.091087
vt 0.862635 0.097352
vt 0.856252 0.099125
vt 0.214906 0.709440
vt 0.220077 0.702206
vt 0.225597 0.704375
vt 0.221528 0.712043
vt 0.208694 0.705404
vt 0.214900 0.698842
vt 0.203132 0.700089
vt 0.210265 0.694412
vt 0.198434 0.693699
vt 0.206350 0.689086
vt 0.194781 0.686481
vt 0.203304 0.683071
vt 0.192311 0.678711
vt 0.201247 0.676595
vt 0.191122 0.670688
vt 0.200255 0.669909
vt 0.217688 0.647248
vt 0.214461 0.650466
vt 0.166096 0.571997
vt 0.161778 0.570868
vt 0.221458 0.644913
vt 0.170354 0.574097
vt 0.220819 0.637451
vt 0.225266 0.643624
vt 0.224753 0.694885
vt 0.229123 0.696602
vt 0.220653 0.692221
vt 0.216983 0.688713
vt 0.213883 0.684496
vt 0.211472 0.679733
vt 0.209842 0.674605
vt 0.209057 0.669311
vt 0.209146 0.664053
vt 0.210107 0.659034
vt 0.211901 0.654446
vt 0.217148 0.677333
vt 0.219062 0.681112
vt 0.215856 0.673265
vt 0.215233 0.669064
vt 0.215304 0.664892
vt 0.216066 0.660910
vt 0.217490 0.657270
vt 0.219521 0.654113
vt 0.222081 0.651559
vt 0.164411 0.577956
vt 0.161069 0.577072
vt 0.225072 0.649707
vt 0.167789 0.579622
vt 0.228018 0.648699
vt 0.227686 0.689354
vt 0.231153 0.690717
vt 0.224433 0.687241
vt 0.221521 0.684458
vt 0.160618 0.578575
vt 0.167242 0.581446
vt 0.170667 0.581946
vt 0.166505 0.583901
vt 0.172932 0.584839
vt 0.165608 0.586893
vt 0.174497 0.588191
vt 0.164584 0.590306
vt 0.175304 0.591871
vt 0.161244 0.593684
vt 0.175320 0.595739
vt 0.160088 0.597536
vt 0.174545 0.599646
vt 0.158933 0.601388
vt 0.173009 0.603442
vt 0.160050 0.605417
vt 0.170770 0.606981
vt 0.159026 0.608830
vt 0.167916 0.610127
vt 0.158129 0.611822
vt 0.164555 0.612760
vt 0.157392 0.614277
vt 0.160817 0.614777
vt 0.156845 0.616101
vt 0.149223 0.616557
vt 0.149674 0.615054
vt 0.152792 0.616682
vt 0.471889 0.684105
vt 0.468737 0.685010
vt 0.465805 0.684979
vt 0.465928 0.683029
vt 0.474859 0.682247
vt 0.466076 0.680662
vt 0.477531 0.679508
vt 0.466276 0.677477
vt 0.479804 0.675992
vt 0.466519 0.673595
vt 0.481589 0.671836
vt 0.466797 0.669167
vt 0.482819 0.667198
vt 0.467099 0.664362
vt 0.483446 0.662258
vt 0.467412 0.659365
vt 0.483446 0.657204
vt 0.467726 0.654367
vt 0.482819 0.652231
vt 0.468027 0.649562
vt 0.481589 0.647531
vt 0.468305 0.645134
vt 0.479803 0.643283
vt 0.468548 0.641252
vt 0.477531 0.639652
vt 0.468748 0.638067
vt 0.474859 0.636776
vt 0.468897 0.635700
vt 0.471889 0.634766
vt 0.469019 0.633750
vt 0.863291 0.912971
vt 0.856112 0.907617
vt 0.857068 0.890790
vt 0.863291 0.889165
vt 0.903276 0.555231
vt 0.911009 0.550730
vt 0.911009 0.577654
vt 0.904874 0.575638
vt 0.025690 0.634177
vt 0.030522 0.640462
vt 0.014285 0.649941
vt 0.010988 0.642060
vt 0.206837 0.891434
vt 0.199351 0.890791
vt 0.199028 0.872889
vt 0.206837 0.872844
vt 0.159334 0.582854
vt 0.160071 0.580399
vt 0.158437 0.585846
vt 0.157413 0.589259
vt 0.156302 0.592963
vt 0.409345 0.711725
vt 0.413593 0.711718
vt 0.413593 0.792050
vt 0.409345 0.792058
vt 0.417841 0.711710
vt 0.417841 0.792043
vt 0.152879 0.604370
vt 0.153991 0.600666
vt 0.151855 0.607783
vt 0.150958 0.610775
vt 0.150221 0.613230
vt 0.926858 0.199241
vt 0.926858 0.194247
vt 0.927998 0.194415
vt 0.927998 0.198694
vt 0.930836 0.199828
vt 0.930836 0.199113
vt 0.007901 0.666911
vt 0.013334 0.666904
vt 0.013334 0.748362
vt 0.007901 0.748370
vt 0.164487 0.719155
vt 0.159063 0.719169
vt 0.159063 0.636878
vt 0.164487 0.636864
vt 0.955735 0.825023
vt 0.955735 0.828054
vt 0.950440 0.827477
vt 0.950440 0.824996
vt 0.955735 0.821992
vt 0.950440 0.822516
vt 0.934814 0.195421
vt 0.934814 0.200415
vt 0.933675 0.199531
vt 0.933675 0.195253
vt 0.952713 0.487609
vt 0.952713 0.485261
vt 0.954986 0.484926
vt 0.954986 0.487273
vt 0.952713 0.489957
vt 0.954986 0.489621
vt 0.141905 0.850151
vt 0.141905 0.854806
vt 0.136134 0.854792
vt 0.136134 0.852293
vt 0.814885 0.096668
vt 0.814885 0.101316
vt 0.808948 0.099180
vt 0.808948 0.096684
vt 0.612667 0.671518
vt 0.608922 0.670705
vt 0.612787 0.678098
vt 0.609030 0.676701
vt 0.277011 0.698759
vt 0.272646 0.701516
vt 0.269479 0.697129
vt 0.274118 0.694805
vt 0.266982 0.691766
vt 0.271832 0.689976
vt 0.265251 0.685633
vt 0.270243 0.684458
vt 0.264352 0.678967
vt 0.269409 0.678464
vt 0.264320 0.672022
vt 0.269365 0.672223
vt 0.265157 0.665067
vt 0.270110 0.665977
vt 0.266829 0.658368
vt 0.271617 0.659963
vt 0.269274 0.652183
vt 0.273828 0.654415
vt 0.272396 0.646749
vt 0.276658 0.649544
vt 0.276076 0.642276
vt 0.279998 0.645538
vt 0.280172 0.638935
vt 0.283719 0.642552
vt 0.431524 0.681850
vt 0.427267 0.683766
vt 0.426596 0.677634
vt 0.430919 0.676263
vt 0.426097 0.670960
vt 0.430469 0.670183
vt 0.391735 0.735763
vt 0.388584 0.735836
vt 0.391880 0.740637
vt 0.388727 0.740830
vt 0.392168 0.745122
vt 0.389013 0.745425
vt 0.392586 0.749045
vt 0.389430 0.749444
vt 0.393119 0.752256
vt 0.389961 0.752734
vt 0.140864 0.805796
vt 0.138021 0.805766
vt 0.139843 0.801617
vt 0.142650 0.801640
vt 0.139634 0.810434
vt 0.136768 0.810400
vt 0.139007 0.815374
vt 0.136134 0.815339
vt 0.139007 0.820428
vt 0.136141 0.820394
vt 0.139634 0.825401
vt 0.136791 0.825371
vt 0.140864 0.830101
vt 0.138058 0.830078
vt 0.142650 0.834349
vt 0.139893 0.834335
vt 0.388774 0.801088
vt 0.391955 0.801449
vt 0.392098 0.805306
vt 0.388916 0.804849
vt 0.388668 0.796726
vt 0.391850 0.796978
vt 0.388602 0.791931
vt 0.391784 0.792063
vt 0.261330 0.649054
vt 0.264857 0.642916
vt 0.255770 0.679312
vt 0.255735 0.671467
vt 0.418215 0.672129
vt 0.265140 0.704787
vt 0.261562 0.699830
vt 0.269015 0.637863
vt 0.256679 0.663609
vt 0.258741 0.693772
vt 0.428085 0.689119
vt 0.420461 0.692643
vt 0.419536 0.686595
vt 0.258569 0.656042
vt 0.256786 0.686843
vt 0.418778 0.679668
vt 0.619782 0.672662
vt 0.619917 0.680095
vt 0.412312 0.695908
vt 0.411291 0.689224
vt 0.410453 0.681567
vt 0.627475 0.673709
vt 0.409830 0.673233
vt 0.627625 0.681926
vt 0.620113 0.686856
vt 0.627841 0.689399
vt 0.253397 0.702214
vt 0.250279 0.695517
vt 0.248117 0.687859
vt 0.246995 0.679534
vt 0.246955 0.670863
vt 0.022099 0.626845
vt 0.007901 0.634280
vt 0.927393 0.523838
vt 0.926858 0.515058
vt 0.932301 0.515567
vt 0.932858 0.523515
vt 0.927417 0.506449
vt 0.932858 0.507786
vt 0.253140 0.646089
vt 0.257039 0.639304
vt 0.261634 0.633719
vt 0.435212 0.668844
vt 0.435576 0.673826
vt 0.287781 0.648616
vt 0.287679 0.640699
vt 0.291017 0.647144
vt 0.284744 0.651000
vt 0.282022 0.654206
vt 0.279719 0.658110
vt 0.277925 0.662562
vt 0.276708 0.667391
vt 0.276115 0.672411
vt 0.276169 0.677430
vt 0.276868 0.682254
vt 0.278184 0.686698
vt 0.280068 0.690592
vt 0.282447 0.693786
vt 0.285229 0.696157
vt 0.280400 0.701688
vt 0.019883 0.601525
vt 0.022092 0.593059
vt 0.024537 0.594005
vt 0.022479 0.601895
vt 0.019139 0.610200
vt 0.021786 0.609978
vt 0.019887 0.618749
vt 0.022483 0.617945
vt 0.024544 0.625490
vt 0.027890 0.632322
vt 0.032393 0.638179
vt 0.036409 0.645460
vt 0.037879 0.642836
vt 0.043125 0.648978
vt 0.044137 0.646114
vt 0.050412 0.650880
vt 0.050927 0.647887
vt 0.057989 0.651094
vt 0.057988 0.648086
vt 0.036393 0.572051
vt 0.037864 0.574429
vt 0.065566 0.649612
vt 0.065049 0.646705
vt 0.030508 0.578033
vt 0.032380 0.580003
vt 0.025680 0.585127
vt 0.027880 0.586614
vt 0.113470 0.607689
vt 0.111930 0.600660
vt 0.120390 0.601551
vt 0.121673 0.607409
vt 0.116460 0.614089
vt 0.124166 0.612743
vt 0.120786 0.619616
vt 0.127771 0.617349
vt 0.856145 0.075898
vt 0.856248 0.068503
vt 0.862633 0.071981
vt 0.862547 0.078144
vt 0.154924 0.553273
vt 0.156223 0.562058
vt 0.856112 0.083821
vt 0.862520 0.084747
vt 0.147184 0.554383
vt 0.149771 0.562983
vt 0.139598 0.556913
vt 0.143449 0.565091
vt 0.132458 0.560765
vt 0.137499 0.568302
vt 0.126039 0.565792
vt 0.132149 0.572491
vt 0.120588 0.571801
vt 0.127606 0.577499
vt 0.116313 0.578560
vt 0.124043 0.583132
vt 0.113379 0.585810
vt 0.121598 0.589175
vt 0.111899 0.593272
vt 0.120364 0.595394
vt 0.132351 0.621049
vt 0.134644 0.614476
vt 0.138270 0.617406
vt 0.157173 0.570694
vt 0.867938 0.080492
vt 0.867916 0.085720
vt 0.152065 0.571427
vt 0.867938 0.090647
vt 0.147058 0.573096
vt 0.142347 0.575639
vt 0.138111 0.578956
vt 0.134513 0.582921
vt 0.131692 0.587382
vt 0.129756 0.592166
vt 0.128779 0.597091
vt 0.128799 0.601966
vt 0.129815 0.606605
vt 0.131789 0.610829
vt 0.139522 0.586648
vt 0.137284 0.590187
vt 0.135747 0.593983
vt 0.134972 0.597890
vt 0.134989 0.601758
vt 0.135795 0.605439
vt 0.137361 0.608790
vt 0.139626 0.611683
vt 0.142503 0.614008
vt 0.157500 0.576947
vt 0.142529 0.619505
vt 0.145882 0.615673
vt 0.153447 0.577528
vt 0.229311 0.643361
vt 0.231153 0.648505
vt 0.149476 0.578852
vt 0.145737 0.580870
vt 0.142376 0.583502
vt 0.152900 0.579352
vt 0.152163 0.581808
vt 0.151266 0.584799
vt 0.150242 0.588213
vt 0.151360 0.592242
vt 0.150204 0.596093
vt 0.149049 0.599945
vt 0.145708 0.603323
vt 0.144684 0.606736
vt 0.143787 0.609728
vt 0.143050 0.612183
vt 0.459966 0.681954
vt 0.462935 0.683963
vt 0.457293 0.679078
vt 0.455021 0.675446
vt 0.453235 0.671198
vt 0.452005 0.666498
vt 0.451378 0.661525
vt 0.451378 0.656471
vt 0.452005 0.651531
vt 0.453235 0.646893
vt 0.455020 0.642737
vt 0.457293 0.639221
vt 0.459965 0.636482
vt 0.462935 0.634624
vt 0.466087 0.633719
vt 0.365391 0.674128
vt 0.365005 0.665434
vt 0.248000 0.662178
vt 0.191559 0.891149
vt 0.191122 0.873522
vt 0.120332 0.750007
vt 0.120332 0.814008
vt 0.116115 0.813681
vt 0.116115 0.749680
vt 0.111899 0.813354
vt 0.111899 0.749353
vt 0.926858 0.189252
vt 0.927998 0.190136
vt 0.930836 0.189839
vt 0.930836 0.190555
vt 0.018767 0.666896
vt 0.018767 0.748355
vt 0.169912 0.636851
vt 0.169912 0.719142
vt 0.034569 0.971901
vt 0.039751 0.971736
vt 0.039751 0.974214
vt 0.034569 0.974929
vt 0.034569 0.968873
vt 0.039751 0.969259
vt 0.933675 0.190974
vt 0.934814 0.190426
vt 0.950440 0.487944
vt 0.950440 0.485596
vt 0.950440 0.490292
vt 0.141905 0.859460
vt 0.136134 0.857292
vt 0.808948 0.094189
vt 0.814885 0.092021
vt 0.096097 0.637357
vt 0.091549 0.644569
vt 0.933180 0.304050
vt 0.926991 0.301614
vt 0.926858 0.290047
vt 0.933180 0.286610
vt 0.654170 0.892677
vt 0.654170 0.910117
vt 0.085710 0.650839
vt 0.933575 0.224482
vt 0.933905 0.232148
vt 0.926858 0.232814
vt 0.927476 0.225797
vt 0.926858 0.218401
vt 0.933905 0.216217
vt 0.418360 0.924371
vt 0.409345 0.924170
vt 0.409854 0.915563
vt 0.418821 0.916584
vt 0.418821 0.931849
vt 0.409854 0.932436
vt 0.056189 0.553563
vt 0.064777 0.553273
vt 0.373861 0.931677
vt 0.364998 0.930528
vt 0.366358 0.918284
vt 0.373861 0.912636
vt 0.109480 0.889009
vt 0.106749 0.905661
vt 0.047954 0.555388
vn 0.6685 -0.7431 -0.0286
vn 0.6506 -0.7436 -0.1539
vn 0.7930 -0.5777 -0.1935
vn 0.8160 -0.5767 -0.0378
vn 0.6127 -0.7425 -0.2705
vn 0.7428 -0.5781 -0.3377
vn 0.5528 -0.7406 -0.3818
vn 0.6649 -0.5781 -0.4729
vn 0.4722 -0.7384 -0.4815
vn 0.5621 -0.5781 -0.5914
vn 0.3721 -0.7365 -0.5648
vn 0.4373 -0.5788 -0.6883
vn 0.2557 -0.7360 -0.6267
vn 0.2949 -0.5806 -0.7589
vn 0.1276 -0.7376 -0.6630
vn 0.1406 -0.5840 -0.7995
vn -0.0059 -0.7417 -0.6707
vn -0.0191 -0.5894 -0.8076
vn -0.1378 -0.7481 -0.6490
vn -0.1771 -0.5966 -0.7827
vn -0.2611 -0.7565 -0.5995
vn -0.3261 -0.6052 -0.7262
vn -0.3700 -0.7660 -0.5257
vn -0.4600 -0.6143 -0.6410
vn -0.4603 -0.7753 -0.4324
vn -0.5736 -0.6232 -0.5316
vn -0.5297 -0.7835 -0.3248
vn -0.6632 -0.6307 -0.4029
vn -0.5772 -0.7897 -0.2078
vn -0.7262 -0.6363 -0.2604
vn -0.6025 -0.7933 -0.0879
vn -0.7608 -0.6393 -0.1117
vn -0.6071 -0.7936 0.0385
vn -0.7674 -0.6395 0.0456
vn -0.6882 -0.7189 -0.0980
vn -0.6999 -0.7129 0.0427
vn -0.8430 -0.5356 0.0486
vn -0.8347 -0.5370 -0.1223
vn -0.6509 -0.7245 -0.2268
vn -0.7906 -0.5447 -0.2797
vn -0.5843 -0.7336 -0.3471
vn -0.7140 -0.5541 -0.4280
vn -0.4942 -0.7435 -0.4504
vn -0.6093 -0.5640 -0.5572
vn -0.3860 -0.7526 -0.5335
vn -0.4820 -0.5725 -0.6632
vn -0.2652 -0.7589 -0.5947
vn -0.3378 -0.5779 -0.7429
vn -0.1367 -0.7611 -0.6340
vn -0.1822 -0.5789 -0.7947
vn -0.0042 -0.7584 -0.6517
vn -0.0203 -0.5750 -0.8179
vn 0.1291 -0.7506 -0.6480
vn 0.1429 -0.5661 -0.8119
vn 0.2604 -0.7381 -0.6224
vn 0.3026 -0.5525 -0.7766
vn 0.3861 -0.7220 -0.5741
vn 0.4535 -0.5354 -0.7124
vn 0.5014 -0.7041 -0.5029
vn 0.5901 -0.5165 -0.6204
vn 0.6007 -0.6866 -0.4094
vn 0.7067 -0.4978 -0.5027
vn 0.6786 -0.6718 -0.2968
vn 0.7974 -0.4818 -0.3633
vn 0.7287 -0.6627 -0.1726
vn 0.8570 -0.4700 -0.2113
vn 0.7546 -0.6553 -0.0339
vn 0.8831 -0.4672 -0.0422
vn -0.4960 -0.5290 -0.6885
vn -0.3512 -0.5238 -0.7760
vn 0.1440 -0.5045 -0.8513
vn 0.3082 -0.4977 -0.8107
vn -0.8413 -0.5383 0.0486
vn -0.7024 -0.7064 0.0868
vn 0.4615 -0.6563 -0.5968
vn 0.3804 -0.9227 -0.0621
vn -0.6210 -0.5333 -0.5744
vn -0.0249 -0.5113 -0.8590
vn 0.5975 -0.4850 -0.6385
vn -0.5015 -0.6870 -0.5258
vn -0.1922 -0.5178 -0.8336
vn 0.4613 -0.4911 -0.7389
vn -0.4195 -0.8950 -0.1514
vn 0.7188 -0.6877 0.1015
vn 0.8816 -0.4700 -0.0421
vn -0.1500 0.7625 -0.6293
vn -0.6668 0.4601 -0.5862
vn -0.7339 -0.6110 -0.2967
vn -0.4412 -0.5655 -0.6968
vn 0.3528 0.8820 0.3122
vn 0.8509 0.5230 -0.0490
vn -0.2635 0.6258 -0.7341
vn 0.4234 -0.7231 -0.5457
vn 0.7555 -0.6252 -0.1957
vn -0.8900 0.4540 0.0427
vn -0.4596 0.7837 0.4178
vn 0.7844 -0.4183 0.4580
vn 0.5900 0.7165 0.3721
vn 0.5632 0.5088 -0.6510
vn 0.1971 0.7082 -0.6780
vn 0.4258 0.5027 -0.7523
vn 0.2712 0.4960 -0.8248
vn 0.1054 0.4892 -0.8658
vn -0.5406 0.4644 -0.7014
vn -0.3945 0.4696 -0.7898
vn -0.2081 0.9369 0.2807
vn -0.2608 0.9346 0.2420
vn -0.1489 0.9395 0.3085
vn -0.0855 0.9421 0.3242
vn -0.0651 0.4823 -0.8736
vn -0.0202 0.9447 0.3272
vn -0.2339 0.4757 -0.8479
vn 0.0444 0.9473 0.3173
vn 0.1059 0.9496 0.2951
vn 0.1618 0.9516 0.2612
vn 0.2101 0.9532 0.2171
vn 0.2489 0.9544 0.1645
vn -0.0363 0.9993 -0.0081
vn 0.2766 0.9552 0.1053
vn -0.3612 0.9293 0.0773
vn -0.3693 0.9292 0.0114
vn 0.2928 0.9552 0.0428
vn 0.0652 0.9888 -0.1344
vn -0.3386 0.9308 0.1376
vn 0.2940 0.9555 -0.0235
vn -0.3048 0.9325 0.1936
vn 0.3401 0.8010 0.4927
vn 0.2359 0.7972 0.5556
vn 0.4300 0.8040 0.4106
vn 0.5022 0.8063 0.3125
vn 0.5538 0.8077 0.2022
vn -0.6325 0.7599 0.1501
vn -0.6511 0.7585 0.0276
vn 0.5828 0.8080 0.0861
vn -0.5916 0.7623 0.2625
vn 0.5885 0.8076 -0.0377
vn -0.5287 0.7655 0.3668
vn -0.4467 0.7693 0.4567
vn -0.3487 0.7737 0.5289
vn -0.2385 0.7784 0.5806
vn -0.1204 0.7833 0.6098
vn 0.0012 0.7882 0.6153
vn 0.1215 0.7929 0.5971
vn 0.4419 0.8821 0.1632
vn 0.3998 0.8810 0.2529
vn -0.5237 0.8432 0.1212
vn -0.5391 0.8419 0.0210
vn 0.4653 0.8824 0.0691
vn -0.4906 0.8451 0.2123
vn 0.4702 0.8819 -0.0321
vn -0.4393 0.8477 0.2971
vn -0.3726 0.8509 0.3703
vn -0.2928 0.8544 0.4291
vn -0.2031 0.8583 0.4712
vn -0.1070 0.8623 0.4949
vn -0.0080 0.8663 0.4995
vn 0.0899 0.8701 0.4846
vn 0.1831 0.8736 0.4509
vn 0.2679 0.8766 0.3996
vn 0.3410 0.8791 0.3328
vn -0.0718 0.9725 0.2214
vn -0.1156 0.9707 0.2106
vn -0.0268 0.9743 0.2235
vn 0.0177 0.9761 0.2167
vn 0.0601 0.9777 0.2013
vn 0.0986 0.9791 0.1780
vn 0.1319 0.9802 0.1476
vn 0.1587 0.9810 0.1113
vn 0.1778 0.9815 0.0705
vn -0.2607 0.9640 0.0514
vn -0.2697 0.9629 0.0059
vn 0.1878 0.9818 0.0278
vn -0.2463 0.9647 0.0928
vn 0.1920 0.9812 -0.0184
vn -0.2230 0.9659 0.1314
vn -0.1927 0.9673 0.1647
vn -0.1564 0.9689 0.1914
vn -0.0399 0.9992 -0.0064
vn 0.2490 0.9131 -0.3227
vn -0.0652 0.7005 -0.7107
vn -0.3527 0.8893 -0.2911
vn 0.0399 -0.9992 0.0064
vn 0.2454 -0.6661 0.7043
vn 0.4649 0.8559 0.2263
vn 0.5749 0.7205 0.3877
vn 0.6153 -0.3732 0.6943
vn -0.6547 0.6937 0.3002
vn -0.3687 -0.6639 0.6506
vn -0.4248 -0.5127 0.7461
vn -0.7072 0.5191 0.4799
vn -0.0672 0.9972 -0.0328
vn -0.0500 0.8587 0.5099
vn -0.0016 -0.8575 0.5144
vn 0.0757 -0.4747 0.8769
vn 0.6773 0.7345 -0.0417
vn 0.5229 0.5948 -0.6106
vn -0.6293 0.5491 -0.5499
vn -0.7338 0.6785 0.0326
vn -0.7016 0.7119 0.0306
vn -0.2658 0.9333 -0.2413
vn -0.0627 0.8136 -0.5780
vn -0.6150 0.6579 -0.4347
vn 0.1646 0.9504 -0.2640
vn 0.5122 0.7025 -0.4940
vn 0.6426 0.7652 -0.0401
vn 0.8093 -0.5750 0.1195
vn 0.6638 -0.7414 0.0978
vn 0.7745 -0.5729 0.2681
vn 0.6382 -0.7384 0.2177
vn 0.7112 -0.5706 0.4107
vn 0.5903 -0.7345 0.3346
vn 0.6212 -0.5685 0.5393
vn 0.5205 -0.7305 0.4421
vn 0.5072 -0.5674 0.6486
vn 0.4297 -0.7272 0.5353
vn 0.3730 -0.5679 0.7337
vn 0.3203 -0.7255 0.6091
vn 0.2237 -0.5705 0.7902
vn 0.1967 -0.7264 0.6585
vn 0.0657 -0.5755 0.8151
vn 0.0647 -0.7302 0.6802
vn -0.0939 -0.5831 0.8070
vn -0.0687 -0.7369 0.6725
vn -0.2481 -0.5925 0.7664
vn -0.1964 -0.7460 0.6363
vn -0.3901 -0.6030 0.6959
vn -0.3124 -0.7566 0.5744
vn -0.5145 -0.6135 0.5990
vn -0.4120 -0.7674 0.4912
vn -0.6169 -0.6232 0.4806
vn -0.4922 -0.7774 0.3916
vn -0.6945 -0.6311 0.3455
vn -0.5517 -0.7855 0.2803
vn -0.7444 -0.6366 0.2013
vn -0.5893 -0.7911 0.1638
vn -0.6736 -0.7165 0.1814
vn -0.8169 -0.5341 0.2177
vn -0.6230 -0.7200 0.3057
vn -0.7566 -0.5392 0.3699
vn -0.5442 -0.7270 0.4185
vn -0.6649 -0.5461 0.5095
vn -0.4438 -0.7353 0.5121
vn -0.5474 -0.5539 0.6273
vn -0.3275 -0.7430 0.5836
vn -0.4097 -0.5607 0.7195
vn -0.2010 -0.7484 0.6320
vn -0.2579 -0.5649 0.7838
vn -0.0691 -0.7501 0.6576
vn -0.0978 -0.5652 0.8191
vn 0.0644 -0.7472 0.6614
vn 0.0656 -0.5610 0.8252
vn 0.1966 -0.7396 0.6437
vn 0.2274 -0.5523 0.8020
vn 0.3246 -0.7276 0.6043
vn 0.3825 -0.5395 0.7501
vn 0.4445 -0.7125 0.5429
vn 0.5259 -0.5237 0.6702
vn 0.5517 -0.6959 0.4597
vn 0.6521 -0.5064 0.5641
vn 0.6408 -0.6801 0.3562
vn 0.7557 -0.4899 0.4347
vn 0.7065 -0.6673 0.2357
vn 0.8314 -0.4762 0.2863
vn 0.7433 -0.6603 0.1068
vn 0.8748 -0.4671 0.1287
vn -0.4210 -0.5168 0.7454
vn 0.3915 -0.4841 0.7825
vn 0.2325 -0.4901 0.8401
vn -0.8155 -0.5359 0.2184
vn 0.8334 -0.4696 0.2913
vn 0.7616 -0.4715 0.4446
vn -0.5572 -0.5229 0.6450
vn 0.6613 -0.4746 0.5809
vn -0.6712 -0.5283 0.5200
vn 0.5363 -0.4789 0.6950
vn -0.7586 -0.5327 0.3751
vn 0.8737 -0.4690 0.1295
vn -0.6024 0.4706 0.6447
vn -0.7175 0.4652 0.5185
vn -0.8057 0.4607 0.3722
vn 0.8416 0.5256 0.1240
vn -0.8628 0.4580 0.2138
vn 0.8014 0.5244 0.2876
vn 0.7289 0.5225 0.4423
vn 0.6276 0.5193 0.5799
vn 0.5015 0.5150 0.6951
vn 0.3553 0.5098 0.7835
vn 0.1947 0.5037 0.8416
vn -0.4649 0.4767 0.7460
vn -0.2854 0.9306 -0.2293
vn -0.2371 0.9322 -0.2734
vn -0.1812 0.9342 -0.3072
vn -0.1197 0.9366 -0.3294
vn -0.0551 0.9391 -0.3393
vn 0.0102 0.9417 -0.3363
vn 0.0737 0.9443 -0.3206
vn 0.1328 0.9469 -0.2929
vn 0.1855 0.9492 -0.2541
vn 0.2295 0.9513 -0.2058
vn 0.2633 0.9530 -0.1498
vn -0.3681 0.9282 -0.0549
vn 0.2859 0.9541 -0.0894
vn -0.3519 0.9286 -0.1174
vn -0.3242 0.9293 -0.1766
vn 0.1759 0.7875 -0.5907
vn 0.2861 0.7922 -0.5390
vn 0.3841 0.7966 -0.4668
vn 0.4661 0.8004 -0.3768
vn 0.5290 0.8036 -0.2726
vn -0.6453 0.7578 -0.0962
vn 0.5699 0.8059 -0.1602
vn -0.6164 0.7582 -0.2123
vn -0.5647 0.7596 -0.3226
vn -0.4926 0.7618 -0.4206
vn -0.4027 0.7649 -0.5027
vn -0.2985 0.7687 -0.5657
vn -0.1840 0.7730 -0.6071
vn -0.0637 0.7776 -0.6254
vn 0.0578 0.7826 -0.6199
vn 0.3705 0.8762 -0.3082
vn 0.4217 0.8788 -0.2233
vn -0.5342 0.8415 -0.0802
vn 0.4548 0.8807 -0.1323
vn -0.5108 0.8419 -0.1743
vn -0.4687 0.8430 -0.2640
vn -0.4100 0.8448 -0.3439
vn -0.3368 0.8473 -0.4107
vn -0.2520 0.8503 -0.4620
vn -0.1588 0.8538 -0.4957
vn -0.0609 0.8577 -0.5106
vn 0.0381 0.8616 -0.5061
vn 0.1343 0.8656 -0.4823
vn 0.2239 0.8695 -0.4402
vn 0.3037 0.8730 -0.3814
vn -0.1378 0.9671 -0.2138
vn -0.0954 0.9687 -0.2292
vn -0.0508 0.9704 -0.2360
vn -0.0059 0.9722 -0.2339
vn 0.0379 0.9740 -0.2231
vn 0.0787 0.9758 -0.2040
vn 0.1149 0.9774 -0.1772
vn 0.1453 0.9789 -0.1439
vn 0.1686 0.9800 -0.1053
vn -0.2655 0.9633 -0.0403
vn 0.1830 0.9810 -0.0639
vn -0.2555 0.9632 -0.0830
vn -0.2364 0.9637 -0.1238
vn -0.2097 0.9646 -0.1601
vn -0.1764 0.9657 -0.1905
vn 0.2805 0.9183 0.2794
vn 0.0087 0.7125 0.7016
vn -0.3212 0.8944 0.3111
vn 0.5832 0.6046 0.5425
vn -0.5690 0.5589 0.6031
vn -0.2400 0.9375 0.2518
vn -0.0027 0.8234 0.5674
vn -0.5669 0.6657 0.4852
vn 0.1904 0.9546 0.2292
vn 0.5603 0.7104 0.4259
vn -0.5737 0.7863 -0.2295
vn -0.6524 0.6229 0.4317
vn -0.7916 -0.5480 0.2703
vn 0.5954 0.7140 -0.3683
vn 0.2932 0.3218 -0.9002
usemtl None
s 1
f 261/1/1 76/2/2 2/3/3 178/4/4
f 76/2/2 77/5/5 4/6/6 2/3/3
f 77/5/5 78/7/7 6/8/8 4/6/6
f 78/9/7 79/10/9 8/11/10 6/12/8
f 79/10/9 80/13/11 10/14/12 8/11/10
f 80/13/11 81/15/13 12/16/14 10/14/12
f 81/15/13 82/17/15 14/18/16 12/16/14
f 82/17/15 83/19/17 16/20/18 14/18/16
f 83/19/17 84/21/19 18/22/20 16/20/18
f 84/21/19 85/23/21 20/24/22 18/22/20
f 85/23/21 86/25/23 22/26/24 20/24/22
f 86/25/23 87/27/25 24/28/26 22/26/24
f 87/29/25 88/30/27 26/31/28 24/32/26
f 88/30/27 89/33/29 28/34/30 26/31/28
f 89/33/29 90/35/31 30/36/32 28/34/30
f 90/35/31 260/37/33 176/38/34 30/36/32
f 29/39/35 175/40/36 209/41/37 45/42/38
f 27/43/39 29/39/35 45/42/38 44/44/40
f 25/45/41 27/43/39 44/44/40 43/46/42
f 23/47/43 25/45/41 43/46/42 42/48/44
f 21/49/45 23/50/43 42/51/44 41/52/46
f 19/53/47 21/49/45 41/52/46 40/54/48
f 17/55/49 19/53/47 40/54/48 39/56/50
f 15/57/51 17/55/49 39/56/50 38/58/52
f 13/59/53 15/57/51 38/58/52 37/60/54
f 11/61/55 13/59/53 37/60/54 36/62/56
f 9/63/57 11/61/55 36/62/56 35/64/58
f 7/65/59 9/63/57 35/64/58 34/66/60
f 5/67/61 7/68/59 34/69/60 33/70/62
f 3/71/63 5/67/61 33/70/62 32/72/64
f 1/73/65 3/71/63 32/72/64 31/74/66
f 177/75/67 1/73/65 31/74/66 210/76/68
f 22/26/24 56/77/69 55/78/70 20/24/22
f 14/18/16 52/79/71 51/80/72 12/16/14
f 176/38/34 226/81/73 60/82/74 30/36/32
f 6/8/8 48/83/75 47/84/76 4/6/6
f 24/28/26 57/85/77 56/77/69 22/26/24
f 16/20/18 53/86/78 52/79/71 14/18/16
f 8/87/10 49/88/79 48/83/75 6/8/8
f 26/31/28 58/89/80 57/90/77 24/32/26
f 18/22/20 54/91/81 53/86/78 16/20/18
f 10/14/12 50/92/82 49/93/79 8/11/10
f 28/34/30 59/94/83 58/89/80 26/31/28
f 2/3/3 46/95/84 227/96/85 178/4/4
f 20/24/22 55/78/70 54/91/81 18/22/20
f 12/16/14 51/80/72 50/92/82 10/14/12
f 30/36/32 60/82/74 59/94/83 28/34/30
f 4/6/6 47/84/76 46/95/84 2/3/3
f 58/89/80 73/97/86 72/98/87 57/90/77
f 58/99/80 59/100/83 399/101/88 400/102/89
f 46/95/84 61/103/90 244/104/91 227/96/85
f 73/105/86 58/106/80 400/107/89 403/108/92
f 47/109/76 48/110/75 407/111/93 405/112/94
f 226/81/73 243/113/95 75/114/96 60/82/74
f 61/115/90 46/116/84 406/117/97 409/118/98
f 49/88/79 64/119/99 63/120/100 48/83/75
f 50/92/82 65/121/101 64/122/99 49/93/79
f 51/80/72 66/123/102 65/121/101 50/92/82
f 52/79/71 67/124/103 66/123/102 51/80/72
f 56/77/69 71/125/104 70/126/105 55/78/70
f 57/85/77 72/127/87 71/125/104 56/77/69
f 45/128/38 209/129/37 260/37/33 90/35/31
f 44/130/40 45/128/38 90/35/31 89/33/29
f 43/131/42 44/130/40 89/33/29 88/30/27
f 42/132/44 43/131/42 88/30/27 87/29/25
f 41/133/46 42/134/44 87/27/25 86/25/23
f 40/135/48 41/133/46 86/25/23 85/23/21
f 39/136/50 40/135/48 85/23/21 84/21/19
f 38/137/52 39/136/50 84/21/19 83/19/17
f 37/138/54 38/137/52 83/19/17 82/17/15
f 36/139/56 37/138/54 82/17/15 81/15/13
f 35/140/58 36/139/56 81/15/13 80/13/11
f 34/141/60 35/140/58 80/13/11 79/10/9
f 33/142/62 34/141/60 79/10/9 78/9/7
f 32/143/64 33/144/62 78/7/7 77/5/5
f 31/145/66 32/143/64 77/5/5 76/2/2
f 210/146/68 31/147/66 76/148/2 261/149/1
f 65/150/101 95/151/106 94/152/107 64/153/99
f 66/154/102 96/155/108 95/151/106 65/150/101
f 67/156/103 97/157/109 96/155/108 66/154/102
f 68/158/110 98/159/111 97/157/109 67/156/103
f 69/160/112 99/161/113 98/159/111 68/158/110
f 70/162/105 100/163/114 99/161/113 69/160/112
f 71/164/104 101/165/115 100/163/114 70/162/105
f 72/166/87 102/167/116 101/165/115 71/164/104
f 73/168/86 103/169/117 102/167/116 72/166/87
f 74/170/118 104/171/119 103/169/117 73/168/86
f 61/172/90 91/173/120 278/174/121 244/175/91
f 75/176/96 105/177/122 104/171/119 74/170/118
f 62/178/123 92/179/124 91/173/120 61/172/90
f 243/180/95 277/181/125 105/177/122 75/176/96
f 63/182/100 93/183/126 92/179/124 62/178/123
f 64/153/99 94/152/107 93/183/126 63/182/100
f 101/184/115 116/185/127 115/186/128 100/187/114
f 102/188/116 117/189/129 116/185/127 101/184/115
f 103/190/117 118/191/130 117/189/129 102/188/116
f 104/192/119 119/193/131 118/191/130 103/190/117
f 91/194/120 106/195/132 295/196/133 278/197/121
f 105/198/122 120/199/134 119/193/131 104/192/119
f 92/200/124 107/201/135 106/195/132 91/194/120
f 277/202/125 294/203/136 120/204/134 105/205/122
f 93/206/126 108/207/137 107/208/135 92/209/124
f 94/210/107 109/211/138 108/207/137 93/206/126
f 95/212/106 110/213/139 109/211/138 94/210/107
f 96/214/108 111/215/140 110/213/139 95/212/106
f 97/216/109 112/217/141 111/215/140 96/214/108
f 98/218/111 113/219/142 112/217/141 97/216/109
f 99/220/113 114/221/143 113/219/142 98/218/111
f 100/187/114 115/186/128 114/221/143 99/220/113
f 119/193/131 134/222/144 133/223/145 118/191/130
f 106/195/132 121/224/146 312/225/147 295/196/133
f 120/199/134 135/226/148 134/222/144 119/193/131
f 107/201/135 122/227/149 121/224/146 106/195/132
f 294/228/136 311/229/150 135/226/148 120/199/134
f 108/207/137 123/230/151 122/231/149 107/208/135
f 109/211/138 124/232/152 123/230/151 108/207/137
f 110/213/139 125/233/153 124/232/152 109/211/138
f 111/215/140 126/234/154 125/233/153 110/213/139
f 112/217/141 127/235/155 126/234/154 111/215/140
f 113/219/142 128/236/156 127/235/155 112/217/141
f 114/221/143 129/237/157 128/236/156 113/219/142
f 115/186/128 130/238/158 129/237/157 114/221/143
f 116/185/127 131/239/159 130/238/158 115/186/128
f 117/189/129 132/240/160 131/239/159 116/185/127
f 118/191/130 133/223/145 132/240/160 117/189/129
f 127/235/155 142/241/161 141/242/162 126/234/154
f 128/236/156 143/243/163 142/241/161 127/235/155
f 129/237/157 144/244/164 143/243/163 128/236/156
f 130/238/158 145/245/165 144/244/164 129/237/157
f 131/239/159 146/246/166 145/245/165 130/238/158
f 132/240/160 147/247/167 146/246/166 131/239/159
f 133/223/145 148/248/168 147/247/167 132/240/160
f 134/222/144 149/249/169 148/248/168 133/223/145
f 121/224/146 136/250/170 329/251/171 312/225/147
f 135/226/148 150/252/172 149/249/169 134/222/144
f 122/227/149 137/253/173 136/250/170 121/224/146
f 311/229/150 328/254/174 150/252/172 135/226/148
f 123/230/151 138/255/175 137/256/173 122/231/149
f 124/232/152 139/257/176 138/255/175 123/230/151
f 125/233/153 140/258/177 139/257/176 124/232/152
f 126/234/154 141/242/162 140/258/177 125/233/153
f 345/259/178 329/251/171 136/250/170 137/253/173
f 165/260/178 137/253/173 138/261/175
f 164/262/178 165/260/178 138/261/175 139/263/176
f 163/264/178 164/262/178 139/263/176 140/265/177
f 162/266/178 163/264/178 140/265/177 141/267/162
f 161/268/179 162/266/178 141/267/162 142/269/161
f 160/270/180 161/268/179 142/269/161 143/271/163
f 159/272/181 160/270/180 143/271/163 144/273/164
f 158/274/178 159/272/181 144/273/164 145/275/165
f 157/276/178 158/274/178 145/275/165 146/277/166
f 156/278/178 157/276/178 146/277/166 147/279/167
f 155/280/178 156/278/178 147/279/167 148/281/168
f 149/282/169 155/280/178 148/281/168
f 328/283/174 356/284/178 149/282/169 150/285/172
f 3/286/63 1/287/65 177/288/67 357/289/182
f 5/290/61 3/286/63 357/289/182 358/291/182
f 7/292/59 5/290/61 358/291/182 359/293/182
f 9/294/57 7/292/59 359/293/182 360/295/182
f 11/296/55 9/294/57 360/295/182 361/297/182
f 13/298/53 11/296/55 361/297/182 362/299/182
f 15/300/51 13/298/53 362/299/182 363/301/182
f 17/302/49 15/300/51 363/301/182 364/303/182
f 19/304/47 17/302/49 364/303/182 365/305/182
f 21/306/45 19/304/47 365/305/182 366/307/182
f 23/308/43 21/306/45 366/307/182 367/309/182
f 25/310/41 23/308/43 367/309/182 368/311/182
f 27/312/39 25/310/41 368/311/182 369/313/182
f 29/314/35 27/312/39 369/313/182 175/315/36
f 235/316/183 252/317/184 153/318/185 154/319/186
f 254/320/187 237/321/188 371/322/189 370/323/190
f 253/324/191 254/325/187 370/326/190 151/327/192
f 237/328/188 236/329/193 152/330/194 371/331/189
f 347/332/178 346/333/178 165/260/178 164/262/178
f 348/334/178 347/332/178 164/262/178 163/264/178
f 349/335/178 348/334/178 163/264/178 162/266/178
f 350/336/195 349/335/178 162/266/178 161/268/179
f 161/337/179 160/338/180 167/339/180 166/340/196
f 160/338/180 159/341/181 168/342/197 167/339/180
f 352/343/178 351/344/198 159/272/181 158/274/178
f 353/345/178 352/343/178 158/274/178 157/276/178
f 354/346/178 353/345/178 157/276/178 156/278/178
f 355/347/178 354/346/178 156/278/178 155/280/178
f 356/284/178 355/347/178 155/280/178 149/282/169
f 346/333/178 345/259/178 137/253/173 165/260/178
f 168/348/197 384/349/198 389/350/199 171/351/200
f 167/352/180 168/348/197 171/351/200 170/353/201
f 159/354/181 351/355/198 384/356/198 168/357/197
f 350/358/195 161/359/179 166/360/196 383/361/195
f 170/362/201 171/363/200 174/364/202 173/365/201
f 169/366/203 170/362/201 173/365/201 172/367/204
f 383/368/195 166/369/196 169/370/203 388/371/205
f 166/369/196 167/352/180 170/353/201 169/370/203
f 393/372/178 394/373/205 172/374/204 173/375/201
f 395/376/199 393/372/178 173/375/201 174/377/202
f 171/378/200 389/379/199 395/380/199 174/381/202
f 388/382/205 169/383/203 172/384/204 394/385/205
f 261/1/1 178/4/4 180/386/206 262/387/207
f 262/387/207 180/386/206 182/388/208 263/389/209
f 263/390/209 182/391/208 184/392/210 264/393/211
f 264/393/211 184/392/210 186/394/212 265/395/213
f 265/395/213 186/394/212 188/396/214 266/397/215
f 266/397/215 188/396/214 190/398/216 267/399/217
f 267/399/217 190/398/216 192/400/218 268/401/219
f 268/401/219 192/400/218 194/402/220 269/403/221
f 269/403/221 194/402/220 196/404/222 270/405/223
f 270/405/223 196/404/222 198/406/224 271/407/225
f 271/407/225 198/406/224 200/408/226 272/409/227
f 272/409/227 200/408/226 202/410/228 273/411/229
f 273/411/229 202/410/228 204/412/230 274/413/231
f 274/414/231 204/415/230 206/416/232 275/417/233
f 275/417/233 206/416/232 208/418/234 276/419/235
f 276/419/235 208/418/234 176/38/34 260/37/33
f 207/420/236 225/421/237 209/41/37 175/40/36
f 205/422/238 224/423/239 225/421/237 207/420/236
f 203/424/240 223/425/241 224/423/239 205/422/238
f 201/426/242 222/427/243 223/425/241 203/424/240
f 199/428/244 221/429/245 222/427/243 201/426/242
f 197/430/246 220/431/247 221/432/245 199/433/244
f 195/434/248 219/435/249 220/431/247 197/430/246
f 193/436/250 218/437/251 219/435/249 195/434/248
f 191/438/252 217/439/253 218/437/251 193/436/250
f 189/440/254 216/441/255 217/439/253 191/438/252
f 187/442/256 215/443/257 216/441/255 189/440/254
f 185/444/258 214/445/259 215/443/257 187/442/256
f 183/446/260 213/447/261 214/448/259 185/449/258
f 181/450/262 212/451/263 213/447/261 183/446/260
f 179/452/264 211/453/265 212/451/263 181/450/262
f 177/75/67 210/76/68 211/453/265 179/452/264
f 200/408/226 198/406/224 237/454/188 238/455/266
f 192/400/218 190/398/216 233/456/267 234/457/268
f 176/38/34 208/418/234 242/458/269 226/81/73
f 184/392/210 182/391/208 229/459/270 230/460/271
f 202/410/228 200/408/226 238/455/266 239/461/272
f 194/402/220 192/400/218 234/457/268 235/462/183
f 186/394/212 184/392/210 230/460/271 231/463/273
f 204/415/230 202/464/228 239/465/272 240/466/274
f 196/404/222 194/402/220 235/462/183 236/467/193
f 188/396/214 186/394/212 231/463/273 232/468/275
f 206/416/232 204/415/230 240/466/274 241/469/276
f 180/386/206 178/4/4 227/96/85 228/470/277
f 198/406/224 196/404/222 236/467/193 237/454/188
f 190/398/216 188/396/214 232/468/275 233/456/267
f 208/418/234 206/416/232 241/469/276 242/458/269
f 182/388/208 180/386/206 228/470/277 229/471/270
f 240/466/274 239/465/272 256/472/278 257/473/279
f 241/469/276 240/466/274 257/473/279 258/474/280
f 228/470/277 227/96/85 244/104/91 245/475/281
f 242/458/269 241/469/276 258/474/280 259/476/282
f 229/471/270 228/470/277 245/475/281 246/477/283
f 226/81/73 242/458/269 259/476/282 243/113/95
f 230/478/271 229/471/270 246/477/283 247/479/284
f 231/463/273 230/460/271 247/480/284 248/481/285
f 232/468/275 231/463/273 248/481/285 249/482/286
f 233/456/267 232/468/275 249/482/286 250/483/287
f 234/457/268 233/456/267 250/483/287 251/484/288
f 252/485/184 253/324/191 151/327/192 153/486/185
f 153/487/185 151/488/192 152/489/194 154/490/186
f 152/489/194 151/488/192 370/491/190 371/492/189
f 238/455/266 237/454/188 254/493/187 255/494/289
f 239/461/272 238/455/266 255/494/289 256/495/278
f 225/496/237 276/419/235 260/37/33 209/129/37
f 224/497/239 275/417/233 276/419/235 225/496/237
f 223/498/241 274/413/231 275/499/233 224/500/239
f 222/501/243 273/411/229 274/413/231 223/498/241
f 221/502/245 272/409/227 273/411/229 222/501/243
f 220/503/247 271/407/225 272/409/227 221/502/245
f 219/504/249 270/405/223 271/407/225 220/503/247
f 218/505/251 269/403/221 270/405/223 219/504/249
f 217/506/253 268/401/219 269/403/221 218/505/251
f 216/507/255 267/399/217 268/401/219 217/506/253
f 215/508/257 266/397/215 267/399/217 216/507/255
f 214/509/259 265/395/213 266/397/215 215/508/257
f 213/510/261 264/393/211 265/395/213 214/509/259
f 212/511/263 263/390/209 264/393/211 213/510/261
f 211/512/265 262/513/207 263/390/209 212/511/263
f 210/146/68 261/149/1 262/513/207 211/512/265
f 249/514/286 248/515/285 282/516/290 283/517/291
f 250/518/287 249/514/286 283/517/291 284/519/292
f 251/520/288 250/518/287 284/519/292 285/521/293
f 252/485/184 251/520/288 285/521/293 286/522/294
f 253/324/191 252/485/184 286/522/294 287/523/295
f 254/325/187 253/324/191 287/523/295 288/524/296
f 255/525/289 254/325/187 288/524/296 289/526/297
f 256/527/278 255/525/289 289/526/297 290/528/298
f 257/529/279 256/527/278 290/528/298 291/530/299
f 258/531/280 257/529/279 291/530/299 292/532/300
f 245/533/281 244/175/91 278/174/121 279/534/301
f 259/535/282 258/531/280 292/532/300 293/536/302
f 246/537/283 245/533/281 279/534/301 280/538/303
f 243/180/95 259/535/282 293/536/302 277/181/125
f 247/539/284 246/537/283 280/538/303 281/540/304
f 248/515/285 247/539/284 281/540/304 282/516/290
f 289/541/297 288/542/296 305/543/305 306/544/306
f 290/545/298 289/541/297 306/544/306 307/546/307
f 291/547/299 290/545/298 307/546/307 308/548/308
f 292/549/300 291/550/299 308/551/308 309/552/309
f 279/553/301 278/197/121 295/196/133 296/554/310
f 293/555/302 292/549/300 309/552/309 310/556/311
f 280/557/303 279/553/301 296/554/310 297/558/312
f 277/202/125 293/555/302 310/556/311 294/203/136
f 281/559/304 280/557/303 297/558/312 298/560/313
f 282/561/290 281/559/304 298/560/313 299/562/314
f 283/563/291 282/561/290 299/562/314 300/564/315
f 284/565/292 283/563/291 300/564/315 301/566/316
f 285/567/293 284/565/292 301/566/316 302/568/317
f 286/569/294 285/567/293 302/568/317 303/570/318
f 287/571/295 286/569/294 303/570/318 304/572/319
f 288/542/296 287/571/295 304/572/319 305/543/305
f 309/573/309 308/548/308 325/574/320 326/575/321
f 296/554/310 295/196/133 312/225/147 313/576/322
f 310/556/311 309/552/309 326/577/321 327/578/323
f 297/558/312 296/554/310 313/576/322 314/579/324
f 294/203/136 310/556/311 327/578/323 311/580/150
f 298/560/313 297/558/312 314/579/324 315/581/325
f 299/562/314 298/560/313 315/581/325 316/582/326
f 300/564/315 299/562/314 316/582/326 317/583/327
f 301/566/316 300/564/315 317/583/327 318/584/328
f 302/568/317 301/566/316 318/584/328 319/585/329
f 303/570/318 302/568/317 319/585/329 320/586/330
f 304/572/319 303/570/318 320/586/330 321/587/331
f 305/543/305 304/572/319 321/587/331 322/588/332
f 306/544/306 305/543/305 322/588/332 323/589/333
f 307/546/307 306/544/306 323/589/333 324/590/334
f 308/548/308 307/546/307 324/590/334 325/574/320
f 319/585/329 318/584/328 335/591/335 336/592/336
f 320/586/330 319/585/329 336/592/336 337/593/337
f 321/587/331 320/586/330 337/593/337 338/594/338
f 322/588/332 321/587/331 338/594/338 339/595/339
f 323/589/333 322/588/332 339/595/339 340/596/340
f 324/590/334 323/589/333 340/596/340 341/597/341
f 325/574/320 324/590/334 341/597/341 342/598/342
f 326/575/321 325/574/320 342/598/342 343/599/343
f 313/576/322 312/225/147 329/251/171 330/600/344
f 327/601/323 326/575/321 343/599/343 344/602/345
f 314/579/324 313/576/322 330/600/344 331/603/346
f 311/229/150 327/604/323 344/605/345 328/254/174
f 315/581/325 314/579/324 331/603/346 332/606/347
f 316/582/326 315/581/325 332/606/347 333/607/348
f 317/583/327 316/582/326 333/607/348 334/608/349
f 318/584/328 317/583/327 334/608/349 335/591/335
f 345/259/178 331/603/346 330/600/344 329/251/171
f 382/609/178 332/606/347 331/603/346
f 381/610/178 333/607/348 332/606/347 382/609/178
f 380/611/178 334/608/349 333/607/348 381/610/178
f 379/612/178 335/591/335 334/608/349 380/611/178
f 378/613/350 336/592/336 335/591/335 379/612/178
f 377/614/351 337/593/337 336/592/336 378/613/350
f 376/615/352 338/594/338 337/593/337 377/614/351
f 375/616/178 339/595/339 338/594/338 376/615/352
f 374/617/178 340/596/340 339/595/339 375/616/178
f 373/618/178 341/597/341 340/596/340 374/617/178
f 372/619/178 342/598/342 341/597/341 373/618/178
f 343/599/343 342/598/342 372/619/178
f 328/283/174 344/602/345 343/599/343 356/284/178
f 181/620/262 357/289/182 177/288/67 179/621/264
f 183/622/260 358/291/182 357/289/182 181/620/262
f 185/623/258 359/293/182 358/291/182 183/622/260
f 187/624/256 360/295/182 359/293/182 185/623/258
f 189/625/254 361/297/182 360/295/182 187/624/256
f 191/626/252 362/299/182 361/297/182 189/625/254
f 193/627/250 363/301/182 362/299/182 191/626/252
f 195/628/248 364/303/182 363/301/182 193/627/250
f 197/629/246 365/305/182 364/303/182 195/628/248
f 199/630/244 366/307/182 365/305/182 197/629/246
f 201/631/242 367/309/182 366/307/182 199/630/244
f 203/632/240 368/311/182 367/309/182 201/631/242
f 205/633/238 369/313/182 368/311/182 203/632/240
f 207/634/236 175/315/36 369/313/182 205/633/238
f 54/91/81 55/78/70 70/126/105 69/635/112
f 53/86/78 54/91/81 69/635/112 68/636/110
f 52/79/71 53/86/78 68/636/110 67/124/103
f 235/462/183 234/457/268 251/484/288 252/637/184
f 236/329/193 235/638/183 154/639/186 152/330/194
f 347/332/178 381/610/178 382/609/178 346/333/178
f 348/334/178 380/611/178 381/610/178 347/332/178
f 349/335/178 379/612/178 380/611/178 348/334/178
f 350/336/195 378/613/350 379/612/178 349/335/178
f 378/640/350 385/641/353 386/642/351 377/643/351
f 377/643/351 386/642/351 387/644/354 376/645/352
f 352/343/178 375/616/178 376/615/352 351/344/198
f 353/345/178 374/617/178 375/616/178 352/343/178
f 354/346/178 373/618/178 374/617/178 353/345/178
f 355/347/178 372/619/178 373/618/178 354/346/178
f 356/284/178 343/599/343 372/619/178 355/347/178
f 346/333/178 382/609/178 331/603/346 345/259/178
f 387/646/354 392/647/355 389/350/199 384/349/198
f 386/648/351 391/649/356 392/647/355 387/646/354
f 376/650/352 387/651/354 384/356/198 351/355/198
f 350/358/195 383/361/195 385/652/353 378/653/350
f 391/654/356 397/655/356 398/656/357 392/657/355
f 390/658/358 396/659/359 397/655/356 391/654/356
f 383/368/195 388/371/205 390/660/358 385/661/353
f 385/661/353 390/660/358 391/649/356 386/648/351
f 393/372/178 397/662/356 396/663/359 394/373/205
f 395/376/199 398/664/357 397/662/356 393/372/178
f 392/665/355 398/666/357 395/380/199 389/379/199
f 388/382/205 394/385/205 396/667/359 390/668/358
f 74/170/118 73/168/86 403/669/92 402/670/360
f 60/671/74 75/672/96 404/673/361 401/674/362
f 59/100/83 60/675/74 401/676/362 399/101/88
f 75/176/96 74/170/118 402/670/360 404/677/361
f 402/678/360 403/679/92 400/680/89 399/681/88 401/682/362 404/683/361
f 405/684/94 408/685/363 409/686/98 406/687/97
f 407/688/93 410/689/364 408/685/363 405/684/94
f 63/182/100 62/178/123 408/690/363 410/691/364
f 48/692/75 63/693/100 410/694/364 407/695/93
f 46/696/84 47/109/76 405/112/94 406/697/97
f 62/178/123 61/172/90 409/698/98 408/690/363
o Torus.006_Torus.008
v -0.009679 -0.751136 -0.558220
v -0.033763 -0.751136 -0.551761
v -0.051432 -0.751136 -0.534129
v -0.058021 -0.751136 -0.509972
v -0.051687 -0.751136 -0.485672
v -0.034013 -0.751136 -0.467731
v -0.009679 -0.751136 -0.461149
v 0.014654 -0.751136 -0.467731
v 0.032332 -0.751136 -0.485672
v 0.038660 -0.751136 -0.509972
v 0.032076 -0.751136 -0.534128
v 0.014404 -0.751136 -0.551761
v -0.009679 -0.813407 -0.552087
v -0.033763 -0.812146 -0.545753
v -0.051432 -0.808706 -0.528461
v -0.058021 -0.803996 -0.504769
v -0.051688 -0.799252 -0.480936
v -0.034014 -0.795751 -0.463336
v -0.009679 -0.794469 -0.456879
v 0.014655 -0.795751 -0.463336
v 0.032332 -0.799252 -0.480936
v 0.038660 -0.803996 -0.504769
v 0.032076 -0.808706 -0.528457
v 0.014405 -0.812146 -0.545753
v -0.009679 -0.873285 -0.533920
v -0.033763 -0.870814 -0.527959
v -0.051432 -0.864065 -0.511662
v -0.058021 -0.854821 -0.489353
v -0.051688 -0.845520 -0.466896
v -0.034014 -0.838657 -0.450327
v -0.009679 -0.836133 -0.444234
v 0.014655 -0.838656 -0.450327
v 0.032332 -0.845520 -0.466899
v 0.038660 -0.854821 -0.489353
v 0.032076 -0.864065 -0.511662
v 0.014404 -0.870814 -0.527959
v -0.009679 -0.928463 -0.504426
v -0.033760 -0.924882 -0.499056
v -0.051431 -0.915083 -0.484394
v -0.058021 -0.901664 -0.464314
v -0.051688 -0.888155 -0.444102
v -0.034012 -0.878198 -0.429197
v -0.009679 -0.874530 -0.423705
v 0.014653 -0.878198 -0.429197
v 0.032332 -0.888156 -0.444102
v 0.038660 -0.901664 -0.464314
v 0.032075 -0.915083 -0.484394
v 0.014401 -0.924882 -0.499056
v -0.009679 -0.976833 -0.464732
v -0.033758 -0.972269 -0.460163
v -0.051432 -0.959803 -0.447705
v -0.058020 -0.942721 -0.430619
v -0.051688 -0.925530 -0.413429
v -0.034011 -0.912854 -0.400749
v -0.009679 -0.908191 -0.396089
v 0.014652 -0.912854 -0.400749
v 0.032332 -0.925530 -0.413429
v 0.038660 -0.942721 -0.430619
v 0.032076 -0.959803 -0.447701
v 0.014400 -0.972268 -0.460163
v -0.009679 -1.016530 -0.416364
v -0.033759 -1.011159 -0.412776
v -0.051432 -0.996504 -0.402982
v -0.058021 -0.976413 -0.389559
v -0.051688 -0.956202 -0.376057
v -0.034011 -0.941296 -0.366092
v -0.009679 -0.935815 -0.362430
v 0.014652 -0.941296 -0.366092
v 0.032331 -0.956204 -0.376057
v 0.038660 -0.976413 -0.389559
v 0.032076 -0.996502 -0.402982
v 0.014400 -1.011161 -0.412776
v -0.009679 -1.046022 -0.361181
v -0.033758 -1.040061 -0.358706
v -0.051433 -1.023773 -0.351964
v -0.058021 -1.001450 -0.342719
v -0.051688 -0.978993 -0.333414
v -0.034010 -0.962431 -0.326557
v -0.009679 -0.956335 -0.324030
v 0.014652 -0.962431 -0.326557
v 0.032331 -0.978996 -0.333414
v 0.038660 -1.001450 -0.342719
v 0.032076 -1.023771 -0.351964
v 0.014400 -1.040061 -0.358706
v -0.009679 -1.064182 -0.301303
v -0.033756 -1.057860 -0.300045
v -0.051433 -1.040567 -0.296605
v -0.058020 -1.016870 -0.291893
v -0.051688 -0.993026 -0.287148
v -0.034008 -0.975444 -0.283653
v -0.009679 -0.968977 -0.282365
v 0.014650 -0.975444 -0.283653
v 0.032332 -0.993028 -0.287148
v 0.038659 -1.016870 -0.291893
v 0.032076 -1.040567 -0.296605
v 0.014397 -1.057860 -0.300045
v -0.009679 -1.070313 -0.239034
v -0.033755 -1.063870 -0.239034
v -0.051433 -1.046236 -0.239034
v -0.058020 -1.022077 -0.239034
v -0.051688 -0.997765 -0.239034
v -0.034008 -0.979838 -0.239034
v -0.009679 -0.973248 -0.239034
v 0.014649 -0.979838 -0.239034
v 0.032332 -0.997765 -0.239034
v 0.038659 -1.022077 -0.239034
v 0.032076 -1.046236 -0.239034
v 0.014396 -1.063870 -0.239034
v -0.009679 -1.064181 -0.176765
v -0.033756 -1.057860 -0.178023
v -0.051433 -1.040567 -0.181463
v -0.058020 -1.016870 -0.186175
v -0.051688 -0.993026 -0.190919
v -0.034009 -0.975444 -0.194415
v -0.009679 -0.968977 -0.195703
v 0.014650 -0.975444 -0.194415
v 0.032332 -0.993028 -0.190919
v 0.038659 -1.016870 -0.186175
v 0.032076 -1.040567 -0.181463
v 0.014397 -1.057860 -0.178023
v -0.009679 -1.046022 -0.116887
v -0.033758 -1.040061 -0.119361
v -0.051432 -1.023772 -0.126104
v -0.058021 -1.001450 -0.135349
v -0.051688 -0.978994 -0.144654
v -0.034010 -0.962431 -0.151515
v -0.009679 -0.956337 -0.154038
v 0.014652 -0.962431 -0.151515
v 0.032331 -0.978996 -0.144654
v 0.038660 -1.001450 -0.135349
v 0.032076 -1.023771 -0.126104
v 0.014399 -1.040061 -0.119361
v -0.009679 -1.016530 -0.061705
v -0.033760 -1.011159 -0.065292
v -0.051432 -0.996502 -0.075086
v -0.058021 -0.976415 -0.088509
v -0.051688 -0.956202 -0.102011
v -0.034011 -0.941296 -0.111976
v -0.009679 -0.935815 -0.115638
v 0.014652 -0.941296 -0.111976
v 0.032332 -0.956204 -0.102011
v 0.038660 -0.976413 -0.088509
v 0.032076 -0.996502 -0.075086
v 0.014401 -1.011159 -0.065292
v -0.009679 -0.976833 -0.013336
v -0.033760 -0.972269 -0.017905
v -0.051431 -0.959803 -0.030370
v -0.058021 -0.942721 -0.047449
v -0.051688 -0.925530 -0.064640
v -0.034011 -0.912854 -0.077319
v -0.009679 -0.908191 -0.081979
v 0.014652 -0.912854 -0.077319
v 0.032332 -0.925530 -0.064640
v 0.038660 -0.942721 -0.047449
v 0.032075 -0.959801 -0.030370
v 0.014401 -0.972268 -0.017905
v -0.009679 -0.928463 0.026358
v -0.033761 -0.924882 0.020988
v -0.051431 -0.915083 0.006326
v -0.058021 -0.901665 -0.013754
v -0.051688 -0.888156 -0.033966
v -0.034012 -0.878198 -0.048871
v -0.009679 -0.874531 -0.054363
v 0.014653 -0.878198 -0.048871
v 0.032332 -0.888156 -0.033966
v 0.038660 -0.901664 -0.013754
v 0.032075 -0.915083 0.006326
v 0.014402 -0.924882 0.020988
v -0.009679 -0.873285 0.055852
v -0.033763 -0.870814 0.049891
v -0.051432 -0.864065 0.033594
v -0.058021 -0.854821 0.011285
v -0.051689 -0.845520 -0.011173
v -0.034012 -0.838657 -0.027744
v -0.009679 -0.836134 -0.033834
v 0.014653 -0.838657 -0.027744
v 0.032333 -0.845520 -0.011173
v 0.038660 -0.854821 0.011285
v 0.032075 -0.864065 0.033594
v 0.014404 -0.870814 0.049891
v -0.009679 -0.813407 0.074019
v -0.033763 -0.812146 0.067685
v -0.051431 -0.808706 0.050393
v -0.058020 -0.803996 0.026705
v -0.051689 -0.799252 0.002855
v -0.034007 -0.795751 -0.014732
v -0.009679 -0.794468 -0.021189
v 0.014648 -0.795751 -0.014732
v 0.032333 -0.799252 0.002855
v 0.038659 -0.803996 0.026705
v 0.032076 -0.808706 0.050389
v 0.014405 -0.812146 0.067685
v -0.009679 -0.751136 0.080152
v -0.033763 -0.751136 0.073693
v -0.051432 -0.751136 0.056060
v -0.058020 -0.751136 0.031905
v -0.051689 -0.751136 0.007594
v -0.034006 -0.751136 -0.010336
v -0.009679 -0.751136 -0.016920
v 0.014646 -0.751136 -0.010336
v 0.032333 -0.751136 0.007594
v 0.038659 -0.751136 0.031905
v 0.032076 -0.751136 0.056060
v 0.014404 -0.751136 0.073692
v -0.009679 -0.688868 0.074019
v -0.033763 -0.690127 0.067685
v -0.051431 -0.693565 0.050393
v -0.058020 -0.698277 0.026705
v -0.051689 -0.703021 0.002855
v -0.034007 -0.706520 -0.014732
v -0.009679 -0.707804 -0.021189
v 0.014648 -0.706520 -0.014732
v 0.032333 -0.703019 0.002855
v 0.038660 -0.698277 0.026705
v 0.032076 -0.693565 0.050389
v 0.014404 -0.690127 0.067685
v -0.009679 -0.628990 0.055852
v -0.033762 -0.631461 0.049891
v -0.051432 -0.638208 0.033595
v -0.058021 -0.647452 0.011285
v -0.051688 -0.656753 -0.011173
v -0.034012 -0.663615 -0.027744
v -0.009679 -0.666138 -0.033834
v 0.014653 -0.663615 -0.027744
v 0.032333 -0.656752 -0.011173
v 0.038660 -0.647452 0.011285
v 0.032076 -0.638208 0.033594
v 0.014404 -0.631461 0.049891
v -0.009679 -0.573809 0.026358
v -0.033761 -0.577389 0.020988
v -0.051432 -0.587190 0.006326
v -0.058021 -0.600610 -0.013754
v -0.051688 -0.614116 -0.033966
v -0.034013 -0.624074 -0.048871
v -0.009679 -0.627742 -0.054363
v 0.014654 -0.624074 -0.048871
v 0.032332 -0.614115 -0.033966
v 0.038660 -0.600610 -0.013754
v 0.032076 -0.587190 0.006326
v 0.014402 -0.577389 0.020988
v -0.009679 -0.525440 -0.013340
v -0.033758 -0.530004 -0.017904
v -0.051432 -0.542468 -0.030370
v -0.058021 -0.559552 -0.047449
v -0.051688 -0.576741 -0.064639
v -0.034012 -0.589419 -0.077319
v -0.009679 -0.594082 -0.081979
v 0.014653 -0.589419 -0.077319
v 0.032332 -0.576739 -0.064639
v 0.038660 -0.559552 -0.047449
v 0.032076 -0.542468 -0.030370
v 0.014399 -0.530004 -0.017904
v -0.009679 -0.485745 -0.061704
v -0.033756 -0.491114 -0.065292
v -0.051432 -0.505765 -0.075082
v -0.058020 -0.525856 -0.088509
v -0.051688 -0.546069 -0.102010
v -0.034012 -0.560979 -0.111976
v -0.009679 -0.566460 -0.115638
v 0.014653 -0.560979 -0.111976
v 0.032333 -0.546069 -0.102010
v 0.038659 -0.525856 -0.088509
v 0.032075 -0.505767 -0.075082
v 0.014398 -0.491114 -0.065292
v -0.009679 -0.456249 -0.116882
v -0.033757 -0.462215 -0.119362
v -0.051432 -0.478496 -0.126100
v -0.058020 -0.500819 -0.135349
v -0.051688 -0.523281 -0.144654
v -0.034009 -0.539842 -0.151515
v -0.009679 -0.545936 -0.154038
v 0.014650 -0.539842 -0.151515
v 0.032332 -0.523279 -0.144654
v 0.038659 -0.500821 -0.135349
v 0.032076 -0.478498 -0.126104
v 0.014399 -0.462215 -0.119362
v -0.009679 -0.438086 -0.176764
v -0.033758 -0.444416 -0.178023
v -0.051433 -0.461708 -0.181463
v -0.058020 -0.485404 -0.186175
v -0.051688 -0.509249 -0.190919
v -0.034008 -0.526827 -0.194415
v -0.009679 -0.533297 -0.195703
v 0.014649 -0.526827 -0.194415
v 0.032332 -0.509249 -0.190919
v 0.038659 -0.485404 -0.186175
v 0.032077 -0.461708 -0.181463
v 0.014399 -0.444416 -0.178023
v -0.009679 -0.431954 -0.239034
v -0.033758 -0.438408 -0.239034
v -0.051433 -0.456037 -0.239034
v -0.058020 -0.480198 -0.239034
v -0.051688 -0.504507 -0.239034
v -0.034008 -0.522436 -0.239034
v -0.009679 -0.529029 -0.239034
v 0.014649 -0.522436 -0.239034
v 0.032332 -0.504507 -0.239034
v 0.038659 -0.480198 -0.239034
v 0.032077 -0.456037 -0.239034
v 0.014399 -0.438408 -0.239034
v -0.009679 -0.438086 -0.301303
v -0.033758 -0.444416 -0.300045
v -0.051433 -0.461708 -0.296605
v -0.058020 -0.485404 -0.291893
v -0.051688 -0.509251 -0.287148
v -0.034008 -0.526826 -0.283653
v -0.009679 -0.533297 -0.282365
v 0.014649 -0.526826 -0.283653
v 0.032332 -0.509249 -0.287148
v 0.038659 -0.485404 -0.291893
v 0.032077 -0.461708 -0.296605
v 0.014399 -0.444416 -0.300045
v -0.009679 -0.456249 -0.361186
v -0.033757 -0.462215 -0.358706
v -0.051432 -0.478496 -0.351968
v -0.058020 -0.500819 -0.342719
v -0.051688 -0.523282 -0.333414
v -0.034009 -0.539841 -0.326557
v -0.009679 -0.545938 -0.324029
v 0.014650 -0.539841 -0.326557
v 0.032332 -0.523281 -0.333414
v 0.038659 -0.500821 -0.342719
v 0.032076 -0.478498 -0.351964
v 0.014399 -0.462215 -0.358706
v -0.009679 -0.485745 -0.416364
v -0.033756 -0.491114 -0.412776
v -0.051432 -0.505764 -0.402987
v -0.058020 -0.525856 -0.389559
v -0.051688 -0.546069 -0.376058
v -0.034012 -0.560979 -0.366092
v -0.009679 -0.566460 -0.362430
v 0.014653 -0.560979 -0.366092
v 0.032332 -0.546069 -0.376058
v 0.038659 -0.525856 -0.389559
v 0.032076 -0.505766 -0.402986
v 0.014397 -0.491114 -0.412776
v -0.009679 -0.525440 -0.464727
v -0.033757 -0.530002 -0.460164
v -0.051432 -0.542468 -0.447706
v -0.058020 -0.559552 -0.430619
v -0.051688 -0.576741 -0.413429
v -0.034012 -0.589419 -0.400749
v -0.009679 -0.594082 -0.396089
v 0.014653 -0.589419 -0.400749
v 0.032332 -0.576739 -0.413429
v 0.038659 -0.559552 -0.430619
v 0.032076 -0.542468 -0.447706
v 0.014398 -0.530002 -0.460164
v -0.009679 -0.573809 -0.504426
v -0.033760 -0.577389 -0.499056
v -0.051432 -0.587190 -0.484394
v -0.058021 -0.600610 -0.464314
v -0.051688 -0.614116 -0.444102
v -0.034013 -0.624074 -0.429197
v -0.009679 -0.627743 -0.423705
v 0.014654 -0.624074 -0.429197
v 0.032332 -0.614116 -0.444102
v 0.038660 -0.600611 -0.464314
v 0.032076 -0.587190 -0.484394
v 0.014401 -0.577389 -0.499056
v -0.009679 -0.628990 -0.533920
v -0.033762 -0.631459 -0.527959
v -0.051432 -0.638208 -0.511662
v -0.058021 -0.647452 -0.489353
v -0.051688 -0.656753 -0.466895
v -0.034014 -0.663615 -0.450327
v -0.009679 -0.666138 -0.444234
v 0.014655 -0.663615 -0.450327
v 0.032332 -0.656752 -0.466899
v 0.038660 -0.647452 -0.489353
v 0.032076 -0.638208 -0.511662
v 0.014404 -0.631459 -0.527959
v -0.009679 -0.688868 -0.552087
v -0.033763 -0.690127 -0.545753
v -0.051431 -0.693565 -0.528461
v -0.058021 -0.698277 -0.504769
v -0.051688 -0.703019 -0.480936
v -0.034014 -0.706520 -0.463336
v -0.009679 -0.707804 -0.456879
v 0.014655 -0.706520 -0.463336
v 0.032332 -0.703019 -0.480936
v 0.038660 -0.698279 -0.504769
v 0.032076 -0.693565 -0.528457
v 0.014404 -0.690127 -0.545753
vt 0.904597 0.651361
vt 0.904700 0.647503
vt 0.906236 0.647583
vt 0.906135 0.651363
vt 0.907575 0.647726
vt 0.907480 0.651293
vt 0.552248 0.653618
vt 0.552248 0.650050
vt 0.553676 0.650196
vt 0.553676 0.653472
vt 0.555202 0.650343
vt 0.555202 0.653325
vt 0.556419 0.650451
vt 0.556419 0.653217
vt 0.434262 0.815427
vt 0.434262 0.818192
vt 0.432927 0.818153
vt 0.432927 0.815467
vt 0.391487 0.832215
vt 0.391632 0.834897
vt 0.390082 0.835020
vt 0.389933 0.832259
vt 0.388741 0.835202
vt 0.388581 0.832223
vt 0.503404 0.650343
vt 0.503403 0.653325
vt 0.501965 0.653472
vt 0.501965 0.650196
vt 0.500446 0.653618
vt 0.500446 0.650050
vt 0.499248 0.653725
vt 0.499248 0.649943
vt 0.903276 0.651287
vt 0.903377 0.647507
vt 0.905005 0.643724
vt 0.906535 0.643881
vt 0.907858 0.644232
vt 0.552940 0.646550
vt 0.554311 0.646982
vt 0.555781 0.647418
vt 0.556955 0.647739
vt 0.434408 0.820905
vt 0.433069 0.820787
vt 0.391916 0.837520
vt 0.390374 0.837721
vt 0.389057 0.838114
vt 0.503982 0.656250
vt 0.502600 0.656685
vt 0.501138 0.657118
vt 0.499981 0.657434
vt 0.903676 0.643804
vt 0.905501 0.640171
vt 0.907021 0.640399
vt 0.908316 0.640946
vt 0.554297 0.643253
vt 0.555557 0.643955
vt 0.556915 0.644663
vt 0.558007 0.645184
vt 0.434695 0.823460
vt 0.433348 0.823268
vt 0.392328 0.839982
vt 0.390799 0.840257
vt 0.389515 0.840848
vt 0.505116 0.659005
vt 0.503846 0.659712
vt 0.502495 0.660415
vt 0.501419 0.660928
vt 0.904162 0.640322
vt 0.906169 0.636978
vt 0.907674 0.637271
vt 0.908933 0.637995
vt 0.556267 0.640286
vt 0.557366 0.641231
vt 0.558561 0.642183
vt 0.559534 0.642884
vt 0.435112 0.825759
vt 0.433753 0.825501
vt 0.392853 0.842191
vt 0.391339 0.842531
vt 0.390097 0.843300
vt 0.506763 0.661485
vt 0.505655 0.662437
vt 0.504464 0.663382
vt 0.503506 0.664072
vt 0.904816 0.637194
vt 0.950050 0.660648
vt 0.949733 0.657402
vt 0.951269 0.657340
vt 0.951579 0.660520
vt 0.952616 0.656936
vt 0.952909 0.659938
vt 0.558774 0.637763
vt 0.559668 0.638915
vt 0.560657 0.640074
vt 0.561477 0.640929
vt 0.435271 0.711710
vt 0.435044 0.714036
vt 0.433717 0.714338
vt 0.433938 0.712079
vt 0.392871 0.940537
vt 0.392651 0.942796
vt 0.391098 0.942732
vt 0.391325 0.940406
vt 0.389746 0.942320
vt 0.389990 0.939811
vt 0.508858 0.663594
vt 0.507957 0.664753
vt 0.506972 0.665905
vt 0.506163 0.666746
vt 0.948729 0.660286
vt 0.948419 0.657105
vt 0.949627 0.653815
vt 0.951164 0.653825
vt 0.952517 0.653620
vt 0.561722 0.635780
vt 0.562375 0.637095
vt 0.563121 0.638417
vt 0.563762 0.639392
vt 0.434968 0.716606
vt 0.433643 0.716834
vt 0.392576 0.945292
vt 0.391022 0.945301
vt 0.389663 0.945091
vt 0.511322 0.665251
vt 0.510663 0.666573
vt 0.509920 0.667888
vt 0.509288 0.668847
vt 0.948314 0.653591
vt 0.949734 0.650026
vt 0.951268 0.650113
vt 0.952616 0.650117
vt 0.564998 0.634415
vt 0.565382 0.635841
vt 0.565859 0.637276
vt 0.566300 0.638334
vt 0.435044 0.719321
vt 0.433717 0.719471
vt 0.392651 0.947929
vt 0.391098 0.948017
vt 0.389746 0.948019
vt 0.514060 0.666392
vt 0.513671 0.667827
vt 0.513195 0.669254
vt 0.512759 0.670294
vt 0.948419 0.649878
vt 0.950050 0.646179
vt 0.951578 0.646344
vt 0.952909 0.646560
vt 0.568476 0.633719
vt 0.568575 0.635202
vt 0.568765 0.636694
vt 0.568996 0.637795
vt 0.435271 0.722077
vt 0.433938 0.722147
vt 0.392871 0.950606
vt 0.391325 0.950773
vt 0.389990 0.950992
vt 0.516966 0.666974
vt 0.516864 0.668467
vt 0.516673 0.669950
vt 0.516444 0.671032
vt 0.948729 0.646109
vt 0.951917 0.564152
vt 0.951698 0.560368
vt 0.953234 0.560311
vt 0.953449 0.564020
vt 0.954592 0.560476
vt 0.954796 0.563975
vt 0.572022 0.633719
vt 0.571831 0.635202
vt 0.571729 0.636694
vt 0.571744 0.637795
vt 0.698806 0.684104
vt 0.698649 0.686816
vt 0.697331 0.686549
vt 0.697484 0.683916
vt 0.393099 0.913008
vt 0.392769 0.915625
vt 0.391223 0.915465
vt 0.391563 0.912770
vt 0.389850 0.915542
vt 0.390216 0.912636
vt 0.519929 0.666974
vt 0.520119 0.668467
vt 0.520219 0.669950
vt 0.520202 0.671032
vt 0.950608 0.564339
vt 0.950393 0.560631
vt 0.951698 0.556779
vt 0.953234 0.556796
vt 0.954592 0.557159
vt 0.575499 0.634415
vt 0.575024 0.635841
vt 0.574635 0.637276
vt 0.574439 0.638334
vt 0.698649 0.689387
vt 0.697331 0.689046
vt 0.392601 0.918117
vt 0.391049 0.918030
vt 0.389663 0.918309
vt 0.522836 0.666393
vt 0.523312 0.667827
vt 0.523697 0.669254
vt 0.523887 0.670294
vt 0.950393 0.557115
vt 0.951917 0.553525
vt 0.953449 0.553607
vt 0.954796 0.554150
vt 0.578775 0.635781
vt 0.578031 0.637095
vt 0.577373 0.638417
vt 0.576977 0.639393
vt 0.698806 0.691719
vt 0.697484 0.691311
vt 0.392601 0.920386
vt 0.391049 0.920367
vt 0.389663 0.920829
vt 0.525574 0.665251
vt 0.526320 0.666574
vt 0.526972 0.667888
vt 0.527359 0.668847
vt 0.950608 0.553927
vt 0.952348 0.550730
vt 0.953872 0.550869
vt 0.579407 0.634822
vt 0.582531 0.636923
vt 0.581723 0.637763
vt 0.580738 0.638915
vt 0.579837 0.640074
vt 0.579262 0.640929
vt 0.391339 0.881294
vt 0.390798 0.879727
vt 0.392328 0.879494
vt 0.392852 0.881017
vt 0.392769 0.922347
vt 0.391223 0.922386
vt 0.524933 0.664276
vt 0.527218 0.662740
vt 0.528038 0.663594
vt 0.529027 0.664754
vt 0.529920 0.665905
vt 0.530483 0.666746
vt 0.951030 0.551189
vt 0.906169 0.593456
vt 0.905501 0.596204
vt 0.904162 0.596492
vt 0.904817 0.593800
vt 0.585188 0.639597
vt 0.584230 0.640287
vt 0.583040 0.641232
vt 0.581932 0.642183
vt 0.389514 0.880513
vt 0.389056 0.878377
vt 0.390374 0.877745
vt 0.391916 0.877570
vt 0.393099 0.923923
vt 0.391562 0.924009
vt 0.529161 0.660784
vt 0.530133 0.661486
vt 0.531329 0.662437
vt 0.532427 0.663382
vt 0.908933 0.594531
vt 0.908316 0.597072
vt 0.907021 0.596416
vt 0.907675 0.593724
vt 0.905005 0.599428
vt 0.903676 0.599651
vt 0.587276 0.642741
vt 0.586200 0.643254
vt 0.584849 0.643956
vt 0.583579 0.644663
vt 0.388741 0.875877
vt 0.390082 0.875427
vt 0.391632 0.875318
vt 0.433753 0.859202
vt 0.433348 0.856969
vt 0.434695 0.857161
vt 0.435112 0.859461
vt 0.530688 0.658485
vt 0.531780 0.659006
vt 0.533138 0.659713
vt 0.534397 0.660415
vt 0.907858 0.600052
vt 0.906535 0.599574
vt 0.904700 0.603003
vt 0.903377 0.603154
vt 0.588714 0.646235
vt 0.587557 0.646551
vt 0.586095 0.646983
vt 0.584712 0.647418
vt 0.388580 0.873108
vt 0.389933 0.872860
vt 0.391487 0.872826
vt 0.433069 0.854488
vt 0.434408 0.854606
vt 0.531739 0.655929
vt 0.532914 0.656251
vt 0.534384 0.656686
vt 0.535754 0.657118
vt 0.907575 0.603358
vt 0.906236 0.603078
vt 0.904597 0.606793
vt 0.903276 0.606867
vt 0.589447 0.649944
vt 0.588248 0.650051
vt 0.586729 0.650197
vt 0.585290 0.650344
vt 0.388581 0.870179
vt 0.389933 0.870143
vt 0.391487 0.870187
vt 0.432927 0.851854
vt 0.434261 0.851894
vt 0.532275 0.653217
vt 0.533492 0.653326
vt 0.535019 0.653473
vt 0.536446 0.653619
vt 0.907480 0.606861
vt 0.906135 0.606791
vt 0.904700 0.610651
vt 0.903377 0.610647
vt 0.589447 0.653726
vt 0.588249 0.653619
vt 0.586730 0.653473
vt 0.585290 0.653326
vt 0.388741 0.867201
vt 0.390082 0.867382
vt 0.391631 0.867506
vt 0.432927 0.849168
vt 0.434261 0.849128
vt 0.532275 0.650452
vt 0.533492 0.650343
vt 0.535019 0.650196
vt 0.536446 0.650050
vt 0.907575 0.610428
vt 0.906236 0.610571
vt 0.905005 0.614430
vt 0.903676 0.614349
vt 0.588714 0.657434
vt 0.587556 0.657119
vt 0.586094 0.656686
vt 0.584713 0.656251
vt 0.389056 0.864289
vt 0.390374 0.864681
vt 0.391916 0.864883
vt 0.433069 0.846534
vt 0.434408 0.846416
vt 0.531739 0.647739
vt 0.532914 0.647418
vt 0.534384 0.646983
vt 0.535755 0.646550
vt 0.907858 0.613922
vt 0.906535 0.614273
vt 0.905501 0.617983
vt 0.904162 0.617832
vt 0.587276 0.660928
vt 0.586200 0.660415
vt 0.584848 0.659713
vt 0.583578 0.659006
vt 0.389514 0.861554
vt 0.390798 0.862145
vt 0.392328 0.862420
vt 0.433348 0.844053
vt 0.434695 0.843861
vt 0.530688 0.645184
vt 0.531780 0.644663
vt 0.533138 0.643956
vt 0.534398 0.643254
vt 0.908316 0.617208
vt 0.907021 0.617755
vt 0.906169 0.621176
vt 0.904817 0.620960
vt 0.585188 0.664073
vt 0.584230 0.663383
vt 0.583040 0.662437
vt 0.581932 0.661486
vt 0.390097 0.859102
vt 0.391339 0.859872
vt 0.392852 0.860212
vt 0.433753 0.841819
vt 0.435112 0.841561
vt 0.529161 0.642885
vt 0.530134 0.642183
vt 0.531329 0.641232
vt 0.532428 0.640286
vt 0.908933 0.620160
vt 0.907675 0.620883
vt 0.909830 0.068503
vt 0.909249 0.071712
vt 0.907914 0.071900
vt 0.908484 0.068755
vt 0.582531 0.666746
vt 0.581723 0.665906
vt 0.580737 0.664754
vt 0.579836 0.663595
vt 0.928374 0.270808
vt 0.927792 0.268356
vt 0.929076 0.267765
vt 0.929616 0.270038
vt 0.930605 0.267490
vt 0.931130 0.269698
vt 0.433752 0.892904
vt 0.433348 0.890671
vt 0.434695 0.890862
vt 0.435112 0.893162
vt 0.527218 0.640929
vt 0.528038 0.640074
vt 0.529027 0.638915
vt 0.529921 0.637763
vt 0.912621 0.069445
vt 0.912083 0.072412
vt 0.910773 0.071900
vt 0.911343 0.068755
vt 0.908848 0.075277
vt 0.907522 0.075394
vt 0.579406 0.668847
vt 0.578775 0.667889
vt 0.578031 0.666574
vt 0.577372 0.665251
vt 0.927334 0.265621
vt 0.928651 0.265229
vt 0.930193 0.265027
vt 0.433069 0.888189
vt 0.434408 0.888307
vt 0.524933 0.639392
vt 0.525574 0.638417
vt 0.526321 0.637095
vt 0.526973 0.635780
vt 0.911713 0.075709
vt 0.910381 0.075394
vt 0.908644 0.079063
vt 0.907321 0.079102
vt 0.575935 0.670295
vt 0.575499 0.669254
vt 0.575023 0.667828
vt 0.574634 0.666392
vt 0.927019 0.262709
vt 0.928359 0.262528
vt 0.929909 0.262405
vt 0.432927 0.885555
vt 0.434261 0.885595
vt 0.522395 0.638334
vt 0.522836 0.637276
vt 0.523313 0.635841
vt 0.523697 0.634415
vt 0.911524 0.079209
vt 0.910181 0.079102
vt 0.908644 0.082923
vt 0.907321 0.082884
vt 0.572250 0.671032
vt 0.572021 0.669950
vt 0.571830 0.668467
vt 0.571728 0.666974
vt 0.926858 0.259731
vt 0.928210 0.259767
vt 0.929764 0.259723
vt 0.432927 0.882869
vt 0.434261 0.882829
vt 0.519699 0.637795
vt 0.519930 0.636694
vt 0.520120 0.635202
vt 0.520219 0.633719
vt 0.911524 0.082777
vt 0.910181 0.082884
vt 0.908848 0.086709
vt 0.907522 0.086593
vt 0.568492 0.671032
vt 0.568475 0.669950
vt 0.568574 0.668467
vt 0.568765 0.666974
vt 0.926858 0.256802
vt 0.928210 0.257050
vt 0.929764 0.257085
vt 0.433069 0.880235
vt 0.434408 0.880117
vt 0.516951 0.637794
vt 0.516967 0.636694
vt 0.516864 0.635202
vt 0.516674 0.633719
vt 0.911713 0.086277
vt 0.910381 0.086593
vt 0.909249 0.090275
vt 0.907914 0.090086
vt 0.564807 0.670294
vt 0.564997 0.669254
vt 0.565382 0.667828
vt 0.565858 0.666392
vt 0.927019 0.254034
vt 0.928359 0.254483
vt 0.929909 0.254592
vt 0.433348 0.877754
vt 0.434695 0.877562
vt 0.514256 0.638334
vt 0.514060 0.637276
vt 0.513672 0.635841
vt 0.513196 0.634415
vt 0.912083 0.089574
vt 0.910773 0.090086
vt 0.909830 0.093484
vt 0.908485 0.093231
vt 0.561335 0.668847
vt 0.561722 0.667888
vt 0.562374 0.666574
vt 0.563120 0.665251
vt 0.927334 0.251533
vt 0.928651 0.252165
vt 0.930193 0.252340
vt 0.433752 0.875521
vt 0.435112 0.875263
vt 0.511718 0.639392
vt 0.511322 0.638417
vt 0.510664 0.637094
vt 0.509920 0.635780
vt 0.912621 0.092541
vt 0.911343 0.093231
vt 0.910571 0.096213
vt 0.909210 0.095905
vt 0.558211 0.666746
vt 0.558773 0.665905
vt 0.559667 0.664753
vt 0.560656 0.663594
vt 0.561476 0.662739
vt 0.563761 0.664276
vt 0.929076 0.250184
vt 0.930605 0.250416
vt 0.392853 0.821386
vt 0.392328 0.822908
vt 0.390799 0.822676
vt 0.391339 0.821108
vt 0.509433 0.640929
vt 0.508858 0.640074
vt 0.507957 0.638915
vt 0.506972 0.637763
vt 0.506164 0.636922
vt 0.509288 0.634821
vt 0.912069 0.095905
vt 0.906169 0.664698
vt 0.905501 0.661950
vt 0.907021 0.661738
vt 0.907674 0.664430
vt 0.908316 0.661082
vt 0.908933 0.663623
vt 0.556267 0.663382
vt 0.557365 0.662437
vt 0.558561 0.661485
vt 0.559533 0.660784
vt 0.929616 0.248616
vt 0.931130 0.248894
vt 0.391916 0.824833
vt 0.390374 0.824657
vt 0.389057 0.824026
vt 0.389515 0.821889
vt 0.506763 0.642183
vt 0.505655 0.641231
vt 0.504465 0.640286
vt 0.503507 0.639596
vt 0.904816 0.664354
vt 0.904162 0.661662
vt 0.905005 0.658726
vt 0.906535 0.658579
vt 0.907858 0.658102
vt 0.554297 0.660415
vt 0.555557 0.659712
vt 0.556915 0.659006
vt 0.558007 0.658484
vt 0.435112 0.807860
vt 0.434695 0.810159
vt 0.433348 0.810351
vt 0.433753 0.808118
vt 0.391632 0.827084
vt 0.390082 0.826976
vt 0.388741 0.826526
vt 0.505116 0.644662
vt 0.503846 0.643956
vt 0.502495 0.643253
vt 0.501419 0.642740
vt 0.903676 0.658503
vt 0.904700 0.655151
vt 0.906236 0.655076
vt 0.907575 0.654796
vt 0.552940 0.657118
vt 0.554311 0.656686
vt 0.555780 0.656250
vt 0.556955 0.655929
vt 0.434408 0.812715
vt 0.433069 0.812832
vt 0.391487 0.829577
vt 0.389933 0.829543
vt 0.388581 0.829294
vt 0.503982 0.647418
vt 0.502600 0.646982
vt 0.501138 0.646550
vt 0.499981 0.646234
vt 0.903377 0.655000
vn 0.0000 0.0000 -1.0000
vn 0.0000 -0.1951 -0.9808
vn -0.4928 -0.1697 -0.8534
vn -0.4928 0.0000 -0.8701
vn -0.8577 -0.1003 -0.5043
vn -0.8576 0.0000 -0.5142
vn -0.9998 -0.0042 -0.0214
vn -0.9998 0.0000 -0.0217
vn -0.8765 0.0939 0.4721
vn -0.8765 0.0000 0.4813
vn -0.5115 0.1676 0.8427
vn -0.5115 0.0000 0.8592
vn 0.0000 0.1951 0.9808
vn 0.0000 0.0000 1.0000
vn 0.5115 0.1676 0.8427
vn 0.5115 0.0000 0.8593
vn 0.8766 0.0939 0.4720
vn 0.8766 0.0000 0.4813
vn 0.9998 -0.0042 -0.0214
vn 0.9998 0.0000 -0.0217
vn 0.8577 -0.1003 -0.5043
vn 0.8577 0.0000 -0.5141
vn 0.4928 -0.1697 -0.8534
vn 0.4928 0.0000 -0.8701
vn 0.0000 -0.3827 -0.9239
vn -0.4928 -0.3330 -0.8039
vn -0.8577 -0.1968 -0.4750
vn -0.9998 -0.0083 -0.0202
vn -0.8765 0.1842 0.4448
vn -0.5116 0.3288 0.7938
vn 0.0000 0.3827 0.9239
vn 0.5116 0.3288 0.7938
vn 0.8765 0.1842 0.4447
vn 0.9998 -0.0083 -0.0201
vn 0.8577 -0.1968 -0.4750
vn 0.4927 -0.3330 -0.8039
vn 0.0000 -0.5556 -0.8314
vn -0.4927 -0.4834 -0.7235
vn -0.8576 -0.2857 -0.4276
vn -0.9998 -0.0121 -0.0182
vn -0.8764 0.2675 0.4003
vn -0.5116 0.4773 0.7144
vn 0.0000 0.5556 0.8314
vn 0.5116 0.4773 0.7144
vn 0.8765 0.2675 0.4003
vn 0.9998 -0.0121 -0.0182
vn 0.8577 -0.2857 -0.4275
vn 0.4927 -0.4835 -0.7235
vn 0.0000 -0.7071 -0.7071
vn -0.4927 -0.6153 -0.6153
vn -0.8576 -0.3637 -0.3637
vn -0.9998 -0.0154 -0.0154
vn -0.8764 0.3405 0.3405
vn -0.5115 0.6076 0.6076
vn 0.0000 0.7071 0.7071
vn 0.5115 0.6076 0.6076
vn 0.8765 0.3404 0.3404
vn 0.9998 -0.0154 -0.0154
vn 0.8576 -0.3636 -0.3636
vn 0.4927 -0.6153 -0.6153
vn 0.0000 -0.8314 -0.5556
vn -0.4927 -0.7235 -0.4834
vn -0.8576 -0.4276 -0.2857
vn -0.9998 -0.0181 -0.0121
vn -0.8764 0.4003 0.2675
vn -0.5115 0.7144 0.4774
vn 0.0000 0.8314 0.5556
vn 0.5115 0.7144 0.4774
vn 0.8765 0.4003 0.2675
vn 0.9998 -0.0181 -0.0121
vn 0.8576 -0.4276 -0.2857
vn 0.4926 -0.7236 -0.4834
vn 0.0000 -0.9239 -0.3827
vn -0.4926 -0.8040 -0.3330
vn -0.8576 -0.4751 -0.1968
vn -0.9998 -0.0201 -0.0083
vn -0.8764 0.4449 0.1843
vn -0.5115 0.7938 0.3288
vn 0.0000 0.9239 0.3827
vn 0.5115 0.7938 0.3288
vn 0.8765 0.4448 0.1842
vn 0.9998 -0.0201 -0.0083
vn 0.8576 -0.4751 -0.1968
vn 0.4926 -0.8040 -0.3330
vn 0.0000 -0.9808 -0.1951
vn -0.4925 -0.8536 -0.1698
vn -0.8576 -0.5044 -0.1003
vn -0.9998 -0.0214 -0.0042
vn -0.8764 0.4723 0.0939
vn -0.5115 0.8428 0.1676
vn 0.0000 0.9808 0.1951
vn 0.5114 0.8428 0.1676
vn 0.8764 0.4722 0.0939
vn 0.9998 -0.0213 -0.0042
vn 0.8576 -0.5043 -0.1003
vn 0.4925 -0.8536 -0.1698
vn 0.0000 -1.0000 0.0000
vn -0.4925 -0.8703 0.0000
vn -0.8576 -0.5142 0.0000
vn -0.9998 -0.0218 0.0000
vn -0.8764 0.4815 0.0000
vn -0.5114 0.8593 0.0000
vn 0.0000 1.0000 0.0000
vn 0.5114 0.8593 0.0000
vn 0.8764 0.4815 0.0000
vn 0.9998 -0.0218 0.0000
vn 0.8576 -0.5142 0.0000
vn 0.4924 -0.8703 0.0000
vn 0.0000 -0.9808 0.1951
vn -0.4925 -0.8536 0.1698
vn -0.8576 -0.5044 0.1003
vn -0.9998 -0.0214 0.0042
vn -0.8764 0.4723 -0.0939
vn -0.5114 0.8428 -0.1676
vn 0.0000 0.9808 -0.1951
vn 0.5114 0.8428 -0.1676
vn 0.8765 0.4722 -0.0939
vn 0.9998 -0.0213 0.0042
vn 0.8576 -0.5043 0.1003
vn 0.4925 -0.8536 0.1698
vn 0.0000 -0.9239 0.3827
vn -0.4926 -0.8040 0.3330
vn -0.8576 -0.4751 0.1968
vn -0.9998 -0.0201 0.0083
vn -0.8764 0.4448 -0.1842
vn -0.5115 0.7938 -0.3288
vn 0.0000 0.9239 -0.3827
vn 0.5115 0.7939 -0.3288
vn 0.8765 0.4448 -0.1842
vn 0.9998 -0.0201 0.0083
vn 0.8576 -0.4751 0.1968
vn 0.4926 -0.8040 0.3330
vn 0.0000 -0.8314 0.5556
vn -0.4927 -0.7235 0.4834
vn -0.8576 -0.4276 0.2857
vn -0.9998 -0.0181 0.0121
vn -0.8764 0.4003 -0.2675
vn -0.5115 0.7145 -0.4774
vn 0.0000 0.8314 -0.5556
vn 0.5115 0.7145 -0.4774
vn 0.8765 0.4003 -0.2675
vn 0.9998 -0.0181 0.0121
vn 0.8576 -0.4276 0.2857
vn 0.4927 -0.7235 0.4834
vn 0.0000 -0.7071 0.7071
vn -0.4927 -0.6153 0.6153
vn -0.8576 -0.3636 0.3636
vn -0.9998 -0.0154 0.0154
vn -0.8764 0.3405 -0.3405
vn -0.5115 0.6076 -0.6076
vn 0.0000 0.7071 -0.7071
vn 0.5115 0.6076 -0.6076
vn 0.8765 0.3404 -0.3404
vn 0.9998 -0.0154 0.0154
vn 0.8576 -0.3636 0.3636
vn 0.4927 -0.6153 0.6153
vn 0.0000 -0.5556 0.8314
vn -0.4927 -0.4834 0.7235
vn -0.8576 -0.2857 0.4275
vn -0.9998 -0.0121 0.0182
vn -0.8764 0.2675 -0.4003
vn -0.5116 0.4773 -0.7144
vn 0.0000 0.5555 -0.8315
vn 0.5116 0.4773 -0.7144
vn 0.8765 0.2675 -0.4003
vn 0.9998 -0.0121 0.0182
vn 0.8577 -0.2857 0.4275
vn 0.4927 -0.4834 0.7235
vn 0.0000 -0.3827 0.9239
vn -0.4928 -0.3330 0.8039
vn -0.8577 -0.1968 0.4750
vn -0.9998 -0.0084 0.0202
vn -0.8765 0.1842 -0.4448
vn -0.5115 0.3288 -0.7938
vn 0.0000 0.3827 -0.9239
vn 0.5115 0.3288 -0.7939
vn 0.8765 0.1842 -0.4447
vn 0.9998 -0.0084 0.0202
vn 0.8577 -0.1968 0.4750
vn 0.4927 -0.3330 0.8039
vn 0.0000 -0.1951 0.9808
vn -0.4928 -0.1697 0.8534
vn -0.8577 -0.1003 0.5043
vn -0.9998 -0.0043 0.0215
vn -0.8765 0.0939 -0.4722
vn -0.5114 0.1676 -0.8428
vn 0.0000 0.1951 -0.9808
vn 0.5113 0.1676 -0.8429
vn 0.8765 0.0939 -0.4722
vn 0.9998 -0.0043 0.0215
vn 0.8577 -0.1003 0.5043
vn 0.4928 -0.1697 0.8534
vn -0.4928 0.0000 0.8701
vn -0.8577 0.0000 0.5142
vn -0.9998 0.0000 0.0218
vn -0.8764 0.0000 -0.4815
vn -0.5113 0.0000 -0.8594
vn 0.5113 0.0000 -0.8594
vn 0.8765 0.0000 -0.4814
vn 0.9998 0.0000 0.0218
vn 0.8577 0.0000 0.5141
vn 0.4928 0.0000 0.8701
vn -0.4928 0.1697 0.8534
vn -0.8576 0.1003 0.5043
vn -0.9998 0.0043 0.0215
vn -0.8765 -0.0939 -0.4722
vn -0.5114 -0.1676 -0.8428
vn 0.5113 -0.1676 -0.8429
vn 0.8765 -0.0939 -0.4722
vn 0.9998 0.0043 0.0215
vn 0.8577 0.1003 0.5043
vn 0.4928 0.1697 0.8534
vn -0.4928 0.3330 0.8039
vn -0.8577 0.1968 0.4751
vn -0.9998 0.0084 0.0202
vn -0.8765 -0.1842 -0.4448
vn -0.5115 -0.3288 -0.7938
vn 0.5115 -0.3288 -0.7939
vn 0.8765 -0.1842 -0.4447
vn 0.9998 0.0084 0.0202
vn 0.8577 0.1968 0.4750
vn 0.4927 0.3330 0.8039
vn -0.4927 0.4835 0.7235
vn -0.8576 0.2857 0.4275
vn -0.9998 0.0121 0.0181
vn -0.8764 -0.2675 -0.4003
vn -0.5116 -0.4773 -0.7144
vn 0.5116 -0.4773 -0.7144
vn 0.8765 -0.2675 -0.4003
vn 0.9998 0.0121 0.0181
vn 0.8577 0.2857 0.4275
vn 0.4927 0.4835 0.7235
vn -0.4926 0.6153 0.6153
vn -0.8576 0.3637 0.3637
vn -0.9998 0.0154 0.0154
vn -0.8765 -0.3404 -0.3404
vn -0.5116 -0.6076 -0.6076
vn 0.5115 -0.6076 -0.6076
vn 0.8765 -0.3404 -0.3404
vn 0.9998 0.0154 0.0154
vn 0.8576 0.3636 0.3636
vn 0.4926 0.6153 0.6153
vn -0.4926 0.7236 0.4835
vn -0.8575 0.4277 0.2858
vn -0.9998 0.0181 0.0121
vn -0.8765 -0.4003 -0.2675
vn -0.5115 -0.7144 -0.4774
vn 0.5115 -0.7145 -0.4774
vn 0.8765 -0.4003 -0.2674
vn 0.9998 0.0181 0.0121
vn 0.8576 0.4276 0.2857
vn 0.4926 0.7236 0.4835
vn -0.4926 0.8040 0.3330
vn -0.8576 0.4752 0.1968
vn -0.9998 0.0201 0.0083
vn -0.8764 -0.4448 -0.1842
vn -0.5115 -0.7938 -0.3288
vn 0.5114 -0.7939 -0.3288
vn 0.8765 -0.4448 -0.1842
vn 0.9998 0.0201 0.0083
vn 0.8576 0.4751 0.1968
vn 0.4926 0.8040 0.3330
vn -0.4926 0.8535 0.1698
vn -0.8576 0.5044 0.1003
vn -0.9998 0.0213 0.0042
vn -0.8764 -0.4723 -0.0939
vn -0.5115 -0.8428 -0.1676
vn 0.5114 -0.8428 -0.1676
vn 0.8764 -0.4722 -0.0939
vn 0.9998 0.0213 0.0042
vn 0.8576 0.5043 0.1003
vn 0.4926 0.8535 0.1698
vn -0.4926 0.8702 0.0000
vn -0.8576 0.5143 0.0000
vn -0.9998 0.0218 0.0000
vn -0.8764 -0.4815 0.0000
vn -0.5114 -0.8593 0.0000
vn 0.5114 -0.8593 0.0000
vn 0.8764 -0.4815 0.0000
vn 0.9998 0.0218 0.0000
vn 0.8576 0.5142 0.0000
vn 0.4926 0.8702 0.0000
vn -0.4926 0.8535 -0.1698
vn -0.8576 0.5044 -0.1003
vn -0.9998 0.0213 -0.0042
vn -0.8764 -0.4723 0.0939
vn -0.5115 -0.8428 0.1676
vn 0.5114 -0.8428 0.1676
vn 0.8764 -0.4722 0.0939
vn 0.9998 0.0213 -0.0042
vn 0.8576 0.5043 -0.1003
vn 0.4926 0.8535 -0.1698
vn -0.4926 0.8040 -0.3330
vn -0.8575 0.4752 -0.1968
vn -0.9998 0.0201 -0.0083
vn -0.8764 -0.4449 0.1842
vn -0.5115 -0.7938 0.3288
vn 0.5115 -0.7939 0.3288
vn 0.8764 -0.4448 0.1842
vn 0.9998 0.0201 -0.0083
vn 0.8576 0.4751 -0.1968
vn 0.4926 0.8040 -0.3330
vn -0.4926 0.7236 -0.4835
vn -0.8575 0.4277 -0.2858
vn -0.9998 0.0181 -0.0121
vn -0.8765 -0.4003 0.2675
vn -0.5115 -0.7144 0.4774
vn 0.5115 -0.7144 0.4774
vn 0.8765 -0.4003 0.2674
vn 0.9998 0.0181 -0.0121
vn 0.8576 0.4277 -0.2857
vn 0.4926 0.7236 -0.4835
vn -0.4926 0.6153 -0.6153
vn -0.8576 0.3637 -0.3637
vn -0.9998 0.0154 -0.0154
vn -0.8765 -0.3404 0.3404
vn -0.5116 -0.6076 0.6076
vn 0.5115 -0.6076 0.6076
vn 0.8765 -0.3404 0.3404
vn 0.9998 0.0154 -0.0154
vn 0.8576 0.3636 -0.3637
vn 0.4926 0.6154 -0.6153
vn 0.0000 0.5556 -0.8314
vn -0.4927 0.4835 -0.7235
vn -0.8576 0.2857 -0.4276
vn -0.9998 0.0121 -0.0181
vn -0.8764 -0.2675 0.4003
vn -0.5116 -0.4773 0.7144
vn 0.5116 -0.4773 0.7144
vn 0.8765 -0.2675 0.4003
vn 0.9998 0.0121 -0.0181
vn 0.8577 0.2857 -0.4275
vn 0.4926 0.4835 -0.7235
vn -0.4927 0.3330 -0.8039
vn -0.8577 0.1968 -0.4750
vn -0.9998 0.0083 -0.0201
vn -0.8765 -0.1842 0.4448
vn -0.5116 -0.3288 0.7938
vn 0.5116 -0.3288 0.7938
vn 0.8765 -0.1842 0.4447
vn 0.9998 0.0083 -0.0201
vn 0.8577 0.1968 -0.4750
vn 0.4927 0.3330 -0.8039
vn -0.4928 0.1697 -0.8534
vn -0.8576 0.1003 -0.5043
vn -0.9998 0.0042 -0.0214
vn -0.8765 -0.0939 0.4721
vn -0.5116 -0.1676 0.8427
vn 0.5115 -0.1676 0.8427
vn 0.8766 -0.0939 0.4720
vn 0.9998 0.0042 -0.0214
vn 0.8577 0.1003 -0.5043
vn 0.4928 0.1697 -0.8534
usemtl None
s 1
f 411/699/365 423/700/366 424/701/367 412/702/368
f 412/702/368 424/701/367 425/703/369 413/704/370
f 413/705/370 425/706/369 426/707/371 414/708/372
f 414/708/372 426/707/371 427/709/373 415/710/374
f 415/710/374 427/709/373 428/711/375 416/712/376
f 416/713/376 428/714/375 429/715/377 417/716/378
f 417/717/378 429/718/377 430/719/379 418/720/380
f 418/720/380 430/719/379 431/721/381 419/722/382
f 419/723/382 431/724/381 432/725/383 420/726/384
f 420/726/384 432/725/383 433/727/385 421/728/386
f 421/728/386 433/727/385 434/729/387 422/730/388
f 422/731/388 434/732/387 423/700/366 411/699/365
f 423/700/366 435/733/389 436/734/390 424/701/367
f 424/701/367 436/734/390 437/735/391 425/703/369
f 425/706/369 437/736/391 438/737/392 426/707/371
f 426/707/371 438/737/392 439/738/393 427/709/373
f 427/709/373 439/738/393 440/739/394 428/711/375
f 428/714/375 440/740/394 441/741/395 429/715/377
f 429/718/377 441/742/395 442/743/396 430/719/379
f 430/719/379 442/743/396 443/744/397 431/721/381
f 431/724/381 443/745/397 444/746/398 432/725/383
f 432/725/383 444/746/398 445/747/399 433/727/385
f 433/727/385 445/747/399 446/748/400 434/729/387
f 434/732/387 446/749/400 435/733/389 423/700/366
f 435/733/389 447/750/401 448/751/402 436/734/390
f 436/734/390 448/751/402 449/752/403 437/735/391
f 437/736/391 449/753/403 450/754/404 438/737/392
f 438/737/392 450/754/404 451/755/405 439/738/393
f 439/738/393 451/755/405 452/756/406 440/739/394
f 440/740/394 452/757/406 453/758/407 441/741/395
f 441/742/395 453/759/407 454/760/408 442/743/396
f 442/743/396 454/760/408 455/761/409 443/744/397
f 443/745/397 455/762/409 456/763/410 444/746/398
f 444/746/398 456/763/410 457/764/411 445/747/399
f 445/747/399 457/764/411 458/765/412 446/748/400
f 446/749/400 458/766/412 447/750/401 435/733/389
f 447/750/401 459/767/413 460/768/414 448/751/402
f 448/751/402 460/768/414 461/769/415 449/752/403
f 449/753/403 461/770/415 462/771/416 450/754/404
f 450/754/404 462/771/416 463/772/417 451/755/405
f 451/755/405 463/772/417 464/773/418 452/756/406
f 452/757/406 464/774/418 465/775/419 453/758/407
f 453/759/407 465/776/419 466/777/420 454/760/408
f 454/760/408 466/777/420 467/778/421 455/761/409
f 455/762/409 467/779/421 468/780/422 456/763/410
f 456/763/410 468/780/422 469/781/423 457/764/411
f 457/764/411 469/781/423 470/782/424 458/765/412
f 458/766/412 470/783/424 459/767/413 447/750/401
f 459/784/413 471/785/425 472/786/426 460/787/414
f 460/787/414 472/786/426 473/788/427 461/789/415
f 461/770/415 473/790/427 474/791/428 462/771/416
f 462/771/416 474/791/428 475/792/429 463/772/417
f 463/772/417 475/792/429 476/793/430 464/773/418
f 464/794/418 476/795/430 477/796/431 465/797/419
f 465/798/419 477/799/431 478/800/432 466/801/420
f 466/801/420 478/800/432 479/802/433 467/803/421
f 467/779/421 479/804/433 480/805/434 468/780/422
f 468/780/422 480/805/434 481/806/435 469/781/423
f 469/781/423 481/806/435 482/807/436 470/782/424
f 470/808/424 482/809/436 471/785/425 459/784/413
f 471/785/425 483/810/437 484/811/438 472/786/426
f 472/786/426 484/811/438 485/812/439 473/788/427
f 473/790/427 485/813/439 486/814/440 474/791/428
f 474/791/428 486/814/440 487/815/441 475/792/429
f 475/792/429 487/815/441 488/816/442 476/793/430
f 476/795/430 488/817/442 489/818/443 477/796/431
f 477/799/431 489/819/443 490/820/444 478/800/432
f 478/800/432 490/820/444 491/821/445 479/802/433
f 479/804/433 491/822/445 492/823/446 480/805/434
f 480/805/434 492/823/446 493/824/447 481/806/435
f 481/806/435 493/824/447 494/825/448 482/807/436
f 482/809/436 494/826/448 483/810/437 471/785/425
f 483/810/437 495/827/449 496/828/450 484/811/438
f 484/811/438 496/828/450 497/829/451 485/812/439
f 485/813/439 497/830/451 498/831/452 486/814/440
f 486/814/440 498/831/452 499/832/453 487/815/441
f 487/815/441 499/832/453 500/833/454 488/816/442
f 488/817/442 500/834/454 501/835/455 489/818/443
f 489/819/443 501/836/455 502/837/456 490/820/444
f 490/820/444 502/837/456 503/838/457 491/821/445
f 491/822/445 503/839/457 504/840/458 492/823/446
f 492/823/446 504/840/458 505/841/459 493/824/447
f 493/824/447 505/841/459 506/842/460 494/825/448
f 494/826/448 506/843/460 495/827/449 483/810/437
f 495/827/449 507/844/461 508/845/462 496/828/450
f 496/828/450 508/845/462 509/846/463 497/829/451
f 497/830/451 509/847/463 510/848/464 498/831/452
f 498/831/452 510/848/464 511/849/465 499/832/453
f 499/832/453 511/849/465 512/850/466 500/833/454
f 500/834/454 512/851/466 513/852/467 501/835/455
f 501/836/455 513/853/467 514/854/468 502/837/456
f 502/837/456 514/854/468 515/855/469 503/838/457
f 503/839/457 515/856/469 516/857/470 504/840/458
f 504/840/458 516/857/470 517/858/471 505/841/459
f 505/841/459 517/858/471 518/859/472 506/842/460
f 506/843/460 518/860/472 507/844/461 495/827/449
f 507/861/461 519/862/473 520/863/474 508/864/462
f 508/864/462 520/863/474 521/865/475 509/866/463
f 509/847/463 521/867/475 522/868/476 510/848/464
f 510/848/464 522/868/476 523/869/477 511/849/465
f 511/849/465 523/869/477 524/870/478 512/850/466
f 512/871/466 524/872/478 525/873/479 513/874/467
f 513/875/467 525/876/479 526/877/480 514/878/468
f 514/878/468 526/877/480 527/879/481 515/880/469
f 515/856/469 527/881/481 528/882/482 516/857/470
f 516/857/470 528/882/482 529/883/483 517/858/471
f 517/858/471 529/883/483 530/884/484 518/859/472
f 518/885/472 530/886/484 519/862/473 507/861/461
f 519/862/473 531/887/485 532/888/486 520/863/474
f 520/863/474 532/888/486 533/889/487 521/865/475
f 521/867/475 533/890/487 534/891/488 522/868/476
f 522/868/476 534/891/488 535/892/489 523/869/477
f 523/869/477 535/892/489 536/893/490 524/870/478
f 524/872/478 536/894/490 537/895/491 525/873/479
f 525/876/479 537/896/491 538/897/492 526/877/480
f 526/877/480 538/897/492 539/898/493 527/879/481
f 527/881/481 539/899/493 540/900/494 528/882/482
f 528/882/482 540/900/494 541/901/495 529/883/483
f 529/883/483 541/901/495 542/902/496 530/884/484
f 530/886/484 542/903/496 531/887/485 519/862/473
f 531/887/485 543/904/497 544/905/498 532/888/486
f 532/888/486 544/905/498 545/906/499 533/889/487
f 533/890/487 545/907/499 546/908/500 534/891/488
f 534/891/488 546/908/500 547/909/501 535/892/489
f 535/892/489 547/909/501 548/910/502 536/893/490
f 536/894/490 548/911/502 549/912/503 537/895/491
f 537/896/491 549/913/503 550/914/504 538/897/492
f 538/897/492 550/914/504 551/915/505 539/898/493
f 539/899/493 551/916/505 552/917/506 540/900/494
f 540/900/494 552/917/506 553/918/507 541/901/495
f 541/901/495 553/918/507 554/919/508 542/902/496
f 542/903/496 554/920/508 543/904/497 531/887/485
f 543/904/497 555/921/509 556/922/510 544/905/498
f 544/923/498 556/924/510 557/925/511 545/907/499
f 545/907/499 557/925/511 558/926/512 546/908/500
f 546/908/500 558/926/512 559/927/513 547/909/501
f 547/909/501 559/927/513 560/928/514 548/910/502
f 548/929/502 560/930/514 561/931/515 549/932/503
f 549/913/503 561/933/515 562/934/516 550/914/504
f 550/935/504 562/936/516 563/937/517 551/916/505
f 551/916/505 563/937/517 564/938/518 552/917/506
f 552/917/506 564/938/518 565/939/519 553/918/507
f 553/918/507 565/939/519 566/940/520 554/919/508
f 554/920/508 566/941/520 555/921/509 543/904/497
f 555/942/509 567/943/521 568/944/522 556/945/510
f 556/924/510 568/946/522 569/947/523 557/925/511
f 557/925/511 569/947/523 570/948/524 558/926/512
f 558/926/512 570/948/524 571/949/525 559/927/513
f 559/950/513 571/951/525 572/952/526 560/930/514
f 560/930/514 572/952/526 573/953/527 561/931/515
f 561/933/515 573/954/527 574/955/528 562/934/516
f 562/936/516 574/956/528 575/957/529 563/937/517
f 563/937/517 575/957/529 576/958/530 564/938/518
f 564/938/518 576/958/530 577/959/531 565/939/519
f 565/960/519 577/961/531 578/962/532 566/963/520
f 566/963/520 578/962/532 567/943/521 555/942/509
f 567/943/521 579/964/533 580/965/534 568/944/522
f 568/946/522 580/966/534 581/967/535 569/947/523
f 569/947/523 581/967/535 582/968/536 570/948/524
f 570/948/524 582/968/536 583/969/537 571/949/525
f 571/951/525 583/970/537 584/971/538 572/952/526
f 572/952/526 584/971/538 585/972/539 573/953/527
f 573/973/527 585/974/539 586/975/540 574/976/528
f 574/956/528 586/977/540 587/978/541 575/957/529
f 575/957/529 587/978/541 588/979/542 576/958/530
f 576/958/530 588/979/542 589/980/543 577/959/531
f 577/961/531 589/981/543 590/982/544 578/962/532
f 578/962/532 590/982/544 579/964/533 567/943/521
f 579/964/533 591/983/545 592/984/546 580/965/534
f 580/966/534 592/985/546 593/986/547 581/967/535
f 581/967/535 593/986/547 594/987/548 582/968/536
f 582/968/536 594/987/548 595/988/549 583/969/537
f 583/970/537 595/989/549 596/990/550 584/971/538
f 584/971/538 596/990/550 597/991/551 585/972/539
f 585/974/539 597/992/551 598/993/552 586/975/540
f 586/977/540 598/994/552 599/995/553 587/978/541
f 587/978/541 599/995/553 600/996/554 588/979/542
f 588/979/542 600/996/554 601/997/555 589/980/543
f 589/981/543 601/998/555 602/999/556 590/982/544
f 590/982/544 602/999/556 591/983/545 579/964/533
f 591/983/545 603/1000/378 604/1001/557 592/984/546
f 592/985/546 604/1002/557 605/1003/558 593/986/547
f 593/986/547 605/1003/558 606/1004/559 594/987/548
f 594/987/548 606/1004/559 607/1005/560 595/988/549
f 595/989/549 607/1006/560 608/1007/561 596/990/550
f 596/990/550 608/1007/561 609/1008/365 597/991/551
f 597/992/551 609/1009/365 610/1010/562 598/993/552
f 598/994/552 610/1011/562 611/1012/563 599/995/553
f 599/995/553 611/1012/563 612/1013/564 600/996/554
f 600/996/554 612/1013/564 613/1014/565 601/997/555
f 601/998/555 613/1015/565 614/1016/566 602/999/556
f 602/999/556 614/1016/566 603/1000/378 591/983/545
f 603/1000/378 615/1017/377 616/1018/567 604/1001/557
f 604/1002/557 616/1019/567 617/1020/568 605/1003/558
f 605/1003/558 617/1020/568 618/1021/569 606/1004/559
f 606/1004/559 618/1021/569 619/1022/570 607/1005/560
f 607/1006/560 619/1023/570 620/1024/571 608/1007/561
f 608/1007/561 620/1024/571 621/1025/366 609/1008/365
f 609/1009/365 621/1026/366 622/1027/572 610/1010/562
f 610/1011/562 622/1028/572 623/1029/573 611/1012/563
f 611/1012/563 623/1029/573 624/1030/574 612/1013/564
f 612/1013/564 624/1030/574 625/1031/575 613/1014/565
f 613/1015/565 625/1032/575 626/1033/576 614/1016/566
f 614/1016/566 626/1033/576 615/1017/377 603/1000/378
f 615/1017/377 627/1034/395 628/1035/577 616/1018/567
f 616/1019/567 628/1036/577 629/1037/578 617/1020/568
f 617/1020/568 629/1037/578 630/1038/579 618/1021/569
f 618/1021/569 630/1038/579 631/1039/580 619/1022/570
f 619/1023/570 631/1040/580 632/1041/581 620/1024/571
f 620/1024/571 632/1041/581 633/1042/389 621/1025/366
f 621/1026/366 633/1043/389 634/1044/582 622/1027/572
f 622/1028/572 634/1045/582 635/1046/583 623/1029/573
f 623/1029/573 635/1046/583 636/1047/584 624/1030/574
f 624/1030/574 636/1047/584 637/1048/585 625/1031/575
f 625/1032/575 637/1049/585 638/1050/586 626/1033/576
f 626/1033/576 638/1050/586 627/1034/395 615/1017/377
f 627/1034/395 639/1051/407 640/1052/587 628/1035/577
f 628/1036/577 640/1053/587 641/1054/588 629/1037/578
f 629/1037/578 641/1054/588 642/1055/589 630/1038/579
f 630/1038/579 642/1055/589 643/1056/590 631/1039/580
f 631/1040/580 643/1057/590 644/1058/591 632/1041/581
f 632/1041/581 644/1058/591 645/1059/401 633/1042/389
f 633/1043/389 645/1060/401 646/1061/592 634/1044/582
f 634/1045/582 646/1062/592 647/1063/593 635/1046/583
f 635/1046/583 647/1063/593 648/1064/594 636/1047/584
f 636/1047/584 648/1064/594 649/1065/595 637/1048/585
f 637/1049/585 649/1066/595 650/1067/596 638/1050/586
f 638/1050/586 650/1067/596 639/1051/407 627/1034/395
f 639/1051/407 651/1068/419 652/1069/597 640/1052/587
f 640/1053/587 652/1070/597 653/1071/598 641/1054/588
f 641/1054/588 653/1071/598 654/1072/599 642/1055/589
f 642/1055/589 654/1072/599 655/1073/600 643/1056/590
f 643/1057/590 655/1074/600 656/1075/601 644/1058/591
f 644/1058/591 656/1075/601 657/1076/413 645/1059/401
f 645/1060/401 657/1077/413 658/1078/602 646/1061/592
f 646/1062/592 658/1079/602 659/1080/603 647/1063/593
f 647/1063/593 659/1080/603 660/1081/604 648/1064/594
f 648/1064/594 660/1081/604 661/1082/605 649/1065/595
f 649/1066/595 661/1083/605 662/1084/606 650/1067/596
f 650/1067/596 662/1084/606 651/1068/419 639/1051/407
f 651/1085/419 663/1086/431 664/1087/607 652/1088/597
f 652/1070/597 664/1089/607 665/1090/608 653/1071/598
f 653/1071/598 665/1090/608 666/1091/609 654/1072/599
f 654/1072/599 666/1091/609 667/1092/610 655/1073/600
f 655/1093/600 667/1094/610 668/1095/611 656/1096/601
f 656/1096/601 668/1095/611 669/1097/425 657/1098/413
f 657/1099/413 669/1100/425 670/1101/612 658/1102/602
f 658/1079/602 670/1103/612 671/1104/613 659/1080/603
f 659/1080/603 671/1104/613 672/1105/614 660/1081/604
f 660/1081/604 672/1105/614 673/1106/615 661/1082/605
f 661/1107/605 673/1108/615 674/1109/616 662/1110/606
f 662/1110/606 674/1109/616 663/1086/431 651/1085/419
f 663/1086/431 675/1111/443 676/1112/617 664/1087/607
f 664/1089/607 676/1113/617 677/1114/618 665/1090/608
f 665/1090/608 677/1114/618 678/1115/619 666/1091/609
f 666/1091/609 678/1115/619 679/1116/620 667/1092/610
f 667/1094/610 679/1117/620 680/1118/621 668/1095/611
f 668/1095/611 680/1118/621 681/1119/437 669/1097/425
f 669/1100/425 681/1120/437 682/1121/622 670/1101/612
f 670/1103/612 682/1122/622 683/1123/623 671/1104/613
f 671/1104/613 683/1123/623 684/1124/624 672/1105/614
f 672/1105/614 684/1124/624 685/1125/625 673/1106/615
f 673/1108/615 685/1126/625 686/1127/626 674/1109/616
f 674/1109/616 686/1127/626 675/1111/443 663/1086/431
f 675/1111/443 687/1128/455 688/1129/627 676/1112/617
f 676/1113/617 688/1130/627 689/1131/628 677/1114/618
f 677/1114/618 689/1131/628 690/1132/629 678/1115/619
f 678/1115/619 690/1132/629 691/1133/630 679/1116/620
f 679/1117/620 691/1134/630 692/1135/631 680/1118/621
f 680/1118/621 692/1135/631 693/1136/449 681/1119/437
f 681/1120/437 693/1137/449 694/1138/632 682/1121/622
f 682/1122/622 694/1139/632 695/1140/633 683/1123/623
f 683/1123/623 695/1140/633 696/1141/634 684/1124/624
f 684/1124/624 696/1141/634 697/1142/635 685/1125/625
f 685/1126/625 697/1143/635 698/1144/636 686/1127/626
f 686/1127/626 698/1144/636 687/1128/455 675/1111/443
f 687/1128/455 699/1145/467 700/1146/637 688/1129/627
f 688/1130/627 700/1147/637 701/1148/638 689/1131/628
f 689/1131/628 701/1148/638 702/1149/639 690/1132/629
f 690/1132/629 702/1149/639 703/1150/640 691/1133/630
f 691/1134/630 703/1151/640 704/1152/641 692/1135/631
f 692/1135/631 704/1152/641 705/1153/461 693/1136/449
f 693/1137/449 705/1154/461 706/1155/642 694/1138/632
f 694/1139/632 706/1156/642 707/1157/643 695/1140/633
f 695/1140/633 707/1157/643 708/1158/644 696/1141/634
f 696/1141/634 708/1158/644 709/1159/645 697/1142/635
f 697/1143/635 709/1160/645 710/1161/646 698/1144/636
f 698/1144/636 710/1161/646 699/1145/467 687/1128/455
f 699/1145/467 711/1162/479 712/1163/647 700/1146/637
f 700/1147/637 712/1164/647 713/1165/648 701/1148/638
f 701/1148/638 713/1165/648 714/1166/649 702/1149/639
f 702/1149/639 714/1166/649 715/1167/650 703/1150/640
f 703/1151/640 715/1168/650 716/1169/651 704/1152/641
f 704/1152/641 716/1169/651 717/1170/473 705/1153/461
f 705/1154/461 717/1171/473 718/1172/652 706/1155/642
f 706/1156/642 718/1173/652 719/1174/653 707/1157/643
f 707/1157/643 719/1174/653 720/1175/654 708/1158/644
f 708/1158/644 720/1175/654 721/1176/655 709/1159/645
f 709/1160/645 721/1177/655 722/1178/656 710/1161/646
f 710/1161/646 722/1178/656 711/1162/479 699/1145/467
f 711/1162/479 723/1179/491 724/1180/657 712/1163/647
f 712/1164/647 724/1181/657 725/1182/658 713/1165/648
f 713/1165/648 725/1182/658 726/1183/659 714/1166/649
f 714/1166/649 726/1183/659 727/1184/660 715/1167/650
f 715/1168/650 727/1185/660 728/1186/661 716/1169/651
f 716/1169/651 728/1186/661 729/1187/485 717/1170/473
f 717/1171/473 729/1188/485 730/1189/662 718/1172/652
f 718/1173/652 730/1190/662 731/1191/663 719/1174/653
f 719/1174/653 731/1191/663 732/1192/664 720/1175/654
f 720/1175/654 732/1192/664 733/1193/665 721/1176/655
f 721/1177/655 733/1194/665 734/1195/666 722/1178/656
f 722/1178/656 734/1195/666 723/1179/491 711/1162/479
f 723/1179/491 735/1196/503 736/1197/667 724/1180/657
f 724/1181/657 736/1198/667 737/1199/668 725/1182/658
f 725/1182/658 737/1199/668 738/1200/669 726/1183/659
f 726/1183/659 738/1200/669 739/1201/670 727/1184/660
f 727/1185/660 739/1202/670 740/1203/671 728/1186/661
f 728/1186/661 740/1203/671 741/1204/497 729/1187/485
f 729/1188/485 741/1205/497 742/1206/672 730/1189/662
f 730/1190/662 742/1207/672 743/1208/673 731/1191/663
f 731/1191/663 743/1208/673 744/1209/674 732/1192/664
f 732/1192/664 744/1209/674 745/1210/675 733/1193/665
f 733/1194/665 745/1211/675 746/1212/676 734/1195/666
f 734/1195/666 746/1212/676 735/1196/503 723/1179/491
f 735/1196/503 747/1213/515 748/1214/677 736/1197/667
f 736/1198/667 748/1215/677 749/1216/678 737/1199/668
f 737/1199/668 749/1216/678 750/1217/679 738/1200/669
f 738/1200/669 750/1217/679 751/1218/680 739/1201/670
f 739/1201/670 751/1218/680 752/1219/681 740/1220/671
f 740/1203/671 752/1221/681 753/1222/509 741/1204/497
f 741/1223/497 753/1224/509 754/1225/682 742/1226/672
f 742/1207/672 754/1227/682 755/1228/683 743/1208/673
f 743/1208/673 755/1228/683 756/1229/684 744/1209/674
f 744/1209/674 756/1229/684 757/1230/685 745/1210/675
f 745/1210/675 757/1230/685 758/1231/686 746/1232/676
f 746/1212/676 758/1233/686 747/1213/515 735/1196/503
f 747/1234/515 759/1235/687 760/1236/688 748/1237/677
f 748/1237/677 760/1236/688 761/1238/689 749/1239/678
f 749/1216/678 761/1240/689 762/1241/690 750/1217/679
f 750/1217/679 762/1241/690 763/1242/691 751/1218/680
f 751/1218/680 763/1242/691 764/1243/692 752/1219/681
f 752/1221/681 764/1244/692 765/1245/521 753/1222/509
f 753/1224/509 765/1246/521 766/1247/693 754/1225/682
f 754/1225/682 766/1247/693 767/1248/694 755/1249/683
f 755/1228/683 767/1250/694 768/1251/695 756/1229/684
f 756/1229/684 768/1251/695 769/1252/696 757/1230/685
f 757/1230/685 769/1252/696 770/1253/697 758/1231/686
f 758/1254/686 770/1255/697 759/1235/687 747/1234/515
f 759/1235/687 771/1256/539 772/1257/698 760/1236/688
f 760/1236/688 772/1257/698 773/1258/699 761/1238/689
f 761/1240/689 773/1259/699 774/1260/700 762/1241/690
f 762/1241/690 774/1260/700 775/1261/701 763/1242/691
f 763/1242/691 775/1261/701 776/1262/702 764/1243/692
f 764/1263/692 776/1264/702 777/1265/533 765/1266/521
f 765/1246/521 777/1267/533 778/1268/703 766/1247/693
f 766/1247/693 778/1268/703 779/1269/704 767/1248/694
f 767/1250/694 779/1270/704 780/1271/705 768/1251/695
f 768/1251/695 780/1271/705 781/1272/706 769/1252/696
f 769/1252/696 781/1272/706 782/1273/707 770/1253/697
f 770/1255/697 782/1274/707 771/1256/539 759/1235/687
f 771/1256/539 783/1275/551 784/1276/708 772/1257/698
f 772/1257/698 784/1276/708 785/1277/709 773/1258/699
f 773/1259/699 785/1278/709 786/1279/710 774/1260/700
f 774/1260/700 786/1279/710 787/1280/711 775/1261/701
f 775/1261/701 787/1280/711 788/1281/712 776/1262/702
f 776/1264/702 788/1282/712 789/1283/545 777/1265/533
f 777/1267/533 789/1284/545 790/1285/713 778/1268/703
f 778/1268/703 790/1285/713 791/1286/714 779/1269/704
f 779/1270/704 791/1287/714 792/1288/715 780/1271/705
f 780/1271/705 792/1288/715 793/1289/716 781/1272/706
f 781/1272/706 793/1289/716 794/1290/717 782/1273/707
f 782/1274/707 794/1291/717 783/1275/551 771/1256/539
f 783/1275/551 411/699/365 412/702/368 784/1276/708
f 784/1276/708 412/702/368 413/704/370 785/1277/709
f 785/1278/709 413/705/370 414/708/372 786/1279/710
f 786/1279/710 414/708/372 415/710/374 787/1280/711
f 787/1280/711 415/710/374 416/712/376 788/1281/712
f 788/1282/712 416/713/376 417/716/378 789/1283/545
f 789/1284/545 417/717/378 418/720/380 790/1285/713
f 790/1285/713 418/720/380 419/722/382 791/1286/714
f 791/1287/714 419/723/382 420/726/384 792/1288/715
f 792/1288/715 420/726/384 421/728/386 793/1289/716
f 793/1289/716 421/728/386 422/730/388 794/1290/717
f 794/1291/717 422/731/388 411/699/365 783/1275/551
o Plane.016_Plane.007
v 0.207685 -3.275974 -2.566795
v 0.207284 -3.371339 -2.636910
v 1.161947 -3.275974 -0.913965
v 1.192007 -3.371339 -0.931320
v 1.030392 -3.371339 -1.211245
v 1.000333 -3.275974 -1.193890
v 0.918577 -3.371339 -1.404914
v 0.888518 -3.275974 -1.387559
v 0.699934 -3.371339 -1.783615
v 0.669875 -3.275974 -1.766259
v 1.002100 -2.652436 -0.736930
v 0.917552 -2.575078 -0.827060
v 0.352380 -3.371339 -2.385597
v 0.322320 -3.275974 -2.368242
v 0.861367 -2.489849 -0.862332
v 0.813340 -2.416745 -0.892302
v 0.206237 -2.741655 -2.180351
v 0.330018 -2.805907 -2.006250
v 0.203245 -2.588992 -2.074404
v 0.330534 -2.531426 -1.825155
v 0.195532 -2.132870 -1.755733
v 0.321703 -2.191537 -1.573847
v 0.192331 -1.975966 -1.647061
v 0.306965 -1.975966 -1.448509
v 0.192718 -1.157694 -1.050739
v 0.304278 -1.142970 -0.846793
v 0.849332 -3.222329 -1.416380
v 0.723800 -3.220357 -1.632372
v 0.871641 -2.504894 -0.855491
v 1.121412 -3.221376 -0.944430
v 1.036369 -3.224953 -1.094332
v 0.993046 -2.646623 -0.748381
v 0.966759 -2.622902 -0.776644
v 0.957610 -2.613903 -0.785940
v 0.906394 -2.558718 -0.834476
v 0.908196 -2.346340 -0.676758
v 0.862065 -2.346340 -0.756659
v 0.843820 -2.346340 -0.788260
v 0.822325 -2.346340 -0.825490
v 0.888383 -2.346340 -0.711074
v 0.725371 -1.917404 -0.687171
v 0.685631 -1.917404 -0.756003
v 0.855554 -2.325686 -0.752900
v 0.751690 -1.917404 -0.641586
v 0.881873 -2.325686 -0.707315
v 0.901685 -2.325686 -0.672999
v 0.815814 -2.325686 -0.821732
v 0.837309 -2.325686 -0.784501
v 0.779209 -2.083480 -0.708822
v 0.805528 -2.083480 -0.663237
v 0.825340 -2.083480 -0.628921
v 0.739469 -2.083480 -0.777654
v 0.760964 -2.083480 -0.740423
v 0.340825 -3.169579 -2.244664
v 0.362749 -2.842042 -1.977351
v 0.792365 -2.041720 -0.655637
v 0.726306 -2.041720 -0.770054
v 0.766046 -2.041720 -0.701223
v 0.738370 -1.945685 -0.685244
v 0.764689 -1.945685 -0.639658
v 0.698630 -1.945685 -0.754075
v 0.466709 -1.111228 -0.542348
v 0.432111 -1.117727 -0.607004
v 0.407373 -1.122374 -0.653233
v 0.370021 -1.129390 -0.723037
v 0.411237 -1.230262 -0.725078
v 0.473871 -1.220199 -0.609266
v 0.508773 -1.214591 -0.544733
v 0.448917 -1.224208 -0.655407
v 0.192443 -1.250810 -1.118997
v 0.304325 -1.237628 -0.915616
v 0.629063 -1.600466 -0.617277
v 0.665146 -1.598329 -0.553226
v 0.564310 -1.604302 -0.732226
v 0.603265 -1.601995 -0.663074
v 0.553018 -1.577258 -0.732097
v 0.591824 -1.574512 -0.662885
v 0.617524 -1.572694 -0.617047
v 0.653468 -1.570151 -0.552939
v 0.515424 -1.485250 -0.730236
v 0.553932 -1.481628 -0.660902
v 0.579434 -1.479229 -0.614984
v 0.615102 -1.475873 -0.550763
v 0.500007 -1.447518 -0.729472
v 0.563813 -1.440898 -0.614138
v 0.538392 -1.443536 -0.660089
v 0.226056 -0.375375 -0.423514
v 0.194512 -0.379538 -0.481180
v 0.599367 -1.437209 -0.549871
v 0.343946 -2.436350 -1.719589
v 0.355684 -2.230494 -1.549407
v 0.327018 -1.236065 -0.875172
v 0.318232 -1.140087 -0.820524
v 0.331154 -1.762056 -1.250900
v 0.333133 -1.822814 -1.291699
v 0.328475 -1.679828 -1.195683
v 0.248309 -3.371339 -2.565852
v 0.240098 -3.275974 -2.510654
v 0.238650 -2.741655 -2.124210
v 0.235657 -2.588992 -2.018264
v 0.227945 -2.132870 -1.699593
v 0.224744 -1.975966 -1.590921
v 0.224261 -1.153531 -0.993074
v 0.224077 -1.247083 -1.061492
v 0.186565 -0.057250 -0.260338
v 0.186234 -0.027565 -0.239303
v 0.194451 -0.405892 -0.500469
v 0.225995 -0.401729 -0.442804
v 0.244025 -0.721985 -0.644703
v 0.321562 -0.584361 -0.410222
v 0.271016 -0.406142 -0.368037
v 0.246207 -1.103396 -0.918566
v 0.463526 -1.059089 -0.509906
v 0.565812 -1.294708 -0.504259
v 2.228990 -3.275974 0.934207
v 1.218338 -3.275974 -0.816294
v 2.289511 -3.371339 0.969613
v 1.248398 -3.371339 -0.833649
v 1.274728 -3.275974 -0.718623
v 1.304788 -3.371339 -0.735978
v 1.466403 -3.371339 -0.456052
v 1.436343 -3.275974 -0.438697
v 1.578218 -3.371339 -0.262383
v 1.548158 -3.275974 -0.245028
v 1.796861 -3.371339 0.116317
v 1.766801 -3.275974 0.133672
v 1.021740 -2.652266 -0.702788
v 1.041488 -2.652436 -0.668707
v 1.077269 -2.575078 -0.550422
v 2.144416 -3.371339 0.718300
v 2.114356 -3.275974 0.735655
v 1.079723 -2.489849 -0.484129
v 1.081665 -2.416745 -0.427551
v 1.893596 -2.741655 0.742240
v 1.804711 -2.805907 0.547993
v 1.800348 -2.588992 0.691858
v 1.648136 -2.531426 0.456998
v 1.520514 -2.132870 0.539202
v 1.426081 -2.191537 0.338992
v 1.424801 -1.975966 0.487638
v 1.310166 -1.975966 0.289086
v 0.908563 -1.157694 0.189142
v 0.787721 -1.142970 -0.009444
v 1.553525 -3.222329 -0.196682
v 1.677814 -3.220357 0.020028
v 1.078935 -2.504894 -0.496446
v 1.280844 -3.221376 -0.668285
v 1.368142 -3.224953 -0.519685
v 1.046878 -2.646623 -0.655142
v 1.058211 -2.622902 -0.618245
v 1.061687 -2.613903 -0.605673
v 1.078113 -2.558718 -0.537051
v 0.925310 -2.346340 -0.647114
v 0.942425 -2.346340 -0.617470
v 0.988556 -2.346340 -0.537569
v 1.006801 -2.346340 -0.505968
v 1.028296 -2.346340 -0.468738
v 0.962237 -2.346340 -0.583154
v 0.792701 -1.917404 -0.570552
v 0.860031 -1.917404 -0.453933
v 0.899771 -1.917404 -0.385102
v 0.982046 -2.325686 -0.533810
v 0.833713 -1.917404 -0.499518
v 0.955727 -2.325686 -0.579396
v 0.935915 -2.325686 -0.613712
v 0.918800 -2.325686 -0.643355
v 1.021786 -2.325686 -0.464979
v 1.000291 -2.325686 -0.502209
v 0.842455 -2.083480 -0.599277
v 0.905701 -2.083480 -0.489733
v 0.879382 -2.083480 -0.535318
v 0.859570 -2.083480 -0.569634
v 0.945441 -2.083480 -0.420901
v 0.923946 -2.083480 -0.458132
v 2.016587 -3.169579 0.657840
v 1.796049 -2.842042 0.505197
v 0.866219 -2.041720 -0.527718
v 0.932278 -2.041720 -0.413301
v 0.829292 -2.041720 -0.591678
v 0.892538 -2.041720 -0.482133
v 0.864861 -1.945685 -0.466154
v 0.838543 -1.945685 -0.511739
v 0.904601 -1.945685 -0.397323
v 0.801616 -1.945685 -0.575699
v 0.605279 -1.111228 -0.302337
v 0.643974 -1.117727 -0.240046
v 0.671641 -1.122374 -0.195508
v 0.713417 -1.129390 -0.128257
v 0.735792 -1.230262 -0.162932
v 0.666813 -1.220199 -0.275080
v 0.628377 -1.214591 -0.337572
v 0.694295 -1.224208 -0.230399
v 0.967540 -1.250810 0.223509
v 0.847348 -1.237628 0.024926
v 0.751348 -1.600466 -0.405475
v 0.713918 -1.598329 -0.468749
v 0.818519 -1.604302 -0.291923
v 0.778110 -1.601995 -0.360234
v 0.812762 -1.577258 -0.282208
v 0.772225 -1.574512 -0.350421
v 0.745379 -1.572694 -0.395597
v 0.707832 -1.570151 -0.458779
v 0.792353 -1.485250 -0.250582
v 0.751562 -1.481628 -0.318597
v 0.724547 -1.479229 -0.363641
v 0.686764 -1.475873 -0.426641
v 0.783983 -1.447518 -0.237611
v 0.716004 -1.440898 -0.350536
v 0.743088 -1.443536 -0.305546
v 0.382040 -0.375375 -0.153341
v 0.416208 -0.379538 -0.097191
v 0.678124 -1.437209 -0.413461
v 1.563418 -2.436350 0.392600
v 1.421906 -2.230494 0.297344
v 0.823669 -1.236065 -0.014949
v 0.771949 -1.140087 -0.034664
v 1.151126 -1.762056 0.169334
v 1.187449 -1.822814 0.188019
v 1.101967 -1.679828 0.144045
v 2.248486 -3.371339 0.898555
v 2.196578 -3.275974 0.878067
v 1.861183 -2.741655 0.686100
v 1.767935 -2.588992 0.635718
v 1.488101 -2.132870 0.483062
v 1.392388 -1.975966 0.431498
v 0.874396 -1.153531 0.132992
v 0.933556 -1.247083 0.167360
v 0.202460 -0.053087 -0.229776
v 0.220980 -0.057250 -0.200730
v 0.193103 -0.023402 -0.224374
v 0.202598 -0.027565 -0.210960
v 0.302887 -0.371694 -0.287758
v 0.201300 -0.049405 -0.229106
v 0.432883 -0.405892 -0.087494
v 0.398715 -0.401729 -0.143644
v 0.315108 -0.410464 -0.294814
v 0.582579 -0.721985 -0.058309
v 0.369922 -0.584361 -0.326460
v 0.418281 -0.584361 -0.242699
v 0.356476 -0.406142 -0.220017
v 0.516176 -1.048355 -0.410900
v 0.820844 -1.103396 0.076733
v 0.575593 -1.059089 -0.315801
v 0.665092 -1.520792 -0.496877
v 0.621845 -1.294708 -0.407207
v 0.105044 -3.319112 -2.507534
v 0.104642 -3.414477 -2.577650
v 1.059306 -3.319112 -0.854704
v 1.089365 -3.414477 -0.872059
v 0.927750 -3.414477 -1.151984
v 0.897691 -3.319112 -1.134629
v 0.815935 -3.414477 -1.345654
v 0.785876 -3.319112 -1.328299
v 0.597293 -3.414477 -1.724354
v 0.567233 -3.319112 -1.706999
v 0.899458 -2.695574 -0.677670
v 0.814910 -2.618216 -0.767800
v 0.249738 -3.414477 -2.326337
v 0.219678 -3.319112 -2.308982
v 0.758725 -2.532987 -0.803072
v 0.710698 -2.459883 -0.833042
v 0.103595 -2.784793 -2.121090
v 0.227376 -2.849045 -1.946990
v 0.100603 -2.632130 -2.015144
v 0.227892 -2.574564 -1.765895
v 0.092890 -2.176008 -1.696473
v 0.219061 -2.234675 -1.514586
v 0.089689 -2.019104 -1.587801
v 0.204324 -2.019104 -1.389249
v 0.090076 -1.200832 -0.991479
v 0.201636 -1.186107 -0.787532
v 0.746690 -3.265467 -1.357119
v 0.621158 -3.263495 -1.573112
v 0.768999 -2.548032 -0.796230
v 1.018770 -3.264514 -0.885170
v 0.933728 -3.268091 -1.035071
v 0.890404 -2.689761 -0.689120
v 0.864117 -2.666040 -0.717383
v 0.854968 -2.657041 -0.726680
v 0.803752 -2.601856 -0.775216
v 0.805554 -2.389478 -0.617497
v 0.759423 -2.389478 -0.697398
v 0.741178 -2.389478 -0.729000
v 0.719683 -2.389478 -0.766230
v 0.785741 -2.389478 -0.651813
v 0.622729 -1.960541 -0.627911
v 0.582989 -1.960541 -0.696742
v 0.752912 -2.368824 -0.693640
v 0.649048 -1.960541 -0.582326
v 0.779231 -2.368824 -0.648054
v 0.799043 -2.368824 -0.613739
v 0.713172 -2.368824 -0.762471
v 0.734667 -2.368824 -0.725241
v 0.676567 -2.126618 -0.649562
v 0.702886 -2.126618 -0.603977
v 0.722698 -2.126618 -0.569661
v 0.636827 -2.126618 -0.718393
v 0.658322 -2.126618 -0.681163
v 0.238183 -3.212717 -2.185404
v 0.260107 -2.885180 -1.918091
v 0.689723 -2.084858 -0.596377
v 0.623664 -2.084858 -0.710794
v 0.663404 -2.084858 -0.641962
v 0.635728 -1.988823 -0.625983
v 0.662047 -1.988823 -0.580398
v 0.595988 -1.988823 -0.694815
v 0.364067 -1.154366 -0.483087
v 0.329469 -1.160865 -0.547743
v 0.304731 -1.165512 -0.593973
v 0.267379 -1.172528 -0.663777
v 0.308595 -1.273400 -0.665817
v 0.371229 -1.263337 -0.550006
v 0.406131 -1.257729 -0.485473
v 0.346275 -1.267346 -0.596147
v 0.089801 -1.293948 -1.059737
v 0.201683 -1.280766 -0.856356
v 0.526422 -1.643604 -0.558017
v 0.562504 -1.641467 -0.493965
v 0.461668 -1.647440 -0.672966
v 0.500623 -1.645133 -0.603814
v 0.450377 -1.620396 -0.672836
v 0.489182 -1.617650 -0.603624
v 0.514882 -1.615832 -0.557787
v 0.550826 -1.613289 -0.493679
v 0.412783 -1.528388 -0.670975
v 0.451290 -1.524766 -0.601642
v 0.476792 -1.522367 -0.555724
v 0.512460 -1.519011 -0.491503
v 0.397365 -1.490656 -0.670212
v 0.461171 -1.484036 -0.554878
v 0.435750 -1.486673 -0.600828
v 0.123414 -0.418512 -0.364254
v 0.091870 -0.422676 -0.421919
v 0.496725 -1.480347 -0.490611
v 0.241304 -2.479488 -1.660328
v 0.253042 -2.273632 -1.490147
v 0.224376 -1.279203 -0.815912
v 0.215590 -1.183225 -0.761264
v 0.228512 -1.805194 -1.191640
v 0.230491 -1.865952 -1.232439
v 0.225833 -1.722966 -1.136423
v 0.145667 -3.414477 -2.506592
v 0.137456 -3.319112 -2.451394
v 0.136008 -2.784793 -2.064950
v 0.133015 -2.632130 -1.959004
v 0.125303 -2.176008 -1.640333
v 0.122102 -2.019104 -1.531661
v 0.121619 -1.196669 -0.933813
v 0.121436 -1.290221 -1.002231
v 0.083923 -0.100388 -0.201078
v 0.083592 -0.070703 -0.180043
v 0.091810 -0.449030 -0.441209
v 0.123353 -0.444867 -0.383544
v 0.141383 -0.765123 -0.585442
v 0.218920 -0.627499 -0.350961
v 0.168375 -0.449280 -0.308777
v 0.143566 -1.146534 -0.859306
v 0.360884 -1.102227 -0.450646
v 0.463170 -1.337846 -0.444999
v 2.126348 -3.319112 0.993468
v 1.115696 -3.319112 -0.757033
v 2.186870 -3.414477 1.028873
v 1.145756 -3.414477 -0.774388
v 1.172086 -3.319112 -0.659362
v 1.202146 -3.414477 -0.676717
v 1.363761 -3.414477 -0.396792
v 1.333701 -3.319112 -0.379437
v 1.475576 -3.414477 -0.203123
v 1.445516 -3.319112 -0.185768
v 1.694219 -3.414477 0.175578
v 1.664159 -3.319112 0.192933
v 0.919098 -2.695404 -0.643528
v 0.938847 -2.695574 -0.609447
v 0.974627 -2.618216 -0.491161
v 2.041774 -3.414477 0.777560
v 2.011714 -3.319112 0.794915
v 0.977082 -2.532987 -0.424868
v 0.979023 -2.459883 -0.368291
v 1.790954 -2.784793 0.801500
v 1.702069 -2.849045 0.607253
v 1.697706 -2.632130 0.751119
v 1.545494 -2.574564 0.516259
v 1.417872 -2.176008 0.598462
v 1.323439 -2.234675 0.398252
v 1.322159 -2.019104 0.546899
v 1.207525 -2.019104 0.348346
v 0.805922 -1.200832 0.248403
v 0.685079 -1.186107 0.049816
v 1.450883 -3.265467 -0.137422
v 1.575172 -3.263495 0.079289
v 0.976293 -2.548032 -0.437186
v 1.178203 -3.264514 -0.609024
v 1.265500 -3.268091 -0.460425
v 0.944236 -2.689761 -0.595881
v 0.955569 -2.666040 -0.558985
v 0.959045 -2.657041 -0.546413
v 0.975471 -2.601856 -0.477791
v 0.822668 -2.389478 -0.587854
v 0.839783 -2.389478 -0.558210
v 0.885914 -2.389478 -0.478309
v 0.904159 -2.389478 -0.446708
v 0.925654 -2.389478 -0.409477
v 0.859596 -2.389478 -0.523894
v 0.690059 -1.960541 -0.511292
v 0.757389 -1.960541 -0.394673
v 0.797129 -1.960541 -0.325841
v 0.879404 -2.368824 -0.474550
v 0.731071 -1.960541 -0.440258
v 0.853085 -2.368824 -0.520135
v 0.833273 -2.368824 -0.554451
v 0.816158 -2.368824 -0.584095
v 0.919144 -2.368824 -0.405719
v 0.897649 -2.368824 -0.442949
v 0.739813 -2.126618 -0.540017
v 0.803059 -2.126618 -0.430472
v 0.776740 -2.126618 -0.476058
v 0.756928 -2.126618 -0.510373
v 0.842799 -2.126618 -0.361641
v 0.821304 -2.126618 -0.398871
v 1.913945 -3.212717 0.717101
v 1.693407 -2.885180 0.564457
v 0.763577 -2.084858 -0.468458
v 0.829636 -2.084858 -0.354041
v 0.726650 -2.084858 -0.532418
v 0.789896 -2.084858 -0.422873
v 0.762220 -1.988823 -0.406894
v 0.735901 -1.988823 -0.452479
v 0.801960 -1.988823 -0.338062
v 0.698974 -1.988823 -0.516439
v 0.502637 -1.154366 -0.243077
v 0.541332 -1.160865 -0.180786
v 0.568999 -1.165512 -0.136247
v 0.610775 -1.172528 -0.068997
v 0.633150 -1.273400 -0.103671
v 0.564172 -1.263337 -0.215820
v 0.525735 -1.257729 -0.278312
v 0.591654 -1.267346 -0.171138
v 0.864898 -1.293948 0.282770
v 0.744706 -1.280766 0.084186
v 0.648706 -1.643604 -0.346215
v 0.611276 -1.641467 -0.409489
v 0.715877 -1.647440 -0.232662
v 0.675468 -1.645133 -0.300974
v 0.710120 -1.620396 -0.222948
v 0.669583 -1.617650 -0.291161
v 0.642737 -1.615832 -0.336336
v 0.605190 -1.613289 -0.399519
v 0.689711 -1.528388 -0.191321
v 0.648920 -1.524766 -0.259336
v 0.621905 -1.522367 -0.304381
v 0.584122 -1.519011 -0.367380
v 0.681341 -1.490656 -0.178351
v 0.613362 -1.484036 -0.291276
v 0.640446 -1.486673 -0.246285
v 0.279398 -0.418512 -0.094081
v 0.313566 -0.422676 -0.037931
v 0.575482 -1.480347 -0.354200
v 1.460777 -2.479488 0.451860
v 1.319264 -2.273632 0.356604
v 0.721027 -1.279203 0.044312
v 0.669307 -1.183225 0.024597
v 1.048484 -1.805194 0.228594
v 1.084807 -1.865952 0.247279
v 0.999326 -1.722966 0.203306
v 2.145844 -3.414477 0.957815
v 2.093936 -3.319112 0.937328
v 1.758541 -2.784793 0.745360
v 1.665293 -2.632130 0.694978
v 1.385459 -2.176008 0.542322
v 1.289746 -2.019104 0.490758
v 0.771754 -1.196669 0.192253
v 0.830914 -1.290221 0.226621
v 0.099818 -0.096224 -0.170516
v 0.118338 -0.100388 -0.141469
v 0.090461 -0.066540 -0.165114
v 0.099956 -0.070703 -0.151700
v 0.200246 -0.414831 -0.228498
v 0.098658 -0.092543 -0.169846
v 0.330241 -0.449030 -0.028234
v 0.296073 -0.444867 -0.084384
v 0.212466 -0.453602 -0.235553
v 0.479937 -0.765123 0.000951
v 0.267280 -0.627499 -0.267200
v 0.315640 -0.627499 -0.183438
v 0.253834 -0.449280 -0.160757
v 0.413534 -1.091493 -0.351640
v 0.718202 -1.146534 0.135993
v 0.472951 -1.102227 -0.256541
v 0.562450 -1.563930 -0.437616
v 0.519203 -1.337846 -0.347946
vt 0.692558 0.415986
vt 0.692558 0.409029
vt 0.698818 0.409029
vt 0.698818 0.415986
vt 0.692558 0.435925
vt 0.698818 0.435925
vt 0.692558 0.449719
vt 0.698818 0.449719
vt 0.692558 0.476693
vt 0.698818 0.476693
vt 0.692558 0.519571
vt 0.698818 0.519571
vt 0.651627 0.411459
vt 0.651615 0.409029
vt 0.646549 0.418882
vt 0.649097 0.415449
vt 0.692558 0.529715
vt 0.698818 0.532410
vt 0.636155 0.425581
vt 0.640954 0.422499
vt 0.692558 0.533714
vt 0.657483 0.513114
vt 0.657483 0.509115
vt 0.647462 0.507547
vt 0.647462 0.503548
vt 0.617520 0.490761
vt 0.617520 0.486762
vt 0.607221 0.485054
vt 0.607221 0.481055
vt 0.559374 0.452793
vt 0.559619 0.456841
vt 0.553506 0.453186
vt 0.553233 0.449133
vt 0.689036 0.452467
vt 0.688907 0.467878
vt 0.641941 0.421816
vt 0.645475 0.419622
vt 0.688974 0.418864
vt 0.689209 0.429495
vt 0.649688 0.414671
vt 0.651245 0.412350
vt 0.631533 0.411141
vt 0.631533 0.409029
vt 0.631533 0.421735
vt 0.631533 0.419083
vt 0.631533 0.413585
vt 0.631533 0.416832
vt 0.605296 0.413585
vt 0.605296 0.416832
vt 0.603439 0.417336
vt 0.603439 0.414089
vt 0.605296 0.409029
vt 0.603439 0.409029
vt 0.630177 0.411141
vt 0.630177 0.409029
vt 0.605296 0.421735
vt 0.603439 0.422239
vt 0.630177 0.421735
vt 0.630177 0.419083
vt 0.630177 0.416832
vt 0.630177 0.413585
vt 0.614278 0.421735
vt 0.614278 0.419083
vt 0.614278 0.411141
vt 0.614278 0.409029
vt 0.614278 0.416832
vt 0.614278 0.413585
vt 0.685426 0.512399
vt 0.664021 0.497442
vt 0.611537 0.421735
vt 0.611537 0.416832
vt 0.611537 0.413585
vt 0.611537 0.409029
vt 0.643821 0.490306
vt 0.661633 0.499996
vt 0.557872 0.424165
vt 0.558270 0.429049
vt 0.551648 0.430212
vt 0.551188 0.425331
vt 0.557241 0.416407
vt 0.557609 0.420931
vt 0.550883 0.422098
vt 0.550456 0.417577
vt 0.572097 0.418417
vt 0.572270 0.421656
vt 0.571855 0.413888
vt 0.572531 0.426546
vt 0.558651 0.439665
vt 0.558753 0.442526
vt 0.552540 0.438851
vt 0.552350 0.437017
vt 0.582823 0.424710
vt 0.582672 0.419815
vt 0.582571 0.416572
vt 0.582431 0.412038
vt 0.581048 0.425052
vt 0.580868 0.420157
vt 0.580748 0.416916
vt 0.580581 0.412383
vt 0.575008 0.426112
vt 0.574770 0.421220
vt 0.574613 0.417981
vt 0.574393 0.413450
vt 0.503882 0.419684
vt 0.504155 0.423737
vt 0.502425 0.422705
vt 0.502152 0.418651
vt 0.607221 0.470912
vt 0.621308 0.477153
vt 0.637442 0.484253
vt 0.623929 0.474799
vt 0.593179 0.459609
vt 0.587781 0.456742
vt 0.597167 0.461728
vt 0.698818 0.537472
vt 0.481269 0.411152
vt 0.480996 0.409029
vt 0.479320 0.410039
vt 0.479047 0.409029
vt 0.480754 0.409029
vt 0.501910 0.409029
vt 0.600281 0.562054
vt 0.609312 0.569035
vt 0.605664 0.573755
vt 0.596833 0.566051
vt 0.633411 0.587662
vt 0.629741 0.593563
vt 0.603688 0.591083
vt 0.593311 0.570132
vt 0.657947 0.606629
vt 0.644092 0.600287
vt 0.614591 0.617917
vt 0.692558 0.402073
vt 0.698818 0.402073
vt 0.692558 0.382134
vt 0.698818 0.382134
vt 0.692558 0.368340
vt 0.698818 0.368340
vt 0.692558 0.341366
vt 0.698818 0.341366
vt 0.692558 0.298488
vt 0.698818 0.298488
vt 0.651627 0.406600
vt 0.649097 0.402609
vt 0.646549 0.399177
vt 0.692558 0.288344
vt 0.698818 0.285649
vt 0.640954 0.395560
vt 0.636155 0.392478
vt 0.657483 0.308944
vt 0.657483 0.304945
vt 0.692558 0.284345
vt 0.647462 0.314511
vt 0.647462 0.310512
vt 0.617520 0.331297
vt 0.617520 0.327298
vt 0.607221 0.337003
vt 0.607221 0.333004
vt 0.559374 0.365265
vt 0.553233 0.368926
vt 0.553506 0.364872
vt 0.559619 0.361217
vt 0.689036 0.365591
vt 0.645475 0.398437
vt 0.641941 0.396242
vt 0.688907 0.350181
vt 0.688974 0.399195
vt 0.651245 0.405709
vt 0.649688 0.403388
vt 0.689209 0.388564
vt 0.631533 0.406918
vt 0.631533 0.398976
vt 0.631533 0.396324
vt 0.631533 0.404474
vt 0.631533 0.401227
vt 0.605296 0.404474
vt 0.603439 0.403970
vt 0.603439 0.400723
vt 0.605296 0.401227
vt 0.630177 0.406918
vt 0.603439 0.395820
vt 0.605296 0.396324
vt 0.630177 0.398976
vt 0.630177 0.396324
vt 0.630177 0.401227
vt 0.630177 0.404474
vt 0.614278 0.398976
vt 0.614278 0.396324
vt 0.614278 0.406918
vt 0.614278 0.401227
vt 0.614278 0.404474
vt 0.664021 0.320616
vt 0.685426 0.305660
vt 0.611537 0.401227
vt 0.611537 0.396324
vt 0.611537 0.404474
vt 0.643821 0.327753
vt 0.661633 0.318063
vt 0.557872 0.393893
vt 0.551188 0.392728
vt 0.551648 0.387847
vt 0.558270 0.389009
vt 0.557241 0.401652
vt 0.550456 0.400482
vt 0.550883 0.395961
vt 0.557609 0.397128
vt 0.572097 0.399642
vt 0.572270 0.396403
vt 0.571855 0.404171
vt 0.572531 0.391512
vt 0.558651 0.378393
vt 0.552350 0.381042
vt 0.552540 0.379208
vt 0.558753 0.375533
vt 0.582672 0.398244
vt 0.582823 0.393348
vt 0.582431 0.406021
vt 0.582571 0.401486
vt 0.580868 0.397901
vt 0.581048 0.393007
vt 0.580581 0.405676
vt 0.580748 0.401143
vt 0.574770 0.396839
vt 0.575008 0.391947
vt 0.574393 0.404609
vt 0.574613 0.400078
vt 0.503882 0.398375
vt 0.502152 0.399408
vt 0.502425 0.395354
vt 0.504155 0.394322
vt 0.607221 0.347147
vt 0.621308 0.340906
vt 0.623929 0.343259
vt 0.637442 0.333806
vt 0.587781 0.361316
vt 0.593179 0.358449
vt 0.597167 0.356331
vt 0.698818 0.280587
vt 0.481269 0.406906
vt 0.479320 0.408020
vt 0.603280 0.557709
vt 0.612961 0.564314
vt 0.638196 0.582624
vt 0.606343 0.553273
vt 0.629232 0.558037
vt 0.648319 0.594818
vt 0.657947 0.561827
vt 0.692558 0.129386
vt 0.698818 0.129386
vt 0.698818 0.136343
vt 0.692558 0.136343
vt 0.692558 0.109448
vt 0.698818 0.109448
vt 0.692558 0.095653
vt 0.698818 0.095653
vt 0.692558 0.068679
vt 0.698818 0.068679
vt 0.692558 0.025801
vt 0.698818 0.025801
vt 0.651615 0.136343
vt 0.651627 0.133914
vt 0.649097 0.129923
vt 0.646549 0.126491
vt 0.692558 0.015658
vt 0.698818 0.012962
vt 0.640954 0.122874
vt 0.636155 0.119792
vt 0.657483 0.036257
vt 0.657483 0.032259
vt 0.692558 0.011659
vt 0.647462 0.041825
vt 0.647462 0.037826
vt 0.617520 0.058610
vt 0.617520 0.054612
vt 0.607221 0.064317
vt 0.607221 0.060318
vt 0.559374 0.092579
vt 0.553233 0.096240
vt 0.553506 0.092186
vt 0.559619 0.088531
vt 0.689036 0.092905
vt 0.645475 0.125751
vt 0.641941 0.123556
vt 0.688907 0.077495
vt 0.688974 0.126508
vt 0.651245 0.133023
vt 0.649688 0.130702
vt 0.689209 0.115878
vt 0.631533 0.134232
vt 0.631533 0.136343
vt 0.631533 0.126290
vt 0.631533 0.123638
vt 0.631533 0.131788
vt 0.631533 0.128541
vt 0.605296 0.131788
vt 0.603439 0.131284
vt 0.603439 0.128037
vt 0.605296 0.128541
vt 0.605296 0.136343
vt 0.603439 0.136343
vt 0.630177 0.136343
vt 0.630177 0.134232
vt 0.603439 0.123134
vt 0.605296 0.123638
vt 0.630177 0.126290
vt 0.630177 0.123638
vt 0.630177 0.128541
vt 0.630177 0.131788
vt 0.614278 0.126290
vt 0.614278 0.123638
vt 0.614278 0.136343
vt 0.614278 0.134232
vt 0.614278 0.128541
vt 0.614278 0.131788
vt 0.320107 0.633719
vt 0.320107 0.724305
vt 0.310430 0.748559
vt 0.306819 0.642449
vt 0.611537 0.128541
vt 0.611537 0.123638
vt 0.611537 0.136343
vt 0.611537 0.131788
vt 0.643821 0.055067
vt 0.661633 0.045377
vt 0.557872 0.121207
vt 0.551188 0.120042
vt 0.551648 0.115161
vt 0.558270 0.116323
vt 0.557241 0.128965
vt 0.550456 0.127795
vt 0.550883 0.123274
vt 0.557609 0.124442
vt 0.572097 0.126955
vt 0.572270 0.123717
vt 0.571855 0.131485
vt 0.572531 0.118826
vt 0.558651 0.105707
vt 0.552350 0.108356
vt 0.552540 0.106522
vt 0.558753 0.102847
vt 0.582672 0.125558
vt 0.582823 0.120662
vt 0.582431 0.133335
vt 0.582571 0.128800
vt 0.580868 0.125215
vt 0.581048 0.120321
vt 0.580581 0.132990
vt 0.580748 0.128456
vt 0.574770 0.124152
vt 0.575008 0.119261
vt 0.574393 0.131923
vt 0.574613 0.127392
vt 0.503882 0.125689
vt 0.502152 0.126721
vt 0.502425 0.122668
vt 0.504155 0.121635
vt 0.607221 0.074461
vt 0.621308 0.068220
vt 0.623929 0.070573
vt 0.637442 0.061120
vt 0.587781 0.088630
vt 0.593179 0.085763
vt 0.597167 0.083645
vt 0.698818 0.007901
vt 0.480996 0.136343
vt 0.481269 0.134220
vt 0.479047 0.136343
vt 0.479320 0.135334
vt 0.501910 0.136343
vt 0.480754 0.136343
vt 0.198091 0.562054
vt 0.201091 0.557709
vt 0.210772 0.564314
vt 0.207123 0.569035
vt 0.236006 0.582624
vt 0.231221 0.587662
vt 0.204153 0.553273
vt 0.227042 0.558037
vt 0.246130 0.594818
vt 0.255758 0.606629
vt 0.255758 0.561827
vt 0.692558 0.143300
vt 0.698818 0.143300
vt 0.692558 0.163239
vt 0.698818 0.163239
vt 0.692558 0.177033
vt 0.698818 0.177033
vt 0.692558 0.204007
vt 0.698818 0.204007
vt 0.692558 0.246885
vt 0.698818 0.246885
vt 0.651627 0.138773
vt 0.646549 0.146195
vt 0.649097 0.142763
vt 0.692558 0.257029
vt 0.698818 0.259724
vt 0.636155 0.152895
vt 0.640954 0.149812
vt 0.692558 0.261027
vt 0.657483 0.240428
vt 0.657483 0.236429
vt 0.647462 0.234860
vt 0.647462 0.230862
vt 0.617520 0.218075
vt 0.617520 0.214076
vt 0.607221 0.212368
vt 0.607221 0.208369
vt 0.559374 0.180107
vt 0.559619 0.184155
vt 0.553506 0.180500
vt 0.553233 0.176447
vt 0.689036 0.179781
vt 0.688907 0.195191
vt 0.641941 0.149130
vt 0.645475 0.146935
vt 0.688974 0.146178
vt 0.689209 0.156809
vt 0.649688 0.141984
vt 0.651245 0.139664
vt 0.631533 0.138455
vt 0.631533 0.149049
vt 0.631533 0.146397
vt 0.631533 0.140899
vt 0.631533 0.144146
vt 0.605296 0.140899
vt 0.605296 0.144146
vt 0.603439 0.144650
vt 0.603439 0.141403
vt 0.630177 0.138455
vt 0.605296 0.149049
vt 0.603439 0.149552
vt 0.630177 0.149049
vt 0.630177 0.146397
vt 0.630177 0.144146
vt 0.630177 0.140899
vt 0.614278 0.149049
vt 0.614278 0.146397
vt 0.614278 0.138455
vt 0.614278 0.144146
vt 0.614278 0.140899
vt 0.685426 0.239712
vt 0.664021 0.224756
vt 0.611537 0.149049
vt 0.611537 0.144146
vt 0.611537 0.140899
vt 0.643821 0.217619
vt 0.661633 0.227309
vt 0.557872 0.151479
vt 0.558270 0.156363
vt 0.551648 0.157526
vt 0.551188 0.152644
vt 0.557241 0.143721
vt 0.557609 0.148245
vt 0.550883 0.149412
vt 0.550456 0.144891
vt 0.572097 0.145731
vt 0.572270 0.148970
vt 0.571855 0.141201
vt 0.572531 0.153860
vt 0.558651 0.166979
vt 0.558753 0.169839
vt 0.552540 0.166164
vt 0.552350 0.164331
vt 0.582823 0.152024
vt 0.582672 0.147128
vt 0.582571 0.143886
vt 0.582431 0.139352
vt 0.581048 0.152365
vt 0.580868 0.147471
vt 0.580748 0.144230
vt 0.580581 0.139697
vt 0.575008 0.153425
vt 0.574770 0.148534
vt 0.574613 0.145294
vt 0.574393 0.140764
vt 0.503882 0.146997
vt 0.504155 0.151051
vt 0.502425 0.150018
vt 0.502152 0.145965
vt 0.607221 0.198225
vt 0.621308 0.204467
vt 0.637442 0.211566
vt 0.623929 0.202113
vt 0.593179 0.186923
vt 0.587781 0.184056
vt 0.597167 0.189042
vt 0.698818 0.264785
vt 0.481269 0.138466
vt 0.479320 0.137352
vt 0.203474 0.573755
vt 0.194643 0.566051
vt 0.227551 0.593563
vt 0.201499 0.591083
vt 0.191122 0.570132
vt 0.241902 0.600287
vt 0.212402 0.617917
vt 0.863892 0.161918
vt 0.856112 0.161918
vt 0.856112 0.117118
vt 0.863892 0.117118
vt 0.972518 0.398378
vt 0.972518 0.390598
vt 0.975235 0.390598
vt 0.975235 0.398378
vt 0.887474 0.157424
vt 0.879694 0.157424
vt 0.879694 0.117118
vt 0.887474 0.117118
vt 0.372779 0.896834
vt 0.364998 0.896834
vt 0.364998 0.864882
vt 0.372779 0.864882
vt 0.769564 0.345217
vt 0.761784 0.345217
vt 0.761784 0.313287
vt 0.769564 0.313287
vt 0.808948 0.727445
vt 0.816728 0.727421
vt 0.816728 0.783999
vt 0.808948 0.784023
vt 0.808948 0.947896
vt 0.816728 0.947896
vt 0.816728 0.957419
vt 0.808948 0.957419
vt 0.745982 0.025671
vt 0.738202 0.025671
vt 0.738202 0.012925
vt 0.745982 0.012925
vt 0.499248 0.912311
vt 0.507025 0.912521
vt 0.507025 0.933065
vt 0.499248 0.932855
vt 0.738202 0.529177
vt 0.745982 0.529177
vt 0.745982 0.535887
vt 0.738202 0.535887
vt 0.143261 0.937895
vt 0.135481 0.937895
vt 0.135481 0.923231
vt 0.143261 0.923231
vt 0.879694 0.227768
vt 0.887474 0.227768
vt 0.887474 0.266508
vt 0.879694 0.266508
vt 0.832530 0.117118
vt 0.840310 0.117118
vt 0.840310 0.167207
vt 0.832530 0.167207
vt 0.738202 0.684520
vt 0.745982 0.684520
vt 0.745982 0.737388
vt 0.738202 0.737388
vt 0.991851 0.558511
vt 0.990920 0.558511
vt 0.990920 0.550730
vt 0.991851 0.550730
vt 0.769564 0.356191
vt 0.761784 0.356191
vt 0.808948 0.198624
vt 0.816728 0.198603
vt 0.816728 0.264266
vt 0.808948 0.264287
vt 0.341573 0.989281
vt 0.341573 0.981500
vt 0.343148 0.981500
vt 0.343148 0.989281
vt 0.991011 0.680500
vt 0.991897 0.680500
vt 0.991897 0.688280
vt 0.991011 0.688280
vt 0.738202 0.007901
vt 0.745982 0.007901
vt 0.474960 0.946695
vt 0.482740 0.946695
vt 0.482740 0.956977
vt 0.474960 0.956977
vt 0.934638 0.027839
vt 0.926858 0.027839
vt 0.926858 0.007901
vt 0.934638 0.007901
vt 0.957245 0.117118
vt 0.957245 0.124898
vt 0.950440 0.124898
vt 0.950440 0.117118
vt 0.879694 0.950696
vt 0.884966 0.950696
vt 0.884966 0.958476
vt 0.879694 0.958476
vt 0.769564 0.413709
vt 0.761784 0.413709
vt 0.761784 0.407160
vt 0.769564 0.407160
vt 0.745982 0.135405
vt 0.738202 0.135405
vt 0.738202 0.128499
vt 0.745982 0.128499
vt 0.191122 0.727845
vt 0.198902 0.727869
vt 0.198902 0.796440
vt 0.191122 0.796417
vt 0.697331 0.809629
vt 0.697331 0.801849
vt 0.698675 0.801849
vt 0.698675 0.809629
vt 0.769564 0.490951
vt 0.761784 0.490951
vt 0.761784 0.468431
vt 0.769564 0.468431
vt 0.856112 0.487352
vt 0.863892 0.487352
vt 0.863892 0.531554
vt 0.856112 0.531554
vt 0.971625 0.875716
vt 0.971625 0.867936
vt 0.975862 0.867936
vt 0.975862 0.875716
vt 0.270537 0.720589
vt 0.278317 0.720609
vt 0.278317 0.792255
vt 0.270537 0.792235
vt 0.697331 0.951121
vt 0.697331 0.943341
vt 0.698341 0.943341
vt 0.698341 0.951121
vt 0.934638 0.428479
vt 0.926858 0.428479
vt 0.926858 0.413197
vt 0.934638 0.413197
vt 0.738202 0.108706
vt 0.745982 0.108706
vt 0.950440 0.806190
vt 0.950440 0.798410
vt 0.956174 0.798410
vt 0.956174 0.806190
vt 0.926858 0.974082
vt 0.926858 0.966301
vt 0.931379 0.966301
vt 0.931379 0.974082
vt 0.042349 0.901341
vt 0.042349 0.923550
vt 0.034569 0.923550
vt 0.034569 0.901341
vt 0.903276 0.680500
vt 0.911056 0.680588
vt 0.911056 0.703814
vt 0.903276 0.703726
vt 0.769564 0.493032
vt 0.761784 0.493032
vt 0.330401 0.764361
vt 0.338181 0.764361
vt 0.338181 0.817104
vt 0.330401 0.817104
vt 0.231153 0.852991
vt 0.223373 0.852991
vt 0.223373 0.821826
vt 0.231153 0.821826
vt 0.089513 0.938429
vt 0.089513 0.952148
vt 0.081733 0.952148
vt 0.081733 0.938429
vt 0.793146 0.548900
vt 0.785366 0.548885
vt 0.785366 0.473177
vt 0.793146 0.473192
vt 0.714620 0.947526
vt 0.722400 0.947526
vt 0.722400 0.957106
vt 0.714620 0.957106
vt 0.745982 0.950400
vt 0.738202 0.950400
vt 0.738202 0.939819
vt 0.745982 0.939819
vt 0.198902 0.928459
vt 0.191122 0.928523
vt 0.191122 0.907300
vt 0.198902 0.907236
vt 0.955823 0.875716
vt 0.950440 0.875716
vt 0.950440 0.867936
vt 0.955823 0.867936
vt 0.651423 0.730386
vt 0.643643 0.730419
vt 0.643643 0.633752
vt 0.651423 0.633719
vt 0.769564 0.466578
vt 0.761784 0.466578
vt 0.738202 0.095012
vt 0.745982 0.095012
vt 0.887474 0.537530
vt 0.879694 0.537530
vt 0.879694 0.499633
vt 0.887474 0.499633
vt 0.645218 0.979966
vt 0.645218 0.987746
vt 0.643643 0.987746
vt 0.643643 0.979966
vt 0.769564 0.872862
vt 0.761784 0.872862
vt 0.761784 0.831704
vt 0.769564 0.831704
vt 0.911056 0.534929
vt 0.903276 0.534929
vt 0.903276 0.507955
vt 0.911056 0.507955
vt 0.745982 0.257885
vt 0.738202 0.257885
vt 0.738202 0.245139
vt 0.745982 0.245139
vt 0.973047 0.015681
vt 0.973047 0.007901
vt 0.975763 0.007901
vt 0.975763 0.015681
vt 0.643643 0.964164
vt 0.643643 0.956384
vt 0.648740 0.956384
vt 0.648740 0.964164
vt 0.459158 0.897608
vt 0.451378 0.897608
vt 0.451378 0.861101
vt 0.459158 0.861101
vt 0.785366 0.952416
vt 0.790637 0.952416
vt 0.790637 0.960196
vt 0.785366 0.960196
vt 0.991978 0.099865
vt 0.991276 0.099865
vt 0.991276 0.092085
vt 0.991978 0.092085
vt 0.738202 0.068235
vt 0.745982 0.068235
vt 0.926858 0.051421
vt 0.926858 0.043641
vt 0.933739 0.043641
vt 0.933739 0.051421
vt 0.879694 0.859795
vt 0.879694 0.822062
vt 0.887474 0.822062
vt 0.887474 0.859795
vt 0.990877 0.043641
vt 0.991841 0.043641
vt 0.991841 0.051421
vt 0.990877 0.051421
vt 0.903276 0.232814
vt 0.903276 0.204839
vt 0.911056 0.204839
vt 0.911056 0.232814
vt 0.058151 0.923550
vt 0.058151 0.901341
vt 0.065931 0.901341
vt 0.065931 0.923550
vt 0.968710 0.653889
vt 0.968710 0.646109
vt 0.973591 0.646109
vt 0.973591 0.653889
vt 0.231153 0.915760
vt 0.231153 0.931659
vt 0.223373 0.931659
vt 0.223373 0.915760
vt 0.975209 0.727664
vt 0.975209 0.735444
vt 0.971976 0.735444
vt 0.971976 0.727664
vt 0.081733 0.845233
vt 0.089513 0.845233
vt 0.089513 0.885539
vt 0.081733 0.885539
vt 0.738202 0.627002
vt 0.745982 0.627002
vt 0.745982 0.677970
vt 0.738202 0.677970
vt 0.934638 0.936260
vt 0.934638 0.950500
vt 0.926858 0.950500
vt 0.926858 0.936260
vt 0.159063 0.734994
vt 0.166843 0.734970
vt 0.166843 0.803542
vt 0.159063 0.803565
vt 0.955823 0.852134
vt 0.950440 0.852134
vt 0.950440 0.844354
vt 0.955823 0.844354
vt 0.863892 0.816404
vt 0.856112 0.816404
vt 0.856112 0.775236
vt 0.863892 0.775236
vt 0.451378 0.700830
vt 0.459158 0.700812
vt 0.459158 0.784546
vt 0.451378 0.784563
vt 0.887474 0.321049
vt 0.879694 0.321049
vt 0.879694 0.282310
vt 0.887474 0.282310
vt 0.934638 0.874976
vt 0.934638 0.889836
vt 0.926858 0.889836
vt 0.926858 0.874976
vt 0.970514 0.256396
vt 0.970514 0.248616
vt 0.975035 0.248616
vt 0.975035 0.256396
vt 0.991874 0.469124
vt 0.991036 0.469124
vt 0.991036 0.461343
vt 0.991874 0.461343
vt 0.840310 0.471550
vt 0.832530 0.471550
vt 0.832530 0.421806
vt 0.840310 0.421806
vt 0.975345 0.367016
vt 0.975345 0.374796
vt 0.972518 0.374796
vt 0.972518 0.367016
vt 0.769564 0.265077
vt 0.761784 0.265077
vt 0.761784 0.258367
vt 0.769564 0.258367
vt 0.887474 0.768528
vt 0.887474 0.806261
vt 0.879694 0.806261
vt 0.879694 0.768528
vt 0.372779 0.849080
vt 0.364998 0.849080
vt 0.364998 0.804146
vt 0.372779 0.804146
vt 0.991817 0.624818
vt 0.990931 0.624818
vt 0.990931 0.617038
vt 0.991817 0.617038
vt 0.451378 0.980512
vt 0.451378 0.972732
vt 0.453212 0.972732
vt 0.453212 0.980512
vt 0.745982 0.924017
vt 0.738202 0.923953
vt 0.738202 0.902730
vt 0.745982 0.902794
vt 0.832530 0.904362
vt 0.832530 0.875686
vt 0.840310 0.875686
vt 0.840310 0.904362
vt 0.745982 0.262909
vt 0.738202 0.262909
vt 0.433643 0.769311
vt 0.433643 0.761531
vt 0.435522 0.761531
vt 0.435522 0.769311
vt 0.934638 0.137056
vt 0.926858 0.137056
vt 0.926858 0.117118
vt 0.934638 0.117118
vt 0.903276 0.950146
vt 0.903276 0.935906
vt 0.911056 0.935906
vt 0.911056 0.950146
vt 0.697331 0.738883
vt 0.697331 0.731103
vt 0.698675 0.731103
vt 0.698675 0.738883
vt 0.745982 0.142311
vt 0.738202 0.142311
vt 0.934638 0.680500
vt 0.934638 0.695360
vt 0.926857 0.695360
vt 0.926857 0.680500
vt 0.065931 0.760886
vt 0.058151 0.760886
vt 0.058151 0.666896
vt 0.065931 0.666896
vt 0.581667 0.956418
vt 0.581667 0.948638
vt 0.588548 0.948638
vt 0.588548 0.956418
vt 0.288111 0.981191
vt 0.288111 0.973411
vt 0.289882 0.973411
vt 0.289882 0.981191
vt 0.507028 0.844200
vt 0.499248 0.844200
vt 0.499248 0.796626
vt 0.507028 0.796626
vt 0.785366 0.983778
vt 0.785366 0.975998
vt 0.787079 0.975998
vt 0.787079 0.983778
vt 0.745982 0.162104
vt 0.738202 0.162104
vt 0.738202 0.973982
vt 0.738202 0.966202
vt 0.743083 0.966202
vt 0.743083 0.973982
vt 0.745982 0.573417
vt 0.738202 0.573417
vt 0.975209 0.704082
vt 0.975209 0.711862
vt 0.971976 0.711862
vt 0.971976 0.704082
vt 0.950440 0.398378
vt 0.950440 0.390598
vt 0.956716 0.390598
vt 0.956716 0.398378
vt 0.861210 0.958815
vt 0.861210 0.966595
vt 0.856112 0.966595
vt 0.856112 0.958815
vt 0.143261 0.907377
vt 0.135481 0.907429
vt 0.135481 0.879423
vt 0.143261 0.879370
vt 0.745982 0.175798
vt 0.738202 0.175798
vt 0.903276 0.336851
vt 0.911056 0.336851
vt 0.911056 0.363825
vt 0.903276 0.363825
vt 0.745982 0.584097
vt 0.738202 0.584097
vt 0.975075 0.043641
vt 0.975075 0.051421
vt 0.972223 0.051421
vt 0.972223 0.043641
vt 0.589447 0.849312
vt 0.581667 0.849312
vt 0.581667 0.804378
vt 0.589447 0.804378
vt 0.973047 0.172796
vt 0.973047 0.165016
vt 0.975621 0.165016
vt 0.975621 0.172796
vt 0.745982 0.202575
vt 0.738202 0.202575
vt 0.225207 0.972843
vt 0.225207 0.980623
vt 0.223373 0.980623
vt 0.223373 0.972843
vt 0.745982 0.616027
vt 0.738202 0.616027
vt 0.973288 0.223997
vt 0.973288 0.216217
vt 0.975684 0.216217
vt 0.975684 0.223997
vt 0.605249 0.980000
vt 0.605249 0.972220
vt 0.607128 0.972220
vt 0.607128 0.980000
vt 0.932512 0.650557
vt 0.924735 0.650768
vt 0.924735 0.630223
vt 0.932512 0.630013
vt 0.928423 0.068503
vt 0.936203 0.068503
vt 0.936203 0.083323
vt 0.928423 0.083323
vt 0.856112 0.547355
vt 0.863892 0.547355
vt 0.863892 0.588524
vt 0.856112 0.588524
vt 0.832530 0.552899
vt 0.840310 0.552899
vt 0.840310 0.602643
vt 0.832530 0.602643
vt 0.108462 0.975970
vt 0.108462 0.983750
vt 0.106749 0.983750
vt 0.106749 0.975970
vt 0.745982 0.739241
vt 0.738202 0.739241
vt 0.949706 0.216217
vt 0.957486 0.216217
vt 0.957486 0.226499
vt 0.949706 0.226499
vt 0.863892 0.052701
vt 0.856112 0.052701
vt 0.856112 0.007901
vt 0.863892 0.007901
vt 0.956716 0.437761
vt 0.956716 0.445542
vt 0.950440 0.445542
vt 0.950440 0.437761
vt 0.366770 0.972861
vt 0.366770 0.980641
vt 0.364999 0.980641
vt 0.364999 0.972861
vt 0.482740 0.846884
vt 0.474960 0.846854
vt 0.474960 0.799990
vt 0.482740 0.800019
vt 0.166843 0.863569
vt 0.159063 0.863569
vt 0.159063 0.819367
vt 0.166843 0.819367
vt 0.106749 0.921922
vt 0.114529 0.921922
vt 0.114529 0.936586
vt 0.106749 0.936586
vt 0.926858 0.319852
vt 0.934638 0.319852
vt 0.934638 0.335165
vt 0.926858 0.335165
vt 0.546412 0.786387
vt 0.554192 0.786387
vt 0.554192 0.836476
vt 0.546412 0.836476
vt 0.034569 0.666896
vt 0.042349 0.666896
vt 0.042349 0.760886
vt 0.034569 0.760886
vt 0.089513 0.829431
vt 0.081733 0.829431
vt 0.081733 0.776688
vt 0.089513 0.776688
vt 0.808948 0.580852
vt 0.816728 0.580875
vt 0.816728 0.638335
vt 0.808948 0.638311
vt 0.808948 0.431741
vt 0.816728 0.431741
vt 0.816728 0.491765
vt 0.808948 0.491765
vt 0.975621 0.117118
vt 0.975621 0.124898
vt 0.973047 0.124898
vt 0.973047 0.117118
vt 0.948314 0.593456
vt 0.956095 0.593456
vt 0.956095 0.603981
vt 0.948314 0.603981
vt 0.957245 0.319851
vt 0.957245 0.327632
vt 0.950440 0.327632
vt 0.950440 0.319851
vt 0.769564 0.302607
vt 0.761784 0.302607
vt 0.060546 0.968873
vt 0.060546 0.976653
vt 0.058151 0.976653
vt 0.058151 0.968873
vt 0.119679 0.870968
vt 0.111899 0.870968
vt 0.111899 0.829810
vt 0.119679 0.829810
vt 0.793146 0.905993
vt 0.785366 0.905940
vt 0.785366 0.877934
vt 0.793146 0.877986
vt 0.903276 0.719704
vt 0.911056 0.719616
vt 0.911056 0.742842
vt 0.903276 0.742930
vt 0.745982 0.761761
vt 0.738202 0.761761
vt 0.816728 0.899028
vt 0.808948 0.899028
vt 0.808948 0.862520
vt 0.816728 0.862520
vt 0.971801 0.197032
vt 0.971801 0.189252
vt 0.976038 0.189252
vt 0.976038 0.197032
vt 0.832530 0.920164
vt 0.840310 0.920164
vt 0.840310 0.934984
vt 0.832530 0.934984
vt 0.785366 0.198618
vt 0.793146 0.198603
vt 0.793146 0.274311
vt 0.785366 0.274326
vt 0.565619 0.969284
vt 0.565619 0.977064
vt 0.564609 0.977064
vt 0.564609 0.969284
vt 0.991036 0.437761
vt 0.991881 0.437761
vt 0.991881 0.445542
vt 0.991036 0.445542
vt 0.950440 0.782608
vt 0.950440 0.774828
vt 0.956174 0.774828
vt 0.956174 0.782608
vt 0.785366 0.007901
vt 0.793146 0.007939
vt 0.793146 0.091277
vt 0.785366 0.091239
vt 0.991594 0.782608
vt 0.990630 0.782608
vt 0.990630 0.774828
vt 0.991594 0.774828
vt 0.417125 0.899761
vt 0.409345 0.899761
vt 0.409345 0.868595
vt 0.417125 0.868595
vt 0.745982 0.763842
vt 0.738202 0.763842
vn 0.4742 0.6222 -0.6229
vn 0.8138 0.3420 -0.4698
vn 0.7849 -0.4226 -0.4531
vn 0.8554 0.4814 -0.1911
vn 0.3981 0.7464 -0.5332
vn 0.8694 0.4068 -0.2803
vn 0.8275 0.4200 -0.3725
vn 0.5664 0.0622 -0.8217
vn 0.4420 0.2902 -0.8488
vn 0.9068 -0.0230 -0.4209
vn 0.8147 0.3416 -0.4686
vn 0.2417 0.7299 -0.6393
vn 0.8446 -0.0460 -0.5334
vn 0.1660 0.5809 -0.7968
vn 0.1683 0.5711 -0.8034
vn 0.8152 0.3379 -0.4703
vn 0.1640 0.5657 -0.8081
vn 0.8127 0.3384 -0.4743
vn 0.1654 0.5652 -0.8081
vn 0.8128 0.3437 -0.4702
vn 0.1600 0.5727 -0.8040
vn 0.8159 0.3387 -0.4685
vn 0.1639 0.5818 -0.7966
vn 0.1646 0.5826 -0.7959
vn 0.8566 0.4597 -0.2342
vn 0.8858 -0.4507 -0.1101
vn 0.1540 -0.1142 -0.9814
vn 0.4701 0.3394 -0.8147
vn 0.8623 -0.0009 -0.5063
vn 0.9240 -0.3746 0.0759
vn 0.2597 -0.2590 -0.9303
vn 0.5101 0.1679 -0.8435
vn 0.9400 0.0157 -0.3408
vn 0.2963 0.4660 -0.8337
vn 0.8178 0.3289 -0.4722
vn 0.8125 0.3459 -0.4692
vn 0.7884 0.4139 -0.4552
vn 0.4418 0.4621 -0.7689
vn 0.7839 0.0072 -0.6208
vn 0.7852 0.0960 -0.6117
vn 0.3543 0.5311 -0.7696
vn 0.2983 -0.3560 -0.8856
vn 0.1287 0.7278 -0.6735
vn 0.7958 0.0799 -0.6002
vn 0.8326 0.4206 -0.3602
vn 0.9828 -0.1812 -0.0344
vn 0.3311 0.9037 -0.2715
vn 0.3337 0.9033 -0.2694
vn 0.8882 0.3547 0.2918
vn 0.5289 0.8061 0.2653
vn 0.7989 0.0548 -0.5989
vn 0.7059 0.1961 -0.6807
vn 0.9604 -0.1613 -0.2270
vn 0.3413 0.9015 -0.2661
vn 0.3308 0.9028 -0.2748
vn 0.3752 0.4632 -0.8029
vn 0.8869 0.3516 0.2996
vn 0.8073 0.0565 -0.5874
vn 0.8870 0.3594 0.2898
vn 0.3877 0.4762 -0.7892
vn 0.8728 0.4418 -0.2073
vn 0.1645 0.5823 -0.7961
vn 0.1706 0.5708 -0.8031
vn 0.9590 -0.1632 -0.2317
vn 0.8259 0.4105 -0.3865
vn 0.9882 -0.1530 0.0039
vn 0.2916 -0.3420 -0.8933
vn 0.1300 0.7023 -0.6999
vn 0.1650 0.5535 -0.8163
vn 0.1581 0.5663 -0.8089
vn 0.3479 -0.4073 -0.8444
vn 0.2102 -0.1958 -0.9578
vn 0.1616 0.5661 -0.8083
vn 0.0934 0.7928 -0.6023
vn 0.3068 0.9351 -0.1771
vn 0.6515 -0.1599 -0.7415
vn 0.7878 -0.4153 -0.4548
vn 0.3797 0.8987 -0.2192
vn 0.7954 0.2913 -0.5314
vn 0.3853 0.9053 -0.1786
vn 0.7008 -0.0425 -0.7120
vn 0.3420 -0.3978 -0.8513
vn 0.6890 -0.6059 -0.3978
vn 0.2761 0.0934 -0.9566
vn 0.1874 -0.1763 -0.9663
vn 0.7765 0.6222 -0.0992
vn 0.5932 0.4814 -0.6452
vn 0.6608 0.7464 -0.0782
vn 0.6775 0.4068 -0.6128
vn 0.7364 0.4200 -0.5304
vn 0.9949 0.0622 -0.0797
vn 0.8179 -0.0230 -0.5749
vn 0.9561 0.2902 0.0416
vn 0.8132 0.3416 -0.4712
vn 0.8842 -0.0460 -0.4648
vn 0.6746 0.7299 0.1103
vn 0.8149 0.3379 -0.4708
vn 0.7799 0.5711 0.2559
vn 0.7731 0.5809 0.2546
vn 0.8171 0.3384 -0.4666
vn 0.7819 0.5657 0.2620
vn 0.8137 0.3437 -0.4688
vn 0.7826 0.5652 0.2608
vn 0.8137 0.3387 -0.4724
vn 0.7763 0.5727 0.2634
vn 0.6311 0.4597 -0.6247
vn 0.7716 0.5826 0.2553
vn 0.7718 0.5818 0.2564
vn 0.5383 -0.4507 -0.7121
vn 0.8696 -0.0009 -0.4937
vn 0.9406 0.3394 0.0002
vn 0.9269 -0.1142 0.3573
vn 0.3963 -0.3746 -0.8382
vn 0.7651 0.0157 -0.6437
vn 0.9856 0.1679 -0.0200
vn 0.9355 -0.2590 0.2402
vn 0.8701 0.4660 0.1602
vn 0.8126 0.3459 -0.4691
vn 0.9296 0.0072 -0.3685
vn 0.8868 0.4621 0.0019
vn 0.9224 0.0960 -0.3741
vn 0.8437 0.5311 0.0779
vn 0.6477 0.7278 0.2253
vn 0.9161 -0.3560 0.1845
vn 0.9177 0.0799 -0.3891
vn 0.7283 0.4206 -0.5410
vn 0.5212 -0.1812 -0.8339
vn 0.4001 0.9033 -0.1543
vn 0.4007 0.9037 -0.1510
vn 0.1914 0.3547 -0.9151
vn 0.0347 0.8061 -0.5907
vn 0.9181 0.0548 -0.3924
vn 0.9424 0.1961 -0.2710
vn 0.4034 0.9028 -0.1491
vn 0.4011 0.9015 -0.1626
vn 0.6768 -0.1613 -0.7183
vn 0.8829 0.4632 0.0765
vn 0.1839 0.3516 -0.9179
vn 0.9124 0.0565 -0.4054
vn 0.1925 0.3594 -0.9131
vn 0.8773 0.4762 0.0588
vn 0.6159 0.4418 -0.6523
vn 0.6801 -0.1632 -0.7147
vn 0.7808 0.5708 0.2538
vn 0.7717 0.5823 0.2556
vn 0.7476 0.4105 -0.5220
vn 0.4907 -0.1530 -0.8578
vn 0.6711 0.7023 0.2374
vn 0.9194 -0.3420 0.1941
vn 0.7796 0.5663 0.2675
vn 0.7894 0.5535 0.2653
vn 0.9052 -0.4073 0.1209
vn 0.9346 -0.1958 0.2969
vn 0.7808 0.5661 0.2642
vn 0.5682 0.7928 0.2203
vn 0.3473 0.9053 -0.2444
vn 0.8579 0.2913 -0.4232
vn 0.9671 -0.0425 -0.2509
vn 0.9083 -0.3978 0.1295
vn 0.9665 0.0934 0.2392
vn 0.9305 -0.1763 0.3209
vn -0.9766 0.0124 0.2147
vn -0.3660 -0.9063 0.2113
vn -0.8138 -0.3420 0.4698
vn -0.6918 -0.1689 0.7021
vn -0.9525 0.1788 0.2466
vn -0.7230 -0.2625 0.6390
vn -0.7905 -0.2577 0.5556
vn -0.8469 -0.5318 -0.0058
vn -0.6033 -0.6577 0.4510
vn -0.9541 -0.2965 -0.0427
vn -0.8147 -0.3416 0.4686
vn -0.6564 -0.6768 0.3332
vn -0.9737 0.2191 0.0624
vn -0.8152 -0.3379 0.4703
vn -0.9869 0.0856 -0.1364
vn -0.9866 0.0965 -0.1313
vn -0.8127 -0.3384 0.4743
vn -0.9861 0.0823 -0.1440
vn -0.8128 -0.3437 0.4702
vn -0.9864 0.0812 -0.1431
vn -0.8159 -0.3387 0.4685
vn -0.9856 0.0912 -0.1426
vn -0.7130 -0.1999 0.6720
vn -0.9864 0.0988 -0.1314
vn -0.9863 0.0984 -0.1326
vn -0.1208 -0.8738 0.4711
vn -0.6665 -0.6435 0.3764
vn -0.9645 -0.2635 0.0136
vn -0.7369 -0.4886 -0.4671
vn -0.0333 -0.7770 0.6286
vn -0.5744 -0.6207 0.5336
vn -0.9041 -0.4264 -0.0270
vn -0.6515 -0.6420 -0.4041
vn -0.9931 -0.0759 -0.0892
vn -0.8178 -0.3289 0.4722
vn -0.8125 -0.3459 0.4692
vn -0.8326 -0.2749 0.4807
vn -0.7255 -0.6386 0.2566
vn -0.9929 -0.1065 0.0535
vn -0.7785 -0.5564 0.2904
vn -0.9993 -0.0343 0.0116
vn -0.9593 0.2785 -0.0461
vn -0.5748 -0.7290 -0.3717
vn -0.7920 -0.5354 0.2934
vn -0.7890 -0.2332 0.5684
vn -0.2581 -0.6849 0.6814
vn -0.8172 0.4197 0.3951
vn -0.8181 0.4206 0.3920
vn -0.2626 -0.1289 0.9562
vn -0.4175 0.4083 0.8118
vn -0.7478 -0.5952 0.2940
vn -0.8587 -0.4615 0.2227
vn -0.8201 0.4191 0.3896
vn -0.8161 0.4151 0.4022
vn -0.3955 -0.7312 0.5558
vn -0.9928 -0.1194 -0.0119
vn -0.2550 -0.1349 0.9575
vn -0.7478 -0.5893 0.3058
vn -0.2663 -0.1252 0.9557
vn -0.9949 -0.1002 0.0073
vn -0.6877 -0.2141 0.6937
vn -0.3975 -0.7334 0.5515
vn -0.9873 0.0842 -0.1346
vn -0.9864 0.0986 -0.1317
vn -0.7995 -0.2570 0.5428
vn -0.2403 -0.6655 0.7066
vn -0.9701 0.2347 -0.0610
vn -0.5858 -0.7139 -0.3836
vn -0.9851 0.0858 -0.1488
vn -0.9859 0.0698 -0.1519
vn -0.5319 -0.7771 -0.3364
vn -0.6917 -0.5748 -0.4371
vn -0.9857 0.0840 -0.1458
vn -0.7556 0.4886 0.4362
vn -0.9322 0.3618 -0.0101
vn -0.3723 -0.9029 0.2149
vn 0.4544 -0.4262 -0.7822
vn -0.7912 0.4066 0.4568
vn -0.7656 0.4216 0.4859
vn -0.8267 -0.3904 0.4052
vn -0.7483 -0.6515 0.1246
vn -0.5406 -0.7687 -0.3417
vn -0.8731 -0.3895 -0.2930
vn -0.1905 -0.9755 0.1100
vn -0.7016 -0.5500 -0.4531
vn -0.6742 0.0124 0.7384
vn -0.9539 -0.1689 0.2480
vn -0.6898 0.1788 0.7016
vn -0.9149 -0.2625 0.3066
vn -0.8764 -0.2577 0.4068
vn -0.4184 -0.5318 0.7363
vn -0.4400 -0.2965 0.8476
vn -0.6923 -0.6577 0.2970
vn -0.8132 -0.3416 0.4712
vn -0.5409 0.2191 0.8120
vn -0.6167 -0.6768 0.4018
vn -0.3796 0.0965 0.9201
vn -0.3753 0.0856 0.9229
vn -0.8149 -0.3379 0.4708
vn -0.3683 0.0823 0.9261
vn -0.8171 -0.3384 0.4666
vn -0.3692 0.0812 0.9258
vn -0.8137 -0.3437 0.4688
vn -0.3693 0.0912 0.9248
vn -0.8137 -0.3387 0.4724
vn -0.3783 0.0984 0.9204
vn -0.3794 0.0988 0.9199
vn -0.9385 -0.1999 0.2815
vn -0.4683 -0.8738 -0.1309
vn 0.0360 -0.4886 0.8717
vn -0.4940 -0.2635 0.8285
vn -0.6592 -0.6434 0.3890
vn -0.5610 -0.7770 -0.2855
vn 0.0242 -0.6420 0.7663
vn -0.4286 -0.4264 0.7965
vn -0.7493 -0.6207 0.2307
vn -0.4193 -0.0759 0.9047
vn -0.8126 -0.3459 0.4691
vn -0.5428 -0.1065 0.8330
vn -0.5850 -0.6386 0.5000
vn -0.6407 -0.5564 0.5290
vn -0.5097 -0.0343 0.8596
vn 0.0345 -0.7290 0.6836
vn -0.4397 0.2785 0.8538
vn -0.6501 -0.5354 0.5392
vn -0.8867 -0.2332 0.3990
vn -0.7192 -0.6849 -0.1172
vn -0.7486 0.4206 0.5125
vn -0.7507 0.4197 0.5101
vn -0.9594 -0.1289 -0.2507
vn -0.9117 0.4083 -0.0443
vn -0.6286 -0.5952 0.5006
vn -0.6222 -0.4615 0.6323
vn -0.6791 -0.7312 0.0646
vn -0.7563 0.4151 0.5056
vn -0.7475 0.4191 0.5154
vn -0.4861 -0.1194 0.8657
vn -0.9567 -0.1349 -0.2579
vn -0.6387 -0.5893 0.4947
vn -0.9608 -0.1252 -0.2472
vn -0.5038 -0.1002 0.8580
vn -0.9446 -0.2141 0.2487
vn -0.3791 0.0986 0.9200
vn -0.3771 0.0842 0.9223
vn -0.6764 -0.7334 0.0685
vn -0.8699 -0.2570 0.4210
vn -0.7321 -0.6655 -0.1451
vn 0.0392 -0.7139 0.6991
vn -0.4322 0.2347 0.8707
vn -0.3614 0.0698 0.9297
vn -0.3637 0.0858 0.9275
vn 0.0254 -0.7771 0.6288
vn 0.0327 -0.5748 0.8176
vn -0.3665 0.0840 0.9266
vn -0.4573 0.3618 0.8124
vn -0.7642 -0.3904 0.5134
vn -0.8036 0.4216 0.4201
vn -0.4821 -0.6515 0.5857
vn 0.0257 -0.7687 0.6390
vn -0.1828 -0.3895 0.9027
vn 0.0416 -0.5500 0.8341
usemtl None
s 1
f 797/1292/718 910/1293/719 912/1294/720 798/1295/720
f 800/1296/721 797/1292/718 798/1295/720 799/1297/720
f 802/1298/722 800/1296/721 799/1297/720 801/1299/720
f 804/1300/723 802/1298/722 801/1299/720 803/1301/720
f 808/1302/724 804/1300/723 803/1301/720 807/1303/720
f 910/1293/719 797/1292/718 805/1304/725 921/1305/719
f 800/1296/721 802/1298/722 806/1306/726 828/1307/727
f 892/1308/728 808/1302/724 807/1303/720 891/1309/720
f 804/1300/723 808/1302/724 810/1310/729 809/1311/730
f 892/1308/728 795/1312/731 811/1313/732 893/1314/733
f 893/1314/733 811/1313/732 813/1315/734 894/1316/735
f 894/1316/735 813/1315/734 815/1317/736 895/1318/737
f 895/1318/737 815/1317/736 817/1319/738 896/1320/739
f 898/1321/719 864/1322/740 819/1323/741 897/1324/742
f 821/1325/743 822/1326/744 823/1327/745 829/1328/746
f 824/1329/747 825/1330/748 827/1331/749 826/1332/750
f 826/1332/750 830/1333/719 805/1304/725
f 921/1305/719 805/1304/725 830/1333/719 947/1334/719
f 809/1311/730 810/1310/729 833/1335/751 832/1336/719
f 828/1307/727 834/1337/719 827/1331/749
f 809/1311/730 832/1336/719 823/1327/745
f 826/1332/750 827/1331/749 834/1337/719 830/1333/719
f 829/1328/746 823/1327/745 832/1336/719 831/1338/719
f 829/1328/746 831/1338/719 806/1306/726
f 828/1307/727 806/1306/726 831/1338/719 834/1337/719
f 854/1339/752 853/1340/752 835/1341/753 838/1342/753
f 978/1343/752 854/1339/752 838/1342/753 953/1344/754
f 947/1334/719 830/1333/719 840/1345/719 960/1346/719
f 853/1340/752 855/1347/755 836/1348/756 835/1341/753
f 832/1336/719 833/1335/751 841/1349/757 842/1350/719
f 831/1338/719 832/1336/719 842/1350/719 837/1351/719
f 830/1333/719 834/1337/719 839/1352/719 840/1345/719
f 834/1337/719 831/1338/719 837/1351/719 839/1352/719
f 842/1350/719 841/1349/757 846/1353/758 847/1354/719
f 960/1346/719 840/1345/719 845/1355/719 963/1356/719
f 837/1351/719 842/1350/719 847/1354/719 843/1357/719
f 840/1345/719 839/1352/719 844/1358/719 845/1355/719
f 839/1352/719 837/1351/719 843/1357/719 844/1358/719
f 846/1353/758 841/1349/757 848/1359/759 849/1360/760
f 847/1354/719 846/1353/758 851/1361/761 852/1362/752
f 963/1356/719 845/1355/719 850/1363/752 973/1364/752
f 843/1357/719 847/1354/719 852/1362/752
f 845/1355/719 844/1358/719 850/1363/752
f 844/1358/719 843/1357/719 852/1362/752 850/1363/752
f 852/1362/752 851/1361/761 855/1347/755 853/1340/752
f 973/1364/752 850/1363/752 854/1339/752 978/1343/752
f 850/1363/752 852/1362/752 853/1340/752 854/1339/752
f 814/1365/762 855/1347/755 851/1361/761 812/1366/763
f 863/1367/719 860/1368/719 859/1369/764 858/1370/765
f 862/1371/766 861/1372/719 857/1373/765 856/1374/767
f 861/1372/719 863/1367/719 858/1370/765 857/1373/765
f 879/1375/719 880/1376/719 863/1367/719 861/1372/719
f 883/1377/766 879/1375/719 861/1372/719 862/1371/766
f 880/1376/719 878/1378/768 860/1368/719 863/1367/719
f 896/1320/739 817/1319/738 864/1322/740 898/1321/719
f 886/1379/769 865/1380/770 820/1381/771 887/1382/772
f 835/1341/753 836/1348/756 868/1383/773 869/1384/753
f 953/1344/754 838/1342/753 866/1385/753 867/1386/774
f 838/1342/753 835/1341/753 869/1384/753 866/1385/753
f 869/1384/753 868/1383/773 870/1387/775 871/1388/719
f 867/1386/774 866/1385/753 872/1389/719 873/1390/776
f 866/1385/753 869/1384/753 871/1388/719 872/1389/719
f 871/1388/719 870/1387/775 874/1391/777 875/1392/719
f 873/1390/776 872/1389/719 876/1393/719 877/1394/766
f 872/1389/719 871/1388/719 875/1392/719 876/1393/719
f 875/1392/719 874/1391/777 878/1378/768 880/1376/719
f 877/1394/766 876/1393/719 879/1375/719 883/1377/766
f 876/1393/719 875/1392/719 880/1376/719 879/1375/719
f 902/1395/778 901/1396/779 882/1397/780 881/1398/781
f 818/1399/782 874/1391/777 870/1387/775 816/1400/783
f 868/1383/773 836/1348/756 884/1401/784 885/1402/785
f 860/1368/719 886/1379/769 887/1382/772 859/1369/764
f 886/1379/769 860/1368/719 888/1403/786 890/1404/787
f 860/1368/719 878/1378/768 889/1405/788 888/1403/786
f 818/1399/782 896/1320/739 898/1321/719 865/1380/770
f 865/1380/770 898/1321/719 897/1324/742 820/1381/771
f 816/1400/783 895/1318/737 896/1320/739 818/1399/782
f 814/1365/762 894/1316/735 895/1318/737 816/1400/783
f 812/1366/763 893/1314/733 894/1316/735 814/1365/762
f 808/1302/724 892/1308/728 893/1314/733 812/1366/763
f 795/1312/731 892/1308/728 891/1309/720 796/1406/789
f 881/1398/781 882/1397/780 899/1407/790 1022/1408/719
f 1022/1408/719 899/1407/790 900/1409/791 1024/1410/792
f 881/1398/781 1022/1408/719 1027/1411/793 1026/1412/794
f 897/1324/742 819/1323/741 901/1396/779 902/1395/778
f 1030/1413/795 1032/1414/719 904/1415/796 905/1416/797
f 1032/1414/719 1035/1417/719 907/1418/798 904/1415/796
f 904/1415/796 903/1419/799 902/1420/778 905/1416/797
f 1035/1417/719 1038/1421/800 908/1422/801 907/1418/798
f 907/1418/798 906/1423/802 904/1415/796
f 913/1424/803 914/1425/720 912/1294/720 910/1293/719
f 916/1426/804 915/1427/720 914/1425/720 913/1424/803
f 918/1428/805 917/1429/720 915/1427/720 916/1426/804
f 920/1430/806 919/1431/720 917/1429/720 918/1428/805
f 925/1432/807 924/1433/720 919/1431/720 920/1430/806
f 910/1293/719 921/1305/719 922/1434/808 913/1424/803
f 916/1426/804 945/1435/809 923/1436/810 918/1428/805
f 1015/1437/811 1014/1438/720 924/1433/720 925/1432/807
f 920/1430/806 926/1439/812 927/1440/813 925/1432/807
f 1015/1437/811 1016/1441/814 928/1442/815 909/1443/816
f 1016/1441/814 1017/1444/817 930/1445/818 928/1442/815
f 1017/1444/817 1018/1446/819 932/1447/820 930/1445/818
f 1018/1446/819 1019/1448/821 934/1449/822 932/1447/820
f 1021/1450/719 1020/1451/823 936/1452/824 987/1453/825
f 938/1454/826 946/1455/827 940/1456/828 939/1457/829
f 941/1458/830 943/1459/831 944/1460/832 942/1461/833
f 943/1459/831 922/1434/808 948/1462/719
f 921/1305/719 947/1334/719 948/1462/719 922/1434/808
f 926/1439/812 950/1463/719 951/1464/834 927/1440/813
f 945/1435/809 944/1460/832 952/1465/719
f 926/1439/812 940/1456/828 950/1463/719
f 943/1459/831 948/1462/719 952/1465/719 944/1460/832
f 946/1455/827 949/1466/719 950/1463/719 940/1456/828
f 946/1455/827 923/1436/810 949/1466/719
f 945/1435/809 952/1465/719 949/1466/719 923/1436/810
f 976/1467/752 957/1468/835 954/1469/835 975/1470/752
f 978/1343/752 953/1344/754 957/1468/835 976/1467/752
f 947/1334/719 960/1346/719 959/1471/719 948/1462/719
f 975/1470/752 954/1469/835 955/1472/836 977/1473/837
f 950/1463/719 962/1474/719 961/1475/838 951/1464/834
f 949/1466/719 956/1476/719 962/1474/719 950/1463/719
f 948/1462/719 959/1471/719 958/1477/719 952/1465/719
f 952/1465/719 958/1477/719 956/1476/719 949/1466/719
f 962/1474/719 968/1478/719 967/1479/839 961/1475/838
f 960/1346/719 963/1356/719 966/1480/719 959/1471/719
f 956/1476/719 964/1481/719 968/1478/719 962/1474/719
f 959/1471/719 966/1480/719 965/1482/719 958/1477/719
f 958/1477/719 965/1482/719 964/1481/719 956/1476/719
f 967/1479/839 970/1483/840 969/1484/841 961/1475/838
f 968/1478/719 974/1485/752 972/1486/842 967/1479/839
f 963/1356/719 973/1364/752 971/1487/752 966/1480/719
f 964/1481/719 974/1485/752 968/1478/719
f 966/1480/719 971/1487/752 965/1482/719
f 965/1482/719 971/1487/752 974/1485/752 964/1481/719
f 974/1485/752 975/1470/752 977/1473/837 972/1486/842
f 973/1364/752 978/1343/752 976/1467/752 971/1487/752
f 971/1487/752 976/1467/752 975/1470/752 974/1485/752
f 931/1488/843 929/1489/844 972/1486/842 977/1473/837
f 986/1490/719 981/1491/845 982/1492/846 983/1493/719
f 985/1494/847 979/1495/848 980/1496/845 984/1497/719
f 984/1497/719 980/1496/845 981/1491/845 986/1490/719
f 1002/1498/719 984/1497/719 986/1490/719 1003/1499/719
f 1006/1500/847 985/1494/847 984/1497/719 1002/1498/719
f 1003/1499/719 986/1490/719 983/1493/719 1001/1501/849
f 1019/1448/821 1021/1450/719 987/1453/825 934/1449/822
f 1009/1502/850 1010/1503/851 937/1504/852 988/1505/853
f 954/1469/835 992/1506/835 991/1507/854 955/1472/836
f 953/1344/754 990/1508/855 989/1509/835 957/1468/835
f 957/1468/835 989/1509/835 992/1506/835 954/1469/835
f 992/1506/835 994/1510/719 993/1511/856 991/1507/854
f 990/1508/855 996/1512/857 995/1513/719 989/1509/835
f 989/1509/835 995/1513/719 994/1510/719 992/1506/835
f 994/1510/719 998/1514/719 997/1515/858 993/1511/856
f 996/1512/857 1000/1516/847 999/1517/719 995/1513/719
f 995/1513/719 999/1517/719 998/1514/719 994/1510/719
f 998/1514/719 1003/1499/719 1001/1501/849 997/1515/858
f 1000/1516/847 1006/1500/847 1002/1498/719 999/1517/719
f 999/1517/719 1002/1498/719 1003/1499/719 998/1514/719
f 1029/1518/859 1004/1519/860 1005/1520/861 1028/1521/862
f 935/1522/863 933/1523/864 993/1511/856 997/1515/858
f 991/1507/854 1008/1524/865 1007/1525/866 955/1472/836
f 983/1493/719 982/1492/846 1010/1503/851 1009/1502/850
f 1009/1502/850 1013/1526/867 1011/1527/868 983/1493/719
f 983/1493/719 1011/1527/868 1012/1528/869 1001/1501/849
f 935/1522/863 988/1505/853 1021/1450/719 1019/1448/821
f 988/1505/853 937/1504/852 1020/1451/823 1021/1450/719
f 933/1523/864 935/1522/863 1019/1448/821 1018/1446/819
f 931/1488/843 933/1523/864 1018/1446/819 1017/1444/817
f 929/1489/844 931/1488/843 1017/1444/817 1016/1441/814
f 925/1432/807 929/1489/844 1016/1441/814 1015/1437/811
f 909/1443/816 911/1529/870 1014/1438/720 1015/1437/811
f 1004/1519/860 1022/1408/719 1023/1530/871 1005/1520/861
f 1022/1408/719 1024/1410/792 1025/1531/872 1023/1530/871
f 1004/1519/860 1026/1412/794 1027/1411/793 1022/1408/719
f 1020/1451/823 1029/1518/859 1028/1521/862 936/1452/824
f 1030/1413/795 1034/1532/873 1033/1533/874 1032/1414/719
f 1032/1414/719 1033/1533/874 1037/1534/875 1035/1417/719
f 1033/1533/874 1034/1532/873 1029/1535/859 1031/1536/876
f 1035/1417/719 1037/1534/875 1039/1537/877 1038/1421/800
f 1037/1534/875 1033/1533/874 1036/1538/878
f 1042/1539/879 1043/1540/880 1157/1541/880 1155/1542/881
f 1045/1543/882 1044/1544/880 1043/1540/880 1042/1539/879
f 1047/1545/883 1046/1546/880 1044/1544/880 1045/1543/882
f 1049/1547/884 1048/1548/880 1046/1546/880 1047/1545/883
f 1053/1549/885 1052/1550/880 1048/1548/880 1049/1547/884
f 1155/1542/881 1166/1551/881 1050/1552/886 1042/1539/879
f 1045/1543/882 1073/1553/887 1051/1554/888 1047/1545/883
f 1137/1555/889 1136/1556/880 1052/1550/880 1053/1549/885
f 1049/1547/884 1054/1557/890 1055/1558/891 1053/1549/885
f 1137/1555/889 1138/1559/892 1056/1560/893 1040/1561/894
f 1138/1559/892 1139/1562/895 1058/1563/896 1056/1560/893
f 1139/1562/895 1140/1564/897 1060/1565/898 1058/1563/896
f 1140/1564/897 1141/1566/899 1062/1567/900 1060/1565/898
f 1143/1568/881 1142/1569/901 1064/1570/902 1109/1571/903
f 1066/1572/904 1074/1573/905 1068/1574/906 1067/1575/907
f 1069/1576/908 1071/1577/909 1072/1578/910 1070/1579/911
f 1071/1577/909 1050/1552/886 1075/1580/881
f 1166/1551/881 1192/1581/881 1075/1580/881 1050/1552/886
f 1054/1557/890 1077/1582/881 1078/1583/912 1055/1558/891
f 1073/1553/887 1072/1578/910 1079/1584/881
f 1054/1557/890 1068/1574/906 1077/1582/881
f 1071/1577/909 1075/1580/881 1079/1584/881 1072/1578/910
f 1074/1573/905 1076/1585/881 1077/1582/881 1068/1574/906
f 1074/1573/905 1051/1554/888 1076/1585/881
f 1073/1553/887 1079/1584/881 1076/1585/881 1051/1554/888
f 1099/1586/913 1083/1587/914 1080/1588/914 1098/1589/913
f 1223/1590/913 1198/1591/915 1083/1587/914 1099/1586/913
f 1192/1581/881 1205/1592/881 1085/1593/881 1075/1580/881
f 1098/1589/913 1080/1588/914 1081/1594/916 1100/1595/917
f 1077/1582/881 1087/1596/881 1086/1597/918 1078/1583/912
f 1076/1585/881 1082/1598/881 1087/1596/881 1077/1582/881
f 1075/1580/881 1085/1593/881 1084/1599/881 1079/1584/881
f 1079/1584/881 1084/1599/881 1082/1598/881 1076/1585/881
f 1087/1596/881 1092/1600/881 1091/1601/919 1086/1597/918
f 1205/1592/881 1208/1602/881 1090/1603/881 1085/1593/881
f 1082/1598/881 1088/1604/881 1092/1600/881 1087/1596/881
f 1085/1593/881 1090/1603/881 1089/1605/881 1084/1599/881
f 1084/1599/881 1089/1605/881 1088/1604/881 1082/1598/881
f 1091/1606/919 1094/1607/920 1093/1608/921 1086/1609/918
f 1092/1600/881 1097/1610/913 1096/1611/922 1091/1601/919
f 1208/1602/881 1218/1612/913 1095/1613/913 1090/1603/881
f 1088/1604/881 1097/1610/913 1092/1600/881
f 1090/1603/881 1095/1613/913 1089/1605/881
f 1089/1605/881 1095/1613/913 1097/1610/913 1088/1604/881
f 1097/1610/913 1098/1589/913 1100/1595/917 1096/1611/922
f 1218/1612/913 1223/1590/913 1099/1586/913 1095/1613/913
f 1095/1613/913 1099/1586/913 1098/1589/913 1097/1610/913
f 1059/1614/923 1057/1615/924 1096/1611/922 1100/1595/917
f 1108/1616/881 1103/1617/925 1104/1618/926 1105/1619/881
f 1107/1620/927 1101/1621/928 1102/1622/925 1106/1623/881
f 1106/1623/881 1102/1622/925 1103/1617/925 1108/1616/881
f 1124/1624/881 1106/1623/881 1108/1616/881 1125/1625/881
f 1128/1626/927 1107/1620/927 1106/1623/881 1124/1624/881
f 1125/1625/881 1108/1616/881 1105/1619/881 1123/1627/929
f 1141/1566/899 1143/1568/881 1109/1571/903 1062/1567/900
f 1131/1628/930 1132/1629/931 1065/1630/932 1110/1631/933
f 1080/1588/914 1114/1632/914 1113/1633/934 1081/1594/916
f 1198/1591/915 1112/1634/935 1111/1635/914 1083/1587/914
f 1083/1587/914 1111/1635/914 1114/1632/914 1080/1588/914
f 1114/1632/914 1116/1636/881 1115/1637/936 1113/1633/934
f 1112/1634/935 1118/1638/937 1117/1639/881 1111/1635/914
f 1111/1635/914 1117/1639/881 1116/1636/881 1114/1632/914
f 1116/1636/881 1120/1640/881 1119/1641/938 1115/1637/936
f 1118/1638/937 1122/1642/927 1121/1643/881 1117/1639/881
f 1117/1639/881 1121/1643/881 1120/1640/881 1116/1636/881
f 1120/1640/881 1125/1625/881 1123/1627/929 1119/1641/938
f 1122/1642/927 1128/1626/927 1124/1624/881 1121/1643/881
f 1121/1643/881 1124/1624/881 1125/1625/881 1120/1640/881
f 1147/1644/939 1126/1645/940 1127/1646/941 1146/1647/942
f 1063/1648/943 1061/1649/944 1115/1637/936 1119/1641/938
f 1113/1633/934 1130/1650/945 1129/1651/946 1081/1594/916
f 1105/1619/881 1104/1618/926 1132/1629/931 1131/1628/930
f 1131/1628/930 1135/1652/947 1133/1653/948 1105/1619/881
f 1105/1619/881 1133/1653/948 1134/1654/949 1123/1627/929
f 1063/1648/943 1110/1631/933 1143/1568/881 1141/1566/899
f 1110/1631/933 1065/1630/932 1142/1569/901 1143/1568/881
f 1061/1649/944 1063/1648/943 1141/1566/899 1140/1564/897
f 1059/1614/923 1061/1649/944 1140/1564/897 1139/1562/895
f 1057/1615/924 1059/1614/923 1139/1562/895 1138/1559/892
f 1053/1549/885 1057/1615/924 1138/1559/892 1137/1555/889
f 1040/1561/894 1041/1655/950 1136/1556/880 1137/1555/889
f 1126/1645/940 1267/1656/881 1144/1657/951 1127/1646/941
f 1267/1656/881 1269/1658/952 1145/1659/953 1144/1657/951
f 1126/1645/940 1271/1660/954 1272/1661/955 1267/1656/881
f 1142/1569/901 1147/1644/939 1146/1647/942 1064/1570/902
f 1275/1662/956 1150/1663/957 1149/1664/958 1277/1665/881
f 1277/1665/881 1149/1664/958 1152/1666/959 1280/1667/881
f 1149/1664/958 1150/1663/957 1147/1668/939 1148/1669/960
f 1280/1667/881 1152/1666/959 1153/1670/961 1283/1671/962
f 1152/1666/959 1149/1664/958 1151/1672/963
f 1158/1673/964 1155/1542/881 1157/1541/880 1159/1674/880
f 1161/1675/965 1158/1673/964 1159/1674/880 1160/1676/880
f 1163/1677/966 1161/1675/965 1160/1676/880 1162/1678/880
f 1165/1679/967 1163/1677/966 1162/1678/880 1164/1680/880
f 1170/1681/968 1165/1679/967 1164/1680/880 1169/1682/880
f 1155/1542/881 1158/1673/964 1167/1683/969 1166/1551/881
f 1161/1675/965 1163/1677/966 1168/1684/970 1190/1685/971
f 1260/1686/972 1170/1681/968 1169/1682/880 1259/1687/880
f 1165/1679/967 1170/1681/968 1172/1688/973 1171/1689/974
f 1260/1686/972 1154/1690/975 1173/1691/976 1261/1692/977
f 1261/1692/977 1173/1691/976 1175/1693/978 1262/1694/979
f 1262/1694/979 1175/1693/978 1177/1695/980 1263/1696/981
f 1263/1696/981 1177/1695/980 1179/1697/982 1264/1698/983
f 1266/1699/881 1232/1700/984 1181/1701/985 1265/1702/986
f 1183/1703/987 1184/1704/988 1185/1705/989 1191/1706/990
f 1186/1707/991 1187/1708/992 1189/1709/993 1188/1710/994
f 1188/1710/994 1193/1711/881 1167/1683/969
f 1166/1551/881 1167/1683/969 1193/1711/881 1192/1581/881
f 1171/1689/974 1172/1688/973 1196/1712/995 1195/1713/881
f 1190/1685/971 1197/1714/881 1189/1709/993
f 1171/1689/974 1195/1713/881 1185/1705/989
f 1188/1710/994 1189/1709/993 1197/1714/881 1193/1711/881
f 1191/1706/990 1185/1705/989 1195/1713/881 1194/1715/881
f 1191/1706/990 1194/1715/881 1168/1684/970
f 1190/1685/971 1168/1684/970 1194/1715/881 1197/1714/881
f 1221/1716/913 1220/1717/913 1199/1718/996 1202/1719/996
f 1223/1590/913 1221/1716/913 1202/1719/996 1198/1591/915
f 1192/1581/881 1193/1711/881 1204/1720/881 1205/1592/881
f 1220/1717/913 1222/1721/997 1200/1722/998 1199/1718/996
f 1195/1713/881 1196/1712/995 1206/1723/999 1207/1724/881
f 1194/1715/881 1195/1713/881 1207/1724/881 1201/1725/881
f 1193/1711/881 1197/1714/881 1203/1726/881 1204/1720/881
f 1197/1714/881 1194/1715/881 1201/1725/881 1203/1726/881
f 1207/1724/881 1206/1723/999 1212/1727/1000 1213/1728/881
f 1205/1592/881 1204/1720/881 1211/1729/881 1208/1602/881
f 1201/1725/881 1207/1724/881 1213/1728/881 1209/1730/881
f 1204/1720/881 1203/1726/881 1210/1731/881 1211/1729/881
f 1203/1726/881 1201/1725/881 1209/1730/881 1210/1731/881
f 1212/1727/1000 1206/1723/999 1214/1732/1001 1215/1733/1002
f 1213/1728/881 1212/1727/1000 1217/1734/1003 1219/1735/913
f 1208/1602/881 1211/1729/881 1216/1736/913 1218/1612/913
f 1209/1730/881 1213/1728/881 1219/1735/913
f 1211/1729/881 1210/1731/881 1216/1736/913
f 1210/1731/881 1209/1730/881 1219/1735/913 1216/1736/913
f 1219/1735/913 1217/1734/1003 1222/1721/997 1220/1717/913
f 1218/1612/913 1216/1736/913 1221/1716/913 1223/1590/913
f 1216/1736/913 1219/1735/913 1220/1717/913 1221/1716/913
f 1176/1737/1004 1222/1721/997 1217/1734/1003 1174/1738/1005
f 1231/1739/881 1228/1740/881 1227/1741/1006 1226/1742/1007
f 1230/1743/1008 1229/1744/881 1225/1745/1007 1224/1746/1009
f 1229/1744/881 1231/1739/881 1226/1742/1007 1225/1745/1007
f 1247/1747/881 1248/1748/881 1231/1739/881 1229/1744/881
f 1251/1749/1008 1247/1747/881 1229/1744/881 1230/1743/1008
f 1248/1748/881 1246/1750/1010 1228/1740/881 1231/1739/881
f 1264/1698/983 1179/1697/982 1232/1700/984 1266/1699/881
f 1254/1751/1011 1233/1752/1012 1182/1753/1013 1255/1754/1014
f 1199/1718/996 1200/1722/998 1236/1755/1015 1237/1756/996
f 1198/1591/915 1202/1719/996 1234/1757/996 1235/1758/1016
f 1202/1719/996 1199/1718/996 1237/1756/996 1234/1757/996
f 1237/1756/996 1236/1755/1015 1238/1759/1017 1239/1760/881
f 1235/1758/1016 1234/1757/996 1240/1761/881 1241/1762/1018
f 1234/1757/996 1237/1756/996 1239/1760/881 1240/1761/881
f 1239/1760/881 1238/1759/1017 1242/1763/1019 1243/1764/881
f 1241/1762/1018 1240/1761/881 1244/1765/881 1245/1766/1008
f 1240/1761/881 1239/1760/881 1243/1764/881 1244/1765/881
f 1243/1764/881 1242/1763/1019 1246/1750/1010 1248/1748/881
f 1245/1766/1008 1244/1765/881 1247/1747/881 1251/1749/1008
f 1244/1765/881 1243/1764/881 1248/1748/881 1247/1747/881
f 1274/1767/1020 1273/1768/1021 1250/1769/1022 1249/1770/1023
f 1180/1771/1024 1242/1763/1019 1238/1759/1017 1178/1772/1025
f 1236/1755/1015 1200/1722/998 1252/1773/1026 1253/1774/1027
f 1228/1740/881 1254/1751/1011 1255/1754/1014 1227/1741/1006
f 1254/1751/1011 1228/1740/881 1256/1775/1028 1258/1776/1029
f 1228/1740/881 1246/1750/1010 1257/1777/1030 1256/1775/1028
f 1180/1771/1024 1264/1698/983 1266/1699/881 1233/1752/1012
f 1233/1752/1012 1266/1699/881 1265/1702/986 1182/1753/1013
f 1178/1772/1025 1263/1696/981 1264/1698/983 1180/1771/1024
f 1176/1737/1004 1262/1694/979 1263/1696/981 1178/1772/1025
f 1174/1738/1005 1261/1692/977 1262/1694/979 1176/1737/1004
f 1170/1681/968 1260/1686/972 1261/1692/977 1174/1738/1005
f 1154/1690/975 1260/1686/972 1259/1687/880 1156/1778/1031
f 1249/1770/1023 1250/1769/1022 1268/1779/1032 1267/1656/881
f 1267/1656/881 1268/1779/1032 1270/1780/1033 1269/1658/952
f 1249/1770/1023 1267/1656/881 1272/1661/955 1271/1660/954
f 1265/1702/986 1181/1701/985 1273/1768/1021 1274/1767/1020
f 1275/1662/956 1277/1665/881 1278/1781/1034 1279/1782/1035
f 1277/1665/881 1280/1667/881 1282/1783/1036 1278/1781/1034
f 1278/1781/1034 1276/1784/1037 1274/1785/1020 1279/1782/1035
f 1280/1667/881 1283/1671/962 1284/1786/1038 1282/1783/1036
f 1282/1783/1036 1281/1787/1039 1278/1781/1034
f 997/1788/858 1242/1789/1019 1180/1790/1024 935/1791/863
f 846/1792/758 1091/1793/919 1096/1794/922 851/1795/761
f 828/1796/727 1073/1797/887 1045/1798/882 800/1799/721
f 878/1800/768 1123/1801/929 1134/1802/949 889/1803/788
f 932/1804/820 1177/1805/980 1175/1806/978 930/1807/818
f 933/1808/864 1178/1809/1025 1238/1810/1017 993/1811/856
f 1026/1812/794 1271/1813/954 1126/1814/940 881/1815/781
f 807/1816/720 1052/1817/880 1136/1818/880 891/1819/720
f 931/1820/843 1176/1821/1004 1178/1822/1025 933/1823/864
f 796/1824/789 1041/1825/950 1040/1826/894 795/1827/731
f 1008/1828/865 1253/1829/1027 1252/1830/1026 1007/1831/866
f 829/1832/746 1074/1833/905 1066/1834/904 821/1835/743
f 991/1836/854 1236/1837/1015 1253/1838/1027 1008/1839/865
f 819/1840/741 1064/1841/902 1146/1842/942 901/1843/779
f 826/1844/750 805/1845/725 1050/1846/886 1071/1847/909
f 934/1848/822 1179/1849/982 1177/1805/980 932/1804/820
f 1007/1850/866 1252/1851/1026 1200/1852/998 955/1853/836
f 881/1854/781 1126/1855/940 1147/1856/939 902/1857/778
f 809/1858/730 823/1859/745 1068/1860/906 1054/1861/890
f 891/1819/720 1136/1818/880 1041/1862/950 796/1863/789
f 937/1864/852 1182/1865/1013 1265/1866/986 1020/1867/823
f 800/1868/721 1045/1869/882 1042/1870/879 797/1871/718
f 982/1872/846 1227/1873/1006 1255/1874/1014 1010/1875/851
f 1030/1876/795 905/1877/797 1150/1878/957 1275/1879/956
f 936/1880/824 1181/1881/985 1232/1882/984 987/1883/825
f 912/1884/720 1157/1885/880 1043/1886/880 798/1887/720
f 814/1888/762 1059/1889/923 1100/1890/917 855/1891/755
f 833/1892/751 1078/1893/912 1086/1894/918 841/1895/757
f 1023/1896/871 1268/1897/1032 1250/1898/1022 1005/1899/861
f 935/1900/863 1180/1901/1024 1233/1902/1012 988/1903/853
f 1011/1904/868 1256/1905/1028 1257/1906/1030 1012/1907/869
f 851/1908/761 1096/1909/922 1057/1910/924 812/1911/763
f 1024/1912/792 1269/1913/952 1270/1914/1033 1025/1915/872
f 939/1916/829 1184/1917/988 1183/1918/987 938/1919/826
f 798/1887/720 1043/1886/880 1044/1920/880 799/1921/720
f 1013/1922/867 1258/1923/1029 1256/1924/1028 1011/1925/868
f 857/1926/765 1102/1927/925 1101/1928/928 856/1929/767
f 902/1930/778 903/1931/799 1148/1932/960 1147/1933/939
f 970/1934/840 1215/1935/1002 1214/1936/1001 969/1937/841
f 1025/1938/872 1270/1939/1033 1268/1897/1032 1023/1896/871
f 940/1940/828 1185/1941/989 1184/1942/988 939/1943/829
f 1009/1944/850 1254/1945/1011 1258/1946/1029 1013/1947/867
f 903/1948/799 904/1949/796 1149/1950/958 1148/1951/960
f 967/1952/839 1212/1953/1000 1215/1954/1002 970/1955/840
f 1004/1956/860 1249/1957/1023 1271/1958/954 1026/1959/794
f 942/1960/833 1187/1961/992 1186/1962/991 941/1963/830
f 867/1964/774 1112/1965/935 1198/1966/915 953/1967/754
f 905/1968/797 902/1969/778 1147/1970/939 1150/1971/957
f 969/1972/841 1214/1973/1001 1206/1974/999 961/1975/838
f 1028/1976/862 1273/1977/1021 1181/1881/985 936/1880/824
f 799/1921/720 1044/1920/880 1046/1978/880 801/1979/720
f 1012/1980/869 1257/1981/1030 1246/1982/1010 1001/1983/849
f 1029/1984/859 1274/1985/1020 1249/1986/1023 1004/1987/860
f 944/1988/832 1189/1989/993 1187/1990/992 942/1991/833
f 804/1992/723 1049/1993/884 1047/1994/883 802/1995/722
f 1014/1996/720 1259/1997/880 1169/1998/880 924/1999/720
f 972/2000/842 1217/2001/1003 1212/2002/1000 967/2003/839
f 810/2004/729 1055/2005/891 1078/2006/912 833/2007/751
f 941/2008/830 1186/2009/991 1188/2010/994 943/2011/831
f 1034/2012/873 1030/2013/795 1275/2014/956 1279/2015/1035
f 944/2016/832 945/2017/809 1190/2018/971 1189/2019/993
f 801/1979/720 1046/1978/880 1048/2020/880 803/2021/720
f 856/2022/767 1101/2023/928 1107/2024/927 862/2025/766
f 904/2026/796 906/2027/802 1151/2028/963 1149/2029/958
f 923/2030/810 946/2031/827 1191/2032/990 1168/2033/970
f 906/2034/802 907/2035/798 1152/2036/959 1151/2037/963
f 1031/2038/876 1029/2039/859 1274/2040/1020 1276/2041/1037
f 859/2042/764 1104/2043/926 1103/2044/925 858/2045/765
f 1033/2046/874 1031/2047/876 1276/2048/1037 1278/2049/1034
f 858/2050/765 1103/2051/925 1102/2052/925 857/2053/765
f 916/2054/804 1161/2055/965 1190/2056/971 945/2057/809
f 817/2058/738 1062/2059/900 1109/2060/903 864/2061/740
f 908/2062/801 1038/2063/800 1283/2064/962 1153/2065/961
f 977/2066/837 1222/2067/997 1176/2068/1004 931/2069/843
f 1029/2070/859 1034/2071/873 1279/2072/1035 1274/2073/1020
f 797/2074/718 1042/2075/879 1050/2076/886 805/2077/725
f 929/2078/844 1174/2079/1005 1217/2080/1003 972/2081/842
f 938/2082/826 1183/2083/987 1191/2084/990 946/2085/827
f 907/2086/798 908/2087/801 1153/2088/961 1152/2089/959
f 979/2090/848 1224/2091/1009 1225/2092/1007 980/2093/845
f 922/2094/808 943/2095/831 1188/2096/994 1167/2097/969
f 802/2098/722 1047/2099/883 1051/2100/888 806/2101/726
f 886/2102/769 1131/2103/930 1110/2104/933 865/2105/770
f 909/2106/816 1154/2107/975 1156/2108/1031 911/2109/870
f 1036/2110/878 1033/2111/874 1278/2112/1034 1281/2113/1039
f 902/2114/778 1147/2115/939 1142/2116/901 897/2117/742
f 940/2118/828 926/2119/812 1171/2120/974 1185/2121/989
f 803/2021/720 1048/2020/880 1052/1817/880 807/1816/720
f 820/2122/771 1065/2123/932 1132/2124/931 887/2125/772
f 953/2126/754 1198/2127/915 1235/2128/1016 990/2129/855
f 1037/2130/875 1036/2131/878 1281/2132/1039 1282/2133/1036
f 911/2134/870 1156/2135/1031 1259/1997/880 1014/1996/720
f 873/2136/776 1118/2137/937 1112/2138/935 867/2139/774
f 913/2140/803 1158/2141/964 1161/2142/965 916/2143/804
f 1038/2144/800 1039/2145/877 1284/2146/1038 1283/2147/962
f 961/2148/838 1206/2149/999 1196/2150/995 951/2151/834
f 914/2152/720 1159/2153/880 1157/1885/880 912/1884/720
f 1039/2154/877 1037/2155/875 1282/2156/1036 1284/2157/1038
f 808/2158/724 1053/2159/885 1055/2160/891 810/2161/729
f 985/2162/847 1230/2163/1008 1224/2164/1009 979/2165/848
f 855/2166/755 1100/2167/917 1081/2168/916 836/2169/756
f 809/2170/730 1054/2171/890 1049/2172/884 804/2173/723
f 868/2174/773 1113/2175/934 1115/2176/936 870/2177/775
f 915/2178/720 1160/2179/880 1159/2153/880 914/2152/720
f 981/2180/845 1226/2181/1007 1227/2182/1006 982/2183/846
f 795/1827/731 1040/1826/894 1056/2184/893 811/2185/732
f 980/2186/845 1225/2187/1007 1226/2188/1007 981/2189/845
f 877/2190/766 1122/2191/927 1118/2192/937 873/2193/776
f 987/1883/825 1232/1882/984 1179/1849/982 934/1848/822
f 951/2194/834 1196/2195/995 1172/2196/973 927/2197/813
f 812/2198/763 1057/2199/924 1053/2200/885 808/2201/724
f 917/2202/720 1162/2203/880 1160/2179/880 915/2178/720
f 918/2204/805 1163/2205/966 1165/2206/967 920/2207/806
f 811/2185/732 1056/2184/893 1058/2208/896 813/2209/734
f 988/2210/853 1233/2211/1012 1254/2212/1011 1009/2213/850
f 1020/2214/823 1265/2215/986 1274/2216/1020 1029/2217/859
f 883/2218/766 1128/2219/927 1122/2220/927 877/2221/766
f 919/2222/720 1164/2223/880 1162/2203/880 917/2202/720
f 1010/2224/851 1255/2225/1014 1182/2226/1013 937/2227/852
f 813/2209/734 1058/2208/896 1060/2228/898 815/2229/736
f 874/2230/777 1119/2231/938 1123/2232/929 878/2233/768
f 990/2234/855 1235/2235/1016 1241/2236/1018 996/2237/857
f 816/2238/783 1061/2239/944 1059/2240/923 814/2241/762
f 862/2242/766 1107/2243/927 1128/2244/927 883/2245/766
f 922/2246/808 1167/2247/969 1158/2248/964 913/2249/803
f 815/2229/736 1060/2228/898 1062/2059/900 817/2058/738
f 923/2250/810 1168/2251/970 1163/2252/966 918/2253/805
f 993/2254/856 1238/2255/1017 1236/2256/1015 991/2257/854
f 901/1843/779 1146/1842/942 1127/2258/941 882/2259/780
f 924/1999/720 1169/1998/880 1164/2223/880 919/2222/720
f 897/2260/742 1142/2261/901 1065/2262/932 820/2263/771
f 818/2264/782 1063/2265/943 1119/2266/938 874/2267/777
f 996/2268/857 1241/2269/1018 1245/2270/1008 1000/2271/847
f 955/2272/836 1200/2273/998 1222/2274/997 977/2275/837
f 864/2061/740 1109/2060/903 1064/1841/902 819/1840/741
f 870/2276/775 1115/2277/936 1061/2278/944 816/2279/783
f 865/2280/770 1110/2281/933 1063/2282/943 818/2283/782
f 884/2284/784 1129/2285/946 1130/2286/945 885/2287/785
f 821/2288/743 1066/2289/904 1067/2290/907 822/2291/744
f 885/2292/785 1130/2293/945 1113/2294/934 868/2295/773
f 927/2296/813 1172/2297/973 1170/2298/968 925/2299/807
f 822/2300/744 1067/2301/907 1068/2302/906 823/2303/745
f 836/2304/756 1081/2305/916 1129/2306/946 884/2307/784
f 920/2308/806 1165/2309/967 1171/2310/974 926/2311/812
f 1000/2312/847 1245/2313/1008 1251/2314/1008 1006/2315/847
f 824/2316/747 1069/2317/908 1070/2318/911 825/2319/748
f 887/2320/772 1132/2321/931 1104/2322/926 859/2323/764
f 928/2324/815 1173/2325/976 1154/2107/975 909/2106/816
f 1001/2326/849 1246/2327/1010 1242/2328/1019 997/2329/858
f 825/2330/748 1070/2331/911 1072/2332/910 827/2333/749
f 925/2334/807 1170/2335/968 1174/2336/1005 929/2337/844
f 848/2338/759 1093/2339/921 1094/2340/920 849/2341/760
f 882/2259/780 1127/2258/941 1144/2342/951 899/2343/790
f 826/2344/750 1071/2345/909 1069/2346/908 824/2347/747
f 889/2348/788 1134/2349/949 1133/2350/948 888/2351/786
f 1006/2352/847 1251/2353/1008 1230/2354/1008 985/2355/847
f 849/2356/760 1094/2357/920 1091/2358/919 846/2359/758
f 900/2360/791 1145/2361/953 1269/2362/952 1024/2363/792
f 828/2364/727 827/2365/749 1072/2366/910 1073/2367/887
f 888/2368/786 1133/2369/948 1135/2370/947 890/2371/787
f 930/1807/818 1175/1806/978 1173/2325/976 928/2324/815
f 841/2372/757 1086/2373/918 1093/2374/921 848/2375/759
f 829/2376/746 806/2377/726 1051/2378/888 1074/2379/905
f 890/2380/787 1135/2381/947 1131/2382/930 886/2383/769
f 1005/1899/861 1250/1898/1022 1273/1977/1021 1028/1976/862
f 899/2343/790 1144/2342/951 1145/2384/953 900/2385/791
o Plane.002_Plane.013
v -2.210347 -3.275974 0.932166
v -2.270868 -3.371339 0.967572
v -1.256085 -3.275974 -0.720664
v -1.286145 -3.371339 -0.738019
v -1.447760 -3.371339 -0.458094
v -1.417700 -3.275974 -0.440739
v -1.559575 -3.371339 -0.264425
v -1.529515 -3.275974 -0.247070
v -1.778218 -3.371339 0.114276
v -1.748158 -3.275974 0.131631
v -1.022845 -2.652436 -0.670749
v -1.058626 -2.575078 -0.552463
v -2.125772 -3.371339 0.716258
v -2.095712 -3.275974 0.733614
v -1.061080 -2.489849 -0.486170
v -1.063021 -2.416745 -0.429593
v -1.874952 -2.741655 0.740198
v -1.786067 -2.805907 0.545951
v -1.781704 -2.588992 0.689817
v -1.629493 -2.531426 0.454957
v -1.501871 -2.132870 0.537161
v -1.407437 -2.191537 0.336950
v -1.406157 -1.975966 0.485597
v -1.291523 -1.975966 0.287044
v -0.889920 -1.157694 0.187101
v -0.769078 -1.142970 -0.011486
v -1.534882 -3.222329 -0.198724
v -1.659171 -3.220357 0.017987
v -1.060292 -2.504894 -0.498488
v -1.262201 -3.221376 -0.670326
v -1.349499 -3.224953 -0.521727
v -1.028234 -2.646623 -0.657183
v -1.039567 -2.622902 -0.620287
v -1.043044 -2.613903 -0.607715
v -1.059469 -2.558718 -0.539093
v -0.923782 -2.346340 -0.619512
v -0.969913 -2.346340 -0.539611
v -0.988158 -2.346340 -0.508010
v -1.009653 -2.346340 -0.470779
v -0.943594 -2.346340 -0.585196
v -0.841388 -1.917404 -0.455975
v -0.881128 -1.917404 -0.387143
v -0.963403 -2.325686 -0.535852
v -0.815069 -1.917404 -0.501560
v -0.937084 -2.325686 -0.581437
v -0.917272 -2.325686 -0.615753
v -1.003142 -2.325686 -0.467021
v -0.981647 -2.325686 -0.504251
v -0.887057 -2.083480 -0.491774
v -0.860739 -2.083480 -0.537359
v -0.840926 -2.083480 -0.571675
v -0.926797 -2.083480 -0.422943
v -0.905302 -2.083480 -0.460173
v -1.997943 -3.169579 0.655799
v -1.777406 -2.842042 0.503155
v -0.847576 -2.041720 -0.529760
v -0.913635 -2.041720 -0.415343
v -0.873895 -2.041720 -0.484175
v -0.846218 -1.945685 -0.468196
v -0.819900 -1.945685 -0.513781
v -0.885958 -1.945685 -0.399364
v -0.586636 -1.111228 -0.304379
v -0.625331 -1.117727 -0.242088
v -0.652998 -1.122374 -0.197550
v -0.694774 -1.129390 -0.130299
v -0.717149 -1.230262 -0.164973
v -0.648170 -1.220199 -0.277122
v -0.609734 -1.214591 -0.339614
v -0.675652 -1.224208 -0.232440
v -0.948896 -1.250810 0.221468
v -0.828704 -1.237628 0.022884
v -0.732704 -1.600466 -0.407517
v -0.695275 -1.598329 -0.470791
v -0.799876 -1.604302 -0.293964
v -0.759467 -1.601995 -0.362276
v -0.794118 -1.577258 -0.284250
v -0.753582 -1.574512 -0.352463
v -0.726736 -1.572694 -0.397638
v -0.689188 -1.570151 -0.460821
v -0.773710 -1.485250 -0.252623
v -0.732919 -1.481628 -0.320638
v -0.705904 -1.479229 -0.365683
v -0.668121 -1.475873 -0.428682
v -0.765340 -1.447518 -0.239653
v -0.697361 -1.440898 -0.352578
v -0.724444 -1.443536 -0.307587
v -0.363397 -0.375375 -0.155383
v -0.397565 -0.379538 -0.099233
v -0.659481 -1.437209 -0.415502
v -1.544775 -2.436350 0.390558
v -1.403263 -2.230494 0.295302
v -0.805026 -1.236065 -0.016990
v -0.753306 -1.140087 -0.036705
v -1.132483 -1.762056 0.167292
v -1.168806 -1.822814 0.185977
v -1.083324 -1.679828 0.142004
v -2.229843 -3.371339 0.896513
v -2.177934 -3.275974 0.876026
v -1.842540 -2.741655 0.684058
v -1.749292 -2.588992 0.633677
v -1.469458 -2.132870 0.481020
v -1.373745 -1.975966 0.429457
v -0.855752 -1.153531 0.130951
v -0.914912 -1.247083 0.165319
v -0.202337 -0.057250 -0.202771
v -0.183954 -0.027565 -0.213002
v -0.414240 -0.405892 -0.089536
v -0.380072 -0.401729 -0.145686
v -0.563936 -0.721985 -0.060351
v -0.399638 -0.584361 -0.244740
v -0.337832 -0.406142 -0.222059
v -0.802200 -1.103396 0.074691
v -0.556950 -1.059089 -0.317843
v -0.603202 -1.294708 -0.409248
v -0.189043 -3.275974 -2.568836
v -1.199695 -3.275974 -0.818335
v -0.188641 -3.371339 -2.638952
v -1.229755 -3.371339 -0.835690
v -1.143304 -3.275974 -0.916006
v -1.173364 -3.371339 -0.933361
v -1.011749 -3.371339 -1.213286
v -0.981690 -3.275974 -1.195931
v -0.899934 -3.371339 -1.406955
v -0.869875 -3.275974 -1.389600
v -0.681292 -3.371339 -1.785656
v -0.651232 -3.275974 -1.768301
v -1.003097 -2.652266 -0.704830
v -0.983457 -2.652436 -0.738972
v -0.898908 -2.575078 -0.829102
v -0.333737 -3.371339 -2.387639
v -0.303677 -3.275974 -2.370284
v -0.842724 -2.489849 -0.864374
v -0.794697 -2.416745 -0.894344
v -0.187594 -2.741655 -2.182392
v -0.311375 -2.805907 -2.008292
v -0.184602 -2.588992 -2.076446
v -0.311891 -2.531426 -1.827197
v -0.176889 -2.132870 -1.757775
v -0.303060 -2.191537 -1.575888
v -0.173688 -1.975966 -1.649103
v -0.288322 -1.975966 -1.450551
v -0.174075 -1.157694 -1.052781
v -0.285635 -1.142970 -0.848834
v -0.830689 -3.222329 -1.418421
v -0.705157 -3.220357 -1.634414
v -0.852998 -2.504894 -0.857532
v -1.102769 -3.221376 -0.946472
v -1.017726 -3.224953 -1.096373
v -0.974403 -2.646623 -0.750422
v -0.948116 -2.622902 -0.778685
v -0.938967 -2.613903 -0.787982
v -0.887751 -2.558718 -0.836518
v -0.906667 -2.346340 -0.649156
v -0.889552 -2.346340 -0.678799
v -0.843422 -2.346340 -0.758700
v -0.825177 -2.346340 -0.790302
v -0.803682 -2.346340 -0.827532
v -0.869740 -2.346340 -0.713115
v -0.774058 -1.917404 -0.572594
v -0.706728 -1.917404 -0.689213
v -0.666988 -1.917404 -0.758044
v -0.836911 -2.325686 -0.754942
v -0.733047 -1.917404 -0.643627
v -0.863230 -2.325686 -0.709356
v -0.883042 -2.325686 -0.675041
v -0.900157 -2.325686 -0.645397
v -0.797171 -2.325686 -0.823773
v -0.818666 -2.325686 -0.786543
v -0.823812 -2.083480 -0.601319
v -0.760566 -2.083480 -0.710864
v -0.786885 -2.083480 -0.665279
v -0.806697 -2.083480 -0.630963
v -0.720826 -2.083480 -0.779695
v -0.742321 -2.083480 -0.742465
v -0.322182 -3.169579 -2.246706
v -0.344106 -2.842042 -1.979393
v -0.773722 -2.041720 -0.657679
v -0.707663 -2.041720 -0.772096
v -0.810649 -2.041720 -0.593719
v -0.747403 -2.041720 -0.703264
v -0.719727 -1.945685 -0.687285
v -0.746046 -1.945685 -0.641700
v -0.679987 -1.945685 -0.756117
v -0.782973 -1.945685 -0.577741
v -0.448066 -1.111228 -0.544389
v -0.413468 -1.117727 -0.609045
v -0.388730 -1.122374 -0.655275
v -0.351377 -1.129390 -0.725079
v -0.392594 -1.230262 -0.727119
v -0.455228 -1.220199 -0.611308
v -0.490129 -1.214591 -0.546775
v -0.430274 -1.224208 -0.657449
v -0.173800 -1.250810 -1.121039
v -0.285682 -1.237628 -0.917658
v -0.610420 -1.600466 -0.619319
v -0.646502 -1.598329 -0.555267
v -0.545667 -1.604302 -0.734268
v -0.584622 -1.601995 -0.665116
v -0.534375 -1.577258 -0.734138
v -0.573181 -1.574512 -0.664926
v -0.598881 -1.572694 -0.619089
v -0.634825 -1.570151 -0.554981
v -0.496781 -1.485250 -0.732277
v -0.535289 -1.481628 -0.662944
v -0.560791 -1.479229 -0.617026
v -0.596458 -1.475873 -0.552805
v -0.481364 -1.447518 -0.731514
v -0.545170 -1.440898 -0.616180
v -0.519749 -1.443536 -0.662130
v -0.207412 -0.375375 -0.425556
v -0.175869 -0.379538 -0.483221
v -0.580724 -1.437209 -0.551913
v -0.325303 -2.436350 -1.721630
v -0.337041 -2.230494 -1.551449
v -0.308375 -1.236065 -0.877214
v -0.299589 -1.140087 -0.822566
v -0.312511 -1.762056 -1.252942
v -0.314490 -1.822814 -1.293741
v -0.309832 -1.679828 -1.197725
v -0.229667 -3.371339 -2.567894
v -0.221455 -3.275974 -2.512696
v -0.220007 -2.741655 -2.126252
v -0.217014 -2.588992 -2.020306
v -0.209302 -2.132870 -1.701635
v -0.206101 -1.975966 -1.592963
v -0.205618 -1.153531 -0.995115
v -0.205434 -1.247083 -1.063533
v -0.183817 -0.053087 -0.231818
v -0.167922 -0.057250 -0.262380
v -0.174460 -0.023402 -0.226416
v -0.167591 -0.027565 -0.241345
v -0.284244 -0.371694 -0.289800
v -0.182657 -0.049405 -0.231148
v -0.175808 -0.405892 -0.502511
v -0.207352 -0.401729 -0.444846
v -0.296465 -0.410464 -0.296855
v -0.225381 -0.721985 -0.646744
v -0.351278 -0.584361 -0.328502
v -0.302919 -0.584361 -0.412264
v -0.252373 -0.406142 -0.370079
v -0.497533 -1.048355 -0.412942
v -0.227564 -1.103396 -0.920608
v -0.444883 -1.059089 -0.511948
v -0.646448 -1.520792 -0.498918
v -0.547169 -1.294708 -0.506301
v -2.107705 -3.319112 0.991426
v -2.168226 -3.414477 1.026832
v -1.153443 -3.319112 -0.661404
v -1.183503 -3.414477 -0.678759
v -1.345118 -3.414477 -0.398834
v -1.315058 -3.319112 -0.381479
v -1.456933 -3.414477 -0.205165
v -1.426873 -3.319112 -0.187810
v -1.675576 -3.414477 0.173536
v -1.645516 -3.319112 0.190891
v -0.920203 -2.695574 -0.611489
v -0.955984 -2.618216 -0.493203
v -2.023130 -3.414477 0.775519
v -1.993071 -3.319112 0.792874
v -0.958438 -2.532987 -0.426910
v -0.960380 -2.459883 -0.370332
v -1.772310 -2.784793 0.799458
v -1.683426 -2.849045 0.605211
v -1.679062 -2.632130 0.749077
v -1.526851 -2.574564 0.514217
v -1.399229 -2.176008 0.596421
v -1.304795 -2.234675 0.396210
v -1.303515 -2.019104 0.544857
v -1.188881 -2.019104 0.346305
v -0.787278 -1.200832 0.246361
v -0.666436 -1.186107 0.047774
v -1.432240 -3.265467 -0.139463
v -1.556529 -3.263495 0.077247
v -0.957650 -2.548032 -0.439228
v -1.159559 -3.264514 -0.611066
v -1.246857 -3.268091 -0.462466
v -0.925592 -2.689761 -0.597923
v -0.936926 -2.666040 -0.561026
v -0.940402 -2.657041 -0.548454
v -0.956827 -2.601856 -0.479833
v -0.821140 -2.389478 -0.560252
v -0.867271 -2.389478 -0.480351
v -0.885516 -2.389478 -0.448749
v -0.907011 -2.389478 -0.411519
v -0.840952 -2.389478 -0.525936
v -0.738746 -1.960541 -0.396715
v -0.778486 -1.960541 -0.327883
v -0.860761 -2.368824 -0.476592
v -0.712427 -1.960541 -0.442300
v -0.834442 -2.368824 -0.522177
v -0.814630 -2.368824 -0.556493
v -0.900501 -2.368824 -0.407760
v -0.879006 -2.368824 -0.444991
v -0.784415 -2.126618 -0.432514
v -0.758097 -2.126618 -0.478099
v -0.738285 -2.126618 -0.512415
v -0.824155 -2.126618 -0.363682
v -0.802660 -2.126618 -0.400913
v -1.895301 -3.212717 0.715059
v -1.674764 -2.885180 0.562416
v -0.744934 -2.084858 -0.470500
v -0.810993 -2.084858 -0.356083
v -0.771253 -2.084858 -0.424914
v -0.743576 -1.988823 -0.408936
v -0.717258 -1.988823 -0.454521
v -0.783316 -1.988823 -0.340104
v -0.483994 -1.154366 -0.245118
v -0.522689 -1.160865 -0.182827
v -0.550356 -1.165512 -0.138289
v -0.592132 -1.172528 -0.071039
v -0.614507 -1.273400 -0.105713
v -0.545528 -1.263337 -0.217862
v -0.507092 -1.257729 -0.280353
v -0.573010 -1.267346 -0.173180
v -0.846254 -1.293948 0.280728
v -0.726062 -1.280766 0.082145
v -0.630063 -1.643604 -0.348256
v -0.592633 -1.641467 -0.411530
v -0.697234 -1.647440 -0.234704
v -0.656825 -1.645133 -0.303016
v -0.691476 -1.620396 -0.224990
v -0.650940 -1.617650 -0.293203
v -0.624094 -1.615832 -0.338378
v -0.586547 -1.613289 -0.401561
v -0.671068 -1.528388 -0.193363
v -0.630277 -1.524766 -0.261378
v -0.603262 -1.522367 -0.306423
v -0.565479 -1.519011 -0.369422
v -0.662698 -1.490656 -0.180393
v -0.594719 -1.484036 -0.293318
v -0.621803 -1.486673 -0.248327
v -0.260755 -0.418512 -0.096123
v -0.294923 -0.422676 -0.039973
v -0.556839 -1.480347 -0.356242
v -1.442133 -2.479488 0.449819
v -1.300621 -2.273632 0.354562
v -0.702384 -1.279203 0.042270
v -0.650664 -1.183225 0.022555
v -1.029841 -1.805194 0.226553
v -1.066164 -1.865952 0.245238
v -0.980682 -1.722966 0.201264
v -2.127201 -3.414477 0.955774
v -2.075292 -3.319112 0.935286
v -1.739898 -2.784793 0.743318
v -1.646650 -2.632130 0.692937
v -1.366816 -2.176008 0.540281
v -1.271103 -2.019104 0.488717
v -0.753110 -1.196669 0.190211
v -0.812270 -1.290221 0.224579
v -0.099695 -0.100388 -0.143511
v -0.081313 -0.070703 -0.153742
v -0.311598 -0.449030 -0.030275
v -0.277430 -0.444867 -0.086425
v -0.461294 -0.765123 -0.001090
v -0.296996 -0.627499 -0.185480
v -0.235190 -0.449280 -0.162799
v -0.699558 -1.146534 0.133951
v -0.454308 -1.102227 -0.258582
v -0.500560 -1.337846 -0.349988
v -0.086401 -3.319112 -2.509576
v -1.097053 -3.319112 -0.759075
v -0.085999 -3.414477 -2.579692
v -1.127113 -3.414477 -0.776430
v -1.040663 -3.319112 -0.856746
v -1.070722 -3.414477 -0.874101
v -0.909107 -3.414477 -1.154026
v -0.879048 -3.319112 -1.136671
v -0.797292 -3.414477 -1.347695
v -0.767233 -3.319112 -1.330340
v -0.578650 -3.414477 -1.726396
v -0.548590 -3.319112 -1.709041
v -0.900455 -2.695404 -0.645569
v -0.880815 -2.695574 -0.679712
v -0.796267 -2.618216 -0.769841
v -0.231095 -3.414477 -2.328378
v -0.201035 -3.319112 -2.311023
v -0.740082 -2.532987 -0.805114
v -0.692055 -2.459883 -0.835084
v -0.084952 -2.784793 -2.123132
v -0.208733 -2.849045 -1.949032
v -0.081960 -2.632130 -2.017186
v -0.209249 -2.574564 -1.767937
v -0.074247 -2.176008 -1.698515
v -0.200418 -2.234675 -1.516628
v -0.071046 -2.019104 -1.589843
v -0.185681 -2.019104 -1.391290
v -0.071433 -1.200832 -0.993520
v -0.182993 -1.186107 -0.789574
v -0.728047 -3.265467 -1.359161
v -0.602515 -3.263495 -1.575154
v -0.750356 -2.548032 -0.798272
v -1.000127 -3.264514 -0.887211
v -0.915084 -3.268091 -1.037113
v -0.871761 -2.689761 -0.691162
v -0.845474 -2.666040 -0.719425
v -0.836325 -2.657041 -0.728721
v -0.785109 -2.601856 -0.777257
v -0.804025 -2.389478 -0.589895
v -0.786911 -2.389478 -0.619539
v -0.740780 -2.389478 -0.699440
v -0.722535 -2.389478 -0.731041
v -0.701040 -2.389478 -0.768272
v -0.767098 -2.389478 -0.653855
v -0.671416 -1.960541 -0.513333
v -0.604086 -1.960541 -0.629952
v -0.564346 -1.960541 -0.698784
v -0.734269 -2.368824 -0.695681
v -0.630405 -1.960541 -0.584367
v -0.760588 -2.368824 -0.650096
v -0.780400 -2.368824 -0.615780
v -0.797515 -2.368824 -0.586137
v -0.694529 -2.368824 -0.764513
v -0.716024 -2.368824 -0.727283
v -0.721170 -2.126618 -0.542059
v -0.657924 -2.126618 -0.651604
v -0.684243 -2.126618 -0.606018
v -0.704055 -2.126618 -0.571702
v -0.618184 -2.126618 -0.720435
v -0.639679 -2.126618 -0.683205
v -0.219540 -3.212717 -2.187445
v -0.241464 -2.885180 -1.920133
v -0.671080 -2.084858 -0.598419
v -0.605021 -2.084858 -0.712836
v -0.708007 -2.084858 -0.534459
v -0.644761 -2.084858 -0.644004
v -0.617085 -1.988823 -0.628025
v -0.643404 -1.988823 -0.582440
v -0.577345 -1.988823 -0.696857
v -0.680331 -1.988823 -0.518480
v -0.345424 -1.154366 -0.485129
v -0.310826 -1.160865 -0.549785
v -0.286088 -1.165512 -0.596014
v -0.248736 -1.172528 -0.665818
v -0.289952 -1.273400 -0.667859
v -0.352586 -1.263337 -0.552047
v -0.387487 -1.257729 -0.487514
v -0.327632 -1.267346 -0.598188
v -0.071158 -1.293948 -1.061779
v -0.183040 -1.280766 -0.858398
v -0.507778 -1.643604 -0.560059
v -0.543860 -1.641467 -0.496007
v -0.443025 -1.647440 -0.675007
v -0.481980 -1.645133 -0.605856
v -0.431733 -1.620396 -0.674878
v -0.470539 -1.617650 -0.605666
v -0.496239 -1.615832 -0.559829
v -0.532183 -1.613289 -0.495721
v -0.394139 -1.528388 -0.673017
v -0.432647 -1.524766 -0.603683
v -0.458149 -1.522367 -0.557765
v -0.493817 -1.519011 -0.493545
v -0.378722 -1.490656 -0.672254
v -0.442528 -1.484036 -0.556919
v -0.417107 -1.486673 -0.602870
v -0.104770 -0.418512 -0.366296
v -0.073227 -0.422676 -0.423961
v -0.478082 -1.480347 -0.492652
v -0.222661 -2.479488 -1.662370
v -0.234399 -2.273632 -1.492189
v -0.205733 -1.279203 -0.817954
v -0.196947 -1.183225 -0.763306
v -0.209869 -1.805194 -1.193682
v -0.211848 -1.865952 -1.234480
v -0.207190 -1.722966 -1.138465
v -0.127025 -3.414477 -2.508633
v -0.118813 -3.319112 -2.453436
v -0.117365 -2.784793 -2.066992
v -0.114372 -2.632130 -1.961046
v -0.106660 -2.176008 -1.642375
v -0.103459 -2.019104 -1.533703
v -0.102976 -1.196669 -0.935855
v -0.102793 -1.290221 -1.004273
v -0.081175 -0.096224 -0.172558
v -0.065280 -0.100388 -0.203120
v -0.071818 -0.066540 -0.167156
v -0.064949 -0.070703 -0.182085
v -0.181602 -0.414831 -0.230539
v -0.080015 -0.092543 -0.171888
v -0.073166 -0.449030 -0.443251
v -0.104710 -0.444867 -0.385586
v -0.193823 -0.453602 -0.237595
v -0.122740 -0.765123 -0.587484
v -0.248637 -0.627499 -0.269242
v -0.200277 -0.627499 -0.353003
v -0.149731 -0.449280 -0.310818
v -0.394891 -1.091493 -0.353682
v -0.124922 -1.146534 -0.861348
v -0.342241 -1.102227 -0.452688
v -0.543807 -1.563930 -0.439658
v -0.444527 -1.337846 -0.447041
vt 0.221412 0.415986
vt 0.221412 0.409029
vt 0.227672 0.409029
vt 0.227672 0.415986
vt 0.221412 0.435925
vt 0.227672 0.435925
vt 0.221412 0.449719
vt 0.227672 0.449719
vt 0.221412 0.476693
vt 0.227672 0.476693
vt 0.221412 0.519571
vt 0.227672 0.519571
vt 0.180481 0.411459
vt 0.180469 0.409029
vt 0.175402 0.418882
vt 0.177951 0.415449
vt 0.221412 0.529715
vt 0.227672 0.532410
vt 0.165009 0.425581
vt 0.169808 0.422499
vt 0.221412 0.533714
vt 0.186337 0.513114
vt 0.186337 0.509115
vt 0.176316 0.507547
vt 0.176316 0.503548
vt 0.146374 0.490761
vt 0.146374 0.486762
vt 0.136075 0.485054
vt 0.136075 0.481055
vt 0.088228 0.452794
vt 0.088473 0.456841
vt 0.082360 0.453186
vt 0.082087 0.449133
vt 0.217890 0.452467
vt 0.217761 0.467878
vt 0.170795 0.421816
vt 0.174329 0.419622
vt 0.217828 0.418864
vt 0.218063 0.429495
vt 0.178542 0.414670
vt 0.180099 0.412350
vt 0.160387 0.411141
vt 0.160387 0.409029
vt 0.160387 0.421735
vt 0.160387 0.419083
vt 0.160387 0.413585
vt 0.160387 0.416832
vt 0.134150 0.413585
vt 0.134150 0.416832
vt 0.132293 0.417336
vt 0.132293 0.414089
vt 0.134150 0.409029
vt 0.132293 0.409029
vt 0.159031 0.411141
vt 0.159031 0.409029
vt 0.134150 0.421735
vt 0.132293 0.422239
vt 0.159031 0.421735
vt 0.159031 0.419083
vt 0.159031 0.416832
vt 0.159031 0.413585
vt 0.143132 0.421735
vt 0.143132 0.419083
vt 0.143132 0.411141
vt 0.143132 0.409029
vt 0.143132 0.416832
vt 0.143132 0.413585
vt 0.214280 0.512399
vt 0.192875 0.497442
vt 0.140391 0.421735
vt 0.140391 0.416832
vt 0.140391 0.413585
vt 0.140391 0.409029
vt 0.172675 0.490306
vt 0.190487 0.499996
vt 0.086726 0.424165
vt 0.087124 0.429049
vt 0.080502 0.430212
vt 0.080042 0.425331
vt 0.086095 0.416407
vt 0.086463 0.420931
vt 0.079737 0.422098
vt 0.079310 0.417577
vt 0.100951 0.418417
vt 0.101124 0.421656
vt 0.100709 0.413888
vt 0.101385 0.426546
vt 0.087505 0.439665
vt 0.087607 0.442526
vt 0.081394 0.438851
vt 0.081204 0.437017
vt 0.111677 0.424710
vt 0.111526 0.419815
vt 0.111425 0.416573
vt 0.111285 0.412038
vt 0.109902 0.425052
vt 0.109722 0.420157
vt 0.109602 0.416916
vt 0.109435 0.412383
vt 0.103862 0.426112
vt 0.103624 0.421220
vt 0.103467 0.417981
vt 0.103247 0.413450
vt 0.032736 0.419684
vt 0.033009 0.423737
vt 0.031279 0.422705
vt 0.031006 0.418651
vt 0.136075 0.470912
vt 0.150162 0.477153
vt 0.166296 0.484252
vt 0.152783 0.474799
vt 0.122033 0.459609
vt 0.116635 0.456742
vt 0.126021 0.461728
vt 0.227672 0.537472
vt 0.010123 0.411152
vt 0.009850 0.409029
vt 0.008174 0.410039
vt 0.007901 0.409029
vt 0.009608 0.409029
vt 0.030764 0.409029
vt 0.358967 0.609137
vt 0.367999 0.602155
vt 0.371647 0.606876
vt 0.361967 0.613481
vt 0.392097 0.583528
vt 0.396882 0.588566
vt 0.387918 0.613153
vt 0.365029 0.617917
vt 0.416634 0.564561
vt 0.407006 0.576373
vt 0.416634 0.609363
vt 0.221412 0.402072
vt 0.227672 0.402072
vt 0.221412 0.382134
vt 0.227672 0.382134
vt 0.221412 0.368340
vt 0.227672 0.368340
vt 0.221412 0.341366
vt 0.227672 0.341366
vt 0.221412 0.298488
vt 0.227672 0.298488
vt 0.180481 0.406600
vt 0.177951 0.402609
vt 0.175402 0.399177
vt 0.221412 0.288344
vt 0.227672 0.285649
vt 0.169808 0.395560
vt 0.165009 0.392478
vt 0.186337 0.308944
vt 0.186337 0.304945
vt 0.221412 0.284345
vt 0.176316 0.314511
vt 0.176316 0.310512
vt 0.146374 0.331297
vt 0.146374 0.327298
vt 0.136075 0.337003
vt 0.136075 0.333004
vt 0.088228 0.365265
vt 0.082087 0.368926
vt 0.082360 0.364872
vt 0.088473 0.361217
vt 0.217890 0.365591
vt 0.174329 0.398437
vt 0.170795 0.396242
vt 0.217761 0.350181
vt 0.217828 0.399195
vt 0.180099 0.405709
vt 0.178542 0.403388
vt 0.218063 0.388564
vt 0.160387 0.406918
vt 0.160387 0.398976
vt 0.160387 0.396324
vt 0.160387 0.404474
vt 0.160387 0.401227
vt 0.134150 0.404474
vt 0.132293 0.403970
vt 0.132293 0.400723
vt 0.134150 0.401227
vt 0.159031 0.406918
vt 0.132293 0.395820
vt 0.134150 0.396324
vt 0.159031 0.398976
vt 0.159031 0.396324
vt 0.159031 0.401227
vt 0.159031 0.404474
vt 0.143132 0.398976
vt 0.143132 0.396324
vt 0.143132 0.406918
vt 0.143132 0.401227
vt 0.143132 0.404474
vt 0.192875 0.320616
vt 0.214280 0.305660
vt 0.140391 0.401227
vt 0.140391 0.396324
vt 0.140391 0.404474
vt 0.172675 0.327753
vt 0.190487 0.318063
vt 0.086726 0.393893
vt 0.080042 0.392728
vt 0.080502 0.387847
vt 0.087124 0.389009
vt 0.086095 0.401652
vt 0.079310 0.400482
vt 0.079737 0.395961
vt 0.086463 0.397128
vt 0.100951 0.399642
vt 0.101124 0.396403
vt 0.100709 0.404171
vt 0.101385 0.391512
vt 0.087505 0.378393
vt 0.081204 0.381042
vt 0.081394 0.379208
vt 0.087607 0.375533
vt 0.111526 0.398244
vt 0.111677 0.393348
vt 0.111285 0.406021
vt 0.111425 0.401486
vt 0.109722 0.397901
vt 0.109902 0.393007
vt 0.109435 0.405676
vt 0.109602 0.401143
vt 0.103624 0.396839
vt 0.103862 0.391947
vt 0.103247 0.404609
vt 0.103467 0.400078
vt 0.032736 0.398375
vt 0.031006 0.399407
vt 0.031279 0.395354
vt 0.033009 0.394322
vt 0.136075 0.347147
vt 0.150162 0.340906
vt 0.152783 0.343259
vt 0.166296 0.333806
vt 0.116635 0.361316
vt 0.122033 0.358449
vt 0.126021 0.356331
vt 0.227672 0.280587
vt 0.010123 0.406907
vt 0.008174 0.408020
vt 0.355519 0.605139
vt 0.364350 0.597435
vt 0.388427 0.577628
vt 0.351998 0.601058
vt 0.362374 0.580107
vt 0.402778 0.570903
vt 0.373278 0.553273
vt 0.456985 0.402072
vt 0.463245 0.402072
vt 0.463245 0.409029
vt 0.456985 0.409029
vt 0.456985 0.382134
vt 0.463245 0.382134
vt 0.456985 0.368340
vt 0.463245 0.368340
vt 0.456985 0.341365
vt 0.463245 0.341365
vt 0.456985 0.298488
vt 0.463245 0.298488
vt 0.416042 0.409029
vt 0.416054 0.406600
vt 0.413524 0.402609
vt 0.410976 0.399177
vt 0.456985 0.288344
vt 0.463245 0.285648
vt 0.405381 0.395560
vt 0.400582 0.392478
vt 0.421910 0.308943
vt 0.421910 0.304945
vt 0.456985 0.284345
vt 0.411889 0.314511
vt 0.411889 0.310512
vt 0.381947 0.331297
vt 0.381947 0.327298
vt 0.371648 0.337003
vt 0.371648 0.333004
vt 0.323801 0.365265
vt 0.317660 0.368926
vt 0.317933 0.364872
vt 0.324046 0.361217
vt 0.453463 0.365591
vt 0.409902 0.398437
vt 0.406368 0.396242
vt 0.453334 0.350181
vt 0.453401 0.399195
vt 0.415672 0.405709
vt 0.414115 0.403388
vt 0.453636 0.388564
vt 0.395960 0.406918
vt 0.395960 0.409029
vt 0.395960 0.398976
vt 0.395960 0.396324
vt 0.395960 0.404474
vt 0.395960 0.401227
vt 0.369723 0.404474
vt 0.367866 0.403970
vt 0.367866 0.400723
vt 0.369723 0.401227
vt 0.369723 0.409029
vt 0.367866 0.409029
vt 0.394604 0.409029
vt 0.394604 0.406918
vt 0.367866 0.395820
vt 0.369723 0.396324
vt 0.394604 0.398976
vt 0.394604 0.396324
vt 0.394604 0.401227
vt 0.394604 0.404474
vt 0.378705 0.398976
vt 0.378705 0.396324
vt 0.378705 0.409029
vt 0.378705 0.406918
vt 0.378705 0.401227
vt 0.378705 0.404474
vt 0.687037 0.553273
vt 0.687037 0.643860
vt 0.677361 0.668114
vt 0.673749 0.562004
vt 0.375964 0.401227
vt 0.375964 0.396324
vt 0.375964 0.409029
vt 0.375964 0.404474
vt 0.408248 0.327753
vt 0.426060 0.318063
vt 0.322299 0.393893
vt 0.315615 0.392728
vt 0.316075 0.387847
vt 0.322697 0.389009
vt 0.321668 0.401652
vt 0.314883 0.400482
vt 0.315310 0.395961
vt 0.322036 0.397128
vt 0.336524 0.399642
vt 0.336697 0.396403
vt 0.336282 0.404171
vt 0.336958 0.391512
vt 0.323078 0.378393
vt 0.316777 0.381042
vt 0.316967 0.379208
vt 0.323180 0.375533
vt 0.347099 0.398244
vt 0.347250 0.393348
vt 0.346858 0.406021
vt 0.346998 0.401486
vt 0.345295 0.397901
vt 0.345475 0.393007
vt 0.345008 0.405676
vt 0.345175 0.401143
vt 0.339197 0.396839
vt 0.339435 0.391947
vt 0.338820 0.404609
vt 0.339040 0.400078
vt 0.268309 0.398375
vt 0.266579 0.399407
vt 0.266852 0.395354
vt 0.268582 0.394322
vt 0.371648 0.347147
vt 0.385735 0.340906
vt 0.388356 0.343259
vt 0.401869 0.333806
vt 0.352208 0.361316
vt 0.357606 0.358449
vt 0.361594 0.356331
vt 0.463245 0.280587
vt 0.245423 0.409029
vt 0.245696 0.406906
vt 0.243474 0.409029
vt 0.243747 0.408020
vt 0.266337 0.409029
vt 0.245181 0.409029
vt 0.439405 0.562054
vt 0.442405 0.557709
vt 0.452085 0.564314
vt 0.448437 0.569035
vt 0.477320 0.582624
vt 0.472535 0.587662
vt 0.445467 0.553273
vt 0.468356 0.558037
vt 0.487444 0.594818
vt 0.497072 0.606629
vt 0.497072 0.561827
vt 0.456985 0.415986
vt 0.463245 0.415986
vt 0.456985 0.435925
vt 0.463245 0.435925
vt 0.456985 0.449719
vt 0.463245 0.449719
vt 0.456985 0.476693
vt 0.463245 0.476693
vt 0.456985 0.519571
vt 0.463245 0.519571
vt 0.416054 0.411459
vt 0.410976 0.418882
vt 0.413524 0.415449
vt 0.456985 0.529715
vt 0.463245 0.532410
vt 0.400582 0.425581
vt 0.405381 0.422499
vt 0.456985 0.533713
vt 0.421910 0.513114
vt 0.421910 0.509115
vt 0.411889 0.507547
vt 0.411889 0.503548
vt 0.381947 0.490761
vt 0.381947 0.486762
vt 0.371648 0.485054
vt 0.371648 0.481055
vt 0.323801 0.452793
vt 0.324046 0.456841
vt 0.317933 0.453186
vt 0.317660 0.449133
vt 0.453463 0.452467
vt 0.453334 0.467878
vt 0.406368 0.421816
vt 0.409902 0.419622
vt 0.453401 0.418864
vt 0.453636 0.429495
vt 0.414115 0.414670
vt 0.415672 0.412350
vt 0.395960 0.411141
vt 0.395960 0.421735
vt 0.395960 0.419083
vt 0.395960 0.413585
vt 0.395960 0.416832
vt 0.369723 0.413585
vt 0.369723 0.416832
vt 0.367866 0.417336
vt 0.367866 0.414089
vt 0.394604 0.411141
vt 0.369723 0.421735
vt 0.367866 0.422239
vt 0.394604 0.421735
vt 0.394604 0.419083
vt 0.394604 0.416832
vt 0.394604 0.413585
vt 0.378705 0.421735
vt 0.378705 0.419083
vt 0.378705 0.411141
vt 0.378705 0.416832
vt 0.378705 0.413585
vt 0.449853 0.512399
vt 0.428448 0.497442
vt 0.375964 0.421735
vt 0.375964 0.416832
vt 0.375964 0.413585
vt 0.408248 0.490306
vt 0.426060 0.499996
vt 0.322299 0.424165
vt 0.322697 0.429049
vt 0.316075 0.430212
vt 0.315615 0.425331
vt 0.321668 0.416407
vt 0.322036 0.420931
vt 0.315310 0.422098
vt 0.314883 0.417577
vt 0.336524 0.418417
vt 0.336697 0.421656
vt 0.336282 0.413888
vt 0.336958 0.426546
vt 0.323078 0.439665
vt 0.323180 0.442526
vt 0.316967 0.438851
vt 0.316777 0.437017
vt 0.347250 0.424710
vt 0.347099 0.419815
vt 0.346998 0.416572
vt 0.346858 0.412038
vt 0.345475 0.425052
vt 0.345295 0.420157
vt 0.345175 0.416916
vt 0.345008 0.412383
vt 0.339435 0.426112
vt 0.339197 0.421220
vt 0.339040 0.417981
vt 0.338820 0.413450
vt 0.268309 0.419684
vt 0.268582 0.423737
vt 0.266852 0.422705
vt 0.266579 0.418651
vt 0.371648 0.470912
vt 0.385735 0.477153
vt 0.401869 0.484253
vt 0.388356 0.474799
vt 0.357606 0.459609
vt 0.352208 0.456742
vt 0.361594 0.461728
vt 0.463245 0.537472
vt 0.245696 0.411152
vt 0.243747 0.410039
vt 0.444788 0.573755
vt 0.435957 0.566051
vt 0.468865 0.593563
vt 0.442812 0.591083
vt 0.432436 0.570132
vt 0.483216 0.600287
vt 0.453715 0.617917
vt 0.278317 0.852858
vt 0.270537 0.852858
vt 0.270537 0.808057
vt 0.278317 0.808057
vt 0.975234 0.414180
vt 0.975234 0.421960
vt 0.972518 0.421960
vt 0.972518 0.414180
vt 0.065931 0.885539
vt 0.058151 0.885539
vt 0.058151 0.845233
vt 0.065931 0.845233
vt 0.891520 0.100455
vt 0.883739 0.100455
vt 0.883739 0.068503
vt 0.891520 0.068503
vt 0.745982 0.365561
vt 0.738202 0.365561
vt 0.738202 0.333631
vt 0.745982 0.333631
vt 0.769564 0.815878
vt 0.761784 0.815902
vt 0.761784 0.759324
vt 0.769564 0.759300
vt 0.409345 0.948238
vt 0.417125 0.948238
vt 0.417125 0.957760
vt 0.409345 0.957760
vt 0.722400 0.296481
vt 0.714620 0.296481
vt 0.714620 0.283735
vt 0.722400 0.283735
vt 0.522830 0.912311
vt 0.530607 0.912521
vt 0.530607 0.933065
vt 0.522830 0.932855
vt 0.769564 0.743498
vt 0.761784 0.743498
vt 0.761784 0.736789
vt 0.769564 0.736789
vt 0.903276 0.905441
vt 0.911056 0.905441
vt 0.911056 0.920105
vt 0.903276 0.920105
vt 0.887474 0.430133
vt 0.879694 0.430133
vt 0.879694 0.391393
vt 0.887474 0.391393
vt 0.832530 0.355915
vt 0.840310 0.355915
vt 0.840310 0.406004
vt 0.832530 0.406004
vt 0.769564 0.588156
vt 0.761784 0.588156
vt 0.761784 0.535287
vt 0.769564 0.535287
vt 0.434646 0.913410
vt 0.435576 0.913410
vt 0.435576 0.921190
vt 0.434646 0.921190
vt 0.745982 0.376535
vt 0.738202 0.376535
vt 0.816728 0.073564
vt 0.808948 0.073585
vt 0.808948 0.007922
vt 0.816728 0.007901
vt 0.857687 0.982397
vt 0.857687 0.990177
vt 0.856112 0.990177
vt 0.856112 0.982397
vt 0.991897 0.735444
vt 0.991011 0.735444
vt 0.991011 0.727664
vt 0.991897 0.727664
vt 0.714620 0.278711
vt 0.722400 0.278711
vt 0.956440 0.516731
vt 0.948660 0.516731
vt 0.948660 0.506449
vt 0.956440 0.506449
vt 0.459158 0.933348
vt 0.451378 0.933348
vt 0.451378 0.913410
vt 0.459158 0.913410
vt 0.458183 0.949150
vt 0.458183 0.956930
vt 0.451378 0.956930
vt 0.451378 0.949150
vt 0.112021 0.960168
vt 0.106749 0.960168
vt 0.106749 0.952388
vt 0.112021 0.952388
vt 0.745982 0.434053
vt 0.738202 0.434053
vt 0.738202 0.427504
vt 0.745982 0.427504
vt 0.722400 0.406215
vt 0.714620 0.406215
vt 0.714620 0.399309
vt 0.722400 0.399309
vt 0.651423 0.814816
vt 0.643643 0.814792
vt 0.643643 0.746221
vt 0.651423 0.746245
vt 0.697331 0.762465
vt 0.697331 0.754685
vt 0.698675 0.754685
vt 0.698675 0.762465
vt 0.745982 0.511295
vt 0.738202 0.511295
vt 0.738202 0.488775
vt 0.745982 0.488775
vt 0.856112 0.427349
vt 0.863892 0.427349
vt 0.863892 0.471550
vt 0.856112 0.471550
vt 0.975862 0.938682
vt 0.975862 0.946462
vt 0.971625 0.946462
vt 0.971625 0.938682
vt 0.254735 0.792255
vt 0.246955 0.792235
vt 0.246955 0.720589
vt 0.254735 0.720609
vt 0.698341 0.896177
vt 0.698341 0.903957
vt 0.697331 0.903957
vt 0.697331 0.896177
vt 0.934638 0.459563
vt 0.926858 0.459563
vt 0.926858 0.444281
vt 0.934638 0.444281
vt 0.714620 0.379516
vt 0.722400 0.379516
vt 0.956175 0.704082
vt 0.956174 0.711862
vt 0.950440 0.711862
vt 0.950440 0.704082
vt 0.975119 0.550730
vt 0.975119 0.558511
vt 0.970598 0.558511
vt 0.970598 0.550730
vt 0.911056 0.836965
vt 0.911056 0.859174
vt 0.903276 0.859174
vt 0.903276 0.836965
vt 0.840310 0.274223
vt 0.832530 0.274134
vt 0.832530 0.250908
vt 0.840310 0.250996
vt 0.745982 0.513376
vt 0.738202 0.513376
vt 0.745982 0.832386
vt 0.738202 0.832386
vt 0.738202 0.779644
vt 0.745982 0.779644
vt 0.613029 0.896279
vt 0.605249 0.896279
vt 0.605249 0.865114
vt 0.613029 0.865114
vt 0.065931 0.939352
vt 0.065931 0.953071
vt 0.058151 0.953071
vt 0.058151 0.939352
vt 0.793146 0.457375
vt 0.785366 0.457360
vt 0.785366 0.381652
vt 0.793146 0.381667
vt 0.364998 0.947479
vt 0.372779 0.947479
vt 0.372779 0.957059
vt 0.364998 0.957059
vt 0.546412 0.942900
vt 0.554192 0.942900
vt 0.554192 0.953482
vt 0.546412 0.953482
vt 0.681529 0.930615
vt 0.673749 0.930679
vt 0.673749 0.909456
vt 0.681529 0.909392
vt 0.955823 0.946462
vt 0.950440 0.946462
vt 0.950440 0.938682
vt 0.955823 0.938682
vt 0.119679 0.733518
vt 0.111899 0.733551
vt 0.111899 0.636883
vt 0.119679 0.636851
vt 0.745982 0.486922
vt 0.738202 0.486922
vt 0.714620 0.365822
vt 0.722400 0.365822
vt 0.887474 0.483831
vt 0.879694 0.483831
vt 0.879694 0.445935
vt 0.887474 0.445935
vt 0.159063 0.985676
vt 0.159063 0.977895
vt 0.160638 0.977895
vt 0.160638 0.985676
vt 0.314599 0.874064
vt 0.306819 0.874064
vt 0.306819 0.832906
vt 0.314599 0.832906
vt 0.840310 0.100766
vt 0.832530 0.100766
vt 0.832530 0.073792
vt 0.840310 0.073792
vt 0.722400 0.528695
vt 0.714620 0.528695
vt 0.714620 0.515950
vt 0.722400 0.515950
vt 0.972518 0.445542
vt 0.972518 0.437761
vt 0.975234 0.437761
vt 0.975234 0.445542
vt 0.159063 0.962094
vt 0.159063 0.954314
vt 0.164160 0.954314
vt 0.164160 0.962094
vt 0.482740 0.899193
vt 0.474960 0.899193
vt 0.474960 0.862685
vt 0.482740 0.862685
vt 0.837802 0.958566
vt 0.832530 0.958566
vt 0.832530 0.950785
vt 0.837802 0.950785
vt 0.008603 0.992099
vt 0.007901 0.992099
vt 0.007901 0.984319
vt 0.008603 0.984319
vt 0.714620 0.339045
vt 0.722400 0.339045
vt 0.521931 0.956648
vt 0.521931 0.948867
vt 0.528811 0.948867
vt 0.528811 0.956648
vt 0.887474 0.714994
vt 0.887474 0.752726
vt 0.879694 0.752726
vt 0.879694 0.714994
vt 0.761784 0.984038
vt 0.762748 0.984038
vt 0.762748 0.991818
vt 0.761784 0.991818
vt 0.903276 0.320366
vt 0.903276 0.292392
vt 0.911056 0.292392
vt 0.911056 0.320366
vt 0.338181 0.889865
vt 0.338181 0.912075
vt 0.330401 0.912075
vt 0.330401 0.889865
vt 0.761784 0.968236
vt 0.761784 0.960456
vt 0.766665 0.960456
vt 0.766665 0.968236
vt 0.278317 0.915627
vt 0.278317 0.931525
vt 0.270537 0.931525
vt 0.270537 0.915627
vt 0.971976 0.688280
vt 0.971976 0.680500
vt 0.975209 0.680500
vt 0.975209 0.688280
vt 0.042349 0.885539
vt 0.034569 0.885539
vt 0.034569 0.845233
vt 0.042349 0.845233
vt 0.769564 0.645674
vt 0.761784 0.645674
vt 0.761784 0.594705
vt 0.769564 0.594705
vt 0.015681 0.930695
vt 0.015681 0.944935
vt 0.007901 0.944935
vt 0.007901 0.930695
vt 0.222484 0.796416
vt 0.214704 0.796440
vt 0.214704 0.727869
vt 0.222484 0.727845
vt 0.955999 0.197032
vt 0.950616 0.197032
vt 0.950616 0.189252
vt 0.955999 0.189252
vt 0.856112 0.604326
vt 0.863892 0.604326
vt 0.863892 0.645494
vt 0.856112 0.645494
vt 0.546412 0.686852
vt 0.554192 0.686834
vt 0.554192 0.770567
vt 0.546412 0.770585
vt 0.738202 0.848189
vt 0.745982 0.848189
vt 0.745982 0.886929
vt 0.738202 0.886929
vt 0.926858 0.756684
vt 0.926858 0.741824
vt 0.934638 0.741824
vt 0.934638 0.756684
vt 0.976146 0.844354
vt 0.976146 0.852134
vt 0.971625 0.852134
vt 0.971625 0.844354
vt 0.991920 0.294390
vt 0.991082 0.294390
vt 0.991082 0.286610
vt 0.991920 0.286610
vt 0.840310 0.668189
vt 0.832530 0.668189
vt 0.832530 0.618445
vt 0.840310 0.618445
vt 0.975069 0.506449
vt 0.975069 0.514229
vt 0.972242 0.514229
vt 0.972242 0.506449
vt 0.745982 0.285420
vt 0.738202 0.285420
vt 0.738202 0.278711
vt 0.745982 0.278711
vt 0.546412 0.890010
vt 0.546412 0.852278
vt 0.554192 0.852278
vt 0.554192 0.890010
vt 0.246955 0.808057
vt 0.254735 0.808057
vt 0.254735 0.852991
vt 0.246955 0.852991
vt 0.991011 0.751246
vt 0.991897 0.751246
vt 0.991897 0.759026
vt 0.991011 0.759026
vt 0.693219 0.972565
vt 0.693219 0.980345
vt 0.691385 0.980345
vt 0.691385 0.972565
vt 0.081733 0.901341
vt 0.089513 0.901405
vt 0.089513 0.922628
vt 0.081733 0.922564
vt 0.166843 0.879370
vt 0.166843 0.908046
vt 0.159063 0.908046
vt 0.159063 0.879370
vt 0.722400 0.533719
vt 0.714620 0.533719
vt 0.624809 0.972220
vt 0.624809 0.980000
vt 0.622930 0.980000
vt 0.622930 0.972220
vt 0.246955 0.912654
vt 0.254735 0.912654
vt 0.254735 0.932592
vt 0.246955 0.932592
vt 0.863892 0.928773
vt 0.863892 0.943013
vt 0.856112 0.943013
vt 0.856112 0.928773
vt 0.698675 0.707521
vt 0.698675 0.715301
vt 0.697331 0.715301
vt 0.697331 0.707521
vt 0.722400 0.413121
vt 0.714620 0.413121
vt 0.926857 0.726022
vt 0.926857 0.711162
vt 0.934638 0.711162
vt 0.934638 0.726022
vt 0.673749 0.683916
vt 0.681530 0.683916
vt 0.681530 0.777906
vt 0.673749 0.777906
vt 0.605249 0.956418
vt 0.605249 0.948638
vt 0.612130 0.948638
vt 0.612130 0.956418
vt 0.808948 0.981001
vt 0.808948 0.973220
vt 0.810720 0.973220
vt 0.810720 0.981001
vt 0.530610 0.844199
vt 0.522830 0.844199
vt 0.522830 0.796626
vt 0.530610 0.796626
vt 0.135481 0.985059
vt 0.135481 0.977279
vt 0.137194 0.977279
vt 0.137194 0.985059
vt 0.722400 0.432914
vt 0.714620 0.432914
vt 0.012782 0.960737
vt 0.012782 0.968517
vt 0.007901 0.968517
vt 0.007901 0.960737
vt 0.761784 0.699259
vt 0.769564 0.699259
vt 0.971896 0.601236
vt 0.971896 0.593456
vt 0.975129 0.593456
vt 0.975129 0.601236
vt 0.956716 0.461343
vt 0.956716 0.469124
vt 0.950440 0.469124
vt 0.950440 0.461343
vt 0.140578 0.953697
vt 0.140578 0.961477
vt 0.135481 0.961477
vt 0.135481 0.953697
vt 0.911056 0.145124
vt 0.903276 0.145177
vt 0.903276 0.117170
vt 0.911056 0.117118
vt 0.722400 0.446608
vt 0.714620 0.446608
vt 0.903276 0.379627
vt 0.911056 0.379627
vt 0.911056 0.406601
vt 0.903276 0.406601
vt 0.761784 0.688579
vt 0.769564 0.688579
vt 0.971976 0.806190
vt 0.971976 0.798410
vt 0.974828 0.798410
vt 0.974828 0.806190
vt 0.613029 0.849312
vt 0.605249 0.849312
vt 0.605249 0.804378
vt 0.613029 0.804378
vt 0.432927 0.956018
vt 0.432927 0.948238
vt 0.435501 0.948238
vt 0.435501 0.956018
vt 0.722400 0.473385
vt 0.714620 0.473385
vt 0.476794 0.972779
vt 0.476794 0.980559
vt 0.474960 0.980559
vt 0.474960 0.972779
vt 0.761784 0.656649
vt 0.769564 0.656649
vt 0.973078 0.099865
vt 0.973078 0.092085
vt 0.975474 0.092085
vt 0.975474 0.099865
vt 0.433643 0.745729
vt 0.433643 0.737949
vt 0.435522 0.737949
vt 0.435522 0.745729
vt 0.581667 0.912292
vt 0.589444 0.912081
vt 0.589444 0.932626
vt 0.581667 0.932836
vt 0.934638 0.920458
vt 0.926858 0.920458
vt 0.926858 0.905638
vt 0.934638 0.905638
vt 0.856112 0.718266
vt 0.863892 0.718266
vt 0.863892 0.759434
vt 0.856112 0.759434
vt 0.840310 0.733736
vt 0.832530 0.733736
vt 0.832530 0.683991
vt 0.840310 0.683991
vt 0.879694 0.982058
vt 0.879694 0.974278
vt 0.881407 0.974278
vt 0.881407 0.982058
vt 0.761784 0.533434
vt 0.769564 0.533434
vt 0.956762 0.296892
vt 0.948982 0.296892
vt 0.948982 0.286610
vt 0.956762 0.286610
vt 0.863892 0.222520
vt 0.856112 0.222520
vt 0.856112 0.177720
vt 0.863892 0.177720
vt 0.950440 0.351214
vt 0.950440 0.343434
vt 0.956716 0.343434
vt 0.956716 0.351214
vt 0.270537 0.981191
vt 0.270537 0.973411
vt 0.272309 0.973411
vt 0.272309 0.981191
vt 0.722400 0.846881
vt 0.714620 0.846852
vt 0.714620 0.799988
vt 0.722400 0.800017
vt 0.863892 0.402529
vt 0.856112 0.402529
vt 0.856112 0.358328
vt 0.863892 0.358328
vt 0.651423 0.940583
vt 0.643643 0.940583
vt 0.643643 0.925919
vt 0.651423 0.925919
vt 0.926858 0.350967
vt 0.934638 0.350967
vt 0.934638 0.366280
vt 0.926858 0.366280
vt 0.832530 0.007901
vt 0.840310 0.007901
vt 0.840310 0.057990
vt 0.832530 0.057990
vt 0.530610 0.780824
vt 0.522830 0.780824
vt 0.522830 0.686834
vt 0.530610 0.686834
vt 0.306819 0.764361
vt 0.314599 0.764361
vt 0.314599 0.817104
vt 0.306819 0.817104
vt 0.816728 0.565050
vt 0.808948 0.565027
vt 0.808948 0.507567
vt 0.816728 0.507591
vt 0.816728 0.415939
vt 0.808948 0.415939
vt 0.808948 0.355915
vt 0.816728 0.355915
vt 0.973047 0.327632
vt 0.973047 0.319852
vt 0.975621 0.319852
vt 0.975621 0.327632
vt 0.198902 0.954849
vt 0.191122 0.954849
vt 0.191122 0.944324
vt 0.198902 0.944324
vt 0.957245 0.141434
vt 0.957245 0.149214
vt 0.950440 0.149214
vt 0.950440 0.141434
vt 0.745982 0.322950
vt 0.738202 0.322950
vt 0.193517 0.970651
vt 0.193517 0.978431
vt 0.191122 0.978431
vt 0.191122 0.970651
vt 0.863892 0.873363
vt 0.856112 0.873363
vt 0.856112 0.832206
vt 0.863892 0.832206
vt 0.911056 0.189038
vt 0.903276 0.188985
vt 0.903276 0.160979
vt 0.911056 0.161031
vt 0.769564 0.911890
vt 0.761784 0.911978
vt 0.761784 0.888752
vt 0.769564 0.888664
vt 0.761784 0.510915
vt 0.769564 0.510915
vt 0.681530 0.893590
vt 0.673749 0.893590
vt 0.673749 0.857083
vt 0.681530 0.857083
vt 0.975862 0.915100
vt 0.975862 0.922880
vt 0.971625 0.922880
vt 0.971625 0.915100
vt 0.785366 0.921795
vt 0.793146 0.921795
vt 0.793146 0.936614
vt 0.785366 0.936614
vt 0.793146 0.365836
vt 0.785366 0.365851
vt 0.785366 0.290143
vt 0.793146 0.290128
vt 0.697331 0.856793
vt 0.697331 0.849013
vt 0.698341 0.849013
vt 0.698341 0.856793
vt 0.991881 0.398378
vt 0.991036 0.398378
vt 0.991036 0.390598
vt 0.991881 0.390598
vt 0.950440 0.759026
vt 0.950440 0.751246
vt 0.956175 0.751246
vt 0.956175 0.759026
vt 0.482740 0.784188
vt 0.474960 0.784150
vt 0.474960 0.700812
vt 0.482740 0.700850
vt 0.990358 0.653890
vt 0.989393 0.653890
vt 0.989393 0.646109
vt 0.990358 0.646109
vt 0.589447 0.896279
vt 0.581667 0.896279
vt 0.581667 0.865114
vt 0.589447 0.865114
vt 0.761784 0.508834
vt 0.769564 0.508834
vn -0.7765 0.6222 -0.0992
vn -0.8138 0.3420 -0.4698
vn -0.7849 -0.4226 -0.4531
vn -0.5932 0.4814 -0.6452
vn -0.6608 0.7464 -0.0782
vn -0.6775 0.4068 -0.6128
vn -0.7364 0.4200 -0.5304
vn -0.9949 0.0622 -0.0797
vn -0.9561 0.2902 0.0416
vn -0.8179 -0.0230 -0.5749
vn -0.8132 0.3416 -0.4712
vn -0.6746 0.7299 0.1103
vn -0.8842 -0.0460 -0.4648
vn -0.7731 0.5809 0.2546
vn -0.7799 0.5711 0.2559
vn -0.8149 0.3379 -0.4708
vn -0.7819 0.5657 0.2620
vn -0.8171 0.3384 -0.4666
vn -0.7826 0.5652 0.2608
vn -0.8137 0.3437 -0.4688
vn -0.7763 0.5727 0.2634
vn -0.8137 0.3387 -0.4724
vn -0.7718 0.5818 0.2564
vn -0.7716 0.5826 0.2553
vn -0.6311 0.4597 -0.6247
vn -0.5383 -0.4507 -0.7121
vn -0.9269 -0.1142 0.3573
vn -0.9406 0.3394 0.0002
vn -0.8696 -0.0009 -0.4937
vn -0.3963 -0.3746 -0.8382
vn -0.9355 -0.2590 0.2402
vn -0.9856 0.1679 -0.0200
vn -0.7651 0.0157 -0.6436
vn -0.8701 0.4660 0.1602
vn -0.8178 0.3289 -0.4722
vn -0.8126 0.3459 -0.4691
vn -0.7884 0.4139 -0.4552
vn -0.8868 0.4621 0.0019
vn -0.9296 0.0072 -0.3685
vn -0.9224 0.0960 -0.3741
vn -0.8437 0.5311 0.0779
vn -0.9161 -0.3560 0.1845
vn -0.6477 0.7278 0.2253
vn -0.9177 0.0799 -0.3891
vn -0.7283 0.4206 -0.5410
vn -0.5212 -0.1812 -0.8339
vn -0.4007 0.9037 -0.1510
vn -0.4001 0.9033 -0.1543
vn -0.1914 0.3547 -0.9151
vn -0.0347 0.8061 -0.5907
vn -0.9181 0.0548 -0.3924
vn -0.9424 0.1961 -0.2710
vn -0.6768 -0.1613 -0.7183
vn -0.4011 0.9015 -0.1626
vn -0.4034 0.9028 -0.1491
vn -0.8829 0.4632 0.0765
vn -0.1839 0.3516 -0.9179
vn -0.9124 0.0565 -0.4054
vn -0.1925 0.3594 -0.9131
vn -0.8773 0.4762 0.0588
vn -0.6159 0.4418 -0.6523
vn -0.7717 0.5823 0.2556
vn -0.7808 0.5708 0.2538
vn -0.6801 -0.1632 -0.7147
vn -0.7476 0.4105 -0.5220
vn -0.4907 -0.1530 -0.8578
vn -0.9194 -0.3420 0.1941
vn -0.6711 0.7023 0.2374
vn -0.7894 0.5535 0.2653
vn -0.7796 0.5663 0.2675
vn -0.9052 -0.4073 0.1209
vn -0.9346 -0.1958 0.2969
vn -0.7808 0.5661 0.2642
vn -0.5682 0.7928 0.2203
vn -0.3068 0.9351 -0.1771
vn -0.6114 -0.1654 -0.7738
vn -0.7878 -0.4153 -0.4548
vn -0.3797 0.8987 -0.2192
vn -0.8579 0.2913 -0.4232
vn -0.3473 0.9053 -0.2444
vn -0.9671 -0.0425 -0.2509
vn -0.9083 -0.3978 0.1295
vn -0.6890 -0.6059 -0.3978
vn -0.9665 0.0934 0.2392
vn -0.9305 -0.1764 0.3209
vn -0.4742 0.6222 -0.6229
vn -0.8554 0.4814 -0.1911
vn -0.3981 0.7464 -0.5332
vn -0.8694 0.4068 -0.2803
vn -0.8275 0.4200 -0.3725
vn -0.5664 0.0622 -0.8217
vn -0.9068 -0.0230 -0.4209
vn -0.4420 0.2902 -0.8488
vn -0.8147 0.3416 -0.4686
vn -0.8446 -0.0460 -0.5334
vn -0.2417 0.7299 -0.6393
vn -0.8152 0.3379 -0.4703
vn -0.1683 0.5711 -0.8034
vn -0.1660 0.5809 -0.7968
vn -0.8127 0.3384 -0.4743
vn -0.1640 0.5657 -0.8081
vn -0.8128 0.3437 -0.4702
vn -0.1654 0.5652 -0.8081
vn -0.8159 0.3387 -0.4685
vn -0.1600 0.5727 -0.8040
vn -0.8566 0.4597 -0.2342
vn -0.1646 0.5826 -0.7959
vn -0.1639 0.5818 -0.7966
vn -0.8858 -0.4507 -0.1101
vn -0.8623 -0.0009 -0.5063
vn -0.4701 0.3394 -0.8147
vn -0.1540 -0.1142 -0.9814
vn -0.9240 -0.3746 0.0759
vn -0.9400 0.0157 -0.3408
vn -0.5101 0.1679 -0.8435
vn -0.2597 -0.2590 -0.9303
vn -0.2963 0.4660 -0.8337
vn -0.8125 0.3459 -0.4692
vn -0.7839 0.0072 -0.6208
vn -0.4418 0.4621 -0.7689
vn -0.7852 0.0960 -0.6117
vn -0.3543 0.5311 -0.7696
vn -0.1287 0.7278 -0.6735
vn -0.2983 -0.3560 -0.8856
vn -0.7958 0.0799 -0.6002
vn -0.8326 0.4206 -0.3602
vn -0.9828 -0.1812 -0.0344
vn -0.3337 0.9033 -0.2694
vn -0.3311 0.9037 -0.2715
vn -0.8882 0.3547 0.2918
vn -0.5289 0.8061 0.2653
vn -0.7989 0.0548 -0.5989
vn -0.7059 0.1961 -0.6807
vn -0.3308 0.9028 -0.2748
vn -0.3413 0.9015 -0.2661
vn -0.9604 -0.1613 -0.2270
vn -0.3752 0.4632 -0.8029
vn -0.8869 0.3516 0.2996
vn -0.8073 0.0565 -0.5874
vn -0.8870 0.3594 0.2898
vn -0.3877 0.4762 -0.7892
vn -0.8728 0.4418 -0.2073
vn -0.9590 -0.1632 -0.2317
vn -0.1706 0.5708 -0.8031
vn -0.1645 0.5823 -0.7961
vn -0.8259 0.4105 -0.3865
vn -0.9882 -0.1530 0.0039
vn -0.1300 0.7023 -0.6999
vn -0.2916 -0.3420 -0.8933
vn -0.1581 0.5663 -0.8089
vn -0.1650 0.5535 -0.8163
vn -0.3479 -0.4073 -0.8444
vn -0.2102 -0.1958 -0.9578
vn -0.1616 0.5661 -0.8083
vn -0.0934 0.7928 -0.6022
vn -0.3853 0.9053 -0.1786
vn -0.7954 0.2913 -0.5314
vn -0.7008 -0.0425 -0.7120
vn -0.3420 -0.3978 -0.8513
vn -0.2761 0.0934 -0.9566
vn -0.1874 -0.1764 -0.9663
vn 0.6742 0.0124 0.7384
vn 0.3660 -0.9063 0.2113
vn 0.8138 -0.3420 0.4698
vn 0.9539 -0.1689 0.2480
vn 0.6898 0.1788 0.7016
vn 0.9149 -0.2625 0.3066
vn 0.8764 -0.2577 0.4068
vn 0.4184 -0.5318 0.7363
vn 0.6923 -0.6577 0.2970
vn 0.4400 -0.2965 0.8476
vn 0.8132 -0.3416 0.4712
vn 0.6168 -0.6768 0.4018
vn 0.5409 0.2191 0.8120
vn 0.8149 -0.3379 0.4708
vn 0.3753 0.0856 0.9229
vn 0.3796 0.0965 0.9201
vn 0.8171 -0.3384 0.4666
vn 0.3683 0.0823 0.9261
vn 0.8137 -0.3437 0.4688
vn 0.3692 0.0812 0.9258
vn 0.8137 -0.3387 0.4724
vn 0.3693 0.0912 0.9248
vn 0.9385 -0.1999 0.2815
vn 0.3794 0.0988 0.9199
vn 0.3783 0.0984 0.9204
vn 0.4683 -0.8738 -0.1309
vn 0.6592 -0.6434 0.3890
vn 0.4940 -0.2635 0.8285
vn -0.0360 -0.4886 0.8717
vn 0.5610 -0.7770 -0.2855
vn 0.7493 -0.6207 0.2307
vn 0.4286 -0.4264 0.7965
vn -0.0242 -0.6420 0.7663
vn 0.4193 -0.0759 0.9047
vn 0.8178 -0.3289 0.4722
vn 0.8126 -0.3459 0.4691
vn 0.8326 -0.2749 0.4807
vn 0.5850 -0.6386 0.5000
vn 0.5428 -0.1065 0.8331
vn 0.6407 -0.5564 0.5290
vn 0.5097 -0.0343 0.8596
vn 0.4397 0.2785 0.8538
vn -0.0345 -0.7290 0.6836
vn 0.6501 -0.5354 0.5392
vn 0.8867 -0.2332 0.3990
vn 0.7192 -0.6849 -0.1172
vn 0.7507 0.4197 0.5101
vn 0.7486 0.4206 0.5125
vn 0.9594 -0.1289 -0.2507
vn 0.9117 0.4083 -0.0443
vn 0.6286 -0.5952 0.5006
vn 0.6222 -0.4615 0.6323
vn 0.7475 0.4191 0.5154
vn 0.7563 0.4151 0.5056
vn 0.6791 -0.7312 0.0646
vn 0.4861 -0.1194 0.8657
vn 0.9567 -0.1349 -0.2579
vn 0.6387 -0.5893 0.4947
vn 0.9608 -0.1252 -0.2472
vn 0.5038 -0.1002 0.8580
vn 0.9446 -0.2141 0.2487
vn 0.6764 -0.7334 0.0685
vn 0.3771 0.0842 0.9223
vn 0.3791 0.0986 0.9200
vn 0.8699 -0.2570 0.4210
vn 0.7321 -0.6655 -0.1451
vn 0.4322 0.2347 0.8707
vn -0.0392 -0.7139 0.6991
vn 0.3637 0.0858 0.9275
vn 0.3614 0.0698 0.9297
vn -0.0254 -0.7771 0.6288
vn -0.0327 -0.5748 0.8176
vn 0.3665 0.0840 0.9266
vn 0.7556 0.4886 0.4362
vn 0.4573 0.3618 0.8124
vn 0.3723 -0.9029 0.2149
vn -0.3793 -0.4386 -0.8147
vn 0.7912 0.4066 0.4568
vn 0.8036 0.4216 0.4201
vn 0.7642 -0.3904 0.5134
vn 0.4821 -0.6515 0.5857
vn -0.0257 -0.7687 0.6390
vn 0.1828 -0.3895 0.9027
vn 0.1905 -0.9755 0.1100
vn -0.0416 -0.5500 0.8341
vn 0.9766 0.0124 0.2147
vn 0.6918 -0.1689 0.7021
vn 0.9525 0.1788 0.2466
vn 0.7230 -0.2625 0.6390
vn 0.7905 -0.2577 0.5556
vn 0.8469 -0.5318 -0.0058
vn 0.9541 -0.2965 -0.0427
vn 0.6033 -0.6577 0.4510
vn 0.8147 -0.3416 0.4686
vn 0.9737 0.2191 0.0624
vn 0.6564 -0.6768 0.3332
vn 0.9866 0.0965 -0.1313
vn 0.9869 0.0856 -0.1364
vn 0.8152 -0.3379 0.4703
vn 0.9861 0.0823 -0.1440
vn 0.8127 -0.3384 0.4743
vn 0.9864 0.0812 -0.1431
vn 0.8128 -0.3437 0.4702
vn 0.9856 0.0912 -0.1426
vn 0.8159 -0.3387 0.4685
vn 0.9863 0.0984 -0.1326
vn 0.9864 0.0988 -0.1314
vn 0.7130 -0.1999 0.6720
vn 0.1208 -0.8738 0.4711
vn 0.7369 -0.4886 -0.4671
vn 0.9645 -0.2636 0.0136
vn 0.6665 -0.6435 0.3764
vn 0.0333 -0.7770 0.6286
vn 0.6515 -0.6420 -0.4041
vn 0.9041 -0.4264 -0.0270
vn 0.5744 -0.6207 0.5336
vn 0.9931 -0.0759 -0.0892
vn 0.8125 -0.3459 0.4692
vn 0.9929 -0.1065 0.0535
vn 0.7255 -0.6386 0.2566
vn 0.7785 -0.5564 0.2904
vn 0.9993 -0.0343 0.0116
vn 0.5748 -0.7290 -0.3717
vn 0.9593 0.2785 -0.0461
vn 0.7920 -0.5354 0.2934
vn 0.7890 -0.2332 0.5684
vn 0.2581 -0.6849 0.6814
vn 0.8181 0.4206 0.3920
vn 0.8172 0.4197 0.3951
vn 0.2626 -0.1289 0.9562
vn 0.4175 0.4083 0.8118
vn 0.7478 -0.5952 0.2940
vn 0.8587 -0.4615 0.2227
vn 0.3955 -0.7312 0.5558
vn 0.8161 0.4151 0.4022
vn 0.8201 0.4191 0.3896
vn 0.9928 -0.1194 -0.0119
vn 0.2550 -0.1349 0.9575
vn 0.7478 -0.5893 0.3058
vn 0.2663 -0.1252 0.9557
vn 0.9949 -0.1002 0.0073
vn 0.6877 -0.2141 0.6937
vn 0.9864 0.0986 -0.1317
vn 0.9873 0.0842 -0.1346
vn 0.3975 -0.7334 0.5515
vn 0.7995 -0.2570 0.5428
vn 0.2403 -0.6655 0.7066
vn 0.5858 -0.7139 -0.3836
vn 0.9701 0.2347 -0.0610
vn 0.9859 0.0698 -0.1519
vn 0.9851 0.0858 -0.1488
vn 0.5319 -0.7771 -0.3364
vn 0.6917 -0.5748 -0.4371
vn 0.9857 0.0840 -0.1458
vn 0.9322 0.3618 -0.0101
vn 0.8267 -0.3904 0.4052
vn 0.7656 0.4216 0.4859
vn 0.7483 -0.6515 0.1246
vn 0.5406 -0.7687 -0.3417
vn 0.8731 -0.3895 -0.2930
vn 0.7016 -0.5500 -0.4531
usemtl None
s 1
f 1287/2386/1040 1400/2387/1041 1402/2388/1042 1288/2389/1042
f 1290/2390/1043 1287/2386/1040 1288/2389/1042 1289/2391/1042
f 1292/2392/1044 1290/2390/1043 1289/2391/1042 1291/2393/1042
f 1294/2394/1045 1292/2392/1044 1291/2393/1042 1293/2395/1042
f 1298/2396/1046 1294/2394/1045 1293/2395/1042 1297/2397/1042
f 1400/2387/1041 1287/2386/1040 1295/2398/1047 1411/2399/1041
f 1290/2390/1043 1292/2392/1044 1296/2400/1048 1318/2401/1049
f 1382/2402/1050 1298/2396/1046 1297/2397/1042 1381/2403/1042
f 1294/2394/1045 1298/2396/1046 1300/2404/1051 1299/2405/1052
f 1382/2402/1050 1285/2406/1053 1301/2407/1054 1383/2408/1055
f 1383/2408/1055 1301/2407/1054 1303/2409/1056 1384/2410/1057
f 1384/2410/1057 1303/2409/1056 1305/2411/1058 1385/2412/1059
f 1385/2412/1059 1305/2411/1058 1307/2413/1060 1386/2414/1061
f 1388/2415/1041 1354/2416/1062 1309/2417/1063 1387/2418/1064
f 1311/2419/1065 1312/2420/1066 1313/2421/1067 1319/2422/1068
f 1314/2423/1069 1315/2424/1070 1317/2425/1071 1316/2426/1072
f 1316/2426/1072 1320/2427/1041 1295/2398/1047
f 1411/2399/1041 1295/2398/1047 1320/2427/1041 1437/2428/1041
f 1299/2405/1052 1300/2404/1051 1323/2429/1073 1322/2430/1041
f 1318/2401/1049 1324/2431/1041 1317/2425/1071
f 1299/2405/1052 1322/2430/1041 1313/2421/1067
f 1316/2426/1072 1317/2425/1071 1324/2431/1041 1320/2427/1041
f 1319/2422/1068 1313/2421/1067 1322/2430/1041 1321/2432/1041
f 1319/2422/1068 1321/2432/1041 1296/2400/1048
f 1318/2401/1049 1296/2400/1048 1321/2432/1041 1324/2431/1041
f 1344/2433/1074 1343/2434/1074 1325/2435/1075 1328/2436/1075
f 1468/2437/1074 1344/2433/1074 1328/2436/1075 1443/2438/1076
f 1437/2428/1041 1320/2427/1041 1330/2439/1041 1450/2440/1041
f 1343/2434/1074 1345/2441/1077 1326/2442/1078 1325/2435/1075
f 1322/2430/1041 1323/2429/1073 1331/2443/1079 1332/2444/1041
f 1321/2432/1041 1322/2430/1041 1332/2444/1041 1327/2445/1041
f 1320/2427/1041 1324/2431/1041 1329/2446/1041 1330/2439/1041
f 1324/2431/1041 1321/2432/1041 1327/2445/1041 1329/2446/1041
f 1332/2444/1041 1331/2443/1079 1336/2447/1080 1337/2448/1041
f 1450/2440/1041 1330/2439/1041 1335/2449/1041 1453/2450/1041
f 1327/2445/1041 1332/2444/1041 1337/2448/1041 1333/2451/1041
f 1330/2439/1041 1329/2446/1041 1334/2452/1041 1335/2449/1041
f 1329/2446/1041 1327/2445/1041 1333/2451/1041 1334/2452/1041
f 1336/2447/1080 1331/2443/1079 1338/2453/1081 1339/2454/1082
f 1337/2448/1041 1336/2447/1080 1341/2455/1083 1342/2456/1074
f 1453/2450/1041 1335/2449/1041 1340/2457/1074 1463/2458/1074
f 1333/2451/1041 1337/2448/1041 1342/2456/1074
f 1335/2449/1041 1334/2452/1041 1340/2457/1074
f 1334/2452/1041 1333/2451/1041 1342/2456/1074 1340/2457/1074
f 1342/2456/1074 1341/2455/1083 1345/2441/1077 1343/2434/1074
f 1463/2458/1074 1340/2457/1074 1344/2433/1074 1468/2437/1074
f 1340/2457/1074 1342/2456/1074 1343/2434/1074 1344/2433/1074
f 1304/2459/1084 1345/2441/1077 1341/2455/1083 1302/2460/1085
f 1353/2461/1041 1350/2462/1041 1349/2463/1086 1348/2464/1087
f 1352/2465/1088 1351/2466/1041 1347/2467/1087 1346/2468/1089
f 1351/2466/1041 1353/2461/1041 1348/2464/1087 1347/2467/1087
f 1369/2469/1041 1370/2470/1041 1353/2461/1041 1351/2466/1041
f 1373/2471/1088 1369/2469/1041 1351/2466/1041 1352/2465/1088
f 1370/2470/1041 1368/2472/1090 1350/2462/1041 1353/2461/1041
f 1386/2414/1061 1307/2413/1060 1354/2416/1062 1388/2415/1041
f 1376/2473/1091 1355/2474/1092 1310/2475/1093 1377/2476/1094
f 1325/2435/1075 1326/2442/1078 1358/2477/1095 1359/2478/1075
f 1443/2438/1076 1328/2436/1075 1356/2479/1075 1357/2480/1096
f 1328/2436/1075 1325/2435/1075 1359/2478/1075 1356/2479/1075
f 1359/2478/1075 1358/2477/1095 1360/2481/1097 1361/2482/1041
f 1357/2480/1096 1356/2479/1075 1362/2483/1041 1363/2484/1098
f 1356/2479/1075 1359/2478/1075 1361/2482/1041 1362/2483/1041
f 1361/2482/1041 1360/2481/1097 1364/2485/1099 1365/2486/1041
f 1363/2484/1098 1362/2483/1041 1366/2487/1041 1367/2488/1088
f 1362/2483/1041 1361/2482/1041 1365/2486/1041 1366/2487/1041
f 1365/2486/1041 1364/2485/1099 1368/2472/1090 1370/2470/1041
f 1367/2488/1088 1366/2487/1041 1369/2469/1041 1373/2471/1088
f 1366/2487/1041 1365/2486/1041 1370/2470/1041 1369/2469/1041
f 1392/2489/1100 1391/2490/1101 1372/2491/1102 1371/2492/1103
f 1308/2493/1104 1364/2485/1099 1360/2481/1097 1306/2494/1105
f 1358/2477/1095 1326/2442/1078 1374/2495/1106 1375/2496/1107
f 1350/2462/1041 1376/2473/1091 1377/2476/1094 1349/2463/1086
f 1376/2473/1091 1350/2462/1041 1378/2497/1108 1380/2498/1109
f 1350/2462/1041 1368/2472/1090 1379/2499/1110 1378/2497/1108
f 1308/2493/1104 1386/2414/1061 1388/2415/1041 1355/2474/1092
f 1355/2474/1092 1388/2415/1041 1387/2418/1064 1310/2475/1093
f 1306/2494/1105 1385/2412/1059 1386/2414/1061 1308/2493/1104
f 1304/2459/1084 1384/2410/1057 1385/2412/1059 1306/2494/1105
f 1302/2460/1085 1383/2408/1055 1384/2410/1057 1304/2459/1084
f 1298/2396/1046 1382/2402/1050 1383/2408/1055 1302/2460/1085
f 1285/2406/1053 1382/2402/1050 1381/2403/1042 1286/2500/1111
f 1371/2492/1103 1372/2491/1102 1389/2501/1112 1512/2502/1041
f 1512/2502/1041 1389/2501/1112 1390/2503/1113 1514/2504/1114
f 1371/2492/1103 1512/2502/1041 1517/2505/1115 1516/2506/1116
f 1387/2418/1064 1309/2417/1063 1391/2490/1101 1392/2489/1100
f 1520/2507/1117 1522/2508/1041 1394/2509/1118 1395/2510/1119
f 1522/2508/1041 1525/2511/1041 1397/2512/1120 1394/2509/1118
f 1394/2509/1118 1393/2513/1121 1392/2514/1100 1395/2510/1119
f 1525/2511/1041 1528/2515/1122 1398/2516/1123 1397/2512/1120
f 1397/2512/1120 1396/2517/1124 1394/2509/1118
f 1403/2518/1125 1404/2519/1042 1402/2388/1042 1400/2387/1041
f 1406/2520/1126 1405/2521/1042 1404/2519/1042 1403/2518/1125
f 1408/2522/1127 1407/2523/1042 1405/2521/1042 1406/2520/1126
f 1410/2524/1128 1409/2525/1042 1407/2523/1042 1408/2522/1127
f 1415/2526/1129 1414/2527/1042 1409/2525/1042 1410/2524/1128
f 1400/2387/1041 1411/2399/1041 1412/2528/1130 1403/2518/1125
f 1406/2520/1126 1435/2529/1131 1413/2530/1132 1408/2522/1127
f 1505/2531/1133 1504/2532/1042 1414/2527/1042 1415/2526/1129
f 1410/2524/1128 1416/2533/1134 1417/2534/1135 1415/2526/1129
f 1505/2531/1133 1506/2535/1136 1418/2536/1137 1399/2537/1138
f 1506/2535/1136 1507/2538/1139 1420/2539/1140 1418/2536/1137
f 1507/2538/1139 1508/2540/1141 1422/2541/1142 1420/2539/1140
f 1508/2540/1141 1509/2542/1143 1424/2543/1144 1422/2541/1142
f 1511/2544/1041 1510/2545/1145 1426/2546/1146 1477/2547/1147
f 1428/2548/1148 1436/2549/1149 1430/2550/1150 1429/2551/1151
f 1431/2552/1152 1433/2553/1153 1434/2554/1154 1432/2555/1155
f 1433/2553/1153 1412/2528/1130 1438/2556/1041
f 1411/2399/1041 1437/2428/1041 1438/2556/1041 1412/2528/1130
f 1416/2533/1134 1440/2557/1041 1441/2558/1156 1417/2534/1135
f 1435/2529/1131 1434/2554/1154 1442/2559/1041
f 1416/2533/1134 1430/2550/1150 1440/2557/1041
f 1433/2553/1153 1438/2556/1041 1442/2559/1041 1434/2554/1154
f 1436/2549/1149 1439/2560/1041 1440/2557/1041 1430/2550/1150
f 1436/2549/1149 1413/2530/1132 1439/2560/1041
f 1435/2529/1131 1442/2559/1041 1439/2560/1041 1413/2530/1132
f 1466/2561/1074 1447/2562/1157 1444/2563/1157 1465/2564/1074
f 1468/2437/1074 1443/2438/1076 1447/2562/1157 1466/2561/1074
f 1437/2428/1041 1450/2440/1041 1449/2565/1041 1438/2556/1041
f 1465/2564/1074 1444/2563/1157 1445/2566/1158 1467/2567/1159
f 1440/2557/1041 1452/2568/1041 1451/2569/1160 1441/2558/1156
f 1439/2560/1041 1446/2570/1041 1452/2568/1041 1440/2557/1041
f 1438/2556/1041 1449/2565/1041 1448/2571/1041 1442/2559/1041
f 1442/2559/1041 1448/2571/1041 1446/2570/1041 1439/2560/1041
f 1452/2568/1041 1458/2572/1041 1457/2573/1161 1451/2569/1160
f 1450/2440/1041 1453/2450/1041 1456/2574/1041 1449/2565/1041
f 1446/2570/1041 1454/2575/1041 1458/2572/1041 1452/2568/1041
f 1449/2565/1041 1456/2574/1041 1455/2576/1041 1448/2571/1041
f 1448/2571/1041 1455/2576/1041 1454/2575/1041 1446/2570/1041
f 1457/2573/1161 1460/2577/1162 1459/2578/1163 1451/2569/1160
f 1458/2572/1041 1464/2579/1074 1462/2580/1164 1457/2573/1161
f 1453/2450/1041 1463/2458/1074 1461/2581/1074 1456/2574/1041
f 1454/2575/1041 1464/2579/1074 1458/2572/1041
f 1456/2574/1041 1461/2581/1074 1455/2576/1041
f 1455/2576/1041 1461/2581/1074 1464/2579/1074 1454/2575/1041
f 1464/2579/1074 1465/2564/1074 1467/2567/1159 1462/2580/1164
f 1463/2458/1074 1468/2437/1074 1466/2561/1074 1461/2581/1074
f 1461/2581/1074 1466/2561/1074 1465/2564/1074 1464/2579/1074
f 1421/2582/1165 1419/2583/1166 1462/2580/1164 1467/2567/1159
f 1476/2584/1041 1471/2585/1167 1472/2586/1168 1473/2587/1041
f 1475/2588/1169 1469/2589/1170 1470/2590/1167 1474/2591/1041
f 1474/2591/1041 1470/2590/1167 1471/2585/1167 1476/2584/1041
f 1492/2592/1041 1474/2591/1041 1476/2584/1041 1493/2593/1041
f 1496/2594/1169 1475/2588/1169 1474/2591/1041 1492/2592/1041
f 1493/2593/1041 1476/2584/1041 1473/2587/1041 1491/2595/1171
f 1509/2542/1143 1511/2544/1041 1477/2547/1147 1424/2543/1144
f 1499/2596/1172 1500/2597/1173 1427/2598/1174 1478/2599/1175
f 1444/2563/1157 1482/2600/1157 1481/2601/1176 1445/2566/1158
f 1443/2438/1076 1480/2602/1177 1479/2603/1157 1447/2562/1157
f 1447/2562/1157 1479/2603/1157 1482/2600/1157 1444/2563/1157
f 1482/2600/1157 1484/2604/1041 1483/2605/1178 1481/2601/1176
f 1480/2602/1177 1486/2606/1179 1485/2607/1041 1479/2603/1157
f 1479/2603/1157 1485/2607/1041 1484/2604/1041 1482/2600/1157
f 1484/2604/1041 1488/2608/1041 1487/2609/1180 1483/2605/1178
f 1486/2606/1179 1490/2610/1169 1489/2611/1041 1485/2607/1041
f 1485/2607/1041 1489/2611/1041 1488/2608/1041 1484/2604/1041
f 1488/2608/1041 1493/2593/1041 1491/2595/1171 1487/2609/1180
f 1490/2610/1169 1496/2594/1169 1492/2592/1041 1489/2611/1041
f 1489/2611/1041 1492/2592/1041 1493/2593/1041 1488/2608/1041
f 1519/2612/1181 1494/2613/1182 1495/2614/1183 1518/2615/1184
f 1425/2616/1185 1423/2617/1186 1483/2605/1178 1487/2609/1180
f 1481/2601/1176 1498/2618/1187 1497/2619/1188 1445/2566/1158
f 1473/2587/1041 1472/2586/1168 1500/2597/1173 1499/2596/1172
f 1499/2596/1172 1503/2620/1189 1501/2621/1190 1473/2587/1041
f 1473/2587/1041 1501/2621/1190 1502/2622/1191 1491/2595/1171
f 1425/2616/1185 1478/2599/1175 1511/2544/1041 1509/2542/1143
f 1478/2599/1175 1427/2598/1174 1510/2545/1145 1511/2544/1041
f 1423/2617/1186 1425/2616/1185 1509/2542/1143 1508/2540/1141
f 1421/2582/1165 1423/2617/1186 1508/2540/1141 1507/2538/1139
f 1419/2583/1166 1421/2582/1165 1507/2538/1139 1506/2535/1136
f 1415/2526/1129 1419/2583/1166 1506/2535/1136 1505/2531/1133
f 1399/2537/1138 1401/2623/1192 1504/2532/1042 1505/2531/1133
f 1494/2613/1182 1512/2502/1041 1513/2624/1193 1495/2614/1183
f 1512/2502/1041 1514/2504/1114 1515/2625/1194 1513/2624/1193
f 1494/2613/1182 1516/2506/1116 1517/2505/1115 1512/2502/1041
f 1510/2545/1145 1519/2612/1181 1518/2615/1184 1426/2546/1146
f 1520/2507/1117 1524/2626/1195 1523/2627/1196 1522/2508/1041
f 1522/2508/1041 1523/2627/1196 1527/2628/1197 1525/2511/1041
f 1523/2627/1196 1524/2626/1195 1519/2629/1181 1521/2630/1198
f 1525/2511/1041 1527/2628/1197 1529/2631/1199 1528/2515/1122
f 1527/2628/1197 1523/2627/1196 1526/2632/1200
f 1532/2633/1201 1533/2634/1202 1647/2635/1202 1645/2636/1203
f 1535/2637/1204 1534/2638/1202 1533/2634/1202 1532/2633/1201
f 1537/2639/1205 1536/2640/1202 1534/2638/1202 1535/2637/1204
f 1539/2641/1206 1538/2642/1202 1536/2640/1202 1537/2639/1205
f 1543/2643/1207 1542/2644/1202 1538/2642/1202 1539/2641/1206
f 1645/2636/1203 1656/2645/1203 1540/2646/1208 1532/2633/1201
f 1535/2637/1204 1563/2647/1209 1541/2648/1210 1537/2639/1205
f 1627/2649/1211 1626/2650/1202 1542/2644/1202 1543/2643/1207
f 1539/2641/1206 1544/2651/1212 1545/2652/1213 1543/2643/1207
f 1627/2649/1211 1628/2653/1214 1546/2654/1215 1530/2655/1216
f 1628/2653/1214 1629/2656/1217 1548/2657/1218 1546/2654/1215
f 1629/2656/1217 1630/2658/1219 1550/2659/1220 1548/2657/1218
f 1630/2658/1219 1631/2660/1221 1552/2661/1222 1550/2659/1220
f 1633/2662/1203 1632/2663/1223 1554/2664/1224 1599/2665/1225
f 1556/2666/1226 1564/2667/1227 1558/2668/1228 1557/2669/1229
f 1559/2670/1230 1561/2671/1231 1562/2672/1232 1560/2673/1233
f 1561/2671/1231 1540/2646/1208 1565/2674/1203
f 1656/2645/1203 1682/2675/1203 1565/2674/1203 1540/2646/1208
f 1544/2651/1212 1567/2676/1203 1568/2677/1234 1545/2652/1213
f 1563/2647/1209 1562/2672/1232 1569/2678/1203
f 1544/2651/1212 1558/2668/1228 1567/2676/1203
f 1561/2671/1231 1565/2674/1203 1569/2678/1203 1562/2672/1232
f 1564/2667/1227 1566/2679/1203 1567/2676/1203 1558/2668/1228
f 1564/2667/1227 1541/2648/1210 1566/2679/1203
f 1563/2647/1209 1569/2678/1203 1566/2679/1203 1541/2648/1210
f 1589/2680/1235 1573/2681/1236 1570/2682/1236 1588/2683/1235
f 1713/2684/1235 1688/2685/1237 1573/2681/1236 1589/2680/1235
f 1682/2675/1203 1695/2686/1203 1575/2687/1203 1565/2674/1203
f 1588/2683/1235 1570/2682/1236 1571/2688/1238 1590/2689/1239
f 1567/2676/1203 1577/2690/1203 1576/2691/1240 1568/2677/1234
f 1566/2679/1203 1572/2692/1203 1577/2690/1203 1567/2676/1203
f 1565/2674/1203 1575/2687/1203 1574/2693/1203 1569/2678/1203
f 1569/2678/1203 1574/2693/1203 1572/2692/1203 1566/2679/1203
f 1577/2690/1203 1582/2694/1203 1581/2695/1241 1576/2691/1240
f 1695/2686/1203 1698/2696/1203 1580/2697/1203 1575/2687/1203
f 1572/2692/1203 1578/2698/1203 1582/2694/1203 1577/2690/1203
f 1575/2687/1203 1580/2697/1203 1579/2699/1203 1574/2693/1203
f 1574/2693/1203 1579/2699/1203 1578/2698/1203 1572/2692/1203
f 1581/2700/1241 1584/2701/1242 1583/2702/1243 1576/2703/1240
f 1582/2694/1203 1587/2704/1235 1586/2705/1244 1581/2695/1241
f 1698/2696/1203 1708/2706/1235 1585/2707/1235 1580/2697/1203
f 1578/2698/1203 1587/2704/1235 1582/2694/1203
f 1580/2697/1203 1585/2707/1235 1579/2699/1203
f 1579/2699/1203 1585/2707/1235 1587/2704/1235 1578/2698/1203
f 1587/2704/1235 1588/2683/1235 1590/2689/1239 1586/2705/1244
f 1708/2706/1235 1713/2684/1235 1589/2680/1235 1585/2707/1235
f 1585/2707/1235 1589/2680/1235 1588/2683/1235 1587/2704/1235
f 1549/2708/1245 1547/2709/1246 1586/2705/1244 1590/2689/1239
f 1598/2710/1203 1593/2711/1247 1594/2712/1248 1595/2713/1203
f 1597/2714/1249 1591/2715/1250 1592/2716/1247 1596/2717/1203
f 1596/2717/1203 1592/2716/1247 1593/2711/1247 1598/2710/1203
f 1614/2718/1203 1596/2717/1203 1598/2710/1203 1615/2719/1203
f 1618/2720/1249 1597/2714/1249 1596/2717/1203 1614/2718/1203
f 1615/2719/1203 1598/2710/1203 1595/2713/1203 1613/2721/1251
f 1631/2660/1221 1633/2662/1203 1599/2665/1225 1552/2661/1222
f 1621/2722/1252 1622/2723/1253 1555/2724/1254 1600/2725/1255
f 1570/2682/1236 1604/2726/1236 1603/2727/1256 1571/2688/1238
f 1688/2685/1237 1602/2728/1257 1601/2729/1236 1573/2681/1236
f 1573/2681/1236 1601/2729/1236 1604/2726/1236 1570/2682/1236
f 1604/2726/1236 1606/2730/1203 1605/2731/1258 1603/2727/1256
f 1602/2728/1257 1608/2732/1259 1607/2733/1203 1601/2729/1236
f 1601/2729/1236 1607/2733/1203 1606/2730/1203 1604/2726/1236
f 1606/2730/1203 1610/2734/1203 1609/2735/1260 1605/2731/1258
f 1608/2732/1259 1612/2736/1249 1611/2737/1203 1607/2733/1203
f 1607/2733/1203 1611/2737/1203 1610/2734/1203 1606/2730/1203
f 1610/2734/1203 1615/2719/1203 1613/2721/1251 1609/2735/1260
f 1612/2736/1249 1618/2720/1249 1614/2718/1203 1611/2737/1203
f 1611/2737/1203 1614/2718/1203 1615/2719/1203 1610/2734/1203
f 1637/2738/1261 1616/2739/1262 1617/2740/1263 1636/2741/1264
f 1553/2742/1265 1551/2743/1266 1605/2731/1258 1609/2735/1260
f 1603/2727/1256 1620/2744/1267 1619/2745/1268 1571/2688/1238
f 1595/2713/1203 1594/2712/1248 1622/2723/1253 1621/2722/1252
f 1621/2722/1252 1625/2746/1269 1623/2747/1270 1595/2713/1203
f 1595/2713/1203 1623/2747/1270 1624/2748/1271 1613/2721/1251
f 1553/2742/1265 1600/2725/1255 1633/2662/1203 1631/2660/1221
f 1600/2725/1255 1555/2724/1254 1632/2663/1223 1633/2662/1203
f 1551/2743/1266 1553/2742/1265 1631/2660/1221 1630/2658/1219
f 1549/2708/1245 1551/2743/1266 1630/2658/1219 1629/2656/1217
f 1547/2709/1246 1549/2708/1245 1629/2656/1217 1628/2653/1214
f 1543/2643/1207 1547/2709/1246 1628/2653/1214 1627/2649/1211
f 1530/2655/1216 1531/2749/1272 1626/2650/1202 1627/2649/1211
f 1616/2739/1262 1757/2750/1203 1634/2751/1273 1617/2740/1263
f 1757/2750/1203 1759/2752/1274 1635/2753/1275 1634/2751/1273
f 1616/2739/1262 1761/2754/1276 1762/2755/1277 1757/2750/1203
f 1632/2663/1223 1637/2738/1261 1636/2741/1264 1554/2664/1224
f 1765/2756/1278 1640/2757/1279 1639/2758/1280 1767/2759/1203
f 1767/2759/1203 1639/2758/1280 1642/2760/1281 1770/2761/1203
f 1639/2758/1280 1640/2757/1279 1637/2762/1261 1638/2763/1282
f 1770/2761/1203 1642/2760/1281 1643/2764/1283 1773/2765/1284
f 1642/2760/1281 1639/2758/1280 1641/2766/1285
f 1648/2767/1286 1645/2636/1203 1647/2635/1202 1649/2768/1202
f 1651/2769/1287 1648/2767/1286 1649/2768/1202 1650/2770/1202
f 1653/2771/1288 1651/2769/1287 1650/2770/1202 1652/2772/1202
f 1655/2773/1289 1653/2771/1288 1652/2772/1202 1654/2774/1202
f 1660/2775/1290 1655/2773/1289 1654/2774/1202 1659/2776/1202
f 1645/2636/1203 1648/2767/1286 1657/2777/1291 1656/2645/1203
f 1651/2769/1287 1653/2771/1288 1658/2778/1292 1680/2779/1293
f 1750/2780/1294 1660/2775/1290 1659/2776/1202 1749/2781/1202
f 1655/2773/1289 1660/2775/1290 1662/2782/1295 1661/2783/1296
f 1750/2780/1294 1644/2784/1297 1663/2785/1298 1751/2786/1299
f 1751/2786/1299 1663/2785/1298 1665/2787/1300 1752/2788/1301
f 1752/2788/1301 1665/2787/1300 1667/2789/1302 1753/2790/1303
f 1753/2790/1303 1667/2789/1302 1669/2791/1304 1754/2792/1305
f 1756/2793/1203 1722/2794/1306 1671/2795/1307 1755/2796/1308
f 1673/2797/1309 1674/2798/1310 1675/2799/1311 1681/2800/1312
f 1676/2801/1313 1677/2802/1314 1679/2803/1315 1678/2804/1316
f 1678/2804/1316 1683/2805/1203 1657/2777/1291
f 1656/2645/1203 1657/2777/1291 1683/2805/1203 1682/2675/1203
f 1661/2783/1296 1662/2782/1295 1686/2806/1317 1685/2807/1203
f 1680/2779/1293 1687/2808/1203 1679/2803/1315
f 1661/2783/1296 1685/2807/1203 1675/2799/1311
f 1678/2804/1316 1679/2803/1315 1687/2808/1203 1683/2805/1203
f 1681/2800/1312 1675/2799/1311 1685/2807/1203 1684/2809/1203
f 1681/2800/1312 1684/2809/1203 1658/2778/1292
f 1680/2779/1293 1658/2778/1292 1684/2809/1203 1687/2808/1203
f 1711/2810/1235 1710/2811/1235 1689/2812/1318 1692/2813/1318
f 1713/2684/1235 1711/2810/1235 1692/2813/1318 1688/2685/1237
f 1682/2675/1203 1683/2805/1203 1694/2814/1203 1695/2686/1203
f 1710/2811/1235 1712/2815/1319 1690/2816/1320 1689/2812/1318
f 1685/2807/1203 1686/2806/1317 1696/2817/1321 1697/2818/1203
f 1684/2809/1203 1685/2807/1203 1697/2818/1203 1691/2819/1203
f 1683/2805/1203 1687/2808/1203 1693/2820/1203 1694/2814/1203
f 1687/2808/1203 1684/2809/1203 1691/2819/1203 1693/2820/1203
f 1697/2818/1203 1696/2817/1321 1702/2821/1322 1703/2822/1203
f 1695/2686/1203 1694/2814/1203 1701/2823/1203 1698/2696/1203
f 1691/2819/1203 1697/2818/1203 1703/2822/1203 1699/2824/1203
f 1694/2814/1203 1693/2820/1203 1700/2825/1203 1701/2823/1203
f 1693/2820/1203 1691/2819/1203 1699/2824/1203 1700/2825/1203
f 1702/2821/1322 1696/2817/1321 1704/2826/1323 1705/2827/1324
f 1703/2822/1203 1702/2821/1322 1707/2828/1325 1709/2829/1235
f 1698/2696/1203 1701/2823/1203 1706/2830/1235 1708/2706/1235
f 1699/2824/1203 1703/2822/1203 1709/2829/1235
f 1701/2823/1203 1700/2825/1203 1706/2830/1235
f 1700/2825/1203 1699/2824/1203 1709/2829/1235 1706/2830/1235
f 1709/2829/1235 1707/2828/1325 1712/2815/1319 1710/2811/1235
f 1708/2706/1235 1706/2830/1235 1711/2810/1235 1713/2684/1235
f 1706/2830/1235 1709/2829/1235 1710/2811/1235 1711/2810/1235
f 1666/2831/1326 1712/2815/1319 1707/2828/1325 1664/2832/1327
f 1721/2833/1203 1718/2834/1203 1717/2835/1328 1716/2836/1329
f 1720/2837/1330 1719/2838/1203 1715/2839/1329 1714/2840/1331
f 1719/2838/1203 1721/2833/1203 1716/2836/1329 1715/2839/1329
f 1737/2841/1203 1738/2842/1203 1721/2833/1203 1719/2838/1203
f 1741/2843/1330 1737/2841/1203 1719/2838/1203 1720/2837/1330
f 1738/2842/1203 1736/2844/1332 1718/2834/1203 1721/2833/1203
f 1754/2792/1305 1669/2791/1304 1722/2794/1306 1756/2793/1203
f 1744/2845/1333 1723/2846/1334 1672/2847/1335 1745/2848/1336
f 1689/2812/1318 1690/2816/1320 1726/2849/1337 1727/2850/1318
f 1688/2685/1237 1692/2813/1318 1724/2851/1318 1725/2852/1338
f 1692/2813/1318 1689/2812/1318 1727/2850/1318 1724/2851/1318
f 1727/2850/1318 1726/2849/1337 1728/2853/1339 1729/2854/1203
f 1725/2852/1338 1724/2851/1318 1730/2855/1203 1731/2856/1340
f 1724/2851/1318 1727/2850/1318 1729/2854/1203 1730/2855/1203
f 1729/2854/1203 1728/2853/1339 1732/2857/1341 1733/2858/1203
f 1731/2856/1340 1730/2855/1203 1734/2859/1203 1735/2860/1330
f 1730/2855/1203 1729/2854/1203 1733/2858/1203 1734/2859/1203
f 1733/2858/1203 1732/2857/1341 1736/2844/1332 1738/2842/1203
f 1735/2860/1330 1734/2859/1203 1737/2841/1203 1741/2843/1330
f 1734/2859/1203 1733/2858/1203 1738/2842/1203 1737/2841/1203
f 1764/2861/1342 1763/2862/1343 1740/2863/1344 1739/2864/1345
f 1670/2865/1346 1732/2857/1341 1728/2853/1339 1668/2866/1347
f 1726/2849/1337 1690/2816/1320 1742/2867/1348 1743/2868/1349
f 1718/2834/1203 1744/2845/1333 1745/2848/1336 1717/2835/1328
f 1744/2845/1333 1718/2834/1203 1746/2869/1350 1748/2870/1351
f 1718/2834/1203 1736/2844/1332 1747/2871/1352 1746/2869/1350
f 1670/2865/1346 1754/2792/1305 1756/2793/1203 1723/2846/1334
f 1723/2846/1334 1756/2793/1203 1755/2796/1308 1672/2847/1335
f 1668/2866/1347 1753/2790/1303 1754/2792/1305 1670/2865/1346
f 1666/2831/1326 1752/2788/1301 1753/2790/1303 1668/2866/1347
f 1664/2832/1327 1751/2786/1299 1752/2788/1301 1666/2831/1326
f 1660/2775/1290 1750/2780/1294 1751/2786/1299 1664/2832/1327
f 1644/2784/1297 1750/2780/1294 1749/2781/1202 1646/2872/1353
f 1739/2864/1345 1740/2863/1344 1758/2873/1354 1757/2750/1203
f 1757/2750/1203 1758/2873/1354 1760/2874/1355 1759/2752/1274
f 1739/2864/1345 1757/2750/1203 1762/2755/1277 1761/2754/1276
f 1755/2796/1308 1671/2795/1307 1763/2862/1343 1764/2861/1342
f 1765/2756/1278 1767/2759/1203 1768/2875/1356 1769/2876/1357
f 1767/2759/1203 1770/2761/1203 1772/2877/1358 1768/2875/1356
f 1768/2875/1356 1766/2878/1359 1764/2879/1342 1769/2876/1357
f 1770/2761/1203 1773/2765/1284 1774/2880/1360 1772/2877/1358
f 1772/2877/1358 1771/2881/1361 1768/2875/1356
f 1487/2882/1180 1732/2883/1341 1670/2884/1346 1425/2885/1185
f 1336/2886/1080 1581/2887/1241 1586/2888/1244 1341/2889/1083
f 1318/2890/1049 1563/2891/1209 1535/2892/1204 1290/2893/1043
f 1368/2894/1090 1613/2895/1251 1624/2896/1271 1379/2897/1110
f 1422/2898/1142 1667/2899/1302 1665/2900/1300 1420/2901/1140
f 1423/2902/1186 1668/2903/1347 1728/2904/1339 1483/2905/1178
f 1516/2906/1116 1761/2907/1276 1616/2908/1262 1371/2909/1103
f 1297/2910/1042 1542/2911/1202 1626/2912/1202 1381/2913/1042
f 1421/2914/1165 1666/2915/1326 1668/2916/1347 1423/2917/1186
f 1286/2918/1111 1531/2919/1272 1530/2920/1216 1285/2921/1053
f 1498/2922/1187 1743/2923/1349 1742/2924/1348 1497/2925/1188
f 1319/2926/1068 1564/2927/1227 1556/2928/1226 1311/2929/1065
f 1481/2930/1176 1726/2931/1337 1743/2932/1349 1498/2933/1187
f 1309/2934/1063 1554/2935/1224 1636/2936/1264 1391/2937/1101
f 1316/2938/1072 1295/2939/1047 1540/2940/1208 1561/2941/1231
f 1424/2942/1144 1669/2943/1304 1667/2899/1302 1422/2898/1142
f 1497/2944/1188 1742/2945/1348 1690/2946/1320 1445/2947/1158
f 1371/2948/1103 1616/2949/1262 1637/2950/1261 1392/2951/1100
f 1299/2952/1052 1313/2953/1067 1558/2954/1228 1544/2955/1212
f 1381/2913/1042 1626/2912/1202 1531/2956/1272 1286/2957/1111
f 1427/2958/1174 1672/2959/1335 1755/2960/1308 1510/2961/1145
f 1290/2962/1043 1535/2963/1204 1532/2964/1201 1287/2965/1040
f 1472/2966/1168 1717/2967/1328 1745/2968/1336 1500/2969/1173
f 1520/2970/1117 1395/2971/1119 1640/2972/1279 1765/2973/1278
f 1426/2974/1146 1671/2975/1307 1722/2976/1306 1477/2977/1147
f 1402/2978/1042 1647/2979/1202 1533/2980/1202 1288/2981/1042
f 1304/2982/1084 1549/2983/1245 1590/2984/1239 1345/2985/1077
f 1323/2986/1073 1568/2987/1234 1576/2988/1240 1331/2989/1079
f 1513/2990/1193 1758/2991/1354 1740/2992/1344 1495/2993/1183
f 1425/2994/1185 1670/2995/1346 1723/2996/1334 1478/2997/1175
f 1501/2998/1190 1746/2999/1350 1747/3000/1352 1502/3001/1191
f 1341/3002/1083 1586/3003/1244 1547/3004/1246 1302/3005/1085
f 1514/3006/1114 1759/3007/1274 1760/3008/1355 1515/3009/1194
f 1429/3010/1151 1674/3011/1310 1673/3012/1309 1428/3013/1148
f 1288/2981/1042 1533/2980/1202 1534/3014/1202 1289/3015/1042
f 1503/3016/1189 1748/3017/1351 1746/3018/1350 1501/3019/1190
f 1347/3020/1087 1592/3021/1247 1591/3022/1250 1346/3023/1089
f 1392/3024/1100 1393/3025/1121 1638/3026/1282 1637/3027/1261
f 1460/3028/1162 1705/3029/1324 1704/3030/1323 1459/3031/1163
f 1515/3032/1194 1760/3033/1355 1758/2991/1354 1513/2990/1193
f 1430/3034/1150 1675/3035/1311 1674/3036/1310 1429/3037/1151
f 1499/3038/1172 1744/3039/1333 1748/3040/1351 1503/3041/1189
f 1393/3042/1121 1394/3043/1118 1639/3044/1280 1638/3045/1282
f 1457/3046/1161 1702/3047/1322 1705/3048/1324 1460/3049/1162
f 1494/3050/1182 1739/3051/1345 1761/3052/1276 1516/3053/1116
f 1432/3054/1155 1677/3055/1314 1676/3056/1313 1431/3057/1152
f 1357/3058/1096 1602/3059/1257 1688/3060/1237 1443/3061/1076
f 1395/3062/1119 1392/3063/1100 1637/3064/1261 1640/3065/1279
f 1459/3066/1163 1704/3067/1323 1696/3068/1321 1451/3069/1160
f 1518/3070/1184 1763/3071/1343 1671/2975/1307 1426/2974/1146
f 1289/3015/1042 1534/3014/1202 1536/3072/1202 1291/3073/1042
f 1502/3074/1191 1747/3075/1352 1736/3076/1332 1491/3077/1171
f 1519/3078/1181 1764/3079/1342 1739/3080/1345 1494/3081/1182
f 1434/3082/1154 1679/3083/1315 1677/3084/1314 1432/3085/1155
f 1294/3086/1045 1539/3087/1206 1537/3088/1205 1292/3089/1044
f 1504/3090/1042 1749/3091/1202 1659/3092/1202 1414/3093/1042
f 1462/3094/1164 1707/3095/1325 1702/3096/1322 1457/3097/1161
f 1300/3098/1051 1545/3099/1213 1568/3100/1234 1323/3101/1073
f 1431/3102/1152 1676/3103/1313 1678/3104/1316 1433/3105/1153
f 1524/3106/1195 1520/3107/1117 1765/3108/1278 1769/3109/1357
f 1434/3110/1154 1435/3111/1131 1680/3112/1293 1679/3113/1315
f 1291/3073/1042 1536/3072/1202 1538/3114/1202 1293/3115/1042
f 1346/3116/1089 1591/3117/1250 1597/3118/1249 1352/3119/1088
f 1394/3120/1118 1396/3121/1124 1641/3122/1285 1639/3123/1280
f 1413/3124/1132 1436/3125/1149 1681/3126/1312 1658/3127/1292
f 1396/3128/1124 1397/3129/1120 1642/3130/1281 1641/3131/1285
f 1521/3132/1198 1519/3133/1181 1764/3134/1342 1766/3135/1359
f 1349/3136/1086 1594/3137/1248 1593/3138/1247 1348/3139/1087
f 1523/3140/1196 1521/3141/1198 1766/3142/1359 1768/3143/1356
f 1348/3144/1087 1593/3145/1247 1592/3146/1247 1347/3147/1087
f 1406/3148/1126 1651/3149/1287 1680/3150/1293 1435/3151/1131
f 1307/3152/1060 1552/3153/1222 1599/3154/1225 1354/3155/1062
f 1398/3156/1123 1528/3157/1122 1773/3158/1284 1643/3159/1283
f 1467/3160/1159 1712/3161/1319 1666/3162/1326 1421/3163/1165
f 1519/3164/1181 1524/3165/1195 1769/3166/1357 1764/3167/1342
f 1287/3168/1040 1532/3169/1201 1540/3170/1208 1295/3171/1047
f 1419/3172/1166 1664/3173/1327 1707/3174/1325 1462/3175/1164
f 1428/3176/1148 1673/3177/1309 1681/3178/1312 1436/3179/1149
f 1397/3180/1120 1398/3181/1123 1643/3182/1283 1642/3183/1281
f 1469/3184/1170 1714/3185/1331 1715/3186/1329 1470/3187/1167
f 1412/3188/1130 1433/3189/1153 1678/3190/1316 1657/3191/1291
f 1292/3192/1044 1537/3193/1205 1541/3194/1210 1296/3195/1048
f 1376/3196/1091 1621/3197/1252 1600/3198/1255 1355/3199/1092
f 1399/3200/1138 1644/3201/1297 1646/3202/1353 1401/3203/1192
f 1526/3204/1200 1523/3205/1196 1768/3206/1356 1771/3207/1361
f 1392/3208/1100 1637/3209/1261 1632/3210/1223 1387/3211/1064
f 1430/3212/1150 1416/3213/1134 1661/3214/1296 1675/3215/1311
f 1293/3115/1042 1538/3114/1202 1542/2911/1202 1297/2910/1042
f 1310/3216/1093 1555/3217/1254 1622/3218/1253 1377/3219/1094
f 1443/3220/1076 1688/3221/1237 1725/3222/1338 1480/3223/1177
f 1527/3224/1197 1526/3225/1200 1771/3226/1361 1772/3227/1358
f 1401/3228/1192 1646/3229/1353 1749/3091/1202 1504/3090/1042
f 1363/3230/1098 1608/3231/1259 1602/3232/1257 1357/3233/1096
f 1403/3234/1125 1648/3235/1286 1651/3236/1287 1406/3237/1126
f 1528/3238/1122 1529/3239/1199 1774/3240/1360 1773/3241/1284
f 1451/3242/1160 1696/3243/1321 1686/3244/1317 1441/3245/1156
f 1404/3246/1042 1649/3247/1202 1647/2979/1202 1402/2978/1042
f 1529/3248/1199 1527/3249/1197 1772/3250/1358 1774/3251/1360
f 1298/3252/1046 1543/3253/1207 1545/3254/1213 1300/3255/1051
f 1475/3256/1169 1720/3257/1330 1714/3258/1331 1469/3259/1170
f 1345/3260/1077 1590/3261/1239 1571/3262/1238 1326/3263/1078
f 1299/3264/1052 1544/3265/1212 1539/3266/1206 1294/3267/1045
f 1358/3268/1095 1603/3269/1256 1605/3270/1258 1360/3271/1097
f 1405/3272/1042 1650/3273/1202 1649/3247/1202 1404/3246/1042
f 1471/3274/1167 1716/3275/1329 1717/3276/1328 1472/3277/1168
f 1285/2921/1053 1530/2920/1216 1546/3278/1215 1301/3279/1054
f 1470/3280/1167 1715/3281/1329 1716/3282/1329 1471/3283/1167
f 1367/3284/1088 1612/3285/1249 1608/3286/1259 1363/3287/1098
f 1477/2977/1147 1722/2976/1306 1669/2943/1304 1424/2942/1144
f 1441/3288/1156 1686/3289/1317 1662/3290/1295 1417/3291/1135
f 1302/3292/1085 1547/3293/1246 1543/3294/1207 1298/3295/1046
f 1407/3296/1042 1652/3297/1202 1650/3273/1202 1405/3272/1042
f 1408/3298/1127 1653/3299/1288 1655/3300/1289 1410/3301/1128
f 1301/3279/1054 1546/3278/1215 1548/3302/1218 1303/3303/1056
f 1478/3304/1175 1723/3305/1334 1744/3306/1333 1499/3307/1172
f 1510/3308/1145 1755/3309/1308 1764/3310/1342 1519/3311/1181
f 1373/3312/1088 1618/3313/1249 1612/3314/1249 1367/3315/1088
f 1409/3316/1042 1654/3317/1202 1652/3297/1202 1407/3296/1042
f 1500/3318/1173 1745/3319/1336 1672/3320/1335 1427/3321/1174
f 1303/3303/1056 1548/3302/1218 1550/3322/1220 1305/3323/1058
f 1364/3324/1099 1609/3325/1260 1613/3326/1251 1368/3327/1090
f 1480/3328/1177 1725/3329/1338 1731/3330/1340 1486/3331/1179
f 1306/3332/1105 1551/3333/1266 1549/3334/1245 1304/3335/1084
f 1352/3336/1088 1597/3337/1249 1618/3338/1249 1373/3339/1088
f 1412/3340/1130 1657/3341/1291 1648/3342/1286 1403/3343/1125
f 1305/3323/1058 1550/3322/1220 1552/3153/1222 1307/3152/1060
f 1413/3344/1132 1658/3345/1292 1653/3346/1288 1408/3347/1127
f 1483/3348/1178 1728/3349/1339 1726/3350/1337 1481/3351/1176
f 1391/2937/1101 1636/2936/1264 1617/3352/1263 1372/3353/1102
f 1414/3093/1042 1659/3092/1202 1654/3317/1202 1409/3316/1042
f 1387/3354/1064 1632/3355/1223 1555/3356/1254 1310/3357/1093
f 1308/3358/1104 1553/3359/1265 1609/3360/1260 1364/3361/1099
f 1486/3362/1179 1731/3363/1340 1735/3364/1330 1490/3365/1169
f 1445/3366/1158 1690/3367/1320 1712/3368/1319 1467/3369/1159
f 1354/3155/1062 1599/3154/1225 1554/2935/1224 1309/2934/1063
f 1360/3370/1097 1605/3371/1258 1551/3372/1266 1306/3373/1105
f 1355/3374/1092 1600/3375/1255 1553/3376/1265 1308/3377/1104
f 1374/3378/1106 1619/3379/1268 1620/3380/1267 1375/3381/1107
f 1311/3382/1065 1556/3383/1226 1557/3384/1229 1312/3385/1066
f 1375/3386/1107 1620/3387/1267 1603/3388/1256 1358/3389/1095
f 1417/3390/1135 1662/3391/1295 1660/3392/1290 1415/3393/1129
f 1312/3394/1066 1557/3395/1229 1558/3396/1228 1313/3397/1067
f 1326/3398/1078 1571/3399/1238 1619/3400/1268 1374/3401/1106
f 1410/3402/1128 1655/3403/1289 1661/3404/1296 1416/3405/1134
f 1490/3406/1169 1735/3407/1330 1741/3408/1330 1496/3409/1169
f 1314/3410/1069 1559/3411/1230 1560/3412/1233 1315/3413/1070
f 1377/3414/1094 1622/3415/1253 1594/3416/1248 1349/3417/1086
f 1418/3418/1137 1663/3419/1298 1644/3201/1297 1399/3200/1138
f 1491/3420/1171 1736/3421/1332 1732/3422/1341 1487/3423/1180
f 1315/3424/1070 1560/3425/1233 1562/3426/1232 1317/3427/1071
f 1415/3428/1129 1660/3429/1290 1664/3430/1327 1419/3431/1166
f 1338/3432/1081 1583/3433/1243 1584/3434/1242 1339/3435/1082
f 1372/3353/1102 1617/3352/1263 1634/3436/1273 1389/3437/1112
f 1316/3438/1072 1561/3439/1231 1559/3440/1230 1314/3441/1069
f 1379/3442/1110 1624/3443/1271 1623/3444/1270 1378/3445/1108
f 1496/3446/1169 1741/3447/1330 1720/3448/1330 1475/3449/1169
f 1339/3450/1082 1584/3451/1242 1581/3452/1241 1336/3453/1080
f 1390/3454/1113 1635/3455/1275 1759/3456/1274 1514/3457/1114
f 1318/3458/1049 1317/3459/1071 1562/3460/1232 1563/3461/1209
f 1378/3462/1108 1623/3463/1270 1625/3464/1269 1380/3465/1109
f 1420/2901/1140 1665/2900/1300 1663/3419/1298 1418/3418/1137
f 1331/3466/1079 1576/3467/1240 1583/3468/1243 1338/3469/1081
f 1319/3470/1068 1296/3471/1048 1541/3472/1210 1564/3473/1227
f 1380/3474/1109 1625/3475/1269 1621/3476/1252 1376/3477/1091
f 1495/2993/1183 1740/2992/1344 1763/3071/1343 1518/3070/1184
f 1389/3437/1112 1634/3436/1273 1635/3478/1275 1390/3479/1113
o Plane.017_Plane.022
v 2.006260 -3.275974 1.300630
v 2.067183 -3.371339 1.335340
v 0.097736 -3.275974 1.300630
v 0.097736 -3.371339 1.335340
v 0.420966 -3.371339 1.335340
v 0.420966 -3.275974 1.300630
v 0.644596 -3.371339 1.335340
v 0.644596 -3.275974 1.300630
v 1.081882 -3.371339 1.335340
v 1.081882 -3.275974 1.300630
v 0.024344 -2.652436 1.073681
v 0.144673 -2.575078 1.045525
v 1.776991 -3.371339 1.335340
v 1.776991 -3.275974 1.300630
v 0.203311 -2.489849 1.014504
v 0.253280 -2.416745 0.987897
v 1.672314 -2.741655 1.106154
v 1.459648 -2.805907 1.126301
v 1.582058 -2.588992 1.050589
v 1.302557 -2.531426 1.036200
v 1.309937 -2.132870 0.884574
v 1.089333 -2.191537 0.902898
v 1.217425 -1.975966 0.827466
v 0.988156 -1.975966 0.827466
v 0.700801 -1.157694 0.529640
v 0.468398 -1.142970 0.524281
v 0.689148 -3.222329 1.281105
v 0.938969 -3.220357 1.280387
v 0.192250 -2.504894 1.019980
v 0.144388 -3.221376 1.280758
v 0.316728 -3.224953 1.282060
v 0.038787 -2.646623 1.071565
v 0.076407 -2.622902 1.062932
v 0.089033 -2.613903 1.059656
v 0.156674 -2.558718 1.039571
v 0.019185 -2.346340 0.962271
v 0.111447 -2.346340 0.962271
v 0.147937 -2.346340 0.962271
v 0.190927 -2.346340 0.962271
v 0.058809 -2.346340 0.962271
v 0.119615 -1.917404 0.809148
v 0.199095 -1.917404 0.809148
v 0.111447 -2.325686 0.954754
v 0.066978 -1.917404 0.809148
v 0.058809 -2.325686 0.954754
v 0.019185 -2.325686 0.954754
v 0.190927 -2.325686 0.954754
v 0.147937 -2.325686 0.954754
v 0.111447 -2.083480 0.866598
v 0.058809 -2.083480 0.866598
v 0.019185 -2.083480 0.866598
v 0.190927 -2.083480 0.866598
v 0.147937 -2.083480 0.866598
v 1.660717 -3.169579 1.254867
v 1.418255 -2.842042 1.140198
v 0.058809 -2.041720 0.851399
v 0.190927 -2.041720 0.851399
v 0.111447 -2.041720 0.851399
v 0.111447 -1.945685 0.819441
v 0.058809 -1.945685 0.819441
v 0.190927 -1.945685 0.819441
v 0.123525 -1.111228 0.512728
v 0.196818 -1.117727 0.515093
v 0.249223 -1.122374 0.516784
v 0.328351 -1.129390 0.519338
v 0.309510 -1.230262 0.556052
v 0.177897 -1.220199 0.552390
v 0.104560 -1.214591 0.550349
v 0.230334 -1.224208 0.553849
v 0.760052 -1.250810 0.563531
v 0.527978 -1.237628 0.558734
v 0.107239 -1.600466 0.690796
v 0.033728 -1.598329 0.690018
v 0.239164 -1.604302 0.692192
v 0.159800 -1.601995 0.691352
v 0.244698 -1.577258 0.682348
v 0.165356 -1.574512 0.681349
v 0.112810 -1.572694 0.680687
v 0.039319 -1.570151 0.679762
v 0.261884 -1.485250 0.648860
v 0.182585 -1.481628 0.647542
v 0.130068 -1.479229 0.646669
v 0.056618 -1.475873 0.645447
v 0.268931 -1.447518 0.635127
v 0.137146 -1.440898 0.632718
v 0.189651 -1.443536 0.633677
v 0.140940 -0.375375 0.244899
v 0.206651 -0.379538 0.246414
v 0.063712 -1.437209 0.631375
v 1.204428 -2.436350 0.995032
v 1.051178 -2.230494 0.920107
v 0.481606 -1.236065 0.558164
v 0.438672 -1.140087 0.523231
v 0.804928 -1.762056 0.749610
v 0.839271 -1.822814 0.771723
v 0.758448 -1.679828 0.719681
v 1.985132 -3.371339 1.335340
v 1.941435 -3.275974 1.300630
v 1.607489 -2.741655 1.106154
v 1.517233 -2.588992 1.050589
v 1.245112 -2.132870 0.884574
v 1.152600 -1.975966 0.827466
v 0.635090 -1.153531 0.528124
v 0.694433 -1.247083 0.562175
v 0.019370 -0.057250 0.129111
v 0.001319 -0.027565 0.118307
v 0.223387 -0.405892 0.256007
v 0.157675 -0.401729 0.254491
v 0.323510 -0.721985 0.371055
v 0.081675 -0.584361 0.320964
v 0.070414 -0.406142 0.256098
v 0.559591 -1.103396 0.509877
v 0.097022 -1.059089 0.493751
v 0.040989 -1.294708 0.579509
v -2.036349 -3.275974 1.300631
v -0.015045 -3.275974 1.300630
v -2.097272 -3.371339 1.335341
v -0.015045 -3.371339 1.335340
v -0.127825 -3.275974 1.300630
v -0.127825 -3.371339 1.335340
v -0.451055 -3.371339 1.335340
v -0.451055 -3.275974 1.300630
v -0.674685 -3.371339 1.335340
v -0.674685 -3.275974 1.300630
v -1.111971 -3.371339 1.335341
v -1.111971 -3.275974 1.300631
v -0.015045 -2.652266 1.073619
v -0.054433 -2.652436 1.073681
v -0.174762 -2.575078 1.045525
v -1.807081 -3.371339 1.335341
v -1.807081 -3.275974 1.300631
v -0.233401 -2.489849 1.014504
v -0.283369 -2.416745 0.987897
v -1.702403 -2.741655 1.106154
v -1.489738 -2.805907 1.126302
v -1.612147 -2.588992 1.050590
v -1.332647 -2.531426 1.036201
v -1.340026 -2.132870 0.884575
v -1.119423 -2.191537 0.902898
v -1.247514 -1.975966 0.827467
v -1.018246 -1.975966 0.827467
v -0.730891 -1.157694 0.529640
v -0.498488 -1.142970 0.524281
v -0.719237 -3.222329 1.281105
v -0.969059 -3.220357 1.280388
v -0.222339 -2.504894 1.019980
v -0.174477 -3.221376 1.280758
v -0.346817 -3.224953 1.282060
v -0.068876 -2.646623 1.071565
v -0.106496 -2.622902 1.062932
v -0.119122 -2.613903 1.059656
v -0.186763 -2.558718 1.039571
v -0.015045 -2.346340 0.962271
v -0.049274 -2.346340 0.962271
v -0.141536 -2.346340 0.962271
v -0.178026 -2.346340 0.962271
v -0.221016 -2.346340 0.962271
v -0.088899 -2.346340 0.962271
v -0.015045 -1.917404 0.809148
v -0.149705 -1.917404 0.809148
v -0.229185 -1.917404 0.809148
v -0.141536 -2.325686 0.954754
v -0.097067 -1.917404 0.809148
v -0.088899 -2.325686 0.954754
v -0.049274 -2.325686 0.954754
v -0.015045 -2.325686 0.954754
v -0.221016 -2.325686 0.954754
v -0.178026 -2.325686 0.954754
v -0.015045 -2.083480 0.866598
v -0.141536 -2.083480 0.866598
v -0.088899 -2.083480 0.866598
v -0.049274 -2.083480 0.866598
v -0.221016 -2.083480 0.866598
v -0.178026 -2.083480 0.866598
v -1.690806 -3.169579 1.254867
v -1.448344 -2.842042 1.140198
v -0.088899 -2.041720 0.851399
v -0.221016 -2.041720 0.851399
v -0.015045 -2.041720 0.851399
v -0.141536 -2.041720 0.851399
v -0.141536 -1.945685 0.819441
v -0.088899 -1.945685 0.819441
v -0.221016 -1.945685 0.819441
v -0.015045 -1.945685 0.819441
v -0.153615 -1.111228 0.512728
v -0.226908 -1.117727 0.515093
v -0.279313 -1.122374 0.516784
v -0.358441 -1.129390 0.519338
v -0.339600 -1.230262 0.556053
v -0.207987 -1.220199 0.552390
v -0.134649 -1.214591 0.550349
v -0.260423 -1.224208 0.553849
v -0.790141 -1.250810 0.563531
v -0.558067 -1.237628 0.558734
v -0.137329 -1.600466 0.690796
v -0.063817 -1.598329 0.690018
v -0.269254 -1.604302 0.692192
v -0.189890 -1.601995 0.691352
v -0.274788 -1.577258 0.682348
v -0.195446 -1.574512 0.681349
v -0.142899 -1.572694 0.680687
v -0.069408 -1.570151 0.679762
v -0.291973 -1.485250 0.648861
v -0.212675 -1.481628 0.647542
v -0.160158 -1.479229 0.646669
v -0.086707 -1.475873 0.645447
v -0.299021 -1.447518 0.635127
v -0.167235 -1.440898 0.632718
v -0.219740 -1.443536 0.633678
v -0.171029 -0.375375 0.244899
v -0.236740 -0.379538 0.246414
v -0.093801 -1.437209 0.631375
v -1.234517 -2.436350 0.995032
v -1.081267 -2.230494 0.920107
v -0.511695 -1.236065 0.558165
v -0.468762 -1.140087 0.523232
v -0.835017 -1.762056 0.749610
v -0.869360 -1.822814 0.771724
v -0.788538 -1.679828 0.719681
v -2.015221 -3.371339 1.335341
v -1.971524 -3.275974 1.300631
v -1.637578 -2.741655 1.106154
v -1.547322 -2.588992 1.050590
v -1.275201 -2.132870 0.884575
v -1.182689 -1.975966 0.827467
v -0.665179 -1.153531 0.528125
v -0.724523 -1.247083 0.562175
v -0.015045 -0.053087 0.127596
v -0.049460 -0.057250 0.129111
v -0.015045 -0.023402 0.116792
v -0.031409 -0.027565 0.118307
v -0.015045 -0.371694 0.243559
v -0.015045 -0.049405 0.126256
v -0.253476 -0.405892 0.256007
v -0.187765 -0.401729 0.254491
v -0.015045 -0.410464 0.257671
v -0.353599 -0.721985 0.371055
v -0.015045 -0.584361 0.320964
v -0.111764 -0.584361 0.320964
v -0.100504 -0.406142 0.256098
v -0.015045 -1.048355 0.489844
v -0.589681 -1.103396 0.509877
v -0.127112 -1.059089 0.493751
v -0.015045 -1.520792 0.661797
v -0.071078 -1.294708 0.579509
v 2.006260 -3.319112 1.182109
v 2.067183 -3.414477 1.216819
v 0.097736 -3.319112 1.182110
v 0.097736 -3.414477 1.216820
v 0.420966 -3.414477 1.216820
v 0.420966 -3.319112 1.182110
v 0.644596 -3.414477 1.216820
v 0.644596 -3.319112 1.182110
v 1.081882 -3.414477 1.216820
v 1.081882 -3.319112 1.182109
v 0.024344 -2.695574 0.955160
v 0.144673 -2.618216 0.927004
v 1.776991 -3.414477 1.216820
v 1.776991 -3.319112 1.182109
v 0.203311 -2.532987 0.895984
v 0.253280 -2.459883 0.869376
v 1.672314 -2.784793 0.987633
v 1.459648 -2.849045 1.007780
v 1.582058 -2.632130 0.932069
v 1.302557 -2.574564 0.917680
v 1.309937 -2.176008 0.766054
v 1.089333 -2.234675 0.784377
v 1.217425 -2.019104 0.708946
v 0.988156 -2.019104 0.708946
v 0.700801 -1.200832 0.411119
v 0.468398 -1.186107 0.405760
v 0.689148 -3.265467 1.162584
v 0.938969 -3.263495 1.161867
v 0.192250 -2.548032 0.901460
v 0.144388 -3.264514 1.162238
v 0.316728 -3.268091 1.163540
v 0.038787 -2.689761 0.953045
v 0.076407 -2.666040 0.944411
v 0.089033 -2.657041 0.941136
v 0.156673 -2.601856 0.921050
v 0.019185 -2.389478 0.843751
v 0.111447 -2.389478 0.843751
v 0.147937 -2.389478 0.843751
v 0.190927 -2.389478 0.843751
v 0.058809 -2.389478 0.843751
v 0.119615 -1.960541 0.690627
v 0.199095 -1.960541 0.690627
v 0.111447 -2.368824 0.836233
v 0.066978 -1.960541 0.690627
v 0.058809 -2.368824 0.836233
v 0.019185 -2.368824 0.836233
v 0.190927 -2.368824 0.836233
v 0.147937 -2.368824 0.836233
v 0.111447 -2.126618 0.748077
v 0.058809 -2.126618 0.748077
v 0.019185 -2.126618 0.748077
v 0.190927 -2.126618 0.748077
v 0.147937 -2.126618 0.748077
v 1.660717 -3.212717 1.136346
v 1.418255 -2.885180 1.021677
v 0.058809 -2.084858 0.732878
v 0.190927 -2.084858 0.732878
v 0.111447 -2.084858 0.732878
v 0.111447 -1.988823 0.700921
v 0.058809 -1.988823 0.700921
v 0.190927 -1.988823 0.700921
v 0.123525 -1.154366 0.394207
v 0.196818 -1.160865 0.396572
v 0.249223 -1.165512 0.398264
v 0.328351 -1.172528 0.400817
v 0.309510 -1.273400 0.437532
v 0.177897 -1.263337 0.433869
v 0.104560 -1.257729 0.431828
v 0.230334 -1.267346 0.435328
v 0.760052 -1.293948 0.445010
v 0.527978 -1.280766 0.440213
v 0.107239 -1.643604 0.572275
v 0.033728 -1.641467 0.571497
v 0.239164 -1.647440 0.573671
v 0.159800 -1.645133 0.572831
v 0.244698 -1.620396 0.563828
v 0.165356 -1.617650 0.562828
v 0.112810 -1.615832 0.562167
v 0.039319 -1.613289 0.561241
v 0.261884 -1.528388 0.530340
v 0.182585 -1.524766 0.529021
v 0.130068 -1.522367 0.528148
v 0.056618 -1.519011 0.526927
v 0.268931 -1.490656 0.516606
v 0.137146 -1.484036 0.514197
v 0.189651 -1.486673 0.515157
v 0.140940 -0.418512 0.126379
v 0.206651 -0.422676 0.127894
v 0.063712 -1.480347 0.512854
v 1.204428 -2.479488 0.876511
v 1.051178 -2.273632 0.801586
v 0.481606 -1.279203 0.439644
v 0.438672 -1.183225 0.404711
v 0.804928 -1.805194 0.631089
v 0.839271 -1.865952 0.653203
v 0.758448 -1.722966 0.601160
v 1.985132 -3.414477 1.216819
v 1.941435 -3.319112 1.182109
v 1.607489 -2.784793 0.987633
v 1.517233 -2.632130 0.932069
v 1.245112 -2.176008 0.766054
v 1.152600 -2.019104 0.708946
v 0.635090 -1.196669 0.409604
v 0.694433 -1.290221 0.443654
v 0.019370 -0.100388 0.010591
v 0.001319 -0.070703 -0.000214
v 0.223387 -0.449030 0.137486
v 0.157675 -0.444867 0.135971
v 0.323510 -0.765123 0.252534
v 0.081675 -0.627499 0.202443
v 0.070414 -0.449280 0.137577
v 0.559591 -1.146534 0.391356
v 0.097022 -1.102227 0.375230
v 0.040989 -1.337846 0.460988
v -2.036349 -3.319112 1.182110
v -0.015045 -3.319112 1.182110
v -2.097272 -3.414477 1.216820
v -0.015045 -3.414477 1.216820
v -0.127825 -3.319112 1.182110
v -0.127825 -3.414477 1.216820
v -0.451055 -3.414477 1.216820
v -0.451055 -3.319112 1.182110
v -0.674685 -3.414477 1.216820
v -0.674685 -3.319112 1.182110
v -1.111971 -3.414477 1.216820
v -1.111971 -3.319112 1.182110
v -0.015045 -2.695404 0.955099
v -0.054433 -2.695574 0.955160
v -0.174762 -2.618216 0.927005
v -1.807081 -3.414477 1.216820
v -1.807081 -3.319112 1.182110
v -0.233401 -2.532987 0.895984
v -0.283369 -2.459883 0.869376
v -1.702403 -2.784793 0.987634
v -1.489738 -2.849045 1.007781
v -1.612147 -2.632130 0.932069
v -1.332647 -2.574564 0.917680
v -1.340026 -2.176008 0.766054
v -1.119423 -2.234675 0.784378
v -1.247514 -2.019104 0.708946
v -1.018246 -2.019104 0.708946
v -0.730891 -1.200832 0.411119
v -0.498488 -1.186107 0.405760
v -0.719237 -3.265467 1.162585
v -0.969059 -3.263495 1.161867
v -0.222339 -2.548032 0.901460
v -0.174477 -3.264514 1.162238
v -0.346817 -3.268091 1.163540
v -0.068876 -2.689761 0.953045
v -0.106496 -2.666040 0.944411
v -0.119122 -2.657041 0.941136
v -0.186763 -2.601856 0.921050
v -0.015045 -2.389478 0.843751
v -0.049274 -2.389478 0.843751
v -0.141536 -2.389478 0.843751
v -0.178026 -2.389478 0.843751
v -0.221016 -2.389478 0.843751
v -0.088899 -2.389478 0.843751
v -0.015045 -1.960541 0.690627
v -0.149705 -1.960541 0.690627
v -0.229185 -1.960541 0.690627
v -0.141536 -2.368824 0.836233
v -0.097067 -1.960541 0.690627
v -0.088899 -2.368824 0.836233
v -0.049274 -2.368824 0.836233
v -0.015045 -2.368824 0.836233
v -0.221016 -2.368824 0.836233
v -0.178026 -2.368824 0.836233
v -0.015045 -2.126618 0.748077
v -0.141536 -2.126618 0.748078
v -0.088899 -2.126618 0.748077
v -0.049274 -2.126618 0.748077
v -0.221016 -2.126618 0.748078
v -0.178026 -2.126618 0.748078
v -1.690806 -3.212717 1.136346
v -1.448344 -2.885180 1.021677
v -0.088899 -2.084858 0.732878
v -0.221016 -2.084858 0.732878
v -0.015045 -2.084858 0.732878
v -0.141536 -2.084858 0.732878
v -0.141536 -1.988823 0.700921
v -0.088899 -1.988823 0.700921
v -0.221016 -1.988823 0.700921
v -0.015045 -1.988823 0.700921
v -0.153615 -1.154366 0.394207
v -0.226908 -1.160865 0.396572
v -0.279313 -1.165512 0.398264
v -0.358441 -1.172528 0.400817
v -0.339600 -1.273400 0.437532
v -0.207987 -1.263337 0.433869
v -0.134649 -1.257729 0.431828
v -0.260423 -1.267346 0.435328
v -0.790141 -1.293948 0.445011
v -0.558067 -1.280766 0.440213
v -0.137329 -1.643604 0.572275
v -0.063817 -1.641467 0.571497
v -0.269254 -1.647440 0.573671
v -0.189890 -1.645133 0.572831
v -0.274788 -1.620396 0.563828
v -0.195446 -1.617650 0.562829
v -0.142899 -1.615832 0.562167
v -0.069408 -1.613289 0.561241
v -0.291973 -1.528388 0.530340
v -0.212675 -1.524766 0.529021
v -0.160158 -1.522367 0.528148
v -0.086707 -1.519011 0.526927
v -0.299021 -1.490656 0.516607
v -0.167235 -1.484036 0.514197
v -0.219740 -1.486673 0.515157
v -0.171029 -0.418512 0.126379
v -0.236740 -0.422676 0.127894
v -0.093801 -1.480347 0.512854
v -1.234517 -2.479488 0.876512
v -1.081267 -2.273632 0.801587
v -0.511695 -1.279203 0.439644
v -0.468762 -1.183225 0.404711
v -0.835017 -1.805194 0.631089
v -0.869360 -1.865952 0.653203
v -0.788538 -1.722966 0.601161
v -2.015221 -3.414477 1.216820
v -1.971524 -3.319112 1.182110
v -1.637578 -2.784793 0.987634
v -1.547322 -2.632130 0.932069
v -1.275201 -2.176008 0.766054
v -1.182689 -2.019104 0.708946
v -0.665179 -1.196669 0.409604
v -0.724523 -1.290221 0.443654
v -0.015045 -0.096224 0.009075
v -0.049460 -0.100388 0.010591
v -0.015045 -0.066540 -0.001729
v -0.031409 -0.070703 -0.000214
v -0.015045 -0.414831 0.125039
v -0.015045 -0.092543 0.007735
v -0.253476 -0.449030 0.137486
v -0.187765 -0.444867 0.135971
v -0.015045 -0.453602 0.139150
v -0.353600 -0.765123 0.252534
v -0.015045 -0.627499 0.202443
v -0.111764 -0.627499 0.202443
v -0.100504 -0.449280 0.137577
v -0.015045 -1.091493 0.371323
v -0.589681 -1.146534 0.391357
v -0.127112 -1.102227 0.375230
v -0.015045 -1.563930 0.543276
v -0.071078 -1.337846 0.460988
vt 0.456985 0.143300
vt 0.456985 0.136343
vt 0.463245 0.136343
vt 0.463245 0.143300
vt 0.456985 0.163239
vt 0.463245 0.163239
vt 0.456985 0.177033
vt 0.463245 0.177033
vt 0.456985 0.204007
vt 0.463245 0.204007
vt 0.456985 0.246885
vt 0.463245 0.246885
vt 0.416054 0.138773
vt 0.416042 0.136343
vt 0.410976 0.146195
vt 0.413524 0.142763
vt 0.456985 0.257029
vt 0.463245 0.259724
vt 0.400582 0.152895
vt 0.405381 0.149812
vt 0.456985 0.261027
vt 0.421910 0.240428
vt 0.421910 0.236429
vt 0.411889 0.234860
vt 0.411889 0.230862
vt 0.381947 0.218075
vt 0.381947 0.214076
vt 0.371648 0.212368
vt 0.371648 0.208369
vt 0.323801 0.180107
vt 0.324046 0.184155
vt 0.317933 0.180500
vt 0.317660 0.176447
vt 0.453463 0.179781
vt 0.453334 0.195191
vt 0.406368 0.149130
vt 0.409902 0.146935
vt 0.453401 0.146178
vt 0.453636 0.156809
vt 0.414115 0.141984
vt 0.415672 0.139664
vt 0.395960 0.138455
vt 0.395960 0.136343
vt 0.395960 0.149049
vt 0.395960 0.146397
vt 0.395960 0.140899
vt 0.395960 0.144146
vt 0.369723 0.140899
vt 0.369723 0.144146
vt 0.367866 0.144650
vt 0.367866 0.141403
vt 0.369723 0.136343
vt 0.367866 0.136343
vt 0.394604 0.138455
vt 0.394604 0.136343
vt 0.369723 0.149049
vt 0.367866 0.149552
vt 0.394604 0.149049
vt 0.394604 0.146397
vt 0.394604 0.144146
vt 0.394604 0.140899
vt 0.378705 0.149049
vt 0.378705 0.146397
vt 0.378705 0.138455
vt 0.378705 0.136343
vt 0.378705 0.144146
vt 0.378705 0.140899
vt 0.449853 0.239712
vt 0.428448 0.224756
vt 0.375964 0.149049
vt 0.375964 0.144146
vt 0.375964 0.140899
vt 0.375964 0.136343
vt 0.408248 0.217619
vt 0.426060 0.227310
vt 0.322299 0.151479
vt 0.322697 0.156363
vt 0.316075 0.157526
vt 0.315615 0.152644
vt 0.321668 0.143721
vt 0.322036 0.148245
vt 0.315310 0.149412
vt 0.314883 0.144891
vt 0.336524 0.145731
vt 0.336697 0.148970
vt 0.336282 0.141201
vt 0.336958 0.153860
vt 0.323078 0.166979
vt 0.323180 0.169839
vt 0.316967 0.166164
vt 0.316777 0.164331
vt 0.347250 0.152024
vt 0.347099 0.147128
vt 0.346998 0.143886
vt 0.346858 0.139352
vt 0.345475 0.152365
vt 0.345295 0.147471
vt 0.345175 0.144230
vt 0.345008 0.139697
vt 0.339435 0.153425
vt 0.339197 0.148534
vt 0.339040 0.145294
vt 0.338820 0.140764
vt 0.268309 0.146997
vt 0.268582 0.151051
vt 0.266852 0.150018
vt 0.266579 0.145965
vt 0.371648 0.198225
vt 0.385735 0.204467
vt 0.401869 0.211566
vt 0.388356 0.202113
vt 0.357606 0.186923
vt 0.352208 0.184056
vt 0.361594 0.189042
vt 0.463245 0.264785
vt 0.245696 0.138466
vt 0.245423 0.136343
vt 0.243747 0.137352
vt 0.243474 0.136343
vt 0.245181 0.136343
vt 0.266337 0.136343
vt 0.519843 0.562054
vt 0.528875 0.569035
vt 0.525226 0.573755
vt 0.516395 0.566051
vt 0.552973 0.587662
vt 0.549303 0.593563
vt 0.523250 0.591083
vt 0.512874 0.570132
vt 0.577510 0.606629
vt 0.563654 0.600287
vt 0.534153 0.617917
vt 0.456985 0.129386
vt 0.463245 0.129386
vt 0.456985 0.109448
vt 0.463245 0.109448
vt 0.456985 0.095653
vt 0.463245 0.095653
vt 0.456985 0.068679
vt 0.463245 0.068679
vt 0.456985 0.025801
vt 0.463245 0.025801
vt 0.416054 0.133914
vt 0.413524 0.129923
vt 0.410976 0.126491
vt 0.456985 0.015658
vt 0.463245 0.012962
vt 0.405381 0.122874
vt 0.400582 0.119792
vt 0.421910 0.036257
vt 0.421910 0.032259
vt 0.456985 0.011659
vt 0.411889 0.041825
vt 0.411889 0.037826
vt 0.381947 0.058610
vt 0.381947 0.054612
vt 0.371648 0.064317
vt 0.371648 0.060318
vt 0.323801 0.092579
vt 0.317660 0.096240
vt 0.317933 0.092186
vt 0.324046 0.088531
vt 0.453463 0.092905
vt 0.409902 0.125751
vt 0.406368 0.123556
vt 0.453334 0.077495
vt 0.453401 0.126508
vt 0.415672 0.133023
vt 0.414115 0.130702
vt 0.453636 0.115878
vt 0.395960 0.134232
vt 0.395960 0.126290
vt 0.395960 0.123638
vt 0.395960 0.131788
vt 0.395960 0.128541
vt 0.369723 0.131788
vt 0.367866 0.131284
vt 0.367866 0.128037
vt 0.369723 0.128541
vt 0.394604 0.134232
vt 0.367866 0.123134
vt 0.369723 0.123638
vt 0.394604 0.126290
vt 0.394604 0.123638
vt 0.394604 0.128541
vt 0.394604 0.131788
vt 0.378705 0.126290
vt 0.378705 0.123638
vt 0.378705 0.134232
vt 0.378705 0.128541
vt 0.378705 0.131788
vt 0.428448 0.047930
vt 0.449853 0.032974
vt 0.375964 0.128541
vt 0.375964 0.123638
vt 0.375964 0.131788
vt 0.408248 0.055067
vt 0.426060 0.045377
vt 0.322299 0.121207
vt 0.315615 0.120042
vt 0.316075 0.115161
vt 0.322697 0.116323
vt 0.321668 0.128965
vt 0.314883 0.127795
vt 0.315310 0.123274
vt 0.322036 0.124442
vt 0.336524 0.126955
vt 0.336697 0.123717
vt 0.336282 0.131485
vt 0.336958 0.118826
vt 0.323078 0.105707
vt 0.316777 0.108356
vt 0.316967 0.106522
vt 0.323180 0.102847
vt 0.347099 0.125558
vt 0.347250 0.120662
vt 0.346858 0.133335
vt 0.346998 0.128800
vt 0.345295 0.125215
vt 0.345475 0.120321
vt 0.345008 0.132990
vt 0.345175 0.128456
vt 0.339197 0.124152
vt 0.339435 0.119261
vt 0.338820 0.131923
vt 0.339040 0.127392
vt 0.268309 0.125689
vt 0.266579 0.126721
vt 0.266852 0.122668
vt 0.268582 0.121635
vt 0.371648 0.074461
vt 0.385735 0.068220
vt 0.388356 0.070573
vt 0.401869 0.061120
vt 0.352208 0.088630
vt 0.357606 0.085763
vt 0.361594 0.083645
vt 0.463245 0.007901
vt 0.245696 0.134220
vt 0.243747 0.135334
vt 0.522843 0.557709
vt 0.532523 0.564315
vt 0.557758 0.582624
vt 0.525905 0.553273
vt 0.548794 0.558037
vt 0.567881 0.594818
vt 0.577510 0.561827
vt 0.221412 0.129386
vt 0.227672 0.129386
vt 0.227672 0.136343
vt 0.221412 0.136343
vt 0.221412 0.109448
vt 0.227672 0.109448
vt 0.221412 0.095653
vt 0.227672 0.095653
vt 0.221412 0.068679
vt 0.227672 0.068679
vt 0.221412 0.025801
vt 0.227672 0.025801
vt 0.180469 0.136343
vt 0.180481 0.133914
vt 0.177951 0.129923
vt 0.175402 0.126491
vt 0.221412 0.015658
vt 0.227672 0.012962
vt 0.169808 0.122874
vt 0.165009 0.119792
vt 0.186337 0.036257
vt 0.186337 0.032259
vt 0.221412 0.011659
vt 0.176316 0.041825
vt 0.176316 0.037826
vt 0.146374 0.058610
vt 0.146374 0.054612
vt 0.136075 0.064317
vt 0.136075 0.060318
vt 0.088228 0.092579
vt 0.082087 0.096240
vt 0.082360 0.092186
vt 0.088473 0.088531
vt 0.217890 0.092905
vt 0.174329 0.125751
vt 0.170795 0.123556
vt 0.217761 0.077495
vt 0.217828 0.126508
vt 0.180099 0.133023
vt 0.178542 0.130702
vt 0.218063 0.115878
vt 0.160387 0.134232
vt 0.160387 0.136343
vt 0.160387 0.126290
vt 0.160387 0.123638
vt 0.160387 0.131788
vt 0.160387 0.128541
vt 0.134150 0.131788
vt 0.132293 0.131284
vt 0.132293 0.128037
vt 0.134150 0.128541
vt 0.134150 0.136343
vt 0.132293 0.136343
vt 0.159031 0.136343
vt 0.159031 0.134232
vt 0.132293 0.123134
vt 0.134150 0.123638
vt 0.159031 0.126290
vt 0.159031 0.123638
vt 0.159031 0.128541
vt 0.159031 0.131788
vt 0.143132 0.126290
vt 0.143132 0.123638
vt 0.143132 0.136343
vt 0.143132 0.134232
vt 0.143132 0.128541
vt 0.143132 0.131788
vt 0.349197 0.633719
vt 0.349197 0.724305
vt 0.339520 0.748559
vt 0.335909 0.642449
vt 0.140391 0.128541
vt 0.140391 0.123638
vt 0.140391 0.136343
vt 0.140391 0.131788
vt 0.172675 0.055067
vt 0.190487 0.045377
vt 0.086726 0.121207
vt 0.080042 0.120042
vt 0.080502 0.115161
vt 0.087124 0.116323
vt 0.086095 0.128965
vt 0.079310 0.127795
vt 0.079737 0.123274
vt 0.086463 0.124442
vt 0.100951 0.126955
vt 0.101124 0.123717
vt 0.100709 0.131485
vt 0.101385 0.118826
vt 0.087505 0.105707
vt 0.081204 0.108356
vt 0.081394 0.106522
vt 0.087607 0.102847
vt 0.111526 0.125558
vt 0.111677 0.120662
vt 0.111285 0.133335
vt 0.111425 0.128800
vt 0.109722 0.125215
vt 0.109902 0.120321
vt 0.109435 0.132990
vt 0.109602 0.128456
vt 0.103624 0.124152
vt 0.103862 0.119261
vt 0.103247 0.131923
vt 0.103467 0.127392
vt 0.032736 0.125689
vt 0.031006 0.126721
vt 0.031279 0.122668
vt 0.033009 0.121635
vt 0.136075 0.074461
vt 0.150162 0.068220
vt 0.152783 0.070573
vt 0.166296 0.061120
vt 0.116635 0.088630
vt 0.122033 0.085763
vt 0.126021 0.083645
vt 0.227672 0.007901
vt 0.009850 0.136343
vt 0.010123 0.134220
vt 0.007901 0.136343
vt 0.008174 0.135334
vt 0.030764 0.136343
vt 0.009608 0.136343
vt 0.278529 0.562054
vt 0.281529 0.557709
vt 0.291209 0.564314
vt 0.287561 0.569035
vt 0.316444 0.582624
vt 0.311659 0.587662
vt 0.284591 0.553273
vt 0.307480 0.558037
vt 0.326568 0.594818
vt 0.336196 0.606629
vt 0.336196 0.561827
vt 0.221412 0.143300
vt 0.227672 0.143300
vt 0.221412 0.163239
vt 0.227672 0.163239
vt 0.221412 0.177033
vt 0.227672 0.177033
vt 0.221412 0.204007
vt 0.227672 0.204007
vt 0.221412 0.246885
vt 0.227672 0.246885
vt 0.180481 0.138773
vt 0.175402 0.146195
vt 0.177951 0.142763
vt 0.221412 0.257029
vt 0.227672 0.259724
vt 0.165009 0.152895
vt 0.169808 0.149812
vt 0.221412 0.261027
vt 0.186337 0.240428
vt 0.186337 0.236429
vt 0.176316 0.234860
vt 0.176316 0.230862
vt 0.146374 0.218075
vt 0.146374 0.214076
vt 0.136075 0.212368
vt 0.136075 0.208369
vt 0.088228 0.180107
vt 0.088473 0.184155
vt 0.082360 0.180500
vt 0.082087 0.176447
vt 0.217890 0.179781
vt 0.217761 0.195191
vt 0.170795 0.149130
vt 0.174329 0.146935
vt 0.217828 0.146178
vt 0.218063 0.156809
vt 0.178542 0.141984
vt 0.180099 0.139664
vt 0.160387 0.138455
vt 0.160387 0.149049
vt 0.160387 0.146397
vt 0.160387 0.140899
vt 0.160387 0.144146
vt 0.134150 0.140899
vt 0.134150 0.144146
vt 0.132293 0.144650
vt 0.132293 0.141403
vt 0.159031 0.138455
vt 0.134150 0.149049
vt 0.132293 0.149552
vt 0.159031 0.149049
vt 0.159031 0.146397
vt 0.159031 0.144146
vt 0.159031 0.140899
vt 0.143132 0.149049
vt 0.143132 0.146397
vt 0.143132 0.138455
vt 0.143132 0.144146
vt 0.143132 0.140899
vt 0.214280 0.239712
vt 0.192875 0.224756
vt 0.140391 0.149049
vt 0.140391 0.144146
vt 0.140391 0.140899
vt 0.172675 0.217619
vt 0.190487 0.227310
vt 0.086726 0.151479
vt 0.087124 0.156363
vt 0.080502 0.157526
vt 0.080042 0.152644
vt 0.086095 0.143721
vt 0.086463 0.148245
vt 0.079737 0.149412
vt 0.079310 0.144891
vt 0.100951 0.145731
vt 0.101124 0.148970
vt 0.100709 0.141201
vt 0.101385 0.153860
vt 0.087505 0.166979
vt 0.087607 0.169839
vt 0.081394 0.166164
vt 0.081204 0.164331
vt 0.111677 0.152024
vt 0.111526 0.147128
vt 0.111425 0.143886
vt 0.111285 0.139352
vt 0.109902 0.152365
vt 0.109722 0.147471
vt 0.109602 0.144230
vt 0.109435 0.139697
vt 0.103862 0.153425
vt 0.103624 0.148534
vt 0.103467 0.145294
vt 0.103247 0.140764
vt 0.032736 0.146997
vt 0.033009 0.151051
vt 0.031279 0.150018
vt 0.031006 0.145965
vt 0.136075 0.198226
vt 0.150162 0.204467
vt 0.166296 0.211566
vt 0.152783 0.202113
vt 0.122033 0.186923
vt 0.116635 0.184056
vt 0.126021 0.189042
vt 0.227672 0.264785
vt 0.010123 0.138466
vt 0.008174 0.137352
vt 0.283912 0.573755
vt 0.275081 0.566051
vt 0.307989 0.593563
vt 0.281937 0.591083
vt 0.271560 0.570132
vt 0.322340 0.600287
vt 0.292840 0.617917
vt 0.198902 0.857042
vt 0.191122 0.857042
vt 0.191122 0.812242
vt 0.198902 0.812242
vt 0.972518 0.469124
vt 0.972518 0.461343
vt 0.975235 0.461343
vt 0.975235 0.469124
vt 0.007901 0.836576
vt 0.015681 0.836576
vt 0.015681 0.876882
vt 0.007901 0.876882
vt 0.714620 0.862683
vt 0.722400 0.862683
vt 0.722400 0.894635
vt 0.714620 0.894635
vt 0.714620 0.697336
vt 0.722400 0.697336
vt 0.722400 0.729266
vt 0.714620 0.729266
vt 0.007901 0.764196
vt 0.015681 0.764172
vt 0.015681 0.820750
vt 0.007901 0.820774
vt 0.254735 0.957917
vt 0.246955 0.957917
vt 0.246955 0.948394
vt 0.254735 0.948394
vt 0.722400 0.025671
vt 0.714620 0.025671
vt 0.714620 0.012925
vt 0.722400 0.012925
vt 0.932512 0.614211
vt 0.924735 0.614000
vt 0.924735 0.593456
vt 0.932512 0.593667
vt 0.761784 0.007901
vt 0.769564 0.007901
vt 0.769564 0.014610
vt 0.761784 0.014610
vt 0.911056 0.889639
vt 0.903276 0.889639
vt 0.903276 0.874976
vt 0.911056 0.874976
vt 0.887474 0.375591
vt 0.879694 0.375591
vt 0.879694 0.336851
vt 0.887474 0.336851
vt 0.840310 0.340113
vt 0.832530 0.340113
vt 0.832530 0.290024
vt 0.840310 0.290024
vt 0.761784 0.163243
vt 0.769564 0.163243
vt 0.769564 0.216112
vt 0.761784 0.216112
vt 0.991802 0.514229
vt 0.990871 0.514229
vt 0.990871 0.506449
vt 0.991802 0.506449
vt 0.714620 0.686362
vt 0.722400 0.686362
vt 0.808948 0.117138
vt 0.816728 0.117118
vt 0.816728 0.182781
vt 0.808948 0.182801
vt 0.325771 0.981500
vt 0.325771 0.989281
vt 0.324196 0.989281
vt 0.324196 0.981500
vt 0.991897 0.711862
vt 0.991011 0.711862
vt 0.991011 0.704082
vt 0.991897 0.704082
vt 0.714620 0.007901
vt 0.722400 0.007901
vt 0.270537 0.947327
vt 0.278317 0.947327
vt 0.278317 0.957609
vt 0.270537 0.957609
vt 0.926811 0.550730
vt 0.934591 0.550730
vt 0.934591 0.570669
vt 0.926811 0.570669
vt 0.957245 0.165016
vt 0.957245 0.172796
vt 0.950440 0.172796
vt 0.950440 0.165016
vt 0.957276 0.099865
vt 0.952005 0.099865
vt 0.952005 0.092085
vt 0.957276 0.092085
vt 0.714620 0.628844
vt 0.722400 0.628844
vt 0.722400 0.635393
vt 0.714620 0.635393
vt 0.722400 0.135405
vt 0.714620 0.135405
vt 0.714620 0.128499
vt 0.722400 0.128499
vt 0.793146 0.720765
vt 0.785366 0.720742
vt 0.785366 0.652170
vt 0.793146 0.652194
vt 0.697331 0.833211
vt 0.697331 0.825431
vt 0.698675 0.825431
vt 0.698675 0.833211
vt 0.714620 0.551602
vt 0.722400 0.551602
vt 0.722400 0.574122
vt 0.714620 0.574122
vt 0.863892 0.342526
vt 0.856112 0.342526
vt 0.856112 0.298325
vt 0.863892 0.298325
vt 0.971625 0.899298
vt 0.971625 0.891518
vt 0.975862 0.891518
vt 0.975862 0.899298
vt 0.785366 0.564702
vt 0.793146 0.564722
vt 0.793146 0.636368
vt 0.785366 0.636348
vt 0.698341 0.919759
vt 0.698341 0.927539
vt 0.697331 0.927539
vt 0.697331 0.919759
vt 0.934638 0.490647
vt 0.926858 0.490647
vt 0.926858 0.475365
vt 0.934638 0.475365
vt 0.714620 0.108706
vt 0.722400 0.108706
vt 0.950440 0.688280
vt 0.950440 0.680500
vt 0.956174 0.680500
vt 0.956174 0.688280
vt 0.971123 0.970044
vt 0.971123 0.962264
vt 0.975644 0.962264
vt 0.975644 0.970044
vt 0.306819 0.912075
vt 0.306819 0.889865
vt 0.314599 0.889865
vt 0.314599 0.912075
vt 0.911056 0.782046
vt 0.903276 0.781958
vt 0.903276 0.758732
vt 0.911056 0.758820
vt 0.714620 0.549521
vt 0.722400 0.549521
vt 0.065931 0.829431
vt 0.058151 0.829431
vt 0.058151 0.776688
vt 0.065931 0.776688
vt 0.270537 0.868659
vt 0.278317 0.868659
vt 0.278317 0.899825
vt 0.270537 0.899825
vt 0.034569 0.953071
vt 0.034569 0.939352
vt 0.042349 0.939352
vt 0.042349 0.953071
vt 0.793146 0.182801
vt 0.785366 0.182787
vt 0.785366 0.107079
vt 0.793146 0.107094
vt 0.231153 0.957042
vt 0.223373 0.957042
vt 0.223373 0.947461
vt 0.231153 0.947461
vt 0.946932 0.248616
vt 0.954712 0.248616
vt 0.954712 0.259197
vt 0.946932 0.259197
vt 0.554192 0.927035
vt 0.546412 0.927099
vt 0.546412 0.905875
vt 0.554192 0.905812
vt 0.950440 0.891518
vt 0.955823 0.891518
vt 0.955823 0.899298
vt 0.950440 0.899298
vt 0.143261 0.733518
vt 0.135481 0.733551
vt 0.135481 0.636883
vt 0.143261 0.636851
vt 0.714620 0.575975
vt 0.722400 0.575975
vt 0.714620 0.095012
vt 0.722400 0.095012
vt 0.879694 0.661296
vt 0.887474 0.661296
vt 0.887474 0.699192
vt 0.879694 0.699192
vt 0.306819 0.989281
vt 0.306819 0.981500
vt 0.308394 0.981500
vt 0.308394 0.989281
vt 0.330401 0.832906
vt 0.338181 0.832906
vt 0.338181 0.874063
vt 0.330401 0.874063
vt 0.911056 0.449377
vt 0.903276 0.449377
vt 0.903276 0.422403
vt 0.911056 0.422403
vt 0.722400 0.257885
vt 0.714620 0.257885
vt 0.714620 0.245139
vt 0.722400 0.245139
vt 0.975280 0.286610
vt 0.975280 0.294390
vt 0.972564 0.294390
vt 0.972564 0.286610
vt 0.330401 0.965698
vt 0.330401 0.957918
vt 0.335499 0.957918
vt 0.335499 0.965698
vt 0.530610 0.896509
vt 0.522830 0.896509
vt 0.522830 0.860001
vt 0.530610 0.860001
vt 0.952005 0.068503
vt 0.957276 0.068503
vt 0.957276 0.076283
vt 0.952005 0.076283
vt 0.991147 0.367016
vt 0.991849 0.367016
vt 0.991849 0.374796
vt 0.991147 0.374796
vt 0.714620 0.068235
vt 0.722400 0.068235
vt 0.506129 0.948867
vt 0.506129 0.956648
vt 0.499248 0.956648
vt 0.499248 0.948867
vt 0.879694 0.591959
vt 0.879694 0.554227
vt 0.887474 0.554227
vt 0.887474 0.591959
vt 0.990837 0.248616
vt 0.991801 0.248616
vt 0.991801 0.256396
vt 0.990837 0.256396
vt 0.911056 0.248616
vt 0.911056 0.276590
vt 0.903276 0.276590
vt 0.903276 0.248616
vt 0.015681 0.892684
vt 0.015681 0.914893
vt 0.007901 0.914893
vt 0.007901 0.892684
vt 0.955321 0.962264
vt 0.955321 0.970044
vt 0.950440 0.970044
vt 0.950440 0.962264
vt 0.482740 0.914995
vt 0.482740 0.930893
vt 0.474960 0.930893
vt 0.474960 0.914995
vt 0.975209 0.751246
vt 0.975209 0.759026
vt 0.971976 0.759026
vt 0.971976 0.751246
vt 0.887474 0.048207
vt 0.879694 0.048207
vt 0.879694 0.007901
vt 0.887474 0.007901
vt 0.761784 0.105725
vt 0.769564 0.105725
vt 0.769564 0.156694
vt 0.761784 0.156694
vt 0.330401 0.942117
vt 0.330401 0.927877
vt 0.338181 0.927877
vt 0.338181 0.942117
vt 0.793146 0.805138
vt 0.785366 0.805162
vt 0.785366 0.736590
vt 0.793146 0.736567
vt 0.955823 0.922880
vt 0.950440 0.922880
vt 0.950440 0.915100
vt 0.955823 0.915100
vt 0.793146 0.862132
vt 0.785366 0.862132
vt 0.785366 0.820964
vt 0.793146 0.820964
vt 0.569994 0.686852
vt 0.577774 0.686834
vt 0.577774 0.770568
vt 0.569994 0.770585
vt 0.879694 0.173226
vt 0.887474 0.173226
vt 0.887474 0.211966
vt 0.879694 0.211966
vt 0.926857 0.787346
vt 0.926857 0.772486
vt 0.934638 0.772486
vt 0.934638 0.787346
vt 0.081733 0.975730
vt 0.081733 0.967950
vt 0.086254 0.967950
vt 0.086254 0.975730
vt 0.991985 0.351214
vt 0.991147 0.351214
vt 0.991147 0.343434
vt 0.991985 0.343434
vt 0.840310 0.799282
vt 0.832530 0.799282
vt 0.832530 0.749537
vt 0.840310 0.749537
vt 0.975345 0.343434
vt 0.975345 0.351214
vt 0.972518 0.351214
vt 0.972518 0.343434
vt 0.714620 0.777476
vt 0.722400 0.777476
vt 0.722400 0.784186
vt 0.714620 0.784186
vt 0.887474 0.607762
vt 0.887474 0.645494
vt 0.879694 0.645494
vt 0.879694 0.607762
vt 0.417125 0.852794
vt 0.409345 0.852794
vt 0.409345 0.807860
vt 0.417125 0.807860
vt 0.991817 0.601236
vt 0.990931 0.601236
vt 0.990931 0.593456
vt 0.991817 0.593456
vt 0.521931 0.980230
vt 0.521931 0.972450
vt 0.523764 0.972449
vt 0.523764 0.980230
vt 0.714620 0.910437
vt 0.722400 0.910501
vt 0.722400 0.931724
vt 0.714620 0.931660
vt 0.879694 0.904273
vt 0.879694 0.875597
vt 0.887474 0.875597
vt 0.887474 0.904273
vt 0.722400 0.262909
vt 0.714620 0.262909
vt 0.501127 0.972449
vt 0.501127 0.980230
vt 0.499248 0.980230
vt 0.499248 0.972449
vt 0.934638 0.172796
vt 0.926858 0.172796
vt 0.926858 0.152858
vt 0.934638 0.152858
vt 0.306819 0.942116
vt 0.306819 0.927876
vt 0.314599 0.927876
vt 0.314599 0.942116
vt 0.698675 0.778267
vt 0.698675 0.786047
vt 0.697331 0.786047
vt 0.697331 0.778267
vt 0.722400 0.142311
vt 0.714620 0.142311
vt 0.926857 0.818009
vt 0.926857 0.803148
vt 0.934638 0.803148
vt 0.934638 0.818009
vt 0.089513 0.760886
vt 0.081733 0.760886
vt 0.081733 0.666896
vt 0.089513 0.666896
vt 0.949540 0.051421
vt 0.949540 0.043641
vt 0.956421 0.043641
vt 0.956421 0.051421
vt 0.714620 0.980688
vt 0.714620 0.972908
vt 0.716392 0.972908
vt 0.716392 0.980688
vt 0.673749 0.793708
vt 0.681530 0.793708
vt 0.681530 0.841281
vt 0.673749 0.841281
vt 0.246955 0.981499
vt 0.246955 0.973719
vt 0.248668 0.973719
vt 0.248668 0.981499
vt 0.722400 0.162104
vt 0.714620 0.162104
vt 0.903276 0.973728
vt 0.903276 0.965948
vt 0.908157 0.965948
vt 0.908157 0.973728
vt 0.769564 0.052140
vt 0.761784 0.052140
vt 0.971896 0.624818
vt 0.971896 0.617038
vt 0.975129 0.617038
vt 0.975129 0.624818
vt 0.956716 0.367016
vt 0.956716 0.374796
vt 0.950440 0.374796
vt 0.950440 0.367016
vt 0.311917 0.957918
vt 0.311917 0.965698
vt 0.306819 0.965698
vt 0.306819 0.957918
vt 0.911056 0.035908
vt 0.903276 0.035960
vt 0.903276 0.007953
vt 0.911056 0.007901
vt 0.722400 0.175798
vt 0.714620 0.175798
vt 0.911056 0.492153
vt 0.903276 0.492153
vt 0.903276 0.465179
vt 0.911056 0.465179
vt 0.769564 0.062820
vt 0.761784 0.062820
vt 0.974828 0.774828
vt 0.974828 0.782608
vt 0.971976 0.782608
vt 0.971976 0.774828
vt 0.459158 0.845299
vt 0.451378 0.845299
vt 0.451378 0.800365
vt 0.459158 0.800365
vt 0.975621 0.141434
vt 0.975621 0.149214
vt 0.973047 0.149214
vt 0.973047 0.141434
vt 0.722400 0.202575
vt 0.714620 0.202575
vt 0.675583 0.972565
vt 0.675583 0.980345
vt 0.673749 0.980345
vt 0.673749 0.972565
vt 0.769564 0.094750
vt 0.761784 0.094750
vt 0.435322 0.971820
vt 0.435322 0.979600
vt 0.432927 0.979600
vt 0.432927 0.971820
vt 0.581667 0.980000
vt 0.581667 0.972220
vt 0.583546 0.972220
vt 0.583546 0.980000
vt 0.613026 0.932626
vt 0.605249 0.932836
vt 0.605249 0.912292
vt 0.613026 0.912081
vt 0.887474 0.934894
vt 0.879694 0.934894
vt 0.879694 0.920075
vt 0.887474 0.920075
vt 0.863892 0.702464
vt 0.856112 0.702464
vt 0.856112 0.661296
vt 0.863892 0.661296
vt 0.840310 0.537097
vt 0.832530 0.537097
vt 0.832530 0.487352
vt 0.840310 0.487352
vt 0.834243 0.974367
vt 0.834243 0.982147
vt 0.832530 0.982147
vt 0.832530 0.974367
vt 0.769564 0.217965
vt 0.761784 0.217965
vt 0.673749 0.946481
vt 0.681530 0.946481
vt 0.681530 0.956763
vt 0.673749 0.956763
vt 0.840310 0.859884
vt 0.832530 0.859884
vt 0.832530 0.815084
vt 0.840310 0.815084
vt 0.956716 0.414180
vt 0.956716 0.421960
vt 0.950440 0.421960
vt 0.950440 0.414180
vt 0.411116 0.973562
vt 0.411116 0.981342
vt 0.409345 0.981342
vt 0.409345 0.973562
vt 0.808948 0.799825
vt 0.816728 0.799854
vt 0.816728 0.846719
vt 0.808948 0.846689
vt 0.863892 0.282523
vt 0.856112 0.282523
vt 0.856112 0.238322
vt 0.863892 0.238322
vt 0.166843 0.938512
vt 0.159063 0.938512
vt 0.159063 0.923848
vt 0.166843 0.923848
vt 0.926858 0.382082
vt 0.934638 0.382082
vt 0.934638 0.397395
vt 0.926858 0.397395
vt 0.840310 0.233098
vt 0.832530 0.233098
vt 0.832530 0.183009
vt 0.840310 0.183009
vt 0.507028 0.780824
vt 0.499248 0.780824
vt 0.499248 0.686834
vt 0.507028 0.686834
vt 0.042349 0.829431
vt 0.034569 0.829431
vt 0.034569 0.776688
vt 0.042349 0.776688
vt 0.816728 0.711619
vt 0.808948 0.711596
vt 0.808948 0.654137
vt 0.816728 0.654160
vt 0.816728 0.340113
vt 0.808948 0.340113
vt 0.808948 0.280089
vt 0.816728 0.280089
vt 0.975652 0.068503
vt 0.975652 0.076283
vt 0.973078 0.076283
vt 0.973078 0.068503
vt 0.948314 0.619783
vt 0.956095 0.619783
vt 0.956095 0.630307
vt 0.948314 0.630307
vt 0.957245 0.007901
vt 0.957245 0.015681
vt 0.950440 0.015681
vt 0.950440 0.007901
vt 0.714620 0.739946
vt 0.722400 0.739946
vt 0.546412 0.977064
vt 0.546412 0.969284
vt 0.548808 0.969284
vt 0.548808 0.977064
vt 0.643643 0.830618
vt 0.651423 0.830618
vt 0.651423 0.871775
vt 0.643643 0.871775
vt 0.254735 0.896852
vt 0.246955 0.896800
vt 0.246955 0.868793
vt 0.254735 0.868845
vt 0.903276 0.797937
vt 0.911056 0.797848
vt 0.911056 0.821074
vt 0.903276 0.821163
vt 0.769564 0.240485
vt 0.761784 0.240485
vt 0.507028 0.896509
vt 0.499248 0.896509
vt 0.499248 0.860001
vt 0.507028 0.860001
vt 0.392871 0.966793
vt 0.392871 0.974574
vt 0.388634 0.974574
vt 0.388634 0.966793
vt 0.934638 0.859174
vt 0.926858 0.859174
vt 0.926858 0.844354
vt 0.934638 0.844354
vt 0.372779 0.788329
vt 0.364998 0.788344
vt 0.364999 0.712636
vt 0.372779 0.712622
vt 0.697331 0.880375
vt 0.697331 0.872595
vt 0.698341 0.872595
vt 0.698341 0.880375
vt 0.991881 0.421960
vt 0.991036 0.421960
vt 0.991036 0.414180
vt 0.991881 0.414180
vt 0.950440 0.735444
vt 0.950440 0.727664
vt 0.956175 0.727664
vt 0.956175 0.735444
vt 0.613029 0.788576
vt 0.605249 0.788538
vt 0.605249 0.705201
vt 0.613029 0.705239
vt 0.991594 0.806190
vt 0.990630 0.806190
vt 0.990630 0.798410
vt 0.991594 0.798410
vt 0.223373 0.868793
vt 0.231153 0.868793
vt 0.231153 0.899959
vt 0.223373 0.899959
vt 0.769564 0.242565
vt 0.761784 0.242565
vn 0.3024 0.6222 0.7221
vn 0.0000 0.3420 0.9397
vn 0.0000 -0.4226 0.9063
vn -0.2621 0.4814 0.8364
vn 0.2627 0.7464 0.6114
vn -0.1919 0.4068 0.8931
vn -0.0911 0.4200 0.9029
vn 0.4284 0.0622 0.9014
vn 0.5140 0.2902 0.8072
vn -0.0889 -0.0230 0.9958
vn -0.0015 0.3416 0.9398
vn 0.4328 0.7299 0.5290
vn 0.0396 -0.0460 0.9981
vn 0.6070 0.5809 0.5422
vn 0.6116 0.5711 0.5475
vn -0.0003 0.3379 0.9412
vn 0.6178 0.5657 0.5461
vn 0.0045 0.3384 0.9410
vn 0.6171 0.5652 0.5473
vn 0.0008 0.3437 0.9391
vn 0.6163 0.5727 0.5406
vn -0.0023 0.3387 0.9409
vn 0.6080 0.5818 0.5402
vn 0.6070 0.5826 0.5405
vn -0.2254 0.4597 0.8589
vn -0.3475 -0.4507 0.8222
vn 0.7729 -0.1142 0.6241
vn 0.4705 0.3394 0.8145
vn 0.0073 -0.0009 1.0000
vn -0.5277 -0.3746 0.7623
vn 0.6757 -0.2590 0.6901
vn 0.4755 0.1679 0.8635
vn -0.1748 0.0157 0.9845
vn 0.5738 0.4660 0.6735
vn 0.0000 0.3289 0.9443
vn 0.0001 0.3459 0.9382
vn 0.0001 0.3459 0.9383
vn 0.0000 0.4139 0.9103
vn 0.4450 0.4621 0.7670
vn 0.1457 0.0072 0.9893
vn 0.1372 0.0960 0.9859
vn 0.4894 0.5311 0.6917
vn 0.6178 -0.3560 0.7011
vn 0.5189 0.7278 0.4482
vn 0.1218 0.0799 0.9893
vn -0.1043 0.4206 0.9012
vn -0.4616 -0.1812 0.8683
vn 0.0696 0.9037 0.4225
vn 0.0664 0.9033 0.4237
vn -0.6968 0.3547 0.6233
vn -0.4943 0.8061 0.3254
vn 0.1192 0.0548 0.9913
vn 0.2365 0.1961 0.9516
vn -0.2836 -0.1613 0.9452
vn 0.0597 0.9015 0.4286
vn 0.0726 0.9028 0.4239
vn 0.5078 0.4632 0.7264
vn -0.7029 0.3516 0.6182
vn 0.1051 0.0565 0.9928
vn -0.6945 0.3594 0.6233
vn 0.4896 0.4762 0.7304
vn -0.2569 0.4418 0.8595
vn 0.6072 0.5823 0.5405
vn 0.6102 0.5708 0.5493
vn -0.2788 -0.1632 0.9463
vn -0.0782 0.4105 0.9085
vn -0.4975 -0.1530 0.8538
vn 0.6278 -0.3420 0.6992
vn 0.5411 0.7023 0.4625
vn 0.6245 0.5535 0.5510
vn 0.6214 0.5663 0.5414
vn 0.5573 -0.4073 0.7235
vn 0.7244 -0.1958 0.6609
vn 0.6192 0.5661 0.5441
vn 0.4749 0.7928 0.3820
vn 0.0000 0.9351 0.3543
vn -0.1103 -0.3622 0.9255
vn 0.0000 -0.4153 0.9097
vn 0.0000 0.8987 0.4384
vn 0.0624 0.2913 0.9546
vn -0.0380 0.9053 0.4230
vn 0.2662 -0.0425 0.9630
vn 0.5662 -0.3978 0.7219
vn 0.0000 -0.6059 0.7956
vn 0.6904 0.0934 0.7174
vn 0.7432 -0.1763 0.6454
vn -0.3024 0.6222 0.7221
vn 0.2621 0.4814 0.8364
vn -0.2627 0.7464 0.6114
vn 0.1919 0.4068 0.8931
vn 0.0911 0.4200 0.9029
vn -0.4284 0.0622 0.9014
vn 0.0889 -0.0230 0.9958
vn -0.5140 0.2902 0.8072
vn 0.0015 0.3416 0.9398
vn -0.0396 -0.0460 0.9981
vn -0.4328 0.7299 0.5290
vn 0.0003 0.3379 0.9412
vn -0.6116 0.5711 0.5475
vn -0.6070 0.5809 0.5422
vn -0.0045 0.3384 0.9410
vn -0.6178 0.5657 0.5461
vn -0.0008 0.3437 0.9391
vn -0.6171 0.5652 0.5473
vn 0.0023 0.3387 0.9409
vn -0.6163 0.5727 0.5406
vn 0.2254 0.4597 0.8589
vn -0.6070 0.5826 0.5405
vn -0.6080 0.5818 0.5402
vn 0.3475 -0.4507 0.8222
vn -0.0073 -0.0009 1.0000
vn -0.4705 0.3394 0.8145
vn -0.7729 -0.1142 0.6241
vn 0.5277 -0.3746 0.7623
vn 0.1748 0.0157 0.9845
vn -0.4755 0.1679 0.8635
vn -0.6757 -0.2590 0.6901
vn -0.5738 0.4660 0.6735
vn -0.0001 0.3459 0.9383
vn -0.0001 0.3459 0.9382
vn -0.1457 0.0072 0.9893
vn -0.4450 0.4621 0.7670
vn -0.1372 0.0960 0.9859
vn -0.4894 0.5311 0.6917
vn -0.5189 0.7278 0.4482
vn -0.6178 -0.3560 0.7011
vn -0.1218 0.0799 0.9893
vn 0.1043 0.4206 0.9012
vn 0.4616 -0.1812 0.8683
vn -0.0664 0.9033 0.4237
vn -0.0696 0.9037 0.4225
vn 0.6968 0.3547 0.6233
vn 0.4943 0.8061 0.3254
vn -0.1192 0.0548 0.9913
vn -0.2365 0.1961 0.9516
vn -0.0726 0.9028 0.4239
vn -0.0597 0.9015 0.4286
vn 0.2836 -0.1613 0.9452
vn -0.5078 0.4632 0.7264
vn 0.7029 0.3516 0.6182
vn -0.1051 0.0565 0.9928
vn 0.6945 0.3594 0.6233
vn -0.4896 0.4762 0.7304
vn 0.2569 0.4418 0.8595
vn 0.2788 -0.1632 0.9463
vn -0.6102 0.5708 0.5493
vn -0.6072 0.5823 0.5405
vn 0.0782 0.4105 0.9085
vn 0.4975 -0.1530 0.8538
vn -0.5411 0.7023 0.4625
vn -0.6278 -0.3420 0.6992
vn -0.6214 0.5663 0.5414
vn -0.6245 0.5535 0.5510
vn -0.5573 -0.4073 0.7235
vn -0.7244 -0.1958 0.6609
vn -0.6192 0.5661 0.5441
vn -0.4749 0.7928 0.3820
vn 0.0380 0.9053 0.4230
vn -0.0624 0.2913 0.9546
vn -0.2662 -0.0425 0.9630
vn -0.5662 -0.3978 0.7219
vn -0.6904 0.0934 0.7174
vn -0.7432 -0.1763 0.6454
vn 0.3024 0.0124 -0.9531
vn 0.0000 -0.9063 -0.4226
vn 0.0000 -0.3420 -0.9397
vn -0.2621 -0.1689 -0.9501
vn 0.2627 0.1788 -0.9481
vn -0.1919 -0.2625 -0.9456
vn -0.0859 -0.2577 -0.9624
vn 0.4284 -0.5318 -0.7305
vn -0.0889 -0.6577 -0.7480
vn 0.5140 -0.2965 -0.8049
vn 0.0015 -0.3416 -0.9398
vn 0.0396 -0.6768 -0.7351
vn 0.4328 0.2191 -0.8744
vn 0.0003 -0.3379 -0.9412
vn 0.6116 0.0856 -0.7865
vn 0.6070 0.0965 -0.7888
vn -0.0045 -0.3384 -0.9410
vn 0.6178 0.0823 -0.7820
vn -0.0008 -0.3437 -0.9391
vn 0.6171 0.0812 -0.7826
vn 0.0023 -0.3387 -0.9409
vn 0.6163 0.0912 -0.7822
vn -0.2254 -0.1999 -0.9535
vn 0.6070 0.0988 -0.7885
vn 0.6080 0.0984 -0.7878
vn -0.3475 -0.8738 -0.3401
vn 0.0073 -0.6435 -0.7654
vn 0.4705 -0.2635 -0.8421
vn 0.7729 -0.4886 -0.4046
vn -0.5277 -0.7770 -0.3431
vn -0.1748 -0.6207 -0.7642
vn 0.4755 -0.4264 -0.7695
vn 0.6758 -0.6420 -0.3622
vn 0.5738 -0.0759 -0.8154
vn 0.0000 -0.3289 -0.9443
vn -0.0001 -0.3459 -0.9383
vn -0.0001 -0.3459 -0.9382
vn 0.0000 -0.2749 -0.9615
vn 0.1405 -0.6386 -0.7566
vn 0.4500 -0.1065 -0.8866
vn 0.1378 -0.5564 -0.8194
vn 0.4896 -0.0343 -0.8712
vn 0.5196 0.2785 -0.8078
vn 0.6093 -0.7290 -0.3120
vn 0.1419 -0.5354 -0.8326
vn -0.0978 -0.2332 -0.9675
vn -0.4610 -0.6849 -0.5642
vn 0.0664 0.4197 -0.9052
vn 0.0696 0.4206 -0.9045
vn -0.6968 -0.1289 -0.7055
vn -0.4943 0.4083 -0.7674
vn 0.1192 -0.5952 -0.7946
vn 0.2365 -0.4615 -0.8550
vn 0.0726 0.4191 -0.9050
vn 0.0597 0.4151 -0.9078
vn -0.2836 -0.7312 -0.6204
vn 0.5067 -0.1194 -0.8538
vn -0.7017 -0.1349 -0.6996
vn 0.1091 -0.5893 -0.8005
vn -0.6945 -0.1252 -0.7085
vn 0.4911 -0.1002 -0.8653
vn -0.2569 -0.2141 -0.9424
vn -0.2788 -0.7334 -0.6200
vn 0.6102 0.0842 -0.7877
vn 0.6072 0.0986 -0.7884
vn -0.0703 -0.2570 -0.9638
vn -0.4918 -0.6655 -0.5614
vn 0.5379 0.2347 -0.8097
vn 0.6251 -0.7139 -0.3156
vn 0.6214 0.0858 -0.7787
vn 0.6245 0.0698 -0.7779
vn 0.5573 -0.7771 -0.2924
vn 0.7244 -0.5748 -0.3804
vn 0.6192 0.0840 -0.7807
vn 0.0000 0.4886 -0.8725
vn 0.4749 0.3618 -0.8022
vn 0.0000 -0.9029 -0.4299
vn -0.1599 -0.9837 0.0822
vn 0.0000 0.4066 -0.9136
vn -0.0380 0.4216 -0.9059
vn 0.0624 -0.3904 -0.9185
vn 0.2662 -0.6515 -0.7104
vn 0.5662 -0.7687 -0.2973
vn 0.6904 -0.3895 -0.6096
vn 0.0000 -0.9755 -0.2200
vn 0.7432 -0.5500 -0.3811
vn -0.3024 0.0124 -0.9531
vn 0.2621 -0.1689 -0.9501
vn -0.2627 0.1788 -0.9481
vn 0.1919 -0.2625 -0.9456
vn 0.0859 -0.2577 -0.9624
vn -0.4284 -0.5318 -0.7305
vn -0.5140 -0.2965 -0.8049
vn 0.0889 -0.6577 -0.7480
vn -0.0015 -0.3416 -0.9398
vn -0.4328 0.2191 -0.8744
vn -0.0396 -0.6768 -0.7351
vn -0.6070 0.0965 -0.7888
vn -0.6116 0.0856 -0.7865
vn -0.0003 -0.3379 -0.9412
vn -0.6178 0.0823 -0.7820
vn 0.0045 -0.3384 -0.9410
vn -0.6171 0.0812 -0.7826
vn 0.0008 -0.3437 -0.9391
vn -0.6163 0.0912 -0.7822
vn -0.0023 -0.3387 -0.9409
vn -0.6080 0.0984 -0.7878
vn -0.6070 0.0988 -0.7885
vn 0.2254 -0.1999 -0.9535
vn 0.3475 -0.8738 -0.3401
vn -0.7729 -0.4886 -0.4046
vn -0.4705 -0.2635 -0.8421
vn -0.0073 -0.6435 -0.7654
vn 0.5277 -0.7770 -0.3431
vn -0.6758 -0.6420 -0.3622
vn -0.4755 -0.4264 -0.7695
vn 0.1748 -0.6207 -0.7642
vn -0.5738 -0.0759 -0.8154
vn 0.0001 -0.3459 -0.9382
vn 0.0001 -0.3459 -0.9383
vn -0.4500 -0.1065 -0.8866
vn -0.1405 -0.6386 -0.7566
vn -0.1378 -0.5564 -0.8194
vn -0.4896 -0.0343 -0.8712
vn -0.6093 -0.7290 -0.3120
vn -0.5196 0.2785 -0.8078
vn -0.1419 -0.5354 -0.8326
vn 0.0978 -0.2332 -0.9675
vn 0.4610 -0.6849 -0.5642
vn -0.0696 0.4206 -0.9045
vn -0.0664 0.4197 -0.9052
vn 0.6968 -0.1289 -0.7055
vn 0.4943 0.4083 -0.7674
vn -0.1192 -0.5952 -0.7946
vn -0.2365 -0.4615 -0.8550
vn 0.2836 -0.7312 -0.6204
vn -0.0597 0.4151 -0.9078
vn -0.0726 0.4191 -0.9050
vn -0.5067 -0.1194 -0.8538
vn 0.7017 -0.1349 -0.6996
vn -0.1091 -0.5893 -0.8005
vn 0.6945 -0.1252 -0.7085
vn -0.4911 -0.1002 -0.8653
vn 0.2569 -0.2141 -0.9424
vn -0.6072 0.0986 -0.7884
vn -0.6102 0.0842 -0.7877
vn 0.2788 -0.7334 -0.6200
vn 0.0703 -0.2570 -0.9638
vn 0.4918 -0.6655 -0.5614
vn -0.6251 -0.7139 -0.3156
vn -0.5379 0.2347 -0.8097
vn -0.6245 0.0698 -0.7779
vn -0.6214 0.0858 -0.7787
vn -0.5573 -0.7771 -0.2924
vn -0.7244 -0.5748 -0.3804
vn -0.6192 0.0840 -0.7807
vn -0.4749 0.3618 -0.8022
vn -0.0624 -0.3904 -0.9185
vn 0.0380 0.4216 -0.9059
vn -0.2662 -0.6515 -0.7104
vn -0.5662 -0.7687 -0.2973
vn -0.6904 -0.3895 -0.6096
vn -0.7432 -0.5500 -0.3811
usemtl None
s 1
f 1777/3480/1362 1890/3481/1363 1892/3482/1364 1778/3483/1364
f 1780/3484/1365 1777/3480/1362 1778/3483/1364 1779/3485/1364
f 1782/3486/1366 1780/3484/1365 1779/3485/1364 1781/3487/1364
f 1784/3488/1367 1782/3486/1366 1781/3487/1364 1783/3489/1364
f 1788/3490/1368 1784/3488/1367 1783/3489/1364 1787/3491/1364
f 1890/3481/1363 1777/3480/1362 1785/3492/1369 1901/3493/1363
f 1780/3484/1365 1782/3486/1366 1786/3494/1370 1808/3495/1371
f 1872/3496/1372 1788/3490/1368 1787/3491/1364 1871/3497/1364
f 1784/3488/1367 1788/3490/1368 1790/3498/1373 1789/3499/1374
f 1872/3496/1372 1775/3500/1375 1791/3501/1376 1873/3502/1377
f 1873/3502/1377 1791/3501/1376 1793/3503/1378 1874/3504/1379
f 1874/3504/1379 1793/3503/1378 1795/3505/1380 1875/3506/1381
f 1875/3506/1381 1795/3505/1380 1797/3507/1382 1876/3508/1383
f 1878/3509/1363 1844/3510/1384 1799/3511/1385 1877/3512/1386
f 1801/3513/1387 1802/3514/1388 1803/3515/1389 1809/3516/1390
f 1804/3517/1391 1805/3518/1392 1807/3519/1393 1806/3520/1394
f 1806/3520/1394 1810/3521/1363 1785/3492/1369
f 1901/3493/1363 1785/3492/1369 1810/3521/1363 1927/3522/1363
f 1789/3499/1374 1790/3498/1373 1813/3523/1395 1812/3524/1363
f 1808/3495/1371 1814/3525/1363 1807/3519/1393
f 1789/3499/1374 1812/3524/1363 1803/3515/1389
f 1806/3520/1394 1807/3519/1393 1814/3525/1363 1810/3521/1363
f 1809/3516/1390 1803/3515/1389 1812/3524/1363 1811/3526/1363
f 1809/3516/1390 1811/3526/1363 1786/3494/1370
f 1808/3495/1371 1786/3494/1370 1811/3526/1363 1814/3525/1363
f 1834/3527/1396 1833/3528/1396 1815/3529/1397 1818/3530/1398
f 1958/3531/1396 1834/3527/1396 1818/3530/1398 1933/3532/1399
f 1927/3522/1363 1810/3521/1363 1820/3533/1363 1940/3534/1363
f 1833/3528/1396 1835/3535/1400 1816/3536/1401 1815/3529/1397
f 1812/3524/1363 1813/3523/1395 1821/3537/1402 1822/3538/1363
f 1811/3526/1363 1812/3524/1363 1822/3538/1363 1817/3539/1363
f 1810/3521/1363 1814/3525/1363 1819/3540/1363 1820/3533/1363
f 1814/3525/1363 1811/3526/1363 1817/3539/1363 1819/3540/1363
f 1822/3538/1363 1821/3537/1402 1826/3541/1403 1827/3542/1363
f 1940/3534/1363 1820/3533/1363 1825/3543/1363 1943/3544/1363
f 1817/3539/1363 1822/3538/1363 1827/3542/1363 1823/3545/1363
f 1820/3533/1363 1819/3540/1363 1824/3546/1363 1825/3543/1363
f 1819/3540/1363 1817/3539/1363 1823/3545/1363 1824/3546/1363
f 1826/3541/1403 1821/3537/1402 1828/3547/1404 1829/3548/1405
f 1827/3542/1363 1826/3541/1403 1831/3549/1406 1832/3550/1396
f 1943/3544/1363 1825/3543/1363 1830/3551/1396 1953/3552/1396
f 1823/3545/1363 1827/3542/1363 1832/3550/1396
f 1825/3543/1363 1824/3546/1363 1830/3551/1396
f 1824/3546/1363 1823/3545/1363 1832/3550/1396 1830/3551/1396
f 1832/3550/1396 1831/3549/1406 1835/3535/1400 1833/3528/1396
f 1953/3552/1396 1830/3551/1396 1834/3527/1396 1958/3531/1396
f 1830/3551/1396 1832/3550/1396 1833/3528/1396 1834/3527/1396
f 1794/3553/1407 1835/3535/1400 1831/3549/1406 1792/3554/1408
f 1843/3555/1363 1840/3556/1363 1839/3557/1409 1838/3558/1410
f 1842/3559/1411 1841/3560/1363 1837/3561/1410 1836/3562/1412
f 1841/3560/1363 1843/3555/1363 1838/3558/1410 1837/3561/1410
f 1859/3563/1363 1860/3564/1363 1843/3555/1363 1841/3560/1363
f 1863/3565/1411 1859/3563/1363 1841/3560/1363 1842/3559/1411
f 1860/3564/1363 1858/3566/1413 1840/3556/1363 1843/3555/1363
f 1876/3508/1383 1797/3507/1382 1844/3510/1384 1878/3509/1363
f 1866/3567/1414 1845/3568/1415 1800/3569/1416 1867/3570/1417
f 1815/3529/1397 1816/3536/1401 1848/3571/1418 1849/3572/1397
f 1933/3532/1399 1818/3530/1398 1846/3573/1398 1847/3574/1419
f 1818/3530/1398 1815/3529/1397 1849/3572/1397 1846/3573/1398
f 1849/3572/1397 1848/3571/1418 1850/3575/1420 1851/3576/1363
f 1847/3574/1419 1846/3573/1398 1852/3577/1363 1853/3578/1421
f 1846/3573/1398 1849/3572/1397 1851/3576/1363 1852/3577/1363
f 1851/3576/1363 1850/3575/1420 1854/3579/1422 1855/3580/1363
f 1853/3578/1421 1852/3577/1363 1856/3581/1363 1857/3582/1411
f 1852/3577/1363 1851/3576/1363 1855/3580/1363 1856/3581/1363
f 1855/3580/1363 1854/3579/1422 1858/3566/1413 1860/3564/1363
f 1857/3582/1411 1856/3581/1363 1859/3563/1363 1863/3565/1411
f 1856/3581/1363 1855/3580/1363 1860/3564/1363 1859/3563/1363
f 1882/3583/1423 1881/3584/1424 1862/3585/1425 1861/3586/1426
f 1798/3587/1427 1854/3579/1422 1850/3575/1420 1796/3588/1428
f 1848/3571/1418 1816/3536/1401 1864/3589/1429 1865/3590/1430
f 1840/3556/1363 1866/3567/1414 1867/3570/1417 1839/3557/1409
f 1866/3567/1414 1840/3556/1363 1868/3591/1431 1870/3592/1432
f 1840/3556/1363 1858/3566/1413 1869/3593/1433 1868/3591/1431
f 1798/3587/1427 1876/3508/1383 1878/3509/1363 1845/3568/1415
f 1845/3568/1415 1878/3509/1363 1877/3512/1386 1800/3569/1416
f 1796/3588/1428 1875/3506/1381 1876/3508/1383 1798/3587/1427
f 1794/3553/1407 1874/3504/1379 1875/3506/1381 1796/3588/1428
f 1792/3554/1408 1873/3502/1377 1874/3504/1379 1794/3553/1407
f 1788/3490/1368 1872/3496/1372 1873/3502/1377 1792/3554/1408
f 1775/3500/1375 1872/3496/1372 1871/3497/1364 1776/3594/1434
f 1861/3586/1426 1862/3585/1425 1879/3595/1435 2002/3596/1363
f 2002/3596/1363 1879/3595/1435 1880/3597/1436 2004/3598/1437
f 1861/3586/1426 2002/3596/1363 2007/3599/1438 2006/3600/1439
f 1877/3512/1386 1799/3511/1385 1881/3584/1424 1882/3583/1423
f 2010/3601/1440 2012/3602/1363 1884/3603/1441 1885/3604/1442
f 2012/3602/1363 2015/3605/1363 1887/3606/1443 1884/3603/1441
f 1884/3603/1441 1883/3607/1444 1882/3608/1423 1885/3604/1442
f 2015/3605/1363 2018/3609/1445 1888/3610/1446 1887/3606/1443
f 1887/3606/1443 1886/3611/1447 1884/3603/1441
f 1893/3612/1448 1894/3613/1364 1892/3482/1364 1890/3481/1363
f 1896/3614/1449 1895/3615/1364 1894/3613/1364 1893/3612/1448
f 1898/3616/1450 1897/3617/1364 1895/3615/1364 1896/3614/1449
f 1900/3618/1451 1899/3619/1364 1897/3617/1364 1898/3616/1450
f 1905/3620/1452 1904/3621/1364 1899/3619/1364 1900/3618/1451
f 1890/3481/1363 1901/3493/1363 1902/3622/1453 1893/3612/1448
f 1896/3614/1449 1925/3623/1454 1903/3624/1455 1898/3616/1450
f 1995/3625/1456 1994/3626/1364 1904/3621/1364 1905/3620/1452
f 1900/3618/1451 1906/3627/1457 1907/3628/1458 1905/3620/1452
f 1995/3625/1456 1996/3629/1459 1908/3630/1460 1889/3631/1461
f 1996/3629/1459 1997/3632/1462 1910/3633/1463 1908/3630/1460
f 1997/3632/1462 1998/3634/1464 1912/3635/1465 1910/3633/1463
f 1998/3634/1464 1999/3636/1466 1914/3637/1467 1912/3635/1465
f 2001/3638/1363 2000/3639/1468 1916/3640/1469 1967/3641/1470
f 1918/3642/1471 1926/3643/1472 1920/3644/1473 1919/3645/1474
f 1921/3646/1475 1923/3647/1476 1924/3648/1477 1922/3649/1478
f 1923/3647/1476 1902/3622/1453 1928/3650/1363
f 1901/3493/1363 1927/3522/1363 1928/3650/1363 1902/3622/1453
f 1906/3627/1457 1930/3651/1363 1931/3652/1479 1907/3628/1458
f 1925/3623/1454 1924/3648/1477 1932/3653/1363
f 1906/3627/1457 1920/3644/1473 1930/3651/1363
f 1923/3647/1476 1928/3650/1363 1932/3653/1363 1924/3648/1477
f 1926/3643/1472 1929/3654/1363 1930/3651/1363 1920/3644/1473
f 1926/3643/1472 1903/3624/1455 1929/3654/1363
f 1925/3623/1454 1932/3653/1363 1929/3654/1363 1903/3624/1455
f 1956/3655/1396 1937/3656/1480 1934/3657/1481 1955/3658/1396
f 1958/3531/1396 1933/3532/1399 1937/3656/1480 1956/3655/1396
f 1927/3522/1363 1940/3534/1363 1939/3659/1363 1928/3650/1363
f 1955/3658/1396 1934/3657/1481 1935/3660/1482 1957/3661/1483
f 1930/3651/1363 1942/3662/1363 1941/3663/1484 1931/3652/1479
f 1929/3654/1363 1936/3664/1363 1942/3662/1363 1930/3651/1363
f 1928/3650/1363 1939/3659/1363 1938/3665/1363 1932/3653/1363
f 1932/3653/1363 1938/3665/1363 1936/3664/1363 1929/3654/1363
f 1942/3662/1363 1948/3666/1363 1947/3667/1485 1941/3663/1484
f 1940/3534/1363 1943/3544/1363 1946/3668/1363 1939/3659/1363
f 1936/3664/1363 1944/3669/1363 1948/3666/1363 1942/3662/1363
f 1939/3659/1363 1946/3668/1363 1945/3670/1363 1938/3665/1363
f 1938/3665/1363 1945/3670/1363 1944/3669/1363 1936/3664/1363
f 1947/3667/1485 1950/3671/1486 1949/3672/1487 1941/3663/1484
f 1948/3666/1363 1954/3673/1396 1952/3674/1488 1947/3667/1485
f 1943/3544/1363 1953/3552/1396 1951/3675/1396 1946/3668/1363
f 1944/3669/1363 1954/3673/1396 1948/3666/1363
f 1946/3668/1363 1951/3675/1396 1945/3670/1363
f 1945/3670/1363 1951/3675/1396 1954/3673/1396 1944/3669/1363
f 1954/3673/1396 1955/3658/1396 1957/3661/1483 1952/3674/1488
f 1953/3552/1396 1958/3531/1396 1956/3655/1396 1951/3675/1396
f 1951/3675/1396 1956/3655/1396 1955/3658/1396 1954/3673/1396
f 1911/3676/1489 1909/3677/1490 1952/3674/1488 1957/3661/1483
f 1966/3678/1363 1961/3679/1491 1962/3680/1492 1963/3681/1363
f 1965/3682/1493 1959/3683/1494 1960/3684/1491 1964/3685/1363
f 1964/3685/1363 1960/3684/1491 1961/3679/1491 1966/3678/1363
f 1982/3686/1363 1964/3685/1363 1966/3678/1363 1983/3687/1363
f 1986/3688/1493 1965/3682/1493 1964/3685/1363 1982/3686/1363
f 1983/3687/1363 1966/3678/1363 1963/3681/1363 1981/3689/1495
f 1999/3636/1466 2001/3638/1363 1967/3641/1470 1914/3637/1467
f 1989/3690/1496 1990/3691/1497 1917/3692/1498 1968/3693/1499
f 1934/3657/1481 1972/3694/1481 1971/3695/1500 1935/3660/1482
f 1933/3532/1399 1970/3696/1501 1969/3697/1480 1937/3656/1480
f 1937/3656/1480 1969/3697/1480 1972/3694/1481 1934/3657/1481
f 1972/3694/1481 1974/3698/1363 1973/3699/1502 1971/3695/1500
f 1970/3696/1501 1976/3700/1503 1975/3701/1363 1969/3697/1480
f 1969/3697/1480 1975/3701/1363 1974/3698/1363 1972/3694/1481
f 1974/3698/1363 1978/3702/1363 1977/3703/1504 1973/3699/1502
f 1976/3700/1503 1980/3704/1493 1979/3705/1363 1975/3701/1363
f 1975/3701/1363 1979/3705/1363 1978/3702/1363 1974/3698/1363
f 1978/3702/1363 1983/3687/1363 1981/3689/1495 1977/3703/1504
f 1980/3704/1493 1986/3688/1493 1982/3686/1363 1979/3705/1363
f 1979/3705/1363 1982/3686/1363 1983/3687/1363 1978/3702/1363
f 2009/3706/1505 1984/3707/1506 1985/3708/1507 2008/3709/1508
f 1915/3710/1509 1913/3711/1510 1973/3699/1502 1977/3703/1504
f 1971/3695/1500 1988/3712/1511 1987/3713/1512 1935/3660/1482
f 1963/3681/1363 1962/3680/1492 1990/3691/1497 1989/3690/1496
f 1989/3690/1496 1993/3714/1513 1991/3715/1514 1963/3681/1363
f 1963/3681/1363 1991/3715/1514 1992/3716/1515 1981/3689/1495
f 1915/3710/1509 1968/3693/1499 2001/3638/1363 1999/3636/1466
f 1968/3693/1499 1917/3692/1498 2000/3639/1468 2001/3638/1363
f 1913/3711/1510 1915/3710/1509 1999/3636/1466 1998/3634/1464
f 1911/3676/1489 1913/3711/1510 1998/3634/1464 1997/3632/1462
f 1909/3677/1490 1911/3676/1489 1997/3632/1462 1996/3629/1459
f 1905/3620/1452 1909/3677/1490 1996/3629/1459 1995/3625/1456
f 1889/3631/1461 1891/3717/1516 1994/3626/1364 1995/3625/1456
f 1984/3707/1506 2002/3596/1363 2003/3718/1517 1985/3708/1507
f 2002/3596/1363 2004/3598/1437 2005/3719/1518 2003/3718/1517
f 1984/3707/1506 2006/3600/1439 2007/3599/1438 2002/3596/1363
f 2000/3639/1468 2009/3706/1505 2008/3709/1508 1916/3640/1469
f 2010/3601/1440 2014/3720/1519 2013/3721/1520 2012/3602/1363
f 2012/3602/1363 2013/3721/1520 2017/3722/1521 2015/3605/1363
f 2013/3721/1520 2014/3720/1519 2009/3723/1505 2011/3724/1522
f 2015/3605/1363 2017/3722/1521 2019/3725/1523 2018/3609/1445
f 2017/3722/1521 2013/3721/1520 2016/3726/1524
f 2022/3727/1525 2023/3728/1526 2137/3729/1526 2135/3730/1527
f 2025/3731/1528 2024/3732/1526 2023/3728/1526 2022/3727/1525
f 2027/3733/1529 2026/3734/1526 2024/3732/1526 2025/3731/1528
f 2029/3735/1530 2028/3736/1526 2026/3734/1526 2027/3733/1529
f 2033/3737/1531 2032/3738/1526 2028/3736/1526 2029/3735/1530
f 2135/3730/1527 2146/3739/1527 2030/3740/1532 2022/3727/1525
f 2025/3731/1528 2053/3741/1533 2031/3742/1534 2027/3733/1529
f 2117/3743/1535 2116/3744/1526 2032/3738/1526 2033/3737/1531
f 2029/3735/1530 2034/3745/1536 2035/3746/1537 2033/3737/1531
f 2117/3743/1535 2118/3747/1538 2036/3748/1539 2020/3749/1540
f 2118/3747/1538 2119/3750/1541 2038/3751/1542 2036/3748/1539
f 2119/3750/1541 2120/3752/1543 2040/3753/1544 2038/3751/1542
f 2120/3752/1543 2121/3754/1545 2042/3755/1546 2040/3753/1544
f 2123/3756/1527 2122/3757/1547 2044/3758/1548 2089/3759/1549
f 2046/3760/1550 2054/3761/1551 2048/3762/1552 2047/3763/1553
f 2049/3764/1554 2051/3765/1555 2052/3766/1556 2050/3767/1557
f 2051/3765/1555 2030/3740/1532 2055/3768/1527
f 2146/3739/1527 2172/3769/1527 2055/3768/1527 2030/3740/1532
f 2034/3745/1536 2057/3770/1527 2058/3771/1558 2035/3746/1537
f 2053/3741/1533 2052/3766/1556 2059/3772/1527
f 2034/3745/1536 2048/3762/1552 2057/3770/1527
f 2051/3765/1555 2055/3768/1527 2059/3772/1527 2052/3766/1556
f 2054/3761/1551 2056/3773/1527 2057/3770/1527 2048/3762/1552
f 2054/3761/1551 2031/3742/1534 2056/3773/1527
f 2053/3741/1533 2059/3772/1527 2056/3773/1527 2031/3742/1534
f 2079/3774/1559 2063/3775/1560 2060/3776/1561 2078/3777/1559
f 2203/3778/1559 2178/3779/1562 2063/3775/1560 2079/3774/1559
f 2172/3769/1527 2185/3780/1527 2065/3781/1527 2055/3768/1527
f 2078/3777/1559 2060/3776/1561 2061/3782/1563 2080/3783/1564
f 2057/3770/1527 2067/3784/1527 2066/3785/1565 2058/3771/1558
f 2056/3773/1527 2062/3786/1527 2067/3784/1527 2057/3770/1527
f 2055/3768/1527 2065/3781/1527 2064/3787/1527 2059/3772/1527
f 2059/3772/1527 2064/3787/1527 2062/3786/1527 2056/3773/1527
f 2067/3784/1527 2072/3788/1527 2071/3789/1566 2066/3785/1565
f 2185/3780/1527 2188/3790/1527 2070/3791/1527 2065/3781/1527
f 2062/3786/1527 2068/3792/1527 2072/3788/1527 2067/3784/1527
f 2065/3781/1527 2070/3791/1527 2069/3793/1527 2064/3787/1527
f 2064/3787/1527 2069/3793/1527 2068/3792/1527 2062/3786/1527
f 2071/3794/1566 2074/3795/1567 2073/3796/1568 2066/3797/1565
f 2072/3788/1527 2077/3798/1559 2076/3799/1569 2071/3789/1566
f 2188/3790/1527 2198/3800/1559 2075/3801/1559 2070/3791/1527
f 2068/3792/1527 2077/3798/1559 2072/3788/1527
f 2070/3791/1527 2075/3801/1559 2069/3793/1527
f 2069/3793/1527 2075/3801/1559 2077/3798/1559 2068/3792/1527
f 2077/3798/1559 2078/3777/1559 2080/3783/1564 2076/3799/1569
f 2198/3800/1559 2203/3778/1559 2079/3774/1559 2075/3801/1559
f 2075/3801/1559 2079/3774/1559 2078/3777/1559 2077/3798/1559
f 2039/3802/1570 2037/3803/1571 2076/3799/1569 2080/3783/1564
f 2088/3804/1527 2083/3805/1572 2084/3806/1573 2085/3807/1527
f 2087/3808/1574 2081/3809/1575 2082/3810/1572 2086/3811/1527
f 2086/3811/1527 2082/3810/1572 2083/3805/1572 2088/3804/1527
f 2104/3812/1527 2086/3811/1527 2088/3804/1527 2105/3813/1527
f 2108/3814/1574 2087/3808/1574 2086/3811/1527 2104/3812/1527
f 2105/3813/1527 2088/3804/1527 2085/3807/1527 2103/3815/1576
f 2121/3754/1545 2123/3756/1527 2089/3759/1549 2042/3755/1546
f 2111/3816/1577 2112/3817/1578 2045/3818/1579 2090/3819/1580
f 2060/3776/1561 2094/3820/1561 2093/3821/1581 2061/3782/1563
f 2178/3779/1562 2092/3822/1582 2091/3823/1560 2063/3775/1560
f 2063/3775/1560 2091/3823/1560 2094/3820/1561 2060/3776/1561
f 2094/3820/1561 2096/3824/1527 2095/3825/1583 2093/3821/1581
f 2092/3822/1582 2098/3826/1584 2097/3827/1527 2091/3823/1560
f 2091/3823/1560 2097/3827/1527 2096/3824/1527 2094/3820/1561
f 2096/3824/1527 2100/3828/1527 2099/3829/1585 2095/3825/1583
f 2098/3826/1584 2102/3830/1574 2101/3831/1527 2097/3827/1527
f 2097/3827/1527 2101/3831/1527 2100/3828/1527 2096/3824/1527
f 2100/3828/1527 2105/3813/1527 2103/3815/1576 2099/3829/1585
f 2102/3830/1574 2108/3814/1574 2104/3812/1527 2101/3831/1527
f 2101/3831/1527 2104/3812/1527 2105/3813/1527 2100/3828/1527
f 2127/3832/1586 2106/3833/1587 2107/3834/1588 2126/3835/1589
f 2043/3836/1590 2041/3837/1591 2095/3825/1583 2099/3829/1585
f 2093/3821/1581 2110/3838/1592 2109/3839/1593 2061/3782/1563
f 2085/3807/1527 2084/3806/1573 2112/3817/1578 2111/3816/1577
f 2111/3816/1577 2115/3840/1594 2113/3841/1595 2085/3807/1527
f 2085/3807/1527 2113/3841/1595 2114/3842/1596 2103/3815/1576
f 2043/3836/1590 2090/3819/1580 2123/3756/1527 2121/3754/1545
f 2090/3819/1580 2045/3818/1579 2122/3757/1547 2123/3756/1527
f 2041/3837/1591 2043/3836/1590 2121/3754/1545 2120/3752/1543
f 2039/3802/1570 2041/3837/1591 2120/3752/1543 2119/3750/1541
f 2037/3803/1571 2039/3802/1570 2119/3750/1541 2118/3747/1538
f 2033/3737/1531 2037/3803/1571 2118/3747/1538 2117/3743/1535
f 2020/3749/1540 2021/3843/1597 2116/3744/1526 2117/3743/1535
f 2106/3833/1587 2247/3844/1527 2124/3845/1598 2107/3834/1588
f 2247/3844/1527 2249/3846/1599 2125/3847/1600 2124/3845/1598
f 2106/3833/1587 2251/3848/1601 2252/3849/1602 2247/3844/1527
f 2122/3757/1547 2127/3832/1586 2126/3835/1589 2044/3758/1548
f 2255/3850/1603 2130/3851/1604 2129/3852/1605 2257/3853/1527
f 2257/3853/1527 2129/3852/1605 2132/3854/1606 2260/3855/1527
f 2129/3852/1605 2130/3851/1604 2127/3856/1586 2128/3857/1607
f 2260/3855/1527 2132/3854/1606 2133/3858/1608 2263/3859/1609
f 2132/3854/1606 2129/3852/1605 2131/3860/1610
f 2138/3861/1611 2135/3730/1527 2137/3729/1526 2139/3862/1526
f 2141/3863/1612 2138/3861/1611 2139/3862/1526 2140/3864/1526
f 2143/3865/1613 2141/3863/1612 2140/3864/1526 2142/3866/1526
f 2145/3867/1614 2143/3865/1613 2142/3866/1526 2144/3868/1526
f 2150/3869/1615 2145/3867/1614 2144/3868/1526 2149/3870/1526
f 2135/3730/1527 2138/3861/1611 2147/3871/1616 2146/3739/1527
f 2141/3863/1612 2143/3865/1613 2148/3872/1617 2170/3873/1618
f 2240/3874/1619 2150/3869/1615 2149/3870/1526 2239/3875/1526
f 2145/3867/1614 2150/3869/1615 2152/3876/1620 2151/3877/1621
f 2240/3874/1619 2134/3878/1622 2153/3879/1623 2241/3880/1624
f 2241/3880/1624 2153/3879/1623 2155/3881/1625 2242/3882/1626
f 2242/3882/1626 2155/3881/1625 2157/3883/1627 2243/3884/1628
f 2243/3884/1628 2157/3883/1627 2159/3885/1629 2244/3886/1630
f 2246/3887/1527 2212/3888/1631 2161/3889/1632 2245/3890/1633
f 2163/3891/1634 2164/3892/1635 2165/3893/1636 2171/3894/1637
f 2166/3895/1638 2167/3896/1639 2169/3897/1640 2168/3898/1641
f 2168/3898/1641 2173/3899/1527 2147/3871/1616
f 2146/3739/1527 2147/3871/1616 2173/3899/1527 2172/3769/1527
f 2151/3877/1621 2152/3876/1620 2176/3900/1642 2175/3901/1527
f 2170/3873/1618 2177/3902/1527 2169/3897/1640
f 2151/3877/1621 2175/3901/1527 2165/3893/1636
f 2168/3898/1641 2169/3897/1640 2177/3902/1527 2173/3899/1527
f 2171/3894/1637 2165/3893/1636 2175/3901/1527 2174/3903/1527
f 2171/3894/1637 2174/3903/1527 2148/3872/1617
f 2170/3873/1618 2148/3872/1617 2174/3903/1527 2177/3902/1527
f 2201/3904/1559 2200/3905/1559 2179/3906/1643 2182/3907/1644
f 2203/3778/1559 2201/3904/1559 2182/3907/1644 2178/3779/1562
f 2172/3769/1527 2173/3899/1527 2184/3908/1527 2185/3780/1527
f 2200/3905/1559 2202/3909/1645 2180/3910/1646 2179/3906/1643
f 2175/3901/1527 2176/3900/1642 2186/3911/1647 2187/3912/1527
f 2174/3903/1527 2175/3901/1527 2187/3912/1527 2181/3913/1527
f 2173/3899/1527 2177/3902/1527 2183/3914/1527 2184/3908/1527
f 2177/3902/1527 2174/3903/1527 2181/3913/1527 2183/3914/1527
f 2187/3912/1527 2186/3911/1647 2192/3915/1648 2193/3916/1527
f 2185/3780/1527 2184/3908/1527 2191/3917/1527 2188/3790/1527
f 2181/3913/1527 2187/3912/1527 2193/3916/1527 2189/3918/1527
f 2184/3908/1527 2183/3914/1527 2190/3919/1527 2191/3917/1527
f 2183/3914/1527 2181/3913/1527 2189/3918/1527 2190/3919/1527
f 2192/3915/1648 2186/3911/1647 2194/3920/1649 2195/3921/1650
f 2193/3916/1527 2192/3915/1648 2197/3922/1651 2199/3923/1559
f 2188/3790/1527 2191/3917/1527 2196/3924/1559 2198/3800/1559
f 2189/3918/1527 2193/3916/1527 2199/3923/1559
f 2191/3917/1527 2190/3919/1527 2196/3924/1559
f 2190/3919/1527 2189/3918/1527 2199/3923/1559 2196/3924/1559
f 2199/3923/1559 2197/3922/1651 2202/3909/1645 2200/3905/1559
f 2198/3800/1559 2196/3924/1559 2201/3904/1559 2203/3778/1559
f 2196/3924/1559 2199/3923/1559 2200/3905/1559 2201/3904/1559
f 2156/3925/1652 2202/3909/1645 2197/3922/1651 2154/3926/1653
f 2211/3927/1527 2208/3928/1527 2207/3929/1654 2206/3930/1655
f 2210/3931/1656 2209/3932/1527 2205/3933/1655 2204/3934/1657
f 2209/3932/1527 2211/3927/1527 2206/3930/1655 2205/3933/1655
f 2227/3935/1527 2228/3936/1527 2211/3927/1527 2209/3932/1527
f 2231/3937/1656 2227/3935/1527 2209/3932/1527 2210/3931/1656
f 2228/3936/1527 2226/3938/1658 2208/3928/1527 2211/3927/1527
f 2244/3886/1630 2159/3885/1629 2212/3888/1631 2246/3887/1527
f 2234/3939/1659 2213/3940/1660 2162/3941/1661 2235/3942/1662
f 2179/3906/1643 2180/3910/1646 2216/3943/1663 2217/3944/1643
f 2178/3779/1562 2182/3907/1644 2214/3945/1644 2215/3946/1664
f 2182/3907/1644 2179/3906/1643 2217/3944/1643 2214/3945/1644
f 2217/3944/1643 2216/3943/1663 2218/3947/1665 2219/3948/1527
f 2215/3946/1664 2214/3945/1644 2220/3949/1527 2221/3950/1666
f 2214/3945/1644 2217/3944/1643 2219/3948/1527 2220/3949/1527
f 2219/3948/1527 2218/3947/1665 2222/3951/1667 2223/3952/1527
f 2221/3950/1666 2220/3949/1527 2224/3953/1527 2225/3954/1656
f 2220/3949/1527 2219/3948/1527 2223/3952/1527 2224/3953/1527
f 2223/3952/1527 2222/3951/1667 2226/3938/1658 2228/3936/1527
f 2225/3954/1656 2224/3953/1527 2227/3935/1527 2231/3937/1656
f 2224/3953/1527 2223/3952/1527 2228/3936/1527 2227/3935/1527
f 2254/3955/1668 2253/3956/1669 2230/3957/1670 2229/3958/1671
f 2160/3959/1672 2222/3951/1667 2218/3947/1665 2158/3960/1673
f 2216/3943/1663 2180/3910/1646 2232/3961/1674 2233/3962/1675
f 2208/3928/1527 2234/3939/1659 2235/3942/1662 2207/3929/1654
f 2234/3939/1659 2208/3928/1527 2236/3963/1676 2238/3964/1677
f 2208/3928/1527 2226/3938/1658 2237/3965/1678 2236/3963/1676
f 2160/3959/1672 2244/3886/1630 2246/3887/1527 2213/3940/1660
f 2213/3940/1660 2246/3887/1527 2245/3890/1633 2162/3941/1661
f 2158/3960/1673 2243/3884/1628 2244/3886/1630 2160/3959/1672
f 2156/3925/1652 2242/3882/1626 2243/3884/1628 2158/3960/1673
f 2154/3926/1653 2241/3880/1624 2242/3882/1626 2156/3925/1652
f 2150/3869/1615 2240/3874/1619 2241/3880/1624 2154/3926/1653
f 2134/3878/1622 2240/3874/1619 2239/3875/1526 2136/3966/1679
f 2229/3958/1671 2230/3957/1670 2248/3967/1680 2247/3844/1527
f 2247/3844/1527 2248/3967/1680 2250/3968/1681 2249/3846/1599
f 2229/3958/1671 2247/3844/1527 2252/3849/1602 2251/3848/1601
f 2245/3890/1633 2161/3889/1632 2253/3956/1669 2254/3955/1668
f 2255/3850/1603 2257/3853/1527 2258/3969/1682 2259/3970/1683
f 2257/3853/1527 2260/3855/1527 2262/3971/1684 2258/3969/1682
f 2258/3969/1682 2256/3972/1685 2254/3973/1668 2259/3970/1683
f 2260/3855/1527 2263/3859/1609 2264/3974/1686 2262/3971/1684
f 2262/3971/1684 2261/3975/1687 2258/3969/1682
f 1977/3976/1504 2222/3977/1667 2160/3978/1672 1915/3979/1509
f 1826/3980/1403 2071/3981/1566 2076/3982/1569 1831/3983/1406
f 1808/3984/1371 2053/3985/1533 2025/3986/1528 1780/3987/1365
f 1858/3988/1413 2103/3989/1576 2114/3990/1596 1869/3991/1433
f 1912/3992/1465 2157/3993/1627 2155/3994/1625 1910/3995/1463
f 1913/3996/1510 2158/3997/1673 2218/3998/1665 1973/3999/1502
f 2006/4000/1439 2251/4001/1601 2106/4002/1587 1861/4003/1426
f 1787/4004/1364 2032/4005/1526 2116/4006/1526 1871/4007/1364
f 1911/4008/1489 2156/4009/1652 2158/4010/1673 1913/4011/1510
f 1776/4012/1434 2021/4013/1597 2020/4014/1540 1775/4015/1375
f 1988/4016/1511 2233/4017/1675 2232/4018/1674 1987/4019/1512
f 1809/4020/1390 2054/4021/1551 2046/4022/1550 1801/4023/1387
f 1971/4024/1500 2216/4025/1663 2233/4026/1675 1988/4027/1511
f 1799/4028/1385 2044/4029/1548 2126/4030/1589 1881/4031/1424
f 1806/4032/1394 1785/4033/1369 2030/4034/1532 2051/4035/1555
f 1914/4036/1467 2159/4037/1629 2157/3993/1627 1912/3992/1465
f 1987/4038/1512 2232/4039/1674 2180/4040/1646 1935/4041/1482
f 1861/4042/1426 2106/4043/1587 2127/4044/1586 1882/4045/1423
f 1789/4046/1374 1803/4047/1389 2048/4048/1552 2034/4049/1536
f 1871/4007/1364 2116/4006/1526 2021/4050/1597 1776/4051/1434
f 1917/4052/1498 2162/4053/1661 2245/4054/1633 2000/4055/1468
f 1780/4056/1365 2025/4057/1528 2022/4058/1525 1777/4059/1362
f 1962/4060/1492 2207/4061/1654 2235/4062/1662 1990/4063/1497
f 2010/4064/1440 1885/4065/1442 2130/4066/1604 2255/4067/1603
f 1916/4068/1469 2161/4069/1632 2212/4070/1631 1967/4071/1470
f 1892/4072/1364 2137/4073/1526 2023/4074/1526 1778/4075/1364
f 1794/4076/1407 2039/4077/1570 2080/4078/1564 1835/4079/1400
f 1813/4080/1395 2058/4081/1558 2066/4082/1565 1821/4083/1402
f 2003/4084/1517 2248/4085/1680 2230/4086/1670 1985/4087/1507
f 1915/4088/1509 2160/4089/1672 2213/4090/1660 1968/4091/1499
f 1991/4092/1514 2236/4093/1676 2237/4094/1678 1992/4095/1515
f 1831/4096/1406 2076/4097/1569 2037/4098/1571 1792/4099/1408
f 2004/4100/1437 2249/4101/1599 2250/4102/1681 2005/4103/1518
f 1919/4104/1474 2164/4105/1635 2163/4106/1634 1918/4107/1471
f 1778/4075/1364 2023/4074/1526 2024/4108/1526 1779/4109/1364
f 1993/4110/1513 2238/4111/1677 2236/4112/1676 1991/4113/1514
f 1837/4114/1410 2082/4115/1572 2081/4116/1575 1836/4117/1412
f 1882/4118/1423 1883/4119/1444 2128/4120/1607 2127/4121/1586
f 1950/4122/1486 2195/4123/1650 2194/4124/1649 1949/4125/1487
f 2005/4126/1518 2250/4127/1681 2248/4085/1680 2003/4084/1517
f 1920/4128/1473 2165/4129/1636 2164/4130/1635 1919/4131/1474
f 1989/4132/1496 2234/4133/1659 2238/4134/1677 1993/4135/1513
f 1883/4136/1444 1884/4137/1441 2129/4138/1605 2128/4139/1607
f 1947/4140/1485 2192/4141/1648 2195/4142/1650 1950/4143/1486
f 1984/4144/1506 2229/4145/1671 2251/4146/1601 2006/4147/1439
f 1922/4148/1478 2167/4149/1639 2166/4150/1638 1921/4151/1475
f 1847/4152/1419 2092/4153/1582 2178/4154/1562 1933/4155/1399
f 1885/4156/1442 1882/4157/1423 2127/4158/1586 2130/4159/1604
f 1949/4160/1487 2194/4161/1649 2186/4162/1647 1941/4163/1484
f 2008/4164/1508 2253/4165/1669 2161/4069/1632 1916/4068/1469
f 1779/4109/1364 2024/4108/1526 2026/4166/1526 1781/4167/1364
f 1992/4168/1515 2237/4169/1678 2226/4170/1658 1981/4171/1495
f 2009/4172/1505 2254/4173/1668 2229/4174/1671 1984/4175/1506
f 1924/4176/1477 2169/4177/1640 2167/4178/1639 1922/4179/1478
f 1784/4180/1367 2029/4181/1530 2027/4182/1529 1782/4183/1366
f 1994/4184/1364 2239/4185/1526 2149/4186/1526 1904/4187/1364
f 1952/4188/1488 2197/4189/1651 2192/4190/1648 1947/4191/1485
f 1790/4192/1373 2035/4193/1537 2058/4194/1558 1813/4195/1395
f 1921/4196/1475 2166/4197/1638 2168/4198/1641 1923/4199/1476
f 2014/4200/1519 2010/4201/1440 2255/4202/1603 2259/4203/1683
f 1924/4204/1477 1925/4205/1454 2170/4206/1618 2169/4207/1640
f 1781/4167/1364 2026/4166/1526 2028/4208/1526 1783/4209/1364
f 1836/4210/1412 2081/4211/1575 2087/4212/1574 1842/4213/1411
f 1884/4214/1441 1886/4215/1447 2131/4216/1610 2129/4217/1605
f 1903/4218/1455 1926/4219/1472 2171/4220/1637 2148/4221/1617
f 1886/4222/1447 1887/4223/1443 2132/4224/1606 2131/4225/1610
f 2011/4226/1522 2009/4227/1505 2254/4228/1668 2256/4229/1685
f 1839/4230/1409 2084/4231/1573 2083/4232/1572 1838/4233/1410
f 2013/4234/1520 2011/4235/1522 2256/4236/1685 2258/4237/1682
f 1838/4238/1410 2083/4239/1572 2082/4240/1572 1837/4241/1410
f 1896/4242/1449 2141/4243/1612 2170/4244/1618 1925/4245/1454
f 1797/4246/1382 2042/4247/1546 2089/4248/1549 1844/4249/1384
f 1888/4250/1446 2018/4251/1445 2263/4252/1609 2133/4253/1608
f 1957/4254/1483 2202/4255/1645 2156/4256/1652 1911/4257/1489
f 2009/4258/1505 2014/4259/1519 2259/4260/1683 2254/4261/1668
f 1777/4262/1362 2022/4263/1525 2030/4264/1532 1785/4265/1369
f 1909/4266/1490 2154/4267/1653 2197/4268/1651 1952/4269/1488
f 1918/4270/1471 2163/4271/1634 2171/4272/1637 1926/4273/1472
f 1887/4274/1443 1888/4275/1446 2133/4276/1608 2132/4277/1606
f 1959/4278/1494 2204/4279/1657 2205/4280/1655 1960/4281/1491
f 1902/4282/1453 1923/4283/1476 2168/4284/1641 2147/4285/1616
f 1782/4286/1366 2027/4287/1529 2031/4288/1534 1786/4289/1370
f 1866/4290/1414 2111/4291/1577 2090/4292/1580 1845/4293/1415
f 1889/4294/1461 2134/4295/1622 2136/4296/1679 1891/4297/1516
f 2016/4298/1524 2013/4299/1520 2258/4300/1682 2261/4301/1687
f 1882/4302/1423 2127/4303/1586 2122/4304/1547 1877/4305/1386
f 1920/4306/1473 1906/4307/1457 2151/4308/1621 2165/4309/1636
f 1783/4209/1364 2028/4208/1526 2032/4005/1526 1787/4004/1364
f 1800/4310/1416 2045/4311/1579 2112/4312/1578 1867/4313/1417
f 1933/4314/1399 2178/4315/1562 2215/4316/1664 1970/4317/1501
f 2017/4318/1521 2016/4319/1524 2261/4320/1687 2262/4321/1684
f 1891/4322/1516 2136/4323/1679 2239/4185/1526 1994/4184/1364
f 1853/4324/1421 2098/4325/1584 2092/4326/1582 1847/4327/1419
f 1893/4328/1448 2138/4329/1611 2141/4330/1612 1896/4331/1449
f 2018/4332/1445 2019/4333/1523 2264/4334/1686 2263/4335/1609
f 1941/4336/1484 2186/4337/1647 2176/4338/1642 1931/4339/1479
f 1894/4340/1364 2139/4341/1526 2137/4073/1526 1892/4072/1364
f 2019/4342/1523 2017/4343/1521 2262/4344/1684 2264/4345/1686
f 1788/4346/1368 2033/4347/1531 2035/4348/1537 1790/4349/1373
f 1965/4350/1493 2210/4351/1656 2204/4352/1657 1959/4353/1494
f 1835/4354/1400 2080/4355/1564 2061/4356/1563 1816/4357/1401
f 1789/4358/1374 2034/4359/1536 2029/4360/1530 1784/4361/1367
f 1848/4362/1418 2093/4363/1581 2095/4364/1583 1850/4365/1420
f 1895/4366/1364 2140/4367/1526 2139/4341/1526 1894/4340/1364
f 1961/4368/1491 2206/4369/1655 2207/4370/1654 1962/4371/1492
f 1775/4015/1375 2020/4014/1540 2036/4372/1539 1791/4373/1376
f 1960/4374/1491 2205/4375/1655 2206/4376/1655 1961/4377/1491
f 1857/4378/1411 2102/4379/1574 2098/4380/1584 1853/4381/1421
f 1967/4071/1470 2212/4070/1631 2159/4037/1629 1914/4036/1467
f 1931/4382/1479 2176/4383/1642 2152/4384/1620 1907/4385/1458
f 1792/4386/1408 2037/4387/1571 2033/4388/1531 1788/4389/1368
f 1897/4390/1364 2142/4391/1526 2140/4367/1526 1895/4366/1364
f 1898/4392/1450 2143/4393/1613 2145/4394/1614 1900/4395/1451
f 1791/4373/1376 2036/4372/1539 2038/4396/1542 1793/4397/1378
f 1968/4398/1499 2213/4399/1660 2234/4400/1659 1989/4401/1496
f 2000/4402/1468 2245/4403/1633 2254/4404/1668 2009/4405/1505
f 1863/4406/1411 2108/4407/1574 2102/4408/1574 1857/4409/1411
f 1899/4410/1364 2144/4411/1526 2142/4391/1526 1897/4390/1364
f 1990/4412/1497 2235/4413/1662 2162/4414/1661 1917/4415/1498
f 1793/4397/1378 2038/4396/1542 2040/4416/1544 1795/4417/1380
f 1854/4418/1422 2099/4419/1585 2103/4420/1576 1858/4421/1413
f 1970/4422/1501 2215/4423/1664 2221/4424/1666 1976/4425/1503
f 1796/4426/1428 2041/4427/1591 2039/4428/1570 1794/4429/1407
f 1842/4430/1411 2087/4431/1574 2108/4432/1574 1863/4433/1411
f 1902/4434/1453 2147/4435/1616 2138/4436/1611 1893/4437/1448
f 1795/4417/1380 2040/4416/1544 2042/4247/1546 1797/4246/1382
f 1903/4438/1455 2148/4439/1617 2143/4440/1613 1898/4441/1450
f 1973/4442/1502 2218/4443/1665 2216/4444/1663 1971/4445/1500
f 1881/4031/1424 2126/4030/1589 2107/4446/1588 1862/4447/1425
f 1904/4187/1364 2149/4186/1526 2144/4411/1526 1899/4410/1364
f 1877/4448/1386 2122/4449/1547 2045/4450/1579 1800/4451/1416
f 1798/4452/1427 2043/4453/1590 2099/4454/1585 1854/4455/1422
f 1976/4456/1503 2221/4457/1666 2225/4458/1656 1980/4459/1493
f 1935/4460/1482 2180/4461/1646 2202/4462/1645 1957/4463/1483
f 1844/4249/1384 2089/4248/1549 2044/4029/1548 1799/4028/1385
f 1850/4464/1420 2095/4465/1583 2041/4466/1591 1796/4467/1428
f 1845/4468/1415 2090/4469/1580 2043/4470/1590 1798/4471/1427
f 1864/4472/1429 2109/4473/1593 2110/4474/1592 1865/4475/1430
f 1801/4476/1387 2046/4477/1550 2047/4478/1553 1802/4479/1388
f 1865/4480/1430 2110/4481/1592 2093/4482/1581 1848/4483/1418
f 1907/4484/1458 2152/4485/1620 2150/4486/1615 1905/4487/1452
f 1802/4488/1388 2047/4489/1553 2048/4490/1552 1803/4491/1389
f 1816/4492/1401 2061/4493/1563 2109/4494/1593 1864/4495/1429
f 1900/4496/1451 2145/4497/1614 2151/4498/1621 1906/4499/1457
f 1980/4500/1493 2225/4501/1656 2231/4502/1656 1986/4503/1493
f 1804/4504/1391 2049/4505/1554 2050/4506/1557 1805/4507/1392
f 1867/4508/1417 2112/4509/1578 2084/4510/1573 1839/4511/1409
f 1908/4512/1460 2153/4513/1623 2134/4295/1622 1889/4294/1461
f 1981/4514/1495 2226/4515/1658 2222/4516/1667 1977/4517/1504
f 1805/4518/1392 2050/4519/1557 2052/4520/1556 1807/4521/1393
f 1905/4522/1452 2150/4523/1615 2154/4524/1653 1909/4525/1490
f 1828/4526/1404 2073/4527/1568 2074/4528/1567 1829/4529/1405
f 1862/4447/1425 2107/4446/1588 2124/4530/1598 1879/4531/1435
f 1806/4532/1394 2051/4533/1555 2049/4534/1554 1804/4535/1391
f 1869/4536/1433 2114/4537/1596 2113/4538/1595 1868/4539/1431
f 1986/4540/1493 2231/4541/1656 2210/4542/1656 1965/4543/1493
f 1829/4544/1405 2074/4545/1567 2071/4546/1566 1826/4547/1403
f 1880/4548/1436 2125/4549/1600 2249/4550/1599 2004/4551/1437
f 1808/4552/1371 1807/4553/1393 2052/4554/1556 2053/4555/1533
f 1868/4556/1431 2113/4557/1595 2115/4558/1594 1870/4559/1432
f 1910/3995/1463 2155/3994/1625 2153/4513/1623 1908/4512/1460
f 1821/4560/1402 2066/4561/1565 2073/4562/1568 1828/4563/1404
f 1809/4564/1390 1786/4565/1370 2031/4566/1534 2054/4567/1551
f 1870/4568/1432 2115/4569/1594 2111/4570/1577 1866/4571/1414
f 1985/4087/1507 2230/4086/1670 2253/4165/1669 2008/4164/1508
f 1879/4531/1435 2124/4530/1598 2125/4572/1600 1880/4573/1436
